# Blender v3.6.0 OBJ File: 'AllModules_Unreal.blend'
# www.blender.org
mtllib Platform_Padded.mtl
o Platform_Padded_Plane.046
v -1.000378 0.000000 0.999974
v -0.981131 0.000000 1.961504
v -0.000379 -0.000000 0.999974
v -0.000379 -0.000000 1.961504
v -1.962254 0.000000 0.980726
v -1.962255 0.000000 1.961504
v -0.112653 -0.000000 1.769501
v -0.802597 -0.000000 1.089872
v -0.112652 -0.000000 1.094944
v -0.202144 -0.000000 1.908975
v -0.886314 -0.000000 1.896295
v -0.906522 -0.000000 1.221740
v -1.766787 0.000000 1.903902
v -1.108597 0.000000 1.914045
v -1.091276 0.000000 1.211594
v -1.203860 0.000000 1.094942
v -1.888031 0.000000 1.100013
v -1.908239 0.000000 1.805000
v -1.189427 0.000000 0.909819
v -1.896692 0.000000 0.902212
v -1.908239 0.000000 0.202297
v -1.102823 0.000000 0.788096
v -1.795655 0.000000 0.100860
v -1.117257 0.000000 0.105933
v -0.796823 -0.000000 0.909819
v -0.101105 -0.000000 0.197226
v -0.101105 -0.000000 0.902213
v -0.912295 -0.000000 0.803311
v -0.903634 -0.000000 0.098325
v -0.202142 -0.000000 0.085645
v -0.347347 0.066968 0.671586
v -0.688553 0.066968 0.303162
v -1.307346 0.066968 0.345400
v -1.643541 0.066968 0.716282
v -1.685240 0.066968 1.343577
v -1.343832 0.066968 1.700722
v -0.694899 0.066968 1.712170
v -0.353492 0.066968 1.327551
v 0.999622 -0.000001 0.999974
v 0.980374 -0.000001 1.961505
v 1.961497 -0.000001 0.980727
v 1.961497 -0.000001 1.961505
v -0.000378 -0.000000 -0.000013
v 1.887347 -0.000001 1.769501
v 1.197403 -0.000001 1.089872
v 1.887348 -0.000001 1.094944
v 1.797856 -0.000001 1.908975
v 1.113686 -0.000001 1.896296
v 1.093478 -0.000001 1.221740
v 0.233213 -0.000001 1.903902
v 0.891403 -0.000001 1.914045
v 0.908724 -0.000001 1.211595
v 0.796140 -0.000001 1.094942
v 0.111968 -0.000001 1.100014
v 0.091761 -0.000001 1.805000
v 0.810573 -0.000001 0.909820
v 0.103308 -0.000001 0.902212
v 0.091761 -0.000001 0.202297
v 0.897177 -0.000001 0.788097
v 0.204345 -0.000001 0.100861
v 0.882743 -0.000001 0.105933
v 1.203177 -0.000001 0.909820
v 1.898896 -0.000001 0.197226
v 1.898895 -0.000001 0.902213
v 1.096366 -0.000001 0.098325
v 1.797857 -0.000001 0.085645
v 1.087705 -0.000001 0.803311
v 1.652653 0.066967 0.671586
v 1.311447 0.066967 0.303163
v 0.692654 0.066967 0.345400
v 0.356459 0.066967 0.716282
v 0.314760 0.066967 1.343577
v 0.656167 0.066967 1.700723
v 1.305101 0.066967 1.712170
v 1.646508 0.066967 1.327551
v 0.999622 -0.000001 -1.000025
v 0.999622 -0.000001 -0.000000
v 1.961497 -0.000001 -0.980777
v 1.961497 -0.000001 -0.000000
v -0.000378 -0.000000 -1.000026
v 1.887348 -0.000001 -0.230499
v 1.197404 -0.000001 -0.910128
v 1.887348 -0.000001 -0.905056
v 1.797857 -0.000001 -0.091025
v 1.113686 -0.000001 -0.103705
v 1.093479 -0.000001 -0.778260
v 0.233214 -0.000001 -0.096098
v 0.891403 -0.000001 -0.085954
v 0.908724 -0.000001 -0.788405
v 0.796140 -0.000001 -0.905058
v 0.111969 -0.000001 -0.899986
v 0.091761 -0.000001 -0.194999
v 0.810574 -0.000001 -1.090181
v 0.103308 -0.000001 -1.097788
v 0.091761 -0.000001 -1.797703
v 0.897177 -0.000001 -1.211904
v 0.204346 -0.000001 -1.899139
v 0.882743 -0.000001 -1.894067
v 1.203178 -0.000001 -1.090180
v 1.898896 -0.000001 -1.802774
v 1.898896 -0.000001 -1.097787
v 1.096366 -0.000001 -1.901675
v 1.087706 -0.000001 -1.196689
v 1.797858 -0.000001 -1.914355
v 1.652654 0.066967 -1.328413
v 1.311447 0.066967 -1.696838
v 0.692654 0.066967 -1.654600
v 0.356460 0.066967 -1.283718
v 0.314761 0.066967 -0.656422
v 0.656168 0.066967 -0.299277
v 1.305101 0.066967 -0.287830
v 1.646508 0.066967 -0.672449
v -1.000378 0.000000 -1.000026
v -1.000378 0.000000 -0.000000
v -1.962254 0.000000 -0.980778
v -1.962254 0.000000 -0.000001
v -0.112652 -0.000000 -0.230500
v -0.802596 -0.000000 -0.910128
v -0.112652 -0.000000 -0.905056
v -0.202143 -0.000000 -0.091025
v -0.886314 -0.000000 -0.103705
v -0.906521 -0.000000 -0.778260
v -1.766786 0.000000 -0.096098
v -1.108597 0.000000 -0.085955
v -1.091276 0.000000 -0.788405
v -1.203860 0.000000 -0.905058
v -1.888031 0.000000 -0.899986
v -1.908239 0.000000 -0.195000
v -1.189427 0.000000 -1.090181
v -1.896692 0.000000 -1.097788
v -1.908238 0.000000 -1.797703
v -1.102823 0.000000 -1.211904
v -1.795654 0.000000 -1.899139
v -1.117257 0.000000 -1.894067
v -0.796822 -0.000000 -1.090180
v -0.101104 -0.000000 -1.802775
v -0.101104 -0.000000 -1.097787
v -0.912294 -0.000000 -1.196689
v -0.903634 -0.000000 -1.901676
v -0.202142 -0.000000 -1.914355
v -0.347346 0.066968 -1.328414
v -0.688553 0.066968 -1.696838
v -1.307346 0.066968 -1.654600
v -1.643540 0.066968 -1.283718
v -1.685239 0.066968 -0.656423
v -1.343832 0.066968 -0.299278
v -0.694899 0.066968 -0.287830
v -0.353492 0.066968 -0.672449
v 0.980374 -0.000001 -1.961505
v 1.961498 -0.000001 -1.961505
v -0.000378 -0.000000 -1.961505
v -0.981130 0.000000 -1.961505
v -1.962254 0.000000 -1.961505
v -1.999688 0.019676 -0.000001
v -1.999689 0.019675 2.000000
v -0.999844 0.019675 -0.000000
v -1.999688 0.019676 1.002357
v -1.999688 0.019676 0.986968
v -0.999845 0.019675 2.000000
v -0.999844 0.019675 0.994662
v -1.950120 0.019676 0.868257
v -1.879403 0.019676 0.939151
v -1.947711 0.019676 0.886606
v -1.940646 0.019676 0.903704
v -1.929408 0.019676 0.918387
v -1.914761 0.019676 0.929653
v -1.897706 0.019675 0.936736
v -1.206169 0.019675 0.939151
v -1.184813 0.019675 0.867930
v -1.184675 0.019675 0.936724
v -1.169487 0.019675 0.929609
v -1.161641 0.019675 0.918291
v -1.161670 0.019675 0.903541
v -1.169574 0.019675 0.886364
v -1.879077 0.019676 0.171934
v -1.950120 0.019676 0.193343
v -1.897464 0.019676 0.156657
v -1.914599 0.019676 0.148734
v -1.929312 0.019676 0.148704
v -1.940602 0.019676 0.156570
v -1.947699 0.019676 0.171796
v -1.950121 0.019675 1.795982
v -1.879077 0.019675 1.817390
v -1.947700 0.019675 1.817529
v -1.940602 0.019675 1.832754
v -1.929313 0.019675 1.840620
v -1.914599 0.019675 1.840590
v -1.897465 0.019675 1.832668
v -1.184813 0.019675 1.121394
v -1.206169 0.019675 1.050173
v -1.169574 0.019675 1.102961
v -1.161670 0.019675 1.085784
v -1.161641 0.019675 1.071033
v -1.169488 0.019675 1.059715
v -1.184675 0.019675 1.052600
v -1.879403 0.019676 1.050173
v -1.950121 0.019676 1.121068
v -1.897706 0.019676 1.052589
v -1.914762 0.019676 1.059671
v -1.929408 0.019676 1.070938
v -1.940646 0.019676 1.085621
v -1.947711 0.019676 1.102719
v -1.802348 0.019676 0.045203
v -1.823704 0.019676 0.116423
v -1.823843 0.019676 0.047630
v -1.839030 0.019676 0.054744
v -1.846876 0.019676 0.066062
v -1.846847 0.019676 0.080813
v -1.838943 0.019676 0.097991
v -1.129440 0.019675 0.812419
v -1.058397 0.019675 0.791010
v -1.111053 0.019675 0.827696
v -1.093919 0.019675 0.835619
v -1.079205 0.019675 0.835649
v -1.067915 0.019675 0.827783
v -1.060817 0.019675 0.812558
v -1.058397 0.019675 0.116097
v -1.129115 0.019675 0.045203
v -1.060806 0.019675 0.097748
v -1.067871 0.019675 0.080650
v -1.079109 0.019675 0.065967
v -1.093756 0.019675 0.054701
v -1.110811 0.019675 0.047618
v -1.058397 0.019675 1.198314
v -1.129440 0.019675 1.176905
v -1.060818 0.019675 1.176766
v -1.067915 0.019675 1.161541
v -1.079205 0.019675 1.153674
v -1.093919 0.019675 1.153705
v -1.111053 0.019675 1.161628
v -1.823704 0.019675 1.872901
v -1.802348 0.019675 1.944122
v -1.838943 0.019675 1.891335
v -1.846847 0.019675 1.908511
v -1.846877 0.019675 1.923262
v -1.839030 0.019675 1.934580
v -1.823842 0.019675 1.941695
v -1.129115 0.019675 1.944122
v -1.058397 0.019675 1.873228
v -1.110811 0.019675 1.941707
v -1.093756 0.019675 1.934624
v -1.079110 0.019675 1.923357
v -1.067871 0.019675 1.908675
v -1.060807 0.019675 1.891576
v -2.000003 -0.044447 2.000000
v -2.000003 -0.044447 1.002357
v -2.000003 -0.044447 0.986968
v -0.999845 -0.044448 2.000000
v -2.000003 -0.044447 -0.000001
v -1.949917 -0.044447 0.868257
v -1.879231 -0.044447 0.939152
v -1.947509 -0.044447 0.886606
v -1.940447 -0.044447 0.903704
v -1.929214 -0.044447 0.918387
v -1.914574 -0.044447 0.929653
v -1.897526 -0.044447 0.936736
v -1.206301 -0.044447 0.939152
v -1.184955 -0.044448 0.867930
v -1.184816 -0.044448 0.936724
v -1.169635 -0.044448 0.929610
v -1.161792 -0.044448 0.918291
v -1.161822 -0.044448 0.903541
v -1.169722 -0.044448 0.886364
v -1.878905 -0.044447 0.171934
v -1.949917 -0.044447 0.193343
v -1.897285 -0.044447 0.156657
v -1.914412 -0.044447 0.148734
v -1.929118 -0.044447 0.148704
v -1.940403 -0.044447 0.156570
v -1.947497 -0.044447 0.171796
v -1.949917 -0.044447 1.795982
v -1.878906 -0.044447 1.817390
v -1.947497 -0.044447 1.817529
v -1.940403 -0.044447 1.832755
v -1.929119 -0.044447 1.840620
v -1.914411 -0.044447 1.840591
v -1.897285 -0.044447 1.832668
v -1.184955 -0.044448 1.121394
v -1.206301 -0.044447 1.050173
v -1.169722 -0.044448 1.102961
v -1.161822 -0.044448 1.085784
v -1.161792 -0.044448 1.071033
v -1.169636 -0.044448 1.059715
v -1.184816 -0.044448 1.052600
v -1.879232 -0.044447 1.050173
v -1.949917 -0.044447 1.121068
v -1.897526 -0.044447 1.052589
v -1.914574 -0.044447 1.059671
v -1.929214 -0.044447 1.070938
v -1.940447 -0.044447 1.085621
v -1.947508 -0.044447 1.102719
v -1.802212 -0.044447 0.045203
v -1.823557 -0.044447 0.116423
v -1.823696 -0.044447 0.047630
v -1.838877 -0.044447 0.054744
v -1.846720 -0.044447 0.066062
v -1.846690 -0.044447 0.080813
v -1.838790 -0.044447 0.097991
v -1.129607 -0.044448 0.812419
v -1.058595 -0.044448 0.791010
v -1.111228 -0.044448 0.827696
v -1.094101 -0.044448 0.835619
v -1.079394 -0.044448 0.835649
v -1.068109 -0.044448 0.827783
v -1.061014 -0.044448 0.812557
v -1.058595 -0.044448 0.116097
v -1.129281 -0.044448 0.045203
v -1.061003 -0.044448 0.097748
v -1.068065 -0.044448 0.080650
v -1.079298 -0.044448 0.065967
v -1.093938 -0.044448 0.054701
v -1.110986 -0.044448 0.047618
v -1.058596 -0.044448 1.198314
v -1.129607 -0.044448 1.176905
v -1.061015 -0.044448 1.176766
v -1.068109 -0.044448 1.161541
v -1.079394 -0.044448 1.153675
v -1.094101 -0.044448 1.153705
v -1.111228 -0.044448 1.161628
v -1.823558 -0.044447 1.872902
v -1.802212 -0.044447 1.944123
v -1.838790 -0.044447 1.891335
v -1.846690 -0.044447 1.908512
v -1.846720 -0.044447 1.923262
v -1.838877 -0.044447 1.934581
v -1.823696 -0.044447 1.941695
v -1.129281 -0.044448 1.944122
v -1.058596 -0.044448 1.873228
v -1.110986 -0.044448 1.941707
v -1.093938 -0.044448 1.934624
v -1.079299 -0.044448 1.923358
v -1.068066 -0.044448 1.908675
v -1.061004 -0.044448 1.891577
v -1.999687 0.019676 -2.000000
v -1.999687 0.019676 -1.002359
v -1.999687 0.019676 -0.986969
v -0.999843 0.019676 -2.000000
v -0.999844 0.019676 -0.994663
v -1.950119 0.019676 -0.868259
v -1.879401 0.019676 -0.939153
v -1.947710 0.019676 -0.886607
v -1.940645 0.019676 -0.903706
v -1.929407 0.019676 -0.918389
v -1.914761 0.019676 -0.929655
v -1.897705 0.019676 -0.936737
v -1.206168 0.019675 -0.939152
v -1.184812 0.019675 -0.867932
v -1.184674 0.019675 -0.936726
v -1.169486 0.019675 -0.929611
v -1.161640 0.019675 -0.918292
v -1.161669 0.019675 -0.903542
v -1.169573 0.019675 -0.886365
v -1.879076 0.019676 -0.171936
v -1.950120 0.019676 -0.193345
v -1.897464 0.019676 -0.156659
v -1.914599 0.019676 -0.148736
v -1.929312 0.019676 -0.148706
v -1.940602 0.019676 -0.156572
v -1.947699 0.019676 -0.171797
v -1.950119 0.019676 -1.795983
v -1.879075 0.019676 -1.817391
v -1.947698 0.019676 -1.817530
v -1.940601 0.019676 -1.832756
v -1.929311 0.019676 -1.840622
v -1.914597 0.019676 -1.840592
v -1.897463 0.019676 -1.832669
v -1.184812 0.019675 -1.121395
v -1.206168 0.019675 -1.050174
v -1.169573 0.019675 -1.102962
v -1.161669 0.019676 -1.085785
v -1.161640 0.019675 -1.071034
v -1.169487 0.019676 -1.059716
v -1.184674 0.019675 -1.052601
v -1.879402 0.019676 -1.050175
v -1.950119 0.019676 -1.121069
v -1.897704 0.019676 -1.052591
v -1.914760 0.019676 -1.059673
v -1.929407 0.019676 -1.070939
v -1.940645 0.019676 -1.085622
v -1.947709 0.019676 -1.102720
v -1.802348 0.019676 -0.045204
v -1.823704 0.019676 -0.116425
v -1.823843 0.019676 -0.047631
v -1.839030 0.019676 -0.054746
v -1.846876 0.019676 -0.066064
v -1.846847 0.019676 -0.080814
v -1.838943 0.019676 -0.097991
v -1.129440 0.019675 -0.812420
v -1.058396 0.019676 -0.791011
v -1.111052 0.019675 -0.827697
v -1.093918 0.019675 -0.835621
v -1.079204 0.019675 -0.835650
v -1.067914 0.019675 -0.827784
v -1.060817 0.019676 -0.812559
v -1.058397 0.019675 -0.116098
v -1.129115 0.019675 -0.045203
v -1.060806 0.019675 -0.097749
v -1.067871 0.019675 -0.080651
v -1.079109 0.019675 -0.065968
v -1.093756 0.019675 -0.054701
v -1.110811 0.019675 -0.047619
v -1.058396 0.019676 -1.198315
v -1.129439 0.019676 -1.176906
v -1.060816 0.019676 -1.176767
v -1.067914 0.019675 -1.161542
v -1.079204 0.019676 -1.153675
v -1.093917 0.019676 -1.153705
v -1.111052 0.019676 -1.161629
v -1.823702 0.019676 -1.872902
v -1.802346 0.019676 -1.944124
v -1.838941 0.019676 -1.891336
v -1.846845 0.019676 -1.908513
v -1.846875 0.019676 -1.923264
v -1.839028 0.019676 -1.934582
v -1.823840 0.019676 -1.941697
v -1.129113 0.019676 -1.944123
v -1.058395 0.019676 -1.873229
v -1.110809 0.019676 -1.941707
v -1.093754 0.019676 -1.934624
v -1.079107 0.019676 -1.923358
v -1.067869 0.019676 -1.908676
v -1.060804 0.019676 -1.891577
v -2.000002 -0.044447 -2.000000
v -2.000002 -0.044447 -1.002359
v -2.000002 -0.044447 -0.986969
v -0.999843 -0.044448 -2.000000
v -1.949916 -0.044447 -0.868259
v -1.879230 -0.044447 -0.939153
v -1.947508 -0.044447 -0.886607
v -1.940446 -0.044447 -0.903706
v -1.929213 -0.044447 -0.918389
v -1.914573 -0.044447 -0.929655
v -1.897525 -0.044447 -0.936737
v -1.206300 -0.044447 -0.939152
v -1.184954 -0.044448 -0.867932
v -1.184816 -0.044448 -0.936726
v -1.169635 -0.044448 -0.929611
v -1.161792 -0.044448 -0.918292
v -1.161821 -0.044448 -0.903542
v -1.169721 -0.044448 -0.886365
v -1.878905 -0.044447 -0.171936
v -1.949917 -0.044447 -0.193345
v -1.897285 -0.044447 -0.156659
v -1.914411 -0.044447 -0.148736
v -1.929118 -0.044447 -0.148706
v -1.940403 -0.044447 -0.156572
v -1.947497 -0.044447 -0.171797
v -1.949915 -0.044447 -1.795983
v -1.878904 -0.044447 -1.817392
v -1.947495 -0.044447 -1.817531
v -1.940401 -0.044447 -1.832756
v -1.929117 -0.044447 -1.840622
v -1.914409 -0.044447 -1.840593
v -1.897283 -0.044447 -1.832669
v -1.184954 -0.044448 -1.121395
v -1.206300 -0.044447 -1.050174
v -1.169721 -0.044448 -1.102962
v -1.161821 -0.044448 -1.085785
v -1.161791 -0.044448 -1.071034
v -1.169635 -0.044448 -1.059716
v -1.184815 -0.044448 -1.052601
v -1.879230 -0.044447 -1.050175
v -1.949916 -0.044447 -1.121069
v -1.897525 -0.044447 -1.052591
v -1.914573 -0.044447 -1.059673
v -1.929213 -0.044447 -1.070940
v -1.940446 -0.044447 -1.085622
v -1.947508 -0.044447 -1.102720
v -1.802212 -0.044447 -0.045204
v -1.823557 -0.044447 -0.116425
v -1.823696 -0.044447 -0.047631
v -1.838877 -0.044447 -0.054746
v -1.846720 -0.044447 -0.066064
v -1.846690 -0.044447 -0.080815
v -1.838790 -0.044447 -0.097991
v -1.129606 -0.044448 -0.812420
v -1.058595 -0.044448 -0.791011
v -1.111227 -0.044448 -0.827697
v -1.094100 -0.044448 -0.835621
v -1.079393 -0.044448 -0.835650
v -1.068108 -0.044448 -0.827784
v -1.061014 -0.044448 -0.812559
v -1.058595 -0.044448 -0.116098
v -1.129281 -0.044448 -0.045203
v -1.061004 -0.044448 -0.097749
v -1.068065 -0.044448 -0.080651
v -1.079298 -0.044448 -0.065968
v -1.093938 -0.044448 -0.054701
v -1.110986 -0.044448 -0.047619
v -1.058594 -0.044448 -1.198315
v -1.129606 -0.044448 -1.176906
v -1.061014 -0.044448 -1.176767
v -1.068108 -0.044448 -1.161542
v -1.079393 -0.044448 -1.153676
v -1.094100 -0.044448 -1.153706
v -1.111227 -0.044448 -1.161629
v -1.823556 -0.044447 -1.872903
v -1.802209 -0.044447 -1.944124
v -1.838788 -0.044447 -1.891337
v -1.846688 -0.044447 -1.908513
v -1.846717 -0.044447 -1.923264
v -1.838875 -0.044447 -1.934582
v -1.823694 -0.044447 -1.941697
v -1.129279 -0.044448 -1.944123
v -1.058594 -0.044448 -1.873229
v -1.110984 -0.044448 -1.941707
v -1.093937 -0.044448 -1.934625
v -1.079296 -0.044448 -1.923359
v -1.068063 -0.044448 -1.908676
v -1.061002 -0.044448 -1.891578
v 0.000000 0.019674 2.000000
v 0.000000 0.019675 1.002357
v 0.000000 0.019675 0.986969
v -0.049568 0.019675 0.868258
v -0.120286 0.019675 0.939151
v -0.051977 0.019675 0.886606
v -0.059042 0.019675 0.903705
v -0.070281 0.019675 0.918387
v -0.084927 0.019675 0.929654
v -0.101982 0.019674 0.936736
v -0.793519 0.019675 0.939151
v -0.814875 0.019675 0.867931
v -0.815014 0.019675 0.936725
v -0.830201 0.019675 0.929610
v -0.838048 0.019675 0.918291
v -0.838018 0.019675 0.903541
v -0.830115 0.019675 0.886364
v -0.120611 0.019675 0.171935
v -0.049568 0.019675 0.193344
v -0.102224 0.019675 0.156658
v -0.085089 0.019675 0.148735
v -0.070376 0.019675 0.148705
v -0.059085 0.019675 0.156571
v -0.051988 0.019675 0.171796
v -0.049568 0.019674 1.795982
v -0.120612 0.019674 1.817390
v -0.051989 0.019674 1.817530
v -0.059086 0.019674 1.832755
v -0.070377 0.019674 1.840621
v -0.085091 0.019674 1.840591
v -0.102225 0.019674 1.832668
v -0.814875 0.019675 1.121394
v -0.793519 0.019675 1.050174
v -0.830115 0.019675 1.102961
v -0.838018 0.019675 1.085784
v -0.838048 0.019675 1.071033
v -0.830201 0.019675 1.059715
v -0.815014 0.019675 1.052600
v -0.120286 0.019675 1.050174
v -0.049568 0.019675 1.121068
v -0.101982 0.019675 1.052589
v -0.084927 0.019675 1.059671
v -0.070281 0.019675 1.070939
v -0.059042 0.019675 1.085621
v -0.051978 0.019675 1.102719
v -0.197340 0.019675 0.045204
v -0.175984 0.019675 0.116424
v -0.175845 0.019675 0.047630
v -0.160658 0.019675 0.054745
v -0.152812 0.019675 0.066063
v -0.152842 0.019675 0.080814
v -0.160745 0.019675 0.097991
v -0.870248 0.019675 0.812419
v -0.941291 0.019675 0.791010
v -0.888635 0.019675 0.827696
v -0.905770 0.019675 0.835619
v -0.920483 0.019675 0.835649
v -0.931774 0.019675 0.827783
v -0.938871 0.019675 0.812558
v -0.941291 0.019675 0.116097
v -0.870573 0.019675 0.045203
v -0.938882 0.019675 0.097748
v -0.931817 0.019675 0.080650
v -0.920579 0.019675 0.065967
v -0.905932 0.019675 0.054701
v -0.888877 0.019675 0.047618
v -0.941291 0.019675 1.198314
v -0.870248 0.019675 1.176905
v -0.938871 0.019675 1.176766
v -0.931774 0.019675 1.161541
v -0.920483 0.019675 1.153675
v -0.905770 0.019675 1.153705
v -0.888636 0.019675 1.161628
v -0.175985 0.019674 1.872902
v -0.197341 0.019674 1.944123
v -0.160746 0.019674 1.891335
v -0.152843 0.019674 1.908512
v -0.152813 0.019674 1.923263
v -0.160659 0.019674 1.934581
v -0.175847 0.019674 1.941696
v -0.870575 0.019675 1.944122
v -0.941292 0.019675 1.873228
v -0.888878 0.019675 1.941707
v -0.905933 0.019675 1.934624
v -0.920580 0.019675 1.923357
v -0.931818 0.019675 1.908675
v -0.938882 0.019675 1.891576
v -0.000000 -0.044448 2.000000
v -0.049772 -0.044448 0.868258
v -0.120458 -0.044448 0.939152
v -0.052180 -0.044448 0.886606
v -0.059242 -0.044448 0.903705
v -0.070474 -0.044448 0.918387
v -0.085114 -0.044448 0.929654
v -0.102163 -0.044448 0.936737
v -0.793388 -0.044448 0.939152
v -0.814734 -0.044448 0.867931
v -0.814872 -0.044448 0.936725
v -0.830053 -0.044448 0.929610
v -0.837896 -0.044448 0.918291
v -0.837867 -0.044448 0.903541
v -0.829966 -0.044448 0.886364
v -0.120782 -0.044448 0.171935
v -0.049771 -0.044448 0.193344
v -0.102403 -0.044448 0.156658
v -0.085276 -0.044448 0.148735
v -0.070570 -0.044448 0.148705
v -0.059285 -0.044448 0.156571
v -0.052191 -0.044448 0.171796
v -0.049772 -0.044448 1.795982
v -0.120783 -0.044448 1.817390
v -0.052192 -0.044448 1.817530
v -0.059286 -0.044448 1.832755
v -0.070571 -0.044448 1.840621
v -0.085278 -0.044448 1.840591
v -0.102404 -0.044448 1.832668
v -0.814734 -0.044448 1.121394
v -0.793388 -0.044448 1.050174
v -0.829966 -0.044448 1.102961
v -0.837867 -0.044448 1.085784
v -0.837896 -0.044448 1.071033
v -0.830052 -0.044448 1.059715
v -0.814872 -0.044448 1.052600
v -0.120457 -0.044448 1.050174
v -0.049772 -0.044448 1.121068
v -0.102163 -0.044448 1.052589
v -0.085114 -0.044448 1.059672
v -0.070475 -0.044448 1.070939
v -0.059242 -0.044448 1.085621
v -0.052180 -0.044448 1.102719
v -0.197476 -0.044448 0.045204
v -0.176131 -0.044448 0.116424
v -0.175992 -0.044448 0.047630
v -0.160811 -0.044448 0.054745
v -0.152968 -0.044448 0.066063
v -0.152998 -0.044448 0.080814
v -0.160898 -0.044448 0.097991
v -0.870082 -0.044448 0.812419
v -0.941093 -0.044448 0.791010
v -0.888460 -0.044448 0.827696
v -0.905587 -0.044448 0.835619
v -0.920295 -0.044448 0.835649
v -0.931580 -0.044448 0.827783
v -0.938674 -0.044448 0.812557
v -0.941093 -0.044448 0.116097
v -0.870407 -0.044448 0.045203
v -0.938685 -0.044448 0.097748
v -0.931623 -0.044448 0.080650
v -0.920390 -0.044448 0.065967
v -0.905750 -0.044448 0.054701
v -0.888702 -0.044448 0.047618
v -0.941093 -0.044448 1.198314
v -0.870082 -0.044448 1.176906
v -0.938674 -0.044448 1.176766
v -0.931580 -0.044448 1.161541
v -0.920295 -0.044448 1.153675
v -0.905588 -0.044448 1.153705
v -0.888461 -0.044448 1.161628
v -0.176131 -0.044448 1.872902
v -0.197478 -0.044448 1.944123
v -0.160899 -0.044448 1.891335
v -0.152999 -0.044448 1.908512
v -0.152970 -0.044448 1.923263
v -0.160812 -0.044448 1.934581
v -0.175994 -0.044448 1.941696
v -0.870408 -0.044448 1.944122
v -0.941094 -0.044448 1.873228
v -0.888703 -0.044448 1.941707
v -0.905751 -0.044448 1.934624
v -0.920390 -0.044448 1.923358
v -0.931624 -0.044448 1.908675
v -0.938685 -0.044448 1.891577
v -0.049568 0.019675 -0.868258
v -0.120286 0.019675 -0.939152
v -0.051977 0.019675 -0.886607
v -0.059042 0.019675 -0.903705
v -0.070280 0.019675 -0.918388
v -0.084927 0.019675 -0.929655
v -0.101982 0.019675 -0.936737
v -0.793519 0.019675 -0.939152
v -0.814875 0.019675 -0.867932
v -0.815014 0.019675 -0.936725
v -0.830201 0.019675 -0.929611
v -0.838048 0.019675 -0.918292
v -0.838018 0.019675 -0.903542
v -0.830115 0.019675 -0.886365
v -0.120611 0.019675 -0.171935
v -0.049568 0.019675 -0.193345
v -0.102224 0.019675 -0.156658
v -0.085090 0.019675 -0.148735
v -0.070376 0.019675 -0.148705
v -0.059086 0.019675 -0.156571
v -0.051989 0.019675 -0.171797
v -0.049568 0.019675 -1.795982
v -0.120612 0.019675 -1.817391
v -0.051988 0.019675 -1.817530
v -0.059087 0.019675 -1.832755
v -0.070376 0.019675 -1.840621
v -0.085091 0.019675 -1.840591
v -0.102224 0.019675 -1.832668
v -0.814875 0.019675 -1.121395
v -0.793519 0.019675 -1.050174
v -0.830114 0.019675 -1.102962
v -0.838018 0.019676 -1.085785
v -0.838048 0.019675 -1.071034
v -0.830201 0.019676 -1.059716
v -0.815014 0.019675 -1.052601
v -0.120286 0.019675 -1.050174
v -0.049568 0.019675 -1.121068
v -0.101983 0.019675 -1.052590
v -0.084927 0.019675 -1.059672
v -0.070281 0.019675 -1.070939
v -0.059042 0.019675 -1.085621
v -0.051978 0.019675 -1.102720
v -0.197340 0.019675 -0.045203
v -0.175984 0.019675 -0.116424
v -0.175845 0.019675 -0.047630
v -0.160658 0.019675 -0.054745
v -0.152812 0.019675 -0.066063
v -0.152842 0.019675 -0.080814
v -0.160745 0.019675 -0.097991
v -0.870248 0.019675 -0.812420
v -0.941292 0.019676 -0.791011
v -0.888635 0.019675 -0.827697
v -0.905770 0.019675 -0.835621
v -0.920483 0.019675 -0.835650
v -0.931773 0.019675 -0.827784
v -0.938871 0.019676 -0.812559
v -0.941291 0.019675 -0.116098
v -0.870573 0.019675 -0.045203
v -0.938882 0.019675 -0.097749
v -0.931817 0.019675 -0.080651
v -0.920579 0.019675 -0.065968
v -0.905932 0.019675 -0.054701
v -0.888876 0.019675 -0.047619
v -0.941291 0.019676 -1.198315
v -0.870248 0.019676 -1.176906
v -0.938871 0.019676 -1.176767
v -0.931773 0.019675 -1.161542
v -0.920483 0.019676 -1.153675
v -0.905770 0.019676 -1.153705
v -0.888635 0.019676 -1.161628
v -0.175984 0.019675 -1.872902
v -0.197340 0.019675 -1.944123
v -0.160745 0.019675 -1.891336
v -0.152842 0.019675 -1.908513
v -0.152812 0.019675 -1.923263
v -0.160659 0.019675 -1.934581
v -0.175846 0.019675 -1.941696
v -0.870574 0.019676 -1.944123
v -0.941292 0.019676 -1.873229
v -0.888877 0.019676 -1.941707
v -0.905933 0.019676 -1.934624
v -0.920579 0.019676 -1.923358
v -0.931817 0.019676 -1.908676
v -0.938882 0.019676 -1.891577
v -0.049772 -0.044448 -0.868258
v -0.120457 -0.044448 -0.939152
v -0.052180 -0.044448 -0.886607
v -0.059241 -0.044448 -0.903706
v -0.070474 -0.044448 -0.918388
v -0.085114 -0.044448 -0.929655
v -0.102162 -0.044448 -0.936737
v -0.793388 -0.044448 -0.939152
v -0.814734 -0.044448 -0.867932
v -0.814872 -0.044448 -0.936725
v -0.830053 -0.044448 -0.929611
v -0.837896 -0.044448 -0.918292
v -0.837866 -0.044448 -0.903542
v -0.829966 -0.044448 -0.886365
v -0.120782 -0.044448 -0.171935
v -0.049772 -0.044448 -0.193345
v -0.102403 -0.044448 -0.156658
v -0.085277 -0.044448 -0.148735
v -0.070570 -0.044448 -0.148705
v -0.059285 -0.044448 -0.156571
v -0.052191 -0.044448 -0.171797
v -0.049772 -0.044448 -1.795982
v -0.120783 -0.044448 -1.817391
v -0.052192 -0.044448 -1.817530
v -0.059286 -0.044448 -1.832756
v -0.070570 -0.044448 -1.840621
v -0.085278 -0.044448 -1.840592
v -0.102404 -0.044448 -1.832669
v -0.814734 -0.044448 -1.121395
v -0.793388 -0.044448 -1.050174
v -0.829966 -0.044448 -1.102962
v -0.837866 -0.044448 -1.085785
v -0.837896 -0.044448 -1.071034
v -0.830052 -0.044448 -1.059716
v -0.814872 -0.044448 -1.052601
v -0.120457 -0.044448 -1.050174
v -0.049771 -0.044448 -1.121068
v -0.102163 -0.044448 -1.052590
v -0.085114 -0.044448 -1.059672
v -0.070474 -0.044448 -1.070939
v -0.059241 -0.044448 -1.085622
v -0.052180 -0.044448 -1.102720
v -0.197476 -0.044448 -0.045203
v -0.176131 -0.044448 -0.116424
v -0.175992 -0.044448 -0.047630
v -0.160811 -0.044448 -0.054745
v -0.152968 -0.044448 -0.066063
v -0.152998 -0.044448 -0.080814
v -0.160898 -0.044448 -0.097991
v -0.870082 -0.044448 -0.812420
v -0.941093 -0.044448 -0.791011
v -0.888460 -0.044448 -0.827697
v -0.905587 -0.044448 -0.835621
v -0.920294 -0.044448 -0.835650
v -0.931579 -0.044448 -0.827784
v -0.938673 -0.044448 -0.812559
v -0.941092 -0.044448 -0.116098
v -0.870407 -0.044448 -0.045203
v -0.938684 -0.044448 -0.097749
v -0.931623 -0.044448 -0.080651
v -0.920390 -0.044448 -0.065968
v -0.905750 -0.044448 -0.054701
v -0.888702 -0.044448 -0.047619
v -0.941093 -0.044448 -1.198315
v -0.870082 -0.044448 -1.176906
v -0.938674 -0.044448 -1.176767
v -0.931579 -0.044448 -1.161542
v -0.920294 -0.044448 -1.153676
v -0.905587 -0.044448 -1.153705
v -0.888461 -0.044448 -1.161629
v -0.176131 -0.044448 -1.872902
v -0.197477 -0.044448 -1.944124
v -0.160899 -0.044448 -1.891336
v -0.152999 -0.044448 -1.908513
v -0.152969 -0.044448 -1.923263
v -0.160811 -0.044448 -1.934582
v -0.175993 -0.044448 -1.941696
v -0.870407 -0.044448 -1.944123
v -0.941093 -0.044448 -1.873229
v -0.888703 -0.044448 -1.941707
v -0.905750 -0.044448 -1.934624
v -0.920390 -0.044448 -1.923359
v -0.931623 -0.044448 -1.908676
v -0.938685 -0.044448 -1.891578
v 1.999688 0.019674 0.000000
v 1.999688 0.019673 -2.000000
v 0.999844 0.019674 0.000000
v 1.999688 0.019674 -1.002357
v 1.999688 0.019674 -0.986968
v 0.999844 0.019674 -2.000000
v 0.999844 0.019674 -0.994662
v 1.950120 0.019674 -0.868257
v 1.879402 0.019674 -0.939151
v 1.947711 0.019674 -0.886606
v 1.940646 0.019674 -0.903705
v 1.929408 0.019674 -0.918387
v 1.914761 0.019674 -0.929653
v 1.897706 0.019673 -0.936736
v 1.206169 0.019674 -0.939151
v 1.184813 0.019674 -0.867931
v 1.184675 0.019674 -0.936725
v 1.169487 0.019674 -0.929610
v 1.161641 0.019674 -0.918292
v 1.161670 0.019674 -0.903541
v 1.169574 0.019674 -0.886364
v 1.879077 0.019674 -0.171935
v 1.950120 0.019674 -0.193344
v 1.897464 0.019674 -0.156658
v 1.914599 0.019674 -0.148735
v 1.929312 0.019674 -0.148705
v 1.940602 0.019674 -0.156571
v 1.947699 0.019674 -0.171796
v 1.950120 0.019673 -1.795982
v 1.879076 0.019673 -1.817390
v 1.947699 0.019673 -1.817529
v 1.940602 0.019673 -1.832755
v 1.929312 0.019673 -1.840621
v 1.914598 0.019673 -1.840591
v 1.897464 0.019673 -1.832668
v 1.184813 0.019674 -1.121395
v 1.206169 0.019674 -1.050174
v 1.169574 0.019674 -1.102961
v 1.161670 0.019674 -1.085784
v 1.161641 0.019674 -1.071034
v 1.169488 0.019674 -1.059715
v 1.184675 0.019674 -1.052600
v 1.879403 0.019674 -1.050174
v 1.950120 0.019674 -1.121068
v 1.897705 0.019674 -1.052589
v 1.914761 0.019674 -1.059671
v 1.929408 0.019674 -1.070938
v 1.940646 0.019674 -1.085621
v 1.947710 0.019674 -1.102719
v 1.802348 0.019674 -0.045203
v 1.823704 0.019674 -0.116424
v 1.823843 0.019674 -0.047630
v 1.839030 0.019674 -0.054745
v 1.846876 0.019674 -0.066063
v 1.846847 0.019674 -0.080813
v 1.838943 0.019674 -0.097991
v 1.129440 0.019674 -0.812419
v 1.058397 0.019674 -0.791010
v 1.111053 0.019674 -0.827696
v 1.093919 0.019674 -0.835620
v 1.079205 0.019674 -0.835649
v 1.067915 0.019674 -0.827784
v 1.060817 0.019674 -0.812558
v 1.058397 0.019674 -0.116097
v 1.129115 0.019674 -0.045203
v 1.060806 0.019674 -0.097748
v 1.067871 0.019674 -0.080650
v 1.079109 0.019674 -0.065967
v 1.093756 0.019674 -0.054701
v 1.110811 0.019674 -0.047619
v 1.058397 0.019674 -1.198315
v 1.129440 0.019674 -1.176905
v 1.060817 0.019674 -1.176767
v 1.067915 0.019674 -1.161541
v 1.079205 0.019674 -1.153675
v 1.093918 0.019674 -1.153705
v 1.111053 0.019674 -1.161628
v 1.823704 0.019673 -1.872902
v 1.802348 0.019673 -1.944123
v 1.838943 0.019673 -1.891335
v 1.846846 0.019673 -1.908512
v 1.846876 0.019673 -1.923262
v 1.839030 0.019673 -1.934581
v 1.823842 0.019673 -1.941695
v 1.129114 0.019674 -1.944122
v 1.058397 0.019674 -1.873228
v 1.110811 0.019674 -1.941707
v 1.093755 0.019674 -1.934624
v 1.079109 0.019674 -1.923358
v 1.067871 0.019674 -1.908675
v 1.060806 0.019674 -1.891577
v 2.000003 -0.044450 -2.000000
v 2.000002 -0.044450 -1.002357
v 2.000002 -0.044450 -0.986968
v 0.999844 -0.044449 -2.000000
v 2.000003 -0.044450 0.000000
v 1.949917 -0.044450 -0.868257
v 1.879231 -0.044450 -0.939152
v 1.947509 -0.044450 -0.886606
v 1.940447 -0.044450 -0.903705
v 1.929214 -0.044450 -0.918387
v 1.914574 -0.044450 -0.929653
v 1.897526 -0.044450 -0.936736
v 1.206301 -0.044449 -0.939152
v 1.184955 -0.044449 -0.867931
v 1.184816 -0.044449 -0.936725
v 1.169635 -0.044449 -0.929610
v 1.161792 -0.044449 -0.918291
v 1.161822 -0.044449 -0.903541
v 1.169722 -0.044449 -0.886364
v 1.878905 -0.044450 -0.171935
v 1.949917 -0.044450 -0.193344
v 1.897285 -0.044450 -0.156658
v 1.914412 -0.044450 -0.148735
v 1.929118 -0.044450 -0.148705
v 1.940403 -0.044450 -0.156571
v 1.947497 -0.044450 -0.171796
v 1.949917 -0.044450 -1.795982
v 1.878905 -0.044450 -1.817390
v 1.947497 -0.044450 -1.817529
v 1.940403 -0.044450 -1.832755
v 1.929118 -0.044450 -1.840621
v 1.914411 -0.044450 -1.840591
v 1.897285 -0.044450 -1.832668
v 1.184955 -0.044449 -1.121395
v 1.206301 -0.044449 -1.050174
v 1.169722 -0.044449 -1.102961
v 1.161822 -0.044449 -1.085784
v 1.161792 -0.044449 -1.071033
v 1.169636 -0.044449 -1.059715
v 1.184816 -0.044449 -1.052600
v 1.879231 -0.044450 -1.050174
v 1.949917 -0.044450 -1.121068
v 1.897526 -0.044450 -1.052589
v 1.914574 -0.044450 -1.059672
v 1.929214 -0.044450 -1.070938
v 1.940446 -0.044450 -1.085621
v 1.947508 -0.044450 -1.102719
v 1.802212 -0.044450 -0.045203
v 1.823557 -0.044450 -0.116424
v 1.823696 -0.044450 -0.047630
v 1.838877 -0.044450 -0.054745
v 1.846720 -0.044450 -0.066063
v 1.846690 -0.044450 -0.080813
v 1.838790 -0.044450 -0.097991
v 1.129607 -0.044449 -0.812419
v 1.058595 -0.044449 -0.791010
v 1.111228 -0.044449 -0.827696
v 1.094101 -0.044449 -0.835620
v 1.079394 -0.044449 -0.835649
v 1.068109 -0.044449 -0.827783
v 1.061014 -0.044449 -0.812557
v 1.058595 -0.044449 -0.116097
v 1.129281 -0.044449 -0.045203
v 1.061003 -0.044449 -0.097748
v 1.068065 -0.044449 -0.080650
v 1.079298 -0.044449 -0.065967
v 1.093938 -0.044449 -0.054701
v 1.110986 -0.044449 -0.047618
v 1.058595 -0.044449 -1.198315
v 1.129607 -0.044449 -1.176906
v 1.061014 -0.044449 -1.176767
v 1.068109 -0.044449 -1.161541
v 1.079394 -0.044449 -1.153675
v 1.094101 -0.044449 -1.153705
v 1.111228 -0.044449 -1.161628
v 1.823558 -0.044450 -1.872902
v 1.802211 -0.044450 -1.944123
v 1.838790 -0.044450 -1.891335
v 1.846690 -0.044450 -1.908512
v 1.846720 -0.044450 -1.923263
v 1.838877 -0.044450 -1.934581
v 1.823695 -0.044450 -1.941696
v 1.129281 -0.044449 -1.944122
v 1.058595 -0.044449 -1.873228
v 1.110986 -0.044449 -1.941707
v 1.093938 -0.044449 -1.934624
v 1.079298 -0.044449 -1.923358
v 1.068065 -0.044449 -1.908675
v 1.061003 -0.044449 -1.891577
v 1.999687 0.019674 2.000000
v 1.999688 0.019674 1.002358
v 1.999688 0.019674 0.986969
v 0.999844 0.019675 2.000000
v 0.999844 0.019675 0.994663
v 1.950120 0.019674 0.868258
v 1.879402 0.019674 0.939153
v 1.947710 0.019674 0.886607
v 1.940645 0.019674 0.903706
v 1.929407 0.019674 0.918388
v 1.914761 0.019674 0.929655
v 1.897705 0.019674 0.936737
v 1.206168 0.019674 0.939152
v 1.184812 0.019674 0.867932
v 1.184674 0.019674 0.936725
v 1.169486 0.019674 0.929610
v 1.161640 0.019674 0.918292
v 1.161670 0.019674 0.903542
v 1.169573 0.019674 0.886365
v 1.879076 0.019674 0.171935
v 1.950120 0.019674 0.193345
v 1.897464 0.019674 0.156658
v 1.914599 0.019674 0.148735
v 1.929312 0.019674 0.148706
v 1.940602 0.019674 0.156572
v 1.947699 0.019674 0.171797
v 1.950119 0.019674 1.795982
v 1.879075 0.019674 1.817391
v 1.947698 0.019674 1.817530
v 1.940601 0.019674 1.832755
v 1.929311 0.019674 1.840621
v 1.914597 0.019674 1.840592
v 1.897463 0.019674 1.832669
v 1.184812 0.019674 1.121394
v 1.206168 0.019674 1.050174
v 1.169573 0.019674 1.102962
v 1.161670 0.019675 1.085784
v 1.161640 0.019674 1.071034
v 1.169487 0.019675 1.059716
v 1.184674 0.019674 1.052601
v 1.879402 0.019674 1.050174
v 1.950120 0.019674 1.121068
v 1.897705 0.019674 1.052590
v 1.914761 0.019674 1.059673
v 1.929407 0.019674 1.070939
v 1.940645 0.019674 1.085622
v 1.947710 0.019674 1.102720
v 1.802348 0.019674 0.045204
v 1.823704 0.019674 0.116424
v 1.823843 0.019674 0.047631
v 1.839030 0.019674 0.054745
v 1.846876 0.019674 0.066064
v 1.846847 0.019674 0.080814
v 1.838943 0.019674 0.097991
v 1.129440 0.019674 0.812420
v 1.058396 0.019675 0.791010
v 1.111052 0.019674 0.827697
v 1.093918 0.019674 0.835621
v 1.079204 0.019674 0.835650
v 1.067914 0.019674 0.827784
v 1.060817 0.019675 0.812558
v 1.058397 0.019674 0.116098
v 1.129115 0.019674 0.045203
v 1.060806 0.019674 0.097748
v 1.067871 0.019674 0.080650
v 1.079109 0.019674 0.065967
v 1.093756 0.019674 0.054701
v 1.110811 0.019674 0.047619
v 1.058396 0.019675 1.198315
v 1.129439 0.019675 1.176905
v 1.060817 0.019675 1.176767
v 1.067914 0.019674 1.161542
v 1.079204 0.019675 1.153675
v 1.093918 0.019675 1.153705
v 1.111052 0.019675 1.161628
v 1.823703 0.019674 1.872902
v 1.802347 0.019674 1.944124
v 1.838942 0.019674 1.891336
v 1.846845 0.019674 1.908513
v 1.846875 0.019674 1.923263
v 1.839029 0.019674 1.934582
v 1.823840 0.019674 1.941696
v 1.129113 0.019675 1.944123
v 1.058395 0.019675 1.873229
v 1.110810 0.019675 1.941707
v 1.093754 0.019675 1.934624
v 1.079108 0.019675 1.923358
v 1.067870 0.019675 1.908675
v 1.060805 0.019675 1.891577
v 2.000003 -0.044450 2.000000
v 2.000002 -0.044450 1.002359
v 2.000002 -0.044450 0.986969
v 0.999844 -0.044449 2.000000
v 1.949916 -0.044450 0.868258
v 1.879230 -0.044450 0.939152
v 1.947508 -0.044450 0.886607
v 1.940446 -0.044450 0.903706
v 1.929213 -0.044450 0.918388
v 1.914573 -0.044450 0.929655
v 1.897526 -0.044450 0.936737
v 1.206300 -0.044449 0.939152
v 1.184954 -0.044449 0.867932
v 1.184816 -0.044449 0.936725
v 1.169635 -0.044449 0.929610
v 1.161792 -0.044449 0.918292
v 1.161821 -0.044449 0.903542
v 1.169721 -0.044449 0.886365
v 1.878905 -0.044450 0.171935
v 1.949917 -0.044450 0.193345
v 1.897285 -0.044450 0.156658
v 1.914411 -0.044450 0.148735
v 1.929118 -0.044450 0.148706
v 1.940403 -0.044450 0.156572
v 1.947497 -0.044450 0.171797
v 1.949916 -0.044450 1.795983
v 1.878904 -0.044450 1.817392
v 1.947496 -0.044450 1.817530
v 1.940402 -0.044450 1.832756
v 1.929117 -0.044450 1.840622
v 1.914409 -0.044450 1.840592
v 1.897283 -0.044450 1.832669
v 1.184954 -0.044449 1.121394
v 1.206300 -0.044449 1.050174
v 1.169721 -0.044449 1.102962
v 1.161821 -0.044449 1.085785
v 1.161792 -0.044449 1.071034
v 1.169635 -0.044449 1.059715
v 1.184816 -0.044449 1.052601
v 1.879231 -0.044450 1.050174
v 1.949916 -0.044450 1.121069
v 1.897525 -0.044450 1.052590
v 1.914573 -0.044450 1.059673
v 1.929213 -0.044450 1.070939
v 1.940446 -0.044450 1.085622
v 1.947508 -0.044450 1.102720
v 1.802212 -0.044450 0.045204
v 1.823557 -0.044450 0.116424
v 1.823696 -0.044450 0.047631
v 1.838877 -0.044450 0.054745
v 1.846720 -0.044450 0.066064
v 1.846690 -0.044450 0.080814
v 1.838790 -0.044450 0.097991
v 1.129606 -0.044449 0.812420
v 1.058595 -0.044449 0.791010
v 1.111227 -0.044449 0.827697
v 1.094100 -0.044449 0.835621
v 1.079394 -0.044449 0.835650
v 1.068108 -0.044449 0.827784
v 1.061014 -0.044449 0.812558
v 1.058595 -0.044449 0.116098
v 1.129281 -0.044449 0.045203
v 1.061004 -0.044449 0.097748
v 1.068065 -0.044449 0.080650
v 1.079298 -0.044449 0.065967
v 1.093938 -0.044449 0.054701
v 1.110986 -0.044449 0.047619
v 1.058594 -0.044449 1.198315
v 1.129606 -0.044449 1.176906
v 1.061014 -0.044449 1.176767
v 1.068108 -0.044449 1.161542
v 1.079393 -0.044449 1.153675
v 1.094100 -0.044449 1.153705
v 1.111227 -0.044449 1.161628
v 1.823556 -0.044450 1.872902
v 1.802210 -0.044450 1.944124
v 1.838789 -0.044450 1.891336
v 1.846689 -0.044450 1.908513
v 1.846718 -0.044450 1.923264
v 1.838876 -0.044450 1.934582
v 1.823694 -0.044450 1.941696
v 1.129280 -0.044449 1.944123
v 1.058594 -0.044449 1.873229
v 1.110984 -0.044449 1.941707
v 1.093937 -0.044449 1.934624
v 1.079297 -0.044449 1.923358
v 1.068063 -0.044449 1.908676
v 1.061002 -0.044449 1.891577
v 0.000000 0.019675 -0.000000
v 0.000000 0.019674 -2.000000
v 0.000000 0.019675 -1.002357
v 0.000000 0.019675 -0.986968
v 0.049568 0.019675 -0.868258
v 0.120286 0.019675 -0.939152
v 0.051977 0.019675 -0.886606
v 0.059042 0.019675 -0.903705
v 0.070281 0.019675 -0.918387
v 0.084927 0.019675 -0.929654
v 0.101982 0.019674 -0.936736
v 0.793519 0.019674 -0.939151
v 0.814875 0.019674 -0.867931
v 0.815014 0.019674 -0.936725
v 0.830201 0.019674 -0.929610
v 0.838048 0.019674 -0.918292
v 0.838018 0.019674 -0.903541
v 0.830114 0.019674 -0.886364
v 0.120611 0.019675 -0.171935
v 0.049568 0.019675 -0.193344
v 0.102224 0.019675 -0.156658
v 0.085089 0.019675 -0.148735
v 0.070376 0.019675 -0.148705
v 0.059085 0.019675 -0.156571
v 0.051988 0.019675 -0.171796
v 0.049568 0.019674 -1.795982
v 0.120612 0.019674 -1.817390
v 0.051989 0.019674 -1.817530
v 0.059086 0.019674 -1.832755
v 0.070376 0.019674 -1.840621
v 0.085090 0.019674 -1.840591
v 0.102225 0.019674 -1.832668
v 0.814875 0.019674 -1.121395
v 0.793519 0.019674 -1.050174
v 0.830115 0.019674 -1.102961
v 0.838018 0.019674 -1.085784
v 0.838048 0.019674 -1.071034
v 0.830201 0.019674 -1.059715
v 0.815014 0.019674 -1.052600
v 0.120286 0.019675 -1.050174
v 0.049568 0.019675 -1.121068
v 0.101982 0.019675 -1.052589
v 0.084927 0.019675 -1.059671
v 0.070281 0.019675 -1.070939
v 0.059042 0.019675 -1.085621
v 0.051977 0.019675 -1.102719
v 0.197340 0.019675 -0.045204
v 0.175984 0.019675 -0.116424
v 0.175845 0.019675 -0.047630
v 0.160658 0.019675 -0.054745
v 0.152812 0.019675 -0.066063
v 0.152842 0.019675 -0.080814
v 0.160745 0.019675 -0.097991
v 0.870248 0.019674 -0.812420
v 0.941291 0.019674 -0.791010
v 0.888635 0.019674 -0.827696
v 0.905769 0.019674 -0.835620
v 0.920483 0.019674 -0.835649
v 0.931774 0.019674 -0.827784
v 0.938871 0.019674 -0.812558
v 0.941291 0.019674 -0.116097
v 0.870573 0.019674 -0.045203
v 0.938882 0.019674 -0.097748
v 0.931817 0.019674 -0.080650
v 0.920579 0.019674 -0.065967
v 0.905932 0.019674 -0.054701
v 0.888877 0.019674 -0.047619
v 0.941291 0.019674 -1.198315
v 0.870248 0.019674 -1.176905
v 0.938871 0.019674 -1.176767
v 0.931773 0.019674 -1.161541
v 0.920483 0.019674 -1.153675
v 0.905770 0.019674 -1.153705
v 0.888635 0.019674 -1.161628
v 0.175985 0.019674 -1.872902
v 0.197340 0.019674 -1.944123
v 0.160745 0.019674 -1.891335
v 0.152842 0.019674 -1.908512
v 0.152812 0.019674 -1.923263
v 0.160659 0.019674 -1.934581
v 0.175846 0.019674 -1.941696
v 0.870574 0.019674 -1.944122
v 0.941292 0.019674 -1.873228
v 0.888878 0.019674 -1.941707
v 0.905933 0.019674 -1.934624
v 0.920579 0.019674 -1.923358
v 0.931817 0.019674 -1.908675
v 0.938882 0.019674 -1.891577
v -0.000000 -0.044448 -2.000000
v 0.049771 -0.044448 -0.868257
v 0.120457 -0.044448 -0.939152
v 0.052179 -0.044448 -0.886606
v 0.059241 -0.044448 -0.903705
v 0.070474 -0.044448 -0.918388
v 0.085114 -0.044448 -0.929654
v 0.102162 -0.044448 -0.936737
v 0.793388 -0.044449 -0.939152
v 0.814734 -0.044449 -0.867931
v 0.814872 -0.044449 -0.936725
v 0.830053 -0.044449 -0.929610
v 0.837896 -0.044449 -0.918291
v 0.837866 -0.044449 -0.903541
v 0.829966 -0.044449 -0.886364
v 0.120782 -0.044448 -0.171935
v 0.049771 -0.044448 -0.193344
v 0.102403 -0.044448 -0.156658
v 0.085276 -0.044448 -0.148735
v 0.070570 -0.044448 -0.148705
v 0.059285 -0.044448 -0.156571
v 0.052191 -0.044448 -0.171796
v 0.049772 -0.044448 -1.795982
v 0.120783 -0.044448 -1.817391
v 0.052191 -0.044448 -1.817530
v 0.059285 -0.044448 -1.832755
v 0.070570 -0.044448 -1.840621
v 0.085278 -0.044448 -1.840591
v 0.102404 -0.044448 -1.832668
v 0.814734 -0.044449 -1.121395
v 0.793388 -0.044449 -1.050174
v 0.829966 -0.044449 -1.102961
v 0.837866 -0.044449 -1.085784
v 0.837896 -0.044449 -1.071033
v 0.830052 -0.044449 -1.059715
v 0.814872 -0.044449 -1.052600
v 0.120457 -0.044448 -1.050174
v 0.049771 -0.044448 -1.121068
v 0.102162 -0.044448 -1.052590
v 0.085114 -0.044448 -1.059672
v 0.070474 -0.044448 -1.070939
v 0.059241 -0.044448 -1.085621
v 0.052180 -0.044448 -1.102719
v 0.197476 -0.044448 -0.045204
v 0.176131 -0.044448 -0.116424
v 0.175992 -0.044448 -0.047630
v 0.160811 -0.044448 -0.054745
v 0.152968 -0.044448 -0.066063
v 0.152998 -0.044448 -0.080814
v 0.160898 -0.044448 -0.097991
v 0.870081 -0.044449 -0.812419
v 0.941093 -0.044449 -0.791010
v 0.888460 -0.044449 -0.827696
v 0.905587 -0.044449 -0.835620
v 0.920294 -0.044449 -0.835649
v 0.931580 -0.044449 -0.827783
v 0.938674 -0.044449 -0.812557
v 0.941092 -0.044449 -0.116097
v 0.870407 -0.044449 -0.045203
v 0.938684 -0.044449 -0.097748
v 0.931623 -0.044449 -0.080650
v 0.920390 -0.044449 -0.065967
v 0.905750 -0.044449 -0.054701
v 0.888702 -0.044449 -0.047619
v 0.941093 -0.044449 -1.198315
v 0.870082 -0.044449 -1.176906
v 0.938674 -0.044449 -1.176767
v 0.931579 -0.044449 -1.161541
v 0.920294 -0.044449 -1.153675
v 0.905587 -0.044449 -1.153705
v 0.888461 -0.044449 -1.161628
v 0.176131 -0.044448 -1.872902
v 0.197477 -0.044448 -1.944123
v 0.160899 -0.044448 -1.891336
v 0.152999 -0.044448 -1.908512
v 0.152969 -0.044448 -1.923263
v 0.160811 -0.044448 -1.934581
v 0.175993 -0.044448 -1.941696
v 0.870407 -0.044449 -1.944122
v 0.941093 -0.044449 -1.873228
v 0.888703 -0.044449 -1.941707
v 0.905751 -0.044449 -1.934624
v 0.920390 -0.044449 -1.923358
v 0.931623 -0.044449 -1.908675
v 0.938685 -0.044449 -1.891577
v 0.049568 0.019675 0.868258
v 0.120286 0.019675 0.939153
v 0.051978 0.019675 0.886607
v 0.059042 0.019675 0.903706
v 0.070280 0.019675 0.918388
v 0.084927 0.019675 0.929655
v 0.101982 0.019675 0.936737
v 0.793519 0.019674 0.939152
v 0.814875 0.019674 0.867931
v 0.815014 0.019674 0.936725
v 0.830202 0.019674 0.929610
v 0.838048 0.019674 0.918292
v 0.838018 0.019674 0.903542
v 0.830115 0.019674 0.886365
v 0.120611 0.019675 0.171935
v 0.049568 0.019675 0.193345
v 0.102224 0.019675 0.156658
v 0.085090 0.019675 0.148735
v 0.070376 0.019675 0.148705
v 0.059086 0.019675 0.156571
v 0.051989 0.019675 0.171797
v 0.049568 0.019675 1.795982
v 0.120612 0.019675 1.817391
v 0.051989 0.019675 1.817530
v 0.059087 0.019675 1.832755
v 0.070377 0.019675 1.840621
v 0.085091 0.019675 1.840591
v 0.102225 0.019675 1.832668
v 0.814875 0.019674 1.121394
v 0.793519 0.019674 1.050174
v 0.830115 0.019674 1.102962
v 0.838018 0.019675 1.085784
v 0.838048 0.019674 1.071034
v 0.830201 0.019675 1.059716
v 0.815014 0.019674 1.052601
v 0.120286 0.019675 1.050174
v 0.049568 0.019675 1.121068
v 0.101983 0.019675 1.052590
v 0.084927 0.019675 1.059672
v 0.070281 0.019675 1.070939
v 0.059042 0.019675 1.085621
v 0.051978 0.019675 1.102720
v 0.197340 0.019675 0.045204
v 0.175984 0.019675 0.116424
v 0.175845 0.019675 0.047630
v 0.160658 0.019675 0.054745
v 0.152812 0.019675 0.066063
v 0.152842 0.019675 0.080814
v 0.160745 0.019675 0.097991
v 0.870248 0.019674 0.812420
v 0.941292 0.019675 0.791010
v 0.888636 0.019674 0.827697
v 0.905770 0.019674 0.835621
v 0.920483 0.019674 0.835650
v 0.931774 0.019674 0.827784
v 0.938871 0.019675 0.812558
v 0.941291 0.019674 0.116098
v 0.870573 0.019674 0.045203
v 0.938882 0.019674 0.097748
v 0.931817 0.019674 0.080650
v 0.920579 0.019674 0.065967
v 0.905932 0.019674 0.054701
v 0.888876 0.019674 0.047619
v 0.941292 0.019675 1.198315
v 0.870248 0.019675 1.176905
v 0.938871 0.019675 1.176767
v 0.931774 0.019674 1.161542
v 0.920483 0.019675 1.153675
v 0.905770 0.019675 1.153705
v 0.888636 0.019675 1.161628
v 0.175985 0.019675 1.872902
v 0.197341 0.019675 1.944123
v 0.160746 0.019675 1.891335
v 0.152842 0.019675 1.908513
v 0.152813 0.019675 1.923263
v 0.160659 0.019675 1.934581
v 0.175847 0.019675 1.941696
v 0.870575 0.019675 1.944123
v 0.941292 0.019675 1.873229
v 0.888878 0.019675 1.941707
v 0.905933 0.019675 1.934624
v 0.920580 0.019675 1.923358
v 0.931818 0.019675 1.908675
v 0.938883 0.019675 1.891577
v 0.049772 -0.044448 0.868258
v 0.120458 -0.044448 0.939152
v 0.052180 -0.044448 0.886607
v 0.059241 -0.044448 0.903706
v 0.070474 -0.044448 0.918388
v 0.085114 -0.044448 0.929655
v 0.102162 -0.044448 0.936737
v 0.793388 -0.044449 0.939152
v 0.814734 -0.044449 0.867931
v 0.814872 -0.044449 0.936725
v 0.830053 -0.044449 0.929610
v 0.837896 -0.044449 0.918292
v 0.837867 -0.044449 0.903542
v 0.829966 -0.044449 0.886365
v 0.120782 -0.044448 0.171935
v 0.049772 -0.044448 0.193345
v 0.102403 -0.044448 0.156658
v 0.085277 -0.044448 0.148735
v 0.070570 -0.044448 0.148705
v 0.059285 -0.044448 0.156571
v 0.052191 -0.044448 0.171797
v 0.049772 -0.044448 1.795982
v 0.120783 -0.044448 1.817391
v 0.052192 -0.044448 1.817530
v 0.059286 -0.044448 1.832756
v 0.070570 -0.044448 1.840621
v 0.085278 -0.044448 1.840592
v 0.102404 -0.044448 1.832669
v 0.814734 -0.044449 1.121394
v 0.793388 -0.044449 1.050174
v 0.829966 -0.044449 1.102962
v 0.837867 -0.044449 1.085785
v 0.837896 -0.044449 1.071034
v 0.830052 -0.044449 1.059715
v 0.814872 -0.044449 1.052601
v 0.120457 -0.044448 1.050174
v 0.049772 -0.044448 1.121068
v 0.102163 -0.044448 1.052590
v 0.085114 -0.044448 1.059672
v 0.070474 -0.044448 1.070939
v 0.059242 -0.044448 1.085622
v 0.052180 -0.044448 1.102720
v 0.197476 -0.044448 0.045204
v 0.176131 -0.044448 0.116424
v 0.175992 -0.044448 0.047630
v 0.160811 -0.044448 0.054745
v 0.152968 -0.044448 0.066063
v 0.152998 -0.044448 0.080814
v 0.160898 -0.044448 0.097991
v 0.870082 -0.044449 0.812420
v 0.941093 -0.044449 0.791010
v 0.888461 -0.044449 0.827697
v 0.905588 -0.044449 0.835621
v 0.920294 -0.044449 0.835650
v 0.931579 -0.044449 0.827784
v 0.938673 -0.044449 0.812558
v 0.941092 -0.044449 0.116098
v 0.870407 -0.044449 0.045203
v 0.938684 -0.044449 0.097748
v 0.931623 -0.044449 0.080650
v 0.920390 -0.044449 0.065967
v 0.905750 -0.044449 0.054701
v 0.888702 -0.044449 0.047619
v 0.941093 -0.044449 1.198315
v 0.870082 -0.044449 1.176906
v 0.938674 -0.044449 1.176767
v 0.931579 -0.044449 1.161542
v 0.920295 -0.044449 1.153675
v 0.905587 -0.044449 1.153705
v 0.888461 -0.044449 1.161628
v 0.176131 -0.044448 1.872902
v 0.197477 -0.044448 1.944123
v 0.160899 -0.044448 1.891336
v 0.152999 -0.044448 1.908513
v 0.152970 -0.044448 1.923264
v 0.160812 -0.044448 1.934582
v 0.175994 -0.044448 1.941696
v 0.870408 -0.044449 1.944123
v 0.941094 -0.044449 1.873229
v 0.888703 -0.044449 1.941707
v 0.905750 -0.044449 1.934624
v 0.920391 -0.044449 1.923358
v 0.931624 -0.044449 1.908676
v 0.938685 -0.044449 1.891577
vt 0.097487 0.953758
vt -0.000013 1.000000
vt 0.500000 0.500000
vt 0.452516 0.601702
vt 0.455051 0.401146
vt 0.452515 0.056305
vt 0.500000 -0.000000
vt 1.000000 1.000000
vt 0.605939 0.551203
vt 0.949557 0.897487
vt -0.000013 0.500000
vt -0.000013 -0.000000
vt 0.045500 0.101034
vt 0.051840 0.442989
vt 0.548881 0.050533
vt 0.545077 0.398261
vt 0.500000 1.000000
vt 0.548881 0.947987
vt 0.898839 0.953758
vt 1.000000 -0.000000
vt 1.000000 0.500000
vt 0.950825 0.451646
vt 0.957165 0.101033
vt 0.394190 0.545432
vt 0.048036 0.883059
vt 0.115237 0.056305
vt 0.336212 0.176679
vt 0.389117 0.453089
vt 0.143902 0.347318
vt 0.042964 0.554089
vt 0.449980 0.943658
vt 0.149626 0.671662
vt 0.328198 0.842301
vt 0.545078 0.594488
vt 0.641846 0.821459
vt 0.827287 0.653426
vt 0.947021 0.558417
vt 0.664194 0.173608
vt 0.901375 0.050533
vt 0.598332 0.455975
vt 0.848406 0.344146
vt 0.097487 0.953758
vt -0.000013 1.000000
vt 0.500000 0.500000
vt 0.452516 0.601702
vt 0.455051 0.401146
vt 0.452515 0.056305
vt 0.500000 -0.000000
vt 1.000000 1.000000
vt 0.605939 0.551203
vt 0.949557 0.897487
vt -0.000013 0.500000
vt -0.000013 -0.000000
vt 0.045500 0.101034
vt 0.051840 0.442989
vt 0.548881 0.050533
vt 0.545077 0.398261
vt 0.500000 1.000000
vt 0.548881 0.947987
vt 0.898839 0.953758
vt 1.000000 -0.000000
vt 1.000000 0.500000
vt 0.950825 0.451646
vt 0.957165 0.101033
vt 0.394190 0.545432
vt 0.048036 0.883059
vt 0.115237 0.056305
vt 0.336212 0.176679
vt 0.389117 0.453089
vt 0.143902 0.347318
vt 0.042964 0.554089
vt 0.449980 0.943658
vt 0.149626 0.671662
vt 0.328198 0.842301
vt 0.545078 0.594488
vt 0.641846 0.821459
vt 0.827287 0.653426
vt 0.947021 0.558417
vt 0.664194 0.173608
vt 0.901375 0.050533
vt 0.598332 0.455975
vt 0.848406 0.344146
vt 0.097487 0.953758
vt -0.000013 1.000000
vt 0.500000 0.500000
vt 0.452516 0.601702
vt 0.455051 0.401146
vt 0.452515 0.056305
vt 0.500000 -0.000000
vt 1.000000 1.000000
vt 0.605939 0.551203
vt 0.949557 0.897487
vt -0.000013 0.500000
vt -0.000013 -0.000000
vt 0.045500 0.101034
vt 0.051840 0.442989
vt 0.548881 0.050533
vt 0.545077 0.398261
vt 0.500000 1.000000
vt 0.548881 0.947987
vt 0.898839 0.953758
vt 1.000000 -0.000000
vt 1.000000 0.500000
vt 0.950825 0.451646
vt 0.957165 0.101033
vt 0.394190 0.545432
vt 0.048036 0.883059
vt 0.115237 0.056305
vt 0.336212 0.176679
vt 0.389117 0.453089
vt 0.143902 0.347318
vt 0.042964 0.554089
vt 0.449980 0.943658
vt 0.149626 0.671662
vt 0.328198 0.842301
vt 0.545078 0.594488
vt 0.641846 0.821459
vt 0.827287 0.653426
vt 0.947021 0.558417
vt 0.664194 0.173608
vt 0.901375 0.050533
vt 0.598332 0.455975
vt 0.848406 0.344146
vt 0.097487 0.953758
vt -0.000013 1.000000
vt 0.500000 0.500000
vt 0.452516 0.601702
vt 0.455051 0.401146
vt 0.452515 0.056305
vt 0.500000 -0.000000
vt 1.000000 1.000000
vt 0.605939 0.551203
vt 0.949557 0.897487
vt -0.000013 0.500000
vt -0.000013 -0.000000
vt 0.045500 0.101034
vt 0.051840 0.442989
vt 0.548881 0.050533
vt 0.545077 0.398261
vt 0.500000 1.000000
vt 0.548881 0.947987
vt 0.898839 0.953758
vt 1.000000 -0.000000
vt 1.000000 0.500000
vt 0.950825 0.451646
vt 0.957165 0.101033
vt 0.394190 0.545432
vt 0.048036 0.883059
vt 0.115237 0.056305
vt 0.336212 0.176679
vt 0.389117 0.453089
vt 0.143902 0.347318
vt 0.042964 0.554089
vt 0.449980 0.943658
vt 0.149626 0.671662
vt 0.328198 0.842301
vt 0.545078 0.594488
vt 0.641846 0.821459
vt 0.827287 0.653426
vt 0.947021 0.558417
vt 0.664194 0.173608
vt 0.901375 0.050533
vt 0.598332 0.455975
vt 0.848406 0.344146
vt -0.386626 0.402607
vt 1.901396 0.371311
vt 0.496184 0.399526
vt -0.386626 0.371311
vt 0.006225 0.006225
vt 0.092035 0.064509
vt 0.437158 0.409632
vt 0.495654 0.500000
vt 0.437158 0.590368
vt 0.092035 0.935491
vt 0.006225 0.993775
vt 0.495654 0.993775
vt 0.472474 0.935653
vt 0.472474 0.600985
vt 0.102651 0.970807
vt 0.437320 0.970807
vt 0.006225 0.503816
vt 0.029193 0.562680
vt 0.029193 0.897349
vt 0.064509 0.907965
vt 0.409632 0.562842
vt 0.399015 0.527526
vt 0.064347 0.527526
vt 0.409632 0.437158
vt 0.064509 0.092035
vt 0.006225 0.496184
vt 0.064347 0.472474
vt 0.399015 0.472474
vt 0.029193 0.102651
vt 0.029193 0.437320
vt 0.472474 0.399016
vt 0.472474 0.064347
vt 0.495654 0.006225
vt 0.437320 0.029193
vt 0.102651 0.029193
vt 0.030391 0.553582
vt 0.033903 0.545103
vt 0.039489 0.537823
vt 0.046770 0.532236
vt 0.055249 0.528724
vt 0.409700 0.528729
vt 0.417250 0.532258
vt 0.421151 0.537870
vt 0.421136 0.545184
vt 0.417207 0.553702
vt 0.055369 0.915540
vt 0.046851 0.919469
vt 0.039537 0.919484
vt 0.033924 0.915583
vt 0.030396 0.908033
vt 0.030396 0.091967
vt 0.033924 0.084417
vt 0.039537 0.080516
vt 0.046851 0.080531
vt 0.055369 0.084460
vt 0.417207 0.446298
vt 0.421136 0.454816
vt 0.421151 0.462130
vt 0.417250 0.467742
vt 0.409700 0.471271
vt 0.055249 0.471276
vt 0.046770 0.467764
vt 0.039489 0.462178
vt 0.033903 0.454897
vt 0.030391 0.446418
vt 0.091966 0.969604
vt 0.084417 0.966076
vt 0.080516 0.960463
vt 0.080531 0.953149
vt 0.084460 0.944631
vt 0.446298 0.582793
vt 0.454816 0.578864
vt 0.462130 0.578850
vt 0.467742 0.582750
vt 0.471270 0.590300
vt 0.471276 0.944752
vt 0.467764 0.953230
vt 0.462177 0.960511
vt 0.454897 0.966097
vt 0.446418 0.969609
vt 0.471270 0.409700
vt 0.467742 0.417250
vt 0.462130 0.421151
vt 0.454816 0.421136
vt 0.446298 0.417207
vt 0.084460 0.055369
vt 0.080531 0.046851
vt 0.080516 0.039537
vt 0.084417 0.033925
vt 0.091966 0.030396
vt 0.446418 0.030391
vt 0.454897 0.033903
vt 0.462177 0.039490
vt 0.467764 0.046770
vt 0.471276 0.055249
vt 0.006225 0.006225
vt 0.495654 0.500000
vt 0.437158 0.409632
vt 0.092035 0.064509
vt 0.092035 0.935491
vt 0.437158 0.590368
vt 0.472474 0.600985
vt 0.472474 0.935653
vt 0.437320 0.970807
vt 0.102651 0.970807
vt 0.006225 0.503816
vt 0.029193 0.897349
vt 0.029193 0.562680
vt 0.409632 0.562842
vt 0.064509 0.907965
vt 0.064347 0.527526
vt 0.399015 0.527526
vt 0.064509 0.092035
vt 0.409632 0.437158
vt 0.006225 0.496184
vt 0.399015 0.472474
vt 0.064347 0.472474
vt 0.029193 0.437320
vt 0.029193 0.102651
vt 0.495654 0.006225
vt 0.472474 0.064347
vt 0.472474 0.399016
vt 0.102651 0.029193
vt 0.437320 0.029193
vt 0.030391 0.553582
vt 0.033903 0.545103
vt 0.039489 0.537823
vt 0.046770 0.532236
vt 0.055249 0.528724
vt 0.409700 0.528729
vt 0.417250 0.532258
vt 0.421151 0.537870
vt 0.421136 0.545184
vt 0.417207 0.553702
vt 0.055369 0.915540
vt 0.046851 0.919469
vt 0.039537 0.919484
vt 0.033924 0.915583
vt 0.030396 0.908033
vt 0.030396 0.091967
vt 0.033924 0.084417
vt 0.039537 0.080516
vt 0.046851 0.080531
vt 0.055369 0.084460
vt 0.417207 0.446298
vt 0.421136 0.454816
vt 0.421151 0.462130
vt 0.417250 0.467742
vt 0.409700 0.471271
vt 0.055249 0.471276
vt 0.046770 0.467764
vt 0.039489 0.462178
vt 0.033903 0.454897
vt 0.030391 0.446418
vt 0.091966 0.969604
vt 0.084417 0.966076
vt 0.080516 0.960463
vt 0.080531 0.953149
vt 0.084460 0.944631
vt 0.446298 0.582793
vt 0.454816 0.578864
vt 0.462130 0.578850
vt 0.467742 0.582750
vt 0.471270 0.590300
vt 0.471276 0.944752
vt 0.467764 0.953230
vt 0.462177 0.960511
vt 0.454897 0.966097
vt 0.446418 0.969609
vt 0.471270 0.409700
vt 0.467742 0.417250
vt 0.462130 0.421151
vt 0.454816 0.421136
vt 0.446298 0.417207
vt 0.084460 0.055369
vt 0.080531 0.046851
vt 0.080516 0.039537
vt 0.084417 0.033925
vt 0.091966 0.030396
vt 0.446418 0.030391
vt 0.454897 0.033903
vt 0.462177 0.039490
vt 0.467764 0.046770
vt 0.471276 0.055249
vt -0.386626 0.402607
vt -0.386626 0.371311
vt 0.006225 0.006225
vt 0.437158 0.409632
vt 0.092035 0.064509
vt 0.006225 0.993775
vt 0.092035 0.935491
vt 0.437158 0.590368
vt 0.472474 0.600985
vt 0.472474 0.935653
vt 0.437320 0.970807
vt 0.102651 0.970807
vt 0.006225 0.503816
vt 0.029193 0.897349
vt 0.029193 0.562680
vt 0.409632 0.562842
vt 0.064509 0.907965
vt 0.064347 0.527526
vt 0.399015 0.527526
vt 0.064509 0.092035
vt 0.409632 0.437158
vt 0.006225 0.496184
vt 0.399015 0.472474
vt 0.064347 0.472474
vt 0.029193 0.437320
vt 0.029193 0.102651
vt 0.472474 0.064347
vt 0.472474 0.399016
vt 0.102651 0.029193
vt 0.437320 0.029193
vt 0.030391 0.553582
vt 0.033903 0.545103
vt 0.039489 0.537823
vt 0.046770 0.532236
vt 0.055249 0.528724
vt 0.409700 0.528729
vt 0.417250 0.532258
vt 0.421151 0.537870
vt 0.421136 0.545184
vt 0.417207 0.553702
vt 0.055369 0.915540
vt 0.046851 0.919469
vt 0.039537 0.919484
vt 0.033924 0.915583
vt 0.030396 0.908033
vt 0.030396 0.091967
vt 0.033924 0.084417
vt 0.039537 0.080516
vt 0.046851 0.080531
vt 0.055369 0.084460
vt 0.417207 0.446298
vt 0.421136 0.454816
vt 0.421151 0.462130
vt 0.417250 0.467742
vt 0.409700 0.471271
vt 0.055249 0.471276
vt 0.046770 0.467764
vt 0.039489 0.462178
vt 0.033903 0.454897
vt 0.030391 0.446418
vt 0.091966 0.969604
vt 0.084417 0.966076
vt 0.080516 0.960463
vt 0.080531 0.953149
vt 0.084460 0.944631
vt 0.446298 0.582793
vt 0.454816 0.578864
vt 0.462130 0.578850
vt 0.467742 0.582750
vt 0.471270 0.590300
vt 0.471276 0.944752
vt 0.467764 0.953230
vt 0.462177 0.960511
vt 0.454897 0.966097
vt 0.446418 0.969609
vt 0.471270 0.409700
vt 0.467742 0.417250
vt 0.462130 0.421151
vt 0.454816 0.421136
vt 0.446298 0.417207
vt 0.084460 0.055369
vt 0.080531 0.046851
vt 0.080516 0.039537
vt 0.084417 0.033925
vt 0.091966 0.030396
vt 0.446418 0.030391
vt 0.454897 0.033903
vt 0.462177 0.039490
vt 0.467764 0.046770
vt 0.471276 0.055249
vt 0.006225 0.006225
vt 0.092035 0.064509
vt 0.437158 0.409632
vt 0.437158 0.590368
vt 0.092035 0.935491
vt 0.472474 0.935653
vt 0.472474 0.600985
vt 0.102651 0.970807
vt 0.437320 0.970807
vt 0.006225 0.503816
vt 0.029193 0.562680
vt 0.029193 0.897349
vt 0.064509 0.907965
vt 0.409632 0.562842
vt 0.399015 0.527526
vt 0.064347 0.527526
vt 0.409632 0.437158
vt 0.064509 0.092035
vt 0.006225 0.496184
vt 0.064347 0.472474
vt 0.399015 0.472474
vt 0.029193 0.102651
vt 0.029193 0.437320
vt 0.472474 0.399016
vt 0.472474 0.064347
vt 0.437320 0.029193
vt 0.102651 0.029193
vt 0.030391 0.553582
vt 0.033903 0.545103
vt 0.039489 0.537823
vt 0.046770 0.532236
vt 0.055249 0.528724
vt 0.409700 0.528729
vt 0.417250 0.532258
vt 0.421151 0.537870
vt 0.421136 0.545184
vt 0.417207 0.553702
vt 0.055369 0.915540
vt 0.046851 0.919469
vt 0.039537 0.919484
vt 0.033924 0.915583
vt 0.030396 0.908033
vt 0.030396 0.091967
vt 0.033924 0.084417
vt 0.039537 0.080516
vt 0.046851 0.080531
vt 0.055369 0.084460
vt 0.417207 0.446298
vt 0.421136 0.454816
vt 0.421151 0.462130
vt 0.417250 0.467742
vt 0.409700 0.471271
vt 0.055249 0.471276
vt 0.046770 0.467764
vt 0.039489 0.462178
vt 0.033903 0.454897
vt 0.030391 0.446418
vt 0.091966 0.969604
vt 0.084417 0.966076
vt 0.080516 0.960463
vt 0.080531 0.953149
vt 0.084460 0.944631
vt 0.446298 0.582793
vt 0.454816 0.578864
vt 0.462130 0.578850
vt 0.467742 0.582750
vt 0.471270 0.590300
vt 0.471276 0.944752
vt 0.467764 0.953230
vt 0.462177 0.960511
vt 0.454897 0.966097
vt 0.446418 0.969609
vt 0.471270 0.409700
vt 0.467742 0.417250
vt 0.462130 0.421151
vt 0.454816 0.421136
vt 0.446298 0.417207
vt 0.084460 0.055369
vt 0.080531 0.046851
vt 0.080516 0.039537
vt 0.084417 0.033925
vt 0.091966 0.030396
vt 0.446418 0.030391
vt 0.454897 0.033903
vt 0.462177 0.039490
vt 0.467764 0.046770
vt 0.471276 0.055249
vt -0.386626 0.402607
vt 1.901396 0.371311
vt 0.496184 0.399526
vt -0.386626 0.371311
vt 0.006225 0.006225
vt 0.092035 0.064509
vt 0.437158 0.409632
vt 0.495654 0.500000
vt 0.437158 0.590368
vt 0.092035 0.935491
vt 0.006225 0.993775
vt 0.495654 0.993775
vt 0.472474 0.935653
vt 0.472474 0.600985
vt 0.102651 0.970807
vt 0.437320 0.970807
vt 0.006225 0.503816
vt 0.029193 0.562680
vt 0.029193 0.897349
vt 0.064509 0.907965
vt 0.409632 0.562842
vt 0.399015 0.527526
vt 0.064347 0.527526
vt 0.409632 0.437158
vt 0.064509 0.092035
vt 0.006225 0.496184
vt 0.064347 0.472474
vt 0.399015 0.472474
vt 0.029193 0.102651
vt 0.029193 0.437320
vt 0.472474 0.399016
vt 0.472474 0.064347
vt 0.495654 0.006225
vt 0.437320 0.029193
vt 0.102651 0.029193
vt 0.030391 0.553582
vt 0.033903 0.545103
vt 0.039489 0.537823
vt 0.046770 0.532236
vt 0.055249 0.528724
vt 0.409700 0.528729
vt 0.417250 0.532258
vt 0.421151 0.537870
vt 0.421136 0.545184
vt 0.417207 0.553702
vt 0.055369 0.915540
vt 0.046851 0.919469
vt 0.039537 0.919484
vt 0.033924 0.915583
vt 0.030396 0.908033
vt 0.030396 0.091967
vt 0.033924 0.084417
vt 0.039537 0.080516
vt 0.046851 0.080531
vt 0.055369 0.084460
vt 0.417207 0.446298
vt 0.421136 0.454816
vt 0.421151 0.462130
vt 0.417250 0.467742
vt 0.409700 0.471271
vt 0.055249 0.471276
vt 0.046770 0.467764
vt 0.039489 0.462178
vt 0.033903 0.454897
vt 0.030391 0.446418
vt 0.091966 0.969604
vt 0.084417 0.966076
vt 0.080516 0.960463
vt 0.080531 0.953149
vt 0.084460 0.944631
vt 0.446298 0.582793
vt 0.454816 0.578864
vt 0.462130 0.578850
vt 0.467742 0.582750
vt 0.471270 0.590300
vt 0.471276 0.944752
vt 0.467764 0.953230
vt 0.462177 0.960511
vt 0.454897 0.966097
vt 0.446418 0.969609
vt 0.471270 0.409700
vt 0.467742 0.417250
vt 0.462130 0.421151
vt 0.454816 0.421136
vt 0.446298 0.417207
vt 0.084460 0.055369
vt 0.080531 0.046851
vt 0.080516 0.039537
vt 0.084417 0.033925
vt 0.091966 0.030396
vt 0.446418 0.030391
vt 0.454897 0.033903
vt 0.462177 0.039490
vt 0.467764 0.046770
vt 0.471276 0.055249
vt 0.006225 0.006225
vt 0.495654 0.500000
vt 0.437158 0.409632
vt 0.092035 0.064509
vt 0.092035 0.935491
vt 0.437158 0.590368
vt 0.472474 0.600985
vt 0.472474 0.935653
vt 0.437320 0.970807
vt 0.102651 0.970807
vt 0.006225 0.503816
vt 0.029193 0.897349
vt 0.029193 0.562680
vt 0.409632 0.562842
vt 0.064509 0.907965
vt 0.064347 0.527526
vt 0.399015 0.527526
vt 0.064509 0.092035
vt 0.409632 0.437158
vt 0.006225 0.496184
vt 0.399015 0.472474
vt 0.064347 0.472474
vt 0.029193 0.437320
vt 0.029193 0.102651
vt 0.495654 0.006225
vt 0.472474 0.064347
vt 0.472474 0.399016
vt 0.102651 0.029193
vt 0.437320 0.029193
vt 0.030391 0.553582
vt 0.033903 0.545103
vt 0.039489 0.537823
vt 0.046770 0.532236
vt 0.055249 0.528724
vt 0.409700 0.528729
vt 0.417250 0.532258
vt 0.421151 0.537870
vt 0.421136 0.545184
vt 0.417207 0.553702
vt 0.055369 0.915540
vt 0.046851 0.919469
vt 0.039537 0.919484
vt 0.033924 0.915583
vt 0.030396 0.908033
vt 0.030396 0.091967
vt 0.033924 0.084417
vt 0.039537 0.080516
vt 0.046851 0.080531
vt 0.055369 0.084460
vt 0.417207 0.446298
vt 0.421136 0.454816
vt 0.421151 0.462130
vt 0.417250 0.467742
vt 0.409700 0.471271
vt 0.055249 0.471276
vt 0.046770 0.467764
vt 0.039489 0.462178
vt 0.033903 0.454897
vt 0.030391 0.446418
vt 0.091966 0.969604
vt 0.084417 0.966076
vt 0.080516 0.960463
vt 0.080531 0.953149
vt 0.084460 0.944631
vt 0.446298 0.582793
vt 0.454816 0.578864
vt 0.462130 0.578850
vt 0.467742 0.582750
vt 0.471270 0.590300
vt 0.471276 0.944752
vt 0.467764 0.953230
vt 0.462177 0.960511
vt 0.454897 0.966097
vt 0.446418 0.969609
vt 0.471270 0.409700
vt 0.467742 0.417250
vt 0.462130 0.421151
vt 0.454816 0.421136
vt 0.446298 0.417207
vt 0.084460 0.055369
vt 0.080531 0.046851
vt 0.080516 0.039537
vt 0.084417 0.033925
vt 0.091966 0.030396
vt 0.446418 0.030391
vt 0.454897 0.033903
vt 0.462177 0.039490
vt 0.467764 0.046770
vt 0.471276 0.055249
vt -0.386626 0.402607
vt -0.386626 0.371311
vt 0.437158 0.409632
vt 0.092035 0.064509
vt 0.092035 0.935491
vt 0.437158 0.590368
vt 0.472474 0.600985
vt 0.472474 0.935653
vt 0.437320 0.970807
vt 0.102651 0.970807
vt 0.029193 0.897349
vt 0.029193 0.562680
vt 0.409632 0.562842
vt 0.064509 0.907965
vt 0.064347 0.527526
vt 0.399015 0.527526
vt 0.064509 0.092035
vt 0.409632 0.437158
vt 0.399015 0.472474
vt 0.064347 0.472474
vt 0.029193 0.437320
vt 0.029193 0.102651
vt 0.472474 0.064347
vt 0.472474 0.399016
vt 0.102651 0.029193
vt 0.437320 0.029193
vt 0.030391 0.553582
vt 0.033903 0.545103
vt 0.039489 0.537823
vt 0.046770 0.532236
vt 0.055249 0.528724
vt 0.409700 0.528729
vt 0.417250 0.532258
vt 0.421151 0.537870
vt 0.421136 0.545184
vt 0.417207 0.553702
vt 0.055369 0.915540
vt 0.046851 0.919469
vt 0.039537 0.919484
vt 0.033924 0.915583
vt 0.030396 0.908033
vt 0.030396 0.091967
vt 0.033924 0.084417
vt 0.039537 0.080516
vt 0.046851 0.080531
vt 0.055369 0.084460
vt 0.417207 0.446298
vt 0.421136 0.454816
vt 0.421151 0.462130
vt 0.417250 0.467742
vt 0.409700 0.471271
vt 0.055249 0.471276
vt 0.046770 0.467764
vt 0.039489 0.462178
vt 0.033903 0.454897
vt 0.030391 0.446418
vt 0.091966 0.969604
vt 0.084417 0.966076
vt 0.080516 0.960463
vt 0.080531 0.953149
vt 0.084460 0.944631
vt 0.446298 0.582793
vt 0.454816 0.578864
vt 0.462130 0.578850
vt 0.467742 0.582750
vt 0.471270 0.590300
vt 0.471276 0.944752
vt 0.467764 0.953230
vt 0.462177 0.960511
vt 0.454897 0.966097
vt 0.446418 0.969609
vt 0.471270 0.409700
vt 0.467742 0.417250
vt 0.462130 0.421151
vt 0.454816 0.421136
vt 0.446298 0.417207
vt 0.084460 0.055369
vt 0.080531 0.046851
vt 0.080516 0.039537
vt 0.084417 0.033925
vt 0.091966 0.030396
vt 0.446418 0.030391
vt 0.454897 0.033903
vt 0.462177 0.039490
vt 0.467764 0.046770
vt 0.471276 0.055249
vt 0.092035 0.064509
vt 0.437158 0.409632
vt 0.437158 0.590368
vt 0.092035 0.935491
vt 0.472474 0.935653
vt 0.472474 0.600985
vt 0.102651 0.970807
vt 0.437320 0.970807
vt 0.029193 0.562680
vt 0.029193 0.897349
vt 0.064509 0.907965
vt 0.409632 0.562842
vt 0.399015 0.527526
vt 0.064347 0.527526
vt 0.409632 0.437158
vt 0.064509 0.092035
vt 0.064347 0.472474
vt 0.399015 0.472474
vt 0.029193 0.102651
vt 0.029193 0.437320
vt 0.472474 0.399016
vt 0.472474 0.064347
vt 0.437320 0.029193
vt 0.102651 0.029193
vt 0.030391 0.553582
vt 0.033903 0.545103
vt 0.039489 0.537823
vt 0.046770 0.532236
vt 0.055249 0.528724
vt 0.409700 0.528729
vt 0.417250 0.532258
vt 0.421151 0.537870
vt 0.421136 0.545184
vt 0.417207 0.553702
vt 0.055369 0.915540
vt 0.046851 0.919469
vt 0.039537 0.919484
vt 0.033924 0.915583
vt 0.030396 0.908033
vt 0.030396 0.091967
vt 0.033924 0.084417
vt 0.039537 0.080516
vt 0.046851 0.080531
vt 0.055369 0.084460
vt 0.417207 0.446298
vt 0.421136 0.454816
vt 0.421151 0.462130
vt 0.417250 0.467742
vt 0.409700 0.471271
vt 0.055249 0.471276
vt 0.046770 0.467764
vt 0.039489 0.462178
vt 0.033903 0.454897
vt 0.030391 0.446418
vt 0.091966 0.969604
vt 0.084417 0.966076
vt 0.080516 0.960463
vt 0.080531 0.953149
vt 0.084460 0.944631
vt 0.446298 0.582793
vt 0.454816 0.578864
vt 0.462130 0.578850
vt 0.467742 0.582750
vt 0.471270 0.590300
vt 0.471276 0.944752
vt 0.467764 0.953230
vt 0.462177 0.960511
vt 0.454897 0.966097
vt 0.446418 0.969609
vt 0.471270 0.409700
vt 0.467742 0.417250
vt 0.462130 0.421151
vt 0.454816 0.421136
vt 0.446298 0.417207
vt 0.084460 0.055369
vt 0.080531 0.046851
vt 0.080516 0.039537
vt 0.084417 0.033925
vt 0.091966 0.030396
vt 0.446418 0.030391
vt 0.454897 0.033903
vt 0.462177 0.039490
vt 0.467764 0.046770
vt 0.471276 0.055249
vt 0.177509 0.402606
vt 0.177509 0.371312
vt 0.148164 0.371312
vt 0.148164 0.402606
vt 1.090900 0.402606
vt 1.090900 0.371312
vt 1.115947 0.402606
vt 1.115947 0.371312
vt 1.140993 0.402606
vt 1.140993 0.371312
vt 1.166039 0.402606
vt 1.166039 0.371312
vt 1.191086 0.402606
vt 1.191086 0.371312
vt 1.216133 0.402606
vt 1.216133 0.371312
vt 1.241179 0.402606
vt 1.241179 0.371312
vt 2.154570 0.402607
vt 2.154570 0.371313
vt 2.183916 0.402607
vt 2.183916 0.371313
vt 2.206659 0.402607
vt 2.206659 0.371313
vt 2.225313 0.402607
vt 2.225313 0.371313
vt 2.245275 0.402607
vt 2.245276 0.371313
vt 2.270876 0.402607
vt 2.270876 0.371313
vt 2.303277 0.402607
vt 2.303277 0.371313
vt 0.028803 0.402606
vt 0.028803 0.371312
vt -1.303277 0.371311
vt -1.303277 0.402605
vt 0.061204 0.402606
vt 0.061203 0.371312
vt 0.086804 0.402606
vt 0.086803 0.371312
vt 0.106766 0.402606
vt 0.106766 0.371312
vt 0.125419 0.402606
vt 0.125419 0.371312
vt 0.493149 0.402607
vt -0.386626 0.402607
vt -0.386626 0.371311
vt 0.493149 0.371311
vt 0.506851 0.371311
vt 0.506851 0.402607
vt 1.386626 0.371311
vt 1.386626 0.402607
vt 2.273968 0.402607
vt 2.273968 0.371312
vt 2.251223 0.371312
vt 2.251223 0.402607
vt 2.232569 0.371312
vt 2.232569 0.402607
vt 2.212607 0.371312
vt 2.212607 0.402607
vt 2.187006 0.371312
vt 2.187006 0.402607
vt 2.154605 0.371312
vt 2.154605 0.402607
vt 0.822497 0.371311
vt 0.822497 0.402606
vt 0.790096 0.371311
vt 0.790095 0.402606
vt 0.764495 0.371311
vt 0.764495 0.402606
vt 0.744532 0.371311
vt 0.744532 0.402606
vt 0.725879 0.371311
vt 0.725879 0.402606
vt 0.703133 0.371311
vt 0.703133 0.402606
vt 0.673787 0.371311
vt 0.673787 0.402606
vt -0.239623 0.371311
vt -0.239623 0.402606
vt -0.264670 0.371311
vt -0.264670 0.402606
vt -0.289717 0.371311
vt -0.289717 0.402606
vt -0.314764 0.371311
vt -0.314764 0.402606
vt -0.339811 0.371311
vt -0.339810 0.402606
vt -0.364857 0.371311
vt -0.364857 0.402606
vt -0.389905 0.371311
vt -0.389905 0.402606
vt -1.303314 0.371311
vt -1.303314 0.402606
vt 2.303314 0.402607
vt 2.303314 0.371312
vt -0.115983 0.402607
vt -0.115983 0.371311
vt -0.141030 0.371311
vt -0.141030 0.402607
vt -0.166078 0.371311
vt -0.166078 0.402607
vt -0.191127 0.371311
vt -0.191127 0.402607
vt -0.216174 0.371311
vt -0.216174 0.402607
vt -0.241223 0.371311
vt -0.241223 0.402607
vt -1.154665 0.371311
vt -1.154665 0.402607
vt -1.184013 0.371311
vt -1.184013 0.402607
vt -1.206758 0.371311
vt -1.206758 0.402607
vt -1.225413 0.371311
vt -1.225413 0.402607
vt -1.245376 0.371311
vt -1.245376 0.402607
vt -1.270979 0.371311
vt -1.270979 0.402607
vt -1.303381 0.371311
vt -1.303381 0.402607
vt 2.303381 0.402607
vt 2.303381 0.371311
vt 0.971224 0.371311
vt 0.971224 0.402607
vt 0.938822 0.371311
vt 0.938822 0.402607
vt 0.913220 0.371311
vt 0.913219 0.402607
vt 0.893256 0.371311
vt 0.893256 0.402607
vt 0.874602 0.371311
vt 0.874602 0.402607
vt 0.851857 0.371311
vt 0.851857 0.402607
vt 0.822509 0.371311
vt 0.822509 0.402607
vt -0.090934 0.371311
vt -0.090934 0.402607
vt 0.296859 0.402607
vt 0.296859 0.371311
vt 0.274114 0.371311
vt 0.274114 0.402607
vt 0.255460 0.371311
vt 0.255460 0.402607
vt 0.235497 0.371311
vt 0.235497 0.402607
vt 0.209895 0.371311
vt 0.209895 0.402607
vt 0.177492 0.371311
vt 0.177492 0.402607
vt -1.154659 0.371311
vt -1.154659 0.402607
vt -1.187061 0.371311
vt -1.187061 0.402607
vt -1.212663 0.371311
vt -1.212663 0.402607
vt -1.232626 0.371311
vt -1.232626 0.402607
vt -1.251281 0.371311
vt -1.251281 0.402607
vt -1.274027 0.371311
vt -1.274027 0.402607
vt -1.303374 0.371311
vt -1.303374 0.402607
vt 2.303374 0.402607
vt 2.303374 0.371311
vt 1.389935 0.371311
vt 1.389935 0.402607
vt 1.364886 0.371311
vt 1.364886 0.402607
vt 1.339839 0.371311
vt 1.339839 0.402607
vt 1.314790 0.371311
vt 1.314790 0.402607
vt 1.289743 0.371311
vt 1.289743 0.402607
vt 1.264695 0.371311
vt 1.264695 0.402607
vt 1.239647 0.371311
vt 1.239647 0.402607
vt 0.326207 0.371311
vt 0.326207 0.402607
vt 0.177509 0.402606
vt 0.148164 0.402606
vt 0.148164 0.371312
vt 0.177509 0.371312
vt 1.090900 0.402606
vt 1.090900 0.371312
vt 1.115947 0.402606
vt 1.115947 0.371312
vt 1.140993 0.402606
vt 1.140993 0.371312
vt 1.166039 0.402606
vt 1.166039 0.371312
vt 1.191086 0.402606
vt 1.191086 0.371312
vt 1.216133 0.402606
vt 1.216133 0.371312
vt 1.241179 0.402606
vt 1.241179 0.371312
vt 2.154570 0.402607
vt 2.154570 0.371313
vt 2.183916 0.402607
vt 2.183916 0.371313
vt 2.206659 0.402607
vt 2.206659 0.371313
vt 2.225313 0.402607
vt 2.225313 0.371313
vt 2.245275 0.402607
vt 2.245276 0.371313
vt 2.270876 0.402607
vt 2.270876 0.371313
vt 2.303277 0.402607
vt 2.303277 0.371313
vt 0.028803 0.402606
vt -1.303277 0.402605
vt -1.303277 0.371311
vt 0.028803 0.371312
vt 0.061204 0.402606
vt 0.061203 0.371312
vt 0.086804 0.402606
vt 0.086803 0.371312
vt 0.106766 0.402606
vt 0.106766 0.371312
vt 0.125419 0.402606
vt 0.125419 0.371312
vt 0.493149 0.402607
vt 0.493149 0.371311
vt 0.506851 0.371311
vt 0.506851 0.402607
vt 1.386626 0.371311
vt 1.386626 0.402607
vt 0.506851 0.402607
vt 1.386626 0.402607
vt 1.386626 0.371311
vt 0.506851 0.371311
vt 2.273968 0.402607
vt 2.251223 0.402607
vt 2.251223 0.371312
vt 2.273968 0.371312
vt 2.232569 0.402607
vt 2.232569 0.371312
vt 2.212607 0.402607
vt 2.212607 0.371312
vt 2.187006 0.402607
vt 2.187006 0.371312
vt 2.154605 0.402607
vt 2.154605 0.371312
vt 0.822497 0.402606
vt 0.822497 0.371311
vt 0.790095 0.402606
vt 0.790096 0.371311
vt 0.764495 0.402606
vt 0.764495 0.371311
vt 0.744532 0.402606
vt 0.744532 0.371311
vt 0.725879 0.402606
vt 0.725879 0.371311
vt 0.703133 0.402606
vt 0.703133 0.371311
vt 0.673787 0.402606
vt 0.673787 0.371311
vt -0.239623 0.402606
vt -0.239623 0.371311
vt -0.264670 0.402606
vt -0.264670 0.371311
vt -0.289717 0.402606
vt -0.289717 0.371311
vt -0.314764 0.402606
vt -0.314764 0.371311
vt -0.339810 0.402606
vt -0.339811 0.371311
vt -0.364857 0.402606
vt -0.364857 0.371311
vt -0.389905 0.402606
vt -0.389905 0.371311
vt -1.303314 0.402606
vt -1.303314 0.371311
vt 2.303314 0.402607
vt 2.303314 0.371312
vt -0.115983 0.402607
vt -0.141030 0.402607
vt -0.141030 0.371311
vt -0.115983 0.371311
vt -0.166078 0.402607
vt -0.166078 0.371311
vt -0.191127 0.402607
vt -0.191127 0.371311
vt -0.216174 0.402607
vt -0.216174 0.371311
vt -0.241223 0.402607
vt -0.241223 0.371311
vt -1.154665 0.402607
vt -1.154665 0.371311
vt -1.184013 0.402607
vt -1.184013 0.371311
vt -1.206758 0.402607
vt -1.206758 0.371311
vt -1.225413 0.402607
vt -1.225413 0.371311
vt -1.245376 0.402607
vt -1.245376 0.371311
vt -1.270979 0.402607
vt -1.270979 0.371311
vt -1.303381 0.402607
vt -1.303381 0.371311
vt 2.303381 0.402607
vt 0.971224 0.402607
vt 0.971224 0.371311
vt 2.303381 0.371311
vt 0.938822 0.402607
vt 0.938822 0.371311
vt 0.913219 0.402607
vt 0.913220 0.371311
vt 0.893256 0.402607
vt 0.893256 0.371311
vt 0.874602 0.402607
vt 0.874602 0.371311
vt 0.851857 0.402607
vt 0.851857 0.371311
vt 0.822509 0.402607
vt 0.822509 0.371311
vt -0.090934 0.402607
vt -0.090934 0.371311
vt 0.296859 0.402607
vt 0.274114 0.402607
vt 0.274114 0.371311
vt 0.296859 0.371311
vt 0.255460 0.402607
vt 0.255460 0.371311
vt 0.235497 0.402607
vt 0.235497 0.371311
vt 0.209895 0.402607
vt 0.209895 0.371311
vt 0.177492 0.402607
vt 0.177492 0.371311
vt -1.154659 0.402607
vt -1.154659 0.371311
vt -1.187061 0.402607
vt -1.187061 0.371311
vt -1.212663 0.402607
vt -1.212663 0.371311
vt -1.232626 0.402607
vt -1.232626 0.371311
vt -1.251281 0.402607
vt -1.251281 0.371311
vt -1.274027 0.402607
vt -1.274027 0.371311
vt -1.303374 0.402607
vt -1.303374 0.371311
vt 2.303374 0.402607
vt 1.389935 0.402607
vt 1.389935 0.371311
vt 2.303374 0.371311
vt 1.364886 0.402607
vt 1.364886 0.371311
vt 1.339839 0.402607
vt 1.339839 0.371311
vt 1.314790 0.402607
vt 1.314790 0.371311
vt 1.289743 0.402607
vt 1.289743 0.371311
vt 1.264695 0.402607
vt 1.264695 0.371311
vt 1.239647 0.402607
vt 1.239647 0.371311
vt 0.326207 0.402607
vt 0.326207 0.371311
vt 0.177509 0.402606
vt 0.148164 0.402606
vt 0.148164 0.371312
vt 0.177509 0.371312
vt 1.090900 0.402606
vt 1.090900 0.371312
vt 1.115947 0.402606
vt 1.115947 0.371312
vt 1.140993 0.402606
vt 1.140993 0.371312
vt 1.166039 0.402606
vt 1.166039 0.371312
vt 1.191086 0.402606
vt 1.191086 0.371312
vt 1.216133 0.402606
vt 1.216133 0.371312
vt 1.241179 0.402606
vt 1.241179 0.371312
vt 2.154570 0.402607
vt 2.154570 0.371313
vt 2.183916 0.402607
vt 2.183916 0.371313
vt 2.206659 0.402607
vt 2.206659 0.371313
vt 2.225313 0.402607
vt 2.225313 0.371313
vt 2.245275 0.402607
vt 2.245276 0.371313
vt 2.270876 0.402607
vt 2.270876 0.371313
vt 2.303277 0.402607
vt 2.303277 0.371313
vt 0.028803 0.402606
vt -1.303277 0.402605
vt -1.303277 0.371311
vt 0.028803 0.371312
vt 0.061204 0.402606
vt 0.061203 0.371312
vt 0.086804 0.402606
vt 0.086803 0.371312
vt 0.106766 0.402606
vt 0.106766 0.371312
vt 0.125419 0.402606
vt 0.125419 0.371312
vt 2.273968 0.402607
vt 2.251223 0.402607
vt 2.251223 0.371312
vt 2.273968 0.371312
vt 2.232569 0.402607
vt 2.232569 0.371312
vt 2.212607 0.402607
vt 2.212607 0.371312
vt 2.187006 0.402607
vt 2.187006 0.371312
vt 2.154605 0.402607
vt 2.154605 0.371312
vt 0.822497 0.402606
vt 0.822497 0.371311
vt 0.790095 0.402606
vt 0.790096 0.371311
vt 0.764495 0.402606
vt 0.764495 0.371311
vt 0.744532 0.402606
vt 0.744532 0.371311
vt 0.725879 0.402606
vt 0.725879 0.371311
vt 0.703133 0.402606
vt 0.703133 0.371311
vt 0.673787 0.402606
vt 0.673787 0.371311
vt -0.239623 0.402606
vt -0.239623 0.371311
vt -0.264670 0.402606
vt -0.264670 0.371311
vt -0.289717 0.402606
vt -0.289717 0.371311
vt -0.314764 0.402606
vt -0.314764 0.371311
vt -0.339810 0.402606
vt -0.339811 0.371311
vt -0.364857 0.402606
vt -0.364857 0.371311
vt -0.389905 0.402606
vt -0.389905 0.371311
vt -1.303314 0.402606
vt -1.303314 0.371311
vt 2.303314 0.402607
vt 2.303314 0.371312
vt -0.115983 0.402607
vt -0.141030 0.402607
vt -0.141030 0.371311
vt -0.115983 0.371311
vt -0.166078 0.402607
vt -0.166078 0.371311
vt -0.191127 0.402607
vt -0.191127 0.371311
vt -0.216174 0.402607
vt -0.216174 0.371311
vt -0.241223 0.402607
vt -0.241223 0.371311
vt -1.154665 0.402607
vt -1.154665 0.371311
vt -1.184013 0.402607
vt -1.184013 0.371311
vt -1.206758 0.402607
vt -1.206758 0.371311
vt -1.225413 0.402607
vt -1.225413 0.371311
vt -1.245376 0.402607
vt -1.245376 0.371311
vt -1.270979 0.402607
vt -1.270979 0.371311
vt -1.303381 0.402607
vt -1.303381 0.371311
vt 2.303381 0.402607
vt 0.971224 0.402607
vt 0.971224 0.371311
vt 2.303381 0.371311
vt 0.938822 0.402607
vt 0.938822 0.371311
vt 0.913219 0.402607
vt 0.913220 0.371311
vt 0.893256 0.402607
vt 0.893256 0.371311
vt 0.874602 0.402607
vt 0.874602 0.371311
vt 0.851857 0.402607
vt 0.851857 0.371311
vt 0.822509 0.402607
vt 0.822509 0.371311
vt -0.090934 0.402607
vt -0.090934 0.371311
vt 0.296859 0.402607
vt 0.274114 0.402607
vt 0.274114 0.371311
vt 0.296859 0.371311
vt 0.255460 0.402607
vt 0.255460 0.371311
vt 0.235497 0.402607
vt 0.235497 0.371311
vt 0.209895 0.402607
vt 0.209895 0.371311
vt 0.177492 0.402607
vt 0.177492 0.371311
vt -1.154659 0.402607
vt -1.154659 0.371311
vt -1.187061 0.402607
vt -1.187061 0.371311
vt -1.212663 0.402607
vt -1.212663 0.371311
vt -1.232626 0.402607
vt -1.232626 0.371311
vt -1.251281 0.402607
vt -1.251281 0.371311
vt -1.274027 0.402607
vt -1.274027 0.371311
vt -1.303374 0.402607
vt -1.303374 0.371311
vt 2.303374 0.402607
vt 1.389935 0.402607
vt 1.389935 0.371311
vt 2.303374 0.371311
vt 1.364886 0.402607
vt 1.364886 0.371311
vt 1.339839 0.402607
vt 1.339839 0.371311
vt 1.314790 0.402607
vt 1.314790 0.371311
vt 1.289743 0.402607
vt 1.289743 0.371311
vt 1.264695 0.402607
vt 1.264695 0.371311
vt 1.239647 0.402607
vt 1.239647 0.371311
vt 0.326207 0.402607
vt 0.326207 0.371311
vt 0.177509 0.402606
vt 0.177509 0.371312
vt 0.148164 0.371312
vt 0.148164 0.402606
vt 1.090900 0.402606
vt 1.090900 0.371312
vt 1.115947 0.402606
vt 1.115947 0.371312
vt 1.140993 0.402606
vt 1.140993 0.371312
vt 1.166039 0.402606
vt 1.166039 0.371312
vt 1.191086 0.402606
vt 1.191086 0.371312
vt 1.216133 0.402606
vt 1.216133 0.371312
vt 1.241179 0.402606
vt 1.241179 0.371312
vt 2.154570 0.402607
vt 2.154570 0.371313
vt 2.183916 0.402607
vt 2.183916 0.371313
vt 2.206659 0.402607
vt 2.206659 0.371313
vt 2.225313 0.402607
vt 2.225313 0.371313
vt 2.245275 0.402607
vt 2.245276 0.371313
vt 2.270876 0.402607
vt 2.270876 0.371313
vt 2.303277 0.402607
vt 2.303277 0.371313
vt 0.028803 0.402606
vt 0.028803 0.371312
vt -1.303277 0.371311
vt -1.303277 0.402605
vt 0.061204 0.402606
vt 0.061203 0.371312
vt 0.086804 0.402606
vt 0.086803 0.371312
vt 0.106766 0.402606
vt 0.106766 0.371312
vt 0.125419 0.402606
vt 0.125419 0.371312
vt 1.386626 0.371311
vt 1.386626 0.402607
vt 2.273968 0.402607
vt 2.273968 0.371312
vt 2.251223 0.371312
vt 2.251223 0.402607
vt 2.232569 0.371312
vt 2.232569 0.402607
vt 2.212607 0.371312
vt 2.212607 0.402607
vt 2.187006 0.371312
vt 2.187006 0.402607
vt 2.154605 0.371312
vt 2.154605 0.402607
vt 0.822497 0.371311
vt 0.822497 0.402606
vt 0.790096 0.371311
vt 0.790095 0.402606
vt 0.764495 0.371311
vt 0.764495 0.402606
vt 0.744532 0.371311
vt 0.744532 0.402606
vt 0.725879 0.371311
vt 0.725879 0.402606
vt 0.703133 0.371311
vt 0.703133 0.402606
vt 0.673787 0.371311
vt 0.673787 0.402606
vt -0.239623 0.371311
vt -0.239623 0.402606
vt -0.264670 0.371311
vt -0.264670 0.402606
vt -0.289717 0.371311
vt -0.289717 0.402606
vt -0.314764 0.371311
vt -0.314764 0.402606
vt -0.339811 0.371311
vt -0.339810 0.402606
vt -0.364857 0.371311
vt -0.364857 0.402606
vt -0.389905 0.371311
vt -0.389905 0.402606
vt -1.303314 0.371311
vt -1.303314 0.402606
vt 2.303314 0.402607
vt 2.303314 0.371312
vt -0.115983 0.402607
vt -0.115983 0.371311
vt -0.141030 0.371311
vt -0.141030 0.402607
vt -0.166078 0.371311
vt -0.166078 0.402607
vt -0.191127 0.371311
vt -0.191127 0.402607
vt -0.216174 0.371311
vt -0.216174 0.402607
vt -0.241223 0.371311
vt -0.241223 0.402607
vt -1.154665 0.371311
vt -1.154665 0.402607
vt -1.184013 0.371311
vt -1.184013 0.402607
vt -1.206758 0.371311
vt -1.206758 0.402607
vt -1.225413 0.371311
vt -1.225413 0.402607
vt -1.245376 0.371311
vt -1.245376 0.402607
vt -1.270979 0.371311
vt -1.270979 0.402607
vt -1.303381 0.371311
vt -1.303381 0.402607
vt 2.303381 0.402607
vt 2.303381 0.371311
vt 0.971224 0.371311
vt 0.971224 0.402607
vt 0.938822 0.371311
vt 0.938822 0.402607
vt 0.913220 0.371311
vt 0.913219 0.402607
vt 0.893256 0.371311
vt 0.893256 0.402607
vt 0.874602 0.371311
vt 0.874602 0.402607
vt 0.851857 0.371311
vt 0.851857 0.402607
vt 0.822509 0.371311
vt 0.822509 0.402607
vt -0.090934 0.371311
vt -0.090934 0.402607
vt 0.296859 0.402607
vt 0.296859 0.371311
vt 0.274114 0.371311
vt 0.274114 0.402607
vt 0.255460 0.371311
vt 0.255460 0.402607
vt 0.235497 0.371311
vt 0.235497 0.402607
vt 0.209895 0.371311
vt 0.209895 0.402607
vt 0.177492 0.371311
vt 0.177492 0.402607
vt -1.154659 0.371311
vt -1.154659 0.402607
vt -1.187061 0.371311
vt -1.187061 0.402607
vt -1.212663 0.371311
vt -1.212663 0.402607
vt -1.232626 0.371311
vt -1.232626 0.402607
vt -1.251281 0.371311
vt -1.251281 0.402607
vt -1.274027 0.371311
vt -1.274027 0.402607
vt -1.303374 0.371311
vt -1.303374 0.402607
vt 2.303374 0.402607
vt 2.303374 0.371311
vt 1.389935 0.371311
vt 1.389935 0.402607
vt 1.364886 0.371311
vt 1.364886 0.402607
vt 1.339839 0.371311
vt 1.339839 0.402607
vt 1.314790 0.371311
vt 1.314790 0.402607
vt 1.289743 0.371311
vt 1.289743 0.402607
vt 1.264695 0.371311
vt 1.264695 0.402607
vt 1.239647 0.371311
vt 1.239647 0.402607
vt 0.326207 0.371311
vt 0.326207 0.402607
vt 0.177509 0.402606
vt 0.177509 0.371312
vt 0.148164 0.371312
vt 0.148164 0.402606
vt 1.090900 0.402606
vt 1.090900 0.371312
vt 1.115947 0.402606
vt 1.115947 0.371312
vt 1.140993 0.402606
vt 1.140993 0.371312
vt 1.166039 0.402606
vt 1.166039 0.371312
vt 1.191086 0.402606
vt 1.191086 0.371312
vt 1.216133 0.402606
vt 1.216133 0.371312
vt 1.241179 0.402606
vt 1.241179 0.371312
vt 2.154570 0.402607
vt 2.154570 0.371313
vt 2.183916 0.402607
vt 2.183916 0.371313
vt 2.206659 0.402607
vt 2.206659 0.371313
vt 2.225313 0.402607
vt 2.225313 0.371313
vt 2.245275 0.402607
vt 2.245276 0.371313
vt 2.270876 0.402607
vt 2.270876 0.371313
vt 2.303277 0.402607
vt 2.303277 0.371313
vt 0.028803 0.402606
vt 0.028803 0.371312
vt -1.303277 0.371311
vt -1.303277 0.402605
vt 0.061204 0.402606
vt 0.061203 0.371312
vt 0.086804 0.402606
vt 0.086803 0.371312
vt 0.106766 0.402606
vt 0.106766 0.371312
vt 0.125419 0.402606
vt 0.125419 0.371312
vt 0.493149 0.402607
vt -0.386626 0.402607
vt -0.386626 0.371311
vt 0.493149 0.371311
vt 0.506851 0.371311
vt 0.506851 0.402607
vt 1.386626 0.371311
vt 1.386626 0.402607
vt 2.273968 0.402607
vt 2.273968 0.371312
vt 2.251223 0.371312
vt 2.251223 0.402607
vt 2.232569 0.371312
vt 2.232569 0.402607
vt 2.212607 0.371312
vt 2.212607 0.402607
vt 2.187006 0.371312
vt 2.187006 0.402607
vt 2.154605 0.371312
vt 2.154605 0.402607
vt 0.822497 0.371311
vt 0.822497 0.402606
vt 0.790096 0.371311
vt 0.790095 0.402606
vt 0.764495 0.371311
vt 0.764495 0.402606
vt 0.744532 0.371311
vt 0.744532 0.402606
vt 0.725879 0.371311
vt 0.725879 0.402606
vt 0.703133 0.371311
vt 0.703133 0.402606
vt 0.673787 0.371311
vt 0.673787 0.402606
vt -0.239623 0.371311
vt -0.239623 0.402606
vt -0.264670 0.371311
vt -0.264670 0.402606
vt -0.289717 0.371311
vt -0.289717 0.402606
vt -0.314764 0.371311
vt -0.314764 0.402606
vt -0.339811 0.371311
vt -0.339810 0.402606
vt -0.364857 0.371311
vt -0.364857 0.402606
vt -0.389905 0.371311
vt -0.389905 0.402606
vt -1.303314 0.371311
vt -1.303314 0.402606
vt 2.303314 0.402607
vt 2.303314 0.371312
vt -0.115983 0.402607
vt -0.115983 0.371311
vt -0.141030 0.371311
vt -0.141030 0.402607
vt -0.166078 0.371311
vt -0.166078 0.402607
vt -0.191127 0.371311
vt -0.191127 0.402607
vt -0.216174 0.371311
vt -0.216174 0.402607
vt -0.241223 0.371311
vt -0.241223 0.402607
vt -1.154665 0.371311
vt -1.154665 0.402607
vt -1.184013 0.371311
vt -1.184013 0.402607
vt -1.206758 0.371311
vt -1.206758 0.402607
vt -1.225413 0.371311
vt -1.225413 0.402607
vt -1.245376 0.371311
vt -1.245376 0.402607
vt -1.270979 0.371311
vt -1.270979 0.402607
vt -1.303381 0.371311
vt -1.303381 0.402607
vt 2.303381 0.402607
vt 2.303381 0.371311
vt 0.971224 0.371311
vt 0.971224 0.402607
vt 0.938822 0.371311
vt 0.938822 0.402607
vt 0.913220 0.371311
vt 0.913219 0.402607
vt 0.893256 0.371311
vt 0.893256 0.402607
vt 0.874602 0.371311
vt 0.874602 0.402607
vt 0.851857 0.371311
vt 0.851857 0.402607
vt 0.822509 0.371311
vt 0.822509 0.402607
vt -0.090934 0.371311
vt -0.090934 0.402607
vt 0.296859 0.402607
vt 0.296859 0.371311
vt 0.274114 0.371311
vt 0.274114 0.402607
vt 0.255460 0.371311
vt 0.255460 0.402607
vt 0.235497 0.371311
vt 0.235497 0.402607
vt 0.209895 0.371311
vt 0.209895 0.402607
vt 0.177492 0.371311
vt 0.177492 0.402607
vt -1.154659 0.371311
vt -1.154659 0.402607
vt -1.187061 0.371311
vt -1.187061 0.402607
vt -1.212663 0.371311
vt -1.212663 0.402607
vt -1.232626 0.371311
vt -1.232626 0.402607
vt -1.251281 0.371311
vt -1.251281 0.402607
vt -1.274027 0.371311
vt -1.274027 0.402607
vt -1.303374 0.371311
vt -1.303374 0.402607
vt 2.303374 0.402607
vt 2.303374 0.371311
vt 1.389935 0.371311
vt 1.389935 0.402607
vt 1.364886 0.371311
vt 1.364886 0.402607
vt 1.339839 0.371311
vt 1.339839 0.402607
vt 1.314790 0.371311
vt 1.314790 0.402607
vt 1.289743 0.371311
vt 1.289743 0.402607
vt 1.264695 0.371311
vt 1.264695 0.402607
vt 1.239647 0.371311
vt 1.239647 0.402607
vt 0.326207 0.371311
vt 0.326207 0.402607
vt 0.177509 0.402606
vt 0.148164 0.402606
vt 0.148164 0.371312
vt 0.177509 0.371312
vt 1.090900 0.402606
vt 1.090900 0.371312
vt 1.115947 0.402606
vt 1.115947 0.371312
vt 1.140993 0.402606
vt 1.140993 0.371312
vt 1.166039 0.402606
vt 1.166039 0.371312
vt 1.191086 0.402606
vt 1.191086 0.371312
vt 1.216133 0.402606
vt 1.216133 0.371312
vt 1.241179 0.402606
vt 1.241179 0.371312
vt 2.154570 0.402607
vt 2.154570 0.371313
vt 2.183916 0.402607
vt 2.183916 0.371313
vt 2.206659 0.402607
vt 2.206659 0.371313
vt 2.225313 0.402607
vt 2.225313 0.371313
vt 2.245275 0.402607
vt 2.245276 0.371313
vt 2.270876 0.402607
vt 2.270876 0.371313
vt 2.303277 0.402607
vt 2.303277 0.371313
vt 0.028803 0.402606
vt -1.303277 0.402605
vt -1.303277 0.371311
vt 0.028803 0.371312
vt 0.061204 0.402606
vt 0.061203 0.371312
vt 0.086804 0.402606
vt 0.086803 0.371312
vt 0.106766 0.402606
vt 0.106766 0.371312
vt 0.125419 0.402606
vt 0.125419 0.371312
vt 0.493149 0.402607
vt 0.493149 0.371311
vt 0.506851 0.371311
vt 0.506851 0.402607
vt 1.386626 0.371311
vt 1.386626 0.402607
vt 0.506851 0.402607
vt 1.386626 0.402607
vt 1.386626 0.371311
vt 0.506851 0.371311
vt 2.273968 0.402607
vt 2.251223 0.402607
vt 2.251223 0.371312
vt 2.273968 0.371312
vt 2.232569 0.402607
vt 2.232569 0.371312
vt 2.212607 0.402607
vt 2.212607 0.371312
vt 2.187006 0.402607
vt 2.187006 0.371312
vt 2.154605 0.402607
vt 2.154605 0.371312
vt 0.822497 0.402606
vt 0.822497 0.371311
vt 0.790095 0.402606
vt 0.790096 0.371311
vt 0.764495 0.402606
vt 0.764495 0.371311
vt 0.744532 0.402606
vt 0.744532 0.371311
vt 0.725879 0.402606
vt 0.725879 0.371311
vt 0.703133 0.402606
vt 0.703133 0.371311
vt 0.673787 0.402606
vt 0.673787 0.371311
vt -0.239623 0.402606
vt -0.239623 0.371311
vt -0.264670 0.402606
vt -0.264670 0.371311
vt -0.289717 0.402606
vt -0.289717 0.371311
vt -0.314764 0.402606
vt -0.314764 0.371311
vt -0.339810 0.402606
vt -0.339811 0.371311
vt -0.364857 0.402606
vt -0.364857 0.371311
vt -0.389905 0.402606
vt -0.389905 0.371311
vt -1.303314 0.402606
vt -1.303314 0.371311
vt 2.303314 0.402607
vt 2.303314 0.371312
vt -0.115983 0.402607
vt -0.141030 0.402607
vt -0.141030 0.371311
vt -0.115983 0.371311
vt -0.166078 0.402607
vt -0.166078 0.371311
vt -0.191127 0.402607
vt -0.191127 0.371311
vt -0.216174 0.402607
vt -0.216174 0.371311
vt -0.241223 0.402607
vt -0.241223 0.371311
vt -1.154665 0.402607
vt -1.154665 0.371311
vt -1.184013 0.402607
vt -1.184013 0.371311
vt -1.206758 0.402607
vt -1.206758 0.371311
vt -1.225413 0.402607
vt -1.225413 0.371311
vt -1.245376 0.402607
vt -1.245376 0.371311
vt -1.270979 0.402607
vt -1.270979 0.371311
vt -1.303381 0.402607
vt -1.303381 0.371311
vt 2.303381 0.402607
vt 0.971224 0.402607
vt 0.971224 0.371311
vt 2.303381 0.371311
vt 0.938822 0.402607
vt 0.938822 0.371311
vt 0.913219 0.402607
vt 0.913220 0.371311
vt 0.893256 0.402607
vt 0.893256 0.371311
vt 0.874602 0.402607
vt 0.874602 0.371311
vt 0.851857 0.402607
vt 0.851857 0.371311
vt 0.822509 0.402607
vt 0.822509 0.371311
vt -0.090934 0.402607
vt -0.090934 0.371311
vt 0.296859 0.402607
vt 0.274114 0.402607
vt 0.274114 0.371311
vt 0.296859 0.371311
vt 0.255460 0.402607
vt 0.255460 0.371311
vt 0.235497 0.402607
vt 0.235497 0.371311
vt 0.209895 0.402607
vt 0.209895 0.371311
vt 0.177492 0.402607
vt 0.177492 0.371311
vt -1.154659 0.402607
vt -1.154659 0.371311
vt -1.187061 0.402607
vt -1.187061 0.371311
vt -1.212663 0.402607
vt -1.212663 0.371311
vt -1.232626 0.402607
vt -1.232626 0.371311
vt -1.251281 0.402607
vt -1.251281 0.371311
vt -1.274027 0.402607
vt -1.274027 0.371311
vt -1.303374 0.402607
vt -1.303374 0.371311
vt 2.303374 0.402607
vt 1.389935 0.402607
vt 1.389935 0.371311
vt 2.303374 0.371311
vt 1.364886 0.402607
vt 1.364886 0.371311
vt 1.339839 0.402607
vt 1.339839 0.371311
vt 1.314790 0.402607
vt 1.314790 0.371311
vt 1.289743 0.402607
vt 1.289743 0.371311
vt 1.264695 0.402607
vt 1.264695 0.371311
vt 1.239647 0.402607
vt 1.239647 0.371311
vt 0.326207 0.402607
vt 0.326207 0.371311
vt 0.177509 0.402606
vt 0.148164 0.402606
vt 0.148164 0.371312
vt 0.177509 0.371312
vt 1.090900 0.402606
vt 1.090900 0.371312
vt 1.115947 0.402606
vt 1.115947 0.371312
vt 1.140993 0.402606
vt 1.140993 0.371312
vt 1.166039 0.402606
vt 1.166039 0.371312
vt 1.191086 0.402606
vt 1.191086 0.371312
vt 1.216133 0.402606
vt 1.216133 0.371312
vt 1.241179 0.402606
vt 1.241179 0.371312
vt 2.154570 0.402607
vt 2.154570 0.371313
vt 2.183916 0.402607
vt 2.183916 0.371313
vt 2.206659 0.402607
vt 2.206659 0.371313
vt 2.225313 0.402607
vt 2.225313 0.371313
vt 2.245275 0.402607
vt 2.245276 0.371313
vt 2.270876 0.402607
vt 2.270876 0.371313
vt 2.303277 0.402607
vt 2.303277 0.371313
vt 0.028803 0.402606
vt -1.303277 0.402605
vt -1.303277 0.371311
vt 0.028803 0.371312
vt 0.061204 0.402606
vt 0.061203 0.371312
vt 0.086804 0.402606
vt 0.086803 0.371312
vt 0.106766 0.402606
vt 0.106766 0.371312
vt 0.125419 0.402606
vt 0.125419 0.371312
vt 2.273968 0.402607
vt 2.251223 0.402607
vt 2.251223 0.371312
vt 2.273968 0.371312
vt 2.232569 0.402607
vt 2.232569 0.371312
vt 2.212607 0.402607
vt 2.212607 0.371312
vt 2.187006 0.402607
vt 2.187006 0.371312
vt 2.154605 0.402607
vt 2.154605 0.371312
vt 0.822497 0.402606
vt 0.822497 0.371311
vt 0.790095 0.402606
vt 0.790096 0.371311
vt 0.764495 0.402606
vt 0.764495 0.371311
vt 0.744532 0.402606
vt 0.744532 0.371311
vt 0.725879 0.402606
vt 0.725879 0.371311
vt 0.703133 0.402606
vt 0.703133 0.371311
vt 0.673787 0.402606
vt 0.673787 0.371311
vt -0.239623 0.402606
vt -0.239623 0.371311
vt -0.264670 0.402606
vt -0.264670 0.371311
vt -0.289717 0.402606
vt -0.289717 0.371311
vt -0.314764 0.402606
vt -0.314764 0.371311
vt -0.339810 0.402606
vt -0.339811 0.371311
vt -0.364857 0.402606
vt -0.364857 0.371311
vt -0.389905 0.402606
vt -0.389905 0.371311
vt -1.303314 0.402606
vt -1.303314 0.371311
vt 2.303314 0.402607
vt 2.303314 0.371312
vt -0.115983 0.402607
vt -0.141030 0.402607
vt -0.141030 0.371311
vt -0.115983 0.371311
vt -0.166078 0.402607
vt -0.166078 0.371311
vt -0.191127 0.402607
vt -0.191127 0.371311
vt -0.216174 0.402607
vt -0.216174 0.371311
vt -0.241223 0.402607
vt -0.241223 0.371311
vt -1.154665 0.402607
vt -1.154665 0.371311
vt -1.184013 0.402607
vt -1.184013 0.371311
vt -1.206758 0.402607
vt -1.206758 0.371311
vt -1.225413 0.402607
vt -1.225413 0.371311
vt -1.245376 0.402607
vt -1.245376 0.371311
vt -1.270979 0.402607
vt -1.270979 0.371311
vt -1.303381 0.402607
vt -1.303381 0.371311
vt 2.303381 0.402607
vt 0.971224 0.402607
vt 0.971224 0.371311
vt 2.303381 0.371311
vt 0.938822 0.402607
vt 0.938822 0.371311
vt 0.913219 0.402607
vt 0.913220 0.371311
vt 0.893256 0.402607
vt 0.893256 0.371311
vt 0.874602 0.402607
vt 0.874602 0.371311
vt 0.851857 0.402607
vt 0.851857 0.371311
vt 0.822509 0.402607
vt 0.822509 0.371311
vt -0.090934 0.402607
vt -0.090934 0.371311
vt 0.296859 0.402607
vt 0.274114 0.402607
vt 0.274114 0.371311
vt 0.296859 0.371311
vt 0.255460 0.402607
vt 0.255460 0.371311
vt 0.235497 0.402607
vt 0.235497 0.371311
vt 0.209895 0.402607
vt 0.209895 0.371311
vt 0.177492 0.402607
vt 0.177492 0.371311
vt -1.154659 0.402607
vt -1.154659 0.371311
vt -1.187061 0.402607
vt -1.187061 0.371311
vt -1.212663 0.402607
vt -1.212663 0.371311
vt -1.232626 0.402607
vt -1.232626 0.371311
vt -1.251281 0.402607
vt -1.251281 0.371311
vt -1.274027 0.402607
vt -1.274027 0.371311
vt -1.303374 0.402607
vt -1.303374 0.371311
vt 2.303374 0.402607
vt 1.389935 0.402607
vt 1.389935 0.371311
vt 2.303374 0.371311
vt 1.364886 0.402607
vt 1.364886 0.371311
vt 1.339839 0.402607
vt 1.339839 0.371311
vt 1.314790 0.402607
vt 1.314790 0.371311
vt 1.289743 0.402607
vt 1.289743 0.371311
vt 1.264695 0.402607
vt 1.264695 0.371311
vt 1.239647 0.402607
vt 1.239647 0.371311
vt 0.326207 0.402607
vt 0.326207 0.371311
vt 0.177509 0.402606
vt 0.177509 0.371312
vt 0.148164 0.371312
vt 0.148164 0.402606
vt 1.090900 0.402606
vt 1.090900 0.371312
vt 1.115947 0.402606
vt 1.115947 0.371312
vt 1.140993 0.402606
vt 1.140993 0.371312
vt 1.166039 0.402606
vt 1.166039 0.371312
vt 1.191086 0.402606
vt 1.191086 0.371312
vt 1.216133 0.402606
vt 1.216133 0.371312
vt 1.241179 0.402606
vt 1.241179 0.371312
vt 2.154570 0.402607
vt 2.154570 0.371313
vt 2.183916 0.402607
vt 2.183916 0.371313
vt 2.206659 0.402607
vt 2.206659 0.371313
vt 2.225313 0.402607
vt 2.225313 0.371313
vt 2.245275 0.402607
vt 2.245276 0.371313
vt 2.270876 0.402607
vt 2.270876 0.371313
vt 2.303277 0.402607
vt 2.303277 0.371313
vt 0.028803 0.402606
vt 0.028803 0.371312
vt -1.303277 0.371311
vt -1.303277 0.402605
vt 0.061204 0.402606
vt 0.061203 0.371312
vt 0.086804 0.402606
vt 0.086803 0.371312
vt 0.106766 0.402606
vt 0.106766 0.371312
vt 0.125419 0.402606
vt 0.125419 0.371312
vt 1.386626 0.371311
vt 1.386626 0.402607
vt 2.273968 0.402607
vt 2.273968 0.371312
vt 2.251223 0.371312
vt 2.251223 0.402607
vt 2.232569 0.371312
vt 2.232569 0.402607
vt 2.212607 0.371312
vt 2.212607 0.402607
vt 2.187006 0.371312
vt 2.187006 0.402607
vt 2.154605 0.371312
vt 2.154605 0.402607
vt 0.822497 0.371311
vt 0.822497 0.402606
vt 0.790096 0.371311
vt 0.790095 0.402606
vt 0.764495 0.371311
vt 0.764495 0.402606
vt 0.744532 0.371311
vt 0.744532 0.402606
vt 0.725879 0.371311
vt 0.725879 0.402606
vt 0.703133 0.371311
vt 0.703133 0.402606
vt 0.673787 0.371311
vt 0.673787 0.402606
vt -0.239623 0.371311
vt -0.239623 0.402606
vt -0.264670 0.371311
vt -0.264670 0.402606
vt -0.289717 0.371311
vt -0.289717 0.402606
vt -0.314764 0.371311
vt -0.314764 0.402606
vt -0.339811 0.371311
vt -0.339810 0.402606
vt -0.364857 0.371311
vt -0.364857 0.402606
vt -0.389905 0.371311
vt -0.389905 0.402606
vt -1.303314 0.371311
vt -1.303314 0.402606
vt 2.303314 0.402607
vt 2.303314 0.371312
vt -0.115983 0.402607
vt -0.115983 0.371311
vt -0.141030 0.371311
vt -0.141030 0.402607
vt -0.166078 0.371311
vt -0.166078 0.402607
vt -0.191127 0.371311
vt -0.191127 0.402607
vt -0.216174 0.371311
vt -0.216174 0.402607
vt -0.241223 0.371311
vt -0.241223 0.402607
vt -1.154665 0.371311
vt -1.154665 0.402607
vt -1.184013 0.371311
vt -1.184013 0.402607
vt -1.206758 0.371311
vt -1.206758 0.402607
vt -1.225413 0.371311
vt -1.225413 0.402607
vt -1.245376 0.371311
vt -1.245376 0.402607
vt -1.270979 0.371311
vt -1.270979 0.402607
vt -1.303381 0.371311
vt -1.303381 0.402607
vt 2.303381 0.402607
vt 2.303381 0.371311
vt 0.971224 0.371311
vt 0.971224 0.402607
vt 0.938822 0.371311
vt 0.938822 0.402607
vt 0.913220 0.371311
vt 0.913219 0.402607
vt 0.893256 0.371311
vt 0.893256 0.402607
vt 0.874602 0.371311
vt 0.874602 0.402607
vt 0.851857 0.371311
vt 0.851857 0.402607
vt 0.822509 0.371311
vt 0.822509 0.402607
vt -0.090934 0.371311
vt -0.090934 0.402607
vt 0.296859 0.402607
vt 0.296859 0.371311
vt 0.274114 0.371311
vt 0.274114 0.402607
vt 0.255460 0.371311
vt 0.255460 0.402607
vt 0.235497 0.371311
vt 0.235497 0.402607
vt 0.209895 0.371311
vt 0.209895 0.402607
vt 0.177492 0.371311
vt 0.177492 0.402607
vt -1.154659 0.371311
vt -1.154659 0.402607
vt -1.187061 0.371311
vt -1.187061 0.402607
vt -1.212663 0.371311
vt -1.212663 0.402607
vt -1.232626 0.371311
vt -1.232626 0.402607
vt -1.251281 0.371311
vt -1.251281 0.402607
vt -1.274027 0.371311
vt -1.274027 0.402607
vt -1.303374 0.371311
vt -1.303374 0.402607
vt 2.303374 0.402607
vt 2.303374 0.371311
vt 1.389935 0.371311
vt 1.389935 0.402607
vt 1.364886 0.371311
vt 1.364886 0.402607
vt 1.339839 0.371311
vt 1.339839 0.402607
vt 1.314790 0.371311
vt 1.314790 0.402607
vt 1.289743 0.371311
vt 1.289743 0.402607
vt 1.264695 0.371311
vt 1.264695 0.402607
vt 1.239647 0.371311
vt 1.239647 0.402607
vt 0.326207 0.371311
vt 0.326207 0.402607
vn -0.0063 0.9999 0.0142
vn 0.0000 1.0000 0.0000
vn 0.0140 0.9999 -0.0063
vn -0.0147 0.9999 -0.0066
vn 0.0354 0.9988 -0.0348
vn 0.0067 0.9999 0.0153
vn -0.0138 0.9999 -0.0061
vn 0.0139 0.9999 0.0057
vn -0.0451 0.9980 0.0451
vn 0.0354 0.9988 0.0345
vn -0.0149 0.9999 0.0069
vn -0.0395 0.9985 0.0366
vn -0.0059 0.9999 -0.0130
vn -0.0404 0.9984 -0.0397
vn 0.0141 0.9999 -0.0061
vn 0.0059 0.9999 -0.0132
vn -0.0169 0.9998 0.0073
vn 0.0070 0.9999 0.0152
vn -0.0422 0.9983 0.0405
vn -0.0061 0.9999 -0.0140
vn -0.0191 0.9995 0.0261
vn 0.0370 0.9986 0.0371
vn -0.0365 0.9986 -0.0390
vn -0.0343 0.9994 -0.0108
vn 0.0088 0.9996 0.0281
vn 0.0152 0.9999 0.0064
vn 0.0256 0.9995 0.0168
vn 0.0043 0.9997 0.0255
vn 0.0376 0.9985 -0.0403
vn -0.0384 0.9988 -0.0298
vn 0.0062 0.9999 -0.0141
vn -0.0058 0.9999 0.0137
vn -0.0013 1.0000 -0.0076
vn 0.0000 -0.0000 -1.0000
vn 0.0000 0.0000 1.0000
vn 0.9984 0.0032 -0.0559
vn 0.9627 0.0030 -0.2705
vn 0.9627 0.0030 -0.2707
vn 0.9979 0.0032 0.0652
vn 0.9661 0.0030 0.2583
vn 0.9661 0.0030 0.2581
vn 0.8665 0.0027 0.4991
vn 0.8667 0.0027 0.4989
vn 0.7079 0.0021 0.7063
vn 0.7082 0.0021 0.7060
vn 0.5008 0.0015 0.8656
vn 0.5012 0.0015 0.8654
vn 0.2592 0.0007 0.9658
vn 0.2597 0.0007 0.9657
vn 0.0655 0.0002 0.9979
vn 0.0657 0.0002 0.9978
vn -0.0561 0.0001 0.9984
vn -0.0563 0.0001 0.9984
vn -0.2717 0.0006 0.9624
vn -0.2721 0.0006 0.9623
vn -0.6451 0.0015 0.7641
vn -0.6455 0.0015 0.7637
vn -0.9547 0.0022 0.2976
vn -0.9548 0.0022 0.2974
vn -0.9766 0.0023 -0.2150
vn -0.9766 0.0023 -0.2148
vn -0.8467 0.0019 -0.5321
vn -0.8468 0.0019 -0.5319
vn -0.7402 0.0008 -0.6724
vn -0.7403 0.0008 -0.6723
vn -0.6744 -0.0010 -0.7384
vn -0.6743 -0.0010 -0.7385
vn -0.5341 -0.0015 -0.8454
vn -0.5338 -0.0015 -0.8456
vn -0.2163 -0.0006 -0.9763
vn -0.2155 -0.0006 -0.9765
vn 0.2981 0.0009 -0.9545
vn 0.2992 0.0009 -0.9542
vn 0.7652 0.0024 -0.6438
vn 0.7656 0.0024 -0.6433
vn -1.0000 0.0049 -0.0000
vn -0.9627 0.0030 0.2707
vn -0.9627 0.0030 0.2705
vn -0.7656 0.0023 0.6433
vn -0.7652 0.0023 0.6438
vn -0.2992 0.0009 0.9542
vn -0.2982 0.0009 0.9545
vn 0.2155 -0.0006 0.9765
vn 0.2163 -0.0006 0.9763
vn 0.5338 -0.0014 0.8456
vn 0.5341 -0.0014 0.8454
vn 0.6743 -0.0009 0.7385
vn 0.6744 -0.0009 0.7384
vn 0.7403 0.0008 0.6723
vn 0.7402 0.0008 0.6724
vn 0.8468 0.0020 0.5319
vn 0.8467 0.0020 0.5321
vn 0.9766 0.0024 0.2148
vn 0.9766 0.0024 0.2150
vn 0.9548 0.0023 -0.2973
vn 0.9547 0.0023 -0.2976
vn 0.6456 0.0015 -0.7637
vn 0.6451 0.0015 -0.7641
vn 0.2721 0.0006 -0.9623
vn 0.2716 0.0006 -0.9624
vn 0.0563 0.0001 -0.9984
vn 0.0561 0.0001 -0.9984
vn -0.0657 0.0002 -0.9978
vn -0.0655 0.0002 -0.9979
vn -0.2597 0.0007 -0.9657
vn -0.2593 0.0007 -0.9658
vn -0.5012 0.0014 -0.8654
vn -0.5008 0.0014 -0.8656
vn -0.7081 0.0021 -0.7061
vn -0.7079 0.0021 -0.7063
vn -0.8667 0.0026 -0.4989
vn -0.8665 0.0026 -0.4991
vn -0.9661 0.0030 -0.2581
vn -0.9661 0.0030 -0.2582
vn -0.9979 0.0031 -0.0652
vn -0.9984 0.0031 0.0559
vn 0.9661 0.0030 -0.2582
vn 0.9661 0.0030 -0.2581
vn 0.8667 0.0027 -0.4989
vn 0.8665 0.0027 -0.4991
vn 0.7081 0.0021 -0.7061
vn 0.7079 0.0021 -0.7063
vn 0.5012 0.0015 -0.8653
vn 0.5008 0.0015 -0.8656
vn 0.2597 0.0007 -0.9657
vn 0.2592 0.0007 -0.9658
vn 0.0657 0.0002 -0.9978
vn 0.0655 0.0002 -0.9979
vn -0.0563 0.0001 -0.9984
vn -0.0561 0.0001 -0.9984
vn -0.2721 0.0006 -0.9623
vn -0.2717 0.0006 -0.9624
vn -0.6456 0.0015 -0.7637
vn -0.6451 0.0015 -0.7641
vn -0.9548 0.0022 -0.2973
vn -0.9547 0.0022 -0.2976
vn -0.9766 0.0023 0.2148
vn -0.9766 0.0023 0.2150
vn -0.8468 0.0019 0.5319
vn -0.8467 0.0019 0.5321
vn -0.7403 0.0008 0.6723
vn -0.7402 0.0008 0.6724
vn -0.6743 -0.0010 0.7385
vn -0.6744 -0.0010 0.7384
vn -0.5338 -0.0015 0.8456
vn -0.5341 -0.0015 0.8454
vn -0.2155 -0.0006 0.9765
vn -0.2163 -0.0006 0.9763
vn 0.2992 0.0009 0.9542
vn 0.2981 0.0009 0.9545
vn 0.7656 0.0024 0.6433
vn 0.7652 0.0024 0.6438
vn 0.9627 0.0030 0.2705
vn 0.9627 0.0030 0.2706
vn 0.9984 0.0032 0.0559
vn 0.9979 0.0032 -0.0652
vn 0.2716 0.0006 0.9624
vn 0.2721 0.0006 0.9623
vn 0.6456 0.0015 0.7637
vn 0.6451 0.0015 0.7641
vn 0.9548 0.0023 0.2973
vn 0.9547 0.0023 0.2976
vn 0.9767 0.0024 -0.2148
vn 0.9766 0.0024 -0.2150
vn 0.8468 0.0020 -0.5319
vn 0.8467 0.0020 -0.5321
vn 0.7403 0.0008 -0.6723
vn 0.7402 0.0008 -0.6724
vn 0.6743 -0.0009 -0.7385
vn 0.6744 -0.0009 -0.7384
vn 0.5338 -0.0014 -0.8456
vn 0.5341 -0.0014 -0.8454
vn 0.2156 -0.0006 -0.9765
vn 0.2163 -0.0006 -0.9763
vn -0.2992 0.0009 -0.9542
vn -0.2981 0.0009 -0.9545
vn -0.7656 0.0023 -0.6433
vn -0.7652 0.0023 -0.6438
vn -0.9627 0.0030 -0.2705
vn -0.9627 0.0030 -0.2706
vn -0.9984 0.0031 -0.0559
vn -0.9979 0.0031 0.0652
vn -0.9661 0.0030 0.2581
vn -0.9661 0.0030 0.2582
vn -0.8667 0.0026 0.4989
vn -0.8665 0.0026 0.4991
vn -0.7082 0.0021 0.7061
vn -0.7079 0.0021 0.7063
vn -0.5012 0.0014 0.8654
vn -0.5008 0.0014 0.8656
vn -0.2597 0.0007 0.9657
vn -0.2592 0.0007 0.9658
vn -0.0657 0.0002 0.9978
vn -0.0655 0.0002 0.9979
vn 0.0563 0.0001 0.9984
vn 0.0561 0.0001 0.9984
vn 0.9627 0.0030 0.2707
vn 0.9661 0.0030 -0.2583
vn 0.7082 0.0021 -0.7060
vn 0.5012 0.0015 -0.8654
vn -0.6455 0.0015 -0.7637
vn -0.9548 0.0022 -0.2974
vn -0.9767 0.0023 0.2148
vn 0.2982 0.0009 0.9545
vn -0.9627 0.0030 -0.2707
vn -0.2982 0.0009 -0.9545
vn 0.2155 -0.0006 -0.9765
vn -0.2593 0.0007 0.9658
vn -0.7081 0.0021 0.7061
vn 0.9661 0.0030 0.2582
vn -0.2716 0.0006 0.9624
vn -0.9548 0.0022 0.2973
vn -0.8467 0.0020 -0.5321
vn -0.8468 0.0020 -0.5319
vn 0.9627 0.0030 -0.2706
vn 0.2717 0.0006 -0.9624
vn -0.9627 0.0030 0.2706
vn -0.7082 0.0021 -0.7061
vn -0.2592 0.0007 -0.9658
vn -0.9984 0.0032 -0.0559
vn -0.9979 0.0032 0.0652
vn -0.8665 0.0027 0.4991
vn -0.8667 0.0027 0.4989
vn -0.7082 0.0021 0.7060
vn -0.5008 0.0015 0.8656
vn -0.5012 0.0015 0.8653
vn 0.6455 0.0015 0.7637
vn 0.9547 0.0022 0.2976
vn 0.9548 0.0022 0.2974
vn 0.9766 0.0023 -0.2150
vn 0.9767 0.0023 -0.2148
vn 0.8467 0.0019 -0.5321
vn 0.8468 0.0019 -0.5319
vn 0.6744 -0.0010 -0.7384
vn 0.6743 -0.0010 -0.7385
vn 0.5341 -0.0015 -0.8454
vn 0.5338 -0.0015 -0.8456
vn -0.7652 0.0024 -0.6438
vn -0.7656 0.0024 -0.6433
vn 0.7652 0.0023 0.6438
vn 0.7656 0.0023 0.6433
vn -0.5341 -0.0014 0.8454
vn -0.5338 -0.0014 0.8456
vn -0.6744 -0.0009 0.7384
vn -0.6743 -0.0009 0.7385
vn -0.8467 0.0020 0.5321
vn -0.8468 0.0020 0.5319
vn -0.9766 0.0024 0.2150
vn -0.9766 0.0024 0.2148
vn -0.9547 0.0023 -0.2976
vn -0.9548 0.0023 -0.2973
vn -0.2716 0.0006 -0.9624
vn 0.2593 0.0007 -0.9658
vn 0.5008 0.0014 -0.8656
vn 0.5012 0.0014 -0.8653
vn 0.7082 0.0021 -0.7061
vn 0.8665 0.0026 -0.4991
vn 0.8667 0.0026 -0.4989
vn 0.9979 0.0031 -0.0652
vn 0.9984 0.0031 0.0559
vn -0.8665 0.0027 -0.4991
vn -0.8667 0.0027 -0.4989
vn -0.5008 0.0015 -0.8656
vn -0.5012 0.0015 -0.8653
vn 0.6455 0.0015 -0.7637
vn 0.9547 0.0022 -0.2976
vn 0.9548 0.0022 -0.2973
vn 0.9766 0.0023 0.2150
vn 0.9767 0.0023 0.2148
vn 0.8467 0.0019 0.5321
vn 0.8468 0.0019 0.5319
vn 0.6744 -0.0010 0.7384
vn 0.6743 -0.0010 0.7385
vn 0.5341 -0.0015 0.8454
vn 0.5338 -0.0015 0.8456
vn -0.2981 0.0009 0.9545
vn -0.7652 0.0024 0.6438
vn -0.7656 0.0024 0.6433
vn -0.9984 0.0032 0.0559
vn -0.9979 0.0032 -0.0652
vn -0.6456 0.0015 0.7637
vn -0.9547 0.0023 0.2976
vn -0.9548 0.0023 0.2973
vn -0.9766 0.0024 -0.2150
vn -0.9767 0.0024 -0.2148
vn -0.6744 -0.0009 -0.7384
vn -0.6743 -0.0009 -0.7385
vn -0.5341 -0.0014 -0.8454
vn -0.5338 -0.0014 -0.8456
vn 0.7652 0.0023 -0.6438
vn 0.7656 0.0023 -0.6433
vn 0.9984 0.0031 -0.0559
vn 0.9979 0.0031 0.0652
vn 0.8665 0.0026 0.4991
vn 0.8667 0.0026 0.4989
vn 0.7082 0.0021 0.7061
vn 0.5008 0.0014 0.8656
vn 0.5012 0.0014 0.8654
vn 0.9548 0.0022 -0.2974
vn 0.5342 -0.0015 0.8454
vn 0.2982 0.0009 -0.9545
vn 0.2593 0.0007 0.9658
vn 0.7081 0.0021 0.7061
vn -0.5012 0.0015 0.8654
vn -0.9767 0.0024 0.2148
vn -0.5342 -0.0014 0.8454
vn 0.5012 0.0014 -0.8654
vn -0.9661 0.0030 -0.2583
vn -0.7082 0.0021 -0.7060
vn -0.5012 0.0015 -0.8654
vn 0.9766 0.0023 0.2148
vn 1.0000 0.0049 -0.0000
vn -0.9766 0.0024 -0.2148
vn 0.9548 0.0022 0.2973
vn 0.9766 0.0023 -0.2148
vn 0.5011 0.0014 -0.8654
vn -0.9661 0.0030 0.2583
vn 0.2717 0.0006 0.9624
vn -0.5342 -0.0014 -0.8454
vn 0.5011 0.0014 0.8654
vn 0.7403 0.0009 -0.6723
vn 0.9766 0.0024 -0.2148
vn -0.5012 0.0014 0.8653
vn 0.5012 0.0015 0.8653
vn -0.9767 0.0023 -0.2148
vn 0.9767 0.0024 0.2148
vn -0.5011 0.0014 -0.8654
vn -0.9548 0.0023 0.2974
vn -0.9766 0.0023 -0.2149
vn -0.5342 -0.0015 -0.8454
vn 0.5342 -0.0014 -0.8454
vn -0.5011 0.0014 0.8654
usemtl MI_PaddedWall
s 1
f 18/1/1 6/2/2 1/3/2 16/4/3
f 1/3/2 8/5/4 9/6/5 3/7/2
f 116/8/2 1/3/2 22/9/6 23/10/7
f 2/11/2 4/12/2 10/13/8 11/14/9
f 1/3/2 3/7/2 27/15/10 25/16/11
f 5/17/2 20/18/12 21/19/13 116/8/2
f 43/20/2 114/21/2 29/22/14 30/23/15
f 15/24/16 1/3/2 6/2/2 13/25/17
f 4/12/2 7/26/18 8/5/4 1/3/2
f 7/26/18 9/6/5 38/27/19
f 3/7/2 9/6/5 7/26/18 4/12/2
f 1/3/2 12/28/20 10/13/8 4/12/2
f 12/28/20 37/29/21 10/13/8
f 11/14/9 12/28/20 1/3/2 2/11/2
f 13/25/17 6/2/2 2/11/2 14/30/22
f 14/30/22 2/11/2 1/3/2 15/24/16
f 16/4/3 1/3/2 5/17/2 17/31/23
f 15/24/16 13/25/17 36/32/24
f 17/31/23 18/1/1 35/33/25
f 17/31/23 5/17/2 6/2/2 18/1/1
f 116/8/2 21/19/13 19/34/26 1/3/2
f 21/19/13 34/35/27 19/34/26
f 20/18/12 5/17/2 1/3/2 19/34/26
f 23/10/7 33/36/28 24/37/29
f 24/37/29 22/9/6 1/3/2 114/21/2
f 114/21/2 116/8/2 23/10/7 24/37/29
f 25/16/11 27/15/10 31/38/30
f 25/16/11 26/39/31 43/20/2 1/3/2
f 27/15/10 3/7/2 43/20/2 26/39/31
f 30/23/15 28/40/32 1/3/2 43/20/2
f 29/22/14 114/21/2 1/3/2 28/40/32
f 30/23/15 32/41/33 28/40/32
f 31/38/30 27/15/10 26/39/31
f 26/39/31 25/16/11 31/38/30
f 28/40/32 32/41/33 29/22/14
f 32/41/33 30/23/15 29/22/14
f 24/37/29 33/36/28 22/9/6
f 22/9/6 33/36/28 23/10/7
f 19/34/26 34/35/27 20/18/12
f 20/18/12 34/35/27 21/19/13
f 35/33/25 18/1/1 16/4/3
f 16/4/3 17/31/23 35/33/25
f 36/32/24 13/25/17 14/30/22
f 14/30/22 15/24/16 36/32/24
f 10/13/8 37/29/21 11/14/9
f 11/14/9 37/29/21 12/28/20
f 38/27/19 9/6/5 8/5/4
f 8/5/4 7/26/18 38/27/19
f 55/42/1 4/43/2 39/44/2 53/45/3
f 39/44/2 45/46/4 46/47/5 41/48/2
f 43/49/2 39/44/2 59/50/6 60/51/7
f 40/52/2 42/53/2 47/54/8 48/55/9
f 39/44/2 41/48/2 64/56/10 62/57/11
f 3/58/2 57/59/12 58/60/13 43/49/2
f 79/61/2 77/62/2 65/63/14 66/64/15
f 52/65/16 39/44/2 4/43/2 50/66/17
f 42/53/2 44/67/18 45/46/4 39/44/2
f 44/67/18 46/47/5 75/68/19
f 41/48/2 46/47/5 44/67/18 42/53/2
f 39/44/2 49/69/20 47/54/8 42/53/2
f 49/69/20 74/70/21 47/54/8
f 48/55/9 49/69/20 39/44/2 40/52/2
f 50/66/17 4/43/2 40/52/2 51/71/22
f 51/71/22 40/52/2 39/44/2 52/65/16
f 53/45/3 39/44/2 3/58/2 54/72/23
f 52/65/16 50/66/17 73/73/24
f 54/72/23 55/42/1 72/74/25
f 54/72/23 3/58/2 4/43/2 55/42/1
f 43/49/2 58/60/13 56/75/26 39/44/2
f 58/60/13 71/76/27 56/75/26
f 57/59/12 3/58/2 39/44/2 56/75/26
f 60/51/7 70/77/28 61/78/29
f 61/78/29 59/50/6 39/44/2 77/62/2
f 77/62/2 43/49/2 60/51/7 61/78/29
f 62/57/11 64/56/10 68/79/30
f 62/57/11 63/80/31 79/61/2 39/44/2
f 64/56/10 41/48/2 79/61/2 63/80/31
f 66/64/15 67/81/32 39/44/2 79/61/2
f 65/63/14 77/62/2 39/44/2 67/81/32
f 66/64/15 69/82/33 67/81/32
f 68/79/30 64/56/10 63/80/31
f 63/80/31 62/57/11 68/79/30
f 67/81/32 69/82/33 65/63/14
f 69/82/33 66/64/15 65/63/14
f 61/78/29 70/77/28 59/50/6
f 59/50/6 70/77/28 60/51/7
f 56/75/26 71/76/27 57/59/12
f 57/59/12 71/76/27 58/60/13
f 72/74/25 55/42/1 53/45/3
f 53/45/3 54/72/23 72/74/25
f 73/73/24 50/66/17 51/71/22
f 51/71/22 52/65/16 73/73/24
f 47/54/8 74/70/21 48/55/9
f 48/55/9 74/70/21 49/69/20
f 75/68/19 46/47/5 45/46/4
f 45/46/4 44/67/18 75/68/19
f 92/83/1 43/84/2 76/85/2 90/86/3
f 76/85/2 82/87/4 83/88/5 78/89/2
f 151/90/2 76/85/2 96/91/6 97/92/7
f 77/93/2 79/94/2 84/95/8 85/96/9
f 76/85/2 78/89/2 101/97/10 99/98/11
f 80/99/2 94/100/12 95/101/13 151/90/2
f 150/102/2 149/103/2 102/104/14 104/105/15
f 89/106/16 76/85/2 43/84/2 87/107/17
f 79/94/2 81/108/18 82/87/4 76/85/2
f 81/108/18 83/88/5 112/109/19
f 78/89/2 83/88/5 81/108/18 79/94/2
f 76/85/2 86/110/20 84/95/8 79/94/2
f 86/110/20 111/111/21 84/95/8
f 85/96/9 86/110/20 76/85/2 77/93/2
f 87/107/17 43/84/2 77/93/2 88/112/22
f 88/112/22 77/93/2 76/85/2 89/106/16
f 90/86/3 76/85/2 80/99/2 91/113/23
f 89/106/16 87/107/17 110/114/24
f 91/113/23 92/83/1 109/115/25
f 91/113/23 80/99/2 43/84/2 92/83/1
f 151/90/2 95/101/13 93/116/26 76/85/2
f 95/101/13 108/117/27 93/116/26
f 94/100/12 80/99/2 76/85/2 93/116/26
f 97/92/7 107/118/28 98/119/29
f 98/119/29 96/91/6 76/85/2 149/103/2
f 149/103/2 151/90/2 97/92/7 98/119/29
f 99/98/11 101/97/10 105/120/30
f 99/98/11 100/121/31 150/102/2 76/85/2
f 101/97/10 78/89/2 150/102/2 100/121/31
f 104/105/15 103/122/32 76/85/2 150/102/2
f 102/104/14 149/103/2 76/85/2 103/122/32
f 104/105/15 106/123/33 103/122/32
f 105/120/30 101/97/10 100/121/31
f 100/121/31 99/98/11 105/120/30
f 103/122/32 106/123/33 102/104/14
f 106/123/33 104/105/15 102/104/14
f 98/119/29 107/118/28 96/91/6
f 96/91/6 107/118/28 97/92/7
f 93/116/26 108/117/27 94/100/12
f 94/100/12 108/117/27 95/101/13
f 109/115/25 92/83/1 90/86/3
f 90/86/3 91/113/23 109/115/25
f 110/114/24 87/107/17 88/112/22
f 88/112/22 89/106/16 110/114/24
f 84/95/8 111/111/21 85/96/9
f 85/96/9 111/111/21 86/110/20
f 112/109/19 83/88/5 82/87/4
f 82/87/4 81/108/18 112/109/19
f 128/124/1 116/125/2 113/126/2 126/127/3
f 113/126/2 118/128/4 119/129/5 80/130/2
f 153/131/2 113/126/2 132/132/6 133/133/7
f 114/134/2 43/135/2 120/136/8 121/137/9
f 113/126/2 80/130/2 137/138/10 135/139/11
f 115/140/2 130/141/12 131/142/13 153/131/2
f 151/143/2 152/144/2 139/145/14 140/146/15
f 125/147/16 113/126/2 116/125/2 123/148/17
f 43/135/2 117/149/18 118/128/4 113/126/2
f 117/149/18 119/129/5 148/150/19
f 80/130/2 119/129/5 117/149/18 43/135/2
f 113/126/2 122/151/20 120/136/8 43/135/2
f 122/151/20 147/152/21 120/136/8
f 121/137/9 122/151/20 113/126/2 114/134/2
f 123/148/17 116/125/2 114/134/2 124/153/22
f 124/153/22 114/134/2 113/126/2 125/147/16
f 126/127/3 113/126/2 115/140/2 127/154/23
f 125/147/16 123/148/17 146/155/24
f 127/154/23 128/124/1 145/156/25
f 127/154/23 115/140/2 116/125/2 128/124/1
f 153/131/2 131/142/13 129/157/26 113/126/2
f 131/142/13 144/158/27 129/157/26
f 130/141/12 115/140/2 113/126/2 129/157/26
f 133/133/7 143/159/28 134/160/29
f 134/160/29 132/132/6 113/126/2 152/144/2
f 152/144/2 153/131/2 133/133/7 134/160/29
f 135/139/11 137/138/10 141/161/30
f 135/139/11 136/162/31 151/143/2 113/126/2
f 137/138/10 80/130/2 151/143/2 136/162/31
f 140/146/15 138/163/32 113/126/2 151/143/2
f 139/145/14 152/144/2 113/126/2 138/163/32
f 140/146/15 142/164/33 138/163/32
f 141/161/30 137/138/10 136/162/31
f 136/162/31 135/139/11 141/161/30
f 138/163/32 142/164/33 139/145/14
f 142/164/33 140/146/15 139/145/14
f 134/160/29 143/159/28 132/132/6
f 132/132/6 143/159/28 133/133/7
f 129/157/26 144/158/27 130/141/12
f 130/141/12 144/158/27 131/142/13
f 145/156/25 128/124/1 126/127/3
f 126/127/3 127/154/23 145/156/25
f 146/155/24 123/148/17 124/153/22
f 124/153/22 125/147/16 146/155/24
f 120/136/8 147/152/21 121/137/9
f 121/137/9 147/152/21 122/151/20
f 148/150/19 119/129/5 118/128/4
f 118/128/4 117/149/18 148/150/19
f 155/165/34 159/166/34 248/167/34 245/168/34
f 155/169/2 231/170/2 225/171/2 160/172/2
f 160/172/2 210/173/2 204/174/2 154/175/2
f 156/176/2 217/177/2 211/178/2 160/172/2
f 154/175/2 203/179/2 218/180/2 156/176/2
f 158/181/2 161/182/2 176/183/2 154/175/2
f 154/175/2 175/184/2 169/185/2 160/172/2
f 160/172/2 168/186/2 162/187/2 158/181/2
f 160/172/2 189/188/2 183/189/2 155/169/2
f 157/190/2 196/191/2 190/192/2 160/172/2
f 155/169/2 182/193/2 197/194/2 157/190/2
f 160/172/2 224/195/2 239/196/2 159/197/2
f 159/197/2 238/198/2 232/199/2 155/169/2
f 160/172/2 158/181/2 157/190/2
f 161/182/2 158/181/2 163/200/2
f 163/200/2 158/181/2 164/201/2
f 164/201/2 158/181/2 165/202/2
f 165/202/2 158/181/2 166/203/2
f 166/203/2 158/181/2 167/204/2
f 167/204/2 158/181/2 162/187/2
f 168/186/2 160/172/2 170/205/2
f 170/205/2 160/172/2 171/206/2
f 171/206/2 160/172/2 172/207/2
f 172/207/2 160/172/2 173/208/2
f 173/208/2 160/172/2 174/209/2
f 174/209/2 160/172/2 169/185/2
f 175/184/2 154/175/2 177/210/2
f 177/210/2 154/175/2 178/211/2
f 178/211/2 154/175/2 179/212/2
f 179/212/2 154/175/2 180/213/2
f 180/213/2 154/175/2 181/214/2
f 181/214/2 154/175/2 176/183/2
f 182/193/2 155/169/2 184/215/2
f 184/215/2 155/169/2 185/216/2
f 185/216/2 155/169/2 186/217/2
f 186/217/2 155/169/2 187/218/2
f 187/218/2 155/169/2 188/219/2
f 188/219/2 155/169/2 183/189/2
f 189/188/2 160/172/2 191/220/2
f 191/220/2 160/172/2 192/221/2
f 192/221/2 160/172/2 193/222/2
f 193/222/2 160/172/2 194/223/2
f 194/223/2 160/172/2 195/224/2
f 195/224/2 160/172/2 190/192/2
f 196/191/2 157/190/2 198/225/2
f 198/225/2 157/190/2 199/226/2
f 199/226/2 157/190/2 200/227/2
f 200/227/2 157/190/2 201/228/2
f 201/228/2 157/190/2 202/229/2
f 202/229/2 157/190/2 197/194/2
f 203/179/2 154/175/2 205/230/2
f 205/230/2 154/175/2 206/231/2
f 206/231/2 154/175/2 207/232/2
f 207/232/2 154/175/2 208/233/2
f 208/233/2 154/175/2 209/234/2
f 209/234/2 154/175/2 204/174/2
f 210/173/2 160/172/2 212/235/2
f 212/235/2 160/172/2 213/236/2
f 213/236/2 160/172/2 214/237/2
f 214/237/2 160/172/2 215/238/2
f 215/238/2 160/172/2 216/239/2
f 216/239/2 160/172/2 211/178/2
f 217/177/2 156/176/2 219/240/2
f 219/240/2 156/176/2 220/241/2
f 220/241/2 156/176/2 221/242/2
f 221/242/2 156/176/2 222/243/2
f 222/243/2 156/176/2 223/244/2
f 223/244/2 156/176/2 218/180/2
f 224/195/2 160/172/2 226/245/2
f 226/245/2 160/172/2 227/246/2
f 227/246/2 160/172/2 228/247/2
f 228/247/2 160/172/2 229/248/2
f 229/248/2 160/172/2 230/249/2
f 230/249/2 160/172/2 225/171/2
f 231/170/2 155/169/2 233/250/2
f 233/250/2 155/169/2 234/251/2
f 234/251/2 155/169/2 235/252/2
f 235/252/2 155/169/2 236/253/2
f 236/253/2 155/169/2 237/254/2
f 237/254/2 155/169/2 232/199/2
f 238/198/2 159/197/2 240/255/2
f 240/255/2 159/197/2 241/256/2
f 241/256/2 159/197/2 242/257/2
f 242/257/2 159/197/2 243/258/2
f 243/258/2 159/197/2 244/259/2
f 244/259/2 159/197/2 239/196/2
f 334/260/2 338/261/2 403/262/2 409/263/2
f 338/261/2 154/175/2 382/264/2 388/265/2
f 156/176/2 338/261/2 389/266/2 395/267/2
f 154/175/2 156/176/2 396/268/2 381/269/2
f 336/270/2 154/175/2 354/271/2 339/272/2
f 154/175/2 338/261/2 347/273/2 353/274/2
f 338/261/2 336/270/2 340/275/2 346/276/2
f 338/261/2 334/260/2 361/277/2 367/278/2
f 335/279/2 338/261/2 368/280/2 374/281/2
f 334/260/2 335/279/2 375/282/2 360/283/2
f 338/261/2 337/284/2 417/285/2 402/286/2
f 337/284/2 334/260/2 410/287/2 416/288/2
f 338/261/2 335/279/2 336/270/2
f 339/272/2 341/289/2 336/270/2
f 341/289/2 342/290/2 336/270/2
f 342/290/2 343/291/2 336/270/2
f 343/291/2 344/292/2 336/270/2
f 344/292/2 345/293/2 336/270/2
f 345/293/2 340/275/2 336/270/2
f 346/276/2 348/294/2 338/261/2
f 348/294/2 349/295/2 338/261/2
f 349/295/2 350/296/2 338/261/2
f 350/296/2 351/297/2 338/261/2
f 351/297/2 352/298/2 338/261/2
f 352/298/2 347/273/2 338/261/2
f 353/274/2 355/299/2 154/175/2
f 355/299/2 356/300/2 154/175/2
f 356/300/2 357/301/2 154/175/2
f 357/301/2 358/302/2 154/175/2
f 358/302/2 359/303/2 154/175/2
f 359/303/2 354/271/2 154/175/2
f 360/283/2 362/304/2 334/260/2
f 362/304/2 363/305/2 334/260/2
f 363/305/2 364/306/2 334/260/2
f 364/306/2 365/307/2 334/260/2
f 365/307/2 366/308/2 334/260/2
f 366/308/2 361/277/2 334/260/2
f 367/278/2 369/309/2 338/261/2
f 369/309/2 370/310/2 338/261/2
f 370/310/2 371/311/2 338/261/2
f 371/311/2 372/312/2 338/261/2
f 372/312/2 373/313/2 338/261/2
f 373/313/2 368/280/2 338/261/2
f 374/281/2 376/314/2 335/279/2
f 376/314/2 377/315/2 335/279/2
f 377/315/2 378/316/2 335/279/2
f 378/316/2 379/317/2 335/279/2
f 379/317/2 380/318/2 335/279/2
f 380/318/2 375/282/2 335/279/2
f 381/269/2 383/319/2 154/175/2
f 383/319/2 384/320/2 154/175/2
f 384/320/2 385/321/2 154/175/2
f 385/321/2 386/322/2 154/175/2
f 386/322/2 387/323/2 154/175/2
f 387/323/2 382/264/2 154/175/2
f 388/265/2 390/324/2 338/261/2
f 390/324/2 391/325/2 338/261/2
f 391/325/2 392/326/2 338/261/2
f 392/326/2 393/327/2 338/261/2
f 393/327/2 394/328/2 338/261/2
f 394/328/2 389/266/2 338/261/2
f 395/267/2 397/329/2 156/176/2
f 397/329/2 398/330/2 156/176/2
f 398/330/2 399/331/2 156/176/2
f 399/331/2 400/332/2 156/176/2
f 400/332/2 401/333/2 156/176/2
f 401/333/2 396/268/2 156/176/2
f 402/286/2 404/334/2 338/261/2
f 404/334/2 405/335/2 338/261/2
f 405/335/2 406/336/2 338/261/2
f 406/336/2 407/337/2 338/261/2
f 407/337/2 408/338/2 338/261/2
f 408/338/2 403/262/2 338/261/2
f 409/263/2 411/339/2 334/260/2
f 411/339/2 412/340/2 334/260/2
f 412/340/2 413/341/2 334/260/2
f 413/341/2 414/342/2 334/260/2
f 414/342/2 415/343/2 334/260/2
f 415/343/2 410/287/2 334/260/2
f 416/288/2 418/344/2 337/284/2
f 418/344/2 419/345/2 337/284/2
f 419/345/2 420/346/2 337/284/2
f 420/346/2 421/347/2 337/284/2
f 421/347/2 422/348/2 337/284/2
f 422/348/2 417/285/2 337/284/2
f 511/349/34 598/350/34 248/167/34 159/166/34
f 511/351/2 160/172/2 578/352/2 584/353/2
f 160/172/2 1208/354/2 557/355/2 563/356/2
f 156/176/2 160/172/2 564/357/2 570/358/2
f 1208/354/2 156/176/2 571/359/2 556/360/2
f 513/361/2 1208/354/2 529/362/2 514/363/2
f 1208/354/2 160/172/2 522/364/2 528/365/2
f 160/172/2 513/361/2 515/366/2 521/367/2
f 160/172/2 511/351/2 536/368/2 542/369/2
f 512/370/2 160/172/2 543/371/2 549/372/2
f 511/351/2 512/370/2 550/373/2 535/374/2
f 160/172/2 159/197/2 592/375/2 577/376/2
f 159/197/2 511/351/2 585/377/2 591/378/2
f 160/172/2 512/370/2 513/361/2
f 514/363/2 516/379/2 513/361/2
f 516/379/2 517/380/2 513/361/2
f 517/380/2 518/381/2 513/361/2
f 518/381/2 519/382/2 513/361/2
f 519/382/2 520/383/2 513/361/2
f 520/383/2 515/366/2 513/361/2
f 521/367/2 523/384/2 160/172/2
f 523/384/2 524/385/2 160/172/2
f 524/385/2 525/386/2 160/172/2
f 525/386/2 526/387/2 160/172/2
f 526/387/2 527/388/2 160/172/2
f 527/388/2 522/364/2 160/172/2
f 528/365/2 530/389/2 1208/354/2
f 530/389/2 531/390/2 1208/354/2
f 531/390/2 532/391/2 1208/354/2
f 532/391/2 533/392/2 1208/354/2
f 533/392/2 534/393/2 1208/354/2
f 534/393/2 529/362/2 1208/354/2
f 535/374/2 537/394/2 511/351/2
f 537/394/2 538/395/2 511/351/2
f 538/395/2 539/396/2 511/351/2
f 539/396/2 540/397/2 511/351/2
f 540/397/2 541/398/2 511/351/2
f 541/398/2 536/368/2 511/351/2
f 542/369/2 544/399/2 160/172/2
f 544/399/2 545/400/2 160/172/2
f 545/400/2 546/401/2 160/172/2
f 546/401/2 547/402/2 160/172/2
f 547/402/2 548/403/2 160/172/2
f 548/403/2 543/371/2 160/172/2
f 549/372/2 551/404/2 512/370/2
f 551/404/2 552/405/2 512/370/2
f 552/405/2 553/406/2 512/370/2
f 553/406/2 554/407/2 512/370/2
f 554/407/2 555/408/2 512/370/2
f 555/408/2 550/373/2 512/370/2
f 556/360/2 558/409/2 1208/354/2
f 558/409/2 559/410/2 1208/354/2
f 559/410/2 560/411/2 1208/354/2
f 560/411/2 561/412/2 1208/354/2
f 561/412/2 562/413/2 1208/354/2
f 562/413/2 557/355/2 1208/354/2
f 563/356/2 565/414/2 160/172/2
f 565/414/2 566/415/2 160/172/2
f 566/415/2 567/416/2 160/172/2
f 567/416/2 568/417/2 160/172/2
f 568/417/2 569/418/2 160/172/2
f 569/418/2 564/357/2 160/172/2
f 570/358/2 572/419/2 156/176/2
f 572/419/2 573/420/2 156/176/2
f 573/420/2 574/421/2 156/176/2
f 574/421/2 575/422/2 156/176/2
f 575/422/2 576/423/2 156/176/2
f 576/423/2 571/359/2 156/176/2
f 577/376/2 579/424/2 160/172/2
f 579/424/2 580/425/2 160/172/2
f 580/425/2 581/426/2 160/172/2
f 581/426/2 582/427/2 160/172/2
f 582/427/2 583/428/2 160/172/2
f 583/428/2 578/352/2 160/172/2
f 584/353/2 586/429/2 511/351/2
f 586/429/2 587/430/2 511/351/2
f 587/430/2 588/431/2 511/351/2
f 588/431/2 589/432/2 511/351/2
f 589/432/2 590/433/2 511/351/2
f 590/433/2 585/377/2 511/351/2
f 591/378/2 593/434/2 159/197/2
f 593/434/2 594/435/2 159/197/2
f 594/435/2 595/436/2 159/197/2
f 595/436/2 596/437/2 159/197/2
f 596/437/2 597/438/2 159/197/2
f 597/438/2 592/375/2 159/197/2
f 1209/439/2 753/440/2 747/441/2 338/261/2
f 338/261/2 732/442/2 726/443/2 1208/354/2
f 156/176/2 739/444/2 733/445/2 338/261/2
f 1208/354/2 725/446/2 740/447/2 156/176/2
f 1211/448/2 683/449/2 698/450/2 1208/354/2
f 1208/354/2 697/451/2 691/452/2 338/261/2
f 338/261/2 690/453/2 684/454/2 1211/448/2
f 338/261/2 711/455/2 705/456/2 1209/439/2
f 1210/457/2 718/458/2 712/459/2 338/261/2
f 1209/439/2 704/460/2 719/461/2 1210/457/2
f 338/261/2 746/462/2 761/463/2 337/284/2
f 337/284/2 760/464/2 754/465/2 1209/439/2
f 338/261/2 1211/448/2 1210/457/2
f 683/449/2 1211/448/2 685/466/2
f 685/466/2 1211/448/2 686/467/2
f 686/467/2 1211/448/2 687/468/2
f 687/468/2 1211/448/2 688/469/2
f 688/469/2 1211/448/2 689/470/2
f 689/470/2 1211/448/2 684/454/2
f 690/453/2 338/261/2 692/471/2
f 692/471/2 338/261/2 693/472/2
f 693/472/2 338/261/2 694/473/2
f 694/473/2 338/261/2 695/474/2
f 695/474/2 338/261/2 696/475/2
f 696/475/2 338/261/2 691/452/2
f 697/451/2 1208/354/2 699/476/2
f 699/476/2 1208/354/2 700/477/2
f 700/477/2 1208/354/2 701/478/2
f 701/478/2 1208/354/2 702/479/2
f 702/479/2 1208/354/2 703/480/2
f 703/480/2 1208/354/2 698/450/2
f 704/460/2 1209/439/2 706/481/2
f 706/481/2 1209/439/2 707/482/2
f 707/482/2 1209/439/2 708/483/2
f 708/483/2 1209/439/2 709/484/2
f 709/484/2 1209/439/2 710/485/2
f 710/485/2 1209/439/2 705/456/2
f 711/455/2 338/261/2 713/486/2
f 713/486/2 338/261/2 714/487/2
f 714/487/2 338/261/2 715/488/2
f 715/488/2 338/261/2 716/489/2
f 716/489/2 338/261/2 717/490/2
f 717/490/2 338/261/2 712/459/2
f 718/458/2 1210/457/2 720/491/2
f 720/491/2 1210/457/2 721/492/2
f 721/492/2 1210/457/2 722/493/2
f 722/493/2 1210/457/2 723/494/2
f 723/494/2 1210/457/2 724/495/2
f 724/495/2 1210/457/2 719/461/2
f 725/446/2 1208/354/2 727/496/2
f 727/496/2 1208/354/2 728/497/2
f 728/497/2 1208/354/2 729/498/2
f 729/498/2 1208/354/2 730/499/2
f 730/499/2 1208/354/2 731/500/2
f 731/500/2 1208/354/2 726/443/2
f 732/442/2 338/261/2 734/501/2
f 734/501/2 338/261/2 735/502/2
f 735/502/2 338/261/2 736/503/2
f 736/503/2 338/261/2 737/504/2
f 737/504/2 338/261/2 738/505/2
f 738/505/2 338/261/2 733/445/2
f 739/444/2 156/176/2 741/506/2
f 741/506/2 156/176/2 742/507/2
f 742/507/2 156/176/2 743/508/2
f 743/508/2 156/176/2 744/509/2
f 744/509/2 156/176/2 745/510/2
f 745/510/2 156/176/2 740/447/2
f 746/462/2 338/261/2 748/511/2
f 748/511/2 338/261/2 749/512/2
f 749/512/2 338/261/2 750/513/2
f 750/513/2 338/261/2 751/514/2
f 751/514/2 338/261/2 752/515/2
f 752/515/2 338/261/2 747/441/2
f 753/440/2 1209/439/2 755/516/2
f 755/516/2 1209/439/2 756/517/2
f 756/517/2 1209/439/2 757/518/2
f 757/518/2 1209/439/2 758/519/2
f 758/519/2 1209/439/2 759/520/2
f 759/520/2 1209/439/2 754/465/2
f 760/464/2 337/284/2 762/521/2
f 762/521/2 337/284/2 763/522/2
f 763/522/2 337/284/2 764/523/2
f 764/523/2 337/284/2 765/524/2
f 765/524/2 337/284/2 766/525/2
f 766/525/2 337/284/2 761/463/2
f 852/526/35 856/527/35 945/528/35 942/529/35
f 852/530/2 928/531/2 922/532/2 857/533/2
f 857/533/2 907/534/2 901/535/2 851/536/2
f 853/537/2 914/538/2 908/539/2 857/533/2
f 851/536/2 900/540/2 915/541/2 853/537/2
f 855/542/2 858/543/2 873/544/2 851/536/2
f 851/536/2 872/545/2 866/546/2 857/533/2
f 857/533/2 865/547/2 859/548/2 855/542/2
f 857/533/2 886/549/2 880/550/2 852/530/2
f 854/551/2 893/552/2 887/553/2 857/533/2
f 852/530/2 879/554/2 894/555/2 854/551/2
f 857/533/2 921/556/2 936/557/2 856/558/2
f 856/558/2 935/559/2 929/560/2 852/530/2
f 857/533/2 855/542/2 854/551/2
f 858/543/2 855/542/2 860/561/2
f 860/561/2 855/542/2 861/562/2
f 861/562/2 855/542/2 862/563/2
f 862/563/2 855/542/2 863/564/2
f 863/564/2 855/542/2 864/565/2
f 864/565/2 855/542/2 859/548/2
f 865/547/2 857/533/2 867/566/2
f 867/566/2 857/533/2 868/567/2
f 868/567/2 857/533/2 869/568/2
f 869/568/2 857/533/2 870/569/2
f 870/569/2 857/533/2 871/570/2
f 871/570/2 857/533/2 866/546/2
f 872/545/2 851/536/2 874/571/2
f 874/571/2 851/536/2 875/572/2
f 875/572/2 851/536/2 876/573/2
f 876/573/2 851/536/2 877/574/2
f 877/574/2 851/536/2 878/575/2
f 878/575/2 851/536/2 873/544/2
f 879/554/2 852/530/2 881/576/2
f 881/576/2 852/530/2 882/577/2
f 882/577/2 852/530/2 883/578/2
f 883/578/2 852/530/2 884/579/2
f 884/579/2 852/530/2 885/580/2
f 885/580/2 852/530/2 880/550/2
f 886/549/2 857/533/2 888/581/2
f 888/581/2 857/533/2 889/582/2
f 889/582/2 857/533/2 890/583/2
f 890/583/2 857/533/2 891/584/2
f 891/584/2 857/533/2 892/585/2
f 892/585/2 857/533/2 887/553/2
f 893/552/2 854/551/2 895/586/2
f 895/586/2 854/551/2 896/587/2
f 896/587/2 854/551/2 897/588/2
f 897/588/2 854/551/2 898/589/2
f 898/589/2 854/551/2 899/590/2
f 899/590/2 854/551/2 894/555/2
f 900/540/2 851/536/2 902/591/2
f 902/591/2 851/536/2 903/592/2
f 903/592/2 851/536/2 904/593/2
f 904/593/2 851/536/2 905/594/2
f 905/594/2 851/536/2 906/595/2
f 906/595/2 851/536/2 901/535/2
f 907/534/2 857/533/2 909/596/2
f 909/596/2 857/533/2 910/597/2
f 910/597/2 857/533/2 911/598/2
f 911/598/2 857/533/2 912/599/2
f 912/599/2 857/533/2 913/600/2
f 913/600/2 857/533/2 908/539/2
f 914/538/2 853/537/2 916/601/2
f 916/601/2 853/537/2 917/602/2
f 917/602/2 853/537/2 918/603/2
f 918/603/2 853/537/2 919/604/2
f 919/604/2 853/537/2 920/605/2
f 920/605/2 853/537/2 915/541/2
f 921/556/2 857/533/2 923/606/2
f 923/606/2 857/533/2 924/607/2
f 924/607/2 857/533/2 925/608/2
f 925/608/2 857/533/2 926/609/2
f 926/609/2 857/533/2 927/610/2
f 927/610/2 857/533/2 922/532/2
f 928/531/2 852/530/2 930/611/2
f 930/611/2 852/530/2 931/612/2
f 931/612/2 852/530/2 932/613/2
f 932/613/2 852/530/2 933/614/2
f 933/614/2 852/530/2 934/615/2
f 934/615/2 852/530/2 929/560/2
f 935/559/2 856/558/2 937/616/2
f 937/616/2 856/558/2 938/617/2
f 938/617/2 856/558/2 939/618/2
f 939/618/2 856/558/2 940/619/2
f 940/619/2 856/558/2 941/620/2
f 941/620/2 856/558/2 936/557/2
f 1031/621/2 1035/622/2 1100/623/2 1106/624/2
f 1035/622/2 851/536/2 1079/625/2 1085/626/2
f 853/537/2 1035/622/2 1086/627/2 1092/628/2
f 851/536/2 853/537/2 1093/629/2 1078/630/2
f 1033/631/2 851/536/2 1051/632/2 1036/633/2
f 851/536/2 1035/622/2 1044/634/2 1050/635/2
f 1035/622/2 1033/631/2 1037/636/2 1043/637/2
f 1035/622/2 1031/621/2 1058/638/2 1064/639/2
f 1032/640/2 1035/622/2 1065/641/2 1071/642/2
f 1031/621/2 1032/640/2 1072/643/2 1057/644/2
f 1035/622/2 1034/645/2 1114/646/2 1099/647/2
f 1034/645/2 1031/621/2 1107/648/2 1113/649/2
f 1035/622/2 1032/640/2 1033/631/2
f 1036/633/2 1038/650/2 1033/631/2
f 1038/650/2 1039/651/2 1033/631/2
f 1039/651/2 1040/652/2 1033/631/2
f 1040/652/2 1041/653/2 1033/631/2
f 1041/653/2 1042/654/2 1033/631/2
f 1042/654/2 1037/636/2 1033/631/2
f 1043/637/2 1045/655/2 1035/622/2
f 1045/655/2 1046/656/2 1035/622/2
f 1046/656/2 1047/657/2 1035/622/2
f 1047/657/2 1048/658/2 1035/622/2
f 1048/658/2 1049/659/2 1035/622/2
f 1049/659/2 1044/634/2 1035/622/2
f 1050/635/2 1052/660/2 851/536/2
f 1052/660/2 1053/661/2 851/536/2
f 1053/661/2 1054/662/2 851/536/2
f 1054/662/2 1055/663/2 851/536/2
f 1055/663/2 1056/664/2 851/536/2
f 1056/664/2 1051/632/2 851/536/2
f 1057/644/2 1059/665/2 1031/621/2
f 1059/665/2 1060/666/2 1031/621/2
f 1060/666/2 1061/667/2 1031/621/2
f 1061/667/2 1062/668/2 1031/621/2
f 1062/668/2 1063/669/2 1031/621/2
f 1063/669/2 1058/638/2 1031/621/2
f 1064/639/2 1066/670/2 1035/622/2
f 1066/670/2 1067/671/2 1035/622/2
f 1067/671/2 1068/672/2 1035/622/2
f 1068/672/2 1069/673/2 1035/622/2
f 1069/673/2 1070/674/2 1035/622/2
f 1070/674/2 1065/641/2 1035/622/2
f 1071/642/2 1073/675/2 1032/640/2
f 1073/675/2 1074/676/2 1032/640/2
f 1074/676/2 1075/677/2 1032/640/2
f 1075/677/2 1076/678/2 1032/640/2
f 1076/678/2 1077/679/2 1032/640/2
f 1077/679/2 1072/643/2 1032/640/2
f 1078/630/2 1080/680/2 851/536/2
f 1080/680/2 1081/681/2 851/536/2
f 1081/681/2 1082/682/2 851/536/2
f 1082/682/2 1083/683/2 851/536/2
f 1083/683/2 1084/684/2 851/536/2
f 1084/684/2 1079/625/2 851/536/2
f 1085/626/2 1087/685/2 1035/622/2
f 1087/685/2 1088/686/2 1035/622/2
f 1088/686/2 1089/687/2 1035/622/2
f 1089/687/2 1090/688/2 1035/622/2
f 1090/688/2 1091/689/2 1035/622/2
f 1091/689/2 1086/627/2 1035/622/2
f 1092/628/2 1094/690/2 853/537/2
f 1094/690/2 1095/691/2 853/537/2
f 1095/691/2 1096/692/2 853/537/2
f 1096/692/2 1097/693/2 853/537/2
f 1097/693/2 1098/694/2 853/537/2
f 1098/694/2 1093/629/2 853/537/2
f 1099/647/2 1101/695/2 1035/622/2
f 1101/695/2 1102/696/2 1035/622/2
f 1102/696/2 1103/697/2 1035/622/2
f 1103/697/2 1104/698/2 1035/622/2
f 1104/698/2 1105/699/2 1035/622/2
f 1105/699/2 1100/623/2 1035/622/2
f 1106/624/2 1108/700/2 1031/621/2
f 1108/700/2 1109/701/2 1031/621/2
f 1109/701/2 1110/702/2 1031/621/2
f 1110/702/2 1111/703/2 1031/621/2
f 1111/703/2 1112/704/2 1031/621/2
f 1112/704/2 1107/648/2 1031/621/2
f 1113/649/2 1115/705/2 1034/645/2
f 1115/705/2 1116/706/2 1034/645/2
f 1116/706/2 1117/707/2 1034/645/2
f 1117/707/2 1118/708/2 1034/645/2
f 1118/708/2 1119/709/2 1034/645/2
f 1119/709/2 1114/646/2 1034/645/2
f 1209/710/35 1296/711/35 945/528/35 856/527/35
f 1209/439/2 857/533/2 1276/712/2 1282/713/2
f 857/533/2 1208/354/2 1255/714/2 1261/715/2
f 853/537/2 857/533/2 1262/716/2 1268/717/2
f 1208/354/2 853/537/2 1269/718/2 1254/719/2
f 1211/448/2 1208/354/2 1227/720/2 1212/721/2
f 1208/354/2 857/533/2 1220/722/2 1226/723/2
f 857/533/2 1211/448/2 1213/724/2 1219/725/2
f 857/533/2 1209/439/2 1234/726/2 1240/727/2
f 1210/457/2 857/533/2 1241/728/2 1247/729/2
f 1209/439/2 1210/457/2 1248/730/2 1233/731/2
f 857/533/2 856/558/2 1290/732/2 1275/733/2
f 856/558/2 1209/439/2 1283/734/2 1289/735/2
f 857/533/2 1210/457/2 1211/448/2
f 1212/721/2 1214/736/2 1211/448/2
f 1214/736/2 1215/737/2 1211/448/2
f 1215/737/2 1216/738/2 1211/448/2
f 1216/738/2 1217/739/2 1211/448/2
f 1217/739/2 1218/740/2 1211/448/2
f 1218/740/2 1213/724/2 1211/448/2
f 1219/725/2 1221/741/2 857/533/2
f 1221/741/2 1222/742/2 857/533/2
f 1222/742/2 1223/743/2 857/533/2
f 1223/743/2 1224/744/2 857/533/2
f 1224/744/2 1225/745/2 857/533/2
f 1225/745/2 1220/722/2 857/533/2
f 1226/723/2 1228/746/2 1208/354/2
f 1228/746/2 1229/747/2 1208/354/2
f 1229/747/2 1230/748/2 1208/354/2
f 1230/748/2 1231/749/2 1208/354/2
f 1231/749/2 1232/750/2 1208/354/2
f 1232/750/2 1227/720/2 1208/354/2
f 1233/731/2 1235/751/2 1209/439/2
f 1235/751/2 1236/752/2 1209/439/2
f 1236/752/2 1237/753/2 1209/439/2
f 1237/753/2 1238/754/2 1209/439/2
f 1238/754/2 1239/755/2 1209/439/2
f 1239/755/2 1234/726/2 1209/439/2
f 1240/727/2 1242/756/2 857/533/2
f 1242/756/2 1243/757/2 857/533/2
f 1243/757/2 1244/758/2 857/533/2
f 1244/758/2 1245/759/2 857/533/2
f 1245/759/2 1246/760/2 857/533/2
f 1246/760/2 1241/728/2 857/533/2
f 1247/729/2 1249/761/2 1210/457/2
f 1249/761/2 1250/762/2 1210/457/2
f 1250/762/2 1251/763/2 1210/457/2
f 1251/763/2 1252/764/2 1210/457/2
f 1252/764/2 1253/765/2 1210/457/2
f 1253/765/2 1248/730/2 1210/457/2
f 1254/719/2 1256/766/2 1208/354/2
f 1256/766/2 1257/767/2 1208/354/2
f 1257/767/2 1258/768/2 1208/354/2
f 1258/768/2 1259/769/2 1208/354/2
f 1259/769/2 1260/770/2 1208/354/2
f 1260/770/2 1255/714/2 1208/354/2
f 1261/715/2 1263/771/2 857/533/2
f 1263/771/2 1264/772/2 857/533/2
f 1264/772/2 1265/773/2 857/533/2
f 1265/773/2 1266/774/2 857/533/2
f 1266/774/2 1267/775/2 857/533/2
f 1267/775/2 1262/716/2 857/533/2
f 1268/717/2 1270/776/2 853/537/2
f 1270/776/2 1271/777/2 853/537/2
f 1271/777/2 1272/778/2 853/537/2
f 1272/778/2 1273/779/2 853/537/2
f 1273/779/2 1274/780/2 853/537/2
f 1274/780/2 1269/718/2 853/537/2
f 1275/733/2 1277/781/2 857/533/2
f 1277/781/2 1278/782/2 857/533/2
f 1278/782/2 1279/783/2 857/533/2
f 1279/783/2 1280/784/2 857/533/2
f 1280/784/2 1281/785/2 857/533/2
f 1281/785/2 1276/712/2 857/533/2
f 1282/713/2 1284/786/2 1209/439/2
f 1284/786/2 1285/787/2 1209/439/2
f 1285/787/2 1286/788/2 1209/439/2
f 1286/788/2 1287/789/2 1209/439/2
f 1287/789/2 1288/790/2 1209/439/2
f 1288/790/2 1283/734/2 1209/439/2
f 1289/735/2 1291/791/2 856/558/2
f 1291/791/2 1292/792/2 856/558/2
f 1292/792/2 1293/793/2 856/558/2
f 1293/793/2 1294/794/2 856/558/2
f 1294/794/2 1295/795/2 856/558/2
f 1295/795/2 1290/732/2 856/558/2
f 511/351/2 1451/796/2 1445/797/2 1035/622/2
f 1035/622/2 1430/798/2 1424/799/2 1208/354/2
f 853/537/2 1437/800/2 1431/801/2 1035/622/2
f 1208/354/2 1423/802/2 1438/803/2 853/537/2
f 513/361/2 1381/804/2 1396/805/2 1208/354/2
f 1208/354/2 1395/806/2 1389/807/2 1035/622/2
f 1035/622/2 1388/808/2 1382/809/2 513/361/2
f 1035/622/2 1409/810/2 1403/811/2 511/351/2
f 512/370/2 1416/812/2 1410/813/2 1035/622/2
f 511/351/2 1402/814/2 1417/815/2 512/370/2
f 1035/622/2 1444/816/2 1459/817/2 1034/645/2
f 1034/645/2 1458/818/2 1452/819/2 511/351/2
f 1035/622/2 513/361/2 512/370/2
f 1381/804/2 513/361/2 1383/820/2
f 1383/820/2 513/361/2 1384/821/2
f 1384/821/2 513/361/2 1385/822/2
f 1385/822/2 513/361/2 1386/823/2
f 1386/823/2 513/361/2 1387/824/2
f 1387/824/2 513/361/2 1382/809/2
f 1388/808/2 1035/622/2 1390/825/2
f 1390/825/2 1035/622/2 1391/826/2
f 1391/826/2 1035/622/2 1392/827/2
f 1392/827/2 1035/622/2 1393/828/2
f 1393/828/2 1035/622/2 1394/829/2
f 1394/829/2 1035/622/2 1389/807/2
f 1395/806/2 1208/354/2 1397/830/2
f 1397/830/2 1208/354/2 1398/831/2
f 1398/831/2 1208/354/2 1399/832/2
f 1399/832/2 1208/354/2 1400/833/2
f 1400/833/2 1208/354/2 1401/834/2
f 1401/834/2 1208/354/2 1396/805/2
f 1402/814/2 511/351/2 1404/835/2
f 1404/835/2 511/351/2 1405/836/2
f 1405/836/2 511/351/2 1406/837/2
f 1406/837/2 511/351/2 1407/838/2
f 1407/838/2 511/351/2 1408/839/2
f 1408/839/2 511/351/2 1403/811/2
f 1409/810/2 1035/622/2 1411/840/2
f 1411/840/2 1035/622/2 1412/841/2
f 1412/841/2 1035/622/2 1413/842/2
f 1413/842/2 1035/622/2 1414/843/2
f 1414/843/2 1035/622/2 1415/844/2
f 1415/844/2 1035/622/2 1410/813/2
f 1416/812/2 512/370/2 1418/845/2
f 1418/845/2 512/370/2 1419/846/2
f 1419/846/2 512/370/2 1420/847/2
f 1420/847/2 512/370/2 1421/848/2
f 1421/848/2 512/370/2 1422/849/2
f 1422/849/2 512/370/2 1417/815/2
f 1423/802/2 1208/354/2 1425/850/2
f 1425/850/2 1208/354/2 1426/851/2
f 1426/851/2 1208/354/2 1427/852/2
f 1427/852/2 1208/354/2 1428/853/2
f 1428/853/2 1208/354/2 1429/854/2
f 1429/854/2 1208/354/2 1424/799/2
f 1430/798/2 1035/622/2 1432/855/2
f 1432/855/2 1035/622/2 1433/856/2
f 1433/856/2 1035/622/2 1434/857/2
f 1434/857/2 1035/622/2 1435/858/2
f 1435/858/2 1035/622/2 1436/859/2
f 1436/859/2 1035/622/2 1431/801/2
f 1437/800/2 853/537/2 1439/860/2
f 1439/860/2 853/537/2 1440/861/2
f 1440/861/2 853/537/2 1441/862/2
f 1441/862/2 853/537/2 1442/863/2
f 1442/863/2 853/537/2 1443/864/2
f 1443/864/2 853/537/2 1438/803/2
f 1444/816/2 1035/622/2 1446/865/2
f 1446/865/2 1035/622/2 1447/866/2
f 1447/866/2 1035/622/2 1448/867/2
f 1448/867/2 1035/622/2 1449/868/2
f 1449/868/2 1035/622/2 1450/869/2
f 1450/869/2 1035/622/2 1445/797/2
f 1451/796/2 511/351/2 1453/870/2
f 1453/870/2 511/351/2 1454/871/2
f 1454/871/2 511/351/2 1455/872/2
f 1455/872/2 511/351/2 1456/873/2
f 1456/873/2 511/351/2 1457/874/2
f 1457/874/2 511/351/2 1452/819/2
f 1458/818/2 1034/645/2 1460/875/2
f 1460/875/2 1034/645/2 1461/876/2
f 1461/876/2 1034/645/2 1462/877/2
f 1462/877/2 1034/645/2 1463/878/2
f 1463/878/2 1034/645/2 1464/879/2
f 1464/879/2 1034/645/2 1459/817/2
usemtl MI_Trim_02
f 271/880/36 182/881/36 184/882/37 273/883/38
f 286/884/39 197/885/39 182/881/36 271/880/36
f 291/886/40 202/887/41 197/885/39 286/884/39
f 290/888/42 201/889/43 202/887/41 291/886/40
f 289/890/44 200/891/45 201/889/43 290/888/42
f 288/892/46 199/893/47 200/891/45 289/890/44
f 287/894/48 198/895/49 199/893/47 288/892/46
f 285/896/50 196/897/51 198/895/49 287/894/48
f 279/898/52 190/899/53 196/897/51 285/896/50
f 284/900/54 195/901/55 190/899/53 279/898/52
f 283/902/56 194/903/57 195/901/55 284/900/54
f 282/904/58 193/905/59 194/903/57 283/902/56
f 281/906/60 192/907/61 193/905/59 282/904/58
f 280/908/62 191/909/63 192/907/61 281/906/60
f 278/910/64 189/911/65 191/909/63 280/908/62
f 272/912/66 183/913/67 189/914/65 278/915/64
f 277/916/68 188/917/69 183/913/67 272/912/66
f 276/918/70 187/919/71 188/917/69 277/916/68
f 275/920/72 186/921/73 187/919/71 276/918/70
f 274/922/74 185/923/75 186/921/73 275/920/72
f 273/883/38 184/882/37 185/923/75 274/922/74
f 158/924/76 154/925/76 249/926/76 247/927/76
f 246/928/76 157/929/76 158/924/76 247/927/76
f 245/930/76 155/931/76 157/929/76 246/928/76
f 315/932/77 226/933/78 227/934/79 316/935/80
f 316/935/80 227/934/79 228/936/81 317/937/82
f 317/937/82 228/936/81 229/938/83 318/939/84
f 318/939/84 229/938/83 230/940/85 319/941/86
f 319/941/86 230/940/85 225/942/87 314/943/88
f 314/943/88 225/942/87 231/944/89 320/945/90
f 320/945/90 231/944/89 233/946/91 322/947/92
f 322/947/92 233/946/91 234/948/93 323/949/94
f 323/949/94 234/948/93 235/950/95 324/951/96
f 324/951/96 235/950/95 236/952/97 325/953/98
f 325/953/98 236/952/97 237/954/99 326/955/100
f 326/955/100 237/954/99 232/956/101 321/957/102
f 321/957/102 232/956/101 238/958/103 327/959/104
f 327/959/104 238/958/103 240/960/105 329/961/106
f 329/961/106 240/960/105 241/962/107 330/963/108
f 330/963/108 241/962/107 242/964/109 331/965/110
f 331/965/110 242/964/109 243/966/111 332/967/112
f 332/967/112 243/966/111 244/968/113 333/969/114
f 333/969/114 244/968/113 239/970/115 328/971/115
f 328/971/115 239/970/115 224/972/116 313/973/116
f 313/974/116 224/975/116 226/933/78 315/932/77
f 252/976/117 163/977/118 164/978/119 253/979/120
f 253/979/120 164/978/119 165/980/121 254/981/122
f 254/981/122 165/980/121 166/982/123 255/983/124
f 255/983/124 166/982/123 167/984/125 256/985/126
f 256/985/126 167/984/125 162/986/127 251/987/128
f 251/987/128 162/986/127 168/988/129 257/989/130
f 257/989/130 168/988/129 170/990/131 259/991/132
f 259/991/132 170/990/131 171/992/133 260/993/134
f 260/993/134 171/992/133 172/994/135 261/995/136
f 261/995/136 172/994/135 173/996/137 262/997/138
f 262/997/138 173/996/137 174/998/139 263/999/140
f 263/999/140 174/998/139 169/1000/141 258/1001/142
f 258/1002/142 169/1003/141 175/1004/143 264/1005/144
f 264/1005/144 175/1004/143 177/1006/145 266/1007/146
f 266/1007/146 177/1006/145 178/1008/147 267/1009/148
f 267/1009/148 178/1008/147 179/1010/149 268/1011/150
f 268/1011/150 179/1010/149 180/1012/151 269/1013/152
f 269/1013/152 180/1012/151 181/1014/153 270/1015/154
f 270/1015/154 181/1014/153 176/1016/155 265/1017/155
f 265/1017/155 176/1016/155 161/1018/156 250/1019/156
f 250/1019/156 161/1018/156 163/977/118 252/976/117
f 294/1020/157 205/1021/158 206/1022/159 295/1023/160
f 295/1023/160 206/1022/159 207/1024/161 296/1025/162
f 296/1025/162 207/1024/161 208/1026/163 297/1027/164
f 297/1027/164 208/1026/163 209/1028/165 298/1029/166
f 298/1029/166 209/1028/165 204/1030/167 293/1031/168
f 293/1031/168 204/1030/167 210/1032/169 299/1033/170
f 299/1033/170 210/1032/169 212/1034/171 301/1035/172
f 301/1035/172 212/1034/171 213/1036/173 302/1037/174
f 302/1037/174 213/1036/173 214/1038/175 303/1039/176
f 303/1039/176 214/1038/175 215/1040/177 304/1041/178
f 304/1041/178 215/1040/177 216/1042/179 305/1043/180
f 305/1043/180 216/1042/179 211/1044/181 300/1045/181
f 300/1046/181 211/1047/181 217/1048/182 306/1049/182
f 306/1049/182 217/1048/182 219/1050/183 308/1051/184
f 308/1051/184 219/1050/183 220/1052/185 309/1053/186
f 309/1053/186 220/1052/185 221/1054/187 310/1055/188
f 310/1055/188 221/1054/187 222/1056/189 311/1057/190
f 311/1057/190 222/1056/189 223/1058/191 312/1059/192
f 312/1059/192 223/1058/191 218/1060/193 307/1061/194
f 307/1061/194 218/1060/193 203/1062/195 292/1063/196
f 292/1063/196 203/1062/195 205/1021/158 294/1020/157
f 448/1064/155 450/1065/197 362/1066/153 360/1067/155
f 463/1068/156 448/1064/155 360/1067/155 375/1069/156
f 468/1070/198 463/1068/156 375/1069/156 380/1071/118
f 467/1072/120 468/1070/198 380/1071/118 379/1073/119
f 466/1074/122 467/1072/120 379/1073/119 378/1075/199
f 465/1076/124 466/1074/122 378/1075/199 377/1077/200
f 464/1078/126 465/1076/124 377/1077/200 376/1079/125
f 462/1080/128 464/1078/126 376/1079/125 374/1081/127
f 456/1082/130 462/1080/128 374/1081/127 368/1083/129
f 461/1084/132 456/1082/130 368/1083/129 373/1085/131
f 460/1086/134 461/1084/132 373/1085/131 372/1087/201
f 459/1088/136 460/1086/134 372/1087/201 371/1089/202
f 458/1090/138 459/1088/136 371/1089/202 370/1091/203
f 457/1092/140 458/1090/138 370/1091/203 369/1093/139
f 455/1094/142 457/1092/140 369/1093/139 367/1095/141
f 449/1096/144 455/1097/142 367/1098/141 361/1099/143
f 454/1100/146 449/1096/144 361/1099/143 366/1101/145
f 453/1102/148 454/1100/146 366/1101/145 365/1103/147
f 452/1104/204 453/1102/148 365/1103/147 364/1105/149
f 451/1106/152 452/1104/204 364/1105/149 363/1107/151
f 450/1065/197 451/1106/152 363/1107/151 362/1066/153
f 336/1108/76 425/1109/76 249/926/76 154/925/76
f 424/1110/76 425/1109/76 336/1108/76 335/1111/76
f 423/1112/76 424/1110/76 335/1111/76 334/1113/76
f 426/1114/34 423/1115/34 334/1116/34 337/1117/34
f 492/1118/205 493/1119/178 405/1120/177 404/1121/179
f 493/1119/178 494/1122/206 406/1123/175 405/1120/177
f 494/1122/206 495/1124/174 407/1125/207 406/1123/175
f 495/1124/174 496/1126/172 408/1127/171 407/1125/207
f 496/1126/172 491/1128/170 403/1129/169 408/1127/171
f 491/1128/170 497/1130/168 409/1131/167 403/1129/169
f 497/1130/168 499/1132/166 411/1133/165 409/1131/167
f 499/1132/166 500/1134/164 412/1135/163 411/1133/165
f 500/1134/164 501/1136/162 413/1137/161 412/1135/163
f 501/1136/162 502/1138/160 414/1139/159 413/1137/161
f 502/1138/160 503/1140/157 415/1141/158 414/1139/159
f 503/1140/157 498/1142/196 410/1143/195 415/1141/158
f 498/1142/196 504/1144/194 416/1145/193 410/1143/195
f 504/1144/194 506/1146/208 418/1147/191 416/1145/193
f 506/1146/208 507/1148/190 419/1149/189 418/1147/191
f 507/1148/190 508/1150/188 420/1151/209 419/1149/189
f 508/1150/188 509/1152/186 421/1153/185 420/1151/209
f 509/1152/186 510/1154/184 422/1155/183 421/1153/185
f 510/1154/184 505/1156/182 417/1157/182 422/1155/183
f 505/1156/182 490/1158/181 402/1159/181 417/1157/182
f 490/1160/181 492/1118/205 404/1121/179 402/1161/181
f 429/1162/210 430/1163/42 342/1164/43 341/1165/41
f 430/1163/42 431/1166/44 343/1167/45 342/1164/43
f 431/1166/44 432/1168/46 344/1169/47 343/1167/45
f 432/1168/46 433/1170/48 345/1171/49 344/1169/47
f 433/1170/48 428/1172/50 340/1173/51 345/1171/49
f 428/1172/50 434/1174/52 346/1175/53 340/1173/51
f 434/1174/52 436/1176/211 348/1177/55 346/1175/53
f 436/1176/211 437/1178/56 349/1179/57 348/1177/55
f 437/1178/56 438/1180/58 350/1181/212 349/1179/57
f 438/1180/58 439/1182/60 351/1183/61 350/1181/212
f 439/1182/60 440/1184/213 352/1185/214 351/1183/61
f 440/1184/213 435/1186/64 347/1187/65 352/1185/214
f 435/1188/64 441/1189/66 353/1190/67 347/1191/65
f 441/1189/66 443/1192/68 355/1193/69 353/1190/67
f 443/1192/68 444/1194/70 356/1195/71 355/1193/69
f 444/1194/70 445/1196/72 357/1197/73 356/1195/71
f 445/1196/72 446/1198/74 358/1199/75 357/1197/73
f 446/1198/74 447/1200/215 359/1201/37 358/1199/75
f 447/1200/215 442/1202/36 354/1203/36 359/1201/37
f 442/1202/36 427/1204/39 339/1205/39 354/1203/36
f 427/1204/39 429/1162/210 341/1165/41 339/1205/39
f 471/1206/216 472/1207/98 384/1208/97 383/1209/99
f 472/1207/98 473/1210/96 385/1211/95 384/1208/97
f 473/1210/96 474/1212/94 386/1213/93 385/1211/95
f 474/1212/94 475/1214/92 387/1215/91 386/1213/93
f 475/1214/92 470/1216/90 382/1217/89 387/1215/91
f 470/1216/90 476/1218/88 388/1219/87 382/1217/89
f 476/1218/88 478/1220/86 390/1221/85 388/1219/87
f 478/1220/86 479/1222/84 391/1223/83 390/1221/85
f 479/1222/84 480/1224/82 392/1225/81 391/1223/83
f 480/1224/82 481/1226/80 393/1227/79 392/1225/81
f 481/1226/80 482/1228/217 394/1229/78 393/1227/79
f 482/1228/217 477/1230/116 389/1231/116 394/1229/78
f 477/1232/116 483/1233/115 395/1234/115 389/1235/116
f 483/1233/115 485/1236/114 397/1237/113 395/1234/115
f 485/1236/114 486/1238/112 398/1239/111 397/1237/113
f 486/1238/112 487/1240/110 399/1241/218 398/1239/111
f 487/1240/110 488/1242/108 400/1243/107 399/1241/218
f 488/1242/108 489/1244/219 401/1245/105 400/1243/107
f 489/1244/219 484/1246/104 396/1247/103 401/1245/105
f 484/1246/104 469/1248/102 381/1249/101 396/1247/103
f 469/1248/102 471/1206/216 383/1209/99 381/1249/101
f 620/1250/220 622/1251/180 537/1252/179 535/1253/220
f 635/1254/221 620/1250/220 535/1253/220 550/1255/221
f 640/1256/184 635/1254/221 550/1255/221 555/1257/183
f 639/1258/222 640/1256/184 555/1257/183 554/1259/223
f 638/1260/188 639/1258/222 554/1259/223 553/1261/224
f 637/1262/225 638/1260/188 553/1261/224 552/1263/226
f 636/1264/192 637/1262/225 552/1263/226 551/1265/191
f 634/1266/194 636/1264/192 551/1265/191 549/1267/193
f 628/1268/196 634/1266/194 549/1267/193 543/1269/195
f 633/1270/157 628/1268/196 543/1269/195 548/1271/158
f 632/1272/160 633/1270/157 548/1271/158 547/1273/227
f 631/1274/228 632/1272/160 547/1273/227 546/1275/229
f 630/1276/230 631/1274/228 546/1275/229 545/1277/231
f 629/1278/232 630/1276/230 545/1277/231 544/1279/233
f 627/1280/168 629/1278/232 544/1279/233 542/1281/167
f 621/1282/234 627/1283/168 542/1284/167 536/1285/235
f 626/1286/236 621/1282/234 536/1285/235 541/1287/237
f 625/1288/174 626/1286/236 541/1287/237 540/1289/207
f 624/1290/176 625/1288/174 540/1289/207 539/1291/175
f 623/1292/238 624/1290/176 539/1291/175 538/1293/239
f 622/1251/180 623/1292/238 538/1293/239 537/1252/179
f 664/1294/154 665/1295/240 580/1296/241 579/1297/153
f 665/1295/240 666/1298/204 581/1299/149 580/1296/241
f 666/1298/204 667/1300/148 582/1301/147 581/1299/149
f 667/1300/148 668/1302/242 583/1303/243 582/1301/147
f 668/1302/242 663/1304/244 578/1305/245 583/1303/243
f 663/1304/244 669/1306/142 584/1307/141 578/1305/245
f 669/1306/142 671/1308/246 586/1309/247 584/1307/141
f 671/1308/246 672/1310/248 587/1311/249 586/1309/247
f 672/1310/248 673/1312/250 588/1313/251 587/1311/249
f 673/1312/250 674/1314/134 589/1315/133 588/1313/251
f 674/1314/134 675/1316/252 590/1317/131 589/1315/133
f 675/1316/252 670/1318/130 585/1319/129 590/1317/131
f 670/1318/130 676/1320/128 591/1321/127 585/1319/129
f 676/1320/128 678/1322/253 593/1323/125 591/1321/127
f 678/1322/253 679/1324/254 594/1325/255 593/1323/125
f 679/1324/254 680/1326/122 595/1327/256 594/1325/255
f 680/1326/122 681/1328/257 596/1329/258 595/1327/256
f 681/1328/257 682/1330/198 597/1331/118 596/1329/258
f 682/1330/198 677/1332/259 592/1333/259 597/1331/118
f 677/1332/259 662/1334/260 577/1335/260 592/1333/259
f 662/1336/260 664/1294/154 579/1297/153 577/1337/260
f 601/1338/114 602/1339/261 517/1340/262 516/1341/113
f 602/1339/261 603/1342/110 518/1343/218 517/1340/262
f 603/1342/110 604/1344/263 519/1345/264 518/1343/218
f 604/1344/263 605/1346/219 520/1347/105 519/1345/264
f 605/1346/219 600/1348/104 515/1349/103 520/1347/105
f 600/1348/104 606/1350/102 521/1351/101 515/1349/103
f 606/1350/102 608/1352/100 523/1353/99 521/1351/101
f 608/1352/100 609/1354/98 524/1355/265 523/1353/99
f 609/1354/98 610/1356/266 525/1357/267 524/1355/265
f 610/1356/266 611/1358/268 526/1359/269 525/1357/267
f 611/1358/268 612/1360/270 527/1361/271 526/1359/269
f 612/1360/270 607/1362/90 522/1363/89 527/1361/271
f 607/1364/90 613/1365/272 528/1366/273 522/1367/89
f 613/1365/272 615/1368/274 530/1369/275 528/1366/273
f 615/1368/274 616/1370/84 531/1371/83 530/1369/275
f 616/1370/84 617/1372/276 532/1373/81 531/1371/83
f 617/1372/276 618/1374/277 533/1375/278 532/1373/81
f 618/1374/277 619/1376/217 534/1377/78 533/1375/278
f 619/1376/217 614/1378/279 529/1379/279 534/1377/78
f 614/1378/279 599/1380/280 514/1381/280 529/1379/279
f 599/1380/280 601/1338/114 516/1341/113 514/1381/280
f 643/1382/211 644/1383/56 559/1384/281 558/1385/55
f 644/1383/56 645/1386/282 560/1387/283 559/1384/281
f 645/1386/282 646/1388/284 561/1389/285 560/1387/283
f 646/1388/284 647/1390/213 562/1391/214 561/1389/285
f 647/1390/213 642/1392/64 557/1393/65 562/1391/214
f 642/1392/64 648/1394/286 563/1395/287 557/1393/65
f 648/1394/286 650/1396/288 565/1397/289 563/1395/287
f 650/1396/288 651/1398/70 566/1399/71 565/1397/289
f 651/1398/70 652/1400/72 567/1401/73 566/1399/71
f 652/1400/72 653/1402/290 568/1403/291 567/1401/73
f 653/1402/290 654/1404/215 569/1405/37 568/1403/291
f 654/1404/215 649/1406/292 564/1407/292 569/1405/37
f 649/1408/292 655/1409/293 570/1410/293 564/1411/292
f 655/1409/293 657/1412/210 572/1413/41 570/1410/293
f 657/1412/210 658/1414/294 573/1415/295 572/1413/41
f 658/1414/294 659/1416/44 574/1417/296 573/1415/295
f 659/1416/44 660/1418/297 575/1419/298 574/1417/296
f 660/1418/297 661/1420/48 576/1421/49 575/1419/298
f 661/1420/48 656/1422/50 571/1423/51 576/1421/49
f 656/1422/50 641/1424/52 556/1425/53 571/1423/51
f 641/1424/52 643/1382/211 558/1385/55 556/1425/53
f 788/1426/279 704/1427/279 706/1428/78 790/1429/77
f 803/1430/280 719/1431/280 704/1427/279 788/1426/279
f 808/1432/114 724/1433/113 719/1431/280 803/1430/280
f 807/1434/261 723/1435/262 724/1433/113 808/1432/114
f 806/1436/110 722/1437/218 723/1435/262 807/1434/261
f 805/1438/263 721/1439/264 722/1437/218 806/1436/110
f 804/1440/219 720/1441/105 721/1439/264 805/1438/263
f 802/1442/104 718/1443/103 720/1441/105 804/1440/219
f 796/1444/102 712/1445/101 718/1443/103 802/1442/104
f 801/1446/216 717/1447/99 712/1445/101 796/1444/102
f 800/1448/98 716/1449/97 717/1447/99 801/1446/216
f 799/1450/266 715/1451/299 716/1449/97 800/1448/98
f 798/1452/268 714/1453/269 715/1451/299 799/1450/266
f 797/1454/270 713/1455/271 714/1453/269 798/1452/268
f 795/1456/90 711/1457/89 713/1455/271 797/1454/270
f 789/1458/272 705/1459/273 711/1460/89 795/1461/90
f 794/1462/300 710/1463/275 705/1459/273 789/1458/272
f 793/1464/84 709/1465/83 710/1463/275 794/1462/300
f 792/1466/82 708/1467/81 709/1465/83 793/1464/84
f 791/1468/277 707/1469/278 708/1467/81 792/1466/82
f 790/1429/77 706/1428/78 707/1469/278 791/1468/277
f 426/1114/34 337/1117/34 1209/1470/34 1296/1471/34
f 832/1472/38 748/1473/37 749/1474/291 833/1475/290
f 833/1475/290 749/1474/291 750/1476/73 834/1477/301
f 834/1477/301 750/1476/73 751/1478/71 835/1479/70
f 835/1479/70 751/1478/71 752/1480/289 836/1481/288
f 836/1481/288 752/1480/289 747/1482/287 831/1483/286
f 831/1483/286 747/1482/287 753/1484/65 837/1485/64
f 837/1485/64 753/1484/65 755/1486/214 839/1487/213
f 839/1487/213 755/1486/214 756/1488/285 840/1489/284
f 840/1489/284 756/1488/285 757/1490/283 841/1491/282
f 841/1491/282 757/1490/283 758/1492/281 842/1493/56
f 842/1493/56 758/1492/281 759/1494/55 843/1495/211
f 843/1495/211 759/1494/55 754/1496/53 838/1497/52
f 838/1497/52 754/1496/53 760/1498/51 844/1499/50
f 844/1499/50 760/1498/51 762/1500/49 846/1501/302
f 846/1501/302 762/1500/49 763/1502/298 847/1503/297
f 847/1503/297 763/1502/298 764/1504/303 848/1505/44
f 848/1505/44 764/1504/303 765/1506/295 849/1507/294
f 849/1507/294 765/1506/295 766/1508/41 850/1509/210
f 850/1509/210 766/1508/41 761/1510/293 845/1511/293
f 845/1511/293 761/1510/293 746/1512/292 830/1513/292
f 830/1514/292 746/1515/292 748/1473/37 832/1472/38
f 769/1516/184 685/1517/183 686/1518/223 770/1519/222
f 770/1519/222 686/1518/223 687/1520/187 771/1521/188
f 771/1521/188 687/1520/187 688/1522/304 772/1523/225
f 772/1523/225 688/1522/304 689/1524/191 773/1525/192
f 773/1525/192 689/1524/191 684/1526/193 768/1527/194
f 768/1527/194 684/1526/193 690/1528/195 774/1529/196
f 774/1529/196 690/1528/195 692/1530/158 776/1531/157
f 776/1531/157 692/1530/158 693/1532/159 777/1533/160
f 777/1533/160 693/1532/159 694/1534/161 778/1535/162
f 778/1535/162 694/1534/161 695/1536/231 779/1537/230
f 779/1537/230 695/1536/231 696/1538/165 780/1539/232
f 780/1539/232 696/1538/165 691/1540/167 775/1541/168
f 775/1542/168 691/1543/167 697/1544/235 781/1545/234
f 781/1545/234 697/1544/235 699/1546/237 783/1547/236
f 783/1547/236 699/1546/237 700/1548/207 784/1549/174
f 784/1549/174 700/1548/207 701/1550/175 785/1551/206
f 785/1551/206 701/1550/175 702/1552/239 786/1553/238
f 786/1553/238 702/1552/239 703/1554/179 787/1555/180
f 787/1555/180 703/1554/179 698/1556/220 782/1557/220
f 782/1557/220 698/1556/220 683/1558/221 767/1559/221
f 767/1559/221 683/1558/221 685/1517/183 769/1516/184
f 811/1560/132 727/1561/131 728/1562/133 812/1563/134
f 812/1563/134 728/1562/133 729/1564/251 813/1565/250
f 813/1565/250 729/1564/251 730/1566/305 814/1567/248
f 814/1567/248 730/1566/305 731/1568/247 815/1569/246
f 815/1569/246 731/1568/247 726/1570/141 810/1571/142
f 810/1571/142 726/1570/141 732/1572/245 816/1573/244
f 816/1573/244 732/1572/245 734/1574/243 818/1575/306
f 818/1575/306 734/1574/243 735/1576/147 819/1577/148
f 819/1577/148 735/1576/147 736/1578/149 820/1579/204
f 820/1579/204 736/1578/149 737/1580/241 821/1581/240
f 821/1581/240 737/1580/241 738/1582/153 822/1583/154
f 822/1583/154 738/1582/153 733/1584/260 817/1585/260
f 817/1586/260 733/1587/260 739/1588/259 823/1589/259
f 823/1589/259 739/1588/259 741/1590/118 825/1591/117
f 825/1591/117 741/1590/118 742/1592/258 826/1593/257
f 826/1593/257 742/1592/258 743/1594/256 827/1595/122
f 827/1595/122 743/1594/256 744/1596/307 828/1597/254
f 828/1597/254 744/1596/307 745/1598/125 829/1599/126
f 829/1599/126 745/1598/125 740/1600/127 824/1601/128
f 824/1601/128 740/1600/127 725/1602/129 809/1603/130
f 809/1603/130 725/1602/129 727/1561/131 811/1560/132
f 968/1604/279 879/1605/279 881/1606/78 970/1607/217
f 983/1608/280 894/1609/280 879/1605/279 968/1604/279
f 988/1610/308 899/1611/113 894/1609/280 983/1608/280
f 987/1612/261 898/1613/262 899/1611/113 988/1610/308
f 986/1614/110 897/1615/309 898/1613/262 987/1612/261
f 985/1616/263 896/1617/310 897/1615/309 986/1614/110
f 984/1618/219 895/1619/105 896/1617/310 985/1616/263
f 982/1620/104 893/1621/103 895/1619/105 984/1618/219
f 976/1622/102 887/1623/101 893/1621/103 982/1620/104
f 981/1624/100 892/1625/99 887/1623/101 976/1622/102
f 980/1626/98 891/1627/265 892/1625/99 981/1624/100
f 979/1628/266 890/1629/299 891/1627/265 980/1626/98
f 978/1630/268 889/1631/311 890/1629/299 979/1628/266
f 977/1632/92 888/1633/91 889/1631/311 978/1630/268
f 975/1634/90 886/1635/89 888/1633/91 977/1632/92
f 969/1636/272 880/1637/273 886/1638/89 975/1639/90
f 974/1640/274 885/1641/275 880/1637/273 969/1636/272
f 973/1642/84 884/1643/83 885/1641/275 974/1640/274
f 972/1644/276 883/1645/81 884/1643/83 973/1642/84
f 971/1646/277 882/1647/278 883/1645/81 972/1644/276
f 970/1607/217 881/1606/78 882/1647/278 971/1646/277
f 855/1648/312 851/1649/312 946/1650/312 944/1651/312
f 943/1652/312 854/1653/312 855/1648/312 944/1651/312
f 942/1654/312 852/1655/312 854/1653/312 943/1652/312
f 1012/1656/215 923/1657/37 924/1658/291 1013/1659/290
f 1013/1659/290 924/1658/291 925/1660/73 1014/1661/301
f 1014/1661/301 925/1660/73 926/1662/71 1015/1663/70
f 1015/1663/70 926/1662/71 927/1664/289 1016/1665/288
f 1016/1665/288 927/1664/289 922/1666/287 1011/1667/286
f 1011/1667/286 922/1666/287 928/1668/65 1017/1669/64
f 1017/1669/64 928/1668/65 930/1670/214 1019/1671/213
f 1019/1671/213 930/1670/214 931/1672/313 1020/1673/284
f 1020/1673/284 931/1672/313 932/1674/283 1021/1675/282
f 1021/1675/282 932/1674/283 933/1676/281 1022/1677/56
f 1022/1677/56 933/1676/281 934/1678/55 1023/1679/211
f 1023/1679/211 934/1678/55 929/1680/53 1018/1681/52
f 1018/1681/52 929/1680/53 935/1682/51 1024/1683/50
f 1024/1683/50 935/1682/51 937/1684/49 1026/1685/302
f 1026/1685/302 937/1684/49 938/1686/298 1027/1687/297
f 1027/1687/297 938/1686/298 939/1688/303 1028/1689/44
f 1028/1689/44 939/1688/303 940/1690/295 1029/1691/294
f 1029/1691/294 940/1690/295 941/1692/41 1030/1693/210
f 1030/1693/210 941/1692/41 936/1694/293 1025/1695/293
f 1025/1695/293 936/1694/293 921/1696/292 1010/1697/292
f 1010/1698/292 921/1699/292 923/1657/37 1012/1656/215
f 949/1700/184 860/1701/183 861/1702/223 950/1703/222
f 950/1703/222 861/1702/223 862/1704/187 951/1705/188
f 951/1705/188 862/1704/187 863/1706/226 952/1707/225
f 952/1707/225 863/1706/226 864/1708/191 953/1709/192
f 953/1709/192 864/1708/191 859/1710/193 948/1711/194
f 948/1711/194 859/1710/193 865/1712/195 954/1713/196
f 954/1713/196 865/1712/195 867/1714/158 956/1715/157
f 956/1715/157 867/1714/158 868/1716/159 957/1717/160
f 957/1717/160 868/1716/159 869/1718/314 958/1719/228
f 958/1719/228 869/1718/314 870/1720/315 959/1721/230
f 959/1721/230 870/1720/315 871/1722/233 960/1723/232
f 960/1723/232 871/1722/233 866/1724/167 955/1725/168
f 955/1726/168 866/1727/167 872/1728/235 961/1729/234
f 961/1729/234 872/1728/235 874/1730/237 963/1731/236
f 963/1731/236 874/1730/237 875/1732/207 964/1733/174
f 964/1733/174 875/1732/207 876/1734/175 965/1735/176
f 965/1735/176 876/1734/175 877/1736/239 966/1737/238
f 966/1737/238 877/1736/239 878/1738/179 967/1739/180
f 967/1739/180 878/1738/179 873/1740/220 962/1741/220
f 962/1741/220 873/1740/220 858/1742/221 947/1743/221
f 947/1743/221 858/1742/221 860/1701/183 949/1700/184
f 991/1744/252 902/1745/131 903/1746/133 992/1747/134
f 992/1747/134 903/1746/133 904/1748/251 993/1749/250
f 993/1749/250 904/1748/251 905/1750/305 994/1751/248
f 994/1751/248 905/1750/305 906/1752/247 995/1753/246
f 995/1753/246 906/1752/247 901/1754/141 990/1755/142
f 990/1755/142 901/1754/141 907/1756/245 996/1757/244
f 996/1757/244 907/1756/245 909/1758/243 998/1759/242
f 998/1759/242 909/1758/243 910/1760/147 999/1761/148
f 999/1761/148 910/1760/147 911/1762/149 1000/1763/150
f 1000/1763/150 911/1762/149 912/1764/241 1001/1765/240
f 1001/1765/240 912/1764/241 913/1766/153 1002/1767/154
f 1002/1767/154 913/1766/153 908/1768/260 997/1769/260
f 997/1770/260 908/1771/260 914/1772/259 1003/1773/259
f 1003/1773/259 914/1772/259 916/1774/118 1005/1775/117
f 1005/1775/117 916/1774/118 917/1776/258 1006/1777/257
f 1006/1777/257 917/1776/258 918/1778/256 1007/1779/122
f 1007/1779/122 918/1778/256 919/1780/316 1008/1781/254
f 1008/1781/254 919/1780/316 920/1782/125 1009/1783/126
f 1009/1783/126 920/1782/125 915/1784/127 1004/1785/128
f 1004/1785/128 915/1784/127 900/1786/129 989/1787/130
f 989/1787/130 900/1786/129 902/1745/131 991/1744/252
f 1145/1788/220 1147/1789/205 1059/1790/179 1057/1791/220
f 1160/1792/221 1145/1788/220 1057/1791/220 1072/1793/221
f 1165/1794/317 1160/1792/221 1072/1793/221 1077/1795/183
f 1164/1796/222 1165/1794/317 1077/1795/183 1076/1797/223
f 1163/1798/188 1164/1796/222 1076/1797/223 1075/1799/224
f 1162/1800/225 1163/1798/188 1075/1799/224 1074/1801/226
f 1161/1802/192 1162/1800/225 1074/1801/226 1073/1803/191
f 1159/1804/194 1161/1802/192 1073/1803/191 1071/1805/193
f 1153/1806/196 1159/1804/194 1071/1805/193 1065/1807/195
f 1158/1808/318 1153/1806/196 1065/1807/195 1070/1809/158
f 1157/1810/160 1158/1808/318 1070/1809/158 1069/1811/227
f 1156/1812/228 1157/1810/160 1069/1811/227 1068/1813/229
f 1155/1814/230 1156/1812/228 1068/1813/229 1067/1815/231
f 1154/1816/232 1155/1814/230 1067/1815/231 1066/1817/233
f 1152/1818/168 1154/1816/232 1066/1817/233 1064/1819/167
f 1146/1820/234 1152/1821/168 1064/1822/167 1058/1823/235
f 1151/1824/236 1146/1820/234 1058/1823/235 1063/1825/237
f 1150/1826/174 1151/1824/236 1063/1825/237 1062/1827/207
f 1149/1828/206 1150/1826/174 1062/1827/207 1061/1829/175
f 1148/1830/238 1149/1828/206 1061/1829/175 1060/1831/239
f 1147/1789/205 1148/1830/238 1060/1831/239 1059/1790/179
f 1033/1832/312 1122/1833/312 946/1650/312 851/1649/312
f 1121/1834/312 1122/1833/312 1033/1832/312 1032/1835/312
f 1120/1836/312 1121/1834/312 1032/1835/312 1031/1837/312
f 1123/1838/35 1120/1839/35 1031/1840/35 1034/1841/35
f 1189/1842/197 1190/1843/240 1102/1844/241 1101/1845/153
f 1190/1843/240 1191/1846/204 1103/1847/149 1102/1844/241
f 1191/1846/204 1192/1848/148 1104/1849/147 1103/1847/149
f 1192/1848/148 1193/1850/242 1105/1851/243 1104/1849/147
f 1193/1850/242 1188/1852/244 1100/1853/245 1105/1851/243
f 1188/1852/244 1194/1854/142 1106/1855/141 1100/1853/245
f 1194/1854/142 1196/1856/246 1108/1857/247 1106/1855/141
f 1196/1856/246 1197/1858/248 1109/1859/305 1108/1857/247
f 1197/1858/248 1198/1860/250 1110/1861/251 1109/1859/305
f 1198/1860/250 1199/1862/134 1111/1863/133 1110/1861/251
f 1199/1862/134 1200/1864/252 1112/1865/131 1111/1863/133
f 1200/1864/252 1195/1866/130 1107/1867/129 1112/1865/131
f 1195/1866/130 1201/1868/128 1113/1869/127 1107/1867/129
f 1201/1868/128 1203/1870/253 1115/1871/125 1113/1869/127
f 1203/1870/253 1204/1872/254 1116/1873/307 1115/1871/125
f 1204/1872/254 1205/1874/122 1117/1875/121 1116/1873/307
f 1205/1874/122 1206/1876/257 1118/1877/258 1117/1875/121
f 1206/1876/257 1207/1878/117 1119/1879/118 1118/1877/258
f 1207/1878/117 1202/1880/259 1114/1881/259 1119/1879/118
f 1202/1880/259 1187/1882/260 1099/1883/260 1114/1881/259
f 1187/1884/260 1189/1842/197 1101/1845/153 1099/1885/260
f 1126/1886/114 1127/1887/261 1039/1888/262 1038/1889/113
f 1127/1887/261 1128/1890/110 1040/1891/309 1039/1888/262
f 1128/1890/110 1129/1892/263 1041/1893/264 1040/1891/309
f 1129/1892/263 1130/1894/219 1042/1895/105 1041/1893/264
f 1130/1894/219 1125/1896/104 1037/1897/103 1042/1895/105
f 1125/1896/104 1131/1898/102 1043/1899/101 1037/1897/103
f 1131/1898/102 1133/1900/100 1045/1901/99 1043/1899/101
f 1133/1900/100 1134/1902/98 1046/1903/265 1045/1901/99
f 1134/1902/98 1135/1904/266 1047/1905/267 1046/1903/265
f 1135/1904/266 1136/1906/268 1048/1907/311 1047/1905/267
f 1136/1906/268 1137/1908/270 1049/1909/271 1048/1907/311
f 1137/1908/270 1132/1910/90 1044/1911/89 1049/1909/271
f 1132/1912/90 1138/1913/272 1050/1914/273 1044/1915/89
f 1138/1913/272 1140/1916/274 1052/1917/275 1050/1914/273
f 1140/1916/274 1141/1918/84 1053/1919/83 1052/1917/275
f 1141/1918/84 1142/1920/276 1054/1921/81 1053/1919/83
f 1142/1920/276 1143/1922/277 1055/1923/278 1054/1921/81
f 1143/1922/277 1144/1924/217 1056/1925/78 1055/1923/278
f 1144/1924/217 1139/1926/279 1051/1927/279 1056/1925/78
f 1139/1926/279 1124/1928/280 1036/1929/280 1051/1927/279
f 1124/1928/280 1126/1886/114 1038/1889/113 1036/1929/280
f 1168/1930/211 1169/1931/56 1081/1932/281 1080/1933/55
f 1169/1931/56 1170/1934/282 1082/1935/283 1081/1932/281
f 1170/1934/282 1171/1936/284 1083/1937/313 1082/1935/283
f 1171/1936/284 1172/1938/213 1084/1939/214 1083/1937/313
f 1172/1938/213 1167/1940/64 1079/1941/65 1084/1939/214
f 1167/1940/64 1173/1942/286 1085/1943/287 1079/1941/65
f 1173/1942/286 1175/1944/319 1087/1945/289 1085/1943/287
f 1175/1944/319 1176/1946/70 1088/1947/71 1087/1945/289
f 1176/1946/70 1177/1948/301 1089/1949/73 1088/1947/71
f 1177/1948/301 1178/1950/290 1090/1951/291 1089/1949/73
f 1178/1950/290 1179/1952/215 1091/1953/37 1090/1951/291
f 1179/1952/215 1174/1954/292 1086/1955/292 1091/1953/37
f 1174/1956/292 1180/1957/293 1092/1958/293 1086/1959/292
f 1180/1957/293 1182/1960/210 1094/1961/41 1092/1958/293
f 1182/1960/210 1183/1962/294 1095/1963/295 1094/1961/41
f 1183/1962/294 1184/1964/44 1096/1965/303 1095/1963/295
f 1184/1964/44 1185/1966/297 1097/1967/320 1096/1965/303
f 1185/1966/297 1186/1968/48 1098/1969/49 1097/1967/320
f 1186/1968/48 1181/1970/50 1093/1971/51 1098/1969/49
f 1181/1970/50 1166/1972/52 1078/1973/53 1093/1971/51
f 1166/1972/52 1168/1930/211 1080/1933/55 1078/1973/53
f 1318/1974/155 1320/1975/154 1235/1976/153 1233/1977/155
f 1333/1978/156 1318/1974/155 1233/1977/155 1248/1979/156
f 1338/1980/117 1333/1978/156 1248/1979/156 1253/1981/118
f 1337/1982/120 1338/1980/117 1253/1981/118 1252/1983/119
f 1336/1984/122 1337/1982/120 1252/1983/119 1251/1985/199
f 1335/1986/124 1336/1984/122 1251/1985/199 1250/1987/123
f 1334/1988/126 1335/1986/124 1250/1987/123 1249/1989/125
f 1332/1990/128 1334/1988/126 1249/1989/125 1247/1991/127
f 1326/1992/130 1332/1990/128 1247/1991/127 1241/1993/129
f 1331/1994/252 1326/1992/130 1241/1993/129 1246/1995/131
f 1330/1996/134 1331/1994/252 1246/1995/131 1245/1997/201
f 1329/1998/136 1330/1996/134 1245/1997/201 1244/1999/202
f 1328/2000/138 1329/1998/136 1244/1999/202 1243/2001/137
f 1327/2002/246 1328/2000/138 1243/2001/137 1242/2003/247
f 1325/2004/142 1327/2002/246 1242/2003/247 1240/2005/141
f 1319/2006/144 1325/2007/142 1240/2008/141 1234/2009/143
f 1324/2010/146 1319/2006/144 1234/2009/143 1239/2011/145
f 1323/2012/148 1324/2010/146 1239/2011/145 1238/2013/147
f 1322/2014/150 1323/2012/148 1238/2013/147 1237/2015/149
f 1321/2016/152 1322/2014/150 1237/2015/149 1236/2017/151
f 1320/1975/154 1321/2016/152 1236/2017/151 1235/1976/153
f 1362/2018/180 1363/2019/178 1278/2020/177 1277/2021/179
f 1363/2019/178 1364/2022/176 1279/2023/175 1278/2020/177
f 1364/2022/176 1365/2024/174 1280/2025/207 1279/2023/175
f 1365/2024/174 1366/2026/172 1281/2027/171 1280/2025/207
f 1366/2026/172 1361/2028/170 1276/2029/169 1281/2027/171
f 1361/2028/170 1367/2030/168 1282/2031/321 1276/2029/169
f 1367/2030/168 1369/2032/166 1284/2033/165 1282/2031/321
f 1369/2032/166 1370/2034/164 1285/2035/322 1284/2033/165
f 1370/2034/164 1371/2036/162 1286/2037/161 1285/2035/322
f 1371/2036/162 1372/2038/160 1287/2039/159 1286/2037/161
f 1372/2038/160 1373/2040/157 1288/2041/158 1287/2039/159
f 1373/2040/157 1368/2042/196 1283/2043/195 1288/2041/158
f 1368/2042/196 1374/2044/194 1289/2045/193 1283/2043/195
f 1374/2044/194 1376/2046/208 1291/2047/191 1289/2045/193
f 1376/2046/208 1377/2048/190 1292/2049/323 1291/2047/191
f 1377/2048/190 1378/2050/188 1293/2051/187 1292/2049/323
f 1378/2050/188 1379/2052/186 1294/2053/185 1293/2051/187
f 1379/2052/186 1380/2054/184 1295/2055/183 1294/2053/185
f 1380/2054/184 1375/2056/182 1290/2057/182 1295/2055/183
f 1375/2056/182 1360/2058/181 1275/2059/181 1290/2057/182
f 1360/2060/181 1362/2018/180 1277/2021/179 1275/2061/181
f 1299/2062/210 1300/2063/42 1215/2064/43 1214/2065/41
f 1300/2063/42 1301/2066/44 1216/2067/296 1215/2064/43
f 1301/2066/44 1302/2068/46 1217/2069/324 1216/2067/296
f 1302/2068/46 1303/2070/48 1218/2071/49 1217/2069/324
f 1303/2070/48 1298/2072/50 1213/2073/51 1218/2071/49
f 1298/2072/50 1304/2074/52 1219/2075/53 1213/2073/51
f 1304/2074/52 1306/2076/211 1221/2077/55 1219/2075/53
f 1306/2076/211 1307/2078/56 1222/2079/281 1221/2077/55
f 1307/2078/56 1308/2080/58 1223/2081/212 1222/2079/281
f 1308/2080/58 1309/2082/60 1224/2083/325 1223/2081/212
f 1309/2082/60 1310/2084/62 1225/2085/63 1224/2083/325
f 1310/2084/62 1305/2086/64 1220/2087/65 1225/2085/63
f 1305/2088/64 1311/2089/66 1226/2090/67 1220/2091/65
f 1311/2089/66 1313/2092/68 1228/2093/69 1226/2090/67
f 1313/2092/68 1314/2094/70 1229/2095/71 1228/2093/69
f 1314/2094/70 1315/2096/72 1230/2097/73 1229/2095/71
f 1315/2096/72 1316/2098/74 1231/2099/75 1230/2097/73
f 1316/2098/74 1317/2100/215 1232/2101/37 1231/2099/75
f 1317/2100/215 1312/2102/36 1227/2103/36 1232/2101/37
f 1312/2102/36 1297/2104/39 1212/2105/39 1227/2103/36
f 1297/2104/39 1299/2062/210 1214/2065/41 1212/2105/39
f 1341/2106/100 1342/2107/98 1257/2108/97 1256/2109/99
f 1342/2107/98 1343/2110/96 1258/2111/95 1257/2108/97
f 1343/2110/96 1344/2112/94 1259/2113/326 1258/2111/95
f 1344/2112/94 1345/2114/92 1260/2115/91 1259/2113/326
f 1345/2114/92 1340/2116/90 1255/2117/89 1260/2115/91
f 1340/2116/90 1346/2118/88 1261/2119/87 1255/2117/89
f 1346/2118/88 1348/2120/86 1263/2121/85 1261/2119/87
f 1348/2120/86 1349/2122/84 1264/2123/83 1263/2121/85
f 1349/2122/84 1350/2124/82 1265/2125/81 1264/2123/83
f 1350/2124/82 1351/2126/80 1266/2127/79 1265/2125/81
f 1351/2126/80 1352/2128/217 1267/2129/78 1266/2127/79
f 1352/2128/217 1347/2130/116 1262/2131/116 1267/2129/78
f 1347/2132/116 1353/2133/115 1268/2134/115 1262/2135/116
f 1353/2133/115 1355/2136/114 1270/2137/113 1268/2134/115
f 1355/2136/114 1356/2138/112 1271/2139/111 1270/2137/113
f 1356/2138/112 1357/2140/110 1272/2141/218 1271/2139/111
f 1357/2140/110 1358/2142/108 1273/2143/327 1272/2141/218
f 1358/2142/108 1359/2144/219 1274/2145/105 1273/2143/327
f 1359/2144/219 1354/2146/104 1269/2147/103 1274/2145/105
f 1354/2146/104 1339/2148/102 1254/2149/101 1269/2147/103
f 1339/2148/102 1341/2106/100 1256/2109/99 1254/2149/101
f 1486/2150/36 1402/2151/36 1404/2152/37 1488/2153/38
f 1501/2154/39 1417/2155/39 1402/2151/36 1486/2150/36
f 1506/2156/210 1422/2157/41 1417/2155/39 1501/2154/39
f 1505/2158/42 1421/2159/43 1422/2157/41 1506/2156/210
f 1504/2160/44 1420/2161/45 1421/2159/43 1505/2158/42
f 1503/2162/46 1419/2163/324 1420/2161/45 1504/2160/44
f 1502/2164/48 1418/2165/49 1419/2163/324 1503/2162/46
f 1500/2166/50 1416/2167/51 1418/2165/49 1502/2164/48
f 1494/2168/52 1410/2169/53 1416/2167/51 1500/2166/50
f 1499/2170/54 1415/2171/55 1410/2169/53 1494/2168/52
f 1498/2172/56 1414/2173/57 1415/2171/55 1499/2170/54
f 1497/2174/282 1413/2175/328 1414/2173/57 1498/2172/56
f 1496/2176/329 1412/2177/325 1413/2175/328 1497/2174/282
f 1495/2178/62 1411/2179/214 1412/2177/325 1496/2176/329
f 1493/2180/64 1409/2181/65 1411/2179/214 1495/2178/62
f 1487/2182/66 1403/2183/67 1409/2184/65 1493/2185/64
f 1492/2186/330 1408/2187/69 1403/2183/67 1487/2182/66
f 1491/2188/70 1407/2189/71 1408/2187/69 1492/2186/330
f 1490/2190/301 1406/2191/73 1407/2189/71 1491/2188/70
f 1489/2192/74 1405/2193/75 1406/2191/73 1490/2190/301
f 1488/2153/38 1404/2152/37 1405/2193/75 1489/2192/74
f 1123/1838/35 1034/1841/35 511/2194/35 598/2195/35
f 1530/2196/77 1446/2197/78 1447/2198/79 1531/2199/80
f 1531/2199/80 1447/2198/79 1448/2200/81 1532/2201/82
f 1532/2201/82 1448/2200/81 1449/2202/83 1533/2203/84
f 1533/2203/84 1449/2202/83 1450/2204/85 1534/2205/86
f 1534/2205/86 1450/2204/85 1445/2206/87 1529/2207/88
f 1529/2207/88 1445/2206/87 1451/2208/89 1535/2209/90
f 1535/2209/90 1451/2208/89 1453/2210/91 1537/2211/92
f 1537/2211/92 1453/2210/91 1454/2212/326 1538/2213/94
f 1538/2213/94 1454/2212/326 1455/2214/95 1539/2215/96
f 1539/2215/96 1455/2214/95 1456/2216/97 1540/2217/98
f 1540/2217/98 1456/2216/97 1457/2218/99 1541/2219/100
f 1541/2219/100 1457/2218/99 1452/2220/101 1536/2221/102
f 1536/2221/102 1452/2220/101 1458/2222/103 1542/2223/104
f 1542/2223/104 1458/2222/103 1460/2224/105 1544/2225/106
f 1544/2225/106 1460/2224/105 1461/2226/107 1545/2227/108
f 1545/2227/108 1461/2226/107 1462/2228/109 1546/2229/110
f 1546/2229/110 1462/2228/109 1463/2230/111 1547/2231/112
f 1547/2231/112 1463/2230/111 1464/2232/113 1548/2233/114
f 1548/2233/114 1464/2232/113 1459/2234/115 1543/2235/115
f 1543/2235/115 1459/2234/115 1444/2236/116 1528/2237/116
f 1528/2238/116 1444/2239/116 1446/2197/78 1530/2196/77
f 1467/2240/117 1383/2241/118 1384/2242/119 1468/2243/120
f 1468/2243/120 1384/2242/119 1385/2244/256 1469/2245/122
f 1469/2245/122 1385/2244/256 1386/2246/123 1470/2247/124
f 1470/2247/124 1386/2246/123 1387/2248/125 1471/2249/126
f 1471/2249/126 1387/2248/125 1382/2250/127 1466/2251/128
f 1466/2251/128 1382/2250/127 1388/2252/129 1472/2253/130
f 1472/2253/130 1388/2252/129 1390/2254/131 1474/2255/252
f 1474/2255/252 1390/2254/131 1391/2256/133 1475/2257/134
f 1475/2257/134 1391/2256/133 1392/2258/251 1476/2259/250
f 1476/2259/250 1392/2258/251 1393/2260/203 1477/2261/138
f 1477/2261/138 1393/2260/203 1394/2262/139 1478/2263/140
f 1478/2263/140 1394/2262/139 1389/2264/141 1473/2265/142
f 1473/2266/142 1389/2267/141 1395/2268/143 1479/2269/144
f 1479/2269/144 1395/2268/143 1397/2270/145 1481/2271/146
f 1481/2271/146 1397/2270/145 1398/2272/147 1482/2273/148
f 1482/2273/148 1398/2272/147 1399/2274/149 1483/2275/150
f 1483/2275/150 1399/2274/149 1400/2276/151 1484/2277/152
f 1484/2277/152 1400/2276/151 1401/2278/153 1485/2279/154
f 1485/2279/154 1401/2278/153 1396/2280/155 1480/2281/155
f 1480/2281/155 1396/2280/155 1381/2282/156 1465/2283/156
f 1465/2283/156 1381/2282/156 1383/2241/118 1467/2240/117
f 1509/2284/157 1425/2285/158 1426/2286/159 1510/2287/160
f 1510/2287/160 1426/2286/159 1427/2288/161 1511/2289/162
f 1511/2289/162 1427/2288/161 1428/2290/163 1512/2291/164
f 1512/2291/164 1428/2290/163 1429/2292/165 1513/2293/166
f 1513/2293/166 1429/2292/165 1424/2294/167 1508/2295/168
f 1508/2295/168 1424/2294/167 1430/2296/169 1514/2297/170
f 1514/2297/170 1430/2296/169 1432/2298/171 1516/2299/331
f 1516/2299/331 1432/2298/171 1433/2300/207 1517/2301/174
f 1517/2301/174 1433/2300/207 1434/2302/175 1518/2303/206
f 1518/2303/206 1434/2302/175 1435/2304/177 1519/2305/178
f 1519/2305/178 1435/2304/177 1436/2306/179 1520/2307/180
f 1520/2307/180 1436/2306/179 1431/2308/181 1515/2309/181
f 1515/2310/181 1431/2311/181 1437/2312/182 1521/2313/182
f 1521/2313/182 1437/2312/182 1439/2314/183 1523/2315/184
f 1523/2315/184 1439/2314/183 1440/2316/185 1524/2317/186
f 1524/2317/186 1440/2316/185 1441/2318/209 1525/2319/188
f 1525/2319/188 1441/2318/209 1442/2320/332 1526/2321/190
f 1526/2321/190 1442/2320/332 1443/2322/191 1527/2323/192
f 1527/2323/192 1443/2322/191 1438/2324/193 1522/2325/194
f 1522/2325/194 1438/2324/193 1423/2326/195 1507/2327/196
f 1507/2327/196 1423/2326/195 1425/2285/158 1509/2284/157
