# Blender 4.0.2
# www.blender.org
mtllib Alien_Cephalocorax.mtl
o Cephalocorax
v 0.110814 0.199893 0.212625
v 0.175422 0.211029 0.232826
v 0.127168 0.220147 0.149153
v 0.191777 0.231283 0.169354
v 0.116080 0.092724 0.199180
v 0.211354 0.116671 0.231021
v 0.140599 0.123682 0.102274
v 0.235873 0.147628 0.134116
v 0.274691 0.024417 0.097746
v 0.189406 -0.038308 0.058907
v 0.163517 -0.071650 0.167934
v 0.248802 -0.008925 0.206773
v 0.326194 -0.109734 0.076838
v 0.284004 -0.215123 0.044401
v 0.254596 -0.241169 0.158189
v 0.295431 -0.134488 0.190096
v 0.284017 -0.084069 0.211577
v 0.316441 -0.049370 0.076964
v 0.244394 -0.158028 0.033016
v 0.211969 -0.192726 0.167630
v 0.320242 -0.140209 0.087920
v 0.294678 -0.216941 0.067070
v 0.272602 -0.234783 0.148135
v 0.294943 -0.155994 0.167362
v 0.337689 -0.123657 0.082938
v 0.311912 -0.250709 0.060771
v 0.279637 -0.266724 0.171866
v 0.298621 -0.128364 0.195385
v 0.475845 -0.158046 0.143229
v 0.444704 -0.307877 0.111524
v 0.410257 -0.312813 0.222115
v 0.437362 -0.162319 0.254435
v 0.327600 -0.286984 0.235243
v 0.344410 -0.140742 0.262283
v 0.395236 -0.278259 0.047424
v 0.420091 -0.132927 0.074415
v 0.289767 -0.329287 0.141660
v 0.308834 -0.322474 0.074181
v 0.378397 -0.372431 0.174932
v 0.399056 -0.367114 0.104508
v 0.325019 -0.354933 0.172174
v 0.358150 -0.346614 0.072242
v 0.365091 0.036815 0.130483
v 0.329248 0.025253 0.214072
v 0.477864 0.001362 0.182515
v 0.440407 -0.010769 0.270307
v 0.362239 0.007613 0.272843
v 0.433985 0.028619 0.125005
v 0.398601 0.195013 0.181293
v 0.366490 0.184778 0.250716
v 0.487309 0.150658 0.223500
v 0.453739 0.139898 0.296416
v 0.391030 0.163418 0.299239
v 0.454799 0.181075 0.176520
v 0.453079 0.282598 0.245253
v 0.435837 0.279172 0.282714
v 0.488607 0.246481 0.263058
v 0.471088 0.243056 0.301520
v 0.444434 0.263635 0.305735
v 0.477434 0.268741 0.240750
v 0.497720 0.417165 0.255717
v 0.459753 0.411510 0.317187
v 0.429122 0.327575 0.213428
v 0.389891 0.320786 0.277872
v 0.412651 0.373780 0.310667
v 0.467173 0.379059 0.217581
v 0.581229 0.375037 0.285867
v 0.517733 0.365581 0.381555
v 0.473211 0.258142 0.214492
v 0.408267 0.246248 0.316090
v 0.443183 0.306500 0.391245
v 0.552326 0.316906 0.214001
v 0.613913 0.203754 0.318726
v 0.556109 0.193162 0.391572
v 0.519394 0.176967 0.242722
v 0.460746 0.165202 0.320396
v 0.493190 0.174916 0.391729
v 0.591417 0.190183 0.254749
v 0.551555 0.285128 0.399651
v 0.615705 0.294950 0.311253
v 0.582327 0.254279 0.236258
v 0.501376 0.215525 0.229820
v 0.437947 0.202922 0.325116
v 0.472524 0.242567 0.400873
v 0.595343 0.055508 0.294562
v 0.541512 0.045131 0.359852
v 0.521560 0.047729 0.230961
v 0.464963 0.036777 0.299377
v 0.493304 0.036677 0.364854
v 0.585903 0.052698 0.242395
v 0.610602 -0.349035 0.228571
v 0.557081 -0.361801 0.297814
v 0.508988 -0.355125 0.146780
v 0.445979 -0.368414 0.205491
v 0.486046 -0.372093 0.288368
v 0.583178 -0.350886 0.166014
v 0.575202 -0.235084 0.191831
v 0.514592 -0.238696 0.179508
v 0.592669 -0.232541 0.244325
v 0.462881 -0.249832 0.238707
v 0.491438 -0.252386 0.301553
v 0.544521 -0.243364 0.303567
v 0.638746 -0.421925 0.226030
v 0.579098 -0.435990 0.299736
v 0.506790 -0.425975 0.124212
v 0.431359 -0.444797 0.187001
v 0.489508 -0.445013 0.282745
v 0.598860 -0.419129 0.154112
v 0.568004 -0.519045 0.187830
v 0.527552 -0.528118 0.239888
v 0.488565 -0.496668 0.132236
v 0.440194 -0.502750 0.175622
v 0.471648 -0.522684 0.234863
v 0.545311 -0.508186 0.143252
v 0.485329 -0.614087 0.143507
v 0.462018 -0.616908 0.177929
v 0.439077 -0.589630 0.114863
v 0.411497 -0.588827 0.143938
v 0.429418 -0.607283 0.178365
v 0.471673 -0.603903 0.117568
v 0.433985 -0.470790 0.181566
v 0.487433 -0.477184 0.267935
v 0.570329 -0.472414 0.282398
v 0.625463 -0.459125 0.214755
v 0.588417 -0.452773 0.149628
v 0.503508 -0.454455 0.123851
v 0.397039 -0.726549 0.091692
v 0.386313 -0.727313 0.108540
v 0.372445 -0.711818 0.077037
v 0.359898 -0.710904 0.091655
v 0.362700 -0.735639 0.098668
v 0.378315 -0.735172 0.074873
v 0.433158 0.268468 0.222694
v 0.408626 0.263047 0.275338
v 0.490540 0.219226 0.250347
v 0.464992 0.213539 0.305457
v 0.423329 0.241122 0.310125
v 0.471565 0.249264 0.217173
v 0.481775 0.305070 0.310535
v 0.500992 0.308186 0.272394
v 0.480844 0.314243 0.269149
v 0.468789 0.311924 0.294898
v 0.508307 0.286059 0.283180
v 0.496182 0.283777 0.309366
v 0.296963 -0.163815 0.165648
v 0.323332 -0.156063 0.097598
v 0.303416 -0.220341 0.082879
v 0.282975 -0.234512 0.152974
v 0.110938 0.215307 0.180501
v 0.139876 0.209839 0.230680
v 0.188431 0.228664 0.204730
v 0.159492 0.234132 0.154551
v 0.127503 0.187446 0.125803
v 0.214341 0.203354 0.153211
v 0.192833 0.141460 0.100025
v 0.110476 0.103714 0.144757
v 0.241478 0.136639 0.188539
v 0.159120 0.098893 0.233270
v 0.105471 0.160087 0.211527
v 0.192309 0.175995 0.238935
v 0.236903 -0.000694 0.057884
v 0.160470 -0.066740 0.106138
v 0.277738 0.019507 0.159542
v 0.201305 -0.046540 0.207796
v 0.137813 0.010623 0.181358
v 0.230020 0.050390 0.216585
v 0.162645 0.042944 0.079762
v 0.254852 0.082711 0.114989
v 0.310446 -0.158158 0.038944
v 0.261603 -0.247494 0.095517
v 0.319721 -0.102199 0.140333
v 0.268494 -0.192459 0.194833
v 0.291953 -0.112441 0.203487
v 0.297123 -0.017082 0.084501
v 0.217457 -0.106111 0.041858
v 0.235092 -0.226549 0.164151
v 0.267682 -0.051902 0.208367
v 0.325692 -0.081682 0.075028
v 0.267720 -0.194606 0.035302
v 0.188016 -0.140931 0.165724
v 0.214673 -0.195750 0.092083
v 0.241004 -0.145165 0.214085
v 0.286497 -0.097192 0.029750
v 0.313738 -0.046346 0.152511
v 0.311760 -0.175911 0.062170
v 0.279191 -0.239597 0.104178
v 0.312753 -0.133538 0.131882
v 0.278800 -0.198509 0.172419
v 0.265786 -0.240712 0.151909
v 0.294832 -0.147687 0.176524
v 0.291334 -0.219387 0.055553
v 0.322894 -0.127863 0.081470
v 0.335474 -0.194799 0.058803
v 0.285806 -0.268597 0.111307
v 0.313475 -0.106257 0.138551
v 0.287814 -0.203804 0.200089
v 0.295890 -0.156292 0.173646
v 0.321224 -0.150844 0.094703
v 0.299238 -0.216980 0.077655
v 0.280611 -0.242971 0.158523
v 0.465207 -0.239602 0.126249
v 0.437589 -0.315014 0.170608
v 0.468436 -0.164376 0.203518
v 0.427655 -0.243227 0.241547
v 0.369399 -0.301475 0.242141
v 0.313015 -0.132776 0.236786
v 0.428579 -0.293786 0.069888
v 0.378071 -0.125372 0.067234
v 0.296674 -0.275216 0.211679
v 0.390768 -0.152442 0.272056
v 0.353160 -0.264459 0.041976
v 0.456611 -0.145577 0.099218
v 0.410488 -0.212156 0.057323
v 0.478075 -0.078972 0.161947
v 0.376302 -0.321705 0.048636
v 0.336416 -0.218895 0.252495
v 0.295964 -0.328065 0.106129
v 0.389805 -0.374577 0.139350
v 0.354518 -0.367699 0.178275
v 0.383774 -0.360368 0.085887
v 0.301322 -0.341610 0.158032
v 0.329294 -0.333380 0.067940
v 0.338936 -0.358192 0.119826
v 0.307716 -0.299153 0.063332
v 0.282748 -0.309105 0.155464
v 0.321944 -0.333560 0.209589
v 0.418483 -0.351945 0.101228
v 0.390748 -0.358325 0.196892
v 0.340032 0.032477 0.168323
v 0.468792 -0.008621 0.230576
v 0.337001 0.017213 0.249738
v 0.398623 0.035855 0.117298
v 0.400675 -0.003585 0.282704
v 0.463709 0.015555 0.146586
v 0.445674 0.069563 0.283315
v 0.439888 -0.087404 0.262024
v 0.426568 -0.052569 0.097933
v 0.352576 -0.067497 0.266834
v 0.349283 -0.043331 0.105550
v 0.312624 -0.051316 0.201816
v 0.376852 0.192077 0.212734
v 0.478027 0.140768 0.263280
v 0.371522 0.175347 0.280260
v 0.426435 0.191306 0.170302
v 0.421472 0.149462 0.307061
v 0.477660 0.165881 0.194047
v 0.417388 0.243807 0.204345
v 0.375136 0.089566 0.285366
v 0.346697 0.109174 0.231778
v 0.381156 0.121204 0.156064
v 0.443726 0.110992 0.151578
v 0.481693 0.082194 0.203791
v 0.417097 0.268430 0.246802
v 0.482502 0.211649 0.280020
v 0.410957 0.253963 0.296947
v 0.452646 0.261721 0.213600
v 0.443215 0.225457 0.314635
v 0.485793 0.233447 0.229130
v 0.499950 0.268318 0.273281
v 0.465110 0.226127 0.199035
v 0.490822 0.194906 0.239376
v 0.460881 0.186801 0.304031
v 0.408399 0.213597 0.307958
v 0.388738 0.236109 0.265927
v 0.475020 0.420813 0.283581
v 0.403544 0.326142 0.241787
v 0.435662 0.399969 0.317170
v 0.485357 0.405732 0.234194
v 0.394475 0.345136 0.294690
v 0.445221 0.351786 0.209331
v 0.429678 0.386852 0.257148
v 0.556780 0.379431 0.337906
v 0.437345 0.236851 0.263296
v 0.478318 0.339867 0.399049
v 0.578060 0.350165 0.243493
v 0.414202 0.271985 0.361605
v 0.515002 0.285092 0.200681
v 0.557298 0.240769 0.397664
v 0.513348 0.351875 0.206950
v 0.448202 0.296895 0.209183
v 0.536467 0.404655 0.265617
v 0.393415 0.286859 0.297116
v 0.422019 0.343149 0.358906
v 0.483364 0.396344 0.348861
v 0.590923 0.201059 0.359437
v 0.482493 0.169381 0.275280
v 0.523171 0.183928 0.402618
v 0.612643 0.198604 0.282622
v 0.467630 0.167765 0.362058
v 0.558200 0.183369 0.238064
v 0.590511 0.142518 0.254454
v 0.606673 0.336076 0.301637
v 0.588540 0.224514 0.247499
v 0.490311 0.231985 0.222135
v 0.423530 0.219512 0.324250
v 0.458980 0.273283 0.401867
v 0.540261 0.326381 0.397090
v 0.617783 0.250758 0.317655
v 0.572784 0.283796 0.224604
v 0.511683 0.199853 0.237524
v 0.450958 0.187761 0.323258
v 0.484874 0.210847 0.396929
v 0.510264 0.265884 0.412704
v 0.443068 0.219359 0.369574
v 0.469572 0.198811 0.276762
v 0.610102 0.277926 0.268072
v 0.591809 0.296419 0.360669
v 0.543649 0.233182 0.219798
v 0.571875 0.051324 0.330001
v 0.485434 0.042048 0.258657
v 0.516038 0.040059 0.372415
v 0.599820 0.055153 0.264928
v 0.471607 0.035170 0.338111
v 0.557810 0.050766 0.227889
v 0.576668 -0.312341 0.175370
v 0.522189 0.135201 0.242120
v 0.604749 0.148579 0.311673
v 0.463430 0.123975 0.314158
v 0.494076 0.126385 0.383113
v 0.548705 0.137961 0.380323
v 0.590831 -0.354218 0.267840
v 0.468519 -0.361522 0.167725
v 0.521108 -0.368305 0.305271
v 0.606310 -0.348849 0.193523
v 0.455800 -0.372187 0.250606
v 0.549305 -0.352273 0.148073
v 0.437037 -0.409545 0.194916
v 0.518463 -0.097646 0.206510
v 0.598953 -0.309634 0.232169
v 0.465387 -0.108567 0.270045
v 0.492742 -0.109993 0.332031
v 0.540872 -0.101906 0.329444
v 0.579455 -0.093655 0.217793
v 0.511304 -0.315902 0.160543
v 0.591225 -0.091519 0.268468
v 0.455647 -0.327587 0.218227
v 0.488286 -0.331281 0.289578
v 0.549275 -0.321356 0.295392
v 0.573421 -0.236823 0.277518
v 0.516877 -0.248998 0.311976
v 0.469399 -0.252764 0.274676
v 0.481584 -0.244080 0.202954
v 0.547832 -0.236365 0.177552
v 0.592192 -0.232872 0.214816
v 0.618114 -0.428501 0.268633
v 0.457289 -0.435893 0.145265
v 0.535042 -0.441390 0.304818
v 0.629849 -0.419132 0.186835
v 0.447724 -0.447167 0.238357
v 0.556342 -0.420747 0.129928
v 0.438967 -0.482490 0.180117
v 0.487228 -0.411303 0.286632
v 0.569212 -0.401380 0.300407
v 0.626630 -0.387779 0.227507
v 0.592311 -0.387446 0.159092
v 0.507653 -0.393260 0.133796
v 0.553433 -0.524425 0.217063
v 0.457525 -0.496971 0.148143
v 0.499342 -0.527878 0.246306
v 0.563770 -0.513876 0.162396
v 0.447923 -0.512843 0.208053
v 0.519281 -0.501458 0.131730
v 0.513088 -0.548713 0.134280
v 0.489876 -0.463886 0.277032
v 0.579750 -0.456248 0.294182
v 0.638669 -0.442219 0.222165
v 0.570574 -0.476069 0.147601
v 0.505707 -0.443366 0.121298
v 0.477036 -0.616660 0.162340
v 0.421392 -0.586451 0.126325
v 0.445527 -0.613988 0.183657
v 0.482587 -0.609879 0.128104
v 0.415837 -0.597298 0.163310
v 0.456633 -0.596360 0.112436
v 0.380627 -0.659982 0.113766
v 0.469455 -0.534117 0.128545
v 0.530571 -0.560028 0.168896
v 0.432096 -0.535873 0.164756
v 0.455610 -0.556994 0.210752
v 0.498922 -0.565770 0.212248
v 0.430657 -0.462293 0.183059
v 0.481684 -0.496319 0.253850
v 0.551969 -0.496531 0.263712
v 0.600621 -0.484873 0.203141
v 0.597899 -0.437646 0.151304
v 0.498821 -0.470987 0.129073
v 0.457909 -0.462190 0.143483
v 0.617133 -0.454979 0.179086
v 0.549168 -0.451837 0.128306
v 0.606431 -0.465810 0.253732
v 0.448968 -0.475723 0.228029
v 0.529524 -0.476200 0.287497
v 0.386054 -0.736561 0.095640
v 0.360011 -0.720662 0.079537
v 0.372269 -0.737179 0.102956
v 0.386147 -0.736315 0.080928
v 0.356824 -0.727529 0.092974
v 0.372123 -0.727975 0.072688
v 0.357151 -0.757299 0.076430
v 0.392706 -0.675960 0.137001
v 0.416986 -0.682218 0.137341
v 0.433206 -0.680901 0.112251
v 0.421744 -0.674827 0.093200
v 0.399852 -0.661396 0.092371
v 0.442108 0.282753 0.262584
v 0.482807 0.241219 0.283635
v 0.436792 0.272858 0.297318
v 0.465640 0.277764 0.238562
v 0.457021 0.252092 0.308281
v 0.486110 0.256996 0.248650
v 0.422443 0.271940 0.279019
v 0.442872 0.276002 0.234984
v 0.487142 0.232582 0.256709
v 0.466091 0.228404 0.302421
v 0.433382 0.253006 0.307047
v 0.473056 0.258895 0.229870
v 0.497047 0.314206 0.294857
v 0.476467 0.317051 0.283010
v 0.505794 0.286936 0.298246
v 0.474120 0.311937 0.303990
v 0.491098 0.314909 0.269268
v 0.491125 0.294460 0.313024
v 0.508162 0.297401 0.277934
v 0.484697 0.265343 0.306852
v 0.461990 0.284120 0.310672
v 0.453835 0.297046 0.290465
v 0.468967 0.300066 0.257558
v 0.490509 0.288714 0.254132
v 0.297081 -0.162565 0.164232
v 0.326226 -0.151041 0.093536
v 0.305468 -0.227827 0.078121
v 0.279293 -0.232228 0.148996
v 0.289690 -0.238711 0.115608
v 0.286309 -0.201355 0.172745
v 0.318706 -0.187143 0.077622
v 0.312057 -0.147005 0.133363
v 0.146303 0.235411 0.196029
v 0.174871 0.201132 0.123686
v 0.179260 0.024446 0.218021
v 0.144624 0.163571 0.241374
v 0.100139 0.171431 0.163715
v 0.219356 0.193272 0.201344
v 0.321340 -0.075699 0.147979
v 0.132940 0.019327 0.123955
v 0.259725 0.074007 0.172392
v 0.213405 0.068887 0.078326
v 0.274583 -0.197975 0.181679
v 0.302383 -0.132886 0.030422
v 0.256503 -0.175240 0.207405
v 0.240920 -0.230990 0.092830
v 0.187799 -0.140214 0.095795
v 0.222329 -0.102946 0.210271
v 0.262810 -0.055067 0.039955
v 0.297340 -0.017799 0.154430
v 0.311937 -0.137773 0.135042
v 0.272881 -0.246683 0.099234
v 0.315613 -0.120472 0.134517
v 0.311952 -0.170155 0.050292
v 0.382274 -0.232223 0.261128
v 0.323558 -0.189878 0.072489
v 0.285324 -0.202078 0.181935
v 0.288869 -0.248016 0.115681
v 0.457836 -0.245831 0.188323
v 0.295362 -0.319943 0.189878
v 0.460732 -0.065520 0.121601
v 0.446703 -0.226400 0.081733
v 0.368387 -0.202045 0.050392
v 0.469955 -0.087202 0.216483
v 0.340439 -0.307556 0.045425
v 0.303981 -0.209164 0.228207
v 0.365467 -0.370801 0.129316
v 0.313989 -0.344970 0.111235
v 0.404799 -0.337980 0.066720
v 0.287050 -0.301835 0.106264
v 0.357232 -0.348209 0.214605
v 0.412538 -0.360024 0.151698
v 0.352882 0.100228 0.264248
v 0.409559 0.077361 0.294453
v 0.395985 -0.079010 0.276981
v 0.386551 -0.045310 0.090111
v 0.323181 -0.044630 0.149779
v 0.323204 -0.058446 0.241548
v 0.481987 0.186056 0.274427
v 0.441286 0.238094 0.194165
v 0.357538 0.116951 0.190265
v 0.469944 0.097034 0.171228
v 0.411901 0.119375 0.144356
v 0.472258 0.071744 0.247342
v 0.472956 0.273695 0.312905
v 0.495100 0.264083 0.291369
v 0.433686 0.198110 0.314115
v 0.392398 0.226524 0.291744
v 0.398280 0.242527 0.232375
v 0.483704 0.210036 0.213847
v 0.411632 0.359570 0.246483
v 0.449059 0.411542 0.267833
v 0.552555 0.211185 0.230731
v 0.594740 0.250087 0.362550
v 0.483083 0.321905 0.196981
v 0.533904 0.383793 0.230327
v 0.413979 0.282208 0.248869
v 0.398761 0.310933 0.335249
v 0.451007 0.374345 0.364435
v 0.514977 0.408466 0.309946
v 0.607228 0.146772 0.279300
v 0.560188 0.139169 0.238814
v 0.613611 0.240007 0.277730
v 0.476222 0.189112 0.275994
v 0.457133 0.196416 0.366255
v 0.519492 0.226624 0.408947
v 0.497619 0.302943 0.412502
v 0.429001 0.242334 0.370623
v 0.458341 0.210018 0.273998
v 0.601173 0.313939 0.256702
v 0.581878 0.339237 0.354481
v 0.533032 0.255935 0.209067
v 0.596398 -0.309999 0.200227
v 0.546898 -0.313609 0.159872
v 0.484536 0.129065 0.271311
v 0.470504 0.123361 0.354697
v 0.519984 0.131480 0.392259
v 0.581136 0.144791 0.349406
v 0.528404 -0.407461 0.306742
v 0.450424 -0.412560 0.244318
v 0.475757 -0.321416 0.182332
v 0.463178 -0.331213 0.257879
v 0.517911 -0.327635 0.303080
v 0.579991 -0.314228 0.267887
v 0.569830 -0.095754 0.301933
v 0.515540 -0.106911 0.340178
v 0.471727 -0.110821 0.306408
v 0.484588 -0.103107 0.232153
v 0.552515 -0.095067 0.203804
v 0.593944 -0.091625 0.239814
v 0.516978 -0.498466 0.269547
v 0.450322 -0.490370 0.220051
v 0.606180 -0.393722 0.269251
v 0.553431 -0.389075 0.137606
v 0.619863 -0.386327 0.189723
v 0.461767 -0.401568 0.154710
v 0.527341 -0.555081 0.148694
v 0.493056 -0.540779 0.126564
v 0.583467 -0.491131 0.237660
v 0.537530 -0.472134 0.131036
v 0.594385 -0.480096 0.172196
v 0.459955 -0.475073 0.147004
v 0.404530 -0.680944 0.140840
v 0.383133 -0.667724 0.126704
v 0.445581 -0.531926 0.142380
v 0.437668 -0.545953 0.190285
v 0.476949 -0.563742 0.218664
v 0.519147 -0.564015 0.192890
v 0.456307 -0.453165 0.141981
v 0.629272 -0.438622 0.183649
v 0.555238 -0.438547 0.127189
v 0.618488 -0.449030 0.263875
v 0.447552 -0.465252 0.233456
v 0.535700 -0.461042 0.298890
v 0.352467 -0.749309 0.073447
v 0.365605 -0.757330 0.081571
v 0.426827 -0.683415 0.125398
v 0.411275 -0.668299 0.089871
v 0.430043 -0.679129 0.100772
v 0.387011 -0.659577 0.100577
v 0.429715 0.276302 0.255265
v 0.480268 0.226302 0.281213
v 0.423880 0.264204 0.296628
v 0.458345 0.269908 0.227183
v 0.448884 0.239153 0.310336
v 0.483894 0.244959 0.239423
v 0.505117 0.303151 0.298750
v 0.488026 0.320702 0.289870
v 0.455039 0.292113 0.303281
v 0.459657 0.300445 0.272968
v 0.498107 0.278040 0.261029
v 0.480083 0.296498 0.251992
v 0.285566 -0.236211 0.110722
v 0.284219 -0.199942 0.169935
v 0.314545 -0.182034 0.072873
v 0.312742 -0.143955 0.132399
v -0.185693 0.199893 0.212625
v -0.250302 0.211029 0.232826
v -0.202048 0.220147 0.149153
v -0.266656 0.231283 0.169354
v -0.190960 0.092724 0.199180
v -0.286234 0.116671 0.231021
v -0.215478 0.123682 0.102274
v -0.310753 0.147628 0.134116
v -0.349570 0.024417 0.097746
v -0.264285 -0.038308 0.058907
v -0.238396 -0.071650 0.167934
v -0.323681 -0.008925 0.206773
v -0.401073 -0.109734 0.076838
v -0.358883 -0.215123 0.044401
v -0.329475 -0.241169 0.158189
v -0.370311 -0.134488 0.190096
v -0.358896 -0.084068 0.211577
v -0.391321 -0.049369 0.076964
v -0.319273 -0.158028 0.033016
v -0.286849 -0.192726 0.167630
v -0.395121 -0.140209 0.087920
v -0.369558 -0.216941 0.067070
v -0.347481 -0.234783 0.148135
v -0.369822 -0.155994 0.167362
v -0.412568 -0.123657 0.082938
v -0.386792 -0.250709 0.060771
v -0.354516 -0.266723 0.171866
v -0.373500 -0.128364 0.195385
v -0.550724 -0.158046 0.143229
v -0.519583 -0.307877 0.111524
v -0.485136 -0.312813 0.222115
v -0.512241 -0.162319 0.254435
v -0.402479 -0.286984 0.235242
v -0.419289 -0.140742 0.262283
v -0.470116 -0.278259 0.047424
v -0.494970 -0.132927 0.074415
v -0.364647 -0.329287 0.141660
v -0.383713 -0.322474 0.074181
v -0.453276 -0.372431 0.174932
v -0.473935 -0.367114 0.104508
v -0.399898 -0.354933 0.172174
v -0.433029 -0.346614 0.072242
v -0.439970 0.036815 0.130483
v -0.404127 0.025253 0.214072
v -0.552743 0.001362 0.182515
v -0.515286 -0.010769 0.270307
v -0.437118 0.007613 0.272843
v -0.508864 0.028619 0.125005
v -0.473481 0.195013 0.181293
v -0.441369 0.184778 0.250716
v -0.562188 0.150658 0.223500
v -0.528618 0.139898 0.296416
v -0.465909 0.163418 0.299239
v -0.529678 0.181075 0.176520
v -0.527958 0.282598 0.245253
v -0.510716 0.279172 0.282714
v -0.563487 0.246481 0.263058
v -0.545967 0.243056 0.301520
v -0.519313 0.263635 0.305735
v -0.552313 0.268741 0.240750
v -0.572599 0.417165 0.255717
v -0.534632 0.411510 0.317187
v -0.504001 0.327575 0.213428
v -0.464770 0.320786 0.277872
v -0.487530 0.373780 0.310667
v -0.542052 0.379059 0.217581
v -0.656108 0.375037 0.285867
v -0.592612 0.365581 0.381555
v -0.548090 0.258142 0.214492
v -0.483146 0.246248 0.316090
v -0.518062 0.306500 0.391245
v -0.627205 0.316906 0.214001
v -0.688792 0.203754 0.318726
v -0.630988 0.193162 0.391572
v -0.594273 0.176966 0.242722
v -0.535625 0.165202 0.320396
v -0.568069 0.174916 0.391729
v -0.666296 0.190183 0.254749
v -0.626434 0.285128 0.399651
v -0.690584 0.294950 0.311253
v -0.657206 0.254279 0.236258
v -0.576255 0.215525 0.229820
v -0.512827 0.202922 0.325116
v -0.547403 0.242567 0.400873
v -0.670223 0.055508 0.294562
v -0.616391 0.045131 0.359852
v -0.596439 0.047729 0.230961
v -0.539842 0.036777 0.299377
v -0.568183 0.036677 0.364854
v -0.660782 0.052698 0.242395
v -0.685481 -0.349035 0.228571
v -0.631960 -0.361801 0.297814
v -0.583867 -0.355125 0.146780
v -0.520858 -0.368414 0.205491
v -0.560925 -0.372093 0.288368
v -0.658057 -0.350886 0.166014
v -0.650082 -0.235084 0.191831
v -0.589471 -0.238696 0.179508
v -0.667548 -0.232541 0.244325
v -0.537760 -0.249832 0.238707
v -0.566317 -0.252386 0.301553
v -0.619400 -0.243364 0.303567
v -0.713625 -0.421925 0.226030
v -0.653977 -0.435990 0.299736
v -0.581669 -0.425975 0.124212
v -0.506238 -0.444797 0.187001
v -0.564387 -0.445014 0.282745
v -0.673739 -0.419129 0.154112
v -0.642883 -0.519045 0.187830
v -0.602431 -0.528118 0.239888
v -0.563444 -0.496668 0.132235
v -0.515073 -0.502750 0.175622
v -0.546527 -0.522684 0.234863
v -0.620190 -0.508186 0.143252
v -0.560208 -0.614087 0.143507
v -0.536897 -0.616908 0.177929
v -0.513956 -0.589631 0.114863
v -0.486376 -0.588827 0.143938
v -0.504297 -0.607283 0.178365
v -0.546552 -0.603903 0.117568
v -0.508864 -0.470790 0.181566
v -0.562312 -0.477184 0.267935
v -0.645208 -0.472414 0.282398
v -0.700342 -0.459125 0.214755
v -0.663296 -0.452773 0.149628
v -0.578387 -0.454455 0.123851
v -0.471919 -0.726549 0.091692
v -0.461192 -0.727313 0.108540
v -0.447324 -0.711818 0.077037
v -0.434777 -0.710904 0.091655
v -0.437579 -0.735639 0.098668
v -0.453194 -0.735172 0.074872
v -0.508037 0.268468 0.222694
v -0.483505 0.263048 0.275338
v -0.565419 0.219226 0.250347
v -0.539871 0.213539 0.305457
v -0.498208 0.241122 0.310125
v -0.546444 0.249264 0.217173
v -0.556654 0.305070 0.310535
v -0.575871 0.308186 0.272394
v -0.555724 0.314243 0.269149
v -0.543668 0.311924 0.294898
v -0.583187 0.286059 0.283180
v -0.571062 0.283777 0.309366
v -0.371842 -0.163815 0.165648
v -0.398211 -0.156063 0.097598
v -0.378295 -0.220341 0.082879
v -0.357855 -0.234511 0.152974
v -0.185817 0.215307 0.180501
v -0.214755 0.209839 0.230680
v -0.263310 0.228664 0.204730
v -0.234372 0.234132 0.154551
v -0.202382 0.187446 0.125803
v -0.289221 0.203354 0.153211
v -0.267713 0.141460 0.100025
v -0.185355 0.103714 0.144757
v -0.316357 0.136639 0.188539
v -0.233999 0.098893 0.233270
v -0.180351 0.160087 0.211527
v -0.267189 0.175995 0.238935
v -0.311782 -0.000694 0.057884
v -0.235349 -0.066740 0.106138
v -0.352617 0.019507 0.159542
v -0.276184 -0.046539 0.207796
v -0.212692 0.010623 0.181358
v -0.304899 0.050390 0.216585
v -0.237525 0.042944 0.079762
v -0.329732 0.082711 0.114989
v -0.385325 -0.158158 0.038943
v -0.336482 -0.247494 0.095517
v -0.394600 -0.102199 0.140333
v -0.343374 -0.192459 0.194833
v -0.366832 -0.112441 0.203487
v -0.372002 -0.017081 0.084501
v -0.292336 -0.106111 0.041858
v -0.309971 -0.226549 0.164151
v -0.342561 -0.051902 0.208367
v -0.400571 -0.081682 0.075028
v -0.342599 -0.194606 0.035302
v -0.262895 -0.140931 0.165724
v -0.289552 -0.195750 0.092083
v -0.315883 -0.145165 0.214085
v -0.361377 -0.097192 0.029750
v -0.388617 -0.046346 0.152511
v -0.386639 -0.175911 0.062170
v -0.354071 -0.239597 0.104178
v -0.387633 -0.133538 0.131882
v -0.353679 -0.198509 0.172419
v -0.340665 -0.240712 0.151909
v -0.369711 -0.147687 0.176524
v -0.366214 -0.219387 0.055553
v -0.397773 -0.127863 0.081470
v -0.410353 -0.194799 0.058803
v -0.360686 -0.268597 0.111307
v -0.388354 -0.106257 0.138551
v -0.362693 -0.203804 0.200089
v -0.370769 -0.156292 0.173646
v -0.396104 -0.150844 0.094703
v -0.374117 -0.216980 0.077655
v -0.355490 -0.242971 0.158522
v -0.540086 -0.239602 0.126249
v -0.512468 -0.315014 0.170608
v -0.543316 -0.164376 0.203518
v -0.502534 -0.243227 0.241547
v -0.444279 -0.301475 0.242141
v -0.387894 -0.132776 0.236786
v -0.503458 -0.293786 0.069888
v -0.452950 -0.125372 0.067234
v -0.371553 -0.275215 0.211679
v -0.465647 -0.152442 0.272056
v -0.428039 -0.264459 0.041976
v -0.531490 -0.145577 0.099218
v -0.485367 -0.212156 0.057323
v -0.552954 -0.078972 0.161947
v -0.451181 -0.321705 0.048636
v -0.411295 -0.218895 0.252495
v -0.370843 -0.328064 0.106129
v -0.464684 -0.374577 0.139350
v -0.429397 -0.367699 0.178275
v -0.458653 -0.360368 0.085886
v -0.376202 -0.341609 0.158032
v -0.404173 -0.333380 0.067940
v -0.413816 -0.358192 0.119826
v -0.382595 -0.299153 0.063332
v -0.357627 -0.309105 0.155464
v -0.396823 -0.333560 0.209589
v -0.493362 -0.351945 0.101228
v -0.465627 -0.358325 0.196892
v -0.414911 0.032477 0.168322
v -0.543672 -0.008621 0.230576
v -0.411880 0.017213 0.249738
v -0.473502 0.035855 0.117298
v -0.475554 -0.003584 0.282704
v -0.538588 0.015555 0.146586
v -0.520553 0.069563 0.283315
v -0.514767 -0.087404 0.262024
v -0.501447 -0.052569 0.097933
v -0.427455 -0.067497 0.266834
v -0.424162 -0.043331 0.105550
v -0.387503 -0.051315 0.201816
v -0.451732 0.192077 0.212733
v -0.552907 0.140768 0.263280
v -0.446401 0.175347 0.280260
v -0.501314 0.191306 0.170302
v -0.496351 0.149462 0.307061
v -0.552539 0.165881 0.194047
v -0.492267 0.243807 0.204345
v -0.450016 0.089566 0.285366
v -0.421577 0.109175 0.231778
v -0.456035 0.121204 0.156064
v -0.518605 0.110992 0.151578
v -0.556572 0.082194 0.203791
v -0.491976 0.268430 0.246802
v -0.557381 0.211649 0.280020
v -0.485836 0.253963 0.296947
v -0.527525 0.261721 0.213600
v -0.518095 0.225457 0.314635
v -0.560672 0.233447 0.229130
v -0.574829 0.268318 0.273281
v -0.539989 0.226127 0.199035
v -0.565701 0.194906 0.239376
v -0.535761 0.186801 0.304031
v -0.483279 0.213597 0.307958
v -0.463618 0.236109 0.265927
v -0.549899 0.420813 0.283581
v -0.478423 0.326142 0.241787
v -0.510541 0.399969 0.317170
v -0.560236 0.405732 0.234194
v -0.469354 0.345136 0.294690
v -0.520100 0.351786 0.209331
v -0.504558 0.386852 0.257148
v -0.631659 0.379431 0.337905
v -0.512224 0.236851 0.263296
v -0.553197 0.339867 0.399049
v -0.652940 0.350165 0.243493
v -0.489082 0.271985 0.361605
v -0.589881 0.285092 0.200681
v -0.632177 0.240768 0.397664
v -0.588228 0.351875 0.206950
v -0.523082 0.296895 0.209183
v -0.611346 0.404654 0.265617
v -0.468294 0.286859 0.297116
v -0.496898 0.343149 0.358906
v -0.558243 0.396344 0.348861
v -0.665803 0.201059 0.359437
v -0.557373 0.169381 0.275280
v -0.598051 0.183928 0.402617
v -0.687522 0.198604 0.282622
v -0.542510 0.167765 0.362058
v -0.633079 0.183369 0.238064
v -0.665391 0.142518 0.254454
v -0.681552 0.336076 0.301637
v -0.663419 0.224514 0.247499
v -0.565190 0.231985 0.222135
v -0.498409 0.219512 0.324250
v -0.533859 0.273283 0.401867
v -0.615140 0.326381 0.397090
v -0.692662 0.250758 0.317655
v -0.647663 0.283796 0.224604
v -0.586563 0.199853 0.237524
v -0.525837 0.187760 0.323258
v -0.559753 0.210847 0.396929
v -0.585143 0.265884 0.412704
v -0.517947 0.219359 0.369574
v -0.544451 0.198811 0.276762
v -0.684981 0.277926 0.268072
v -0.666689 0.296419 0.360669
v -0.618528 0.233182 0.219797
v -0.646754 0.051324 0.330001
v -0.560313 0.042048 0.258657
v -0.590917 0.040059 0.372415
v -0.674699 0.055153 0.264928
v -0.546486 0.035170 0.338111
v -0.632689 0.050766 0.227889
v -0.651547 -0.312341 0.175370
v -0.597068 0.135201 0.242120
v -0.679628 0.148579 0.311673
v -0.538309 0.123975 0.314158
v -0.568955 0.126385 0.383113
v -0.623585 0.137961 0.380323
v -0.665710 -0.354218 0.267840
v -0.543398 -0.361522 0.167725
v -0.595987 -0.368305 0.305271
v -0.681189 -0.348850 0.193523
v -0.530680 -0.372187 0.250606
v -0.624184 -0.352273 0.148073
v -0.511916 -0.409545 0.194916
v -0.593342 -0.097646 0.206510
v -0.673832 -0.309634 0.232169
v -0.540267 -0.108567 0.270045
v -0.567621 -0.109993 0.332031
v -0.615752 -0.101906 0.329444
v -0.654335 -0.093656 0.217792
v -0.586184 -0.315902 0.160543
v -0.666104 -0.091519 0.268467
v -0.530526 -0.327587 0.218227
v -0.563166 -0.331282 0.289578
v -0.624154 -0.321356 0.295392
v -0.648300 -0.236823 0.277518
v -0.591756 -0.248998 0.311976
v -0.544278 -0.252764 0.274676
v -0.556463 -0.244080 0.202954
v -0.622711 -0.236365 0.177552
v -0.667071 -0.232873 0.214815
v -0.692993 -0.428501 0.268633
v -0.532168 -0.435893 0.145265
v -0.609921 -0.441390 0.304818
v -0.704728 -0.419132 0.186835
v -0.522603 -0.447167 0.238357
v -0.631221 -0.420747 0.129928
v -0.513846 -0.482491 0.180117
v -0.562107 -0.411303 0.286632
v -0.644091 -0.401380 0.300407
v -0.701509 -0.387779 0.227507
v -0.667190 -0.387447 0.159092
v -0.582532 -0.393260 0.133796
v -0.628312 -0.524425 0.217063
v -0.532404 -0.496972 0.148143
v -0.574221 -0.527878 0.246306
v -0.638649 -0.513876 0.162396
v -0.522802 -0.512843 0.208053
v -0.594160 -0.501458 0.131729
v -0.587967 -0.548713 0.134280
v -0.564755 -0.463886 0.277032
v -0.654629 -0.456248 0.294182
v -0.713548 -0.442219 0.222164
v -0.645453 -0.476069 0.147601
v -0.580586 -0.443366 0.121298
v -0.551915 -0.616660 0.162340
v -0.496271 -0.586451 0.126325
v -0.520406 -0.613988 0.183656
v -0.557466 -0.609879 0.128104
v -0.490716 -0.597299 0.163310
v -0.531512 -0.596361 0.112436
v -0.455506 -0.659982 0.113766
v -0.544334 -0.534117 0.128545
v -0.605450 -0.560028 0.168896
v -0.506975 -0.535874 0.164756
v -0.530489 -0.556994 0.210752
v -0.573801 -0.565770 0.212248
v -0.505536 -0.462293 0.183059
v -0.556563 -0.496319 0.253850
v -0.626848 -0.496531 0.263712
v -0.675500 -0.484873 0.203141
v -0.672778 -0.437646 0.151304
v -0.573700 -0.470987 0.129073
v -0.532789 -0.462190 0.143483
v -0.692013 -0.454980 0.179086
v -0.624047 -0.451837 0.128306
v -0.681310 -0.465810 0.253732
v -0.523847 -0.475723 0.228029
v -0.604403 -0.476200 0.287497
v -0.460933 -0.736561 0.095640
v -0.434890 -0.720662 0.079537
v -0.447148 -0.737179 0.102956
v -0.461026 -0.736315 0.080928
v -0.431703 -0.727529 0.092974
v -0.447002 -0.727975 0.072688
v -0.432030 -0.757299 0.076430
v -0.467585 -0.675960 0.137001
v -0.491865 -0.682219 0.137341
v -0.508085 -0.680901 0.112251
v -0.496623 -0.674827 0.093199
v -0.474731 -0.661396 0.092371
v -0.516988 0.282753 0.262584
v -0.557686 0.241220 0.283635
v -0.511671 0.272858 0.297318
v -0.540519 0.277764 0.238562
v -0.531900 0.252092 0.308281
v -0.560989 0.256996 0.248650
v -0.497323 0.271940 0.279019
v -0.517751 0.276002 0.234984
v -0.562022 0.232582 0.256709
v -0.540970 0.228404 0.302421
v -0.508262 0.253006 0.307047
v -0.547935 0.258895 0.229870
v -0.571926 0.314206 0.294857
v -0.551346 0.317052 0.283010
v -0.580674 0.286936 0.298246
v -0.548999 0.311937 0.303990
v -0.565977 0.314909 0.269268
v -0.566004 0.294460 0.313024
v -0.583041 0.297401 0.277934
v -0.559577 0.265343 0.306852
v -0.536870 0.284120 0.310671
v -0.528714 0.297046 0.290465
v -0.543846 0.300066 0.257558
v -0.565388 0.288714 0.254132
v -0.371960 -0.162565 0.164232
v -0.401105 -0.151041 0.093536
v -0.380347 -0.227827 0.078121
v -0.354173 -0.232228 0.148996
v -0.364570 -0.238711 0.115608
v -0.361188 -0.201355 0.172745
v -0.393585 -0.187143 0.077622
v -0.386936 -0.147005 0.133362
v -0.221182 0.235411 0.196029
v -0.249750 0.201132 0.123686
v -0.254139 0.024446 0.218021
v -0.219503 0.163571 0.241374
v -0.175018 0.171431 0.163715
v -0.294235 0.193272 0.201344
v -0.396219 -0.075699 0.147979
v -0.207819 0.019327 0.123955
v -0.334604 0.074007 0.172392
v -0.288284 0.068888 0.078326
v -0.349463 -0.197975 0.181679
v -0.377262 -0.132886 0.030422
v -0.331382 -0.175240 0.207405
v -0.315800 -0.230990 0.092830
v -0.262679 -0.140214 0.095795
v -0.297208 -0.102946 0.210270
v -0.337690 -0.055067 0.039955
v -0.372219 -0.017799 0.154430
v -0.386816 -0.137773 0.135042
v -0.347760 -0.246683 0.099234
v -0.390492 -0.120472 0.134517
v -0.386832 -0.170154 0.050292
v -0.457153 -0.232223 0.261128
v -0.398437 -0.189878 0.072489
v -0.360203 -0.202078 0.181935
v -0.363748 -0.248016 0.115681
v -0.532715 -0.245831 0.188323
v -0.370241 -0.319943 0.189878
v -0.535611 -0.065520 0.121601
v -0.521583 -0.226400 0.081733
v -0.443266 -0.202045 0.050392
v -0.544834 -0.087202 0.216483
v -0.415318 -0.307556 0.045425
v -0.378860 -0.209164 0.228207
v -0.440346 -0.370801 0.129316
v -0.388868 -0.344970 0.111235
v -0.479678 -0.337980 0.066720
v -0.361929 -0.301835 0.106264
v -0.432111 -0.348209 0.214605
v -0.487417 -0.360024 0.151698
v -0.427761 0.100228 0.264248
v -0.484438 0.077361 0.294453
v -0.470864 -0.079010 0.276981
v -0.461430 -0.045310 0.090111
v -0.398060 -0.044630 0.149779
v -0.398083 -0.058445 0.241548
v -0.556866 0.186056 0.274427
v -0.516165 0.238094 0.194165
v -0.432417 0.116951 0.190265
v -0.544823 0.097034 0.171228
v -0.486780 0.119375 0.144356
v -0.547137 0.071744 0.247342
v -0.547835 0.273695 0.312905
v -0.569979 0.264083 0.291369
v -0.508565 0.198110 0.314115
v -0.467277 0.226524 0.291744
v -0.473159 0.242527 0.232375
v -0.558583 0.210036 0.213847
v -0.486511 0.359570 0.246483
v -0.523938 0.411542 0.267833
v -0.627434 0.211185 0.230731
v -0.669620 0.250087 0.362550
v -0.557962 0.321905 0.196981
v -0.608783 0.383793 0.230327
v -0.488858 0.282208 0.248869
v -0.473640 0.310933 0.335249
v -0.525886 0.374345 0.364435
v -0.589856 0.408466 0.309946
v -0.682107 0.146772 0.279300
v -0.635067 0.139169 0.238814
v -0.688490 0.240007 0.277730
v -0.551101 0.189112 0.275994
v -0.532012 0.196416 0.366255
v -0.594372 0.226624 0.408947
v -0.572498 0.302942 0.412502
v -0.503880 0.242334 0.370623
v -0.533220 0.210018 0.273998
v -0.676052 0.313939 0.256702
v -0.656757 0.339237 0.354481
v -0.607911 0.255935 0.209067
v -0.671278 -0.310000 0.200227
v -0.621777 -0.313610 0.159872
v -0.559415 0.129065 0.271311
v -0.545383 0.123361 0.354697
v -0.594863 0.131479 0.392259
v -0.656015 0.144791 0.349406
v -0.603284 -0.407462 0.306742
v -0.525303 -0.412560 0.244318
v -0.550636 -0.321416 0.182332
v -0.538057 -0.331213 0.257879
v -0.592790 -0.327636 0.303080
v -0.654870 -0.314229 0.267887
v -0.644709 -0.095755 0.301933
v -0.590419 -0.106911 0.340178
v -0.546607 -0.110821 0.306408
v -0.559467 -0.103107 0.232153
v -0.627394 -0.095067 0.203804
v -0.668823 -0.091625 0.239814
v -0.591857 -0.498466 0.269547
v -0.525201 -0.490370 0.220051
v -0.681059 -0.393722 0.269251
v -0.628310 -0.389075 0.137606
v -0.694742 -0.386327 0.189723
v -0.536646 -0.401568 0.154709
v -0.602220 -0.555081 0.148694
v -0.567935 -0.540779 0.126563
v -0.658346 -0.491131 0.237660
v -0.612409 -0.472135 0.131036
v -0.669264 -0.480096 0.172196
v -0.534834 -0.475073 0.147004
v -0.479409 -0.680944 0.140840
v -0.458012 -0.667724 0.126704
v -0.520460 -0.531926 0.142380
v -0.512547 -0.545953 0.190285
v -0.551829 -0.563742 0.218664
v -0.594026 -0.564015 0.192890
v -0.531186 -0.453165 0.141981
v -0.704151 -0.438622 0.183649
v -0.630117 -0.438547 0.127189
v -0.693367 -0.449030 0.263875
v -0.522431 -0.465252 0.233456
v -0.610579 -0.461042 0.298890
v -0.427346 -0.749309 0.073447
v -0.440484 -0.757330 0.081571
v -0.501706 -0.683415 0.125398
v -0.486154 -0.668299 0.089870
v -0.504922 -0.679129 0.100771
v -0.461890 -0.659577 0.100577
v -0.504594 0.276303 0.255265
v -0.555147 0.226302 0.281213
v -0.498759 0.264204 0.296628
v -0.533224 0.269909 0.227183
v -0.523763 0.239153 0.310336
v -0.558774 0.244959 0.239423
v -0.579996 0.303151 0.298750
v -0.562905 0.320702 0.289870
v -0.529918 0.292113 0.303281
v -0.534537 0.300445 0.272968
v -0.572986 0.278040 0.261029
v -0.554963 0.296498 0.251992
v -0.360445 -0.236211 0.110722
v -0.359098 -0.199942 0.169935
v -0.389424 -0.182034 0.072873
v -0.387621 -0.143955 0.132399
v 0.179548 0.048420 0.038731
v 0.142378 0.486389 0.106282
v 0.194773 0.050098 0.043974
v 0.150795 0.494312 0.118419
v 0.207980 0.053217 0.057294
v 0.161081 0.484401 0.127163
v 0.207542 0.049951 0.079675
v 0.161050 0.483867 0.130322
v 0.194417 0.043643 0.091572
v 0.150274 0.490530 0.141506
v 0.179621 0.040280 0.095893
v 0.142805 0.480860 0.148862
v 0.159155 0.034357 0.091834
v 0.126307 0.488175 0.142325
v 0.143582 0.031480 0.073797
v 0.126307 0.488175 0.142325
v 0.143664 0.035351 0.054582
v 0.125150 0.492469 0.116504
v 0.156319 0.039970 0.040503
v 0.125150 0.492469 0.116504
v 0.230802 -0.481664 -0.080769
v 0.253347 -0.477637 -0.072058
v 0.267886 -0.479525 -0.051468
v 0.266408 -0.485852 -0.026320
v 0.253714 -0.488886 -0.013261
v 0.236005 -0.491795 -0.010361
v 0.213240 -0.492843 -0.020051
v 0.200860 -0.491450 -0.039060
v 0.199947 -0.489071 -0.055895
v 0.207536 -0.485586 -0.071357
v 0.281053 -0.938789 -0.401366
v 0.298358 -0.942994 -0.397676
v 0.304481 -0.949060 -0.390275
v 0.302855 -0.955761 -0.381015
v 0.294195 -0.962799 -0.374545
v 0.287436 -0.965883 -0.374667
v 0.274260 -0.961149 -0.375777
v 0.267750 -0.955191 -0.380013
v 0.265286 -0.947145 -0.390473
v 0.268685 -0.941715 -0.395284
v 0.337099 -1.178810 -0.671384
v 0.352942 -1.183225 -0.668279
v 0.357733 -1.189152 -0.655614
v 0.352775 -1.201825 -0.649449
v 0.342356 -1.205122 -0.640175
v 0.334893 -1.206593 -0.637030
v 0.327571 -1.203780 -0.636666
v 0.321520 -1.198507 -0.641377
v 0.319249 -1.191593 -0.650154
v 0.324887 -1.181298 -0.663500
v 0.351100 -1.226768 -0.695947
v 0.352552 -1.227030 -0.696184
v 0.352358 -1.228005 -0.695072
v 0.353739 -1.225531 -0.683069
v 0.348664 -1.225904 -0.677434
v 0.345768 -1.224681 -0.672449
v 0.343036 -1.225079 -0.676244
v 0.339600 -1.222799 -0.678860
v 0.341535 -1.222100 -0.685967
v 0.343394 -1.219814 -0.690441
v 0.352358 -1.228005 -0.695072
v 0.147662 0.479837 0.104316
v 0.162213 0.466983 0.105721
v 0.165761 0.470821 0.116207
v 0.165466 0.470227 0.135085
v 0.160699 0.464747 0.145668
v 0.147730 0.468955 0.151535
v 0.128540 0.467425 0.149708
v 0.115999 0.476785 0.133605
v 0.115917 0.479273 0.122135
v 0.130314 0.476368 0.102942
v 0.177625 0.380833 0.088093
v 0.190758 0.271016 0.072266
v 0.199194 0.160699 0.057173
v 0.186237 0.376731 0.102347
v 0.200498 0.265707 0.086837
v 0.212880 0.156996 0.071457
v 0.186247 0.373510 0.125231
v 0.200568 0.262364 0.109713
v 0.212720 0.153948 0.094703
v 0.177561 0.373461 0.139926
v 0.190702 0.263584 0.125043
v 0.198526 0.154066 0.109487
v 0.159785 0.375244 0.148822
v 0.160432 0.264796 0.134784
v 0.165612 0.151873 0.116327
v 0.128431 0.377712 0.144767
v 0.133048 0.267512 0.127377
v 0.149011 0.154539 0.109771
v 0.112235 0.381832 0.126352
v 0.121626 0.271974 0.110947
v 0.138214 0.157457 0.094959
v 0.112219 0.385154 0.103561
v 0.121491 0.274984 0.088187
v 0.137728 0.160204 0.072046
v 0.127755 0.386183 0.084540
v 0.132790 0.275212 0.070835
v 0.148279 0.161554 0.056397
v 0.165635 0.160822 0.049542
v 0.160304 0.274547 0.063029
v 0.158700 0.385184 0.079998
v 0.147364 -0.095805 0.059448
v 0.162774 -0.232068 0.029597
v 0.179880 -0.361703 -0.004843
v 0.194609 -0.365841 0.016526
v 0.175779 -0.235813 0.045892
v 0.159221 -0.098672 0.071658
v 0.213203 -0.364997 0.025201
v 0.193843 -0.236931 0.054269
v 0.175933 -0.101580 0.077464
v 0.233772 -0.362811 0.023884
v 0.219410 -0.233769 0.051540
v 0.198939 -0.101150 0.074204
v 0.251552 -0.355516 0.003231
v 0.234764 -0.228096 0.032894
v 0.211311 -0.101129 0.059985
v 0.197970 -0.094460 0.022483
v 0.215618 -0.219379 -0.008643
v 0.232528 -0.348011 -0.042427
v 0.211656 -0.349496 -0.047777
v 0.191788 -0.220144 -0.014432
v 0.173156 -0.093298 0.016109
v 0.250924 -0.350771 -0.019207
v 0.232809 -0.222692 0.010915
v 0.210792 -0.096912 0.037644
v 0.189118 -0.353584 -0.040748
v 0.172760 -0.223119 -0.007234
v 0.156665 -0.092464 0.022242
v 0.178504 -0.358710 -0.024075
v 0.160882 -0.228616 0.010143
v 0.144952 -0.092955 0.036377
v 0.223845 -0.614887 -0.110074
v 0.242232 -0.737958 -0.191639
v 0.254182 -0.855495 -0.272355
v 0.266111 -0.866973 -0.265015
v 0.250379 -0.742734 -0.178883
v 0.237970 -0.623344 -0.090805
v 0.264863 -0.624360 -0.086638
v 0.273734 -0.744696 -0.171249
v 0.282534 -0.864368 -0.259871
v 0.292578 -0.858275 -0.266318
v 0.285817 -0.740904 -0.180401
v 0.278304 -0.614501 -0.099341
v 0.261497 -0.595359 -0.138678
v 0.276114 -0.725899 -0.210699
v 0.285808 -0.842749 -0.285435
v 0.264959 -0.840644 -0.290633
v 0.255735 -0.723999 -0.215798
v 0.242649 -0.594235 -0.144449
v 0.222912 -0.609143 -0.124169
v 0.241049 -0.734527 -0.200850
v 0.252677 -0.850753 -0.279775
v 0.248578 -0.625028 -0.082931
v 0.263642 -0.744358 -0.170634
v 0.275373 -0.865372 -0.259532
v 0.278772 -0.604517 -0.117149
v 0.286659 -0.732847 -0.197374
v 0.293764 -0.850128 -0.277218
v 0.231250 -0.601016 -0.139024
v 0.246642 -0.727144 -0.212217
v 0.256219 -0.845116 -0.287218
v 0.297940 -1.023842 -0.442290
v 0.308143 -1.083126 -0.514470
v 0.324623 -1.154082 -0.585857
v 0.333117 -1.148885 -0.590220
v 0.315851 -1.079767 -0.522247
v 0.305882 -1.019938 -0.448363
v 0.304786 -1.003231 -0.468489
v 0.314274 -1.064653 -0.538568
v 0.333207 -1.125144 -0.607024
v 0.316015 -1.119656 -0.609324
v 0.299780 -1.059555 -0.540904
v 0.290954 -0.999230 -0.470944
v 0.271836 -1.010640 -0.454581
v 0.280585 -1.071336 -0.524209
v 0.295267 -1.131142 -0.593348
v 0.300765 -1.143568 -0.583266
v 0.282820 -1.077040 -0.516560
v 0.274223 -1.017242 -0.448498
v 0.290982 -1.023506 -0.440237
v 0.296533 -1.083467 -0.509485
v 0.314429 -1.154376 -0.583340
v 0.310595 -1.012217 -0.457983
v 0.318423 -1.073354 -0.530441
v 0.340257 -1.139802 -0.600190
v 0.276646 -1.002570 -0.465374
v 0.285956 -1.062675 -0.534961
v 0.300240 -1.124897 -0.602460
v 0.280254 -1.021958 -0.443362
v 0.289921 -1.082128 -0.511530
v 0.307788 -1.150526 -0.582016
v 0.016760 0.071650 0.325443
v 0.024074 0.291562 0.359527
v 0.008305 0.071930 0.328220
v 0.018801 0.295316 0.366054
v 0.000863 0.072877 0.335609
v 0.013431 0.289945 0.370999
v 0.001094 0.071090 0.348043
v 0.013449 0.289587 0.373305
v 0.008511 0.068310 0.354862
v 0.019121 0.293166 0.379615
v 0.016792 0.067096 0.357302
v 0.023837 0.288385 0.383739
v 0.028079 0.064868 0.355130
v 0.033065 0.292247 0.380298
v 0.036707 0.064107 0.345380
v 0.033470 0.292531 0.379744
v 0.036649 0.066208 0.334653
v 0.034090 0.294834 0.365525
v 0.029550 0.068204 0.326684
v 0.033707 0.294682 0.364878
v 0.020545 -0.198721 0.275415
v 0.003597 -0.197786 0.281035
v -0.006891 -0.199253 0.295898
v -0.005953 -0.202047 0.314784
v 0.003991 -0.202906 0.325993
v 0.018122 -0.203469 0.328823
v 0.034107 -0.202979 0.322162
v 0.043013 -0.202002 0.308842
v 0.043906 -0.200824 0.295605
v 0.037642 -0.199396 0.282977
v 0.037211 -0.495734 0.241104
v 0.027905 -0.497876 0.244033
v 0.024246 -0.498722 0.249720
v 0.024763 -0.498550 0.256458
v 0.029671 -0.498466 0.261966
v 0.034062 -0.498962 0.263177
v 0.041152 -0.496094 0.261136
v 0.044795 -0.494351 0.257065
v 0.046296 -0.494131 0.249608
v 0.044157 -0.493771 0.245053
v 0.053556 -0.676136 0.211857
v 0.044769 -0.679348 0.214592
v 0.041221 -0.678525 0.222435
v 0.044540 -0.680852 0.229857
v 0.049398 -0.677733 0.235167
v 0.053632 -0.676255 0.237191
v 0.057672 -0.673897 0.236312
v 0.061061 -0.672351 0.232333
v 0.062551 -0.671977 0.226011
v 0.059880 -0.672869 0.216536
v 0.055107 -0.704450 0.218250
v 0.052838 -0.704939 0.217902
v 0.052000 -0.704387 0.219356
v 0.050295 -0.700409 0.224380
v 0.053152 -0.698137 0.227220
v 0.053999 -0.695561 0.228929
v 0.056524 -0.696538 0.227305
v 0.058767 -0.695689 0.225129
v 0.058632 -0.697877 0.221586
v 0.057814 -0.698481 0.218225
v 0.054552 -0.704924 0.220212
v 0.021349 0.288006 0.358476
v 0.013641 0.281092 0.359451
v 0.011362 0.282953 0.365407
v 0.011466 0.282540 0.375733
v 0.014328 0.279743 0.381728
v 0.021508 0.282096 0.385106
v 0.032201 0.281590 0.384110
v 0.039062 0.286843 0.375178
v 0.039101 0.288221 0.368552
v 0.031222 0.286409 0.357857
v 0.007660 0.237421 0.350479
v 0.003218 0.182164 0.342436
v 0.002289 0.126632 0.334761
v 0.002900 0.235131 0.358404
v -0.002159 0.179246 0.350524
v -0.005146 0.124195 0.342660
v 0.002903 0.233408 0.370689
v -0.002181 0.177428 0.362950
v -0.005063 0.122512 0.355434
v 0.007695 0.233402 0.378854
v 0.003274 0.178064 0.371452
v 0.002622 0.122940 0.363703
v 0.017394 0.234533 0.383750
v 0.019337 0.179165 0.376732
v 0.020022 0.122899 0.367526
v 0.034100 0.236373 0.381597
v 0.033979 0.181076 0.372799
v 0.029137 0.124797 0.364025
v 0.042894 0.238850 0.371554
v 0.040261 0.183622 0.363776
v 0.035105 0.126711 0.355852
v 0.042900 0.240664 0.359078
v 0.040327 0.185287 0.351399
v 0.035372 0.128254 0.343369
v 0.034429 0.241019 0.348637
v 0.034085 0.185348 0.341840
v 0.029503 0.128717 0.334641
v 0.019981 0.127841 0.330840
v 0.019356 0.184544 0.337558
v 0.017936 0.239972 0.346075
v 0.039427 0.001008 0.338335
v 0.039437 -0.067489 0.328609
v 0.043056 -0.134497 0.318688
v 0.033829 -0.136666 0.332353
v 0.032528 -0.069352 0.337536
v 0.032973 -0.000959 0.345100
v 0.021122 -0.136958 0.337999
v 0.022198 -0.070549 0.342261
v 0.023974 -0.003041 0.348194
v 0.006897 -0.136864 0.336304
v 0.007720 -0.070463 0.340220
v 0.011627 -0.003609 0.346257
v -0.004776 -0.134691 0.322084
v -0.000613 -0.069302 0.329599
v 0.004823 -0.003909 0.338216
v 0.012071 0.000167 0.317555
v 0.009509 -0.065396 0.304738
v 0.007108 -0.130955 0.291238
v 0.018467 -0.130821 0.288617
v 0.022327 -0.064730 0.301885
v 0.025284 0.001667 0.314251
v -0.004553 -0.132703 0.306208
v -0.000150 -0.067228 0.315883
v 0.005055 -0.001632 0.325869
v 0.036888 -0.131485 0.293318
v 0.034370 -0.064989 0.306791
v 0.034296 0.002632 0.317692
v 0.043907 -0.133746 0.308057
v 0.040855 -0.066420 0.317278
v 0.040705 0.002685 0.325689
v 0.036789 -0.274851 0.291828
v 0.032982 -0.348339 0.278613
v 0.037529 -0.421405 0.267085
v 0.031362 -0.424874 0.273817
v 0.028533 -0.348848 0.286299
v 0.028041 -0.276404 0.307431
v 0.006532 -0.277014 0.307748
v 0.014991 -0.349591 0.289810
v 0.021523 -0.423905 0.275294
v 0.016263 -0.424206 0.270125
v 0.008679 -0.350143 0.284010
v -0.000681 -0.275559 0.299073
v 0.012640 -0.272013 0.268972
v 0.014175 -0.348081 0.265151
v 0.020412 -0.423208 0.255955
v 0.031566 -0.422106 0.253153
v 0.025113 -0.346895 0.262297
v 0.022807 -0.271497 0.265935
v 0.036331 -0.274099 0.280969
v 0.033782 -0.348317 0.272924
v 0.038599 -0.421590 0.261955
v 0.019779 -0.276291 0.312810
v 0.021162 -0.348922 0.290678
v 0.025650 -0.423630 0.275855
v 0.000756 -0.273314 0.282345
v 0.008452 -0.349492 0.273459
v 0.015880 -0.424392 0.262275
v 0.032180 -0.273407 0.271695
v 0.030385 -0.347223 0.265168
v 0.036613 -0.422042 0.256439
v 0.036773 -0.543289 0.254961
v 0.041246 -0.589171 0.245631
v 0.046736 -0.639592 0.240292
v 0.042085 -0.640150 0.236331
v 0.037255 -0.591091 0.240907
v 0.032427 -0.544460 0.250696
v 0.033678 -0.543665 0.235614
v 0.038392 -0.589840 0.227813
v 0.041602 -0.636029 0.220201
v 0.050791 -0.632080 0.217415
v 0.046516 -0.586875 0.225021
v 0.041326 -0.541387 0.233138
v 0.051878 -0.538813 0.244850
v 0.057077 -0.584280 0.237010
v 0.061677 -0.628783 0.229140
v 0.059022 -0.631292 0.237778
v 0.055620 -0.584489 0.242612
v 0.050566 -0.539846 0.250113
v 0.040854 -0.541728 0.255939
v 0.047470 -0.586465 0.248030
v 0.052221 -0.637456 0.241747
v 0.030190 -0.544714 0.243535
v 0.035904 -0.591326 0.234778
v 0.038547 -0.640664 0.228562
v 0.049290 -0.539450 0.237043
v 0.054179 -0.584735 0.229002
v 0.059259 -0.629772 0.222582
v 0.047044 -0.540840 0.254118
v 0.051574 -0.585754 0.246655
v 0.055713 -0.634598 0.240898
v -0.241290 0.048830 0.038789
v -0.217257 0.486389 0.106282
v -0.256642 0.049480 0.043887
v -0.225674 0.494312 0.118419
v -0.270153 0.051702 0.057082
v -0.235960 0.484401 0.127163
v -0.269706 0.048466 0.079468
v -0.235929 0.483867 0.130322
v -0.256299 0.043049 0.091489
v -0.225153 0.490530 0.141506
v -0.241352 0.040685 0.095949
v -0.217685 0.480860 0.148862
v -0.220498 0.036151 0.092084
v -0.201186 0.488175 0.142325
v -0.204598 0.034331 0.074195
v -0.201186 0.488175 0.142325
v -0.204759 0.038194 0.054979
v -0.200029 0.492469 0.116504
v -0.217564 0.041957 0.040781
v -0.200029 0.492469 0.116504
v -0.216322 -0.482635 -0.080925
v -0.239571 -0.482554 -0.073176
v -0.254422 -0.486973 -0.053205
v -0.252939 -0.493040 -0.027994
v -0.240471 -0.493902 -0.014403
v -0.222663 -0.493746 -0.010753
v -0.199668 -0.490850 -0.019477
v -0.186924 -0.487293 -0.037957
v -0.185727 -0.484735 -0.054747
v -0.193146 -0.482547 -0.070527
v -0.121552 -0.943476 -0.390976
v -0.137957 -0.951325 -0.390838
v -0.144141 -0.958519 -0.384586
v -0.143222 -0.964624 -0.374830
v -0.134919 -0.969547 -0.366274
v -0.127805 -0.971083 -0.364776
v -0.116012 -0.963597 -0.363310
v -0.110136 -0.956397 -0.366385
v -0.107179 -0.948096 -0.376514
v -0.110500 -0.943580 -0.382237
v -0.039060 -1.187635 -0.648140
v -0.052738 -1.197103 -0.649986
v -0.059359 -1.204593 -0.639098
v -0.053004 -1.215075 -0.630556
v -0.045843 -1.214984 -0.618141
v -0.039820 -1.213991 -0.612620
v -0.034351 -1.208932 -0.610142
v -0.029082 -1.201843 -0.613074
v -0.026316 -1.194348 -0.621209
v -0.030099 -1.186156 -0.636521
v -0.027924 -1.236895 -0.671567
v -0.029048 -1.237615 -0.672240
v -0.028940 -1.238499 -0.671043
v -0.034992 -1.236921 -0.660414
v -0.032273 -1.235741 -0.653424
v -0.031774 -1.233758 -0.647897
v -0.027949 -1.233138 -0.650544
v -0.024750 -1.229787 -0.652090
v -0.024294 -1.229587 -0.659472
v -0.025164 -1.227930 -0.664492
v -0.028940 -1.238499 -0.671043
v -0.222541 0.479837 0.104316
v -0.237092 0.466983 0.105721
v -0.240640 0.470821 0.116207
v -0.240345 0.470227 0.135085
v -0.235578 0.464747 0.145668
v -0.222610 0.468955 0.151535
v -0.203419 0.467425 0.149708
v -0.190878 0.476785 0.133605
v -0.190796 0.479273 0.122135
v -0.205193 0.476368 0.102942
v -0.252504 0.380833 0.088093
v -0.265637 0.271016 0.072266
v -0.268623 0.159536 0.057011
v -0.261116 0.376731 0.102347
v -0.275377 0.265707 0.086837
v -0.282140 0.154913 0.071166
v -0.261126 0.373510 0.125231
v -0.275447 0.262364 0.109713
v -0.281994 0.151876 0.094414
v -0.252440 0.373461 0.139926
v -0.265582 0.263584 0.125043
v -0.267979 0.152941 0.109330
v -0.234664 0.375244 0.148822
v -0.235312 0.264796 0.134784
v -0.235059 0.152961 0.116479
v -0.203310 0.377712 0.144767
v -0.207983 0.267583 0.127387
v -0.218693 0.156701 0.110073
v -0.187114 0.381832 0.126352
v -0.196556 0.272050 0.110958
v -0.208047 0.160289 0.095355
v -0.187098 0.385154 0.103561
v -0.196435 0.275080 0.088201
v -0.207555 0.163055 0.072444
v -0.202634 0.386183 0.084540
v -0.207753 0.275318 0.070850
v -0.218011 0.163731 0.056701
v -0.235133 0.161891 0.049691
v -0.235235 0.274575 0.063033
v -0.233579 0.385184 0.079998
v -0.199693 -0.092916 0.059852
v -0.196705 -0.225456 0.031249
v -0.189913 -0.355987 -0.003384
v -0.204599 -0.362658 0.017365
v -0.209548 -0.231428 0.046999
v -0.211445 -0.096577 0.071951
v -0.223410 -0.365039 0.025250
v -0.227489 -0.235650 0.054617
v -0.227978 -0.100602 0.077601
v -0.243976 -0.366401 0.023065
v -0.253084 -0.236901 0.050807
v -0.250929 -0.101715 0.074125
v -0.261861 -0.362187 0.001658
v -0.268386 -0.233876 0.031513
v -0.263140 -0.102521 0.059791
v -0.249926 -0.094960 0.022413
v -0.249291 -0.221868 -0.009218
v -0.242505 -0.351380 -0.043191
v -0.221481 -0.349252 -0.047657
v -0.225460 -0.218524 -0.014001
v -0.225188 -0.092132 0.016271
v -0.261114 -0.357327 -0.020751
v -0.266466 -0.228142 0.009616
v -0.262696 -0.098271 0.037454
v -0.198892 -0.349446 -0.039675
v -0.206523 -0.218222 -0.006001
v -0.208848 -0.090195 0.022560
v -0.188264 -0.352737 -0.022553
v -0.194618 -0.221665 0.011879
v -0.197262 -0.089903 0.036804
v -0.179223 -0.612709 -0.106928
v -0.164723 -0.737341 -0.186892
v -0.142267 -0.855248 -0.264227
v -0.152935 -0.868967 -0.258916
v -0.173214 -0.743531 -0.174997
v -0.193589 -0.623625 -0.089129
v -0.220105 -0.629720 -0.087934
v -0.196493 -0.749869 -0.169942
v -0.170053 -0.869943 -0.257392
v -0.179437 -0.866251 -0.266180
v -0.207959 -0.748479 -0.180465
v -0.233637 -0.622646 -0.102288
v -0.216397 -0.600807 -0.140000
v -0.197891 -0.732018 -0.209875
v -0.171946 -0.849811 -0.284325
v -0.151436 -0.843248 -0.285066
v -0.177792 -0.726296 -0.212739
v -0.197568 -0.596142 -0.143680
v -0.177801 -0.606947 -0.120974
v -0.163174 -0.733782 -0.196000
v -0.140167 -0.850350 -0.271383
v -0.204512 -0.627265 -0.082435
v -0.186781 -0.747615 -0.168224
v -0.163142 -0.869360 -0.255505
v -0.233960 -0.613002 -0.120286
v -0.208377 -0.740794 -0.197625
v -0.179795 -0.858675 -0.277586
v -0.185784 -0.600610 -0.136860
v -0.168734 -0.727641 -0.208097
v -0.142995 -0.845678 -0.279651
v -0.110646 -1.030507 -0.429712
v -0.092583 -1.091235 -0.498993
v -0.065633 -1.162575 -0.566009
v -0.073299 -1.160270 -0.573252
v -0.098767 -1.089807 -0.508516
v -0.117692 -1.028482 -0.437551
v -0.115731 -1.012109 -0.457886
v -0.096736 -1.074800 -0.524895
v -0.075203 -1.137448 -0.591181
v -0.060952 -1.126707 -0.588399
v -0.083525 -1.066520 -0.524201
v -0.102863 -1.005207 -0.457551
v -0.085862 -1.012031 -0.436866
v -0.066500 -1.073542 -0.503011
v -0.044310 -1.131416 -0.565893
v -0.048646 -1.145132 -0.557014
v -0.069135 -1.079551 -0.495728
v -0.088084 -1.018942 -0.431071
v -0.104544 -1.028643 -0.426242
v -0.082512 -1.088856 -0.491496
v -0.057262 -1.159634 -0.560373
v -0.121686 -1.022058 -0.448374
v -0.100668 -1.084199 -0.517435
v -0.078945 -1.153721 -0.585688
v -0.089763 -1.005296 -0.448874
v -0.071041 -1.066388 -0.515166
v -0.047595 -1.126817 -0.576527
v -0.093965 -1.024817 -0.427085
v -0.076001 -1.086062 -0.492090
v -0.053072 -1.153936 -0.557397
v -0.091643 0.070792 0.325324
v -0.098953 0.291562 0.359527
v -0.083178 0.071106 0.328105
v -0.093680 0.295316 0.366054
v -0.075735 0.072104 0.335501
v -0.088310 0.289945 0.370999
v -0.075964 0.070316 0.347935
v -0.088329 0.289587 0.373305
v -0.083383 0.067502 0.354749
v -0.094000 0.293166 0.379615
v -0.091668 0.066262 0.357186
v -0.098716 0.288385 0.383739
v -0.102952 0.063970 0.355005
v -0.107944 0.292247 0.380298
v -0.111579 0.063139 0.345245
v -0.108349 0.292531 0.379744
v -0.111526 0.065233 0.334517
v -0.108969 0.294834 0.365525
v -0.104429 0.067263 0.326553
v -0.108586 0.294682 0.364878
v -0.086359 -0.201110 0.275081
v -0.069418 -0.199802 0.280753
v -0.058888 -0.201078 0.295643
v -0.059817 -0.203870 0.314530
v -0.069840 -0.204933 0.325710
v -0.084011 -0.205813 0.328496
v -0.099991 -0.205757 0.321774
v -0.108891 -0.205055 0.308415
v -0.109771 -0.203916 0.295173
v -0.103500 -0.202305 0.282570
v -0.081688 -0.495385 0.241153
v -0.072268 -0.496964 0.244161
v -0.068606 -0.497522 0.249888
v -0.069199 -0.497207 0.256646
v -0.074127 -0.497503 0.262101
v -0.078455 -0.498364 0.263261
v -0.085677 -0.496086 0.261137
v -0.089402 -0.494638 0.257025
v -0.090912 -0.494548 0.249550
v -0.088783 -0.494012 0.245019
v -0.078181 -0.676352 0.211827
v -0.069134 -0.678566 0.214701
v -0.065823 -0.677359 0.222598
v -0.068976 -0.680048 0.229969
v -0.074234 -0.677496 0.235200
v -0.078638 -0.676501 0.237157
v -0.082902 -0.674608 0.236212
v -0.086380 -0.673447 0.232180
v -0.087803 -0.673235 0.225836
v -0.084903 -0.673816 0.216404
v -0.076662 -0.704668 0.218220
v -0.074347 -0.704901 0.217907
v -0.073599 -0.704260 0.219374
v -0.072427 -0.700121 0.224420
v -0.075564 -0.698184 0.227213
v -0.076719 -0.695721 0.228907
v -0.079094 -0.696971 0.227244
v -0.081384 -0.696376 0.225033
v -0.080949 -0.698533 0.221494
v -0.080017 -0.699039 0.218147
v -0.076088 -0.705079 0.220190
v -0.096229 0.288006 0.358476
v -0.088520 0.281092 0.359451
v -0.086242 0.282953 0.365407
v -0.086345 0.282540 0.375733
v -0.089207 0.279743 0.381728
v -0.096387 0.282096 0.385106
v -0.107080 0.281590 0.384110
v -0.113941 0.286843 0.375178
v -0.113980 0.288221 0.368552
v -0.106101 0.286409 0.357857
v -0.082646 0.237432 0.350480
v -0.078544 0.182101 0.342428
v -0.077551 0.126426 0.334733
v -0.077854 0.235140 0.358406
v -0.073143 0.179201 0.350517
v -0.070089 0.124037 0.342638
v -0.077791 0.233409 0.370689
v -0.073099 0.177385 0.362943
v -0.070171 0.122356 0.355412
v -0.082574 0.233402 0.378854
v -0.078542 0.178010 0.371445
v -0.077885 0.122738 0.363675
v -0.092273 0.234533 0.383750
v -0.094595 0.179066 0.376718
v -0.095344 0.122563 0.367479
v -0.108979 0.236373 0.381597
v -0.109245 0.180932 0.372778
v -0.104490 0.124385 0.363967
v -0.117774 0.238850 0.371554
v -0.115552 0.183447 0.363751
v -0.110476 0.126242 0.355786
v -0.117832 0.240657 0.359077
v -0.115653 0.185094 0.351372
v -0.110743 0.127779 0.343302
v -0.109409 0.241012 0.348636
v -0.109453 0.185162 0.341814
v -0.104856 0.128293 0.334582
v -0.095303 0.127497 0.330792
v -0.094732 0.184413 0.337539
v -0.092934 0.239976 0.346076
v -0.113613 -0.000931 0.338064
v -0.111562 -0.069962 0.328263
v -0.112265 -0.137563 0.318259
v -0.103021 -0.139547 0.331951
v -0.104614 -0.071635 0.337217
v -0.107123 -0.002794 0.344844
v -0.090326 -0.139596 0.337631
v -0.094235 -0.072569 0.341979
v -0.098056 -0.004742 0.347957
v -0.076066 -0.139254 0.335970
v -0.079689 -0.072155 0.339984
v -0.085623 -0.005126 0.346045
v -0.064363 -0.136909 0.321774
v -0.071301 -0.070820 0.329387
v -0.078742 -0.005331 0.338018
v -0.086057 -0.001367 0.317341
v -0.081483 -0.067148 0.304493
v -0.076259 -0.133378 0.290900
v -0.087631 -0.133449 0.288249
v -0.094366 -0.066774 0.301599
v -0.099367 -0.000062 0.314009
v -0.064573 -0.134946 0.305894
v -0.071768 -0.068765 0.315668
v -0.078985 -0.003058 0.325669
v -0.106069 -0.134505 0.292896
v -0.106458 -0.067341 0.306462
v -0.108441 0.000765 0.317431
v -0.113081 -0.136857 0.307622
v -0.112959 -0.068945 0.316925
v -0.114891 0.000719 0.325415
v -0.098073 -0.275422 0.291748
v -0.089566 -0.348159 0.278638
v -0.088115 -0.421349 0.267092
v -0.081766 -0.424316 0.273895
v -0.085177 -0.348313 0.286373
v -0.089420 -0.276972 0.307352
v -0.068027 -0.277372 0.307698
v -0.071668 -0.348617 0.289946
v -0.072043 -0.422835 0.275443
v -0.066703 -0.423077 0.270283
v -0.065263 -0.349069 0.284160
v -0.060854 -0.275838 0.299034
v -0.074140 -0.272620 0.268887
v -0.070699 -0.347392 0.265247
v -0.070759 -0.422427 0.256064
v -0.081949 -0.421836 0.253190
v -0.081671 -0.346667 0.262329
v -0.084264 -0.272299 0.265823
v -0.097620 -0.274883 0.280859
v -0.090301 -0.348198 0.272940
v -0.089110 -0.421616 0.261951
v -0.081276 -0.276841 0.312733
v -0.077886 -0.348021 0.290804
v -0.076196 -0.422619 0.275996
v -0.062302 -0.273715 0.282289
v -0.064969 -0.348555 0.273589
v -0.066215 -0.423312 0.262425
v -0.093481 -0.274304 0.271570
v -0.086933 -0.347084 0.265187
v -0.087032 -0.421906 0.256458
v -0.077027 -0.542515 0.255069
v -0.076181 -0.588587 0.245713
v -0.075926 -0.639300 0.240333
v -0.071181 -0.639332 0.236445
v -0.071928 -0.590045 0.241053
v -0.072529 -0.543211 0.250871
v -0.073642 -0.542735 0.235744
v -0.072994 -0.588917 0.227942
v -0.070909 -0.635169 0.220321
v -0.080437 -0.632268 0.217389
v -0.081353 -0.586875 0.225021
v -0.081467 -0.541118 0.233176
v -0.092397 -0.539708 0.244725
v -0.092323 -0.585486 0.236841
v -0.091804 -0.630217 0.228939
v -0.089021 -0.632421 0.237620
v -0.090939 -0.585535 0.242466
v -0.091044 -0.540604 0.250007
v -0.081247 -0.541405 0.255985
v -0.082705 -0.586594 0.248011
v -0.081637 -0.637791 0.241700
v -0.070173 -0.543395 0.243719
v -0.070464 -0.590123 0.234946
v -0.067487 -0.639441 0.228732
v -0.089649 -0.540051 0.236959
v -0.089268 -0.585607 0.228880
v -0.089189 -0.630924 0.222421
v -0.087469 -0.541212 0.254065
v -0.086841 -0.586344 0.246573
v -0.085413 -0.635340 0.240794
v -0.037440 0.771865 0.375126
v 0.016926 0.761196 0.394286
v 0.070739 0.825531 0.414218
v -0.037440 0.891228 0.359483
v 0.144206 0.944576 0.353101
v 0.155466 0.843744 0.418264
v 0.216476 0.838950 0.378232
v 0.205531 0.926164 0.315966
v 0.247804 0.792430 0.328827
v 0.255093 0.855199 0.251117
v 0.313050 0.714831 0.239941
v -0.037440 0.676305 0.333919
v 0.039262 0.679070 0.375857
v 0.040670 0.602722 0.303947
v 0.082503 0.632691 0.341553
v 0.138602 0.606489 0.249750
v 0.157388 0.619566 0.302820
v 0.242665 0.646963 0.293906
v 0.258141 0.614194 0.236195
v 0.267560 0.709997 0.294378
v 0.096048 0.710802 0.442827
v 0.125575 0.753020 0.461762
v 0.183895 0.777276 0.454213
v 0.234906 0.774658 0.409134
v 0.249992 0.740617 0.386532
v 0.096177 0.671158 0.421651
v 0.119020 0.633074 0.389563
v 0.188036 0.615049 0.372515
v 0.242755 0.644068 0.359789
v 0.253665 0.680969 0.365212
v 0.109785 0.709025 0.436782
v 0.134422 0.744252 0.452581
v 0.183086 0.764492 0.446282
v 0.225650 0.762307 0.408668
v 0.238238 0.733903 0.389809
v 0.109892 0.675945 0.419112
v 0.128953 0.644167 0.392338
v 0.186541 0.629127 0.378113
v 0.232199 0.653341 0.367494
v 0.241303 0.684132 0.372019
v 0.141809 0.707717 0.415965
v 0.153621 0.726743 0.422664
v 0.176096 0.739006 0.414363
v 0.199610 0.737426 0.395716
v 0.205033 0.722965 0.383435
v 0.139293 0.691175 0.402911
v 0.148685 0.674564 0.387615
v 0.176053 0.667530 0.374805
v 0.201469 0.680130 0.370873
v 0.205955 0.696722 0.372627
v 0.158510 0.706950 0.379022
v 0.387420 0.876459 0.111966
v 0.319405 0.865080 0.178331
v 0.370771 0.743036 0.194162
v 0.178311 1.477497 0.068530
v -0.037440 1.500844 0.098518
v -0.037440 1.216695 0.271732
v 0.145678 1.058525 0.289804
v -0.037440 1.048825 0.319976
v 0.426566 0.761131 0.137515
v 0.458592 0.747543 0.059264
v 0.431472 0.879851 0.022273
v 0.436733 0.698342 -0.010719
v 0.387700 0.798640 -0.068988
v 0.332550 0.687844 -0.093047
v 0.403250 0.618004 -0.039592
v 0.360253 0.563118 -0.036665
v 0.268042 0.607777 -0.094770
v 0.280715 0.551512 0.188836
v 0.210215 0.513373 0.197410
v 0.232106 0.468067 0.137349
v 0.292674 0.503168 0.114787
v 0.324111 0.510996 0.041045
v 0.221916 0.530906 0.025732
v 0.466348 0.584430 0.200456
v 0.436573 0.537851 0.191697
v 0.504019 0.613137 0.181934
v 0.535914 0.628964 0.141294
v 0.563141 0.598978 0.088134
v 0.556558 0.556382 0.051903
v 0.528861 0.510682 0.039770
v 0.506557 0.486574 0.049070
v 0.424953 0.503117 0.167191
v 0.427602 0.473659 0.126619
v 0.456787 0.467463 0.092246
v 0.469337 0.579395 0.191035
v 0.443089 0.538334 0.183314
v 0.502544 0.604701 0.174708
v 0.530661 0.618653 0.138882
v 0.554662 0.592220 0.092020
v 0.548860 0.554670 0.060081
v 0.524443 0.514384 0.049386
v 0.504782 0.493133 0.057585
v 0.432846 0.507716 0.161711
v 0.435181 0.481747 0.125946
v 0.460908 0.476285 0.095645
v 0.453451 0.586380 0.154066
v 0.437067 0.560181 0.149234
v 0.483990 0.594681 0.146555
v 0.513031 0.593406 0.128376
v 0.520346 0.583492 0.096860
v 0.511741 0.564328 0.074818
v 0.500467 0.536379 0.069989
v 0.484997 0.525481 0.073581
v 0.432338 0.539654 0.136055
v 0.442312 0.518080 0.116280
v 0.453132 0.517857 0.095522
v 0.456182 0.575419 0.103216
v 0.509502 0.667647 0.071038
v 0.491519 0.681330 0.138194
v 0.379351 0.560687 0.208371
v 0.382272 0.514729 0.176293
v 0.477567 0.547946 0.004152
v 0.509255 0.614820 0.024878
v 0.452798 0.516248 0.012052
v 0.463777 0.653288 0.187515
v 0.413249 0.629765 0.214880
v 0.375991 0.485864 0.121656
v 0.404896 0.483618 0.060916
v 0.115005 0.565038 -0.067650
v 0.136712 0.613208 -0.171404
v 0.049688 0.568509 -0.115148
v 0.062518 0.612407 -0.220706
v -0.037440 0.560024 -0.124812
v -0.037440 0.614656 -0.244283
v 0.337912 0.847869 -0.156111
v 0.398359 0.914808 -0.118975
v 0.436438 0.979020 -0.038682
v 0.389563 1.004097 0.052142
v 0.380316 0.986543 -0.222301
v 0.427663 1.047091 -0.191824
v 0.456383 1.108017 -0.122903
v 0.421296 1.113871 -0.297783
v 0.455882 1.165375 -0.277862
v 0.479160 1.220952 -0.224952
v 0.409942 1.271544 -0.123318
v 0.417668 1.220670 -0.418706
v 0.443274 1.272171 -0.403813
v 0.464214 1.331917 -0.355811
v 0.124839 1.730787 -0.314133
v 0.374576 1.312736 -0.564867
v 0.391414 1.359152 -0.555745
v 0.412724 1.419237 -0.520458
v 0.370657 1.507018 -0.450429
v 0.268252 1.365493 -0.717476
v 0.278749 1.409056 -0.711100
v 0.304639 1.470231 -0.683224
v 0.277010 1.561740 -0.633039
v 0.094620 1.363351 -0.827456
v 0.101053 1.413378 -0.824022
v 0.127897 1.489681 -0.802358
v -0.037440 1.614884 -0.739967
v -0.037440 1.346498 -0.850996
v -0.037440 1.399061 -0.847026
v -0.037440 1.476779 -0.829354
v 0.260029 1.005803 0.187988
v 0.208015 1.040771 0.246267
v 0.318107 0.993331 0.131319
v 0.164823 1.230978 0.228782
v 0.399686 1.151899 -0.028947
v 0.270987 1.172118 0.131047
v 0.224990 1.195373 0.183520
v 0.322005 1.154818 0.067768
v 0.282210 1.359948 0.019247
v 0.243948 1.411373 0.053489
v 0.329291 1.307828 -0.028664
v 0.164025 1.624656 -0.095015
v -0.037440 1.648492 -0.064103
v 0.398137 1.413781 -0.250037
v 0.275695 1.521946 -0.126153
v 0.234035 1.568087 -0.100935
v 0.322526 1.472133 -0.166077
v -0.037440 1.754277 -0.278447
v 0.061740 1.732100 -0.533625
v 0.252546 1.637209 -0.322953
v 0.204726 1.680037 -0.303575
v 0.301127 1.585403 -0.363507
v 0.098800 1.607169 -0.726622
v 0.175817 1.675355 -0.541605
v 0.134129 1.705229 -0.527104
v 0.216828 1.634305 -0.578013
v 0.069896 1.711396 -0.581307
v -0.037440 1.754339 -0.514410
v 0.077109 1.668281 -0.654179
v -0.037440 1.726379 -0.586633
v -0.037440 1.682010 -0.661647
v 0.356726 0.993653 -0.441145
v 0.369257 1.101134 -0.525759
v 0.330816 1.146268 -0.653067
v 0.236259 1.163783 -0.777376
v 0.086033 1.167624 -0.851557
v -0.037440 1.142755 -0.857364
v 0.279398 0.880780 -0.511783
v 0.290981 0.924732 -0.596700
v 0.268340 0.957708 -0.681026
v 0.195478 0.970645 -0.767759
v 0.083017 0.976250 -0.824852
v -0.037440 0.967664 -0.835406
v 0.157932 0.792781 -0.571602
v 0.168929 0.817613 -0.629052
v 0.156555 0.838463 -0.680451
v 0.107185 0.850252 -0.730758
v 0.040670 0.857582 -0.764121
v -0.037440 0.857322 -0.771854
v -0.037440 0.803078 -0.709242
v 0.063264 0.809008 -0.699394
v -0.037440 0.771567 -0.653177
v 0.078396 0.786595 -0.651735
v 0.073514 0.762836 -0.587504
v -0.037440 0.754033 -0.605446
v 0.234319 0.717032 -0.253034
v 0.300470 0.807631 -0.223562
v 0.329945 0.891414 -0.306208
v -0.037440 0.665242 -0.325678
v -0.037440 0.725398 -0.451899
v 0.243911 0.802761 -0.382395
v 0.146538 0.751703 -0.414932
v 0.077736 0.733838 -0.433040
v 0.137155 0.673118 -0.285975
v 0.067716 0.664450 -0.306706
v -0.037440 0.598799 0.310596
v -0.037440 0.492445 0.368527
v 0.065315 0.487948 0.349506
v 0.165716 0.421897 0.012140
v 0.085164 0.449749 -0.036255
v 0.035266 0.452580 -0.055414
v -0.037440 0.445070 -0.065103
v 0.115198 0.299545 -0.000104
v 0.052614 0.320873 -0.038269
v 0.014111 0.322913 -0.049105
v -0.037440 0.316944 -0.053503
v 0.065416 0.186392 0.010507
v 0.041333 0.226660 -0.019467
v -0.000831 0.227388 -0.033320
v -0.037440 0.223327 -0.041798
v 0.098139 0.112109 0.116064
v 0.218686 0.372189 0.123678
v 0.015585 0.129712 0.009565
v -0.037440 0.103052 -0.004483
v -0.037440 0.373615 0.429120
v 0.069580 0.378196 0.425826
v -0.037440 0.253977 0.417344
v 0.074897 0.267015 0.417311
v -0.037440 0.098930 0.332656
v 0.117904 0.265000 0.409617
v -0.037440 0.035652 0.265957
v 0.059121 0.041677 0.257887
v -0.037440 0.046485 0.115354
v 0.044901 0.080101 0.103538
v 0.180624 0.254406 0.115037
v 0.171302 0.176245 0.169936
v 0.124703 0.136141 0.121365
v 0.127944 0.080568 0.261387
v 0.163826 0.116047 0.258603
v 0.142711 0.141794 0.339477
v 0.098292 0.121220 0.332391
v 0.143843 0.370002 0.406835
v 0.073383 0.441737 0.387974
v -0.037440 0.442443 0.400479
v 0.202155 0.426296 0.274487
v 0.308252 0.328850 0.275609
v 0.187140 0.251491 0.405298
v 0.293580 0.236827 0.253871
v 0.257215 0.176053 0.259026
v 0.225149 0.139883 0.288181
v 0.187524 0.148321 0.351861
v 0.209186 0.329876 0.404225
v 0.291818 0.352264 0.314804
v -0.037440 0.377727 -0.058841
v 0.029133 0.386893 -0.052168
v 0.077123 0.383682 -0.037188
v 0.145316 0.359806 0.005877
v 0.197426 0.314610 0.103520
v 0.305105 0.281951 0.250712
v -0.037440 0.173974 0.382781
v 0.102540 0.205766 0.379172
v 0.070414 0.193159 0.378206
v 0.177777 0.199462 0.384099
v 0.070321 0.320634 0.429230
v -0.037440 0.312077 0.433003
v 0.129983 0.316132 0.415795
v 0.195783 0.289562 0.409607
v -0.037440 0.420512 0.411936
v 0.176932 0.411317 0.349465
v 0.055743 0.422138 0.403887
v 0.250720 0.354797 0.368086
v 0.299247 0.319027 0.282736
v 0.194296 0.252133 0.394664
v 0.286533 0.239390 0.264020
v 0.255021 0.186834 0.268336
v 0.227234 0.155595 0.293048
v 0.194629 0.162443 0.347212
v 0.213400 0.320253 0.393750
v 0.285006 0.339475 0.317135
v 0.296520 0.278356 0.261163
v 0.186183 0.207098 0.375453
v 0.201786 0.285225 0.398535
v 0.249392 0.341670 0.363307
v 0.152505 0.258539 0.406926
v 0.164884 0.145154 0.345339
v 0.254822 0.356693 0.191274
v 0.232387 0.399980 0.281978
v 0.174964 0.350850 0.404447
v 0.187358 0.130488 0.267062
v 0.216859 0.250764 0.165601
v 0.195292 0.185318 0.197112
v 0.234241 0.309619 0.160714
v 0.141342 0.202155 0.382439
v 0.161312 0.303760 0.411443
v 0.226145 0.374421 0.368217
v 0.096420 0.054116 0.251893
v -0.091805 0.761196 0.394286
v -0.145618 0.825531 0.414218
v -0.219085 0.944576 0.353101
v -0.230345 0.843744 0.418264
v -0.291355 0.838950 0.378232
v -0.280410 0.926164 0.315966
v -0.322683 0.792430 0.328827
v -0.329972 0.855199 0.251117
v -0.387929 0.714831 0.239941
v -0.114141 0.679070 0.375857
v -0.115549 0.602722 0.303947
v -0.157382 0.632691 0.341553
v -0.213481 0.606489 0.249750
v -0.232268 0.619566 0.302820
v -0.317544 0.646963 0.293906
v -0.333020 0.614194 0.236195
v -0.342439 0.709996 0.294378
v -0.170927 0.710802 0.442827
v -0.200454 0.753020 0.461762
v -0.258774 0.777276 0.454213
v -0.309785 0.774657 0.409134
v -0.324871 0.740617 0.386532
v -0.171056 0.671158 0.421651
v -0.193899 0.633074 0.389563
v -0.262915 0.615049 0.372515
v -0.317634 0.644068 0.359789
v -0.328544 0.680969 0.365212
v -0.184664 0.709025 0.436782
v -0.209301 0.744252 0.452581
v -0.257965 0.764492 0.446282
v -0.300529 0.762307 0.408668
v -0.313117 0.733903 0.389809
v -0.184771 0.675945 0.419112
v -0.203832 0.644167 0.392338
v -0.261420 0.629127 0.378113
v -0.307078 0.653341 0.367494
v -0.316182 0.684132 0.372019
v -0.216688 0.707717 0.415965
v -0.228500 0.726742 0.422664
v -0.250975 0.739006 0.414363
v -0.274489 0.737426 0.395716
v -0.279913 0.722965 0.383435
v -0.214172 0.691175 0.402911
v -0.223564 0.674564 0.387615
v -0.250932 0.667530 0.374805
v -0.276348 0.680130 0.370873
v -0.280834 0.696722 0.372627
v -0.233389 0.706950 0.379022
v -0.462299 0.876459 0.111966
v -0.394284 0.865080 0.178331
v -0.445650 0.743036 0.194162
v -0.253190 1.477497 0.068530
v -0.220557 1.058525 0.289804
v -0.501445 0.761131 0.137515
v -0.533471 0.747543 0.059264
v -0.506351 0.879851 0.022273
v -0.511612 0.698342 -0.010719
v -0.462580 0.798640 -0.068988
v -0.407429 0.687844 -0.093047
v -0.478129 0.618004 -0.039592
v -0.435132 0.563118 -0.036665
v -0.342921 0.607777 -0.094770
v -0.355595 0.551512 0.188836
v -0.285094 0.513373 0.197410
v -0.306985 0.468067 0.137349
v -0.367553 0.503168 0.114787
v -0.398991 0.510996 0.041045
v -0.296795 0.530906 0.025732
v -0.541227 0.584430 0.200456
v -0.511452 0.537851 0.191697
v -0.578898 0.613137 0.181934
v -0.610793 0.628964 0.141293
v -0.638020 0.598978 0.088134
v -0.631438 0.556382 0.051903
v -0.603740 0.510682 0.039770
v -0.581436 0.486574 0.049070
v -0.499832 0.503117 0.167191
v -0.502481 0.473659 0.126619
v -0.531666 0.467463 0.092246
v -0.544216 0.579395 0.191035
v -0.517968 0.538334 0.183314
v -0.577423 0.604701 0.174708
v -0.605540 0.618653 0.138882
v -0.629541 0.592220 0.092020
v -0.623739 0.554670 0.060081
v -0.599322 0.514384 0.049386
v -0.579661 0.493133 0.057585
v -0.507725 0.507716 0.161711
v -0.510060 0.481747 0.125946
v -0.535788 0.476285 0.095645
v -0.528331 0.586380 0.154066
v -0.511946 0.560181 0.149234
v -0.558869 0.594681 0.146555
v -0.587910 0.593406 0.128376
v -0.595225 0.583492 0.096860
v -0.586620 0.564328 0.074818
v -0.575346 0.536379 0.069989
v -0.559876 0.525481 0.073581
v -0.507217 0.539654 0.136055
v -0.517192 0.518080 0.116280
v -0.528011 0.517857 0.095522
v -0.531061 0.575419 0.103216
v -0.584382 0.667647 0.071038
v -0.566398 0.681330 0.138194
v -0.454230 0.560687 0.208371
v -0.457151 0.514729 0.176293
v -0.552446 0.547946 0.004152
v -0.584134 0.614820 0.024878
v -0.527678 0.516248 0.012052
v -0.538656 0.653288 0.187515
v -0.488128 0.629765 0.214880
v -0.450870 0.485864 0.121656
v -0.479775 0.483618 0.060916
v -0.189884 0.565038 -0.067650
v -0.211591 0.613208 -0.171404
v -0.124568 0.568509 -0.115148
v -0.137397 0.612407 -0.220706
v -0.412791 0.847869 -0.156111
v -0.473238 0.914808 -0.118975
v -0.511317 0.979020 -0.038682
v -0.464443 1.004097 0.052142
v -0.455195 0.986543 -0.222301
v -0.502542 1.047091 -0.191824
v -0.531262 1.108017 -0.122903
v -0.496175 1.113871 -0.297783
v -0.530761 1.165375 -0.277862
v -0.554039 1.220952 -0.224952
v -0.484821 1.271544 -0.123318
v -0.492547 1.220670 -0.418706
v -0.518153 1.272171 -0.403813
v -0.539093 1.331917 -0.355811
v -0.199718 1.730787 -0.314133
v -0.449455 1.312736 -0.564867
v -0.466293 1.359152 -0.555745
v -0.487603 1.419237 -0.520458
v -0.445536 1.507018 -0.450429
v -0.343131 1.365493 -0.717476
v -0.353628 1.409056 -0.711100
v -0.379518 1.470231 -0.683224
v -0.351889 1.561740 -0.633039
v -0.169499 1.363351 -0.827456
v -0.175932 1.413378 -0.824022
v -0.202776 1.489681 -0.802358
v -0.334908 1.005803 0.187988
v -0.282894 1.040771 0.246267
v -0.392986 0.993331 0.131319
v -0.239702 1.230978 0.228782
v -0.474565 1.151899 -0.028947
v -0.345867 1.172118 0.131047
v -0.299869 1.195373 0.183520
v -0.396884 1.154818 0.067768
v -0.357089 1.359948 0.019247
v -0.318827 1.411373 0.053489
v -0.404170 1.307828 -0.028664
v -0.238904 1.624656 -0.095015
v -0.473016 1.413781 -0.250037
v -0.350574 1.521946 -0.126153
v -0.308914 1.568087 -0.100935
v -0.397405 1.472133 -0.166077
v -0.136619 1.732100 -0.533625
v -0.327425 1.637209 -0.322953
v -0.279605 1.680037 -0.303575
v -0.376006 1.585403 -0.363507
v -0.173680 1.607169 -0.726622
v -0.250696 1.675355 -0.541605
v -0.209008 1.705229 -0.527104
v -0.291707 1.634305 -0.578013
v -0.144775 1.711396 -0.581307
v -0.151988 1.668281 -0.654179
v -0.431606 0.993653 -0.441145
v -0.444137 1.101134 -0.525759
v -0.405695 1.146268 -0.653067
v -0.311138 1.163783 -0.777376
v -0.160912 1.167624 -0.851557
v -0.354277 0.880780 -0.511783
v -0.365861 0.924732 -0.596700
v -0.343220 0.957708 -0.681026
v -0.270358 0.970645 -0.767759
v -0.157896 0.976250 -0.824852
v -0.232811 0.792781 -0.571602
v -0.243808 0.817613 -0.629052
v -0.231434 0.838463 -0.680451
v -0.182064 0.850252 -0.730758
v -0.115549 0.857582 -0.764121
v -0.138143 0.809008 -0.699394
v -0.153275 0.786595 -0.651735
v -0.148393 0.762836 -0.587504
v -0.309199 0.717032 -0.253034
v -0.375349 0.807631 -0.223562
v -0.404824 0.891414 -0.306208
v -0.318790 0.802761 -0.382395
v -0.221417 0.751703 -0.414932
v -0.152615 0.733838 -0.433040
v -0.212035 0.673118 -0.285975
v -0.142596 0.664450 -0.306706
v -0.140194 0.487948 0.349506
v -0.240595 0.421897 0.012140
v -0.160043 0.449749 -0.036255
v -0.110145 0.452580 -0.055414
v -0.190078 0.299545 -0.000104
v -0.127494 0.320873 -0.038269
v -0.088990 0.322913 -0.049105
v -0.140295 0.186270 0.010530
v -0.116212 0.226660 -0.019467
v -0.074049 0.227388 -0.033320
v -0.173019 0.111483 0.116386
v -0.293566 0.372189 0.123678
v -0.090464 0.129467 0.009660
v -0.144459 0.378196 0.425826
v -0.149776 0.267150 0.417010
v -0.192783 0.265286 0.408956
v -0.134000 0.041093 0.259583
v -0.119780 0.079470 0.103969
v -0.255504 0.254406 0.115037
v -0.246181 0.176245 0.169936
v -0.199582 0.135653 0.121554
v -0.202823 0.079337 0.263294
v -0.238705 0.115262 0.259309
v -0.217591 0.142274 0.339791
v -0.173171 0.121585 0.333590
v -0.218722 0.370010 0.406773
v -0.148262 0.441737 0.387974
v -0.277034 0.426296 0.274487
v -0.383131 0.328782 0.275479
v -0.262019 0.251991 0.404326
v -0.368459 0.236599 0.253719
v -0.332095 0.175718 0.259005
v -0.300028 0.139571 0.288406
v -0.262403 0.148966 0.351919
v -0.284065 0.329949 0.403776
v -0.366697 0.352264 0.314804
v -0.104012 0.386893 -0.052168
v -0.152002 0.383682 -0.037188
v -0.220195 0.359806 0.005877
v -0.272305 0.314610 0.103521
v -0.379984 0.281779 0.250544
v -0.177419 0.206382 0.378344
v -0.145293 0.193467 0.377855
v -0.252657 0.200303 0.383220
v -0.145200 0.320645 0.429197
v -0.204862 0.316268 0.415264
v -0.270662 0.289830 0.408799
v -0.251811 0.411317 0.349465
v -0.130622 0.422138 0.403887
v -0.325599 0.354797 0.368086
v -0.374127 0.318926 0.282535
v -0.269176 0.252547 0.393699
v -0.361412 0.239183 0.263854
v -0.329900 0.186543 0.268256
v -0.302113 0.155325 0.293103
v -0.269508 0.162930 0.346980
v -0.288279 0.320324 0.393233
v -0.359885 0.339475 0.317135
v -0.371400 0.278181 0.260974
v -0.261062 0.207784 0.374473
v -0.276665 0.285454 0.397725
v -0.324272 0.341670 0.363307
v -0.227385 0.258958 0.406036
v -0.239763 0.145711 0.345506
v -0.329701 0.356693 0.191274
v -0.307266 0.399980 0.281978
v -0.249844 0.350882 0.404186
v -0.262238 0.129868 0.267498
v -0.291738 0.250764 0.165601
v -0.270171 0.185166 0.197119
v -0.309120 0.309619 0.160714
v -0.216221 0.202897 0.381582
v -0.236191 0.303953 0.410753
v -0.301024 0.374421 0.368217
v -0.171299 0.052966 0.254144
v 0.214664 0.273397 0.272719
v 0.209274 0.247129 0.274767
v 0.163533 0.278650 0.364402
v 0.169801 0.302566 0.360751
v 0.155111 0.224465 0.347804
v 0.159490 0.255892 0.361707
v 0.192266 0.211546 0.277470
v 0.177268 0.190393 0.293374
v 0.159670 0.194134 0.327845
v 0.189228 0.316860 0.339153
v 0.216136 0.300695 0.286369
v 0.208450 0.314717 0.308644
v 0.200668 0.266952 0.291030
v 0.190118 0.254191 0.289202
v 0.176987 0.268886 0.341562
v 0.182736 0.281310 0.340211
v 0.168167 0.239512 0.331285
v 0.172444 0.256818 0.339488
v 0.180143 0.234401 0.290296
v 0.172764 0.222487 0.298992
v 0.166986 0.223529 0.318732
v 0.192714 0.289158 0.328571
v 0.204243 0.281166 0.299497
v 0.201261 0.288487 0.311837
v 0.180946 0.257053 0.307429
v -0.289544 0.273099 0.272328
v -0.284153 0.246812 0.274412
v -0.238412 0.278724 0.363503
v -0.244681 0.302571 0.359926
v -0.229991 0.224666 0.346615
v -0.234370 0.256033 0.360706
v -0.267145 0.211206 0.277216
v -0.252147 0.190036 0.293100
v -0.234549 0.194099 0.327188
v -0.264107 0.316758 0.338371
v -0.291016 0.300471 0.285974
v -0.283329 0.314557 0.308233
v -0.275547 0.266675 0.290558
v -0.264997 0.253875 0.288716
v -0.251866 0.268821 0.340714
v -0.257615 0.281224 0.339428
v -0.243046 0.239402 0.330287
v -0.247323 0.256756 0.338574
v -0.255022 0.234056 0.289829
v -0.247643 0.222141 0.298453
v -0.241865 0.223302 0.317893
v -0.267593 0.289016 0.327886
v -0.279122 0.280933 0.299002
v -0.276140 0.288293 0.311285
v -0.255825 0.256789 0.306793
v 0.236511 0.338897 0.314055
v 0.243543 0.333136 0.293742
v 0.249581 0.322015 0.275436
v 0.254215 0.306291 0.260385
v 0.257128 0.287035 0.249614
v 0.258121 0.265561 0.243857
v 0.257128 0.243332 0.243507
v 0.254215 0.221862 0.248588
v 0.249581 0.202614 0.258753
v 0.243543 0.186901 0.273309
v 0.236511 0.175793 0.291265
v 0.228964 0.338905 0.334991
v 0.243147 0.338367 0.317850
v 0.256363 0.332112 0.301073
v 0.267712 0.320566 0.285803
v 0.276420 0.304517 0.273082
v 0.281894 0.285057 0.263775
v 0.283761 0.263513 0.258518
v 0.281894 0.241353 0.257669
v 0.276420 0.220088 0.261285
v 0.267712 0.201166 0.269120
v 0.256363 0.185877 0.280640
v 0.243147 0.175263 0.295060
v 0.248072 0.337555 0.323664
v 0.265878 0.330543 0.312304
v 0.281169 0.318347 0.301686
v 0.292901 0.301799 0.292534
v 0.300277 0.282025 0.285472
v 0.302792 0.260374 0.280980
v 0.300277 0.238322 0.279365
v 0.292901 0.217370 0.280737
v 0.281169 0.198947 0.285003
v 0.265878 0.184308 0.291871
v 0.248072 0.174451 0.300874
v 0.250693 0.336558 0.330795
v 0.270941 0.328618 0.326080
v 0.288329 0.315625 0.321169
v 0.301671 0.298464 0.316396
v 0.310058 0.278306 0.312086
v 0.312918 0.256524 0.308534
v 0.310058 0.234603 0.305980
v 0.301671 0.214036 0.304599
v 0.288329 0.196224 0.304486
v 0.270941 0.182383 0.305648
v 0.250693 0.173454 0.308005
v 0.250693 0.335498 0.338384
v 0.270941 0.326569 0.340741
v 0.288329 0.312728 0.341903
v 0.301671 0.294916 0.341790
v 0.310058 0.274349 0.340409
v 0.312918 0.252427 0.337855
v 0.310058 0.230645 0.334303
v 0.301671 0.210487 0.329993
v 0.288329 0.193327 0.325220
v 0.270941 0.180334 0.320308
v 0.250693 0.172394 0.315594
v 0.248072 0.334501 0.345515
v 0.265878 0.324644 0.354518
v 0.281169 0.310005 0.361386
v 0.292901 0.291582 0.365652
v 0.300277 0.270630 0.367024
v 0.302792 0.248577 0.365409
v 0.300277 0.226927 0.360917
v 0.292901 0.207153 0.353855
v 0.281169 0.190605 0.344703
v 0.265878 0.178409 0.334085
v 0.248072 0.171397 0.322725
v 0.243147 0.333689 0.351329
v 0.256363 0.323075 0.365749
v 0.267712 0.307786 0.377269
v 0.276420 0.288864 0.385104
v 0.281894 0.267599 0.388720
v 0.283761 0.245439 0.387871
v 0.281894 0.223895 0.382614
v 0.276420 0.204435 0.373307
v 0.267712 0.188386 0.360586
v 0.256363 0.176840 0.345316
v 0.243147 0.170585 0.328539
v 0.236511 0.333159 0.355123
v 0.243543 0.322051 0.373079
v 0.249581 0.306337 0.387636
v 0.254215 0.287090 0.397801
v 0.257128 0.265620 0.402882
v 0.258121 0.243390 0.402532
v 0.257128 0.221916 0.396775
v 0.254215 0.202661 0.386004
v 0.249581 0.186937 0.370953
v 0.243543 0.175816 0.352647
v 0.236511 0.170055 0.332333
v 0.228964 0.332975 0.356441
v 0.228964 0.321695 0.375625
v 0.228964 0.305834 0.391236
v 0.228964 0.286474 0.402210
v 0.228964 0.264933 0.407800
v 0.228964 0.242679 0.407623
v 0.228964 0.221229 0.401693
v 0.228964 0.202045 0.390413
v 0.228964 0.186434 0.374553
v 0.228964 0.175460 0.355192
v 0.228964 0.169871 0.333651
v 0.221418 0.333159 0.355123
v 0.214386 0.322051 0.373079
v 0.208347 0.306337 0.387636
v 0.203714 0.287090 0.397801
v 0.200801 0.265620 0.402882
v 0.199807 0.243390 0.402532
v 0.200801 0.221916 0.396775
v 0.203714 0.202661 0.386004
v 0.208347 0.186937 0.370953
v 0.214386 0.175816 0.352647
v 0.221418 0.170055 0.332333
v 0.214782 0.333689 0.351329
v 0.201566 0.323075 0.365749
v 0.190217 0.307786 0.377269
v 0.181509 0.288864 0.385104
v 0.176034 0.267599 0.388720
v 0.174167 0.245439 0.387871
v 0.176034 0.223895 0.382614
v 0.181509 0.204435 0.373307
v 0.190217 0.188386 0.360586
v 0.201566 0.176840 0.345316
v 0.214782 0.170585 0.328539
v 0.209856 0.334501 0.345515
v 0.192050 0.324644 0.354518
v 0.176760 0.310005 0.361386
v 0.165028 0.291582 0.365652
v 0.157652 0.270630 0.367024
v 0.155137 0.248577 0.365409
v 0.157652 0.226927 0.360917
v 0.165028 0.207153 0.353855
v 0.176760 0.190605 0.344703
v 0.192050 0.178409 0.334085
v 0.209856 0.171397 0.322725
v 0.207235 0.335498 0.338384
v 0.186987 0.326569 0.340741
v 0.169600 0.312728 0.341903
v 0.156258 0.294916 0.341790
v 0.147871 0.274349 0.340409
v 0.145010 0.252427 0.337855
v 0.147871 0.230645 0.334303
v 0.156258 0.210487 0.329993
v 0.169600 0.193327 0.325220
v 0.186987 0.180334 0.320308
v 0.207235 0.172394 0.315594
v 0.207235 0.336558 0.330795
v 0.186987 0.328618 0.326080
v 0.169600 0.315625 0.321169
v 0.156258 0.298464 0.316396
v 0.147871 0.278306 0.312086
v 0.145010 0.256524 0.308534
v 0.147871 0.234603 0.305980
v 0.156258 0.214036 0.304599
v 0.169600 0.196224 0.304486
v 0.186987 0.182383 0.305648
v 0.207235 0.173454 0.308005
v 0.228964 0.170047 0.311397
v 0.209856 0.337555 0.323664
v 0.192050 0.330543 0.312304
v 0.176760 0.318347 0.301686
v 0.165028 0.301799 0.292534
v 0.157652 0.282025 0.285472
v 0.155136 0.260374 0.280980
v 0.157652 0.238322 0.279365
v 0.165028 0.217370 0.280737
v 0.176760 0.198947 0.285003
v 0.192050 0.184308 0.291871
v 0.209856 0.174451 0.300874
v 0.214782 0.338367 0.317850
v 0.201566 0.332112 0.301073
v 0.190217 0.320566 0.285803
v 0.181509 0.304517 0.273082
v 0.176034 0.285057 0.263775
v 0.174167 0.263513 0.258518
v 0.176034 0.241353 0.257669
v 0.181509 0.220088 0.261285
v 0.190217 0.201166 0.269120
v 0.201566 0.185877 0.280640
v 0.214782 0.175263 0.295060
v 0.221418 0.338897 0.314055
v 0.214386 0.333136 0.293742
v 0.208347 0.322015 0.275436
v 0.203714 0.306291 0.260385
v 0.200801 0.287035 0.249614
v 0.199807 0.265561 0.243857
v 0.200801 0.243332 0.243507
v 0.203714 0.221862 0.248588
v 0.208347 0.202614 0.258753
v 0.214386 0.186901 0.273309
v 0.221418 0.175793 0.291265
v 0.228964 0.339081 0.312738
v 0.228964 0.333492 0.291196
v 0.228964 0.322518 0.271836
v 0.228964 0.306907 0.255975
v 0.228964 0.287723 0.244696
v 0.228964 0.266273 0.238766
v 0.228964 0.244019 0.238589
v 0.228964 0.222478 0.244178
v 0.228964 0.203117 0.255153
v 0.228964 0.187257 0.270764
v 0.228964 0.175977 0.289948
v -0.311390 0.338897 0.314055
v -0.318422 0.333136 0.293742
v -0.324461 0.322015 0.275436
v -0.329094 0.306291 0.260385
v -0.332007 0.287035 0.249614
v -0.333000 0.265561 0.243857
v -0.332007 0.243332 0.243507
v -0.329094 0.221862 0.248588
v -0.324461 0.202614 0.258753
v -0.318422 0.186901 0.273309
v -0.311390 0.175793 0.291265
v -0.303844 0.338905 0.334991
v -0.318026 0.338367 0.317850
v -0.331242 0.332112 0.301073
v -0.342591 0.320566 0.285803
v -0.351299 0.304517 0.273082
v -0.356773 0.285057 0.263775
v -0.358641 0.263513 0.258518
v -0.356773 0.241353 0.257669
v -0.351299 0.220088 0.261285
v -0.342591 0.201166 0.269120
v -0.331242 0.185877 0.280640
v -0.318026 0.175263 0.295060
v -0.322952 0.337555 0.323664
v -0.340757 0.330543 0.312304
v -0.356048 0.318347 0.301686
v -0.367780 0.301799 0.292534
v -0.375156 0.282025 0.285472
v -0.377671 0.260374 0.280980
v -0.375156 0.238322 0.279365
v -0.367780 0.217370 0.280737
v -0.356048 0.198947 0.285003
v -0.340757 0.184308 0.291871
v -0.322952 0.174451 0.300874
v -0.325572 0.336558 0.330795
v -0.345821 0.328618 0.326080
v -0.363208 0.315625 0.321169
v -0.376550 0.298464 0.316396
v -0.384937 0.278306 0.312086
v -0.387797 0.256524 0.308533
v -0.384937 0.234603 0.305980
v -0.376550 0.214036 0.304599
v -0.363208 0.196224 0.304486
v -0.345821 0.182383 0.305648
v -0.325572 0.173454 0.308005
v -0.325572 0.335498 0.338384
v -0.345821 0.326569 0.340741
v -0.363208 0.312728 0.341903
v -0.376550 0.294916 0.341790
v -0.384937 0.274349 0.340409
v -0.387797 0.252427 0.337855
v -0.384937 0.230645 0.334303
v -0.376550 0.210487 0.329993
v -0.363208 0.193327 0.325220
v -0.345821 0.180334 0.320308
v -0.325572 0.172394 0.315594
v -0.322952 0.334501 0.345515
v -0.340757 0.324644 0.354518
v -0.356048 0.310005 0.361386
v -0.367780 0.291582 0.365652
v -0.375156 0.270630 0.367024
v -0.377671 0.248577 0.365409
v -0.375156 0.226927 0.360917
v -0.367780 0.207153 0.353855
v -0.356048 0.190605 0.344703
v -0.340757 0.178409 0.334085
v -0.322952 0.171397 0.322725
v -0.318026 0.333689 0.351329
v -0.331242 0.323075 0.365749
v -0.342591 0.307786 0.377269
v -0.351299 0.288864 0.385104
v -0.356773 0.267599 0.388720
v -0.358641 0.245439 0.387871
v -0.356773 0.223895 0.382614
v -0.351299 0.204435 0.373307
v -0.342591 0.188386 0.360586
v -0.331242 0.176840 0.345316
v -0.318026 0.170585 0.328539
v -0.311390 0.333159 0.355123
v -0.318422 0.322051 0.373079
v -0.324461 0.306337 0.387636
v -0.329094 0.287090 0.397801
v -0.332007 0.265620 0.402882
v -0.333000 0.243390 0.402532
v -0.332007 0.221916 0.396775
v -0.329094 0.202661 0.386004
v -0.324461 0.186937 0.370953
v -0.318422 0.175816 0.352647
v -0.311390 0.170055 0.332333
v -0.303844 0.332975 0.356441
v -0.303844 0.321695 0.375625
v -0.303844 0.305834 0.391236
v -0.303844 0.286474 0.402210
v -0.303844 0.264933 0.407800
v -0.303844 0.242679 0.407623
v -0.303844 0.221229 0.401693
v -0.303844 0.202045 0.390413
v -0.303844 0.186434 0.374553
v -0.303844 0.175460 0.355192
v -0.303844 0.169871 0.333651
v -0.296297 0.333159 0.355123
v -0.289265 0.322051 0.373079
v -0.283227 0.306337 0.387636
v -0.278593 0.287090 0.397801
v -0.275680 0.265620 0.402882
v -0.274687 0.243390 0.402532
v -0.275680 0.221916 0.396775
v -0.278593 0.202661 0.386004
v -0.283227 0.186937 0.370953
v -0.289265 0.175816 0.352647
v -0.296297 0.170055 0.332333
v -0.289661 0.333689 0.351329
v -0.276445 0.323075 0.365749
v -0.265096 0.307786 0.377269
v -0.256388 0.288864 0.385104
v -0.250914 0.267599 0.388720
v -0.249047 0.245439 0.387871
v -0.250914 0.223895 0.382614
v -0.256388 0.204435 0.373307
v -0.265096 0.188386 0.360586
v -0.276445 0.176840 0.345316
v -0.289661 0.170585 0.328539
v -0.284736 0.334501 0.345515
v -0.266930 0.324644 0.354518
v -0.251639 0.310005 0.361386
v -0.239907 0.291582 0.365652
v -0.232531 0.270630 0.367024
v -0.230016 0.248577 0.365409
v -0.232531 0.226927 0.360917
v -0.239907 0.207153 0.353855
v -0.251639 0.190605 0.344703
v -0.266930 0.178409 0.334085
v -0.284736 0.171397 0.322725
v -0.282115 0.335498 0.338384
v -0.261867 0.326569 0.340741
v -0.244479 0.312728 0.341903
v -0.231137 0.294916 0.341790
v -0.222750 0.274349 0.340409
v -0.219890 0.252427 0.337855
v -0.222750 0.230645 0.334303
v -0.231137 0.210487 0.329993
v -0.244479 0.193327 0.325220
v -0.261867 0.180334 0.320308
v -0.282115 0.172394 0.315594
v -0.282115 0.336558 0.330795
v -0.261867 0.328618 0.326080
v -0.244479 0.315625 0.321169
v -0.231137 0.298464 0.316396
v -0.222750 0.278306 0.312086
v -0.219890 0.256524 0.308534
v -0.222750 0.234603 0.305980
v -0.231137 0.214036 0.304599
v -0.244479 0.196224 0.304486
v -0.261867 0.182383 0.305648
v -0.282115 0.173454 0.308005
v -0.303844 0.170047 0.311397
v -0.284736 0.337555 0.323664
v -0.266930 0.330543 0.312304
v -0.251639 0.318347 0.301686
v -0.239907 0.301799 0.292534
v -0.232531 0.282025 0.285472
v -0.230016 0.260374 0.280980
v -0.232531 0.238322 0.279365
v -0.239907 0.217370 0.280737
v -0.251639 0.198947 0.285003
v -0.266930 0.184308 0.291871
v -0.284736 0.174451 0.300874
v -0.289661 0.338367 0.317850
v -0.276445 0.332112 0.301073
v -0.265096 0.320566 0.285803
v -0.256388 0.304517 0.273082
v -0.250914 0.285057 0.263775
v -0.249047 0.263513 0.258518
v -0.250914 0.241353 0.257669
v -0.256388 0.220088 0.261285
v -0.265096 0.201166 0.269120
v -0.276445 0.185877 0.280640
v -0.289661 0.175263 0.295060
v -0.296297 0.338897 0.314055
v -0.289265 0.333136 0.293742
v -0.283227 0.322015 0.275436
v -0.278593 0.306291 0.260385
v -0.275680 0.287035 0.249614
v -0.274687 0.265561 0.243857
v -0.275680 0.243332 0.243507
v -0.278593 0.221862 0.248588
v -0.283227 0.202614 0.258753
v -0.289265 0.186901 0.273309
v -0.296297 0.175793 0.291265
v -0.303844 0.339081 0.312738
v -0.303844 0.333492 0.291196
v -0.303844 0.322518 0.271836
v -0.303844 0.306907 0.255975
v -0.303844 0.287723 0.244696
v -0.303844 0.266273 0.238766
v -0.303844 0.244019 0.238589
v -0.303844 0.222478 0.244178
v -0.303844 0.203117 0.255152
v -0.303844 0.187257 0.270764
v -0.303844 0.175977 0.289948
v 0.039765 0.150911 0.315299
v 0.046913 0.143128 0.369501
v 0.092933 0.161535 0.309806
v 0.100080 0.153752 0.364007
v 0.040410 0.091813 0.293162
v 0.049836 0.081550 0.364640
v 0.110525 0.105824 0.285917
v 0.119950 0.095561 0.357395
v 0.132434 0.029853 0.338475
v 0.128263 0.006691 0.265743
v 0.058491 -0.008145 0.274487
v 0.062662 0.015017 0.347219
v 0.143272 -0.032312 0.335648
v 0.143235 -0.098034 0.274195
v 0.064317 -0.106013 0.286372
v 0.064353 -0.041177 0.348155
v 0.051085 -0.012657 0.360456
v 0.152272 0.002364 0.345208
v 0.150087 -0.064633 0.257818
v 0.048900 -0.078729 0.272767
v 0.134074 -0.046708 0.339061
v 0.132582 -0.081399 0.287972
v 0.080145 -0.092179 0.299741
v 0.081637 -0.059095 0.351455
v 0.137021 -0.066081 0.362953
v 0.134983 -0.090632 0.283327
v 0.070126 -0.103702 0.302560
v 0.072163 -0.084137 0.379014
v 0.155101 -0.156071 0.373106
v 0.150849 -0.169098 0.297836
v 0.081155 -0.185752 0.313625
v 0.085407 -0.174397 0.388007
v 0.057829 -0.140342 0.311441
v 0.059176 -0.121742 0.389393
v 0.159847 -0.126756 0.294297
v 0.161193 -0.105865 0.372510
v 0.082630 -0.123019 0.273496
v 0.125783 -0.113387 0.263473
v 0.089968 -0.179101 0.281405
v 0.136339 -0.168221 0.270649
v 0.074448 -0.148397 0.279817
v 0.142325 -0.139826 0.268205
v 0.131887 -0.064086 0.447140
v 0.081279 -0.075250 0.448116
v 0.141119 -0.131534 0.449672
v 0.086738 -0.143530 0.450720
v 0.069122 -0.102424 0.451280
v 0.147682 -0.093729 0.452926
v 0.126727 -0.052748 0.540511
v 0.081561 -0.061971 0.542195
v 0.134076 -0.113595 0.533240
v 0.085543 -0.123506 0.535050
v 0.070471 -0.086472 0.541851
v 0.140578 -0.080276 0.540809
v 0.117008 -0.077585 0.578670
v 0.094519 -0.081620 0.580732
v 0.118216 -0.102564 0.567632
v 0.095184 -0.106203 0.569628
v 0.089423 -0.091597 0.578389
v 0.122251 -0.088873 0.575620
v 0.134816 -0.037699 0.632277
v 0.089655 -0.040153 0.634023
v 0.129377 -0.053905 0.573859
v 0.080849 -0.056543 0.575735
v 0.074084 -0.048351 0.613952
v 0.142631 -0.049095 0.604003
v 0.148602 -0.097733 0.665184
v 0.075005 -0.099355 0.665558
v 0.141570 -0.115231 0.559744
v 0.062485 -0.116974 0.560145
v 0.049951 -0.108603 0.622246
v 0.161815 -0.112408 0.609392
v 0.134101 -0.179472 0.632432
v 0.081232 -0.179519 0.627596
v 0.137427 -0.155494 0.570781
v 0.080616 -0.155545 0.565585
v 0.066413 -0.172921 0.603282
v 0.147856 -0.172498 0.601430
v 0.078550 -0.138025 0.652937
v 0.143001 -0.137649 0.654883
v 0.155694 -0.142941 0.605315
v 0.139246 -0.137079 0.563262
v 0.069990 -0.137484 0.561171
v 0.057427 -0.140094 0.613425
v 0.131321 -0.214113 0.590317
v 0.080678 -0.213525 0.585409
v 0.136156 -0.192558 0.547782
v 0.081738 -0.191926 0.542508
v 0.067820 -0.210372 0.577534
v 0.145885 -0.210485 0.576261
v 0.149588 -0.400133 0.464469
v 0.097273 -0.402649 0.461953
v 0.151457 -0.370537 0.407646
v 0.104122 -0.365559 0.393545
v 0.081274 -0.392583 0.435707
v 0.162042 -0.389983 0.436106
v 0.153807 -0.366612 0.451184
v 0.145792 -0.351248 0.428366
v 0.142756 -0.374546 0.474440
v 0.101455 -0.351958 0.423255
v 0.090129 -0.368564 0.451023
v 0.101495 -0.375207 0.469683
v 0.158905 -0.449893 0.454626
v 0.101157 -0.451014 0.449823
v 0.160966 -0.404613 0.376382
v 0.101073 -0.401720 0.353222
v 0.083865 -0.431353 0.414827
v 0.169587 -0.428809 0.419246
v 0.146890 -0.463367 0.398826
v 0.108170 -0.464662 0.396131
v 0.145786 -0.426311 0.366701
v 0.110205 -0.418956 0.357843
v 0.095281 -0.450261 0.380306
v 0.154992 -0.448301 0.381740
v 0.136646 -0.478799 0.343609
v 0.112594 -0.478226 0.345423
v 0.134363 -0.451553 0.328992
v 0.111974 -0.444886 0.327867
v 0.103777 -0.466865 0.338922
v 0.140646 -0.467411 0.334524
v 0.103678 -0.405304 0.353963
v 0.087629 -0.436031 0.407150
v 0.104327 -0.454024 0.438543
v 0.157583 -0.452759 0.443080
v 0.167317 -0.432645 0.411594
v 0.158207 -0.409012 0.374349
v 0.125136 -0.515322 0.244158
v 0.114549 -0.515069 0.244957
v 0.124131 -0.503329 0.237724
v 0.114276 -0.500394 0.237229
v 0.110668 -0.510069 0.242095
v 0.126896 -0.510309 0.240159
v 0.122071 -0.067271 0.581063
v 0.088763 -0.073196 0.583856
v 0.125175 -0.109096 0.562339
v 0.089385 -0.115491 0.565236
v 0.079866 -0.090571 0.579481
v 0.131420 -0.087554 0.574453
v 0.094172 -0.100112 0.614072
v 0.124845 -0.098314 0.611078
v 0.119946 -0.087479 0.612158
v 0.098934 -0.090670 0.614480
v 0.121075 -0.112880 0.607858
v 0.099555 -0.116175 0.612693
v 0.083493 -0.078639 0.359415
v 0.126252 -0.066377 0.346815
v 0.124927 -0.086065 0.297080
v 0.082169 -0.095203 0.309441
v -0.114644 0.150627 0.315449
v -0.121792 0.144846 0.369901
v -0.167812 0.161041 0.309568
v -0.174960 0.155260 0.364019
v -0.115290 0.090754 0.295504
v -0.124716 0.083131 0.367311
v -0.185404 0.104488 0.287748
v -0.194830 0.096865 0.359555
v -0.207313 0.030504 0.343069
v -0.203143 0.004679 0.271239
v -0.133370 -0.009825 0.280523
v -0.137541 0.016000 0.352353
v -0.218151 -0.031770 0.342627
v -0.218115 -0.099628 0.283582
v -0.139196 -0.107135 0.296066
v -0.139232 -0.040214 0.355489
v -0.125964 -0.011210 0.366660
v -0.227151 0.003282 0.350810
v -0.224966 -0.066881 0.265960
v -0.123779 -0.080394 0.281463
v -0.208953 -0.046081 0.346639
v -0.207462 -0.082512 0.296768
v -0.155025 -0.092854 0.308978
v -0.156516 -0.058120 0.359565
v -0.211900 -0.065138 0.371758
v -0.209862 -0.091881 0.292491
v -0.145005 -0.104220 0.312320
v -0.147043 -0.082902 0.388350
v -0.229980 -0.155026 0.384044
v -0.225728 -0.169663 0.309398
v -0.156035 -0.185860 0.325572
v -0.160286 -0.173036 0.399319
v -0.132708 -0.140583 0.322119
v -0.134055 -0.120387 0.399608
v -0.234726 -0.127491 0.304687
v -0.236072 -0.104838 0.382386
v -0.157509 -0.124207 0.283806
v -0.200662 -0.114913 0.273548
v -0.164848 -0.180102 0.293253
v -0.211218 -0.169547 0.282230
v -0.149328 -0.149457 0.290796
v -0.217205 -0.141252 0.278992
v -0.206766 -0.061655 0.456215
v -0.156158 -0.072798 0.457413
v -0.215998 -0.129040 0.460090
v -0.161618 -0.141013 0.461377
v -0.144001 -0.099904 0.461118
v -0.222562 -0.091178 0.462590
v -0.201606 -0.048460 0.549341
v -0.156440 -0.057647 0.551209
v -0.208955 -0.109439 0.543285
v -0.160422 -0.119312 0.545292
v -0.145350 -0.082150 0.551353
v -0.215458 -0.075976 0.550188
v -0.191887 -0.072691 0.587974
v -0.169399 -0.076680 0.590126
v -0.193095 -0.097811 0.577507
v -0.170064 -0.101348 0.579539
v -0.164303 -0.086684 0.588026
v -0.197130 -0.084008 0.585193
v -0.209695 -0.030668 0.637709
v -0.164534 -0.032994 0.639624
v -0.204257 -0.050959 0.580581
v -0.155729 -0.053458 0.582639
v -0.148963 -0.042589 0.620182
v -0.217510 -0.044033 0.610310
v -0.223482 -0.088229 0.674774
v -0.149884 -0.089821 0.675261
v -0.216449 -0.113129 0.570832
v -0.137364 -0.114839 0.571356
v -0.124831 -0.102104 0.632710
v -0.236695 -0.106808 0.620156
v -0.208980 -0.172077 0.647875
v -0.156111 -0.172466 0.643054
v -0.212307 -0.152513 0.584685
v -0.155496 -0.152930 0.579505
v -0.141292 -0.167601 0.618335
v -0.222735 -0.167309 0.616458
v -0.153429 -0.129286 0.665402
v -0.217880 -0.128773 0.667316
v -0.230573 -0.137552 0.618245
v -0.214126 -0.134674 0.575884
v -0.144870 -0.135226 0.573827
v -0.132307 -0.134139 0.626135
v -0.206200 -0.209606 0.608311
v -0.155558 -0.209366 0.603374
v -0.211035 -0.191108 0.564360
v -0.156617 -0.190850 0.559054
v -0.142699 -0.206777 0.595296
v -0.220765 -0.206979 0.594034
v -0.224468 -0.404048 0.495914
v -0.172152 -0.406735 0.493581
v -0.226336 -0.378538 0.437142
v -0.179001 -0.374568 0.422724
v -0.156153 -0.398547 0.466690
v -0.236922 -0.395926 0.466904
v -0.228686 -0.371549 0.480294
v -0.220671 -0.357834 0.456448
v -0.217635 -0.377821 0.504052
v -0.176334 -0.358903 0.451400
v -0.165008 -0.373507 0.480271
v -0.176375 -0.378816 0.499354
v -0.233784 -0.454378 0.489609
v -0.176036 -0.455836 0.484897
v -0.235845 -0.414737 0.408362
v -0.175953 -0.413486 0.385056
v -0.158744 -0.438695 0.448599
v -0.244467 -0.435846 0.452828
v -0.221769 -0.471760 0.434899
v -0.183049 -0.473241 0.432303
v -0.220666 -0.437064 0.400238
v -0.185085 -0.430353 0.390882
v -0.170160 -0.459994 0.415500
v -0.229872 -0.457937 0.416792
v -0.211525 -0.491052 0.380910
v -0.187474 -0.490352 0.382679
v -0.209242 -0.464906 0.364406
v -0.186853 -0.458335 0.362812
v -0.178656 -0.479479 0.375392
v -0.215526 -0.480334 0.371043
v -0.178557 -0.417009 0.386049
v -0.162508 -0.443904 0.441272
v -0.179206 -0.459635 0.473858
v -0.232462 -0.458053 0.478293
v -0.242196 -0.440213 0.445466
v -0.233087 -0.419269 0.406646
v -0.200015 -0.534506 0.284286
v -0.189428 -0.534198 0.285065
v -0.199010 -0.522998 0.277022
v -0.189155 -0.520105 0.276320
v -0.185547 -0.529412 0.281857
v -0.201776 -0.529789 0.279943
v -0.196950 -0.062302 0.590132
v -0.163642 -0.068165 0.593053
v -0.200055 -0.104361 0.572288
v -0.164264 -0.110697 0.575312
v -0.154746 -0.085598 0.589083
v -0.206299 -0.082682 0.583991
v -0.169051 -0.094264 0.623880
v -0.199724 -0.092613 0.620820
v -0.194825 -0.081809 0.621439
v -0.173813 -0.084873 0.623861
v -0.195954 -0.107264 0.618435
v -0.174434 -0.110303 0.623623
v -0.158372 -0.077676 0.368425
v -0.201131 -0.065639 0.355301
v -0.199807 -0.086850 0.306046
v -0.157048 -0.095555 0.318819
vn -0.7902 0.3643 0.4928
vn -0.3366 0.5211 0.7843
vn -0.2371 0.9415 0.2393
vn -0.7963 0.6048 -0.0120
vn 0.2207 0.5437 0.8098
vn 0.4319 0.8211 0.3733
vn 0.4760 0.8604 -0.1818
vn -0.0261 0.9064 -0.4217
vn -0.5345 0.6816 -0.4998
vn 0.1574 0.5469 -0.8223
vn -0.5495 0.3470 -0.7600
vn 0.7291 0.5832 -0.3582
vn 0.8096 0.4070 -0.4230
vn 0.2076 0.3706 -0.9053
vn -0.5248 0.1452 -0.8387
vn 0.4818 -0.0101 0.8762
vn -0.2580 -0.2224 0.9402
vn -0.2572 -0.2436 0.9352
vn 0.4970 -0.0199 0.8675
vn -0.8503 -0.2697 0.4519
vn -0.8439 -0.3234 0.4281
vn -0.8600 -0.3195 0.3979
vn -0.3211 -0.1625 0.9330
vn 0.4501 0.1028 0.8870
vn -0.2980 -0.0235 0.9543
vn -0.8699 -0.0547 0.4901
vn 0.4080 0.1813 0.8948
vn -0.9713 0.0896 -0.2201
vn -0.9521 -0.1236 -0.2796
vn 0.8361 0.4228 0.3496
vn 0.9199 0.2411 0.3092
vn 0.8125 0.4241 -0.4001
vn 0.8827 0.3527 0.3106
vn 0.9600 0.0821 0.2677
vn 0.9335 0.1716 -0.3147
vn 0.4738 0.1350 0.8702
vn 0.6702 -0.0988 0.7356
vn 0.8195 -0.2543 0.5136
vn 0.9642 -0.1472 0.2204
vn 0.9850 -0.0591 -0.1620
vn -0.9340 -0.2021 -0.2947
vn -0.5261 0.0698 -0.8476
vn -0.5426 0.0162 -0.8398
vn -0.9178 -0.2572 -0.3023
vn 0.9287 0.2228 0.2964
vn 0.8158 0.3833 -0.4330
vn 0.8925 0.3295 0.3080
vn 0.7755 0.4629 -0.4293
vn 0.2022 0.3302 -0.9220
vn 0.1546 0.3438 -0.9262
vn 0.4206 -0.5161 0.7462
vn 0.7403 -0.4531 0.4967
vn 0.8918 -0.3073 0.3320
vn -0.0904 -0.8926 0.4417
vn 0.4791 -0.8056 0.3486
vn 0.5834 -0.7157 0.3839
vn 0.6781 -0.3828 0.6274
vn 0.8776 -0.1890 0.4405
vn -0.4301 -0.2061 -0.8789
vn 0.2693 0.2107 -0.9397
vn 0.4886 0.0131 -0.8724
vn -0.2252 -0.3931 -0.8915
vn 0.7246 -0.1947 -0.6611
vn 0.1705 -0.6247 -0.7620
vn -0.2400 -0.2090 0.9480
vn 0.0412 -0.3982 0.9164
vn -0.7828 -0.4745 0.4025
vn -0.5720 -0.6896 0.4442
vn -0.8157 -0.4785 -0.3250
vn -0.6658 -0.6697 -0.3289
vn -0.2350 -0.9327 -0.2735
vn -0.8875 -0.3394 -0.3116
vn -0.8600 -0.3455 0.3756
vn -0.5287 -0.0661 -0.8462
vn -0.3755 -0.1013 0.9213
vn 0.3779 0.2274 0.8975
vn 0.1377 0.3273 -0.9348
vn 0.7340 0.5300 -0.4246
vn 0.8372 0.4433 0.3204
vn -0.0158 0.6019 -0.7984
vn -0.0963 0.9910 0.0925
vn -0.9319 0.1480 -0.3313
vn -0.8517 0.2313 -0.4703
vn -0.9557 0.2796 0.0922
vn -0.9719 0.1725 -0.1603
vn -0.9836 0.1551 0.0918
vn -0.9248 0.1945 -0.3270
vn -0.6383 0.2629 -0.7235
vn 0.4240 -0.9014 -0.0882
vn 0.6358 -0.6660 -0.3902
vn 0.8092 -0.5496 -0.2075
vn 0.6471 -0.7624 -0.0025
vn 0.9477 -0.2408 0.2094
vn 0.9831 -0.1830 -0.0013
vn 0.9595 -0.1113 0.2589
vn 0.9934 -0.1128 0.0208
vn 0.9028 -0.3028 -0.3054
vn 0.9413 -0.2710 -0.2015
vn -0.4362 -0.0357 0.8991
vn -0.4314 -0.1177 0.8944
vn 0.0591 -0.2104 0.9758
vn 0.0561 -0.1085 0.9925
vn -0.4584 -0.2719 0.8461
vn 0.0178 -0.3901 0.9206
vn 0.5645 -0.4651 0.6819
vn 0.6177 -0.2733 0.7374
vn 0.6224 -0.1486 0.7685
vn -0.4559 -0.3538 -0.8167
vn -0.0909 0.1567 -0.9834
vn -0.7450 0.2688 -0.6105
vn -0.8286 0.1679 -0.5340
vn -0.5035 0.2444 -0.8287
vn -0.6698 0.1208 -0.7327
vn -0.9797 0.1324 0.1505
vn -0.9885 0.1493 -0.0243
vn -0.9920 -0.1174 0.0453
vn -0.9936 0.0938 -0.0634
vn -0.9864 -0.0389 0.1599
vn -0.9598 0.0735 0.2710
vn -0.8490 -0.4410 -0.2910
vn -0.9586 0.0887 -0.2707
vn -0.9616 0.0458 -0.2706
vn 0.9140 -0.3564 -0.1940
vn 0.9717 -0.1722 -0.1616
vn 0.9209 -0.2542 0.2955
vn 0.8628 -0.4380 0.2524
vn 0.9885 -0.0453 -0.1441
vn 0.9378 -0.1256 0.3236
vn -0.7961 -0.1617 0.5832
vn -0.7946 -0.4259 0.4327
vn -0.5131 -0.5742 0.6380
vn -0.9665 -0.2425 0.0844
vn -0.8475 -0.5289 -0.0456
vn -0.6739 -0.7306 0.1099
vn -0.4918 -0.8478 0.1986
vn 0.7845 0.0813 -0.6147
vn 0.7957 0.1379 -0.5898
vn 0.9929 0.0177 -0.1178
vn 0.4105 0.1854 -0.8928
vn 0.4291 0.2355 -0.8720
vn 0.4514 0.2351 -0.8608
vn 0.8098 0.1296 -0.5722
vn 0.9956 0.0037 -0.0932
vn 0.3356 -0.0494 -0.9407
vn 0.3923 0.0977 -0.9146
vn 0.7720 -0.0294 -0.6349
vn 0.7172 -0.2014 -0.6671
vn -0.0431 0.1809 -0.9826
vn -0.1216 0.0482 -0.9914
vn -0.0480 0.2617 -0.9640
vn 0.9335 -0.0637 0.3528
vn 0.6054 -0.0966 0.7901
vn 0.9218 -0.0860 0.3781
vn 0.5773 -0.1295 0.8062
vn -0.2532 -0.2717 -0.9285
vn -0.7099 -0.1454 -0.6891
vn 0.1275 -0.4025 -0.9065
vn -0.1873 -0.7865 -0.5884
vn -0.3950 -0.6844 -0.6128
vn -0.6773 -0.5010 -0.5388
vn -0.7811 -0.0201 0.6241
vn -0.8035 0.0624 0.5920
vn -0.3801 -0.9026 -0.2020
vn -0.2465 -0.9561 -0.1585
vn -0.2714 -0.9264 0.2611
vn 0.0331 -0.8641 -0.5022
vn 0.3090 -0.9098 -0.2770
vn 0.2162 -0.9762 -0.0140
vn 0.1106 -0.9600 0.2572
vn -0.7935 -0.5380 -0.2844
vn -0.5041 -0.8311 -0.2350
vn 0.4689 -0.5305 -0.7062
vn 0.7124 -0.6439 -0.2791
vn -0.9500 -0.1290 -0.2845
vn -0.1219 -0.6873 0.7161
vn 0.3875 -0.7476 0.5393
vn 0.6929 -0.7030 0.1602
vn -0.9788 0.2026 0.0297
vn -0.8535 0.0880 0.5136
vn -0.8624 0.0930 0.4976
vn -0.9742 0.2249 0.0169
vn -0.4850 -0.0319 0.8739
vn -0.5046 -0.0526 0.8617
vn -0.5013 -0.0161 0.8651
vn -0.8471 0.1661 0.5048
vn -0.9474 0.3186 0.0300
vn 0.0020 -0.1094 0.9940
vn -0.0214 -0.1545 0.9878
vn 0.5564 -0.1909 0.8087
vn 0.5501 -0.2157 0.8067
vn -0.0235 -0.1532 0.9879
vn 0.0360 -0.0745 0.9966
vn -0.4566 -0.0081 0.8897
vn -0.0609 0.3057 -0.9502
vn -0.6236 0.3105 -0.7175
vn -0.6019 0.3374 -0.7238
vn -0.0418 0.3196 -0.9466
vn -0.9098 0.2477 -0.3330
vn -0.9816 0.1839 0.0514
vn -0.8956 0.2780 -0.3474
vn -0.8350 0.0908 0.5426
vn 0.9034 -0.1738 0.3920
vn 0.9030 -0.1509 0.4023
vn 0.5662 -0.1805 0.8042
vn 0.9960 -0.0634 -0.0634
vn 0.9991 -0.0361 -0.0229
vn 0.9950 0.0765 0.0637
vn 0.9054 -0.0236 0.4239
vn 0.6175 -0.0349 0.7858
vn 0.4992 0.2562 -0.8277
vn 0.0097 0.3943 -0.9189
vn 0.0849 0.5188 -0.8506
vn 0.5584 0.3368 -0.7581
vn -0.5486 0.4515 -0.7037
vn -0.4632 0.6103 -0.6427
vn -0.2979 0.8023 -0.5172
vn 0.2164 0.6785 -0.7020
vn 0.6494 0.4625 -0.6036
vn -0.8834 0.3042 -0.3564
vn -0.5851 0.3585 -0.7274
vn -0.8503 0.4027 -0.3387
vn 0.8222 0.1000 -0.5603
vn 0.9959 -0.0428 -0.0793
vn 0.4707 0.2246 -0.8533
vn 0.8385 0.1018 -0.5354
vn -0.0231 0.3275 -0.9446
vn 0.9102 -0.1437 0.3883
vn -0.3006 0.2294 0.9258
vn 0.0860 -0.0698 0.9939
vn 0.0226 -0.1354 0.9905
vn -0.3346 0.1836 0.9243
vn 0.5586 -0.3088 0.7698
vn 0.4868 -0.4342 0.7580
vn 0.5901 -0.2583 0.7649
vn 0.3387 0.1534 0.9283
vn 0.0141 0.4875 0.8730
vn 0.8560 -0.3704 0.3606
vn 0.7968 -0.5113 0.3219
vn 0.9659 -0.2535 -0.0527
vn 0.9168 -0.3796 -0.1239
vn 0.9749 -0.2205 -0.0301
vn 0.8910 -0.1973 0.4088
vn 0.0155 -0.0889 0.9959
vn -0.4514 0.0854 0.8882
vn 0.1360 0.0762 0.9878
vn -0.2998 0.2692 0.9152
vn -0.7846 0.3079 0.5381
vn -0.8743 0.4803 0.0701
vn -0.6199 0.5149 0.5921
vn -0.7055 0.6942 0.1425
vn -0.7698 0.5680 -0.2912
vn -0.5981 0.7763 -0.1992
vn 0.8706 0.1494 -0.4687
vn 0.9096 0.2580 -0.3256
vn -0.2223 0.5466 -0.8074
vn -0.3972 0.3348 -0.8545
vn -0.7686 0.4756 -0.4280
vn -0.6695 0.6497 -0.3601
vn -0.5938 0.0020 -0.8046
vn -0.8531 0.0154 -0.5215
vn -0.9854 0.0041 -0.1703
vn -0.9407 0.3341 0.0593
vn -0.8156 0.5431 0.1998
vn 0.1581 0.9464 -0.2817
vn -0.0549 0.7614 -0.6460
vn -0.4981 0.8290 -0.2543
vn -0.0776 0.9966 0.0284
vn -0.5947 0.7525 0.2830
vn -0.2101 0.9177 0.3371
vn -0.2933 -0.5465 -0.7844
vn 0.2371 -0.3367 -0.9113
vn 0.2362 -0.2779 -0.9311
vn -0.3311 -0.4156 -0.8471
vn 0.6399 -0.1271 -0.7578
vn 0.6545 -0.1307 -0.7447
vn 0.6620 -0.0646 -0.7467
vn 0.2091 -0.1068 -0.9720
vn -0.3727 -0.1481 -0.9160
vn 0.9774 0.1586 0.1394
vn 0.7907 0.1751 0.5867
vn 0.7994 -0.0030 0.6008
vn 0.9808 0.0041 0.1949
vn 0.4911 0.1089 0.8643
vn 0.5185 -0.0408 0.8541
vn 0.5387 -0.1713 0.8249
vn 0.7859 -0.1586 0.5977
vn 0.9609 -0.1252 0.2471
vn -0.0495 0.0493 -0.9976
vn -0.4407 -0.2721 -0.8554
vn 0.2208 0.3180 -0.9220
vn 0.4595 0.1422 -0.8767
vn 0.1071 -0.1286 -0.9859
vn -0.3543 -0.4279 -0.8315
vn 0.4204 0.5846 -0.6939
vn 0.4731 0.8584 -0.1982
vn 0.7276 0.6826 -0.0676
vn 0.6912 0.4151 -0.5916
vn -0.7555 -0.4043 -0.5155
vn -0.9633 -0.2612 -0.0617
vn -0.6706 -0.5591 -0.4875
vn -0.8962 -0.4435 -0.0112
vn -0.9214 0.0662 0.3829
vn -0.7289 0.3391 0.5948
vn -0.8431 -0.1423 0.5186
vn -0.5836 0.1393 0.8000
vn -0.4254 0.6033 0.6746
vn -0.0109 0.8292 0.5588
vn -0.2128 0.4199 0.8822
vn 0.2135 0.6496 0.7297
vn 0.2920 0.9173 0.2707
vn 0.5233 0.7432 0.4169
vn 0.9506 -0.0847 -0.2987
vn 0.9654 -0.0709 -0.2510
vn 0.6680 0.0221 -0.7439
vn 0.9396 -0.1693 0.2975
vn 0.9359 -0.1208 0.3310
vn 0.9740 -0.0225 -0.2254
vn 0.6686 0.0796 -0.7394
vn 0.1919 0.0560 -0.9798
vn -0.3782 0.0603 -0.9238
vn 0.1858 0.1349 -0.9733
vn -0.3707 0.1414 -0.9179
vn 0.9124 0.0340 -0.4078
vn 0.9344 -0.0442 -0.3534
vn -0.7762 -0.6296 -0.0316
vn -0.6314 -0.5938 -0.4987
vn -0.7068 -0.4186 -0.5702
vn -0.8677 -0.4843 -0.1122
vn -0.7742 -0.1428 -0.6166
vn -0.9692 -0.2007 -0.1428
vn -0.3909 -0.2393 0.8888
vn -0.6840 -0.4691 0.5586
vn -0.7493 -0.4297 0.5038
vn -0.4299 -0.2602 0.8646
vn -0.8558 -0.2424 0.4570
vn -0.4937 -0.2068 0.8447
vn 0.0405 -0.0394 0.9984
vn 0.0533 -0.1260 0.9906
vn 0.0609 -0.1851 0.9808
vn -0.0390 0.1568 0.9869
vn 0.4056 0.3541 0.8427
vn -0.4509 -0.0852 0.8885
vn -0.7405 -0.3383 0.5807
vn -0.8135 -0.5814 0.0105
vn -0.6155 -0.6332 -0.4693
vn -0.3028 -0.5200 -0.7987
vn 0.8502 0.2001 -0.4870
vn 0.5874 -0.0201 -0.8090
vn 0.9136 0.4025 0.0584
vn 0.7180 0.4409 0.5385
vn 0.1963 -0.2568 -0.9463
vn 0.6358 0.1507 -0.7570
vn 0.9445 0.0813 -0.3182
vn 0.9043 0.2106 -0.3713
vn 0.6046 0.2371 -0.7604
vn 0.9660 -0.0018 0.2584
vn 0.9660 0.1507 0.2102
vn 0.9322 0.3150 0.1783
vn 0.8596 0.3228 -0.3960
vn 0.5860 0.2946 -0.7549
vn -0.3373 0.2150 -0.9165
vn 0.1963 0.1982 -0.9603
vn 0.2062 0.2656 -0.9418
vn -0.2933 0.2929 -0.9100
vn 0.2284 0.3022 -0.9255
vn -0.2436 0.3307 -0.9118
vn -0.7825 0.0441 -0.6211
vn -0.9899 -0.0197 -0.1407
vn -0.7757 0.1007 -0.6230
vn -0.9901 0.0153 -0.1396
vn -0.8992 -0.1058 0.4246
vn -0.5394 -0.1649 0.8258
vn -0.9043 -0.0906 0.4171
vn -0.5490 -0.1720 0.8179
vn 0.0650 -0.2117 0.9752
vn 0.5606 -0.2231 0.7975
vn 0.0757 -0.2143 0.9738
vn 0.5771 -0.1927 0.7936
vn 0.7727 -0.2143 0.5975
vn 0.7739 -0.1653 0.6113
vn 0.4071 0.1513 0.9008
vn -0.1402 0.0321 0.9896
vn -0.1463 -0.0259 0.9889
vn 0.3881 0.1300 0.9124
vn -0.6202 -0.0111 0.7844
vn -0.6022 -0.0770 0.7946
vn -0.5714 -0.1798 0.8007
vn -0.1280 -0.1751 0.9762
vn 0.4062 -0.0680 0.9113
vn -0.8951 0.0692 0.4404
vn -0.8804 0.0145 0.4741
vn -0.9644 0.2363 -0.1184
vn -0.9756 0.1907 -0.1087
vn -0.9895 0.1025 -0.1019
vn -0.8603 -0.0757 0.5042
vn -0.9871 0.0855 -0.1356
vn -0.7532 0.1834 -0.6318
vn -0.7172 0.2850 -0.6359
vn -0.9740 0.1896 -0.1239
vn -0.6822 0.3318 -0.6515
vn -0.5856 -0.1291 0.8003
vn -0.9070 -0.0457 0.4185
vn -0.9046 0.0397 0.4243
vn -0.6150 -0.0363 0.7877
vn 0.5149 -0.1051 0.8508
vn -0.0195 -0.1518 0.9882
vn -0.0957 -0.0303 0.9949
vn 0.4607 0.0315 0.8870
vn 0.7818 -0.0551 0.6210
vn 0.7745 0.0906 0.6261
vn 0.7417 0.2475 0.6234
vn 0.7770 -0.1122 0.6195
vn 0.9475 -0.0658 0.3129
vn 0.5586 -0.1558 0.8147
vn 0.0473 -0.2019 0.9783
vn -0.5608 -0.1719 0.8099
vn -0.9056 -0.0844 0.4156
vn -0.9894 0.0364 -0.1403
vn -0.7696 0.1316 -0.6248
vn -0.3622 0.1741 -0.9157
vn 0.1884 0.1642 -0.9683
vn 0.6577 0.1093 -0.7453
vn 0.9668 0.0215 -0.2546
vn 0.3461 -0.6995 0.6253
vn -0.1008 -0.5895 0.8014
vn -0.1155 -0.5857 0.8022
vn 0.3382 -0.7220 0.6036
vn -0.5290 -0.4165 0.7394
vn -0.5647 -0.3674 0.7390
vn -0.5979 -0.2896 0.7474
vn -0.1291 -0.5642 0.8155
vn 0.3412 -0.7159 0.6092
vn -0.8197 -0.3381 0.4623
vn -0.8590 -0.2402 0.4522
vn -0.9360 -0.3083 -0.1701
vn -0.9724 -0.1676 -0.1624
vn -0.9838 0.1341 -0.1192
vn -0.8855 -0.0628 0.4603
vn 0.7340 0.2636 0.6258
vn 0.9267 0.3403 0.1594
vn 0.7777 0.0514 0.6265
vn 0.9800 0.1420 0.1392
vn 0.2612 0.2763 -0.9249
vn -0.2024 0.2998 -0.9323
vn 0.5914 0.2763 -0.7576
vn 0.6120 0.1730 -0.7717
vn 0.2957 0.1925 -0.9357
vn -0.1697 0.2255 -0.9594
vn 0.8499 0.3255 -0.4143
vn 0.8803 0.1778 -0.4399
vn -0.6694 0.2948 -0.6819
vn -0.6650 0.2200 -0.7137
vn 0.5080 -0.2653 -0.8195
vn 0.7164 -0.4965 -0.4901
vn 0.7317 -0.4441 -0.5170
vn 0.4987 -0.1649 -0.8509
vn 0.7346 -0.6781 -0.0245
vn 0.7559 -0.6542 -0.0262
vn 0.7828 -0.6215 -0.0310
vn 0.7484 -0.3826 -0.5418
vn 0.4970 -0.0816 -0.8639
vn -0.2282 0.0909 -0.9694
vn 0.1932 -0.0779 -0.9781
vn 0.1710 0.0748 -0.9824
vn -0.2378 0.2854 -0.9284
vn 0.1688 0.1675 -0.9713
vn -0.2301 0.3768 -0.8973
vn 0.7634 -0.6457 -0.0166
vn 0.6114 -0.7075 0.3545
vn 0.5884 -0.7382 0.3300
vn 0.7268 -0.6864 -0.0252
vn 0.5942 -0.7316 0.3341
vn -0.1302 -0.2138 -0.9682
vn 0.2838 -0.2472 -0.9265
vn 0.2372 -0.2248 -0.9451
vn -0.1760 -0.1480 -0.9732
vn 0.5587 -0.3240 -0.7634
vn 0.5268 -0.3374 -0.7802
vn 0.7404 -0.4813 -0.4692
vn 0.7118 -0.5208 -0.4713
vn -0.5979 -0.2343 -0.7665
vn -0.6362 -0.1170 -0.7626
vn -0.6731 0.1945 -0.7135
vn 0.3540 -0.6716 0.6509
vn -0.1335 -0.4919 0.8604
vn -0.1437 -0.4803 0.8653
vn 0.3521 -0.6608 0.6628
vn -0.5989 -0.1704 0.7825
vn -0.5962 -0.1769 0.7831
vn -0.6326 -0.3501 0.6908
vn -0.0859 -0.6251 0.7758
vn 0.3364 -0.6763 0.6553
vn -0.8566 0.1185 0.5023
vn -0.8509 0.1062 0.5145
vn -0.9194 0.3918 -0.0347
vn -0.9188 0.3940 -0.0231
vn -0.9344 0.3547 -0.0320
vn -0.9456 0.0342 0.3236
vn -0.6519 0.4028 -0.6424
vn -0.9439 0.3235 -0.0667
vn -0.6327 0.4843 -0.6043
vn -0.8745 0.0665 0.4805
vn -0.6080 -0.2153 0.7642
vn -0.1362 -0.5305 0.8367
vn 0.3465 -0.6985 0.6261
vn 0.6076 -0.7147 0.3464
vn 0.6248 -0.6918 0.3620
vn -0.6432 -0.0168 -0.7655
vn -0.9828 -0.1277 -0.1332
vn -0.1317 -0.0013 -0.9913
vn 0.8608 -0.2017 -0.4672
vn 0.6166 -0.1013 -0.7807
vn 0.9457 -0.3186 0.0639
vn 0.3204 -0.0417 -0.9464
vn 0.7524 -0.4096 0.5158
vn 0.4072 -0.4565 0.7911
vn -0.8319 -0.2402 0.5003
vn -0.5305 -0.3391 0.7769
vn -0.0927 -0.4398 0.8933
vn 0.3943 -0.2502 -0.8842
vn -0.4123 -0.8582 -0.3056
vn -0.7847 -0.2621 -0.5617
vn 0.0064 0.0982 -0.9951
vn -0.7356 0.3437 -0.5837
vn -0.2481 0.3680 -0.8961
vn 0.7810 -0.6217 -0.0592
vn 0.5725 -0.7569 0.3153
vn 0.2029 -0.9779 0.0504
vn 0.7006 -0.5301 -0.4776
vn 0.6314 -0.6828 0.3676
vn 0.7938 -0.6067 -0.0425
vn 0.1740 0.1797 -0.9682
vn -0.2296 0.3959 -0.8891
vn 0.4866 -0.0636 -0.8713
vn 0.7425 -0.3540 -0.5686
vn -0.6349 0.4975 -0.5911
vn -0.6176 0.7705 0.1575
vn -0.5207 0.8377 -0.1645
vn -0.4400 0.8901 -0.1191
vn -0.5376 0.8216 0.1895
vn -0.2639 0.8311 -0.4896
vn -0.1755 0.8960 -0.4078
vn 0.9062 -0.0503 0.4198
vn 0.9956 0.0490 0.0797
vn 0.6425 -0.0166 0.7661
vn -0.5640 0.5604 0.6065
vn -0.4700 0.6390 0.6090
vn -0.1926 0.3617 0.9122
vn 0.2149 0.6191 -0.7553
vn 0.2869 0.7379 -0.6108
vn 0.6270 0.2870 -0.7242
vn 0.6867 0.4704 -0.5542
vn 0.2009 0.1337 0.9705
vn 0.8825 -0.0029 -0.4703
vn 0.9267 0.2389 -0.2900
vn 0.7359 0.5353 -0.4146
vn 0.5647 0.7494 0.3456
vn 0.8135 0.3840 0.4367
vn 0.9509 0.1954 -0.2400
vn -0.2637 0.8386 -0.4767
vn -0.4162 0.9003 -0.1276
vn 0.1488 0.9782 0.1448
vn 0.3011 0.8045 -0.5120
vn -0.6040 0.7822 0.1527
vn -0.3183 0.7427 0.5892
vn -0.6217 0.4885 0.6122
vn -0.7156 0.6870 0.1263
vn -0.6234 0.7495 -0.2227
vn -0.3473 0.7459 -0.5684
vn 0.8384 -0.0729 -0.5401
vn 0.6052 0.2388 -0.7594
vn 0.1859 0.5451 -0.8175
vn 0.1734 -0.9694 -0.1740
vn -0.2491 -0.8417 0.4792
vn 0.5966 -0.6330 -0.4933
vn -0.2983 -0.1877 0.9358
vn 0.7153 0.0622 0.6960
vn 0.8686 -0.1645 -0.4674
vn 0.9912 0.1088 -0.0755
vn 0.9398 0.1261 0.3175
vn 0.7902 0.3643 0.4928
vn 0.7963 0.6048 -0.0120
vn 0.2371 0.9415 0.2393
vn 0.3366 0.5211 0.7843
vn -0.4319 0.8211 0.3733
vn -0.2207 0.5437 0.8098
vn 0.0261 0.9064 -0.4217
vn -0.4760 0.8604 -0.1818
vn 0.5345 0.6816 -0.4998
vn 0.5495 0.3470 -0.7600
vn -0.1574 0.5469 -0.8223
vn -0.7291 0.5832 -0.3582
vn -0.2076 0.3706 -0.9053
vn -0.8096 0.4070 -0.4230
vn 0.5248 0.1452 -0.8387
vn -0.4818 -0.0101 0.8762
vn -0.4970 -0.0199 0.8675
vn 0.2572 -0.2436 0.9352
vn 0.2580 -0.2224 0.9402
vn 0.8439 -0.3234 0.4281
vn 0.8503 -0.2697 0.4519
vn 0.3211 -0.1625 0.9330
vn 0.8600 -0.3195 0.3979
vn -0.4501 0.1028 0.8870
vn 0.8699 -0.0547 0.4901
vn 0.2980 -0.0235 0.9543
vn -0.4080 0.1813 0.8948
vn 0.9713 0.0896 -0.2201
vn 0.9521 -0.1236 -0.2796
vn -0.9199 0.2411 0.3092
vn -0.8361 0.4228 0.3496
vn -0.8125 0.4241 -0.4001
vn -0.9335 0.1716 -0.3147
vn -0.9600 0.0821 0.2677
vn -0.8827 0.3527 0.3106
vn -0.6702 -0.0988 0.7356
vn -0.4738 0.1350 0.8702
vn -0.9642 -0.1472 0.2204
vn -0.8195 -0.2543 0.5136
vn -0.9850 -0.0591 -0.1620
vn 0.9340 -0.2021 -0.2947
vn 0.5261 0.0698 -0.8476
vn 0.9178 -0.2572 -0.3023
vn 0.5426 0.0162 -0.8398
vn -0.8158 0.3833 -0.4330
vn -0.9287 0.2228 0.2964
vn -0.8925 0.3295 0.3080
vn -0.7755 0.4629 -0.4293
vn -0.2022 0.3302 -0.9220
vn -0.1546 0.3438 -0.9262
vn -0.8918 -0.3073 0.3320
vn -0.7403 -0.4531 0.4967
vn -0.4206 -0.5161 0.7462
vn -0.4791 -0.8056 0.3486
vn 0.0904 -0.8926 0.4417
vn -0.6781 -0.3828 0.6274
vn -0.5834 -0.7157 0.3839
vn -0.8776 -0.1890 0.4405
vn 0.4301 -0.2061 -0.8789
vn 0.2252 -0.3931 -0.8915
vn -0.4886 0.0131 -0.8724
vn -0.2693 0.2107 -0.9397
vn -0.7246 -0.1947 -0.6611
vn -0.1705 -0.6247 -0.7620
vn -0.0412 -0.3982 0.9164
vn 0.2400 -0.2090 0.9480
vn 0.5720 -0.6896 0.4442
vn 0.7828 -0.4745 0.4025
vn 0.6658 -0.6697 -0.3289
vn 0.8157 -0.4785 -0.3250
vn 0.2350 -0.9327 -0.2735
vn 0.8600 -0.3455 0.3756
vn 0.8875 -0.3394 -0.3116
vn 0.5287 -0.0661 -0.8462
vn -0.3779 0.2274 0.8975
vn 0.3755 -0.1013 0.9213
vn -0.1377 0.3273 -0.9348
vn -0.7340 0.5300 -0.4246
vn -0.8372 0.4433 0.3204
vn 0.0158 0.6019 -0.7984
vn 0.8517 0.2313 -0.4703
vn 0.9319 0.1480 -0.3313
vn 0.0963 0.9910 0.0925
vn 0.9719 0.1725 -0.1603
vn 0.9557 0.2796 0.0922
vn 0.9248 0.1945 -0.3270
vn 0.9836 0.1551 0.0918
vn 0.6383 0.2629 -0.7235
vn -0.4240 -0.9014 -0.0882
vn -0.6358 -0.6660 -0.3902
vn -0.6471 -0.7624 -0.0025
vn -0.8092 -0.5496 -0.2075
vn -0.9831 -0.1830 -0.0013
vn -0.9477 -0.2408 0.2094
vn -0.9595 -0.1113 0.2589
vn -0.9934 -0.1128 0.0208
vn -0.9028 -0.3028 -0.3054
vn -0.9413 -0.2710 -0.2015
vn 0.4362 -0.0357 0.8991
vn -0.0561 -0.1085 0.9925
vn -0.0591 -0.2104 0.9758
vn 0.4314 -0.1177 0.8944
vn -0.0178 -0.3901 0.9206
vn 0.4584 -0.2719 0.8461
vn -0.6177 -0.2733 0.7374
vn -0.5645 -0.4651 0.6819
vn -0.6224 -0.1486 0.7685
vn 0.4559 -0.3538 -0.8167
vn 0.8286 0.1679 -0.5340
vn 0.7450 0.2688 -0.6105
vn 0.0909 0.1567 -0.9834
vn 0.5035 0.2444 -0.8287
vn 0.6698 0.1208 -0.7327
vn 0.9885 0.1493 -0.0243
vn 0.9797 0.1324 0.1505
vn 0.9936 0.0938 -0.0634
vn 0.9920 -0.1174 0.0453
vn 0.9598 0.0735 0.2710
vn 0.9864 -0.0389 0.1599
vn 0.9586 0.0887 -0.2707
vn 0.8490 -0.4410 -0.2910
vn 0.9616 0.0458 -0.2706
vn -0.9140 -0.3564 -0.1940
vn -0.8628 -0.4380 0.2524
vn -0.9209 -0.2542 0.2955
vn -0.9717 -0.1722 -0.1616
vn -0.9378 -0.1256 0.3236
vn -0.9885 -0.0453 -0.1441
vn 0.5131 -0.5742 0.6380
vn 0.7946 -0.4259 0.4327
vn 0.7961 -0.1617 0.5832
vn 0.9665 -0.2425 0.0844
vn 0.6739 -0.7306 0.1099
vn 0.8475 -0.5289 -0.0456
vn 0.4918 -0.8478 0.1986
vn -0.9929 0.0177 -0.1178
vn -0.7957 0.1379 -0.5898
vn -0.7845 0.0813 -0.6147
vn -0.4291 0.2355 -0.8720
vn -0.4105 0.1854 -0.8928
vn -0.8098 0.1296 -0.5722
vn -0.4514 0.2351 -0.8608
vn -0.9956 0.0037 -0.0932
vn -0.3356 -0.0494 -0.9407
vn -0.7172 -0.2014 -0.6671
vn -0.7720 -0.0294 -0.6349
vn -0.3923 0.0977 -0.9146
vn 0.1216 0.0482 -0.9914
vn 0.0431 0.1809 -0.9826
vn 0.0480 0.2617 -0.9640
vn -0.6054 -0.0966 0.7901
vn -0.9335 -0.0637 0.3528
vn -0.9218 -0.0860 0.3781
vn -0.5773 -0.1295 0.8062
vn 0.7099 -0.1454 -0.6891
vn 0.2532 -0.2717 -0.9285
vn -0.1275 -0.4025 -0.9065
vn 0.3950 -0.6844 -0.6128
vn 0.1873 -0.7865 -0.5884
vn 0.6773 -0.5010 -0.5388
vn 0.8035 0.0624 0.5920
vn 0.7811 -0.0201 0.6241
vn 0.2714 -0.9264 0.2611
vn 0.2465 -0.9561 -0.1585
vn 0.3801 -0.9026 -0.2020
vn -0.0331 -0.8641 -0.5022
vn -0.2162 -0.9762 -0.0140
vn -0.3090 -0.9098 -0.2770
vn -0.1106 -0.9600 0.2572
vn 0.5041 -0.8311 -0.2350
vn 0.7935 -0.5380 -0.2844
vn -0.4689 -0.5305 -0.7062
vn -0.7124 -0.6439 -0.2791
vn 0.9500 -0.1290 -0.2845
vn -0.3875 -0.7476 0.5393
vn 0.1219 -0.6873 0.7161
vn -0.6929 -0.7030 0.1602
vn 0.9788 0.2026 0.0297
vn 0.9742 0.2249 0.0169
vn 0.8624 0.0930 0.4976
vn 0.8535 0.0880 0.5136
vn 0.5046 -0.0526 0.8617
vn 0.4850 -0.0319 0.8739
vn 0.8471 0.1661 0.5048
vn 0.5013 -0.0161 0.8651
vn 0.9474 0.3186 0.0300
vn 0.0214 -0.1545 0.9878
vn -0.0020 -0.1094 0.9940
vn -0.5564 -0.1909 0.8087
vn 0.0235 -0.1532 0.9879
vn -0.5501 -0.2157 0.8067
vn 0.4566 -0.0081 0.8897
vn -0.0360 -0.0745 0.9966
vn 0.0609 0.3057 -0.9502
vn 0.6236 0.3105 -0.7175
vn 0.0418 0.3196 -0.9466
vn 0.6019 0.3374 -0.7238
vn 0.9098 0.2477 -0.3330
vn 0.9816 0.1839 0.0514
vn 0.8956 0.2780 -0.3474
vn 0.8350 0.0908 0.5426
vn -0.5662 -0.1805 0.8042
vn -0.9030 -0.1509 0.4023
vn -0.9034 -0.1738 0.3920
vn -0.9991 -0.0361 -0.0229
vn -0.9960 -0.0634 -0.0634
vn -0.9054 -0.0236 0.4239
vn -0.9950 0.0765 0.0637
vn -0.6175 -0.0349 0.7858
vn -0.4992 0.2562 -0.8277
vn -0.5584 0.3368 -0.7581
vn -0.0849 0.5188 -0.8506
vn -0.0097 0.3943 -0.9189
vn 0.4632 0.6103 -0.6427
vn 0.5486 0.4515 -0.7037
vn -0.2164 0.6785 -0.7020
vn 0.2979 0.8023 -0.5172
vn -0.6494 0.4625 -0.6036
vn 0.5851 0.3585 -0.7274
vn 0.8834 0.3042 -0.3564
vn 0.8503 0.4027 -0.3387
vn -0.9959 -0.0428 -0.0793
vn -0.8222 0.1000 -0.5603
vn -0.4707 0.2246 -0.8533
vn -0.8385 0.1018 -0.5354
vn 0.0231 0.3275 -0.9446
vn -0.9102 -0.1437 0.3883
vn 0.3006 0.2294 0.9258
vn 0.3346 0.1836 0.9243
vn -0.0226 -0.1354 0.9905
vn -0.0860 -0.0698 0.9939
vn -0.4868 -0.4342 0.7580
vn -0.5586 -0.3088 0.7698
vn -0.3387 0.1534 0.9283
vn -0.5901 -0.2583 0.7649
vn -0.0141 0.4875 0.8730
vn -0.7968 -0.5113 0.3219
vn -0.8560 -0.3704 0.3606
vn -0.9168 -0.3796 -0.1239
vn -0.9659 -0.2535 -0.0527
vn -0.8910 -0.1973 0.4088
vn -0.9749 -0.2205 -0.0301
vn 0.4514 0.0854 0.8882
vn -0.0155 -0.0889 0.9959
vn -0.1360 0.0762 0.9878
vn 0.2998 0.2692 0.9152
vn 0.8743 0.4803 0.0701
vn 0.7846 0.3079 0.5381
vn 0.6199 0.5149 0.5921
vn 0.7055 0.6942 0.1425
vn 0.7698 0.5680 -0.2912
vn 0.5981 0.7763 -0.1992
vn -0.8706 0.1494 -0.4687
vn -0.9096 0.2580 -0.3256
vn 0.2223 0.5466 -0.8074
vn 0.6695 0.6497 -0.3601
vn 0.7686 0.4756 -0.4280
vn 0.3972 0.3348 -0.8545
vn 0.8531 0.0154 -0.5215
vn 0.5938 0.0020 -0.8046
vn 0.9407 0.3341 0.0593
vn 0.9854 0.0041 -0.1703
vn 0.8156 0.5431 0.1998
vn -0.1581 0.9464 -0.2817
vn 0.0776 0.9966 0.0284
vn 0.4981 0.8290 -0.2543
vn 0.0549 0.7614 -0.6460
vn 0.5947 0.7525 0.2830
vn 0.2101 0.9177 0.3371
vn 0.2933 -0.5465 -0.7844
vn 0.3312 -0.4156 -0.8471
vn -0.2362 -0.2779 -0.9311
vn -0.2371 -0.3367 -0.9113
vn -0.6545 -0.1307 -0.7447
vn -0.6399 -0.1271 -0.7578
vn -0.2091 -0.1068 -0.9720
vn -0.6620 -0.0646 -0.7467
vn 0.3727 -0.1481 -0.9160
vn -0.9774 0.1586 0.1394
vn -0.9808 0.0041 0.1949
vn -0.7994 -0.0030 0.6008
vn -0.7907 0.1751 0.5867
vn -0.5185 -0.0408 0.8541
vn -0.4911 0.1089 0.8643
vn -0.7859 -0.1586 0.5977
vn -0.5387 -0.1713 0.8249
vn -0.9609 -0.1252 0.2471
vn 0.4407 -0.2721 -0.8554
vn 0.0496 0.0493 -0.9976
vn -0.2208 0.3180 -0.9220
vn -0.1071 -0.1286 -0.9859
vn -0.4595 0.1422 -0.8767
vn 0.3543 -0.4279 -0.8315
vn -0.4204 0.5846 -0.6939
vn -0.4731 0.8584 -0.1982
vn -0.6912 0.4151 -0.5916
vn -0.7276 0.6826 -0.0676
vn 0.9633 -0.2612 -0.0617
vn 0.7555 -0.4043 -0.5155
vn 0.6706 -0.5591 -0.4875
vn 0.8962 -0.4435 -0.0112
vn 0.7289 0.3391 0.5948
vn 0.9214 0.0662 0.3829
vn 0.8431 -0.1423 0.5186
vn 0.5836 0.1393 0.8000
vn 0.0109 0.8292 0.5588
vn 0.4254 0.6033 0.6746
vn 0.2128 0.4199 0.8822
vn -0.2135 0.6496 0.7297
vn -0.2920 0.9173 0.2707
vn -0.5233 0.7432 0.4169
vn -0.6680 0.0221 -0.7439
vn -0.9654 -0.0709 -0.2510
vn -0.9506 -0.0847 -0.2987
vn -0.9396 -0.1693 0.2975
vn -0.9740 -0.0225 -0.2254
vn -0.9359 -0.1208 0.3310
vn -0.6686 0.0796 -0.7394
vn 0.3782 0.0603 -0.9238
vn -0.1919 0.0560 -0.9798
vn -0.1858 0.1349 -0.9733
vn 0.3707 0.1414 -0.9179
vn -0.9344 -0.0442 -0.3534
vn -0.9124 0.0340 -0.4078
vn 0.7762 -0.6296 -0.0316
vn 0.8677 -0.4843 -0.1122
vn 0.7068 -0.4186 -0.5702
vn 0.6314 -0.5938 -0.4987
vn 0.7742 -0.1428 -0.6166
vn 0.9692 -0.2007 -0.1428
vn 0.3909 -0.2393 0.8888
vn 0.4299 -0.2602 0.8646
vn 0.7493 -0.4297 0.5038
vn 0.6840 -0.4691 0.5586
vn 0.8558 -0.2424 0.4570
vn 0.4937 -0.2068 0.8447
vn -0.0533 -0.1260 0.9906
vn -0.0405 -0.0394 0.9984
vn -0.0609 -0.1851 0.9808
vn -0.4056 0.3541 0.8427
vn 0.0390 0.1568 0.9869
vn 0.4509 -0.0852 0.8885
vn 0.7405 -0.3383 0.5807
vn 0.8135 -0.5814 0.0105
vn 0.6155 -0.6332 -0.4693
vn 0.3028 -0.5200 -0.7987
vn -0.5874 -0.0201 -0.8090
vn -0.8502 0.2001 -0.4870
vn -0.9136 0.4025 0.0584
vn -0.7180 0.4409 0.5385
vn -0.1963 -0.2568 -0.9463
vn -0.6358 0.1507 -0.7570
vn -0.6046 0.2371 -0.7604
vn -0.9043 0.2106 -0.3713
vn -0.9445 0.0813 -0.3182
vn -0.9660 0.1507 0.2102
vn -0.9660 -0.0018 0.2584
vn -0.8596 0.3228 -0.3960
vn -0.9322 0.3150 0.1783
vn -0.5860 0.2946 -0.7549
vn 0.3373 0.2150 -0.9165
vn 0.2933 0.2929 -0.9100
vn -0.2062 0.2656 -0.9418
vn -0.1963 0.1982 -0.9603
vn -0.2284 0.3022 -0.9255
vn 0.2436 0.3307 -0.9118
vn 0.9899 -0.0197 -0.1407
vn 0.7825 0.0441 -0.6211
vn 0.7757 0.1007 -0.6230
vn 0.9901 0.0153 -0.1396
vn 0.5394 -0.1649 0.8257
vn 0.8992 -0.1058 0.4246
vn 0.9043 -0.0906 0.4171
vn 0.5490 -0.1720 0.8179
vn -0.5606 -0.2231 0.7975
vn -0.0650 -0.2117 0.9752
vn -0.0757 -0.2143 0.9738
vn -0.5771 -0.1927 0.7936
vn -0.7727 -0.2143 0.5975
vn -0.7739 -0.1653 0.6113
vn -0.4071 0.1513 0.9008
vn -0.3881 0.1300 0.9124
vn 0.1463 -0.0259 0.9889
vn 0.1402 0.0321 0.9896
vn 0.6022 -0.0770 0.7946
vn 0.6202 -0.0111 0.7844
vn 0.1280 -0.1751 0.9762
vn 0.5714 -0.1798 0.8007
vn -0.4062 -0.0680 0.9113
vn 0.8804 0.0145 0.4741
vn 0.8951 0.0692 0.4404
vn 0.9756 0.1907 -0.1087
vn 0.9644 0.2363 -0.1184
vn 0.8603 -0.0757 0.5042
vn 0.9895 0.1025 -0.1019
vn 0.9871 0.0855 -0.1356
vn 0.9740 0.1896 -0.1239
vn 0.7172 0.2850 -0.6359
vn 0.7532 0.1834 -0.6318
vn 0.6822 0.3318 -0.6515
vn 0.5856 -0.1291 0.8003
vn 0.6150 -0.0363 0.7877
vn 0.9046 0.0397 0.4243
vn 0.9070 -0.0457 0.4185
vn -0.5149 -0.1051 0.8508
vn -0.4607 0.0315 0.8870
vn 0.0957 -0.0303 0.9949
vn 0.0195 -0.1518 0.9882
vn -0.7745 0.0906 0.6261
vn -0.7818 -0.0551 0.6210
vn -0.7417 0.2475 0.6234
vn -0.9475 -0.0658 0.3129
vn -0.7770 -0.1122 0.6195
vn -0.5586 -0.1558 0.8147
vn -0.0473 -0.2019 0.9783
vn 0.5608 -0.1719 0.8099
vn 0.9056 -0.0844 0.4156
vn 0.9894 0.0364 -0.1403
vn 0.7696 0.1316 -0.6248
vn 0.3622 0.1741 -0.9157
vn -0.1884 0.1642 -0.9683
vn -0.6577 0.1093 -0.7453
vn -0.9668 0.0215 -0.2546
vn -0.3461 -0.6995 0.6253
vn -0.3382 -0.7220 0.6036
vn 0.1155 -0.5857 0.8022
vn 0.1008 -0.5895 0.8014
vn 0.5647 -0.3674 0.7390
vn 0.5290 -0.4165 0.7394
vn 0.1291 -0.5642 0.8155
vn 0.5979 -0.2896 0.7474
vn -0.3412 -0.7159 0.6092
vn 0.8590 -0.2402 0.4522
vn 0.8197 -0.3381 0.4623
vn 0.9724 -0.1676 -0.1624
vn 0.9360 -0.3083 -0.1701
vn 0.8855 -0.0628 0.4603
vn 0.9838 0.1341 -0.1192
vn -0.9267 0.3403 0.1594
vn -0.7340 0.2636 0.6258
vn -0.7777 0.0514 0.6265
vn -0.9800 0.1420 0.1392
vn 0.2024 0.2998 -0.9323
vn -0.2612 0.2763 -0.9249
vn -0.5914 0.2763 -0.7576
vn -0.2957 0.1925 -0.9357
vn -0.6120 0.1730 -0.7717
vn 0.1697 0.2255 -0.9594
vn -0.8499 0.3255 -0.4143
vn -0.8803 0.1778 -0.4399
vn 0.6694 0.2948 -0.6819
vn 0.6650 0.2200 -0.7137
vn -0.5080 -0.2653 -0.8195
vn -0.4987 -0.1649 -0.8509
vn -0.7317 -0.4441 -0.5170
vn -0.7164 -0.4965 -0.4901
vn -0.7559 -0.6542 -0.0262
vn -0.7346 -0.6781 -0.0245
vn -0.7484 -0.3826 -0.5418
vn -0.7828 -0.6215 -0.0310
vn -0.4970 -0.0816 -0.8639
vn 0.2282 0.0909 -0.9694
vn 0.2378 0.2854 -0.9284
vn -0.1710 0.0748 -0.9824
vn -0.1932 -0.0779 -0.9781
vn -0.1688 0.1675 -0.9713
vn 0.2301 0.3768 -0.8973
vn -0.7634 -0.6457 -0.0166
vn -0.7268 -0.6864 -0.0252
vn -0.5884 -0.7382 0.3300
vn -0.6114 -0.7075 0.3545
vn -0.5942 -0.7316 0.3341
vn 0.1302 -0.2138 -0.9682
vn 0.1760 -0.1480 -0.9732
vn -0.2372 -0.2248 -0.9451
vn -0.2838 -0.2472 -0.9265
vn -0.5268 -0.3374 -0.7802
vn -0.5587 -0.3240 -0.7634
vn -0.7118 -0.5208 -0.4713
vn -0.7404 -0.4813 -0.4692
vn 0.6362 -0.1170 -0.7626
vn 0.5979 -0.2343 -0.7665
vn 0.6731 0.1945 -0.7135
vn -0.3540 -0.6716 0.6509
vn -0.3521 -0.6608 0.6628
vn 0.1437 -0.4803 0.8653
vn 0.1335 -0.4919 0.8604
vn 0.5962 -0.1769 0.7831
vn 0.5989 -0.1704 0.7825
vn 0.0859 -0.6251 0.7758
vn 0.6326 -0.3501 0.6908
vn -0.3364 -0.6763 0.6553
vn 0.8509 0.1062 0.5145
vn 0.8566 0.1185 0.5023
vn 0.9188 0.3940 -0.0231
vn 0.9194 0.3918 -0.0347
vn 0.9456 0.0342 0.3236
vn 0.9344 0.3547 -0.0320
vn 0.9439 0.3235 -0.0667
vn 0.6519 0.4028 -0.6424
vn 0.6327 0.4843 -0.6043
vn 0.6080 -0.2153 0.7642
vn 0.8745 0.0665 0.4805
vn -0.3465 -0.6985 0.6261
vn 0.1362 -0.5305 0.8367
vn -0.6076 -0.7147 0.3464
vn -0.6248 -0.6918 0.3620
vn 0.9828 -0.1277 -0.1332
vn 0.6432 -0.0168 -0.7655
vn 0.1317 -0.0013 -0.9913
vn -0.6166 -0.1013 -0.7807
vn -0.8608 -0.2017 -0.4672
vn -0.9457 -0.3186 0.0639
vn -0.3204 -0.0417 -0.9464
vn -0.7524 -0.4096 0.5158
vn -0.4072 -0.4565 0.7911
vn 0.5305 -0.3391 0.7769
vn 0.8319 -0.2402 0.5003
vn 0.0927 -0.4398 0.8933
vn -0.3943 -0.2502 -0.8842
vn -0.0064 0.0982 -0.9951
vn 0.7847 -0.2621 -0.5617
vn 0.4123 -0.8582 -0.3056
vn 0.7356 0.3437 -0.5837
vn 0.2481 0.3680 -0.8961
vn -0.7810 -0.6217 -0.0592
vn -0.7006 -0.5301 -0.4776
vn -0.2029 -0.9779 0.0504
vn -0.5725 -0.7569 0.3153
vn -0.7938 -0.6067 -0.0425
vn -0.6314 -0.6828 0.3676
vn 0.2296 0.3959 -0.8891
vn -0.1740 0.1797 -0.9682
vn -0.4866 -0.0636 -0.8713
vn -0.7425 -0.3540 -0.5686
vn 0.6349 0.4975 -0.5911
vn 0.6176 0.7705 0.1575
vn 0.5376 0.8216 0.1895
vn 0.4400 0.8901 -0.1191
vn 0.5207 0.8377 -0.1645
vn 0.1755 0.8960 -0.4078
vn 0.2639 0.8311 -0.4896
vn -0.9956 0.0490 0.0797
vn -0.9062 -0.0503 0.4198
vn -0.6425 -0.0166 0.7661
vn 0.1926 0.3617 0.9122
vn 0.4700 0.6390 0.6090
vn 0.5640 0.5604 0.6065
vn -0.2869 0.7379 -0.6108
vn -0.2149 0.6191 -0.7553
vn -0.6867 0.4704 -0.5542
vn -0.6270 0.2870 -0.7242
vn -0.2009 0.1337 0.9705
vn -0.9267 0.2389 -0.2900
vn -0.8825 -0.0029 -0.4703
vn -0.7359 0.5353 -0.4146
vn -0.9509 0.1954 -0.2400
vn -0.8135 0.3840 0.4367
vn -0.5647 0.7494 0.3456
vn 0.2637 0.8386 -0.4767
vn -0.3011 0.8045 -0.5120
vn -0.1488 0.9782 0.1448
vn 0.4162 0.9003 -0.1276
vn 0.3183 0.7427 0.5892
vn 0.6040 0.7822 0.1527
vn 0.7156 0.6870 0.1263
vn 0.6217 0.4885 0.6122
vn 0.3473 0.7459 -0.5684
vn 0.6234 0.7495 -0.2227
vn -0.8384 -0.0729 -0.5401
vn -0.6052 0.2388 -0.7594
vn -0.1859 0.5451 -0.8175
vn 0.2491 -0.8417 0.4792
vn -0.1734 -0.9694 -0.1740
vn -0.5966 -0.6330 -0.4933
vn -0.7153 0.0622 0.6960
vn 0.2983 -0.1877 0.9358
vn -0.8686 -0.1645 -0.4674
vn -0.9912 0.1088 -0.0755
vn -0.9398 0.1261 0.3175
vn 0.2458 0.4511 -0.8579
vn 0.1115 0.5511 -0.8269
vn 0.6477 0.5412 -0.5363
vn 0.6603 0.3502 -0.6643
vn 0.8892 0.4241 -0.1715
vn 0.9036 0.3647 -0.2247
vn 0.8882 0.3678 0.2754
vn 0.9062 0.2907 0.3071
vn 0.6174 0.3767 0.6906
vn 0.6632 0.1919 0.7234
vn 0.1202 0.3068 0.9442
vn 0.1794 0.1682 0.9693
vn -0.5476 0.2033 0.8117
vn -0.4621 0.0726 0.8838
vn -0.8031 0.3691 0.4678
vn -0.9100 0.2512 0.3298
vn -0.8223 0.4042 -0.4005
vn -0.9195 0.3308 -0.2121
vn 0.0343 0.1258 -0.9915
vn -0.0091 0.1112 -0.9938
vn 0.5373 0.1241 -0.8342
vn 0.5097 0.1119 -0.8530
vn -0.4855 0.4091 -0.7726
vn -0.4349 0.3027 -0.8481
vn -0.6225 -0.2811 0.7304
vn -0.9306 -0.2140 0.2971
vn -0.9203 -0.2753 0.2779
vn -0.6205 -0.3781 0.6871
vn -0.5636 -0.6032 0.5643
vn -0.9001 -0.3383 0.2744
vn -0.8901 -0.3807 0.2508
vn -0.5422 -0.6539 0.5277
vn -0.1405 -0.2642 0.9542
vn -0.1046 -0.3882 0.9156
vn 0.4685 -0.1553 0.8697
vn 0.4896 -0.2742 0.8277
vn 0.9365 0.0366 0.3486
vn 0.9183 -0.0632 0.3907
vn -0.0569 0.2349 -0.9704
vn 0.5332 0.2745 -0.8003
vn 0.5770 0.3487 -0.7386
vn -0.0787 0.3633 -0.9283
vn 0.9329 0.1991 -0.3002
vn 0.9538 0.1884 -0.2342
vn -0.6392 0.0997 -0.7625
vn -0.7043 0.1544 -0.6929
vn -0.9653 -0.0784 -0.2492
vn -0.9728 -0.0903 -0.2132
vn 0.7963 -0.3028 0.5236
vn 0.4790 -0.5584 0.6773
vn 0.5088 -0.6268 0.5901
vn 0.8248 -0.3948 0.4048
vn 0.8863 -0.2740 0.3733
vn 0.4195 -0.5941 0.6864
vn 0.4882 -0.6361 0.5976
vn 0.8894 -0.3037 0.3415
vn -0.1343 0.6333 -0.7622
vn 0.5874 0.5567 -0.5875
vn 0.6153 0.6224 -0.4839
vn -0.0891 0.7429 -0.6635
vn -0.9931 -0.0136 -0.1168
vn -0.9928 0.0136 -0.1189
vn -0.1199 -0.6695 0.7331
vn -0.0291 -0.7523 0.6581
vn 0.9701 0.1991 -0.1390
vn 0.9808 0.1808 -0.0725
vn -0.7655 0.3727 -0.5245
vn -0.7415 0.4564 -0.4918
vn -0.1018 0.5791 -0.8088
vn 0.6990 0.4951 -0.5160
vn 0.5591 -0.0343 -0.8284
vn -0.4281 -0.3110 -0.8485
vn -0.0940 0.7173 -0.6904
vn 0.6776 0.6317 -0.3767
vn -0.8445 -0.4900 0.2163
vn -0.9771 -0.1144 -0.1795
vn -0.9387 -0.2242 -0.2619
vn -0.8321 -0.5475 0.0888
vn -0.0164 -0.7237 0.6899
vn 0.0105 -0.8151 0.5792
vn 0.9751 0.1373 0.1743
vn 0.9946 0.0784 0.0686
vn -0.7523 0.3500 -0.5581
vn -0.7424 0.2266 -0.6305
vn -0.5292 -0.6869 0.4982
vn -0.5130 -0.7622 0.3948
vn -0.7458 -0.6604 -0.0875
vn -0.7967 -0.4784 -0.3694
vn -0.7302 0.4968 -0.4690
vn 0.0574 -0.9123 0.4055
vn 0.1585 -0.9439 0.2896
vn 0.5429 0.8349 -0.0910
vn -0.7085 -0.0443 -0.7043
vn -0.3794 -0.9179 0.1164
vn 0.7438 -0.6349 0.2090
vn -0.5046 0.1410 -0.8517
vn 0.1242 0.2020 -0.9715
vn -0.9463 0.0364 -0.3212
vn -0.9432 -0.0546 0.3278
vn -0.5046 -0.0965 0.8579
vn 0.1338 -0.0664 0.9888
vn 0.6589 0.0215 0.7520
vn 0.9531 0.1258 0.2752
vn 0.9548 0.1929 -0.2260
vn 0.6535 0.2222 -0.7236
vn 0.0234 0.1341 -0.9907
vn 0.6015 0.1679 -0.7810
vn 0.9393 0.0713 -0.3357
vn 0.9279 0.0354 -0.3712
vn 0.9491 0.1481 -0.2779
vn 0.9343 -0.0263 0.3555
vn 0.9239 -0.0656 0.3771
vn 0.9472 0.0644 0.3141
vn 0.5282 -0.1116 0.8418
vn 0.4884 -0.1230 0.8639
vn 0.5967 -0.0551 0.8006
vn -0.0247 -0.1687 0.9854
vn -0.0028 -0.1531 0.9882
vn 0.0198 -0.1447 0.9893
vn -0.5677 -0.1848 0.8022
vn -0.5213 -0.1471 0.8406
vn -0.5721 -0.1754 0.8012
vn -0.9409 -0.1414 0.3077
vn -0.9317 -0.0821 0.3538
vn -0.9448 -0.1452 0.2936
vn -0.9501 -0.0507 -0.3079
vn -0.9465 0.0146 -0.3224
vn -0.9508 -0.0615 -0.3037
vn -0.5689 0.0482 -0.8210
vn -0.5246 0.0982 -0.8457
vn -0.5782 0.0517 -0.8142
vn -0.9569 -0.0127 -0.2901
vn -0.9171 -0.1224 0.3795
vn -0.9639 -0.0599 -0.2593
vn -0.9204 -0.1917 0.3408
vn -0.5715 0.1083 -0.8134
vn -0.6162 0.1081 -0.7801
vn -0.0366 0.1864 -0.9818
vn -0.0648 0.2335 -0.9702
vn 0.9270 0.1527 -0.3425
vn 0.5181 0.2037 -0.8307
vn 0.9200 0.2192 -0.3250
vn 0.5192 0.2763 -0.8088
vn 0.9294 0.0382 0.3672
vn 0.9403 0.0741 0.3322
vn 0.4694 -0.0920 0.8782
vn 0.4803 -0.1055 0.8707
vn -0.0914 -0.1610 0.9827
vn -0.1458 -0.2129 0.9661
vn -0.5562 -0.1697 0.8135
vn -0.6105 -0.2392 0.7551
vn -0.1212 0.4715 -0.8735
vn -0.7281 0.2556 -0.6360
vn -0.1293 0.4991 -0.8568
vn -0.7471 0.2861 -0.6000
vn 0.9204 -0.1495 0.3611
vn 0.9537 0.2006 -0.2241
vn 0.9025 -0.2092 0.3766
vn 0.9579 0.1948 -0.2109
vn -0.6510 -0.4714 0.5949
vn -0.1486 -0.5377 0.8300
vn -0.6596 -0.4865 0.5730
vn -0.1940 -0.5917 0.7825
vn -0.9770 -0.0405 -0.2095
vn -0.9864 -0.0147 -0.1638
vn 0.5572 0.4425 -0.7026
vn 0.5723 0.4592 -0.6795
vn 0.4702 -0.4416 0.7642
vn 0.4116 -0.5118 0.7541
vn -0.9250 -0.2987 0.2350
vn -0.9230 -0.2897 0.2533
vn -0.8798 -0.3988 0.2585
vn -0.5404 -0.6575 0.5250
vn -0.8623 -0.4414 0.2483
vn -0.5291 -0.6710 0.5194
vn -0.0489 0.7519 -0.6575
vn -0.7321 0.4660 -0.4969
vn -0.0644 0.7432 -0.6660
vn -0.7319 0.4436 -0.5173
vn 0.8535 -0.3506 0.3856
vn 0.9946 0.1034 0.0098
vn 0.8368 -0.3118 0.4500
vn 0.9875 0.1214 0.1007
vn -0.0343 -0.7538 0.6562
vn -0.0409 -0.7456 0.6651
vn -0.9950 -0.0160 -0.0989
vn -0.9911 -0.0572 -0.1205
vn 0.6672 0.5978 -0.4444
vn 0.6847 0.6110 -0.3973
vn 0.4817 -0.6403 0.5983
vn 0.4861 -0.6024 0.6331
vn 0.2541 -0.4393 0.8616
vn 0.1176 -0.5454 0.8299
vn 0.6605 -0.5157 0.5456
vn 0.6682 -0.3277 0.6679
vn 0.9059 -0.3861 0.1740
vn 0.9162 -0.3268 0.2318
vn 0.9045 -0.3308 -0.2691
vn 0.9187 -0.2527 -0.3035
vn 0.6315 -0.3502 -0.6918
vn 0.6718 -0.1680 -0.7214
vn 0.1317 -0.3000 -0.9448
vn 0.1879 -0.1586 -0.9693
vn -0.5794 -0.2139 -0.7865
vn -0.4548 -0.0903 -0.8860
vn -0.7836 -0.3639 -0.5036
vn -0.8985 -0.2869 -0.3323
vn -0.8175 -0.4479 0.3619
vn -0.9080 -0.3646 0.2063
vn 0.0322 -0.1234 0.9918
vn -0.0103 -0.1118 0.9937
vn 0.5398 -0.0904 0.8369
vn 0.5118 -0.0751 0.8558
vn -0.6326 -0.3563 0.6876
vn -0.4277 -0.3195 0.8456
vn -0.6358 0.0841 -0.7673
vn -0.9416 0.0234 -0.3360
vn -0.9498 0.0961 -0.2979
vn -0.6570 0.1549 -0.7378
vn -0.5815 0.0863 -0.8089
vn -0.9102 -0.0071 -0.4141
vn -0.8897 -0.0351 -0.4553
vn -0.5496 0.0664 -0.8328
vn -0.1366 0.1037 -0.9852
vn -0.0991 0.1848 -0.9778
vn 0.4842 0.0768 -0.8716
vn 0.5169 0.1588 -0.8412
vn 0.9414 -0.0013 -0.3372
vn 0.9349 0.0831 -0.3451
vn -0.0270 -0.1890 0.9816
vn 0.5447 -0.1708 0.8210
vn 0.5792 -0.1107 0.8076
vn -0.0552 -0.1496 0.9872
vn 0.9454 -0.0957 0.3115
vn 0.9498 -0.0223 0.3120
vn -0.6515 -0.1474 0.7442
vn -0.6969 -0.0941 0.7110
vn -0.9823 -0.0540 0.1792
vn -0.9801 0.0098 0.1984
vn 0.8148 0.1347 -0.5639
vn 0.4837 0.1444 -0.8632
vn 0.4735 0.2628 -0.8407
vn 0.7913 0.2928 -0.5368
vn 0.9018 0.1688 -0.3978
vn 0.4445 0.2074 -0.8714
vn 0.4801 0.2063 -0.8526
vn 0.8893 0.1838 -0.4187
vn -0.1245 -0.1496 0.9809
vn 0.5849 -0.0609 0.8088
vn 0.6271 -0.0592 0.7767
vn -0.0727 -0.1732 0.9822
vn -0.9905 -0.0994 0.0949
vn -0.9882 -0.1270 0.0858
vn -0.1115 0.1718 -0.9788
vn -0.0456 0.1592 -0.9862
vn 0.9603 0.0594 0.2726
vn 0.9747 0.0870 0.2058
vn -0.7478 -0.1599 0.6444
vn -0.7312 -0.1849 0.6566
vn -0.1514 0.0268 0.9881
vn 0.6395 0.1428 0.7554
vn 0.4033 0.7307 0.5509
vn -0.5425 0.6577 0.5226
vn -0.0833 -0.1477 0.9855
vn 0.6978 -0.0555 0.7141
vn -0.8651 0.0040 -0.5016
vn -0.9965 -0.0735 0.0390
vn -0.9984 0.0497 0.0277
vn -0.8867 0.1132 -0.4483
vn -0.0187 0.1197 -0.9926
vn -0.0313 0.2631 -0.9643
vn 0.9976 0.0686 -0.0059
vn 0.9801 0.1937 0.0443
vn -0.7624 -0.1364 0.6326
vn -0.7919 -0.0050 0.6106
vn -0.5377 0.0661 -0.8405
vn -0.5581 0.1853 -0.8088
vn -0.8635 0.3307 -0.3808
vn -0.9371 0.3480 -0.0271
vn -0.3311 0.8860 -0.3247
vn -0.0470 0.4600 -0.8867
vn 0.0314 0.5868 -0.8091
vn 0.6989 0.7090 -0.0940
vn -0.8241 0.2468 0.5099
vn -0.5197 0.5070 -0.6876
vn 0.6238 0.5782 -0.5260
vn -0.5047 -0.1604 0.8483
vn 0.1262 -0.1972 0.9722
vn -0.9457 -0.0727 0.3167
vn -0.9428 0.0186 -0.3330
vn -0.5047 0.0769 -0.8599
vn 0.1348 0.0717 -0.9883
vn 0.6616 0.0039 -0.7498
vn 0.9580 -0.0897 -0.2725
vn 0.9596 -0.1573 0.2331
vn 0.6565 -0.1975 0.7280
vn 0.0253 -0.1337 0.9907
vn 0.6046 -0.1405 0.7840
vn 0.9398 -0.0119 0.3415
vn 0.9258 0.0303 0.3767
vn 0.9534 -0.1028 0.2836
vn 0.9348 0.0846 -0.3450
vn 0.9222 0.1300 -0.3642
vn 0.9512 -0.0193 -0.3078
vn 0.5303 0.1442 -0.8355
vn 0.4912 0.1577 -0.8566
vn 0.5995 0.0820 -0.7962
vn -0.0257 0.1671 -0.9856
vn -0.0040 0.1529 -0.9882
vn 0.0215 0.1448 -0.9892
vn -0.5701 0.1509 -0.8076
vn -0.5248 0.1105 -0.8440
vn -0.5729 0.1488 -0.8060
vn -0.9447 0.0854 -0.3167
vn -0.9325 0.0170 -0.3608
vn -0.9482 0.1033 -0.3004
vn -0.9532 -0.0065 0.3022
vn -0.9468 -0.0801 0.3118
vn -0.9537 0.0187 0.3003
vn -0.5705 -0.0825 0.8172
vn -0.5278 -0.1344 0.8387
vn -0.5781 -0.0790 0.8121
vn -0.9586 -0.0689 0.2763
vn -0.9204 0.0247 -0.3902
vn -0.9755 -0.0575 0.2122
vn -0.9274 0.0261 -0.3732
vn -0.5752 -0.1404 0.8059
vn -0.6287 -0.1417 0.7646
vn -0.0350 -0.1642 0.9858
vn -0.0514 -0.1916 0.9801
vn 0.9326 -0.0644 0.3552
vn 0.5229 -0.1375 0.8413
vn 0.9347 -0.1197 0.3346
vn 0.5288 -0.1843 0.8285
vn 0.9372 0.0245 -0.3478
vn 0.9455 -0.0295 -0.3244
vn 0.4846 0.0950 -0.8696
vn 0.4981 0.0479 -0.8658
vn -0.0863 0.1106 -0.9901
vn -0.1366 0.0780 -0.9876
vn -0.5604 0.0883 -0.8235
vn -0.6168 0.0716 -0.7838
vn -0.1049 -0.0912 0.9903
vn -0.7292 -0.0490 0.6826
vn -0.1291 -0.0911 0.9874
vn -0.7496 -0.0881 0.6559
vn 0.9330 0.1616 -0.3216
vn 0.9336 0.0414 0.3560
vn 0.9144 0.1741 -0.3654
vn 0.9458 0.0533 0.3204
vn -0.6847 0.1970 -0.7017
vn -0.1105 0.2500 -0.9619
vn -0.6822 0.1459 -0.7165
vn -0.1470 0.2314 -0.9617
vn -0.9763 0.0325 0.2139
vn -0.9887 -0.0333 0.1460
vn 0.5478 -0.0493 0.8352
vn 0.5687 -0.0377 0.8217
vn 0.5264 0.2389 -0.8160
vn 0.4611 0.2378 -0.8549
vn -0.9592 0.1175 -0.2573
vn -0.9454 0.0516 -0.3217
vn -0.8820 -0.0305 -0.4702
vn -0.5451 0.0705 -0.8354
vn -0.8707 -0.0150 -0.4915
vn -0.5344 0.0683 -0.8424
vn -0.0324 -0.1770 0.9837
vn -0.7204 -0.1947 0.6657
vn -0.0433 -0.1718 0.9842
vn -0.7220 -0.1902 0.6652
vn 0.8510 0.1965 -0.4870
vn 0.9894 0.1079 0.0971
vn 0.8432 0.1577 -0.5139
vn 0.9961 0.0802 0.0372
vn -0.0448 0.1631 -0.9856
vn -0.0440 0.1473 -0.9881
vn -0.9909 -0.1251 0.0502
vn -0.9930 -0.1122 0.0368
vn 0.6749 -0.0494 0.7362
vn 0.7019 -0.0568 0.7100
vn 0.4683 0.2139 -0.8573
vn 0.4822 0.1809 -0.8572
vn -0.2458 0.4511 -0.8579
vn -0.6603 0.3502 -0.6643
vn -0.6477 0.5412 -0.5363
vn -0.1115 0.5511 -0.8269
vn -0.9036 0.3647 -0.2247
vn -0.8892 0.4241 -0.1715
vn -0.9062 0.2907 0.3071
vn -0.8882 0.3678 0.2754
vn -0.6632 0.1919 0.7234
vn -0.6174 0.3767 0.6906
vn -0.1794 0.1682 0.9693
vn -0.1202 0.3068 0.9442
vn 0.4621 0.0726 0.8838
vn 0.5476 0.2033 0.8117
vn 0.9100 0.2512 0.3298
vn 0.8031 0.3691 0.4678
vn 0.9195 0.3308 -0.2121
vn 0.8223 0.4042 -0.4005
vn -0.0333 0.1236 -0.9918
vn -0.5082 0.0777 -0.8578
vn -0.5375 0.0931 -0.8381
vn 0.0089 0.1117 -0.9937
vn 0.4349 0.3027 -0.8481
vn 0.4855 0.4091 -0.7726
vn 0.6302 -0.1729 0.7569
vn 0.6367 -0.2594 0.7262
vn 0.9366 -0.1004 0.3358
vn 0.9402 -0.0526 0.3366
vn 0.5549 -0.4711 0.6857
vn 0.5386 -0.5142 0.6675
vn 0.8719 -0.1751 0.4574
vn 0.8838 -0.1478 0.4440
vn 0.1436 -0.2395 0.9602
vn 0.1176 -0.3654 0.9234
vn -0.4711 -0.2362 0.8499
vn -0.4823 -0.3608 0.7982
vn -0.9428 -0.1254 0.3090
vn -0.9138 -0.2315 0.3338
vn 0.0565 0.2445 -0.9680
vn 0.0575 0.3726 -0.9262
vn -0.5888 0.2332 -0.7739
vn -0.5383 0.1819 -0.8229
vn -0.9398 0.0375 -0.3398
vn -0.9565 0.0076 -0.2916
vn 0.6441 0.2103 -0.7354
vn 0.7000 0.2895 -0.6528
vn 0.9740 0.0888 -0.2083
vn 0.9834 0.0961 -0.1541
vn -0.7911 -0.5499 0.2680
vn -0.7407 -0.6562 0.1440
vn -0.4476 -0.7765 0.4436
vn -0.4761 -0.6960 0.5375
vn -0.8698 -0.4457 0.2115
vn -0.8586 -0.4872 0.1593
vn -0.4625 -0.7224 0.5141
vn -0.4148 -0.6669 0.6190
vn 0.1367 0.6447 -0.7521
vn 0.0746 0.7388 -0.6698
vn -0.6104 0.4689 -0.6384
vn -0.5718 0.4213 -0.7040
vn 0.9687 0.2284 0.0968
vn 0.9793 0.1910 0.0677
vn 0.0425 -0.7219 0.6907
vn 0.1168 -0.6324 0.7658
vn -0.9560 -0.0378 -0.2909
vn -0.9464 -0.0039 -0.3229
vn 0.7191 0.6027 -0.3459
vn 0.7567 0.5222 -0.3934
vn 0.1793 0.6005 -0.7792
vn 0.7640 -0.1311 -0.6317
vn -0.2056 -0.1960 -0.9588
vn -0.6021 0.2477 -0.7590
vn 0.0793 0.7251 -0.6841
vn -0.6841 0.3869 -0.6183
vn 0.8393 -0.2062 0.5030
vn 0.8808 -0.2409 0.4077
vn 0.9906 0.1087 0.0835
vn 0.9707 0.1984 0.1354
vn 0.0572 -0.7872 0.6140
vn 0.0091 -0.6938 0.7201
vn -0.9274 -0.2586 -0.2705
vn -0.9694 -0.1876 -0.1581
vn 0.7974 0.4776 -0.3688
vn 0.7438 0.5834 -0.3262
vn 0.5639 -0.5579 0.6089
vn 0.5218 -0.4944 0.6952
vn 0.9007 -0.3752 0.2191
vn 0.9533 0.2982 -0.0475
vn 0.9827 -0.1795 -0.0458
vn 0.0626 -0.9504 0.3047
vn 0.1031 -0.8901 0.4440
vn 0.5602 -0.0343 -0.8277
vn 0.8790 0.2094 -0.4283
vn 0.5894 -0.7441 0.3145
vn -0.5272 -0.8496 0.0109
vn 0.5047 0.1408 -0.8518
vn -0.1242 0.2020 -0.9715
vn 0.9463 0.0361 -0.3213
vn 0.9432 -0.0548 0.3277
vn 0.5047 -0.0966 0.8579
vn -0.1338 -0.0664 0.9888
vn -0.6589 0.0215 0.7520
vn -0.9531 0.1258 0.2752
vn -0.9548 0.1929 -0.2260
vn -0.6536 0.2222 -0.7235
vn -0.6052 0.1553 -0.7807
vn -0.0273 0.1350 -0.9905
vn -0.9247 -0.0269 -0.3798
vn -0.9390 0.0156 -0.3437
vn -0.9519 0.1229 -0.2808
vn -0.9209 -0.1275 0.3684
vn -0.9339 -0.0817 0.3480
vn -0.9499 0.0394 0.3099
vn -0.4871 -0.1558 0.8594
vn -0.5280 -0.1418 0.8373
vn -0.6002 -0.0669 0.7971
vn 0.0040 -0.1528 0.9882
vn 0.0250 -0.1673 0.9856
vn -0.0234 -0.1435 0.9894
vn 0.5225 -0.1117 0.8453
vn 0.5695 -0.1536 0.8075
vn 0.5707 -0.1620 0.8050
vn 0.9319 -0.0189 0.3622
vn 0.9447 -0.0906 0.3153
vn 0.9464 -0.1270 0.2969
vn 0.9464 0.0788 -0.3134
vn 0.9532 0.0013 -0.3023
vn 0.9521 -0.0427 -0.3027
vn 0.5249 0.1337 -0.8406
vn 0.5696 0.0798 -0.8180
vn 0.5762 0.0658 -0.8146
vn 0.9171 -0.0327 0.3974
vn 0.9576 0.0823 -0.2760
vn 0.9258 -0.0521 0.3743
vn 0.9698 0.0876 -0.2275
vn 0.5675 0.1682 -0.8060
vn 0.6163 0.2024 -0.7610
vn 0.0281 0.1919 -0.9810
vn 0.0590 0.2430 -0.9682
vn -0.5264 0.1494 -0.8370
vn -0.9324 0.0561 -0.3571
vn -0.5286 0.1949 -0.8262
vn -0.9311 0.0753 -0.3569
vn -0.9358 -0.0592 0.3475
vn -0.9517 -0.0727 0.2983
vn -0.4793 -0.1377 0.8668
vn -0.4913 -0.1797 0.8523
vn 0.0833 -0.1491 0.9853
vn 0.1388 -0.1900 0.9719
vn 0.5523 -0.1129 0.8260
vn 0.6103 -0.1453 0.7787
vn 0.7240 0.3930 -0.5669
vn 0.1119 0.4848 -0.8675
vn 0.7513 0.4243 -0.5055
vn 0.1430 0.5142 -0.8457
vn -0.9476 0.0112 -0.3194
vn -0.9057 -0.3242 0.2732
vn -0.9418 0.0063 -0.3361
vn -0.8884 -0.3772 0.2618
vn 0.1686 -0.4985 0.8503
vn 0.6683 -0.3356 0.6639
vn 0.1988 -0.5440 0.8152
vn 0.6591 -0.3519 0.6646
vn 0.9818 0.1524 -0.1135
vn 0.9841 0.1746 -0.0322
vn -0.5593 0.3240 -0.7630
vn -0.5567 0.3397 -0.7581
vn -0.4522 -0.5228 0.7226
vn -0.4037 -0.5804 0.7073
vn 0.9380 -0.1115 0.3282
vn 0.9197 -0.1078 0.3775
vn 0.5373 -0.5206 0.6635
vn 0.8650 -0.1972 0.4615
vn 0.5217 -0.5179 0.6779
vn 0.8512 -0.2138 0.4793
vn 0.7093 0.6089 -0.3551
vn 0.0335 0.7388 -0.6731
vn 0.7028 0.6192 -0.3503
vn 0.0335 0.7365 -0.6756
vn -0.9716 -0.1131 -0.2079
vn -0.8255 -0.5223 0.2138
vn -0.9757 -0.1425 -0.1661
vn -0.8234 -0.5157 0.2368
vn 0.0475 -0.7226 0.6896
vn 0.0402 -0.7119 0.7011
vn 0.9731 0.1988 0.1161
vn 0.9721 0.1951 0.1302
vn -0.6632 0.4356 -0.6086
vn -0.6958 0.4039 -0.5939
vn -0.4561 -0.7239 0.5176
vn -0.4766 -0.7037 0.5269
vn -0.2542 -0.4392 0.8617
vn -0.6680 -0.3268 0.6686
vn -0.6605 -0.5157 0.5456
vn -0.1176 -0.5454 0.8299
vn -0.9161 -0.3264 0.2330
vn -0.9059 -0.3861 0.1740
vn -0.9190 -0.2527 -0.3027
vn -0.9045 -0.3308 -0.2691
vn -0.6719 -0.1680 -0.7213
vn -0.6315 -0.3502 -0.6918
vn -0.1879 -0.1586 -0.9693
vn -0.1317 -0.3000 -0.9448
vn 0.4548 -0.0903 -0.8860
vn 0.5794 -0.2139 -0.7865
vn 0.8982 -0.2868 -0.3331
vn 0.7836 -0.3639 -0.5036
vn 0.9082 -0.3649 0.2052
vn 0.8175 -0.4479 0.3619
vn -0.0316 -0.1239 0.9918
vn -0.5107 -0.0808 0.8560
vn -0.5385 -0.0929 0.8375
vn 0.0109 -0.1119 0.9937
vn 0.4277 -0.3200 0.8454
vn 0.6326 -0.3563 0.6876
vn 0.6358 0.1131 -0.7635
vn 0.6545 0.1920 -0.7313
vn 0.9449 0.1497 -0.2911
vn 0.9414 0.0662 -0.3307
vn 0.5823 0.1329 -0.8021
vn 0.5526 0.1129 -0.8257
vn 0.8932 0.0405 -0.4478
vn 0.9119 0.0661 -0.4051
vn 0.1379 0.1103 -0.9843
vn 0.0997 0.1911 -0.9765
vn -0.4811 0.0556 -0.8749
vn -0.5168 0.1324 -0.8458
vn -0.9380 -0.0434 -0.3439
vn -0.9350 0.0348 -0.3530
vn 0.0294 -0.1875 0.9818
vn 0.0577 -0.1462 0.9876
vn -0.5774 -0.1415 0.8041
vn -0.5409 -0.1950 0.8182
vn -0.9419 -0.1382 0.3063
vn -0.9493 -0.0718 0.3062
vn 0.6525 -0.1177 0.7486
vn 0.6968 -0.0548 0.7151
vn 0.9826 -0.0093 0.1855
vn 0.9769 0.0653 0.2032
vn -0.8158 0.0434 -0.5767
vn -0.8106 0.2031 -0.5493
vn -0.4867 0.2090 -0.8482
vn -0.4833 0.0903 -0.8708
vn -0.9077 0.0971 -0.4083
vn -0.8967 0.1082 -0.4292
vn -0.4850 0.1656 -0.8587
vn -0.4486 0.1719 -0.8771
vn 0.1251 -0.1397 0.9823
vn 0.0776 -0.1669 0.9829
vn -0.6278 -0.1137 0.7700
vn -0.5871 -0.1076 0.8023
vn 0.9947 -0.0422 0.0932
vn 0.9944 -0.0198 0.1035
vn 0.0453 0.1629 -0.9856
vn 0.1110 0.1809 -0.9772
vn -0.9810 0.0033 0.1940
vn -0.9650 -0.0169 0.2618
vn 0.7377 -0.1227 0.6639
vn 0.7516 -0.0998 0.6521
vn 0.1321 0.0426 0.9903
vn 0.4575 0.7137 0.5304
vn -0.4909 0.6806 0.5439
vn -0.6632 0.0699 0.7452
vn 0.0839 -0.1384 0.9868
vn -0.6983 -0.1337 0.7032
vn 0.8669 0.1010 -0.4881
vn 0.8754 0.2118 -0.4345
vn 0.9860 0.1608 0.0432
vn 0.9978 0.0381 0.0546
vn 0.0168 0.2658 -0.9639
vn 0.0207 0.1219 -0.9923
vn -0.9961 0.0830 0.0288
vn -0.9988 -0.0431 -0.0215
vn 0.7779 0.0829 0.6229
vn 0.7629 -0.0510 0.6445
vn 0.5465 0.2471 -0.8002
vn 0.5400 0.1264 -0.8321
vn 0.8270 0.4253 -0.3675
vn 0.2351 0.9177 -0.3203
vn 0.8927 0.4504 -0.0128
vn -0.0842 0.5804 -0.8100
vn 0.0092 0.4631 -0.8862
vn -0.7721 0.6266 -0.1055
vn 0.7834 0.3367 0.5224
vn 0.4705 0.5625 -0.6799
vn -0.6761 0.5054 -0.5361
vn 0.5051 -0.1627 0.8476
vn -0.1261 -0.1968 0.9723
vn 0.9463 -0.0761 0.3141
vn 0.9420 0.0154 -0.3354
vn 0.5037 0.0750 -0.8606
vn -0.1354 0.0719 -0.9882
vn -0.6623 0.0059 -0.7492
vn -0.9589 -0.0864 -0.2704
vn -0.9594 -0.1539 0.2363
vn -0.6557 -0.1950 0.7294
vn -0.6028 -0.1387 0.7857
vn -0.0243 -0.1335 0.9908
vn -0.9262 0.0205 0.3765
vn -0.9395 -0.0164 0.3420
vn -0.9528 -0.1007 0.2864
vn -0.9225 0.1206 -0.3666
vn -0.9348 0.0805 -0.3459
vn -0.9517 -0.0167 -0.3067
vn -0.4899 0.1526 -0.8583
vn -0.5293 0.1422 -0.8364
vn -0.5989 0.0845 -0.7964
vn 0.0044 0.1528 -0.9882
vn 0.0263 0.1670 -0.9856
vn -0.0211 0.1450 -0.9892
vn 0.5243 0.1155 -0.8436
vn 0.5697 0.1524 -0.8076
vn 0.5725 0.1464 -0.8068
vn 0.9326 0.0262 -0.3601
vn 0.9443 0.0882 -0.3171
vn 0.9479 0.0992 -0.3028
vn 0.9470 -0.0710 0.3134
vn 0.9533 -0.0034 0.3020
vn 0.9546 0.0150 0.2977
vn 0.5276 -0.1293 0.8396
vn 0.5707 -0.0805 0.8172
vn 0.5793 -0.0808 0.8111
vn 0.9208 0.0432 -0.3875
vn 0.9590 -0.0494 0.2792
vn 0.9277 0.0594 -0.3686
vn 0.9758 -0.0221 0.2174
vn 0.5758 -0.1278 0.8075
vn 0.6297 -0.1188 0.7677
vn 0.0371 -0.1627 0.9860
vn 0.0536 -0.1891 0.9805
vn -0.5194 -0.1486 0.8415
vn -0.9313 -0.0845 0.3544
vn -0.5245 -0.2026 0.8269
vn -0.9312 -0.1525 0.3310
vn -0.9358 0.0043 -0.3526
vn -0.9419 -0.0625 -0.3301
vn -0.4808 0.0855 -0.8726
vn -0.4936 0.0310 -0.8691
vn 0.0881 0.1133 -0.9897
vn 0.1387 0.0836 -0.9868
vn 0.5607 0.1003 -0.8220
vn 0.6175 0.0943 -0.7809
vn 0.7277 -0.0022 0.6859
vn 0.1051 -0.0838 0.9909
vn 0.7507 -0.0328 0.6598
vn 0.1299 -0.0815 0.9882
vn -0.9367 -0.0144 0.3498
vn -0.9375 0.1075 -0.3310
vn -0.9502 -0.0155 0.3112
vn -0.9197 0.1090 -0.3773
vn 0.1089 0.2592 -0.9597
vn 0.6800 0.2404 -0.6927
vn 0.1448 0.2435 -0.9590
vn 0.6806 0.1946 -0.7063
vn 0.9712 0.0958 0.2180
vn 0.9874 0.0392 0.1531
vn -0.5486 -0.0818 0.8321
vn -0.5704 -0.0791 0.8175
vn -0.5296 0.2096 -0.8219
vn -0.4624 0.2066 -0.8623
vn 0.9517 0.1796 -0.2492
vn 0.9426 0.1191 -0.3120
vn 0.5479 0.1253 -0.8271
vn 0.8860 0.0590 -0.4598
vn 0.5362 0.1283 -0.8343
vn 0.8741 0.0831 -0.4786
vn 0.7287 -0.1202 0.6742
vn 0.0390 -0.1733 0.9841
vn 0.7284 -0.1086 0.6764
vn 0.0467 -0.1668 0.9849
vn -0.9965 0.0054 0.0830
vn -0.8595 0.1093 -0.4993
vn -0.9993 -0.0321 0.0217
vn -0.8476 0.0626 -0.5269
vn 0.0440 0.1675 -0.9849
vn 0.0426 0.1521 -0.9874
vn 0.9978 -0.0245 0.0612
vn 0.9987 -0.0002 0.0519
vn -0.6753 -0.1200 0.7277
vn -0.7022 -0.1359 0.6989
vn -0.4747 0.1663 -0.8643
vn -0.4864 0.1265 -0.8646
vn -0.0000 -0.1195 0.9928
vn -0.4723 -0.1076 0.8748
vn -0.2819 0.3280 0.9016
vn -0.0000 0.3298 0.9441
vn 0.1878 0.5360 0.8231
vn 0.2639 0.4678 0.8435
vn 0.7364 0.4486 0.5065
vn 0.7288 0.3734 0.5740
vn 0.9198 0.2487 0.3035
vn 0.8010 0.2639 0.5373
vn 0.9349 -0.0902 0.3432
vn 0.6248 0.0668 0.7780
vn -0.0000 -0.4669 0.8843
vn -0.4703 -0.5346 0.7021
vn 0.1893 -0.2449 0.9509
vn -0.2114 -0.8769 0.4317
vn 0.4318 -0.4982 0.7519
vn 0.1266 -0.9716 0.1999
vn 0.2832 -0.5220 0.8046
vn 0.6538 -0.7143 0.2496
vn 0.8290 -0.0432 0.5575
vn 0.8324 -0.2278 0.5052
vn -0.2422 -0.3255 0.9140
vn -0.0719 -0.0659 0.9952
vn 0.6758 -0.6252 0.3904
vn 0.3782 0.0794 0.9223
vn 0.2231 -0.8523 0.4732
vn 0.7692 0.1235 0.6270
vn -0.1357 -0.8104 0.5700
vn -0.2051 -0.5796 0.7886
vn 0.3569 -0.5777 0.7341
vn 0.4458 -0.5861 0.6766
vn 0.2391 -0.3989 0.8853
vn 0.2147 -0.2575 0.9421
vn 0.2813 -0.1868 0.9413
vn 0.2463 -0.1761 0.9531
vn 0.4240 -0.5183 0.7427
vn 0.3791 -0.5131 0.7701
vn 0.3304 -0.3137 0.8902
vn 0.4256 -0.4387 0.7914
vn 0.0914 -0.0431 0.9949
vn 0.2543 0.0566 0.9655
vn 0.2450 -0.6823 0.6888
vn 0.0353 -0.4817 0.8756
vn 0.4346 -0.7381 0.5161
vn 0.5375 -0.0621 0.8410
vn 0.6934 -0.3434 0.6334
vn 0.6260 -0.5364 0.5660
vn 0.5216 -0.6636 0.5362
vn 0.0040 -0.2533 0.9674
vn 0.5055 -0.3834 0.7730
vn 0.3678 0.3296 0.8695
vn -0.0000 0.3276 0.9448
vn 0.4081 0.3791 0.8305
vn -0.0000 0.4057 0.9140
vn 0.4108 0.5971 0.6890
vn -0.0000 0.6434 0.7655
vn 0.5554 0.3520 0.7534
vn 0.6572 0.2893 0.6959
vn 0.7244 0.4498 0.5224
vn 0.7618 0.3032 0.5725
vn 0.9142 0.3915 -0.1045
vn 0.9919 0.1086 0.0659
vn 0.7294 0.1228 -0.6730
vn 0.8274 -0.1396 -0.5440
vn 0.4583 -0.1631 -0.8737
vn 0.6562 -0.2882 -0.6974
vn 0.1340 -0.6068 -0.7835
vn 0.3308 -0.7043 -0.6281
vn 0.6787 -0.1929 0.7087
vn 0.0993 -0.6504 0.7531
vn 0.8678 -0.4931 0.0619
vn 0.0322 -0.9916 0.1249
vn 0.3580 -0.7216 -0.5925
vn -0.0931 -0.9000 -0.4258
vn 0.8094 0.5416 -0.2271
vn 0.7085 0.5821 0.3991
vn 0.8637 0.2007 0.4623
vn 0.9928 0.0593 0.1037
vn 0.0430 -0.3963 0.9171
vn -0.1234 -0.7288 0.6735
vn 0.2602 -0.7275 0.6349
vn 0.3666 -0.5021 0.7832
vn 0.4031 -0.2075 -0.8913
vn 0.6594 0.2267 -0.7168
vn 0.9418 -0.2339 -0.2412
vn 0.7715 -0.5349 -0.3444
vn 0.1109 -0.6420 -0.7587
vn 0.5406 -0.8193 -0.1908
vn 0.4892 0.3783 0.7858
vn 0.2851 0.0533 0.9570
vn 0.4769 -0.2508 0.8424
vn 0.6893 -0.0322 0.7237
vn -0.2373 -0.9494 0.2056
vn -0.1553 -0.9181 -0.3646
vn 0.2920 -0.9487 0.1209
vn 0.1406 -0.9166 0.3744
vn 0.5142 -0.5560 0.6531
vn 0.5891 -0.4239 0.6879
vn 0.6267 -0.6131 0.4810
vn 0.5266 -0.6086 0.5936
vn 0.6516 -0.3386 0.6788
vn 0.7035 -0.2774 0.6543
vn 0.8632 -0.4801 0.1561
vn 0.7217 -0.6674 0.1837
vn 0.8770 -0.3783 0.2961
vn 0.7892 -0.3313 0.5172
vn 0.6364 -0.7046 0.3137
vn 0.3941 -0.2897 0.8722
vn 0.5253 -0.1283 0.8412
vn 0.7408 -0.0216 0.6714
vn 0.9024 -0.0099 0.4308
vn 0.6513 -0.7529 -0.0944
vn 0.3535 -0.9239 0.1465
vn 0.3443 -0.8550 0.3880
vn 0.9753 -0.1426 0.1688
vn 0.2681 -0.5528 0.7890
vn 0.2464 -0.7911 0.5598
vn 0.9196 -0.3805 -0.0974
vn 0.5885 -0.5959 0.5464
vn 0.3526 -0.6792 -0.6437
vn 0.2771 -0.8496 -0.4487
vn 0.2409 -0.7514 -0.6143
vn 0.1823 -0.8793 -0.4401
vn -0.0000 -0.7369 -0.6760
vn -0.0000 -0.8837 -0.4680
vn 0.8522 -0.3243 -0.4106
vn 0.8744 -0.3184 -0.3661
vn 0.9925 -0.0377 0.1160
vn 0.8042 0.2299 0.5481
vn 0.9845 -0.0324 0.1724
vn 0.8152 0.2612 0.5169
vn 0.8913 -0.3717 -0.2595
vn 0.8658 -0.4174 -0.2760
vn 0.9917 0.0692 0.1081
vn 0.8235 0.3577 0.4403
vn 0.8875 -0.3739 -0.2692
vn 0.9136 -0.3117 -0.2610
vn 0.9793 0.1956 -0.0529
vn 0.8311 0.4890 0.2651
vn 0.9062 -0.2541 -0.3380
vn 0.9120 -0.2095 -0.3526
vn 0.9184 0.2531 -0.3042
vn 0.8043 0.5923 -0.0475
vn 0.8648 -0.1205 -0.4875
vn 0.8563 -0.1179 -0.5029
vn 0.7285 0.2979 -0.6169
vn 0.6438 0.6410 -0.4179
vn 0.6767 0.0067 -0.7362
vn 0.6740 -0.0103 -0.7386
vn 0.3672 0.3593 -0.8579
vn 0.2969 0.6656 -0.6847
vn 0.3274 0.0685 -0.9424
vn 0.3377 0.1026 -0.9356
vn -0.0000 0.3801 -0.9249
vn -0.0000 0.6661 -0.7459
vn -0.0000 0.0683 -0.9977
vn -0.0000 0.1372 -0.9905
vn 0.7707 0.2120 0.6009
vn 0.7199 0.2490 0.6479
vn 0.7122 0.2496 0.6561
vn 0.7618 0.2675 0.5901
vn 0.7819 0.2244 0.5816
vn 0.7137 0.2542 0.6527
vn 0.7908 0.3577 0.4967
vn 0.7243 0.4141 0.5512
vn 0.8100 0.3379 0.4793
vn 0.3901 0.7848 0.4816
vn -0.0000 0.8311 0.5561
vn 0.8031 0.4906 0.3381
vn 0.7997 0.4995 0.3331
vn 0.6896 0.6100 0.3903
vn 0.7526 0.6555 0.0633
vn 0.7230 0.6851 0.0882
vn 0.3472 0.9275 0.1382
vn -0.0000 0.9725 0.2327
vn 0.6073 0.7843 0.1267
vn 0.5757 0.7613 -0.2983
vn 0.5519 0.7977 -0.2432
vn 0.4740 0.8543 -0.2131
vn 0.2726 0.9356 -0.2245
vn -0.0000 0.9850 -0.1723
vn 0.2791 0.8012 -0.5293
vn 0.2803 0.8618 -0.4228
vn -0.0000 0.8201 -0.5723
vn -0.0000 0.8997 -0.4364
vn 0.9061 -0.3828 -0.1801
vn 0.9354 -0.2162 -0.2797
vn 0.8676 -0.0988 -0.4873
vn 0.2816 -0.0082 -0.9595
vn -0.0000 -0.0424 -0.9991
vn 0.6381 -0.0230 -0.7696
vn 0.2635 -0.3144 -0.9120
vn -0.0000 -0.3221 -0.9467
vn 0.7619 -0.3938 -0.5142
vn 0.5607 -0.3487 -0.7510
vn 0.7630 -0.6091 -0.2164
vn 0.8144 -0.4888 -0.3128
vn 0.1943 -0.6331 -0.7493
vn -0.0000 -0.6362 -0.7715
vn 0.5090 -0.6889 -0.5160
vn 0.3842 -0.6469 -0.6588
vn 0.4895 -0.8364 -0.2469
vn 0.5419 -0.7625 -0.3534
vn 0.2140 -0.8147 -0.5390
vn -0.0000 -0.8278 -0.5610
vn 0.2604 -0.8795 -0.3984
vn -0.0000 -0.9135 -0.4068
vn 0.2312 -0.9383 -0.2572
vn -0.0000 -0.9627 -0.2706
vn 0.6086 -0.6452 -0.4619
vn 0.8476 -0.4191 -0.3256
vn 0.6938 -0.6637 -0.2797
vn 0.8703 -0.4593 -0.1777
vn -0.0000 -0.8752 -0.4837
vn 0.1942 -0.8573 -0.4768
vn -0.0000 -0.9503 -0.3112
vn 0.2184 -0.9187 -0.3289
vn 0.4419 -0.8306 -0.3388
vn 0.3653 -0.8023 -0.4721
vn -0.0000 0.0915 0.9958
vn -0.0000 0.5219 0.8530
vn 0.3883 0.4884 0.7815
vn 0.2741 -0.2671 -0.9239
vn -0.0000 -0.2701 -0.9628
vn 0.4586 -0.2087 -0.8638
vn 0.7142 -0.2025 -0.6700
vn -0.0000 -0.0784 -0.9969
vn 0.2138 -0.0781 -0.9737
vn 0.2014 -0.1345 -0.9702
vn -0.0000 -0.1205 -0.9927
vn 0.4089 -0.0947 -0.9077
vn 0.3715 -0.1776 -0.9113
vn 0.6758 -0.1871 -0.7129
vn 0.6222 -0.2876 -0.7282
vn 0.2761 -0.2507 -0.9279
vn -0.0000 -0.2414 -0.9704
vn 0.3847 -0.2813 -0.8791
vn 0.5562 -0.4222 -0.7158
vn 0.4355 -0.5657 -0.7002
vn 0.0009 -0.6725 -0.7401
vn 0.6176 -0.6571 -0.4322
vn 0.4177 -0.8202 -0.3910
vn 0.1743 0.5537 0.8143
vn -0.0000 0.4620 0.8869
vn -0.0000 0.2292 0.9734
vn 0.1787 0.3122 0.9330
vn 0.1245 -0.0641 0.9902
vn -0.0005 -0.0973 0.9953
vn -0.0014 -0.3452 0.9385
vn 0.1168 -0.3263 0.9380
vn 0.1102 -0.4814 0.8696
vn -0.0002 -0.4865 0.8737
vn 0.0032 -0.6348 0.7727
vn 0.2454 -0.6457 0.7231
vn 0.0035 -0.9491 0.3151
vn 0.2959 -0.9241 0.2420
vn 0.0017 -0.9523 -0.3050
vn 0.9343 -0.0427 -0.3539
vn 0.8088 -0.2383 -0.5377
vn 0.7575 -0.3662 -0.5405
vn 0.7234 -0.5264 -0.4468
vn 0.7277 -0.5193 -0.4481
vn 0.6104 -0.7920 -0.0122
vn 0.6132 -0.7706 0.1737
vn 0.1864 -0.7252 0.6628
vn 0.0474 -0.4858 0.8728
vn 0.0870 -0.2999 0.9500
vn 0.1712 -0.0179 0.9851
vn 0.2816 0.4102 0.8674
vn 0.7176 0.6169 0.3233
vn 0.3403 0.6626 0.6672
vn 0.4153 0.7392 0.5301
vn -0.0000 0.5609 0.8279
vn -0.0888 -0.4877 0.8685
vn 0.0375 -0.8171 0.5753
vn 0.3838 -0.6790 0.6258
vn 0.3554 -0.4367 0.8264
vn 0.8166 0.4281 -0.3871
vn 0.6208 0.7825 0.0476
vn 0.8678 0.3533 0.3496
vn 0.9848 0.1680 0.0439
vn 0.0855 -0.0023 0.9963
vn -0.0076 -0.2603 0.9655
vn 0.4241 -0.3065 0.8522
vn 0.4665 -0.1217 0.8761
vn 0.4140 -0.8997 -0.1385
vn 0.6175 -0.7784 0.1131
vn 0.8094 -0.1435 -0.5695
vn 0.9739 -0.1841 -0.1328
vn 0.4377 0.6953 0.5701
vn 0.2350 0.3692 0.8992
vn 0.4917 0.1056 0.8643
vn 0.6967 0.3019 0.6507
vn 0.6258 -0.5756 -0.5263
vn 0.7154 -0.3733 -0.5906
vn 0.9176 -0.3962 -0.0324
vn 0.7944 -0.5991 -0.1002
vn 0.6303 -0.6408 0.4383
vn 0.5863 -0.5892 0.5559
vn 0.5537 -0.2624 0.7903
vn 0.5094 -0.1472 0.8479
vn 0.5753 -0.4902 0.6548
vn 0.7498 0.0821 0.6565
vn 0.9158 0.1643 0.3664
vn 0.9584 -0.2762 -0.0718
vn 0.8156 -0.5373 0.2145
vn 0.5615 -0.1205 0.8187
vn 0.9996 0.0134 -0.0267
vn 0.9804 -0.1796 -0.0812
vn 0.5280 -0.8430 0.1026
vn 0.2819 0.3280 0.9016
vn 0.4723 -0.1076 0.8748
vn -0.2639 0.4678 0.8435
vn -0.1878 0.5360 0.8231
vn -0.7288 0.3734 0.5740
vn -0.7364 0.4486 0.5065
vn -0.8010 0.2639 0.5373
vn -0.9198 0.2487 0.3035
vn -0.6248 0.0668 0.7780
vn -0.9349 -0.0902 0.3432
vn 0.4703 -0.5346 0.7021
vn 0.2114 -0.8769 0.4317
vn -0.1893 -0.2449 0.9509
vn -0.1266 -0.9716 0.1999
vn -0.4318 -0.4982 0.7519
vn -0.6538 -0.7143 0.2496
vn -0.2832 -0.5220 0.8046
vn -0.8324 -0.2278 0.5052
vn -0.8290 -0.0432 0.5575
vn 0.0719 -0.0659 0.9952
vn 0.2422 -0.3255 0.9140
vn -0.6758 -0.6252 0.3904
vn -0.3782 0.0794 0.9223
vn -0.2231 -0.8523 0.4732
vn -0.7692 0.1235 0.6270
vn 0.1357 -0.8104 0.5700
vn 0.2051 -0.5796 0.7886
vn -0.4458 -0.5861 0.6766
vn -0.3569 -0.5777 0.7341
vn -0.2147 -0.2575 0.9421
vn -0.2391 -0.3989 0.8853
vn -0.2463 -0.1761 0.9531
vn -0.2813 -0.1868 0.9413
vn -0.4240 -0.5183 0.7427
vn -0.3791 -0.5131 0.7701
vn -0.3304 -0.3137 0.8902
vn -0.4256 -0.4387 0.7914
vn -0.2543 0.0566 0.9655
vn -0.0914 -0.0431 0.9949
vn -0.0353 -0.4817 0.8756
vn -0.2450 -0.6823 0.6888
vn -0.4346 -0.7381 0.5161
vn -0.5375 -0.0621 0.8410
vn -0.6260 -0.5364 0.5660
vn -0.6934 -0.3434 0.6334
vn -0.5216 -0.6636 0.5362
vn -0.0040 -0.2533 0.9674
vn -0.5055 -0.3834 0.7730
vn -0.3678 0.3296 0.8695
vn -0.4081 0.3791 0.8305
vn -0.4108 0.5971 0.6890
vn -0.6572 0.2893 0.6959
vn -0.5554 0.3520 0.7534
vn -0.7618 0.3032 0.5725
vn -0.7244 0.4498 0.5224
vn -0.9919 0.1086 0.0659
vn -0.9142 0.3915 -0.1045
vn -0.8274 -0.1396 -0.5440
vn -0.7294 0.1228 -0.6730
vn -0.6562 -0.2882 -0.6974
vn -0.4583 -0.1631 -0.8737
vn -0.3308 -0.7043 -0.6281
vn -0.1340 -0.6068 -0.7835
vn -0.0993 -0.6504 0.7531
vn -0.6787 -0.1929 0.7087
vn -0.0322 -0.9916 0.1249
vn -0.8678 -0.4931 0.0619
vn 0.0931 -0.9000 -0.4258
vn -0.3580 -0.7216 -0.5925
vn -0.8094 0.5416 -0.2271
vn -0.9928 0.0593 0.1037
vn -0.8637 0.2007 0.4623
vn -0.7085 0.5821 0.3991
vn -0.0430 -0.3963 0.9171
vn -0.3666 -0.5021 0.7832
vn -0.2602 -0.7275 0.6349
vn 0.1234 -0.7288 0.6735
vn -0.4031 -0.2075 -0.8913
vn -0.7715 -0.5349 -0.3444
vn -0.9418 -0.2339 -0.2412
vn -0.6594 0.2267 -0.7168
vn -0.1109 -0.6420 -0.7587
vn -0.5406 -0.8193 -0.1908
vn -0.4892 0.3783 0.7858
vn -0.6893 -0.0322 0.7237
vn -0.4769 -0.2508 0.8424
vn -0.2851 0.0533 0.9570
vn 0.2373 -0.9494 0.2056
vn -0.1406 -0.9166 0.3744
vn -0.2920 -0.9487 0.1209
vn 0.1553 -0.9181 -0.3646
vn -0.5891 -0.4239 0.6879
vn -0.5142 -0.5560 0.6531
vn -0.5266 -0.6086 0.5936
vn -0.6267 -0.6131 0.4810
vn -0.7035 -0.2774 0.6543
vn -0.6516 -0.3386 0.6788
vn -0.7217 -0.6674 0.1837
vn -0.8632 -0.4801 0.1561
vn -0.8770 -0.3783 0.2961
vn -0.7892 -0.3313 0.5172
vn -0.6364 -0.7046 0.3137
vn -0.5253 -0.1283 0.8412
vn -0.3941 -0.2897 0.8722
vn -0.9024 -0.0099 0.4308
vn -0.7408 -0.0216 0.6714
vn -0.3535 -0.9239 0.1465
vn -0.6513 -0.7529 -0.0944
vn -0.3443 -0.8550 0.3880
vn -0.9753 -0.1426 0.1688
vn -0.2681 -0.5528 0.7890
vn -0.2464 -0.7911 0.5598
vn -0.9196 -0.3805 -0.0974
vn -0.5885 -0.5959 0.5464
vn -0.2771 -0.8496 -0.4487
vn -0.3526 -0.6792 -0.6437
vn -0.1823 -0.8793 -0.4401
vn -0.2409 -0.7514 -0.6143
vn -0.8744 -0.3184 -0.3661
vn -0.8522 -0.3243 -0.4106
vn -0.9925 -0.0377 0.1160
vn -0.8042 0.2299 0.5481
vn -0.8152 0.2612 0.5169
vn -0.9845 -0.0324 0.1724
vn -0.8913 -0.3717 -0.2595
vn -0.8658 -0.4174 -0.2760
vn -0.8235 0.3577 0.4403
vn -0.9917 0.0692 0.1081
vn -0.9136 -0.3117 -0.2610
vn -0.8875 -0.3739 -0.2692
vn -0.8311 0.4890 0.2651
vn -0.9793 0.1956 -0.0529
vn -0.9120 -0.2095 -0.3526
vn -0.9062 -0.2541 -0.3380
vn -0.8043 0.5923 -0.0475
vn -0.9184 0.2531 -0.3042
vn -0.8563 -0.1179 -0.5029
vn -0.8648 -0.1205 -0.4875
vn -0.6438 0.6410 -0.4179
vn -0.7285 0.2979 -0.6169
vn -0.6740 -0.0103 -0.7386
vn -0.6767 0.0067 -0.7362
vn -0.2969 0.6656 -0.6847
vn -0.3672 0.3593 -0.8579
vn -0.3377 0.1026 -0.9356
vn -0.3274 0.0685 -0.9424
vn -0.7199 0.2490 0.6479
vn -0.7707 0.2120 0.6009
vn -0.7122 0.2496 0.6561
vn -0.7618 0.2675 0.5901
vn -0.7137 0.2542 0.6527
vn -0.7819 0.2244 0.5816
vn -0.7908 0.3577 0.4967
vn -0.7243 0.4141 0.5512
vn -0.8100 0.3379 0.4793
vn -0.3901 0.7848 0.4816
vn -0.7997 0.4995 0.3331
vn -0.8031 0.4906 0.3381
vn -0.6896 0.6100 0.3903
vn -0.7230 0.6851 0.0882
vn -0.7526 0.6555 0.0633
vn -0.3472 0.9275 0.1382
vn -0.6073 0.7843 0.1267
vn -0.5757 0.7613 -0.2983
vn -0.4740 0.8543 -0.2131
vn -0.5519 0.7977 -0.2432
vn -0.2726 0.9356 -0.2245
vn -0.2791 0.8012 -0.5293
vn -0.2803 0.8618 -0.4228
vn -0.9354 -0.2162 -0.2797
vn -0.9061 -0.3828 -0.1801
vn -0.8676 -0.0988 -0.4873
vn -0.2816 -0.0082 -0.9595
vn -0.6381 -0.0230 -0.7696
vn -0.2635 -0.3144 -0.9120
vn -0.5607 -0.3487 -0.7510
vn -0.7619 -0.3938 -0.5142
vn -0.8144 -0.4888 -0.3128
vn -0.7630 -0.6091 -0.2164
vn -0.1943 -0.6331 -0.7493
vn -0.3842 -0.6469 -0.6588
vn -0.5090 -0.6889 -0.5160
vn -0.5419 -0.7625 -0.3534
vn -0.4895 -0.8364 -0.2469
vn -0.2140 -0.8147 -0.5390
vn -0.2604 -0.8795 -0.3984
vn -0.2312 -0.9383 -0.2572
vn -0.8476 -0.4191 -0.3256
vn -0.6086 -0.6452 -0.4619
vn -0.8703 -0.4593 -0.1777
vn -0.6938 -0.6637 -0.2797
vn -0.1942 -0.8573 -0.4768
vn -0.2184 -0.9187 -0.3289
vn -0.4419 -0.8306 -0.3388
vn -0.3653 -0.8023 -0.4721
vn -0.3883 0.4884 0.7815
vn -0.2741 -0.2671 -0.9239
vn -0.4586 -0.2087 -0.8638
vn -0.7142 -0.2025 -0.6700
vn -0.2014 -0.1345 -0.9702
vn -0.2138 -0.0781 -0.9737
vn -0.3715 -0.1775 -0.9113
vn -0.4089 -0.0947 -0.9077
vn -0.6222 -0.2875 -0.7282
vn -0.6758 -0.1871 -0.7129
vn -0.2761 -0.2507 -0.9279
vn -0.3846 -0.2812 -0.8792
vn -0.5560 -0.4220 -0.7161
vn -0.4346 -0.5663 -0.7004
vn -0.4150 -0.8217 -0.3906
vn -0.6166 -0.6582 -0.4320
vn -0.1744 0.5536 0.8143
vn -0.1797 0.3109 0.9333
vn -0.1276 -0.0670 0.9896
vn -0.1234 -0.3290 0.9362
vn -0.1154 -0.4761 0.8718
vn -0.2452 -0.6344 0.7331
vn -0.2889 -0.9244 0.2489
vn -0.9343 -0.0427 -0.3539
vn -0.8088 -0.2383 -0.5377
vn -0.7576 -0.3659 -0.5405
vn -0.7277 -0.5192 -0.4482
vn -0.7236 -0.5254 -0.4476
vn -0.6129 -0.7682 0.1852
vn -0.6151 -0.7884 -0.0070
vn -0.1923 -0.7126 0.6747
vn -0.0560 -0.4809 0.8750
vn -0.0944 -0.3041 0.9480
vn -0.1754 -0.0236 0.9842
vn -0.2830 0.4067 0.8686
vn -0.7176 0.6169 0.3233
vn -0.3403 0.6626 0.6672
vn -0.4155 0.7389 0.5305
vn 0.0858 -0.4826 0.8717
vn -0.3572 -0.4305 0.8289
vn -0.3845 -0.6695 0.6356
vn -0.0394 -0.8081 0.5877
vn -0.8165 0.4283 -0.3872
vn -0.9849 0.1676 0.0437
vn -0.8680 0.3528 0.3494
vn -0.6209 0.7825 0.0476
vn -0.0874 -0.0092 0.9961
vn -0.4657 -0.1277 0.8757
vn -0.4241 -0.3093 0.8511
vn 0.0044 -0.2641 0.9645
vn -0.6183 -0.7769 0.1185
vn -0.4157 -0.8999 -0.1321
vn -0.8092 -0.1433 -0.5698
vn -0.9739 -0.1841 -0.1329
vn -0.4377 0.6939 0.5718
vn -0.6960 0.3001 0.6524
vn -0.4898 0.0999 0.8661
vn -0.2354 0.3638 0.9013
vn -0.6252 -0.5754 -0.5273
vn -0.7950 -0.5983 -0.0999
vn -0.9178 -0.3958 -0.0326
vn -0.7150 -0.3731 -0.5913
vn -0.5861 -0.5896 0.5557
vn -0.6291 -0.6409 0.4398
vn -0.5081 -0.1453 0.8489
vn -0.5524 -0.2619 0.7914
vn -0.5745 -0.4907 0.6551
vn -0.9155 0.1707 0.3643
vn -0.7490 0.0867 0.6569
vn -0.8135 -0.5395 0.2171
vn -0.9580 -0.2777 -0.0709
vn -0.5604 -0.1171 0.8199
vn -0.9803 -0.1804 -0.0810
vn -0.9994 0.0153 -0.0310
vn -0.9137 0.4049 0.0349
vn -0.6845 0.4410 0.5805
vn -0.5807 -0.6560 0.4821
vn -0.6683 -0.6774 0.3074
vn 0.8648 -0.5005 -0.0395
vn 0.6694 -0.6780 0.3036
vn -0.4459 0.1039 0.8890
vn -0.3694 -0.1022 0.9236
vn -0.9588 -0.2415 -0.1498
vn -0.9710 -0.1249 -0.2037
vn 0.4487 0.1004 0.8880
vn 0.6868 0.4352 0.5822
vn -0.9871 0.0479 -0.1526
vn 0.9141 0.4037 0.0391
vn 0.5828 -0.6557 0.4799
vn -0.8651 -0.5002 -0.0378
vn -0.4611 -0.2632 0.8474
vn -0.5138 -0.5387 0.6677
vn 0.3719 -0.1049 0.9223
vn 0.9705 -0.1251 -0.2060
vn 0.9583 -0.2423 -0.1513
vn 0.9863 0.0510 -0.1571
vn 0.5149 -0.5392 0.6665
vn 0.4629 -0.2645 0.8461
vn -0.5228 -0.8448 0.1139
vn 0.6831 -0.3803 0.6235
vn 0.7506 -0.2149 0.6249
vn 0.8672 -0.3347 0.3687
vn 0.8554 -0.3044 0.4190
vn 0.7325 -0.3988 0.5516
vn 0.8255 -0.3307 0.4573
vn 0.8067 -0.3767 0.4554
vn 0.8737 -0.1124 0.4733
vn 0.9193 -0.1775 0.3513
vn 0.8199 -0.2980 0.4888
vn 0.8232 -0.2733 0.4976
vn 0.8932 -0.2949 0.3396
vn 0.8273 -0.4227 0.3700
vn -0.7484 -0.2124 0.6283
vn -0.6812 -0.3778 0.6271
vn -0.8533 -0.3063 0.4220
vn -0.8648 -0.3373 0.3720
vn -0.7308 -0.3978 0.5547
vn -0.8053 -0.3767 0.4579
vn -0.8238 -0.3309 0.4604
vn -0.9175 -0.1755 0.3569
vn -0.8714 -0.1095 0.4783
vn -0.8178 -0.2977 0.4925
vn -0.8212 -0.2738 0.5007
vn -0.8911 -0.2957 0.3444
vn -0.8257 -0.4222 0.3742
vn -0.0000 -0.7808 -0.6248
vn -0.0000 -0.5944 -0.8042
vn 0.2443 -0.6003 -0.7615
vn 0.1747 -0.7851 -0.5943
vn -0.0000 -0.1190 -0.9929
vn -0.0000 0.1384 -0.9904
vn 0.3420 0.1300 -0.9307
vn 0.3307 -0.1271 -0.9351
vn -0.0000 0.6094 -0.7928
vn -0.0000 0.7920 -0.6105
vn 0.2443 0.7861 -0.5678
vn 0.2974 0.6022 -0.7409
vn -0.0000 -0.9153 -0.4028
vn 0.0931 -0.9176 -0.3865
vn -0.0000 0.9906 -0.1365
vn -0.0000 0.9904 0.1384
vn 0.0931 0.9884 -0.1202
vn -0.0000 -0.3688 -0.9295
vn 0.2974 -0.3760 -0.8776
vn -0.0000 0.3866 -0.9222
vn 0.3307 0.3786 -0.8645
vn -0.0000 -0.9904 -0.1384
vn -0.0000 0.9222 -0.3868
vn 0.1747 0.9179 -0.3563
vn 0.5589 0.5813 -0.5914
vn 0.6215 0.3553 -0.6982
vn 0.1750 -0.9241 -0.3397
vn 0.1750 0.9818 -0.0734
vn 0.3283 0.9056 -0.2685
vn 0.5589 -0.3969 -0.7280
vn 0.4591 -0.6175 -0.6387
vn 0.6428 0.1060 -0.7587
vn 0.4591 0.7689 -0.4450
vn 0.3283 -0.7973 -0.5064
vn 0.6215 -0.1503 -0.7689
vn 0.8660 0.0692 -0.4952
vn 0.8373 -0.1859 -0.5141
vn 0.6185 0.7426 -0.2568
vn 0.7531 0.5493 -0.3623
vn 0.4423 -0.8161 -0.3719
vn 0.2358 -0.9341 -0.2680
vn 0.2358 0.9718 -0.0017
vn 0.7531 -0.4289 -0.4989
vn 0.8373 0.3197 -0.4435
vn 0.4423 0.8868 -0.1339
vn 0.6185 -0.6438 -0.4505
vn 0.9522 0.2761 -0.1310
vn 0.9848 0.0240 -0.1720
vn 0.5029 0.8638 0.0311
vn 0.7033 0.7104 -0.0260
vn 0.7033 -0.6760 -0.2197
vn 0.5030 -0.8392 -0.2068
vn 0.9522 -0.2296 -0.2016
vn 0.8563 0.5100 -0.0812
vn 0.2681 -0.9464 -0.1800
vn 0.2681 0.9595 0.0863
vn 0.8563 -0.4682 -0.2179
vn 0.9522 -0.2761 0.1310
vn 0.8563 -0.5100 0.0812
vn 0.8563 0.4682 0.2179
vn 0.9522 0.2296 0.2016
vn 0.2681 -0.9595 -0.0863
vn 0.2681 0.9464 0.1800
vn 0.5029 0.8392 0.2068
vn 0.7033 -0.7104 0.0260
vn 0.9848 -0.0240 0.1720
vn 0.7033 0.6760 0.2197
vn 0.5029 -0.8638 -0.0311
vn 0.8660 -0.0692 0.4952
vn 0.8373 -0.3197 0.4435
vn 0.6185 0.6438 0.4505
vn 0.7531 0.4289 0.4989
vn 0.4423 -0.8868 0.1339
vn 0.2358 -0.9718 0.0017
vn 0.2358 0.9341 0.2680
vn 0.7531 -0.5493 0.3623
vn 0.8373 0.1859 0.5141
vn 0.4423 0.8161 0.3719
vn 0.6185 -0.7426 0.2568
vn 0.5589 -0.5813 0.5914
vn 0.4591 -0.7689 0.4450
vn 0.6215 0.1503 0.7689
vn 0.6428 -0.1060 0.7587
vn 0.3283 0.7973 0.5064
vn 0.4591 0.6175 0.6387
vn 0.3283 -0.9056 0.2685
vn 0.6215 -0.3553 0.6982
vn 0.5589 0.3969 0.7280
vn 0.1750 -0.9818 0.0734
vn 0.1750 0.9241 0.3397
vn 0.0931 0.9176 0.3865
vn 0.3307 -0.3786 0.8645
vn 0.2974 -0.6022 0.7409
vn 0.2974 0.3760 0.8776
vn 0.3307 0.1271 0.9351
vn 0.0931 -0.9884 0.1202
vn 0.1747 0.7851 0.5943
vn 0.2443 -0.7861 0.5678
vn 0.3420 -0.1300 0.9307
vn 0.2443 0.6003 0.7615
vn 0.1747 -0.9179 0.3563
vn -0.0000 -0.7920 0.6105
vn -0.0000 -0.9222 0.3868
vn -0.0000 -0.1384 0.9904
vn -0.0000 -0.3866 0.9222
vn -0.0000 0.5944 0.8042
vn -0.0000 0.3688 0.9295
vn -0.0000 -0.9906 0.1365
vn -0.0000 0.9153 0.4028
vn -0.0000 -0.6094 0.7928
vn -0.0000 0.1190 0.9929
vn -0.0000 0.7808 0.6248
vn -0.0931 0.9176 0.3865
vn -0.1747 0.7851 0.5943
vn -0.2974 -0.6022 0.7409
vn -0.2443 -0.7861 0.5678
vn -0.3307 0.1271 0.9351
vn -0.3420 -0.1300 0.9307
vn -0.2443 0.6003 0.7615
vn -0.1747 -0.9179 0.3563
vn -0.3307 -0.3786 0.8645
vn -0.2974 0.3760 0.8776
vn -0.0931 -0.9884 0.1202
vn -0.3283 -0.9056 0.2685
vn -0.1750 -0.9818 0.0734
vn -0.1750 0.9241 0.3397
vn -0.6215 -0.3553 0.6982
vn -0.5589 -0.5813 0.5914
vn -0.5589 0.3969 0.7280
vn -0.6215 0.1503 0.7689
vn -0.3283 0.7973 0.5064
vn -0.4591 -0.7689 0.4450
vn -0.6428 -0.1060 0.7587
vn -0.4591 0.6175 0.6387
vn -0.4423 0.8161 0.3719
vn -0.6185 0.6438 0.4505
vn -0.6185 -0.7426 0.2568
vn -0.4423 -0.8868 0.1339
vn -0.8660 -0.0692 0.4952
vn -0.8373 -0.3197 0.4435
vn -0.7531 0.4289 0.4989
vn -0.2358 -0.9718 0.0017
vn -0.2358 0.9341 0.2680
vn -0.7531 -0.5493 0.3623
vn -0.8373 0.1859 0.5141
vn -0.2681 -0.9595 -0.0863
vn -0.2681 0.9464 0.1800
vn -0.5029 0.8392 0.2068
vn -0.8563 -0.5100 0.0812
vn -0.7033 -0.7104 0.0260
vn -0.9522 0.2296 0.2016
vn -0.9848 -0.0240 0.1720
vn -0.7033 0.6760 0.2197
vn -0.5029 -0.8638 -0.0311
vn -0.9522 -0.2761 0.1310
vn -0.8563 0.4682 0.2179
vn -0.7033 0.7104 -0.0260
vn -0.8563 0.5100 -0.0812
vn -0.5030 -0.8392 -0.2068
vn -0.2681 -0.9464 -0.1800
vn -0.2681 0.9595 0.0863
vn -0.9522 -0.2296 -0.2016
vn -0.8563 -0.4682 -0.2179
vn -0.9522 0.2761 -0.1310
vn -0.5030 0.8638 0.0311
vn -0.7033 -0.6760 -0.2197
vn -0.9848 0.0240 -0.1720
vn -0.4423 0.8868 -0.1339
vn -0.6185 0.7426 -0.2568
vn -0.6185 -0.6438 -0.4505
vn -0.4423 -0.8161 -0.3719
vn -0.8660 0.0692 -0.4952
vn -0.8373 -0.1859 -0.5141
vn -0.7531 0.5493 -0.3623
vn -0.2358 -0.9341 -0.2680
vn -0.2358 0.9718 -0.0017
vn -0.7531 -0.4289 -0.4989
vn -0.8373 0.3197 -0.4435
vn -0.5589 0.5813 -0.5914
vn -0.6215 0.3553 -0.6982
vn -0.1750 -0.9241 -0.3397
vn -0.1750 0.9818 -0.0734
vn -0.3283 0.9056 -0.2685
vn -0.5589 -0.3969 -0.7280
vn -0.4591 -0.6175 -0.6387
vn -0.6428 0.1060 -0.7587
vn -0.4591 0.7689 -0.4450
vn -0.3283 -0.7973 -0.5064
vn -0.6215 -0.1503 -0.7689
vn -0.2443 0.7861 -0.5678
vn -0.2974 0.6022 -0.7409
vn -0.1747 -0.7851 -0.5943
vn -0.0931 -0.9176 -0.3865
vn -0.0931 0.9884 -0.1202
vn -0.3307 -0.1271 -0.9351
vn -0.2974 -0.3760 -0.8776
vn -0.3307 0.3786 -0.8645
vn -0.1747 0.9179 -0.3563
vn -0.2443 -0.6003 -0.7615
vn -0.3420 0.1300 -0.9307
vn -0.5029 0.8638 0.0311
vn -0.5029 -0.8392 -0.2068
vn 0.7033 0.6761 0.2197
vn 0.5029 -0.8392 -0.2068
vn -0.7118 0.6157 -0.3381
vn -0.5604 0.4300 0.7078
vn 0.4817 0.6384 0.6003
vn 0.3423 0.8265 -0.4469
vn 0.7711 0.0757 0.6322
vn 0.5627 0.3619 -0.7432
vn -0.5994 -0.2034 0.7741
vn -0.7973 0.0831 -0.5978
vn -0.7037 0.1067 -0.7024
vn -0.6679 0.0600 0.7419
vn 0.8056 0.1805 0.5643
vn -0.6607 0.0163 0.7505
vn -0.3933 -0.4191 0.8184
vn 0.6511 -0.3095 0.6930
vn 0.5003 0.2828 -0.8184
vn 0.7868 0.2744 0.5528
vn -0.4514 -0.8912 -0.0438
vn -0.2076 -0.8645 0.4578
vn -0.3000 -0.0628 0.9519
vn 0.6677 -0.1565 -0.7278
vn 0.5549 -0.8154 -0.1647
vn -0.7742 -0.3113 -0.5511
vn 0.3755 0.8460 0.3785
vn -0.5743 0.7923 0.2059
vn -0.7023 0.7113 -0.0280
vn 0.4136 0.9087 -0.0574
vn 0.4668 -0.7212 0.5118
vn 0.4754 -0.1816 0.8608
vn -0.9928 -0.0556 0.1061
vn -0.9778 -0.1081 -0.1795
vn -0.4319 -0.9007 -0.0473
vn -0.3681 -0.8854 0.2839
vn 0.6062 0.2929 -0.7394
vn 0.3779 0.7396 -0.5569
vn -0.8430 0.3916 -0.3687
vn -0.7322 0.5580 -0.3905
vn 0.7206 -0.6772 -0.1491
vn 0.7466 -0.6360 0.1952
vn -0.4964 0.2398 -0.8343
vn -0.6685 -0.1835 -0.7207
vn 0.9799 0.1972 0.0293
vn 0.9815 0.1657 0.0956
vn 0.7154 -0.6402 0.2800
vn 0.9397 0.1308 -0.3161
vn -0.4334 -0.8462 0.3101
vn 0.4954 -0.0669 -0.8661
vn 0.1076 0.3294 -0.9381
vn 0.3396 -0.5771 -0.7427
vn -0.3147 -0.7119 -0.6279
vn -0.6364 0.7693 -0.0563
vn -0.9965 0.0079 0.0833
vn -0.9911 0.0335 0.1289
vn -0.6071 0.7880 0.1026
vn -0.4680 -0.8558 0.2204
vn 0.4095 0.9113 -0.0428
vn 0.7008 -0.6760 0.2278
vn 0.5189 -0.6864 0.5096
vn -0.3325 -0.7780 0.5330
vn 0.9768 0.1284 0.1714
vn 0.4161 0.9010 0.1227
vn 0.3658 0.5178 0.7733
vn 0.7040 -0.1548 0.6932
vn -0.5376 -0.3003 0.7879
vn -0.0985 -0.7645 0.6371
vn -0.3271 -0.7857 0.5251
vn -0.6948 -0.0692 0.7158
vn 0.3845 -0.7254 0.5710
vn 0.6107 -0.6962 0.3772
vn -0.6499 -0.1819 0.7380
vn -0.3786 0.4190 0.8253
vn 0.6665 0.7122 -0.2203
vn 0.3603 0.6636 -0.6556
vn -0.4398 0.6606 -0.6084
vn -0.6616 0.7490 -0.0363
vn 0.4138 0.8586 0.3027
vn -0.3367 0.8698 0.3607
vn 0.5370 -0.2165 -0.8153
vn 0.9700 -0.2371 -0.0543
vn 0.9666 -0.2479 0.0646
vn 0.6828 0.0010 -0.7306
vn 0.5404 -0.3869 0.7472
vn -0.4624 -0.3897 0.7965
vn -0.4452 -0.5803 0.6820
vn 0.4372 -0.5954 0.6741
vn 0.9975 0.0301 -0.0635
vn 0.5528 0.0661 -0.8307
vn 0.6004 0.1133 0.7917
vn -0.6709 0.0423 -0.7403
vn -0.9834 0.0462 0.1756
vn -0.4901 0.1064 0.8651
vn 0.4246 -0.6159 0.6636
vn 0.9843 -0.1176 0.1313
vn 0.6321 0.4438 -0.6351
vn -0.5668 -0.2812 -0.7744
vn -0.5659 -0.0194 -0.8243
vn -0.9420 -0.3143 0.1175
vn -0.9471 -0.2949 0.1267
vn 0.9808 0.1148 0.1577
vn 0.4696 -0.3609 0.8058
vn 0.5497 -0.1197 0.8268
vn 0.9672 0.2060 0.1488
vn 0.6330 0.6106 -0.4759
vn 0.6636 0.6338 -0.3974
vn -0.5620 0.4376 -0.7019
vn -0.9735 -0.1971 0.1163
vn -0.4554 -0.6142 0.6445
vn -0.5679 -0.2178 0.7938
vn -0.9893 0.0972 0.1087
vn -0.9584 -0.2836 -0.0333
vn -0.4877 -0.6471 0.5860
vn -0.4201 0.7085 -0.5670
vn -0.5010 0.2929 -0.8144
vn -0.5512 0.6197 -0.5587
vn -0.9904 0.0309 0.1345
vn -0.4832 -0.3968 0.7805
vn -0.3972 -0.9046 0.1547
vn -0.8643 -0.4661 -0.1891
vn -0.9366 -0.3168 -0.1498
vn -0.4410 -0.8778 0.1873
vn -0.3175 -0.0715 -0.9456
vn -0.4342 0.2753 -0.8577
vn 0.5382 -0.5604 0.6295
vn 0.9940 -0.1052 0.0287
vn 0.7781 0.2886 -0.5579
vn 0.9293 -0.2755 -0.2461
vn 0.5002 -0.8594 0.1061
vn 0.5499 -0.8188 0.1646
vn 0.9803 -0.0809 -0.1800
vn 0.6963 0.1779 -0.6954
vn 0.6626 0.5668 -0.4896
vn 0.5296 -0.8393 0.1228
vn 0.6923 -0.0334 -0.7208
vn 0.9128 -0.3489 -0.2123
vn -0.4507 -0.8592 0.2420
vn -0.9825 -0.1774 -0.0561
vn -0.7767 -0.3759 -0.5054
vn -0.3861 -0.8986 -0.2082
vn -0.4659 0.7013 -0.5396
vn -0.4000 0.3797 -0.8342
vn 0.6612 -0.3279 -0.6747
vn 0.4679 0.2320 -0.8528
vn 0.4302 -0.8652 -0.2577
vn -0.2340 0.2066 0.9500
vn 0.3373 0.1788 0.9243
vn 0.7400 -0.2329 0.6310
vn 0.8072 -0.0100 0.5903
vn 0.4492 0.5999 0.6621
vn -0.3777 0.5215 0.7651
vn 0.7118 0.6028 -0.3606
vn -0.3423 0.8095 -0.4771
vn -0.4817 0.6601 0.5764
vn 0.5604 0.4558 0.6915
vn -0.5627 0.3343 -0.7560
vn -0.7711 0.0989 0.6290
vn 0.5994 -0.1748 0.7811
vn 0.6680 0.0875 0.7390
vn 0.7037 0.0805 -0.7059
vn 0.7973 0.0610 -0.6004
vn -0.8056 0.2021 0.5569
vn -0.6517 -0.2823 0.7039
vn 0.3945 -0.3869 0.8335
vn 0.6603 0.0447 0.7496
vn -0.5002 0.2523 -0.8283
vn -0.7868 0.2948 0.5422
vn 0.3040 -0.0243 0.9524
vn 0.2098 -0.8482 0.4865
vn 0.4524 -0.8917 -0.0121
vn -0.6675 -0.1835 -0.7216
vn -0.5552 -0.8206 -0.1355
vn 0.7742 -0.3312 -0.5393
vn -0.3825 0.8528 0.3556
vn -0.4146 0.9069 -0.0745
vn 0.7026 0.7104 -0.0410
vn 0.5737 0.7972 0.1881
vn -0.4687 -0.7023 0.5358
vn -0.4782 -0.1470 0.8658
vn 0.9928 -0.0533 0.1072
vn 0.3683 -0.8794 0.3017
vn 0.4324 -0.9013 -0.0256
vn 0.9777 -0.1124 -0.1775
vn -0.6185 0.2642 -0.7400
vn -0.3807 0.7219 -0.5779
vn 0.7336 0.5461 -0.4045
vn 0.8459 0.3770 -0.3772
vn -0.7205 -0.6807 -0.1323
vn -0.7467 -0.6318 0.2081
vn 0.6679 -0.2031 -0.7160
vn 0.4960 0.2182 -0.8404
vn -0.7153 -0.6346 0.2925
vn -0.9815 0.1674 0.0924
vn -0.9799 0.1978 0.0250
vn -0.9397 0.1223 -0.3193
vn 0.4334 -0.8400 0.3265
vn -0.1073 0.3036 -0.9467
vn -0.4950 -0.0913 -0.8641
vn 0.3143 -0.7289 -0.6082
vn -0.3396 -0.5978 -0.7262
vn 0.6366 0.7679 -0.0707
vn 0.6067 0.7900 0.0880
vn 0.9911 0.0363 0.1284
vn 0.9965 0.0094 0.0833
vn 0.4680 -0.8513 0.2372
vn -0.4098 0.9102 -0.0599
vn 0.3328 -0.7685 0.5465
vn -0.5195 -0.6770 0.5213
vn -0.7008 -0.6714 0.2410
vn -0.9767 0.1320 0.1691
vn -0.7045 -0.1410 0.6956
vn -0.3657 0.5331 0.7629
vn -0.4158 0.9033 0.1058
vn 0.5388 -0.2845 0.7929
vn 0.6977 -0.0381 0.7154
vn 0.3239 -0.7607 0.5624
vn 0.0987 -0.7533 0.6502
vn -0.6116 -0.6798 0.4047
vn -0.3833 -0.7162 0.5832
vn 0.6499 -0.1673 0.7414
vn 0.3784 0.4359 0.8165
vn -0.6665 0.6948 -0.2701
vn 0.6616 0.7446 -0.0891
vn 0.4398 0.6160 -0.6535
vn -0.3603 0.6156 -0.7009
vn -0.4138 0.8778 0.2413
vn 0.3367 0.8931 0.2984
vn -0.5370 -0.2735 -0.7980
vn -0.6828 -0.0506 -0.7288
vn -0.9666 -0.2428 0.0820
vn -0.9700 -0.2404 -0.0374
vn -0.5404 -0.3331 0.7726
vn -0.4372 -0.5463 0.7144
vn 0.4452 -0.5307 0.7213
vn 0.4624 -0.3325 0.8220
vn -0.5528 0.0073 -0.8333
vn -0.9975 0.0255 -0.0654
vn -0.6004 0.1689 0.7817
vn 0.6709 -0.0101 -0.7415
vn 0.9834 0.0585 0.1719
vn 0.4901 0.1673 0.8555
vn -0.9843 -0.1080 0.1393
vn -0.4246 -0.5675 0.7055
vn -0.6321 0.3979 -0.6649
vn 0.5668 -0.3352 -0.7526
vn 0.5659 -0.0776 -0.8208
vn 0.9420 -0.3053 0.1394
vn 0.9471 -0.2853 0.1472
vn -0.9808 0.1256 0.1492
vn -0.9672 0.2159 0.1339
vn -0.5497 -0.0611 0.8331
vn -0.4696 -0.3031 0.8292
vn -0.6330 0.5755 -0.5179
vn -0.6636 0.6042 -0.4411
vn 0.5620 0.3869 -0.7311
vn 0.9735 -0.1884 0.1300
vn 0.4554 -0.5671 0.6863
vn 0.5679 -0.1612 0.8072
vn 0.4877 -0.6041 0.6302
vn 0.9584 -0.2852 -0.0132
vn 0.9893 0.1047 0.1015
vn 0.5010 0.2347 -0.8330
vn 0.4201 0.6667 -0.6156
vn 0.5512 0.5787 -0.6011
vn 0.9904 0.0404 0.1319
vn 0.4832 -0.3407 0.8065
vn 0.3972 -0.8914 0.2182
vn 0.4410 -0.8624 0.2488
vn 0.9366 -0.3266 -0.1270
vn 0.8643 -0.4783 -0.1557
vn 0.4342 0.2141 -0.8750
vn 0.3175 -0.1381 -0.9382
vn -0.5382 -0.5146 0.6675
vn -0.7781 0.2485 -0.5769
vn -0.9940 -0.1029 0.0361
vn -0.9293 -0.2922 -0.2260
vn -0.9803 -0.0934 -0.1738
vn -0.5499 -0.8052 0.2220
vn -0.5002 -0.8498 0.1665
vn -0.6963 0.1283 -0.7062
vn -0.6626 0.5308 -0.5284
vn -0.5296 -0.8285 0.1818
vn -0.6923 -0.0842 -0.7167
vn -0.9128 -0.3631 -0.1871
vn 0.4507 -0.8400 0.3021
vn 0.3861 -0.9111 -0.1442
vn 0.7767 -0.4106 -0.4776
vn 0.9825 -0.1809 -0.0435
vn 0.4000 0.3198 -0.8589
vn 0.4659 0.6614 -0.5878
vn -0.6612 -0.3747 -0.6499
vn -0.4679 0.1712 -0.8670
vn -0.4302 -0.8812 -0.1960
vn 0.2336 0.2299 0.9448
vn -0.3374 0.2008 0.9197
vn -0.7413 -0.2204 0.6339
vn -0.8087 0.0189 0.5880
vn -0.4487 0.6211 0.6425
vn 0.3766 0.5480 0.7469
vt 0.588230 0.565412
vt 0.605526 0.572762
vt 0.609351 0.584980
vt 0.588304 0.571852
vt 0.626681 0.573640
vt 0.634423 0.581720
vt 0.636414 0.580350
vt 0.617200 0.580810
vt 0.597964 0.572123
vt 0.626353 0.558818
vt 0.598163 0.550926
vt 0.649843 0.562559
vt 0.662657 0.528141
vt 0.637043 0.521698
vt 0.605957 0.511405
vt 0.648065 0.517876
vt 0.616979 0.507583
vt 0.628965 0.462447
vt 0.659174 0.477621
vt 0.591365 0.501139
vt 0.604298 0.451280
vt 0.619596 0.401683
vt 0.642084 0.419766
vt 0.670351 0.441852
vt 0.608352 0.546372
vt 0.585051 0.541860
vt 0.636731 0.553494
vt 0.581877 0.544609
vt 0.588029 0.503134
vt 0.652827 0.560581
vt 0.665992 0.526146
vt 0.710606 0.407323
vt 0.708997 0.415327
vt 0.713943 0.397748
vt 0.716776 0.388460
vt 0.691309 0.397958
vt 0.697943 0.380809
vt 0.701478 0.366815
vt 0.714899 0.381902
vt 0.718261 0.372644
vt 0.601399 0.451683
vt 0.619077 0.461964
vt 0.635003 0.412356
vt 0.617783 0.399488
vt 0.676852 0.487901
vt 0.673952 0.488304
vt 0.687572 0.454720
vt 0.685759 0.452525
vt 0.649286 0.477137
vt 0.663270 0.434442
vt 0.684922 0.333263
vt 0.689522 0.329095
vt 0.702786 0.358149
vt 0.674659 0.301896
vt 0.681617 0.301747
vt 0.686179 0.305078
vt 0.693211 0.328185
vt 0.704698 0.352663
vt 0.667728 0.339660
vt 0.692785 0.375248
vt 0.702750 0.354925
vt 0.681661 0.318521
vt 0.707998 0.341277
vt 0.691442 0.307724
vt 0.666252 0.362370
vt 0.676854 0.344405
vt 0.648431 0.330295
vt 0.662828 0.310870
vt 0.650040 0.322291
vt 0.665661 0.301582
vt 0.678022 0.292638
vt 0.634047 0.355330
vt 0.634176 0.360666
vt 0.651697 0.370988
vt 0.654597 0.386724
vt 0.681587 0.416652
vt 0.678688 0.400917
vt 0.699109 0.426975
vt 0.699238 0.432311
vt 0.724511 0.348015
vt 0.723815 0.354287
vt 0.730520 0.357500
vt 0.731208 0.350059
vt 0.715240 0.345539
vt 0.720652 0.347475
vt 0.732881 0.358099
vt 0.742957 0.371458
vt 0.749253 0.361522
vt 0.684792 0.293446
vt 0.695905 0.306296
vt 0.698063 0.308735
vt 0.688649 0.297984
vt 0.713899 0.370998
vt 0.717074 0.362697
vt 0.714113 0.363415
vt 0.716582 0.356321
vt 0.709169 0.335349
vt 0.709551 0.333214
vt 0.760971 0.334543
vt 0.739214 0.296080
vt 0.762904 0.278733
vt 0.784884 0.317312
vt 0.720578 0.262666
vt 0.742292 0.246427
vt 0.762787 0.233758
vt 0.785347 0.265003
vt 0.807850 0.303636
vt 0.703501 0.307965
vt 0.715745 0.328454
vt 0.719887 0.326846
vt 0.704642 0.303271
vt 0.729888 0.323159
vt 0.707897 0.289052
vt 0.702996 0.325050
vt 0.705567 0.323387
vt 0.694229 0.305489
vt 0.694171 0.300736
vt 0.692595 0.286248
vt 0.710079 0.319547
vt 0.694926 0.299217
vt 0.694447 0.293850
vt 0.692387 0.281861
vt 0.778389 0.236246
vt 0.801834 0.267715
vt 0.799325 0.261317
vt 0.775727 0.230372
vt 0.825009 0.307030
vt 0.822319 0.300222
vt 0.703640 0.276405
vt 0.695631 0.252443
vt 0.710093 0.240200
vt 0.688377 0.260811
vt 0.689871 0.247852
vt 0.695773 0.239164
vt 0.708505 0.228190
vt 0.814914 0.321604
vt 0.835188 0.363035
vt 0.843807 0.348826
vt 0.795856 0.338563
vt 0.817899 0.379068
vt 0.840402 0.420308
vt 0.855110 0.405285
vt 0.861602 0.391671
vt 0.752729 0.265181
vt 0.773130 0.298895
vt 0.791985 0.281936
vt 0.769844 0.249327
vt 0.750068 0.313482
vt 0.730794 0.279251
vt 0.772778 0.352613
vt 0.840058 0.341572
vt 0.825425 0.343961
vt 0.856660 0.384159
vt 0.842282 0.385592
vt 0.718708 0.254813
vt 0.701371 0.262849
vt 0.737502 0.242344
vt 0.725508 0.229520
vt 0.710233 0.240620
vt 0.699781 0.249219
vt 0.721140 0.310301
vt 0.743256 0.348442
vt 0.714839 0.224838
vt 0.728885 0.213955
vt 0.724200 0.216552
vt 0.738945 0.218079
vt 0.747372 0.211793
vt 0.742455 0.208211
vt 0.737113 0.210339
vt 0.692731 0.247503
vt 0.701528 0.235573
vt 0.752304 0.228621
vt 0.759616 0.217753
vt 0.690439 0.263674
vt 0.728773 0.226150
vt 0.746141 0.215639
vt 0.756969 0.212701
vt 0.785686 0.432716
vt 0.789917 0.423834
vt 0.816924 0.465359
vt 0.813901 0.474167
vt 0.802939 0.411522
vt 0.827977 0.453228
vt 0.853027 0.489732
vt 0.843863 0.501833
vt 0.841714 0.510440
vt 0.822336 0.396690
vt 0.844901 0.438720
vt 0.862769 0.427921
vt 0.882700 0.464140
vt 0.867315 0.475170
vt 0.803538 0.356375
vt 0.781438 0.372420
vt 0.796886 0.391882
vt 0.777345 0.399353
vt 0.804183 0.438474
vt 0.821971 0.432148
vt 0.764619 0.400430
vt 0.759732 0.394728
vt 0.791101 0.438167
vt 0.765907 0.385447
vt 0.894837 0.462309
vt 0.907110 0.485666
vt 0.896918 0.488022
vt 0.900254 0.469065
vt 0.912276 0.491559
vt 0.917759 0.504195
vt 0.913058 0.499273
vt 0.904911 0.501861
vt 0.886507 0.496287
vt 0.872657 0.508237
vt 0.891867 0.529182
vt 0.902772 0.517307
vt 0.858509 0.515093
vt 0.880289 0.536410
vt 0.895082 0.545366
vt 0.904046 0.538381
vt 0.912068 0.527340
vt 0.819658 0.479574
vt 0.832089 0.479837
vt 0.847266 0.515397
vt 0.876907 0.447121
vt 0.881775 0.433909
vt 0.864421 0.461768
vt 0.896774 0.481812
vt 0.848215 0.473482
vt 0.876327 0.426573
vt 0.904108 0.533753
vt 0.908765 0.524593
vt 0.922377 0.532921
vt 0.918397 0.541106
vt 0.914348 0.517262
vt 0.926846 0.526386
vt 0.937224 0.534039
vt 0.936844 0.540689
vt 0.933787 0.548668
vt 0.919640 0.515282
vt 0.931640 0.524802
vt 0.923027 0.518652
vt 0.934397 0.527601
vt 0.943232 0.534918
vt 0.942713 0.534712
vt 0.884688 0.499026
vt 0.873658 0.513250
vt 0.895774 0.512168
vt 0.887850 0.525257
vt 0.866775 0.524966
vt 0.865591 0.533080
vt 0.883101 0.535941
vt 0.882740 0.543170
vt 0.870704 0.537363
vt 0.887270 0.546698
vt 0.910359 0.503424
vt 0.917162 0.514728
vt 0.934288 0.597225
vt 0.916397 0.585640
vt 0.901029 0.593951
vt 0.916838 0.605856
vt 0.903271 0.574299
vt 0.890240 0.576625
vt 0.883592 0.573632
vt 0.891481 0.585684
vt 0.907926 0.598078
vt 0.959356 0.611102
vt 0.949392 0.607815
vt 0.931865 0.615236
vt 0.948722 0.615277
vt 0.925177 0.607934
vt 0.940553 0.610525
vt 0.930479 0.493333
vt 0.957914 0.498056
vt 0.962053 0.483691
vt 0.936669 0.481748
vt 0.984395 0.505453
vt 0.986014 0.487153
vt 0.985063 0.466680
vt 0.963763 0.466514
vt 0.940253 0.466863
vt 1.013813 0.523440
vt 1.003627 0.525567
vt 1.000791 0.498613
vt 1.011040 0.497700
vt 0.981605 0.522233
vt 0.980260 0.496084
vt 0.974694 0.468870
vt 0.993549 0.470689
vt 1.004229 0.470827
vt 0.931897 0.562117
vt 0.908545 0.553361
vt 0.954879 0.574141
vt 0.972071 0.546632
vt 0.944943 0.534261
vt 0.916941 0.525757
vt 0.972854 0.587553
vt 0.979829 0.597334
vt 1.001871 0.572897
vt 0.993530 0.561346
vt 0.888689 0.550116
vt 0.880707 0.552263
vt 0.893284 0.521916
vt 0.883535 0.524627
vt 0.890202 0.562438
vt 0.910437 0.575864
vt 0.894592 0.534862
vt 0.918341 0.548841
vt 0.932351 0.587989
vt 0.953349 0.596365
vt 0.944625 0.562068
vt 0.970117 0.571906
vt 0.970949 0.600502
vt 0.991904 0.576207
vt 1.000318 0.468774
vt 0.991460 0.439057
vt 0.979487 0.438867
vt 0.992568 0.439626
vt 0.976036 0.386488
vt 0.976442 0.386500
vt 0.966454 0.387021
vt 0.960372 0.440402
vt 0.938110 0.441933
vt 0.948867 0.389129
vt 0.927704 0.391030
vt 1.005580 0.515348
vt 1.004576 0.492844
vt 0.896593 0.491998
vt 0.906828 0.490871
vt 0.914342 0.480193
vt 0.904285 0.480001
vt 0.919091 0.466054
vt 0.909178 0.464774
vt 0.930013 0.506308
vt 0.906908 0.497760
vt 0.913335 0.482264
vt 0.934089 0.486452
vt 0.917028 0.464146
vt 0.935261 0.464684
vt 0.956042 0.515164
vt 0.957261 0.491531
vt 0.954930 0.466521
vt 0.952456 0.537938
vt 0.979257 0.547011
vt 0.924973 0.526021
vt 0.900472 0.513820
vt 0.889301 0.505100
vt 0.899619 0.502913
vt 0.924149 0.506239
vt 1.003440 0.537397
vt 0.980967 0.524109
vt 1.012381 0.548016
vt 1.002077 0.551033
vt 0.952965 0.513395
vt 0.926190 0.220761
vt 0.937971 0.219769
vt 0.931216 0.174503
vt 0.917692 0.175745
vt 0.940432 0.219234
vt 0.935065 0.173717
vt 0.937416 0.149521
vt 0.932389 0.150881
vt 0.916727 0.152714
vt 0.889687 0.225198
vt 0.909109 0.223171
vt 0.899128 0.178438
vt 0.878250 0.180761
vt 0.895589 0.155819
vt 0.871763 0.158348
vt 0.917706 0.441561
vt 0.907923 0.439805
vt 0.908126 0.390801
vt 0.898638 0.388894
vt 0.914973 0.437758
vt 0.931110 0.436430
vt 0.905151 0.386373
vt 0.919867 0.384395
vt 0.947371 0.436523
vt 0.963877 0.437623
vt 0.933987 0.383850
vt 0.948411 0.384475
vt 0.981193 0.438981
vt 0.964537 0.385649
vt 0.910008 0.145985
vt 0.888958 0.145725
vt 0.889175 0.122006
vt 0.913071 0.121493
vt 0.866951 0.147523
vt 0.863375 0.124478
vt 0.860860 0.104590
vt 0.889312 0.101495
vt 0.915116 0.100217
vt 0.846614 0.151466
vt 0.838772 0.128523
vt 0.838018 0.155730
vt 0.827712 0.132812
vt 0.820116 0.112937
vt 0.833117 0.108673
vt 0.862772 0.222662
vt 0.871644 0.224919
vt 0.858596 0.180707
vt 0.848872 0.178346
vt 0.849094 0.158305
vt 0.883675 0.216764
vt 0.868870 0.219442
vt 0.855754 0.174531
vt 0.872647 0.171163
vt 0.915623 0.216511
vt 0.899575 0.215877
vt 0.891232 0.169923
vt 0.909562 0.170534
vt 0.931212 0.217953
vt 0.926162 0.172165
vt 0.928239 0.147626
vt 0.945786 0.300375
vt 0.956230 0.301413
vt 0.930312 0.299133
vt 0.915843 0.298576
vt 0.901675 0.299316
vt 0.887509 0.301595
vt 0.881414 0.304408
vt 0.890389 0.306493
vt 0.908785 0.306778
vt 0.928650 0.304829
vt 0.945474 0.302547
vt 0.955712 0.301730
vt 0.904914 0.080193
vt 0.881171 0.082078
vt 0.870224 0.070750
vt 0.890338 0.068399
vt 0.855181 0.086306
vt 0.848796 0.076020
vt 0.838799 0.062055
vt 0.855179 0.055885
vt 0.871081 0.052975
vt 0.830075 0.092060
vt 0.828735 0.083526
vt 0.818504 0.097569
vt 0.820060 0.090234
vt 0.818308 0.078346
vt 0.824097 0.070890
vt 0.933094 0.122871
vt 0.942566 0.125198
vt 0.936315 0.101284
vt 0.945897 0.103982
vt 0.893341 0.134081
vt 0.866018 0.136453
vt 0.917674 0.130518
vt 0.917774 0.111402
vt 0.891132 0.115409
vt 0.861367 0.117604
vt 0.936035 0.127619
vt 0.938166 0.107441
vt 0.839998 0.135851
vt 0.833086 0.116431
vt 0.876467 0.065037
vt 0.887988 0.059354
vt 0.861472 0.039307
vt 0.852810 0.044843
vt 0.891755 0.055303
vt 0.864298 0.035611
vt 0.830453 0.009217
vt 0.828182 0.012319
vt 0.821702 0.017191
vt 0.843901 0.077905
vt 0.861210 0.071934
vt 0.841444 0.051738
vt 0.828575 0.058036
vt 0.813383 0.023282
vt 0.804067 0.028983
vt 0.933431 0.083831
vt 0.924504 0.080987
vt 0.907316 0.068903
vt 0.915432 0.071589
vt 0.884849 0.052987
vt 0.856429 0.101273
vt 0.883565 0.097981
vt 0.874858 0.087236
vt 0.852340 0.091956
vt 0.907829 0.092882
vt 0.894854 0.081132
vt 0.926430 0.087942
vt 0.910058 0.075745
vt 0.830542 0.101007
vt 0.830628 0.093170
vt 0.826988 0.080571
vt 0.819115 0.009183
vt 0.810256 0.012466
vt 0.776248 -0.021518
vt 0.783098 -0.023472
vt 0.801216 0.018181
vt 0.769622 -0.017288
vt 0.743096 -0.048251
vt 0.748806 -0.050241
vt 0.758416 -0.046045
vt 0.793281 0.025780
vt 0.764178 -0.011237
vt 0.790241 0.031636
vt 0.762596 -0.006146
vt 0.743566 -0.033314
vt 0.740122 -0.042762
vt 0.815939 0.061469
vt 0.809316 0.060037
vt 0.794959 0.032410
vt 0.813349 0.052969
vt 0.824102 0.044176
vt 0.836368 0.037835
vt 0.848456 0.034523
vt 0.858986 0.033904
vt 0.826734 0.008134
vt 0.830454 0.106493
vt 0.817576 0.102855
vt 0.858690 0.107599
vt 0.935543 0.096161
vt 0.915058 0.100722
vt 0.943429 0.092195
vt 0.888414 0.105162
vt 0.934020 0.089332
vt 0.912953 0.088414
vt 0.830752 0.098213
vt 0.858667 0.093632
vt 0.887190 0.090054
vt 0.750487 -0.049044
vt 0.735966 -0.059849
vt 0.733870 -0.054617
vt 0.747489 -0.044138
vt 0.741720 -0.038761
vt 0.749697 -0.034810
vt 0.763504 -0.046318
vt 0.756350 -0.051136
vt 0.741251 -0.060860
vt 0.755359 -0.050663
vt 0.787821 -0.024916
vt 0.790835 -0.023800
vt 0.777790 -0.013636
vt 0.772062 -0.008470
vt 0.783428 -0.018619
vt 0.788348 -0.022171
vt 0.765388 -0.006266
vt 0.901572 0.545945
vt 0.904886 0.548254
vt 0.896316 0.547801
vt 0.892449 0.544974
vt 0.910144 0.547313
vt 0.902621 0.546569
vt 0.914970 0.507740
vt 0.918988 0.511769
vt 0.908522 0.510103
vt 0.901435 0.541089
vt 0.892416 0.538993
vt 0.895795 0.530024
vt 0.915782 0.542608
vt 0.909557 0.540661
vt 0.920515 0.535033
vt 0.915510 0.531349
vt 0.901614 0.518931
vt 0.923206 0.526132
vt 0.919012 0.520662
vt 0.943358 0.549516
vt 0.943469 0.551857
vt 0.945786 0.543781
vt 0.945308 0.541642
vt 0.933317 0.557241
vt 0.932117 0.558581
vt 0.939611 0.557691
vt 0.939149 0.555505
vt 0.927320 0.556361
vt 0.930694 0.554553
vt 0.915893 0.547539
vt 0.915682 0.551538
vt 0.918829 0.553629
vt 0.923207 0.552749
vt 0.934870 0.534335
vt 0.932596 0.542343
vt 0.928362 0.548950
vt 0.692470 0.300360
vt 0.690946 0.306663
vt 0.700948 0.309571
vt 0.698343 0.326803
vt 0.709491 0.348034
vt 0.712096 0.330802
vt 0.719494 0.350942
vt 0.717970 0.357245
vt 0.411770 0.565412
vt 0.411696 0.571852
vt 0.390649 0.584980
vt 0.394474 0.572762
vt 0.365577 0.581720
vt 0.373319 0.573640
vt 0.382800 0.580810
vt 0.363586 0.580350
vt 0.402036 0.572123
vt 0.401837 0.550926
vt 0.373647 0.558818
vt 0.350157 0.562559
vt 0.362957 0.521698
vt 0.337343 0.528141
vt 0.394043 0.511405
vt 0.351935 0.517876
vt 0.340826 0.477621
vt 0.371035 0.462447
vt 0.383021 0.507583
vt 0.395702 0.451280
vt 0.408635 0.501139
vt 0.357915 0.419766
vt 0.380405 0.401683
vt 0.329648 0.441852
vt 0.414949 0.541860
vt 0.391648 0.546372
vt 0.363269 0.553494
vt 0.418123 0.544609
vt 0.411971 0.503134
vt 0.334007 0.526146
vt 0.347173 0.560581
vt 0.289394 0.407323
vt 0.283224 0.388460
vt 0.286057 0.397748
vt 0.291003 0.415327
vt 0.302057 0.380809
vt 0.308691 0.397958
vt 0.285102 0.381902
vt 0.298522 0.366815
vt 0.281739 0.372644
vt 0.398602 0.451683
vt 0.380923 0.461964
vt 0.382218 0.399488
vt 0.364997 0.412356
vt 0.326048 0.488304
vt 0.323148 0.487901
vt 0.312428 0.454720
vt 0.314241 0.452525
vt 0.350714 0.477137
vt 0.336730 0.434442
vt 0.297214 0.358149
vt 0.310478 0.329095
vt 0.315078 0.333263
vt 0.318383 0.301747
vt 0.325341 0.301896
vt 0.306789 0.328185
vt 0.313821 0.305078
vt 0.295302 0.352663
vt 0.332272 0.339660
vt 0.318339 0.318521
vt 0.297250 0.354925
vt 0.307215 0.375248
vt 0.292002 0.341277
vt 0.308558 0.307724
vt 0.323145 0.344405
vt 0.333748 0.362370
vt 0.337172 0.310870
vt 0.351569 0.330295
vt 0.334339 0.301582
vt 0.349960 0.322291
vt 0.321978 0.292638
vt 0.365824 0.360666
vt 0.365953 0.355330
vt 0.348303 0.370988
vt 0.318412 0.416652
vt 0.345404 0.386724
vt 0.321312 0.400917
vt 0.300891 0.426975
vt 0.300762 0.432311
vt 0.275488 0.348015
vt 0.268792 0.350059
vt 0.269480 0.357500
vt 0.276185 0.354287
vt 0.279348 0.347475
vt 0.284760 0.345539
vt 0.257043 0.371458
vt 0.267119 0.358099
vt 0.250747 0.361522
vt 0.315208 0.293446
vt 0.304095 0.306296
vt 0.311351 0.297984
vt 0.301937 0.308735
vt 0.282926 0.362697
vt 0.286101 0.370998
vt 0.285887 0.363415
vt 0.283418 0.356321
vt 0.290831 0.335349
vt 0.290449 0.333214
vt 0.239029 0.334543
vt 0.215116 0.317312
vt 0.237096 0.278733
vt 0.260787 0.296080
vt 0.257707 0.246427
vt 0.279422 0.262666
vt 0.214653 0.265003
vt 0.237213 0.233758
vt 0.192149 0.303636
vt 0.296499 0.307965
vt 0.295358 0.303271
vt 0.280113 0.326846
vt 0.284255 0.328454
vt 0.270112 0.323159
vt 0.292103 0.289052
vt 0.294433 0.323387
vt 0.297004 0.325050
vt 0.305829 0.300736
vt 0.305770 0.305489
vt 0.289921 0.319547
vt 0.307406 0.286248
vt 0.305553 0.293850
vt 0.305074 0.299217
vt 0.307613 0.281861
vt 0.221611 0.236246
vt 0.224273 0.230372
vt 0.200675 0.261317
vt 0.198166 0.267715
vt 0.177681 0.300222
vt 0.174991 0.307030
vt 0.289907 0.240200
vt 0.304369 0.252443
vt 0.296360 0.276405
vt 0.311623 0.260811
vt 0.304227 0.239164
vt 0.310129 0.247852
vt 0.291495 0.228190
vt 0.156193 0.348826
vt 0.164812 0.363035
vt 0.185087 0.321604
vt 0.182101 0.379068
vt 0.204144 0.338563
vt 0.144890 0.405285
vt 0.159598 0.420308
vt 0.138398 0.391671
vt 0.247271 0.265181
vt 0.230156 0.249327
vt 0.208015 0.281936
vt 0.226870 0.298895
vt 0.269206 0.279251
vt 0.249932 0.313482
vt 0.227222 0.352613
vt 0.174575 0.343961
vt 0.159942 0.341572
vt 0.143340 0.384159
vt 0.157718 0.385592
vt 0.298629 0.262849
vt 0.281292 0.254813
vt 0.262498 0.242344
vt 0.289767 0.240620
vt 0.274492 0.229520
vt 0.300219 0.249219
vt 0.256744 0.348442
vt 0.278860 0.310301
vt 0.275800 0.216552
vt 0.271115 0.213955
vt 0.285161 0.224838
vt 0.261055 0.218079
vt 0.257545 0.208211
vt 0.252628 0.211793
vt 0.262887 0.210339
vt 0.298472 0.235573
vt 0.307269 0.247503
vt 0.247696 0.228621
vt 0.240383 0.217753
vt 0.309561 0.263674
vt 0.253858 0.215639
vt 0.271227 0.226150
vt 0.243031 0.212701
vt 0.214314 0.432716
vt 0.186099 0.474167
vt 0.183076 0.465359
vt 0.210083 0.423834
vt 0.172023 0.453228
vt 0.197061 0.411522
vt 0.156138 0.501833
vt 0.146973 0.489732
vt 0.158286 0.510440
vt 0.155099 0.438720
vt 0.177664 0.396690
vt 0.137231 0.427921
vt 0.132685 0.475170
vt 0.117300 0.464140
vt 0.218563 0.372420
vt 0.196462 0.356375
vt 0.203114 0.391882
vt 0.222654 0.399353
vt 0.178030 0.432148
vt 0.195817 0.438474
vt 0.235381 0.400430
vt 0.240268 0.394728
vt 0.208899 0.438167
vt 0.234093 0.385447
vt 0.103082 0.488022
vt 0.092890 0.485666
vt 0.105163 0.462309
vt 0.087724 0.491559
vt 0.099746 0.469065
vt 0.086942 0.499273
vt 0.082240 0.504195
vt 0.095089 0.501861
vt 0.113493 0.496287
vt 0.097228 0.517307
vt 0.108133 0.529182
vt 0.127343 0.508237
vt 0.119711 0.536410
vt 0.141491 0.515093
vt 0.095954 0.538381
vt 0.104919 0.545366
vt 0.087932 0.527340
vt 0.167911 0.479837
vt 0.180342 0.479574
vt 0.152734 0.515397
vt 0.118225 0.433909
vt 0.123093 0.447121
vt 0.135579 0.461768
vt 0.103226 0.481812
vt 0.151785 0.473482
vt 0.123673 0.426573
vt 0.095892 0.533753
vt 0.081603 0.541106
vt 0.077623 0.532921
vt 0.091235 0.524593
vt 0.073154 0.526386
vt 0.085652 0.517262
vt 0.063156 0.540689
vt 0.062776 0.534039
vt 0.066213 0.548668
vt 0.068360 0.524802
vt 0.080360 0.515282
vt 0.065603 0.527601
vt 0.076973 0.518652
vt 0.057287 0.534712
vt 0.056768 0.534918
vt 0.126342 0.513250
vt 0.115312 0.499026
vt 0.104226 0.512168
vt 0.112150 0.525257
vt 0.134409 0.533080
vt 0.133225 0.524966
vt 0.116899 0.535941
vt 0.117260 0.543170
vt 0.129296 0.537363
vt 0.112730 0.546698
vt 0.089640 0.503424
vt 0.082838 0.514728
vt 0.065712 0.597225
vt 0.083162 0.605856
vt 0.098971 0.593951
vt 0.083603 0.585640
vt 0.109760 0.576625
vt 0.096729 0.574299
vt 0.108519 0.585684
vt 0.116408 0.573632
vt 0.092073 0.598078
vt 0.040644 0.611102
vt 0.051278 0.615277
vt 0.068135 0.615236
vt 0.050608 0.607815
vt 0.074823 0.607934
vt 0.059447 0.610525
vt 0.069521 0.493333
vt 0.063331 0.481748
vt 0.037947 0.483691
vt 0.042086 0.498056
vt 0.013986 0.487153
vt 0.015605 0.505453
vt 0.036237 0.466514
vt 0.014936 0.466680
vt 0.059747 0.466863
vt -0.013813 0.523440
vt -0.011040 0.497700
vt -0.000791 0.498613
vt -0.003627 0.525567
vt 0.019740 0.496084
vt 0.018395 0.522233
vt 0.006452 0.470689
vt 0.025306 0.468870
vt -0.004229 0.470827
vt 0.091455 0.553361
vt 0.068103 0.562117
vt 0.045121 0.574141
vt 0.055057 0.534261
vt 0.027929 0.546632
vt 0.083059 0.525757
vt 0.027147 0.587553
vt 0.020171 0.597334
vt 0.006470 0.561346
vt -0.001872 0.572897
vt 0.119293 0.552263
vt 0.111311 0.550116
vt 0.106716 0.521916
vt 0.116465 0.524627
vt 0.089563 0.575864
vt 0.109798 0.562438
vt 0.105408 0.534862
vt 0.081659 0.548841
vt 0.046651 0.596365
vt 0.067649 0.587989
vt 0.055375 0.562068
vt 0.029883 0.571906
vt 0.029051 0.600502
vt 0.008097 0.576207
vt 0.020513 0.438867
vt 0.008540 0.439057
vt -0.000318 0.468774
vt 0.007432 0.439626
vt 0.023558 0.386500
vt 0.023964 0.386488
vt 0.033546 0.387021
vt 0.061890 0.441933
vt 0.039628 0.440402
vt 0.051133 0.389129
vt 0.072296 0.391030
vt -0.004576 0.492844
vt -0.005580 0.515348
vt 0.103407 0.491998
vt 0.095715 0.480001
vt 0.085658 0.480193
vt 0.093172 0.490871
vt 0.080909 0.466054
vt 0.090822 0.464774
vt 0.069987 0.506308
vt 0.065911 0.486452
vt 0.086665 0.482264
vt 0.093092 0.497760
vt 0.082972 0.464146
vt 0.064739 0.464684
vt 0.042739 0.491531
vt 0.043958 0.515164
vt 0.045070 0.466521
vt 0.020743 0.547011
vt 0.047544 0.537938
vt 0.075027 0.526021
vt 0.099528 0.513820
vt 0.110699 0.505100
vt 0.100381 0.502913
vt 0.075851 0.506239
vt 0.019034 0.524109
vt -0.003440 0.537397
vt -0.012381 0.548016
vt -0.002077 0.551033
vt 0.047035 0.513395
vt 0.073810 0.220761
vt 0.082308 0.175745
vt 0.068784 0.174503
vt 0.062029 0.219769
vt 0.064935 0.173717
vt 0.059568 0.219234
vt 0.067611 0.150881
vt 0.062584 0.149521
vt 0.083273 0.152714
vt 0.110313 0.225198
vt 0.121750 0.180761
vt 0.100872 0.178438
vt 0.090892 0.223171
vt 0.104411 0.155819
vt 0.128237 0.158348
vt 0.092077 0.439805
vt 0.082293 0.441561
vt 0.091874 0.390801
vt 0.101362 0.388894
vt 0.068890 0.436430
vt 0.085027 0.437758
vt 0.094849 0.386373
vt 0.080133 0.384395
vt 0.036123 0.437623
vt 0.052629 0.436523
vt 0.066013 0.383850
vt 0.051589 0.384475
vt 0.018807 0.438981
vt 0.035463 0.385649
vt 0.089992 0.145985
vt 0.086929 0.121493
vt 0.110825 0.122006
vt 0.111042 0.145725
vt 0.136625 0.124478
vt 0.133049 0.147523
vt 0.110688 0.101495
vt 0.139140 0.104590
vt 0.084884 0.100217
vt 0.161228 0.128523
vt 0.153386 0.151466
vt 0.172288 0.132812
vt 0.161982 0.155730
vt 0.166883 0.108673
vt 0.179884 0.112937
vt 0.137228 0.222662
vt 0.151128 0.178346
vt 0.141404 0.180707
vt 0.128356 0.224919
vt 0.150906 0.158305
vt 0.116325 0.216764
vt 0.127353 0.171163
vt 0.144246 0.174531
vt 0.131130 0.219442
vt 0.084377 0.216511
vt 0.090438 0.170534
vt 0.108768 0.169923
vt 0.100425 0.215877
vt 0.073838 0.172165
vt 0.068788 0.217953
vt 0.071761 0.147626
vt 0.043770 0.301413
vt 0.054214 0.300375
vt 0.069688 0.299133
vt 0.084157 0.298576
vt 0.098325 0.299316
vt 0.112491 0.301595
vt 0.118585 0.304408
vt 0.109611 0.306493
vt 0.091215 0.306778
vt 0.071350 0.304829
vt 0.054526 0.302547
vt 0.044288 0.301730
vt 0.095086 0.080193
vt 0.109662 0.068399
vt 0.129776 0.070750
vt 0.118829 0.082078
vt 0.151204 0.076020
vt 0.144819 0.086306
vt 0.144821 0.055885
vt 0.161201 0.062055
vt 0.128919 0.052975
vt 0.171265 0.083526
vt 0.169925 0.092060
vt 0.179941 0.090234
vt 0.181496 0.097569
vt 0.175903 0.070890
vt 0.181692 0.078346
vt 0.057434 0.125198
vt 0.066906 0.122871
vt 0.063685 0.101284
vt 0.054103 0.103982
vt 0.133982 0.136453
vt 0.106659 0.134081
vt 0.082326 0.130518
vt 0.108868 0.115409
vt 0.082226 0.111402
vt 0.138633 0.117604
vt 0.063965 0.127619
vt 0.061834 0.107441
vt 0.160002 0.135851
vt 0.166914 0.116431
vt 0.123533 0.065037
vt 0.147190 0.044843
vt 0.138528 0.039307
vt 0.112012 0.059354
vt 0.135702 0.035611
vt 0.108245 0.055303
vt 0.171818 0.012319
vt 0.169547 0.009217
vt 0.178298 0.017191
vt 0.156099 0.077905
vt 0.171425 0.058036
vt 0.158556 0.051738
vt 0.138790 0.071934
vt 0.186617 0.023282
vt 0.195933 0.028983
vt 0.066569 0.083831
vt 0.084568 0.071589
vt 0.092684 0.068903
vt 0.075496 0.080987
vt 0.115151 0.052987
vt 0.143571 0.101273
vt 0.147660 0.091956
vt 0.125142 0.087236
vt 0.116435 0.097981
vt 0.105146 0.081132
vt 0.092171 0.092882
vt 0.089942 0.075745
vt 0.073570 0.087942
vt 0.169372 0.093170
vt 0.169458 0.101007
vt 0.173012 0.080571
vt 0.180885 0.009183
vt 0.216902 -0.023472
vt 0.223752 -0.021518
vt 0.189744 0.012466
vt 0.230378 -0.017288
vt 0.198784 0.018181
vt 0.251193 -0.050241
vt 0.256904 -0.048251
vt 0.241584 -0.046045
vt 0.235822 -0.011237
vt 0.206720 0.025780
vt 0.237404 -0.006146
vt 0.209759 0.031636
vt 0.259878 -0.042762
vt 0.256434 -0.033314
vt 0.190684 0.060037
vt 0.184061 0.061469
vt 0.205041 0.032410
vt 0.175898 0.044176
vt 0.186651 0.052969
vt 0.151544 0.034523
vt 0.163632 0.037835
vt 0.141014 0.033904
vt 0.173266 0.008134
vt 0.182424 0.102855
vt 0.169546 0.106493
vt 0.141309 0.107599
vt 0.084942 0.100722
vt 0.064457 0.096161
vt 0.056571 0.092195
vt 0.111586 0.105162
vt 0.065980 0.089332
vt 0.087047 0.088414
vt 0.141333 0.093632
vt 0.169248 0.098213
vt 0.112810 0.090054
vt 0.249513 -0.049044
vt 0.252512 -0.044138
vt 0.266130 -0.054617
vt 0.264034 -0.059849
vt 0.258280 -0.038761
vt 0.250303 -0.034810
vt 0.236496 -0.046318
vt 0.244641 -0.050663
vt 0.258749 -0.060860
vt 0.243650 -0.051136
vt 0.209164 -0.023800
vt 0.212179 -0.024916
vt 0.227939 -0.008470
vt 0.222210 -0.013636
vt 0.216572 -0.018619
vt 0.211652 -0.022171
vt 0.234612 -0.006266
vt 0.098428 0.545945
vt 0.107551 0.544974
vt 0.103684 0.547801
vt 0.095114 0.548254
vt 0.097379 0.546569
vt 0.089856 0.547313
vt 0.081012 0.511769
vt 0.085030 0.507740
vt 0.091478 0.510103
vt 0.104205 0.530024
vt 0.107585 0.538993
vt 0.098565 0.541089
vt 0.090443 0.540661
vt 0.084218 0.542608
vt 0.084490 0.531349
vt 0.079485 0.535033
vt 0.098386 0.518931
vt 0.080988 0.520662
vt 0.076794 0.526132
vt 0.056642 0.549516
vt 0.054692 0.541642
vt 0.054214 0.543781
vt 0.056531 0.551857
vt 0.066682 0.557241
vt 0.060851 0.555505
vt 0.060389 0.557691
vt 0.067883 0.558581
vt 0.069306 0.554553
vt 0.072680 0.556361
vt 0.084318 0.551538
vt 0.084107 0.547539
vt 0.076793 0.552749
vt 0.081171 0.553629
vt 0.065130 0.534335
vt 0.067404 0.542343
vt 0.071638 0.548950
vt 0.309054 0.306663
vt 0.307531 0.300360
vt 0.299052 0.309571
vt 0.290509 0.348034
vt 0.301657 0.326803
vt 0.287904 0.330802
vt 0.280506 0.350942
vt 0.282030 0.357245
vt 0.610160 0.721493
vt 0.607015 0.725517
vt 0.612024 0.731187
vt 0.618820 0.714033
vt 0.618146 0.726065
vt 0.620931 0.717158
vt 0.618128 0.726010
vt 0.620755 0.718363
vt 0.611714 0.730858
vt 0.617918 0.716005
vt 0.607270 0.725765
vt 0.610200 0.718968
vt 0.597451 0.729538
vt 0.598780 0.717916
vt 0.591316 0.722107
vt 0.596762 0.729942
vt 0.591267 0.722629
vt 0.626281 0.461841
vt 0.619682 0.529162
vt 0.639650 0.529228
vt 0.635374 0.463037
vt 0.599835 0.719335
vt 0.624052 0.216634
vt 0.615264 0.216564
vt 0.622618 0.136085
vt 0.630091 0.137494
vt 0.640918 -0.129190
vt 0.634055 -0.126743
vt 0.631230 -0.214574
vt 0.634981 -0.215616
vt 0.635205 0.217638
vt 0.643738 0.138601
vt 0.647490 0.217930
vt 0.654337 0.139195
vt 0.658133 0.218545
vt 0.661870 0.138619
vt 0.634198 0.216334
vt 0.646698 0.217151
vt 0.654003 0.137396
vt 0.640384 0.134675
vt 0.657732 0.218138
vt 0.662754 0.138661
vt 0.620726 0.215826
vt 0.626507 0.134653
vt 0.614383 0.215627
vt 0.622011 0.135115
vt 0.645256 -0.388492
vt 0.640271 -0.387666
vt 0.640985 -0.433215
vt 0.646510 -0.437162
vt 0.656852 -0.128177
vt 0.650949 -0.127136
vt 0.646732 -0.217210
vt 0.651881 -0.217813
vt 0.640196 -0.129589
vt 0.652654 -0.129769
vt 0.649035 -0.219554
vt 0.638845 -0.218189
vt 0.633020 -0.127917
vt 0.629656 -0.215682
vt 0.646700 -0.126883
vt 0.642572 -0.218007
vt 0.657395 -0.129752
vt 0.652715 -0.219242
vt 0.634996 -0.129198
vt 0.631700 -0.215828
vt 0.637441 -0.435443
vt 0.646552 -0.437844
vt 0.640015 -0.467042
vt 0.639213 -0.466656
vt 0.636145 -0.382991
vt 0.645856 -0.386260
vt 0.627544 -0.379544
vt 0.624530 -0.378269
vt 0.627830 -0.429229
vt 0.629331 -0.428509
vt 0.634519 -0.385478
vt 0.636794 -0.431526
vt 0.649243 -0.390017
vt 0.649951 -0.435389
vt 0.627133 -0.380255
vt 0.630820 -0.431545
vt 0.631124 -0.382597
vt 0.632812 -0.429343
vt 0.634391 -0.456365
vt 0.634944 -0.459360
vt 0.639916 -0.466929
vt 0.638387 -0.455147
vt 0.639522 -0.458117
vt 0.635827 -0.460593
vt 0.636425 -0.456581
vt 0.642005 -0.461005
vt 0.598312 0.664665
vt 0.616729 0.663702
vt 0.589067 0.665624
vt 0.589076 0.665543
vt 0.598715 0.664631
vt 0.617374 0.663511
vt 0.627954 0.661728
vt 0.633123 0.660546
vt 0.633117 0.660560
vt 0.627992 0.661804
vt 0.617694 0.597100
vt 0.635808 0.595774
vt 0.647763 0.528020
vt 0.643305 0.465777
vt 0.641604 0.593844
vt 0.647670 0.528140
vt 0.643042 0.465701
vt 0.641646 0.593758
vt 0.639257 0.529636
vt 0.635165 0.463157
vt 0.635775 0.595739
vt 0.619657 0.529392
vt 0.626322 0.461749
vt 0.617760 0.597256
vt 0.609824 0.530660
vt 0.614051 0.458227
vt 0.601474 0.598263
vt 0.603428 0.531307
vt 0.604707 0.455276
vt 0.594676 0.599541
vt 0.603137 0.531044
vt 0.604773 0.455974
vt 0.594598 0.599445
vt 0.609399 0.530402
vt 0.612341 0.457350
vt 0.601327 0.598152
vt 0.603630 0.378855
vt 0.605071 0.379039
vt 0.609036 0.296179
vt 0.610209 0.296862
vt 0.610577 0.377808
vt 0.616137 0.296444
vt 0.620364 0.376568
vt 0.627483 0.296419
vt 0.642747 0.375658
vt 0.635123 0.376043
vt 0.651981 0.296968
vt 0.641716 0.296771
vt 0.643040 0.375004
vt 0.653141 0.296879
vt 0.635707 0.376345
vt 0.643981 0.296824
vt 0.622021 0.376699
vt 0.628705 0.296358
vt 0.612108 0.378180
vt 0.617942 0.296508
vt 0.641124 0.048866
vt 0.634223 0.047582
vt 0.642183 -0.039544
vt 0.636748 -0.039643
vt 0.662544 0.050669
vt 0.662796 0.050308
vt 0.660200 -0.038734
vt 0.660618 -0.039839
vt 0.638464 0.050594
vt 0.644877 0.051654
vt 0.639135 -0.037598
vt 0.647134 -0.036513
vt 0.629305 0.048346
vt 0.633407 -0.039687
vt 0.652400 0.049197
vt 0.654321 -0.039882
vt 0.654480 0.050127
vt 0.653095 -0.037330
vt 0.629963 0.049672
vt 0.634190 -0.038682
vt 0.628276 -0.269624
vt 0.631856 -0.269742
vt 0.626848 -0.323623
vt 0.631059 -0.324026
vt 0.637943 -0.273316
vt 0.629605 -0.271200
vt 0.636514 -0.328421
vt 0.628490 -0.326043
vt 0.646839 -0.272973
vt 0.649531 -0.274374
vt 0.645956 -0.329743
vt 0.647362 -0.330911
vt 0.638272 -0.269800
vt 0.635019 -0.324188
vt 0.626899 -0.269425
vt 0.625424 -0.324466
vt 0.646029 -0.274878
vt 0.644935 -0.330595
vt 0.642258 -0.271334
vt 0.641662 -0.327113
vt 0.534987 0.629358
vt 0.536609 0.631541
vt 0.533471 0.634292
vt 0.530400 0.625364
vt 0.530275 0.631533
vt 0.529044 0.626951
vt 0.530286 0.631511
vt 0.529105 0.627558
vt 0.533661 0.634141
vt 0.530808 0.626403
vt 0.536468 0.631662
vt 0.535081 0.628068
vt 0.541959 0.633655
vt 0.541445 0.627688
vt 0.542201 0.633777
vt 0.545529 0.630049
vt 0.542569 0.633964
vt 0.545552 0.630315
vt 0.532245 0.498628
vt 0.534266 0.532476
vt 0.523734 0.532118
vt 0.527209 0.499024
vt 0.542341 0.633820
vt 0.540862 0.628366
vt 0.540793 0.375633
vt 0.546365 0.375761
vt 0.545611 0.335197
vt 0.540233 0.335769
vt 0.537150 0.202246
vt 0.540860 0.203635
vt 0.543989 0.159714
vt 0.541803 0.159081
vt 0.533115 0.375964
vt 0.530538 0.336106
vt 0.524494 0.375929
vt 0.521912 0.336264
vt 0.517398 0.376080
vt 0.515814 0.335895
vt 0.531481 0.375507
vt 0.524602 0.375688
vt 0.521662 0.335582
vt 0.532000 0.334502
vt 0.517520 0.375935
vt 0.515230 0.335984
vt 0.542602 0.375428
vt 0.542351 0.334624
vt 0.546860 0.375314
vt 0.546141 0.334791
vt 0.538751 0.072215
vt 0.541546 0.072743
vt 0.542085 0.049791
vt 0.539093 0.047650
vt 0.527733 0.202336
vt 0.531130 0.202991
vt 0.534962 0.157949
vt 0.532001 0.157518
vt 0.537083 0.202061
vt 0.530171 0.201679
vt 0.533711 0.156769
vt 0.539464 0.157716
vt 0.541482 0.203087
vt 0.544897 0.159203
vt 0.533777 0.203239
vt 0.537562 0.157680
vt 0.527425 0.201555
vt 0.531517 0.156796
vt 0.540281 0.202398
vt 0.543628 0.159076
vt 0.544512 0.048701
vt 0.539212 0.047273
vt 0.543334 0.032259
vt 0.544698 0.032514
vt 0.544073 0.075174
vt 0.538514 0.073327
vt 0.549064 0.077090
vt 0.550677 0.077784
vt 0.550025 0.052071
vt 0.549153 0.052411
vt 0.544870 0.073971
vt 0.544649 0.050714
vt 0.536605 0.071368
vt 0.537154 0.048500
vt 0.549188 0.076728
vt 0.548378 0.050838
vt 0.547019 0.075489
vt 0.547111 0.051920
vt 0.547135 0.038139
vt 0.546982 0.036563
vt 0.544363 0.032411
vt 0.544318 0.038656
vt 0.543739 0.037022
vt 0.542857 0.032727
vt 0.546467 0.035953
vt 0.545787 0.037879
vt 0.541968 0.035528
vt 0.542776 0.600853
vt 0.532962 0.600026
vt 0.547816 0.601504
vt 0.547809 0.601463
vt 0.542575 0.600830
vt 0.532633 0.599923
vt 0.526861 0.598853
vt 0.524010 0.598184
vt 0.524011 0.598188
vt 0.526846 0.598886
vt 0.533889 0.566575
vt 0.524282 0.565587
vt 0.519307 0.531344
vt 0.522781 0.500206
vt 0.521081 0.564536
vt 0.519355 0.531406
vt 0.522918 0.500177
vt 0.521063 0.564491
vt 0.523932 0.532328
vt 0.527332 0.499095
vt 0.524305 0.565569
vt 0.534289 0.532590
vt 0.532263 0.498582
vt 0.533857 0.566650
vt 0.539715 0.533410
vt 0.538979 0.497077
vt 0.542568 0.567448
vt 0.543267 0.533857
vt 0.544113 0.495805
vt 0.546310 0.568199
vt 0.543426 0.533736
vt 0.544080 0.496156
vt 0.546357 0.568154
vt 0.539934 0.533296
vt 0.539855 0.496680
vt 0.542650 0.567397
vt 0.546182 0.457524
vt 0.545422 0.457587
vt 0.545747 0.415922
vt 0.544908 0.416241
vt 0.542349 0.456864
vt 0.541854 0.415941
vt 0.536955 0.456054
vt 0.534614 0.415763
vt 0.524833 0.455156
vt 0.529039 0.455498
vt 0.521068 0.415578
vt 0.526890 0.415678
vt 0.524691 0.454832
vt 0.520793 0.415492
vt 0.528779 0.455644
vt 0.525824 0.415634
vt 0.536175 0.456085
vt 0.534548 0.415670
vt 0.541563 0.457017
vt 0.540759 0.415924
vt 0.533271 0.291467
vt 0.539114 0.290885
vt 0.534347 0.247113
vt 0.537664 0.247200
vt 0.518741 0.291806
vt 0.519568 0.291715
vt 0.524306 0.247096
vt 0.524066 0.246557
vt 0.536736 0.292154
vt 0.531538 0.292576
vt 0.536716 0.248113
vt 0.532228 0.248464
vt 0.541823 0.291347
vt 0.539817 0.247239
vt 0.526959 0.291392
vt 0.527595 0.246680
vt 0.523257 0.291685
vt 0.528317 0.247941
vt 0.542255 0.291899
vt 0.539353 0.247708
vt 0.546548 0.132180
vt 0.544434 0.132016
vt 0.548316 0.105137
vt 0.545892 0.104834
vt 0.540964 0.130118
vt 0.545762 0.131376
vt 0.542774 0.102532
vt 0.547402 0.103911
vt 0.535648 0.129988
vt 0.534185 0.129243
vt 0.537214 0.101608
vt 0.536382 0.101001
vt 0.540736 0.131811
vt 0.543438 0.104640
vt 0.547341 0.132324
vt 0.549167 0.104759
vt 0.536257 0.129114
vt 0.537875 0.101236
vt 0.538273 0.130918
vt 0.539656 0.103018
vt 0.389840 0.721493
vt 0.381180 0.714033
vt 0.387976 0.731187
vt 0.392985 0.725517
vt 0.379069 0.717158
vt 0.381854 0.726065
vt 0.379245 0.718363
vt 0.381872 0.726010
vt 0.382082 0.716005
vt 0.388286 0.730858
vt 0.389799 0.718968
vt 0.392730 0.725765
vt 0.401220 0.717916
vt 0.402549 0.729538
vt 0.408684 0.722107
vt 0.408733 0.722629
vt 0.403238 0.729942
vt 0.373719 0.461841
vt 0.364626 0.463037
vt 0.360350 0.529228
vt 0.380318 0.529162
vt 0.400165 0.719335
vt 0.375948 0.216634
vt 0.369909 0.137494
vt 0.377382 0.136085
vt 0.384736 0.216564
vt 0.359083 -0.129190
vt 0.365019 -0.215616
vt 0.368770 -0.214574
vt 0.365945 -0.126743
vt 0.364795 0.217638
vt 0.356262 0.138601
vt 0.352510 0.217930
vt 0.345663 0.139195
vt 0.341867 0.218545
vt 0.338130 0.138619
vt 0.365802 0.216334
vt 0.359616 0.134675
vt 0.345998 0.137396
vt 0.353302 0.217151
vt 0.342268 0.218138
vt 0.337246 0.138661
vt 0.379274 0.215826
vt 0.373493 0.134653
vt 0.385617 0.215627
vt 0.377989 0.135115
vt 0.354744 -0.388492
vt 0.353490 -0.437162
vt 0.359014 -0.433215
vt 0.359729 -0.387666
vt 0.343148 -0.128177
vt 0.348119 -0.217813
vt 0.353268 -0.217210
vt 0.349051 -0.127136
vt 0.359804 -0.129589
vt 0.361156 -0.218189
vt 0.350965 -0.219554
vt 0.347346 -0.129769
vt 0.370344 -0.215682
vt 0.366980 -0.127917
vt 0.357428 -0.218007
vt 0.353300 -0.126883
vt 0.347285 -0.219242
vt 0.342605 -0.129752
vt 0.368300 -0.215828
vt 0.365004 -0.129198
vt 0.362559 -0.435443
vt 0.360787 -0.466656
vt 0.359985 -0.467042
vt 0.353448 -0.437844
vt 0.363855 -0.382991
vt 0.354144 -0.386260
vt 0.372456 -0.379544
vt 0.370669 -0.428509
vt 0.372170 -0.429229
vt 0.375470 -0.378269
vt 0.363206 -0.431526
vt 0.365481 -0.385478
vt 0.350049 -0.435389
vt 0.350758 -0.390017
vt 0.369180 -0.431545
vt 0.372867 -0.380255
vt 0.367188 -0.429343
vt 0.368876 -0.382597
vt 0.365609 -0.456365
vt 0.360084 -0.466929
vt 0.365056 -0.459360
vt 0.360478 -0.458117
vt 0.361613 -0.455147
vt 0.364173 -0.460593
vt 0.363575 -0.456581
vt 0.357995 -0.461005
vt 0.401687 0.664665
vt 0.383271 0.663702
vt 0.410933 0.665624
vt 0.410924 0.665543
vt 0.401285 0.664631
vt 0.382626 0.663511
vt 0.372046 0.661728
vt 0.366877 0.660546
vt 0.366883 0.660560
vt 0.372008 0.661804
vt 0.364192 0.595774
vt 0.382306 0.597100
vt 0.356695 0.465777
vt 0.352237 0.528020
vt 0.358396 0.593844
vt 0.356958 0.465701
vt 0.352330 0.528140
vt 0.358354 0.593758
vt 0.364835 0.463157
vt 0.360743 0.529636
vt 0.364225 0.595739
vt 0.373678 0.461749
vt 0.380343 0.529392
vt 0.382240 0.597256
vt 0.385949 0.458227
vt 0.390176 0.530660
vt 0.398525 0.598263
vt 0.395293 0.455276
vt 0.396572 0.531307
vt 0.405324 0.599541
vt 0.395227 0.455974
vt 0.396863 0.531044
vt 0.405402 0.599445
vt 0.387659 0.457350
vt 0.390601 0.530402
vt 0.398673 0.598152
vt 0.394929 0.379039
vt 0.396369 0.378855
vt 0.389791 0.296862
vt 0.390964 0.296179
vt 0.389422 0.377808
vt 0.383863 0.296444
vt 0.379636 0.376568
vt 0.372517 0.296419
vt 0.364877 0.376043
vt 0.357253 0.375658
vt 0.358284 0.296771
vt 0.348019 0.296968
vt 0.356961 0.375004
vt 0.346859 0.296879
vt 0.364293 0.376345
vt 0.356018 0.296824
vt 0.377979 0.376699
vt 0.371295 0.296358
vt 0.387892 0.378180
vt 0.382058 0.296508
vt 0.365777 0.047582
vt 0.358875 0.048866
vt 0.363252 -0.039643
vt 0.357817 -0.039544
vt 0.337204 0.050308
vt 0.337456 0.050669
vt 0.339382 -0.039839
vt 0.339800 -0.038734
vt 0.355123 0.051654
vt 0.361536 0.050594
vt 0.352866 -0.036513
vt 0.360865 -0.037598
vt 0.370695 0.048346
vt 0.366593 -0.039687
vt 0.347600 0.049197
vt 0.345679 -0.039882
vt 0.345520 0.050127
vt 0.346905 -0.037330
vt 0.370037 0.049672
vt 0.365810 -0.038682
vt 0.368144 -0.269742
vt 0.371724 -0.269624
vt 0.368941 -0.324026
vt 0.373152 -0.323623
vt 0.370395 -0.271200
vt 0.362057 -0.273316
vt 0.371510 -0.326043
vt 0.363486 -0.328421
vt 0.350469 -0.274374
vt 0.353161 -0.272973
vt 0.352638 -0.330911
vt 0.354044 -0.329743
vt 0.361728 -0.269800
vt 0.364981 -0.324188
vt 0.373102 -0.269425
vt 0.374576 -0.324466
vt 0.353971 -0.274878
vt 0.355065 -0.330595
vt 0.357743 -0.271334
vt 0.358338 -0.327113
vt 0.465013 0.629358
vt 0.469600 0.625364
vt 0.466529 0.634292
vt 0.463391 0.631541
vt 0.470956 0.626951
vt 0.469725 0.631533
vt 0.470895 0.627558
vt 0.469714 0.631511
vt 0.469192 0.626403
vt 0.466339 0.634141
vt 0.464919 0.628068
vt 0.463532 0.631662
vt 0.458555 0.627688
vt 0.458041 0.633655
vt 0.454471 0.630049
vt 0.457799 0.633777
vt 0.454448 0.630315
vt 0.457431 0.633964
vt 0.467755 0.498628
vt 0.472791 0.499024
vt 0.476266 0.532118
vt 0.465734 0.532476
vt 0.459138 0.628366
vt 0.457659 0.633820
vt 0.459207 0.375633
vt 0.459767 0.335769
vt 0.454389 0.335197
vt 0.453635 0.375761
vt 0.462850 0.202246
vt 0.458196 0.159081
vt 0.456011 0.159714
vt 0.459140 0.203635
vt 0.466885 0.375964
vt 0.469462 0.336106
vt 0.475506 0.375929
vt 0.478088 0.336264
vt 0.482602 0.376080
vt 0.484186 0.335895
vt 0.468519 0.375507
vt 0.468000 0.334502
vt 0.478338 0.335582
vt 0.475398 0.375688
vt 0.482480 0.375935
vt 0.484770 0.335984
vt 0.457398 0.375428
vt 0.457649 0.334624
vt 0.453140 0.375314
vt 0.453859 0.334791
vt 0.461249 0.072215
vt 0.460907 0.047650
vt 0.457915 0.049791
vt 0.458454 0.072743
vt 0.472267 0.202336
vt 0.467999 0.157518
vt 0.465038 0.157949
vt 0.468870 0.202991
vt 0.462917 0.202061
vt 0.460536 0.157716
vt 0.466289 0.156769
vt 0.469829 0.201679
vt 0.455103 0.159203
vt 0.458518 0.203087
vt 0.462438 0.157680
vt 0.466223 0.203239
vt 0.468483 0.156796
vt 0.472575 0.201555
vt 0.456372 0.159076
vt 0.459719 0.202398
vt 0.455488 0.048701
vt 0.455302 0.032514
vt 0.456666 0.032259
vt 0.460788 0.047273
vt 0.455927 0.075174
vt 0.461486 0.073327
vt 0.450936 0.077090
vt 0.450847 0.052411
vt 0.449975 0.052071
vt 0.449323 0.077784
vt 0.455351 0.050714
vt 0.455130 0.073971
vt 0.462845 0.048500
vt 0.463395 0.071368
vt 0.451622 0.050838
vt 0.450812 0.076728
vt 0.452889 0.051920
vt 0.452980 0.075489
vt 0.452865 0.038139
vt 0.455637 0.032411
vt 0.453018 0.036563
vt 0.456261 0.037022
vt 0.455682 0.038656
vt 0.457143 0.032727
vt 0.453532 0.035953
vt 0.454213 0.037879
vt 0.458032 0.035528
vt 0.457224 0.600853
vt 0.467038 0.600026
vt 0.452185 0.601504
vt 0.452191 0.601463
vt 0.457425 0.600830
vt 0.467367 0.599923
vt 0.473139 0.598853
vt 0.475990 0.598184
vt 0.475989 0.598188
vt 0.473155 0.598886
vt 0.475718 0.565587
vt 0.466111 0.566575
vt 0.477219 0.500206
vt 0.480693 0.531344
vt 0.478919 0.564536
vt 0.477082 0.500177
vt 0.480645 0.531406
vt 0.478937 0.564491
vt 0.472668 0.499095
vt 0.476068 0.532328
vt 0.475695 0.565569
vt 0.467737 0.498582
vt 0.465711 0.532590
vt 0.466143 0.566650
vt 0.461021 0.497077
vt 0.460285 0.533410
vt 0.457432 0.567448
vt 0.455887 0.495805
vt 0.456733 0.533857
vt 0.453690 0.568199
vt 0.455920 0.496156
vt 0.456574 0.533736
vt 0.453643 0.568154
vt 0.460145 0.496680
vt 0.460066 0.533296
vt 0.457350 0.567397
vt 0.454578 0.457587
vt 0.453818 0.457524
vt 0.455092 0.416241
vt 0.454253 0.415922
vt 0.457651 0.456864
vt 0.458146 0.415941
vt 0.463045 0.456054
vt 0.465386 0.415763
vt 0.470961 0.455498
vt 0.475167 0.455156
vt 0.473110 0.415678
vt 0.478932 0.415578
vt 0.475309 0.454832
vt 0.479207 0.415492
vt 0.471221 0.455644
vt 0.474176 0.415634
vt 0.463825 0.456085
vt 0.465452 0.415670
vt 0.458437 0.457017
vt 0.459241 0.415924
vt 0.460886 0.290885
vt 0.466730 0.291467
vt 0.462336 0.247200
vt 0.465654 0.247113
vt 0.480433 0.291715
vt 0.481259 0.291806
vt 0.475934 0.246557
vt 0.475694 0.247096
vt 0.468462 0.292576
vt 0.463264 0.292154
vt 0.467772 0.248464
vt 0.463284 0.248113
vt 0.458177 0.291347
vt 0.460183 0.247239
vt 0.473041 0.291392
vt 0.472405 0.246680
vt 0.476744 0.291685
vt 0.471683 0.247941
vt 0.457745 0.291899
vt 0.460646 0.247708
vt 0.455566 0.132016
vt 0.453452 0.132180
vt 0.454108 0.104834
vt 0.451684 0.105137
vt 0.454238 0.131376
vt 0.459036 0.130118
vt 0.452598 0.103911
vt 0.457226 0.102532
vt 0.465815 0.129243
vt 0.464352 0.129988
vt 0.463618 0.101001
vt 0.462786 0.101608
vt 0.459264 0.131811
vt 0.456562 0.104640
vt 0.452659 0.132324
vt 0.450833 0.104759
vt 0.463743 0.129114
vt 0.462125 0.101236
vt 0.461727 0.130918
vt 0.460344 0.103018
vt 0.500000 0.915919
vt 0.532354 0.911209
vt 0.564380 0.950770
vt 0.500000 0.983703
vt 0.614804 0.961838
vt 0.608103 1.011719
vt 0.651113 0.955480
vt 0.644599 0.998023
vt 0.669758 0.924227
vt 0.674095 0.952845
vt 0.681515 0.872804
vt 0.708587 0.871170
vt 0.500000 0.856202
vt 0.545648 0.861285
vt 0.546485 0.810363
vt 0.571382 0.831124
vt 0.604768 0.808120
vt 0.615948 0.820198
vt 0.675909 0.811545
vt 0.666699 0.835612
vt 0.671060 0.898440
vt 0.673246 0.861528
vt 0.579443 0.885504
vt 0.597015 0.911947
vt 0.666753 0.839332
vt 0.631723 0.925622
vt 0.634187 0.823276
vt 0.662081 0.920366
vt 0.593114 0.835304
vt 0.579520 0.860393
vt 0.602280 0.906023
vt 0.631241 0.917433
vt 0.664065 0.894753
vt 0.665889 0.863953
vt 0.660471 0.845432
vt 0.633298 0.832034
vt 0.656573 0.913048
vt 0.587618 0.883959
vt 0.599026 0.842071
vt 0.587682 0.863006
vt 0.642182 0.861500
vt 0.627056 0.854397
vt 0.641076 0.897316
vt 0.644303 0.887781
vt 0.627082 0.899783
vt 0.610768 0.859598
vt 0.605179 0.870648
vt 0.606676 0.881473
vt 0.613706 0.893239
vt 0.644852 0.871424
vt 0.616616 0.877979
vt 0.608979 1.070473
vt 0.500000 1.068116
vt 0.620373 1.156339
vt 0.500000 1.153871
vt 0.628400 1.273475
vt 0.500000 1.286268
vt 0.742939 0.884024
vt 0.712369 0.951373
vt 0.776145 0.888972
vt 0.752848 0.952195
vt 0.795204 0.873985
vt 0.779064 0.945775
vt 0.782195 0.839483
vt 0.753014 0.891604
vt 0.762268 0.790758
vt 0.720193 0.826100
vt 0.736680 0.758969
vt 0.681802 0.779590
vt 0.647387 0.748927
vt 0.689344 0.770700
vt 0.660415 0.717277
vt 0.696461 0.736107
vt 0.654351 0.745121
vt 0.715170 0.734648
vt 0.825503 0.829449
vt 0.814800 0.843044
vt 0.841221 0.812435
vt 0.857424 0.790383
vt 0.748046 0.777716
vt 0.749784 0.747986
vt 0.775185 0.740393
vt 0.782100 0.762883
vt 0.806497 0.753388
vt 0.825355 0.794511
vt 0.853507 0.762293
vt 0.837023 0.734358
vt 0.791756 0.735356
vt 0.823750 0.720915
vt 0.798290 0.830578
vt 0.768219 0.818967
vt 0.799820 0.791058
vt 0.822239 0.806453
vt 0.746045 0.726474
vt 0.763248 0.720148
vt 0.794130 0.713206
vt 0.776761 0.719688
vt 0.848925 0.761957
vt 0.834395 0.737332
vt 0.838095 0.806159
vt 0.852379 0.786719
vt 0.822693 0.725481
vt 0.796583 0.718686
vt 0.785978 0.762478
vt 0.801599 0.787315
vt 0.779882 0.742652
vt 0.781271 0.724400
vt 0.821361 0.800886
vt 0.820125 0.751993
vt 0.810919 0.745865
vt 0.791955 0.743178
vt 0.785516 0.745020
vt 0.792145 0.788388
vt 0.810319 0.792662
vt 0.827603 0.790413
vt 0.779580 0.759364
vt 0.826835 0.768863
vt 0.831956 0.781974
vt 0.782394 0.772548
vt 0.793770 0.777739
vt 0.590724 0.757310
vt 0.603643 0.775936
vt 0.551853 0.754725
vt 0.559488 0.771238
vt 0.500000 0.748896
vt 0.500000 0.770241
vt 0.723384 0.911507
vt 0.759358 0.952688
vt 0.782020 0.994704
vt 0.754123 1.017137
vt 0.793890 1.063751
vt 0.760147 1.093122
vt 0.776797 1.025998
vt 0.748619 0.989287
vt 0.807445 1.129338
vt 0.766251 1.157600
vt 0.773008 1.067319
vt 0.793591 1.097783
vt 0.798550 1.202203
vt 0.759226 1.243375
vt 0.770849 1.141555
vt 0.786088 1.170968
vt 0.767906 1.276187
vt 0.742871 1.315326
vt 0.745204 1.222964
vt 0.755225 1.248049
vt 0.703582 1.340490
vt 0.687139 1.380680
vt 0.681927 1.291123
vt 0.688174 1.313718
vt 0.598397 1.391283
vt 0.581081 1.429017
vt 0.578593 1.341533
vt 0.582421 1.363264
vt 0.500000 1.397215
vt 0.500000 1.437003
vt 0.500000 1.347946
vt 0.500000 1.369163
vt 0.677033 1.032361
vt 0.646078 1.056862
vt 0.711597 1.020571
vt 0.713917 1.101167
vt 0.683555 1.116241
vt 0.656180 1.133469
vt 0.718253 1.178756
vt 0.667463 1.237370
vt 0.690234 1.208454
vt 0.619898 1.358018
vt 0.500000 1.370933
vt 0.714227 1.273757
vt 0.686356 1.300771
vt 0.661563 1.326141
vt 0.701492 1.348934
vt 0.672579 1.375522
vt 0.596577 1.427235
vt 0.500000 1.439240
vt 0.644121 1.398499
vt 0.651322 1.410327
vt 0.626916 1.426780
vt 0.602106 1.441192
vt 0.559025 1.457593
vt 0.500000 1.467042
vt 0.568172 1.445189
vt 0.563879 1.454483
vt 0.500000 1.454560
vt 0.500000 1.464012
vt 0.734581 1.003268
vt 0.742038 1.086907
vt 0.719161 1.144803
vt 0.573483 1.219354
vt 0.500000 1.219271
vt 0.662887 1.188702
vt 0.571688 1.089704
vt 0.500000 1.088866
vt 0.681979 1.032440
vt 0.638617 1.066604
vt 0.688560 0.940574
vt 0.695454 0.986006
vt 0.546485 0.994115
vt 0.500000 0.996971
vt 0.615452 0.954655
vt 0.586071 0.978778
vt 0.616272 0.896122
vt 0.622816 0.924592
vt 0.559932 0.941786
vt 0.500000 0.942141
vt 0.568937 0.910913
vt 0.500000 0.903777
vt 0.566032 0.881140
vt 0.500000 0.879215
vt 0.661732 0.828650
vt 0.701101 0.883556
vt 0.667441 0.877163
vt 0.718642 0.930157
vt 0.500000 0.794036
vt 0.562582 0.794350
vt 0.500000 0.839215
vt 0.568545 0.841743
vt 0.609491 0.850401
vt 0.603907 0.800672
vt 0.500000 0.808599
vt 0.500000 0.750684
vt 0.561153 0.746466
vt 0.543270 0.692273
vt 0.500000 0.687048
vt 0.572965 0.692183
vt 0.620904 0.679752
vt 0.500000 0.647872
vt 0.539619 0.653824
vt 0.530680 0.616366
vt 0.500000 0.612486
vt 0.568180 0.653165
vt 0.553594 0.616056
vt 0.608764 0.642639
vt 0.590840 0.606629
vt 0.521787 0.561363
vt 0.500000 0.558272
vt 0.546880 0.562075
vt 0.561213 0.541352
vt 0.531557 0.508423
vt 0.500000 0.490815
vt 0.580687 0.508545
vt 0.549003 0.488674
vt 0.555456 0.712157
vt 0.500000 0.711861
vt 0.500000 0.685635
vt 0.563691 0.688064
vt 0.564132 0.654381
vt 0.500000 0.649683
vt 0.500000 0.614149
vt 0.566855 0.621216
vt 0.564187 0.573678
vt 0.500000 0.564110
vt 0.500000 0.514992
vt 0.580778 0.527373
vt 0.500000 0.473823
vt 0.557466 0.478704
vt 0.500000 0.470245
vt 0.652429 0.659639
vt 0.639776 0.624042
vt 0.629777 0.589506
vt 0.624229 0.547958
vt 0.596496 0.522515
vt 0.619780 0.523329
vt 0.598425 0.504741
vt 0.607213 0.539531
vt 0.583306 0.579810
vt 0.592450 0.618701
vt 0.599639 0.650025
vt 0.607887 0.681652
vt 0.642590 0.703951
vt 0.565954 0.722397
vt 0.627579 0.701297
vt 0.500000 0.723844
vt 0.606398 0.577391
vt 0.620409 0.541693
vt 0.633883 0.543762
vt 0.628083 0.575493
vt 0.673934 0.656073
vt 0.660582 0.689057
vt 0.695951 0.663636
vt 0.705732 0.646759
vt 0.618284 0.642123
vt 0.613042 0.614084
vt 0.633655 0.609461
vt 0.638798 0.633322
vt 0.633784 0.531753
vt 0.656275 0.537648
vt 0.661686 0.625811
vt 0.703859 0.617652
vt 0.656868 0.681094
vt 0.626408 0.670055
vt 0.646774 0.657474
vt 0.671493 0.669517
vt 0.638506 0.556205
vt 0.651341 0.591524
vt 0.697000 0.591619
vt 0.675359 0.556662
vt 0.670703 0.661386
vt 0.691898 0.656290
vt 0.698750 0.616442
vt 0.692806 0.593882
vt 0.700373 0.641665
vt 0.657516 0.547113
vt 0.638111 0.552411
vt 0.642371 0.630021
vt 0.649283 0.650951
vt 0.674053 0.563590
vt 0.633085 0.579909
vt 0.637913 0.609344
vt 0.579664 0.488048
vt 0.435620 0.950770
vt 0.467645 0.911209
vt 0.391897 1.011719
vt 0.385196 0.961838
vt 0.355401 0.998023
vt 0.348887 0.955480
vt 0.325904 0.952845
vt 0.330243 0.924227
vt 0.291413 0.871170
vt 0.318485 0.872804
vt 0.454352 0.861285
vt 0.428618 0.831124
vt 0.453515 0.810363
vt 0.384052 0.820198
vt 0.395232 0.808120
vt 0.333301 0.835612
vt 0.324091 0.811545
vt 0.326754 0.861528
vt 0.328940 0.898440
vt 0.402985 0.911947
vt 0.420557 0.885504
vt 0.333247 0.839332
vt 0.368277 0.925622
vt 0.365813 0.823276
vt 0.337919 0.920366
vt 0.406886 0.835304
vt 0.420480 0.860393
vt 0.368758 0.917433
vt 0.397720 0.906023
vt 0.334111 0.863953
vt 0.335936 0.894753
vt 0.366702 0.832034
vt 0.339529 0.845432
vt 0.343427 0.913048
vt 0.412382 0.883959
vt 0.400974 0.842071
vt 0.412318 0.863006
vt 0.372944 0.854397
vt 0.357818 0.861500
vt 0.355697 0.887781
vt 0.358924 0.897316
vt 0.372918 0.899783
vt 0.389232 0.859598
vt 0.393324 0.881473
vt 0.394821 0.870648
vt 0.386294 0.893239
vt 0.355148 0.871424
vt 0.383384 0.877979
vt 0.391021 1.070473
vt 0.379627 1.156339
vt 0.371600 1.273475
vt 0.287631 0.951373
vt 0.257061 0.884024
vt 0.247152 0.952195
vt 0.223855 0.888972
vt 0.220936 0.945775
vt 0.204796 0.873985
vt 0.246986 0.891604
vt 0.217805 0.839483
vt 0.279807 0.826100
vt 0.237732 0.790758
vt 0.318198 0.779590
vt 0.263320 0.758969
vt 0.310656 0.770700
vt 0.352613 0.748927
vt 0.303539 0.736107
vt 0.339585 0.717277
vt 0.284830 0.734648
vt 0.345649 0.745121
vt 0.174497 0.829449
vt 0.142575 0.790383
vt 0.158779 0.812435
vt 0.185200 0.843044
vt 0.251955 0.777716
vt 0.217900 0.762883
vt 0.224815 0.740393
vt 0.250216 0.747986
vt 0.193503 0.753388
vt 0.162977 0.734358
vt 0.146493 0.762293
vt 0.174645 0.794511
vt 0.208244 0.735356
vt 0.176250 0.720915
vt 0.201710 0.830578
vt 0.177761 0.806453
vt 0.200180 0.791058
vt 0.231781 0.818967
vt 0.253954 0.726474
vt 0.223239 0.719688
vt 0.205870 0.713206
vt 0.236752 0.720148
vt 0.165606 0.737332
vt 0.151075 0.761957
vt 0.147621 0.786719
vt 0.161905 0.806159
vt 0.203417 0.718686
vt 0.177307 0.725481
vt 0.198401 0.787315
vt 0.214022 0.762478
vt 0.220118 0.742652
vt 0.218729 0.724400
vt 0.178638 0.800886
vt 0.189081 0.745865
vt 0.179875 0.751993
vt 0.214484 0.745020
vt 0.208045 0.743178
vt 0.189681 0.792662
vt 0.207855 0.788388
vt 0.172397 0.790413
vt 0.220420 0.759364
vt 0.173165 0.768863
vt 0.168044 0.781974
vt 0.217606 0.772548
vt 0.206230 0.777739
vt 0.396357 0.775936
vt 0.409276 0.757310
vt 0.440512 0.771238
vt 0.448147 0.754725
vt 0.240642 0.952688
vt 0.276616 0.911507
vt 0.217981 0.994704
vt 0.245877 1.017137
vt 0.239853 1.093122
vt 0.206110 1.063751
vt 0.223203 1.025998
vt 0.251380 0.989287
vt 0.233749 1.157600
vt 0.192555 1.129338
vt 0.206409 1.097783
vt 0.226992 1.067319
vt 0.240774 1.243375
vt 0.201450 1.202203
vt 0.213912 1.170968
vt 0.229151 1.141555
vt 0.257129 1.315326
vt 0.232094 1.276187
vt 0.244775 1.248049
vt 0.254796 1.222964
vt 0.312861 1.380680
vt 0.296418 1.340490
vt 0.311826 1.313718
vt 0.318073 1.291123
vt 0.418919 1.429017
vt 0.401603 1.391283
vt 0.417579 1.363264
vt 0.421407 1.341533
vt 0.353922 1.056862
vt 0.322967 1.032361
vt 0.288403 1.020571
vt 0.286083 1.101167
vt 0.343820 1.133469
vt 0.316445 1.116241
vt 0.281747 1.178756
vt 0.332537 1.237370
vt 0.309767 1.208454
vt 0.380102 1.358018
vt 0.313644 1.300771
vt 0.285773 1.273757
vt 0.338437 1.326141
vt 0.327420 1.375522
vt 0.298508 1.348934
vt 0.403423 1.427235
vt 0.355879 1.398499
vt 0.348677 1.410327
vt 0.397894 1.441192
vt 0.373084 1.426780
vt 0.440975 1.457593
vt 0.431828 1.445189
vt 0.436121 1.454483
vt 0.257962 1.086907
vt 0.265419 1.003268
vt 0.280839 1.144803
vt 0.426517 1.219354
vt 0.337113 1.188702
vt 0.428312 1.089704
vt 0.361383 1.066604
vt 0.318021 1.032440
vt 0.304546 0.986006
vt 0.311440 0.940574
vt 0.453515 0.994115
vt 0.413929 0.978778
vt 0.384548 0.954655
vt 0.377184 0.924592
vt 0.383728 0.896122
vt 0.440068 0.941786
vt 0.431063 0.910913
vt 0.433968 0.881140
vt 0.298899 0.883556
vt 0.338268 0.828650
vt 0.281358 0.930157
vt 0.332559 0.877163
vt 0.437418 0.794350
vt 0.431455 0.841743
vt 0.390509 0.850401
vt 0.396093 0.800672
vt 0.438847 0.746466
vt 0.456730 0.692273
vt 0.427035 0.692183
vt 0.379096 0.679752
vt 0.469321 0.616366
vt 0.460381 0.653824
vt 0.446406 0.616056
vt 0.431820 0.653165
vt 0.409160 0.606629
vt 0.391236 0.642639
vt 0.478213 0.561363
vt 0.453120 0.562075
vt 0.438787 0.541352
vt 0.468443 0.508423
vt 0.450997 0.488674
vt 0.419313 0.508545
vt 0.444544 0.712157
vt 0.436309 0.688064
vt 0.435868 0.654381
vt 0.433145 0.621216
vt 0.435813 0.573678
vt 0.419222 0.527373
vt 0.442534 0.478704
vt 0.347571 0.659639
vt 0.360224 0.624042
vt 0.370223 0.589506
vt 0.403504 0.522515
vt 0.375771 0.547958
vt 0.401575 0.504741
vt 0.380220 0.523329
vt 0.392786 0.539531
vt 0.416694 0.579810
vt 0.407550 0.618701
vt 0.400361 0.650025
vt 0.392113 0.681652
vt 0.357409 0.703951
vt 0.434046 0.722397
vt 0.372421 0.701297
vt 0.393602 0.577391
vt 0.371917 0.575493
vt 0.366117 0.543762
vt 0.379591 0.541693
vt 0.326066 0.656073
vt 0.294268 0.646759
vt 0.304049 0.663636
vt 0.339418 0.689057
vt 0.381717 0.642123
vt 0.361202 0.633322
vt 0.366345 0.609461
vt 0.386958 0.614084
vt 0.343725 0.537648
vt 0.366216 0.531753
vt 0.338314 0.625811
vt 0.296141 0.617652
vt 0.343132 0.681094
vt 0.328507 0.669517
vt 0.353226 0.657474
vt 0.373592 0.670055
vt 0.361494 0.556205
vt 0.324641 0.556662
vt 0.303000 0.591619
vt 0.348659 0.591524
vt 0.308102 0.656290
vt 0.329297 0.661386
vt 0.307194 0.593882
vt 0.301250 0.616442
vt 0.299627 0.641665
vt 0.361889 0.552411
vt 0.342485 0.547113
vt 0.350717 0.650951
vt 0.357629 0.630021
vt 0.325947 0.563590
vt 0.362087 0.609344
vt 0.366915 0.579909
vt 0.382694 0.571582
vt 0.372221 0.568006
vt 0.353663 0.641707
vt 0.365103 0.645148
vt 0.623336 0.638103
vt 0.634897 0.645148
vt 0.363295 0.579129
vt 0.353173 0.599578
vt 0.380395 0.623974
vt 0.382801 0.610016
vt 0.636705 0.579129
vt 0.627779 0.568006
vt 0.385407 0.590145
vt 0.617306 0.571582
vt 0.646337 0.641707
vt 0.376664 0.638103
vt 0.349965 0.614807
vt 0.349089 0.631835
vt 0.646827 0.599578
vt 0.617199 0.610016
vt 0.619605 0.623974
vt 0.614593 0.590145
vt 0.650911 0.631835
vt 0.650035 0.614807
vt 0.420336 0.488048
vt 0.635427 0.605017
vt 0.629490 0.593622
vt 0.624908 0.609628
vt 0.627612 0.616931
vt 0.641705 0.612507
vt 0.642058 0.626585
vt 0.643833 0.621411
vt 0.625098 0.587325
vt 0.621660 0.589030
vt 0.636972 0.628129
vt 0.631034 0.624234
vt 0.622363 0.598953
vt 0.629968 0.608012
vt 0.370510 0.593622
vt 0.364573 0.605017
vt 0.372388 0.616931
vt 0.375092 0.609628
vt 0.358295 0.612507
vt 0.356167 0.621411
vt 0.357942 0.626585
vt 0.378340 0.589030
vt 0.374901 0.587325
vt 0.363028 0.628129
vt 0.368966 0.624234
vt 0.377637 0.598953
vt 0.370032 0.608012
vt 0.658545 0.562753
vt 0.658545 0.570815
vt 0.670815 0.570815
vt 0.667222 0.562753
vt 0.658545 0.593559
vt 0.658545 0.606690
vt 0.675898 0.606690
vt 0.675307 0.593559
vt 0.658545 0.632057
vt 0.658545 0.642565
vt 0.670815 0.642565
vt 0.673573 0.632057
vt 0.658545 0.557684
vt 0.663037 0.557684
vt 0.658545 0.655696
vt 0.658545 0.657424
vt 0.663037 0.655696
vt 0.658545 0.581323
vt 0.673573 0.581323
vt 0.658545 0.619821
vt 0.675307 0.619821
vt 0.658545 0.555956
vt 0.658545 0.650627
vt 0.667222 0.650627
vt 0.686788 0.632057
vt 0.690046 0.619821
vt 0.666986 0.557684
vt 0.666986 0.655696
vt 0.674851 0.650627
vt 0.686788 0.581323
vt 0.681605 0.570815
vt 0.691157 0.606690
vt 0.681605 0.642565
vt 0.674851 0.562753
vt 0.690046 0.593559
vt 0.702483 0.606690
vt 0.700986 0.593559
vt 0.689614 0.642565
vt 0.696596 0.632057
vt 0.680514 0.562753
vt 0.669917 0.557684
vt 0.669917 0.655696
vt 0.696596 0.581323
vt 0.700986 0.619821
vt 0.680514 0.650627
vt 0.689614 0.570815
vt 0.706807 0.619821
vt 0.708509 0.606690
vt 0.683527 0.650627
vt 0.693875 0.642565
vt 0.693875 0.570815
vt 0.683527 0.562753
vt 0.706807 0.593559
vt 0.701815 0.632057
vt 0.671477 0.557684
vt 0.671477 0.655696
vt 0.701815 0.581323
vt 0.708509 0.606690
vt 0.702483 0.606690
vt 0.686788 0.581323
vt 0.691157 0.606690
vt 0.686788 0.632057
vt 0.675898 0.606690
vt 0.658545 0.606690
vt 0.654055 0.655696
vt 0.649869 0.650627
vt 0.643518 0.581323
vt 0.646276 0.570815
vt 0.641785 0.619821
vt 0.641193 0.606690
vt 0.646276 0.642565
vt 0.649869 0.562753
vt 0.641785 0.593559
vt 0.643518 0.632057
vt 0.654055 0.557684
vt 0.642240 0.562753
vt 0.650105 0.557684
vt 0.650105 0.655696
vt 0.627045 0.593559
vt 0.630303 0.581323
vt 0.630303 0.632057
vt 0.627045 0.619821
vt 0.642240 0.650627
vt 0.635486 0.570815
vt 0.625934 0.606690
vt 0.635486 0.642565
vt 0.636577 0.650627
vt 0.627477 0.642565
vt 0.627477 0.570815
vt 0.636577 0.562753
vt 0.614608 0.606690
vt 0.616105 0.593559
vt 0.620495 0.632057
vt 0.647174 0.557684
vt 0.647174 0.655696
vt 0.620495 0.581323
vt 0.616105 0.619821
vt 0.645614 0.557684
vt 0.645614 0.655696
vt 0.633564 0.650627
vt 0.615276 0.581323
vt 0.623216 0.570815
vt 0.610284 0.619821
vt 0.608582 0.606690
vt 0.623216 0.642565
vt 0.633564 0.562753
vt 0.610284 0.593559
vt 0.615276 0.632057
vt 0.608582 0.606690
vt 0.614608 0.606690
vt 0.625934 0.606690
vt 0.641193 0.606690
vt 0.341455 0.562753
vt 0.332778 0.562753
vt 0.329185 0.570815
vt 0.341455 0.570815
vt 0.341455 0.593559
vt 0.324694 0.593559
vt 0.324102 0.606690
vt 0.341455 0.606690
vt 0.341455 0.632057
vt 0.326427 0.632057
vt 0.329185 0.642565
vt 0.341455 0.642565
vt 0.341455 0.557684
vt 0.336963 0.557684
vt 0.341455 0.655696
vt 0.336963 0.655696
vt 0.341455 0.657424
vt 0.341455 0.581323
vt 0.326427 0.581323
vt 0.341455 0.619821
vt 0.324694 0.619821
vt 0.341455 0.555956
vt 0.341455 0.650627
vt 0.332778 0.650627
vt 0.309954 0.619821
vt 0.313212 0.632057
vt 0.333014 0.557684
vt 0.325149 0.650627
vt 0.333014 0.655696
vt 0.318395 0.570815
vt 0.313212 0.581323
vt 0.308843 0.606690
vt 0.318395 0.642565
vt 0.325149 0.562753
vt 0.309954 0.593559
vt 0.299014 0.593559
vt 0.297517 0.606690
vt 0.303404 0.632057
vt 0.310386 0.642565
vt 0.330083 0.557684
vt 0.319486 0.562753
vt 0.330083 0.655696
vt 0.303404 0.581323
vt 0.299014 0.619821
vt 0.319486 0.650627
vt 0.310386 0.570815
vt 0.291491 0.606690
vt 0.293193 0.619821
vt 0.306125 0.642565
vt 0.316473 0.650627
vt 0.316473 0.562753
vt 0.306125 0.570815
vt 0.293193 0.593559
vt 0.298185 0.632057
vt 0.328523 0.557684
vt 0.328523 0.655696
vt 0.298185 0.581323
vt 0.291491 0.606690
vt 0.297517 0.606690
vt 0.313212 0.581323
vt 0.308843 0.606690
vt 0.313212 0.632057
vt 0.324102 0.606690
vt 0.341455 0.606690
vt 0.350131 0.650627
vt 0.345946 0.655696
vt 0.353724 0.570815
vt 0.356482 0.581323
vt 0.358807 0.606690
vt 0.358215 0.619821
vt 0.353724 0.642565
vt 0.350131 0.562753
vt 0.358215 0.593559
vt 0.356482 0.632057
vt 0.345946 0.557684
vt 0.349895 0.557684
vt 0.357760 0.562753
vt 0.349895 0.655696
vt 0.369697 0.581323
vt 0.372955 0.593559
vt 0.372955 0.619821
vt 0.369697 0.632057
vt 0.357760 0.650627
vt 0.364514 0.570815
vt 0.374066 0.606690
vt 0.364514 0.642565
vt 0.372523 0.642565
vt 0.363423 0.650627
vt 0.363423 0.562753
vt 0.372523 0.570815
vt 0.383895 0.593559
vt 0.385392 0.606690
vt 0.379505 0.632057
vt 0.352826 0.557684
vt 0.352826 0.655696
vt 0.379505 0.581323
vt 0.383895 0.619821
vt 0.354386 0.557684
vt 0.366436 0.650627
vt 0.354386 0.655696
vt 0.376784 0.570815
vt 0.384724 0.581323
vt 0.391418 0.606690
vt 0.389716 0.619821
vt 0.376784 0.642565
vt 0.366436 0.562753
vt 0.389716 0.593559
vt 0.384724 0.632057
vt 0.391418 0.606690
vt 0.385392 0.606690
vt 0.374066 0.606690
vt 0.356482 0.632057
vt 0.356482 0.581323
vt 0.358807 0.606690
vt 0.545947 0.546281
vt 0.550201 0.537227
vt 0.581843 0.543942
vt 0.577589 0.552995
vt 0.593668 0.510189
vt 0.588058 0.522128
vt 0.551941 0.501334
vt 0.546331 0.513273
vt 0.557091 0.455897
vt 0.559573 0.463555
vt 0.612903 0.456263
vt 0.552684 0.446545
vt 0.560580 0.431204
vt 0.607547 0.437053
vt 0.598615 0.465361
vt 0.601097 0.473020
vt 0.560559 0.396808
vt 0.569979 0.404184
vt 0.570866 0.421468
vt 0.611603 0.423919
vt 0.607526 0.402657
vt 0.551383 0.414201
vt 0.597418 0.418204
vt 0.571971 0.412076
vt 0.565228 0.411152
vt 0.603827 0.420499
vt 0.601185 0.411466
vt 0.602073 0.428749
vt 0.557499 0.390398
vt 0.556697 0.374961
vt 0.570580 0.347676
vt 0.573110 0.358970
vt 0.596630 0.408052
vt 0.602614 0.406163
vt 0.571183 0.401924
vt 0.564015 0.396816
vt 0.612057 0.357719
vt 0.614587 0.369014
vt 0.571457 0.384440
vt 0.566588 0.369899
vt 0.618213 0.398640
vt 0.610172 0.411498
vt 0.606266 0.388920
vt 0.617411 0.383203
vt 0.573902 0.381885
vt 0.606984 0.375382
vt 0.597139 0.390659
vt 0.603421 0.358427
vt 0.575825 0.351744
vt 0.570653 0.422135
vt 0.563418 0.406249
vt 0.564221 0.421336
vt 0.570821 0.435858
vt 0.573191 0.398993
vt 0.600772 0.428682
vt 0.602074 0.404746
vt 0.596777 0.409223
vt 0.575477 0.405618
vt 0.605944 0.424938
vt 0.597701 0.441212
vt 0.594930 0.435782
vt 0.600493 0.423258
vt 0.575500 0.421330
vt 0.578929 0.411537
vt 0.581530 0.408224
vt 0.578326 0.417373
vt 0.592636 0.413913
vt 0.594337 0.410444
vt 0.569813 0.421791
vt 0.575107 0.432427
vt 0.607166 0.447768
vt 0.599278 0.451141
vt 0.570397 0.449286
vt 0.566371 0.446181
vt 0.602515 0.448459
vt 0.575638 0.446733
vt 0.605151 0.406692
vt 0.614940 0.394944
vt 0.610275 0.379173
vt 0.604069 0.394865
vt 0.607386 0.387931
vt 0.569029 0.388112
vt 0.570625 0.369973
vt 0.602089 0.369026
vt 0.618583 0.411224
vt 0.606534 0.419636
vt 0.610720 0.408212
vt 0.559468 0.418579
vt 0.552009 0.410767
vt 0.566919 0.407228
vt 0.600435 0.358102
vt 0.609102 0.362963
vt 0.603312 0.378736
vt 0.563935 0.406886
vt 0.570259 0.395882
vt 0.556458 0.394906
vt 0.561806 0.378563
vt 0.613817 0.300700
vt 0.607240 0.291575
vt 0.611306 0.279251
vt 0.618718 0.290645
vt 0.609047 0.313897
vt 0.612418 0.307265
vt 0.570926 0.380152
vt 0.562643 0.362770
vt 0.570296 0.359420
vt 0.580172 0.278349
vt 0.570650 0.289270
vt 0.572192 0.271759
vt 0.582483 0.253703
vt 0.584248 0.312891
vt 0.582434 0.300756
vt 0.582660 0.314529
vt 0.575920 0.299639
vt 0.582685 0.292162
vt 0.584370 0.254288
vt 0.574432 0.270684
vt 0.578986 0.268118
vt 0.586657 0.256867
vt 0.583983 0.298599
vt 0.587868 0.290172
vt 0.616851 0.253365
vt 0.623208 0.272294
vt 0.618078 0.294473
vt 0.614522 0.268927
vt 0.609700 0.257050
vt 0.603604 0.259521
vt 0.605985 0.267728
vt 0.609043 0.284270
vt 0.602245 0.277723
vt 0.616064 0.254083
vt 0.616436 0.292418
vt 0.621857 0.271686
vt 0.589290 0.259477
vt 0.584042 0.267148
vt 0.588144 0.262442
vt 0.590453 0.259065
vt 0.588921 0.281684
vt 0.590290 0.268840
vt 0.597801 0.262697
vt 0.596156 0.267096
vt 0.596754 0.259085
vt 0.578533 0.427434
vt 0.591917 0.429707
vt 0.595037 0.422719
vt 0.596581 0.418672
vt 0.593665 0.425201
vt 0.581160 0.423077
vt 0.454053 0.546281
vt 0.422411 0.552995
vt 0.418158 0.543942
vt 0.449799 0.537227
vt 0.411942 0.522128
vt 0.406332 0.510189
vt 0.448059 0.501334
vt 0.440427 0.463555
vt 0.442909 0.455897
vt 0.453669 0.513273
vt 0.387097 0.456263
vt 0.392453 0.437053
vt 0.439420 0.431204
vt 0.447316 0.446545
vt 0.401385 0.465361
vt 0.398903 0.473020
vt 0.429134 0.421468
vt 0.430021 0.404184
vt 0.439441 0.396808
vt 0.388397 0.423919
vt 0.392475 0.402657
vt 0.448617 0.414201
vt 0.402582 0.418204
vt 0.396173 0.420499
vt 0.434772 0.411152
vt 0.428029 0.412076
vt 0.398815 0.411466
vt 0.397927 0.428749
vt 0.442501 0.390398
vt 0.426890 0.358970
vt 0.429420 0.347676
vt 0.443303 0.374961
vt 0.403370 0.408052
vt 0.397386 0.406163
vt 0.435985 0.396816
vt 0.428817 0.401924
vt 0.387943 0.357719
vt 0.385413 0.369014
vt 0.433412 0.369899
vt 0.428543 0.384440
vt 0.393734 0.388920
vt 0.389828 0.411498
vt 0.381787 0.398640
vt 0.382589 0.383203
vt 0.426098 0.381885
vt 0.402861 0.390659
vt 0.393016 0.375382
vt 0.424175 0.351744
vt 0.396579 0.358427
vt 0.429347 0.422135
vt 0.429179 0.435858
vt 0.435779 0.421336
vt 0.436582 0.406249
vt 0.426809 0.398993
vt 0.399228 0.428682
vt 0.424523 0.405618
vt 0.403223 0.409223
vt 0.397926 0.404746
vt 0.394056 0.424938
vt 0.399506 0.423258
vt 0.405070 0.435782
vt 0.402300 0.441212
vt 0.424500 0.421330
vt 0.421674 0.417373
vt 0.418470 0.408224
vt 0.421071 0.411537
vt 0.405663 0.410444
vt 0.407364 0.413913
vt 0.430187 0.421791
vt 0.424893 0.432427
vt 0.392834 0.447768
vt 0.433629 0.446181
vt 0.429602 0.449286
vt 0.400722 0.451141
vt 0.397485 0.448459
vt 0.424362 0.446733
vt 0.394849 0.406692
vt 0.395931 0.394865
vt 0.389725 0.379173
vt 0.385060 0.394944
vt 0.392614 0.387931
vt 0.397911 0.369026
vt 0.429375 0.369973
vt 0.430971 0.388112
vt 0.393466 0.419636
vt 0.381417 0.411224
vt 0.389280 0.408212
vt 0.440532 0.418579
vt 0.447991 0.410767
vt 0.433081 0.407228
vt 0.390897 0.362963
vt 0.399565 0.358102
vt 0.396688 0.378736
vt 0.436065 0.406886
vt 0.429741 0.395882
vt 0.443542 0.394906
vt 0.438194 0.378563
vt 0.386183 0.300700
vt 0.381282 0.290645
vt 0.388694 0.279251
vt 0.392760 0.291575
vt 0.390953 0.313897
vt 0.387582 0.307265
vt 0.429074 0.380152
vt 0.437357 0.362770
vt 0.429704 0.359420
vt 0.419828 0.278349
vt 0.417517 0.253703
vt 0.427808 0.271759
vt 0.429350 0.289270
vt 0.417567 0.300756
vt 0.415752 0.312891
vt 0.417340 0.314529
vt 0.424080 0.299639
vt 0.417315 0.292162
vt 0.415630 0.254288
vt 0.413343 0.256867
vt 0.421014 0.268118
vt 0.425568 0.270684
vt 0.412132 0.290172
vt 0.416017 0.298599
vt 0.383149 0.253365
vt 0.381923 0.294473
vt 0.376792 0.272294
vt 0.385478 0.268927
vt 0.394015 0.267728
vt 0.396396 0.259521
vt 0.390300 0.257050
vt 0.390957 0.284270
vt 0.397755 0.277723
vt 0.383936 0.254083
vt 0.383564 0.292418
vt 0.378143 0.271686
vt 0.410710 0.259477
vt 0.409547 0.259065
vt 0.411857 0.262442
vt 0.415958 0.267148
vt 0.409709 0.268840
vt 0.411079 0.281684
vt 0.402198 0.262697
vt 0.403844 0.267096
vt 0.403246 0.259085
vt 0.421467 0.427434
vt 0.408084 0.429707
vt 0.404963 0.422719
vt 0.403419 0.418672
vt 0.406335 0.425201
vt 0.418840 0.423077
s 1
usemtl M_Alien_Body_Blue
f 1/1/1 150/2/2 437/3/3 149/4/4
f 150/2/2 2/5/5 151/6/6 437/3/3
f 437/3/3 151/6/6 4/7/7 152/8/8
f 149/4/4 437/3/3 152/8/8 3/9/9
f 3/9/9 152/8/8 438/10/10 153/11/11
f 152/8/8 4/7/7 154/12/12 438/10/10
f 438/10/10 154/12/12 8/13/13 155/14/14
f 153/11/11 438/10/10 155/14/14 7/15/15
f 6/16/16 158/17/17 439/18/18 166/19/19
f 158/17/17 5/20/20 165/21/21 439/18/18
f 439/18/18 165/21/21 11/22/22 164/23/23
f 166/19/19 439/18/18 164/23/23 12/24/24
f 5/20/20 158/17/17 440/25/25 159/26/26
f 158/17/17 6/16/16 160/27/27 440/25/25
f 440/25/25 160/27/27 2/5/5 150/2/2
f 159/26/26 440/25/25 150/2/2 1/1/1
f 3/9/9 153/11/11 441/28/28 149/4/4
f 153/11/11 7/15/15 156/29/29 441/28/28
f 441/28/28 156/29/29 5/20/20 159/26/26
f 149/4/4 441/28/28 159/26/26 1/1/1
f 8/13/13 154/12/12 442/30/30 157/31/31
f 154/12/12 4/7/7 151/6/6 442/30/30
f 442/30/30 151/6/6 2/5/5 160/27/27
f 157/31/31 442/30/30 160/27/27 6/16/16
f 18/32/32 184/33/33 443/34/34 178/35/35
f 184/33/33 17/36/36 173/37/37 443/34/34
f 443/34/34 173/37/37 16/38/38 171/39/39
f 178/35/35 443/34/34 171/39/39 13/40/40
f 5/20/20 156/29/29 444/41/41 165/21/21
f 156/29/29 7/15/15 167/42/42 444/41/41
f 444/41/41 167/42/42 10/43/43 162/44/44
f 165/21/21 444/41/41 162/44/44 11/22/22
f 8/13/13 157/31/31 445/45/45 168/46/46
f 157/31/31 6/16/16 166/19/19 445/45/45
f 445/45/45 166/19/19 12/24/24 163/47/47
f 168/46/46 445/45/45 163/47/47 9/48/48
f 7/15/15 155/14/14 446/49/49 167/42/42
f 155/14/14 8/13/13 168/46/46 446/49/49
f 446/49/49 168/46/46 9/48/48 161/50/50
f 167/42/42 446/49/49 161/50/50 10/43/43
f 16/38/38 172/51/51 447/52/52 190/53/53
f 172/51/51 15/54/54 189/55/55 447/52/52
f 447/52/52 189/55/55 23/56/56 188/57/57
f 190/53/53 447/52/52 188/57/57 24/58/58
f 19/59/59 183/60/60 448/61/61 179/62/62
f 183/60/60 18/32/32 178/35/35 448/61/61
f 448/61/61 178/35/35 13/40/40 169/63/63
f 179/62/62 448/61/61 169/63/63 14/64/64
f 17/36/36 182/65/65 449/66/66 173/37/37
f 182/65/65 20/67/67 176/68/68 449/66/66
f 449/66/66 176/68/68 15/54/54 172/51/51
f 173/37/37 449/66/66 172/51/51 16/38/38
f 20/67/67 181/69/69 450/70/70 176/68/68
f 181/69/69 19/59/59 179/62/62 450/70/70
f 450/70/70 179/62/62 14/64/64 170/71/71
f 176/68/68 450/70/70 170/71/71 15/54/54
f 11/22/22 162/44/44 451/72/72 180/73/73
f 162/44/44 10/43/43 175/74/74 451/72/72
f 451/72/72 175/74/74 19/59/59 181/69/69
f 180/73/73 451/72/72 181/69/69 20/67/67
f 12/24/24 164/23/23 452/75/75 177/76/76
f 164/23/23 11/22/22 180/73/73 452/75/75
f 452/75/75 180/73/73 20/67/67 182/65/65
f 177/76/76 452/75/75 182/65/65 17/36/36
f 10/43/43 161/50/50 453/77/77 175/74/74
f 161/50/50 9/48/48 174/78/78 453/77/77
f 453/77/77 174/78/78 18/32/32 183/60/60
f 175/74/74 453/77/77 183/60/60 19/59/59
f 9/48/48 163/47/47 454/79/79 174/78/78
f 163/47/47 12/24/24 177/76/76 454/79/79
f 454/79/79 177/76/76 17/36/36 184/33/33
f 174/78/78 454/79/79 184/33/33 18/32/32
f 146/80/80 436/81/81 455/82/82 430/83/83
f 436/81/81 145/84/84 197/85/85 455/82/82
f 455/82/82 197/85/85 28/86/86 195/87/87
f 430/83/83 455/82/82 195/87/87 25/88/88
f 15/54/54 170/71/71 456/89/89 189/55/55
f 170/71/71 14/64/64 191/90/90 456/89/89
f 456/89/89 191/90/90 22/91/91 186/92/92
f 189/55/55 456/89/89 186/92/92 23/56/56
f 13/40/40 171/39/39 457/93/93 192/94/94
f 171/39/39 16/38/38 190/53/53 457/93/93
f 457/93/93 190/53/53 24/58/58 187/95/95
f 192/94/94 457/93/93 187/95/95 21/96/96
f 14/64/64 169/63/63 458/97/97 191/90/90
f 169/63/63 13/40/40 192/94/94 458/97/97
f 458/97/97 192/94/94 21/96/96 185/98/98
f 191/90/90 458/97/97 185/98/98 22/91/91
f 34/99/99 216/100/100 459/101/101 210/102/102
f 216/100/100 33/103/103 205/104/104 459/101/101
f 459/101/101 205/104/104 31/105/105 204/106/106
f 210/102/102 459/101/101 204/106/106 32/107/107
f 147/108/108 435/109/109 460/110/110 431/111/111
f 435/109/109 146/80/80 430/83/83 460/110/110
f 460/110/110 430/83/83 25/88/88 193/112/112
f 431/111/111 460/110/110 193/112/112 26/113/113
f 145/84/84 434/114/114 461/115/115 197/85/85
f 434/114/114 148/116/116 200/117/117 461/115/115
f 461/115/115 200/117/117 27/118/118 196/119/119
f 197/85/85 461/115/115 196/119/119 28/86/86
f 148/116/116 433/120/120 462/121/121 200/117/117
f 433/120/120 147/108/108 431/111/111 462/121/121
f 462/121/121 431/111/111 26/113/113 194/122/122
f 200/117/117 462/121/121 194/122/122 27/118/118
f 30/123/123 201/124/124 463/125/125 202/126/126
f 201/124/124 29/127/127 203/128/128 463/125/125
f 463/125/125 203/128/128 32/107/107 204/106/106
f 202/126/126 463/125/125 204/106/106 31/105/105
f 33/103/103 209/129/129 464/130/130 226/131/131
f 209/129/129 27/118/118 225/132/132 464/130/130
f 464/130/130 225/132/132 37/133/133 221/134/134
f 226/131/131 464/130/130 221/134/134 41/135/135
f 29/127/127 212/136/136 465/137/137 214/138/138
f 212/136/136 36/139/139 237/140/140 465/137/137
f 465/137/137 237/140/140 48/141/141 234/142/142
f 214/138/138 465/137/137 234/142/142 45/143/143
f 35/144/144 213/145/145 466/146/146 207/147/147
f 213/145/145 36/139/139 212/136/136 466/146/146
f 466/146/146 212/136/136 29/127/127 201/124/124
f 207/147/147 466/146/146 201/124/124 30/123/123
f 26/113/113 193/112/112 467/148/148 211/149/149
f 193/112/112 25/88/88 208/150/150 467/148/148
f 467/148/148 208/150/150 36/139/139 213/145/145
f 211/149/149 467/148/148 213/145/145 35/144/144
f 32/107/107 203/128/128 468/151/151 236/152/152
f 203/128/128 29/127/127 214/138/138 468/151/151
f 468/151/151 214/138/138 45/143/143 230/153/153
f 236/152/152 468/151/151 230/153/153 46/154/154
f 26/113/113 211/149/149 469/155/155 224/156/156
f 211/149/149 35/144/144 215/157/157 469/155/155
f 469/155/155 215/157/157 42/158/158 222/159/159
f 224/156/156 469/155/155 222/159/159 38/160/160
f 28/86/86 196/119/119 470/161/161 206/162/162
f 196/119/119 27/118/118 209/129/129 470/161/161
f 470/161/161 209/129/129 33/103/103 216/100/100
f 206/162/162 470/161/161 216/100/100 34/99/99
f 41/135/135 223/163/163 471/164/164 219/165/165
f 223/163/163 42/158/158 220/166/166 471/164/164
f 471/164/164 220/166/166 40/167/167 218/168/168
f 219/165/165 471/164/164 218/168/168 39/169/169
f 37/133/133 217/170/170 472/171/171 221/134/134
f 217/170/170 38/160/160 222/159/159 472/171/171
f 472/171/171 222/159/159 42/158/158 223/163/163
f 221/134/134 472/171/171 223/163/163 41/135/135
f 35/144/144 207/147/147 473/172/172 215/157/157
f 207/147/147 30/123/123 227/173/173 473/172/172
f 473/172/172 227/173/173 40/167/167 220/166/166
f 215/157/157 473/172/172 220/166/166 42/158/158
f 27/118/118 194/122/122 474/174/174 225/132/132
f 194/122/122 26/113/113 224/156/156 474/174/174
f 474/174/174 224/156/156 38/160/160 217/170/170
f 225/132/132 474/174/174 217/170/170 37/133/133
f 31/105/105 205/104/104 475/175/175 228/176/176
f 205/104/104 33/103/103 226/131/131 475/175/175
f 475/175/175 226/131/131 41/135/135 219/165/165
f 228/176/176 475/175/175 219/165/165 39/169/169
f 30/123/123 202/126/126 476/177/177 227/173/173
f 202/126/126 31/105/105 228/176/176 476/177/177
f 476/177/177 228/176/176 39/169/169 218/168/168
f 227/173/173 476/177/177 218/168/168 40/167/167
f 44/178/178 231/179/179 477/180/180 249/181/181
f 231/179/179 47/182/182 248/183/183 477/180/180
f 477/180/180 248/183/183 53/184/184 243/185/185
f 249/181/181 477/180/180 243/185/185 50/186/186
f 47/182/182 233/187/187 478/188/188 248/183/183
f 233/187/187 46/154/154 235/189/189 478/188/188
f 478/188/188 235/189/189 52/190/190 245/191/191
f 248/183/183 478/188/188 245/191/191 53/184/184
f 34/99/99 210/102/102 479/192/192 238/193/193
f 210/102/102 32/107/107 236/152/152 479/192/192
f 479/192/192 236/152/152 46/154/154 233/187/187
f 238/193/193 479/192/192 233/187/187 47/182/182
f 36/139/139 208/150/150 480/194/194 237/140/140
f 208/150/150 25/88/88 239/195/195 480/194/194
f 480/194/194 239/195/195 43/196/196 232/197/197
f 237/140/140 480/194/194 232/197/197 48/141/141
f 25/88/88 195/87/87 481/198/198 239/195/195
f 195/87/87 28/86/86 240/199/199 481/198/198
f 481/198/198 240/199/199 44/178/178 229/200/200
f 239/195/195 481/198/198 229/200/200 43/196/196
f 28/86/86 206/162/162 482/201/201 240/199/199
f 206/162/162 34/99/99 238/193/193 482/201/201
f 482/201/201 238/193/193 47/182/182 231/179/179
f 240/199/199 482/201/201 231/179/179 44/178/178
f 52/190/190 242/202/202 483/203/203 262/204/204
f 242/202/202 51/205/205 261/206/206 483/203/203
f 483/203/203 261/206/206 135/207/207 254/208/208
f 262/204/204 483/203/203 254/208/208 136/209/209
f 54/210/210 244/211/211 484/212/212 260/213/213
f 244/211/211 49/214/214 247/215/215 484/212/212
f 484/212/212 247/215/215 133/216/216 256/217/217
f 260/213/213 484/212/212 256/217/217 138/218/218
f 43/196/196 229/200/200 485/219/219 250/220/220
f 229/200/200 44/178/178 249/181/181 485/219/219
f 485/219/219 249/181/181 50/186/186 241/221/221
f 250/220/220 485/219/219 241/221/221 49/214/214
f 45/143/143 234/142/142 486/222/222 252/223/223
f 234/142/142 48/141/141 251/224/224 486/222/222
f 486/222/222 251/224/224 54/210/210 246/225/225
f 252/223/223 486/222/222 246/225/225 51/205/205
f 48/141/141 232/197/197 487/226/226 251/224/224
f 232/197/197 43/196/196 250/220/220 487/226/226
f 487/226/226 250/220/220 49/214/214 244/211/211
f 251/224/224 487/226/226 244/211/211 54/210/210
f 46/154/154 230/153/153 488/227/227 235/189/189
f 230/153/153 45/143/143 252/223/223 488/227/227
f 488/227/227 252/223/223 51/205/205 242/202/202
f 235/189/189 488/227/227 242/202/202 52/190/190
f 59/228/228 409/229/229 489/230/230 425/231/231
f 409/229/229 58/232/232 424/233/233 489/230/230
f 489/230/230 424/233/233 144/234/234 422/235/235
f 425/231/231 489/230/230 422/235/235 139/236/236
f 58/232/232 406/237/237 490/238/238 424/233/233
f 406/237/237 57/239/239 259/240/240 490/238/238
f 490/238/238 259/240/240 143/241/241 419/242/242
f 424/233/233 490/238/238 419/242/242 144/234/234
f 53/184/184 245/191/191 491/243/243 263/244/244
f 245/191/191 52/190/190 262/204/204 491/243/243
f 491/243/243 262/204/204 136/209/209 257/245/245
f 263/244/244 491/243/243 257/245/245 137/246/246
f 50/186/186 243/185/185 492/247/247 264/248/248
f 243/185/185 53/184/184 263/244/244 492/247/247
f 492/247/247 263/244/244 137/246/246 255/249/249
f 264/248/248 492/247/247 255/249/249 134/250/250
f 49/214/214 241/221/221 493/251/251 247/215/215
f 241/221/221 50/186/186 264/248/248 493/251/251
f 493/251/251 264/248/248 134/250/250 253/252/252
f 247/215/215 493/251/251 253/252/252 133/216/216
f 51/205/205 246/225/225 494/253/253 261/206/206
f 246/225/225 54/210/210 260/213/213 494/253/253
f 494/253/253 260/213/213 138/218/218 258/254/254
f 261/206/206 494/253/253 258/254/254 135/207/207
f 66/255/255 270/256/256 495/257/257 271/258/258
f 270/256/256 63/259/259 266/260/260 495/257/257
f 495/257/257 266/260/260 64/261/261 269/262/262
f 271/258/258 495/257/257 269/262/262 65/263/263
f 61/264/264 268/265/265 496/266/266 265/267/267
f 268/265/265 66/255/255 271/258/258 496/266/266
f 496/266/266 271/258/258 65/263/263 267/268/268
f 265/267/267 496/266/266 267/268/268 62/269/269
f 82/270/270 308/271/271 497/272/272 300/273/273
f 308/271/271 81/274/274 293/275/275 497/272/272
f 497/272/272 293/275/275 78/276/276 290/277/277
f 300/273/273 497/272/272 290/277/277 75/278/278
f 80/279/279 307/280/280 498/281/281 298/282/282
f 307/280/280 79/283/283 278/284/284 498/281/281
f 498/281/281 278/284/284 74/285/285 285/286/286
f 298/282/282 498/281/281 285/286/286 73/287/287
f 63/259/259 270/256/256 499/288/288 280/289/289
f 270/256/256 66/255/255 279/290/290 499/288/288
f 499/288/288 279/290/290 72/291/291 277/292/292
f 280/289/289 499/288/288 277/292/292 69/293/293
f 66/255/255 268/265/265 500/294/294 279/290/290
f 268/265/265 61/264/264 281/295/295 500/294/294
f 500/294/294 281/295/295 67/296/296 275/297/297
f 279/290/290 500/294/294 275/297/297 72/291/291
f 64/261/261 266/260/260 501/298/298 282/299/299
f 266/260/260 63/259/259 280/289/289 501/298/298
f 501/298/298 280/289/289 69/293/293 273/300/300
f 282/299/299 501/298/298 273/300/300 70/301/301
f 65/263/263 269/262/262 502/302/302 283/303/303
f 269/262/262 64/261/261 282/299/299 502/302/302
f 502/302/302 282/299/299 70/301/301 276/304/304
f 283/303/303 502/302/302 276/304/304 71/305/305
f 62/269/269 267/268/268 503/306/306 284/307/307
f 267/268/268 65/263/263 283/303/303 503/306/306
f 503/306/306 283/303/303 71/305/305 274/308/308
f 284/307/307 503/306/306 274/308/308 68/309/309
f 61/264/264 265/267/267 504/310/310 281/295/295
f 265/267/267 62/269/269 284/307/307 504/310/310
f 504/310/310 284/307/307 68/309/309 272/311/311
f 281/295/295 504/310/310 272/311/311 67/296/296
f 78/276/276 288/312/312 505/313/313 291/314/314
f 288/312/312 73/287/287 317/315/315 505/313/313
f 505/313/313 317/315/315 85/316/316 312/317/317
f 291/314/314 505/313/313 312/317/317 90/318/318
f 75/278/278 290/277/277 506/319/319 316/320/320
f 290/277/277 78/276/276 291/314/314 506/319/319
f 506/319/319 291/314/314 90/318/318 314/321/321
f 316/320/320 506/319/319 314/321/321 87/322/322
f 81/274/274 306/323/323 507/324/324 293/275/275
f 306/323/323 80/279/279 298/282/282 507/324/324
f 507/324/324 298/282/282 73/287/287 288/312/312
f 293/275/275 507/324/324 288/312/312 78/276/276
f 83/325/325 305/326/326 508/327/327 301/328/328
f 305/326/326 82/270/270 300/273/273 508/327/327
f 508/327/327 300/273/273 75/278/278 286/329/329
f 301/328/328 508/327/327 286/329/329 76/330/330
f 84/331/331 304/332/332 509/333/333 302/334/334
f 304/332/332 83/325/325 301/328/328 509/333/333
f 509/333/333 301/328/328 76/330/330 289/335/335
f 302/334/334 509/333/333 289/335/335 77/336/336
f 79/283/283 303/337/337 510/338/338 278/284/284
f 303/337/337 84/331/331 302/334/334 510/338/338
f 510/338/338 302/334/334 77/336/336 287/339/339
f 278/284/284 510/338/338 287/339/339 74/285/285
f 68/309/309 274/308/308 511/340/340 297/341/341
f 274/308/308 71/305/305 296/342/342 511/340/340
f 511/340/340 296/342/342 84/331/331 303/337/337
f 297/341/341 511/340/340 303/337/337 79/283/283
f 71/305/305 276/304/304 512/343/343 296/342/342
f 276/304/304 70/301/301 295/344/344 512/343/343
f 512/343/343 295/344/344 83/325/325 304/332/332
f 296/342/342 512/343/343 304/332/332 84/331/331
f 70/301/301 273/300/300 513/345/345 295/344/344
f 273/300/300 69/293/293 294/346/346 513/345/345
f 513/345/345 294/346/346 82/270/270 305/326/326
f 295/344/344 513/345/345 305/326/326 83/325/325
f 72/291/291 275/297/297 514/347/347 299/348/348
f 275/297/297 67/296/296 292/349/349 514/347/347
f 514/347/347 292/349/349 80/279/279 306/323/323
f 299/348/348 514/347/347 306/323/323 81/274/274
f 67/296/296 272/311/311 515/350/350 292/349/349
f 272/311/311 68/309/309 297/341/341 515/350/350
f 515/350/350 297/341/341 79/283/283 307/280/280
f 292/349/349 515/350/350 307/280/280 80/279/279
f 69/293/293 277/292/292 516/351/351 294/346/346
f 277/292/292 72/291/291 299/348/348 516/351/351
f 516/351/351 299/348/348 81/274/274 308/271/271
f 294/346/346 516/351/351 308/271/271 82/270/270
f 97/352/352 344/353/353 517/354/354 315/355/355
f 344/353/353 99/356/356 329/357/357 517/354/354
f 517/354/354 329/357/357 91/358/358 324/359/359
f 315/355/355 517/354/354 324/359/359 96/360/360
f 98/361/361 343/362/362 518/363/363 334/364/364
f 343/362/362 97/352/352 315/355/355 518/363/363
f 518/363/363 315/355/355 96/360/360 326/365/365
f 334/364/364 518/363/363 326/365/365 93/366/366
f 76/330/330 286/329/329 519/367/367 318/368/368
f 286/329/329 75/278/278 316/320/320 519/367/367
f 519/367/367 316/320/320 87/322/322 310/369/369
f 318/368/368 519/367/367 310/369/369 88/370/370
f 77/336/336 289/335/335 520/371/371 319/372/372
f 289/335/335 76/330/330 318/368/368 520/371/371
f 520/371/371 318/368/368 88/370/370 313/373/373
f 319/372/372 520/371/371 313/373/373 89/374/374
f 74/285/285 287/339/339 521/375/375 320/376/376
f 287/339/339 77/336/336 319/372/372 521/375/375
f 521/375/375 319/372/372 89/374/374 311/377/377
f 320/376/376 521/375/375 311/377/377 86/378/378
f 73/287/287 285/286/286 522/379/379 317/315/315
f 285/286/286 74/285/285 320/376/376 522/379/379
f 522/379/379 320/376/376 86/378/378 309/380/380
f 317/315/315 522/379/379 309/380/380 85/316/316
f 92/381/381 323/382/382 523/383/383 353/384/384
f 323/382/382 95/385/385 352/386/386 523/383/383
f 523/383/383 352/386/386 107/387/387 347/388/388
f 353/384/384 523/383/383 347/388/388 104/389/389
f 95/385/385 325/390/390 524/391/391 352/386/386
f 325/390/390 94/392/392 327/393/393 524/391/391
f 524/391/391 327/393/393 106/394/394 349/395/395
f 352/386/386 524/391/391 349/395/395 107/387/387
f 100/396/396 342/397/397 525/398/398 336/399/399
f 342/397/397 98/361/361 334/364/364 525/398/398
f 525/398/398 334/364/364 93/366/366 322/400/400
f 336/399/399 525/398/398 322/400/400 94/392/392
f 101/401/401 341/402/402 526/403/403 337/404/404
f 341/402/402 100/396/396 336/399/399 526/403/403
f 526/403/403 336/399/399 94/392/392 325/390/390
f 337/404/404 526/403/403 325/390/390 95/385/385
f 102/405/405 340/406/406 527/407/407 338/408/408
f 340/406/406 101/401/401 337/404/404 527/407/407
f 527/407/407 337/404/404 95/385/385 323/382/382
f 338/408/408 527/407/407 323/382/382 92/381/381
f 99/356/356 339/409/409 528/410/410 329/357/357
f 339/409/409 102/405/405 338/408/408 528/410/410
f 528/410/410 338/408/408 92/381/381 321/411/411
f 329/357/357 528/410/410 321/411/411 91/358/358
f 85/316/316 309/380/380 529/412/412 335/413/413
f 309/380/380 86/378/378 332/414/414 529/412/412
f 529/412/412 332/414/414 102/405/405 339/409/409
f 335/413/413 529/412/412 339/409/409 99/356/356
f 86/378/378 311/377/377 530/415/415 332/414/414
f 311/377/377 89/374/374 331/416/416 530/415/415
f 530/415/415 331/416/416 101/401/401 340/406/406
f 332/414/414 530/415/415 340/406/406 102/405/405
f 89/374/374 313/373/373 531/417/417 331/416/416
f 313/373/373 88/370/370 330/418/418 531/417/417
f 531/417/417 330/418/418 100/396/396 341/402/402
f 331/416/416 531/417/417 341/402/402 101/401/401
f 88/370/370 310/369/369 532/419/419 330/418/418
f 310/369/369 87/322/322 328/420/420 532/419/419
f 532/419/419 328/420/420 98/361/361 342/397/397
f 330/418/418 532/419/419 342/397/397 100/396/396
f 87/322/322 314/321/321 533/421/421 328/420/420
f 314/321/321 90/318/318 333/422/422 533/421/421
f 533/421/421 333/422/422 97/352/352 343/362/362
f 328/420/420 533/421/421 343/362/362 98/361/361
f 90/318/318 312/317/317 534/423/423 333/422/422
f 312/317/317 85/316/316 335/413/413 534/423/423
f 534/423/423 335/413/413 99/356/356 344/353/353
f 333/422/422 534/423/423 344/353/353 97/352/352
f 123/424/424 392/425/425 535/426/426 383/427/427
f 392/425/425 122/428/428 382/429/429 535/426/426
f 535/426/426 382/429/429 113/430/430 359/431/431
f 383/427/427 535/426/426 359/431/431 110/432/432
f 122/428/428 391/433/433 536/434/434 382/429/429
f 391/433/433 121/435/435 351/436/436 536/434/434
f 536/434/434 351/436/436 112/437/437 361/438/438
f 382/429/429 536/434/434 361/438/438 113/430/430
f 91/358/358 321/411/411 537/439/439 354/440/440
f 321/411/411 92/381/381 353/384/384 537/439/439
f 537/439/439 353/384/384 104/389/389 345/441/441
f 354/440/440 537/439/439 345/441/441 103/442/442
f 93/366/366 326/365/365 538/443/443 356/444/444
f 326/365/365 96/360/360 355/445/445 538/443/443
f 538/443/443 355/445/445 108/446/446 350/447/447
f 356/444/444 538/443/443 350/447/447 105/448/448
f 96/360/360 324/359/359 539/449/449 355/445/445
f 324/359/359 91/358/358 354/440/440 539/449/449
f 539/449/449 354/440/440 103/442/442 348/450/450
f 355/445/445 539/449/449 348/450/450 108/446/446
f 94/392/392 322/400/400 540/451/451 327/393/393
f 322/400/400 93/366/366 356/444/444 540/451/451
f 540/451/451 356/444/444 105/448/448 346/452/452
f 327/393/393 540/451/451 346/452/452 106/394/394
f 114/453/453 360/454/454 541/455/455 363/456/456
f 360/454/454 109/457/457 377/458/458 541/455/455
f 541/455/455 377/458/458 115/459/459 372/460/460
f 363/456/456 541/455/455 372/460/460 120/461/461
f 111/462/462 362/463/463 542/464/464 376/465/465
f 362/463/463 114/453/453 363/456/456 542/464/464
f 542/464/464 363/456/456 120/461/461 374/466/466
f 376/465/465 542/464/464 374/466/466 117/467/467
f 124/468/468 390/469/469 543/470/470 384/471/471
f 390/469/469 123/424/424 383/427/427 543/470/470
f 543/470/470 383/427/427 110/432/432 357/472/472
f 384/471/471 543/470/470 357/472/472 109/457/457
f 126/473/473 389/474/474 544/475/475 386/476/476
f 389/474/474 125/477/477 367/478/478 544/475/475
f 544/475/475 367/478/478 114/453/453 362/463/463
f 386/476/476 544/475/475 362/463/463 111/462/462
f 125/477/477 388/479/479 545/480/480 367/478/478
f 388/479/479 124/468/468 384/471/471 545/480/480
f 545/480/480 384/471/471 109/457/457 360/454/454
f 367/478/478 545/480/480 360/454/454 114/453/453
f 121/435/435 387/481/481 546/482/482 351/436/436
f 387/481/481 126/473/473 386/476/476 546/482/482
f 546/482/482 386/476/476 111/462/462 358/483/483
f 351/436/436 546/482/482 358/483/483 112/437/437
f 116/484/484 371/485/485 547/486/486 401/487/487
f 371/485/485 119/488/488 400/489/489 547/486/486
f 547/486/486 400/489/489 131/490/490 395/491/491
f 401/487/487 547/486/486 395/491/491 128/492/492
f 119/488/488 373/493/493 548/494/494 400/489/489
f 373/493/493 118/495/495 375/496/496 548/494/494
f 548/494/494 375/496/496 130/497/497 397/498/498
f 400/489/489 548/494/494 397/498/498 131/490/490
f 112/437/437 358/483/483 549/499/499 378/500/500
f 358/483/483 111/462/462 376/465/465 549/499/499
f 549/499/499 376/465/465 117/467/467 370/501/501
f 378/500/500 549/499/499 370/501/501 118/495/495
f 113/430/430 361/438/438 550/502/502 379/503/503
f 361/438/438 112/437/437 378/500/500 550/502/502
f 550/502/502 378/500/500 118/495/495 373/493/493
f 379/503/503 550/502/502 373/493/493 119/488/488
f 110/432/432 359/431/431 551/504/504 380/505/505
f 359/431/431 113/430/430 379/503/503 551/504/504
f 551/504/504 379/503/503 119/488/488 371/485/485
f 380/505/505 551/504/504 371/485/485 116/484/484
f 109/457/457 357/472/472 552/506/506 377/458/458
f 357/472/472 110/432/432 380/505/505 552/506/506
f 552/506/506 380/505/505 116/484/484 369/507/507
f 377/458/458 552/506/506 369/507/507 115/459/459
f 106/394/394 346/452/452 553/508/508 381/509/509
f 346/452/452 105/448/448 368/510/510 553/508/508
f 553/508/508 368/510/510 126/473/473 387/481/481
f 381/509/509 553/508/508 387/481/481 121/435/435
f 108/446/446 348/450/450 554/511/511 385/512/512
f 348/450/450 103/442/442 366/513/513 554/511/511
f 554/511/511 366/513/513 124/468/468 388/479/479
f 385/512/512 554/511/511 388/479/479 125/477/477
f 105/448/448 350/447/447 555/514/514 368/510/510
f 350/447/447 108/446/446 385/512/512 555/514/514
f 555/514/514 385/512/512 125/477/477 389/474/474
f 368/510/510 555/514/514 389/474/474 126/473/473
f 103/442/442 345/441/441 556/515/515 366/513/513
f 345/441/441 104/389/389 365/516/516 556/515/515
f 556/515/515 365/516/516 123/424/424 390/469/469
f 366/513/513 556/515/515 390/469/469 124/468/468
f 107/387/387 349/395/395 557/517/517 364/518/518
f 349/395/395 106/394/394 381/509/509 557/517/517
f 557/517/517 381/509/509 121/435/435 391/433/433
f 364/518/518 557/517/517 391/433/433 122/428/428
f 104/389/389 347/388/388 558/519/519 365/516/516
f 347/388/388 107/387/387 364/518/518 558/519/519
f 558/519/519 364/518/518 122/428/428 392/425/425
f 365/516/516 558/519/519 392/425/425 123/424/424
f 132/520/520 399/521/521 559/522/522 398/523/523
f 399/521/521 131/490/490 397/498/498 559/522/522
f 559/522/522 397/498/498 130/497/497 394/524/524
f 398/523/523 559/522/522 394/524/524 129/525/525
f 127/526/526 393/527/527 560/528/528 396/529/529
f 393/527/527 128/492/492 395/491/491 560/528/528
f 560/528/528 395/491/491 131/490/490 399/521/521
f 396/529/529 560/528/528 399/521/521 132/520/520
f 115/459/459 369/507/507 561/530/530 402/531/531
f 369/507/507 116/484/484 401/487/487 561/530/530
f 561/530/530 401/487/487 128/492/492 393/527/527
f 402/531/531 561/530/530 393/527/527 127/526/526
f 117/467/467 374/466/466 562/532/532 404/533/533
f 374/466/466 120/461/461 403/534/534 562/532/532
f 562/532/532 403/534/534 132/520/520 398/523/523
f 404/533/533 562/532/532 398/523/523 129/525/525
f 120/461/461 372/460/460 563/535/535 403/534/534
f 372/460/460 115/459/459 402/531/531 563/535/535
f 563/535/535 402/531/531 127/526/526 396/529/529
f 403/534/534 563/535/535 396/529/529 132/520/520
f 118/495/495 370/501/501 564/536/536 375/496/496
f 370/501/501 117/467/467 404/533/533 564/536/536
f 564/536/536 404/533/533 129/525/525 394/524/524
f 375/496/496 564/536/536 394/524/524 130/497/497
f 56/537/537 405/538/538 565/539/539 411/540/540
f 405/538/538 55/541/541 412/542/542 565/539/539
f 565/539/539 412/542/542 133/216/216 253/252/252
f 411/540/540 565/539/539 253/252/252 134/250/250
f 57/239/239 406/237/237 566/543/543 413/544/544
f 406/237/237 58/232/232 414/545/545 566/543/543
f 566/543/543 414/545/545 136/209/209 254/208/208
f 413/544/544 566/543/543 254/208/208 135/207/207
f 59/228/228 407/546/546 567/547/547 415/548/548
f 407/546/546 56/537/537 411/540/540 567/547/547
f 567/547/547 411/540/540 134/250/250 255/249/249
f 415/548/548 567/547/547 255/249/249 137/246/246
f 55/541/541 408/549/549 568/550/550 412/542/542
f 408/549/549 60/551/551 416/552/552 568/550/550
f 568/550/550 416/552/552 138/218/218 256/217/217
f 412/542/542 568/550/550 256/217/217 133/216/216
f 58/232/232 409/229/229 569/553/553 414/545/545
f 409/229/229 59/228/228 415/548/548 569/553/553
f 569/553/553 415/548/548 137/246/246 257/245/245
f 414/545/545 569/553/553 257/245/245 136/209/209
f 60/551/551 410/554/554 570/555/555 416/552/552
f 410/554/554 57/239/239 413/544/544 570/555/555
f 570/555/555 413/544/544 135/207/207 258/254/254
f 416/552/552 570/555/555 258/254/254 138/218/218
f 140/556/556 417/557/557 571/558/558 423/559/559
f 417/557/557 139/236/236 422/235/235 571/558/558
f 571/558/558 422/235/235 144/234/234 419/242/242
f 423/559/559 571/558/558 419/242/242 143/241/241
f 141/560/560 418/561/561 572/562/562 421/563/563
f 418/561/561 142/564/564 420/565/565 572/562/562
f 572/562/562 420/565/565 139/236/236 417/557/557
f 421/563/563 572/562/562 417/557/557 140/556/556
f 56/537/537 407/546/546 573/566/566 426/567/567
f 407/546/546 59/228/228 425/231/231 573/566/566
f 573/566/566 425/231/231 139/236/236 420/565/565
f 426/567/567 573/566/566 420/565/565 142/564/564
f 55/541/541 405/538/538 574/568/568 427/569/569
f 405/538/538 56/537/537 426/567/567 574/568/568
f 574/568/568 426/567/567 142/564/564 418/561/561
f 427/569/569 574/568/568 418/561/561 141/560/560
f 57/239/239 410/554/554 575/570/570 259/240/240
f 410/554/554 60/551/551 428/571/571 575/570/570
f 575/570/570 428/571/571 140/556/556 423/559/559
f 259/240/240 575/570/570 423/559/559 143/241/241
f 60/551/551 408/549/549 576/572/572 428/571/571
f 408/549/549 55/541/541 427/569/569 576/572/572
f 576/572/572 427/569/569 141/560/560 421/563/563
f 428/571/571 576/572/572 421/563/563 140/556/556
f 23/56/56 186/92/92 577/573/573 432/574/574
f 186/92/92 22/91/91 199/575/575 577/573/573
f 577/573/573 199/575/575 147/108/108 433/120/120
f 432/574/574 577/573/573 433/120/120 148/116/116
f 24/58/58 188/57/57 578/576/576 429/577/577
f 188/57/57 23/56/56 432/574/574 578/576/576
f 578/576/576 432/574/574 148/116/116 434/114/114
f 429/577/577 578/576/576 434/114/114 145/84/84
f 22/91/91 185/98/98 579/578/578 199/575/575
f 185/98/98 21/96/96 198/579/579 579/578/578
f 579/578/578 198/579/579 146/80/80 435/109/109
f 199/575/575 579/578/578 435/109/109 147/108/108
f 21/96/96 187/95/95 580/580/580 198/579/579
f 187/95/95 24/58/58 429/577/577 580/580/580
f 580/580/580 429/577/577 145/84/84 436/81/81
f 198/579/579 580/580/580 436/81/81 146/80/80
f 581/581/581 729/582/582 1017/583/583 730/584/584
f 730/584/584 1017/583/583 731/585/585 582/586/586
f 1017/583/583 732/587/587 584/588/588 731/585/585
f 729/582/582 583/589/589 732/587/587 1017/583/583
f 583/589/589 733/590/590 1018/591/591 732/587/587
f 732/587/587 1018/591/591 734/592/592 584/588/588
f 1018/591/591 735/593/593 588/594/594 734/592/592
f 733/590/590 587/595/595 735/593/593 1018/591/591
f 586/596/596 746/597/597 1019/598/598 738/599/599
f 738/599/599 1019/598/598 745/600/600 585/601/601
f 1019/598/598 744/602/602 591/603/603 745/600/600
f 746/597/597 592/604/604 744/602/602 1019/598/598
f 585/601/601 739/605/605 1020/606/606 738/599/599
f 738/599/599 1020/606/606 740/607/607 586/596/596
f 1020/606/606 730/584/584 582/586/586 740/607/607
f 739/605/605 581/581/581 730/584/584 1020/606/606
f 583/589/589 729/582/582 1021/608/608 733/590/590
f 733/590/590 1021/608/608 736/609/609 587/595/595
f 1021/608/608 739/605/605 585/601/601 736/609/609
f 729/582/582 581/581/581 739/605/605 1021/608/608
f 588/594/594 737/610/610 1022/611/611 734/592/592
f 734/592/592 1022/611/611 731/585/585 584/588/588
f 1022/611/611 740/607/607 582/586/586 731/585/585
f 737/610/610 586/596/596 740/607/607 1022/611/611
f 598/612/612 758/613/613 1023/614/614 764/615/615
f 764/615/615 1023/614/614 753/616/616 597/617/617
f 1023/614/614 751/618/618 596/619/619 753/616/616
f 758/613/613 593/620/620 751/618/618 1023/614/614
f 585/601/601 745/600/600 1024/621/621 736/609/609
f 736/609/609 1024/621/621 747/622/622 587/595/595
f 1024/621/621 742/623/623 590/624/624 747/622/622
f 745/600/600 591/603/603 742/623/623 1024/621/621
f 588/594/594 748/625/625 1025/626/626 737/610/610
f 737/610/610 1025/626/626 746/597/597 586/596/596
f 1025/626/626 743/627/627 592/604/604 746/597/597
f 748/625/625 589/628/628 743/627/627 1025/626/626
f 587/595/595 747/622/622 1026/629/629 735/593/593
f 735/593/593 1026/629/629 748/625/625 588/594/594
f 1026/629/629 741/630/630 589/628/628 748/625/625
f 747/622/622 590/624/624 741/630/630 1026/629/629
f 596/619/619 770/631/631 1027/632/632 752/633/633
f 752/633/633 1027/632/632 769/634/634 595/635/635
f 1027/632/632 768/636/636 603/637/637 769/634/634
f 770/631/631 604/638/638 768/636/636 1027/632/632
f 599/639/639 759/640/640 1028/641/641 763/642/642
f 763/642/642 1028/641/641 758/613/613 598/612/612
f 1028/641/641 749/643/643 593/620/620 758/613/613
f 759/640/640 594/644/644 749/643/643 1028/641/641
f 597/617/617 753/616/616 1029/645/645 762/646/646
f 762/646/646 1029/645/645 756/647/647 600/648/648
f 1029/645/645 752/633/633 595/635/635 756/647/647
f 753/616/616 596/619/619 752/633/633 1029/645/645
f 600/648/648 756/647/647 1030/649/649 761/650/650
f 761/650/650 1030/649/649 759/640/640 599/639/639
f 1030/649/649 750/651/651 594/644/644 759/640/640
f 756/647/647 595/635/635 750/651/651 1030/649/649
f 591/603/603 760/652/652 1031/653/653 742/623/623
f 742/623/623 1031/653/653 755/654/654 590/624/624
f 1031/653/653 761/650/650 599/639/639 755/654/654
f 760/652/652 600/648/648 761/650/650 1031/653/653
f 592/604/604 757/655/655 1032/656/656 744/602/602
f 744/602/602 1032/656/656 760/652/652 591/603/603
f 1032/656/656 762/646/646 600/648/648 760/652/652
f 757/655/655 597/617/617 762/646/646 1032/656/656
f 590/624/624 755/654/654 1033/657/657 741/630/630
f 741/630/630 1033/657/657 754/658/658 589/628/628
f 1033/657/657 763/642/642 598/612/612 754/658/658
f 755/654/654 599/639/639 763/642/642 1033/657/657
f 589/628/628 754/658/658 1034/659/659 743/627/627
f 743/627/627 1034/659/659 757/655/655 592/604/604
f 1034/659/659 764/615/615 597/617/617 757/655/655
f 754/658/658 598/612/612 764/615/615 1034/659/659
f 726/660/660 1010/661/661 1035/662/662 1016/663/663
f 1016/663/663 1035/662/662 777/664/664 725/665/665
f 1035/662/662 775/666/666 608/667/667 777/664/664
f 1010/661/661 605/668/668 775/666/666 1035/662/662
f 595/635/635 769/634/634 1036/669/669 750/651/651
f 750/651/651 1036/669/669 771/670/670 594/644/644
f 1036/669/669 766/671/671 602/672/672 771/670/670
f 769/634/634 603/637/637 766/671/671 1036/669/669
f 593/620/620 772/673/673 1037/674/674 751/618/618
f 751/618/618 1037/674/674 770/631/631 596/619/619
f 1037/674/674 767/675/675 604/638/638 770/631/631
f 772/673/673 601/676/676 767/675/675 1037/674/674
f 594/644/644 771/670/670 1038/677/677 749/643/643
f 749/643/643 1038/677/677 772/673/673 593/620/620
f 1038/677/677 765/678/678 601/676/676 772/673/673
f 771/670/670 602/672/672 765/678/678 1038/677/677
f 614/679/679 790/680/680 1039/681/681 796/682/682
f 796/682/682 1039/681/681 785/683/683 613/684/684
f 1039/681/681 784/685/685 611/686/686 785/683/683
f 790/680/680 612/687/687 784/685/685 1039/681/681
f 727/688/688 1011/689/689 1040/690/690 1015/691/691
f 1015/691/691 1040/690/690 1010/661/661 726/660/660
f 1040/690/690 773/692/692 605/668/668 1010/661/661
f 1011/689/689 606/693/693 773/692/692 1040/690/690
f 725/665/665 777/664/664 1041/694/694 1014/695/695
f 1014/695/695 1041/694/694 780/696/696 728/697/697
f 1041/694/694 776/698/698 607/699/699 780/696/696
f 777/664/664 608/667/667 776/698/698 1041/694/694
f 728/697/697 780/696/696 1042/700/700 1013/701/701
f 1013/701/701 1042/700/700 1011/689/689 727/688/688
f 1042/700/700 774/702/702 606/693/693 1011/689/689
f 780/696/696 607/699/699 774/702/702 1042/700/700
f 610/703/703 782/704/704 1043/705/705 781/706/706
f 781/706/706 1043/705/705 783/707/707 609/708/708
f 1043/705/705 784/685/685 612/687/687 783/707/707
f 782/704/704 611/686/686 784/685/685 1043/705/705
f 613/684/684 806/709/709 1044/710/710 789/711/711
f 789/711/711 1044/710/710 805/712/712 607/699/699
f 1044/710/710 801/713/713 617/714/714 805/712/712
f 806/709/709 621/715/715 801/713/713 1044/710/710
f 609/708/708 794/716/716 1045/717/717 792/718/718
f 792/718/718 1045/717/717 817/719/719 616/720/720
f 1045/717/717 814/721/721 628/722/722 817/719/719
f 794/716/716 625/723/723 814/721/721 1045/717/717
f 615/724/724 787/725/725 1046/726/726 793/727/727
f 793/727/727 1046/726/726 792/718/718 616/720/720
f 1046/726/726 781/706/706 609/708/708 792/718/718
f 787/725/725 610/703/703 781/706/706 1046/726/726
f 606/693/693 791/728/728 1047/729/729 773/692/692
f 773/692/692 1047/729/729 788/730/730 605/668/668
f 1047/729/729 793/727/727 616/720/720 788/730/730
f 791/728/728 615/724/724 793/727/727 1047/729/729
f 612/687/687 816/731/731 1048/732/732 783/707/707
f 783/707/707 1048/732/732 794/716/716 609/708/708
f 1048/732/732 810/733/733 625/723/723 794/716/716
f 816/731/731 626/734/734 810/733/733 1048/732/732
f 606/693/693 804/735/735 1049/736/736 791/728/728
f 791/728/728 1049/736/736 795/737/737 615/724/724
f 1049/736/736 802/738/738 622/739/739 795/737/737
f 804/735/735 618/740/740 802/738/738 1049/736/736
f 608/667/667 786/741/741 1050/742/742 776/698/698
f 776/698/698 1050/742/742 789/711/711 607/699/699
f 1050/742/742 796/682/682 613/684/684 789/711/711
f 786/741/741 614/679/679 796/682/682 1050/742/742
f 621/715/715 799/743/743 1051/744/744 803/745/745
f 803/745/745 1051/744/744 800/746/746 622/739/739
f 1051/744/744 798/747/747 620/748/748 800/746/746
f 799/743/743 619/749/749 798/747/747 1051/744/744
f 617/714/714 801/713/713 1052/750/750 797/751/751
f 797/751/751 1052/750/750 802/738/738 618/740/740
f 1052/750/750 803/745/745 622/739/739 802/738/738
f 801/713/713 621/715/715 803/745/745 1052/750/750
f 615/724/724 795/737/737 1053/752/752 787/725/725
f 787/725/725 1053/752/752 807/753/753 610/703/703
f 1053/752/752 800/746/746 620/748/748 807/753/753
f 795/737/737 622/739/739 800/746/746 1053/752/752
f 607/699/699 805/712/712 1054/754/754 774/702/702
f 774/702/702 1054/754/754 804/735/735 606/693/693
f 1054/754/754 797/751/751 618/740/740 804/735/735
f 805/712/712 617/714/714 797/751/751 1054/754/754
f 611/686/686 808/755/755 1055/756/756 785/683/683
f 785/683/683 1055/756/756 806/709/709 613/684/684
f 1055/756/756 799/743/743 621/715/715 806/709/709
f 808/755/755 619/749/749 799/743/743 1055/756/756
f 610/703/703 807/753/753 1056/757/757 782/704/704
f 782/704/704 1056/757/757 808/755/755 611/686/686
f 1056/757/757 798/747/747 619/749/749 808/755/755
f 807/753/753 620/748/748 798/747/747 1056/757/757
f 624/758/758 829/759/759 1057/760/760 811/761/761
f 811/761/761 1057/760/760 828/762/762 627/763/763
f 1057/760/760 823/764/764 633/765/765 828/762/762
f 829/759/759 630/766/766 823/764/764 1057/760/760
f 627/763/763 828/762/762 1058/767/767 813/768/768
f 813/768/768 1058/767/767 815/769/769 626/734/734
f 1058/767/767 825/770/770 632/771/771 815/769/769
f 828/762/762 633/765/765 825/770/770 1058/767/767
f 614/679/679 818/772/772 1059/773/773 790/680/680
f 790/680/680 1059/773/773 816/731/731 612/687/687
f 1059/773/773 813/768/768 626/734/734 816/731/731
f 818/772/772 627/763/763 813/768/768 1059/773/773
f 616/720/720 817/719/719 1060/774/774 788/730/730
f 788/730/730 1060/774/774 819/775/775 605/668/668
f 1060/774/774 812/776/776 623/777/777 819/775/775
f 817/719/719 628/722/722 812/776/776 1060/774/774
f 605/668/668 819/775/775 1061/778/778 775/666/666
f 775/666/666 1061/778/778 820/779/779 608/667/667
f 1061/778/778 809/780/780 624/758/758 820/779/779
f 819/775/775 623/777/777 809/780/780 1061/778/778
f 608/667/667 820/779/779 1062/781/781 786/741/741
f 786/741/741 1062/781/781 818/772/772 614/679/679
f 1062/781/781 811/761/761 627/763/763 818/772/772
f 820/779/779 624/758/758 811/761/761 1062/781/781
f 632/771/771 842/782/782 1063/783/783 822/784/784
f 822/784/784 1063/783/783 841/785/785 631/786/786
f 1063/783/783 834/787/787 715/788/788 841/785/785
f 842/782/782 716/789/789 834/787/787 1063/783/783
f 634/790/790 840/791/791 1064/792/792 824/793/793
f 824/793/793 1064/792/792 827/794/794 629/795/795
f 1064/792/792 836/796/796 713/797/797 827/794/794
f 840/791/791 718/798/798 836/796/796 1064/792/792
f 623/777/777 830/799/799 1065/800/800 809/780/780
f 809/780/780 1065/800/800 829/759/759 624/758/758
f 1065/800/800 821/801/801 630/766/766 829/759/759
f 830/799/799 629/795/795 821/801/801 1065/800/800
f 625/723/723 832/802/802 1066/803/803 814/721/721
f 814/721/721 1066/803/803 831/804/804 628/722/722
f 1066/803/803 826/805/805 634/790/790 831/804/804
f 832/802/802 631/786/786 826/805/805 1066/803/803
f 628/722/722 831/804/804 1067/806/806 812/776/776
f 812/776/776 1067/806/806 830/799/799 623/777/777
f 1067/806/806 824/793/793 629/795/795 830/799/799
f 831/804/804 634/790/790 824/793/793 1067/806/806
f 626/734/734 815/769/769 1068/807/807 810/733/733
f 810/733/733 1068/807/807 832/802/802 625/723/723
f 1068/807/807 822/784/784 631/786/786 832/802/802
f 815/769/769 632/771/771 822/784/784 1068/807/807
f 639/808/808 1005/809/809 1069/810/810 989/811/811
f 989/811/811 1069/810/810 1004/812/812 638/813/813
f 1069/810/810 1002/814/814 724/815/815 1004/812/812
f 1005/809/809 719/816/816 1002/814/814 1069/810/810
f 638/813/813 1004/812/812 1070/817/817 986/818/818
f 986/818/818 1070/817/817 839/819/819 637/820/820
f 1070/817/817 999/821/821 723/822/822 839/819/819
f 1004/812/812 724/815/815 999/821/821 1070/817/817
f 633/765/765 843/823/823 1071/824/824 825/770/770
f 825/770/770 1071/824/824 842/782/782 632/771/771
f 1071/824/824 837/825/825 716/789/789 842/782/782
f 843/823/823 717/826/826 837/825/825 1071/824/824
f 630/766/766 844/827/827 1072/828/828 823/764/764
f 823/764/764 1072/828/828 843/823/823 633/765/765
f 1072/828/828 835/829/829 717/826/826 843/823/823
f 844/827/827 714/830/830 835/829/829 1072/828/828
f 629/795/795 827/794/794 1073/831/831 821/801/801
f 821/801/801 1073/831/831 844/827/827 630/766/766
f 1073/831/831 833/832/832 714/830/830 844/827/827
f 827/794/794 713/797/797 833/832/832 1073/831/831
f 631/786/786 841/785/785 1074/833/833 826/805/805
f 826/805/805 1074/833/833 840/791/791 634/790/790
f 1074/833/833 838/834/834 718/798/798 840/791/791
f 841/785/785 715/788/788 838/834/834 1074/833/833
f 646/835/835 851/836/836 1075/837/837 850/838/838
f 850/838/838 1075/837/837 846/839/839 643/840/840
f 1075/837/837 849/841/841 644/842/842 846/839/839
f 851/836/836 645/843/843 849/841/841 1075/837/837
f 641/844/844 845/845/845 1076/846/846 848/847/847
f 848/847/847 1076/846/846 851/836/836 646/835/835
f 1076/846/846 847/848/848 645/843/843 851/836/836
f 845/845/845 642/849/849 847/848/848 1076/846/846
f 662/850/850 880/851/851 1077/852/852 888/853/853
f 888/853/853 1077/852/852 873/854/854 661/855/855
f 1077/852/852 870/856/856 658/857/857 873/854/854
f 880/851/851 655/858/858 870/856/856 1077/852/852
f 660/859/859 878/860/860 1078/861/861 887/862/862
f 887/862/862 1078/861/861 858/863/863 659/864/864
f 1078/861/861 865/865/865 654/866/866 858/863/863
f 878/860/860 653/867/867 865/865/865 1078/861/861
f 643/840/840 860/868/868 1079/869/869 850/838/838
f 850/838/838 1079/869/869 859/870/870 646/835/835
f 1079/869/869 857/871/871 652/872/872 859/870/870
f 860/868/868 649/873/873 857/871/871 1079/869/869
f 646/835/835 859/870/870 1080/874/874 848/847/847
f 848/847/847 1080/874/874 861/875/875 641/844/844
f 1080/874/874 855/876/876 647/877/877 861/875/875
f 859/870/870 652/872/872 855/876/876 1080/874/874
f 644/842/842 862/878/878 1081/879/879 846/839/839
f 846/839/839 1081/879/879 860/868/868 643/840/840
f 1081/879/879 853/880/880 649/873/873 860/868/868
f 862/878/878 650/881/881 853/880/880 1081/879/879
f 645/843/843 863/882/882 1082/883/883 849/841/841
f 849/841/841 1082/883/883 862/878/878 644/842/842
f 1082/883/883 856/884/884 650/881/881 862/878/878
f 863/882/882 651/885/885 856/884/884 1082/883/883
f 642/849/849 864/886/886 1083/887/887 847/848/848
f 847/848/848 1083/887/887 863/882/882 645/843/843
f 1083/887/887 854/888/888 651/885/885 863/882/882
f 864/886/886 648/889/889 854/888/888 1083/887/887
f 641/844/844 861/875/875 1084/890/890 845/845/845
f 845/845/845 1084/890/890 864/886/886 642/849/849
f 1084/890/890 852/891/891 648/889/889 864/886/886
f 861/875/875 647/877/877 852/891/891 1084/890/890
f 658/857/857 871/892/892 1085/893/893 868/894/894
f 868/894/894 1085/893/893 897/895/895 653/867/867
f 1085/893/893 892/896/896 665/897/897 897/895/895
f 871/892/892 670/898/898 892/896/896 1085/893/893
f 655/858/858 896/899/899 1086/900/900 870/856/856
f 870/856/856 1086/900/900 871/892/892 658/857/857
f 1086/900/900 894/901/901 670/898/898 871/892/892
f 896/899/899 667/902/902 894/901/901 1086/900/900
f 661/855/855 873/854/854 1087/903/903 886/904/904
f 886/904/904 1087/903/903 878/860/860 660/859/859
f 1087/903/903 868/894/894 653/867/867 878/860/860
f 873/854/854 658/857/857 868/894/894 1087/903/903
f 663/905/905 881/906/906 1088/907/907 885/908/908
f 885/908/908 1088/907/907 880/851/851 662/850/850
f 1088/907/907 866/909/909 655/858/858 880/851/851
f 881/906/906 656/910/910 866/909/909 1088/907/907
f 664/911/911 882/912/912 1089/913/913 884/914/914
f 884/914/914 1089/913/913 881/906/906 663/905/905
f 1089/913/913 869/915/915 656/910/910 881/906/906
f 882/912/912 657/916/916 869/915/915 1089/913/913
f 659/864/864 858/863/863 1090/917/917 883/918/918
f 883/918/918 1090/917/917 882/912/912 664/911/911
f 1090/917/917 867/919/919 657/916/916 882/912/912
f 858/863/863 654/866/866 867/919/919 1090/917/917
f 648/889/889 877/920/920 1091/921/921 854/888/888
f 854/888/888 1091/921/921 876/922/922 651/885/885
f 1091/921/921 883/918/918 664/911/911 876/922/922
f 877/920/920 659/864/864 883/918/918 1091/921/921
f 651/885/885 876/922/922 1092/923/923 856/884/884
f 856/884/884 1092/923/923 875/924/924 650/881/881
f 1092/923/923 884/914/914 663/905/905 875/924/924
f 876/922/922 664/911/911 884/914/914 1092/923/923
f 650/881/881 875/924/924 1093/925/925 853/880/880
f 853/880/880 1093/925/925 874/926/926 649/873/873
f 1093/925/925 885/908/908 662/850/850 874/926/926
f 875/924/924 663/905/905 885/908/908 1093/925/925
f 652/872/872 879/927/927 1094/928/928 855/876/876
f 855/876/876 1094/928/928 872/929/929 647/877/877
f 1094/928/928 886/904/904 660/859/859 872/929/929
f 879/927/927 661/855/855 886/904/904 1094/928/928
f 647/877/877 872/929/929 1095/930/930 852/891/891
f 852/891/891 1095/930/930 877/920/920 648/889/889
f 1095/930/930 887/862/862 659/864/864 877/920/920
f 872/929/929 660/859/859 887/862/862 1095/930/930
f 649/873/873 874/926/926 1096/931/931 857/871/871
f 857/871/871 1096/931/931 879/927/927 652/872/872
f 1096/931/931 888/853/853 661/855/855 879/927/927
f 874/926/926 662/850/850 888/853/853 1096/931/931
f 677/932/932 895/933/933 1097/934/934 924/935/935
f 924/935/935 1097/934/934 909/936/936 679/937/937
f 1097/934/934 904/938/938 671/939/939 909/936/936
f 895/933/933 676/940/940 904/938/938 1097/934/934
f 678/941/941 914/942/942 1098/943/943 923/944/944
f 923/944/944 1098/943/943 895/933/933 677/932/932
f 1098/943/943 906/945/945 676/940/940 895/933/933
f 914/942/942 673/946/946 906/945/945 1098/943/943
f 656/910/910 898/947/947 1099/948/948 866/909/909
f 866/909/909 1099/948/948 896/899/899 655/858/858
f 1099/948/948 890/949/949 667/902/902 896/899/899
f 898/947/947 668/950/950 890/949/949 1099/948/948
f 657/916/916 899/951/951 1100/952/952 869/915/915
f 869/915/915 1100/952/952 898/947/947 656/910/910
f 1100/952/952 893/953/953 668/950/950 898/947/947
f 899/951/951 669/954/954 893/953/953 1100/952/952
f 654/866/866 900/955/955 1101/956/956 867/919/919
f 867/919/919 1101/956/956 899/951/951 657/916/916
f 1101/956/956 891/957/957 669/954/954 899/951/951
f 900/955/955 666/958/958 891/957/957 1101/956/956
f 653/867/867 897/895/895 1102/959/959 865/865/865
f 865/865/865 1102/959/959 900/955/955 654/866/866
f 1102/959/959 889/960/960 666/958/958 900/955/955
f 897/895/895 665/897/897 889/960/960 1102/959/959
f 672/961/961 933/962/962 1103/963/963 903/964/964
f 903/964/964 1103/963/963 932/965/965 675/966/966
f 1103/963/963 927/967/967 687/968/968 932/965/965
f 933/962/962 684/969/969 927/967/967 1103/963/963
f 675/966/966 932/965/965 1104/970/970 905/971/971
f 905/971/971 1104/970/970 907/972/972 674/973/973
f 1104/970/970 929/974/974 686/975/975 907/972/972
f 932/965/965 687/968/968 929/974/974 1104/970/970
f 680/976/976 916/977/977 1105/978/978 922/979/979
f 922/979/979 1105/978/978 914/942/942 678/941/941
f 1105/978/978 902/980/980 673/946/946 914/942/942
f 916/977/977 674/973/973 902/980/980 1105/978/978
f 681/981/981 917/982/982 1106/983/983 921/984/984
f 921/984/984 1106/983/983 916/977/977 680/976/976
f 1106/983/983 905/971/971 674/973/973 916/977/977
f 917/982/982 675/966/966 905/971/971 1106/983/983
f 682/985/985 918/986/986 1107/987/987 920/988/988
f 920/988/988 1107/987/987 917/982/982 681/981/981
f 1107/987/987 903/964/964 675/966/966 917/982/982
f 918/986/986 672/961/961 903/964/964 1107/987/987
f 679/937/937 909/936/936 1108/989/989 919/990/990
f 919/990/990 1108/989/989 918/986/986 682/985/985
f 1108/989/989 901/991/991 672/961/961 918/986/986
f 909/936/936 671/939/939 901/991/991 1108/989/989
f 665/897/897 915/992/992 1109/993/993 889/960/960
f 889/960/960 1109/993/993 912/994/994 666/958/958
f 1109/993/993 919/990/990 682/985/985 912/994/994
f 915/992/992 679/937/937 919/990/990 1109/993/993
f 666/958/958 912/994/994 1110/995/995 891/957/957
f 891/957/957 1110/995/995 911/996/996 669/954/954
f 1110/995/995 920/988/988 681/981/981 911/996/996
f 912/994/994 682/985/985 920/988/988 1110/995/995
f 669/954/954 911/996/996 1111/997/997 893/953/953
f 893/953/953 1111/997/997 910/998/998 668/950/950
f 1111/997/997 921/984/984 680/976/976 910/998/998
f 911/996/996 681/981/981 921/984/984 1111/997/997
f 668/950/950 910/998/998 1112/999/999 890/949/949
f 890/949/949 1112/999/999 908/1000/1000 667/902/902
f 1112/999/999 922/979/979 678/941/941 908/1000/1000
f 910/998/998 680/976/976 922/979/979 1112/999/999
f 667/902/902 908/1000/1000 1113/1001/1001 894/901/901
f 894/901/901 1113/1001/1001 913/1002/1002 670/898/898
f 1113/1001/1001 923/944/944 677/932/932 913/1002/1002
f 908/1000/1000 678/941/941 923/944/944 1113/1001/1001
f 670/898/898 913/1002/1002 1114/1003/1003 892/896/896
f 892/896/896 1114/1003/1003 915/992/992 665/897/897
f 1114/1003/1003 924/935/935 679/937/937 915/992/992
f 913/1002/1002 677/932/932 924/935/935 1114/1003/1003
f 703/1004/1004 963/1005/1005 1115/1006/1006 972/1007/1007
f 972/1007/1007 1115/1006/1006 962/1008/1008 702/1009/1009
f 1115/1006/1006 939/1010/1010 693/1011/1011 962/1008/1008
f 963/1005/1005 690/1012/1012 939/1010/1010 1115/1006/1006
f 702/1009/1009 962/1008/1008 1116/1013/1013 971/1014/1014
f 971/1014/1014 1116/1013/1013 931/1015/1015 701/1016/1016
f 1116/1013/1013 941/1017/1017 692/1018/1018 931/1015/1015
f 962/1008/1008 693/1011/1011 941/1017/1017 1116/1013/1013
f 671/939/939 934/1019/1019 1117/1020/1020 901/991/991
f 901/991/991 1117/1020/1020 933/962/962 672/961/961
f 1117/1020/1020 925/1021/1021 684/969/969 933/962/962
f 934/1019/1019 683/1022/1022 925/1021/1021 1117/1020/1020
f 673/946/946 936/1023/1023 1118/1024/1024 906/945/945
f 906/945/945 1118/1024/1024 935/1025/1025 676/940/940
f 1118/1024/1024 930/1026/1026 688/1027/1027 935/1025/1025
f 936/1023/1023 685/1028/1028 930/1026/1026 1118/1024/1024
f 676/940/940 935/1025/1025 1119/1029/1029 904/938/938
f 904/938/938 1119/1029/1029 934/1019/1019 671/939/939
f 1119/1029/1029 928/1030/1030 683/1022/1022 934/1019/1019
f 935/1025/1025 688/1027/1027 928/1030/1030 1119/1029/1029
f 674/973/973 907/972/972 1120/1031/1031 902/980/980
f 902/980/980 1120/1031/1031 936/1023/1023 673/946/946
f 1120/1031/1031 926/1032/1032 685/1028/1028 936/1023/1023
f 907/972/972 686/975/975 926/1032/1032 1120/1031/1031
f 694/1033/1033 943/1034/1034 1121/1035/1035 940/1036/1036
f 940/1036/1036 1121/1035/1035 957/1037/1037 689/1038/1038
f 1121/1035/1035 952/1039/1039 695/1040/1040 957/1037/1037
f 943/1034/1034 700/1041/1041 952/1039/1039 1121/1035/1035
f 691/1042/1042 956/1043/1043 1122/1044/1044 942/1045/1045
f 942/1045/1045 1122/1044/1044 943/1034/1034 694/1033/1033
f 1122/1044/1044 954/1046/1046 700/1041/1041 943/1034/1034
f 956/1043/1043 697/1047/1047 954/1046/1046 1122/1044/1044
f 704/1048/1048 964/1049/1049 1123/1050/1050 970/1051/1051
f 970/1051/1051 1123/1050/1050 963/1005/1005 703/1004/1004
f 1123/1050/1050 937/1052/1052 690/1012/1012 963/1005/1005
f 964/1049/1049 689/1038/1038 937/1052/1052 1123/1050/1050
f 706/1053/1053 966/1054/1054 1124/1055/1055 969/1056/1056
f 969/1056/1056 1124/1055/1055 947/1057/1057 705/1058/1058
f 1124/1055/1055 942/1045/1045 694/1033/1033 947/1057/1057
f 966/1054/1054 691/1042/1042 942/1045/1045 1124/1055/1055
f 705/1058/1058 947/1057/1057 1125/1059/1059 968/1060/1060
f 968/1060/1060 1125/1059/1059 964/1049/1049 704/1048/1048
f 1125/1059/1059 940/1036/1036 689/1038/1038 964/1049/1049
f 947/1057/1057 694/1033/1033 940/1036/1036 1125/1059/1059
f 701/1016/1016 931/1015/1015 1126/1061/1061 967/1062/1062
f 967/1062/1062 1126/1061/1061 966/1054/1054 706/1053/1053
f 1126/1061/1061 938/1063/1063 691/1042/1042 966/1054/1054
f 931/1015/1015 692/1018/1018 938/1063/1063 1126/1061/1061
f 696/1064/1064 981/1065/1065 1127/1066/1066 951/1067/1067
f 951/1067/1067 1127/1066/1066 980/1068/1068 699/1069/1069
f 1127/1066/1066 975/1070/1070 711/1071/1071 980/1068/1068
f 981/1065/1065 708/1072/1072 975/1070/1070 1127/1066/1066
f 699/1069/1069 980/1068/1068 1128/1073/1073 953/1074/1074
f 953/1074/1074 1128/1073/1073 955/1075/1075 698/1076/1076
f 1128/1073/1073 977/1077/1077 710/1078/1078 955/1075/1075
f 980/1068/1068 711/1071/1071 977/1077/1077 1128/1073/1073
f 692/1018/1018 958/1079/1079 1129/1080/1080 938/1063/1063
f 938/1063/1063 1129/1080/1080 956/1043/1043 691/1042/1042
f 1129/1080/1080 950/1081/1081 697/1047/1047 956/1043/1043
f 958/1079/1079 698/1076/1076 950/1081/1081 1129/1080/1080
f 693/1011/1011 959/1082/1082 1130/1083/1083 941/1017/1017
f 941/1017/1017 1130/1083/1083 958/1079/1079 692/1018/1018
f 1130/1083/1083 953/1074/1074 698/1076/1076 958/1079/1079
f 959/1082/1082 699/1069/1069 953/1074/1074 1130/1083/1083
f 690/1012/1012 960/1084/1084 1131/1085/1085 939/1010/1010
f 939/1010/1010 1131/1085/1085 959/1082/1082 693/1011/1011
f 1131/1085/1085 951/1067/1067 699/1069/1069 959/1082/1082
f 960/1084/1084 696/1064/1064 951/1067/1067 1131/1085/1085
f 689/1038/1038 957/1037/1037 1132/1086/1086 937/1052/1052
f 937/1052/1052 1132/1086/1086 960/1084/1084 690/1012/1012
f 1132/1086/1086 949/1087/1087 696/1064/1064 960/1084/1084
f 957/1037/1037 695/1040/1040 949/1087/1087 1132/1086/1086
f 686/975/975 961/1088/1088 1133/1089/1089 926/1032/1032
f 926/1032/1032 1133/1089/1089 948/1090/1090 685/1028/1028
f 1133/1089/1089 967/1062/1062 706/1053/1053 948/1090/1090
f 961/1088/1088 701/1016/1016 967/1062/1062 1133/1089/1089
f 688/1027/1027 965/1091/1091 1134/1092/1092 928/1030/1030
f 928/1030/1030 1134/1092/1092 946/1093/1093 683/1022/1022
f 1134/1092/1092 968/1060/1060 704/1048/1048 946/1093/1093
f 965/1091/1091 705/1058/1058 968/1060/1060 1134/1092/1092
f 685/1028/1028 948/1090/1090 1135/1094/1094 930/1026/1026
f 930/1026/1026 1135/1094/1094 965/1091/1091 688/1027/1027
f 1135/1094/1094 969/1056/1056 705/1058/1058 965/1091/1091
f 948/1090/1090 706/1053/1053 969/1056/1056 1135/1094/1094
f 683/1022/1022 946/1093/1093 1136/1095/1095 925/1021/1021
f 925/1021/1021 1136/1095/1095 945/1096/1096 684/969/969
f 1136/1095/1095 970/1051/1051 703/1004/1004 945/1096/1096
f 946/1093/1093 704/1048/1048 970/1051/1051 1136/1095/1095
f 687/968/968 944/1097/1097 1137/1098/1098 929/974/974
f 929/974/974 1137/1098/1098 961/1088/1088 686/975/975
f 1137/1098/1098 971/1014/1014 701/1016/1016 961/1088/1088
f 944/1097/1097 702/1009/1009 971/1014/1014 1137/1098/1098
f 684/969/969 945/1096/1096 1138/1099/1099 927/967/967
f 927/967/967 1138/1099/1099 944/1097/1097 687/968/968
f 1138/1099/1099 972/1007/1007 702/1009/1009 944/1097/1097
f 945/1096/1096 703/1004/1004 972/1007/1007 1138/1099/1099
f 712/1100/1100 978/1101/1101 1139/1102/1102 979/1103/1103
f 979/1103/1103 1139/1102/1102 977/1077/1077 711/1071/1071
f 1139/1102/1102 974/1104/1104 710/1078/1078 977/1077/1077
f 978/1101/1101 709/1105/1105 974/1104/1104 1139/1102/1102
f 707/1106/1106 976/1107/1107 1140/1108/1108 973/1109/1109
f 973/1109/1109 1140/1108/1108 975/1070/1070 708/1072/1072
f 1140/1108/1108 979/1103/1103 711/1071/1071 975/1070/1070
f 976/1107/1107 712/1100/1100 979/1103/1103 1140/1108/1108
f 695/1040/1040 982/1110/1110 1141/1111/1111 949/1087/1087
f 949/1087/1087 1141/1111/1111 981/1065/1065 696/1064/1064
f 1141/1111/1111 973/1109/1109 708/1072/1072 981/1065/1065
f 982/1110/1110 707/1106/1106 973/1109/1109 1141/1111/1111
f 697/1047/1047 984/1112/1112 1142/1113/1113 954/1046/1046
f 954/1046/1046 1142/1113/1113 983/1114/1114 700/1041/1041
f 1142/1113/1113 978/1101/1101 712/1100/1100 983/1114/1114
f 984/1112/1112 709/1105/1105 978/1101/1101 1142/1113/1113
f 700/1041/1041 983/1114/1114 1143/1115/1115 952/1039/1039
f 952/1039/1039 1143/1115/1115 982/1110/1110 695/1040/1040
f 1143/1115/1115 976/1107/1107 707/1106/1106 982/1110/1110
f 983/1114/1114 712/1100/1100 976/1107/1107 1143/1115/1115
f 698/1076/1076 955/1075/1075 1144/1116/1116 950/1081/1081
f 950/1081/1081 1144/1116/1116 984/1112/1112 697/1047/1047
f 1144/1116/1116 974/1104/1104 709/1105/1105 984/1112/1112
f 955/1075/1075 710/1078/1078 974/1104/1104 1144/1116/1116
f 636/1117/1117 991/1118/1118 1145/1119/1119 985/1120/1120
f 985/1120/1120 1145/1119/1119 992/1121/1121 635/1122/1122
f 1145/1119/1119 833/832/832 713/797/797 992/1121/1121
f 991/1118/1118 714/830/830 833/832/832 1145/1119/1119
f 637/820/820 993/1123/1123 1146/1124/1124 986/818/818
f 986/818/818 1146/1124/1124 994/1125/1125 638/813/813
f 1146/1124/1124 834/787/787 716/789/789 994/1125/1125
f 993/1123/1123 715/788/788 834/787/787 1146/1124/1124
f 639/808/808 995/1126/1126 1147/1127/1127 987/1128/1128
f 987/1128/1128 1147/1127/1127 991/1118/1118 636/1117/1117
f 1147/1127/1127 835/829/829 714/830/830 991/1118/1118
f 995/1126/1126 717/826/826 835/829/829 1147/1127/1127
f 635/1122/1122 992/1121/1121 1148/1129/1129 988/1130/1130
f 988/1130/1130 1148/1129/1129 996/1131/1131 640/1132/1132
f 1148/1129/1129 836/796/796 718/798/798 996/1131/1131
f 992/1121/1121 713/797/797 836/796/796 1148/1129/1129
f 638/813/813 994/1125/1125 1149/1133/1133 989/811/811
f 989/811/811 1149/1133/1133 995/1126/1126 639/808/808
f 1149/1133/1133 837/825/825 717/826/826 995/1126/1126
f 994/1125/1125 716/789/789 837/825/825 1149/1133/1133
f 640/1132/1132 996/1131/1131 1150/1134/1134 990/1135/1135
f 990/1135/1135 1150/1134/1134 993/1123/1123 637/820/820
f 1150/1134/1134 838/834/834 715/788/788 993/1123/1123
f 996/1131/1131 718/798/798 838/834/834 1150/1134/1134
f 720/1136/1136 1003/1137/1137 1151/1138/1138 997/1139/1139
f 997/1139/1139 1151/1138/1138 1002/814/814 719/816/816
f 1151/1138/1138 999/821/821 724/815/815 1002/814/814
f 1003/1137/1137 723/822/822 999/821/821 1151/1138/1138
f 721/1140/1140 1001/1141/1141 1152/1142/1142 998/1143/1143
f 998/1143/1143 1152/1142/1142 1000/1144/1144 722/1145/1145
f 1152/1142/1142 997/1139/1139 719/816/816 1000/1144/1144
f 1001/1141/1141 720/1136/1136 997/1139/1139 1152/1142/1142
f 636/1117/1117 1006/1146/1146 1153/1147/1147 987/1128/1128
f 987/1128/1128 1153/1147/1147 1005/809/809 639/808/808
f 1153/1147/1147 1000/1144/1144 719/816/816 1005/809/809
f 1006/1146/1146 722/1145/1145 1000/1144/1144 1153/1147/1147
f 635/1122/1122 1007/1148/1148 1154/1149/1149 985/1120/1120
f 985/1120/1120 1154/1149/1149 1006/1146/1146 636/1117/1117
f 1154/1149/1149 998/1143/1143 722/1145/1145 1006/1146/1146
f 1007/1148/1148 721/1140/1140 998/1143/1143 1154/1149/1149
f 637/820/820 839/819/819 1155/1150/1150 990/1135/1135
f 990/1135/1135 1155/1150/1150 1008/1151/1151 640/1132/1132
f 1155/1150/1150 1003/1137/1137 720/1136/1136 1008/1151/1151
f 839/819/819 723/822/822 1003/1137/1137 1155/1150/1150
f 640/1132/1132 1008/1151/1151 1156/1152/1152 988/1130/1130
f 988/1130/1130 1156/1152/1152 1007/1148/1148 635/1122/1122
f 1156/1152/1152 1001/1141/1141 721/1140/1140 1007/1148/1148
f 1008/1151/1151 720/1136/1136 1001/1141/1141 1156/1152/1152
f 603/637/637 1012/1153/1153 1157/1154/1154 766/671/671
f 766/671/671 1157/1154/1154 779/1155/1155 602/672/672
f 1157/1154/1154 1013/701/701 727/688/688 779/1155/1155
f 1012/1153/1153 728/697/697 1013/701/701 1157/1154/1154
f 604/638/638 1009/1156/1156 1158/1157/1157 768/636/636
f 768/636/636 1158/1157/1157 1012/1153/1153 603/637/637
f 1158/1157/1157 1014/695/695 728/697/697 1012/1153/1153
f 1009/1156/1156 725/665/665 1014/695/695 1158/1157/1157
f 602/672/672 779/1155/1155 1159/1158/1158 765/678/678
f 765/678/678 1159/1158/1158 778/1159/1159 601/676/676
f 1159/1158/1158 1015/691/691 726/660/660 778/1159/1159
f 779/1155/1155 727/688/688 1015/691/691 1159/1158/1158
f 601/676/676 778/1159/1159 1160/1160/1160 767/675/675
f 767/675/675 1160/1160/1160 1009/1156/1156 604/638/638
f 1160/1160/1160 1016/663/663 725/665/665 1009/1156/1156
f 778/1159/1159 726/660/660 1016/663/663 1160/1160/1160
f 1222/1161/1161 1162/1162/1162 1164/1163/1163 1223/1164/1164
f 1223/1164/1164 1164/1163/1163 1166/1165/1165 1224/1166/1166
f 1224/1166/1166 1166/1165/1165 1168/1167/1167 1225/1168/1168
f 1225/1168/1168 1168/1167/1167 1170/1169/1169 1226/1170/1170
f 1226/1170/1170 1170/1169/1169 1172/1171/1171 1227/1172/1172
f 1227/1172/1172 1172/1171/1171 1174/1173/1173 1228/1174/1174
f 1228/1174/1174 1174/1173/1173 1176/1173/1175 1229/1175/1176
f 1229/1175/1176 1176/1173/1175 1178/1176/1177 1230/1177/1178
f 1161/1178/1179 1259/1179/1180 1234/1180/1181 1163/1181/1182
f 1230/1177/1178 1178/1176/1177 1180/1176/1183 1231/1182/1184
f 1231/1182/1184 1180/1176/1183 1162/1162/1162 1222/1161/1161
f 1265/1183/1185 1264/1184/1186 1188/1185/1187 1187/1186/1188
f 1295/1187/1189 1294/1188/1190 1198/1189/1191 1197/1190/1192
f 1268/1191/1193 1265/1183/1185 1187/1186/1188 1186/1192/1194
f 1271/1193/1195 1268/1191/1193 1186/1192/1194 1185/1194/1196
f 1274/1195/1197 1271/1193/1195 1185/1194/1196 1184/1196/1198
f 1280/1197/1199 1279/1198/1200 1182/1199/1201 1181/1200/1202
f 1283/1201/1203 1274/1195/1197 1184/1196/1198 1183/1202/1204
f 1279/1198/1200 1283/1201/1203 1183/1202/1204 1182/1199/1201
f 1286/1203/1205 1280/1197/1199 1181/1200/1202 1190/1204/1206
f 1289/1205/1207 1286/1203/1205 1190/1204/1206 1189/1206/1208
f 1264/1184/1186 1289/1205/1207 1189/1206/1208 1188/1185/1187
f 1325/1207/1209 1324/1208/1210 1205/1209/1211 1204/1210/1212
f 1301/1211/1213 1300/1212/1214 1195/1213/1215 1194/1214/1216
f 1307/1215/1217 1306/1216/1218 1192/1217/1219 1191/1218/1220
f 1294/1188/1190 1312/1219/1221 1199/1220/1222 1198/1189/1191
f 1300/1212/1214 1315/1221/1223 1196/1222/1224 1195/1213/1215
f 1306/1216/1218 1318/1223/1225 1193/1224/1226 1192/1217/1219
f 1312/1219/1221 1321/1225/1227 1200/1226/1228 1199/1220/1222
f 1315/1221/1223 1295/1187/1189 1197/1190/1192 1196/1222/1224
f 1318/1223/1225 1301/1211/1213 1194/1214/1216 1193/1224/1226
f 1321/1225/1227 1307/1215/1217 1191/1218/1220 1200/1226/1228
f 1201/1227/1229 1202/1228/1230 1212/1229/1231 1211/1230/1232
f 1331/1231/1233 1330/1232/1234 1202/1228/1230 1201/1227/1229
f 1337/1233/1235 1336/1234/1236 1209/1235/1237 1208/1236/1238
f 1324/1208/1210 1342/1237/1239 1206/1238/1240 1205/1209/1211
f 1330/1232/1234 1345/1239/1241 1203/1240/1242 1202/1228/1230
f 1336/1234/1236 1348/1241/1243 1210/1242/1244 1209/1235/1237
f 1342/1237/1239 1351/1243/1245 1207/1244/1246 1206/1238/1240
f 1345/1239/1241 1325/1207/1209 1204/1210/1212 1203/1240/1242
f 1348/1241/1243 1331/1231/1233 1201/1227/1229 1210/1242/1244
f 1351/1243/1245 1337/1233/1235 1208/1236/1238 1207/1244/1246
f 1218/1245/1247 1219/1246/1248 1221/1247/1249
f 1208/1236/1238 1209/1235/1237 1219/1246/1248 1218/1245/1247
f 1205/1209/1211 1206/1238/1240 1216/1248/1250 1215/1249/1251
f 1202/1228/1230 1203/1240/1242 1213/1247/1252 1212/1229/1231
f 1209/1235/1237 1210/1242/1244 1220/1250/1253 1219/1246/1248
f 1206/1238/1240 1207/1244/1246 1217/1251/1254 1216/1248/1250
f 1203/1240/1242 1204/1210/1212 1214/1252/1255 1213/1247/1252
f 1210/1242/1244 1201/1227/1229 1211/1230/1232 1220/1250/1253
f 1207/1244/1246 1208/1236/1238 1218/1245/1247 1217/1251/1254
f 1204/1210/1212 1205/1209/1211 1215/1249/1251 1214/1252/1255
f 1215/1249/1251 1216/1248/1250 1221/1247/1249
f 1212/1229/1231 1213/1247/1252 1221/1247/1249
f 1219/1246/1248 1220/1250/1253 1221/1247/1249
f 1216/1248/1250 1217/1251/1254 1221/1247/1249
f 1213/1247/1252 1214/1252/1255 1221/1247/1249
f 1220/1250/1253 1211/1230/1232 1221/1247/1249
f 1217/1251/1254 1218/1245/1247 1221/1247/1249
f 1214/1252/1255 1215/1249/1251 1221/1247/1249
f 1211/1230/1232 1212/1229/1231 1221/1247/1249
f 1256/1253/1256 1231/1182/1184 1222/1161/1161 1261/1254/1257
f 1253/1255/1258 1230/1177/1178 1231/1182/1184 1256/1253/1256
f 1250/1256/1259 1229/1175/1176 1230/1177/1178 1253/1255/1258
f 1247/1257/1260 1228/1174/1174 1229/1175/1176 1250/1256/1259
f 1244/1258/1261 1227/1172/1172 1228/1174/1174 1247/1257/1260
f 1241/1259/1262 1226/1170/1170 1227/1172/1172 1244/1258/1261
f 1238/1260/1263 1225/1168/1168 1226/1170/1170 1241/1259/1262
f 1235/1261/1264 1224/1166/1166 1225/1168/1168 1238/1260/1263
f 1232/1262/1265 1223/1164/1164 1224/1166/1166 1235/1261/1264
f 1261/1254/1257 1222/1161/1161 1223/1164/1164 1232/1262/1265
f 1259/1179/1180 1260/1263/1266 1233/1264/1267 1234/1180/1181
f 1260/1263/1266 1261/1254/1257 1232/1262/1265 1233/1264/1267
f 1163/1181/1182 1234/1180/1181 1237/1265/1268 1165/1266/1269
f 1234/1180/1181 1233/1264/1267 1236/1267/1270 1237/1265/1268
f 1233/1264/1267 1232/1262/1265 1235/1261/1264 1236/1267/1270
f 1165/1266/1269 1237/1265/1268 1240/1268/1271 1167/1269/1272
f 1237/1265/1268 1236/1267/1270 1239/1270/1273 1240/1268/1271
f 1236/1267/1270 1235/1261/1264 1238/1260/1263 1239/1270/1273
f 1167/1269/1272 1240/1268/1271 1243/1271/1274 1169/1272/1275
f 1240/1268/1271 1239/1270/1273 1242/1273/1276 1243/1271/1274
f 1239/1270/1273 1238/1260/1263 1241/1259/1262 1242/1273/1276
f 1169/1272/1275 1243/1271/1274 1246/1274/1277 1171/1275/1278
f 1243/1271/1274 1242/1273/1276 1245/1276/1279 1246/1274/1277
f 1242/1273/1276 1241/1259/1262 1244/1258/1261 1245/1276/1279
f 1171/1275/1278 1246/1274/1277 1249/1277/1280 1173/1278/1281
f 1246/1274/1277 1245/1276/1279 1248/1279/1282 1249/1277/1280
f 1245/1276/1279 1244/1258/1261 1247/1257/1260 1248/1279/1282
f 1173/1278/1281 1249/1277/1280 1252/1280/1283 1175/1281/1284
f 1249/1277/1280 1248/1279/1282 1251/1282/1285 1252/1280/1283
f 1248/1279/1282 1247/1257/1260 1250/1256/1259 1251/1282/1285
f 1175/1281/1284 1252/1280/1283 1255/1283/1286 1177/1284/1287
f 1252/1280/1283 1251/1282/1285 1254/1285/1288 1255/1283/1286
f 1251/1282/1285 1250/1256/1259 1253/1255/1258 1254/1285/1288
f 1177/1284/1287 1255/1283/1286 1258/1286/1289 1179/1287/1290
f 1255/1283/1286 1254/1285/1288 1257/1288/1291 1258/1286/1289
f 1254/1285/1288 1253/1255/1258 1256/1253/1256 1257/1288/1291
f 1179/1287/1290 1258/1286/1289 1259/1179/1180 1161/1178/1179
f 1258/1286/1289 1257/1288/1291 1260/1263/1266 1259/1179/1180
f 1257/1288/1291 1256/1253/1256 1261/1254/1257 1260/1263/1266
f 1175/1281/1284 1177/1284/1287 1291/1289/1292 1262/1290/1293
f 1262/1290/1293 1291/1289/1292 1290/1291/1294 1263/1292/1295
f 1263/1292/1295 1290/1291/1294 1289/1205/1207 1264/1184/1186
f 1177/1284/1287 1179/1287/1290 1288/1293/1296 1291/1289/1292
f 1291/1289/1292 1288/1293/1296 1287/1294/1297 1290/1291/1294
f 1290/1291/1294 1287/1294/1297 1286/1203/1205 1289/1205/1207
f 1179/1287/1290 1161/1178/1179 1282/1295/1298 1288/1293/1296
f 1288/1293/1296 1282/1295/1298 1281/1296/1299 1287/1294/1297
f 1287/1294/1297 1281/1296/1299 1280/1197/1199 1286/1203/1205
f 1163/1181/1182 1165/1266/1269 1285/1297/1300 1277/1298/1301
f 1277/1298/1301 1285/1297/1300 1284/1299/1302 1278/1300/1303
f 1278/1300/1303 1284/1299/1302 1283/1201/1203 1279/1198/1200
f 1165/1266/1269 1167/1269/1272 1276/1301/1304 1285/1297/1300
f 1285/1297/1300 1276/1301/1304 1275/1302/1305 1284/1299/1302
f 1284/1299/1302 1275/1302/1305 1274/1195/1197 1283/1201/1203
f 1161/1178/1179 1163/1181/1182 1277/1298/1301 1282/1295/1298
f 1282/1295/1298 1277/1298/1301 1278/1300/1303 1281/1296/1299
f 1281/1296/1299 1278/1300/1303 1279/1198/1200 1280/1197/1199
f 1167/1269/1272 1169/1272/1275 1273/1303/1306 1276/1301/1304
f 1276/1301/1304 1273/1303/1306 1272/1304/1307 1275/1302/1305
f 1275/1302/1305 1272/1304/1307 1271/1193/1195 1274/1195/1197
f 1169/1272/1275 1171/1275/1278 1270/1305/1308 1273/1303/1306
f 1273/1303/1306 1270/1305/1308 1269/1306/1309 1272/1304/1307
f 1272/1304/1307 1269/1306/1309 1268/1191/1193 1271/1193/1195
f 1171/1275/1278 1173/1278/1281 1267/1307/1310 1270/1305/1308
f 1270/1305/1308 1267/1307/1310 1266/1308/1311 1269/1306/1309
f 1269/1306/1309 1266/1308/1311 1265/1183/1185 1268/1191/1193
f 1173/1278/1281 1175/1281/1284 1262/1290/1293 1267/1307/1310
f 1267/1307/1310 1262/1290/1293 1263/1292/1295 1266/1308/1311
f 1266/1308/1311 1263/1292/1295 1264/1184/1186 1265/1183/1185
f 1190/1204/1206 1181/1200/1202 1309/1309/1312 1319/1310/1313
f 1319/1310/1313 1309/1309/1312 1308/1311/1314 1320/1312/1315
f 1320/1312/1315 1308/1311/1314 1307/1215/1217 1321/1225/1227
f 1183/1202/1204 1184/1196/1198 1303/1313/1316 1316/1314/1317
f 1316/1314/1317 1303/1313/1316 1302/1315/1318 1317/1316/1319
f 1317/1316/1319 1302/1315/1318 1301/1211/1213 1318/1223/1225
f 1186/1192/1194 1187/1186/1188 1297/1317/1320 1313/1318/1321
f 1313/1318/1321 1297/1317/1320 1296/1319/1322 1314/1320/1323
f 1314/1320/1323 1296/1319/1322 1295/1187/1189 1315/1221/1223
f 1189/1206/1208 1190/1204/1206 1319/1310/1313 1310/1321/1324
f 1310/1321/1324 1319/1310/1313 1320/1312/1315 1311/1322/1325
f 1311/1322/1325 1320/1312/1315 1321/1225/1227 1312/1219/1221
f 1182/1199/1201 1183/1202/1204 1316/1314/1317 1304/1323/1326
f 1304/1323/1326 1316/1314/1317 1317/1316/1319 1305/1324/1327
f 1305/1324/1327 1317/1316/1319 1318/1223/1225 1306/1216/1218
f 1185/1194/1196 1186/1192/1194 1313/1318/1321 1298/1325/1328
f 1298/1325/1328 1313/1318/1321 1314/1320/1323 1299/1326/1329
f 1299/1326/1329 1314/1320/1323 1315/1221/1223 1300/1212/1214
f 1188/1185/1187 1189/1206/1208 1310/1321/1324 1292/1327/1330
f 1292/1327/1330 1310/1321/1324 1311/1322/1325 1293/1328/1331
f 1293/1328/1331 1311/1322/1325 1312/1219/1221 1294/1188/1190
f 1181/1200/1202 1182/1199/1201 1304/1323/1326 1309/1309/1312
f 1309/1309/1312 1304/1323/1326 1305/1324/1327 1308/1311/1314
f 1308/1311/1314 1305/1324/1327 1306/1216/1218 1307/1215/1217
f 1184/1196/1198 1185/1194/1196 1298/1325/1328 1303/1313/1316
f 1303/1313/1316 1298/1325/1328 1299/1326/1329 1302/1315/1318
f 1302/1315/1318 1299/1326/1329 1300/1212/1214 1301/1211/1213
f 1187/1186/1188 1188/1185/1187 1292/1327/1330 1297/1317/1320
f 1297/1317/1320 1292/1327/1330 1293/1328/1331 1296/1319/1322
f 1296/1319/1322 1293/1328/1331 1294/1188/1190 1295/1187/1189
f 1197/1190/1192 1198/1189/1191 1339/1329/1332 1349/1330/1333
f 1349/1330/1333 1339/1329/1332 1338/1331/1334 1350/1332/1335
f 1350/1332/1335 1338/1331/1334 1337/1233/1235 1351/1243/1245
f 1200/1226/1228 1191/1218/1220 1333/1333/1336 1346/1334/1337
f 1346/1334/1337 1333/1333/1336 1332/1335/1338 1347/1336/1339
f 1347/1336/1339 1332/1335/1338 1331/1231/1233 1348/1241/1243
f 1193/1224/1226 1194/1214/1216 1327/1337/1340 1343/1338/1341
f 1343/1338/1341 1327/1337/1340 1326/1339/1342 1344/1340/1343
f 1344/1340/1343 1326/1339/1342 1325/1207/1209 1345/1239/1241
f 1196/1222/1224 1197/1190/1192 1349/1330/1333 1340/1341/1344
f 1340/1341/1344 1349/1330/1333 1350/1332/1335 1341/1342/1345
f 1341/1342/1345 1350/1332/1335 1351/1243/1245 1342/1237/1239
f 1199/1220/1222 1200/1226/1228 1346/1334/1337 1334/1343/1346
f 1334/1343/1346 1346/1334/1337 1347/1336/1339 1335/1344/1347
f 1335/1344/1347 1347/1336/1339 1348/1241/1243 1336/1234/1236
f 1192/1217/1219 1193/1224/1226 1343/1338/1341 1328/1345/1348
f 1328/1345/1348 1343/1338/1341 1344/1340/1343 1329/1346/1349
f 1329/1346/1349 1344/1340/1343 1345/1239/1241 1330/1232/1234
f 1195/1213/1215 1196/1222/1224 1340/1341/1344 1322/1347/1350
f 1322/1347/1350 1340/1341/1344 1341/1342/1345 1323/1348/1351
f 1323/1348/1351 1341/1342/1345 1342/1237/1239 1324/1208/1210
f 1198/1189/1191 1199/1220/1222 1334/1343/1346 1339/1329/1332
f 1339/1329/1332 1334/1343/1346 1335/1344/1347 1338/1331/1334
f 1338/1331/1334 1335/1344/1347 1336/1234/1236 1337/1233/1235
f 1191/1218/1220 1192/1217/1219 1328/1345/1348 1333/1333/1336
f 1333/1333/1336 1328/1345/1348 1329/1346/1349 1332/1335/1338
f 1332/1335/1338 1329/1346/1349 1330/1232/1234 1331/1231/1233
f 1194/1214/1216 1195/1213/1215 1322/1347/1350 1327/1337/1340
f 1327/1337/1340 1322/1347/1350 1323/1348/1351 1326/1339/1342
f 1326/1339/1342 1323/1348/1351 1324/1208/1210 1325/1207/1209
f 1413/1349/1352 1353/1350/1353 1355/1351/1354 1414/1352/1355
f 1414/1352/1355 1355/1351/1354 1357/1353/1356 1415/1354/1357
f 1415/1354/1357 1357/1353/1356 1359/1355/1358 1416/1356/1359
f 1416/1356/1359 1359/1355/1358 1361/1357/1360 1417/1358/1361
f 1417/1358/1361 1361/1357/1360 1363/1359/1362 1418/1360/1363
f 1418/1360/1363 1363/1359/1362 1365/1361/1364 1419/1362/1365
f 1419/1362/1365 1365/1361/1364 1367/1363/1366 1420/1364/1367
f 1420/1364/1367 1367/1363/1366 1369/1365/1368 1421/1366/1369
f 1352/1367/1370 1450/1368/1371 1425/1369/1372 1354/1370/1373
f 1421/1366/1369 1369/1365/1368 1371/1371/1374 1422/1372/1375
f 1422/1372/1375 1371/1371/1374 1353/1350/1353 1413/1349/1352
f 1456/1373/1376 1455/1374/1377 1379/1375/1378 1378/1376/1379
f 1486/1377/1380 1485/1378/1381 1389/1379/1382 1388/1380/1383
f 1459/1381/1384 1456/1373/1376 1378/1376/1379 1377/1382/1385
f 1462/1383/1386 1459/1381/1384 1377/1382/1385 1376/1384/1387
f 1465/1385/1388 1462/1383/1386 1376/1384/1387 1375/1386/1389
f 1471/1387/1390 1470/1388/1391 1373/1389/1392 1372/1390/1393
f 1474/1391/1394 1465/1385/1388 1375/1386/1389 1374/1392/1395
f 1470/1388/1391 1474/1391/1394 1374/1392/1395 1373/1389/1392
f 1477/1393/1396 1471/1387/1390 1372/1390/1393 1381/1394/1397
f 1480/1395/1398 1477/1393/1396 1381/1394/1397 1380/1396/1399
f 1455/1374/1377 1480/1395/1398 1380/1396/1399 1379/1375/1378
f 1516/1397/1400 1515/1398/1401 1396/1399/1402 1395/1400/1403
f 1492/1401/1404 1491/1402/1405 1386/1403/1406 1385/1404/1407
f 1498/1405/1408 1497/1406/1409 1383/1407/1410 1382/1408/1411
f 1485/1378/1381 1503/1409/1412 1390/1410/1413 1389/1379/1382
f 1491/1402/1405 1506/1411/1414 1387/1412/1415 1386/1403/1406
f 1497/1406/1409 1509/1413/1416 1384/1414/1417 1383/1407/1410
f 1503/1409/1412 1512/1415/1418 1391/1416/1419 1390/1410/1413
f 1506/1411/1414 1486/1377/1380 1388/1380/1383 1387/1412/1415
f 1509/1413/1416 1492/1401/1404 1385/1404/1407 1384/1414/1417
f 1512/1415/1418 1498/1405/1408 1382/1408/1411 1391/1416/1419
f 1392/1417/1420 1393/1418/1421 1403/1419/1422 1402/1420/1423
f 1522/1421/1424 1521/1422/1425 1393/1418/1421 1392/1417/1420
f 1528/1423/1426 1527/1424/1427 1400/1425/1428 1399/1426/1429
f 1515/1398/1401 1533/1427/1430 1397/1428/1431 1396/1399/1402
f 1521/1422/1425 1536/1429/1432 1394/1430/1433 1393/1418/1421
f 1527/1424/1427 1539/1431/1434 1401/1432/1435 1400/1425/1428
f 1533/1427/1430 1542/1433/1436 1398/1434/1437 1397/1428/1431
f 1536/1429/1432 1516/1397/1400 1395/1400/1403 1394/1430/1433
f 1539/1431/1434 1522/1421/1424 1392/1417/1420 1401/1432/1435
f 1542/1433/1436 1528/1423/1426 1399/1426/1429 1398/1434/1437
f 1409/1435/1438 1410/1436/1439 1412/1437/1440
f 1399/1426/1429 1400/1425/1428 1410/1436/1439 1409/1435/1438
f 1396/1399/1402 1397/1428/1431 1407/1438/1441 1406/1439/1442
f 1393/1418/1421 1394/1430/1433 1404/1440/1443 1403/1419/1422
f 1400/1425/1428 1401/1432/1435 1411/1441/1444 1410/1436/1439
f 1397/1428/1431 1398/1434/1437 1408/1442/1445 1407/1438/1441
f 1394/1430/1433 1395/1400/1403 1405/1443/1446 1404/1440/1443
f 1401/1432/1435 1392/1417/1420 1402/1420/1423 1411/1441/1444
f 1398/1434/1437 1399/1426/1429 1409/1435/1438 1408/1442/1445
f 1395/1400/1403 1396/1399/1402 1406/1439/1442 1405/1443/1446
f 1406/1439/1442 1407/1438/1441 1412/1437/1440
f 1403/1419/1422 1404/1440/1443 1412/1437/1440
f 1410/1436/1439 1411/1441/1444 1412/1437/1440
f 1407/1438/1441 1408/1442/1445 1412/1437/1440
f 1404/1440/1443 1405/1443/1446 1412/1437/1440
f 1411/1441/1444 1402/1420/1423 1412/1437/1440
f 1408/1442/1445 1409/1435/1438 1412/1437/1440
f 1405/1443/1446 1406/1439/1442 1412/1437/1440
f 1402/1420/1423 1403/1419/1422 1412/1437/1440
f 1447/1444/1447 1422/1372/1375 1413/1349/1352 1452/1445/1448
f 1444/1446/1449 1421/1366/1369 1422/1372/1375 1447/1444/1447
f 1441/1447/1450 1420/1364/1367 1421/1366/1369 1444/1446/1449
f 1438/1448/1451 1419/1362/1365 1420/1364/1367 1441/1447/1450
f 1435/1449/1452 1418/1360/1363 1419/1362/1365 1438/1448/1451
f 1432/1450/1453 1417/1358/1361 1418/1360/1363 1435/1449/1452
f 1429/1451/1454 1416/1356/1359 1417/1358/1361 1432/1450/1453
f 1426/1452/1455 1415/1354/1357 1416/1356/1359 1429/1451/1454
f 1423/1453/1456 1414/1352/1355 1415/1354/1357 1426/1452/1455
f 1452/1445/1448 1413/1349/1352 1414/1352/1355 1423/1453/1456
f 1450/1368/1371 1451/1454/1457 1424/1455/1458 1425/1369/1372
f 1451/1454/1457 1452/1445/1448 1423/1453/1456 1424/1455/1458
f 1354/1370/1373 1425/1369/1372 1428/1456/1459 1356/1457/1460
f 1425/1369/1372 1424/1455/1458 1427/1458/1461 1428/1456/1459
f 1424/1455/1458 1423/1453/1456 1426/1452/1455 1427/1458/1461
f 1356/1457/1460 1428/1456/1459 1431/1459/1462 1358/1460/1463
f 1428/1456/1459 1427/1458/1461 1430/1461/1464 1431/1459/1462
f 1427/1458/1461 1426/1452/1455 1429/1451/1454 1430/1461/1464
f 1358/1460/1463 1431/1459/1462 1434/1462/1465 1360/1463/1466
f 1431/1459/1462 1430/1461/1464 1433/1464/1467 1434/1462/1465
f 1430/1461/1464 1429/1451/1454 1432/1450/1453 1433/1464/1467
f 1360/1463/1466 1434/1462/1465 1437/1465/1468 1362/1466/1469
f 1434/1462/1465 1433/1464/1467 1436/1467/1470 1437/1465/1468
f 1433/1464/1467 1432/1450/1453 1435/1449/1452 1436/1467/1470
f 1362/1466/1469 1437/1465/1468 1440/1468/1471 1364/1469/1472
f 1437/1465/1468 1436/1467/1470 1439/1470/1473 1440/1468/1471
f 1436/1467/1470 1435/1449/1452 1438/1448/1451 1439/1470/1473
f 1364/1469/1472 1440/1468/1471 1443/1471/1474 1366/1472/1475
f 1440/1468/1471 1439/1470/1473 1442/1473/1476 1443/1471/1474
f 1439/1470/1473 1438/1448/1451 1441/1447/1450 1442/1473/1476
f 1366/1472/1475 1443/1471/1474 1446/1474/1477 1368/1475/1478
f 1443/1471/1474 1442/1473/1476 1445/1476/1479 1446/1474/1477
f 1442/1473/1476 1441/1447/1450 1444/1446/1449 1445/1476/1479
f 1368/1475/1478 1446/1474/1477 1449/1477/1480 1370/1478/1481
f 1446/1474/1477 1445/1476/1479 1448/1479/1482 1449/1477/1480
f 1445/1476/1479 1444/1446/1449 1447/1444/1447 1448/1479/1482
f 1370/1478/1481 1449/1477/1480 1450/1368/1371 1352/1367/1370
f 1449/1477/1480 1448/1479/1482 1451/1454/1457 1450/1368/1371
f 1448/1479/1482 1447/1444/1447 1452/1445/1448 1451/1454/1457
f 1366/1472/1475 1368/1475/1478 1482/1480/1483 1453/1481/1484
f 1453/1481/1484 1482/1480/1483 1481/1482/1485 1454/1483/1486
f 1454/1483/1486 1481/1482/1485 1480/1395/1398 1455/1374/1377
f 1368/1475/1478 1370/1478/1481 1479/1484/1487 1482/1480/1483
f 1482/1480/1483 1479/1484/1487 1478/1485/1488 1481/1482/1485
f 1481/1482/1485 1478/1485/1488 1477/1393/1396 1480/1395/1398
f 1370/1478/1481 1352/1367/1370 1473/1486/1489 1479/1484/1487
f 1479/1484/1487 1473/1486/1489 1472/1487/1490 1478/1485/1488
f 1478/1485/1488 1472/1487/1490 1471/1387/1390 1477/1393/1396
f 1354/1370/1373 1356/1457/1460 1476/1488/1491 1468/1489/1492
f 1468/1489/1492 1476/1488/1491 1475/1490/1493 1469/1491/1494
f 1469/1491/1494 1475/1490/1493 1474/1391/1394 1470/1388/1391
f 1356/1457/1460 1358/1460/1463 1467/1492/1495 1476/1488/1491
f 1476/1488/1491 1467/1492/1495 1466/1493/1496 1475/1490/1493
f 1475/1490/1493 1466/1493/1496 1465/1385/1388 1474/1391/1394
f 1352/1367/1370 1354/1370/1373 1468/1489/1492 1473/1486/1489
f 1473/1486/1489 1468/1489/1492 1469/1491/1494 1472/1487/1490
f 1472/1487/1490 1469/1491/1494 1470/1388/1391 1471/1387/1390
f 1358/1460/1463 1360/1463/1466 1464/1494/1497 1467/1492/1495
f 1467/1492/1495 1464/1494/1497 1463/1495/1498 1466/1493/1496
f 1466/1493/1496 1463/1495/1498 1462/1383/1386 1465/1385/1388
f 1360/1463/1466 1362/1466/1469 1461/1496/1499 1464/1494/1497
f 1464/1494/1497 1461/1496/1499 1460/1497/1500 1463/1495/1498
f 1463/1495/1498 1460/1497/1500 1459/1381/1384 1462/1383/1386
f 1362/1466/1469 1364/1469/1472 1458/1498/1501 1461/1496/1499
f 1461/1496/1499 1458/1498/1501 1457/1499/1502 1460/1497/1500
f 1460/1497/1500 1457/1499/1502 1456/1373/1376 1459/1381/1384
f 1364/1469/1472 1366/1472/1475 1453/1481/1484 1458/1498/1501
f 1458/1498/1501 1453/1481/1484 1454/1483/1486 1457/1499/1502
f 1457/1499/1502 1454/1483/1486 1455/1374/1377 1456/1373/1376
f 1381/1394/1397 1372/1390/1393 1500/1500/1503 1510/1501/1504
f 1510/1501/1504 1500/1500/1503 1499/1502/1505 1511/1503/1506
f 1511/1503/1506 1499/1502/1505 1498/1405/1408 1512/1415/1418
f 1374/1392/1395 1375/1386/1389 1494/1504/1507 1507/1505/1508
f 1507/1505/1508 1494/1504/1507 1493/1506/1509 1508/1507/1510
f 1508/1507/1510 1493/1506/1509 1492/1401/1404 1509/1413/1416
f 1377/1382/1385 1378/1376/1379 1488/1508/1511 1504/1509/1512
f 1504/1509/1512 1488/1508/1511 1487/1510/1513 1505/1511/1514
f 1505/1511/1514 1487/1510/1513 1486/1377/1380 1506/1411/1414
f 1380/1396/1399 1381/1394/1397 1510/1501/1504 1501/1512/1515
f 1501/1512/1515 1510/1501/1504 1511/1503/1506 1502/1513/1516
f 1502/1513/1516 1511/1503/1506 1512/1415/1418 1503/1409/1412
f 1373/1389/1392 1374/1392/1395 1507/1505/1508 1495/1514/1517
f 1495/1514/1517 1507/1505/1508 1508/1507/1510 1496/1515/1518
f 1496/1515/1518 1508/1507/1510 1509/1413/1416 1497/1406/1409
f 1376/1384/1387 1377/1382/1385 1504/1509/1512 1489/1516/1519
f 1489/1516/1519 1504/1509/1512 1505/1511/1514 1490/1517/1520
f 1490/1517/1520 1505/1511/1514 1506/1411/1414 1491/1402/1405
f 1379/1375/1378 1380/1396/1399 1501/1512/1515 1483/1518/1521
f 1483/1518/1521 1501/1512/1515 1502/1513/1516 1484/1519/1522
f 1484/1519/1522 1502/1513/1516 1503/1409/1412 1485/1378/1381
f 1372/1390/1393 1373/1389/1392 1495/1514/1517 1500/1500/1503
f 1500/1500/1503 1495/1514/1517 1496/1515/1518 1499/1502/1505
f 1499/1502/1505 1496/1515/1518 1497/1406/1409 1498/1405/1408
f 1375/1386/1389 1376/1384/1387 1489/1516/1519 1494/1504/1507
f 1494/1504/1507 1489/1516/1519 1490/1517/1520 1493/1506/1509
f 1493/1506/1509 1490/1517/1520 1491/1402/1405 1492/1401/1404
f 1378/1376/1379 1379/1375/1378 1483/1518/1521 1488/1508/1511
f 1488/1508/1511 1483/1518/1521 1484/1519/1522 1487/1510/1513
f 1487/1510/1513 1484/1519/1522 1485/1378/1381 1486/1377/1380
f 1388/1380/1383 1389/1379/1382 1530/1520/1523 1540/1521/1524
f 1540/1521/1524 1530/1520/1523 1529/1522/1525 1541/1523/1526
f 1541/1523/1526 1529/1522/1525 1528/1423/1426 1542/1433/1436
f 1391/1416/1419 1382/1408/1411 1524/1524/1527 1537/1525/1528
f 1537/1525/1528 1524/1524/1527 1523/1526/1529 1538/1527/1530
f 1538/1527/1530 1523/1526/1529 1522/1421/1424 1539/1431/1434
f 1384/1414/1417 1385/1404/1407 1518/1528/1531 1534/1529/1532
f 1534/1529/1532 1518/1528/1531 1517/1530/1533 1535/1531/1534
f 1535/1531/1534 1517/1530/1533 1516/1397/1400 1536/1429/1432
f 1387/1412/1415 1388/1380/1383 1540/1521/1524 1531/1532/1535
f 1531/1532/1535 1540/1521/1524 1541/1523/1526 1532/1533/1536
f 1532/1533/1536 1541/1523/1526 1542/1433/1436 1533/1427/1430
f 1390/1410/1413 1391/1416/1419 1537/1525/1528 1525/1534/1537
f 1525/1534/1537 1537/1525/1528 1538/1527/1530 1526/1535/1538
f 1526/1535/1538 1538/1527/1530 1539/1431/1434 1527/1424/1427
f 1383/1407/1410 1384/1414/1417 1534/1529/1532 1519/1536/1539
f 1519/1536/1539 1534/1529/1532 1535/1531/1534 1520/1537/1540
f 1520/1537/1540 1535/1531/1534 1536/1429/1432 1521/1422/1425
f 1386/1403/1406 1387/1412/1415 1531/1532/1535 1513/1538/1541
f 1513/1538/1541 1531/1532/1535 1532/1533/1536 1514/1539/1542
f 1514/1539/1542 1532/1533/1536 1533/1427/1430 1515/1398/1401
f 1389/1379/1382 1390/1410/1413 1525/1534/1537 1530/1520/1523
f 1530/1520/1523 1525/1534/1537 1526/1535/1538 1529/1522/1525
f 1529/1522/1525 1526/1535/1538 1527/1424/1427 1528/1423/1426
f 1382/1408/1411 1383/1407/1410 1519/1536/1539 1524/1524/1527
f 1524/1524/1527 1519/1536/1539 1520/1537/1540 1523/1526/1529
f 1523/1526/1529 1520/1537/1540 1521/1422/1425 1522/1421/1424
f 1385/1404/1407 1386/1403/1406 1513/1538/1541 1518/1528/1531
f 1518/1528/1531 1513/1538/1541 1514/1539/1542 1517/1530/1533
f 1517/1530/1533 1514/1539/1542 1515/1398/1401 1516/1397/1400
f 1604/1540/1543 1605/1541/1544 1546/1542/1545 1544/1543/1546
f 1605/1541/1544 1606/1544/1547 1548/1545/1548 1546/1542/1545
f 1606/1544/1547 1607/1546/1549 1550/1547/1550 1548/1545/1548
f 1607/1546/1549 1608/1548/1551 1552/1549/1552 1550/1547/1550
f 1608/1548/1551 1609/1550/1553 1554/1551/1554 1552/1549/1552
f 1609/1550/1553 1610/1552/1555 1556/1553/1556 1554/1551/1554
f 1610/1552/1555 1611/1554/1557 1558/1553/1558 1556/1553/1556
f 1611/1554/1557 1612/1555/1559 1560/1556/1560 1558/1553/1558
f 1543/1557/1561 1545/1558/1562 1616/1559/1563 1641/1560/1564
f 1612/1555/1559 1613/1561/1565 1562/1556/1566 1560/1556/1560
f 1613/1561/1565 1604/1540/1543 1544/1543/1546 1562/1556/1566
f 1647/1562/1567 1569/1563/1568 1570/1564/1569 1646/1565/1570
f 1677/1566/1571 1579/1567/1572 1580/1568/1573 1676/1569/1574
f 1650/1570/1575 1568/1571/1576 1569/1563/1568 1647/1562/1567
f 1653/1572/1577 1567/1573/1578 1568/1571/1576 1650/1570/1575
f 1656/1574/1579 1566/1575/1580 1567/1573/1578 1653/1572/1577
f 1662/1576/1581 1563/1577/1582 1564/1578/1583 1661/1579/1584
f 1665/1580/1585 1565/1581/1586 1566/1575/1580 1656/1574/1579
f 1661/1579/1584 1564/1578/1583 1565/1581/1586 1665/1580/1585
f 1668/1582/1587 1572/1583/1588 1563/1577/1582 1662/1576/1581
f 1671/1584/1589 1571/1585/1590 1572/1583/1588 1668/1582/1587
f 1646/1565/1570 1570/1564/1569 1571/1585/1590 1671/1584/1589
f 1707/1586/1591 1586/1587/1592 1587/1588/1593 1706/1589/1594
f 1683/1590/1595 1576/1591/1596 1577/1592/1597 1682/1593/1598
f 1689/1594/1599 1573/1595/1600 1574/1596/1601 1688/1597/1602
f 1676/1569/1574 1580/1568/1573 1581/1598/1603 1694/1599/1604
f 1682/1593/1598 1577/1592/1597 1578/1600/1605 1697/1601/1606
f 1688/1597/1602 1574/1596/1601 1575/1602/1607 1700/1603/1608
f 1694/1599/1604 1581/1598/1603 1582/1604/1609 1703/1605/1610
f 1697/1601/1606 1578/1600/1605 1579/1567/1572 1677/1566/1571
f 1700/1603/1608 1575/1602/1607 1576/1591/1596 1683/1590/1595
f 1703/1605/1610 1582/1604/1609 1573/1595/1600 1689/1594/1599
f 1583/1606/1611 1593/1607/1612 1594/1608/1613 1584/1609/1614
f 1713/1610/1615 1583/1606/1611 1584/1609/1614 1712/1611/1616
f 1719/1612/1617 1590/1613/1618 1591/1614/1619 1718/1615/1620
f 1706/1589/1594 1587/1588/1593 1588/1616/1621 1724/1617/1622
f 1712/1611/1616 1584/1609/1614 1585/1618/1623 1727/1619/1624
f 1718/1615/1620 1591/1614/1619 1592/1620/1625 1730/1621/1626
f 1724/1617/1622 1588/1616/1621 1589/1622/1627 1733/1623/1628
f 1727/1619/1624 1585/1618/1623 1586/1587/1592 1707/1586/1591
f 1730/1621/1626 1592/1620/1625 1583/1606/1611 1713/1610/1615
f 1733/1623/1628 1589/1622/1627 1590/1613/1618 1719/1612/1617
f 1600/1624/1629 1603/1625/1630 1601/1626/1631
f 1590/1613/1618 1600/1624/1629 1601/1626/1631 1591/1614/1619
f 1587/1588/1593 1597/1627/1632 1598/1628/1633 1588/1616/1621
f 1584/1609/1614 1594/1608/1613 1595/1625/1634 1585/1618/1623
f 1591/1614/1619 1601/1626/1631 1602/1629/1635 1592/1620/1625
f 1588/1616/1621 1598/1628/1633 1599/1630/1636 1589/1622/1627
f 1585/1618/1623 1595/1625/1634 1596/1631/1637 1586/1587/1592
f 1592/1620/1625 1602/1629/1635 1593/1607/1612 1583/1606/1611
f 1589/1622/1627 1599/1630/1636 1600/1624/1629 1590/1613/1618
f 1586/1587/1592 1596/1631/1637 1597/1627/1632 1587/1588/1593
f 1597/1627/1632 1603/1625/1630 1598/1628/1633
f 1594/1608/1613 1603/1625/1630 1595/1625/1634
f 1601/1626/1631 1603/1625/1630 1602/1629/1635
f 1598/1628/1633 1603/1625/1630 1599/1630/1636
f 1595/1625/1634 1603/1625/1630 1596/1631/1637
f 1602/1629/1635 1603/1625/1630 1593/1607/1612
f 1599/1630/1636 1603/1625/1630 1600/1624/1629
f 1596/1631/1637 1603/1625/1630 1597/1627/1632
f 1593/1607/1612 1603/1625/1630 1594/1608/1613
f 1638/1632/1638 1643/1633/1639 1604/1540/1543 1613/1561/1565
f 1635/1634/1640 1638/1632/1638 1613/1561/1565 1612/1555/1559
f 1632/1635/1641 1635/1634/1640 1612/1555/1559 1611/1554/1557
f 1629/1636/1642 1632/1635/1641 1611/1554/1557 1610/1552/1555
f 1626/1637/1643 1629/1636/1642 1610/1552/1555 1609/1550/1553
f 1623/1638/1644 1626/1637/1643 1609/1550/1553 1608/1548/1551
f 1620/1639/1645 1623/1638/1644 1608/1548/1551 1607/1546/1549
f 1617/1640/1646 1620/1639/1645 1607/1546/1549 1606/1544/1547
f 1614/1641/1647 1617/1640/1646 1606/1544/1547 1605/1541/1544
f 1643/1633/1639 1614/1641/1647 1605/1541/1544 1604/1540/1543
f 1641/1560/1564 1616/1559/1563 1615/1642/1648 1642/1643/1649
f 1642/1643/1649 1615/1642/1648 1614/1641/1647 1643/1633/1639
f 1545/1558/1562 1547/1644/1650 1619/1645/1651 1616/1559/1563
f 1616/1559/1563 1619/1645/1651 1618/1646/1652 1615/1642/1648
f 1615/1642/1648 1618/1646/1652 1617/1640/1646 1614/1641/1647
f 1547/1644/1650 1549/1647/1653 1622/1648/1654 1619/1645/1651
f 1619/1645/1651 1622/1648/1654 1621/1649/1655 1618/1646/1652
f 1618/1646/1652 1621/1649/1655 1620/1639/1645 1617/1640/1646
f 1549/1647/1653 1551/1650/1656 1625/1651/1657 1622/1648/1654
f 1622/1648/1654 1625/1651/1657 1624/1652/1658 1621/1649/1655
f 1621/1649/1655 1624/1652/1658 1623/1638/1644 1620/1639/1645
f 1551/1650/1656 1553/1653/1659 1628/1654/1660 1625/1651/1657
f 1625/1651/1657 1628/1654/1660 1627/1655/1661 1624/1652/1658
f 1624/1652/1658 1627/1655/1661 1626/1637/1643 1623/1638/1644
f 1553/1653/1659 1555/1656/1662 1631/1657/1663 1628/1654/1660
f 1628/1654/1660 1631/1657/1663 1630/1658/1664 1627/1655/1661
f 1627/1655/1661 1630/1658/1664 1629/1636/1642 1626/1637/1643
f 1555/1656/1662 1557/1659/1665 1634/1660/1666 1631/1657/1663
f 1631/1657/1663 1634/1660/1666 1633/1661/1667 1630/1658/1664
f 1630/1658/1664 1633/1661/1667 1632/1635/1641 1629/1636/1642
f 1557/1659/1665 1559/1662/1668 1637/1663/1669 1634/1660/1666
f 1634/1660/1666 1637/1663/1669 1636/1664/1670 1633/1661/1667
f 1633/1661/1667 1636/1664/1670 1635/1634/1640 1632/1635/1641
f 1559/1662/1668 1561/1665/1671 1640/1666/1672 1637/1663/1669
f 1637/1663/1669 1640/1666/1672 1639/1667/1673 1636/1664/1670
f 1636/1664/1670 1639/1667/1673 1638/1632/1638 1635/1634/1640
f 1561/1665/1671 1543/1557/1561 1641/1560/1564 1640/1666/1672
f 1640/1666/1672 1641/1560/1564 1642/1643/1649 1639/1667/1673
f 1639/1667/1673 1642/1643/1649 1643/1633/1639 1638/1632/1638
f 1557/1659/1665 1644/1668/1674 1673/1669/1675 1559/1662/1668
f 1644/1668/1674 1645/1670/1676 1672/1671/1677 1673/1669/1675
f 1645/1670/1676 1646/1565/1570 1671/1584/1589 1672/1671/1677
f 1559/1662/1668 1673/1669/1675 1670/1672/1678 1561/1665/1671
f 1673/1669/1675 1672/1671/1677 1669/1673/1679 1670/1672/1678
f 1672/1671/1677 1671/1584/1589 1668/1582/1587 1669/1673/1679
f 1561/1665/1671 1670/1672/1678 1664/1674/1680 1543/1557/1561
f 1670/1672/1678 1669/1673/1679 1663/1675/1681 1664/1674/1680
f 1669/1673/1679 1668/1582/1587 1662/1576/1581 1663/1675/1681
f 1545/1558/1562 1659/1676/1682 1667/1677/1683 1547/1644/1650
f 1659/1676/1682 1660/1678/1684 1666/1679/1685 1667/1677/1683
f 1660/1678/1684 1661/1579/1584 1665/1580/1585 1666/1679/1685
f 1547/1644/1650 1667/1677/1683 1658/1680/1686 1549/1647/1653
f 1667/1677/1683 1666/1679/1685 1657/1681/1687 1658/1680/1686
f 1666/1679/1685 1665/1580/1585 1656/1574/1579 1657/1681/1687
f 1543/1557/1561 1664/1674/1680 1659/1676/1682 1545/1558/1562
f 1664/1674/1680 1663/1675/1681 1660/1678/1684 1659/1676/1682
f 1663/1675/1681 1662/1576/1581 1661/1579/1584 1660/1678/1684
f 1549/1647/1653 1658/1680/1686 1655/1682/1688 1551/1650/1656
f 1658/1680/1686 1657/1681/1687 1654/1683/1689 1655/1682/1688
f 1657/1681/1687 1656/1574/1579 1653/1572/1577 1654/1683/1689
f 1551/1650/1656 1655/1682/1688 1652/1684/1690 1553/1653/1659
f 1655/1682/1688 1654/1683/1689 1651/1685/1691 1652/1684/1690
f 1654/1683/1689 1653/1572/1577 1650/1570/1575 1651/1685/1691
f 1553/1653/1659 1652/1684/1690 1649/1686/1692 1555/1656/1662
f 1652/1684/1690 1651/1685/1691 1648/1687/1693 1649/1686/1692
f 1651/1685/1691 1650/1570/1575 1647/1562/1567 1648/1687/1693
f 1555/1656/1662 1649/1686/1692 1644/1668/1674 1557/1659/1665
f 1649/1686/1692 1648/1687/1693 1645/1670/1676 1644/1668/1674
f 1648/1687/1693 1647/1562/1567 1646/1565/1570 1645/1670/1676
f 1572/1583/1588 1701/1688/1694 1691/1689/1695 1563/1577/1582
f 1701/1688/1694 1702/1690/1696 1690/1691/1697 1691/1689/1695
f 1702/1690/1696 1703/1605/1610 1689/1594/1599 1690/1691/1697
f 1565/1581/1586 1698/1692/1698 1685/1693/1699 1566/1575/1580
f 1698/1692/1698 1699/1694/1700 1684/1695/1701 1685/1693/1699
f 1699/1694/1700 1700/1603/1608 1683/1590/1595 1684/1695/1701
f 1568/1571/1576 1695/1696/1702 1679/1697/1703 1569/1563/1568
f 1695/1696/1702 1696/1698/1704 1678/1699/1705 1679/1697/1703
f 1696/1698/1704 1697/1601/1606 1677/1566/1571 1678/1699/1705
f 1571/1585/1590 1692/1700/1706 1701/1688/1694 1572/1583/1588
f 1692/1700/1706 1693/1701/1707 1702/1690/1696 1701/1688/1694
f 1693/1701/1707 1694/1599/1604 1703/1605/1610 1702/1690/1696
f 1564/1578/1583 1686/1702/1708 1698/1692/1698 1565/1581/1586
f 1686/1702/1708 1687/1703/1709 1699/1694/1700 1698/1692/1698
f 1687/1703/1709 1688/1597/1602 1700/1603/1608 1699/1694/1700
f 1567/1573/1578 1680/1704/1710 1695/1696/1702 1568/1571/1576
f 1680/1704/1710 1681/1705/1711 1696/1698/1704 1695/1696/1702
f 1681/1705/1711 1682/1593/1598 1697/1601/1606 1696/1698/1704
f 1570/1564/1569 1674/1706/1712 1692/1700/1706 1571/1585/1590
f 1674/1706/1712 1675/1707/1713 1693/1701/1707 1692/1700/1706
f 1675/1707/1713 1676/1569/1574 1694/1599/1604 1693/1701/1707
f 1563/1577/1582 1691/1689/1695 1686/1702/1708 1564/1578/1583
f 1691/1689/1695 1690/1691/1697 1687/1703/1709 1686/1702/1708
f 1690/1691/1697 1689/1594/1599 1688/1597/1602 1687/1703/1709
f 1566/1575/1580 1685/1693/1699 1680/1704/1710 1567/1573/1578
f 1685/1693/1699 1684/1695/1701 1681/1705/1711 1680/1704/1710
f 1684/1695/1701 1683/1590/1595 1682/1593/1598 1681/1705/1711
f 1569/1563/1568 1679/1697/1703 1674/1706/1712 1570/1564/1569
f 1679/1697/1703 1678/1699/1705 1675/1707/1713 1674/1706/1712
f 1678/1699/1705 1677/1566/1571 1676/1569/1574 1675/1707/1713
f 1579/1567/1572 1731/1708/1714 1721/1709/1715 1580/1568/1573
f 1731/1708/1714 1732/1710/1716 1720/1711/1717 1721/1709/1715
f 1732/1710/1716 1733/1623/1628 1719/1612/1617 1720/1711/1717
f 1582/1604/1609 1728/1712/1718 1715/1713/1719 1573/1595/1600
f 1728/1712/1718 1729/1714/1720 1714/1715/1721 1715/1713/1719
f 1729/1714/1720 1730/1621/1626 1713/1610/1615 1714/1715/1721
f 1575/1602/1607 1725/1716/1722 1709/1717/1723 1576/1591/1596
f 1725/1716/1722 1726/1718/1724 1708/1719/1725 1709/1717/1723
f 1726/1718/1724 1727/1619/1624 1707/1586/1591 1708/1719/1725
f 1578/1600/1605 1722/1720/1726 1731/1708/1714 1579/1567/1572
f 1722/1720/1726 1723/1721/1727 1732/1710/1716 1731/1708/1714
f 1723/1721/1727 1724/1617/1622 1733/1623/1628 1732/1710/1716
f 1581/1598/1603 1716/1722/1728 1728/1712/1718 1582/1604/1609
f 1716/1722/1728 1717/1723/1729 1729/1714/1720 1728/1712/1718
f 1717/1723/1729 1718/1615/1620 1730/1621/1626 1729/1714/1720
f 1574/1596/1601 1710/1724/1730 1725/1716/1722 1575/1602/1607
f 1710/1724/1730 1711/1725/1731 1726/1718/1724 1725/1716/1722
f 1711/1725/1731 1712/1611/1616 1727/1619/1624 1726/1718/1724
f 1577/1592/1597 1704/1726/1732 1722/1720/1726 1578/1600/1605
f 1704/1726/1732 1705/1727/1733 1723/1721/1727 1722/1720/1726
f 1705/1727/1733 1706/1589/1594 1724/1617/1622 1723/1721/1727
f 1580/1568/1573 1721/1709/1715 1716/1722/1728 1581/1598/1603
f 1721/1709/1715 1720/1711/1717 1717/1723/1729 1716/1722/1728
f 1720/1711/1717 1719/1612/1617 1718/1615/1620 1717/1723/1729
f 1573/1595/1600 1715/1713/1719 1710/1724/1730 1574/1596/1601
f 1715/1713/1719 1714/1715/1721 1711/1725/1731 1710/1724/1730
f 1714/1715/1721 1713/1610/1615 1712/1611/1616 1711/1725/1731
f 1576/1591/1596 1709/1717/1723 1704/1726/1732 1577/1592/1597
f 1709/1717/1723 1708/1719/1725 1705/1727/1733 1704/1726/1732
f 1708/1719/1725 1707/1586/1591 1706/1589/1594 1705/1727/1733
f 1795/1728/1734 1796/1729/1735 1737/1730/1736 1735/1731/1737
f 1796/1729/1735 1797/1732/1738 1739/1733/1739 1737/1730/1736
f 1797/1732/1738 1798/1734/1740 1741/1735/1741 1739/1733/1739
f 1798/1734/1740 1799/1736/1742 1743/1737/1743 1741/1735/1741
f 1799/1736/1742 1800/1738/1744 1745/1739/1745 1743/1737/1743
f 1800/1738/1744 1801/1740/1746 1747/1741/1747 1745/1739/1745
f 1801/1740/1746 1802/1742/1748 1749/1743/1749 1747/1741/1747
f 1802/1742/1748 1803/1744/1750 1751/1745/1751 1749/1743/1749
f 1734/1746/1752 1736/1747/1753 1807/1748/1754 1832/1749/1755
f 1803/1744/1750 1804/1750/1756 1753/1751/1757 1751/1745/1751
f 1804/1750/1756 1795/1728/1734 1735/1731/1737 1753/1751/1757
f 1838/1752/1758 1760/1753/1759 1761/1754/1760 1837/1755/1761
f 1868/1756/1762 1770/1757/1763 1771/1758/1764 1867/1759/1765
f 1841/1760/1766 1759/1761/1767 1760/1753/1759 1838/1752/1758
f 1844/1762/1768 1758/1763/1769 1759/1761/1767 1841/1760/1766
f 1847/1764/1770 1757/1765/1771 1758/1763/1769 1844/1762/1768
f 1853/1766/1772 1754/1767/1773 1755/1768/1774 1852/1769/1775
f 1856/1770/1776 1756/1771/1777 1757/1765/1771 1847/1764/1770
f 1852/1769/1775 1755/1768/1774 1756/1771/1777 1856/1770/1776
f 1859/1772/1778 1763/1773/1779 1754/1767/1773 1853/1766/1772
f 1862/1774/1780 1762/1775/1781 1763/1773/1779 1859/1772/1778
f 1837/1755/1761 1761/1754/1760 1762/1775/1781 1862/1774/1780
f 1898/1776/1782 1777/1777/1783 1778/1778/1784 1897/1779/1785
f 1874/1780/1786 1767/1781/1787 1768/1782/1788 1873/1783/1789
f 1880/1784/1790 1764/1785/1791 1765/1786/1792 1879/1787/1793
f 1867/1759/1765 1771/1758/1764 1772/1788/1794 1885/1789/1795
f 1873/1783/1789 1768/1782/1788 1769/1790/1796 1888/1791/1797
f 1879/1787/1793 1765/1786/1792 1766/1792/1798 1891/1793/1799
f 1885/1789/1795 1772/1788/1794 1773/1794/1800 1894/1795/1801
f 1888/1791/1797 1769/1790/1796 1770/1757/1763 1868/1756/1762
f 1891/1793/1799 1766/1792/1798 1767/1781/1787 1874/1780/1786
f 1894/1795/1801 1773/1794/1800 1764/1785/1791 1880/1784/1790
f 1774/1796/1802 1784/1797/1803 1785/1798/1804 1775/1799/1805
f 1904/1800/1806 1774/1796/1802 1775/1799/1805 1903/1801/1807
f 1910/1802/1808 1781/1803/1809 1782/1804/1810 1909/1805/1811
f 1897/1779/1785 1778/1778/1784 1779/1806/1812 1915/1807/1813
f 1903/1801/1807 1775/1799/1805 1776/1808/1814 1918/1809/1815
f 1909/1805/1811 1782/1804/1810 1783/1810/1816 1921/1811/1817
f 1915/1807/1813 1779/1806/1812 1780/1812/1818 1924/1813/1819
f 1918/1809/1815 1776/1808/1814 1777/1777/1783 1898/1776/1782
f 1921/1811/1817 1783/1810/1816 1774/1796/1802 1904/1800/1806
f 1924/1813/1819 1780/1812/1818 1781/1803/1809 1910/1802/1808
f 1791/1814/1820 1794/1815/1821 1792/1816/1822
f 1781/1803/1809 1791/1814/1820 1792/1816/1822 1782/1804/1810
f 1778/1778/1784 1788/1817/1823 1789/1818/1824 1779/1806/1812
f 1775/1799/1805 1785/1798/1804 1786/1819/1825 1776/1808/1814
f 1782/1804/1810 1792/1816/1822 1793/1820/1826 1783/1810/1816
f 1779/1806/1812 1789/1818/1824 1790/1821/1827 1780/1812/1818
f 1776/1808/1814 1786/1819/1825 1787/1822/1828 1777/1777/1783
f 1783/1810/1816 1793/1820/1826 1784/1797/1803 1774/1796/1802
f 1780/1812/1818 1790/1821/1827 1791/1814/1820 1781/1803/1809
f 1777/1777/1783 1787/1822/1828 1788/1817/1823 1778/1778/1784
f 1788/1817/1823 1794/1815/1821 1789/1818/1824
f 1785/1798/1804 1794/1815/1821 1786/1819/1825
f 1792/1816/1822 1794/1815/1821 1793/1820/1826
f 1789/1818/1824 1794/1815/1821 1790/1821/1827
f 1786/1819/1825 1794/1815/1821 1787/1822/1828
f 1793/1820/1826 1794/1815/1821 1784/1797/1803
f 1790/1821/1827 1794/1815/1821 1791/1814/1820
f 1787/1822/1828 1794/1815/1821 1788/1817/1823
f 1784/1797/1803 1794/1815/1821 1785/1798/1804
f 1829/1823/1829 1834/1824/1830 1795/1728/1734 1804/1750/1756
f 1826/1825/1831 1829/1823/1829 1804/1750/1756 1803/1744/1750
f 1823/1826/1832 1826/1825/1831 1803/1744/1750 1802/1742/1748
f 1820/1827/1833 1823/1826/1832 1802/1742/1748 1801/1740/1746
f 1817/1828/1834 1820/1827/1833 1801/1740/1746 1800/1738/1744
f 1814/1829/1835 1817/1828/1834 1800/1738/1744 1799/1736/1742
f 1811/1830/1836 1814/1829/1835 1799/1736/1742 1798/1734/1740
f 1808/1831/1837 1811/1830/1836 1798/1734/1740 1797/1732/1738
f 1805/1832/1838 1808/1831/1837 1797/1732/1738 1796/1729/1735
f 1834/1824/1830 1805/1832/1838 1796/1729/1735 1795/1728/1734
f 1832/1749/1755 1807/1748/1754 1806/1833/1839 1833/1834/1840
f 1833/1834/1840 1806/1833/1839 1805/1832/1838 1834/1824/1830
f 1736/1747/1753 1738/1835/1841 1810/1836/1842 1807/1748/1754
f 1807/1748/1754 1810/1836/1842 1809/1837/1843 1806/1833/1839
f 1806/1833/1839 1809/1837/1843 1808/1831/1837 1805/1832/1838
f 1738/1835/1841 1740/1838/1844 1813/1839/1845 1810/1836/1842
f 1810/1836/1842 1813/1839/1845 1812/1840/1846 1809/1837/1843
f 1809/1837/1843 1812/1840/1846 1811/1830/1836 1808/1831/1837
f 1740/1838/1844 1742/1841/1847 1816/1842/1848 1813/1839/1845
f 1813/1839/1845 1816/1842/1848 1815/1843/1849 1812/1840/1846
f 1812/1840/1846 1815/1843/1849 1814/1829/1835 1811/1830/1836
f 1742/1841/1847 1744/1844/1850 1819/1845/1851 1816/1842/1848
f 1816/1842/1848 1819/1845/1851 1818/1846/1852 1815/1843/1849
f 1815/1843/1849 1818/1846/1852 1817/1828/1834 1814/1829/1835
f 1744/1844/1850 1746/1847/1853 1822/1848/1854 1819/1845/1851
f 1819/1845/1851 1822/1848/1854 1821/1849/1855 1818/1846/1852
f 1818/1846/1852 1821/1849/1855 1820/1827/1833 1817/1828/1834
f 1746/1847/1853 1748/1850/1856 1825/1851/1857 1822/1848/1854
f 1822/1848/1854 1825/1851/1857 1824/1852/1858 1821/1849/1855
f 1821/1849/1855 1824/1852/1858 1823/1826/1832 1820/1827/1833
f 1748/1850/1856 1750/1853/1859 1828/1854/1860 1825/1851/1857
f 1825/1851/1857 1828/1854/1860 1827/1855/1861 1824/1852/1858
f 1824/1852/1858 1827/1855/1861 1826/1825/1831 1823/1826/1832
f 1750/1853/1859 1752/1856/1862 1831/1857/1863 1828/1854/1860
f 1828/1854/1860 1831/1857/1863 1830/1858/1864 1827/1855/1861
f 1827/1855/1861 1830/1858/1864 1829/1823/1829 1826/1825/1831
f 1752/1856/1862 1734/1746/1752 1832/1749/1755 1831/1857/1863
f 1831/1857/1863 1832/1749/1755 1833/1834/1840 1830/1858/1864
f 1830/1858/1864 1833/1834/1840 1834/1824/1830 1829/1823/1829
f 1748/1850/1856 1835/1859/1865 1864/1860/1866 1750/1853/1859
f 1835/1859/1865 1836/1861/1867 1863/1862/1868 1864/1860/1866
f 1836/1861/1867 1837/1755/1761 1862/1774/1780 1863/1862/1868
f 1750/1853/1859 1864/1860/1866 1861/1863/1869 1752/1856/1862
f 1864/1860/1866 1863/1862/1868 1860/1864/1870 1861/1863/1869
f 1863/1862/1868 1862/1774/1780 1859/1772/1778 1860/1864/1870
f 1752/1856/1862 1861/1863/1869 1855/1865/1871 1734/1746/1752
f 1861/1863/1869 1860/1864/1870 1854/1866/1872 1855/1865/1871
f 1860/1864/1870 1859/1772/1778 1853/1766/1772 1854/1866/1872
f 1736/1747/1753 1850/1867/1873 1858/1868/1874 1738/1835/1841
f 1850/1867/1873 1851/1869/1875 1857/1870/1876 1858/1868/1874
f 1851/1869/1875 1852/1769/1775 1856/1770/1776 1857/1870/1876
f 1738/1835/1841 1858/1868/1874 1849/1871/1877 1740/1838/1844
f 1858/1868/1874 1857/1870/1876 1848/1872/1878 1849/1871/1877
f 1857/1870/1876 1856/1770/1776 1847/1764/1770 1848/1872/1878
f 1734/1746/1752 1855/1865/1871 1850/1867/1873 1736/1747/1753
f 1855/1865/1871 1854/1866/1872 1851/1869/1875 1850/1867/1873
f 1854/1866/1872 1853/1766/1772 1852/1769/1775 1851/1869/1875
f 1740/1838/1844 1849/1871/1877 1846/1873/1879 1742/1841/1847
f 1849/1871/1877 1848/1872/1878 1845/1874/1880 1846/1873/1879
f 1848/1872/1878 1847/1764/1770 1844/1762/1768 1845/1874/1880
f 1742/1841/1847 1846/1873/1879 1843/1875/1881 1744/1844/1850
f 1846/1873/1879 1845/1874/1880 1842/1876/1882 1843/1875/1881
f 1845/1874/1880 1844/1762/1768 1841/1760/1766 1842/1876/1882
f 1744/1844/1850 1843/1875/1881 1840/1877/1883 1746/1847/1853
f 1843/1875/1881 1842/1876/1882 1839/1878/1884 1840/1877/1883
f 1842/1876/1882 1841/1760/1766 1838/1752/1758 1839/1878/1884
f 1746/1847/1853 1840/1877/1883 1835/1859/1865 1748/1850/1856
f 1840/1877/1883 1839/1878/1884 1836/1861/1867 1835/1859/1865
f 1839/1878/1884 1838/1752/1758 1837/1755/1761 1836/1861/1867
f 1763/1773/1779 1892/1879/1885 1882/1880/1886 1754/1767/1773
f 1892/1879/1885 1893/1881/1887 1881/1882/1888 1882/1880/1886
f 1893/1881/1887 1894/1795/1801 1880/1784/1790 1881/1882/1888
f 1756/1771/1777 1889/1883/1889 1876/1884/1890 1757/1765/1771
f 1889/1883/1889 1890/1885/1891 1875/1886/1892 1876/1884/1890
f 1890/1885/1891 1891/1793/1799 1874/1780/1786 1875/1886/1892
f 1759/1761/1767 1886/1887/1893 1870/1888/1894 1760/1753/1759
f 1886/1887/1893 1887/1889/1895 1869/1890/1896 1870/1888/1894
f 1887/1889/1895 1888/1791/1797 1868/1756/1762 1869/1890/1896
f 1762/1775/1781 1883/1891/1897 1892/1879/1885 1763/1773/1779
f 1883/1891/1897 1884/1892/1898 1893/1881/1887 1892/1879/1885
f 1884/1892/1898 1885/1789/1795 1894/1795/1801 1893/1881/1887
f 1755/1768/1774 1877/1893/1899 1889/1883/1889 1756/1771/1777
f 1877/1893/1899 1878/1894/1900 1890/1885/1891 1889/1883/1889
f 1878/1894/1900 1879/1787/1793 1891/1793/1799 1890/1885/1891
f 1758/1763/1769 1871/1895/1901 1886/1887/1893 1759/1761/1767
f 1871/1895/1901 1872/1896/1902 1887/1889/1895 1886/1887/1893
f 1872/1896/1902 1873/1783/1789 1888/1791/1797 1887/1889/1895
f 1761/1754/1760 1865/1897/1903 1883/1891/1897 1762/1775/1781
f 1865/1897/1903 1866/1898/1904 1884/1892/1898 1883/1891/1897
f 1866/1898/1904 1867/1759/1765 1885/1789/1795 1884/1892/1898
f 1754/1767/1773 1882/1880/1886 1877/1893/1899 1755/1768/1774
f 1882/1880/1886 1881/1882/1888 1878/1894/1900 1877/1893/1899
f 1881/1882/1888 1880/1784/1790 1879/1787/1793 1878/1894/1900
f 1757/1765/1771 1876/1884/1890 1871/1895/1901 1758/1763/1769
f 1876/1884/1890 1875/1886/1892 1872/1896/1902 1871/1895/1901
f 1875/1886/1892 1874/1780/1786 1873/1783/1789 1872/1896/1902
f 1760/1753/1759 1870/1888/1894 1865/1897/1903 1761/1754/1760
f 1870/1888/1894 1869/1890/1896 1866/1898/1904 1865/1897/1903
f 1869/1890/1896 1868/1756/1762 1867/1759/1765 1866/1898/1904
f 1770/1757/1763 1922/1899/1905 1912/1900/1906 1771/1758/1764
f 1922/1899/1905 1923/1901/1907 1911/1902/1908 1912/1900/1906
f 1923/1901/1907 1924/1813/1819 1910/1802/1808 1911/1902/1908
f 1773/1794/1800 1919/1903/1909 1906/1904/1910 1764/1785/1791
f 1919/1903/1909 1920/1905/1911 1905/1906/1912 1906/1904/1910
f 1920/1905/1911 1921/1811/1817 1904/1800/1806 1905/1906/1912
f 1766/1792/1798 1916/1907/1913 1900/1908/1914 1767/1781/1787
f 1916/1907/1913 1917/1909/1915 1899/1910/1916 1900/1908/1914
f 1917/1909/1915 1918/1809/1815 1898/1776/1782 1899/1910/1916
f 1769/1790/1796 1913/1911/1917 1922/1899/1905 1770/1757/1763
f 1913/1911/1917 1914/1912/1918 1923/1901/1907 1922/1899/1905
f 1914/1912/1918 1915/1807/1813 1924/1813/1819 1923/1901/1907
f 1772/1788/1794 1907/1913/1919 1919/1903/1909 1773/1794/1800
f 1907/1913/1919 1908/1914/1920 1920/1905/1911 1919/1903/1909
f 1908/1914/1920 1909/1805/1811 1921/1811/1817 1920/1905/1911
f 1765/1786/1792 1901/1915/1921 1916/1907/1913 1766/1792/1798
f 1901/1915/1921 1902/1916/1922 1917/1909/1915 1916/1907/1913
f 1902/1916/1922 1903/1801/1807 1918/1809/1815 1917/1909/1915
f 1768/1782/1788 1895/1917/1923 1913/1911/1917 1769/1790/1796
f 1895/1917/1923 1896/1918/1924 1914/1912/1918 1913/1911/1917
f 1896/1918/1924 1897/1779/1785 1915/1807/1813 1914/1912/1918
f 1771/1758/1764 1912/1900/1906 1907/1913/1919 1772/1788/1794
f 1912/1900/1906 1911/1902/1908 1908/1914/1920 1907/1913/1919
f 1911/1902/1908 1910/1802/1808 1909/1805/1811 1908/1914/1920
f 1764/1785/1791 1906/1904/1910 1901/1915/1921 1765/1786/1792
f 1906/1904/1910 1905/1906/1912 1902/1916/1922 1901/1915/1921
f 1905/1906/1912 1904/1800/1806 1903/1801/1807 1902/1916/1922
f 1767/1781/1787 1900/1908/1914 1895/1917/1923 1768/1782/1788
f 1900/1908/1914 1899/1910/1916 1896/1918/1924 1895/1917/1923
f 1899/1910/1916 1898/1776/1782 1897/1779/1785 1896/1918/1924
f 1925/1919/1925 1926/1920/1926 1927/1921/1927 1928/1922/1928
f 1927/1921/1927 1930/1923/1929 1929/1924/1930 1928/1922/1928
f 1929/1924/1930 1930/1923/1929 1931/1925/1931 1932/1926/1932
f 1931/1925/1931 1933/1927/1933 1934/1928/1934 1932/1926/1932
f 1934/1928/1934 1933/1927/1933 1944/1929/1935 1935/1930/1936
f 1925/1919/1925 1936/1931/1937 1937/1932/1938 1926/1920/1926
f 1936/1931/1937 1938/1933/1939 1939/1934/1940 1937/1932/1938
f 1938/1933/1939 1940/1935/1941 1941/1936/1942 1939/1934/1940
f 1941/1936/1942 1940/1935/1941 1943/1937/1943 1942/1938/1944
f 1942/1938/1944 1943/1937/1943 1935/1930/1936 1944/1929/1935
f 1944/1929/1935 1933/1927/1933 1949/1939/1945 1954/1940/1946
f 1927/1921/1927 1926/1920/1926 1945/1941/1947 1946/1942/1948
f 1942/1938/1944 1944/1929/1935 1954/1940/1946 1953/1943/1949
f 1930/1923/1929 1927/1921/1927 1946/1942/1948 1947/1944/1950
f 1941/1936/1942 1942/1938/1944 1953/1943/1949 1952/1945/1951
f 1931/1925/1931 1930/1923/1929 1947/1944/1950 1948/1946/1952
f 1939/1934/1940 1941/1936/1942 1952/1945/1951 1951/1947/1953
f 1937/1932/1938 1939/1934/1940 1951/1947/1953 1950/1948/1954
f 1926/1920/1926 1937/1932/1938 1950/1948/1954 1945/1941/1947
f 1933/1927/1933 1931/1925/1931 1948/1946/1952 1949/1939/1945
f 1947/1944/1950 1946/1942/1948 1956/1949/1955 1957/1950/1956
f 1954/1940/1946 1949/1939/1945 1959/1951/1957 1964/1952/1958
f 1952/1945/1951 1953/1943/1949 1963/1953/1959 1962/1954/1960
f 1949/1939/1945 1948/1946/1952 1958/1955/1961 1959/1951/1957
f 1946/1942/1948 1945/1941/1947 1955/1956/1962 1956/1949/1955
f 1951/1947/1953 1952/1945/1951 1962/1954/1960 1961/1957/1963
f 1945/1941/1947 1950/1948/1954 1960/1958/1964 1955/1956/1962
f 1953/1943/1949 1954/1940/1946 1964/1952/1958 1963/1953/1959
f 1948/1946/1952 1947/1944/1950 1957/1950/1956 1958/1955/1961
f 1950/1948/1954 1951/1947/1953 1961/1957/1963 1960/1958/1964
f 1962/1954/1960 1963/1953/1959 1973/1959/1965 1972/1960/1966
f 1959/1951/1957 1958/1955/1961 1968/1961/1967 1969/1962/1968
f 1958/1955/1961 1957/1950/1956 1967/1963/1969 1968/1961/1967
f 1961/1957/1963 1962/1954/1960 1972/1960/1966 1971/1964/1970
f 1955/1956/1962 1960/1958/1964 1970/1965/1971 1965/1966/1972
f 1956/1949/1955 1955/1956/1962 1965/1966/1972 1966/1967/1973
f 1963/1953/1959 1964/1952/1958 1974/1968/1974 1973/1959/1965
f 1960/1958/1964 1961/1957/1963 1971/1964/1970 1970/1965/1971
f 1957/1950/1956 1956/1949/1955 1966/1967/1973 1967/1963/1969
f 1964/1952/1958 1959/1951/1957 1969/1962/1968 1974/1968/1974
f 1969/1962/1968 1968/1961/1967 1975/1969/1975
f 1968/1961/1967 1967/1963/1969 1975/1969/1975
f 1971/1964/1970 1972/1960/1966 1975/1969/1975
f 1965/1966/1972 1970/1965/1971 1975/1969/1975
f 1966/1967/1973 1965/1966/1972 1975/1969/1975
f 1973/1959/1965 1974/1968/1974 1975/1969/1975
f 1970/1965/1971 1971/1964/1970 1975/1969/1975
f 1967/1963/1969 1966/1967/1973 1975/1969/1975
f 1974/1968/1974 1969/1962/1968 1975/1969/1975
f 1972/1960/1966 1973/1959/1965 1975/1969/1975
f 1928/1922/1928 1929/1924/1930 1982/1970/1976 1983/1971/1977
f 1983/1971/1977 1982/1970/1976 2083/1972/1978 1981/1973/1979
f 2083/1972/1978 1979/1974/1980 1980/1975/1981 1981/1973/1979
f 1935/1930/1936 1978/1976/1982 1977/1977/1983 1934/1928/1934
f 1977/1977/1983 1978/1976/1982 1984/1978/1984 1976/1979/1985
f 1976/1979/1985 1984/1978/1984 1985/1980/1986 1986/1981/1987
f 1985/1980/1986 1987/1982/1988 1988/1983/1989 1986/1981/1987
f 1988/1983/1989 1987/1982/1988 1990/1984/1990 1989/1985/1991
f 1989/1985/1991 1990/1984/1990 1991/1986/1992 1992/1987/1993
f 1943/1937/1943 1940/1935/1941 1994/1988/1994 1993/1989/1995
f 1993/1989/1995 1994/1988/1994 1995/1990/1996 1996/1991/1997
f 1996/1991/1997 1995/1990/1996 1998/1992/1998 1997/1993/1999
f 1997/1993/1999 1998/1992/1998 1992/1987/1993 1991/1986/1992
f 2033/1994/2000 2034/1995/2001 2002/1996/2002 2003/1997/2003
f 2035/1998/2004 2036/1999/2005 2007/2000/2006 2000/2001/2007
f 2037/2002/2008 2038/2003/2009 2004/2004/2010 2005/2005/2011
f 2039/2006/2012 2037/2002/2008 2005/2005/2011 2006/2007/2013
f 2040/2008/2014 2041/2009/2015 1999/2010/2016 2001/2011/2017
f 2042/2012/2018 2043/2013/2019 2009/2014/2020 2008/2015/2021
f 2043/2013/2019 2039/2006/2012 2006/2007/2013 2009/2014/2020
f 2034/1995/2001 2040/2008/2014 2001/2011/2017 2002/1996/2002
f 2036/1999/2005 2042/2012/2018 2008/2015/2021 2007/2000/2006
f 2041/2009/2015 2035/1998/2004 2000/2001/2007 1999/2010/2016
f 2038/2003/2009 2033/1994/2000 2003/1997/2003 2004/2004/2010
f 2005/2005/2011 2004/2004/2010 2015/2016/2022 2016/2017/2023
f 2003/1997/2003 2002/1996/2002 2013/2018/2024 2014/2019/2025
f 2009/2014/2020 2006/2007/2013 2017/2020/2026 2020/2021/2027
f 1999/2010/2016 2000/2001/2007 2011/2022/2028 2010/2023/2029
f 2000/2001/2007 2007/2000/2006 2018/2024/2030 2011/2022/2028
f 2004/2004/2010 2003/1997/2003 2014/2019/2025 2015/2016/2022
f 2006/2007/2013 2005/2005/2011 2016/2017/2023 2017/2020/2026
f 2008/2015/2021 2009/2014/2020 2020/2021/2027 2019/2025/2031
f 2001/2011/2017 1999/2010/2016 2010/2023/2029 2012/2026/2032
f 2002/1996/2002 2001/2011/2017 2012/2026/2032 2013/2018/2024
f 2007/2000/2006 2008/2015/2021 2019/2025/2031 2018/2024/2030
f 2017/2020/2026 2016/2017/2023 2027/2027/2033 2028/2028/2034
f 2019/2025/2031 2020/2021/2027 2031/2029/2035 2030/2030/2036
f 2012/2026/2032 2010/2023/2029 2021/2031/2037 2023/2032/2038
f 2013/2018/2024 2012/2026/2032 2023/2032/2038 2024/2033/2039
f 2018/2024/2030 2019/2025/2031 2030/2030/2036 2029/2034/2040
f 2016/2017/2023 2015/2016/2022 2026/2035/2041 2027/2027/2033
f 2014/2019/2025 2013/2018/2024 2024/2033/2039 2025/2036/2042
f 2020/2021/2027 2017/2020/2026 2028/2028/2034 2031/2029/2035
f 2010/2023/2029 2011/2022/2028 2022/2037/2043 2021/2031/2037
f 2011/2022/2028 2018/2024/2030 2029/2034/2040 2022/2037/2043
f 2015/2016/2022 2014/2019/2025 2025/2036/2042 2026/2035/2041
f 2027/2027/2033 2026/2035/2041 2032/2038/2044
f 2025/2036/2042 2024/2033/2039 2032/2038/2044
f 2031/2029/2035 2028/2028/2034 2032/2038/2044
f 2021/2031/2037 2022/2037/2043 2032/2038/2044
f 2022/2037/2043 2029/2034/2040 2032/2038/2044
f 2026/2035/2041 2025/2036/2042 2032/2038/2044
f 2028/2028/2034 2027/2027/2033 2032/2038/2044
f 2030/2030/2036 2031/2029/2035 2032/2038/2044
f 2023/2032/2038 2021/2031/2037 2032/2038/2044
f 2024/2033/2039 2023/2032/2038 2032/2038/2044
f 2029/2034/2040 2030/2030/2036 2032/2038/2044
f 1987/1982/1988 1985/1980/1986 2033/1994/2000 2038/2003/2009
f 1935/1930/1936 1943/1937/1943 2035/1998/2004 2041/2009/2015
f 1993/1989/1995 1996/1991/1997 2042/2012/2018 2036/1999/2005
f 1984/1978/1984 1978/1976/1982 2040/2008/2014 2034/1995/2001
f 1997/1993/1999 1991/1986/1992 2039/2006/2012 2043/2013/2019
f 1996/1991/1997 1997/1993/1999 2043/2013/2019 2042/2012/2018
f 1978/1976/1982 1935/1930/1936 2041/2009/2015 2040/2008/2014
f 1991/1986/1992 1990/1984/1990 2037/2002/2008 2039/2006/2012
f 1990/1984/1990 1987/1982/1988 2038/2003/2009 2037/2002/2008
f 1943/1937/1943 1993/1989/1995 2036/1999/2005 2035/1998/2004
f 1985/1980/1986 1984/1978/1984 2034/1995/2001 2033/1994/2000
f 1998/1992/1998 2044/2039/2045 2045/2040/2046 1992/1987/1993
f 2044/2039/2045 2046/2041/2047 2047/2042/2048 2045/2040/2046
f 2046/2041/2047 2048/2043/2049 2049/2044/2050 2047/2042/2048
f 1989/1985/1991 2050/2045/2051 2051/2046/2052 1988/1983/1989
f 2051/2046/2052 2052/2047/2053 1986/1981/1987 1988/1983/1989
f 2052/2047/2053 2053/2048/2054 1976/1979/1985 1986/1981/1987
f 2053/2048/2054 2052/2047/2053 2056/2049/2055 2084/2050/2056
f 2052/2047/2053 2051/2046/2052 2055/2051/2057 2056/2049/2055
f 2051/2046/2052 2050/2045/2051 2054/2052/2058 2055/2051/2057
f 2084/2050/2056 2056/2049/2055 2059/2053/2059 2060/2054/2060
f 2055/2051/2057 2054/2052/2058 2057/2055/2061 2058/2056/2062
f 2056/2049/2055 2055/2051/2057 2058/2056/2062 2059/2053/2059
f 2060/2054/2060 2059/2053/2059 2063/2057/2063 2093/2058/2064
f 2058/2056/2062 2057/2055/2061 2061/2059/2065 2062/2060/2066
f 2059/2053/2059 2058/2056/2062 2062/2060/2066 2063/2057/2063
f 2093/2058/2064 2063/2057/2063 2067/2061/2067 2068/2062/2068
f 2062/2060/2066 2061/2059/2065 2065/2063/2069 2066/2064/2070
f 2063/2057/2063 2062/2060/2066 2066/2064/2070 2067/2061/2067
f 2068/2062/2068 2067/2061/2067 2071/2065/2071 2072/2066/2072
f 2066/2064/2070 2065/2063/2069 2069/2067/2073 2070/2068/2074
f 2067/2061/2067 2066/2064/2070 2070/2068/2074 2071/2065/2071
f 2072/2066/2072 2071/2065/2071 2075/2069/2075 2102/2070/2076
f 2070/2068/2074 2069/2067/2073 2073/2071/2077 2074/2072/2078
f 2071/2065/2071 2070/2068/2074 2074/2072/2078 2075/2069/2075
f 2102/2070/2076 2075/2069/2075 2079/2073/2079 2076/2074/2080
f 2074/2072/2078 2073/2071/2077 2077/2075/2081 2078/2076/2082
f 2075/2069/2075 2074/2072/2078 2078/2076/2082 2079/2073/2079
f 1934/1928/1934 2080/2077/2083 2081/2078/2084 1932/1926/1932
f 2081/2078/2084 1982/1970/1976 1929/1924/1930 1932/1926/1932
f 1934/1928/1934 1977/1977/1983 2082/2079/2085 2080/2077/2083
f 2082/2079/2085 1977/1977/1983 1976/1979/1985 2053/2048/2054
f 2082/2079/2085 2053/2048/2054 2084/2050/2056 2087/2080/2086
f 2081/2078/2084 2080/2077/2083 2085/2081/2087 2086/2082/2088
f 2080/2077/2083 2082/2079/2085 2087/2080/2086 2085/2081/2087
f 1982/1970/1976 2081/2078/2084 2086/2082/2088 2083/1972/1978
f 2087/2080/2086 2084/2050/2056 2060/2054/2060 2090/2083/2089
f 2083/1972/1978 2086/2082/2088 2089/2084/2090 1979/1974/1980
f 2085/2081/2087 2087/2080/2086 2090/2083/2089 2088/2085/2091
f 2086/2082/2088 2085/2081/2087 2088/2085/2091 2089/2084/2090
f 1980/1975/1981 1979/1974/1980 2091/2086/2092 2092/2087/2093
f 2088/2085/2091 2090/2083/2089 2096/2088/2094 2094/2089/2095
f 2090/2083/2089 2060/2054/2060 2093/2058/2064 2096/2088/2094
f 2089/2084/2090 2088/2085/2091 2094/2089/2095 2095/2090/2096
f 1979/1974/1980 2089/2084/2090 2095/2090/2096 2091/2086/2092
f 2094/2089/2095 2096/2088/2094 2101/2091/2097 2099/2092/2098
f 2096/2088/2094 2093/2058/2064 2068/2062/2068 2101/2091/2097
f 2092/2087/2093 2091/2086/2092 2064/2093/2099 2097/2094/2100
f 2095/2090/2096 2094/2089/2095 2099/2092/2098 2100/2095/2101
f 2091/2086/2092 2095/2090/2096 2100/2095/2101 2064/2093/2099
f 2101/2091/2097 2068/2062/2068 2072/2066/2072 2105/2096/2102
f 2100/2095/2101 2099/2092/2098 2103/2097/2103 2104/2098/2104
f 2064/2093/2099 2100/2095/2101 2104/2098/2104 2098/2099/2105
f 2097/2094/2100 2064/2093/2099 2098/2099/2105 2107/2100/2106
f 2099/2092/2098 2101/2091/2097 2105/2096/2102 2103/2097/2103
f 2105/2096/2102 2072/2066/2072 2102/2070/2076 2108/2101/2107
f 2103/2097/2103 2105/2096/2102 2108/2101/2107 2106/2102/2108
f 2104/2098/2104 2103/2097/2103 2106/2102/2108 2098/2099/2105
f 2108/2101/2107 2102/2070/2076 2076/2074/2080 2110/2103/2109
f 2106/2102/2108 2108/2101/2107 2110/2103/2109 2109/2104/2110
f 2098/2099/2105 2106/2102/2108 2109/2104/2110 2107/2100/2106
f 2061/2059/2065 2057/2055/2061 2111/2105/2111 2112/2106/2112
f 2065/2063/2069 2061/2059/2065 2112/2106/2112 2113/2107/2113
f 2077/2075/2081 2073/2071/2077 2115/2108/2114 2116/2109/2115
f 2069/2067/2073 2065/2063/2069 2113/2107/2113 2114/2110/2116
f 2073/2071/2077 2069/2067/2073 2114/2110/2116 2115/2108/2114
f 2116/2109/2115 2115/2108/2114 2121/2111/2117 2122/2112/2118
f 2114/2110/2116 2113/2107/2113 2119/2113/2119 2120/2114/2120
f 2112/2106/2112 2111/2105/2111 2117/2115/2121 2118/2116/2122
f 2115/2108/2114 2114/2110/2116 2120/2114/2120 2121/2111/2117
f 2113/2107/2113 2112/2106/2112 2118/2116/2122 2119/2113/2119
f 2122/2112/2118 2121/2111/2117 2127/2117/2123 2128/2118/2124
f 2120/2114/2120 2119/2113/2119 2125/2119/2125 2126/2120/2126
f 2118/2116/2122 2117/2115/2121 2123/2121/2127 2124/2122/2128
f 2121/2111/2117 2120/2114/2120 2126/2120/2126 2127/2117/2123
f 2119/2113/2119 2118/2116/2122 2124/2122/2128 2125/2119/2125
f 2128/2118/2124 2127/2117/2123 2130/2123/2129 2129/2124/2130
f 2130/2123/2129 2127/2117/2123 2126/2120/2126 2125/2119/2125
f 2129/2124/2130 2130/2123/2129 2132/2125/2131 2131/2126/2132
f 2132/2125/2131 2130/2123/2129 2125/2119/2125 2124/2122/2128
f 2123/2121/2127 2133/2127/2133 2132/2125/2131 2124/2122/2128
f 2133/2127/2133 2134/2128/2134 2131/2126/2132 2132/2125/2131
f 1992/1987/1993 2135/2129/2135 2136/2130/2136 1989/1985/1991
f 2136/2130/2136 2135/2129/2135 2140/2131/2137 2137/2132/2138
f 2140/2131/2137 2117/2115/2121 2111/2105/2111 2137/2132/2138
f 2137/2132/2138 2111/2105/2111 2057/2055/2061 2054/2052/2058
f 2054/2052/2058 2050/2045/2051 2136/2130/2136 2137/2132/2138
f 1989/1985/1991 2136/2130/2136 2050/2045/2051
f 2049/2044/2050 2138/2133/2139 2144/2134/2140 2047/2042/2048
f 2144/2134/2140 2138/2133/2139 2139/2135/2141 2142/2136/2142
f 2139/2135/2141 2134/2128/2134 2133/2127/2133 2142/2136/2142
f 2133/2127/2133 2123/2121/2127 2141/2137/2143 2142/2136/2142
f 2123/2121/2127 2117/2115/2121 2140/2131/2137 2141/2137/2143
f 2142/2136/2142 2141/2137/2143 2143/2138/2144 2144/2134/2140
f 2141/2137/2143 2140/2131/2137 2135/2129/2135 2143/2138/2144
f 2135/2129/2135 1992/1987/1993 2045/2040/2046 2143/2138/2144
f 2143/2138/2144 2045/2040/2046 2047/2042/2048 2144/2134/2140
f 1936/1931/1937 2145/2139/2145 1938/1933/1939
f 2145/2139/2145 2146/2140/2146 2147/2141/2147 1938/1933/1939
f 1938/1933/1939 2147/2141/2147 1994/1988/1994 1940/1935/1941
f 2048/2043/2049 2046/2041/2047 2150/2142/2148 2151/2143/2149
f 2046/2041/2047 2044/2039/2045 2149/2144/2150 2150/2142/2148
f 2044/2039/2045 1998/1992/1998 2148/2145/2151 2149/2144/2150
f 2193/2146/2152 2194/2147/2153 2154/2148/2154 2155/2149/2155
f 2194/2147/2153 2195/2150/2156 2153/2151/2157 2154/2148/2154
f 2195/2150/2156 2196/2152/2158 2152/2153/2159 2153/2151/2157
f 2155/2149/2155 2154/2148/2154 2158/2154/2160 2159/2155/2161
f 2154/2148/2154 2153/2151/2157 2157/2156/2162 2158/2154/2160
f 2153/2151/2157 2152/2153/2159 2156/2157/2163 2157/2156/2162
f 2159/2155/2161 2158/2154/2160 2162/2158/2164 2163/2159/2165
f 2158/2154/2160 2157/2156/2162 2156/2157/2163 2162/2158/2164
f 2156/2157/2163 2160/2160/2166 2173/2161/2167 2162/2158/2164
f 2209/2162/2168 2207/2163/2169 2164/2164/2170 2165/2165/2171
f 2203/2166/2172 2204/2167/2173 2166/2168/2174 2167/2169/2175
f 2201/2170/2176 2199/2171/2177 2168/2172/2178 2180/2173/2179
f 2180/2173/2179 2168/2172/2178 2170/2174/2180 2171/2175/2181
f 2171/2175/2181 2170/2174/2180 2172/2176/2182 2173/2161/2167
f 2173/2161/2167 2172/2176/2182 2163/2159/2165 2162/2158/2164
f 1995/1990/1996 2161/2177/2183 2148/2145/2151 1998/1992/1998
f 2197/2178/2184 2174/2179/2185 2152/2153/2159 2196/2152/2158
f 2174/2179/2185 2175/2180/2186 2176/2181/2187 2152/2153/2159
f 2176/2181/2187 2175/2180/2186 2178/2182/2188 2177/2183/2189
f 2178/2182/2188 2179/2184/2190 2180/2173/2179 2177/2183/2189
f 2200/2185/2191 2169/2186/2192 2167/2169/2175 2201/2170/2176
f 2205/2187/2193 2181/2188/2194 2165/2165/2171 2203/2166/2172
f 2184/2189/2195 1994/1988/1994 2147/2141/2147 2182/2190/2196
f 2208/2191/2197 2184/2189/2195 2182/2190/2196 2209/2162/2168
f 2147/2141/2147 2146/2140/2146 2183/2192/2198 2182/2190/2196
f 2161/2177/2183 1995/1990/1996 1994/1988/1994 2184/2189/2195
f 2232/2193/2199 2224/2194/2200 2190/2195/2201 2202/2196/2202
f 2225/2197/2203 2226/2198/2204 2192/2199/2205 2185/2200/2206
f 2233/2201/2207 2223/2202/2208 2186/2203/2209 2206/2204/2210
f 2224/2194/2200 2228/2205/2211 2189/2206/2212 2190/2195/2201
f 2231/2207/2213 2225/2197/2203 2185/2200/2206 2198/2208/2214
f 2234/2209/2215 2227/2210/2216 2191/2211/2217 2210/2212/2218
f 2230/2213/2219 2229/2214/2220 2187/2215/2221 2188/2216/2222
f 2228/2205/2211 2230/2213/2219 2188/2216/2222 2189/2206/2212
f 2229/2214/2220 2231/2207/2213 2198/2208/2214 2187/2215/2221
f 2161/2177/2183 2197/2178/2184 2196/2152/2158 2148/2145/2151
f 2149/2144/2150 2148/2145/2151 2196/2152/2158 2195/2150/2156
f 2150/2142/2148 2149/2144/2150 2195/2150/2156 2194/2147/2153
f 2151/2143/2149 2150/2142/2148 2194/2147/2153 2193/2146/2152
f 2223/2202/2208 2232/2193/2199 2202/2196/2202 2186/2203/2209
f 2179/2184/2190 2200/2185/2191 2201/2170/2176 2180/2173/2179
f 2167/2169/2175 2166/2168/2174 2199/2171/2177 2201/2170/2176
f 2227/2210/2216 2233/2201/2207 2206/2204/2210 2191/2211/2217
f 2169/2186/2192 2205/2187/2193 2203/2166/2172 2167/2169/2175
f 2165/2165/2171 2164/2164/2170 2204/2167/2173 2203/2166/2172
f 2226/2198/2204 2234/2209/2215 2210/2212/2218 2192/2199/2205
f 2181/2188/2194 2208/2191/2197 2209/2162/2168 2165/2165/2171
f 2182/2190/2196 2183/2192/2198 2207/2163/2169 2209/2162/2168
f 2192/2199/2205 2210/2212/2218 2222/2217/2223 2218/2218/2224
f 2187/2215/2221 2198/2208/2214 2219/2219/2225 2213/2220/2226
f 2185/2200/2206 2192/2199/2205 2218/2218/2224 2211/2221/2227
f 2190/2195/2201 2189/2206/2212 2215/2222/2228 2216/2223/2229
f 2198/2208/2214 2185/2200/2206 2211/2221/2227 2219/2219/2225
f 2191/2211/2217 2206/2204/2210 2221/2224/2230 2217/2225/2231
f 2189/2206/2212 2188/2216/2222 2214/2226/2232 2215/2222/2228
f 2186/2203/2209 2202/2196/2202 2220/2227/2233 2212/2228/2234
f 2210/2212/2218 2191/2211/2217 2217/2225/2231 2222/2217/2223
f 2202/2196/2202 2190/2195/2201 2216/2223/2229 2220/2227/2233
f 2206/2204/2210 2186/2203/2209 2212/2228/2234 2221/2224/2230
f 2188/2216/2222 2187/2215/2221 2213/2220/2226 2214/2226/2232
f 2184/2189/2195 2208/2191/2197 2234/2209/2215 2226/2198/2204
f 2181/2188/2194 2205/2187/2193 2233/2201/2207 2227/2210/2216
f 2169/2186/2192 2200/2185/2191 2232/2193/2199 2223/2202/2208
f 2174/2179/2185 2197/2178/2184 2231/2207/2213 2229/2214/2220
f 2178/2182/2188 2175/2180/2186 2230/2213/2219 2228/2205/2211
f 2175/2180/2186 2174/2179/2185 2229/2214/2220 2230/2213/2219
f 2208/2191/2197 2181/2188/2194 2227/2210/2216 2234/2209/2215
f 2197/2178/2184 2161/2177/2183 2225/2197/2203 2231/2207/2213
f 2179/2184/2190 2178/2182/2188 2228/2205/2211 2224/2194/2200
f 2205/2187/2193 2169/2186/2192 2223/2202/2208 2233/2201/2207
f 2161/2177/2183 2184/2189/2195 2226/2198/2204 2225/2197/2203
f 2200/2185/2191 2179/2184/2190 2224/2194/2200 2232/2193/2199
f 2160/2160/2166 2156/2157/2163 2152/2153/2159 2176/2181/2187
f 2177/2183/2189 2180/2173/2179 2171/2175/2181 2235/2229/2235
f 2235/2229/2235 2171/2175/2181 2173/2161/2167 2160/2160/2166
f 2160/2160/2166 2176/2181/2187 2177/2183/2189 2235/2229/2235
f 1925/1919/1925 1928/1922/1928 2237/2230/2236 2236/2231/2237
f 2237/2230/2236 1928/1922/1928 2238/2232/2238 2239/2233/2239
f 2238/2232/2238 2241/2234/2240 2240/2235/2241 2239/2233/2239
f 2240/2235/2241 2241/2234/2240 2243/2236/2242 2242/2237/2243
f 2243/2236/2242 2244/2238/2244 2252/2239/2245 2242/2237/2243
f 1925/1919/1925 2236/2231/2237 2245/2240/2246 1936/1931/1937
f 1936/1931/1937 2245/2240/2246 2247/2241/2247 2246/2242/2248
f 2246/2242/2248 2247/2241/2247 2249/2243/2249 2248/2244/2250
f 2249/2243/2249 2250/2245/2251 2251/2246/2252 2248/2244/2250
f 2250/2245/2251 2252/2239/2245 2244/2238/2244 2251/2246/2252
f 2252/2239/2245 2262/2247/2253 2257/2248/2254 2242/2237/2243
f 2237/2230/2236 2254/2249/2255 2253/2250/2256 2236/2231/2237
f 2250/2245/2251 2261/2251/2257 2262/2247/2253 2252/2239/2245
f 2239/2233/2239 2255/2252/2258 2254/2249/2255 2237/2230/2236
f 2249/2243/2249 2260/2253/2259 2261/2251/2257 2250/2245/2251
f 2240/2235/2241 2256/2254/2260 2255/2252/2258 2239/2233/2239
f 2247/2241/2247 2259/2255/2261 2260/2253/2259 2249/2243/2249
f 2245/2240/2246 2258/2256/2262 2259/2255/2261 2247/2241/2247
f 2236/2231/2237 2253/2250/2256 2258/2256/2262 2245/2240/2246
f 2242/2237/2243 2257/2248/2254 2256/2254/2260 2240/2235/2241
f 2255/2252/2258 2265/2257/2263 2264/2258/2264 2254/2249/2255
f 2262/2247/2253 2272/2259/2265 2267/2260/2266 2257/2248/2254
f 2260/2253/2259 2270/2261/2267 2271/2262/2268 2261/2251/2257
f 2257/2248/2254 2267/2260/2266 2266/2263/2269 2256/2254/2260
f 2254/2249/2255 2264/2258/2264 2263/2264/2270 2253/2250/2256
f 2259/2255/2261 2269/2265/2271 2270/2261/2267 2260/2253/2259
f 2253/2250/2256 2263/2264/2270 2268/2266/2272 2258/2256/2262
f 2261/2251/2257 2271/2262/2268 2272/2259/2265 2262/2247/2253
f 2256/2254/2260 2266/2263/2269 2265/2257/2263 2255/2252/2258
f 2258/2256/2262 2268/2266/2272 2269/2265/2271 2259/2255/2261
f 2270/2261/2267 2280/2267/2273 2281/2268/2274 2271/2262/2268
f 2267/2260/2266 2277/2269/2275 2276/2270/2276 2266/2263/2269
f 2266/2263/2269 2276/2270/2276 2275/2271/2277 2265/2257/2263
f 2269/2265/2271 2279/2272/2278 2280/2267/2273 2270/2261/2267
f 2263/2264/2270 2273/2273/2279 2278/2274/2280 2268/2266/2272
f 2264/2258/2264 2274/2275/2281 2273/2273/2279 2263/2264/2270
f 2271/2262/2268 2281/2268/2274 2282/2276/2282 2272/2259/2265
f 2268/2266/2272 2278/2274/2280 2279/2272/2278 2269/2265/2271
f 2265/2257/2263 2275/2271/2277 2274/2275/2281 2264/2258/2264
f 2272/2259/2265 2282/2276/2282 2277/2269/2275 2267/2260/2266
f 2277/2269/2275 2283/2277/2283 2276/2270/2276
f 2276/2270/2276 2283/2277/2283 2275/2271/2277
f 2279/2272/2278 2283/2277/2283 2280/2267/2273
f 2273/2273/2279 2283/2277/2283 2278/2274/2280
f 2274/2275/2281 2283/2277/2283 2273/2273/2279
f 2281/2268/2274 2283/2277/2283 2282/2276/2282
f 2278/2274/2280 2283/2277/2283 2279/2272/2278
f 2275/2271/2277 2283/2277/2283 2274/2275/2281
f 2282/2276/2282 2283/2277/2283 2277/2269/2275
f 2280/2267/2273 2283/2277/2283 2281/2268/2274
f 1928/1922/1928 1983/1971/1977 2288/2278/2284 2238/2232/2238
f 1983/1971/1977 1981/1973/1979 2382/2279/2285 2288/2278/2284
f 2382/2279/2285 1981/1973/1979 1980/1975/1981 2287/2280/2286
f 2244/2238/2244 2243/2236/2242 2285/2281/2287 2286/2282/2288
f 2285/2281/2287 2284/2283/2289 2289/2284/2290 2286/2282/2288
f 2284/2283/2289 2291/2285/2291 2290/2286/2292 2289/2284/2290
f 2290/2286/2292 2291/2285/2291 2293/2287/2293 2292/2288/2294
f 2293/2287/2293 2294/2289/2295 2295/2290/2296 2292/2288/2294
f 2294/2289/2295 2297/2291/2297 2296/2292/2298 2295/2290/2296
f 2251/2246/2252 2298/2293/2299 2299/2294/2300 2248/2244/2250
f 2298/2293/2299 2301/2295/2301 2300/2296/2302 2299/2294/2300
f 2301/2295/2301 2302/2297/2303 2303/2298/2304 2300/2296/2302
f 2302/2297/2303 2296/2292/2298 2297/2291/2297 2303/2298/2304
f 2338/2299/2305 2308/2300/2306 2307/2301/2307 2339/2302/2308
f 2340/2303/2309 2305/2304/2310 2312/2305/2311 2341/2306/2312
f 2342/2307/2313 2310/2308/2314 2309/2309/2315 2343/2310/2316
f 2344/2311/2317 2311/2312/2318 2310/2308/2314 2342/2307/2313
f 2345/2313/2319 2306/2314/2320 2304/2315/2321 2346/2316/2322
f 2347/2317/2323 2313/2318/2324 2314/2319/2325 2348/2320/2326
f 2348/2320/2326 2314/2319/2325 2311/2312/2318 2344/2311/2317
f 2339/2302/2308 2307/2301/2307 2306/2314/2320 2345/2313/2319
f 2341/2306/2312 2312/2305/2311 2313/2318/2324 2347/2317/2323
f 2346/2316/2322 2304/2315/2321 2305/2304/2310 2340/2303/2309
f 2343/2310/2316 2309/2309/2315 2308/2300/2306 2338/2299/2305
f 2310/2308/2314 2321/2321/2327 2320/2322/2328 2309/2309/2315
f 2308/2300/2306 2319/2323/2329 2318/2324/2330 2307/2301/2307
f 2314/2319/2325 2325/2325/2331 2322/2326/2332 2311/2312/2318
f 2304/2315/2321 2315/2327/2333 2316/2328/2334 2305/2304/2310
f 2305/2304/2310 2316/2328/2334 2323/2329/2335 2312/2305/2311
f 2309/2309/2315 2320/2322/2328 2319/2323/2329 2308/2300/2306
f 2311/2312/2318 2322/2326/2332 2321/2321/2327 2310/2308/2314
f 2313/2318/2324 2324/2330/2336 2325/2325/2331 2314/2319/2325
f 2306/2314/2320 2317/2331/2337 2315/2327/2333 2304/2315/2321
f 2307/2301/2307 2318/2324/2330 2317/2331/2337 2306/2314/2320
f 2312/2305/2311 2323/2329/2335 2324/2330/2336 2313/2318/2324
f 2322/2326/2332 2333/2332/2338 2332/2333/2339 2321/2321/2327
f 2324/2330/2336 2335/2334/2340 2336/2335/2341 2325/2325/2331
f 2317/2331/2337 2328/2336/2342 2326/2337/2343 2315/2327/2333
f 2318/2324/2330 2329/2338/2344 2328/2336/2342 2317/2331/2337
f 2323/2329/2335 2334/2339/2345 2335/2334/2340 2324/2330/2336
f 2321/2321/2327 2332/2333/2339 2331/2340/2346 2320/2322/2328
f 2319/2323/2329 2330/2341/2347 2329/2338/2344 2318/2324/2330
f 2325/2325/2331 2336/2335/2341 2333/2332/2338 2322/2326/2332
f 2315/2327/2333 2326/2337/2343 2327/2342/2348 2316/2328/2334
f 2316/2328/2334 2327/2342/2348 2334/2339/2345 2323/2329/2335
f 2320/2322/2328 2331/2340/2346 2330/2341/2347 2319/2323/2329
f 2332/2333/2339 2337/2343/2349 2331/2340/2346
f 2330/2341/2347 2337/2343/2349 2329/2338/2344
f 2336/2335/2341 2337/2343/2349 2333/2332/2338
f 2326/2337/2343 2337/2343/2349 2327/2342/2348
f 2327/2342/2348 2337/2343/2349 2334/2339/2345
f 2331/2340/2346 2337/2343/2349 2330/2341/2347
f 2333/2332/2338 2337/2343/2349 2332/2333/2339
f 2335/2334/2340 2337/2343/2349 2336/2335/2341
f 2328/2336/2342 2337/2343/2349 2326/2337/2343
f 2329/2338/2344 2337/2343/2349 2328/2336/2342
f 2334/2339/2345 2337/2343/2349 2335/2334/2340
f 2292/2288/2294 2343/2310/2316 2338/2299/2305 2290/2286/2292
f 2244/2238/2244 2346/2316/2322 2340/2303/2309 2251/2246/2252
f 2298/2293/2299 2341/2306/2312 2347/2317/2323 2301/2295/2301
f 2289/2284/2290 2339/2302/2308 2345/2313/2319 2286/2282/2288
f 2302/2297/2303 2348/2320/2326 2344/2311/2317 2296/2292/2298
f 2301/2295/2301 2347/2317/2323 2348/2320/2326 2302/2297/2303
f 2286/2282/2288 2345/2313/2319 2346/2316/2322 2244/2238/2244
f 2296/2292/2298 2344/2311/2317 2342/2307/2313 2295/2290/2296
f 2295/2290/2296 2342/2307/2313 2343/2310/2316 2292/2288/2294
f 2251/2246/2252 2340/2303/2309 2341/2306/2312 2298/2293/2299
f 2290/2286/2292 2338/2299/2305 2339/2302/2308 2289/2284/2290
f 2303/2298/2304 2297/2291/2297 2350/2344/2350 2349/2345/2351
f 2349/2345/2351 2350/2344/2350 2352/2346/2352 2351/2347/2353
f 2351/2347/2353 2352/2346/2352 2049/2044/2050 2048/2043/2049
f 2294/2289/2295 2293/2287/2293 2354/2348/2354 2353/2349/2355
f 2354/2348/2354 2293/2287/2293 2291/2285/2291 2355/2350/2356
f 2355/2350/2356 2291/2285/2291 2284/2283/2289 2356/2351/2357
f 2356/2351/2357 2383/2352/2358 2359/2353/2359 2355/2350/2356
f 2355/2350/2356 2359/2353/2359 2358/2354/2360 2354/2348/2354
f 2354/2348/2354 2358/2354/2360 2357/2355/2361 2353/2349/2355
f 2383/2352/2358 2363/2356/2362 2362/2357/2363 2359/2353/2359
f 2358/2354/2360 2361/2358/2364 2360/2359/2365 2357/2355/2361
f 2359/2353/2359 2362/2357/2363 2361/2358/2364 2358/2354/2360
f 2363/2356/2362 2391/2360/2366 2366/2361/2367 2362/2357/2363
f 2361/2358/2364 2365/2362/2368 2364/2363/2369 2360/2359/2365
f 2362/2357/2363 2366/2361/2367 2365/2362/2368 2361/2358/2364
f 2391/2360/2366 2371/2364/2370 2370/2365/2371 2366/2361/2367
f 2365/2362/2368 2369/2366/2372 2368/2367/2373 2364/2363/2369
f 2366/2361/2367 2370/2365/2371 2369/2366/2372 2365/2362/2368
f 2371/2364/2370 2375/2368/2374 2374/2369/2375 2370/2365/2371
f 2369/2366/2372 2373/2370/2376 2372/2371/2377 2368/2367/2373
f 2370/2365/2371 2374/2369/2375 2373/2370/2376 2369/2366/2372
f 2375/2368/2374 2399/2372/2378 2378/2373/2379 2374/2369/2375
f 2373/2370/2376 2377/2374/2380 2376/2375/2381 2372/2371/2377
f 2374/2369/2375 2378/2373/2379 2377/2374/2380 2373/2370/2376
f 2399/2372/2378 2076/2074/2080 2079/2073/2079 2378/2373/2379
f 2377/2374/2380 2078/2076/2082 2077/2075/2081 2376/2375/2381
f 2378/2373/2379 2079/2073/2079 2078/2076/2082 2377/2374/2380
f 2243/2236/2242 2241/2234/2240 2380/2376/2382 2379/2377/2383
f 2380/2376/2382 2241/2234/2240 2238/2232/2238 2288/2278/2284
f 2243/2236/2242 2379/2377/2383 2381/2378/2384 2285/2281/2287
f 2381/2378/2384 2356/2351/2357 2284/2283/2289 2285/2281/2287
f 2381/2378/2384 2386/2379/2385 2383/2352/2358 2356/2351/2357
f 2380/2376/2382 2385/2380/2386 2384/2381/2387 2379/2377/2383
f 2379/2377/2383 2384/2381/2387 2386/2379/2385 2381/2378/2384
f 2288/2278/2284 2382/2279/2285 2385/2380/2386 2380/2376/2382
f 2386/2379/2385 2389/2382/2388 2363/2356/2362 2383/2352/2358
f 2382/2279/2285 2287/2280/2286 2388/2383/2389 2385/2380/2386
f 2384/2381/2387 2387/2384/2390 2389/2382/2388 2386/2379/2385
f 2385/2380/2386 2388/2383/2389 2387/2384/2390 2384/2381/2387
f 1980/1975/1981 2092/2087/2093 2390/2385/2391 2287/2280/2286
f 2387/2384/2390 2392/2386/2392 2394/2387/2393 2389/2382/2388
f 2389/2382/2388 2394/2387/2393 2391/2360/2366 2363/2356/2362
f 2388/2383/2389 2393/2388/2394 2392/2386/2392 2387/2384/2390
f 2287/2280/2286 2390/2385/2391 2393/2388/2394 2388/2383/2389
f 2392/2386/2392 2396/2389/2395 2398/2390/2396 2394/2387/2393
f 2394/2387/2393 2398/2390/2396 2371/2364/2370 2391/2360/2366
f 2092/2087/2093 2097/2094/2100 2367/2391/2397 2390/2385/2391
f 2393/2388/2394 2397/2392/2398 2396/2389/2395 2392/2386/2392
f 2390/2385/2391 2367/2391/2397 2397/2392/2398 2393/2388/2394
f 2398/2390/2396 2402/2393/2399 2375/2368/2374 2371/2364/2370
f 2397/2392/2398 2401/2394/2400 2400/2395/2401 2396/2389/2395
f 2367/2391/2397 2395/2396/2402 2401/2394/2400 2397/2392/2398
f 2097/2094/2100 2107/2100/2106 2395/2396/2402 2367/2391/2397
f 2396/2389/2395 2400/2395/2401 2402/2393/2399 2398/2390/2396
f 2402/2393/2399 2404/2397/2403 2399/2372/2378 2375/2368/2374
f 2400/2395/2401 2403/2398/2404 2404/2397/2403 2402/2393/2399
f 2401/2394/2400 2395/2396/2402 2403/2398/2404 2400/2395/2401
f 2404/2397/2403 2110/2103/2109 2076/2074/2080 2399/2372/2378
f 2403/2398/2404 2109/2104/2110 2110/2103/2109 2404/2397/2403
f 2395/2396/2402 2107/2100/2106 2109/2104/2110 2403/2398/2404
f 2364/2363/2369 2406/2399/2405 2405/2400/2406 2360/2359/2365
f 2368/2367/2373 2407/2401/2407 2406/2399/2405 2364/2363/2369
f 2077/2075/2081 2116/2109/2115 2409/2402/2408 2376/2375/2381
f 2372/2371/2377 2408/2403/2409 2407/2401/2407 2368/2367/2373
f 2376/2375/2381 2409/2402/2408 2408/2403/2409 2372/2371/2377
f 2116/2109/2115 2122/2112/2118 2414/2404/2410 2409/2402/2408
f 2408/2403/2409 2413/2405/2411 2412/2406/2412 2407/2401/2407
f 2406/2399/2405 2411/2407/2413 2410/2408/2414 2405/2400/2406
f 2409/2402/2408 2414/2404/2410 2413/2405/2411 2408/2403/2409
f 2407/2401/2407 2412/2406/2412 2411/2407/2413 2406/2399/2405
f 2122/2112/2118 2128/2118/2124 2419/2409/2415 2414/2404/2410
f 2413/2405/2411 2418/2410/2416 2417/2411/2417 2412/2406/2412
f 2411/2407/2413 2416/2412/2418 2415/2413/2419 2410/2408/2414
f 2414/2404/2410 2419/2409/2415 2418/2410/2416 2413/2405/2411
f 2412/2406/2412 2417/2411/2417 2416/2412/2418 2411/2407/2413
f 2128/2118/2124 2129/2124/2130 2420/2414/2420 2419/2409/2415
f 2420/2414/2420 2417/2411/2417 2418/2410/2416 2419/2409/2415
f 2129/2124/2130 2131/2126/2132 2421/2415/2421 2420/2414/2420
f 2421/2415/2421 2416/2412/2418 2417/2411/2417 2420/2414/2420
f 2415/2413/2419 2416/2412/2418 2421/2415/2421 2422/2416/2422
f 2422/2416/2422 2421/2415/2421 2131/2126/2132 2134/2128/2134
f 2297/2291/2297 2294/2289/2295 2424/2417/2423 2423/2418/2424
f 2424/2417/2423 2425/2419/2425 2426/2420/2426 2423/2418/2424
f 2426/2420/2426 2425/2419/2425 2405/2400/2406 2410/2408/2414
f 2425/2419/2425 2357/2355/2361 2360/2359/2365 2405/2400/2406
f 2357/2355/2361 2425/2419/2425 2424/2417/2423 2353/2349/2355
f 2294/2289/2295 2353/2349/2355 2424/2417/2423
f 2049/2044/2050 2352/2346/2352 2430/2421/2427 2138/2133/2139
f 2430/2421/2427 2428/2422/2428 2139/2135/2141 2138/2133/2139
f 2139/2135/2141 2428/2422/2428 2422/2416/2422 2134/2128/2134
f 2422/2416/2422 2428/2422/2428 2427/2423/2429 2415/2413/2419
f 2415/2413/2419 2427/2423/2429 2426/2420/2426 2410/2408/2414
f 2428/2422/2428 2430/2421/2427 2429/2424/2430 2427/2423/2429
f 2427/2423/2429 2429/2424/2430 2423/2418/2424 2426/2420/2426
f 2423/2418/2424 2429/2424/2430 2350/2344/2350 2297/2291/2297
f 2429/2424/2430 2430/2421/2427 2352/2346/2352 2350/2344/2350
f 1936/1931/1937 2246/2242/2248 2145/2139/2145
f 2145/2139/2145 2246/2242/2248 2431/2425/2431 2146/2140/2146
f 2246/2242/2248 2248/2244/2250 2299/2294/2300 2431/2425/2431
f 2048/2043/2049 2151/2143/2149 2434/2426/2432 2351/2347/2353
f 2351/2347/2353 2434/2426/2432 2433/2427/2433 2349/2345/2351
f 2349/2345/2351 2433/2427/2433 2432/2428/2434 2303/2298/2304
f 2193/2146/2152 2155/2149/2155 2437/2429/2435 2467/2430/2436
f 2467/2430/2436 2437/2429/2435 2436/2431/2437 2468/2432/2438
f 2468/2432/2438 2436/2431/2437 2435/2433/2439 2469/2434/2440
f 2155/2149/2155 2159/2155/2161 2440/2435/2441 2437/2429/2435
f 2437/2429/2435 2440/2435/2441 2439/2436/2442 2436/2431/2437
f 2436/2431/2437 2439/2436/2442 2438/2437/2443 2435/2433/2439
f 2159/2155/2161 2163/2159/2165 2443/2438/2444 2440/2435/2441
f 2440/2435/2441 2443/2438/2444 2438/2437/2443 2439/2436/2442
f 2438/2437/2443 2443/2438/2444 2448/2439/2445 2441/2440/2446
f 2479/2441/2447 2444/2442/2448 2164/2164/2170 2207/2163/2169
f 2475/2443/2449 2445/2444/2450 2166/2168/2174 2204/2167/2173
f 2473/2445/2451 2455/2446/2452 2168/2172/2178 2199/2171/2177
f 2455/2446/2452 2447/2447/2453 2170/2174/2180 2168/2172/2178
f 2447/2447/2453 2448/2439/2445 2172/2176/2182 2170/2174/2180
f 2448/2439/2445 2443/2438/2444 2163/2159/2165 2172/2176/2182
f 2300/2296/2302 2303/2298/2304 2432/2428/2434 2442/2448/2454
f 2470/2449/2455 2469/2434/2440 2435/2433/2439 2449/2450/2456
f 2449/2450/2456 2435/2433/2439 2451/2451/2457 2450/2452/2458
f 2451/2451/2457 2452/2453/2459 2453/2454/2460 2450/2452/2458
f 2453/2454/2460 2452/2453/2459 2455/2446/2452 2454/2455/2461
f 2472/2456/2462 2473/2445/2451 2445/2444/2450 2446/2457/2463
f 2476/2458/2464 2475/2443/2449 2444/2442/2448 2456/2459/2465
f 2458/2460/2466 2457/2461/2467 2431/2425/2431 2299/2294/2300
f 2478/2462/2468 2479/2441/2447 2457/2461/2467 2458/2460/2466
f 2431/2425/2431 2457/2461/2467 2183/2192/2198 2146/2140/2146
f 2442/2448/2454 2458/2460/2466 2299/2294/2300 2300/2296/2302
f 2502/2463/2469 2474/2464/2470 2464/2465/2471 2494/2466/2472
f 2495/2467/2473 2459/2468/2474 2466/2469/2475 2496/2470/2476
f 2503/2471/2477 2477/2472/2478 2460/2473/2479 2493/2474/2480
f 2494/2466/2472 2464/2465/2471 2463/2475/2481 2498/2476/2482
f 2501/2477/2483 2471/2478/2484 2459/2468/2474 2495/2467/2473
f 2504/2479/2485 2480/2480/2486 2465/2481/2487 2497/2482/2488
f 2500/2483/2489 2462/2484/2490 2461/2485/2491 2499/2486/2492
f 2498/2476/2482 2463/2475/2481 2462/2484/2490 2500/2483/2489
f 2499/2486/2492 2461/2485/2491 2471/2478/2484 2501/2477/2483
f 2442/2448/2454 2432/2428/2434 2469/2434/2440 2470/2449/2455
f 2433/2427/2433 2468/2432/2438 2469/2434/2440 2432/2428/2434
f 2434/2426/2432 2467/2430/2436 2468/2432/2438 2433/2427/2433
f 2151/2143/2149 2193/2146/2152 2467/2430/2436 2434/2426/2432
f 2493/2474/2480 2460/2473/2479 2474/2464/2470 2502/2463/2469
f 2454/2455/2461 2455/2446/2452 2473/2445/2451 2472/2456/2462
f 2445/2444/2450 2473/2445/2451 2199/2171/2177 2166/2168/2174
f 2497/2482/2488 2465/2481/2487 2477/2472/2478 2503/2471/2477
f 2446/2457/2463 2445/2444/2450 2475/2443/2449 2476/2458/2464
f 2444/2442/2448 2475/2443/2449 2204/2167/2173 2164/2164/2170
f 2496/2470/2476 2466/2469/2475 2480/2480/2486 2504/2479/2485
f 2456/2459/2465 2444/2442/2448 2479/2441/2447 2478/2462/2468
f 2457/2461/2467 2479/2441/2447 2207/2163/2169 2183/2192/2198
f 2466/2469/2475 2488/2487/2493 2492/2488/2494 2480/2480/2486
f 2461/2485/2491 2483/2489/2495 2489/2490/2496 2471/2478/2484
f 2459/2468/2474 2481/2491/2497 2488/2487/2493 2466/2469/2475
f 2464/2465/2471 2486/2492/2498 2485/2493/2499 2463/2475/2481
f 2471/2478/2484 2489/2490/2496 2481/2491/2497 2459/2468/2474
f 2465/2481/2487 2487/2494/2500 2491/2495/2501 2477/2472/2478
f 2463/2475/2481 2485/2493/2499 2484/2496/2502 2462/2484/2490
f 2460/2473/2479 2482/2497/2503 2490/2498/2504 2474/2464/2470
f 2480/2480/2486 2492/2488/2494 2487/2494/2500 2465/2481/2487
f 2474/2464/2470 2490/2498/2504 2486/2492/2498 2464/2465/2471
f 2477/2472/2478 2491/2495/2501 2482/2497/2503 2460/2473/2479
f 2462/2484/2490 2484/2496/2502 2483/2489/2495 2461/2485/2491
f 2485/2493/2499 2486/2492/2498 2539/2499/2505 2538/2500/2506
f 2492/2488/2494 2488/2487/2493 2542/2501/2507 2540/2502/2508
f 2222/2217/2223 2217/2225/2231 2509/2503/2509 2515/2504/2510
f 2483/2489/2495 2484/2496/2502 2537/2505/2511 2532/2506/2512
f 2482/2497/2503 2491/2495/2501 2533/2507/2513 2536/2508/2514
f 2215/2222/2228 2214/2226/2232 2512/2509/2515 2513/2510/2516
f 2490/2498/2504 2482/2497/2503 2536/2508/2514 2535/2511/2517
f 2486/2492/2498 2490/2498/2504 2535/2511/2517 2539/2499/2505
f 2216/2223/2229 2215/2222/2228 2513/2510/2516 2514/2512/2518
f 2218/2218/2224 2222/2217/2223 2515/2504/2510 2517/2513/2519
f 2491/2495/2501 2487/2494/2500 2534/2514/2520 2533/2507/2513
f 2481/2491/2497 2489/2490/2496 2531/2515/2521 2541/2516/2522
f 2214/2226/2232 2213/2220/2226 2507/2517/2523 2512/2509/2515
f 2489/2490/2496 2483/2489/2495 2532/2506/2512 2531/2515/2521
f 2221/2224/2230 2212/2228/2234 2511/2518/2524 2508/2519/2525
f 2488/2487/2493 2481/2491/2497 2541/2516/2522 2542/2501/2507
f 2212/2228/2234 2220/2227/2233 2510/2520/2526 2511/2518/2524
f 2220/2227/2233 2216/2223/2229 2514/2512/2518 2510/2520/2526
f 2487/2494/2500 2492/2488/2494 2540/2502/2508 2534/2514/2520
f 2217/2225/2231 2221/2224/2230 2508/2519/2525 2509/2503/2509
f 2219/2219/2225 2211/2221/2227 2516/2521/2527 2506/2522/2528
f 2484/2496/2502 2485/2493/2499 2538/2500/2506 2537/2505/2511
f 2213/2220/2226 2219/2219/2225 2506/2522/2528 2507/2517/2523
f 2211/2221/2227 2218/2218/2224 2517/2513/2519 2516/2521/2527
f 2458/2460/2466 2496/2470/2476 2504/2479/2485 2478/2462/2468
f 2456/2459/2465 2497/2482/2488 2503/2471/2477 2476/2458/2464
f 2446/2457/2463 2493/2474/2480 2502/2463/2469 2472/2456/2462
f 2449/2450/2456 2499/2486/2492 2501/2477/2483 2470/2449/2455
f 2453/2454/2460 2498/2476/2482 2500/2483/2489 2450/2452/2458
f 2450/2452/2458 2500/2483/2489 2499/2486/2492 2449/2450/2456
f 2478/2462/2468 2504/2479/2485 2497/2482/2488 2456/2459/2465
f 2470/2449/2455 2501/2477/2483 2495/2467/2473 2442/2448/2454
f 2454/2455/2461 2494/2466/2472 2498/2476/2482 2453/2454/2460
f 2476/2458/2464 2503/2471/2477 2493/2474/2480 2446/2457/2463
f 2442/2448/2454 2495/2467/2473 2496/2470/2476 2458/2460/2466
f 2472/2456/2462 2502/2463/2469 2494/2466/2472 2454/2455/2461
f 2441/2440/2446 2451/2451/2457 2435/2433/2439 2438/2437/2443
f 2452/2453/2459 2505/2523/2529 2447/2447/2453 2455/2446/2452
f 2505/2523/2529 2441/2440/2446 2448/2439/2445 2447/2447/2453
f 2441/2440/2446 2505/2523/2529 2452/2453/2459 2451/2451/2457
f 2512/2509/2515 2507/2517/2523 2519/2524/2530 2524/2525/2531
f 2508/2519/2525 2511/2518/2524 2523/2526/2532 2520/2527/2533
f 2507/2517/2523 2506/2522/2528 2518/2528/2534 2519/2524/2530
f 2516/2521/2527 2517/2513/2519 2529/2529/2535 2528/2530/2536
f 2514/2512/2518 2513/2510/2516 2525/2531/2537 2526/2532/2538
f 2517/2513/2519 2515/2504/2510 2527/2533/2539 2529/2529/2535
f 2509/2503/2509 2508/2519/2525 2520/2527/2533 2521/2534/2540
f 2506/2522/2528 2516/2521/2527 2528/2530/2536 2518/2528/2534
f 2513/2510/2516 2512/2509/2515 2524/2525/2531 2525/2531/2537
f 2511/2518/2524 2510/2520/2526 2522/2535/2541 2523/2526/2532
f 2510/2520/2526 2514/2512/2518 2526/2532/2538 2522/2535/2541
f 2515/2504/2510 2509/2503/2509 2521/2534/2540 2527/2533/2539
f 2527/2533/2539 2521/2534/2540 2530/2536/2542
f 2524/2525/2531 2519/2524/2530 2530/2536/2542
f 2520/2527/2533 2523/2526/2532 2530/2536/2542
f 2519/2524/2530 2518/2528/2534 2530/2536/2542
f 2528/2530/2536 2529/2529/2535 2530/2536/2542
f 2526/2532/2538 2525/2531/2537 2530/2536/2542
f 2529/2529/2535 2527/2533/2539 2530/2536/2542
f 2521/2534/2540 2520/2527/2533 2530/2536/2542
f 2518/2528/2534 2528/2530/2536 2530/2536/2542
f 2525/2531/2537 2524/2525/2531 2530/2536/2542
f 2523/2526/2532 2522/2535/2541 2530/2536/2542
f 2522/2535/2541 2526/2532/2538 2530/2536/2542
f 2537/2505/2511 2549/2537/2543 2544/2538/2544 2532/2506/2512
f 2533/2507/2513 2545/2539/2545 2548/2540/2546 2536/2508/2514
f 2532/2506/2512 2544/2538/2544 2543/2541/2547 2531/2515/2521
f 2541/2516/2522 2553/2542/2548 2554/2543/2549 2542/2501/2507
f 2539/2499/2505 2551/2544/2550 2550/2545/2551 2538/2500/2506
f 2542/2501/2507 2554/2543/2549 2552/2546/2552 2540/2502/2508
f 2534/2514/2520 2546/2547/2553 2545/2539/2545 2533/2507/2513
f 2531/2515/2521 2543/2541/2547 2553/2542/2548 2541/2516/2522
f 2538/2500/2506 2550/2545/2551 2549/2537/2543 2537/2505/2511
f 2536/2508/2514 2548/2540/2546 2547/2548/2554 2535/2511/2517
f 2535/2511/2517 2547/2548/2554 2551/2544/2550 2539/2499/2505
f 2540/2502/2508 2552/2546/2552 2546/2547/2553 2534/2514/2520
f 2552/2546/2552 2555/2549/2555 2546/2547/2553
f 2549/2537/2543 2555/2549/2555 2544/2538/2544
f 2545/2539/2545 2555/2549/2555 2548/2540/2546
f 2544/2538/2544 2555/2549/2555 2543/2541/2547
f 2553/2542/2548 2555/2549/2555 2554/2543/2549
f 2551/2544/2550 2555/2549/2555 2550/2545/2551
f 2554/2543/2549 2555/2549/2555 2552/2546/2552
f 2546/2547/2553 2555/2549/2555 2545/2539/2545
f 2543/2541/2547 2555/2549/2555 2553/2542/2548
f 2550/2545/2551 2555/2549/2555 2549/2537/2543
f 2548/2540/2546 2555/2549/2555 2547/2548/2554
f 2547/2548/2554 2555/2549/2555 2551/2544/2550
f 2956/2776/2760 2957/2777/2761 2959/2778/2762 2958/2779/2763
f 2958/2779/2763 2959/2778/2762 2963/2780/2764 2962/2781/2765
f 2961/2782/2766 2960/2783/2767 2966/2784/2768 2967/2785/2769
f 2960/2783/2767 2961/2782/2766 2957/2777/2761 2956/2776/2760
f 2958/2779/2763 2962/2781/2765 2960/2783/2767 2956/2776/2760
f 2963/2780/2764 2959/2778/2762 2957/2777/2761 2961/2782/2766
f 2973/2786/2770 2972/2787/2771 2971/2788/2772 2968/2789/2773
f 2960/2783/2767 2962/2781/2765 2965/2790/2774 2966/2784/2768
f 2963/2780/2764 2961/2782/2766 2967/2785/2769 2964/2791/2775
f 2962/2781/2765 2963/2780/2764 2964/2791/2775 2965/2790/2774
f 2971/2788/2772 2970/2792/2776 2978/2793/2777 2979/2794/2778
f 2974/2795/2779 2973/2786/2770 2968/2789/2773 2969/2796/2780
f 2972/2787/2771 2975/2797/2781 2970/2792/2776 2971/2788/2772
f 2975/2797/2781 2974/2795/2779 2969/2796/2780 2970/2792/2776
f 2966/2784/2768 2965/2790/2774 2974/2795/2779 2975/2797/2781
f 2967/2785/2769 2966/2784/2768 2975/2797/2781 2972/2787/2771
f 2965/2790/2774 2964/2791/2775 2973/2786/2770 2974/2795/2779
f 2964/2791/2775 2967/2785/2769 2972/2787/2771 2973/2786/2770
f 3101/2798/2782 3100/2799/2783 2983/2800/2784 2980/2801/2785
f 2970/2792/2776 2969/2796/2780 2977/2802/2786 2978/2793/2777
f 2968/2789/2773 2971/2788/2772 2979/2794/2778 2976/2803/2787
f 2969/2796/2780 2968/2789/2773 2976/2803/2787 2977/2802/2786
f 2989/2804/2788 2988/2805/2789 2986/2806/2790 2987/2807/2791
f 3102/2808/2792 3101/2798/2782 2980/2801/2785 2981/2809/2793
f 3100/2799/2783 3103/2810/2794 2982/2811/2795 2983/2800/2784
f 3103/2810/2794 3102/2808/2792 2981/2809/2793 2982/2811/2795
f 2985/2812/2796 2984/2813/2797 2987/2807/2791 2986/2806/2790
f 2988/2805/2789 2982/2811/2795 2992/2814/2798 2996/2815/2799
f 2984/2813/2797 2991/2816/2800 3003/2817/2801 3000/2818/2802
f 2990/2819/2803 2991/2816/2800 2984/2813/2797 2985/2812/2796
f 2981/2809/2793 2980/2801/2785 2991/2816/2800 2990/2819/2803
f 2987/2807/2791 2984/2813/2797 3000/2818/2802 3001/2820/2804
f 2981/2809/2793 2990/2819/2803 2997/2821/2805 2993/2822/2806
f 2983/2800/2784 2982/2811/2795 2988/2805/2789 2989/2804/2788
f 2996/2815/2799 2997/2821/2805 2995/2823/2807 2994/2824/2808
f 2992/2814/2798 2993/2822/2806 2997/2821/2805 2996/2815/2799
f 2990/2819/2803 2985/2812/2796 2995/2823/2807 2997/2821/2805
f 2982/2811/2795 2981/2809/2793 2993/2822/2806 2992/2814/2798
f 2986/2806/2790 2988/2805/2789 2996/2815/2799 2994/2824/2808
f 2985/2812/2796 2986/2806/2790 2994/2824/2808 2995/2823/2807
f 2999/2825/2809 3002/2826/2810 3008/2827/2811 3005/2828/2812
f 3002/2826/2810 3001/2820/2804 3007/2829/2813 3008/2827/2811
f 2989/2804/2788 2987/2807/2791 3001/2820/2804 3002/2826/2810
f 2991/2816/2800 2980/2801/2785 2998/2830/2814 3003/2817/2801
f 2980/2801/2785 2983/2800/2784 2999/2825/2809 2998/2830/2814
f 2983/2800/2784 2989/2804/2788 3002/2826/2810 2999/2825/2809
f 3007/2829/2813 3006/2831/2815 3090/2832/2816 3091/2833/2817
f 3009/2834/2818 3004/2835/2819 3088/2836/2820 3093/2837/2821
f 2998/2830/2814 2999/2825/2809 3005/2828/2812 3004/2835/2819
f 3000/2818/2802 3003/2817/2801 3009/2834/2818 3006/2831/2815
f 3003/2817/2801 2998/2830/2814 3004/2835/2819 3009/2834/2818
f 3001/2820/2804 3000/2818/2802 3006/2831/2815 3007/2829/2813
f 3014/2838/2822 3013/2839/2823 3099/2840/2824 3094/2841/2825
f 3013/2839/2823 3012/2842/2826 3098/2843/2827 3099/2840/2824
f 3008/2827/2811 3007/2829/2813 3091/2833/2817 3092/2844/2828
f 3005/2828/2812 3008/2827/2811 3092/2844/2828 3089/2845/2829
f 3004/2835/2819 3005/2828/2812 3089/2845/2829 3088/2836/2820
f 3006/2831/2815 3009/2834/2818 3093/2837/2821 3090/2832/2816
f 3021/2846/2830 3018/2847/2831 3019/2848/2832 3020/2849/2833
f 3016/2850/2834 3021/2846/2830 3020/2849/2833 3017/2851/2835
f 3037/2852/2836 3036/2853/2837 3033/2854/2838 3030/2855/2839
f 3035/2856/2840 3034/2857/2841 3029/2858/2842 3028/2859/2843
f 3018/2847/2831 3021/2846/2830 3027/2860/2844 3024/2861/2845
f 3021/2846/2830 3016/2850/2834 3022/2862/2846 3027/2860/2844
f 3019/2848/2832 3018/2847/2831 3024/2861/2845 3025/2863/2847
f 3020/2849/2833 3019/2848/2832 3025/2863/2847 3026/2864/2848
f 3017/2851/2835 3020/2849/2833 3026/2864/2848 3023/2865/2849
f 3016/2850/2834 3017/2851/2835 3023/2865/2849 3022/2862/2846
f 3033/2854/2838 3028/2859/2843 3040/2866/2850 3045/2867/2851
f 3030/2855/2839 3033/2854/2838 3045/2867/2851 3042/2868/2852
f 3036/2853/2837 3035/2856/2840 3028/2859/2843 3033/2854/2838
f 3038/2869/2853 3037/2852/2836 3030/2855/2839 3031/2870/2854
f 3039/2871/2855 3038/2869/2853 3031/2870/2854 3032/2872/2856
f 3034/2857/2841 3039/2871/2855 3032/2872/2856 3029/2858/2842
f 3023/2865/2849 3026/2864/2848 3039/2871/2855 3034/2857/2841
f 3026/2864/2848 3025/2863/2847 3038/2869/2853 3039/2871/2855
f 3025/2863/2847 3024/2861/2845 3037/2852/2836 3038/2869/2853
f 3027/2860/2844 3022/2862/2846 3035/2856/2840 3036/2853/2837
f 3022/2862/2846 3023/2865/2849 3034/2857/2841 3035/2856/2840
f 3024/2861/2845 3027/2860/2844 3036/2853/2837 3037/2852/2836
f 3052/2873/2857 3054/2874/2858 3046/2875/2859 3051/2876/2860
f 3053/2877/2861 3052/2873/2857 3051/2876/2860 3048/2878/2862
f 3031/2870/2854 3030/2855/2839 3042/2868/2852 3043/2879/2863
f 3032/2872/2856 3031/2870/2854 3043/2879/2863 3044/2880/2864
f 3029/2858/2842 3032/2872/2856 3044/2880/2864 3041/2881/2865
f 3028/2859/2843 3029/2858/2842 3041/2881/2865 3040/2866/2850
f 3047/2882/2866 3050/2883/2867 3062/2884/2868 3059/2885/2869
f 3050/2883/2867 3049/2886/2870 3061/2887/2871 3062/2884/2868
f 3055/2888/2872 3053/2877/2861 3048/2878/2862 3049/2886/2870
f 3056/2889/2873 3055/2888/2872 3049/2886/2870 3050/2883/2867
f 3057/2890/2874 3056/2889/2873 3050/2883/2867 3047/2882/2866
f 3054/2874/2858 3057/2890/2874 3047/2882/2866 3046/2875/2859
f 3040/2866/2850 3041/2881/2865 3057/2890/2874 3054/2874/2858
f 3041/2881/2865 3044/2880/2864 3056/2889/2873 3057/2890/2874
f 3044/2880/2864 3043/2879/2863 3055/2888/2872 3056/2889/2873
f 3043/2879/2863 3042/2868/2852 3053/2877/2861 3055/2888/2872
f 3042/2868/2852 3045/2867/2851 3052/2873/2857 3053/2877/2861
f 3045/2867/2851 3040/2866/2850 3054/2874/2858 3052/2873/2857
f 3078/2891/2875 3077/2892/2876 3068/2893/2877 3065/2894/2878
f 3077/2892/2876 3076/2895/2879 3067/2896/2880 3068/2893/2877
f 3046/2875/2859 3047/2882/2866 3059/2885/2869 3058/2897/2881
f 3048/2878/2862 3051/2876/2860 3063/2898/2882 3060/2899/2883
f 3051/2876/2860 3046/2875/2859 3058/2897/2881 3063/2898/2882
f 3049/2886/2870 3048/2878/2862 3060/2899/2883 3061/2887/2871
f 3069/2900/2884 3064/2901/2885 3070/2902/2886 3075/2903/2887
f 3066/2904/2888 3069/2900/2884 3075/2903/2887 3072/2905/2889
f 3079/2906/2890 3078/2891/2875 3065/2894/2878 3064/2901/2885
f 3081/2907/2891 3080/2908/2892 3069/2900/2884 3066/2904/2888
f 3080/2908/2892 3079/2906/2890 3064/2901/2885 3069/2900/2884
f 3076/2895/2879 3081/2907/2891 3066/2904/2888 3067/2896/2880
f 3071/2909/2893 3074/2910/2894 3086/2911/2895 3083/2912/2896
f 3074/2910/2894 3073/2913/2897 3085/2914/2898 3086/2911/2895
f 3067/2896/2880 3066/2904/2888 3072/2905/2889 3073/2913/2897
f 3068/2893/2877 3067/2896/2880 3073/2913/2897 3074/2910/2894
f 3065/2894/2878 3068/2893/2877 3074/2910/2894 3071/2909/2893
f 3064/2901/2885 3065/2894/2878 3071/2909/2893 3070/2902/2886
f 3061/2887/2871 3060/2899/2883 3081/2907/2891 3076/2895/2879
f 3063/2898/2882 3058/2897/2881 3079/2906/2890 3080/2908/2892
f 3060/2899/2883 3063/2898/2882 3080/2908/2892 3081/2907/2891
f 3058/2897/2881 3059/2885/2869 3078/2891/2875 3079/2906/2890
f 3062/2884/2868 3061/2887/2871 3076/2895/2879 3077/2892/2876
f 3059/2885/2869 3062/2884/2868 3077/2892/2876 3078/2891/2875
f 3087/2915/2899 3086/2911/2895 3085/2914/2898 3084/2916/2900
f 3082/2917/2901 3083/2912/2896 3086/2911/2895 3087/2915/2899
f 3070/2902/2886 3071/2909/2893 3083/2912/2896 3082/2917/2901
f 3072/2905/2889 3075/2903/2887 3087/2915/2899 3084/2916/2900
f 3075/2903/2887 3070/2902/2886 3082/2917/2901 3087/2915/2899
f 3073/2913/2897 3072/2905/2889 3084/2916/2900 3085/2914/2898
f 3011/2918/2902 3010/2919/2903 3088/2836/2820 3089/2845/2829
f 3012/2842/2826 3013/2839/2823 3091/2833/2817 3090/2832/2816
f 3014/2838/2822 3011/2918/2902 3089/2845/2829 3092/2844/2828
f 3010/2919/2903 3015/2920/2904 3093/2837/2821 3088/2836/2820
f 3013/2839/2823 3014/2838/2822 3092/2844/2828 3091/2833/2817
f 3015/2920/2904 3012/2842/2826 3090/2832/2816 3093/2837/2821
f 3095/2921/2905 3094/2841/2825 3099/2840/2824 3098/2843/2827
f 3096/2922/2906 3097/2923/2907 3094/2841/2825 3095/2921/2905
f 3011/2918/2902 3014/2838/2822 3094/2841/2825 3097/2923/2907
f 3010/2919/2903 3011/2918/2902 3097/2923/2907 3096/2922/2906
f 3012/2842/2826 3015/2920/2904 3095/2921/2905 3098/2843/2827
f 3015/2920/2904 3010/2919/2903 3096/2922/2906 3095/2921/2905
f 2978/2793/2777 2977/2802/2786 3102/2808/2792 3103/2810/2794
f 2979/2794/2778 2978/2793/2777 3103/2810/2794 3100/2799/2783
f 2977/2802/2786 2976/2803/2787 3101/2798/2782 3102/2808/2792
f 2976/2803/2787 2979/2794/2778 3100/2799/2783 3101/2798/2782
f 3104/2924/2908 3106/2925/2909 3107/2926/2910 3105/2927/2911
f 3106/2925/2909 3110/2928/2912 3111/2929/2913 3107/2926/2910
f 3109/2930/2914 3115/2931/2915 3114/2932/2916 3108/2933/2917
f 3108/2933/2917 3104/2924/2908 3105/2927/2911 3109/2930/2914
f 3106/2925/2909 3104/2924/2908 3108/2933/2917 3110/2928/2912
f 3111/2929/2913 3109/2930/2914 3105/2927/2911 3107/2926/2910
f 3121/2934/2918 3116/2935/2919 3119/2936/2920 3120/2937/2921
f 3108/2933/2917 3114/2932/2916 3113/2938/2922 3110/2928/2912
f 3111/2929/2913 3112/2939/2923 3115/2931/2915 3109/2930/2914
f 3110/2928/2912 3113/2938/2922 3112/2939/2923 3111/2929/2913
f 3119/2936/2920 3127/2940/2924 3126/2941/2925 3118/2942/2926
f 3122/2943/2927 3117/2944/2928 3116/2935/2919 3121/2934/2918
f 3120/2937/2921 3119/2936/2920 3118/2942/2926 3123/2945/2929
f 3123/2945/2929 3118/2942/2926 3117/2944/2928 3122/2943/2927
f 3114/2932/2916 3123/2945/2929 3122/2943/2927 3113/2938/2922
f 3115/2931/2915 3120/2937/2921 3123/2945/2929 3114/2932/2916
f 3113/2938/2922 3122/2943/2927 3121/2934/2918 3112/2939/2923
f 3112/2939/2923 3121/2934/2918 3120/2937/2921 3115/2931/2915
f 3249/2946/2930 3128/2947/2931 3131/2948/2932 3248/2949/2933
f 3118/2942/2926 3126/2941/2925 3125/2950/2934 3117/2944/2928
f 3116/2935/2919 3124/2951/2935 3127/2940/2924 3119/2936/2920
f 3117/2944/2928 3125/2950/2934 3124/2951/2935 3116/2935/2919
f 3137/2952/2936 3135/2953/2937 3134/2954/2938 3136/2955/2939
f 3250/2956/2940 3129/2957/2941 3128/2947/2931 3249/2946/2930
f 3248/2949/2933 3131/2948/2932 3130/2958/2942 3251/2959/2943
f 3251/2959/2943 3130/2958/2942 3129/2957/2941 3250/2956/2940
f 3133/2960/2944 3134/2954/2938 3135/2953/2937 3132/2961/2945
f 3136/2955/2939 3144/2962/2946 3140/2963/2947 3130/2958/2942
f 3132/2961/2945 3148/2964/2948 3151/2965/2949 3139/2966/2950
f 3138/2967/2951 3133/2960/2944 3132/2961/2945 3139/2966/2950
f 3129/2957/2941 3138/2967/2951 3139/2966/2950 3128/2947/2931
f 3135/2953/2937 3149/2968/2952 3148/2964/2948 3132/2961/2945
f 3129/2957/2941 3141/2969/2953 3145/2970/2954 3138/2967/2951
f 3131/2948/2932 3137/2952/2936 3136/2955/2939 3130/2958/2942
f 3144/2962/2946 3142/2971/2955 3143/2972/2956 3145/2970/2954
f 3140/2963/2947 3144/2962/2946 3145/2970/2954 3141/2969/2953
f 3138/2967/2951 3145/2970/2954 3143/2972/2956 3133/2960/2944
f 3130/2958/2942 3140/2963/2947 3141/2969/2953 3129/2957/2941
f 3134/2954/2938 3142/2971/2955 3144/2962/2946 3136/2955/2939
f 3133/2960/2944 3143/2972/2956 3142/2971/2955 3134/2954/2938
f 3147/2973/2957 3153/2974/2958 3156/2975/2959 3150/2976/2960
f 3150/2976/2960 3156/2975/2959 3155/2977/2961 3149/2968/2952
f 3137/2952/2936 3150/2976/2960 3149/2968/2952 3135/2953/2937
f 3139/2966/2950 3151/2965/2949 3146/2978/2962 3128/2947/2931
f 3128/2947/2931 3146/2978/2962 3147/2973/2957 3131/2948/2932
f 3131/2948/2932 3147/2973/2957 3150/2976/2960 3137/2952/2936
f 3155/2977/2961 3239/2979/2963 3238/2980/2964 3154/2981/2965
f 3157/2982/2966 3241/2983/2967 3236/2984/2968 3152/2985/2969
f 3146/2978/2962 3152/2985/2969 3153/2974/2958 3147/2973/2957
f 3148/2964/2948 3154/2981/2965 3157/2982/2966 3151/2965/2949
f 3151/2965/2949 3157/2982/2966 3152/2985/2969 3146/2978/2962
f 3149/2968/2952 3155/2977/2961 3154/2981/2965 3148/2964/2948
f 3162/2986/2970 3242/2987/2971 3247/2988/2972 3161/2989/2973
f 3161/2989/2973 3247/2988/2972 3246/2990/2974 3160/2991/2975
f 3156/2975/2959 3240/2992/2976 3239/2979/2963 3155/2977/2961
f 3153/2974/2958 3237/2993/2977 3240/2992/2976 3156/2975/2959
f 3152/2985/2969 3236/2984/2968 3237/2993/2977 3153/2974/2958
f 3154/2981/2965 3238/2980/2964 3241/2983/2967 3157/2982/2966
f 3169/2994/2978 3168/2995/2979 3167/2996/2980 3166/2997/2981
f 3164/2998/2982 3165/2999/2983 3168/2995/2979 3169/2994/2978
f 3185/3000/2984 3178/3001/2985 3181/3002/2986 3184/3003/2987
f 3183/3004/2988 3176/3005/2989 3177/3006/2990 3182/3007/2991
f 3166/2997/2981 3172/3008/2992 3175/3009/2993 3169/2994/2978
f 3169/2994/2978 3175/3009/2993 3170/3010/2994 3164/2998/2982
f 3167/2996/2980 3173/3011/2995 3172/3008/2992 3166/2997/2981
f 3168/2995/2979 3174/3012/2996 3173/3011/2995 3167/2996/2980
f 3165/2999/2983 3171/3013/2997 3174/3012/2996 3168/2995/2979
f 3164/2998/2982 3170/3010/2994 3171/3013/2997 3165/2999/2983
f 3181/3002/2986 3193/3014/2998 3188/3015/2999 3176/3005/2989
f 3178/3001/2985 3190/3016/3000 3193/3014/2998 3181/3002/2986
f 3184/3003/2987 3181/3002/2986 3176/3005/2989 3183/3004/2988
f 3186/3017/3001 3179/3018/3002 3178/3001/2985 3185/3000/2984
f 3187/3019/3003 3180/3020/3004 3179/3018/3002 3186/3017/3001
f 3182/3007/2991 3177/3006/2990 3180/3020/3004 3187/3019/3003
f 3171/3013/2997 3182/3007/2991 3187/3019/3003 3174/3012/2996
f 3174/3012/2996 3187/3019/3003 3186/3017/3001 3173/3011/2995
f 3173/3011/2995 3186/3017/3001 3185/3000/2984 3172/3008/2992
f 3175/3009/2993 3184/3003/2987 3183/3004/2988 3170/3010/2994
f 3170/3010/2994 3183/3004/2988 3182/3007/2991 3171/3013/2997
f 3172/3008/2992 3185/3000/2984 3184/3003/2987 3175/3009/2993
f 3200/3021/3005 3199/3022/3006 3194/3023/3007 3202/3024/3008
f 3201/3025/3009 3196/3026/3010 3199/3022/3006 3200/3021/3005
f 3179/3018/3002 3191/3027/3011 3190/3016/3000 3178/3001/2985
f 3180/3020/3004 3192/3028/3012 3191/3027/3011 3179/3018/3002
f 3177/3006/2990 3189/3029/3013 3192/3028/3012 3180/3020/3004
f 3176/3005/2989 3188/3015/2999 3189/3029/3013 3177/3006/2990
f 3195/3030/3014 3207/3031/3015 3210/3032/3016 3198/3033/3017
f 3198/3033/3017 3210/3032/3016 3209/3034/3018 3197/3035/3019
f 3203/3036/3020 3197/3035/3019 3196/3026/3010 3201/3025/3009
f 3204/3037/3021 3198/3033/3017 3197/3035/3019 3203/3036/3020
f 3205/3038/3022 3195/3030/3014 3198/3033/3017 3204/3037/3021
f 3202/3024/3008 3194/3023/3007 3195/3030/3014 3205/3038/3022
f 3188/3015/2999 3202/3024/3008 3205/3038/3022 3189/3029/3013
f 3189/3029/3013 3205/3038/3022 3204/3037/3021 3192/3028/3012
f 3192/3028/3012 3204/3037/3021 3203/3036/3020 3191/3027/3011
f 3191/3027/3011 3203/3036/3020 3201/3025/3009 3190/3016/3000
f 3190/3016/3000 3201/3025/3009 3200/3021/3005 3193/3014/2998
f 3193/3014/2998 3200/3021/3005 3202/3024/3008 3188/3015/2999
f 3226/3039/3023 3213/3040/3024 3216/3041/3025 3225/3042/3026
f 3225/3042/3026 3216/3041/3025 3215/3043/3027 3224/3044/3028
f 3194/3023/3007 3206/3045/3029 3207/3031/3015 3195/3030/3014
f 3196/3026/3010 3208/3046/3030 3211/3047/3031 3199/3022/3006
f 3199/3022/3006 3211/3047/3031 3206/3045/3029 3194/3023/3007
f 3197/3035/3019 3209/3034/3018 3208/3046/3030 3196/3026/3010
f 3217/3048/3032 3223/3049/3033 3218/3050/3034 3212/3051/3035
f 3214/3052/3036 3220/3053/3037 3223/3049/3033 3217/3048/3032
f 3227/3054/3038 3212/3051/3035 3213/3040/3024 3226/3039/3023
f 3229/3055/3039 3214/3052/3036 3217/3048/3032 3228/3056/3040
f 3228/3056/3040 3217/3048/3032 3212/3051/3035 3227/3054/3038
f 3224/3044/3028 3215/3043/3027 3214/3052/3036 3229/3055/3039
f 3219/3057/3041 3231/3058/3042 3234/3059/3043 3222/3060/3044
f 3222/3060/3044 3234/3059/3043 3233/3061/3045 3221/3062/3046
f 3215/3043/3027 3221/3062/3046 3220/3053/3037 3214/3052/3036
f 3216/3041/3025 3222/3060/3044 3221/3062/3046 3215/3043/3027
f 3213/3040/3024 3219/3057/3041 3222/3060/3044 3216/3041/3025
f 3212/3051/3035 3218/3050/3034 3219/3057/3041 3213/3040/3024
f 3209/3034/3018 3224/3044/3028 3229/3055/3039 3208/3046/3030
f 3211/3047/3031 3228/3056/3040 3227/3054/3038 3206/3045/3029
f 3208/3046/3030 3229/3055/3039 3228/3056/3040 3211/3047/3031
f 3206/3045/3029 3227/3054/3038 3226/3039/3023 3207/3031/3015
f 3210/3032/3016 3225/3042/3026 3224/3044/3028 3209/3034/3018
f 3207/3031/3015 3226/3039/3023 3225/3042/3026 3210/3032/3016
f 3235/3063/3047 3232/3064/3048 3233/3061/3045 3234/3059/3043
f 3230/3065/3049 3235/3063/3047 3234/3059/3043 3231/3058/3042
f 3218/3050/3034 3230/3065/3049 3231/3058/3042 3219/3057/3041
f 3220/3053/3037 3232/3064/3048 3235/3063/3047 3223/3049/3033
f 3223/3049/3033 3235/3063/3047 3230/3065/3049 3218/3050/3034
f 3221/3062/3046 3233/3061/3045 3232/3064/3048 3220/3053/3037
f 3159/3066/3050 3237/2993/2977 3236/2984/2968 3158/3067/3051
f 3160/2991/2975 3238/2980/2964 3239/2979/2963 3161/2989/2973
f 3162/2986/2970 3240/2992/2976 3237/2993/2977 3159/3066/3050
f 3158/3067/3051 3236/2984/2968 3241/2983/2967 3163/3068/3052
f 3161/2989/2973 3239/2979/2963 3240/2992/2976 3162/2986/2970
f 3163/3068/3052 3241/2983/2967 3238/2980/2964 3160/2991/2975
f 3243/3069/3053 3246/2990/2974 3247/2988/2972 3242/2987/2971
f 3244/3070/3054 3243/3069/3053 3242/2987/2971 3245/3071/3055
f 3159/3066/3050 3245/3071/3055 3242/2987/2971 3162/2986/2970
f 3158/3067/3051 3244/3070/3054 3245/3071/3055 3159/3066/3050
f 3160/2991/2975 3246/2990/2974 3243/3069/3053 3163/3068/3052
f 3163/3068/3052 3243/3069/3053 3244/3070/3054 3158/3067/3051
f 3126/2941/2925 3251/2959/2943 3250/2956/2940 3125/2950/2934
f 3127/2940/2924 3248/2949/2933 3251/2959/2943 3126/2941/2925
f 3125/2950/2934 3250/2956/2940 3249/2946/2930 3124/2951/2935
f 3124/2951/2935 3249/2946/2930 3248/2949/2933 3127/2940/2924
usemtl M_Alien_Eyes
f 2754/2550/2556 2753/2551/2557 2564/2552/2558 2565/2553/2559
f 2751/2554/2560 2750/2555/2561 2561/2556/2562 2562/2557/2563
f 2748/2558/2564 2747/2559/2565 2558/2560/2566 2559/2561/2567
f 2755/2562/2568 2754/2550/2556 2565/2553/2559 2566/2563/2569
f 2745/2564/2570 2567/2565/2571 2556/2566/2572
f 2752/2567/2573 2751/2554/2560 2562/2557/2563 2563/2568/2574
f 2749/2569/2575 2748/2558/2564 2559/2561/2567 2560/2570/2576
f 2711/2571/2577 2755/2562/2568 2566/2563/2569
f 2746/2572/2578 2745/2564/2570 2556/2566/2572 2557/2573/2579
f 2753/2551/2557 2752/2567/2573 2563/2568/2574 2564/2552/2558
f 2750/2555/2561 2749/2569/2575 2560/2570/2576 2561/2556/2562
f 2747/2559/2565 2746/2572/2578 2557/2573/2579 2558/2560/2566
f 2560/2570/2576 2559/2561/2567 2571/2574/2580 2572/2575/2581
f 2711/2571/2577 2566/2563/2569 2578/2576/2582
f 2557/2573/2579 2556/2566/2572 2568/2577/2583 2569/2578/2584
f 2564/2552/2558 2563/2568/2574 2575/2579/2585 2576/2580/2586
f 2561/2556/2562 2560/2570/2576 2572/2575/2581 2573/2581/2587
f 2558/2560/2566 2557/2573/2579 2569/2578/2584 2570/2582/2588
f 2565/2553/2559 2564/2552/2558 2576/2580/2586 2577/2583/2589
f 2562/2557/2563 2561/2556/2562 2573/2581/2587 2574/2584/2590
f 2559/2561/2567 2558/2560/2566 2570/2582/2588 2571/2574/2580
f 2566/2563/2569 2565/2553/2559 2577/2583/2589 2578/2576/2582
f 2556/2566/2572 2567/2565/2571 2568/2577/2583
f 2563/2568/2574 2562/2557/2563 2574/2584/2590 2575/2579/2585
f 2574/2584/2590 2573/2581/2587 2584/2585/2591 2585/2586/2592
f 2571/2574/2580 2570/2582/2588 2581/2587/2593 2582/2588/2594
f 2578/2576/2582 2577/2583/2589 2588/2589/2595 2589/2590/2596
f 2568/2577/2583 2567/2565/2571 2579/2591/2597
f 2575/2579/2585 2574/2584/2590 2585/2586/2592 2586/2592/2598
f 2572/2575/2581 2571/2574/2580 2582/2588/2594 2583/2593/2599
f 2711/2571/2577 2578/2576/2582 2589/2590/2596
f 2569/2578/2584 2568/2577/2583 2579/2591/2597 2580/2594/2600
f 2576/2580/2586 2575/2579/2585 2586/2592/2598 2587/2595/2601
f 2573/2581/2587 2572/2575/2581 2583/2593/2599 2584/2585/2591
f 2570/2582/2588 2569/2578/2584 2580/2594/2600 2581/2587/2593
f 2577/2583/2589 2576/2580/2586 2587/2595/2601 2588/2589/2595
f 2584/2585/2591 2583/2593/2599 2594/2596/2602 2595/2597/2603
f 2581/2587/2593 2580/2594/2600 2591/2598/2604 2592/2599/2605
f 2588/2589/2595 2587/2595/2601 2598/2600/2606 2599/2601/2607
f 2585/2586/2592 2584/2585/2591 2595/2597/2603 2596/2602/2608
f 2582/2588/2594 2581/2587/2593 2592/2599/2605 2593/2603/2609
f 2589/2590/2596 2588/2589/2595 2599/2601/2607 2600/2604/2610
f 2579/2591/2597 2567/2565/2571 2590/2605/2611
f 2586/2592/2598 2585/2586/2592 2596/2602/2608 2597/2606/2612
f 2583/2593/2599 2582/2588/2594 2593/2603/2609 2594/2596/2602
f 2711/2571/2577 2589/2590/2596 2600/2604/2610
f 2580/2594/2600 2579/2591/2597 2590/2605/2611 2591/2598/2604
f 2587/2595/2601 2586/2592/2598 2597/2606/2612 2598/2600/2606
f 2597/2606/2612 2596/2602/2608 2607/2602/2613 2608/2606/2614
f 2594/2596/2602 2593/2603/2609 2604/2603/2615 2605/2596/2616
f 2711/2571/2577 2600/2604/2610 2611/2604/2617
f 2591/2598/2604 2590/2605/2611 2601/2605/2618 2602/2598/2619
f 2598/2600/2606 2597/2606/2612 2608/2606/2614 2609/2600/2620
f 2595/2597/2603 2594/2596/2602 2605/2596/2616 2606/2607/2621
f 2592/2599/2605 2591/2598/2604 2602/2598/2619 2603/2599/2622
f 2599/2601/2607 2598/2600/2606 2609/2600/2620 2610/2601/2623
f 2596/2602/2608 2595/2597/2603 2606/2607/2621 2607/2602/2613
f 2593/2603/2609 2592/2599/2605 2603/2599/2622 2604/2603/2615
f 2600/2604/2610 2599/2601/2607 2610/2601/2623 2611/2604/2617
f 2590/2605/2611 2567/2565/2571 2601/2605/2618
f 2607/2602/2613 2606/2607/2621 2617/2608/2624 2618/2586/2625
f 2604/2603/2615 2603/2599/2622 2614/2587/2626 2615/2588/2627
f 2611/2604/2617 2610/2601/2623 2621/2589/2628 2622/2590/2629
f 2601/2605/2618 2567/2565/2571 2612/2591/2630
f 2608/2606/2614 2607/2602/2613 2618/2586/2625 2619/2592/2631
f 2605/2596/2616 2604/2603/2615 2615/2588/2627 2616/2593/2632
f 2711/2571/2577 2611/2604/2617 2622/2590/2629
f 2602/2598/2619 2601/2605/2618 2612/2591/2630 2613/2594/2633
f 2609/2600/2620 2608/2606/2614 2619/2592/2631 2620/2595/2634
f 2606/2607/2621 2605/2596/2616 2616/2593/2632 2617/2608/2624
f 2603/2599/2622 2602/2598/2619 2613/2594/2633 2614/2587/2626
f 2610/2601/2623 2609/2600/2620 2620/2595/2634 2621/2589/2628
f 2620/2595/2634 2619/2592/2631 2630/2609/2635 2631/2580/2636
f 2617/2608/2624 2616/2593/2632 2627/2575/2637 2628/2610/2638
f 2614/2587/2626 2613/2594/2633 2624/2578/2639 2625/2582/2640
f 2621/2589/2628 2620/2595/2634 2631/2580/2636 2632/2583/2641
f 2618/2586/2625 2617/2608/2624 2628/2610/2638 2629/2584/2642
f 2615/2588/2627 2614/2587/2626 2625/2582/2640 2626/2611/2643
f 2622/2590/2629 2621/2589/2628 2632/2583/2641 2633/2576/2644
f 2612/2591/2630 2567/2565/2571 2623/2577/2645
f 2619/2592/2631 2618/2586/2625 2629/2584/2642 2630/2609/2635
f 2616/2593/2632 2615/2588/2627 2626/2611/2643 2627/2575/2637
f 2711/2571/2577 2622/2590/2629 2633/2576/2644
f 2613/2594/2633 2612/2591/2630 2623/2577/2645 2624/2578/2639
f 2623/2577/2645 2567/2565/2571 2634/2566/2646
f 2630/2609/2635 2629/2584/2642 2640/2557/2647 2641/2568/2648
f 2627/2575/2637 2626/2611/2643 2637/2561/2649 2638/2570/2650
f 2711/2571/2577 2633/2576/2644 2644/2563/2651
f 2624/2578/2639 2623/2577/2645 2634/2566/2646 2635/2573/2652
f 2631/2580/2636 2630/2609/2635 2641/2568/2648 2642/2552/2653
f 2628/2610/2638 2627/2575/2637 2638/2570/2650 2639/2612/2654
f 2625/2582/2640 2624/2578/2639 2635/2573/2652 2636/2560/2655
f 2632/2583/2641 2631/2580/2636 2642/2552/2653 2643/2553/2656
f 2629/2584/2642 2628/2610/2638 2639/2612/2654 2640/2557/2647
f 2626/2611/2643 2625/2582/2640 2636/2560/2655 2637/2561/2649
f 2633/2576/2644 2632/2583/2641 2643/2553/2656 2644/2563/2651
f 2643/2553/2656 2642/2552/2653 2653/2551/2657 2654/2550/2658
f 2640/2557/2647 2639/2612/2654 2650/2613/2659 2651/2554/2660
f 2637/2561/2649 2636/2560/2655 2647/2559/2661 2648/2558/2662
f 2644/2563/2651 2643/2553/2656 2654/2550/2658 2655/2562/2663
f 2634/2566/2646 2567/2565/2571 2645/2564/2664
f 2641/2568/2648 2640/2557/2647 2651/2554/2660 2652/2567/2665
f 2638/2570/2650 2637/2561/2649 2648/2558/2662 2649/2569/2666
f 2711/2571/2577 2644/2563/2651 2655/2562/2663
f 2635/2573/2652 2634/2566/2646 2645/2564/2664 2646/2572/2667
f 2642/2552/2653 2641/2568/2648 2652/2567/2665 2653/2551/2657
f 2639/2612/2654 2638/2570/2650 2649/2569/2666 2650/2613/2659
f 2636/2560/2655 2635/2573/2652 2646/2572/2667 2647/2559/2661
f 2646/2572/2667 2645/2564/2664 2656/2614/2668 2657/2615/2669
f 2653/2551/2657 2652/2567/2665 2663/2616/2670 2664/2617/2671
f 2650/2613/2659 2649/2569/2666 2660/2618/2672 2661/2619/2673
f 2647/2559/2661 2646/2572/2667 2657/2615/2669 2658/2620/2674
f 2654/2550/2658 2653/2551/2657 2664/2617/2671 2665/2621/2675
f 2651/2554/2660 2650/2613/2659 2661/2619/2673 2662/2622/2676
f 2648/2558/2662 2647/2559/2661 2658/2620/2674 2659/2623/2677
f 2655/2562/2663 2654/2550/2658 2665/2621/2675 2666/2624/2678
f 2645/2564/2664 2567/2565/2571 2656/2614/2668
f 2652/2567/2665 2651/2554/2660 2662/2622/2676 2663/2616/2670
f 2649/2569/2666 2648/2558/2662 2659/2623/2677 2660/2618/2672
f 2711/2571/2577 2655/2562/2663 2666/2624/2678
f 2666/2624/2678 2665/2621/2675 2676/2625/2679 2677/2626/2680
f 2656/2614/2668 2567/2565/2571 2667/2627/2681
f 2663/2616/2670 2662/2622/2676 2673/2628/2682 2674/2629/2683
f 2660/2618/2672 2659/2623/2677 2670/2630/2684 2671/2631/2685
f 2711/2571/2577 2666/2624/2678 2677/2626/2680
f 2657/2615/2669 2656/2614/2668 2667/2627/2681 2668/2632/2686
f 2664/2617/2671 2663/2616/2670 2674/2629/2683 2675/2633/2687
f 2661/2619/2673 2660/2618/2672 2671/2631/2685 2672/2634/2688
f 2658/2620/2674 2657/2615/2669 2668/2632/2686 2669/2635/2689
f 2665/2621/2675 2664/2617/2671 2675/2633/2687 2676/2625/2679
f 2662/2622/2676 2661/2619/2673 2672/2634/2688 2673/2628/2682
f 2659/2623/2677 2658/2620/2674 2669/2635/2689 2670/2630/2684
f 2669/2635/2689 2668/2632/2686 2679/2636/2690 2680/2637/2691
f 2676/2625/2679 2675/2633/2687 2686/2638/2692 2687/2639/2693
f 2673/2628/2682 2672/2634/2688 2683/2640/2694 2684/2641/2695
f 2670/2630/2684 2669/2635/2689 2680/2637/2691 2681/2642/2696
f 2677/2626/2680 2676/2625/2679 2687/2639/2693 2688/2643/2697
f 2667/2627/2681 2567/2565/2571 2678/2644/2698
f 2674/2629/2683 2673/2628/2682 2684/2641/2695 2685/2645/2699
f 2671/2631/2685 2670/2630/2684 2681/2642/2696 2682/2646/2700
f 2711/2571/2577 2677/2626/2680 2688/2643/2697
f 2668/2632/2686 2667/2627/2681 2678/2644/2698 2679/2636/2690
f 2675/2633/2687 2674/2629/2683 2685/2645/2699 2686/2638/2692
f 2672/2634/2688 2671/2631/2685 2682/2646/2700 2683/2640/2694
f 2711/2571/2577 2688/2643/2697 2699/2647/2701
f 2679/2636/2690 2678/2644/2698 2689/2648/2702 2690/2649/2703
f 2686/2638/2692 2685/2645/2699 2696/2650/2704 2697/2651/2705
f 2683/2640/2694 2682/2646/2700 2693/2652/2706 2694/2653/2707
f 2680/2637/2691 2679/2636/2690 2690/2649/2703 2691/2654/2708
f 2687/2639/2693 2686/2638/2692 2697/2651/2705 2698/2655/2709
f 2684/2641/2695 2683/2640/2694 2694/2653/2707 2695/2656/2710
f 2681/2642/2696 2680/2637/2691 2691/2654/2708 2692/2657/2711
f 2688/2643/2697 2687/2639/2693 2698/2655/2709 2699/2647/2701
f 2678/2644/2698 2567/2565/2571 2689/2648/2702
f 2685/2645/2699 2684/2641/2695 2695/2656/2710 2696/2650/2704
f 2682/2646/2700 2681/2642/2696 2692/2657/2711 2693/2652/2706
f 2692/2657/2711 2691/2654/2708 2702/2654/2712 2703/2657/2713
f 2699/2647/2701 2698/2655/2709 2709/2655/2714 2710/2647/2715
f 2689/2648/2702 2567/2565/2571 2700/2648/2716
f 2696/2650/2704 2695/2656/2710 2706/2656/2717 2707/2650/2718
f 2693/2652/2706 2692/2657/2711 2703/2657/2713 2704/2652/2719
f 2711/2571/2577 2699/2647/2701 2710/2647/2715
f 2690/2649/2703 2689/2648/2702 2700/2648/2716 2701/2649/2720
f 2697/2651/2705 2696/2650/2704 2707/2650/2718 2708/2651/2721
f 2694/2653/2707 2693/2652/2706 2704/2652/2719 2705/2658/2722
f 2691/2654/2708 2690/2649/2703 2701/2649/2720 2702/2654/2712
f 2698/2655/2709 2697/2651/2705 2708/2651/2721 2709/2655/2714
f 2695/2656/2710 2694/2653/2707 2705/2658/2722 2706/2656/2717
f 2702/2654/2712 2701/2649/2720 2713/2636/2723 2714/2637/2724
f 2709/2655/2714 2708/2651/2721 2720/2638/2725 2721/2639/2726
f 2706/2656/2717 2705/2658/2722 2717/2659/2727 2718/2641/2728
f 2703/2657/2713 2702/2654/2712 2714/2637/2724 2715/2642/2729
f 2710/2647/2715 2709/2655/2714 2721/2639/2726 2722/2643/2730
f 2700/2648/2716 2567/2565/2571 2712/2644/2731
f 2707/2650/2718 2706/2656/2717 2718/2641/2728 2719/2645/2732
f 2704/2652/2719 2703/2657/2713 2715/2642/2729 2716/2646/2733
f 2711/2571/2577 2710/2647/2715 2722/2643/2730
f 2701/2649/2720 2700/2648/2716 2712/2644/2731 2713/2636/2723
f 2708/2651/2721 2707/2650/2718 2719/2645/2732 2720/2638/2725
f 2705/2658/2722 2704/2652/2719 2716/2646/2733 2717/2659/2727
f 2716/2646/2733 2715/2642/2729 2726/2630/2734 2727/2631/2735
f 2711/2571/2577 2722/2643/2730 2733/2626/2736
f 2713/2636/2723 2712/2644/2731 2723/2627/2737 2724/2632/2738
f 2720/2638/2725 2719/2645/2732 2730/2629/2739 2731/2633/2740
f 2717/2659/2727 2716/2646/2733 2727/2631/2735 2728/2660/2741
f 2714/2637/2724 2713/2636/2723 2724/2632/2738 2725/2635/2742
f 2721/2639/2726 2720/2638/2725 2731/2633/2740 2732/2625/2743
f 2718/2641/2728 2717/2659/2727 2728/2660/2741 2729/2628/2744
f 2715/2642/2729 2714/2637/2724 2725/2635/2742 2726/2630/2734
f 2722/2643/2730 2721/2639/2726 2732/2625/2743 2733/2626/2736
f 2712/2644/2731 2567/2565/2571 2723/2627/2737
f 2719/2645/2732 2718/2641/2728 2729/2628/2744 2730/2629/2739
f 2726/2630/2734 2725/2635/2742 2736/2620/2745 2737/2623/2746
f 2733/2626/2736 2732/2625/2743 2743/2621/2747 2744/2624/2748
f 2723/2627/2737 2567/2565/2571 2734/2614/2749
f 2730/2629/2739 2729/2628/2744 2740/2622/2750 2741/2616/2751
f 2727/2631/2735 2726/2630/2734 2737/2623/2746 2738/2618/2752
f 2711/2571/2577 2733/2626/2736 2744/2624/2748
f 2724/2632/2738 2723/2627/2737 2734/2614/2749 2735/2615/2753
f 2731/2633/2740 2730/2629/2739 2741/2616/2751 2742/2617/2754
f 2728/2660/2741 2727/2631/2735 2738/2618/2752 2739/2661/2755
f 2725/2635/2742 2724/2632/2738 2735/2615/2753 2736/2620/2745
f 2732/2625/2743 2731/2633/2740 2742/2617/2754 2743/2621/2747
f 2729/2628/2744 2728/2660/2741 2739/2661/2755 2740/2622/2750
f 2739/2661/2755 2738/2618/2752 2749/2569/2575 2750/2555/2561
f 2736/2620/2745 2735/2615/2753 2746/2572/2578 2747/2559/2565
f 2743/2621/2747 2742/2617/2754 2753/2551/2557 2754/2550/2556
f 2740/2622/2750 2739/2661/2755 2750/2555/2561 2751/2554/2560
f 2737/2623/2746 2736/2620/2745 2747/2559/2565 2748/2558/2564
f 2744/2624/2748 2743/2621/2747 2754/2550/2556 2755/2562/2568
f 2734/2614/2749 2567/2565/2571 2745/2564/2570
f 2741/2616/2751 2740/2622/2750 2751/2554/2560 2752/2567/2573
f 2738/2618/2752 2737/2623/2746 2748/2558/2564 2749/2569/2575
f 2711/2571/2577 2744/2624/2748 2755/2562/2568
f 2735/2615/2753 2734/2614/2749 2745/2564/2570 2746/2572/2578
f 2742/2617/2754 2741/2616/2751 2752/2567/2573 2753/2551/2557
f 2954/2662/2556 2765/2663/2747 2764/2664/2754 2953/2665/2557
f 2951/2666/2560 2762/2667/2750 2761/2668/2755 2950/2669/2561
f 2948/2670/2564 2759/2671/2746 2758/2672/2745 2947/2673/2565
f 2955/2674/2568 2766/2675/2748 2765/2663/2747 2954/2662/2556
f 2945/2676/2570 2756/2677/2749 2767/2678/2571
f 2952/2679/2573 2763/2680/2751 2762/2667/2750 2951/2666/2560
f 2949/2681/2575 2760/2682/2752 2759/2671/2746 2948/2670/2564
f 2911/2683/2577 2766/2675/2748 2955/2674/2568
f 2946/2684/2578 2757/2685/2753 2756/2677/2749 2945/2676/2570
f 2953/2665/2557 2764/2664/2754 2763/2680/2751 2952/2679/2573
f 2950/2669/2561 2761/2668/2755 2760/2682/2752 2949/2681/2575
f 2947/2673/2565 2758/2672/2745 2757/2685/2753 2946/2684/2578
f 2760/2682/2752 2772/2686/2735 2771/2687/2734 2759/2671/2746
f 2911/2683/2577 2778/2688/2736 2766/2675/2748
f 2757/2685/2753 2769/2689/2738 2768/2690/2737 2756/2677/2749
f 2764/2664/2754 2776/2691/2740 2775/2692/2739 2763/2680/2751
f 2761/2668/2755 2773/2693/2741 2772/2686/2735 2760/2682/2752
f 2758/2672/2745 2770/2694/2742 2769/2689/2738 2757/2685/2753
f 2765/2663/2747 2777/2695/2743 2776/2691/2740 2764/2664/2754
f 2762/2667/2750 2774/2696/2744 2773/2693/2741 2761/2668/2755
f 2759/2671/2746 2771/2687/2734 2770/2694/2742 2758/2672/2745
f 2766/2675/2748 2778/2688/2736 2777/2695/2743 2765/2663/2747
f 2756/2677/2749 2768/2690/2737 2767/2678/2571
f 2763/2680/2751 2775/2692/2739 2774/2696/2744 2762/2667/2750
f 2774/2696/2744 2785/2697/2728 2784/2698/2727 2773/2693/2741
f 2771/2687/2734 2782/2699/2729 2781/2700/2724 2770/2694/2742
f 2778/2688/2736 2789/2701/2730 2788/2702/2726 2777/2695/2743
f 2768/2690/2737 2779/2703/2731 2767/2678/2571
f 2775/2692/2739 2786/2704/2732 2785/2697/2728 2774/2696/2744
f 2772/2686/2735 2783/2705/2733 2782/2699/2729 2771/2687/2734
f 2911/2683/2577 2789/2701/2730 2778/2688/2736
f 2769/2689/2738 2780/2706/2723 2779/2703/2731 2768/2690/2737
f 2776/2691/2740 2787/2707/2725 2786/2704/2732 2775/2692/2739
f 2773/2693/2741 2784/2698/2727 2783/2705/2733 2772/2686/2735
f 2770/2694/2742 2781/2700/2724 2780/2706/2723 2769/2689/2738
f 2777/2695/2743 2788/2702/2726 2787/2707/2725 2776/2691/2740
f 2784/2698/2727 2795/2708/2722 2794/2709/2719 2783/2705/2733
f 2781/2700/2724 2792/2710/2712 2791/2711/2756 2780/2706/2723
f 2788/2702/2726 2799/2712/2757 2798/2713/2721 2787/2707/2725
f 2785/2697/2728 2796/2714/2717 2795/2708/2722 2784/2698/2727
f 2782/2699/2729 2793/2715/2713 2792/2710/2712 2781/2700/2724
f 2789/2701/2730 2800/2716/2715 2799/2712/2757 2788/2702/2726
f 2779/2703/2731 2790/2717/2716 2767/2678/2571
f 2786/2704/2732 2797/2718/2718 2796/2714/2717 2785/2697/2728
f 2783/2705/2733 2794/2709/2719 2793/2715/2713 2782/2699/2729
f 2911/2683/2577 2800/2716/2715 2789/2701/2730
f 2780/2706/2723 2791/2711/2756 2790/2717/2716 2779/2703/2731
f 2787/2707/2725 2798/2713/2721 2797/2718/2718 2786/2704/2732
f 2797/2718/2718 2808/2718/2704 2807/2714/2710 2796/2714/2717
f 2794/2709/2719 2805/2709/2706 2804/2715/2711 2793/2715/2713
f 2911/2683/2577 2811/2716/2701 2800/2716/2715
f 2791/2711/2756 2802/2711/2703 2801/2717/2702 2790/2717/2716
f 2798/2713/2721 2809/2713/2705 2808/2718/2704 2797/2718/2718
f 2795/2708/2722 2806/2719/2707 2805/2709/2706 2794/2709/2719
f 2792/2710/2712 2803/2710/2708 2802/2711/2703 2791/2711/2756
f 2799/2712/2757 2810/2712/2709 2809/2713/2705 2798/2713/2721
f 2796/2714/2717 2807/2714/2710 2806/2719/2707 2795/2708/2722
f 2793/2715/2713 2804/2715/2711 2803/2710/2708 2792/2710/2712
f 2800/2716/2715 2811/2716/2701 2810/2712/2709 2799/2712/2757
f 2790/2717/2716 2801/2717/2702 2767/2678/2571
f 2807/2714/2710 2818/2697/2695 2817/2720/2694 2806/2719/2707
f 2804/2715/2711 2815/2699/2696 2814/2700/2691 2803/2710/2708
f 2811/2716/2701 2822/2701/2697 2821/2702/2693 2810/2712/2709
f 2801/2717/2702 2812/2703/2698 2767/2678/2571
f 2808/2718/2704 2819/2704/2699 2818/2697/2695 2807/2714/2710
f 2805/2709/2706 2816/2705/2700 2815/2699/2696 2804/2715/2711
f 2911/2683/2577 2822/2701/2697 2811/2716/2701
f 2802/2711/2703 2813/2706/2690 2812/2703/2698 2801/2717/2702
f 2809/2713/2705 2820/2707/2692 2819/2704/2699 2808/2718/2704
f 2806/2719/2707 2817/2720/2694 2816/2705/2700 2805/2709/2706
f 2803/2710/2708 2814/2700/2691 2813/2706/2690 2802/2711/2703
f 2810/2712/2709 2821/2702/2693 2820/2707/2692 2809/2713/2705
f 2820/2707/2692 2831/2691/2687 2830/2721/2683 2819/2704/2699
f 2817/2720/2694 2828/2722/2688 2827/2686/2685 2816/2705/2700
f 2814/2700/2691 2825/2694/2689 2824/2689/2686 2813/2706/2690
f 2821/2702/2693 2832/2695/2679 2831/2691/2687 2820/2707/2692
f 2818/2697/2695 2829/2696/2682 2828/2722/2688 2817/2720/2694
f 2815/2699/2696 2826/2723/2684 2825/2694/2689 2814/2700/2691
f 2822/2701/2697 2833/2688/2680 2832/2695/2679 2821/2702/2693
f 2812/2703/2698 2823/2690/2681 2767/2678/2571
f 2819/2704/2699 2830/2721/2683 2829/2696/2682 2818/2697/2695
f 2816/2705/2700 2827/2686/2685 2826/2723/2684 2815/2699/2696
f 2911/2683/2577 2833/2688/2680 2822/2701/2697
f 2813/2706/2690 2824/2689/2686 2823/2690/2681 2812/2703/2698
f 2823/2690/2681 2834/2677/2668 2767/2678/2571
f 2830/2721/2683 2841/2680/2670 2840/2667/2676 2829/2696/2682
f 2827/2686/2685 2838/2682/2672 2837/2671/2677 2826/2723/2684
f 2911/2683/2577 2844/2675/2678 2833/2688/2680
f 2824/2689/2686 2835/2685/2669 2834/2677/2668 2823/2690/2681
f 2831/2691/2687 2842/2664/2671 2841/2680/2670 2830/2721/2683
f 2828/2722/2688 2839/2724/2673 2838/2682/2672 2827/2686/2685
f 2825/2694/2689 2836/2672/2674 2835/2685/2669 2824/2689/2686
f 2832/2695/2679 2843/2663/2675 2842/2664/2671 2831/2691/2687
f 2829/2696/2682 2840/2667/2676 2839/2724/2673 2828/2722/2688
f 2826/2723/2684 2837/2671/2677 2836/2672/2674 2825/2694/2689
f 2833/2688/2680 2844/2675/2678 2843/2663/2675 2832/2695/2679
f 2843/2663/2675 2854/2662/2658 2853/2665/2657 2842/2664/2671
f 2840/2667/2676 2851/2666/2660 2850/2725/2659 2839/2724/2673
f 2837/2671/2677 2848/2670/2662 2847/2673/2661 2836/2672/2674
f 2844/2675/2678 2855/2674/2663 2854/2662/2658 2843/2663/2675
f 2834/2677/2668 2845/2676/2664 2767/2678/2571
f 2841/2680/2670 2852/2679/2665 2851/2666/2660 2840/2667/2676
f 2838/2682/2672 2849/2681/2666 2848/2670/2662 2837/2671/2677
f 2911/2683/2577 2855/2674/2663 2844/2675/2678
f 2835/2685/2669 2846/2684/2667 2845/2676/2664 2834/2677/2668
f 2842/2664/2671 2853/2665/2657 2852/2679/2665 2841/2680/2670
f 2839/2724/2673 2850/2725/2659 2849/2681/2666 2838/2682/2672
f 2836/2672/2674 2847/2673/2661 2846/2684/2667 2835/2685/2669
f 2846/2684/2667 2857/2726/2652 2856/2727/2646 2845/2676/2664
f 2853/2665/2657 2864/2728/2653 2863/2729/2648 2852/2679/2665
f 2850/2725/2659 2861/2730/2654 2860/2731/2650 2849/2681/2666
f 2847/2673/2661 2858/2732/2655 2857/2726/2652 2846/2684/2667
f 2854/2662/2658 2865/2733/2656 2864/2728/2653 2853/2665/2657
f 2851/2666/2660 2862/2734/2647 2861/2730/2654 2850/2725/2659
f 2848/2670/2662 2859/2735/2649 2858/2732/2655 2847/2673/2661
f 2855/2674/2663 2866/2736/2651 2865/2733/2656 2854/2662/2658
f 2845/2676/2664 2856/2727/2646 2767/2678/2571
f 2852/2679/2665 2863/2729/2648 2862/2734/2647 2851/2666/2660
f 2849/2681/2666 2860/2731/2650 2859/2735/2649 2848/2670/2662
f 2911/2683/2577 2866/2736/2651 2855/2674/2663
f 2866/2736/2651 2877/2737/2644 2876/2738/2641 2865/2733/2656
f 2856/2727/2646 2867/2739/2645 2767/2678/2571
f 2863/2729/2648 2874/2740/2635 2873/2741/2642 2862/2734/2647
f 2860/2731/2650 2871/2742/2637 2870/2743/2643 2859/2735/2649
f 2911/2683/2577 2877/2737/2644 2866/2736/2651
f 2857/2726/2652 2868/2744/2639 2867/2739/2645 2856/2727/2646
f 2864/2728/2653 2875/2745/2636 2874/2740/2635 2863/2729/2648
f 2861/2730/2654 2872/2746/2638 2871/2742/2637 2860/2731/2650
f 2858/2732/2655 2869/2747/2640 2868/2744/2639 2857/2726/2652
f 2865/2733/2656 2876/2738/2641 2875/2745/2636 2864/2728/2653
f 2862/2734/2647 2873/2741/2642 2872/2746/2638 2861/2730/2654
f 2859/2735/2649 2870/2743/2643 2869/2747/2640 2858/2732/2655
f 2869/2747/2640 2880/2748/2626 2879/2749/2633 2868/2744/2639
f 2876/2738/2641 2887/2750/2628 2886/2751/2634 2875/2745/2636
f 2873/2741/2642 2884/2752/2625 2883/2753/2624 2872/2746/2638
f 2870/2743/2643 2881/2754/2627 2880/2748/2626 2869/2747/2640
f 2877/2737/2644 2888/2755/2629 2887/2750/2628 2876/2738/2641
f 2867/2739/2645 2878/2756/2630 2767/2678/2571
f 2874/2740/2635 2885/2757/2631 2884/2752/2625 2873/2741/2642
f 2871/2742/2637 2882/2758/2632 2881/2754/2627 2870/2743/2643
f 2911/2683/2577 2888/2755/2629 2877/2737/2644
f 2868/2744/2639 2879/2749/2633 2878/2756/2630 2867/2739/2645
f 2875/2745/2636 2886/2751/2634 2885/2757/2631 2874/2740/2635
f 2872/2746/2638 2883/2753/2624 2882/2758/2632 2871/2742/2637
f 2911/2683/2577 2899/2759/2617 2888/2755/2629
f 2879/2749/2633 2890/2760/2619 2889/2761/2618 2878/2756/2630
f 2886/2751/2634 2897/2762/2620 2896/2763/2614 2885/2757/2631
f 2883/2753/2624 2894/2764/2621 2893/2765/2616 2882/2758/2632
f 2880/2748/2626 2891/2766/2758 2890/2760/2619 2879/2749/2633
f 2887/2750/2628 2898/2767/2623 2897/2762/2620 2886/2751/2634
f 2884/2752/2625 2895/2768/2613 2894/2764/2621 2883/2753/2624
f 2881/2754/2627 2892/2769/2615 2891/2766/2758 2880/2748/2626
f 2888/2755/2629 2899/2759/2617 2898/2767/2623 2887/2750/2628
f 2878/2756/2630 2889/2761/2618 2767/2678/2571
f 2885/2757/2631 2896/2763/2614 2895/2768/2613 2884/2752/2625
f 2882/2758/2632 2893/2765/2616 2892/2769/2615 2881/2754/2627
f 2892/2769/2615 2903/2769/2609 2902/2766/2605 2891/2766/2758
f 2899/2759/2617 2910/2759/2610 2909/2767/2759 2898/2767/2623
f 2889/2761/2618 2900/2761/2611 2767/2678/2571
f 2896/2763/2614 2907/2763/2612 2906/2768/2608 2895/2768/2613
f 2893/2765/2616 2904/2765/2602 2903/2769/2609 2892/2769/2615
f 2911/2683/2577 2910/2759/2610 2899/2759/2617
f 2890/2760/2619 2901/2760/2604 2900/2761/2611 2889/2761/2618
f 2897/2762/2620 2908/2762/2606 2907/2763/2612 2896/2763/2614
f 2894/2764/2621 2905/2770/2603 2904/2765/2602 2893/2765/2616
f 2891/2766/2758 2902/2766/2605 2901/2760/2604 2890/2760/2619
f 2898/2767/2623 2909/2767/2759 2908/2762/2606 2897/2762/2620
f 2895/2768/2613 2906/2768/2608 2905/2770/2603 2894/2764/2621
f 2902/2766/2605 2914/2748/2593 2913/2749/2600 2901/2760/2604
f 2909/2767/2759 2921/2750/2595 2920/2751/2601 2908/2762/2606
f 2906/2768/2608 2918/2752/2592 2917/2771/2591 2905/2770/2603
f 2903/2769/2609 2915/2754/2594 2914/2748/2593 2902/2766/2605
f 2910/2759/2610 2922/2755/2596 2921/2750/2595 2909/2767/2759
f 2900/2761/2611 2912/2756/2597 2767/2678/2571
f 2907/2763/2612 2919/2757/2598 2918/2752/2592 2906/2768/2608
f 2904/2765/2602 2916/2758/2599 2915/2754/2594 2903/2769/2609
f 2911/2683/2577 2922/2755/2596 2910/2759/2610
f 2901/2760/2604 2913/2749/2600 2912/2756/2597 2900/2761/2611
f 2908/2762/2606 2920/2751/2601 2919/2757/2598 2907/2763/2612
f 2905/2770/2603 2917/2771/2591 2916/2758/2599 2904/2765/2602
f 2916/2758/2599 2927/2742/2581 2926/2743/2580 2915/2754/2594
f 2911/2683/2577 2933/2737/2582 2922/2755/2596
f 2913/2749/2600 2924/2744/2584 2923/2739/2583 2912/2756/2597
f 2920/2751/2601 2931/2745/2586 2930/2740/2585 2919/2757/2598
f 2917/2771/2591 2928/2772/2587 2927/2742/2581 2916/2758/2599
f 2914/2748/2593 2925/2747/2588 2924/2744/2584 2913/2749/2600
f 2921/2750/2595 2932/2738/2589 2931/2745/2586 2920/2751/2601
f 2918/2752/2592 2929/2741/2590 2928/2772/2587 2917/2771/2591
f 2915/2754/2594 2926/2743/2580 2925/2747/2588 2914/2748/2593
f 2922/2755/2596 2933/2737/2582 2932/2738/2589 2921/2750/2595
f 2912/2756/2597 2923/2739/2583 2767/2678/2571
f 2919/2757/2598 2930/2740/2585 2929/2741/2590 2918/2752/2592
f 2926/2743/2580 2937/2773/2567 2936/2732/2566 2925/2747/2588
f 2933/2737/2582 2944/2736/2569 2943/2733/2559 2932/2738/2589
f 2923/2739/2583 2934/2727/2572 2767/2678/2571
f 2930/2740/2585 2941/2774/2574 2940/2734/2563 2929/2741/2590
f 2927/2742/2581 2938/2731/2576 2937/2773/2567 2926/2743/2580
f 2911/2683/2577 2944/2736/2569 2933/2737/2582
f 2924/2744/2584 2935/2726/2579 2934/2727/2572 2923/2739/2583
f 2931/2745/2586 2942/2728/2558 2941/2774/2574 2930/2740/2585
f 2928/2772/2587 2939/2775/2562 2938/2731/2576 2927/2742/2581
f 2925/2747/2588 2936/2732/2566 2935/2726/2579 2924/2744/2584
f 2932/2738/2589 2943/2733/2559 2942/2728/2558 2931/2745/2586
f 2929/2741/2590 2940/2734/2563 2939/2775/2562 2928/2772/2587
f 2939/2775/2562 2950/2669/2561 2949/2681/2575 2938/2731/2576
f 2936/2732/2566 2947/2673/2565 2946/2684/2578 2935/2726/2579
f 2943/2733/2559 2954/2662/2556 2953/2665/2557 2942/2728/2558
f 2940/2734/2563 2951/2666/2560 2950/2669/2561 2939/2775/2562
f 2937/2773/2567 2948/2670/2564 2947/2673/2565 2936/2732/2566
f 2944/2736/2569 2955/2674/2568 2954/2662/2556 2943/2733/2559
f 2934/2727/2572 2945/2676/2570 2767/2678/2571
f 2941/2774/2574 2952/2679/2573 2951/2666/2560 2940/2734/2563
f 2938/2731/2576 2949/2681/2575 2948/2670/2564 2937/2773/2567
f 2911/2683/2577 2955/2674/2568 2944/2736/2569
f 2935/2726/2579 2946/2684/2578 2945/2676/2570 2934/2727/2572
f 2942/2728/2558 2953/2665/2557 2952/2679/2573 2941/2774/2574
