# Blender 4.0.2
# www.blender.org
mtllib Alien_Paciforix.mtl
o Alien_Paciforix
v 0.573594 -1.864631 -0.025602
v 0.184486 0.195341 -0.024897
v 0.586396 -1.859051 0.015633
v 0.190229 0.194679 0.009529
v 0.572230 -1.862334 0.034968
v 0.177967 0.193786 0.025436
v 0.528780 -1.867800 0.036313
v 0.143708 0.188567 0.025975
v 0.513226 -1.868399 0.016905
v 0.128724 0.185995 0.012146
v 0.509516 -1.859771 -0.007379
v 0.126605 0.185741 -0.010664
v 0.222586 -0.009155 -0.027918
v 0.254137 -0.218774 -0.022208
v 0.288684 -0.424581 -0.021422
v 0.326106 -0.630495 -0.020539
v 0.369353 -0.835233 -0.019594
v 0.414395 -1.039511 -0.018863
v 0.453881 -1.244579 -0.020722
v 0.491732 -1.450153 -0.023760
v 0.530281 -1.655665 -0.026348
v 0.233759 -0.009185 0.013449
v 0.268606 -0.214407 0.013437
v 0.301106 -0.420610 0.013455
v 0.337423 -0.628351 0.012437
v 0.384156 -0.832631 0.011337
v 0.429286 -1.035335 0.013434
v 0.466642 -1.239956 0.013233
v 0.505121 -1.445639 0.007617
v 0.544674 -1.651802 0.009287
v 0.215462 -0.010742 0.027864
v 0.250725 -0.216048 0.028295
v 0.284727 -0.421929 0.027413
v 0.321729 -0.627872 0.025655
v 0.366316 -0.832602 0.023464
v 0.410412 -1.036792 0.023259
v 0.448437 -1.241912 0.024723
v 0.485128 -1.447766 0.026529
v 0.523978 -1.653585 0.030326
v 0.178163 -0.016625 0.028962
v 0.213451 -0.221995 0.029900
v 0.249431 -0.427271 0.029141
v 0.288972 -0.631734 0.026569
v 0.334725 -0.835413 0.023616
v 0.377284 -1.041147 0.022485
v 0.413304 -1.247696 0.024617
v 0.447335 -1.453533 0.027868
v 0.484544 -1.658493 0.031771
v 0.159796 -0.019740 0.012666
v 0.193278 -0.225447 0.012726
v 0.228702 -0.430733 0.012638
v 0.270312 -0.634194 0.012346
v 0.319918 -0.836473 0.011669
v 0.365118 -1.042582 0.011512
v 0.400438 -1.249898 0.011968
v 0.432352 -1.455770 0.012796
v 0.468226 -1.659864 0.013865
v 0.156644 -0.020153 -0.010316
v 0.190782 -0.225895 -0.011833
v 0.225195 -0.431602 -0.012054
v 0.265128 -0.635302 -0.011174
v 0.318638 -0.835402 -0.010534
v 0.366362 -1.042287 -0.008638
v 0.401294 -1.250297 -0.011564
v 0.431462 -1.455900 -0.010276
v 0.468013 -1.659606 -0.011450
v 0.644599 -2.064859 -0.017718
v 0.674817 -2.076596 0.014517
v 0.642391 -2.062072 0.039589
v 0.587992 -2.073754 0.044073
v 0.571050 -2.077333 0.025821
v 0.581250 -2.088284 0.005771
v 0.698178 -2.515208 -0.020267
v 0.734056 -2.516879 0.030883
v 0.711394 -2.515380 0.067950
v 0.640446 -2.514750 0.069998
v 0.614944 -2.515984 0.036706
v 0.623076 -2.512861 -0.004326
v 0.723832 -2.922873 -0.009405
v 0.751910 -2.944151 0.064425
v 0.725899 -2.931978 0.092646
v 0.650369 -2.932431 0.096903
v 0.608583 -2.929886 0.055556
v 0.609070 -2.936216 0.007454
v 0.709643 -2.967322 0.007354
v 0.710379 -3.007080 0.051089
v 0.705748 -2.992459 0.067572
v 0.667008 -2.979684 0.071471
v 0.637778 -2.969370 0.048252
v 0.632151 -2.963341 0.014449
v 0.697296 -3.012836 0.052831
v 0.152993 0.176300 -0.027262
v 0.548814 -1.876634 -0.029718
v 0.505359 -1.667335 -0.033003
v 0.465599 -1.463929 -0.029985
v 0.428066 -1.259258 -0.026481
v 0.388288 -1.052761 -0.023818
v 0.346622 -0.846914 -0.024509
v 0.304606 -0.642545 -0.026873
v 0.263713 -0.437950 -0.028848
v 0.226412 -0.232942 -0.030050
v 0.189844 -0.028023 -0.029643
v 0.614367 -2.084630 -0.021411
v 0.663819 -2.530014 -0.026747
v 0.674363 -2.928823 -0.024324
v 0.677691 -2.961132 -0.005208
v 0.640077 -2.356746 0.066412
v 0.613690 -2.364092 0.033498
v 0.733262 -2.345197 0.024237
v 0.709347 -2.348932 0.059840
v 0.618301 -2.353281 -0.004466
v 0.712347 -2.327611 -0.031411
v 0.668242 -2.369679 -0.029443
v 0.722750 -2.175460 0.027276
v 0.687593 -2.180983 -0.019746
v 0.620303 -2.189290 0.061918
v 0.594685 -2.191707 0.036470
v 0.686265 -2.179831 0.054619
v 0.597397 -2.193298 0.004735
v 0.644380 -2.200897 -0.026701
v 0.583441 -1.861149 -0.008388
v 0.188459 0.194902 -0.006149
v 0.585345 -1.860847 0.026180
v 0.187544 0.194644 0.019825
v 0.550203 -1.865144 0.038660
v 0.160951 0.191350 0.027510
v 0.517025 -1.868711 0.028127
v 0.133337 0.186805 0.020650
v 0.512927 -1.867150 0.005351
v 0.127016 0.185737 0.001334
v 0.139320 0.178350 -0.020741
v 0.562167 -1.871655 -0.032459
v 0.203536 0.093093 -0.026407
v 0.210417 0.092744 0.009820
v 0.196902 0.091583 0.026820
v 0.160862 0.085993 0.027640
v 0.144045 0.083136 0.012449
v 0.141624 0.082794 -0.010490
v 0.467531 -1.659595 0.001836
v 0.431572 -1.455820 0.001603
v 0.399967 -1.250031 0.001265
v 0.364391 -1.042565 0.001905
v 0.318162 -0.836445 0.001416
v 0.267532 -0.634647 0.001185
v 0.226009 -0.431236 0.000767
v 0.190877 -0.225867 0.000842
v 0.157552 -0.020109 0.001372
v 0.472907 -1.659692 0.024476
v 0.436537 -1.455191 0.021942
v 0.403789 -1.249327 0.019799
v 0.368373 -1.042278 0.018333
v 0.324765 -0.836209 0.019125
v 0.277047 -0.633292 0.021114
v 0.236195 -0.429457 0.022695
v 0.200285 -0.224235 0.023084
v 0.165885 -0.018697 0.022460
v 0.504093 -1.656038 0.033858
v 0.465998 -1.450609 0.029554
v 0.430571 -1.244755 0.026394
v 0.393535 -1.038936 0.024300
v 0.350456 -0.833938 0.025153
v 0.305669 -0.629600 0.028048
v 0.267622 -0.424375 0.030495
v 0.232524 -0.218832 0.031439
v 0.197080 -0.013514 0.030649
v 0.536854 -1.652343 0.021546
v 0.497495 -1.446289 0.018839
v 0.459828 -1.240512 0.019590
v 0.421363 -1.035807 0.019084
v 0.376902 -0.832205 0.018515
v 0.332078 -0.627468 0.019935
v 0.295274 -0.420925 0.021173
v 0.261848 -0.214800 0.021744
v 0.226549 -0.009553 0.021499
v 0.538383 -1.652496 -0.010455
v 0.499602 -1.446446 -0.009564
v 0.461604 -1.240705 -0.006315
v 0.422610 -1.036029 -0.005087
v 0.377312 -0.832386 -0.006084
v 0.332904 -0.627753 -0.006170
v 0.296022 -0.421243 -0.006173
v 0.262397 -0.215132 -0.006508
v 0.228172 -0.009170 -0.007234
v 0.487964 -1.665422 -0.024027
v 0.449371 -1.462222 -0.022195
v 0.414227 -1.257271 -0.020185
v 0.375926 -1.050188 -0.017822
v 0.332650 -0.844056 -0.018680
v 0.287137 -0.640912 -0.020574
v 0.245787 -0.436877 -0.022133
v 0.209080 -0.231780 -0.022784
v 0.173562 -0.026576 -0.022098
v 0.657531 -2.060450 -0.002995
v 0.659709 -2.060073 0.029267
v 0.614684 -2.068046 0.044932
v 0.574363 -2.076553 0.036670
v 0.573243 -2.079774 0.015002
v 0.630593 -2.075921 -0.024061
v 0.558945 -1.977805 0.039096
v 0.607134 -1.968952 0.036341
v 0.608508 -1.971656 -0.021389
v 0.630502 -1.967265 0.015075
v 0.547769 -1.981684 -0.000362
v 0.543537 -1.979900 0.020750
v 0.732347 -2.220296 0.027904
v 0.670516 -2.131826 -0.017752
v 0.607554 -2.140965 0.052458
v 0.600908 -2.234798 0.040369
v 0.698392 -2.225308 0.059675
v 0.603864 -2.235166 0.000994
v 0.723929 -2.516016 0.004673
v 0.730929 -2.516421 0.052854
v 0.675782 -2.514789 0.074095
v 0.621134 -2.515277 0.055815
v 0.615456 -2.516055 0.017544
v 0.685702 -2.524934 -0.027988
v 0.639038 -2.309065 0.070983
v 0.617382 -2.433639 0.030932
v 0.734089 -2.297137 0.024930
v 0.710470 -2.422535 0.059298
v 0.622521 -2.433520 -0.004396
v 0.707494 -2.419346 -0.025839
v 0.741363 -2.606487 0.046092
v 0.713672 -2.604784 0.090508
v 0.604054 -2.604434 0.008171
v 0.604200 -2.603997 0.053780
v 0.715948 -2.603198 -0.027549
v 0.635595 -2.603488 0.090618
v 0.587122 -2.767923 0.008177
v 0.588936 -2.766129 0.072992
v 0.730164 -2.763347 0.118731
v 0.739814 -2.760851 -0.036044
v 0.632384 -2.765375 0.120625
v 0.766810 -2.763629 0.064780
v 0.739256 -2.928110 0.022348
v 0.744125 -2.934311 0.079354
v 0.690017 -2.932026 0.100150
v 0.622593 -2.931695 0.079942
v 0.605994 -2.928396 0.030880
v 0.701937 -2.925137 -0.024626
v 0.641785 -2.889215 0.109143
v 0.764453 -2.893304 0.064910
v 0.732023 -2.882506 -0.017116
v 0.597345 -2.888941 0.061355
v 0.733539 -2.885638 0.104379
v 0.599141 -2.888028 0.001570
v 0.715562 -2.979811 0.026513
v 0.713391 -2.996523 0.060719
v 0.688274 -2.986418 0.072533
v 0.648399 -2.973305 0.062474
v 0.633898 -2.966254 0.032795
v 0.693896 -2.963162 -0.002450
v 0.658349 -2.961025 0.083514
v 0.731144 -2.975616 0.057757
v 0.717086 -2.949165 -0.002685
v 0.621468 -2.953854 0.050783
v 0.715310 -2.968109 0.079318
v 0.620610 -2.949779 0.010952
v 0.700553 -2.985386 0.024451
v 0.703838 -3.009959 0.051960
v 0.678154 -2.994073 0.062181
v 0.660105 -2.985964 0.048839
v 0.699938 -3.004506 0.059935
v 0.664724 -2.988089 0.033640
v 0.168261 0.183150 -0.027857
v 0.532369 -1.873585 -0.019771
v 0.519440 -1.662404 -0.034089
v 0.480121 -1.457999 -0.030764
v 0.442060 -1.252957 -0.027252
v 0.402123 -1.047197 -0.024812
v 0.359067 -0.842068 -0.025475
v 0.317184 -0.637309 -0.027352
v 0.278045 -0.432045 -0.029011
v 0.241879 -0.226704 -0.030185
v 0.205951 -0.021233 -0.030452
v 0.596560 -2.086293 -0.010625
v 0.641314 -2.525741 -0.016507
v 0.642905 -2.929209 -0.011917
v 0.661012 -2.964549 0.004444
v 0.676125 -2.951487 -0.013911
v 0.672584 -2.889844 -0.034338
v 0.661178 -2.771919 -0.039617
v 0.657025 -2.616146 -0.029697
v 0.668902 -2.441929 -0.027281
v 0.633254 -2.152697 -0.022865
v 0.582253 -1.987528 -0.024765
v 0.171445 0.074196 -0.028612
v 0.641831 -2.428025 0.063422
v 0.610190 -2.314661 0.038224
v 0.732695 -2.421052 0.024599
v 0.708375 -2.301411 0.061453
v 0.614450 -2.315127 -0.003607
v 0.711744 -2.297742 -0.031035
v 0.666273 -2.320695 -0.030968
v 0.690399 -2.359522 -0.031973
v 0.725332 -2.344396 -0.001453
v 0.614298 -2.364906 0.014235
v 0.729099 -2.346255 0.044886
v 0.620460 -2.360845 0.052964
v 0.674645 -2.352559 0.068085
v 0.643885 -2.369525 -0.019197
v 0.699014 -2.126318 0.020897
v 0.699578 -2.226183 -0.021980
v 0.629779 -2.232896 0.069439
v 0.586600 -2.144235 0.031311
v 0.668442 -2.129759 0.046729
v 0.591833 -2.148502 0.005695
v 0.653993 -2.243916 -0.029705
v 0.621035 -2.199858 -0.014162
v 0.594604 -2.192068 0.020211
v 0.706875 -2.176514 0.041526
v 0.601457 -2.191266 0.051916
v 0.653138 -2.184824 0.062373
v 0.667204 -2.192111 -0.028895
v 0.704412 -2.175614 0.000088
v 0.207190 0.092619 0.020631
v 0.149448 0.084067 0.021655
v 0.142055 0.082817 0.001403
v 0.187253 0.081062 -0.029397
v 0.596347 -1.980707 -0.027643
v 0.208160 0.092866 -0.006858
v 0.582603 -1.973511 0.040710
v 0.179072 0.088958 0.029278
v 0.619753 -1.967172 -0.005743
v 0.622103 -1.966687 0.027053
v 0.716900 -2.221494 -0.000015
v 0.653054 -2.143462 -0.025319
v 0.544590 -1.980070 0.010000
v 0.546708 -1.979687 0.031463
v 0.664140 -2.229412 0.069111
v 0.609100 -2.234467 0.058336
v 0.719476 -2.222194 0.044966
v 0.646208 -2.440786 -0.017959
v 0.600473 -2.234909 0.020826
v 0.675991 -2.424873 0.066303
v 0.623169 -2.431178 0.049729
v 0.729509 -2.421338 0.044820
v 0.629963 -2.612594 -0.014613
v 0.618156 -2.434703 0.012888
v 0.723634 -2.420873 0.000330
v 0.674517 -2.603839 0.096212
v 0.736265 -2.606070 0.073303
v 0.624117 -2.771050 -0.020661
v 0.602571 -2.604178 0.031006
v 0.732556 -2.605155 0.011199
v 0.681582 -2.764250 0.126520
v 0.613007 -2.603668 0.075071
v 0.636918 -2.889673 -0.020091
v 0.585930 -2.766448 0.041212
v 0.757188 -2.762417 0.017685
v 0.689022 -2.887229 0.113156
v 0.602098 -2.765965 0.101198
v 0.758546 -2.763381 0.098186
v 0.752245 -2.884269 0.020193
v 0.688940 -2.964720 0.085544
v 0.611176 -2.889735 0.089653
v 0.757654 -2.886446 0.087665
v 0.699380 -2.948880 -0.014601
v 0.595342 -2.887838 0.031633
v 0.726708 -2.958721 0.023416
v 0.708093 -2.991954 0.033116
v 0.634706 -2.957221 0.070282
v 0.727797 -2.971295 0.069374
v 0.681343 -2.975546 0.013959
v 0.618280 -2.951166 0.030759
v 0.689676 -2.997624 0.064581
v 0.662426 -2.985559 0.058093
v 0.705862 -3.006321 0.056740
v 0.652406 -2.980352 0.038082
v 0.649707 -2.951624 -0.003723
v 0.704726 -2.885901 -0.034288
v 0.699679 -2.767581 -0.042468
v 0.686109 -2.611825 -0.032393
v 0.689271 -2.434023 -0.028962
v 0.612416 -2.152616 -0.011218
v 0.565598 -1.986467 -0.014540
v 0.156349 0.075920 -0.021471
v 0.689477 -2.312190 -0.033509
v 0.725932 -2.297695 -0.001629
v 0.610296 -2.315720 0.017282
v 0.728683 -2.298306 0.045815
v 0.618206 -2.312310 0.058186
v 0.673768 -2.305252 0.071172
v 0.640986 -2.320794 -0.019834
v 0.629102 -2.242424 -0.017257
v 0.587585 -2.145243 0.018262
v 0.687365 -2.126423 0.035157
v 0.591392 -2.143503 0.044003
v 0.637629 -2.135589 0.053132
v 0.677991 -2.236143 -0.031633
v 0.685195 -2.126169 -0.000939
v 0.491762 -0.920535 -0.190293
v 0.504766 -0.915446 -0.149058
v 0.490483 -0.918185 -0.129723
v 0.446849 -0.921998 -0.128378
v 0.431284 -0.922009 -0.147786
v 0.427901 -0.913246 -0.172070
v 0.305266 0.113113 -0.184285
v 0.349950 -0.091217 -0.183554
v 0.388163 -0.296818 -0.185413
v 0.424068 -0.502632 -0.188451
v 0.456572 -0.710156 -0.191040
v 0.320074 0.115682 -0.153354
v 0.364846 -0.087059 -0.151257
v 0.400975 -0.292342 -0.151458
v 0.437492 -0.498224 -0.157074
v 0.471112 -0.706890 -0.155404
v 0.302234 0.115750 -0.141228
v 0.345970 -0.088494 -0.141432
v 0.382749 -0.294089 -0.139968
v 0.417483 -0.500192 -0.138162
v 0.450360 -0.707818 -0.134366
v 0.270637 0.113008 -0.141075
v 0.312838 -0.092810 -0.142206
v 0.347553 -0.299471 -0.140074
v 0.379645 -0.505659 -0.136823
v 0.410757 -0.711093 -0.132920
v 0.255828 0.111980 -0.153022
v 0.300670 -0.094230 -0.153179
v 0.334662 -0.301526 -0.152723
v 0.364645 -0.507776 -0.151896
v 0.394397 -0.711791 -0.150826
v 0.254550 0.113054 -0.175225
v 0.301914 -0.093937 -0.173329
v 0.335514 -0.301935 -0.176255
v 0.363755 -0.507900 -0.174967
v 0.394195 -0.711523 -0.176141
v 0.551066 -1.125092 -0.182409
v 0.580510 -1.137947 -0.150174
v 0.549017 -1.122184 -0.125102
v 0.494108 -1.130848 -0.120618
v 0.476989 -1.133424 -0.138870
v 0.486502 -1.144939 -0.158920
v 0.583702 -1.572659 -0.184958
v 0.619555 -1.573854 -0.133808
v 0.596864 -1.572725 -0.096741
v 0.526042 -1.573301 -0.094693
v 0.500755 -1.575186 -0.127985
v 0.509005 -1.571886 -0.169017
v 0.595887 -1.986393 -0.174096
v 0.622280 -2.009728 -0.100266
v 0.597261 -1.995628 -0.072045
v 0.521912 -1.990383 -0.067788
v 0.480437 -1.984694 -0.109135
v 0.480445 -1.991043 -0.157237
v 0.578385 -2.029645 -0.157337
v 0.576121 -2.069345 -0.113602
v 0.572605 -2.054417 -0.097119
v 0.534940 -2.038756 -0.093220
v 0.506571 -2.026268 -0.116439
v 0.501414 -2.019831 -0.150242
v 0.562642 -2.074098 -0.111860
v 0.466555 -0.931587 -0.194409
v 0.431189 -0.720788 -0.197694
v 0.397826 -0.516200 -0.194676
v 0.362182 -0.311201 -0.191172
v 0.323828 -0.104436 -0.188509
v 0.282510 0.101480 -0.189200
v 0.519776 -1.143149 -0.186102
v 0.550100 -1.587815 -0.191438
v 0.546110 -1.988595 -0.189015
v 0.546992 -2.021063 -0.169899
v 0.533472 -1.416179 -0.098279
v 0.506558 -1.421674 -0.131193
v 0.626891 -1.410330 -0.140455
v 0.602737 -1.412604 -0.104851
v 0.511922 -1.411215 -0.169157
v 0.607771 -1.391746 -0.196102
v 0.560445 -1.430928 -0.194134
v 0.625058 -1.237577 -0.137415
v 0.589604 -1.241640 -0.184437
v 0.521935 -1.247187 -0.102773
v 0.496095 -1.248669 -0.128221
v 0.588365 -1.240417 -0.110072
v 0.498643 -1.250376 -0.159956
v 0.545665 -1.259751 -0.191393
v 0.501735 -0.917431 -0.173079
v 0.503657 -0.917210 -0.138511
v 0.468357 -0.920154 -0.126031
v 0.435068 -0.922464 -0.136564
v 0.431032 -0.920749 -0.159341
v 0.480086 -0.927125 -0.197150
v 0.393713 -0.711493 -0.162855
v 0.363865 -0.507820 -0.163088
v 0.334190 -0.301654 -0.163426
v 0.299942 -0.094212 -0.162786
v 0.254072 0.112011 -0.163275
v 0.399080 -0.711811 -0.140215
v 0.368835 -0.507230 -0.142750
v 0.338020 -0.300993 -0.144892
v 0.303925 -0.093930 -0.146359
v 0.260675 0.112233 -0.145566
v 0.430391 -0.709448 -0.130833
v 0.398331 -0.502883 -0.135137
v 0.364852 -0.296728 -0.138297
v 0.329090 -0.090618 -0.140391
v 0.286371 0.114448 -0.139538
v 0.463276 -0.707108 -0.143145
v 0.429862 -0.498814 -0.145852
v 0.394156 -0.292819 -0.145101
v 0.356923 -0.087521 -0.145607
v 0.312822 0.116124 -0.146176
v 0.464798 -0.707324 -0.175146
v 0.431967 -0.498988 -0.174255
v 0.395930 -0.293032 -0.171007
v 0.358169 -0.087745 -0.169778
v 0.313231 0.115942 -0.170775
v 0.413888 -0.718158 -0.188718
v 0.381612 -0.514364 -0.186886
v 0.348366 -0.309056 -0.184877
v 0.311468 -0.101849 -0.182513
v 0.268544 0.104369 -0.183371
v 0.564184 -1.121297 -0.167686
v 0.566371 -1.121014 -0.135424
v 0.521061 -1.126671 -0.119759
v 0.480344 -1.132841 -0.128021
v 0.479020 -1.135991 -0.149689
v 0.536464 -1.135358 -0.188752
v 0.471090 -1.033329 -0.125595
v 0.519821 -1.027385 -0.128350
v 0.521046 -1.030153 -0.186080
v 0.543242 -1.027118 -0.149616
v 0.459697 -1.036512 -0.165053
v 0.455583 -1.034469 -0.143941
v 0.633302 -1.283116 -0.136787
v 0.573892 -1.191988 -0.182443
v 0.510640 -1.198503 -0.112233
v 0.501154 -1.291911 -0.124322
v 0.599184 -1.286594 -0.105017
v 0.503957 -1.292388 -0.163697
v 0.609422 -1.573128 -0.160018
v 0.616418 -1.573450 -0.111837
v 0.561287 -1.572680 -0.090596
v 0.506830 -1.574286 -0.108876
v 0.501466 -1.575319 -0.147147
v 0.571613 -1.582376 -0.192679
v 0.535860 -1.368403 -0.093708
v 0.505056 -1.491372 -0.133759
v 0.631532 -1.362273 -0.139761
v 0.598125 -1.485335 -0.105393
v 0.510464 -1.491551 -0.169087
v 0.595624 -1.482456 -0.190530
v 0.631043 -1.662652 -0.118599
v 0.603323 -1.661540 -0.074183
v 0.493025 -1.664038 -0.156520
v 0.493410 -1.663455 -0.110911
v 0.605269 -1.659587 -0.192240
v 0.525023 -1.661995 -0.074073
v 0.471552 -1.821761 -0.156514
v 0.473847 -1.820323 -0.091699
v 0.615289 -1.826844 -0.045960
v 0.624883 -1.825170 -0.200735
v 0.517423 -1.822573 -0.044066
v 0.651795 -1.829507 -0.099911
v 0.610872 -1.992779 -0.142343
v 0.615259 -1.999329 -0.085337
v 0.561477 -1.992970 -0.064541
v 0.494270 -1.987555 -0.084749
v 0.477967 -1.983013 -0.133811
v 0.573883 -1.986999 -0.189317
v 0.516612 -1.946643 -0.055548
v 0.638622 -1.959972 -0.099781
v 0.607098 -1.946759 -0.181807
v 0.472319 -1.943018 -0.103336
v 0.608374 -1.949997 -0.060312
v 0.474179 -1.942243 -0.163121
v 0.583346 -2.042545 -0.138179
v 0.579920 -2.059045 -0.103972
v 0.555637 -2.047076 -0.092158
v 0.516864 -2.030993 -0.102217
v 0.502937 -2.022868 -0.131896
v 0.562997 -2.024310 -0.167141
v 0.527712 -2.019497 -0.081178
v 0.599200 -2.039537 -0.106934
v 0.587177 -2.012101 -0.167376
v 0.491477 -2.009565 -0.113908
v 0.583977 -2.030857 -0.085373
v 0.490930 -2.005437 -0.153739
v 0.567959 -2.046973 -0.140241
v 0.569381 -2.071723 -0.112731
v 0.544969 -2.053945 -0.102510
v 0.527583 -2.044498 -0.115852
v 0.565904 -2.065991 -0.104756
v 0.532028 -2.046965 -0.131051
v 0.450216 -0.927915 -0.184462
v 0.445462 -0.716442 -0.198780
v 0.412395 -0.510386 -0.195455
v 0.376247 -0.305060 -0.191943
v 0.337669 -0.098889 -0.189503
v 0.294965 0.106300 -0.190166
v 0.501908 -1.143827 -0.175316
v 0.527660 -1.584154 -0.181198
v 0.514712 -1.986608 -0.176608
v 0.530102 -2.023212 -0.160247
v 0.546157 -2.011328 -0.178602
v 0.547276 -1.949593 -0.199029
v 0.544960 -1.831119 -0.204308
v 0.546569 -1.674043 -0.194388
v 0.555650 -1.502627 -0.191972
v 0.535845 -1.211240 -0.187556
v 0.493754 -1.044470 -0.189456
v 0.529543 -1.487272 -0.101269
v 0.506628 -1.372114 -0.126467
v 0.620426 -1.485051 -0.140092
v 0.605591 -1.365024 -0.103239
v 0.510801 -1.372879 -0.168298
v 0.609190 -1.361526 -0.195726
v 0.562248 -1.381828 -0.195659
v 0.583222 -1.422086 -0.196664
v 0.619126 -1.409106 -0.166144
v 0.507107 -1.422528 -0.150456
v 0.622632 -1.411120 -0.119805
v 0.513541 -1.418913 -0.111727
v 0.568035 -1.414185 -0.096606
v 0.536295 -1.429225 -0.183888
v 0.602737 -1.187621 -0.143795
v 0.600298 -1.287532 -0.186671
v 0.530223 -1.291144 -0.095252
v 0.489541 -1.200969 -0.133380
v 0.571938 -1.189783 -0.117962
v 0.494502 -1.205464 -0.158996
v 0.554085 -1.303241 -0.194396
v 0.522204 -1.257780 -0.178853
v 0.495968 -1.249033 -0.144480
v 0.609119 -1.237972 -0.123166
v 0.502907 -1.248466 -0.112775
v 0.555005 -1.244025 -0.102318
v 0.568824 -1.251912 -0.193586
v 0.606643 -1.236984 -0.164603
v 0.508300 -1.038495 -0.192334
v 0.495007 -1.030483 -0.123981
v 0.532546 -1.026347 -0.170434
v 0.534906 -1.026020 -0.137638
v 0.617789 -1.283621 -0.164706
v 0.555995 -1.202844 -0.190010
v 0.456623 -1.034704 -0.154691
v 0.458760 -1.034452 -0.133229
v 0.564774 -1.289130 -0.095580
v 0.509423 -1.291888 -0.106355
v 0.620377 -1.284447 -0.119725
v 0.533286 -1.500334 -0.182650
v 0.500613 -1.292013 -0.143865
v 0.563672 -1.485970 -0.098388
v 0.510845 -1.489307 -0.114962
v 0.617201 -1.485111 -0.119871
v 0.519191 -1.671336 -0.179304
v 0.506026 -1.492424 -0.151803
v 0.611468 -1.484561 -0.164361
v 0.564044 -1.661397 -0.068479
v 0.625978 -1.662403 -0.091388
v 0.507906 -1.827482 -0.185352
v 0.491562 -1.663815 -0.133685
v 0.622079 -1.661328 -0.153493
v 0.566702 -1.824662 -0.038171
v 0.502366 -1.662796 -0.089620
v 0.511724 -1.946732 -0.184783
v 0.470707 -1.820359 -0.123479
v 0.642212 -1.827757 -0.147006
v 0.563864 -1.948226 -0.051536
v 0.487073 -1.821102 -0.063493
v 0.643588 -1.828706 -0.066505
v 0.627130 -1.950042 -0.144498
v 0.557938 -2.025489 -0.079147
v 0.486051 -1.944853 -0.075038
v 0.632360 -1.952621 -0.077026
v 0.569543 -2.010481 -0.179292
v 0.470405 -1.941767 -0.133058
v 0.596050 -2.022356 -0.141275
v 0.574982 -2.054090 -0.131575
v 0.504424 -2.013921 -0.094409
v 0.596188 -2.034976 -0.095317
v 0.549546 -2.035711 -0.150732
v 0.488501 -2.006645 -0.133932
v 0.556190 -2.058355 -0.100111
v 0.529927 -2.044269 -0.106598
v 0.571674 -2.068248 -0.107952
v 0.520329 -2.038322 -0.126609
v 0.519804 -2.009472 -0.168414
v 0.579624 -1.948085 -0.198979
v 0.584135 -1.829379 -0.207160
v 0.575655 -1.668979 -0.197084
v 0.576418 -1.495825 -0.193653
v 0.515000 -1.210362 -0.175909
v 0.477197 -1.042384 -0.179231
v 0.586014 -1.374722 -0.198200
v 0.623354 -1.362349 -0.166320
v 0.506590 -1.373182 -0.147409
v 0.626060 -1.363132 -0.118876
v 0.514829 -1.370298 -0.106506
v 0.570793 -1.366762 -0.093519
v 0.536947 -1.380318 -0.184525
v 0.529163 -1.300634 -0.181948
v 0.490445 -1.202023 -0.146429
v 0.591038 -1.187253 -0.129534
v 0.494385 -1.200418 -0.120688
v 0.540874 -1.194328 -0.111560
v 0.578369 -1.296536 -0.196324
v 0.588832 -1.186957 -0.165630
v 0.287261 0.220256 -0.184285
v 0.302070 0.222825 -0.153354
v 0.284230 0.222894 -0.141228
v 0.252632 0.220151 -0.141075
v 0.237823 0.219123 -0.153022
v 0.236545 0.220198 -0.175225
v 0.264505 0.208624 -0.189200
v 0.236068 0.219155 -0.163275
v 0.242671 0.219377 -0.145566
v 0.268367 0.221591 -0.139538
v 0.294817 0.223268 -0.146176
v 0.295226 0.223085 -0.170775
v 0.250539 0.211513 -0.183371
v 0.276960 0.213443 -0.190166
v 0.097387 -1.935510 -0.025602
v -0.115024 0.145011 -0.024897
v 0.083679 -1.932843 0.015633
v -0.120235 0.142508 0.009529
v 0.098219 -1.932973 0.034968
v -0.108355 0.145672 0.025436
v 0.141820 -1.928875 0.036313
v -0.074272 0.151937 0.025975
v 0.157133 -1.926085 0.016905
v -0.059270 0.154404 0.012146
v 0.158891 -1.916854 -0.007379
v -0.057184 0.154857 -0.010664
v -0.084190 -0.060707 -0.027918
v -0.046062 -0.268847 -0.022208
v -0.014950 -0.475200 -0.021422
v 0.012253 -0.682358 -0.020539
v 0.030798 -0.890790 -0.019594
v 0.045529 -1.098901 -0.018863
v 0.063500 -1.306961 -0.020722
v 0.079638 -1.514476 -0.023760
v 0.092771 -1.723160 -0.026349
v -0.094740 -0.064387 0.013449
v -0.061172 -0.269191 0.013437
v -0.027991 -0.475285 0.013455
v 0.000804 -0.683619 0.012437
v 0.015882 -0.892633 0.011337
v 0.030064 -1.098947 0.013434
v 0.049962 -1.305996 0.013233
v 0.065550 -1.513390 0.007617
v 0.077871 -1.722952 0.009287
v -0.076939 -0.059878 0.027864
v -0.043667 -0.265195 0.028295
v -0.012013 -0.471450 0.027413
v 0.015671 -0.678569 0.025655
v 0.032933 -0.887385 0.023464
v 0.048619 -1.095198 0.023259
v 0.068010 -1.302909 0.024723
v 0.085452 -1.510539 0.026529
v 0.098370 -1.719594 0.030325
v -0.039766 -0.053246 0.028962
v -0.006390 -0.259266 0.029900
v 0.023196 -0.465561 0.029141
v 0.048124 -0.672678 0.026569
v 0.063964 -0.880831 0.023616
v 0.081677 -1.090348 0.022485
v 0.103387 -1.298887 0.024617
v 0.123504 -1.506843 0.027868
v 0.137801 -1.714661 0.031771
v -0.021389 -0.050187 0.012666
v 0.013857 -0.256279 0.012726
v 0.043974 -0.462410 0.012638
v 0.066688 -0.669572 0.012346
v 0.078434 -0.877513 0.011669
v 0.093773 -1.088408 0.011512
v 0.116366 -1.297495 0.011968
v 0.138577 -1.505329 0.012795
v 0.153955 -1.711981 0.013865
v -0.018276 -0.049547 -0.010316
v 0.016370 -0.255929 -0.011833
v 0.047578 -0.462147 -0.012054
v 0.071969 -0.669114 -0.011174
v 0.079344 -0.876114 -0.010534
v 0.092496 -1.088464 -0.008638
v 0.115651 -1.298112 -0.011564
v 0.139471 -1.505237 -0.010276
v 0.154098 -1.711678 -0.011450
v 0.071757 -2.145372 -0.017718
v 0.044552 -2.161689 0.014517
v 0.073351 -2.142190 0.039589
v 0.128853 -2.142665 0.044073
v 0.146157 -2.142596 0.025821
v 0.138546 -2.155401 0.005771
v 0.081579 -2.584756 -0.020267
v 0.045826 -2.586458 0.030883
v 0.068483 -2.585062 0.067950
v 0.139132 -2.584846 0.069998
v 0.164272 -2.586632 0.036706
v 0.155852 -2.583406 -0.004326
v 0.040874 -2.989659 -0.009405
v 0.012072 -3.009947 0.064425
v 0.038491 -2.998686 0.092646
v 0.113960 -3.001770 0.096903
v 0.155808 -3.000683 0.055556
v 0.155102 -3.006992 0.007454
v 0.053506 -3.034576 0.007354
v 0.051386 -3.074284 0.051089
v 0.056523 -3.059833 0.067572
v 0.095684 -3.048415 0.071471
v 0.125256 -3.039125 0.048252
v 0.131090 -3.033297 0.014449
v 0.064260 -3.080492 0.052831
v -0.079037 0.137309 -0.027262
v 0.124182 -1.941848 -0.029718
v 0.119797 -1.728348 -0.033003
v 0.108354 -1.521408 -0.029985
v 0.092340 -1.314039 -0.026481
v 0.074261 -1.104524 -0.023818
v 0.055952 -0.895310 -0.024509
v 0.036337 -0.687591 -0.026873
v 0.012939 -0.480148 -0.028848
v -0.015308 -0.273698 -0.030050
v -0.047080 -0.067837 -0.029643
v 0.105378 -2.158586 -0.021411
v 0.114897 -2.599360 -0.026747
v 0.090105 -2.997329 -0.024324
v 0.085654 -3.029503 -0.005208
v 0.121653 -2.429366 0.066412
v 0.148852 -2.432604 0.033498
v 0.028686 -2.431241 0.024236
v 0.052911 -2.431456 0.059840
v 0.142647 -2.422622 -0.004466
v 0.045786 -2.411591 -0.031411
v 0.096202 -2.446234 -0.029443
v 0.012827 -2.263476 0.027276
v 0.048482 -2.263457 -0.019746
v 0.116019 -2.260956 0.061918
v 0.141741 -2.259348 0.036470
v 0.049538 -2.262042 0.054619
v 0.139568 -2.261357 0.004735
v 0.094110 -2.276203 -0.026702
v 0.087019 -1.934250 -0.008388
v -0.118635 0.143297 -0.006149
v 0.085095 -1.934368 0.026180
v -0.117686 0.143352 0.019825
v 0.120331 -1.930933 0.038660
v -0.091477 0.148931 0.027510
v 0.153492 -1.927213 0.028127
v -0.063894 0.153661 0.020650
v 0.157154 -1.924801 0.005351
v -0.057571 0.154719 0.001334
v -0.066786 0.143716 -0.020741
v 0.110066 -1.939886 -0.032459
v -0.099607 0.042152 -0.026407
v -0.105996 0.039573 0.009820
v -0.092845 0.042893 0.026820
v -0.056956 0.049390 0.027640
v -0.040129 0.052187 0.012449
v -0.037730 0.052655 -0.010490
v 0.154563 -1.711550 0.001836
v 0.139346 -1.505186 0.001603
v 0.116855 -1.297494 0.001265
v 0.094469 -1.088194 0.001905
v 0.080104 -0.876973 0.001416
v 0.069479 -0.669192 0.001185
v 0.046690 -0.462052 0.000767
v 0.016270 -0.255932 0.000842
v -0.019148 -0.049802 0.001371
v 0.149376 -1.712964 0.024476
v 0.134377 -1.505796 0.021942
v 0.112986 -1.297859 0.019799
v 0.090559 -1.089004 0.018333
v 0.073722 -0.878678 0.019125
v 0.059984 -0.670680 0.021114
v 0.036456 -0.463526 0.022695
v 0.006821 -0.257304 0.023084
v -0.027485 -0.051192 0.022460
v 0.118248 -1.717086 0.033858
v 0.104694 -1.508595 0.029554
v 0.085973 -1.300770 0.026394
v 0.065440 -1.092655 0.024300
v 0.048490 -0.884024 0.025153
v 0.031534 -0.675523 0.028048
v 0.005006 -0.468460 0.030495
v -0.025501 -0.262185 0.031439
v -0.058661 -0.056489 0.030649
v 0.085584 -1.721554 0.021546
v 0.073101 -1.512147 0.018839
v 0.056668 -1.304671 0.019590
v 0.037814 -1.097239 0.019084
v 0.022694 -0.890103 0.018515
v 0.005656 -0.681210 0.019935
v -0.022350 -0.473773 0.021173
v -0.054626 -0.267466 0.021744
v -0.087806 -0.062378 0.021499
v 0.084139 -1.722079 -0.010455
v 0.071098 -1.512817 -0.009564
v 0.055012 -1.305341 -0.006316
v 0.036676 -1.097793 -0.005087
v 0.022355 -0.890397 -0.006084
v 0.004951 -0.681725 -0.006170
v -0.022962 -0.474308 -0.006173
v -0.055046 -0.267951 -0.006508
v -0.089465 -0.062547 -0.007234
v 0.136188 -1.722219 -0.024027
v 0.123666 -1.515766 -0.022195
v 0.105112 -1.308351 -0.020186
v 0.085452 -1.098675 -0.017822
v 0.068477 -0.888489 -0.018680
v 0.052565 -0.680918 -0.020574
v 0.029644 -0.473559 -0.022133
v 0.000805 -0.267208 -0.022784
v -0.032164 -0.061147 -0.022098
v 0.058257 -2.143403 -0.002995
v 0.056060 -2.143409 0.029267
v 0.101613 -2.142578 0.044932
v 0.142750 -2.142534 0.036670
v 0.144562 -2.145443 0.015002
v 0.087719 -2.153360 -0.024061
v 0.136254 -2.042806 0.039096
v 0.087292 -2.044624 0.036341
v 0.086538 -2.047562 -0.021389
v 0.064116 -2.048050 0.015075
v 0.148006 -2.044167 -0.000362
v 0.151749 -2.041506 0.020750
v 0.009889 -2.308790 0.027904
v 0.058043 -2.213016 -0.017752
v 0.121428 -2.211401 0.052458
v 0.141770 -2.302872 0.040369
v 0.044120 -2.308452 0.059674
v 0.138905 -2.303686 0.000994
v 0.055932 -2.585590 0.004673
v 0.048956 -2.586020 0.052854
v 0.103986 -2.584569 0.074095
v 0.158270 -2.585723 0.055815
v 0.163409 -2.586841 0.017544
v 0.093572 -2.594162 -0.027988
v 0.115410 -2.382085 0.070983
v 0.156306 -2.501997 0.030932
v 0.019652 -2.384789 0.024930
v 0.063531 -2.502398 0.059298
v 0.150710 -2.502566 -0.004396
v 0.065586 -2.499737 -0.025839
v 0.034375 -2.672854 0.046092
v 0.062108 -2.672117 0.090508
v 0.171672 -2.675586 0.008171
v 0.171542 -2.675144 0.053780
v 0.059889 -2.670452 -0.027549
v 0.140183 -2.673542 0.090618
v 0.182898 -2.839566 0.008177
v 0.181149 -2.837709 0.072992
v 0.040103 -2.830009 0.118731
v 0.030546 -2.827178 -0.036044
v 0.137753 -2.835442 0.120625
v 0.003470 -2.829015 0.064780
v 0.025277 -2.994356 0.022348
v 0.020195 -3.000384 0.079354
v 0.074350 -2.999985 0.100150
v 0.141745 -3.002003 0.079942
v 0.158448 -2.999284 0.030880
v 0.062677 -2.992684 -0.024626
v 0.124044 -2.958880 0.109143
v 0.001307 -2.958693 0.064910
v 0.034094 -2.949031 -0.017116
v 0.168466 -2.960154 0.061355
v 0.032470 -2.952109 0.104379
v 0.166703 -2.959179 0.001570
v 0.047156 -3.046851 0.026512
v 0.048743 -3.063628 0.060719
v 0.074197 -3.054404 0.072533
v 0.114505 -3.042689 0.062474
v 0.129242 -3.036147 0.032795
v 0.069388 -3.030967 -0.002450
v 0.104989 -3.030069 0.083513
v 0.031729 -3.042116 0.057757
v 0.046700 -3.016170 -0.002685
v 0.142097 -3.024187 0.050783
v 0.047815 -3.035164 0.079318
v 0.143096 -3.020144 0.010952
v 0.061961 -3.052946 0.024450
v 0.057822 -3.077388 0.051960
v 0.084044 -3.062407 0.062181
v 0.102364 -3.054932 0.048839
v 0.061910 -3.072075 0.059935
v 0.097675 -3.056895 0.033640
v -0.095705 0.138793 -0.027857
v 0.139573 -1.935302 -0.019771
v 0.104936 -1.727028 -0.034089
v 0.092821 -1.519229 -0.030764
v 0.077158 -1.311795 -0.027252
v 0.059432 -1.102946 -0.024812
v 0.042635 -0.894317 -0.025475
v 0.022778 -0.686263 -0.027352
v -0.002519 -0.478989 -0.029011
v -0.031947 -0.272575 -0.030185
v -0.064521 -0.066684 -0.030452
v 0.123141 -2.156619 -0.010625
v 0.137176 -2.595642 -0.016507
v 0.121531 -2.998811 -0.011917
v 0.102204 -3.033498 0.004444
v 0.087555 -3.019918 -0.013911
v 0.093241 -2.958436 -0.034338
v 0.108749 -2.840979 -0.039617
v 0.118325 -2.685446 -0.029697
v 0.106987 -2.516848 -0.027281
v 0.098051 -2.227211 -0.022865
v 0.115613 -2.057357 -0.024765
v -0.063102 0.034782 -0.028612
v 0.131807 -2.499746 0.063422
v 0.144774 -2.383216 0.038224
v 0.041264 -2.503647 0.024599
v 0.045717 -2.385092 0.061452
v 0.140635 -2.384327 -0.003607
v 0.041828 -2.381980 -0.031035
v 0.090267 -2.397732 -0.030968
v 0.073006 -2.439323 -0.031973
v 0.036251 -2.429456 -0.001453
v 0.148376 -2.433501 0.014235
v 0.033005 -2.431638 0.044886
v 0.141666 -2.430427 0.052964
v 0.087386 -2.430223 0.068085
v 0.119838 -2.442576 -0.019197
v 0.028929 -2.212131 0.020896
v 0.043153 -2.309547 -0.021980
v 0.112947 -2.305395 0.069439
v 0.142714 -2.211216 0.031311
v 0.059665 -2.210500 0.046729
v 0.138500 -2.216314 0.005695
v 0.090697 -2.319978 -0.029705
v 0.117025 -2.271529 -0.014162
v 0.141958 -2.259694 0.020211
v 0.028688 -2.262039 0.041525
v 0.134941 -2.259967 0.051916
v 0.082968 -2.261714 0.062373
v 0.070273 -2.271152 -0.028895
v 0.031048 -2.260840 0.000088
v -0.102906 0.040510 0.020631
v -0.045540 0.051300 0.021655
v -0.038144 0.052536 0.001403
v -0.080286 0.036104 -0.029397
v 0.100374 -2.053758 -0.027643
v -0.103903 0.040426 -0.006858
v 0.112228 -2.043751 0.040710
v -0.075135 0.046240 0.029278
v 0.074588 -2.045627 -0.005743
v 0.072189 -2.045663 0.027053
v 0.025368 -2.307622 -0.000015
v 0.077096 -2.221448 -0.025319
v 0.150758 -2.041901 0.010000
v 0.148608 -2.041986 0.031462
v 0.078480 -2.307201 0.069111
v 0.133624 -2.303794 0.058336
v 0.022867 -2.308658 0.044966
v 0.128926 -2.513087 -0.017959
v 0.142217 -2.302916 0.020826
v 0.097828 -2.500795 0.066303
v 0.150494 -2.500400 0.049729
v 0.044506 -2.503442 0.044820
v 0.145494 -2.682838 -0.014613
v 0.155205 -2.503070 0.012888
v 0.050094 -2.502687 0.000330
v 0.101273 -2.672536 0.096212
v 0.039485 -2.672615 0.073303
v 0.145817 -2.841402 -0.020661
v 0.173163 -2.675381 0.031006
v 0.043223 -2.671830 0.011198
v 0.088624 -2.832604 0.126520
v 0.162752 -2.674508 0.075071
v 0.128892 -2.959507 -0.020091
v 0.184142 -2.838133 0.041212
v 0.013127 -2.828139 0.017685
v 0.076904 -2.955250 0.113155
v 0.168000 -2.837086 0.101198
v 0.011737 -2.829055 0.098186
v 0.013823 -2.950089 0.020193
v 0.074287 -3.032696 0.085544
v 0.154616 -2.960466 0.089653
v 0.008341 -2.952076 0.087665
v 0.064405 -3.016502 -0.014601
v 0.170506 -2.959121 0.031633
v 0.036751 -3.025385 0.023416
v 0.054197 -3.059246 0.033116
v 0.128749 -3.027091 0.070282
v 0.035225 -3.037914 0.069373
v 0.081502 -3.043780 0.013959
v 0.145376 -3.021612 0.030759
v 0.072405 -3.065555 0.064580
v 0.100059 -3.054446 0.058093
v 0.055926 -3.073682 0.056739
v 0.110255 -3.049592 0.038082
v 0.113953 -3.020975 -0.003723
v 0.061256 -2.953375 -0.034288
v 0.070422 -2.835303 -0.042468
v 0.089409 -2.680113 -0.032393
v 0.085820 -2.511494 -0.028962
v 0.118656 -2.223741 -0.011218
v 0.131640 -2.052706 -0.014540
v -0.049399 0.041345 -0.021471
v 0.066038 -2.392864 -0.033509
v 0.027798 -2.384096 -0.001629
v 0.144831 -2.384279 0.017282
v 0.025173 -2.385120 0.045815
v 0.136493 -2.382116 0.058185
v 0.080505 -2.383611 0.071172
v 0.115273 -2.393973 -0.019834
v 0.115070 -2.314708 -0.017257
v 0.142005 -2.212378 0.018262
v 0.040463 -2.210368 0.035157
v 0.137801 -2.211274 0.044003
v 0.090957 -2.211081 0.053132
v 0.065881 -2.315999 -0.031633
v 0.042626 -2.209894 -0.000939
v -0.095081 -1.013560 -0.190293
v -0.108885 -1.011446 -0.149058
v -0.094353 -1.010993 -0.129723
v -0.050956 -1.005144 -0.128378
v -0.035768 -1.001738 -0.147786
v -0.034392 -0.992446 -0.172070
v -0.202293 0.027821 -0.184285
v -0.177736 -0.179891 -0.183554
v -0.150968 -0.386161 -0.185413
v -0.125709 -0.593550 -0.188451
v -0.106950 -0.800605 -0.191040
v -0.217128 0.025409 -0.153354
v -0.193173 -0.180830 -0.151257
v -0.164528 -0.385588 -0.151458
v -0.139835 -0.593221 -0.157074
v -0.121852 -0.800611 -0.155404
v -0.200290 0.031304 -0.141228
v -0.174866 -0.176017 -0.141432
v -0.146577 -0.381981 -0.139968
v -0.120114 -0.589308 -0.138162
v -0.101403 -0.796960 -0.134366
v -0.169532 0.039041 -0.141075
v -0.142142 -0.169266 -0.142206
v -0.111331 -0.376935 -0.140074
v -0.082315 -0.583579 -0.136823
v -0.062047 -0.791462 -0.132920
v -0.155200 0.042909 -0.153022
v -0.130178 -0.166631 -0.153179
v -0.098398 -0.375168 -0.152723
v -0.067344 -0.581260 -0.151896
v -0.045933 -0.788550 -0.150826
v -0.154344 0.044342 -0.175225
v -0.131450 -0.166760 -0.173329
v -0.099095 -0.375806 -0.176255
v -0.066456 -0.581120 -0.174967
v -0.045794 -0.788245 -0.176141
v -0.114527 -1.224178 -0.182409
v -0.141100 -1.242237 -0.150174
v -0.113049 -1.220943 -0.125102
v -0.057484 -1.219345 -0.120618
v -0.040183 -1.218723 -0.138870
v -0.047412 -1.231794 -0.158920
v -0.085816 -1.665894 -0.184958
v -0.121400 -1.670440 -0.133808
v -0.098915 -1.667192 -0.096741
v -0.028349 -1.661135 -0.094693
v -0.002997 -1.660644 -0.127985
v -0.011520 -1.658130 -0.169017
v -0.118228 -2.063622 -0.174096
v -0.147591 -2.083090 -0.100266
v -0.120865 -2.072579 -0.072045
v -0.045513 -2.077793 -0.067788
v -0.003650 -2.077887 -0.109135
v -0.004535 -2.084173 -0.157237
v -0.106868 -2.108878 -0.157337
v -0.110109 -2.148511 -0.113602
v -0.104565 -2.134211 -0.097119
v -0.065097 -2.123902 -0.093220
v -0.035275 -2.115451 -0.116439
v -0.029279 -2.109790 -0.150242
v -0.097415 -2.155080 -0.111860
v -0.068047 -1.018813 -0.194409
v -0.079852 -0.805405 -0.197694
v -0.096663 -0.598935 -0.194676
v -0.121935 -0.392401 -0.191172
v -0.148728 -0.183846 -0.188509
v -0.176985 0.024265 -0.189200
v -0.080446 -1.236163 -0.186102
v -0.050943 -1.677838 -0.191438
v -0.069232 -2.072679 -0.189015
v -0.074590 -2.104714 -0.169899
v -0.050267 -1.505451 -0.098279
v -0.023148 -1.508349 -0.131193
v -0.143292 -1.509372 -0.140455
v -0.119141 -1.509029 -0.104851
v -0.029467 -1.498439 -0.169157
v -0.126008 -1.489215 -0.196102
v -0.075669 -1.522740 -0.194134
v -0.165657 -1.346960 -0.137415
v -0.130212 -1.344989 -0.184437
v -0.063084 -1.338704 -0.102773
v -0.037735 -1.335516 -0.128221
v -0.129174 -1.343529 -0.110072
v -0.039924 -1.337663 -0.159956
v -0.083870 -1.355151 -0.191393
v -0.105491 -1.012717 -0.173079
v -0.107406 -1.012908 -0.138511
v -0.072345 -1.008067 -0.126031
v -0.039361 -1.003012 -0.136564
v -0.035799 -1.000454 -0.159341
v -0.082232 -1.017419 -0.197150
v -0.045331 -0.788110 -0.162855
v -0.066585 -0.581076 -0.163088
v -0.097909 -0.375153 -0.163426
v -0.129496 -0.166377 -0.162786
v -0.153551 0.043513 -0.163275
v -0.050497 -0.789599 -0.140215
v -0.071513 -0.581951 -0.142750
v -0.101766 -0.375631 -0.144892
v -0.133352 -0.167411 -0.146359
v -0.159864 0.041565 -0.145566
v -0.081563 -0.794167 -0.130833
v -0.101004 -0.586336 -0.135137
v -0.128683 -0.379322 -0.138297
v -0.158218 -0.172507 -0.140391
v -0.184873 0.035259 -0.139538
v -0.114160 -0.799103 -0.143145
v -0.132361 -0.591575 -0.145852
v -0.157863 -0.384070 -0.145101
v -0.185534 -0.178677 -0.145607
v -0.210418 0.028197 -0.146176
v -0.115597 -0.799648 -0.175146
v -0.134326 -0.592352 -0.174255
v -0.159499 -0.384788 -0.171007
v -0.186639 -0.179296 -0.169778
v -0.210746 0.027891 -0.170775
v -0.063551 -0.799041 -0.188718
v -0.081675 -0.592480 -0.186886
v -0.109333 -0.386345 -0.184877
v -0.137893 -0.177361 -0.182513
v -0.164730 0.031560 -0.183371
v -0.128120 -1.222864 -0.167686
v -0.130321 -1.222990 -0.135424
v -0.084745 -1.220204 -0.119759
v -0.043588 -1.218768 -0.128021
v -0.041706 -1.221621 -0.149689
v -0.098284 -1.231580 -0.188752
v -0.052822 -1.119254 -0.125595
v -0.101662 -1.122479 -0.128350
v -0.102322 -1.125443 -0.186080
v -0.124733 -1.126568 -0.149616
v -0.041037 -1.120284 -0.165053
v -0.037370 -1.117519 -0.143941
v -0.165400 -1.391697 -0.136787
v -0.124520 -1.294052 -0.182443
v -0.061271 -1.288887 -0.112233
v -0.034381 -1.378915 -0.124322
v -0.131206 -1.389642 -0.105017
v -0.037394 -1.379932 -0.163697
v -0.111380 -1.668769 -0.160018
v -0.118315 -1.669744 -0.111837
v -0.063497 -1.663816 -0.090596
v -0.009130 -1.660316 -0.108876
v -0.003692 -1.660843 -0.147147
v -0.072871 -1.674437 -0.192679
v -0.056934 -1.458442 -0.093708
v -0.015126 -1.577601 -0.133759
v -0.152436 -1.463634 -0.139761
v -0.108352 -1.580304 -0.105393
v -0.020493 -1.578285 -0.169087
v -0.106131 -1.577204 -0.190530
v -0.123071 -1.757510 -0.118599
v -0.095530 -1.754504 -0.074183
v 0.013018 -1.748382 -0.156520
v 0.013130 -1.748123 -0.110911
v -0.098220 -1.753384 -0.192240
v -0.017950 -1.749422 -0.074073
v 0.028323 -1.917392 -0.156514
v 0.027031 -1.915251 -0.091699
v -0.113312 -1.905129 -0.045960
v -0.123031 -1.901924 -0.200735
v -0.016067 -1.912080 -0.044066
v -0.149929 -1.903536 -0.099911
v -0.133951 -2.067878 -0.142343
v -0.139201 -2.073760 -0.085337
v -0.085056 -2.074889 -0.064541
v -0.017746 -2.078809 -0.084749
v -0.000972 -2.076563 -0.133811
v -0.096518 -2.067263 -0.189317
v -0.034222 -2.035204 -0.055548
v -0.156905 -2.031552 -0.099781
v -0.123858 -2.022820 -0.181807
v 0.010146 -2.037731 -0.103336
v -0.125568 -2.025851 -0.060312
v 0.008411 -2.036707 -0.163121
v -0.113563 -2.120970 -0.138179
v -0.112449 -2.137784 -0.103972
v -0.086745 -2.129283 -0.092158
v -0.046123 -2.118710 -0.102217
v -0.031207 -2.112587 -0.131896
v -0.090891 -2.105720 -0.167141
v -0.055279 -2.105826 -0.081177
v -0.128850 -2.115801 -0.106934
v -0.113152 -2.090288 -0.167376
v -0.018019 -2.100994 -0.113908
v -0.112574 -2.109306 -0.085373
v -0.016907 -2.096982 -0.153739
v -0.098935 -2.127480 -0.140241
v -0.103762 -2.151796 -0.112731
v -0.077128 -2.137560 -0.102510
v -0.058604 -2.130605 -0.115852
v -0.099526 -2.146600 -0.104756
v -0.063347 -2.132435 -0.131051
v -0.052942 -1.011657 -0.184462
v -0.094731 -0.804299 -0.198780
v -0.112290 -0.597591 -0.195455
v -0.137175 -0.390598 -0.191943
v -0.163623 -0.183127 -0.189503
v -0.190331 0.024749 -0.190166
v -0.062759 -1.233538 -0.175316
v -0.028944 -1.672092 -0.181198
v -0.037861 -2.075047 -0.176608
v -0.058159 -2.109176 -0.160247
v -0.072419 -2.095188 -0.178602
v -0.065000 -2.033890 -0.199029
v -0.045997 -1.916950 -0.204308
v -0.038901 -1.763228 -0.194388
v -0.064444 -1.593543 -0.191972
v -0.083699 -1.306049 -0.187556
v -0.073046 -1.134380 -0.189456
v -0.039890 -1.575812 -0.101269
v -0.027684 -1.459004 -0.126467
v -0.130582 -1.582109 -0.140092
v -0.126415 -1.463189 -0.103239
v -0.031875 -1.460172 -0.168298
v -0.130355 -1.460238 -0.195726
v -0.081815 -1.474513 -0.195659
v -0.098877 -1.516392 -0.196664
v -0.135678 -1.507380 -0.166144
v -0.023614 -1.509251 -0.150456
v -0.139006 -1.509676 -0.119805
v -0.030358 -1.506254 -0.111727
v -0.084613 -1.506971 -0.096606
v -0.052046 -1.518651 -0.183888
v -0.153420 -1.294818 -0.143795
v -0.132164 -1.390779 -0.186671
v -0.062784 -1.383084 -0.095252
v -0.040078 -1.287425 -0.133380
v -0.122981 -1.291512 -0.117962
v -0.044127 -1.292757 -0.158996
v -0.084017 -1.398716 -0.194396
v -0.061527 -1.349206 -0.178853
v -0.037543 -1.335850 -0.144480
v -0.149954 -1.344657 -0.123166
v -0.044440 -1.336567 -0.112775
v -0.095901 -1.341368 -0.102318
v -0.107955 -1.351448 -0.193586
v -0.147745 -1.343325 -0.164603
v -0.088348 -1.131222 -0.192334
v -0.076791 -1.120880 -0.123981
v -0.114319 -1.123857 -0.170434
v -0.116725 -1.123956 -0.137638
v -0.150048 -1.389762 -0.164706
v -0.104967 -1.301460 -0.190010
v -0.038349 -1.117942 -0.154691
v -0.040496 -1.118088 -0.133229
v -0.096981 -1.386710 -0.095580
v -0.042350 -1.380316 -0.106355
v -0.152429 -1.390891 -0.119725
v -0.042393 -1.589166 -0.182650
v -0.034084 -1.378941 -0.143865
v -0.073990 -1.577710 -0.098388
v -0.021083 -1.576086 -0.114962
v -0.127365 -1.581867 -0.119871
v -0.012350 -1.758097 -0.179304
v -0.015993 -1.578739 -0.151803
v -0.121708 -1.580782 -0.164361
v -0.056646 -1.751747 -0.068479
v -0.117958 -1.756787 -0.091388
v -0.009142 -1.918387 -0.185352
v 0.014512 -1.748055 -0.133685
v -0.114502 -1.755967 -0.153493
v -0.064955 -1.908429 -0.038171
v 0.004505 -1.748376 -0.089620
v -0.029394 -2.035967 -0.184782
v 0.029875 -1.915822 -0.123479
v -0.140337 -1.902722 -0.147006
v -0.081241 -2.030245 -0.051536
v 0.014005 -1.914318 -0.063493
v -0.141649 -1.903731 -0.066505
v -0.144151 -2.023305 -0.144498
v -0.086043 -2.107586 -0.079147
v -0.003707 -2.037652 -0.075038
v -0.149686 -2.025137 -0.077026
v -0.095464 -2.091120 -0.179292
v 0.012215 -2.036757 -0.133058
v -0.123357 -2.099219 -0.141275
v -0.106874 -2.133559 -0.131575
v -0.031444 -2.103520 -0.094409
v -0.125236 -2.111699 -0.095317
v -0.079143 -2.118870 -0.150732
v -0.014669 -2.098513 -0.133932
v -0.088851 -2.140378 -0.100111
v -0.060894 -2.130054 -0.106598
v -0.105553 -2.148038 -0.107952
v -0.050566 -2.125490 -0.126609
v -0.046062 -2.096989 -0.168414
v -0.096829 -2.027929 -0.198979
v -0.083636 -1.910569 -0.207159
v -0.068006 -1.760433 -0.197084
v -0.085758 -1.588716 -0.193653
v -0.063372 -1.301347 -0.175909
v -0.057156 -1.129280 -0.179231
v -0.106015 -1.470304 -0.198200
v -0.144321 -1.462708 -0.166320
v -0.027719 -1.460073 -0.147409
v -0.146921 -1.463791 -0.118876
v -0.035912 -1.458045 -0.106505
v -0.091730 -1.460791 -0.093519
v -0.056993 -1.470221 -0.184525
v -0.060132 -1.392262 -0.181948
v -0.040774 -1.288628 -0.146429
v -0.142085 -1.292415 -0.129534
v -0.044941 -1.287776 -0.120688
v -0.091757 -1.290353 -0.111559
v -0.109039 -1.396023 -0.196324
v -0.140034 -1.291771 -0.165630
v -0.220298 0.134964 -0.184285
v -0.235133 0.132552 -0.153354
v -0.218295 0.138448 -0.141228
v -0.187537 0.146184 -0.141075
v -0.173205 0.150053 -0.153022
v -0.172348 0.151486 -0.175225
v -0.194989 0.131409 -0.189200
v -0.171556 0.150656 -0.163275
v -0.177869 0.148708 -0.145566
v -0.202877 0.142402 -0.139538
v -0.228423 0.135341 -0.146176
v -0.228750 0.135035 -0.170775
v -0.182735 0.138704 -0.183371
v -0.208336 0.131893 -0.190166
vn 0.3270 0.0644 0.9428
vn 0.0307 0.0135 0.9994
vn 0.0424 0.0068 0.9991
vn 0.3357 0.0558 0.9403
vn 0.6615 0.1167 -0.7408
vn 0.9470 0.1713 -0.2718
vn 0.9262 0.1489 -0.3464
vn 0.6925 0.1063 -0.7136
vn 0.9656 0.1852 0.1826
vn 0.9737 0.2002 0.1088
vn 0.7423 0.1536 0.6523
vn 0.6696 0.1306 0.7311
vn 0.9785 0.1921 0.0752
vn 0.7703 0.1546 0.6186
vn 0.3116 0.0710 0.9475
vn 0.3211 0.0709 0.9444
vn -0.2756 -0.0386 0.9605
vn -0.2668 -0.0457 0.9627
vn 0.2182 0.0317 -0.9754
vn 0.1083 0.0186 -0.9939
vn -0.2768 -0.0327 0.9604
vn -0.6785 -0.1001 0.7277
vn -0.6670 -0.1045 0.7377
vn -0.2763 -0.0308 0.9606
vn -0.6824 -0.0988 0.7242
vn -0.9307 -0.1379 0.3389
vn -0.9263 -0.1392 0.3501
vn -0.9170 -0.1447 0.3717
vn -0.9829 -0.1457 0.1125
vn -0.9806 -0.1536 0.1217
vn -0.9843 -0.1443 0.1020
vn -0.9395 -0.1390 -0.3132
vn -0.9034 -0.1350 -0.4069
vn -0.8948 -0.1399 -0.4240
vn 0.2125 0.0450 -0.9761
vn 0.2164 0.0561 -0.9747
vn 0.6845 0.1377 -0.7159
vn 0.6977 0.1417 -0.7023
vn -0.2054 -0.0389 -0.9779
vn -0.2311 -0.0359 -0.9723
vn -0.2449 -0.0326 -0.9690
vn 0.0472 0.0217 -0.9986
vn 0.1453 0.0409 -0.9885
vn 0.0718 0.0280 -0.9970
vn 0.1492 0.0425 -0.9879
vn -0.2493 -0.0316 -0.9679
vn -0.3226 -0.1006 -0.9412
vn -0.3412 -0.1445 -0.9288
vn 0.1235 0.0053 -0.9923
vn 0.1093 0.0324 -0.9935
vn 0.5943 0.1816 -0.7835
vn 0.5406 0.1931 -0.8188
vn 0.1579 0.0163 -0.9873
vn 0.6615 0.1588 -0.7329
vn -0.3420 -0.1203 -0.9320
vn 0.1934 0.0501 -0.9798
vn 0.6629 0.1339 -0.7367
vn -0.2950 -0.0620 -0.9535
vn -0.2583 -0.0343 -0.9655
vn 0.1810 0.0408 -0.9826
vn 0.6537 0.1360 -0.7445
vn -0.2500 -0.0321 -0.9677
vn 0.2033 0.0374 -0.9784
vn 0.6780 0.1425 -0.7211
vn -0.2519 -0.0438 -0.9668
vn 0.2518 0.0422 -0.9669
vn 0.7191 0.1378 -0.6811
vn -0.2350 -0.0553 -0.9704
vn 0.2718 0.0429 -0.9614
vn 0.7265 0.1242 -0.6759
vn -0.2018 -0.0516 -0.9781
vn -0.1902 -0.0436 -0.9808
vn -0.9587 -0.1853 0.2159
vn -0.9810 -0.1916 0.0316
vn -0.9680 -0.2503 -0.0162
vn -0.9600 -0.2312 0.1581
vn -0.8720 -0.1711 -0.4587
vn -0.8662 -0.2201 -0.4486
vn -0.9584 -0.1574 0.2380
vn -0.9866 -0.1623 0.0145
vn -0.8719 -0.1427 -0.4683
vn -0.9585 -0.1552 0.2391
vn -0.9871 -0.1590 -0.0177
vn -0.8733 -0.1394 -0.4668
vn -0.9432 -0.1833 0.2772
vn -0.9809 -0.1936 -0.0190
vn -0.8672 -0.1755 -0.4659
vn -0.9094 -0.2119 0.3580
vn -0.9703 -0.2319 0.0690
vn -0.8470 -0.2077 -0.4894
vn -0.8876 -0.2004 0.4148
vn -0.9623 -0.2190 0.1616
vn -0.9696 -0.2223 0.1023
vn -0.8927 -0.1686 0.4179
vn -0.9713 -0.1807 0.1544
vn -0.9798 -0.1807 0.0855
vn -0.9062 -0.1524 0.3944
vn -0.9788 -0.1634 0.1231
vn -0.8757 -0.1458 -0.4603
vn -0.3228 -0.0453 0.9454
vn -0.7520 -0.1370 0.6447
vn -0.7750 -0.1731 0.6077
vn -0.3324 -0.0593 0.9413
vn -0.2953 -0.0354 0.9547
vn -0.7279 -0.1143 0.6761
vn -0.2764 -0.0350 0.9604
vn -0.7123 -0.1111 0.6930
vn -0.2632 -0.0479 0.9636
vn -0.6826 -0.1298 0.7191
vn -0.2525 -0.0638 0.9655
vn -0.6402 -0.1492 0.7536
vn -0.2506 -0.0651 0.9659
vn -0.6180 -0.1421 0.7732
vn -0.2559 -0.0545 0.9652
vn -0.6265 -0.1211 0.7700
vn -0.6484 -0.1102 0.7532
vn 0.3254 0.0720 0.9428
vn 0.0209 0.0209 0.9996
vn 0.0276 0.0270 0.9993
vn 0.3553 0.0931 0.9301
vn 0.9597 0.1843 -0.2122
vn 0.9679 0.1877 -0.1671
vn 0.9625 0.1902 -0.1933
vn 0.9565 0.1844 -0.2262
vn 0.3483 0.1134 0.9305
vn 0.0297 0.0296 0.9991
vn 0.0449 0.0478 0.9978
vn 0.3362 0.1422 0.9310
vn -0.3019 -0.0501 0.9520
vn -0.2717 0.0045 0.9624
vn 0.0560 0.1021 0.9932
vn 0.3265 0.1911 0.9257
vn 0.2631 0.0549 0.9632
vn -0.0013 0.0116 0.9999
vn 0.2337 0.0502 0.9710
vn -0.0118 0.0009 0.9999
vn 0.2651 0.0521 0.9628
vn 0.0052 -0.0073 1.0000
vn 0.3102 0.0517 0.9493
vn 0.0294 -0.0069 0.9995
vn 0.3352 0.0516 0.9407
vn 0.0446 -0.0002 0.9990
vn 0.9742 0.2000 0.1044
vn 0.7231 0.1622 0.6715
vn 0.7353 0.2280 0.6382
vn 0.9583 0.2770 0.0699
vn 0.9698 0.1831 0.1614
vn 0.6595 0.1264 0.7410
vn 0.9533 0.1762 0.2452
vn 0.5652 0.1037 0.8184
vn 0.6300 0.1298 0.7657
vn 0.5125 0.1070 0.8520
vn 0.9516 0.2117 0.2227
vn 0.5702 0.1243 0.8121
vn 0.9618 0.1922 0.1949
vn 0.6379 0.1205 0.7606
vn 0.9682 0.1622 0.1906
vn 0.6547 0.1074 0.7483
vn 0.9669 0.1588 0.1996
vn 0.6410 0.1061 0.7601
vn 0.9067 0.1797 -0.3817
vn 0.9006 0.1729 -0.3987
vn 0.0156 0.0193 0.9997
vn 0.0209 0.0184 0.9996
vn 0.8990 0.1729 -0.4023
vn 0.8863 0.1824 -0.4257
vn 0.9282 0.1885 -0.3209
vn 0.8885 0.1944 -0.4157
vn 0.9119 0.1796 -0.3691
vn 0.9189 0.1560 -0.3624
vn 0.8845 0.2412 -0.3994
vn 0.8180 0.2958 -0.4933
vn 0.7639 0.2975 -0.5727
vn 0.9308 0.3640 0.0344
vn 0.9137 0.4058 -0.0198
vn 0.6951 0.2746 0.6644
vn 0.6583 0.3051 0.6882
vn 0.5410 0.1993 -0.8171
vn 0.7670 0.2498 -0.5910
vn 0.8345 0.1636 -0.5261
vn 0.5764 0.1642 -0.8005
vn 0.9853 0.1583 0.0642
vn 0.9994 0.0314 -0.0108
vn 0.9101 0.0553 -0.4107
vn 0.6976 0.1450 0.7016
vn 0.8060 0.0335 0.5910
vn 0.8187 0.2455 -0.5191
vn -0.2960 0.0042 -0.9552
vn -0.3122 -0.0277 -0.9496
vn 0.1024 0.0791 -0.9916
vn 0.1158 0.0977 -0.9885
vn 0.5216 0.2073 -0.8276
vn -0.9496 -0.2821 -0.1368
vn -0.9588 -0.2627 0.1077
vn -0.8149 -0.2731 -0.5113
vn -0.7988 -0.2074 -0.5647
vn -0.9363 -0.2565 -0.2400
vn -0.9644 -0.2436 0.1032
vn -0.7710 -0.1902 0.6077
vn -0.7560 -0.1520 0.6367
vn 0.3537 0.2329 0.9059
vn 0.0849 0.1859 0.9789
vn 0.1202 0.1053 0.9871
vn 0.4062 0.1379 0.9033
vn -0.2569 0.1107 0.9601
vn -0.2468 0.0465 0.9679
vn -0.7259 -0.0523 0.6858
vn -0.7452 -0.0950 0.6600
vn -0.2590 -0.0538 0.9644
vn 0.1300 -0.0099 0.9915
vn -0.7321 -0.0312 0.6805
vn -0.9705 -0.1323 0.2014
vn -0.9683 -0.1182 0.2201
vn -0.9887 -0.1277 -0.0785
vn -0.9901 -0.0964 -0.1024
vn -0.9752 -0.1014 0.1968
vn 0.6910 0.2810 0.6660
vn 0.5975 0.2774 0.7523
vn 0.4387 0.0229 0.8983
vn -0.2408 -0.0352 -0.9699
vn -0.2321 -0.0127 -0.9726
vn -0.4526 -0.0091 -0.8917
vn -0.4520 -0.0338 -0.8914
vn -0.7934 -0.0209 -0.6083
vn -0.8033 -0.0560 -0.5929
vn -0.5000 0.0297 -0.8655
vn -0.7985 0.0425 -0.6004
vn -0.2545 0.0298 -0.9666
vn -0.9848 -0.1432 -0.0987
vn -0.8553 -0.1031 -0.5077
vn -0.8430 -0.0891 -0.5305
vn -0.2503 -0.0297 -0.9677
vn -0.2704 -0.0078 -0.9627
vn 0.0908 0.0753 -0.9930
vn 0.0201 0.0096 -0.9998
vn -0.8197 -0.0734 -0.5681
vn 0.4315 -0.0165 0.9020
vn 0.0993 -0.0433 0.9941
vn 0.0601 0.0310 0.9977
vn 0.4162 0.0403 0.9084
vn -0.3068 -0.0717 0.9491
vn -0.3463 0.0158 0.9380
vn -0.3613 0.1591 0.9188
vn 0.0286 0.1647 0.9859
vn 0.4024 0.1605 0.9013
vn -0.7855 -0.0801 0.6137
vn -0.8114 0.0025 0.5845
vn -0.9853 -0.0693 0.1565
vn -0.9910 -0.0075 0.1334
vn -0.9832 0.0975 0.1545
vn -0.8028 0.1341 0.5810
vn 0.9983 -0.0105 -0.0571
vn 0.8480 -0.0050 0.5299
vn 0.8610 0.0275 0.5079
vn 0.9954 -0.0019 -0.0962
vn 0.8618 0.1117 0.4947
vn 0.9946 0.0421 -0.0944
vn -0.2840 0.0522 -0.9574
vn -0.5431 0.0504 -0.8382
vn -0.8754 0.0955 -0.4738
vn -0.2574 -0.0071 -0.9663
vn -0.5221 0.0008 -0.8529
vn -0.4531 -0.1439 -0.8798
vn -0.8352 -0.1548 -0.5277
vn -0.8874 0.0099 -0.4609
vn -0.9892 -0.0618 -0.1330
vn -0.9876 -0.0165 -0.1564
vn -0.9887 0.0837 -0.1245
vn 0.5731 -0.0225 -0.8192
vn 0.9236 -0.0257 -0.3826
vn 0.8901 -0.0395 -0.4541
vn 0.5668 -0.0644 -0.8214
vn 0.8839 0.0261 -0.4669
vn 0.5821 0.0080 -0.8131
vn 0.0108 0.2134 0.9769
vn 0.3778 0.2170 0.9001
vn -0.3518 0.2056 0.9132
vn -0.7662 0.1781 0.6174
vn -0.7511 0.0187 0.6599
vn -0.3386 0.0309 0.9404
vn 0.0244 0.0407 0.9989
vn 0.8300 0.1876 0.5253
vn 0.9922 0.1208 -0.0293
vn 0.3837 0.0550 0.9218
vn 0.8210 0.0726 0.5663
vn -0.1932 -0.1588 -0.9682
vn -0.9921 0.1224 -0.0288
vn -0.9661 0.1371 0.2189
vn 0.0467 0.0670 -0.9967
vn 0.0973 -0.0109 -0.9952
vn -0.9999 0.0120 0.0124
vn 0.9310 0.1141 -0.3467
vn 0.6021 0.1220 -0.7891
vn 0.9978 0.0655 0.0140
vn 0.9552 0.0421 -0.2929
vn -0.7270 -0.2208 0.6501
vn -0.3152 -0.2125 0.9249
vn 0.0524 -0.1913 0.9801
vn -0.9650 0.0130 0.2620
vn -0.3934 -0.3306 -0.8579
vn -0.7701 -0.4220 -0.4783
vn -0.1602 -0.3331 -0.9292
vn 0.2347 -0.1687 -0.9573
vn -0.9866 -0.1633 -0.0057
vn 0.7889 -0.1572 0.5941
vn 0.9846 -0.1689 0.0441
vn 0.9234 -0.1522 -0.3525
vn -0.2922 -0.3871 0.8745
vn 0.0563 -0.3442 0.9372
vn 0.3895 -0.1851 0.9022
vn 0.3638 -0.3467 0.8645
vn -0.9469 -0.1923 0.2575
vn 0.7097 -0.1812 -0.6808
vn 0.8609 -0.3133 -0.4009
vn 0.7096 -0.3060 -0.6347
vn 0.9003 -0.4220 0.1066
vn 0.0129 -0.4666 0.8844
vn 0.3154 -0.4601 0.8300
vn -0.3061 -0.5374 0.7858
vn -0.3559 -0.6485 0.6729
vn -0.0779 -0.5636 0.8224
vn 0.2303 -0.5427 0.8078
vn -0.8846 -0.3934 0.2503
vn -0.6694 -0.4161 0.6154
vn 0.6758 -0.3591 0.6437
vn -0.1029 -0.7276 -0.6783
vn -0.1330 -0.5473 -0.8263
vn 0.2667 -0.5097 -0.8180
vn 0.1222 -0.7152 -0.6882
vn 0.6397 -0.4560 -0.6188
vn 0.4318 -0.6512 -0.6241
vn 0.2982 -0.3202 -0.8992
vn -0.9312 -0.3645 0.0019
vn 0.7977 -0.4360 -0.4167
vn 0.6226 -0.5910 -0.5128
vn 0.8402 -0.5389 0.0599
vn 0.6484 -0.7568 -0.0823
vn 0.3055 -0.7006 -0.6449
vn 0.1166 -0.7387 -0.6639
vn -0.0835 -0.9952 0.0502
vn 0.2527 -0.7118 -0.6554
vn -0.6051 -0.5971 0.5266
vn -0.7667 -0.6086 0.2043
vn -0.6398 -0.7564 0.1357
vn -0.5592 -0.7219 0.4075
vn 0.5893 -0.5034 0.6319
vn 0.5476 -0.5851 0.5982
vn -0.3883 -0.8417 -0.3752
vn -0.0806 -0.7739 -0.6282
vn -0.2234 -0.7268 -0.6496
vn -0.5092 -0.7470 -0.4275
vn -0.7934 -0.6087 -0.0057
vn -0.6391 -0.6200 -0.4551
vn -0.6473 -0.7611 -0.0420
vn -0.1514 -0.6252 0.7656
vn 0.0646 -0.6572 0.7510
vn -0.4291 -0.7262 0.5371
vn -0.5497 -0.1740 -0.8170
vn -0.5116 -0.1069 -0.8526
vn -0.5476 -0.7579 0.3545
vn -0.5867 -0.8039 0.0981
vn 0.3872 -0.6829 0.6194
vn 0.3593 -0.7232 0.5898
vn -0.5849 -0.8095 -0.0503
vn -0.4099 -0.0822 -0.9084
vn -0.4565 -0.0792 -0.8862
vn -0.3368 -0.5366 -0.7737
vn 0.6630 0.0164 -0.7484
vn 0.1059 0.0310 -0.9939
vn 0.1215 -0.0418 -0.9917
vn 0.0261 -0.0417 -0.9988
vn -0.8309 -0.1375 -0.5391
vn -0.5743 -0.0880 -0.8139
vn -0.5495 -0.0429 -0.8344
vn -0.5917 -0.1739 -0.7872
vn -0.4091 -0.0970 -0.9073
vn -0.4707 -0.0884 -0.8778
vn -0.5002 -0.1164 -0.8580
vn -0.4478 -0.1025 -0.8882
vn -0.5474 -0.1019 -0.8306
vn -0.5210 -0.0824 -0.8495
vn -0.5055 -0.0826 -0.8589
vn -0.5012 -0.0803 -0.8616
vn -0.5847 -0.2161 -0.7820
vn -0.5282 -0.0813 -0.8452
vn -0.5652 -0.0863 -0.8205
vn -0.5137 -0.0396 -0.8571
vn -0.4741 -0.0412 -0.8795
vn 0.5872 0.0804 -0.8054
vn -0.9640 -0.1809 -0.1950
vn -0.9721 -0.1806 0.1497
vn 0.6112 0.3424 0.7135
vn 0.9071 0.4190 0.0400
vn 0.3255 0.2439 0.9135
vn -0.7441 -0.0781 0.6635
vn -0.2641 0.0798 0.9612
vn 0.0619 0.1709 0.9833
vn 0.7479 0.2919 -0.5962
vn 0.2148 0.0376 -0.9759
vn 0.2199 0.0513 -0.9742
vn 0.6882 0.1244 -0.7147
vn 0.7029 0.1178 -0.7015
vn -0.3286 -0.0846 -0.9407
vn -0.3482 -0.1239 -0.9292
vn 0.1244 -0.0019 -0.9922
vn 0.1087 0.0267 -0.9937
vn 0.6041 0.1469 -0.7832
vn 0.5486 0.1639 -0.8198
vn 0.1600 0.0093 -0.9871
vn 0.6688 0.1286 -0.7323
vn -0.3460 -0.1029 -0.9326
vn 0.1940 0.0485 -0.9798
vn 0.6640 0.1287 -0.7366
vn -0.2965 -0.0513 -0.9536
vn -0.2576 -0.0283 -0.9659
vn 0.1816 0.0400 -0.9826
vn 0.6544 0.1334 -0.7443
vn -0.2501 -0.0300 -0.9678
vn 0.1846 0.0347 -0.9822
vn 0.6597 0.1250 -0.7411
vn -0.2518 -0.0425 -0.9668
vn -0.2470 -0.0490 -0.9678
vn -0.9644 -0.1526 0.2159
vn -0.9869 -0.1582 0.0317
vn -0.9787 -0.2049 -0.0138
vn -0.9695 -0.1870 0.1585
vn -0.8768 -0.1416 -0.4596
vn -0.8749 -0.1827 -0.4485
vn -0.9613 -0.1388 0.2381
vn -0.9896 -0.1433 0.0144
vn -0.8737 -0.1265 -0.4696
vn -0.9597 -0.1477 0.2392
vn -0.9883 -0.1513 -0.0177
vn -0.8743 -0.1327 -0.4670
vn -0.9439 -0.1795 0.2773
vn -0.9817 -0.1897 -0.0190
vn -0.8678 -0.1723 -0.4662
vn -0.9247 -0.1782 0.3365
vn -0.9810 -0.1921 0.0281
vn -0.8561 -0.1647 -0.4898
vn -0.3237 -0.0340 0.9456
vn -0.7560 -0.1112 0.6451
vn -0.7816 -0.1371 0.6086
vn -0.3338 -0.0436 0.9416
vn -0.2948 -0.0293 0.9551
vn -0.7292 -0.0999 0.6770
vn -0.2765 -0.0328 0.9605
vn -0.7130 -0.1054 0.6932
vn -0.2631 -0.0467 0.9636
vn -0.6829 -0.1269 0.7194
vn -0.2575 -0.0508 0.9649
vn -0.6550 -0.1260 0.7450
vn 0.3279 0.0656 0.9424
vn 0.0221 0.0205 0.9995
vn 0.0288 0.0262 0.9992
vn 0.3588 0.0810 0.9299
vn 0.3538 0.0974 0.9302
vn 0.0316 0.0283 0.9991
vn 0.0477 0.0451 0.9978
vn 0.3439 0.1223 0.9310
vn -0.3036 -0.0325 0.9522
vn -0.2725 0.0189 0.9620
vn 0.0603 0.0995 0.9932
vn 0.3346 0.1743 0.9261
vn 0.2637 0.0529 0.9632
vn -0.0011 0.0117 0.9999
vn 0.2341 0.0493 0.9710
vn -0.0116 0.0010 0.9999
vn 0.2494 0.0465 0.9673
vn -0.0036 -0.0027 1.0000
vn 0.9806 0.1663 0.1042
vn 0.7285 0.1374 0.6711
vn 0.7462 0.1932 0.6371
vn 0.9701 0.2324 0.0695
vn 0.9733 0.1637 0.1611
vn 0.6626 0.1133 0.7404
vn 0.9548 0.1686 0.2450
vn 0.5661 0.0992 0.8183
vn 0.6305 0.1272 0.7657
vn 0.5130 0.1050 0.8519
vn 0.6675 0.1329 0.7327
vn 0.5438 0.1050 0.8326
vn 0.9124 0.1487 -0.3814
vn 0.9039 0.1556 -0.3983
vn 0.9004 0.1659 -0.4023
vn 0.8870 0.1789 -0.4257
vn 0.9289 0.1847 -0.3209
vn 0.8802 0.1684 -0.4438
vn 0.9185 0.1784 -0.3529
vn 0.8951 0.2000 -0.3986
vn 0.8337 0.2478 -0.4935
vn 0.7778 0.2555 -0.5742
vn 0.9505 0.3088 0.0348
vn 0.9300 0.3670 -0.0210
vn 0.7096 0.2336 0.6647
vn 0.6715 0.2694 0.6903
vn 0.5468 0.1833 -0.8169
vn 0.7739 0.2267 -0.5913
vn 0.8404 0.1304 -0.5261
vn 0.5837 0.1408 -0.7996
vn 0.9909 0.1190 0.0635
vn 0.9995 -0.0314 -0.0103
vn 0.9125 -0.0017 -0.4090
vn 0.7034 0.1166 0.7011
vn 0.8074 -0.0182 0.5897
vn 0.8255 0.2201 -0.5197
vn -0.2944 0.0126 -0.9556
vn -0.3131 -0.0173 -0.9496
vn 0.1043 0.0758 -0.9917
vn 0.1195 0.0942 -0.9884
vn 0.5276 0.1891 -0.8282
vn -0.9643 -0.2277 -0.1351
vn -0.9723 -0.2074 0.1082
vn -0.8287 -0.2261 -0.5120
vn -0.8101 -0.1674 -0.5619
vn -0.9494 -0.2051 -0.2380
vn -0.9760 -0.1910 0.1042
vn -0.7802 -0.1454 0.6084
vn -0.7637 -0.1117 0.6358
vn 0.3622 0.2223 0.9052
vn 0.0922 0.1834 0.9787
vn 0.1254 0.1002 0.9870
vn 0.4125 0.1211 0.9029
vn -0.2516 0.1183 0.9606
vn -0.2424 0.0562 0.9685
vn -0.7249 -0.0246 0.6885
vn -0.7474 -0.0502 0.6625
vn -0.2596 -0.0381 0.9650
vn 0.1303 -0.0182 0.9913
vn -0.7314 -0.0096 0.6819
vn -0.9735 -0.1031 0.2039
vn -0.9712 -0.0819 0.2238
vn -0.9930 -0.0906 -0.0754
vn -0.9942 -0.0375 -0.1010
vn -0.9789 -0.0430 0.1997
vn 0.7001 0.2592 0.6654
vn 0.6067 0.2592 0.7515
vn 0.4409 -0.0056 0.8976
vn -0.2433 -0.0170 -0.9698
vn -0.2375 -0.0031 -0.9714
vn -0.4559 0.0095 -0.8900
vn -0.4543 -0.0004 -0.8908
vn -0.7964 0.0178 -0.6045
vn -0.8052 0.0015 -0.5930
vn -0.5020 0.0218 -0.8646
vn -0.8020 0.0411 -0.5959
vn -0.2581 0.0254 -0.9658
vn -0.9890 -0.1136 -0.0947
vn -0.8588 -0.0779 -0.5064
vn -0.8448 -0.0577 -0.5320
vn -0.2504 -0.0133 -0.9680
vn -0.2682 0.0037 -0.9634
vn 0.0956 0.0714 -0.9929
vn 0.0212 0.0082 -0.9997
vn -0.8210 -0.0248 -0.5704
vn 0.4301 -0.0507 0.9014
vn 0.0969 -0.0510 0.9940
vn 0.0577 0.0291 0.9979
vn 0.4138 0.0213 0.9101
vn -0.3104 -0.0483 0.9494
vn -0.3514 0.0343 0.9356
vn -0.3684 0.1559 0.9165
vn 0.0237 0.1664 0.9858
vn 0.3959 0.1680 0.9028
vn -0.7896 -0.0213 0.6133
vn -0.8143 0.0428 0.5789
vn -0.9880 0.0029 0.1542
vn -0.9912 0.0393 0.1261
vn -0.9846 0.0891 0.1506
vn -0.8070 0.1264 0.5768
vn 0.9945 -0.0891 -0.0554
vn 0.8451 -0.0721 0.5297
vn 0.8594 -0.0149 0.5112
vn 0.9940 -0.0536 -0.0953
vn 0.8577 0.1252 0.4987
vn 0.9941 0.0540 -0.0945
vn -0.2784 0.0528 -0.9590
vn -0.5406 0.0517 -0.8397
vn -0.8745 0.0941 -0.4758
vn -0.2550 0.0068 -0.9669
vn -0.5207 0.0294 -0.8532
vn -0.4628 -0.1091 -0.8797
vn -0.8454 -0.0903 -0.5265
vn -0.8859 0.0588 -0.4602
vn -0.9909 0.0090 -0.1346
vn -0.9867 0.0291 -0.1598
vn -0.9891 0.0762 -0.1262
vn 0.5735 -0.0660 -0.8166
vn 0.9205 -0.0976 -0.3782
vn 0.8880 -0.0888 -0.4512
vn 0.5613 -0.0974 -0.8219
vn 0.8830 0.0338 -0.4681
vn 0.5767 0.0083 -0.8169
vn 0.0139 0.2126 0.9770
vn 0.3826 0.2172 0.8980
vn -0.3473 0.2040 0.9153
vn -0.7633 0.1757 0.6217
vn -0.7469 0.0612 0.6621
vn -0.3353 0.0496 0.9408
vn 0.0255 0.0377 0.9990
vn 0.8324 0.1886 0.5211
vn 0.9917 0.1247 -0.0300
vn 0.3864 0.0306 0.9218
vn 0.8248 0.0223 0.5649
vn -0.2044 -0.1437 -0.9683
vn -0.9923 0.1209 -0.0257
vn -0.9656 0.1344 0.2225
vn 0.0501 0.0671 -0.9965
vn 0.0972 -0.0190 -0.9951
vn -0.9976 0.0669 0.0168
vn 0.9304 0.1178 -0.3470
vn 0.6076 0.1263 -0.7841
vn 0.9999 0.0056 0.0126
vn 0.9553 -0.0134 -0.2953
vn -0.7417 -0.1632 0.6506
vn -0.3304 -0.1871 0.9251
vn 0.0378 -0.1946 0.9801
vn -0.9618 0.0669 0.2653
vn -0.4172 -0.3000 -0.8579
vn -0.7998 -0.3627 -0.4783
vn -0.1849 -0.3201 -0.9292
vn 0.2212 -0.1861 -0.9573
vn -0.9962 -0.0865 -0.0043
vn 0.7738 -0.2194 0.5942
vn 0.9684 -0.2457 0.0439
vn 0.9083 -0.2246 -0.3529
vn -0.3206 -0.3639 0.8745
vn 0.0302 -0.3474 0.9372
vn 0.3740 -0.2152 0.9021
vn 0.3366 -0.3732 0.8645
vn -0.9588 -0.1180 0.2584
vn 0.6930 -0.2361 -0.6812
vn 0.8348 -0.3773 -0.4009
vn 0.6845 -0.3586 -0.6347
vn 0.8659 -0.4887 0.1066
vn -0.0223 -0.4663 0.8844
vn 0.2798 -0.4825 0.8300
vn -0.3458 -0.5128 0.7858
vn -0.4038 -0.6198 0.6729
vn -0.1202 -0.5561 0.8224
vn 0.1887 -0.5585 0.8078
vn -0.9118 -0.3256 0.2503
vn -0.6989 -0.3644 0.6154
vn 0.6467 -0.4091 0.6437
vn -0.1575 -0.7177 -0.6783
vn -0.1739 -0.5357 -0.8263
vn 0.2275 -0.5283 -0.8180
vn 0.0679 -0.7223 -0.6882
vn 0.6035 -0.5029 -0.6188
vn 0.3815 -0.6819 -0.6241
vn 0.2732 -0.3418 -0.8992
vn -0.9560 -0.2933 0.0019
vn 0.7625 -0.4949 -0.4167
vn 0.5763 -0.6363 -0.5128
vn 0.7972 -0.6008 0.0599
vn 0.5895 -0.8036 -0.0823
vn 0.2518 -0.7216 -0.6449
vn 0.0606 -0.7453 -0.6639
vn -0.1583 -0.9861 0.0502
vn 0.1983 -0.7288 -0.6554
vn -0.6484 -0.5498 0.5266
vn -0.8104 -0.5491 0.2043
vn -0.6951 -0.7060 0.1357
vn -0.6121 -0.6777 0.4075
vn 0.5497 -0.5464 0.6319
vn 0.5019 -0.6247 0.5982
vn -0.4507 -0.8100 -0.3752
vn -0.1388 -0.7656 -0.6282
vn -0.2775 -0.7078 -0.6496
vn -0.5641 -0.7065 -0.4275
vn -0.8371 -0.5471 -0.0057
vn -0.6841 -0.5700 -0.4551
vn -0.7029 -0.7101 -0.0420
vn -0.1981 -0.6120 0.7656
vn 0.0148 -0.6602 0.7510
vn -0.4827 -0.6918 0.5371
vn -0.5561 -0.1473 -0.8179
vn -0.5146 -0.0889 -0.8528
vn -0.6032 -0.7144 0.3545
vn -0.6456 -0.7573 0.0981
vn 0.3346 -0.7102 0.6194
vn 0.3037 -0.7483 0.5898
vn -0.6443 -0.7631 -0.0503
vn -0.3763 -0.5097 -0.7737
vn 0.6651 -0.0224 -0.7464
vn 0.1012 0.0324 -0.9943
vn 0.1156 -0.0452 -0.9923
vn 0.0232 -0.0438 -0.9988
vn -0.8371 -0.1070 -0.5365
vn -0.5764 -0.0677 -0.8143
vn -0.5489 -0.0272 -0.8355
vn -0.6002 -0.1432 -0.7869
vn -0.5477 -0.0993 -0.8308
vn -0.5192 -0.1045 -0.8483
vn -0.5216 -0.0782 -0.8496
vn -0.5064 -0.0719 -0.8593
vn -0.5952 -0.1813 -0.7829
vn -0.5125 -0.0191 -0.8585
vn -0.4743 -0.0113 -0.8803
vn 0.5936 0.0441 -0.8036
vn -0.9712 -0.1440 -0.1899
vn -0.9780 -0.1428 0.1519
vn 0.6238 0.3228 0.7118
vn 0.9202 0.3895 0.0392
vn 0.3342 0.2334 0.9131
vn -0.7463 -0.0497 0.6637
vn -0.2609 0.0899 0.9612
vn 0.0684 0.1694 0.9832
vn 0.7577 0.2666 -0.5957
vn 0.8840 0.1485 -0.4433
vn 0.9203 0.1547 -0.3592
vn -0.6531 -0.1097 0.7493
vn -0.9215 -0.1548 0.3563
vn 0.7037 0.1182 -0.7006
vn 0.2466 0.0414 -0.9682
vn -0.2439 -0.0410 -0.9689
vn 0.2556 0.0430 0.9658
vn -0.0007 -0.0001 1.0000
vn -0.4918 -0.0826 -0.8668
vn -0.2619 -0.0440 0.9641
vn -0.9059 -0.1522 -0.3952
vn -0.9848 -0.1655 0.0526
vn 0.7021 0.1180 0.7022
vn 0.5571 0.0936 0.8252
vn -0.3300 -0.0457 0.9429
vn -0.3352 -0.0537 0.9406
vn -0.0418 -0.0069 0.9991
vn -0.0333 0.0028 0.9994
vn -0.6635 -0.1052 -0.7407
vn -0.6897 -0.1189 -0.7143
vn -0.9255 -0.1535 -0.3462
vn -0.9512 -0.1465 -0.2716
vn -0.9732 -0.1395 0.1828
vn -0.6755 -0.0947 0.7312
vn -0.7517 -0.0975 0.6523
vn -0.9857 -0.1290 0.1088
vn -0.7785 -0.1057 0.6186
vn -0.9875 -0.1383 0.0752
vn -0.3267 -0.0380 0.9444
vn -0.3177 -0.0348 0.9476
vn 0.2684 0.0416 0.9624
vn 0.2733 0.0533 0.9605
vn -0.2165 -0.0384 -0.9755
vn -0.1086 -0.0176 -0.9939
vn 0.6648 0.1185 0.7376
vn 0.6740 0.1272 0.7277
vn 0.2723 0.0596 0.9604
vn 0.6772 0.1297 0.7242
vn 0.2712 0.0612 0.9606
vn 0.9209 0.1712 0.3501
vn 0.9246 0.1739 0.3389
vn 0.9142 0.1619 0.3716
vn 0.9772 0.1742 0.1216
vn 0.9766 0.1836 0.1125
vn 0.9774 0.1854 0.1020
vn 0.8979 0.1677 -0.4069
vn 0.9333 0.1757 -0.3132
vn 0.8915 0.1593 -0.4241
vn -0.2147 -0.0057 -0.9767
vn -0.7103 -0.0265 -0.7034
vn -0.6964 -0.0386 -0.7166
vn -0.2227 0.0004 -0.9749
vn 0.2078 0.0283 -0.9778
vn 0.2303 0.0412 -0.9722
vn -0.0517 0.0051 -0.9986
vn 0.2421 0.0493 -0.9690
vn -0.1507 -0.0089 -0.9885
vn -0.1549 -0.0086 -0.9879
vn -0.0770 0.0030 -0.9970
vn 0.2459 0.0516 -0.9679
vn 0.3394 -0.0378 -0.9399
vn -0.1089 0.0113 -0.9940
vn -0.1221 -0.0218 -0.9923
vn 0.3641 -0.0671 -0.9289
vn -0.5654 0.0834 -0.8206
vn -0.6198 0.0481 -0.7833
vn -0.6796 0.0087 -0.7336
vn -0.1567 -0.0189 -0.9875
vn 0.3606 -0.0423 -0.9318
vn -0.6737 -0.0464 -0.7375
vn -0.1983 -0.0021 -0.9801
vn 0.3028 0.0081 -0.9530
vn 0.2593 0.0314 -0.9653
vn -0.6652 -0.0513 -0.7449
vn -0.1844 -0.0108 -0.9828
vn 0.2507 0.0349 -0.9674
vn -0.6899 -0.0592 -0.7215
vn -0.2048 -0.0226 -0.9785
vn 0.2548 0.0277 -0.9666
vn -0.7270 -0.0839 -0.6815
vn -0.2519 -0.0345 -0.9671
vn 0.2416 0.0144 -0.9703
vn -0.7293 -0.1057 -0.6760
vn -0.2715 -0.0426 -0.9615
vn 0.2086 0.0108 -0.9779
vn 0.1946 0.0170 -0.9807
vn 0.9754 0.0458 0.2157
vn 0.9874 -0.0132 0.1580
vn 0.9994 -0.0304 -0.0155
vn 0.9985 0.0451 0.0324
vn 0.8943 -0.0215 -0.4469
vn 0.8888 0.0402 -0.4566
vn 0.9672 0.0888 0.2378
vn 0.9957 0.0911 0.0145
vn 0.8803 0.0816 -0.4674
vn 0.9654 0.1045 0.2389
vn 0.9939 0.1085 -0.0176
vn 0.8795 0.0981 -0.4657
vn 0.9570 0.0868 0.2769
vn 0.9960 0.0875 -0.0191
vn 0.8819 0.0740 -0.4656
vn 0.9319 0.0595 0.3578
vn 0.9959 0.0579 0.0689
vn 0.8710 0.0460 -0.4891
vn 0.9070 0.0744 0.4146
vn 0.9837 0.0791 0.1616
vn 0.9917 0.0780 0.1023
vn 0.9012 0.1149 0.4178
vn 0.9797 0.1276 0.1544
vn 0.9878 0.1301 0.0854
vn 0.9078 0.1435 0.3941
vn 0.9801 0.1561 0.1231
vn 0.8768 0.1407 -0.4598
vn 0.3258 0.0317 0.9449
vn 0.3379 0.0156 0.9411
vn 0.7945 0.0025 0.6073
vn 0.7640 0.0437 0.6437
vn 0.2954 0.0400 0.9545
vn 0.7338 0.0724 0.6755
vn 0.2767 0.0395 0.9601
vn 0.7171 0.0817 0.6922
vn 0.2667 0.0274 0.9634
vn 0.6925 0.0656 0.7185
vn 0.2606 0.0117 0.9654
vn 0.6565 0.0418 0.7531
vn 0.2593 0.0129 0.9657
vn 0.6327 0.0494 0.7728
vn 0.2605 0.0271 0.9651
vn 0.6335 0.0780 0.7698
vn 0.6505 0.1017 0.7527
vn -0.3324 -0.0119 0.9431
vn -0.3661 0.0070 0.9305
vn -0.0323 0.0198 0.9993
vn -0.0251 0.0151 0.9996
vn -0.9672 -0.1395 -0.2122
vn -0.9642 -0.1383 -0.2262
vn -0.9718 -0.1348 -0.1933
vn -0.9761 -0.1390 -0.1671
vn -0.3645 0.0337 0.9306
vn -0.3589 0.0657 0.9311
vn -0.0541 0.0370 0.9979
vn -0.0352 0.0223 0.9991
vn 0.3057 0.0168 0.9520
vn -0.0730 0.0909 0.9932
vn 0.2689 0.0584 0.9614
vn -0.3549 0.1258 0.9264
vn -0.2674 -0.0164 0.9634
vn -0.0013 0.0117 0.9999
vn -0.2379 -0.0169 0.9712
vn 0.0114 0.0042 0.9999
vn -0.2684 -0.0267 0.9629
vn -0.0026 -0.0086 1.0000
vn -0.3107 -0.0436 0.9495
vn -0.0255 -0.0155 0.9996
vn -0.3345 -0.0542 0.9408
vn -0.0422 -0.0139 0.9990
vn -0.9940 -0.0339 0.1044
vn -0.9959 0.0584 0.0696
vn -0.7675 0.0603 0.6382
vn -0.7403 -0.0119 0.6722
vn -0.9846 -0.0664 0.1617
vn -0.6697 -0.0433 0.7413
vn -0.9659 -0.0822 0.2457
vn -0.5719 -0.0494 0.8188
vn -0.6414 -0.0505 0.7656
vn -0.5216 -0.0400 0.8522
vn -0.9722 -0.0713 0.2230
vn -0.5815 -0.0456 0.8123
vn -0.9752 -0.1038 0.1953
vn -0.6440 -0.0760 0.7613
vn -0.9710 -0.1439 0.1909
vn -0.6555 -0.0995 0.7486
vn -0.9672 -0.1564 0.2001
vn -0.6410 -0.1030 0.7606
vn -0.9233 -0.0387 -0.3821
vn -0.9150 -0.0593 -0.3990
vn -0.0258 0.0105 0.9996
vn -0.0210 0.0132 0.9997
vn -0.9126 -0.0718 -0.4026
vn -0.9440 -0.0771 -0.3208
vn -0.9020 -0.0717 -0.4258
vn -0.9068 -0.0702 -0.4157
vn -0.9237 -0.1016 -0.3694
vn -0.9222 -0.1348 -0.3626
vn -0.8617 0.1112 -0.4951
vn -0.9159 0.0400 -0.3995
vn -0.8056 0.1398 -0.5758
vn -0.9702 0.2414 -0.0224
vn -0.9874 0.1544 0.0357
vn -0.7360 0.1171 0.6667
vn -0.7012 0.1701 0.6923
vn -0.5649 0.1191 -0.8165
vn -0.5952 0.0783 -0.7998
vn -0.8496 0.0392 -0.5259
vn -0.7952 0.1354 -0.5910
vn -0.9979 0.0111 0.0633
vn -0.9086 -0.0904 -0.4078
vn -0.9914 -0.1304 -0.0102
vn -0.7121 0.0407 0.7009
vn -0.8018 -0.0980 0.5895
vn -0.8453 0.1233 -0.5198
vn 0.2924 0.0470 -0.9552
vn -0.1294 0.0806 -0.9883
vn -0.1123 0.0629 -0.9917
vn 0.3138 0.0212 -0.9493
vn -0.5469 0.1227 -0.8282
vn 0.9930 -0.0477 0.1078
vn 0.9881 -0.0688 -0.1372
vn 0.8542 -0.0894 -0.5122
vn 0.9699 -0.0636 -0.2352
vn 0.8282 -0.0518 -0.5581
vn 0.9933 -0.0462 0.1056
vn 0.7939 -0.0178 0.6078
vn 0.7728 0.0001 0.6346
vn -0.3863 0.1803 0.9046
vn -0.4236 0.0769 0.9026
vn -0.1358 0.0868 0.9869
vn -0.1134 0.1728 0.9784
vn 0.2362 0.0831 0.9682
vn 0.2367 0.1478 0.9603
vn 0.7251 0.0563 0.6864
vn 0.2642 -0.0137 0.9644
vn 0.7510 0.0197 0.6600
vn -0.1281 -0.0309 0.9913
vn 0.7280 0.0764 0.6814
vn 0.9749 0.0264 0.2210
vn 0.9788 0.0108 0.2046
vn 0.9969 0.0187 -0.0764
vn 0.9792 0.0485 0.1968
vn 0.9932 0.0557 -0.1024
vn -0.7257 0.1778 0.6646
vn -0.6332 0.1885 0.7507
vn -0.4388 -0.0488 0.8973
vn 0.2457 0.0036 -0.9693
vn 0.4548 0.0377 -0.8898
vn 0.4578 0.0361 -0.8883
vn 0.2419 0.0108 -0.9702
vn 0.8028 0.0675 -0.5924
vn 0.7961 0.0694 -0.6012
vn 0.8036 0.0601 -0.5921
vn 0.5038 0.0284 -0.8633
vn 0.2613 0.0288 -0.9648
vn 0.9958 0.0006 -0.0914
vn 0.8473 0.0345 -0.5300
vn 0.8637 0.0205 -0.5036
vn 0.2524 0.0097 -0.9676
vn -0.0215 0.0064 -0.9997
vn -0.1022 0.0615 -0.9929
vn 0.2680 0.0324 -0.9629
vn 0.8213 0.0524 -0.5681
vn -0.4245 -0.0894 0.9010
vn -0.4118 -0.0033 0.9112
vn -0.0566 0.0267 0.9980
vn -0.0925 -0.0599 0.9939
vn 0.3541 0.0585 0.9334
vn 0.3139 -0.0222 0.9492
vn -0.0232 0.1680 0.9855
vn 0.3707 0.1645 0.9141
vn -0.3948 0.1637 0.9041
vn 0.8133 0.0961 0.5739
vn 0.7895 0.0449 0.6120
vn 0.9875 0.1021 0.1202
vn 0.9848 0.0853 0.1513
vn 0.8079 0.1431 0.5716
vn 0.9837 0.1085 0.1435
vn -0.9824 -0.1787 -0.0541
vn -0.9884 -0.1191 -0.0943
vn -0.8554 -0.0692 0.5133
vn -0.8351 -0.1483 0.5298
vn -0.8579 0.1106 0.5019
vn -0.9950 0.0332 -0.0938
vn 0.5451 0.0313 -0.8378
vn 0.2861 0.0421 -0.9573
vn 0.8781 0.0648 -0.4741
vn 0.2570 -0.0160 -0.9663
vn 0.5218 -0.0174 -0.8529
vn 0.8872 -0.0211 -0.4609
vn 0.8293 -0.1838 -0.5277
vn 0.4478 -0.1596 -0.8798
vn 0.9826 0.0907 -0.1624
vn 0.9865 0.0908 -0.1364
vn 0.9870 0.0950 -0.1298
vn -0.5674 -0.1176 -0.8150
vn -0.5530 -0.1374 -0.8218
vn -0.8814 -0.1502 -0.4479
vn -0.9098 -0.1797 -0.3740
vn -0.8836 0.0135 -0.4680
vn -0.5733 -0.0080 -0.8193
vn -0.3717 0.2346 0.8982
vn -0.0053 0.2153 0.9765
vn 0.3578 0.1925 0.9137
vn 0.7725 0.1490 0.6173
vn 0.3395 0.0191 0.9404
vn 0.7513 -0.0075 0.6599
vn -0.0229 0.0416 0.9989
vn -0.9863 0.1626 -0.0287
vn -0.8223 0.2233 0.5234
vn -0.3816 0.0683 0.9218
vn -0.8180 0.1011 0.5663
vn 0.1876 -0.1655 -0.9682
vn 0.9711 0.1009 0.2163
vn 0.9958 0.0865 -0.0315
vn -0.0449 0.0694 -0.9966
vn -0.0976 -0.0075 -0.9952
vn 0.9997 -0.0229 0.0124
vn -0.5988 0.1478 -0.7872
vn -0.9261 0.1530 -0.3449
vn -0.9949 0.1002 0.0140
vn -0.9532 0.0754 -0.2929
vn 0.3076 -0.2234 0.9249
vn 0.7189 -0.2459 0.6502
vn -0.0591 -0.1893 0.9801
vn 0.9648 -0.0207 0.2620
vn 0.7550 -0.4486 -0.4783
vn 0.3816 -0.3441 -0.8579
vn 0.1485 -0.3385 -0.9292
vn -0.2405 -0.1604 -0.9573
vn 0.9803 -0.1976 -0.0057
vn -0.9899 -0.1345 0.0441
vn -0.7939 -0.1297 0.5941
vn -0.9281 -0.1200 -0.3525
vn -0.0683 -0.3420 0.9372
vn 0.2785 -0.3970 0.8745
vn -0.3957 -0.1715 0.9022
vn -0.3757 -0.3338 0.8645
vn 0.9397 -0.2252 0.2575
vn -0.7155 -0.1564 -0.6808
vn -0.7198 -0.2811 -0.6347
vn -0.8713 -0.2831 -0.4009
vn -0.9145 -0.3904 0.1066
vn -0.3312 -0.4488 0.8300
vn -0.0291 -0.4659 0.8844
vn 0.2872 -0.5477 0.7858
vn 0.0582 -0.5659 0.8224
vn 0.3331 -0.6605 0.6729
vn -0.2490 -0.5343 0.8078
vn 0.6545 -0.4392 0.6154
vn 0.8704 -0.4240 0.2503
vn -0.6879 -0.3354 0.6437
vn 0.0775 -0.7307 -0.6783
vn -0.1470 -0.7105 -0.6882
vn -0.2843 -0.5001 -0.8180
vn 0.1138 -0.5516 -0.8263
vn -0.4542 -0.6358 -0.6241
vn -0.6552 -0.4334 -0.6188
vn -0.3092 -0.3096 -0.8992
vn 0.9179 -0.3967 0.0019
vn -0.8124 -0.4079 -0.4167
vn -0.6428 -0.5690 -0.5128
vn -0.6744 -0.7338 -0.0823
vn -0.8585 -0.5093 0.0599
vn -0.1423 -0.7341 -0.6639
vn -0.3297 -0.6895 -0.6449
vn 0.0488 -0.9975 0.0502
vn -0.2773 -0.7026 -0.6554
vn 0.5839 -0.6178 0.5266
vn 0.7450 -0.6350 0.2043
vn 0.5337 -0.7410 0.4075
vn 0.6131 -0.7783 0.1357
vn -0.6065 -0.4825 0.6319
vn -0.5676 -0.5656 0.5982
vn 0.0536 -0.7762 -0.6282
vn 0.3588 -0.8547 -0.3752
vn 0.1979 -0.7341 -0.6496
vn 0.4829 -0.7643 -0.4275
vn 0.7717 -0.6359 -0.0057
vn 0.6171 -0.6419 -0.4551
vn 0.6204 -0.7832 -0.0420
vn -0.0874 -0.6545 0.7510
vn 0.1295 -0.6301 0.7656
vn 0.4036 -0.7407 0.5371
vn 0.5749 -0.0488 -0.8168
vn 0.5228 0.0160 -0.8523
vn 0.5209 -0.7765 0.3545
vn 0.5583 -0.8238 0.0981
vn -0.3843 -0.7103 0.5898
vn -0.4108 -0.6690 0.6194
vn 0.5564 -0.8294 -0.0503
vn 0.4150 0.0480 -0.9085
vn 0.4580 0.0697 -0.8862
vn 0.3179 -0.5480 -0.7737
vn -0.6621 0.0395 -0.7484
vn -0.0985 0.0308 -0.9947
vn -0.0185 -0.0458 -0.9988
vn -0.1096 -0.0507 -0.9927
vn 0.5498 0.0363 -0.8345
vn 0.5806 0.0031 -0.8142
vn 0.8465 -0.0035 -0.5324
vn 0.6149 -0.0560 -0.7866
vn 0.4193 0.0294 -0.9074
vn 0.4748 0.0614 -0.8780
vn 0.5128 0.0321 -0.8579
vn 0.4574 0.0367 -0.8885
vn 0.5545 0.0540 -0.8304
vn 0.5250 0.0580 -0.8491
vn 0.5105 0.0467 -0.8586
vn 0.4996 0.0871 -0.8619
vn 0.6173 -0.0839 -0.7823
vn 0.5258 0.0958 -0.8452
vn 0.5623 0.1032 -0.8205
vn 0.4754 0.0321 -0.8792
vn 0.5139 0.0362 -0.8571
vn -0.5946 -0.0124 -0.8039
vn 0.9878 -0.0194 0.1547
vn 0.9829 -0.0218 -0.1827
vn -0.9603 0.2762 0.0381
vn -0.6604 0.2461 0.7095
vn -0.3612 0.1923 0.9124
vn 0.2486 0.1223 0.9608
vn 0.7472 0.0437 0.6632
vn -0.0893 0.1612 0.9829
vn -0.7858 0.1719 -0.5941
vn -0.2154 -0.0123 -0.9765
vn -0.7092 -0.0481 -0.7034
vn -0.6938 -0.0633 -0.7174
vn -0.2206 -0.0067 -0.9753
vn 0.3388 -0.0226 -0.9406
vn -0.1121 0.0062 -0.9937
vn -0.1208 -0.0253 -0.9924
vn 0.3665 -0.0563 -0.9287
vn -0.5702 0.0602 -0.8193
vn -0.6207 0.0296 -0.7835
vn -0.6797 -0.0138 -0.7334
vn -0.1559 -0.0242 -0.9875
vn 0.3621 -0.0307 -0.9316
vn -0.6712 -0.0754 -0.7374
vn -0.1984 -0.0107 -0.9801
vn 0.3019 0.0176 -0.9532
vn 0.2593 0.0401 -0.9650
vn -0.6620 -0.0811 -0.7451
vn -0.1833 -0.0189 -0.9829
vn 0.2488 0.0457 -0.9675
vn -0.6643 -0.0975 -0.7411
vn -0.1858 -0.0276 -0.9822
vn 0.2538 0.0390 -0.9665
vn 0.2495 0.0344 -0.9678
vn 0.9735 0.0757 0.2158
vn 0.9873 0.0192 0.1578
vn 0.9998 0.0024 -0.0173
vn 0.9966 0.0756 0.0317
vn 0.8938 0.0079 -0.4484
vn 0.8869 0.0669 -0.4571
vn 0.9635 0.1235 0.2377
vn 0.9918 0.1268 0.0145
vn 0.8771 0.1139 -0.4666
vn 0.9600 0.1462 0.2388
vn 0.9883 0.1514 -0.0178
vn 0.8743 0.1360 -0.4659
vn 0.9521 0.1297 0.2769
vn 0.9911 0.1321 -0.0190
vn 0.8778 0.1137 -0.4652
vn 0.9321 0.1338 0.3365
vn 0.9899 0.1391 0.0281
vn 0.8629 0.1242 -0.4898
vn 0.3242 0.0418 0.9451
vn 0.3373 0.0266 0.9410
vn 0.7940 0.0285 0.6073
vn 0.7621 0.0672 0.6440
vn 0.2947 0.0505 0.9543
vn 0.7313 0.0986 0.6749
vn 0.2747 0.0515 0.9601
vn 0.7130 0.1128 0.6920
vn 0.2655 0.0393 0.9633
vn 0.6891 0.0966 0.7182
vn 0.2600 0.0361 0.9649
vn 0.6602 0.0950 0.7450
vn -0.3309 -0.0235 0.9434
vn -0.3665 -0.0043 0.9304
vn -0.0331 0.0188 0.9993
vn -0.0249 0.0143 0.9996
vn -0.3653 0.0216 0.9306
vn -0.3607 0.0551 0.9310
vn -0.0551 0.0354 0.9979
vn -0.0359 0.0211 0.9991
vn 0.3054 0.0260 0.9519
vn -0.0778 0.0868 0.9932
vn 0.2644 0.0688 0.9620
vn -0.3616 0.1097 0.9259
vn -0.2666 -0.0280 0.9634
vn -0.0019 0.0117 0.9999
vn -0.2367 -0.0276 0.9712
vn 0.0113 0.0047 0.9999
vn -0.2509 -0.0376 0.9673
vn 0.0043 -0.0014 1.0000
vn -0.9924 -0.0648 0.1047
vn -0.9972 0.0258 0.0700
vn -0.7685 0.0352 0.6388
vn -0.7397 -0.0349 0.6720
vn -0.9817 -0.1010 0.1617
vn -0.6673 -0.0668 0.7418
vn -0.9613 -0.1239 0.2460
vn -0.5694 -0.0741 0.8187
vn -0.6384 -0.0793 0.7656
vn -0.5192 -0.0635 0.8523
vn -0.6743 -0.0926 0.7327
vn -0.5482 -0.0785 0.8326
vn -0.9217 -0.0670 -0.3821
vn -0.9122 -0.0921 -0.3993
vn -0.9087 -0.1112 -0.4025
vn -0.9396 -0.1195 -0.3207
vn -0.8978 -0.1122 -0.4259
vn -0.9264 -0.1316 -0.3529
vn -0.8869 -0.1285 -0.4438
vn -0.8651 0.0854 -0.4943
vn -0.9166 0.0099 -0.3998
vn -0.8119 0.1080 -0.5738
vn -0.9822 0.1868 -0.0206
vn -0.9916 0.1247 0.0350
vn -0.7401 0.0951 0.6657
vn -0.7102 0.1412 0.6897
vn -0.5719 0.0771 -0.8167
vn -0.5970 0.0446 -0.8010
vn -0.8505 -0.0104 -0.5258
vn -0.8034 0.0770 -0.5905
vn -0.9968 -0.0470 0.0645
vn -0.9053 -0.1139 -0.4093
vn -0.9876 -0.1567 -0.0108
vn -0.7127 0.0001 0.7014
vn -0.7981 -0.1177 0.5909
vn -0.8526 0.0623 -0.5189
vn 0.2901 0.0692 -0.9545
vn -0.1337 0.0711 -0.9885
vn -0.1172 0.0548 -0.9916
vn 0.3115 0.0424 -0.9493
vn -0.5551 0.0859 -0.8273
vn 0.9940 -0.0178 0.1075
vn 0.9897 -0.0387 -0.1380
vn 0.8569 -0.0634 -0.5115
vn 0.9709 -0.0268 -0.2380
vn 0.8270 -0.0154 -0.5619
vn 0.9945 -0.0080 0.1042
vn 0.7944 0.0060 0.6074
vn 0.7712 0.0308 0.6358
vn -0.3961 0.1520 0.9056
vn -0.4260 0.0534 0.9032
vn -0.1391 0.0795 0.9871
vn -0.1230 0.1643 0.9787
vn 0.2345 0.0973 0.9672
vn 0.2282 0.1650 0.9595
vn 0.7242 0.1002 0.6823
vn 0.2677 -0.0063 0.9635
vn 0.7534 0.0407 0.6563
vn -0.1259 -0.0339 0.9915
vn 0.7223 0.1295 0.6794
vn 0.9727 0.0861 0.2154
vn 0.9762 0.0814 0.2009
vn 0.9936 0.0793 -0.0809
vn 0.9784 0.0757 0.1924
vn 0.9910 0.0838 -0.1045
vn -0.7357 0.1261 0.6654
vn -0.6438 0.1423 0.7519
vn -0.4359 -0.0589 0.8981
vn 0.2456 0.0051 -0.9694
vn 0.4540 0.0413 -0.8901
vn 0.4534 0.0520 -0.8898
vn 0.2372 0.0189 -0.9713
vn 0.8023 0.0759 -0.5920
vn 0.7913 0.0923 -0.6045
vn 0.7946 0.1160 -0.5960
vn 0.4985 0.0691 -0.8641
vn 0.2555 0.0502 -0.9655
vn 0.9927 0.0721 -0.0971
vn 0.8450 0.0866 -0.5277
vn 0.8589 0.0830 -0.5054
vn 0.2543 0.0152 -0.9670
vn -0.0209 0.0061 -0.9998
vn -0.1028 0.0564 -0.9931
vn 0.2694 0.0473 -0.9619
vn 0.8219 0.0763 -0.5645
vn -0.4228 -0.0905 0.9017
vn -0.4146 -0.0162 0.9098
vn -0.0604 0.0238 0.9979
vn -0.0909 -0.0602 0.9940
vn 0.3471 0.0668 0.9354
vn 0.3152 -0.0201 0.9488
vn -0.0385 0.1642 0.9857
vn 0.3526 0.1918 0.9159
vn -0.4101 0.1286 0.9029
vn 0.8070 0.1188 0.5785
vn 0.7892 0.0508 0.6121
vn 0.9832 0.1320 0.1261
vn 0.9838 0.0942 0.1527
vn 0.7924 0.2044 0.5748
vn 0.9723 0.1826 0.1461
vn -0.9818 -0.1818 -0.0557
vn -0.9851 -0.1430 -0.0952
vn -0.8548 -0.0923 0.5107
vn -0.8343 -0.1506 0.5303
vn -0.8660 0.0380 0.4986
vn -0.9945 -0.0471 -0.0934
vn 0.5454 0.0613 -0.8359
vn 0.2900 0.0576 -0.9553
vn 0.8737 0.1177 -0.4720
vn 0.2599 -0.0170 -0.9655
vn 0.5228 -0.0198 -0.8522
vn 0.8869 -0.0254 -0.4612
vn 0.8227 -0.2080 -0.5291
vn 0.4429 -0.1724 -0.8798
vn 0.9797 0.1214 -0.1598
vn 0.9856 0.1013 -0.1353
vn 0.9772 0.1687 -0.1288
vn -0.5629 -0.1212 -0.8176
vn -0.5505 -0.1482 -0.8215
vn -0.8766 -0.1688 -0.4507
vn -0.9075 -0.1832 -0.3780
vn -0.8826 -0.0548 -0.4668
vn -0.5760 -0.0482 -0.8160
vn -0.3792 0.2135 0.9003
vn -0.0143 0.2158 0.9763
vn 0.3510 0.2145 0.9115
vn 0.7660 0.1958 0.6123
vn 0.3411 0.0175 0.9399
vn 0.7537 -0.0124 0.6571
vn -0.0239 0.0441 0.9987
vn -0.9944 0.1019 -0.0278
vn -0.8309 0.1756 0.5280
vn -0.3811 0.0748 0.9215
vn -0.8158 0.1124 0.5673
vn 0.1831 -0.1709 -0.9681
vn 0.9642 0.1598 0.2117
vn 0.9887 0.1460 -0.0354
vn -0.0449 0.0667 -0.9968
vn -0.0967 -0.0037 -0.9953
vn 0.9996 -0.0273 0.0075
vn -0.5997 0.1090 -0.7928
vn -0.9339 0.0960 -0.3444
vn -0.9935 0.1125 0.0157
vn -0.9534 0.0851 -0.2896
vn 0.3010 -0.2331 0.9247
vn 0.7114 -0.2683 0.6495
vn -0.0645 -0.1875 0.9801
vn 0.9658 -0.0260 0.2580
vn 0.7420 -0.4697 -0.4783
vn 0.3718 -0.3547 -0.8579
vn 0.1389 -0.3426 -0.9292
vn -0.2452 -0.1532 -0.9573
vn 0.9738 -0.2272 -0.0072
vn -0.9938 -0.1024 0.0444
vn -0.7981 -0.1028 0.5937
vn -0.9318 -0.0893 -0.3518
vn -0.0779 -0.3399 0.9372
vn 0.2672 -0.4047 0.8745
vn -0.4009 -0.1585 0.9023
vn -0.3849 -0.3231 0.8645
vn 0.9325 -0.2541 0.2565
vn -0.7208 -0.1334 -0.6802
vn -0.7275 -0.2607 -0.6347
vn -0.8789 -0.2584 -0.4009
vn -0.9251 -0.3644 0.1066
vn -0.3438 -0.4393 0.8300
vn -0.0423 -0.4649 0.8844
vn 0.2716 -0.5556 0.7858
vn 0.0422 -0.5674 0.8224
vn 0.3143 -0.6697 0.6729
vn -0.2640 -0.5271 0.8078
vn 0.6419 -0.4575 0.6154
vn 0.8581 -0.4484 0.2503
vn -0.6970 -0.3158 0.6437
vn 0.0568 -0.7326 -0.6783
vn -0.1670 -0.7061 -0.6882
vn -0.2983 -0.4919 -0.8180
vn 0.0982 -0.5546 -0.8263
vn -0.4720 -0.6227 -0.6241
vn -0.6672 -0.4148 -0.6188
vn -0.3178 -0.3008 -0.8992
vn 0.9064 -0.4225 0.0019
vn -0.8235 -0.3848 -0.4167
vn -0.6586 -0.5506 -0.5128
vn -0.6948 -0.7144 -0.0823
vn -0.8725 -0.4849 0.0599
vn -0.1629 -0.7298 -0.6639
vn -0.3490 -0.6799 -0.6449
vn 0.0206 -0.9985 0.0502
vn -0.2970 -0.6945 -0.6554
vn 0.5663 -0.6341 0.5266
vn 0.7268 -0.6558 0.2043
vn 0.5126 -0.7557 0.4075
vn 0.5909 -0.7953 0.1357
vn -0.6199 -0.4652 0.6319
vn -0.5833 -0.5494 0.5982
vn 0.0317 -0.7774 -0.6282
vn 0.3345 -0.8645 -0.3752
vn 0.1771 -0.7394 -0.6496
vn 0.4611 -0.7776 -0.4275
vn 0.7535 -0.6575 -0.0057
vn 0.5988 -0.6590 -0.4551
vn 0.5981 -0.8004 -0.0420
vn -0.1059 -0.6518 0.7510
vn 0.1117 -0.6335 0.7656
vn 0.3825 -0.7518 0.5371
vn 0.5766 -0.0299 -0.8165
vn 0.5223 0.0320 -0.8522
vn 0.4988 -0.7909 0.3545
vn 0.5348 -0.8392 0.0981
vn -0.4041 -0.6992 0.5898
vn -0.4295 -0.6571 0.6194
vn 0.5327 -0.8448 -0.0503
vn 0.3023 -0.5568 -0.7737
vn -0.6594 0.0463 -0.7504
vn -0.1043 0.0224 -0.9943
vn -0.0176 -0.0457 -0.9988
vn -0.1107 -0.0560 -0.9923
vn 0.5480 0.0773 -0.8329
vn 0.5799 0.0409 -0.8137
vn 0.8427 0.0493 -0.5361
vn 0.6163 -0.0302 -0.7869
vn 0.5519 0.0786 -0.8302
vn 0.5248 0.0710 -0.8483
vn 0.5220 0.0807 -0.8491
vn 0.5091 0.0646 -0.8583
vn 0.6202 -0.0655 -0.7817
vn 0.4770 0.0435 -0.8778
vn 0.5145 0.0662 -0.8549
vn -0.5908 -0.0276 -0.8064
vn 0.9876 0.0398 0.1517
vn 0.9811 0.0374 -0.1899
vn -0.9772 0.2085 0.0394
vn -0.6731 0.1997 0.7121
vn -0.3723 0.1668 0.9130
vn 0.2406 0.1371 0.9609
vn 0.7434 0.0890 0.6629
vn -0.0986 0.1540 0.9831
vn -0.7952 0.1182 -0.5947
vn -0.9203 -0.1547 -0.3592
vn -0.8840 -0.1485 -0.4433
vn 0.9215 0.1548 0.3563
vn 0.6531 0.1097 0.7493
vn -0.7037 -0.1182 -0.7006
vn -0.2466 -0.0414 -0.9682
vn 0.2439 0.0410 -0.9689
vn 0.0007 0.0001 1.0000
vn -0.2556 -0.0430 0.9658
vn 0.4918 0.0826 -0.8668
vn 0.2619 0.0440 0.9641
vn 0.9059 0.1522 -0.3952
vn 0.9848 0.1655 0.0526
vn -0.5571 -0.0936 0.8252
vn -0.7021 -0.1180 0.7022
vt 0.591620 1.215324
vt 0.581282 1.215499
vt 0.581828 1.099612
vt 0.592069 1.099481
vt 0.595674 1.215539
vt 0.598737 1.215015
vt 0.598557 1.098920
vt 0.593693 1.097674
vt 0.601800 1.214492
vt 0.598392 1.272554
vt 0.596610 1.272783
vt 0.597812 1.214955
vt 0.596714 1.330328
vt 0.595238 1.330556
vt 0.589906 1.330968
vt 0.590872 1.273163
vt 0.570619 1.215536
vt 0.571075 1.099613
vt 0.586244 1.094440
vt 0.585436 1.210447
vt 0.570588 1.273418
vt 0.564150 1.273414
vt 0.563693 1.215531
vt 0.570633 1.331263
vt 0.564782 1.331252
vt 0.562177 1.331234
vt 0.561100 1.273401
vt 0.560257 1.215520
vt 0.559979 1.273410
vt 0.558992 1.215524
vt 0.561216 1.331250
vt 0.560991 1.331290
vt 0.559741 1.273437
vt 0.558490 1.215584
vt 0.606256 0.281367
vt 0.603263 0.397105
vt 0.610348 0.400355
vt 0.612818 0.284080
vt 0.577189 1.092426
vt 0.575976 1.208207
vt 0.575305 1.265972
vt 0.584609 1.268281
vt 0.594649 1.273379
vt 0.583602 1.326029
vt 0.593625 1.331220
vt 0.574596 1.323678
vt 0.620682 0.041260
vt 0.611706 0.097308
vt 0.620052 0.099799
vt 0.630347 0.044654
vt 0.627535 0.103685
vt 0.638993 0.049533
vt 0.610993 0.162715
vt 0.617892 0.165554
vt 0.603218 0.161170
vt 0.601171 0.513046
vt 0.608432 0.516543
vt 0.598081 0.279941
vt 0.594755 0.395171
vt 0.598367 0.629593
vt 0.605811 0.632669
vt 0.592912 0.510889
vt 0.593856 0.746079
vt 0.600135 0.748866
vt 0.590263 0.627826
vt 0.590009 0.862262
vt 0.595537 0.865165
vt 0.586580 0.744583
vt 0.587385 0.978475
vt 0.593902 0.981602
vt 0.582624 0.860565
vt 0.578983 0.976541
vt 0.578385 0.287417
vt 0.578028 0.287628
vt 0.584360 0.169571
vt 0.584413 0.168859
vt 0.578291 0.287578
vt 0.583143 0.173926
vt 0.577254 0.402671
vt 0.576821 0.402714
vt 0.576754 0.402680
vt 0.578629 0.518586
vt 0.578359 0.518557
vt 0.579062 0.518288
vt 0.578502 0.635559
vt 0.578104 0.635635
vt 0.579211 0.635605
vt 0.572913 0.752802
vt 0.571953 0.752981
vt 0.572311 0.753509
vt 0.564599 0.868346
vt 0.563032 0.868357
vt 0.561653 0.868222
vt 0.560430 0.983689
vt 0.558906 0.983659
vt 0.558426 0.983532
vt 0.559691 1.099556
vt 0.558336 1.099545
vt 0.558281 1.099538
vt 0.587463 0.286686
vt 0.580969 0.287086
vt 0.586470 0.168350
vt 0.593006 0.167803
vt 0.585678 0.402536
vt 0.579603 0.402608
vt 0.585890 0.518600
vt 0.580521 0.518589
vt 0.585307 0.635216
vt 0.580315 0.635423
vt 0.581130 0.752000
vt 0.575595 0.752494
vt 0.575061 0.867952
vt 0.568377 0.868211
vt 0.572119 0.983701
vt 0.564658 0.983707
vt 0.563646 1.099583
vt 0.606941 0.402265
vt 0.596185 0.402444
vt 0.598413 0.286256
vt 0.609548 0.285794
vt 0.595764 1.330613
vt 0.597165 1.272829
vt 0.617348 0.166936
vt 0.605004 0.167355
vt 0.613146 0.104972
vt 0.627020 0.105292
vt 0.599775 0.104721
vt 0.607152 0.049480
vt 0.622299 0.050309
vt 0.638019 0.051255
vt 0.605694 0.518511
vt 0.595632 0.518610
vt 0.603879 0.634530
vt 0.594424 0.634920
vt 0.598715 0.750592
vt 0.589894 0.751340
vt 0.593382 0.867012
vt 0.584415 0.867563
vt 0.591972 0.983417
vt 0.582364 0.983633
vt 0.621066 0.284891
vt 0.616726 0.285305
vt 0.624681 0.166586
vt 0.625418 0.167478
vt 0.618105 0.401614
vt 0.613862 0.401951
vt 0.615859 0.517894
vt 0.612071 0.518221
vt 0.614364 0.633577
vt 0.609976 0.634054
vt 0.608494 0.748910
vt 0.604557 0.749821
vt 0.601943 0.865284
vt 0.599095 0.866267
vt 0.601080 0.982649
vt 0.597851 0.983008
vt 0.602030 1.098752
vt 0.598285 1.099152
vt 0.617552 0.285082
vt 0.615003 0.401673
vt 0.580348 1.331200
vt 0.580850 1.273366
vt 0.613027 0.517951
vt 0.610639 0.633816
vt 0.604764 0.749684
vt 0.599521 0.866033
vt 0.598233 0.982764
vt 0.623609 0.166589
vt 0.634107 0.105146
vt 0.646463 0.050912
vt 0.640000 0.104138
vt 0.654583 0.040799
vt 0.635441 0.105203
vt 0.647688 0.050949
vt 0.653742 -0.016916
vt 0.663409 -0.015226
vt 0.666981 -0.041329
vt 0.657096 -0.042619
vt 0.675592 -0.041808
vt 0.670932 -0.084247
vt 0.666394 -0.083953
vt 0.668363 -0.041893
vt 0.667866 -0.084493
vt 0.673547 -0.016493
vt 0.628472 -0.024622
vt 0.625831 0.002689
vt 0.637426 0.006237
vt 0.641691 -0.021500
vt 0.647920 0.011269
vt 0.591692 0.104755
vt 0.591129 0.104942
vt 0.593294 0.103586
vt 0.602167 0.042099
vt 0.598518 0.047463
vt 0.597535 0.048996
vt 0.592889 0.104777
vt 0.599424 0.049134
vt 0.653112 -0.016164
vt 0.634496 -0.016422
vt 0.637364 -0.041751
vt 0.656523 -0.042037
vt 0.616082 -0.016421
vt 0.618170 -0.041133
vt 0.606654 -0.040472
vt 0.605927 -0.084058
vt 0.617652 -0.083807
vt 0.637079 -0.084268
vt 0.605547 -0.016103
vt 0.601772 -0.015841
vt 0.602113 -0.040050
vt 0.601865 -0.040079
vt 0.601315 -0.085354
vt 0.601335 -0.084762
vt 0.664715 -0.015889
vt 0.656441 -0.084706
vt 0.629151 -0.119311
vt 0.624059 -0.158914
vt 0.611724 -0.156865
vt 0.615861 -0.117495
vt 0.599359 -0.151198
vt 0.602955 -0.106652
vt 0.605693 -0.203201
vt 0.595763 -0.195743
vt 0.618023 -0.206012
vt 0.601681 -0.016036
vt 0.603088 -0.016926
vt 0.603715 -0.040471
vt 0.631808 -0.092229
vt 0.630705 -0.048995
vt 0.644489 -0.046492
vt 0.645227 -0.089253
vt 0.603649 -0.085334
vt 0.653195 -0.110738
vt 0.633908 -0.110325
vt 0.629090 -0.149946
vt 0.648238 -0.150788
vt 0.614705 -0.110169
vt 0.610099 -0.149485
vt 0.605171 -0.197120
vt 0.624758 -0.197998
vt 0.644507 -0.199257
vt 0.603588 -0.110982
vt 0.599648 -0.149965
vt 0.599615 -0.112272
vt 0.596363 -0.150911
vt 0.591068 -0.197289
vt 0.594472 -0.197000
vt 0.666662 -0.110392
vt 0.664275 -0.110664
vt 0.658835 -0.151326
vt 0.660628 -0.151404
vt 0.655336 -0.200338
vt 0.657063 -0.200671
vt 0.612955 -0.253719
vt 0.597967 -0.251304
vt 0.583695 -0.246345
vt 0.612726 -0.340392
vt 0.592135 -0.339305
vt 0.597319 -0.405464
vt 0.576343 -0.403935
vt 0.571618 -0.336964
vt 0.599890 -0.112765
vt 0.596865 -0.151528
vt 0.591458 -0.197387
vt 0.656697 -0.099442
vt 0.662394 -0.109433
vt 0.655672 -0.150821
vt 0.646950 -0.149104
vt 0.651464 -0.199916
vt 0.637202 -0.198764
vt 0.622880 -0.247162
vt 0.644634 -0.248325
vt 0.601247 -0.246333
vt 0.588685 -0.246065
vt 0.579976 -0.336119
vt 0.596823 -0.336285
vt 0.624194 -0.336461
vt 0.657174 -0.249408
vt 0.660001 -0.249723
vt 0.651219 -0.336750
vt 0.666999 -0.337232
vt 0.617146 -0.406141
vt 0.582875 -0.246178
vt 0.583783 -0.246104
vt 0.629195 -0.251791
vt 0.634202 -0.338608
vt 0.570979 -0.336125
vt 0.655127 -0.248839
vt 0.645925 -0.247480
vt 0.671589 -0.337504
vt 0.666259 -0.336674
vt 0.583007 -0.405079
vt 0.600033 -0.405289
vt 0.626328 -0.404955
vt 0.572655 -0.335996
vt 0.600004 -0.427543
vt 0.581078 -0.430887
vt 0.617500 -0.427840
vt 0.635080 -0.404472
vt 0.574234 -0.403767
vt 0.664497 -0.405638
vt 0.668166 -0.409561
vt 0.661525 -0.404339
vt 0.604101 -0.429456
vt 0.626150 -0.429876
vt 0.651103 -0.404795
vt 0.646101 -0.430434
vt 0.575330 -0.404413
vt 0.650311 -0.403029
vt 0.653590 -0.428502
vt 0.645100 -0.425338
vt 0.660364 -0.437626
vt 0.625019 -0.448036
vt 0.639625 -0.450350
vt 0.608072 -0.445483
vt 0.612582 -0.455998
vt 0.624295 -0.460088
vt 0.633912 -0.463732
vt 0.580911 -0.427360
vt 0.588670 -0.428594
vt 0.656196 -0.432028
vt 0.618824 -0.445858
vt 0.618110 -0.440470
vt 0.631082 -0.439399
vt 0.627800 -0.447250
vt 0.640921 -0.439846
vt 0.636487 -0.449820
vt 0.632890 -0.426241
vt 0.579495 -0.426490
vt 0.646115 -0.445316
vt 0.639574 -0.456860
vt 0.648306 -0.454782
vt 0.636248 -0.471936
vt 0.635224 -0.463489
vt 0.631139 -0.459715
vt 0.628881 -0.474923
vt 0.632565 -0.473430
vt 0.594989 -0.442983
vt 0.587684 -0.440895
vt 0.596499 -0.449787
vt 0.602340 -0.452148
vt 0.646515 -0.452324
vt 0.638095 -0.466115
vt 0.611175 -0.460634
vt 0.620619 -0.453931
vt 0.609495 -0.447486
vt 0.593468 -0.446344
vt 0.585955 -0.439349
vt 0.587274 -0.438616
vt 0.594393 -0.447992
vt 0.624892 -0.466341
vt 0.630486 -0.470335
vt 0.618544 -0.464179
vt 0.594461 0.164307
vt 0.588710 0.282573
vt 0.609939 -0.459189
vt 0.608642 -0.459377
vt 0.633750 -0.471440
vt 0.604453 -0.456132
vt 0.569245 0.978762
vt 0.567785 1.094642
vt 0.603420 -0.440116
vt 0.656625 -0.335520
vt 0.630154 -0.203739
vt 0.635824 -0.155859
vt 0.642041 -0.115269
vt 0.603266 0.008159
vt 0.614342 0.004321
vt 0.615678 -0.022306
vt 0.610755 0.041867
vt 0.573197 0.863092
vt 0.579186 0.747455
vt 0.583723 0.630384
vt 0.585507 0.513263
vt 0.586006 0.397583
vt 0.567178 1.210502
vt 0.602657 0.099373
vt 0.567184 1.268309
vt 0.567285 1.326063
vt 0.617093 -0.046335
vt 0.617860 -0.090417
vt 0.658569 -0.082932
vt 0.601210 0.010287
vt 0.600767 0.010920
vt 0.657633 0.012976
vt 0.664065 0.012153
vt 0.646955 0.012599
vt 0.603479 0.010959
vt 0.612581 0.011125
vt 0.629545 0.011773
vt 0.656444 0.013250
vt 0.658417 0.807485
vt 0.655424 0.923222
vt 0.662509 0.926472
vt 0.664978 0.810197
vt 0.672843 0.567377
vt 0.663867 0.623425
vt 0.672213 0.625916
vt 0.682508 0.570771
vt 0.679696 0.629803
vt 0.691154 0.575651
vt 0.663154 0.688832
vt 0.670053 0.691672
vt 0.655379 0.687287
vt 0.653332 1.039163
vt 0.660593 1.042661
vt 0.650242 0.806059
vt 0.646916 0.921288
vt 0.650528 1.155710
vt 0.657972 1.158787
vt 0.645074 1.037006
vt 0.646017 1.272196
vt 0.652296 1.274984
vt 0.642425 1.153943
vt 0.638741 1.270701
vt 0.630545 0.813534
vt 0.630188 0.813745
vt 0.636521 0.695688
vt 0.636573 0.694976
vt 0.630452 0.813696
vt 0.635304 0.700044
vt 0.629414 0.928788
vt 0.628982 0.928831
vt 0.628915 0.928797
vt 0.630790 1.044704
vt 0.630520 1.044675
vt 0.631223 1.044405
vt 0.630663 1.161676
vt 0.630265 1.161753
vt 0.631372 1.161722
vt 0.625073 1.278919
vt 0.624114 1.279098
vt 0.624472 1.279626
vt 0.639624 0.812804
vt 0.633130 0.813203
vt 0.638631 0.694467
vt 0.645166 0.693921
vt 0.637840 0.928653
vt 0.631764 0.928725
vt 0.638051 1.044717
vt 0.632681 1.044706
vt 0.637468 1.161334
vt 0.632476 1.161541
vt 0.633291 1.278118
vt 0.627756 1.278611
vt 0.659102 0.928382
vt 0.648347 0.928561
vt 0.650574 0.812373
vt 0.661709 0.811911
vt 0.669509 0.693054
vt 0.657165 0.693472
vt 0.665308 0.631090
vt 0.679181 0.631410
vt 0.651936 0.630838
vt 0.659312 0.575597
vt 0.674460 0.576427
vt 0.690180 0.577373
vt 0.657855 1.044629
vt 0.647793 1.044727
vt 0.656040 1.160647
vt 0.646585 1.161038
vt 0.650876 1.276710
vt 0.642055 1.277457
vt 0.673227 0.811008
vt 0.668887 0.811422
vt 0.676842 0.692703
vt 0.677579 0.693595
vt 0.670266 0.927732
vt 0.666023 0.928068
vt 0.668020 1.044011
vt 0.664232 1.044339
vt 0.666525 1.159694
vt 0.662137 1.160171
vt 0.660655 1.275028
vt 0.656718 1.275939
vt 0.669713 0.811200
vt 0.667164 0.927790
vt 0.665188 1.044068
vt 0.662800 1.159933
vt 0.656926 1.275801
vt 0.675770 0.692706
vt 0.686268 0.631263
vt 0.698624 0.577030
vt 0.692161 0.630256
vt 0.706744 0.566916
vt 0.687602 0.631321
vt 0.699850 0.577066
vt 0.705902 0.509202
vt 0.715570 0.510891
vt 0.719142 0.484788
vt 0.709257 0.483498
vt 0.727753 0.484309
vt 0.723093 0.441870
vt 0.718555 0.442165
vt 0.720524 0.484224
vt 0.720027 0.441625
vt 0.725708 0.509625
vt 0.680633 0.501495
vt 0.677992 0.528806
vt 0.689587 0.532355
vt 0.693852 0.504618
vt 0.700081 0.537386
vt 0.643853 0.630873
vt 0.643290 0.631060
vt 0.645454 0.629703
vt 0.654328 0.568216
vt 0.650679 0.573580
vt 0.649696 0.575113
vt 0.645049 0.630895
vt 0.651585 0.575251
vt 0.705273 0.509953
vt 0.686657 0.509696
vt 0.689525 0.484367
vt 0.708684 0.484080
vt 0.668243 0.509697
vt 0.670331 0.484985
vt 0.658814 0.485645
vt 0.658088 0.442059
vt 0.669812 0.442310
vt 0.689240 0.441849
vt 0.657708 0.510014
vt 0.653933 0.510276
vt 0.654274 0.486068
vt 0.654026 0.486038
vt 0.653476 0.440763
vt 0.653496 0.441355
vt 0.716876 0.510229
vt 0.708602 0.441412
vt 0.681312 0.406806
vt 0.676220 0.367204
vt 0.663885 0.369252
vt 0.668022 0.408622
vt 0.651520 0.374919
vt 0.655116 0.419465
vt 0.657853 0.322917
vt 0.647924 0.330374
vt 0.670184 0.320106
vt 0.653842 0.510082
vt 0.655249 0.509191
vt 0.655876 0.485646
vt 0.683969 0.433889
vt 0.682866 0.477122
vt 0.696649 0.479625
vt 0.697388 0.436865
vt 0.655810 0.440784
vt 0.705356 0.415379
vt 0.686069 0.415793
vt 0.681251 0.376172
vt 0.700399 0.375329
vt 0.666866 0.415948
vt 0.662260 0.376633
vt 0.657332 0.328997
vt 0.676919 0.328120
vt 0.696667 0.326861
vt 0.655749 0.415136
vt 0.651809 0.376152
vt 0.651776 0.413846
vt 0.648524 0.375206
vt 0.643229 0.328828
vt 0.646633 0.329117
vt 0.718823 0.415725
vt 0.716436 0.415454
vt 0.710996 0.374792
vt 0.712789 0.374713
vt 0.707497 0.325780
vt 0.709224 0.325447
vt 0.665116 0.272398
vt 0.650128 0.274814
vt 0.635856 0.279772
vt 0.664887 0.185725
vt 0.644296 0.186812
vt 0.649480 0.120653
vt 0.628505 0.122183
vt 0.623779 0.189153
vt 0.652051 0.413352
vt 0.649026 0.374589
vt 0.643619 0.328730
vt 0.708858 0.426675
vt 0.714555 0.416684
vt 0.707833 0.375296
vt 0.699110 0.377014
vt 0.703624 0.326201
vt 0.689363 0.327353
vt 0.675041 0.278956
vt 0.696795 0.277792
vt 0.653408 0.279785
vt 0.640846 0.280053
vt 0.632137 0.189998
vt 0.648984 0.189833
vt 0.676355 0.189656
vt 0.709335 0.276709
vt 0.712162 0.276394
vt 0.703380 0.189367
vt 0.719160 0.188886
vt 0.669307 0.119976
vt 0.635036 0.279939
vt 0.635944 0.280013
vt 0.681356 0.274327
vt 0.686362 0.187510
vt 0.623140 0.189993
vt 0.707287 0.277278
vt 0.698086 0.278637
vt 0.723750 0.188613
vt 0.718420 0.189444
vt 0.635167 0.121038
vt 0.652194 0.120828
vt 0.678489 0.121162
vt 0.624816 0.190122
vt 0.652165 0.098575
vt 0.633239 0.095230
vt 0.669661 0.098277
vt 0.687241 0.121645
vt 0.626395 0.122350
vt 0.716658 0.120480
vt 0.720327 0.116556
vt 0.713686 0.121779
vt 0.656262 0.096662
vt 0.678311 0.096241
vt 0.703264 0.121322
vt 0.698262 0.095683
vt 0.627491 0.121705
vt 0.702472 0.123088
vt 0.705751 0.097616
vt 0.697261 0.100779
vt 0.712525 0.088491
vt 0.677180 0.078081
vt 0.691786 0.075768
vt 0.660232 0.080634
vt 0.664743 0.070120
vt 0.676456 0.066029
vt 0.686073 0.062385
vt 0.633072 0.098757
vt 0.640831 0.097523
vt 0.708356 0.094089
vt 0.670985 0.080259
vt 0.670271 0.085647
vt 0.683243 0.086718
vt 0.679961 0.078867
vt 0.693082 0.086271
vt 0.688648 0.076297
vt 0.685051 0.099877
vt 0.631656 0.099628
vt 0.698276 0.080801
vt 0.691735 0.069257
vt 0.700467 0.071336
vt 0.688409 0.054181
vt 0.687385 0.062628
vt 0.683300 0.066402
vt 0.681042 0.051194
vt 0.684726 0.052688
vt 0.647150 0.083135
vt 0.639845 0.085222
vt 0.648660 0.076330
vt 0.654501 0.073969
vt 0.698676 0.073793
vt 0.690256 0.060002
vt 0.663336 0.065484
vt 0.672780 0.072186
vt 0.661656 0.078632
vt 0.645629 0.079773
vt 0.638116 0.086768
vt 0.639435 0.087501
vt 0.646553 0.078125
vt 0.677053 0.059776
vt 0.682647 0.055782
vt 0.670705 0.061938
vt 0.646622 0.690425
vt 0.640871 0.808690
vt 0.662100 0.066928
vt 0.660803 0.066740
vt 0.685911 0.054677
vt 0.656613 0.069986
vt 0.655581 0.086002
vt 0.708786 0.190598
vt 0.682315 0.322379
vt 0.687985 0.370259
vt 0.694202 0.410849
vt 0.655427 0.534277
vt 0.666503 0.530439
vt 0.667839 0.503811
vt 0.662916 0.567985
vt 0.635884 1.156502
vt 0.631347 1.273572
vt 0.637668 1.039380
vt 0.638167 0.923700
vt 0.654818 0.625490
vt 0.669254 0.479782
vt 0.670021 0.435701
vt 0.710730 0.443186
vt 0.653371 0.536405
vt 0.652928 0.537038
vt 0.709794 0.539094
vt 0.716226 0.538270
vt 0.699116 0.538717
vt 0.655640 0.537076
vt 0.664742 0.537243
vt 0.681706 0.537890
vt 0.708604 0.539368
vt 0.656926 1.336231
vt 0.660655 1.335457
vt 0.627756 1.339041
vt 0.625073 1.339349
vt 0.652296 1.335413
vt 0.646017 1.332626
vt 0.638741 1.331130
vt 0.650876 1.337139
vt 0.642055 1.337887
vt 0.631347 1.334002
vt 0.633291 1.338548
vt 0.624472 1.340055
vt 0.624114 1.339528
vt 0.656718 1.336368
vt 0.426705 1.215324
vt 0.426256 1.099481
vt 0.436496 1.099612
vt 0.437042 1.215499
vt 0.422651 1.215539
vt 0.424632 1.097674
vt 0.419768 1.098920
vt 0.419588 1.215015
vt 0.416525 1.214492
vt 0.420513 1.214955
vt 0.421714 1.272783
vt 0.419933 1.272554
vt 0.423086 1.330556
vt 0.421611 1.330328
vt 0.427453 1.273163
vt 0.428419 1.330968
vt 0.447250 1.099613
vt 0.447706 1.215536
vt 0.432081 1.094440
vt 0.432888 1.210447
vt 0.454631 1.215531
vt 0.454175 1.273414
vt 0.447737 1.273418
vt 0.453543 1.331252
vt 0.447691 1.331263
vt 0.457225 1.273401
vt 0.456147 1.331234
vt 0.458068 1.215520
vt 0.459332 1.215524
vt 0.458346 1.273410
vt 0.457108 1.331250
vt 0.458584 1.273437
vt 0.457333 1.331290
vt 0.459834 1.215584
vt 0.412069 0.281367
vt 0.405507 0.284080
vt 0.407977 0.400355
vt 0.415062 0.397105
vt 0.441135 1.092426
vt 0.442349 1.208207
vt 0.433715 1.268281
vt 0.443019 1.265972
vt 0.423675 1.273379
vt 0.424700 1.331220
vt 0.434723 1.326029
vt 0.443729 1.323678
vt 0.397643 0.041260
vt 0.387978 0.044654
vt 0.398273 0.099799
vt 0.406618 0.097308
vt 0.379331 0.049533
vt 0.390790 0.103685
vt 0.400433 0.165554
vt 0.407331 0.162715
vt 0.415106 0.161170
vt 0.409893 0.516543
vt 0.417153 0.513046
vt 0.420244 0.279941
vt 0.423569 0.395171
vt 0.412514 0.632669
vt 0.419957 0.629593
vt 0.425412 0.510889
vt 0.418190 0.748866
vt 0.424468 0.746079
vt 0.428061 0.627826
vt 0.422787 0.865165
vt 0.428316 0.862262
vt 0.431744 0.744583
vt 0.424422 0.981602
vt 0.430940 0.978475
vt 0.435701 0.860565
vt 0.439342 0.976541
vt 0.439940 0.287417
vt 0.433912 0.168859
vt 0.433965 0.169571
vt 0.440297 0.287628
vt 0.435182 0.173926
vt 0.440033 0.287578
vt 0.441071 0.402671
vt 0.441504 0.402714
vt 0.441571 0.402680
vt 0.439695 0.518586
vt 0.439966 0.518557
vt 0.439262 0.518288
vt 0.439823 0.635559
vt 0.440220 0.635635
vt 0.439114 0.635605
vt 0.445412 0.752802
vt 0.446372 0.752981
vt 0.446014 0.753509
vt 0.453725 0.868346
vt 0.455292 0.868357
vt 0.456671 0.868222
vt 0.457895 0.983689
vt 0.459418 0.983659
vt 0.459898 0.983532
vt 0.458633 1.099556
vt 0.459989 1.099545
vt 0.460044 1.099538
vt 0.430861 0.286686
vt 0.425319 0.167803
vt 0.431854 0.168350
vt 0.437356 0.287086
vt 0.432646 0.402536
vt 0.438722 0.402608
vt 0.432435 0.518600
vt 0.437804 0.518589
vt 0.433018 0.635216
vt 0.438010 0.635423
vt 0.437194 0.752000
vt 0.442730 0.752494
vt 0.443264 0.867952
vt 0.449948 0.868211
vt 0.446205 0.983701
vt 0.453667 0.983707
vt 0.454678 1.099583
vt 0.411384 0.402265
vt 0.408777 0.285794
vt 0.419911 0.286256
vt 0.422139 0.402444
vt 0.421160 1.272829
vt 0.422561 1.330613
vt 0.400977 0.166936
vt 0.391304 0.105292
vt 0.405178 0.104972
vt 0.413321 0.167355
vt 0.418550 0.104721
vt 0.396025 0.050309
vt 0.411173 0.049480
vt 0.380306 0.051255
vt 0.412631 0.518511
vt 0.422693 0.518610
vt 0.414446 0.634530
vt 0.423901 0.634920
vt 0.419610 0.750592
vt 0.428431 0.751340
vt 0.424942 0.867012
vt 0.433910 0.867563
vt 0.426352 0.983417
vt 0.435961 0.983633
vt 0.397258 0.284891
vt 0.392907 0.167478
vt 0.393644 0.166586
vt 0.401598 0.285305
vt 0.400220 0.401614
vt 0.404463 0.401951
vt 0.402466 0.517894
vt 0.406254 0.518221
vt 0.403960 0.633577
vt 0.408349 0.634054
vt 0.409831 0.748910
vt 0.413768 0.749821
vt 0.416382 0.865284
vt 0.419230 0.866267
vt 0.417245 0.982649
vt 0.420473 0.983008
vt 0.416295 1.098752
vt 0.420039 1.099152
vt 0.400773 0.285082
vt 0.403321 0.401673
vt 0.437475 1.273366
vt 0.437977 1.331200
vt 0.405298 0.517951
vt 0.407686 0.633816
vt 0.413560 0.749684
vt 0.418804 0.866033
vt 0.420092 0.982764
vt 0.384217 0.105146
vt 0.394716 0.166589
vt 0.371862 0.050912
vt 0.363741 0.040799
vt 0.378324 0.104138
vt 0.382884 0.105203
vt 0.370636 0.050949
vt 0.364583 -0.016916
vt 0.361228 -0.042619
vt 0.351344 -0.041329
vt 0.354915 -0.015226
vt 0.342733 -0.041808
vt 0.351930 -0.083953
vt 0.347392 -0.084247
vt 0.349961 -0.041893
vt 0.350459 -0.084493
vt 0.344777 -0.016493
vt 0.389852 -0.024622
vt 0.376634 -0.021500
vt 0.380898 0.006237
vt 0.392493 0.002689
vt 0.370404 0.011269
vt 0.427196 0.104942
vt 0.426633 0.104755
vt 0.425031 0.103586
vt 0.419807 0.047463
vt 0.416158 0.042099
vt 0.420790 0.048996
vt 0.425436 0.104777
vt 0.418901 0.049134
vt 0.365212 -0.016164
vt 0.361802 -0.042037
vt 0.380960 -0.041751
vt 0.383829 -0.016422
vt 0.400155 -0.041133
vt 0.402242 -0.016421
vt 0.411671 -0.040472
vt 0.400673 -0.083807
vt 0.412397 -0.084058
vt 0.381245 -0.084268
vt 0.412777 -0.016103
vt 0.416212 -0.040050
vt 0.416553 -0.015841
vt 0.416460 -0.040079
vt 0.416990 -0.084762
vt 0.417010 -0.085354
vt 0.353610 -0.015889
vt 0.361884 -0.084706
vt 0.389173 -0.119311
vt 0.402464 -0.117495
vt 0.406601 -0.156865
vt 0.394266 -0.158914
vt 0.415369 -0.106652
vt 0.418966 -0.151198
vt 0.422562 -0.195743
vt 0.412632 -0.203201
vt 0.400302 -0.206012
vt 0.416643 -0.016036
vt 0.414609 -0.040471
vt 0.415237 -0.016926
vt 0.386517 -0.092229
vt 0.373098 -0.089253
vt 0.373836 -0.046492
vt 0.387620 -0.048995
vt 0.414676 -0.085334
vt 0.365130 -0.110738
vt 0.370087 -0.150788
vt 0.389235 -0.149946
vt 0.384417 -0.110325
vt 0.408225 -0.149485
vt 0.403620 -0.110169
vt 0.393567 -0.197998
vt 0.413153 -0.197120
vt 0.373818 -0.199257
vt 0.418676 -0.149965
vt 0.414737 -0.110982
vt 0.421961 -0.150911
vt 0.418709 -0.112272
vt 0.423852 -0.197000
vt 0.427256 -0.197289
vt 0.351663 -0.110392
vt 0.357697 -0.151404
vt 0.359490 -0.151326
vt 0.354049 -0.110664
vt 0.362988 -0.200338
vt 0.361261 -0.200671
vt 0.420358 -0.251304
vt 0.405370 -0.253719
vt 0.434629 -0.246345
vt 0.405599 -0.340392
vt 0.426190 -0.339305
vt 0.446707 -0.336964
vt 0.441981 -0.403935
vt 0.421005 -0.405464
vt 0.421459 -0.151528
vt 0.418434 -0.112765
vt 0.426867 -0.197387
vt 0.361628 -0.099442
vt 0.371375 -0.149104
vt 0.362653 -0.150821
vt 0.355931 -0.109433
vt 0.366861 -0.199916
vt 0.381123 -0.198764
vt 0.373691 -0.248325
vt 0.395444 -0.247162
vt 0.417078 -0.246333
vt 0.429639 -0.246065
vt 0.421501 -0.336285
vt 0.438349 -0.336119
vt 0.394130 -0.336461
vt 0.358323 -0.249723
vt 0.361151 -0.249408
vt 0.367105 -0.336750
vt 0.351326 -0.337232
vt 0.401179 -0.406141
vt 0.434541 -0.246104
vt 0.435450 -0.246178
vt 0.389130 -0.251791
vt 0.384123 -0.338608
vt 0.447346 -0.336125
vt 0.372399 -0.247480
vt 0.363198 -0.248839
vt 0.346736 -0.337504
vt 0.352065 -0.336674
vt 0.418292 -0.405289
vt 0.435318 -0.405079
vt 0.391997 -0.404955
vt 0.445669 -0.335996
vt 0.437246 -0.430887
vt 0.418321 -0.427543
vt 0.400825 -0.427840
vt 0.383245 -0.404472
vt 0.444090 -0.403767
vt 0.350159 -0.409561
vt 0.353827 -0.405638
vt 0.356799 -0.404339
vt 0.392174 -0.429876
vt 0.414224 -0.429456
vt 0.367221 -0.404795
vt 0.372224 -0.430434
vt 0.442995 -0.404413
vt 0.368013 -0.403029
vt 0.373225 -0.425338
vt 0.364735 -0.428502
vt 0.357961 -0.437626
vt 0.378700 -0.450350
vt 0.393305 -0.448036
vt 0.410253 -0.445483
vt 0.394029 -0.460088
vt 0.405743 -0.455998
vt 0.384413 -0.463732
vt 0.429654 -0.428594
vt 0.437414 -0.427360
vt 0.362129 -0.432028
vt 0.399501 -0.445858
vt 0.390525 -0.447250
vt 0.387243 -0.439399
vt 0.400215 -0.440470
vt 0.381838 -0.449820
vt 0.377404 -0.439846
vt 0.385435 -0.426241
vt 0.438829 -0.426490
vt 0.372210 -0.445316
vt 0.378750 -0.456860
vt 0.382076 -0.471936
vt 0.370019 -0.454782
vt 0.387186 -0.459715
vt 0.383101 -0.463489
vt 0.389443 -0.474923
vt 0.385760 -0.473430
vt 0.423336 -0.442983
vt 0.430641 -0.440895
vt 0.415985 -0.452148
vt 0.421826 -0.449787
vt 0.371809 -0.452324
vt 0.380230 -0.466115
vt 0.397705 -0.453931
vt 0.407150 -0.460634
vt 0.408830 -0.447486
vt 0.424856 -0.446344
vt 0.432369 -0.439349
vt 0.431051 -0.438616
vt 0.423932 -0.447992
vt 0.387839 -0.470335
vt 0.393432 -0.466341
vt 0.399780 -0.464179
vt 0.423864 0.164307
vt 0.429615 0.282573
vt 0.408386 -0.459189
vt 0.409683 -0.459377
vt 0.384575 -0.471440
vt 0.413872 -0.456132
vt 0.449080 0.978762
vt 0.450539 1.094642
vt 0.414905 -0.440116
vt 0.361699 -0.335520
vt 0.388170 -0.203739
vt 0.376284 -0.115269
vt 0.382501 -0.155859
vt 0.402646 -0.022306
vt 0.403983 0.004321
vt 0.415058 0.008159
vt 0.407570 0.041867
vt 0.445127 0.863092
vt 0.439139 0.747455
vt 0.434602 0.630384
vt 0.432817 0.513263
vt 0.432319 0.397583
vt 0.451147 1.210502
vt 0.415668 0.099373
vt 0.451141 1.268309
vt 0.451040 1.326063
vt 0.400465 -0.090417
vt 0.401232 -0.046335
vt 0.359755 -0.082932
vt 0.417557 0.010920
vt 0.417115 0.010287
vt 0.354259 0.012153
vt 0.360691 0.012976
vt 0.371370 0.012599
vt 0.405744 0.011125
vt 0.414846 0.010959
vt 0.388780 0.011773
vt 0.361881 0.013250
vt 0.359908 0.807485
vt 0.353346 0.810197
vt 0.355816 0.926472
vt 0.362901 0.923222
vt 0.345482 0.567377
vt 0.335817 0.570771
vt 0.346112 0.625916
vt 0.354457 0.623425
vt 0.327170 0.575651
vt 0.338629 0.629803
vt 0.348272 0.691672
vt 0.355170 0.688832
vt 0.362945 0.687287
vt 0.357732 1.042661
vt 0.364992 1.039163
vt 0.368083 0.806059
vt 0.371408 0.921288
vt 0.360353 1.158787
vt 0.367796 1.155710
vt 0.373251 1.037006
vt 0.366029 1.274984
vt 0.372307 1.272196
vt 0.375900 1.153943
vt 0.379584 1.270701
vt 0.387779 0.813534
vt 0.381751 0.694976
vt 0.381804 0.695688
vt 0.388136 0.813745
vt 0.383021 0.700044
vt 0.387872 0.813696
vt 0.388910 0.928788
vt 0.389343 0.928831
vt 0.389410 0.928797
vt 0.387534 1.044704
vt 0.387805 1.044675
vt 0.387101 1.044405
vt 0.387662 1.161676
vt 0.388059 1.161753
vt 0.386953 1.161722
vt 0.393251 1.278919
vt 0.394211 1.279098
vt 0.393853 1.279626
vt 0.378700 0.812804
vt 0.373158 0.693921
vt 0.379693 0.694467
vt 0.385195 0.813203
vt 0.380485 0.928653
vt 0.386561 0.928725
vt 0.380274 1.044717
vt 0.385643 1.044706
vt 0.380857 1.161334
vt 0.385849 1.161541
vt 0.385033 1.278118
vt 0.390569 1.278611
vt 0.359223 0.928382
vt 0.356616 0.811911
vt 0.367750 0.812373
vt 0.369978 0.928561
vt 0.348816 0.693054
vt 0.339143 0.631410
vt 0.353017 0.631090
vt 0.361160 0.693472
vt 0.366389 0.630838
vt 0.343864 0.576427
vt 0.359012 0.575597
vt 0.328145 0.577373
vt 0.360470 1.044629
vt 0.370532 1.044727
vt 0.362285 1.160647
vt 0.371740 1.161038
vt 0.367449 1.276710
vt 0.376270 1.277457
vt 0.345097 0.811008
vt 0.340746 0.693595
vt 0.341483 0.692703
vt 0.349437 0.811422
vt 0.348059 0.927732
vt 0.352302 0.928068
vt 0.350305 1.044011
vt 0.354093 1.044339
vt 0.351799 1.159694
vt 0.356188 1.160171
vt 0.357670 1.275028
vt 0.361607 1.275939
vt 0.348612 0.811200
vt 0.351160 0.927790
vt 0.353137 1.044068
vt 0.355525 1.159933
vt 0.361399 1.275801
vt 0.332056 0.631263
vt 0.342555 0.692706
vt 0.319701 0.577030
vt 0.311580 0.566916
vt 0.326163 0.630256
vt 0.330723 0.631321
vt 0.318475 0.577066
vt 0.312422 0.509202
vt 0.309067 0.483498
vt 0.299183 0.484788
vt 0.302754 0.510891
vt 0.290572 0.484309
vt 0.299769 0.442165
vt 0.295231 0.441870
vt 0.297800 0.484224
vt 0.298298 0.441625
vt 0.292617 0.509625
vt 0.337691 0.501495
vt 0.324473 0.504618
vt 0.328737 0.532355
vt 0.340332 0.528806
vt 0.318243 0.537386
vt 0.375035 0.631060
vt 0.374472 0.630873
vt 0.372870 0.629703
vt 0.367646 0.573580
vt 0.363997 0.568216
vt 0.368629 0.575113
vt 0.373275 0.630895
vt 0.366740 0.575251
vt 0.313051 0.509953
vt 0.309641 0.484080
vt 0.328799 0.484367
vt 0.331668 0.509696
vt 0.347994 0.484985
vt 0.350081 0.509697
vt 0.359510 0.485645
vt 0.348512 0.442310
vt 0.360236 0.442059
vt 0.329084 0.441849
vt 0.360616 0.510014
vt 0.364051 0.486068
vt 0.364392 0.510276
vt 0.364299 0.486038
vt 0.364829 0.441355
vt 0.364849 0.440763
vt 0.301449 0.510229
vt 0.309723 0.441412
vt 0.337012 0.406806
vt 0.350303 0.408622
vt 0.354440 0.369252
vt 0.342105 0.367204
vt 0.363208 0.419465
vt 0.366805 0.374919
vt 0.370401 0.330374
vt 0.360471 0.322917
vt 0.348141 0.320106
vt 0.364482 0.510082
vt 0.362448 0.485646
vt 0.363076 0.509191
vt 0.334356 0.433889
vt 0.320937 0.436865
vt 0.321675 0.479625
vt 0.335459 0.477122
vt 0.362515 0.440784
vt 0.312969 0.415379
vt 0.317926 0.375329
vt 0.337074 0.376172
vt 0.332256 0.415793
vt 0.356064 0.376633
vt 0.351459 0.415948
vt 0.341406 0.328120
vt 0.360993 0.328997
vt 0.321657 0.326861
vt 0.366515 0.376152
vt 0.362576 0.415136
vt 0.369800 0.375206
vt 0.366548 0.413846
vt 0.371692 0.329117
vt 0.375095 0.328828
vt 0.299502 0.415725
vt 0.305536 0.374713
vt 0.307329 0.374792
vt 0.301888 0.415454
vt 0.310827 0.325780
vt 0.309100 0.325447
vt 0.368197 0.274814
vt 0.353209 0.272398
vt 0.382469 0.279772
vt 0.353438 0.185725
vt 0.374029 0.186812
vt 0.394546 0.189153
vt 0.389820 0.122183
vt 0.368844 0.120653
vt 0.369298 0.374589
vt 0.366273 0.413352
vt 0.374706 0.328730
vt 0.309467 0.426675
vt 0.319214 0.377014
vt 0.310492 0.375296
vt 0.303770 0.416684
vt 0.314700 0.326201
vt 0.328962 0.327353
vt 0.321530 0.277792
vt 0.343284 0.278956
vt 0.364917 0.279785
vt 0.377478 0.280053
vt 0.369340 0.189833
vt 0.386188 0.189998
vt 0.341969 0.189656
vt 0.306162 0.276394
vt 0.308990 0.276709
vt 0.314945 0.189367
vt 0.299165 0.188886
vt 0.349018 0.119976
vt 0.382380 0.280013
vt 0.383289 0.279939
vt 0.336969 0.274327
vt 0.331962 0.187510
vt 0.395185 0.189993
vt 0.320239 0.278637
vt 0.311037 0.277278
vt 0.294575 0.188613
vt 0.299904 0.189444
vt 0.366131 0.120828
vt 0.383157 0.121038
vt 0.339836 0.121162
vt 0.393508 0.190122
vt 0.385085 0.095230
vt 0.366160 0.098575
vt 0.348664 0.098277
vt 0.331084 0.121645
vt 0.391929 0.122350
vt 0.297998 0.116556
vt 0.301666 0.120480
vt 0.304638 0.121779
vt 0.340013 0.096241
vt 0.362063 0.096662
vt 0.315060 0.121322
vt 0.320063 0.095683
vt 0.390834 0.121705
vt 0.315852 0.123088
vt 0.321064 0.100779
vt 0.312574 0.097616
vt 0.305800 0.088491
vt 0.326539 0.075768
vt 0.341144 0.078081
vt 0.358092 0.080634
vt 0.341868 0.066029
vt 0.353582 0.070120
vt 0.332252 0.062385
vt 0.377494 0.097523
vt 0.385253 0.098757
vt 0.309968 0.094089
vt 0.347340 0.080259
vt 0.338364 0.078867
vt 0.335082 0.086718
vt 0.348054 0.085647
vt 0.329677 0.076297
vt 0.325243 0.086271
vt 0.333274 0.099877
vt 0.386668 0.099628
vt 0.320049 0.080801
vt 0.326589 0.069257
vt 0.329915 0.054181
vt 0.317858 0.071336
vt 0.335025 0.066402
vt 0.330940 0.062628
vt 0.337283 0.051194
vt 0.333599 0.052688
vt 0.371175 0.083135
vt 0.378480 0.085222
vt 0.363824 0.073969
vt 0.369665 0.076330
vt 0.319649 0.073793
vt 0.328069 0.060002
vt 0.345544 0.072186
vt 0.354989 0.065484
vt 0.356669 0.078632
vt 0.372695 0.079773
vt 0.380208 0.086768
vt 0.378890 0.087501
vt 0.371771 0.078125
vt 0.335678 0.055782
vt 0.341271 0.059776
vt 0.347619 0.061938
vt 0.371703 0.690425
vt 0.377454 0.808690
vt 0.356225 0.066928
vt 0.357522 0.066740
vt 0.332414 0.054677
vt 0.361711 0.069986
vt 0.362744 0.086002
vt 0.309538 0.190598
vt 0.336010 0.322379
vt 0.324123 0.410849
vt 0.330340 0.370259
vt 0.350486 0.503811
vt 0.351822 0.530439
vt 0.362897 0.534277
vt 0.355409 0.567985
vt 0.382441 1.156502
vt 0.386978 1.273572
vt 0.380656 1.039380
vt 0.380158 0.923700
vt 0.363507 0.625490
vt 0.348304 0.435701
vt 0.349071 0.479782
vt 0.307594 0.443186
vt 0.365396 0.537038
vt 0.364954 0.536405
vt 0.302099 0.538270
vt 0.308530 0.539094
vt 0.319209 0.538717
vt 0.353583 0.537243
vt 0.362685 0.537076
vt 0.336619 0.537890
vt 0.309720 0.539368
vt 0.357670 1.335457
vt 0.361399 1.336231
vt 0.393251 1.339349
vt 0.390569 1.339041
vt 0.366029 1.335413
vt 0.372307 1.332626
vt 0.379584 1.331130
vt 0.376270 1.337887
vt 0.367449 1.337139
vt 0.386978 1.334002
vt 0.385033 1.338548
vt 0.393853 1.340055
vt 0.394211 1.339528
vt 0.361607 1.336368
s 1
usemtl M_Alien_Body_Grey
f 31/1/1 165/2/2 164/3/3 32/4/4
f 13/5/5 183/6/6 182/7/7 14/8/8
f 22/9/9 134/10/10 316/11/11 174/12/12
f 134/10/10 4/13/13 124/14/14 316/11/11
f 316/11/11 124/14/14 6/15/15 135/16/16
f 174/12/12 316/11/11 135/16/16 31/1/1
f 164/3/3 165/2/2 40/17/17 41/18/18
f 274/19/19 275/20/20 13/5/5 14/8/8
f 40/17/17 136/21/21 317/22/22 156/23/23
f 136/21/21 8/24/24 128/25/25 317/22/22
f 317/22/22 128/25/25 10/26/26 137/27/27
f 156/23/23 317/22/22 137/27/27 49/28/28
f 49/28/28 137/27/27 318/29/29 147/30/30
f 137/27/27 10/26/26 130/31/31 318/29/29
f 318/29/29 130/31/31 12/32/32 138/33/33
f 147/30/30 318/29/29 138/33/33 58/34/34
f 267/35/35 268/36/36 20/37/37 21/38/38
f 101/39/39 102/40/40 275/20/20 274/19/19
f 102/40/40 287/41/41 319/42/42 275/20/20
f 275/20/20 319/42/42 133/43/43 13/5/5
f 319/42/42 265/44/44 2/45/45 133/43/43
f 287/41/41 92/46/46 265/44/44 319/42/42
f 103/47/47 286/48/48 320/49/49 198/50/50
f 198/50/50 320/49/49 201/51/51 67/52/52
f 320/49/49 132/53/53 1/54/54 201/51/51
f 286/48/48 93/55/55 132/53/53 320/49/49
f 268/36/36 269/56/56 19/57/57 20/37/37
f 94/58/58 95/59/59 268/36/36 267/35/35
f 269/56/56 270/60/60 18/61/61 19/57/57
f 95/59/59 96/62/62 269/56/56 268/36/36
f 270/60/60 271/63/63 17/64/64 18/61/61
f 96/62/62 97/65/65 270/60/60 269/56/56
f 271/63/63 272/66/66 16/67/67 17/64/64
f 97/65/65 98/68/68 271/63/63 270/60/60
f 272/66/66 273/69/69 15/70/70 16/67/67
f 98/68/68 99/71/71 272/66/66 271/63/63
f 273/69/69 274/19/19 14/8/8 15/70/70
f 99/71/71 100/72/72 273/69/69 272/66/66
f 57/73/73 139/74/74 129/75/75 9/76/76
f 100/72/72 101/39/39 274/19/19 273/69/69
f 129/75/75 139/74/74 66/77/77 11/78/78
f 56/79/79 140/80/80 139/74/74 57/73/73
f 139/74/74 140/80/80 65/81/81 66/77/77
f 55/82/82 141/83/83 140/80/80 56/79/79
f 140/80/80 141/83/83 64/84/84 65/81/81
f 54/85/85 142/86/86 141/83/83 55/82/82
f 141/83/83 142/86/86 63/87/87 64/84/84
f 53/88/88 143/89/89 142/86/86 54/85/85
f 142/86/86 143/89/89 62/90/90 63/87/87
f 52/91/91 144/92/92 143/89/89 53/88/88
f 143/89/89 144/92/92 61/93/93 62/90/90
f 51/94/94 145/95/95 144/92/92 52/91/91
f 144/92/92 145/95/95 60/96/96 61/93/93
f 50/97/97 146/98/98 145/95/95 51/94/94
f 145/95/95 146/98/98 59/99/99 60/96/96
f 49/28/28 147/30/30 146/98/98 50/97/97
f 146/98/98 147/30/30 58/34/34 59/99/99
f 48/100/100 148/101/101 127/102/102 7/103/103
f 127/102/102 148/101/101 57/73/73 9/76/76
f 47/104/104 149/105/105 148/101/101 48/100/100
f 148/101/101 149/105/105 56/79/79 57/73/73
f 46/106/106 150/107/107 149/105/105 47/104/104
f 149/105/105 150/107/107 55/82/82 56/79/79
f 45/108/108 151/109/109 150/107/107 46/106/106
f 150/107/107 151/109/109 54/85/85 55/82/82
f 44/110/110 152/111/111 151/109/109 45/108/108
f 151/109/109 152/111/111 53/88/88 54/85/85
f 43/112/112 153/113/113 152/111/111 44/110/110
f 152/111/111 153/113/113 52/91/91 53/88/88
f 42/114/114 154/115/115 153/113/113 43/112/112
f 153/113/113 154/115/115 51/94/94 52/91/91
f 41/18/18 155/116/116 154/115/115 42/114/114
f 154/115/115 155/116/116 50/97/97 51/94/94
f 40/17/17 156/23/23 155/116/116 41/18/18
f 155/116/116 156/23/23 49/28/28 50/97/97
f 38/117/117 158/118/118 157/119/119 39/120/120
f 2/45/121 122/121/122 321/122/123 133/43/124
f 122/121/122 4/13/13 134/10/10 321/122/123
f 321/122/123 134/10/10 22/9/9 183/6/6
f 133/43/124 321/122/123 183/6/6 13/5/5
f 5/123/125 125/124/126 322/125/127 200/126/128
f 125/124/126 7/103/103 199/127/129 322/125/127
f 322/125/127 199/127/129 70/128/130 195/129/131
f 200/126/128 322/125/127 195/129/131 69/130/132
f 157/119/119 158/118/118 47/104/104 48/100/100
f 37/131/133 159/132/134 158/118/118 38/117/117
f 158/118/118 159/132/134 46/106/106 47/104/104
f 36/133/135 160/134/136 159/132/134 37/131/133
f 159/132/134 160/134/136 45/108/108 46/106/106
f 35/135/137 161/136/138 160/134/136 36/133/135
f 160/134/136 161/136/138 44/110/110 45/108/108
f 34/137/139 162/138/140 161/136/138 35/135/137
f 161/136/138 162/138/140 43/112/112 44/110/110
f 33/139/141 163/140/142 162/138/140 34/137/139
f 162/138/140 163/140/142 42/114/114 43/112/112
f 32/4/4 164/3/3 163/140/142 33/139/141
f 163/140/142 164/3/3 41/18/18 42/114/114
f 30/141/143 166/142/144 123/143/145 3/144/146
f 123/143/145 166/142/144 39/120/120 5/123/125
f 29/145/147 167/146/148 166/142/144 30/141/143
f 166/142/144 167/146/148 38/117/117 39/120/120
f 28/147/149 168/148/150 167/146/148 29/145/147
f 167/146/148 168/148/150 37/131/133 38/117/117
f 27/149/151 169/150/152 168/148/150 28/147/149
f 168/148/150 169/150/152 36/133/135 37/131/133
f 26/151/153 170/152/154 169/150/152 27/149/151
f 169/150/152 170/152/154 35/135/137 36/133/135
f 25/153/155 171/154/156 170/152/154 26/151/153
f 170/152/154 171/154/156 34/137/139 35/135/137
f 24/155/157 172/156/158 171/154/156 25/153/155
f 171/154/156 172/156/158 33/139/141 34/137/139
f 23/157/159 173/158/160 172/156/158 24/155/157
f 172/156/158 173/158/160 32/4/4 33/139/141
f 22/9/9 174/12/12 173/158/160 23/157/159
f 173/158/160 174/12/12 31/1/1 32/4/4
f 39/120/120 157/119/119 125/124/126 5/123/125
f 125/124/126 157/119/119 48/100/100 7/103/103
f 175/159/161 176/160/162 29/145/147 30/141/143
f 6/15/15 126/161/163 323/162/164 135/16/16
f 126/161/163 8/24/24 136/21/21 323/162/164
f 323/162/164 136/21/21 40/17/17 165/2/2
f 135/16/16 323/162/164 165/2/2 31/1/1
f 176/160/162 177/163/165 28/147/149 29/145/147
f 20/37/37 176/160/162 175/159/161 21/38/38
f 177/163/165 178/164/166 27/149/167 28/147/149
f 19/57/57 177/163/165 176/160/162 20/37/37
f 178/164/166 179/165/168 26/151/153 27/149/167
f 18/61/61 178/164/166 177/163/165 19/57/57
f 179/165/168 180/166/169 25/153/155 26/151/153
f 17/64/64 179/165/168 178/164/166 18/61/61
f 180/166/169 181/167/170 24/155/157 25/153/155
f 16/67/67 180/166/169 179/165/168 17/64/64
f 181/167/170 182/7/7 23/157/159 24/155/157
f 15/70/70 181/167/170 180/166/169 16/67/67
f 132/53/53 267/35/35 21/38/38 1/54/54
f 14/8/8 182/7/7 181/167/170 15/70/70
f 1/54/54 121/168/171 324/169/172 201/51/51
f 201/51/51 324/169/172 193/170/173 67/52/52
f 324/169/172 202/171/174 68/172/175 193/170/173
f 121/168/171 3/144/146 202/171/174 324/169/172
f 3/144/146 123/143/145 325/173/176 202/171/174
f 123/143/145 5/123/125 200/126/128 325/173/176
f 325/173/176 200/126/128 69/130/132 194/174/177
f 202/171/174 325/173/176 194/174/177 68/172/175
f 115/175/178 315/176/179 326/177/180 303/178/181
f 205/179/182 219/180/183 379/181/184 326/177/180
f 332/182/185 381/183/186 219/180/183 205/179/182
f 315/176/179 114/184/187 205/179/182 326/177/180
f 120/185/188 285/186/189 327/187/190 314/188/191
f 314/188/191 327/187/190 206/189/192 115/175/178
f 327/187/190 198/50/50 67/52/52 206/189/192
f 285/186/189 103/47/47 198/50/50 327/187/190
f 9/76/76 129/75/75 328/190/193 204/191/194
f 129/75/75 11/78/78 203/192/195 328/190/193
f 328/190/193 203/192/195 72/193/196 197/194/197
f 204/191/194 328/190/193 197/194/197 71/195/198
f 7/103/103 127/102/102 329/196/199 199/127/129
f 127/102/102 9/76/76 204/191/194 329/196/199
f 329/196/199 204/191/194 71/195/198 196/197/200
f 199/127/129 329/196/199 196/197/200 70/128/130
f 118/198/201 313/199/202 330/200/203 209/201/204
f 313/199/202 116/202/205 304/203/206 330/200/203
f 331/204/207 382/205/208 217/206/209 304/203/206
f 217/206/209 383/207/210 330/200/203 304/203/206
f 116/202/205 312/208/211 331/204/207 304/203/206
f 312/208/211 117/209/212 208/210/213 331/204/207
f 334/211/214 380/212/215 289/213/216 208/210/213
f 208/210/213 289/213/216 382/205/208 331/204/207
f 114/184/217 311/214/218 332/182/185 205/179/182
f 311/214/218 118/198/201 209/201/204 332/182/185
f 330/200/203 383/207/210 291/215/219 209/201/204
f 209/201/204 291/215/219 381/183/186 332/182/185
f 113/216/220 284/217/221 333/218/222 301/219/223
f 301/219/223 333/218/222 221/220/224 111/221/225
f 333/218/222 277/222/226 78/223/227 221/220/224
f 284/217/221 104/224/228 277/222/226 333/218/222
f 117/209/212 310/225/229 334/211/214 208/210/213
f 310/225/229 119/226/230 210/227/231 334/211/214
f 294/228/232 308/229/233 390/230/234 378/231/235
f 210/227/231 292/232/236 380/212/215 334/211/214
f 110/233/237 300/234/238 335/235/239 220/236/240
f 300/234/238 107/237/241 288/238/242 335/235/239
f 335/235/239 288/238/242 76/239/243 213/240/244
f 220/236/240 335/235/239 213/240/244 75/241/245
f 107/237/241 299/242/246 336/243/247 288/238/242
f 299/242/246 108/244/248 218/245/249 336/243/247
f 336/243/247 218/245/249 77/246/250 214/247/251
f 288/238/242 336/243/247 214/247/251 76/239/243
f 109/248/252 298/249/253 337/250/254 290/251/255
f 298/249/253 110/233/237 220/236/240 337/250/254
f 337/250/254 220/236/240 75/241/245 212/252/256
f 290/251/255 337/250/254 212/252/256 74/253/257
f 104/224/228 283/254/258 338/255/259 277/222/226
f 277/222/226 338/255/259 225/256/260 78/223/227
f 282/257/261 343/258/262 338/255/259 283/254/258
f 343/258/262 348/259/263 246/260/264 229/261/265
f 108/244/248 297/262/266 339/263/267 218/245/249
f 297/262/266 111/221/225 221/220/224 339/263/267
f 339/263/267 221/220/224 78/223/227 215/264/268
f 218/245/249 339/263/267 215/264/268 77/246/250
f 112/265/269 296/266/270 340/267/271 222/268/272
f 296/266/270 109/248/252 290/251/255 340/267/271
f 340/267/271 290/251/255 74/253/257 211/269/273
f 222/268/272 340/267/271 211/269/273 73/270/274
f 75/241/245 213/240/244 341/271/275 224/272/276
f 213/240/244 76/239/243 228/273/277 341/271/275
f 347/274/278 352/275/279 233/276/280 228/273/277
f 228/273/277 233/276/280 346/277/281 341/271/275
f 74/253/257 212/252/256 342/278/282 223/279/283
f 212/252/256 75/241/245 224/272/276 342/278/282
f 341/271/275 346/277/281 231/280/284 224/272/276
f 224/272/276 231/280/284 353/281/285 342/278/282
f 281/282/286 348/259/263 343/258/262 282/257/261
f 77/246/250 215/264/268 344/283/287 226/284/288
f 215/264/268 78/223/227 225/256/260 344/283/287
f 373/285/289 372/286/290 282/257/261 283/254/258
f 225/256/260 229/261/265 349/287/291 344/283/287
f 73/270/274 211/269/273 345/288/292 227/289/293
f 211/269/273 74/253/257 223/279/283 345/288/292
f 342/278/282 353/281/285 234/290/294 223/279/283
f 223/279/283 234/290/294 350/291/295 345/288/292
f 352/275/279 356/292/296 241/293/297 233/276/280
f 233/276/280 241/293/297 351/294/298 346/277/281
f 76/239/243 214/247/251 347/274/278 228/273/277
f 214/247/251 77/246/250 226/284/288 347/274/278
f 344/283/287 349/287/291 230/295/299 226/284/288
f 226/284/288 230/295/299 352/275/279 347/274/278
f 348/259/263 278/296/300 84/297/301 246/260/264
f 281/282/286 105/298/302 278/296/300 348/259/263
f 372/286/290 371/299/303 281/282/286 282/257/261
f 229/261/265 246/260/264 359/300/304 349/287/291
f 353/281/285 357/301/305 242/302/306 234/290/294
f 234/290/294 242/302/306 354/303/307 350/291/295
f 351/294/298 241/293/297 82/304/308 237/305/309
f 245/306/310 351/294/298 237/305/309 81/307/311
f 349/287/291 359/300/304 244/308/312 230/295/299
f 230/295/299 244/308/312 356/292/296 352/275/279
f 346/277/281 351/294/298 245/306/310 231/280/284
f 231/280/284 245/306/310 357/301/305 353/281/285
f 243/309/313 354/303/307 235/310/314 79/311/315
f 354/303/307 242/302/306 80/312/316 235/310/314
f 81/307/311 237/305/309 355/313/317 257/314/318
f 237/305/309 82/304/308 253/315/319 355/313/317
f 355/313/317 253/315/319 88/316/320 249/317/321
f 257/314/318 355/313/317 249/317/321 87/318/322
f 356/292/296 244/308/312 83/319/323 238/320/324
f 241/293/297 356/292/296 238/320/324 82/304/308
f 357/301/305 245/306/310 81/307/311 236/321/325
f 242/302/306 357/301/305 236/321/325 80/312/316
f 106/322/326 280/323/327 358/324/328 252/325/329
f 252/325/329 358/324/328 255/326/330 85/327/331
f 358/324/328 240/328/332 79/311/315 255/326/330
f 280/323/327 105/298/302 240/328/332 358/324/328
f 359/300/304 246/260/264 84/297/301 239/329/333
f 244/308/312 359/300/304 239/329/333 83/319/323
f 79/311/315 235/310/314 360/330/334 255/326/330
f 255/326/330 360/330/334 247/331/335 85/327/331
f 360/330/334 254/332/336 86/333/337 247/331/335
f 235/310/314 80/312/316 254/332/336 360/330/334
f 85/327/331 247/331/335 361/334/338 259/335/339
f 91/336/340 259/335/339 361/334/338 260/337/341
f 86/333/337 260/337/341 361/334/338 247/331/335
f 82/304/308 238/320/324 362/338/342 253/315/319
f 238/320/324 83/319/323 256/339/343 362/338/342
f 362/338/342 256/339/343 89/340/344 250/341/345
f 253/315/319 362/338/342 250/341/345 88/316/320
f 80/312/316 236/321/325 363/342/346 254/332/336
f 236/321/325 81/307/311 257/314/318 363/342/346
f 363/342/346 257/314/318 87/318/322 248/343/347
f 254/332/336 363/342/346 248/343/347 86/333/337
f 91/336/340 264/344/348 364/345/349 259/335/339
f 259/335/339 364/345/349 252/325/329 85/327/331
f 364/345/349 279/346/350 106/322/326 252/325/329
f 264/344/348 90/347/351 279/346/350 364/345/349
f 83/319/323 239/329/333 365/348/352 256/339/343
f 239/329/333 84/297/301 258/349/353 365/348/352
f 365/348/352 258/349/353 90/347/351 251/350/354
f 256/339/343 365/348/352 251/350/354 89/340/344
f 87/318/322 249/317/321 366/351/355 263/352/356
f 88/316/320 261/353/357 366/351/355 249/317/321
f 91/336/340 263/352/356 366/351/355 261/353/357
f 266/354/358 184/355/359 94/58/58 93/55/55
f 93/55/55 94/58/58 267/35/35 132/53/53
f 88/316/320 250/341/345 367/356/360 261/353/357
f 89/340/344 262/357/361 367/356/360 250/341/345
f 91/336/340 261/353/357 367/356/360 262/357/361
f 86/333/337 248/343/347 368/358/362 260/337/363
f 87/318/322 263/352/356 368/358/362 248/343/347
f 91/336/340 260/337/363 368/358/362 263/352/356
f 89/340/344 251/350/354 369/359/364 262/357/361
f 90/347/351 264/344/348 369/359/364 251/350/354
f 91/336/340 262/357/361 369/359/364 264/344/348
f 190/360/365 191/361/366 101/39/39 100/72/72
f 66/77/77 184/355/359 266/354/358 11/78/78
f 90/347/351 258/349/353 370/362/367 279/346/350
f 279/346/350 370/362/367 280/323/327 106/322/326
f 370/362/367 278/296/300 105/298/302 280/323/327
f 258/349/353 84/297/301 278/296/300 370/362/367
f 338/255/259 343/258/262 229/261/265 225/256/260
f 232/363/368 243/309/313 371/299/303 372/286/290
f 371/299/303 240/328/332 105/298/302 281/282/286
f 243/309/313 79/311/315 240/328/332 371/299/303
f 350/291/295 354/303/307 243/309/313 232/363/368
f 227/289/293 232/363/368 372/286/290 373/285/289
f 73/270/274 227/289/293 373/285/289 216/364/369
f 216/364/369 373/285/289 283/254/258 104/224/228
f 112/265/269 222/268/272 374/365/370 295/366/371
f 295/366/371 374/365/370 284/217/221 113/216/220
f 374/365/370 216/364/369 104/224/228 284/217/221
f 222/268/272 73/270/274 216/364/369 374/365/370
f 119/226/230 307/367/372 375/368/373 309/369/374
f 309/369/374 375/368/373 285/186/189 120/185/188
f 375/368/373 276/370/375 103/47/47 285/186/189
f 307/367/372 72/193/196 276/370/375 375/368/373
f 189/371/376 190/360/365 100/72/72 99/71/71
f 59/99/99 191/361/366 190/360/365 60/96/377
f 188/372/378 189/371/376 99/71/71 98/68/68
f 60/96/377 190/360/365 189/371/376 61/93/379
f 187/373/380 188/372/378 98/68/68 97/65/65
f 61/93/379 189/371/376 188/372/378 62/90/90
f 186/374/381 187/373/380 97/65/65 96/62/62
f 62/90/90 188/372/378 187/373/380 63/87/87
f 185/375/382 186/374/381 96/62/62 95/59/59
f 63/87/87 187/373/380 186/374/381 64/84/84
f 184/355/359 185/375/382 95/59/59 94/58/58
f 64/84/84 186/374/381 185/375/382 65/81/81
f 191/361/366 192/376/383 102/40/40 101/39/39
f 65/81/81 185/375/382 184/355/359 66/77/77
f 72/193/196 203/192/195 376/377/384 276/370/375
f 276/370/375 376/377/384 286/48/48 103/47/47
f 376/377/384 266/354/358 93/55/55 286/48/48
f 203/192/195 11/78/78 266/354/358 376/377/384
f 58/34/34 138/33/33 377/378/385 192/376/383
f 192/376/383 377/378/385 287/41/41 102/40/40
f 377/378/385 131/379/386 92/46/46 287/41/41
f 138/33/33 12/32/32 131/379/386 377/378/385
f 121/168/171 175/159/161 30/141/143 3/144/146
f 58/34/34 192/376/383 191/361/366 59/99/99
f 21/38/38 175/159/161 121/168/171 1/54/54
f 210/227/231 385/380/387 384/381/388 292/232/236
f 378/231/235 390/230/234 303/178/181 293/382/389
f 378/231/235 295/366/371 113/216/220 294/228/232
f 293/382/389 112/265/269 295/366/371 378/231/235
f 379/181/184 219/180/183 109/248/252 296/266/270
f 293/382/389 379/181/184 296/266/270 112/265/269
f 380/212/215 292/232/236 111/221/225 297/262/266
f 289/213/216 380/212/215 297/262/266 108/244/248
f 381/183/186 291/215/219 110/233/237 298/249/253
f 219/180/183 381/183/186 298/249/253 109/248/252
f 382/205/208 289/213/216 108/244/248 299/242/246
f 217/206/209 382/205/208 299/242/246 107/237/241
f 383/207/210 217/206/209 107/237/241 300/234/238
f 291/215/219 383/207/210 300/234/238 110/233/237
f 384/381/388 385/380/387 308/229/233 294/228/232
f 384/381/388 301/219/223 111/221/225 292/232/236
f 294/228/232 113/216/220 301/219/223 384/381/388
f 385/380/387 309/369/374 120/185/188 308/229/233
f 210/227/231 119/226/230 309/369/374 385/380/387
f 71/195/198 197/194/197 386/383/390 305/384/391
f 197/194/197 72/193/196 307/367/372 386/383/390
f 386/383/390 307/367/372 119/226/230 310/225/229
f 305/384/391 386/383/390 310/225/229 117/209/212
f 68/172/175 194/174/177 387/385/392 302/386/393
f 194/174/177 69/130/132 306/387/394 387/385/392
f 387/385/392 306/387/394 118/198/201 311/214/218
f 302/386/393 387/385/392 311/214/218 114/184/217
f 70/128/130 196/197/200 388/388/395 207/389/396
f 196/197/200 71/195/198 305/384/391 388/388/395
f 388/388/395 305/384/391 117/209/212 312/208/211
f 207/389/396 388/388/395 312/208/211 116/202/205
f 69/130/132 195/129/131 389/390/397 306/387/394
f 195/129/131 70/128/130 207/389/396 389/390/397
f 389/390/397 207/389/396 116/202/205 313/199/202
f 306/387/394 389/390/397 313/199/202 118/198/201
f 390/230/234 314/188/191 115/175/178 303/178/181
f 308/229/233 120/185/188 314/188/191 390/230/234
f 67/52/52 193/170/173 391/391/398 206/189/192
f 206/189/192 391/391/398 315/176/179 115/175/178
f 391/391/398 302/386/393 114/184/187 315/176/179
f 193/170/173 68/172/175 302/386/393 391/391/398
f 326/177/180 379/181/184 293/382/389 303/178/181
f 345/288/292 350/291/295 232/363/368 227/289/293
f 182/7/7 183/6/6 22/9/9 23/157/159
f 586/392/399 587/393/400 401/394/401 402/395/402
f 459/396/403 601/397/404 630/398/405 518/399/406
f 518/399/406 630/398/405 521/400/407 428/401/408
f 630/398/405 482/402/409 392/403/410 521/400/407
f 601/397/404 453/404/411 482/402/409 630/398/405
f 587/393/400 588/405/412 400/406/413 401/394/401
f 454/407/414 455/408/415 587/393/400 586/392/399
f 588/405/412 589/409/416 399/410/417 400/406/413
f 455/408/415 456/411/418 588/405/412 587/393/400
f 589/409/416 590/412/419 398/413/420 399/410/417
f 456/411/418 457/414/421 589/409/416 588/405/412
f 457/414/421 458/415/422 590/412/419 589/409/416
f 422/416/423 483/417/424 481/418/425 396/419/426
f 481/418/425 483/417/424 427/420/427 397/421/428
f 421/422/429 484/423/430 483/417/424 422/416/423
f 483/417/424 484/423/430 426/424/431 427/420/427
f 420/425/432 485/426/433 484/423/430 421/422/429
f 484/423/430 485/426/433 425/427/434 426/424/431
f 419/428/435 486/429/436 485/426/433 420/425/432
f 485/426/433 486/429/436 424/430/437 425/427/434
f 418/431/438 487/432/439 486/429/436 419/428/435
f 486/429/436 487/432/439 423/433/440 424/430/437
f 417/434/441 488/435/442 480/436/443 395/437/444
f 480/436/443 488/435/442 422/416/423 396/419/426
f 416/438/445 489/439/446 488/435/442 417/434/441
f 488/435/442 489/439/446 421/422/429 422/416/423
f 415/440/447 490/441/448 489/439/446 416/438/445
f 489/439/446 490/441/448 420/425/432 421/422/429
f 414/442/449 491/443/450 490/441/448 415/440/447
f 490/441/448 491/443/450 419/428/435 420/425/432
f 413/444/451 492/445/452 491/443/450 414/442/449
f 491/443/450 492/445/452 418/431/438 419/428/435
f 411/446/453 494/447/454 493/448/455 412/449/456
f 394/450/457 479/451/458 631/452/459 520/453/460
f 479/451/458 395/437/444 519/454/461 631/452/459
f 631/452/459 519/454/461 431/455/462 515/456/463
f 520/453/460 631/452/459 515/456/463 430/457/464
f 493/448/455 494/447/454 416/438/445 417/434/441
f 410/458/465 495/459/466 494/447/454 411/446/453
f 494/447/454 495/459/466 415/440/447 416/438/445
f 409/460/467 496/461/468 495/459/466 410/458/465
f 495/459/466 496/461/468 414/442/449 415/440/447
f 408/462/469 497/463/470 496/461/468 409/460/467
f 496/461/468 497/463/470 413/444/451 414/442/449
f 407/464/471 498/465/472 478/466/473 393/467/474
f 478/466/473 498/465/472 412/449/456 394/450/457
f 406/468/475 499/469/476 498/465/472 407/464/471
f 498/465/472 499/469/476 411/446/453 412/449/456
f 405/470/477 500/471/478 499/469/476 406/468/475
f 499/469/476 500/471/478 410/458/465 411/446/453
f 404/472/479 501/473/480 500/471/478 405/470/477
f 500/471/478 501/473/480 409/460/467 410/458/465
f 403/474/481 502/475/482 501/473/480 404/472/479
f 501/473/480 502/475/482 408/462/469 409/460/467
f 412/449/456 493/448/455 479/451/458 394/450/457
f 479/451/458 493/448/455 417/434/441 395/437/444
f 503/476/483 504/477/484 406/468/475 407/464/471
f 504/477/484 505/478/485 405/470/477 406/468/475
f 401/394/401 504/477/484 503/476/483 402/395/402
f 505/478/485 506/479/486 404/472/487 405/470/477
f 400/406/413 505/478/485 504/477/484 401/394/401
f 506/479/486 507/480/488 403/474/489 404/472/487
f 399/410/417 506/479/486 505/478/485 400/406/413
f 398/413/420 507/480/488 506/479/486 399/410/417
f 482/402/409 586/392/399 402/395/402 392/403/410
f 392/403/410 477/481/490 632/482/491 521/400/407
f 521/400/407 632/482/491 513/483/492 428/401/408
f 632/482/491 522/484/493 429/485/494 513/483/492
f 477/481/490 393/467/474 522/484/493 632/482/491
f 393/467/474 478/466/473 633/486/495 522/484/493
f 478/466/473 394/450/457 520/453/460 633/486/495
f 633/486/495 520/453/460 430/457/464 514/487/496
f 522/484/493 633/486/495 514/487/496 429/485/494
f 471/488/497 629/489/498 634/490/499 617/491/500
f 525/492/501 539/493/502 686/494/503 634/490/499
f 640/495/504 688/496/505 539/493/502 525/492/501
f 629/489/498 470/497/506 525/492/501 634/490/499
f 476/498/507 600/499/508 635/500/509 628/501/510
f 628/501/510 635/500/509 526/502/511 471/488/497
f 635/500/509 518/399/406 428/401/408 526/502/511
f 600/499/508 459/396/403 518/399/406 635/500/509
f 396/419/426 481/418/425 636/503/512 524/504/513
f 481/418/425 397/421/428 523/505/514 636/503/512
f 636/503/512 523/505/514 433/506/515 517/507/516
f 524/504/513 636/503/512 517/507/516 432/508/517
f 395/437/444 480/436/443 637/509/518 519/454/461
f 480/436/443 396/419/426 524/504/513 637/509/518
f 637/509/518 524/504/513 432/508/517 516/510/519
f 519/454/461 637/509/518 516/510/519 431/455/462
f 474/511/520 627/512/521 638/513/522 529/514/523
f 627/512/521 472/515/524 618/516/525 638/513/522
f 639/517/526 689/518/527 537/519/528 618/516/525
f 537/519/528 690/520/529 638/513/522 618/516/525
f 472/515/524 626/521/530 639/517/526 618/516/525
f 626/521/530 473/522/531 528/523/532 639/517/526
f 642/524/533 687/525/534 603/526/535 528/523/532
f 528/523/532 603/526/535 689/518/527 639/517/526
f 470/497/536 625/527/537 640/495/504 525/492/501
f 625/527/537 474/511/520 529/514/523 640/495/504
f 638/513/522 690/520/529 605/528/538 529/514/523
f 529/514/523 605/528/538 688/496/505 640/495/504
f 469/529/539 599/530/540 641/531/541 615/532/542
f 615/532/542 641/531/541 541/533/543 467/534/544
f 641/531/541 592/535/545 439/536/546 541/533/543
f 599/530/540 460/537/547 592/535/545 641/531/541
f 473/522/531 624/538/548 642/524/533 528/523/532
f 624/538/548 475/539/549 530/540/550 642/524/533
f 608/541/551 622/542/552 697/543/553 685/544/554
f 530/540/550 606/545/555 687/525/534 642/524/533
f 466/546/556 614/547/557 643/548/558 540/549/559
f 614/547/557 463/550/560 602/551/561 643/548/558
f 643/548/558 602/551/561 437/552/562 533/553/563
f 540/549/559 643/548/558 533/553/563 436/554/564
f 463/550/560 613/555/565 644/556/566 602/551/561
f 613/555/565 464/557/567 538/558/568 644/556/566
f 644/556/566 538/558/568 438/559/569 534/560/570
f 602/551/561 644/556/566 534/560/570 437/552/562
f 465/561/571 612/562/572 645/563/573 604/564/574
f 612/562/572 466/546/556 540/549/559 645/563/573
f 645/563/573 540/549/559 436/554/564 532/565/575
f 604/564/574 645/563/573 532/565/575 435/566/576
f 460/537/547 598/567/577 646/568/578 592/535/545
f 592/535/545 646/568/578 545/569/579 439/536/546
f 597/570/580 651/571/581 646/568/578 598/567/577
f 651/571/581 656/572/582 566/573/583 549/574/584
f 464/557/567 611/575/585 647/576/586 538/558/568
f 611/575/585 467/534/544 541/533/543 647/576/586
f 647/576/586 541/533/543 439/536/546 535/577/587
f 538/558/568 647/576/586 535/577/587 438/559/569
f 468/578/588 610/579/589 648/580/590 542/581/591
f 610/579/589 465/561/571 604/564/574 648/580/590
f 648/580/590 604/564/574 435/566/576 531/582/592
f 542/581/591 648/580/590 531/582/592 434/583/593
f 436/554/564 533/553/563 649/584/594 544/585/595
f 533/553/563 437/552/562 548/586/596 649/584/594
f 655/587/597 660/588/598 553/589/599 548/586/596
f 548/586/596 553/589/599 654/590/600 649/584/594
f 435/566/576 532/565/575 650/591/601 543/592/602
f 532/565/575 436/554/564 544/585/595 650/591/601
f 649/584/594 654/590/600 551/593/603 544/585/595
f 544/585/595 551/593/603 661/594/604 650/591/601
f 596/595/605 656/572/582 651/571/581 597/570/580
f 438/559/569 535/577/587 652/596/606 546/597/607
f 535/577/587 439/536/546 545/569/579 652/596/606
f 681/598/608 680/599/609 597/570/580 598/567/577
f 545/569/579 549/574/584 657/600/610 652/596/606
f 434/583/593 531/582/592 653/601/611 547/602/612
f 531/582/592 435/566/576 543/592/602 653/601/611
f 650/591/601 661/594/604 554/603/613 543/592/602
f 543/592/602 554/603/613 658/604/614 653/601/611
f 660/588/598 664/605/615 561/606/616 553/589/599
f 553/589/599 561/606/616 659/607/617 654/590/600
f 437/552/562 534/560/570 655/587/597 548/586/596
f 534/560/570 438/559/569 546/597/607 655/587/597
f 652/596/606 657/600/610 550/608/618 546/597/607
f 546/597/607 550/608/618 660/588/598 655/587/597
f 656/572/582 593/609/619 445/610/620 566/573/583
f 596/595/605 461/611/621 593/609/619 656/572/582
f 680/599/609 679/612/622 596/595/605 597/570/580
f 549/574/584 566/573/583 667/613/623 657/600/610
f 661/594/604 665/614/624 562/615/625 554/603/613
f 554/603/613 562/615/625 662/616/626 658/604/614
f 659/607/617 561/606/616 443/617/627 557/618/628
f 565/619/629 659/607/617 557/618/628 442/620/630
f 657/600/610 667/613/623 564/621/631 550/608/618
f 550/608/618 564/621/631 664/605/615 660/588/598
f 654/590/600 659/607/617 565/619/629 551/593/603
f 551/593/603 565/619/629 665/614/624 661/594/604
f 563/622/632 662/616/626 555/623/633 440/624/634
f 662/616/626 562/615/625 441/625/635 555/623/633
f 442/620/630 557/618/628 663/626/636 577/627/637
f 557/618/628 443/617/627 573/628/638 663/626/636
f 663/626/636 573/628/638 449/629/639 569/630/640
f 577/627/637 663/626/636 569/630/640 448/631/641
f 664/605/615 564/621/631 444/632/642 558/633/643
f 561/606/616 664/605/615 558/633/643 443/617/627
f 665/614/624 565/619/629 442/620/630 556/634/644
f 562/615/625 665/614/624 556/634/644 441/625/635
f 462/635/645 595/636/646 666/637/647 572/638/648
f 572/638/648 666/637/647 575/639/649 446/640/650
f 666/637/647 560/641/651 440/624/634 575/639/649
f 595/636/646 461/611/621 560/641/651 666/637/647
f 667/613/623 566/573/583 445/610/620 559/642/652
f 564/621/631 667/613/623 559/642/652 444/632/642
f 440/624/634 555/623/633 668/643/653 575/639/649
f 575/639/649 668/643/653 567/644/654 446/640/650
f 668/643/653 574/645/655 447/646/656 567/644/654
f 555/623/633 441/625/635 574/645/655 668/643/653
f 446/640/650 567/644/654 669/647/657 579/648/658
f 452/649/659 579/648/658 669/647/657 580/650/660
f 447/646/656 580/650/660 669/647/657 567/644/654
f 443/617/627 558/633/643 670/651/661 573/628/638
f 558/633/643 444/632/642 576/652/662 670/651/661
f 670/651/661 576/652/662 450/653/663 570/654/664
f 573/628/638 670/651/661 570/654/664 449/629/639
f 441/625/635 556/634/644 671/655/665 574/645/655
f 556/634/644 442/620/630 577/627/637 671/655/665
f 671/655/665 577/627/637 448/631/641 568/656/666
f 574/645/655 671/655/665 568/656/666 447/646/656
f 452/649/659 584/657/667 672/658/668 579/648/658
f 579/648/658 672/658/668 572/638/648 446/640/650
f 672/658/668 594/659/669 462/635/645 572/638/648
f 584/657/667 451/660/670 594/659/669 672/658/668
f 444/632/642 559/642/652 673/661/671 576/652/662
f 559/642/652 445/610/620 578/662/672 673/661/671
f 673/661/671 578/662/672 451/660/670 571/663/673
f 576/652/662 673/661/671 571/663/673 450/653/663
f 448/631/641 569/630/640 674/664/674 583/665/675
f 449/629/639 581/666/676 674/664/674 569/630/640
f 452/649/659 583/665/675 674/664/674 581/666/676
f 585/667/677 508/668/678 454/407/414 453/404/411
f 453/404/411 454/407/414 586/392/399 482/402/409
f 449/629/639 570/654/664 675/669/679 581/666/676
f 450/653/663 582/670/680 675/669/679 570/654/664
f 452/649/659 581/666/676 675/669/679 582/670/680
f 447/646/656 568/656/666 676/671/681 580/650/682
f 448/631/641 583/665/675 676/671/681 568/656/666
f 452/649/659 580/650/682 676/671/681 583/665/675
f 450/653/663 571/663/673 677/672/683 582/670/680
f 451/660/670 584/657/667 677/672/683 571/663/673
f 452/649/659 582/670/680 677/672/683 584/657/667
f 427/420/427 508/668/678 585/667/677 397/421/428
f 451/660/670 578/662/672 678/673/684 594/659/669
f 594/659/669 678/673/684 595/636/646 462/635/645
f 678/673/684 593/609/619 461/611/621 595/636/646
f 578/662/672 445/610/620 593/609/619 678/673/684
f 646/568/578 651/571/581 549/574/584 545/569/579
f 552/674/685 563/622/632 679/612/622 680/599/609
f 679/612/622 560/641/651 461/611/621 596/595/605
f 563/622/632 440/624/634 560/641/651 679/612/622
f 658/604/614 662/616/626 563/622/632 552/674/685
f 547/602/612 552/674/685 680/599/609 681/598/608
f 434/583/593 547/602/612 681/598/608 536/675/686
f 536/675/686 681/598/608 598/567/577 460/537/547
f 468/578/588 542/581/591 682/676/687 609/677/688
f 609/677/688 682/676/687 599/530/540 469/529/539
f 682/676/687 536/675/686 460/537/547 599/530/540
f 542/581/591 434/583/593 536/675/686 682/676/687
f 475/539/549 621/678/689 683/679/690 623/680/691
f 623/680/691 683/679/690 600/499/508 476/498/507
f 683/679/690 591/681/692 459/396/403 600/499/508
f 621/678/689 433/506/515 591/681/692 683/679/690
f 511/682/693 512/683/694 458/415/422 457/414/421
f 510/684/695 511/682/693 457/414/421 456/411/418
f 423/433/440 512/683/694 511/682/693 424/430/437
f 509/685/696 510/684/695 456/411/418 455/408/415
f 424/430/437 511/682/693 510/684/695 425/427/434
f 508/668/678 509/685/696 455/408/415 454/407/414
f 425/427/434 510/684/695 509/685/696 426/424/431
f 426/424/431 509/685/696 508/668/678 427/420/427
f 433/506/515 523/505/514 684/686/697 591/681/692
f 591/681/692 684/686/697 601/397/404 459/396/403
f 684/686/697 585/667/677 453/404/411 601/397/404
f 523/505/514 397/421/428 585/667/677 684/686/697
f 477/481/490 503/476/483 407/464/471 393/467/474
f 402/395/402 503/476/483 477/481/490 392/403/410
f 530/540/550 692/687/698 691/688/699 606/545/555
f 685/544/554 697/543/553 617/491/500 607/689/700
f 685/544/554 609/677/688 469/529/539 608/541/551
f 607/689/700 468/578/588 609/677/688 685/544/554
f 686/494/503 539/493/502 465/561/571 610/579/589
f 607/689/700 686/494/503 610/579/589 468/578/588
f 687/525/534 606/545/555 467/534/544 611/575/585
f 603/526/535 687/525/534 611/575/585 464/557/567
f 688/496/505 605/528/538 466/546/556 612/562/572
f 539/493/502 688/496/505 612/562/572 465/561/571
f 689/518/527 603/526/535 464/557/567 613/555/565
f 537/519/528 689/518/527 613/555/565 463/550/560
f 690/520/529 537/519/528 463/550/560 614/547/557
f 605/528/538 690/520/529 614/547/557 466/546/556
f 691/688/699 692/687/698 622/542/552 608/541/551
f 691/688/699 615/532/542 467/534/544 606/545/555
f 608/541/551 469/529/539 615/532/542 691/688/699
f 692/687/698 623/680/691 476/498/507 622/542/552
f 530/540/550 475/539/549 623/680/691 692/687/698
f 432/508/517 517/507/516 693/690/701 619/691/702
f 517/507/516 433/506/515 621/678/689 693/690/701
f 693/690/701 621/678/689 475/539/549 624/538/548
f 619/691/702 693/690/701 624/538/548 473/522/531
f 429/485/494 514/487/496 694/692/703 616/693/704
f 514/487/496 430/457/464 620/694/705 694/692/703
f 694/692/703 620/694/705 474/511/520 625/527/537
f 616/693/704 694/692/703 625/527/537 470/497/536
f 431/455/462 516/510/519 695/695/706 527/696/707
f 516/510/519 432/508/517 619/691/702 695/695/706
f 695/695/706 619/691/702 473/522/531 626/521/530
f 527/696/707 695/695/706 626/521/530 472/515/524
f 430/457/464 515/456/463 696/697/708 620/694/705
f 515/456/463 431/455/462 527/696/707 696/697/708
f 696/697/708 527/696/707 472/515/524 627/512/521
f 620/694/705 696/697/708 627/512/521 474/511/520
f 697/543/553 628/501/510 471/488/497 617/491/500
f 622/542/552 476/498/507 628/501/510 697/543/553
f 428/401/408 513/483/492 698/698/709 526/502/511
f 526/502/511 698/698/709 629/489/498 471/488/497
f 698/698/709 616/693/704 470/497/506 629/489/498
f 513/483/492 429/485/494 616/693/704 698/698/709
f 634/490/499 686/494/503 607/689/700 617/491/500
f 653/601/611 658/604/614 552/674/685 547/602/612
f 403/474/489 507/480/488 710/699/710 700/700/711
f 418/431/438 492/445/452 707/701/712 703/702/713
f 507/480/488 398/413/420 699/703/714 710/699/710
f 398/413/420 590/412/419 712/704/715 699/703/714
f 590/412/419 458/415/422 705/705/716 712/704/715
f 497/463/470 408/462/469 701/706/717 708/707/718
f 458/415/422 512/683/694 711/708/719 705/705/716
f 413/444/451 497/463/470 708/707/718 702/709/720
f 512/683/694 423/433/440 704/710/721 711/708/719
f 487/432/439 418/431/438 703/702/713 706/711/722
f 502/475/482 403/474/481 700/700/723 709/712/724
f 423/433/440 487/432/439 706/711/722 704/710/721
f 408/462/469 502/475/482 709/712/724 701/706/717
f 492/445/452 413/444/451 702/709/720 707/701/712
f 743/713/725 744/714/726 876/715/727 877/716/728
f 725/717/729 726/718/730 894/719/731 895/720/732
f 734/721/733 886/722/734 1028/723/735 846/724/736
f 846/724/736 1028/723/735 836/725/737 716/726/738
f 1028/723/735 847/727/739 718/728/740 836/725/737
f 886/722/734 743/713/725 847/727/739 1028/723/735
f 876/715/727 753/729/741 752/730/742 877/716/728
f 986/731/743 726/718/730 725/717/729 987/732/744
f 752/730/742 868/733/745 1029/734/746 848/735/747
f 848/735/747 1029/734/746 840/736/748 720/737/749
f 1029/734/746 849/738/750 722/739/751 840/736/748
f 868/733/745 761/740/752 849/738/750 1029/734/746
f 761/740/752 859/741/753 1030/742/754 849/738/750
f 849/738/750 1030/742/754 842/743/755 722/739/751
f 1030/742/754 850/744/756 724/745/757 842/743/755
f 859/741/753 770/746/758 850/744/756 1030/742/754
f 979/747/759 733/748/760 732/749/761 980/750/762
f 813/751/763 986/731/743 987/732/744 814/752/764
f 814/752/764 987/732/744 1031/753/765 999/754/766
f 987/732/744 725/717/729 845/755/767 1031/753/765
f 1031/753/765 845/755/767 714/756/768 977/757/769
f 999/754/766 1031/753/765 977/757/769 804/758/770
f 815/759/771 910/760/772 1032/761/773 998/762/774
f 910/760/772 779/763/775 913/764/776 1032/761/773
f 1032/761/773 913/764/776 713/765/777 844/766/778
f 998/762/774 1032/761/773 844/766/778 805/767/779
f 980/750/762 732/749/761 731/768/780 981/769/781
f 806/770/782 979/747/759 980/750/762 807/771/783
f 981/769/781 731/768/780 730/772/784 982/773/785
f 807/771/783 980/750/762 981/769/781 808/774/786
f 982/773/785 730/772/784 729/775/787 983/776/788
f 808/774/786 981/769/781 982/773/785 809/777/789
f 983/776/788 729/775/787 728/778/790 984/779/791
f 809/777/789 982/773/785 983/776/788 810/780/792
f 984/779/791 728/778/790 727/781/793 985/782/794
f 810/780/792 983/776/788 984/779/791 811/783/795
f 985/782/794 727/781/793 726/718/730 986/731/743
f 811/783/795 984/779/791 985/782/794 812/784/796
f 769/785/797 721/786/798 841/787/799 851/788/800
f 812/784/796 985/782/794 986/731/743 813/751/763
f 841/787/799 723/789/801 778/790/802 851/788/800
f 768/791/803 769/785/797 851/788/800 852/792/804
f 851/788/800 778/790/802 777/793/805 852/792/804
f 767/794/806 768/791/803 852/792/804 853/795/807
f 852/792/804 777/793/805 776/796/808 853/795/807
f 766/797/809 767/794/806 853/795/807 854/798/810
f 853/795/807 776/796/808 775/799/811 854/798/810
f 765/800/812 766/797/809 854/798/810 855/801/813
f 854/798/810 775/799/811 774/802/814 855/801/813
f 764/803/815 765/800/812 855/801/813 856/804/816
f 855/801/813 774/802/814 773/805/817 856/804/816
f 763/806/818 764/803/815 856/804/816 857/807/819
f 856/804/816 773/805/817 772/808/820 857/807/819
f 762/809/821 763/806/818 857/807/819 858/810/822
f 857/807/819 772/808/820 771/811/823 858/810/822
f 761/740/752 762/809/821 858/810/822 859/741/753
f 858/810/822 771/811/823 770/746/758 859/741/753
f 760/812/824 719/813/825 839/814/826 860/815/827
f 839/814/826 721/786/798 769/785/797 860/815/827
f 759/816/828 760/812/824 860/815/827 861/817/829
f 860/815/827 769/785/797 768/791/803 861/817/829
f 758/818/830 759/816/828 861/817/829 862/819/831
f 861/817/829 768/791/803 767/794/806 862/819/831
f 757/820/832 758/818/830 862/819/831 863/821/833
f 862/819/831 767/794/806 766/797/809 863/821/833
f 756/822/834 757/820/832 863/821/833 864/823/835
f 863/821/833 766/797/809 765/800/812 864/823/835
f 755/824/836 756/822/834 864/823/835 865/825/837
f 864/823/835 765/800/812 764/803/815 865/825/837
f 754/826/838 755/824/836 865/825/837 866/827/839
f 865/825/837 764/803/815 763/806/818 866/827/839
f 753/729/741 754/826/838 866/827/839 867/828/840
f 866/827/839 763/806/818 762/809/821 867/828/840
f 752/730/742 753/729/741 867/828/840 868/733/745
f 867/828/840 762/809/821 761/740/752 868/733/745
f 750/829/841 751/830/842 869/831/843 870/832/844
f 714/756/845 845/755/846 1033/833/847 834/834/848
f 834/834/848 1033/833/847 846/724/736 716/726/738
f 1033/833/847 895/720/732 734/721/733 846/724/736
f 845/755/846 725/717/729 895/720/732 1033/833/847
f 717/835/849 912/836/850 1034/837/851 837/838/852
f 837/838/852 1034/837/851 911/839/853 719/813/825
f 1034/837/851 907/840/854 782/841/855 911/839/853
f 912/836/850 781/842/856 907/840/854 1034/837/851
f 869/831/843 760/812/824 759/816/828 870/832/844
f 749/843/857 750/829/841 870/832/844 871/844/858
f 870/832/844 759/816/828 758/818/830 871/844/858
f 748/845/859 749/843/857 871/844/858 872/846/860
f 871/844/858 758/818/830 757/820/832 872/846/860
f 747/847/861 748/845/859 872/846/860 873/848/862
f 872/846/860 757/820/832 756/822/834 873/848/862
f 746/849/863 747/847/861 873/848/862 874/850/864
f 873/848/862 756/822/834 755/824/836 874/850/864
f 745/851/865 746/849/863 874/850/864 875/852/866
f 874/850/864 755/824/836 754/826/838 875/852/866
f 744/714/726 745/851/865 875/852/866 876/715/727
f 875/852/866 754/826/838 753/729/741 876/715/727
f 742/853/867 715/854/868 835/855/869 878/856/870
f 835/855/869 717/835/849 751/830/842 878/856/870
f 741/857/871 742/853/867 878/856/870 879/858/872
f 878/856/870 751/830/842 750/829/841 879/858/872
f 740/859/873 741/857/871 879/858/872 880/860/874
f 879/858/872 750/829/841 749/843/857 880/860/874
f 739/861/875 740/859/873 880/860/874 881/862/876
f 880/860/874 749/843/857 748/845/859 881/862/876
f 738/863/877 739/861/875 881/862/876 882/864/878
f 881/862/876 748/845/859 747/847/861 882/864/878
f 737/865/879 738/863/877 882/864/878 883/866/880
f 882/864/878 747/847/861 746/849/863 883/866/880
f 736/867/881 737/865/879 883/866/880 884/868/882
f 883/866/880 746/849/863 745/851/865 884/868/882
f 735/869/883 736/867/881 884/868/882 885/870/884
f 884/868/882 745/851/865 744/714/726 885/870/884
f 734/721/733 735/869/883 885/870/884 886/722/734
f 885/870/884 744/714/726 743/713/725 886/722/734
f 751/830/842 717/835/849 837/838/852 869/831/843
f 837/838/852 719/813/825 760/812/824 869/831/843
f 887/871/885 742/853/867 741/857/871 888/872/886
f 718/728/740 847/727/739 1035/873/887 838/874/888
f 838/874/888 1035/873/887 848/735/747 720/737/749
f 1035/873/887 877/716/728 752/730/742 848/735/747
f 847/727/739 743/713/725 877/716/728 1035/873/887
f 888/872/886 741/857/871 740/859/873 889/875/889
f 732/749/761 733/748/760 887/871/885 888/872/886
f 889/875/889 740/859/873 739/861/890 890/876/891
f 731/768/780 732/749/761 888/872/886 889/875/889
f 890/876/891 739/861/890 738/863/877 891/877/892
f 730/772/784 731/768/780 889/875/889 890/876/891
f 891/877/892 738/863/877 737/865/879 892/878/893
f 729/775/787 730/772/784 890/876/891 891/877/892
f 892/878/893 737/865/879 736/867/881 893/879/894
f 728/778/790 729/775/787 891/877/892 892/878/893
f 893/879/894 736/867/881 735/869/883 894/719/731
f 727/781/793 728/778/790 892/878/893 893/879/894
f 844/766/778 713/765/777 733/748/760 979/747/759
f 726/718/730 727/781/793 893/879/894 894/719/731
f 713/765/777 913/764/776 1036/880/895 833/881/896
f 913/764/776 779/763/775 905/882/897 1036/880/895
f 1036/880/895 905/882/897 780/883/898 914/884/899
f 833/881/896 1036/880/895 914/884/899 715/854/868
f 715/854/868 914/884/899 1037/885/900 835/855/869
f 835/855/869 1037/885/900 912/836/850 717/835/849
f 1037/885/900 906/886/901 781/842/856 912/836/850
f 914/884/899 780/883/898 906/886/901 1037/885/900
f 827/887/902 1015/888/903 1038/889/904 1027/890/905
f 917/891/906 1038/889/904 1091/892/907 931/893/908
f 1044/894/909 917/891/906 931/893/908 1093/895/910
f 1027/890/905 1038/889/904 917/891/906 826/896/911
f 832/897/912 1026/898/913 1039/899/914 997/900/915
f 1026/898/913 827/887/902 918/901/916 1039/899/914
f 1039/899/914 918/901/916 779/763/775 910/760/772
f 997/900/915 1039/899/914 910/760/772 815/759/771
f 721/786/798 916/902/917 1040/903/918 841/787/799
f 841/787/799 1040/903/918 915/904/919 723/789/801
f 1040/903/918 909/905/920 784/906/921 915/904/919
f 916/902/917 783/907/922 909/905/920 1040/903/918
f 719/813/825 911/839/853 1041/908/923 839/814/826
f 839/814/826 1041/908/923 916/902/917 721/786/798
f 1041/908/923 908/909/924 783/907/922 916/902/917
f 911/839/853 782/841/855 908/909/924 1041/908/923
f 830/910/925 921/911/926 1042/912/927 1025/913/928
f 1025/913/928 1042/912/927 1016/914/929 828/915/930
f 1043/916/931 1016/914/929 929/917/932 1094/918/933
f 929/917/932 1016/914/929 1042/912/927 1095/919/934
f 828/915/930 1016/914/929 1043/916/931 1024/920/935
f 1024/920/935 1043/916/931 920/921/936 829/922/937
f 1046/923/938 920/921/936 1001/924/939 1092/925/940
f 920/921/936 1043/916/931 1094/918/933 1001/924/939
f 826/896/941 917/891/906 1044/894/909 1023/926/942
f 1023/926/942 1044/894/909 921/911/926 830/910/925
f 1042/912/927 921/911/926 1003/927/943 1095/919/934
f 921/911/926 1044/894/909 1093/895/910 1003/927/943
f 825/928/944 1013/929/945 1045/930/946 996/931/947
f 1013/929/945 823/932/948 933/933/949 1045/930/946
f 1045/930/946 933/933/949 790/934/950 989/935/951
f 996/931/947 1045/930/946 989/935/951 816/936/952
f 829/922/937 920/921/936 1046/923/938 1022/937/953
f 1022/937/953 1046/923/938 922/938/954 831/939/955
f 1006/940/956 1090/941/957 1102/942/958 1020/943/959
f 922/938/954 1046/923/938 1092/925/940 1004/944/960
f 822/945/961 932/946/962 1047/947/963 1012/948/964
f 1012/948/964 1047/947/963 1000/949/965 819/950/966
f 1047/947/963 925/951/967 788/952/968 1000/949/965
f 932/946/962 787/953/969 925/951/967 1047/947/963
f 819/950/966 1000/949/965 1048/954/970 1011/955/971
f 1011/955/971 1048/954/970 930/956/972 820/957/973
f 1048/954/970 926/958/974 789/959/975 930/956/972
f 1000/949/965 788/952/968 926/958/974 1048/954/970
f 821/960/976 1002/961/977 1049/962/978 1010/963/979
f 1010/963/979 1049/962/978 932/946/962 822/945/961
f 1049/962/978 924/964/980 787/953/969 932/946/962
f 1002/961/977 786/965/981 924/964/980 1049/962/978
f 816/936/952 989/935/951 1050/966/982 995/967/983
f 989/935/951 790/934/950 937/968/984 1050/966/982
f 994/969/985 995/967/983 1050/966/982 1055/970/986
f 1055/970/986 941/971/987 958/972/988 1060/973/989
f 820/957/973 930/956/972 1051/974/990 1009/975/991
f 1009/975/991 1051/974/990 933/933/949 823/932/948
f 1051/974/990 927/976/992 790/934/950 933/933/949
f 930/956/972 789/959/975 927/976/992 1051/974/990
f 824/977/993 934/978/994 1052/979/995 1008/980/996
f 1008/980/996 1052/979/995 1002/961/977 821/960/976
f 1052/979/995 923/981/997 786/965/981 1002/961/977
f 934/978/994 785/982/998 923/981/997 1052/979/995
f 787/953/969 936/983/999 1053/984/1000 925/951/967
f 925/951/967 1053/984/1000 940/985/1001 788/952/968
f 1059/986/1002 940/985/1001 945/987/1003 1064/988/1004
f 940/985/1001 1053/984/1000 1058/989/1005 945/987/1003
f 786/965/981 935/990/1006 1054/991/1007 924/964/980
f 924/964/980 1054/991/1007 936/983/999 787/953/969
f 1053/984/1000 936/983/999 943/992/1008 1058/989/1005
f 936/983/999 1054/991/1007 1065/993/1009 943/992/1008
f 993/994/1010 994/969/985 1055/970/986 1060/973/989
f 789/959/975 938/995/1011 1056/996/1012 927/976/992
f 927/976/992 1056/996/1012 937/968/984 790/934/950
f 1085/997/1013 995/967/983 994/969/985 1084/998/1014
f 937/968/984 1056/996/1012 1061/999/1015 941/971/987
f 785/982/998 939/1000/1016 1057/1001/1017 923/981/997
f 923/981/997 1057/1001/1017 935/990/1006 786/965/981
f 1054/991/1007 935/990/1006 946/1002/1018 1065/993/1009
f 935/990/1006 1057/1001/1017 1062/1003/1019 946/1002/1018
f 1064/988/1004 945/987/1003 953/1004/1020 1068/1005/1021
f 945/987/1003 1058/989/1005 1063/1006/1022 953/1004/1020
f 788/952/968 940/985/1001 1059/986/1002 926/958/974
f 926/958/974 1059/986/1002 938/995/1011 789/959/975
f 1056/996/1012 938/995/1011 942/1007/1023 1061/999/1015
f 938/995/1011 1059/986/1002 1064/988/1004 942/1007/1023
f 1060/973/989 958/972/988 796/1008/1024 990/1009/1025
f 993/994/1010 1060/973/989 990/1009/1025 817/1010/1026
f 1084/998/1014 994/969/985 993/994/1010 1083/1011/1027
f 941/971/987 1061/999/1015 1071/1012/1028 958/972/988
f 1065/993/1009 946/1002/1018 954/1013/1029 1069/1014/1030
f 946/1002/1018 1062/1003/1019 1066/1015/1031 954/1013/1029
f 1063/1006/1022 949/1016/1032 794/1017/1033 953/1004/1020
f 957/1018/1034 793/1019/1035 949/1016/1032 1063/1006/1022
f 1061/999/1015 942/1007/1023 956/1020/1036 1071/1012/1028
f 942/1007/1023 1064/988/1004 1068/1005/1021 956/1020/1036
f 1058/989/1005 943/992/1008 957/1018/1034 1063/1006/1022
f 943/992/1008 1065/993/1009 1069/1014/1030 957/1018/1034
f 955/1021/1037 791/1022/1038 947/1023/1039 1066/1015/1031
f 1066/1015/1031 947/1023/1039 792/1024/1040 954/1013/1029
f 793/1019/1035 969/1025/1041 1067/1026/1042 949/1016/1032
f 949/1016/1032 1067/1026/1042 965/1027/1043 794/1017/1033
f 1067/1026/1042 961/1028/1044 800/1029/1045 965/1027/1043
f 969/1025/1041 799/1030/1046 961/1028/1044 1067/1026/1042
f 1068/1005/1021 950/1031/1047 795/1032/1048 956/1020/1036
f 953/1004/1020 794/1017/1033 950/1031/1047 1068/1005/1021
f 1069/1014/1030 948/1033/1049 793/1019/1035 957/1018/1034
f 954/1013/1029 792/1024/1040 948/1033/1049 1069/1014/1030
f 818/1034/1050 964/1035/1051 1070/1036/1052 992/1037/1053
f 964/1035/1051 797/1038/1054 967/1039/1055 1070/1036/1052
f 1070/1036/1052 967/1039/1055 791/1022/1038 952/1040/1056
f 992/1037/1053 1070/1036/1052 952/1040/1056 817/1010/1026
f 1071/1012/1028 951/1041/1057 796/1008/1024 958/972/988
f 956/1020/1036 795/1032/1048 951/1041/1057 1071/1012/1028
f 791/1022/1038 967/1039/1055 1072/1042/1058 947/1023/1039
f 967/1039/1055 797/1038/1054 959/1043/1059 1072/1042/1058
f 1072/1042/1058 959/1043/1059 798/1044/1060 966/1045/1061
f 947/1023/1039 1072/1042/1058 966/1045/1061 792/1024/1040
f 797/1038/1054 971/1046/1062 1073/1047/1063 959/1043/1059
f 803/1048/1064 972/1049/1065 1073/1047/1063 971/1046/1062
f 798/1044/1060 959/1043/1059 1073/1047/1063 972/1049/1065
f 794/1017/1033 965/1027/1043 1074/1050/1066 950/1031/1047
f 950/1031/1047 1074/1050/1066 968/1051/1067 795/1032/1048
f 1074/1050/1066 962/1052/1068 801/1053/1069 968/1051/1067
f 965/1027/1043 800/1029/1045 962/1052/1068 1074/1050/1066
f 792/1024/1040 966/1045/1061 1075/1054/1070 948/1033/1049
f 948/1033/1049 1075/1054/1070 969/1025/1041 793/1019/1035
f 1075/1054/1070 960/1055/1071 799/1030/1046 969/1025/1041
f 966/1045/1061 798/1044/1060 960/1055/1071 1075/1054/1070
f 803/1048/1064 971/1046/1062 1076/1056/1072 976/1057/1073
f 971/1046/1062 797/1038/1054 964/1035/1051 1076/1056/1072
f 1076/1056/1072 964/1035/1051 818/1034/1050 991/1058/1074
f 976/1057/1073 1076/1056/1072 991/1058/1074 802/1059/1075
f 795/1032/1048 968/1051/1067 1077/1060/1076 951/1041/1057
f 951/1041/1057 1077/1060/1076 970/1061/1077 796/1008/1024
f 1077/1060/1076 963/1062/1078 802/1059/1075 970/1061/1077
f 968/1051/1067 801/1053/1069 963/1062/1078 1077/1060/1076
f 799/1030/1046 975/1063/1079 1078/1064/1080 961/1028/1044
f 800/1029/1045 961/1028/1044 1078/1064/1080 973/1065/1081
f 803/1048/1064 973/1065/1081 1078/1064/1080 975/1063/1079
f 978/1066/1082 805/767/779 806/770/782 896/1067/1083
f 805/767/779 844/766/778 979/747/759 806/770/782
f 800/1029/1045 973/1065/1081 1079/1068/1084 962/1052/1068
f 801/1053/1069 962/1052/1068 1079/1068/1084 974/1069/1085
f 803/1048/1064 974/1069/1085 1079/1068/1084 973/1065/1081
f 798/1044/1060 972/1049/1086 1080/1070/1087 960/1055/1071
f 799/1030/1046 960/1055/1071 1080/1070/1087 975/1063/1079
f 803/1048/1064 975/1063/1079 1080/1070/1087 972/1049/1086
f 801/1053/1069 974/1069/1085 1081/1071/1088 963/1062/1078
f 802/1059/1075 963/1062/1078 1081/1071/1088 976/1057/1073
f 803/1048/1064 976/1057/1073 1081/1071/1088 974/1069/1085
f 902/1072/1089 812/784/796 813/751/763 903/1073/1090
f 778/790/802 723/789/801 978/1066/1082 896/1067/1083
f 802/1059/1075 991/1058/1074 1082/1074/1091 970/1061/1077
f 991/1058/1074 818/1034/1050 992/1037/1053 1082/1074/1091
f 1082/1074/1091 992/1037/1053 817/1010/1026 990/1009/1025
f 970/1061/1077 1082/1074/1091 990/1009/1025 796/1008/1024
f 1050/966/982 937/968/984 941/971/987 1055/970/986
f 944/1075/1092 1084/998/1014 1083/1011/1027 955/1021/1037
f 1083/1011/1027 993/994/1010 817/1010/1026 952/1040/1056
f 955/1021/1037 1083/1011/1027 952/1040/1056 791/1022/1038
f 1062/1003/1019 944/1075/1092 955/1021/1037 1066/1015/1031
f 939/1000/1016 1085/997/1013 1084/998/1014 944/1075/1092
f 785/982/998 928/1076/1093 1085/997/1013 939/1000/1016
f 928/1076/1093 816/936/952 995/967/983 1085/997/1013
f 824/977/993 1007/1077/1094 1086/1078/1095 934/978/994
f 1007/1077/1094 825/928/944 996/931/947 1086/1078/1095
f 1086/1078/1095 996/931/947 816/936/952 928/1076/1093
f 934/978/994 1086/1078/1095 928/1076/1093 785/982/998
f 831/939/955 1021/1079/1096 1087/1080/1097 1019/1081/1098
f 1021/1079/1096 832/897/912 997/900/915 1087/1080/1097
f 1087/1080/1097 997/900/915 815/759/771 988/1082/1099
f 1019/1081/1098 1087/1080/1097 988/1082/1099 784/906/921
f 901/1083/1100 811/783/795 812/784/796 902/1072/1089
f 771/811/823 772/808/1101 902/1072/1089 903/1073/1090
f 900/1084/1102 810/780/792 811/783/795 901/1083/1100
f 772/808/1101 773/805/1103 901/1083/1100 902/1072/1089
f 899/1085/1104 809/777/789 810/780/792 900/1084/1102
f 773/805/1103 774/802/814 900/1084/1102 901/1083/1100
f 898/1086/1105 808/774/786 809/777/789 899/1085/1104
f 774/802/814 775/799/811 899/1085/1104 900/1084/1102
f 897/1087/1106 807/771/783 808/774/786 898/1086/1105
f 775/799/811 776/796/808 898/1086/1105 899/1085/1104
f 896/1067/1083 806/770/782 807/771/783 897/1087/1106
f 776/796/808 777/793/805 897/1087/1106 898/1086/1105
f 903/1073/1090 813/751/763 814/752/764 904/1088/1107
f 777/793/805 778/790/802 896/1067/1083 897/1087/1106
f 784/906/921 988/1082/1099 1088/1089/1108 915/904/919
f 988/1082/1099 815/759/771 998/762/774 1088/1089/1108
f 1088/1089/1108 998/762/774 805/767/779 978/1066/1082
f 915/904/919 1088/1089/1108 978/1066/1082 723/789/801
f 770/746/758 904/1088/1107 1089/1090/1109 850/744/756
f 904/1088/1107 814/752/764 999/754/766 1089/1090/1109
f 1089/1090/1109 999/754/766 804/758/770 843/1091/1110
f 850/744/756 1089/1090/1109 843/1091/1110 724/745/757
f 833/881/896 715/854/868 742/853/867 887/871/885
f 770/746/758 771/811/823 903/1073/1090 904/1088/1107
f 733/748/760 713/765/777 833/881/896 887/871/885
f 922/938/954 1004/944/960 1096/1092/1111 1097/1093/1112
f 1090/941/957 1005/1094/1113 1015/888/903 1102/942/958
f 1090/941/957 1006/940/956 825/928/944 1007/1077/1094
f 1005/1094/1113 1090/941/957 1007/1077/1094 824/977/993
f 1091/892/907 1008/980/996 821/960/976 931/893/908
f 1005/1094/1113 824/977/993 1008/980/996 1091/892/907
f 1092/925/940 1009/975/991 823/932/948 1004/944/960
f 1001/924/939 820/957/973 1009/975/991 1092/925/940
f 1093/895/910 1010/963/979 822/945/961 1003/927/943
f 931/893/908 821/960/976 1010/963/979 1093/895/910
f 1094/918/933 1011/955/971 820/957/973 1001/924/939
f 929/917/932 819/950/966 1011/955/971 1094/918/933
f 1095/919/934 1012/948/964 819/950/966 929/917/932
f 1003/927/943 822/945/961 1012/948/964 1095/919/934
f 1096/1092/1111 1006/940/956 1020/943/959 1097/1093/1112
f 1096/1092/1111 1004/944/960 823/932/948 1013/929/945
f 1006/940/956 1096/1092/1111 1013/929/945 825/928/944
f 1097/1093/1112 1020/943/959 832/897/912 1021/1079/1096
f 922/938/954 1097/1093/1112 1021/1079/1096 831/939/955
f 783/907/922 1017/1095/1114 1098/1096/1115 909/905/920
f 909/905/920 1098/1096/1115 1019/1081/1098 784/906/921
f 1098/1096/1115 1022/937/953 831/939/955 1019/1081/1098
f 1017/1095/1114 829/922/937 1022/937/953 1098/1096/1115
f 780/883/898 1014/1097/1116 1099/1098/1117 906/886/901
f 906/886/901 1099/1098/1117 1018/1099/1118 781/842/856
f 1099/1098/1117 1023/926/942 830/910/925 1018/1099/1118
f 1014/1097/1116 826/896/941 1023/926/942 1099/1098/1117
f 782/841/855 919/1100/1119 1100/1101/1120 908/909/924
f 908/909/924 1100/1101/1120 1017/1095/1114 783/907/922
f 1100/1101/1120 1024/920/935 829/922/937 1017/1095/1114
f 919/1100/1119 828/915/930 1024/920/935 1100/1101/1120
f 781/842/856 1018/1099/1118 1101/1102/1121 907/840/854
f 907/840/854 1101/1102/1121 919/1100/1119 782/841/855
f 1101/1102/1121 1025/913/928 828/915/930 919/1100/1119
f 1018/1099/1118 830/910/925 1025/913/928 1101/1102/1121
f 1102/942/958 1015/888/903 827/887/902 1026/898/913
f 1020/943/959 1102/942/958 1026/898/913 832/897/912
f 779/763/775 918/901/916 1103/1103/1122 905/882/897
f 918/901/916 827/887/902 1027/890/905 1103/1103/1122
f 1103/1103/1122 1027/890/905 826/896/911 1014/1097/1116
f 905/882/897 1103/1103/1122 1014/1097/1116 780/883/898
f 1038/889/904 1015/888/903 1005/1094/1113 1091/892/907
f 1057/1001/1017 939/1000/1016 944/1075/1092 1062/1003/1019
f 894/719/731 735/869/883 734/721/733 895/720/732
f 1298/1104/1123 1114/1105/1124 1113/1106/1125 1299/1107/1126
f 1171/1108/1127 1230/1109/1128 1342/1110/1129 1313/1111/1130
f 1230/1109/1128 1140/1112/1131 1233/1113/1132 1342/1110/1129
f 1342/1110/1129 1233/1113/1132 1104/1114/1133 1194/1115/1134
f 1313/1111/1130 1342/1110/1129 1194/1115/1134 1165/1116/1135
f 1299/1107/1126 1113/1106/1125 1112/1117/1136 1300/1118/1137
f 1166/1119/1138 1298/1104/1123 1299/1107/1126 1167/1120/1139
f 1300/1118/1137 1112/1117/1136 1111/1121/1140 1301/1122/1141
f 1167/1120/1139 1299/1107/1126 1300/1118/1137 1168/1123/1142
f 1301/1122/1141 1111/1121/1140 1110/1124/1143 1302/1125/1144
f 1168/1123/1142 1300/1118/1137 1301/1122/1141 1169/1126/1145
f 1169/1126/1145 1301/1122/1141 1302/1125/1144 1170/1127/1146
f 1134/1128/1147 1108/1129/1148 1193/1130/1149 1195/1131/1150
f 1193/1130/1149 1109/1132/1151 1139/1133/1152 1195/1131/1150
f 1133/1134/1153 1134/1128/1147 1195/1131/1150 1196/1135/1154
f 1195/1131/1150 1139/1133/1152 1138/1136/1155 1196/1135/1154
f 1132/1137/1156 1133/1134/1153 1196/1135/1154 1197/1138/1157
f 1196/1135/1154 1138/1136/1155 1137/1139/1158 1197/1138/1157
f 1131/1140/1159 1132/1137/1156 1197/1138/1157 1198/1141/1160
f 1197/1138/1157 1137/1139/1158 1136/1142/1161 1198/1141/1160
f 1130/1143/1162 1131/1140/1159 1198/1141/1160 1199/1144/1163
f 1198/1141/1160 1136/1142/1161 1135/1145/1164 1199/1144/1163
f 1129/1146/1165 1107/1147/1166 1192/1148/1167 1200/1149/1168
f 1192/1148/1167 1108/1129/1148 1134/1128/1147 1200/1149/1168
f 1128/1150/1169 1129/1146/1165 1200/1149/1168 1201/1151/1170
f 1200/1149/1168 1134/1128/1147 1133/1134/1153 1201/1151/1170
f 1127/1152/1171 1128/1150/1169 1201/1151/1170 1202/1153/1172
f 1201/1151/1170 1133/1134/1153 1132/1137/1156 1202/1153/1172
f 1126/1154/1173 1127/1152/1171 1202/1153/1172 1203/1155/1174
f 1202/1153/1172 1132/1137/1156 1131/1140/1159 1203/1155/1174
f 1125/1156/1175 1126/1154/1173 1203/1155/1174 1204/1157/1176
f 1203/1155/1174 1131/1140/1159 1130/1143/1162 1204/1157/1176
f 1123/1158/1177 1124/1159/1178 1205/1160/1179 1206/1161/1180
f 1106/1162/1181 1232/1163/1182 1343/1164/1183 1191/1165/1184
f 1191/1165/1184 1343/1164/1183 1231/1166/1185 1107/1147/1166
f 1343/1164/1183 1227/1167/1186 1143/1168/1187 1231/1166/1185
f 1232/1163/1182 1142/1169/1188 1227/1167/1186 1343/1164/1183
f 1205/1160/1179 1129/1146/1165 1128/1150/1169 1206/1161/1180
f 1122/1170/1189 1123/1158/1177 1206/1161/1180 1207/1171/1190
f 1206/1161/1180 1128/1150/1169 1127/1152/1171 1207/1171/1190
f 1121/1172/1191 1122/1170/1189 1207/1171/1190 1208/1173/1192
f 1207/1171/1190 1127/1152/1171 1126/1154/1173 1208/1173/1192
f 1120/1174/1193 1121/1172/1191 1208/1173/1192 1209/1175/1194
f 1208/1173/1192 1126/1154/1173 1125/1156/1175 1209/1175/1194
f 1119/1176/1195 1105/1177/1196 1190/1178/1197 1210/1179/1198
f 1190/1178/1197 1106/1162/1181 1124/1159/1178 1210/1179/1198
f 1118/1180/1199 1119/1176/1195 1210/1179/1198 1211/1181/1200
f 1210/1179/1198 1124/1159/1178 1123/1158/1177 1211/1181/1200
f 1117/1182/1201 1118/1180/1199 1211/1181/1200 1212/1183/1202
f 1211/1181/1200 1123/1158/1177 1122/1170/1189 1212/1183/1202
f 1116/1184/1203 1117/1182/1201 1212/1183/1202 1213/1185/1204
f 1212/1183/1202 1122/1170/1189 1121/1172/1191 1213/1185/1204
f 1115/1186/1205 1116/1184/1203 1213/1185/1204 1214/1187/1206
f 1213/1185/1204 1121/1172/1191 1120/1174/1193 1214/1187/1206
f 1124/1159/1178 1106/1162/1181 1191/1165/1184 1205/1160/1179
f 1191/1165/1184 1107/1147/1166 1129/1146/1165 1205/1160/1179
f 1215/1188/1207 1119/1176/1195 1118/1180/1199 1216/1189/1208
f 1216/1189/1208 1118/1180/1199 1117/1182/1201 1217/1190/1209
f 1113/1106/1125 1114/1105/1124 1215/1188/1207 1216/1189/1208
f 1217/1190/1209 1117/1182/1201 1116/1184/1210 1218/1191/1211
f 1112/1117/1136 1113/1106/1125 1216/1189/1208 1217/1190/1209
f 1218/1191/1211 1116/1184/1210 1115/1186/1212 1219/1192/1213
f 1111/1121/1140 1112/1117/1136 1217/1190/1209 1218/1191/1211
f 1110/1124/1143 1111/1121/1140 1218/1191/1211 1219/1192/1213
f 1194/1115/1134 1104/1114/1133 1114/1105/1124 1298/1104/1123
f 1104/1114/1133 1233/1113/1132 1344/1193/1214 1189/1194/1215
f 1233/1113/1132 1140/1112/1131 1225/1195/1216 1344/1193/1214
f 1344/1193/1214 1225/1195/1216 1141/1196/1217 1234/1197/1218
f 1189/1194/1215 1344/1193/1214 1234/1197/1218 1105/1177/1196
f 1105/1177/1196 1234/1197/1218 1345/1198/1219 1190/1178/1197
f 1190/1178/1197 1345/1198/1219 1232/1163/1182 1106/1162/1181
f 1345/1198/1219 1226/1199/1220 1142/1169/1188 1232/1163/1182
f 1234/1197/1218 1141/1196/1217 1226/1199/1220 1345/1198/1219
f 1183/1200/1221 1329/1201/1222 1346/1202/1223 1341/1203/1224
f 1237/1204/1225 1346/1202/1223 1398/1205/1226 1251/1206/1227
f 1352/1207/1228 1237/1204/1225 1251/1206/1227 1400/1208/1229
f 1341/1203/1224 1346/1202/1223 1237/1204/1225 1182/1209/1230
f 1188/1210/1231 1340/1211/1232 1347/1212/1233 1312/1213/1234
f 1340/1211/1232 1183/1200/1221 1238/1214/1235 1347/1212/1233
f 1347/1212/1233 1238/1214/1235 1140/1112/1131 1230/1109/1128
f 1312/1213/1234 1347/1212/1233 1230/1109/1128 1171/1108/1127
f 1108/1129/1148 1236/1215/1236 1348/1216/1237 1193/1130/1149
f 1193/1130/1149 1348/1216/1237 1235/1217/1238 1109/1132/1151
f 1348/1216/1237 1229/1218/1239 1145/1219/1240 1235/1217/1238
f 1236/1215/1236 1144/1220/1241 1229/1218/1239 1348/1216/1237
f 1107/1147/1166 1231/1166/1185 1349/1221/1242 1192/1148/1167
f 1192/1148/1167 1349/1221/1242 1236/1215/1236 1108/1129/1148
f 1349/1221/1242 1228/1222/1243 1144/1220/1241 1236/1215/1236
f 1231/1166/1185 1143/1168/1187 1228/1222/1243 1349/1221/1242
f 1186/1223/1244 1241/1224/1245 1350/1225/1246 1339/1226/1247
f 1339/1226/1247 1350/1225/1246 1330/1227/1248 1184/1228/1249
f 1351/1229/1250 1330/1227/1248 1249/1230/1251 1401/1231/1252
f 1249/1230/1251 1330/1227/1248 1350/1225/1246 1402/1232/1253
f 1184/1228/1249 1330/1227/1248 1351/1229/1250 1338/1233/1254
f 1338/1233/1254 1351/1229/1250 1240/1234/1255 1185/1235/1256
f 1354/1236/1257 1240/1234/1255 1315/1237/1258 1399/1238/1259
f 1240/1234/1255 1351/1229/1250 1401/1231/1252 1315/1237/1258
f 1182/1209/1260 1237/1204/1225 1352/1207/1228 1337/1239/1261
f 1337/1239/1261 1352/1207/1228 1241/1224/1245 1186/1223/1244
f 1350/1225/1246 1241/1224/1245 1317/1240/1262 1402/1232/1253
f 1241/1224/1245 1352/1207/1228 1400/1208/1229 1317/1240/1262
f 1181/1241/1263 1327/1242/1264 1353/1243/1265 1311/1244/1266
f 1327/1242/1264 1179/1245/1267 1253/1246/1268 1353/1243/1265
f 1353/1243/1265 1253/1246/1268 1151/1247/1269 1304/1248/1270
f 1311/1244/1266 1353/1243/1265 1304/1248/1270 1172/1249/1271
f 1185/1235/1256 1240/1234/1255 1354/1236/1257 1336/1250/1272
f 1336/1250/1272 1354/1236/1257 1242/1251/1273 1187/1252/1274
f 1320/1253/1275 1397/1254/1276 1409/1255/1277 1334/1256/1278
f 1242/1251/1273 1354/1236/1257 1399/1238/1259 1318/1257/1279
f 1178/1258/1280 1252/1259/1281 1355/1260/1282 1326/1261/1283
f 1326/1261/1283 1355/1260/1282 1314/1262/1284 1175/1263/1285
f 1355/1260/1282 1245/1264/1286 1149/1265/1287 1314/1262/1284
f 1252/1259/1281 1148/1266/1288 1245/1264/1286 1355/1260/1282
f 1175/1263/1285 1314/1262/1284 1356/1267/1289 1325/1268/1290
f 1325/1268/1290 1356/1267/1289 1250/1269/1291 1176/1270/1292
f 1356/1267/1289 1246/1271/1293 1150/1272/1294 1250/1269/1291
f 1314/1262/1284 1149/1265/1287 1246/1271/1293 1356/1267/1289
f 1177/1273/1295 1316/1274/1296 1357/1275/1297 1324/1276/1298
f 1324/1276/1298 1357/1275/1297 1252/1259/1281 1178/1258/1280
f 1357/1275/1297 1244/1277/1299 1148/1266/1288 1252/1259/1281
f 1316/1274/1296 1147/1278/1300 1244/1277/1299 1357/1275/1297
f 1172/1249/1271 1304/1248/1270 1358/1279/1301 1310/1280/1302
f 1304/1248/1270 1151/1247/1269 1257/1281/1303 1358/1279/1301
f 1309/1282/1304 1310/1280/1302 1358/1279/1301 1363/1283/1305
f 1363/1283/1305 1261/1284/1306 1278/1285/1307 1368/1286/1308
f 1176/1270/1292 1250/1269/1291 1359/1287/1309 1323/1288/1310
f 1323/1288/1310 1359/1287/1309 1253/1246/1268 1179/1245/1267
f 1359/1287/1309 1247/1289/1311 1151/1247/1269 1253/1246/1268
f 1250/1269/1291 1150/1272/1294 1247/1289/1311 1359/1287/1309
f 1180/1290/1312 1254/1291/1313 1360/1292/1314 1322/1293/1315
f 1322/1293/1315 1360/1292/1314 1316/1274/1296 1177/1273/1295
f 1360/1292/1314 1243/1294/1316 1147/1278/1300 1316/1274/1296
f 1254/1291/1313 1146/1295/1317 1243/1294/1316 1360/1292/1314
f 1148/1266/1288 1256/1296/1318 1361/1297/1319 1245/1264/1286
f 1245/1264/1286 1361/1297/1319 1260/1298/1320 1149/1265/1287
f 1367/1299/1321 1260/1298/1320 1265/1300/1322 1372/1301/1323
f 1260/1298/1320 1361/1297/1319 1366/1302/1324 1265/1300/1322
f 1147/1278/1300 1255/1303/1325 1362/1304/1326 1244/1277/1299
f 1244/1277/1299 1362/1304/1326 1256/1296/1318 1148/1266/1288
f 1361/1297/1319 1256/1296/1318 1263/1305/1327 1366/1302/1324
f 1256/1296/1318 1362/1304/1326 1373/1306/1328 1263/1305/1327
f 1308/1307/1329 1309/1282/1304 1363/1283/1305 1368/1286/1308
f 1150/1272/1294 1258/1308/1330 1364/1309/1331 1247/1289/1311
f 1247/1289/1311 1364/1309/1331 1257/1281/1303 1151/1247/1269
f 1393/1310/1332 1310/1280/1302 1309/1282/1304 1392/1311/1333
f 1257/1281/1303 1364/1309/1331 1369/1312/1334 1261/1284/1306
f 1146/1295/1317 1259/1313/1335 1365/1314/1336 1243/1294/1316
f 1243/1294/1316 1365/1314/1336 1255/1303/1325 1147/1278/1300
f 1362/1304/1326 1255/1303/1325 1266/1315/1337 1373/1306/1328
f 1255/1303/1325 1365/1314/1336 1370/1316/1338 1266/1315/1337
f 1372/1301/1323 1265/1300/1322 1273/1317/1339 1376/1318/1340
f 1265/1300/1322 1366/1302/1324 1371/1319/1341 1273/1317/1339
f 1149/1265/1287 1260/1298/1320 1367/1299/1321 1246/1271/1293
f 1246/1271/1293 1367/1299/1321 1258/1308/1330 1150/1272/1294
f 1364/1309/1331 1258/1308/1330 1262/1320/1342 1369/1312/1334
f 1258/1308/1330 1367/1299/1321 1372/1301/1323 1262/1320/1342
f 1368/1286/1308 1278/1285/1307 1157/1321/1343 1305/1322/1344
f 1308/1307/1329 1368/1286/1308 1305/1322/1344 1173/1323/1345
f 1392/1311/1333 1309/1282/1304 1308/1307/1329 1391/1324/1346
f 1261/1284/1306 1369/1312/1334 1379/1325/1347 1278/1285/1307
f 1373/1306/1328 1266/1315/1337 1274/1326/1348 1377/1327/1349
f 1266/1315/1337 1370/1316/1338 1374/1328/1350 1274/1326/1348
f 1371/1319/1341 1269/1329/1351 1155/1330/1352 1273/1317/1339
f 1277/1331/1353 1154/1332/1354 1269/1329/1351 1371/1319/1341
f 1369/1312/1334 1262/1320/1342 1276/1333/1355 1379/1325/1347
f 1262/1320/1342 1372/1301/1323 1376/1318/1340 1276/1333/1355
f 1366/1302/1324 1263/1305/1327 1277/1331/1353 1371/1319/1341
f 1263/1305/1327 1373/1306/1328 1377/1327/1349 1277/1331/1353
f 1275/1334/1356 1152/1335/1357 1267/1336/1358 1374/1328/1350
f 1374/1328/1350 1267/1336/1358 1153/1337/1359 1274/1326/1348
f 1154/1332/1354 1289/1338/1360 1375/1339/1361 1269/1329/1351
f 1269/1329/1351 1375/1339/1361 1285/1340/1362 1155/1330/1352
f 1375/1339/1361 1281/1341/1363 1161/1342/1364 1285/1340/1362
f 1289/1338/1360 1160/1343/1365 1281/1341/1363 1375/1339/1361
f 1376/1318/1340 1270/1344/1366 1156/1345/1367 1276/1333/1355
f 1273/1317/1339 1155/1330/1352 1270/1344/1366 1376/1318/1340
f 1377/1327/1349 1268/1346/1368 1154/1332/1354 1277/1331/1353
f 1274/1326/1348 1153/1337/1359 1268/1346/1368 1377/1327/1349
f 1174/1347/1369 1284/1348/1370 1378/1349/1371 1307/1350/1372
f 1284/1348/1370 1158/1351/1373 1287/1352/1374 1378/1349/1371
f 1378/1349/1371 1287/1352/1374 1152/1335/1357 1272/1353/1375
f 1307/1350/1372 1378/1349/1371 1272/1353/1375 1173/1323/1345
f 1379/1325/1347 1271/1354/1376 1157/1321/1343 1278/1285/1307
f 1276/1333/1355 1156/1345/1367 1271/1354/1376 1379/1325/1347
f 1152/1335/1357 1287/1352/1374 1380/1355/1377 1267/1336/1358
f 1287/1352/1374 1158/1351/1373 1279/1356/1378 1380/1355/1377
f 1380/1355/1377 1279/1356/1378 1159/1357/1379 1286/1358/1380
f 1267/1336/1358 1380/1355/1377 1286/1358/1380 1153/1337/1359
f 1158/1351/1373 1291/1359/1381 1381/1360/1382 1279/1356/1378
f 1164/1361/1383 1292/1362/1384 1381/1360/1382 1291/1359/1381
f 1159/1357/1379 1279/1356/1378 1381/1360/1382 1292/1362/1384
f 1155/1330/1352 1285/1340/1362 1382/1363/1385 1270/1344/1366
f 1270/1344/1366 1382/1363/1385 1288/1364/1386 1156/1345/1367
f 1382/1363/1385 1282/1365/1387 1162/1366/1388 1288/1364/1386
f 1285/1340/1362 1161/1342/1364 1282/1365/1387 1382/1363/1385
f 1153/1337/1359 1286/1358/1380 1383/1367/1389 1268/1346/1368
f 1268/1346/1368 1383/1367/1389 1289/1338/1360 1154/1332/1354
f 1383/1367/1389 1280/1368/1390 1160/1343/1365 1289/1338/1360
f 1286/1358/1380 1159/1357/1379 1280/1368/1390 1383/1367/1389
f 1164/1361/1383 1291/1359/1381 1384/1369/1391 1296/1370/1392
f 1291/1359/1381 1158/1351/1373 1284/1348/1370 1384/1369/1391
f 1384/1369/1391 1284/1348/1370 1174/1347/1369 1306/1371/1393
f 1296/1370/1392 1384/1369/1391 1306/1371/1393 1163/1372/1394
f 1156/1345/1367 1288/1364/1386 1385/1373/1395 1271/1354/1376
f 1271/1354/1376 1385/1373/1395 1290/1374/1396 1157/1321/1343
f 1385/1373/1395 1283/1375/1397 1163/1372/1394 1290/1374/1396
f 1288/1364/1386 1162/1366/1388 1283/1375/1397 1385/1373/1395
f 1160/1343/1365 1295/1376/1398 1386/1377/1399 1281/1341/1363
f 1161/1342/1364 1281/1341/1363 1386/1377/1399 1293/1378/1400
f 1164/1361/1383 1293/1378/1400 1386/1377/1399 1295/1376/1398
f 1297/1379/1401 1165/1116/1135 1166/1119/1138 1220/1380/1402
f 1165/1116/1135 1194/1115/1134 1298/1104/1123 1166/1119/1138
f 1161/1342/1364 1293/1378/1400 1387/1381/1403 1282/1365/1387
f 1162/1366/1388 1282/1365/1387 1387/1381/1403 1294/1382/1404
f 1164/1361/1383 1294/1382/1404 1387/1381/1403 1293/1378/1400
f 1159/1357/1379 1292/1362/1405 1388/1383/1406 1280/1368/1390
f 1160/1343/1365 1280/1368/1390 1388/1383/1406 1295/1376/1398
f 1164/1361/1383 1295/1376/1398 1388/1383/1406 1292/1362/1405
f 1162/1366/1388 1294/1382/1404 1389/1384/1407 1283/1375/1397
f 1163/1372/1394 1283/1375/1397 1389/1384/1407 1296/1370/1392
f 1164/1361/1383 1296/1370/1392 1389/1384/1407 1294/1382/1404
f 1139/1133/1152 1109/1132/1151 1297/1379/1401 1220/1380/1402
f 1163/1372/1394 1306/1371/1393 1390/1385/1408 1290/1374/1396
f 1306/1371/1393 1174/1347/1369 1307/1350/1372 1390/1385/1408
f 1390/1385/1408 1307/1350/1372 1173/1323/1345 1305/1322/1344
f 1290/1374/1396 1390/1385/1408 1305/1322/1344 1157/1321/1343
f 1358/1279/1301 1257/1281/1303 1261/1284/1306 1363/1283/1305
f 1264/1386/1409 1392/1311/1333 1391/1324/1346 1275/1334/1356
f 1391/1324/1346 1308/1307/1329 1173/1323/1345 1272/1353/1375
f 1275/1334/1356 1391/1324/1346 1272/1353/1375 1152/1335/1357
f 1370/1316/1338 1264/1386/1409 1275/1334/1356 1374/1328/1350
f 1259/1313/1335 1393/1310/1332 1392/1311/1333 1264/1386/1409
f 1146/1295/1317 1248/1387/1410 1393/1310/1332 1259/1313/1335
f 1248/1387/1410 1172/1249/1271 1310/1280/1302 1393/1310/1332
f 1180/1290/1312 1321/1388/1411 1394/1389/1412 1254/1291/1313
f 1321/1388/1411 1181/1241/1263 1311/1244/1266 1394/1389/1412
f 1394/1389/1412 1311/1244/1266 1172/1249/1271 1248/1387/1410
f 1254/1291/1313 1394/1389/1412 1248/1387/1410 1146/1295/1317
f 1187/1252/1274 1335/1390/1413 1395/1391/1414 1333/1392/1415
f 1335/1390/1413 1188/1210/1231 1312/1213/1234 1395/1391/1414
f 1395/1391/1414 1312/1213/1234 1171/1108/1127 1303/1393/1416
f 1333/1392/1415 1395/1391/1414 1303/1393/1416 1145/1219/1240
f 1223/1394/1417 1169/1126/1145 1170/1127/1146 1224/1395/1418
f 1222/1396/1419 1168/1123/1142 1169/1126/1145 1223/1394/1417
f 1135/1145/1164 1136/1142/1161 1223/1394/1417 1224/1395/1418
f 1221/1397/1420 1167/1120/1139 1168/1123/1142 1222/1396/1419
f 1136/1142/1161 1137/1139/1158 1222/1396/1419 1223/1394/1417
f 1220/1380/1402 1166/1119/1138 1167/1120/1139 1221/1397/1420
f 1137/1139/1158 1138/1136/1155 1221/1397/1420 1222/1396/1419
f 1138/1136/1155 1139/1133/1152 1220/1380/1402 1221/1397/1420
f 1145/1219/1240 1303/1393/1416 1396/1398/1421 1235/1217/1238
f 1303/1393/1416 1171/1108/1127 1313/1111/1130 1396/1398/1421
f 1396/1398/1421 1313/1111/1130 1165/1116/1135 1297/1379/1401
f 1235/1217/1238 1396/1398/1421 1297/1379/1401 1109/1132/1151
f 1189/1194/1215 1105/1177/1196 1119/1176/1195 1215/1188/1207
f 1114/1105/1124 1104/1114/1133 1189/1194/1215 1215/1188/1207
f 1242/1251/1273 1318/1257/1279 1403/1399/1422 1404/1400/1423
f 1397/1254/1276 1319/1401/1424 1329/1201/1222 1409/1255/1277
f 1397/1254/1276 1320/1253/1275 1181/1241/1263 1321/1388/1411
f 1319/1401/1424 1397/1254/1276 1321/1388/1411 1180/1290/1312
f 1398/1205/1226 1322/1293/1315 1177/1273/1295 1251/1206/1227
f 1319/1401/1424 1180/1290/1312 1322/1293/1315 1398/1205/1226
f 1399/1238/1259 1323/1288/1310 1179/1245/1267 1318/1257/1279
f 1315/1237/1258 1176/1270/1292 1323/1288/1310 1399/1238/1259
f 1400/1208/1229 1324/1276/1298 1178/1258/1280 1317/1240/1262
f 1251/1206/1227 1177/1273/1295 1324/1276/1298 1400/1208/1229
f 1401/1231/1252 1325/1268/1290 1176/1270/1292 1315/1237/1258
f 1249/1230/1251 1175/1263/1285 1325/1268/1290 1401/1231/1252
f 1402/1232/1253 1326/1261/1283 1175/1263/1285 1249/1230/1251
f 1317/1240/1262 1178/1258/1280 1326/1261/1283 1402/1232/1253
f 1403/1399/1422 1320/1253/1275 1334/1256/1278 1404/1400/1423
f 1403/1399/1422 1318/1257/1279 1179/1245/1267 1327/1242/1264
f 1320/1253/1275 1403/1399/1422 1327/1242/1264 1181/1241/1263
f 1404/1400/1423 1334/1256/1278 1188/1210/1231 1335/1390/1413
f 1242/1251/1273 1404/1400/1423 1335/1390/1413 1187/1252/1274
f 1144/1220/1241 1331/1402/1425 1405/1403/1426 1229/1218/1239
f 1229/1218/1239 1405/1403/1426 1333/1392/1415 1145/1219/1240
f 1405/1403/1426 1336/1250/1272 1187/1252/1274 1333/1392/1415
f 1331/1402/1425 1185/1235/1256 1336/1250/1272 1405/1403/1426
f 1141/1196/1217 1328/1404/1427 1406/1405/1428 1226/1199/1220
f 1226/1199/1220 1406/1405/1428 1332/1406/1429 1142/1169/1188
f 1406/1405/1428 1337/1239/1261 1186/1223/1244 1332/1406/1429
f 1328/1404/1427 1182/1209/1260 1337/1239/1261 1406/1405/1428
f 1143/1168/1187 1239/1407/1430 1407/1408/1431 1228/1222/1243
f 1228/1222/1243 1407/1408/1431 1331/1402/1425 1144/1220/1241
f 1407/1408/1431 1338/1233/1254 1185/1235/1256 1331/1402/1425
f 1239/1407/1430 1184/1228/1249 1338/1233/1254 1407/1408/1431
f 1142/1169/1188 1332/1406/1429 1408/1409/1432 1227/1167/1186
f 1227/1167/1186 1408/1409/1432 1239/1407/1430 1143/1168/1187
f 1408/1409/1432 1339/1226/1247 1184/1228/1249 1239/1407/1430
f 1332/1406/1429 1186/1223/1244 1339/1226/1247 1408/1409/1432
f 1409/1255/1277 1329/1201/1222 1183/1200/1221 1340/1211/1232
f 1334/1256/1278 1409/1255/1277 1340/1211/1232 1188/1210/1231
f 1140/1112/1131 1238/1214/1235 1410/1410/1433 1225/1195/1216
f 1238/1214/1235 1183/1200/1221 1341/1203/1224 1410/1410/1433
f 1410/1410/1433 1341/1203/1224 1182/1209/1230 1328/1404/1427
f 1225/1195/1216 1410/1410/1433 1328/1404/1427 1141/1196/1217
f 1346/1202/1223 1329/1201/1222 1319/1401/1424 1398/1205/1226
f 1365/1314/1336 1259/1313/1335 1264/1386/1409 1370/1316/1338
f 1115/1186/1212 1412/1411/1434 1422/1412/1435 1219/1192/1213
f 1130/1143/1162 1415/1413/1436 1419/1414/1437 1204/1157/1176
f 1219/1192/1213 1422/1412/1435 1411/1415/1438 1110/1124/1143
f 1110/1124/1143 1411/1415/1438 1424/1416/1439 1302/1125/1144
f 1302/1125/1144 1424/1416/1439 1417/1417/1440 1170/1127/1146
f 1209/1175/1194 1420/1418/1441 1413/1419/1442 1120/1174/1193
f 1170/1127/1146 1417/1417/1440 1423/1420/1443 1224/1395/1418
f 1125/1156/1175 1414/1421/1444 1420/1418/1441 1209/1175/1194
f 1224/1395/1418 1423/1420/1443 1416/1422/1445 1135/1145/1164
f 1199/1144/1163 1418/1423/1446 1415/1413/1436 1130/1143/1162
f 1214/1187/1206 1421/1424/1447 1412/1411/1448 1115/1186/1205
f 1135/1145/1164 1416/1422/1445 1418/1423/1446 1199/1144/1163
f 1120/1174/1193 1413/1419/1442 1421/1424/1447 1214/1187/1206
f 1204/1157/1176 1419/1414/1437 1414/1421/1444 1125/1156/1175
o Alien_Paciforix_Body
v 0.286476 -0.750785 -0.156188
v 0.320949 -0.824546 -0.164978
v 0.388315 -0.787885 -0.168450
v 0.389747 -0.714616 -0.170736
v 0.457508 -0.728372 -0.235479
v 0.422818 -0.822592 -0.209864
v 0.438718 -0.857310 -0.266826
v 0.483179 -0.796907 -0.309139
v 0.400473 -0.884821 -0.379738
v 0.387294 -0.902142 -0.286778
v 0.356149 -0.877400 -0.209985
v 0.261212 -0.670931 -0.189429
v 0.357632 -0.626837 -0.202211
v 0.457705 -0.607436 -0.248698
v 0.498803 -0.718972 -0.364514
v 0.394007 -0.829741 -0.458112
v 0.364828 -0.714649 -0.557728
v 0.479286 -0.599858 -0.509055
v 0.362592 -0.689461 -0.596719
v 0.440854 -0.559540 -0.557676
v 0.480655 -0.423036 -0.542030
v 0.535452 -0.458997 -0.476594
v 0.385878 -0.790222 -0.499680
v 0.502202 -0.673248 -0.417469
v 0.531399 -0.548791 -0.322744
v 0.240052 -0.621168 -0.180144
v 0.316588 -0.548147 -0.202786
v 0.388761 -0.449482 -0.219506
v 0.536966 -0.421695 -0.253767
v 0.402291 -0.258200 -0.206013
v 0.548951 -0.230703 -0.172824
v 0.392404 -0.138998 -0.204195
v 0.518881 -0.114116 -0.154917
v 0.387853 0.000177 -0.212250
v 0.511185 0.013766 -0.188295
v 0.457085 0.168395 -0.248273
v 0.527823 0.116652 -0.261670
v 0.626139 -0.254020 -0.475703
v 0.529220 -0.235172 -0.570170
v 0.560731 -0.114283 -0.579264
v 0.649911 -0.123792 -0.494550
v 0.628656 0.024891 -0.494262
v 0.546767 0.012588 -0.569650
v 0.266993 -0.185390 -0.201780
v 0.247091 -0.092953 -0.180370
v 0.169261 -0.152922 -0.128280
v 0.181154 -0.232175 -0.164255
v 0.098646 -0.276557 -0.125248
v 0.080460 -0.212033 -0.095344
v 0.118742 -0.349943 -0.098989
v 0.213443 -0.306301 -0.123475
v 0.287191 -0.271990 -0.159108
v 0.323855 -0.428890 -0.156619
v 0.286845 -0.479444 -0.124711
v 0.199310 -0.544847 -0.105201
v 0.157849 -0.455743 -0.074009
v 0.255043 -0.397149 -0.096850
v 0.403746 -0.352121 -0.211802
v 0.552608 -0.331634 -0.212756
v 0.313147 -0.359570 -0.143058
v 0.058142 -0.122458 -0.014785
v 0.171685 -0.046348 -0.037762
v 0.228777 -0.032774 -0.106263
v 0.339238 0.079292 -0.181567
v 0.361989 0.188142 -0.165280
v 0.384512 0.302979 -0.116772
v 0.482029 0.310602 -0.208009
v 0.400263 0.397895 -0.066515
v 0.516763 0.433939 -0.129594
v 0.440224 0.503150 -0.051455
v 0.539605 0.514574 -0.051738
v 0.568303 0.128635 -0.367106
v 0.521010 0.217300 -0.376734
v 0.586457 0.096633 -0.477692
v 0.504714 0.132112 -0.525987
v 0.642031 0.039073 -0.333225
v 0.684723 -0.135426 -0.332431
v 0.658177 -0.267145 -0.343889
v 0.379518 -0.763170 -0.526149
v 0.551484 -0.505499 -0.387886
v 0.499609 -0.645340 -0.452720
v 0.584531 -0.354195 -0.470921
v 0.506455 -0.323578 -0.557024
v 0.608851 -0.382049 -0.356749
v 0.648150 -0.045270 -0.498714
v 0.563452 -0.048268 -0.576181
v 0.675671 -0.046506 -0.323119
v 0.238706 0.037196 -0.081780
v 0.211078 0.059678 -0.035976
v 0.281693 0.125034 -0.047425
v 0.279616 0.084026 -0.099368
v 0.324247 -0.159410 -0.210984
v 0.317459 -0.076506 -0.205307
v 0.333108 -0.265922 -0.189685
v 0.339802 -0.435830 -0.184661
v 0.299815 -0.516682 -0.164793
v 0.224052 -0.590961 -0.150352
v 0.344488 -0.356204 -0.182358
v 0.325865 0.008083 -0.194074
v 0.262854 -0.044361 -0.173528
v 0.235231 -0.006707 -0.151358
v 0.318828 0.045070 -0.184925
v 0.238099 0.036500 -0.127748
v 0.264703 0.064827 -0.149301
v 0.295620 -0.029080 -0.189790
v 0.271894 0.015648 -0.179755
v 0.187030 0.109456 0.003932
v 0.258776 0.167158 0.017574
v 0.151933 0.107066 0.057624
v 0.166865 0.137686 0.084385
v 0.115986 0.073261 0.070865
v 0.099974 0.093681 0.100566
v 0.100937 0.018676 0.045220
v 0.030577 0.013123 0.080995
v 0.012916 0.123523 0.109237
v 0.083227 0.147752 0.105773
v 0.115887 -0.019534 0.010703
v 0.043779 -0.056745 0.027797
v 0.151501 0.017132 -0.026362
v 0.164246 0.055411 -0.034647
v 0.141989 0.093698 -0.023632
v 0.127006 0.087109 0.019826
v 0.117407 0.069920 0.033871
v 0.110343 0.047400 0.014540
v 0.123028 0.026243 -0.011947
v 0.155946 0.186627 0.098079
v 0.235717 0.252509 0.088544
v 0.308253 0.090046 -0.134682
v 0.331582 0.161693 -0.091820
v 0.290052 0.060875 -0.168581
v 0.297055 0.023813 -0.184702
v 0.338586 0.239617 -0.035886
v 0.354099 0.322990 0.032181
v 0.333773 0.369852 0.119157
v 0.254673 0.349923 0.130293
v 0.253922 0.432684 0.193400
v 0.329826 0.440638 0.192588
v 0.310022 0.497795 0.295787
v 0.232454 0.487227 0.289965
v 0.247416 0.589247 0.439771
v 0.171552 0.547829 0.432211
v 0.125856 0.565298 0.495570
v 0.160870 0.648743 0.508633
v 0.024238 0.567456 0.538411
v 0.036242 0.649499 0.566463
v -0.018236 0.564515 0.542905
v -0.025302 0.644831 0.573858
v -0.031699 0.719976 0.570421
v 0.019060 0.703431 0.566828
v 0.046274 0.736878 0.552675
v 0.037112 0.768693 0.550688
v 0.083836 0.733216 0.538869
v 0.111694 0.772261 0.518494
v 0.100974 0.695033 0.533836
v 0.137795 0.708353 0.520065
v 0.071812 0.569956 0.526833
v 0.090893 0.651209 0.543913
v 0.042569 0.669145 0.546908
v 0.030492 0.698752 0.549511
v 0.044740 0.723133 0.537948
v 0.073547 0.722131 0.527181
v 0.086842 0.692569 0.524093
v 0.075981 0.668884 0.534564
v 0.041430 0.680062 0.517570
v 0.035501 0.698315 0.512404
v 0.040094 0.711028 0.511865
v 0.059787 0.712042 0.502262
v 0.062115 0.693125 0.498505
v 0.060423 0.676829 0.509604
v -0.040094 0.817441 0.548276
v 0.028607 0.830046 0.533126
v -0.049547 0.927582 0.487189
v 0.025611 0.928830 0.479052
v 0.464982 0.512410 0.049827
v 0.562960 0.535434 0.068669
v 0.515264 0.545911 0.195268
v 0.439209 0.509052 0.138488
v 0.383027 0.486583 0.181257
v 0.407320 0.522917 0.261363
v 0.367558 0.432931 -0.015363
v 0.370147 0.491290 -0.029710
v 0.356043 0.404257 0.032100
v 0.343218 0.416561 0.089065
v 0.348620 0.453117 0.125313
v 0.396873 0.520538 0.023866
v 0.400417 0.501843 0.097993
v 0.374170 0.482321 0.134584
v 0.349235 0.456197 0.009616
v 0.351757 0.488274 -0.002262
v 0.348078 0.437165 0.032566
v 0.346158 0.446855 0.064343
v 0.350038 0.464668 0.088513
v 0.347504 0.507726 0.032264
v 0.363610 0.500767 0.075388
v 0.361356 0.482729 0.099887
v 0.345131 0.472940 0.043799
v 0.349430 0.480870 0.066333
v 0.522431 0.336106 -0.344889
v 0.537614 0.483592 -0.259304
v 0.577857 0.566487 -0.086256
v 0.633878 0.599970 0.068450
v 0.652923 0.605387 0.187831
v 0.643835 0.657120 0.314202
v 0.579627 0.640984 0.341531
v 0.341315 0.640708 0.425204
v 0.291576 0.539375 0.371817
v 0.201138 0.523781 0.362778
v 0.653820 0.629688 0.264587
v 0.411357 0.577376 0.345443
v 0.551400 0.590275 0.280089
v 0.255374 0.683999 0.446555
v 0.011376 0.190924 0.029809
v 0.072267 0.212504 0.034632
v 0.132173 0.244768 0.054336
v 0.181906 0.296117 0.067188
v 0.209664 0.370300 0.093844
v 0.207643 0.442475 0.147490
v 0.188505 0.493395 0.226235
v 0.134540 0.535936 0.355043
v 0.099748 0.538958 0.410826
v 0.020173 0.538808 0.447683
v -0.015844 0.536025 0.451185
v 0.060225 0.540229 0.435562
v 0.159205 0.520843 0.289685
v 0.006868 0.290616 -0.062522
v 0.062310 0.303874 -0.056618
v 0.115959 0.326846 -0.028943
v 0.151231 0.364713 0.002361
v 0.165006 0.419061 0.036447
v 0.161092 0.470119 0.082375
v 0.146631 0.510427 0.140213
v 0.106361 0.542761 0.238022
v 0.080495 0.550534 0.277020
v 0.017692 0.552879 0.302331
v -0.017423 0.550389 0.304841
v 0.049764 0.553333 0.293991
v 0.125863 0.532719 0.187346
v -0.006528 0.419891 -0.095600
v 0.030978 0.426448 -0.088900
v 0.069359 0.432351 -0.068157
v 0.092154 0.447259 -0.040278
v 0.101850 0.473996 -0.008536
v 0.098868 0.501859 0.031543
v 0.090081 0.523171 0.071013
v 0.065696 0.548988 0.127840
v 0.049002 0.557213 0.148119
v 0.007940 0.563704 0.158460
v -0.018636 0.563229 0.159317
v 0.029570 0.561596 0.155597
v 0.076848 0.538155 0.100345
v -0.014220 0.510813 0.022681
v 0.223184 0.737215 0.418931
v 0.332483 -0.597141 -0.678564
v 0.416357 -0.518110 -0.684566
v 0.469522 -0.401504 -0.713417
v 0.495354 -0.305501 -0.726506
v 0.514838 -0.214089 -0.717399
v 0.521381 -0.094170 -0.726027
v 0.517309 -0.021751 -0.721260
v 0.513067 0.044906 -0.709710
v 0.492421 0.171450 -0.679594
v 0.439617 0.272828 -0.512404
v 0.403052 0.372448 -0.494922
v 0.372711 -0.739483 -0.542808
v 0.550117 -0.480315 -0.430885
v 0.583280 0.113281 -0.429240
v 0.527648 0.189269 -0.448514
v 0.647213 0.030363 -0.419714
v 0.679904 -0.121518 -0.419675
v 0.653359 -0.252702 -0.410574
v 0.494212 -0.623513 -0.479856
v 0.606153 -0.364256 -0.413363
v 0.675465 -0.041045 -0.419443
v 0.505446 0.309342 -0.437535
v 0.487302 0.430959 -0.413603
v 0.307151 0.459364 -0.472722
v 0.348534 0.532410 -0.387077
v 0.288201 0.576258 -0.410113
v 0.258721 0.492398 -0.463409
v 0.186202 0.616971 -0.413660
v 0.167628 0.532712 -0.450029
v 0.064444 0.568407 -0.446129
v 0.078563 0.648764 -0.407430
v -0.028391 0.653156 -0.408731
v -0.023874 0.578401 -0.452921
v -0.021365 0.525666 -0.555476
v 0.046599 0.523077 -0.557585
v 0.138986 0.514213 -0.576745
v 0.235820 0.487309 -0.592970
v 0.286531 0.462238 -0.602649
v 0.385886 0.388169 -0.621428
v 0.449293 0.303727 -0.644014
v 0.369772 0.581199 -0.263003
v 0.474831 0.706454 -0.019050
v 0.302887 0.736480 0.039272
v 0.523681 0.775647 0.190939
v 0.538920 0.779651 0.257533
v 0.532268 0.769424 0.310601
v 0.342009 0.427423 -0.479870
v 0.411539 0.498691 -0.387904
v 0.329501 0.433806 -0.609369
v 0.484792 0.581339 -0.238121
v 0.601158 0.698404 0.060373
v 0.545976 0.641468 -0.077459
v 0.658147 0.735069 0.263186
v 0.656804 0.731169 0.191312
v 0.637583 0.733262 0.307627
v 0.585536 0.765094 0.192463
v 0.602755 0.764873 0.257068
v 0.594037 0.755437 0.305025
v 0.618929 0.718097 0.340699
v 0.624724 0.670439 0.338084
v 0.573685 0.719516 0.360299
v 0.507789 0.637804 0.367071
v 0.476076 0.576936 0.308055
v 0.517240 0.718852 0.375707
v 0.454603 0.639690 0.387087
v 0.454020 0.719269 0.391564
v 0.403868 0.641669 0.404233
v 0.401574 0.718967 0.404711
v 0.329923 0.716707 0.414105
v 0.263559 0.741216 0.388889
v 0.386466 0.659440 0.428084
v 0.363533 0.660536 0.435008
v 0.386451 0.694498 0.430634
v 0.359830 0.695001 0.433864
v 0.498611 0.663228 0.396143
v 0.502349 0.696848 0.403098
v 0.480357 0.662990 0.403773
v 0.478307 0.697476 0.409113
v 0.613396 0.674843 0.354194
v 0.611221 0.702836 0.360184
v 0.598242 0.663341 0.360304
v 0.594062 0.700927 0.371076
v 0.460173 0.777286 0.327848
v 0.401997 0.786442 0.335948
v 0.332371 0.792488 0.338189
v 0.254580 0.793487 0.331907
v 0.212358 0.813029 0.349808
v 0.152982 0.881994 0.411850
v 0.162490 0.790125 0.469410
v 0.184415 0.848205 0.373652
v 0.187961 0.785599 0.430009
v 0.194067 0.724715 0.473081
v 0.105857 0.911179 0.438641
v 0.108165 0.841187 0.487265
v -0.056018 1.008560 0.381438
v -0.049607 0.929955 -0.050221
v 0.154704 0.927345 0.316860
v 0.260926 0.808619 0.265496
v 0.210680 0.838628 0.273490
v 0.183527 0.881365 0.291106
v 0.168700 0.923781 0.211705
v 0.195791 0.881927 0.198397
v 0.224024 0.835634 0.193401
v 0.271695 0.799970 0.193705
v 0.227008 0.842583 0.110284
v 0.467696 0.791752 0.265433
v 0.409443 0.803374 0.268870
v 0.342378 0.814420 0.268932
v 0.203976 0.881107 0.113518
v 0.459497 0.784697 0.191577
v 0.405870 0.793789 0.194180
v 0.344364 0.802512 0.194812
v 0.247470 0.804447 0.115317
v 0.283962 0.773235 0.118565
v 0.256344 0.789633 0.029602
v 0.236148 0.827313 0.031813
v 0.271974 0.757996 0.034639
v 0.307290 0.694842 -0.044468
v 0.271228 0.752699 -0.034284
v 0.252542 0.791180 -0.025918
v 0.285010 0.721086 -0.040691
v 0.243135 0.760446 -0.079117
v 0.242191 0.788825 -0.061213
v 0.248139 0.726950 -0.087736
v 0.251196 0.690157 -0.101250
v 0.174090 0.814668 -0.080143
v 0.182695 0.842515 -0.062483
v 0.172090 0.781396 -0.088122
v 0.168716 0.749774 -0.101948
v 0.081474 0.870779 -0.070334
v 0.088131 0.910205 -0.052065
v 0.079588 0.835163 -0.075270
v 0.079576 0.800800 -0.094645
v -0.046154 0.889595 -0.054017
v -0.043417 0.857508 -0.065949
v -0.042193 0.843721 -0.092197
v 0.390473 0.770288 0.102694
v 0.434848 0.760179 0.094530
v 0.386331 0.740828 0.026232
v 0.504541 0.746729 0.090577
v 0.108627 0.964886 0.351312
v 0.119671 0.976028 0.238118
v 0.146717 0.945889 0.133386
v 0.170571 0.904807 0.048493
v 0.182027 0.870830 -0.013529
v 0.033917 0.999607 0.374697
v 0.043380 1.016311 0.255255
v 0.064408 1.002675 0.149937
v 0.082097 0.976005 0.065927
v 0.089194 0.946931 0.003620
v -0.057969 1.028237 0.262208
v -0.057658 1.024793 0.155772
v -0.056318 1.008399 0.068732
v -0.054010 0.981236 0.005354
v 0.339382 0.772697 0.110537
v 0.424506 0.731136 0.013754
v 0.283323 0.657707 -0.266169
v 0.346949 0.738818 0.034355
v 0.367998 0.688418 -0.062348
v 0.398163 0.682334 -0.083550
v 0.340217 0.687681 -0.051268
v 0.438080 0.656451 -0.129658
v 0.301996 0.625175 -0.158846
v 0.331263 0.612064 -0.198785
v 0.277901 0.642971 -0.125800
v 0.292916 0.621693 -0.334104
v 0.266312 0.679735 -0.205354
v 0.248402 0.677268 -0.168668
v 0.212402 0.707697 -0.155242
v 0.153779 0.752763 -0.140391
v 0.069450 0.802160 -0.128081
v -0.042049 0.840989 -0.122653
v 0.206048 0.739131 -0.209319
v 0.198930 0.711064 -0.277357
v 0.122463 0.785560 -0.202202
v 0.100263 0.758774 -0.271854
v -0.040905 0.827757 -0.195029
v -0.036303 0.773915 -0.266370
v 0.088164 0.711043 -0.342848
v -0.032979 0.720126 -0.342300
v 0.194995 0.670992 -0.347160
v 0.265972 -0.474476 -0.739765
v 0.329122 -0.416501 -0.744602
v 0.361629 -0.310076 -0.771689
v 0.356080 -0.219408 -0.802012
v 0.375876 -0.154255 -0.808384
v 0.406495 -0.055037 -0.801297
v 0.409384 0.009916 -0.792198
v 0.403806 0.066059 -0.780749
v 0.383014 0.163644 -0.754294
v -0.008258 0.413747 -0.641290
v 0.042299 0.415431 -0.651167
v 0.119413 0.411622 -0.674691
v 0.212281 0.394250 -0.683997
v 0.274091 0.291915 -0.805095
v 0.294610 0.346680 -0.694940
v 0.337229 0.262716 -0.733661
v 0.243421 0.331151 -0.781664
v 0.189029 0.357123 -0.779809
v 0.131085 0.344447 -0.800373
v 0.060666 0.328682 -0.780598
v 0.005621 0.316885 -0.772659
v 0.127239 0.289794 -0.852759
v 0.080091 0.260571 -0.843585
v 0.164812 0.248974 -0.884034
v 0.137677 0.196724 -0.894596
v 0.243096 0.200209 -0.892943
v 0.227564 0.241163 -0.884328
v 0.269416 0.257964 -0.848484
v 0.308068 0.220001 -0.819039
v 0.248741 0.295501 -0.825153
v 0.226494 0.322497 -0.807694
v 0.188851 0.338215 -0.805948
v 0.159252 0.326519 -0.822553
v 0.153250 0.294867 -0.848023
v 0.177719 0.264527 -0.868776
v 0.219090 0.255814 -0.868501
v 0.245738 0.268597 -0.849761
v 0.224865 0.286920 -0.820735
v 0.215790 0.304392 -0.811001
v 0.194270 0.307174 -0.809553
v 0.175540 0.305286 -0.818579
v 0.175975 0.285386 -0.830952
v 0.186529 0.268833 -0.846132
v 0.209294 0.265034 -0.841078
v 0.227392 0.272056 -0.835532
v 0.200038 0.281740 -0.820133
v 0.018528 0.238669 -0.840334
v 0.035562 0.163744 -0.896557
v 0.325202 0.158889 -0.821954
v 0.253976 0.154976 -0.900871
v 0.158542 0.133441 -0.930194
v 0.052843 0.100113 -0.943875
v 0.081209 -0.004090 -0.960632
v 0.176824 0.080897 -0.951371
v 0.255507 0.110620 -0.921392
v 0.336097 0.087833 -0.854248
v 0.206664 0.056931 -0.959665
v 0.200717 0.007145 -0.967330
v 0.250303 0.085965 -0.938466
v 0.303616 0.076630 -0.913110
v 0.334340 0.038983 -0.908680
v 0.362264 0.034259 -0.854152
v 0.335229 -0.004455 -0.925558
v 0.366987 -0.024251 -0.873174
v 0.300667 -0.033375 -0.951715
v 0.326919 -0.085610 -0.902976
v 0.242972 -0.030719 -0.969018
v 0.222297 -0.092267 -0.937227
v 0.225375 0.048639 -0.954617
v 0.229892 0.012756 -0.964641
v 0.253217 0.071970 -0.938362
v 0.291615 0.064740 -0.924648
v 0.315922 0.035274 -0.918930
v 0.316544 0.001455 -0.927086
v 0.289114 -0.016471 -0.946105
v 0.254357 -0.010121 -0.962009
v 0.242430 0.036098 -0.938836
v 0.245651 0.015030 -0.945642
v 0.258566 0.050500 -0.927931
v 0.281889 0.046280 -0.920099
v 0.296271 0.028685 -0.916408
v 0.296170 0.007469 -0.920347
v 0.279494 -0.003321 -0.932488
v 0.259629 0.001276 -0.943359
v 0.267858 0.020136 -0.921752
v 0.295829 -0.271714 -0.839049
v 0.284630 -0.355664 -0.820711
v 0.276530 -0.212785 -0.864749
v 0.237151 -0.228713 -0.884183
v 0.147104 -0.219329 -0.898959
v 0.255652 -0.269973 -0.873746
v 0.124658 -0.153637 -0.911993
v 0.248794 -0.322475 -0.867237
v 0.231714 -0.407353 -0.819547
v 0.208050 -0.360994 -0.872065
v 0.221964 -0.180481 -0.894139
v 0.200914 -0.213236 -0.893523
v 0.289730 -0.157626 -0.877422
v 0.217812 -0.246823 -0.883210
v 0.155247 -0.243203 -0.888579
v 0.230836 -0.274429 -0.873032
v 0.226038 -0.309281 -0.866914
v 0.193636 -0.333945 -0.871310
v 0.193889 -0.237072 -0.887391
v 0.170931 -0.286169 -0.857437
v 0.451344 0.476609 -0.399970
v 0.354066 0.411883 -0.596227
v 0.571472 0.601299 -0.092713
v 0.686964 0.677052 0.186679
v 0.371127 0.404472 -0.486575
v 0.519395 0.537008 -0.253857
v 0.642486 0.652312 0.056366
v 0.685081 0.688155 0.262902
v 0.658438 0.697766 0.315529
v 0.631274 0.696169 0.338890
v 0.563302 0.675063 0.372707
v 0.524414 0.677592 0.380465
v 0.446898 0.679066 0.403527
v 0.412781 0.678166 0.413496
v 0.338921 0.679710 0.433276
v 0.390698 0.676634 0.430651
v 0.358601 0.677722 0.437193
v 0.504611 0.679808 0.400870
v 0.477799 0.680857 0.410100
v 0.614344 0.689426 0.358459
v 0.595891 0.681124 0.371471
v 0.259254 -0.849575 -0.201199
v 0.210368 -0.802326 -0.215756
v 0.205021 -0.850062 -0.296379
v 0.278207 -0.892197 -0.245258
v 0.318323 -0.916136 -0.296802
v 0.264655 -0.902572 -0.363189
v 0.179428 -0.714357 -0.243764
v 0.126371 -0.765700 -0.324631
v 0.220796 -0.852629 -0.430775
v 0.199899 -0.736806 -0.571846
v 0.208094 -0.675657 -0.605953
v 0.063766 -0.628549 -0.600942
v 0.042876 -0.694824 -0.559719
v 0.206743 -0.816590 -0.487425
v 0.067031 -0.765708 -0.416538
v 0.149348 -0.627801 -0.234688
v 0.042272 -0.607888 -0.274502
v -0.057911 -0.689473 -0.344239
v -0.111650 -0.466030 -0.259224
v -0.237861 -0.535565 -0.247733
v -0.191444 -0.336579 -0.247145
v -0.305417 -0.393843 -0.213892
v -0.268409 -0.181955 -0.244115
v -0.376580 -0.246269 -0.234652
v -0.401762 -0.024204 -0.273084
v -0.440859 -0.134577 -0.298447
v -0.206546 -0.614006 -0.564275
v -0.137954 -0.529027 -0.636213
v -0.270188 -0.425464 -0.641131
v -0.336649 -0.504012 -0.575725
v -0.437547 -0.320432 -0.557848
v -0.353624 -0.274051 -0.620265
v -0.071484 -0.303969 -0.227172
v -0.109766 -0.199751 -0.201480
v -0.019842 -0.210656 -0.141373
v 0.014880 -0.292328 -0.178619
v 0.028808 -0.380273 -0.145259
v -0.036300 -0.401181 -0.194190
v 0.052134 -0.552557 -0.197553
v 0.103033 -0.563572 -0.153989
v 0.058276 -0.483624 -0.125158
v -0.040063 -0.547070 -0.268540
v -0.151406 -0.632481 -0.298567
v 0.006744 -0.493641 -0.184423
v -0.073465 -0.104924 -0.047466
v -0.126433 -0.121397 -0.122342
v -0.265979 -0.060108 -0.205549
v -0.325536 0.058132 -0.181505
v -0.374463 0.194125 -0.124137
v -0.467289 0.158318 -0.217225
v -0.405901 0.305706 -0.069750
v -0.525954 0.312575 -0.131699
v -0.462934 0.417824 -0.052055
v -0.560849 0.411709 -0.053042
v -0.474362 -0.145109 -0.409003
v -0.470149 0.001214 -0.399212
v -0.456972 -0.201500 -0.527006
v -0.399651 -0.100643 -0.560324
v -0.480856 -0.306903 -0.396287
v -0.378750 -0.542907 -0.422989
v -0.246985 -0.651327 -0.441992
v 0.042793 -0.744945 -0.482076
v 0.201304 -0.790384 -0.522575
v -0.083867 -0.663617 -0.558996
v -0.038664 -0.583823 -0.621306
v -0.107464 -0.709022 -0.455108
v -0.398678 -0.414571 -0.571465
v -0.323837 -0.353614 -0.633209
v -0.446275 -0.432720 -0.400744
v -0.166398 -0.052023 -0.096175
v -0.150748 -0.013479 -0.048139
v -0.239124 0.028196 -0.060116
v -0.221273 -0.021798 -0.114870
v -0.128197 -0.314428 -0.245902
v -0.171830 -0.223914 -0.234003
v -0.066176 -0.427756 -0.230815
v 0.053470 -0.566782 -0.228698
v 0.129269 -0.595980 -0.194250
v -0.007419 -0.511405 -0.228609
v -0.221984 -0.136287 -0.221726
v -0.148897 -0.157836 -0.192291
v -0.143107 -0.102950 -0.170159
v -0.233947 -0.089821 -0.209666
v -0.163402 -0.056151 -0.143258
v -0.198261 -0.040705 -0.166376
v -0.180039 -0.160263 -0.213316
v -0.180961 -0.098861 -0.199792
v -0.146563 0.046779 -0.004264
v -0.230026 0.087016 0.007950
v -0.112946 0.061232 0.051361
v -0.132537 0.092832 0.072119
v -0.067743 0.041176 0.065908
v -0.059178 0.067307 0.094746
v -0.036567 -0.007805 0.040673
v -0.056753 0.114763 0.093944
v -0.036833 -0.052412 0.006452
v -0.081328 -0.032129 -0.033408
v -0.106260 0.000739 -0.044324
v -0.100318 0.047028 -0.030780
v -0.084224 0.048252 0.014245
v -0.068337 0.036332 0.028830
v -0.053818 0.015633 0.009602
v -0.058836 -0.011898 -0.017832
v -0.133103 0.134405 0.068062
v -0.220479 0.198156 0.072867
v -0.247347 -0.028675 -0.152782
v -0.293313 0.049246 -0.106833
v -0.217122 -0.056686 -0.188612
v -0.205871 -0.102584 -0.208150
v -0.320642 0.139807 -0.045634
v -0.348362 0.240048 0.027287
v -0.332471 0.302333 0.118717
v -0.252992 0.297567 0.127165
v -0.261906 0.379923 0.197251
v -0.341121 0.379827 0.191913
v -0.333063 0.437356 0.298013
v -0.249931 0.434234 0.293695
v -0.286013 0.543731 0.441776
v -0.205429 0.499991 0.442725
v -0.163203 0.536915 0.505130
v -0.208153 0.617736 0.506118
v -0.059285 0.557901 0.539081
v -0.086527 0.638570 0.566480
v -0.078644 0.695019 0.565908
v -0.110667 0.723787 0.551199
v -0.107874 0.756157 0.550913
v -0.148107 0.713901 0.538262
v -0.182272 0.747323 0.519401
v -0.158363 0.672917 0.533100
v -0.196341 0.679683 0.518976
v -0.108544 0.548084 0.528769
v -0.140461 0.631651 0.543075
v -0.097228 0.658168 0.547665
v -0.088852 0.688403 0.549286
v -0.107820 0.711491 0.537034
v -0.134607 0.703133 0.527998
v -0.144289 0.673141 0.523622
v -0.129066 0.650291 0.533549
v -0.096991 0.668960 0.517494
v -0.093550 0.685664 0.512878
v -0.100550 0.699939 0.511646
v -0.121240 0.697820 0.502576
v -0.119453 0.677485 0.498558
v -0.115384 0.662990 0.507432
v -0.110960 0.818337 0.536171
v -0.123299 0.915911 0.479709
v -0.486146 0.431801 0.049843
v -0.586628 0.436734 0.068377
v -0.541051 0.457240 0.194744
v -0.459983 0.432958 0.138444
v -0.400475 0.418045 0.181124
v -0.431034 0.450385 0.261146
v -0.379881 0.355291 -0.015983
v -0.389962 0.418064 -0.029735
v -0.360886 0.328931 0.030509
v -0.349256 0.348255 0.088178
v -0.359268 0.389378 0.125269
v -0.420452 0.450989 0.023835
v -0.420631 0.432145 0.098166
v -0.390870 0.415287 0.134878
v -0.364388 0.386308 0.008770
v -0.371442 0.420352 -0.002459
v -0.358435 0.366780 0.031637
v -0.357008 0.379598 0.063872
v -0.362808 0.399864 0.088677
v -0.369258 0.443337 0.031994
v -0.383874 0.435414 0.075927
v -0.378042 0.417394 0.100403
v -0.360864 0.407177 0.043536
v -0.365379 0.416339 0.066579
v -0.508605 0.158093 -0.355347
v -0.554087 0.348688 -0.262139
v -0.600851 0.456570 -0.084483
v -0.662962 0.491578 0.069656
v -0.683603 0.504653 0.186214
v -0.684116 0.548012 0.309894
v -0.621081 0.539145 0.341103
v -0.385602 0.580055 0.423021
v -0.321896 0.483221 0.374949
v -0.224098 0.469284 0.368484
v -0.689632 0.522145 0.261216
v -0.444765 0.501691 0.347339
v -0.584297 0.494921 0.279314
v -0.307873 0.635549 0.445219
v -0.053543 0.189665 0.028436
v -0.122911 0.204824 0.042546
v -0.180586 0.250613 0.057923
v -0.211084 0.326918 0.093714
v -0.215981 0.400329 0.149245
v -0.205244 0.452886 0.227077
v -0.156518 0.497619 0.354115
v -0.126045 0.508782 0.410631
v -0.051241 0.530532 0.448039
v -0.089590 0.521309 0.436234
v -0.180789 0.483875 0.289290
v -0.049651 0.290448 -0.058010
v -0.109640 0.297757 -0.033922
v -0.158404 0.333792 -0.003258
v -0.175291 0.385628 0.036557
v -0.178814 0.437205 0.082994
v -0.170805 0.478237 0.141527
v -0.134906 0.516428 0.237899
v -0.111122 0.528548 0.276653
v -0.052163 0.544760 0.301849
v -0.082856 0.537462 0.293226
v -0.151637 0.502726 0.187787
v -0.044338 0.418440 -0.086873
v -0.080708 0.417619 -0.067572
v -0.107707 0.427607 -0.038720
v -0.122339 0.450949 -0.007080
v -0.122913 0.479695 0.031967
v -0.118494 0.503429 0.071505
v -0.098279 0.533268 0.128472
v -0.083281 0.543970 0.148904
v -0.044442 0.558563 0.158405
v -0.065036 0.552037 0.155946
v -0.107972 0.520902 0.100500
v -0.285857 0.693615 0.419202
v 0.222483 -0.617700 -0.717048
v 0.083442 -0.593912 -0.760864
v -0.019843 -0.550765 -0.782321
v -0.127069 -0.492834 -0.774990
v -0.244032 -0.363261 -0.773121
v -0.292869 -0.282198 -0.762072
v -0.332540 -0.208795 -0.744855
v -0.391440 -0.058335 -0.706828
v -0.402258 0.105777 -0.521882
v -0.393194 0.240871 -0.499949
v 0.037259 -0.723192 -0.521788
v -0.471363 -0.175220 -0.474876
v -0.460030 -0.039474 -0.475290
v -0.467524 -0.323790 -0.484600
v -0.371786 -0.524745 -0.507440
v -0.240689 -0.634331 -0.506000
v 0.198730 -0.767895 -0.547734
v -0.105625 -0.690171 -0.508793
v -0.434090 -0.430094 -0.497256
v -0.480074 0.123537 -0.449979
v -0.495420 0.284392 -0.418478
v -0.324811 0.368409 -0.476187
v -0.383349 0.445267 -0.388891
v -0.329183 0.508749 -0.411026
v -0.285337 0.420362 -0.467473
v -0.234389 0.574624 -0.413644
v -0.199949 0.489816 -0.453899
v -0.108888 0.550412 -0.449964
v -0.133426 0.628735 -0.407882
v -0.087002 0.504352 -0.557471
v -0.176600 0.466400 -0.577611
v -0.264605 0.407471 -0.594435
v -0.306164 0.365037 -0.604956
v -0.379419 0.251450 -0.626305
v -0.412918 0.127760 -0.656108
v -0.408805 0.503554 -0.263848
v -0.530245 0.624314 -0.020796
v -0.365596 0.683296 0.037436
v -0.588921 0.682375 0.190817
v -0.603949 0.681756 0.257548
v -0.595346 0.671978 0.310168
v -0.349886 0.322478 -0.485113
v -0.438017 0.388900 -0.390904
v -0.340403 0.320702 -0.612284
v -0.524242 0.471232 -0.238546
v -0.654317 0.591774 0.059045
v -0.589269 0.539443 -0.077873
v -0.713107 0.615154 0.262998
v -0.711431 0.611161 0.191884
v -0.690385 0.616432 0.305795
v -0.648351 0.661266 0.192391
v -0.664677 0.657635 0.257436
v -0.653245 0.646661 0.304318
v -0.667602 0.604648 0.336562
v -0.667089 0.562770 0.334560
v -0.627525 0.615210 0.357462
v -0.550223 0.545249 0.369792
v -0.508343 0.491340 0.308775
v -0.571982 0.625524 0.374498
v -0.497692 0.557188 0.389661
v -0.510377 0.637774 0.392134
v -0.447926 0.568273 0.405447
v -0.458664 0.646195 0.404900
v -0.387470 0.655781 0.414548
v -0.326553 0.691542 0.389553
v -0.433685 0.589876 0.428479
v -0.411065 0.594630 0.434350
v -0.439431 0.624045 0.430842
v -0.413278 0.629152 0.433712
v -0.545407 0.573611 0.397639
v -0.553832 0.606843 0.403151
v -0.526762 0.576604 0.404877
v -0.530830 0.611087 0.409194
v -0.657916 0.567930 0.352290
v -0.659813 0.593451 0.357183
v -0.643385 0.558504 0.359307
v -0.644381 0.595476 0.369236
v -0.525922 0.692658 0.327402
v -0.470103 0.711557 0.335182
v -0.402817 0.729703 0.337186
v -0.326014 0.743355 0.331612
v -0.288446 0.770614 0.350015
v -0.240856 0.848448 0.411889
v -0.236035 0.756441 0.469937
v -0.267182 0.810016 0.373866
v -0.259744 0.747592 0.430234
v -0.253197 0.686256 0.472046
v -0.198670 0.884702 0.437857
v -0.190726 0.816437 0.488710
v -0.250961 0.893133 0.316870
v -0.334859 0.757683 0.265326
v -0.291523 0.796335 0.273599
v -0.272197 0.842974 0.291251
v -0.263792 0.887071 0.211705
v -0.284342 0.841484 0.198512
v -0.304728 0.791436 0.193524
v -0.344403 0.748112 0.193361
v -0.308308 0.797396 0.110284
v -0.535366 0.704413 0.265354
v -0.479570 0.724946 0.268832
v -0.416025 0.747181 0.269164
v -0.291338 0.838993 0.113472
v -0.527182 0.702069 0.191498
v -0.475698 0.719563 0.194137
v -0.416147 0.737127 0.195077
v -0.322987 0.756723 0.115276
v -0.351963 0.720907 0.118044
v -0.328391 0.740255 0.029581
v -0.313897 0.780501 0.031770
v -0.339825 0.707086 0.034434
v -0.362992 0.639646 -0.045758
v -0.336901 0.701420 -0.034479
v -0.324322 0.742585 -0.026133
v -0.346032 0.668359 -0.041424
v -0.309297 0.713468 -0.079794
v -0.313196 0.741802 -0.061952
v -0.308792 0.679568 -0.087908
v -0.305588 0.642722 -0.101368
v -0.250615 0.778557 -0.080079
v -0.263381 0.804885 -0.062468
v -0.242971 0.746103 -0.088453
v -0.234708 0.715726 -0.102525
v -0.168849 0.849419 -0.070156
v -0.181834 0.887022 -0.052359
v -0.160849 0.814695 -0.075578
v -0.155333 0.781250 -0.094736
v -0.457391 0.702954 0.101387
v -0.500070 0.684942 0.092964
v -0.448020 0.674140 0.024047
v -0.565665 0.658738 0.089439
v -0.211601 0.937942 0.351422
v -0.223434 0.945943 0.238050
v -0.245423 0.912191 0.133421
v -0.262166 0.867801 0.048560
v -0.267816 0.832401 -0.013454
v -0.142956 0.981179 0.373966
v -0.155623 0.999047 0.255202
v -0.174075 0.982077 0.150110
v -0.186922 0.952826 0.066010
v -0.189139 0.923131 0.003810
v -0.406279 0.710595 0.110129
v -0.484465 0.657099 0.012254
v -0.335383 0.600636 -0.266614
v -0.407755 0.678585 0.032175
v -0.419849 0.623777 -0.064057
v -0.448996 0.612606 -0.085475
v -0.392650 0.627471 -0.052917
v -0.486386 0.575472 -0.131388
v -0.347912 0.567726 -0.159000
v -0.375212 0.549591 -0.199452
v -0.326527 0.589945 -0.126523
v -0.340249 0.560706 -0.334373
v -0.321542 0.627328 -0.205159
v -0.302493 0.629127 -0.168348
v -0.271007 0.666409 -0.155005
v -0.219780 0.720676 -0.140479
v -0.145136 0.783866 -0.128111
v -0.271035 0.697653 -0.208837
v -0.260559 0.670212 -0.277742
v -0.194589 0.758534 -0.202289
v -0.168876 0.735765 -0.272034
v -0.151371 0.689578 -0.343033
v -0.251117 0.629792 -0.347622
v 0.180369 -0.491543 -0.760200
v 0.067007 -0.448804 -0.798523
v -0.012029 -0.369798 -0.828619
v -0.081607 -0.318274 -0.834701
v -0.174502 -0.240378 -0.828255
v -0.216998 -0.178528 -0.817621
v -0.245332 -0.119843 -0.804013
v -0.282285 -0.008585 -0.772425
v -0.057207 0.399857 -0.652210
v -0.130837 0.370135 -0.676649
v -0.215420 0.319752 -0.687698
v -0.237101 0.181191 -0.813209
v -0.278114 0.239557 -0.700999
v -0.284803 0.131031 -0.742574
v -0.224496 0.236013 -0.787685
v -0.181848 0.285025 -0.783276
v -0.122772 0.294780 -0.802872
v -0.050370 0.307542 -0.781419
v -0.101066 0.240839 -0.855499
v -0.046251 0.233778 -0.845866
v -0.118478 0.185634 -0.889425
v -0.070548 0.149356 -0.900824
v -0.166283 0.103344 -0.902032
v -0.171318 0.149909 -0.891971
v -0.217451 0.148379 -0.857273
v -0.236320 0.094126 -0.830057
v -0.215475 0.194692 -0.832131
v -0.204808 0.233180 -0.813131
v -0.175464 0.264841 -0.809957
v -0.143126 0.264745 -0.826065
v -0.126274 0.235195 -0.851616
v -0.136744 0.194927 -0.874048
v -0.170489 0.168257 -0.875602
v -0.200962 0.169532 -0.857158
v -0.189688 0.197765 -0.827096
v -0.188155 0.219346 -0.816723
v -0.169288 0.231366 -0.814372
v -0.151081 0.237189 -0.822785
v -0.144030 0.217054 -0.835632
v -0.146937 0.195986 -0.851486
v -0.166309 0.182598 -0.847251
v -0.185766 0.181556 -0.842313
v -0.164878 0.203571 -0.825613
v -0.223356 0.018547 -0.836612
v -0.153888 0.051836 -0.911535
v -0.057068 0.079087 -0.935781
v -0.046176 0.020254 -0.957525
v -0.131457 0.006577 -0.933018
v -0.193293 -0.059389 -0.872068
v -0.058802 -0.017328 -0.968093
v -0.025895 -0.058044 -0.975755
v -0.113120 -0.014094 -0.949886
v -0.155321 -0.051979 -0.928877
v -0.160875 -0.104072 -0.927480
v -0.185266 -0.125189 -0.874840
v -0.134871 -0.144830 -0.944676
v -0.154178 -0.182365 -0.894900
v -0.088249 -0.149816 -0.967539
v -0.082705 -0.214457 -0.921854
v -0.039920 -0.114495 -0.980752
v 0.010798 -0.158051 -0.947110
v -0.070365 -0.034522 -0.964960
v -0.053744 -0.068954 -0.975555
v -0.108179 -0.028321 -0.950451
v -0.138152 -0.056088 -0.939713
v -0.142578 -0.096821 -0.936185
v -0.123260 -0.127930 -0.944476
v -0.088498 -0.128186 -0.961277
v -0.061899 -0.102860 -0.974535
v -0.079187 -0.055298 -0.950673
v -0.069786 -0.075787 -0.957682
v -0.101592 -0.051157 -0.940877
v -0.119691 -0.067795 -0.934817
v -0.122309 -0.091837 -0.932218
v -0.110023 -0.110848 -0.936155
v -0.089037 -0.111013 -0.946933
v -0.074050 -0.095732 -0.956339
v -0.092994 -0.083806 -0.935487
v 0.073749 -0.365310 -0.855974
v 0.154307 -0.416582 -0.831908
v 0.042418 -0.302083 -0.881089
v 0.084614 -0.286891 -0.895655
v 0.101818 -0.332507 -0.885159
v 0.147687 -0.366050 -0.874869
v 0.063286 -0.235673 -0.904959
v 0.101672 -0.249632 -0.901945
v -0.007673 -0.259676 -0.894514
v 0.112095 -0.287987 -0.890827
v 0.122327 -0.318164 -0.881072
v 0.151869 -0.340279 -0.872558
v 0.122856 -0.264378 -0.892625
v -0.471293 0.349931 -0.403206
v -0.357034 0.291016 -0.599974
v -0.601853 0.491861 -0.090348
v -0.720474 0.553717 0.189510
v -0.371663 0.288351 -0.491430
v -0.547954 0.411904 -0.254723
v -0.680892 0.535661 0.059157
v -0.719577 0.566697 0.261021
v -0.701475 0.580373 0.309655
v -0.675131 0.584608 0.333053
v -0.611053 0.576010 0.373740
v -0.574207 0.584051 0.382541
v -0.496576 0.598569 0.404934
v -0.463103 0.603514 0.414638
v -0.389691 0.617241 0.431906
v -0.440445 0.605866 0.430894
v -0.409131 0.612136 0.437022
v -0.553552 0.589965 0.401489
v -0.527383 0.595168 0.410290
v -0.660754 0.581337 0.356075
v -0.643928 0.576451 0.370902
v 0.304563 -0.791851 -0.155186
v 0.430284 -0.715200 -0.199272
v 0.360875 -0.803656 -0.162013
v 0.434123 -0.844558 -0.240167
v 0.339367 -0.727159 -0.154177
v 0.392571 -0.757119 -0.166703
v 0.456644 -0.847512 -0.351604
v 0.406179 -0.801417 -0.184230
v 0.447504 -0.779963 -0.219429
v 0.476392 -0.755934 -0.271014
v 0.460254 -0.837078 -0.284187
v 0.418405 -0.880113 -0.276414
v 0.397014 -0.899109 -0.332041
v 0.373392 -0.894421 -0.245688
v 0.392778 -0.854296 -0.205440
v 0.338149 -0.853744 -0.183395
v 0.272764 -0.708248 -0.175227
v 0.493903 -0.666333 -0.308136
v 0.310811 -0.647736 -0.190703
v 0.403419 -0.609919 -0.215688
v 0.375206 -0.667634 -0.184395
v 0.389611 -0.807408 -0.481694
v 0.458410 -0.677267 -0.245115
v 0.465939 -0.783269 -0.426658
v 0.493027 -0.753949 -0.335748
v 0.369123 -0.727926 -0.549678
v 0.397913 -0.858351 -0.425955
v 0.432113 -0.666936 -0.537146
v 0.361296 -0.701141 -0.569843
v 0.501930 -0.692836 -0.392994
v 0.459378 -0.489113 -0.553855
v 0.416408 -0.629357 -0.574301
v 0.461693 -0.581110 -0.527970
v 0.513382 -0.443087 -0.508945
v 0.545519 -0.470384 -0.451226
v 0.508792 -0.527243 -0.486348
v 0.501140 -0.657996 -0.436847
v 0.499415 -0.573396 -0.283819
v 0.519098 -0.611341 -0.369397
v 0.458498 -0.740301 -0.470629
v 0.249315 -0.641019 -0.188688
v 0.464935 -0.433484 -0.230431
v 0.286204 -0.588066 -0.184822
v 0.348521 -0.504819 -0.212894
v 0.338071 -0.587304 -0.212875
v 0.391633 -0.076510 -0.204297
v 0.421273 -0.524627 -0.230416
v 0.405202 -0.308581 -0.208430
v 0.535382 -0.481391 -0.282719
v 0.468372 -0.246880 -0.188917
v 0.396470 -0.200414 -0.204549
v 0.544677 -0.374601 -0.232984
v 0.641235 -0.012383 -0.498373
v 0.444145 -0.131880 -0.177487
v 0.534622 -0.175961 -0.159419
v 0.424463 0.085166 -0.228564
v 0.510869 -0.050240 -0.164192
v 0.450049 0.001179 -0.196217
v 0.606050 -0.308078 -0.470668
v 0.497924 0.131743 -0.257260
v 0.519343 0.074972 -0.224492
v 0.585722 -0.248628 -0.531185
v 0.545828 -0.173141 -0.577108
v 0.496038 -0.369045 -0.548067
v 0.613548 -0.119725 -0.543772
v 0.207695 -0.122336 -0.154517
v 0.642094 -0.187089 -0.485923
v 0.298725 -0.169735 -0.208077
v 0.565644 -0.074806 -0.577636
v 0.594522 0.021185 -0.541394
v 0.256065 -0.138229 -0.205741
v 0.141354 -0.255398 -0.136741
v 0.347437 -0.050904 -0.207263
v 0.301574 -0.316221 -0.145131
v 0.226045 -0.207976 -0.187050
v 0.168526 -0.188805 -0.157340
v 0.108371 -0.311864 -0.117961
v 0.130156 -0.185498 -0.104560
v 0.089818 -0.245244 -0.118549
v 0.169247 -0.328180 -0.105199
v 0.253205 -0.286417 -0.141642
v 0.197313 -0.271153 -0.147593
v 0.357905 -0.264385 -0.201558
v 0.275446 -0.229518 -0.182556
v 0.311145 -0.450075 -0.144081
v 0.133929 -0.399129 -0.076105
v 0.331456 -0.433211 -0.170521
v 0.250191 -0.513063 -0.108561
v 0.306399 -0.528718 -0.184092
v 0.179293 -0.502921 -0.084787
v 0.214085 -0.572904 -0.127727
v 0.234374 -0.347091 -0.099793
v 0.212681 -0.425315 -0.078946
v 0.272727 -0.440913 -0.105263
v 0.398626 -0.392813 -0.214859
v 0.554795 -0.283573 -0.191428
v 0.322009 -0.400412 -0.149783
v 0.362850 -0.356783 -0.198770
v 0.471959 -0.341401 -0.210420
v 0.287605 -0.373454 -0.120065
v 0.070693 -0.173639 -0.054515
v 0.212171 -0.045459 -0.074645
v 0.417367 0.453594 -0.077097
v 0.118257 -0.096158 -0.022768
v 0.173913 -0.113009 -0.085740
v 0.358716 0.054824 -0.204837
v 0.234914 -0.067129 -0.137390
v 0.352139 0.126426 -0.175169
v 0.373809 0.248076 -0.143339
v 0.396313 0.184977 -0.212917
v 0.430206 0.312038 -0.165232
v 0.394827 0.351320 -0.090864
v 0.466575 0.244842 -0.234637
v 0.607368 0.086357 -0.350562
v 0.461171 0.421402 -0.103644
v 0.497831 0.374920 -0.170575
v 0.553419 0.128965 -0.312311
v 0.524911 0.483236 -0.092126
v 0.490214 0.505296 -0.048540
v 0.537853 0.169957 -0.376995
v 0.577121 0.121684 -0.403570
v 0.509394 0.206538 -0.313530
v 0.528054 0.062049 -0.551979
v 0.558871 0.111902 -0.503547
v 0.523443 0.170393 -0.486907
v 0.610760 0.040945 -0.245135
v 0.607301 0.066766 -0.485214
v 0.647012 0.034082 -0.383347
v 0.546892 -0.525192 -0.358955
v 0.683383 -0.086425 -0.327086
v 0.676745 -0.200100 -0.338392
v 0.669399 -0.123866 -0.454569
v 0.382638 -0.775832 -0.514289
v 0.658435 -0.253636 -0.383557
v 0.497534 -0.634115 -0.466481
v 0.524520 -0.574715 -0.415477
v 0.451185 -0.712677 -0.496281
v 0.582047 -0.441038 -0.369547
v 0.561662 -0.402189 -0.472979
v 0.516826 -0.283227 -0.563337
v 0.634015 -0.326515 -0.349264
v 0.599204 -0.360033 -0.437294
v 0.551720 -0.342127 -0.519843
v 0.590667 -0.403917 -0.304503
v 0.637463 -0.304254 -0.276121
v 0.666812 -0.179892 -0.244495
v 0.650790 -0.079236 -0.498030
v 0.557599 -0.022760 -0.574348
v 0.662970 -0.005938 -0.324441
v 0.666823 -0.043171 -0.457546
v 0.613321 -0.046631 -0.545078
v 0.647430 -0.071034 -0.219075
v 0.228723 0.002739 -0.087661
v 0.286484 -0.089058 -0.202392
v 0.233655 0.042241 -0.055540
v 0.251382 0.093821 -0.035541
v 0.193780 0.010665 -0.041055
v 0.284720 0.101405 -0.072005
v 0.323881 0.087647 -0.156794
v 0.258661 0.065528 -0.086922
v 0.351815 -0.148879 -0.212105
v 0.307516 0.145882 -0.066316
v 0.312597 -0.266836 -0.175533
v 0.351488 -0.437960 -0.199530
v 0.294119 -0.502518 -0.145311
v 0.232010 -0.605578 -0.167544
v 0.330397 -0.355263 -0.164602
v 0.339880 -0.313463 -0.183221
v 0.269338 -0.557069 -0.152020
v 0.323065 -0.476028 -0.177467
v 0.345305 -0.396216 -0.185011
v 0.326863 -0.212752 -0.202381
v 0.322108 -0.112541 -0.211083
v 0.314800 -0.012528 -0.193133
v 0.324587 0.029276 -0.190603
v 0.251088 -0.029181 -0.164515
v 0.233896 0.018308 -0.137295
v 0.275786 -0.039614 -0.182629
v 0.305411 0.052417 -0.178115
v 0.246441 0.052745 -0.137061
v 0.308008 -0.050366 -0.197517
v 0.346647 0.002826 -0.202903
v 0.327050 0.054394 -0.184936
v 0.271211 0.075602 -0.124266
v 0.238682 0.036658 -0.108056
v 0.232319 -0.020386 -0.130102
v 0.260828 -0.062748 -0.175030
v 0.252950 0.006172 -0.170976
v 0.282952 -0.007631 -0.184327
v 0.265102 0.041980 -0.170928
v 0.287892 0.020125 -0.183475
v 0.201563 0.092311 -0.018339
v 0.221407 0.124615 0.015163
v 0.169632 0.113629 0.032380
v 0.275167 0.146775 -0.021347
v 0.161096 0.120531 0.072710
v 0.209128 0.151587 0.058251
v 0.132306 0.094491 0.070640
v 0.049620 -0.084398 0.008836
v 0.107959 0.081201 0.088179
v 0.104975 0.046137 0.060590
v 0.130295 0.120160 0.097327
v 0.076664 0.009581 0.063597
v 0.134811 -0.033620 -0.008337
v 0.070444 0.057648 0.095034
v 0.022363 0.063075 0.107910
v 0.038381 -0.029430 0.049158
v 0.048333 0.133205 0.109084
v 0.105204 -0.003051 0.028350
v 0.093814 0.112393 0.111195
v 0.087054 -0.041770 0.022493
v 0.157064 0.036009 -0.032300
v 0.156389 0.069849 -0.034528
v 0.128997 0.091854 0.004758
v 0.122377 0.079297 0.029108
v 0.113043 0.058936 0.025297
v 0.138473 0.019448 -0.020838
v 0.111718 0.036609 0.001261
v 0.122967 0.002755 -0.001829
v 0.160157 -0.002004 -0.026958
v 0.107059 0.031177 0.027036
v 0.140044 0.098219 0.037635
v 0.117597 0.070777 0.049350
v 0.163441 0.104166 -0.009122
v 0.180317 0.056375 -0.034770
v 0.122535 0.052649 -0.022276
v 0.116324 0.067761 0.011431
v 0.120443 0.164940 0.101682
v 0.165806 0.159216 0.096066
v 0.192282 0.212745 0.094007
v 0.294929 0.090751 -0.115568
v 0.362112 0.274815 -0.071490
v 0.253507 0.207340 0.055110
v 0.345189 0.178696 -0.125580
v 0.277786 0.065812 -0.158407
v 0.309038 0.015440 -0.188323
v 0.303647 0.205983 -0.008683
v 0.334883 0.201580 -0.066248
v 0.292660 0.039874 -0.180257
v 0.295713 0.076175 -0.153028
v 0.325825 0.121062 -0.113039
v 0.345433 0.278744 -0.004255
v 0.300508 0.277572 0.066049
v 0.379676 0.356468 -0.021269
v 0.339944 0.343180 0.082319
v 0.293153 0.349243 0.136612
v 0.257553 0.392970 0.156451
v 0.247423 0.306905 0.106333
v 0.287257 0.432872 0.201149
v 0.317629 0.472211 0.247377
v 0.328241 0.402032 0.156077
v 0.268530 0.490310 0.300623
v 0.302449 0.518687 0.336536
v 0.245785 0.466239 0.240573
v 0.149864 0.557294 0.468234
v 0.205141 0.566420 0.443368
v 0.187282 0.538731 0.396297
v 0.142163 0.604139 0.511705
v 0.048141 0.569425 0.532623
v 0.207646 0.618289 0.472483
v 0.031462 0.607009 0.562178
v 0.118309 0.649573 0.532293
v 0.001760 0.566596 0.542271
v -0.028144 0.678386 0.573404
v 0.029358 0.723450 0.562287
v -0.021722 0.605462 0.569255
v 0.004133 0.646128 0.572923
v 0.064173 0.643592 0.555314
v 0.022262 0.679258 0.567393
v 0.000954 0.707529 0.570156
v 0.066381 0.740782 0.544854
v 0.004576 0.750217 0.562505
v 0.042631 0.750557 0.553725
v 0.095160 0.748348 0.534180
v 0.095505 0.716244 0.534729
v 0.073038 0.775876 0.535215
v 0.115977 0.700677 0.531343
v 0.099278 0.565852 0.515281
v 0.128123 0.738674 0.520424
v 0.084080 0.610195 0.543150
v 0.100812 0.675323 0.536615
v 0.059923 0.664626 0.541466
v 0.034057 0.713058 0.544437
v 0.147444 0.682591 0.516631
v 0.032401 0.682848 0.550164
v 0.059102 0.726139 0.532258
v 0.083848 0.709191 0.523896
v 0.084395 0.678652 0.528578
v 0.093421 0.692702 0.530901
v 0.077830 0.726167 0.535061
v 0.046588 0.728159 0.547374
v 0.027960 0.700563 0.559992
v 0.043150 0.663358 0.556127
v 0.081715 0.663585 0.541221
v 0.049648 0.676802 0.510806
v 0.037733 0.705467 0.511497
v 0.037237 0.686815 0.514749
v 0.050291 0.712320 0.502064
v 0.060635 0.704248 0.498663
v 0.062072 0.684807 0.502041
v 0.067263 0.718730 0.514195
v 0.041444 0.717115 0.523164
v 0.041993 0.675386 0.530878
v 0.067920 0.673397 0.521357
v 0.078588 0.692304 0.511273
v 0.032488 0.697781 0.531934
v 0.047757 0.691919 0.497630
v -0.036020 0.770412 0.559760
v 0.547089 0.541936 0.130929
v -0.007125 0.822272 0.544521
v -0.045169 0.874999 0.527274
v 0.032732 0.793308 0.545901
v 0.456641 0.512340 -0.002296
v -0.013321 0.929388 0.485230
v 0.027689 0.876554 0.514239
v 0.512243 0.520148 0.061347
v 0.412033 0.500267 0.164765
v 0.558020 0.525907 0.004501
v 0.355364 0.506738 0.280396
v 0.458709 0.512779 0.098974
v 0.467806 0.521863 0.163736
v 0.356532 0.468653 0.191636
v 0.454293 0.532085 0.228986
v 0.391816 0.498869 0.217165
v 0.370013 0.461291 -0.027300
v 0.363747 0.413558 0.005760
v 0.347840 0.405665 0.061390
v 0.343447 0.433939 0.110381
v 0.389076 0.524224 -0.008444
v 0.389802 0.493002 0.122940
v 0.401097 0.511997 0.061760
v 0.359448 0.469362 0.134380
v 0.418511 0.503060 0.116467
v 0.378282 0.482561 0.155378
v 0.344272 0.445265 0.151569
v 0.339707 0.394329 0.103189
v 0.391201 0.491664 -0.050454
v 0.426060 0.514215 0.034232
v 0.361857 0.374944 0.032073
v 0.381288 0.416256 -0.033903
v 0.350077 0.473511 0.001149
v 0.348604 0.444255 0.021216
v 0.346348 0.441167 0.046634
v 0.347300 0.454806 0.078503
v 0.347820 0.498538 0.009793
v 0.363494 0.490499 0.089886
v 0.356552 0.508607 0.057031
v 0.354876 0.475124 0.095567
v 0.349794 0.458820 0.105025
v 0.345324 0.433599 0.076321
v 0.350560 0.425110 0.032006
v 0.357612 0.446066 -0.002691
v 0.371014 0.522465 0.024713
v 0.381452 0.502852 0.084210
v 0.358924 0.490775 -0.013484
v 0.367282 0.482627 0.114396
v 0.345901 0.459221 0.052932
v 0.347285 0.478296 0.057123
v 0.344786 0.465320 0.026557
v 0.344876 0.489292 0.037917
v 0.349991 0.473317 0.074822
v 0.352386 0.490668 0.068916
v 0.518507 0.272436 -0.367655
v 0.517018 0.326208 -0.277687
v 0.527595 0.405717 -0.309212
v 0.543795 0.459937 -0.189761
v 0.554814 0.533981 -0.164899
v 0.572216 0.538725 -0.069821
v 0.609338 0.588726 -0.007832
v 0.597257 0.577719 0.190941
v 0.647378 0.601914 0.133446
v 0.610261 0.565506 0.070136
v 0.650536 0.643542 0.292838
v 0.402773 0.543166 0.303856
v 0.616259 0.644300 0.322309
v 0.379595 0.636996 0.412236
v 0.533886 0.568521 0.244510
v 0.293945 0.613828 0.429611
v 0.216015 0.505595 0.329839
v 0.274542 0.562424 0.406117
v 0.654706 0.616688 0.231174
v 0.371205 0.602092 0.389913
v 0.566153 0.613317 0.312768
v 0.347832 0.554835 0.357135
v 0.507759 0.580745 0.293468
v 0.606484 0.607898 0.269672
v 0.240530 0.528633 0.375887
v 0.212521 0.667411 0.477242
v 0.103292 0.227322 0.043550
v 0.293513 0.661686 0.439460
v 0.041735 0.199935 0.031158
v 0.158202 0.267269 0.062078
v 0.211516 0.408096 0.116692
v 0.199124 0.331515 0.077771
v 0.200358 0.471687 0.186379
v 0.118458 0.537728 0.385923
v 0.147477 0.530732 0.321837
v 0.039927 0.539692 0.442328
v 0.001734 0.537647 0.450333
v 0.080150 0.539943 0.426229
v 0.173336 0.508514 0.259423
v 0.207861 0.489712 0.263348
v 0.176958 0.522484 0.332380
v 0.149175 0.538450 0.401270
v 0.143340 0.212827 0.083064
v 0.199988 0.273068 0.087051
v 0.230432 0.356916 0.114877
v 0.228627 0.435291 0.174651
v 0.110103 0.544772 0.460174
v 0.064283 0.548853 0.487632
v 0.076887 0.175798 0.075712
v 0.020103 0.550208 0.500101
v 0.012177 0.151923 0.075224
v -0.016901 0.547990 0.503888
v 0.092696 0.313832 -0.044757
v 0.034775 0.296156 -0.061468
v 0.134987 0.343358 -0.014239
v 0.164712 0.444767 0.057461
v 0.161187 0.388818 0.016880
v 0.155792 0.491955 0.111104
v 0.094456 0.546736 0.259987
v 0.116287 0.538766 0.212680
v 0.034017 0.553367 0.298762
v 0.000425 0.551955 0.304297
v 0.065164 0.552615 0.287660
v 0.135981 0.522839 0.164029
v 0.120989 0.537565 0.298096
v 0.090214 0.541916 0.346695
v 0.187731 0.390886 0.067090
v 0.186460 0.455109 0.115262
v 0.055533 0.543086 0.367777
v 0.142783 0.524989 0.238911
v 0.164880 0.327141 0.037593
v 0.169921 0.501499 0.183360
v 0.009879 0.239077 -0.021029
v 0.070940 0.257883 -0.013180
v 0.019616 0.541835 0.377876
v 0.122809 0.285993 0.013991
v -0.016210 0.538677 0.380854
v 0.052924 0.426270 -0.081622
v 0.012544 0.420396 -0.095592
v 0.082741 0.437559 -0.055049
v 0.103050 0.489164 0.011081
v 0.099675 0.458548 -0.024716
v 0.095710 0.512801 0.052478
v 0.058179 0.553730 0.140581
v 0.072195 0.543797 0.115391
v 0.018999 0.563093 0.158782
v -0.005225 0.564438 0.160424
v 0.039630 0.559958 0.154530
v 0.084746 0.531210 0.087302
v 0.132922 0.486008 0.053746
v 0.120968 0.517363 0.102774
v 0.100550 0.384258 -0.063762
v 0.126238 0.407323 -0.027903
v 0.014222 0.564691 0.228640
v -0.018603 0.563385 0.230745
v 0.089121 0.548828 0.180465
v 0.067250 0.557229 0.210254
v 0.137725 0.445909 0.009288
v 0.041748 0.562181 0.222245
v 0.051992 0.366691 -0.096085
v 0.103863 0.536645 0.140440
v 0.002269 0.340234 -0.099336
v 0.032260 0.470787 -0.043886
v 0.050396 0.523301 0.046138
v 0.055325 0.510238 0.021016
v -0.010225 0.459203 -0.056068
v 0.048634 0.481363 -0.028209
v -0.017024 0.545802 0.099558
v 0.035335 0.539095 0.081790
v 0.024866 0.544091 0.093185
v 0.055943 0.496714 -0.004911
v 0.012641 0.546195 0.097622
v 0.010487 0.463243 -0.053240
v 0.042553 0.532552 0.065398
v -0.000896 0.546744 0.099183
v 0.246011 0.708347 0.433262
v 0.168084 0.716857 0.500729
v 0.364532 -0.670796 -0.642163
v 0.485057 -0.349500 -0.721276
v 0.378086 -0.564493 -0.675006
v 0.446229 -0.462960 -0.700837
v 0.457869 -0.552280 -0.600267
v 0.509640 -0.262559 -0.719686
v 0.497760 -0.417291 -0.612408
v 0.513871 -0.228503 -0.648049
v 0.509540 -0.318637 -0.634923
v 0.525720 -0.038760 -0.652126
v 0.517965 -0.051370 -0.726488
v 0.525148 -0.107781 -0.654874
v 0.519887 -0.155453 -0.721747
v 0.515983 0.006484 -0.716987
v 0.505151 0.102845 -0.697251
v 0.516547 0.327255 -0.395970
v 0.520175 0.025435 -0.642573
v 0.464019 0.205569 -0.524953
v 0.492444 0.151689 -0.611301
v 0.422755 0.331857 -0.498248
v 0.513584 0.454992 -0.347109
v 0.376097 -0.750831 -0.535496
v 0.552110 -0.491191 -0.410897
v 0.586356 0.105132 -0.454440
v 0.524476 0.207241 -0.417177
v 0.642791 0.027319 -0.455140
v 0.684654 -0.121465 -0.383387
v 0.644520 -0.254003 -0.437524
v 0.489020 -0.612909 -0.493000
v 0.609861 -0.369755 -0.389474
v 0.678148 -0.040502 -0.379057
v 0.480761 0.291783 -0.481163
v 0.444034 0.404156 -0.467357
v 0.498590 0.375815 -0.425006
v 0.512736 0.243952 -0.447679
v 0.665435 -0.007081 -0.418932
v 0.630456 -0.311535 -0.409705
v 0.580004 -0.418791 -0.420540
v 0.521612 -0.550564 -0.449301
v 0.671447 -0.185067 -0.415432
v 0.680316 -0.076074 -0.420469
v 0.618301 0.073292 -0.422889
v 0.552345 0.149064 -0.440628
v 0.443629 -0.691098 -0.515415
v 0.325169 0.442685 -0.476098
v 0.323812 0.553953 -0.397080
v 0.333043 0.499867 -0.443694
v 0.113924 0.551396 -0.444601
v 0.468758 0.461969 -0.405577
v 0.241037 0.596319 -0.414058
v 0.287175 0.475480 -0.468920
v 0.273395 0.534924 -0.448179
v 0.176770 0.573856 -0.439470
v 0.025256 0.654877 -0.407916
v 0.217360 0.511759 -0.456616
v 0.190951 0.502741 -0.586290
v 0.131774 0.635268 -0.409987
v 0.073147 0.609221 -0.429611
v -0.023829 0.551473 -0.497645
v 0.018650 0.577342 -0.450082
v -0.025911 0.615995 -0.431516
v 0.011160 0.525745 -0.552907
v 0.089443 0.519216 -0.566894
v 0.055433 0.545144 -0.501035
v 0.364777 0.405772 -0.610542
v 0.152285 0.516242 -0.516696
v 0.264332 0.474040 -0.596899
v 0.239402 0.477043 -0.536064
v 0.289419 0.448681 -0.547229
v 0.417276 0.355068 -0.631834
v 0.386408 0.372618 -0.567853
v 0.474777 0.239696 -0.661190
v 0.444915 0.287194 -0.581816
v 0.425589 0.578246 -0.261326
v 0.357724 0.553123 -0.330150
v 0.324853 0.736167 0.037599
v 0.460935 0.683744 -0.072220
v 0.367123 0.741011 0.030530
v 0.575809 0.585475 -0.092424
v 0.534982 0.779900 0.228315
v 0.405323 0.737280 0.021047
v 0.571855 0.773434 0.256006
v 0.688147 0.643551 0.185811
v 0.565170 0.763427 0.306029
v 0.537262 0.776783 0.282427
v 0.357229 0.414971 -0.483465
v 0.380030 0.512977 -0.384181
v 0.308915 0.448341 -0.607879
v 0.509573 0.554347 -0.249003
v 0.627700 0.676562 0.056563
v 0.513824 0.675785 -0.050715
v 0.674680 0.715113 0.263529
v 0.622768 0.753177 0.191083
v 0.650437 0.719457 0.311242
v 0.648866 0.735818 0.287062
v 0.662264 0.732881 0.234336
v 0.633290 0.721207 0.128052
v 0.571993 0.669786 -0.007257
v 0.522905 0.613553 -0.152863
v 0.448130 0.536927 -0.323467
v 0.325612 0.423686 -0.555259
v 0.376052 0.464299 -0.445531
v 0.555397 0.771441 0.194408
v 0.632888 0.752453 0.260326
v 0.618696 0.745176 0.305861
v 0.354281 0.688107 -0.056133
v 0.600285 0.766537 0.230057
v 0.600197 0.761800 0.280063
v 0.627968 0.708682 0.338736
v 0.626745 0.726497 0.325618
v 0.609414 0.656358 0.340717
v 0.635124 0.666639 0.327433
v 0.600670 0.723576 0.348403
v 0.567264 0.654457 0.361030
v 0.539300 0.634075 0.351146
v 0.449942 0.575761 0.322199
v 0.495610 0.605135 0.338376
v 0.448628 0.551273 0.281750
v 0.523908 0.696653 0.381023
v 0.547136 0.720874 0.364909
v 0.479245 0.633814 0.374717
v 0.443126 0.607677 0.364215
v 0.446256 0.697096 0.401628
v 0.485833 0.725740 0.381654
v 0.428787 0.638895 0.393990
v 0.411249 0.611431 0.380411
v 0.411205 0.696235 0.412198
v 0.427319 0.722289 0.395686
v 0.333747 0.692160 0.429041
v 0.368996 0.725916 0.407156
v 0.288269 0.731259 0.399224
v 0.295918 0.697144 0.428566
v 0.246744 0.735574 0.400103
v 0.375206 0.659320 0.433189
v 0.389604 0.686913 0.430902
v 0.357723 0.687917 0.435746
v 0.373410 0.694707 0.434288
v 0.357402 0.654737 0.432104
v 0.351074 0.702569 0.427607
v 0.392720 0.703179 0.422798
v 0.391595 0.654037 0.420422
v 0.504681 0.689526 0.402096
v 0.490322 0.662762 0.401271
v 0.477396 0.689947 0.410166
v 0.490618 0.696942 0.408226
v 0.471839 0.655436 0.397381
v 0.468046 0.704755 0.403391
v 0.500533 0.655651 0.385970
v 0.507470 0.705076 0.393808
v 0.613368 0.696485 0.359564
v 0.606708 0.668911 0.357724
v 0.603002 0.701794 0.367053
v 0.597443 0.670272 0.366420
v 0.591600 0.655016 0.354513
v 0.585603 0.708178 0.368756
v 0.614482 0.709452 0.352888
v 0.617502 0.672961 0.347679
v 0.583815 0.740852 0.334488
v 0.430157 0.781645 0.332989
v 0.495564 0.773730 0.319040
v 0.525017 0.750645 0.346225
v 0.291575 0.791307 0.333028
v 0.456558 0.753929 0.363889
v 0.370292 0.790802 0.338641
v 0.400890 0.758311 0.374373
v 0.229463 0.801511 0.339033
v 0.330494 0.760658 0.375777
v 0.217038 0.778523 0.385386
v 0.258036 0.765058 0.365466
v 0.170773 0.867009 0.387928
v 0.177978 0.787120 0.447482
v 0.157025 0.833103 0.446267
v 0.197951 0.829293 0.361441
v 0.200173 0.764050 0.426603
v 0.186431 0.813296 0.408843
v 0.210021 0.729417 0.447834
v 0.215580 0.701194 0.463401
v 0.176272 0.754791 0.477080
v 0.141590 0.784785 0.493655
v 0.105324 0.875124 0.467882
v 0.131660 0.903580 0.419117
v 0.109721 0.808411 0.502908
v 0.134071 0.857805 0.455251
v 0.069835 0.833325 0.513501
v 0.071268 0.921062 0.461757
v -0.053348 0.974593 0.439319
v 0.037827 1.013088 0.314577
v -0.057040 1.018070 0.109625
v 0.030526 0.970026 0.432093
v -0.057928 1.028216 0.207208
v 0.377481 0.798954 0.194959
v 0.183717 0.856343 -0.039989
v 0.256083 0.805869 0.297837
v 0.153892 0.913081 0.362607
v 0.230325 0.820082 0.267508
v 0.196406 0.859234 0.281469
v 0.209158 0.831132 0.312033
v 0.169898 0.904603 0.302591
v 0.182620 0.870194 0.333767
v 0.159287 0.931270 0.265370
v 0.208838 0.859028 0.195346
v 0.187355 0.886123 0.245147
v 0.183301 0.902258 0.203223
v 0.437641 0.797559 0.267764
v 0.215400 0.840131 0.233456
v 0.242995 0.814656 0.192576
v 0.265999 0.805749 0.230664
v 0.379307 0.809788 0.269584
v 0.405744 0.799857 0.301160
v 0.464524 0.787947 0.295666
v 0.337201 0.811507 0.302568
v 0.432074 0.789101 0.193080
v 0.300619 0.810358 0.266768
v 0.502885 0.785928 0.261397
v 0.217973 0.859537 0.109824
v 0.260391 0.786633 0.117117
v 0.409858 0.801055 0.234142
v 0.466560 0.790930 0.231940
v 0.236666 0.823770 0.112774
v 0.345124 0.811007 0.233730
v 0.307543 0.800026 0.194403
v 0.490684 0.780067 0.189981
v 0.235381 0.823398 0.154366
v 0.276970 0.788785 0.156147
v 0.184359 0.905473 0.160787
v 0.210381 0.866378 0.153511
v 0.249160 0.804371 0.029150
v 0.314953 0.619353 -0.177127
v 0.263492 0.774059 0.031773
v 0.242739 0.815877 0.068586
v 0.259534 0.781626 0.075177
v 0.382538 0.686966 -0.071187
v 0.221604 0.853582 0.070167
v 0.265031 0.767189 -0.030058
v 0.277601 0.737146 -0.037846
v 0.266422 0.766956 -0.005112
v 0.282025 0.735983 -0.004833
v 0.445815 0.722365 0.002332
v 0.246787 0.805609 -0.000403
v 0.244642 0.775207 -0.070512
v 0.251306 0.710363 -0.091396
v 0.244999 0.744134 -0.084118
v 0.266626 0.749807 -0.058858
v 0.272546 0.716505 -0.069312
v 0.251673 0.786545 -0.045004
v 0.177756 0.828500 -0.074955
v 0.171712 0.764109 -0.093575
v 0.172561 0.798952 -0.083937
v 0.210598 0.783386 -0.082453
v 0.212647 0.750926 -0.091645
v 0.210727 0.720977 -0.104314
v 0.218877 0.809539 -0.063779
v 0.083894 0.888886 -0.066026
v 0.079179 0.815273 -0.081116
v 0.080148 0.853413 -0.072653
v 0.132317 0.845353 -0.075825
v 0.128981 0.810330 -0.082137
v 0.127001 0.776254 -0.098587
v 0.139909 0.877706 -0.056478
v -0.042540 0.847898 -0.078983
v -0.044718 0.872399 -0.057409
v 0.020904 0.886624 -0.058203
v 0.020420 0.852434 -0.067686
v 0.025340 0.829131 -0.093323
v 0.556926 0.723415 0.070439
v 0.446853 0.773381 0.143181
v 0.397855 0.782772 0.148177
v 0.461366 0.754326 0.089504
v 0.486262 0.726502 0.030352
v 0.412502 0.765531 0.099032
v 0.112528 0.976516 0.295827
v 0.132228 0.964528 0.183498
v 0.159973 0.925099 0.088064
v 0.177828 0.886805 0.015344
v 0.134904 0.947356 0.334207
v 0.148177 0.949813 0.224601
v 0.178917 0.911538 0.122488
v 0.208559 0.864142 0.038375
v 0.222450 0.828814 -0.021358
v 0.365941 0.773064 0.106260
v 0.106537 0.942522 0.399311
v 0.053368 1.012010 0.199873
v 0.074558 0.990048 0.104700
v 0.086772 0.961818 0.033355
v 0.109441 0.976851 0.142859
v 0.085128 0.998460 0.247939
v -0.008864 1.007719 0.381109
v 0.139039 0.910393 -0.003367
v 0.130077 0.942289 0.058650
v 0.074994 0.983262 0.365950
v 0.090010 0.929518 -0.026304
v -0.055201 0.995814 0.035844
v -0.052377 0.963107 -0.025571
v 0.018480 1.001766 0.068333
v 0.007107 1.021109 0.154085
v -0.004842 1.027217 0.260168
v -0.047711 0.907909 -0.052887
v 0.023498 0.974561 0.005379
v 0.021536 0.928237 -0.048680
v -0.057561 1.023501 0.321265
v 0.341021 0.789272 0.152072
v 0.507497 0.765082 0.144731
v 0.312092 0.771008 0.115549
v 0.553100 0.756707 0.143605
v 0.342464 0.756422 0.072855
v 0.387557 0.756664 0.063854
v 0.428632 0.746311 0.053218
v 0.293173 0.755049 0.080384
v 0.324339 0.688980 -0.047144
v 0.284245 0.744144 0.037718
v 0.381476 0.719045 -0.016126
v 0.348383 0.715380 -0.008098
v 0.310207 0.714450 -0.004127
v 0.289287 0.632105 -0.142322
v 0.416361 0.712130 -0.031337
v 0.294094 0.706571 -0.042950
v 0.285272 0.684040 -0.074782
v 0.407753 0.620062 -0.189937
v 0.467306 0.626819 -0.173363
v 0.415249 0.673468 -0.101442
v 0.288556 0.640028 -0.299173
v 0.321908 0.594021 -0.307987
v 0.343908 0.648178 -0.105902
v 0.315947 0.656792 -0.087148
v 0.371626 0.638828 -0.138451
v 0.347795 0.601774 -0.225088
v 0.293426 0.602353 -0.371032
v 0.264831 0.661956 -0.111545
v 0.277037 0.672183 -0.234591
v 0.233643 0.690293 -0.163160
v 0.304305 0.630028 -0.241991
v 0.254730 0.680137 -0.183383
v 0.281115 0.650094 -0.192586
v 0.162082 0.744187 -0.119479
v 0.257846 0.660123 -0.158034
v 0.186463 0.729011 -0.147297
v 0.224690 0.689221 -0.131830
v 0.114261 0.777550 -0.134295
v 0.079239 0.796378 -0.109618
v 0.021799 0.827399 -0.122888
v 0.058787 0.810659 -0.199950
v 0.239814 0.711838 -0.210340
v -0.042101 0.841980 -0.105131
v 0.201821 0.729681 -0.245746
v 0.168803 0.762470 -0.206386
v 0.243014 0.684471 -0.276658
v 0.083285 0.682778 -0.377712
v 0.108257 0.777133 -0.239546
v 0.153085 0.736821 -0.275211
v -0.034412 0.748014 -0.302744
v 0.034851 0.773097 -0.268383
v -0.038410 0.798791 -0.234732
v -0.030745 0.687635 -0.378494
v 0.093558 0.735948 -0.306631
v 0.197032 0.691360 -0.311765
v 0.191826 0.647821 -0.381456
v 0.142867 0.693683 -0.345270
v 0.028880 0.720502 -0.342352
v 0.245935 0.646078 -0.345148
v 0.207614 0.726716 -0.177679
v -0.041965 0.839834 -0.148308
v 0.040144 0.820280 -0.153174
v 0.139005 0.770995 -0.166937
v 0.363616 -0.264454 -0.784027
v 0.300397 -0.451988 -0.738771
v 0.350214 -0.365055 -0.757878
v 0.375779 -0.194386 -0.796642
v 0.409259 -0.017523 -0.796903
v 0.397667 -0.105077 -0.803247
v 0.407802 0.034589 -0.787464
v 0.395693 0.111140 -0.769289
v 0.163003 0.404121 -0.684282
v 0.014468 0.415520 -0.643725
v 0.078130 0.414764 -0.662427
v 0.262103 0.311165 -0.790377
v 0.196476 0.368595 -0.741519
v 0.318249 0.306954 -0.712697
v 0.367137 0.214476 -0.740495
v 0.250974 0.368638 -0.696146
v 0.429002 -0.264181 -0.757204
v 0.418424 -0.355179 -0.734991
v -0.014953 0.470132 -0.589893
v 0.041116 0.469918 -0.599102
v 0.374392 -0.468897 -0.708002
v 0.299806 -0.537585 -0.702017
v 0.344125 0.367792 -0.671816
v 0.388487 0.283630 -0.697097
v 0.458107 -0.006902 -0.763552
v 0.455278 -0.077865 -0.771322
v 0.124273 0.461545 -0.625023
v 0.214888 0.443492 -0.643606
v 0.429132 0.169666 -0.727054
v 0.440821 -0.188059 -0.768042
v 0.218330 0.348409 -0.778460
v 0.308550 0.397880 -0.662452
v 0.453284 0.055874 -0.753394
v 0.259612 0.329180 -0.747065
v 0.253022 0.427163 -0.652007
v 0.295532 0.279560 -0.774287
v 0.122944 0.376207 -0.738600
v 0.277160 0.273741 -0.825732
v 0.160783 0.356665 -0.786022
v 0.050523 0.370444 -0.719762
v 0.093225 0.337844 -0.790107
v -0.001367 0.365061 -0.710828
v 0.031876 0.321800 -0.774488
v 0.123819 0.314776 -0.833080
v 0.106561 0.276489 -0.848639
v 0.141379 0.266554 -0.870159
v 0.069224 0.291805 -0.818189
v 0.194148 0.196375 -0.903871
v 0.155278 0.228995 -0.887845
v 0.101502 0.228868 -0.868594
v 0.252312 0.246921 -0.868962
v 0.234662 0.222967 -0.889109
v 0.196356 0.241487 -0.890074
v 0.208359 0.332594 -0.804583
v 0.290062 0.243485 -0.834235
v 0.283091 0.208211 -0.860823
v 0.240988 0.310092 -0.814536
v 0.320956 0.235922 -0.778973
v 0.250518 0.281167 -0.837005
v 0.171449 0.335905 -0.812248
v 0.152789 0.311461 -0.835243
v 0.161992 0.278141 -0.860096
v 0.235479 0.260075 -0.860544
v 0.198202 0.256888 -0.871293
v 0.172817 0.260507 -0.877862
v 0.142261 0.296130 -0.852729
v 0.147766 0.334230 -0.818813
v 0.222414 0.251198 -0.876815
v 0.186887 0.347916 -0.797863
v 0.234020 0.329578 -0.799439
v 0.255647 0.264980 -0.852762
v 0.261515 0.296306 -0.820103
v 0.206440 0.305750 -0.809095
v 0.220463 0.296270 -0.814753
v 0.226793 0.278128 -0.828235
v 0.183361 0.306344 -0.813476
v 0.174676 0.296047 -0.823284
v 0.180938 0.275553 -0.839136
v 0.220096 0.268012 -0.837719
v 0.196641 0.265757 -0.843808
v 0.220005 0.312345 -0.810300
v 0.236370 0.291384 -0.823836
v 0.214457 0.260038 -0.855539
v 0.182781 0.267144 -0.856372
v 0.164513 0.290464 -0.839839
v 0.169108 0.314334 -0.820995
v 0.191563 0.322384 -0.809002
v 0.235180 0.270930 -0.841998
v 0.212837 0.283284 -0.818894
v 0.204286 0.272543 -0.828968
v 0.187996 0.282367 -0.824168
v 0.012262 0.274917 -0.812073
v 0.197002 0.293022 -0.813124
v 0.050246 0.247520 -0.840694
v 0.026814 0.200119 -0.867804
v 0.318611 0.191277 -0.815530
v 0.351210 0.160476 -0.786360
v 0.084756 0.177318 -0.894600
v 0.295123 0.158210 -0.863946
v 0.206667 0.146882 -0.920472
v 0.330864 0.123284 -0.835032
v 0.250169 0.177570 -0.896045
v 0.107398 0.116394 -0.938672
v 0.149396 0.161208 -0.914603
v 0.063040 0.061371 -0.956813
v 0.043934 0.132273 -0.923062
v 0.135632 0.052495 -0.957871
v 0.215595 0.100809 -0.940096
v 0.166532 0.105404 -0.942747
v 0.369059 0.077575 -0.813455
v 0.255913 0.131333 -0.909895
v 0.296482 0.107236 -0.891381
v 0.339027 0.016402 -0.915431
v 0.191517 0.065231 -0.956512
v 0.197245 0.032301 -0.965117
v 0.225445 0.075829 -0.949952
v 0.162307 0.005580 -0.960558
v 0.252836 0.096339 -0.931925
v 0.278240 0.086552 -0.925049
v 0.317650 0.080746 -0.890758
v 0.322286 0.059772 -0.907395
v 0.347702 0.038752 -0.884453
v 0.380521 0.024604 -0.824159
v 0.353481 0.058190 -0.851214
v 0.321366 -0.021380 -0.938710
v 0.353199 -0.013375 -0.904406
v 0.380460 -0.037090 -0.838616
v 0.367472 0.007276 -0.861758
v 0.312664 -0.058873 -0.936465
v 0.273346 -0.037802 -0.963053
v 0.354291 -0.058825 -0.886900
v 0.217453 -0.014607 -0.969023
v 0.232017 -0.054490 -0.959365
v 0.286728 -0.097201 -0.923751
v 0.159753 -0.050000 -0.950072
v 0.319843 0.017594 -0.921014
v 0.223841 0.030299 -0.960706
v 0.236013 0.063576 -0.946691
v 0.273030 0.072026 -0.930678
v 0.306448 0.051725 -0.920595
v 0.305261 -0.010654 -0.935981
v 0.271228 -0.015825 -0.955168
v 0.240436 -0.000674 -0.965339
v 0.220407 0.010184 -0.969667
v 0.217467 0.052313 -0.958597
v 0.323135 0.036830 -0.917565
v 0.323440 -0.001255 -0.928604
v 0.250675 0.079082 -0.939905
v 0.292679 -0.021782 -0.950255
v 0.251421 -0.016318 -0.967672
v 0.295464 0.070988 -0.922887
v 0.298682 0.017609 -0.917133
v 0.241660 0.025233 -0.943381
v 0.248213 0.045525 -0.933455
v 0.270604 0.050920 -0.923515
v 0.290734 0.038792 -0.917756
v 0.289324 -0.000354 -0.926105
v 0.269139 -0.002653 -0.938886
v 0.251627 0.007017 -0.946062
v 0.237826 0.014276 -0.956324
v 0.233689 0.043044 -0.947685
v 0.284710 -0.010430 -0.939755
v 0.257114 -0.004445 -0.953542
v 0.287186 0.055988 -0.923336
v 0.306822 0.032326 -0.918383
v 0.256039 0.062029 -0.934017
v 0.307425 0.004207 -0.923899
v 0.284165 0.011960 -0.918877
v 0.274245 0.005351 -0.926277
v 0.273792 -0.268327 -0.860759
v 0.262113 -0.386297 -0.817618
v 0.183541 -0.167684 -0.901308
v 0.252561 -0.219510 -0.878019
v 0.262166 0.007773 -0.933010
v 0.289315 -0.237889 -0.850095
v 0.275784 0.035700 -0.917852
v 0.221418 -0.218014 -0.889359
v 0.284456 0.024769 -0.916002
v 0.296579 -0.313933 -0.829623
v 0.138769 -0.196741 -0.899162
v 0.104838 -0.086293 -0.941820
v 0.252090 0.029039 -0.930225
v 0.261791 0.037806 -0.922983
v 0.253790 0.016280 -0.934564
v 0.176444 -0.117183 -0.923216
v 0.259087 -0.132620 -0.906754
v 0.343792 -0.111723 -0.858898
v 0.248546 -0.246571 -0.878613
v 0.308781 -0.212155 -0.840208
v 0.266891 -0.337578 -0.850017
v 0.256251 -0.296923 -0.869496
v 0.244398 -0.431817 -0.780952
v 0.232726 -0.343444 -0.869261
v 0.219205 -0.383156 -0.851388
v 0.321770 -0.284174 -0.809310
v 0.300835 -0.379058 -0.784415
v 0.253491 -0.194864 -0.881445
v 0.174937 -0.213304 -0.896492
v 0.206627 -0.197428 -0.893207
v 0.317601 -0.181703 -0.845572
v 0.328301 -0.153301 -0.849946
v 0.251558 -0.166845 -0.891035
v 0.208084 -0.239242 -0.886457
v 0.226213 -0.258531 -0.878635
v 0.232395 -0.291897 -0.869251
v 0.212858 -0.323867 -0.869019
v 0.175755 -0.237444 -0.888089
v 0.198033 -0.225041 -0.892546
v 0.227622 -0.236964 -0.886066
v 0.242688 -0.272031 -0.875965
v 0.236622 -0.314003 -0.869746
v 0.198755 -0.343204 -0.876516
v 0.151810 -0.232848 -0.896026
v 0.202995 -0.259431 -0.871631
v 0.212599 -0.277326 -0.863995
v 0.208841 -0.303043 -0.859148
v 0.186315 -0.252740 -0.874847
v 0.186742 -0.321303 -0.861507
v 0.159998 -0.257140 -0.875862
v 0.434094 0.487516 -0.394073
v 0.344813 0.421560 -0.606436
v 0.563343 0.617594 -0.089548
v 0.676502 0.705075 0.189476
v 0.385979 0.393209 -0.489670
v 0.527114 0.519077 -0.257794
v 0.644995 0.623053 0.062532
v 0.679638 0.654555 0.265598
v 0.656978 0.673805 0.313856
v 0.630968 0.683034 0.337792
v 0.563867 0.698612 0.372819
v 0.520614 0.659185 0.375774
v 0.448829 0.661095 0.399674
v 0.410617 0.660704 0.410799
v 0.337052 0.667360 0.433116
v 0.389776 0.666572 0.429220
v 0.360428 0.667961 0.436757
v 0.502429 0.670349 0.398636
v 0.479004 0.670586 0.407865
v 0.614617 0.681627 0.356197
v 0.593809 0.692712 0.372858
v 0.622160 0.693114 0.348793
v 0.605753 0.685701 0.366445
v 0.513657 0.678940 0.389980
v 0.492190 0.680905 0.408138
v 0.402166 0.677105 0.421917
v 0.374731 0.677052 0.436668
v 0.346536 0.679047 0.434895
v 0.428779 0.678548 0.406457
v 0.461625 0.679910 0.406284
v 0.543488 0.676756 0.373711
v 0.583069 0.676447 0.373877
v 0.643046 0.697610 0.329222
v 0.409220 0.440479 -0.452771
v 0.491457 0.507608 -0.331237
v 0.545522 0.569680 -0.173918
v 0.604405 0.629749 -0.013803
v 0.673282 0.668476 0.126521
v 0.688705 0.682838 0.230480
v 0.674294 0.693205 0.294421
v 0.352564 0.402363 -0.559126
v 0.197757 -0.827227 -0.256515
v 0.283106 -0.840806 -0.182362
v 0.300593 -0.909598 -0.273197
v 0.239564 -0.775341 -0.180212
v 0.235624 -0.832316 -0.206332
v 0.333878 -0.905264 -0.382944
v 0.263943 -0.869132 -0.219552
v 0.238817 -0.880231 -0.270762
v 0.225367 -0.876677 -0.332573
v 0.297912 -0.915806 -0.324557
v 0.349994 -0.913646 -0.293420
v 0.317313 -0.890778 -0.223750
v 0.169001 -0.821897 -0.384927
v 0.215934 -0.693956 -0.211609
v 0.147398 -0.734473 -0.275611
v 0.191312 -0.758520 -0.230288
v 0.173376 -0.814519 -0.313928
v 0.311422 -0.858492 -0.465097
v 0.237490 -0.876695 -0.398060
v 0.285429 -0.738652 -0.571847
v 0.211492 -0.833170 -0.461746
v 0.139029 -0.649433 -0.612201
v 0.279210 -0.696487 -0.605334
v 0.202694 -0.708717 -0.584610
v 0.052175 -0.666399 -0.582687
v 0.038464 -0.711463 -0.539312
v 0.118373 -0.716754 -0.562755
v 0.203537 -0.802570 -0.506984
v 0.090617 -0.764808 -0.371642
v 0.136715 -0.793101 -0.454103
v 0.298830 -0.817815 -0.510278
v -0.011981 -0.649164 -0.306858
v 0.190763 -0.632571 -0.203814
v 0.102770 -0.618454 -0.257788
v 0.166975 -0.668648 -0.248460
v -0.229613 -0.268404 -0.241800
v 0.081172 -0.683778 -0.299246
v -0.074357 -0.512761 -0.264652
v 0.001246 -0.727703 -0.376305
v -0.167392 -0.498933 -0.253692
v -0.151444 -0.405497 -0.253388
v -0.106606 -0.660822 -0.320901
v -0.418570 -0.373115 -0.567119
v -0.236570 -0.362897 -0.228032
v -0.271434 -0.469809 -0.226977
v -0.339504 -0.107499 -0.258205
v -0.340469 -0.318139 -0.216206
v -0.319955 -0.219644 -0.235778
v -0.142939 -0.644254 -0.559532
v -0.422390 -0.095638 -0.288986
v -0.414532 -0.180169 -0.265790
v -0.172471 -0.579291 -0.609662
v -0.207845 -0.479951 -0.641768
v 0.007247 -0.606041 -0.611101
v -0.307411 -0.472042 -0.616617
v -0.064861 -0.205143 -0.171589
v -0.276714 -0.563988 -0.572300
v -0.102981 -0.308510 -0.239921
v -0.305493 -0.384809 -0.636995
v -0.401103 -0.301254 -0.600023
v -0.089467 -0.250250 -0.228422
v 0.055060 -0.286947 -0.144785
v -0.209450 -0.214412 -0.238442
v -0.016567 -0.450450 -0.184202
v -0.031533 -0.296717 -0.207623
v 0.000863 -0.245642 -0.171035
v 0.027121 -0.216359 -0.112811
v 0.069787 -0.368144 -0.117007
v -0.007028 -0.390797 -0.171844
v 0.023153 -0.336661 -0.165213
v -0.079861 -0.442378 -0.246682
v -0.054046 -0.352160 -0.212077
v 0.071960 -0.558965 -0.181328
v 0.053615 -0.559945 -0.212953
v 0.146254 -0.559581 -0.125695
v 0.137716 -0.607522 -0.214489
v 0.038183 -0.430705 -0.127202
v 0.102251 -0.474660 -0.095068
v 0.080607 -0.527620 -0.133881
v -0.006183 -0.574394 -0.271532
v -0.196270 -0.590798 -0.272498
v 0.031065 -0.530930 -0.191142
v -0.015035 -0.524032 -0.247340
v -0.092062 -0.585584 -0.282873
v 0.027375 -0.487987 -0.156350
v -0.108559 -0.124557 -0.088806
v -0.431356 0.362553 -0.077663
v -0.006685 -0.126417 -0.028237
v -0.045207 -0.172823 -0.096930
v -0.271405 -0.102732 -0.231938
v -0.116950 -0.163879 -0.154462
v -0.295327 -0.011604 -0.195824
v -0.353722 0.128473 -0.155682
v -0.354710 0.031372 -0.233393
v -0.420608 0.185158 -0.175056
v -0.392497 0.249576 -0.094238
v -0.435210 0.074609 -0.250804
v -0.483044 -0.223822 -0.402767
v -0.469073 0.314790 -0.106680
v -0.497545 0.239290 -0.176176
v -0.466420 -0.134965 -0.351883
v -0.542341 0.371704 -0.095756
v -0.511212 0.409162 -0.049014
v -0.467400 -0.071578 -0.408262
v -0.474110 -0.159605 -0.447233
v -0.460406 -0.004714 -0.336445
v -0.373002 -0.202587 -0.596221
v -0.439736 -0.163568 -0.547315
v -0.443418 -0.060779 -0.517053
v -0.468597 -0.281854 -0.303996
v -0.452460 -0.254571 -0.540783
v -0.475028 -0.317551 -0.447448
v 0.051780 -0.757148 -0.453616
v -0.419184 -0.485435 -0.411232
v -0.318586 -0.602072 -0.433710
v -0.356599 -0.519138 -0.540233
v -0.249642 -0.639279 -0.480374
v 0.199595 -0.779168 -0.535708
v 0.122272 -0.767216 -0.500798
v 0.292873 -0.789812 -0.535266
v -0.033851 -0.729055 -0.466881
v -0.022892 -0.679053 -0.560050
v -0.083324 -0.560446 -0.629487
v -0.176782 -0.684338 -0.447790
v -0.097933 -0.680370 -0.530230
v -0.060018 -0.629646 -0.597476
v -0.091141 -0.713868 -0.400926
v -0.216831 -0.668951 -0.372072
v -0.348626 -0.569356 -0.335482
v -0.374360 -0.454356 -0.574356
v -0.337716 -0.321166 -0.628724
v -0.467038 -0.375044 -0.395025
v -0.419959 -0.426478 -0.533658
v -0.365992 -0.389907 -0.611026
v -0.424448 -0.436149 -0.295644
v -0.142040 -0.083369 -0.102469
v -0.141011 -0.219727 -0.226238
v -0.164373 -0.042138 -0.068664
v -0.200121 0.006683 -0.047816
v -0.116345 -0.057177 -0.051943
v -0.233422 -0.000636 -0.085974
v -0.257789 -0.038686 -0.177582
v -0.195512 -0.030568 -0.101760
v -0.154894 -0.321259 -0.249382
v -0.268665 0.041462 -0.080132
v -0.054634 -0.414384 -0.213428
v 0.050829 -0.575789 -0.245611
v 0.118763 -0.583431 -0.174499
v -0.002869 -0.501642 -0.208632
v -0.035897 -0.473511 -0.228324
v 0.173411 -0.601736 -0.169982
v 0.089770 -0.583724 -0.215888
v 0.021233 -0.542695 -0.230673
v -0.096352 -0.371894 -0.239554
v -0.154531 -0.264889 -0.242085
v -0.203048 -0.152851 -0.220207
v -0.231176 -0.111344 -0.216805
v -0.146524 -0.133871 -0.181645
v -0.151455 -0.073230 -0.153312
v -0.160472 -0.160555 -0.202731
v -0.226234 -0.073997 -0.200991
v -0.177807 -0.043576 -0.153715
v -0.178820 -0.190682 -0.223634
v -0.236513 -0.155038 -0.232212
v -0.244873 -0.083224 -0.209930
v -0.209613 -0.030112 -0.140512
v -0.164866 -0.054770 -0.123109
v -0.133677 -0.112280 -0.146971
v -0.137706 -0.177263 -0.194864
v -0.161397 -0.099138 -0.188939
v -0.179965 -0.129630 -0.205496
v -0.187342 -0.065833 -0.189197
v -0.196351 -0.101844 -0.205703
v -0.154260 0.024156 -0.028034
v -0.183848 0.052626 0.005785
v -0.132032 0.059376 0.025029
v -0.239983 0.056330 -0.032907
v -0.124761 0.073988 0.065282
v -0.177537 0.092996 0.048699
v -0.090486 0.055777 0.065104
v -0.062922 0.052068 0.082452
v -0.048637 0.018068 0.055801
v -0.094138 0.084356 0.087126
v -0.011095 -0.007476 0.061267
v -0.047392 -0.075498 -0.014084
v -0.021189 0.041582 0.091640
v -0.021982 0.117270 0.104287
v -0.032997 -0.029879 0.023283
v -0.058806 0.088723 0.102734
v -0.000808 -0.061203 0.019846
v -0.092403 -0.016267 -0.040826
v -0.104340 0.018755 -0.042959
v -0.088573 0.051610 -0.001132
v -0.076775 0.043084 0.023799
v -0.060235 0.026641 0.020285
v -0.070507 -0.024216 -0.026935
v -0.050948 0.003549 -0.004659
v -0.051567 -0.033680 -0.006572
v -0.082413 -0.054943 -0.034297
v -0.045242 0.001542 0.022286
v -0.099737 0.054662 0.031482
v -0.068789 0.037458 0.044391
v -0.123849 0.049518 -0.016476
v -0.121389 -0.004951 -0.045437
v -0.067700 0.014423 -0.029931
v -0.066465 0.033828 0.006317
v -0.094067 0.119452 0.080195
v -0.134018 0.112403 0.072086
v -0.174694 0.161891 0.062821
v -0.236910 -0.021934 -0.131839
v -0.350086 0.170164 -0.079716
v -0.230441 0.139043 0.044555
v -0.309645 0.058953 -0.140249
v -0.209165 -0.045840 -0.176555
v -0.211863 -0.118447 -0.213703
v -0.280484 0.115081 -0.019026
v -0.307989 0.095365 -0.077828
v -0.209592 -0.082502 -0.202454
v -0.229528 -0.040698 -0.171724
v -0.275168 0.002919 -0.130151
v -0.334065 0.186670 -0.011190
v -0.285473 0.205984 0.058890
v -0.379054 0.265000 -0.024557
v -0.336508 0.268658 0.080920
v -0.288507 0.289956 0.132242
v -0.260272 0.340038 0.158385
v -0.241249 0.252276 0.099810
v -0.296884 0.375435 0.203941
v -0.335851 0.410906 0.248689
v -0.332563 0.339656 0.152990
v -0.289033 0.433132 0.304621
v -0.328949 0.460227 0.338929
v -0.259156 0.411863 0.244820
v -0.187749 0.520112 0.478187
v -0.244097 0.524724 0.451545
v -0.215131 0.482863 0.403808
v -0.184327 0.578021 0.513578
v -0.082547 0.552662 0.533840
v -0.250690 0.579673 0.472754
v -0.074687 0.598667 0.563828
v -0.167289 0.625414 0.531323
v -0.038218 0.562110 0.542157
v -0.091490 0.713359 0.559661
v -0.054598 0.641167 0.572401
v -0.113440 0.628603 0.555182
v -0.077804 0.670630 0.567967
v -0.061736 0.702252 0.569939
v -0.131555 0.723980 0.543970
v -0.072629 0.743612 0.562524
v -0.109737 0.737328 0.552860
v -0.161132 0.726257 0.533695
v -0.156408 0.694858 0.534058
v -0.144606 0.757236 0.535961
v -0.173708 0.675923 0.530733
v -0.135728 0.543988 0.520539
v -0.192278 0.711089 0.520504
v -0.128994 0.593151 0.545845
v -0.154611 0.653232 0.535099
v -0.112211 0.649648 0.541286
v -0.093067 0.702332 0.543844
v -0.200820 0.652840 0.514438
v -0.089611 0.672552 0.550401
v -0.122501 0.709673 0.532340
v -0.143186 0.690030 0.523962
v -0.140273 0.659210 0.527482
v -0.150826 0.671855 0.530096
v -0.140316 0.707105 0.535390
v -0.109774 0.716255 0.546418
v -0.086035 0.691020 0.559403
v -0.097056 0.652606 0.557220
v -0.133563 0.644263 0.539944
v -0.103648 0.664309 0.510829
v -0.096695 0.693923 0.511417
v -0.094436 0.675767 0.515018
v -0.111759 0.702249 0.505101
v -0.120387 0.688530 0.497977
v -0.117817 0.669616 0.502217
v -0.128168 0.701096 0.515548
v -0.104177 0.705422 0.522610
v -0.096848 0.664178 0.531349
v -0.122229 0.656102 0.520665
v -0.136423 0.674902 0.511329
v -0.090854 0.687019 0.531908
v -0.107327 0.679527 0.497198
v -0.571800 0.448019 0.130457
v -0.072977 0.817618 0.545617
v -0.107682 0.781714 0.546184
v -0.478052 0.429347 -0.002389
v -0.085097 0.923588 0.485159
v -0.116863 0.866067 0.515921
v -0.534143 0.430085 0.061283
v -0.431622 0.427621 0.164690
v -0.580296 0.425251 0.004217
v -0.377257 0.442763 0.280104
v -0.479950 0.433547 0.098940
v -0.490311 0.440582 0.163537
v -0.370848 0.404393 0.191315
v -0.478782 0.452307 0.228716
v -0.411387 0.429163 0.216822
v -0.386287 0.385619 -0.027856
v -0.371613 0.335935 0.004525
v -0.352639 0.333986 0.060160
v -0.351342 0.368405 0.109844
v -0.414736 0.452358 -0.008649
v -0.408501 0.423997 0.123166
v -0.423116 0.442091 0.061792
v -0.373411 0.404658 0.134573
v -0.438612 0.430636 0.116566
v -0.395018 0.414839 0.155444
v -0.353486 0.382547 0.151311
v -0.342732 0.325617 0.102306
v -0.407057 0.412359 -0.051209
v -0.448044 0.439829 0.034249
v -0.361717 0.295295 0.029652
v -0.390345 0.332656 -0.034928
v -0.367979 0.404641 0.000882
v -0.360906 0.373875 0.020141
v -0.357023 0.372274 0.045942
v -0.358842 0.388897 0.078257
v -0.368263 0.432424 0.009476
v -0.381865 0.424880 0.090822
v -0.378440 0.444335 0.057438
v -0.369735 0.410433 0.095966
v -0.361582 0.394478 0.105069
v -0.353938 0.365888 0.075640
v -0.359205 0.352858 0.030819
v -0.371859 0.372839 -0.003205
v -0.396144 0.456288 0.025759
v -0.402170 0.435418 0.084542
v -0.379038 0.421213 -0.013740
v -0.383960 0.416599 0.114813
v -0.359091 0.392539 0.052621
v -0.363127 0.413536 0.057290
v -0.360230 0.398068 0.025969
v -0.363297 0.424960 0.037880
v -0.364283 0.408685 0.075084
v -0.370281 0.425913 0.069369
v -0.484767 0.076722 -0.382848
v -0.502663 0.155259 -0.287653
v -0.533079 0.251550 -0.315294
v -0.556879 0.329517 -0.193292
v -0.577194 0.411864 -0.165613
v -0.592300 0.432083 -0.069595
v -0.634849 0.479594 -0.005274
v -0.626036 0.479619 0.189353
v -0.675726 0.500680 0.134118
v -0.636390 0.460308 0.070406
v -0.688677 0.534680 0.289234
v -0.430295 0.470417 0.304254
v -0.656535 0.538561 0.320062
v -0.422691 0.568608 0.412312
v -0.563210 0.476769 0.243821
v -0.334356 0.560828 0.428652
v -0.237418 0.452990 0.334092
v -0.309216 0.510790 0.409591
v -0.688018 0.511735 0.227762
v -0.408809 0.535152 0.391064
v -0.603046 0.514420 0.312030
v -0.378404 0.491474 0.358249
v -0.540042 0.490887 0.293563
v -0.640775 0.505848 0.267838
v -0.270938 0.474310 0.382112
v -0.261074 0.626898 0.473312
v -0.089636 0.194940 0.034607
v -0.341750 0.607592 0.437209
v -0.019912 0.187983 0.028018
v -0.153414 0.222290 0.049645
v -0.215720 0.364745 0.118282
v -0.200733 0.287087 0.073441
v -0.212959 0.429589 0.188004
v -0.143189 0.502612 0.385429
v -0.168232 0.491911 0.321056
v -0.070347 0.526287 0.442742
v -0.033228 0.533758 0.450499
v -0.108195 0.515206 0.426592
v -0.193310 0.471061 0.259641
v -0.220966 0.441294 0.265680
v -0.194749 0.473825 0.334488
v -0.173295 0.492224 0.403993
v -0.130720 0.163617 0.059601
v -0.195650 0.224220 0.072241
v -0.228854 0.309140 0.114151
v -0.233386 0.386710 0.178471
v -0.137755 0.512490 0.463763
v -0.095370 0.530243 0.489139
v -0.054877 0.144818 0.066633
v -0.053264 0.542023 0.500555
v -0.082437 0.291903 -0.047327
v -0.021449 0.289509 -0.061792
v -0.134784 0.309636 -0.021815
v -0.177869 0.411765 0.058066
v -0.169888 0.359407 0.016213
v -0.177564 0.459965 0.112494
v -0.124179 0.523030 0.259938
v -0.143246 0.510049 0.212718
v -0.067870 0.541317 0.298117
v -0.035222 0.547943 0.304079
v -0.097231 0.533266 0.286900
v -0.161393 0.492216 0.165338
v -0.148099 0.508154 0.297778
v -0.118796 0.517186 0.345912
v -0.196437 0.353255 0.065333
v -0.199584 0.417491 0.116282
v -0.086467 0.526564 0.367302
v -0.169166 0.494895 0.239056
v -0.168280 0.286071 0.030284
v -0.190453 0.465529 0.183994
v -0.052639 0.241509 -0.015298
v -0.051739 0.533848 0.377680
v -0.114279 0.252122 0.008351
v -0.062314 0.415185 -0.080634
v -0.025793 0.415802 -0.095180
v -0.097013 0.419781 -0.054086
v -0.124922 0.466001 0.012582
v -0.116731 0.435938 -0.022958
v -0.122348 0.491676 0.052814
v -0.092162 0.538915 0.141365
v -0.104046 0.527305 0.115807
v -0.055459 0.555568 0.158879
v -0.032461 0.561536 0.160446
v -0.075040 0.548133 0.155273
v -0.114536 0.512543 0.087425
v -0.154972 0.458776 0.054056
v -0.148094 0.492294 0.102904
v -0.103976 0.367188 -0.066776
v -0.135500 0.385080 -0.028705
v -0.051242 0.556777 0.228591
v -0.120216 0.526782 0.181501
v -0.099717 0.537725 0.210392
v -0.150869 0.418487 0.009960
v -0.076730 0.547897 0.222275
v -0.053552 0.352562 -0.098186
v -0.134294 0.515186 0.140506
v -0.052787 0.460901 -0.042726
v -0.079905 0.510400 0.046806
v -0.082534 0.497031 0.021731
v -0.070487 0.469216 -0.026885
v -0.067262 0.529503 0.081968
v -0.057628 0.536368 0.093566
v -0.081039 0.483298 -0.004942
v -0.045967 0.540624 0.097903
v -0.031379 0.458723 -0.052233
v -0.073633 0.521335 0.065541
v -0.032746 0.543597 0.099289
v -0.303103 0.661241 0.432977
v -0.226906 0.682674 0.499109
v 0.027536 -0.572412 -0.773583
v 0.280472 -0.614438 -0.693238
v 0.152140 -0.611482 -0.741327
v 0.204881 -0.680843 -0.645160
v -0.072915 -0.530977 -0.778009
v 0.064930 -0.633166 -0.671921
v -0.121033 -0.508362 -0.708956
v -0.029207 -0.577620 -0.697220
v -0.293608 -0.311756 -0.698372
v -0.273043 -0.314850 -0.768717
v -0.241757 -0.386506 -0.707133
v -0.192429 -0.431182 -0.773766
v -0.310375 -0.251556 -0.755133
v -0.361618 -0.143124 -0.729634
v -0.498572 0.144573 -0.407154
v -0.332690 -0.238234 -0.682432
v -0.399596 0.014611 -0.543106
v -0.389160 -0.077596 -0.636894
v -0.403044 0.183161 -0.505167
v -0.526949 0.311776 -0.351102
v 0.038452 -0.733682 -0.503798
v -0.465685 -0.189206 -0.501877
v -0.466576 -0.014686 -0.441132
v -0.456514 -0.326081 -0.519935
v -0.381510 -0.528360 -0.472364
v -0.227315 -0.628259 -0.530747
v 0.198664 -0.755011 -0.559237
v -0.110036 -0.698628 -0.486643
v -0.443784 -0.429923 -0.457179
v -0.448551 0.110748 -0.493359
v -0.444420 0.264162 -0.472972
v -0.493853 0.210987 -0.433286
v -0.465210 0.039757 -0.465362
v -0.454214 -0.382455 -0.491290
v -0.172415 -0.666983 -0.505379
v -0.036253 -0.707747 -0.514622
v 0.116864 -0.745315 -0.532283
v -0.311983 -0.584236 -0.508113
v -0.409412 -0.473350 -0.502760
v -0.474553 -0.250739 -0.478545
v -0.464466 -0.107628 -0.476541
v 0.288785 -0.766335 -0.553078
v -0.337801 0.344450 -0.480462
v -0.362132 0.475743 -0.398417
v -0.361887 0.408642 -0.446162
v -0.153498 0.522076 -0.450713
v -0.484524 0.327568 -0.409145
v -0.284431 0.541533 -0.414180
v -0.309319 0.392883 -0.472461
v -0.308279 0.465673 -0.448535
v -0.218499 0.531877 -0.440142
v -0.081571 0.644946 -0.408236
v -0.247381 0.453821 -0.459076
v -0.225010 0.437389 -0.586511
v -0.183667 0.604748 -0.410571
v -0.122514 0.589987 -0.430803
v -0.065792 0.568812 -0.451755
v -0.053007 0.517063 -0.552746
v -0.127942 0.488312 -0.566943
v -0.099514 0.525548 -0.501217
v -0.365223 0.278941 -0.614852
v -0.186481 0.471678 -0.516726
v -0.288735 0.384107 -0.598595
v -0.264799 0.401886 -0.536861
v -0.306204 0.356373 -0.548493
v -0.398422 0.202925 -0.639164
v -0.375575 0.241719 -0.572397
v -0.411608 0.036431 -0.678118
v -0.406946 0.116395 -0.592953
v -0.465033 0.484728 -0.263111
v -0.394641 0.471237 -0.331546
v -0.385878 0.679320 0.035702
v -0.513133 0.602946 -0.073877
v -0.428166 0.677605 0.028289
v -0.602303 0.475432 -0.090103
v -0.600340 0.683341 0.228430
v -0.466771 0.666859 0.019215
v -0.635573 0.670757 0.256140
v -0.712600 0.527764 0.187096
v -0.626645 0.660074 0.305543
v -0.601732 0.678856 0.282268
v -0.360863 0.304671 -0.488615
v -0.410175 0.415032 -0.386693
v -0.324567 0.342893 -0.610117
v -0.542013 0.433479 -0.249361
v -0.672931 0.563098 0.056815
v -0.563099 0.584683 -0.052191
v -0.719805 0.590413 0.262611
v -0.683156 0.642224 0.190718
v -0.698737 0.599875 0.308302
v -0.703334 0.618204 0.286742
v -0.716367 0.612228 0.234508
v -0.688292 0.609120 0.128636
v -0.620577 0.568339 -0.008589
v -0.561508 0.507488 -0.151917
v -0.482272 0.425984 -0.326113
v -0.334130 0.318116 -0.557421
v -0.394676 0.355572 -0.448731
v -0.619595 0.672932 0.194218
v -0.692980 0.639743 0.260809
v -0.674977 0.631872 0.304511
v -0.406354 0.625699 -0.057790
v -0.662638 0.660067 0.229969
v -0.661333 0.653798 0.280227
v -0.673825 0.595417 0.333210
v -0.677477 0.610962 0.321194
v -0.651792 0.550898 0.339006
v -0.676779 0.557759 0.322592
v -0.653447 0.612805 0.345375
v -0.611809 0.553123 0.361088
v -0.580663 0.536715 0.352612
v -0.482469 0.494010 0.323431
v -0.532618 0.514770 0.340005
v -0.476782 0.471123 0.281968
v -0.576035 0.604227 0.381359
v -0.601519 0.621675 0.362194
v -0.521259 0.546296 0.377599
v -0.481234 0.526054 0.366997
v -0.499033 0.616933 0.402884
v -0.542840 0.637800 0.381201
v -0.472130 0.561137 0.396221
v -0.450125 0.536271 0.382926
v -0.464486 0.621735 0.412843
v -0.484717 0.644931 0.396067
v -0.386763 0.630006 0.428332
v -0.427787 0.658495 0.407774
v -0.348990 0.677338 0.399596
v -0.350514 0.641473 0.427678
v -0.309102 0.688280 0.400663
v -0.422303 0.591680 0.432874
v -0.441346 0.616072 0.431026
v -0.410141 0.622370 0.435630
v -0.426603 0.626876 0.434120
v -0.404006 0.590273 0.431036
v -0.405956 0.637872 0.427983
v -0.447269 0.631396 0.423332
v -0.438026 0.582984 0.421041
v -0.555047 0.599353 0.402261
v -0.536774 0.575080 0.402584
v -0.528562 0.604259 0.410296
v -0.542513 0.608759 0.408013
v -0.516923 0.570429 0.399044
v -0.521972 0.620992 0.404098
v -0.546453 0.564720 0.388496
v -0.560385 0.614339 0.393875
v -0.660733 0.588126 0.356933
v -0.651488 0.562849 0.356306
v -0.653540 0.594814 0.364171
v -0.643343 0.564505 0.365521
v -0.635324 0.551260 0.353725
v -0.637679 0.603275 0.366645
v -0.662719 0.598504 0.349597
v -0.661041 0.565896 0.345392
v -0.639921 0.632896 0.331539
v -0.497004 0.702004 0.332362
v -0.560024 0.682783 0.318640
v -0.585170 0.654160 0.344930
v -0.362332 0.734795 0.332299
v -0.518750 0.670729 0.363732
v -0.439849 0.721535 0.337634
v -0.464715 0.684770 0.374592
v -0.302770 0.756016 0.338967
v -0.395713 0.699903 0.376846
v -0.287096 0.735790 0.385631
v -0.325132 0.716068 0.366115
v -0.256615 0.830813 0.388183
v -0.250207 0.750751 0.447734
v -0.237434 0.799791 0.446449
v -0.277239 0.789107 0.361627
v -0.267856 0.724245 0.426690
v -0.263041 0.775183 0.409067
v -0.271275 0.688128 0.447965
v -0.271598 0.659173 0.462646
v -0.241561 0.718011 0.476035
v -0.214029 0.754820 0.494929
v -0.194178 0.850200 0.467596
v -0.223065 0.872851 0.418718
v -0.186979 0.783687 0.504296
v -0.218521 0.828194 0.455275
v -0.152563 0.815095 0.516110
v -0.166213 0.900182 0.460625
v -0.149101 0.996063 0.314560
v -0.136091 0.956664 0.431043
v -0.448230 0.728782 0.195108
v -0.266999 0.817970 -0.039901
v -0.329017 0.754468 0.297516
v -0.248059 0.879006 0.362845
v -0.307271 0.774852 0.267552
v -0.281206 0.819021 0.281629
v -0.288533 0.789089 0.312164
v -0.262441 0.868170 0.302689
v -0.269409 0.832079 0.333932
v -0.255621 0.896047 0.265336
v -0.293631 0.816817 0.195517
v -0.276747 0.847035 0.245273
v -0.275116 0.863576 0.203278
v -0.506349 0.714559 0.267650
v -0.296889 0.797256 0.233611
v -0.319382 0.767723 0.192497
v -0.339547 0.754514 0.230641
v -0.450911 0.736266 0.269654
v -0.475328 0.722293 0.300498
v -0.531676 0.701548 0.295261
v -0.410267 0.743968 0.302101
v -0.500845 0.710818 0.193007
v -0.374467 0.751363 0.266805
v -0.569201 0.693169 0.261355
v -0.301819 0.815488 0.109785
v -0.332958 0.737403 0.116864
v -0.480169 0.723922 0.234446
v -0.534443 0.704691 0.232149
v -0.315236 0.777418 0.112795
v -0.418171 0.744309 0.234082
v -0.379558 0.741282 0.194442
v -0.557137 0.692196 0.189866
v -0.314237 0.777549 0.154414
v -0.348103 0.737131 0.155770
v -0.276340 0.866436 0.160754
v -0.295923 0.823679 0.153586
v -0.323301 0.755860 0.029106
v -0.360382 0.559522 -0.178378
v -0.333432 0.723919 0.031747
v -0.319236 0.768368 0.068583
v -0.331066 0.732166 0.075123
v -0.433991 0.619969 -0.072980
v -0.303874 0.808811 0.070120
v -0.333029 0.716704 -0.030247
v -0.341052 0.685262 -0.038099
v -0.334812 0.716301 -0.005208
v -0.346127 0.683919 -0.005300
v -0.503933 0.644860 0.000926
v -0.320919 0.757461 -0.000440
v -0.312384 0.727904 -0.072093
v -0.309196 0.662822 -0.091776
v -0.308416 0.696849 -0.084315
v -0.331742 0.699769 -0.059431
v -0.331847 0.665159 -0.070202
v -0.322430 0.738248 -0.045544
v -0.256315 0.791099 -0.074720
v -0.239710 0.729196 -0.093931
v -0.246414 0.763326 -0.084224
v -0.281551 0.741439 -0.082598
v -0.277836 0.709215 -0.091998
v -0.270998 0.680032 -0.104661
v -0.293523 0.766002 -0.063971
v -0.174037 0.866925 -0.065802
v -0.157312 0.795379 -0.081536
v -0.164498 0.832618 -0.072867
v -0.214623 0.815753 -0.075334
v -0.205334 0.781886 -0.082386
v -0.197841 0.748887 -0.098918
v -0.227447 0.846343 -0.056734
v -0.111704 0.875309 -0.058407
v -0.105643 0.842335 -0.068854
v -0.106680 0.818604 -0.093591
v -0.614893 0.628261 0.068093
v -0.513666 0.695272 0.142249
v -0.466493 0.712258 0.147619
v -0.524786 0.673539 0.088267
v -0.544441 0.642005 0.029039
v -0.478987 0.694585 0.097446
v -0.216711 0.948150 0.295606
v -0.233991 0.932808 0.183595
v -0.255027 0.889521 0.088111
v -0.266383 0.848924 0.015392
v -0.234777 0.916340 0.334241
v -0.247172 0.915795 0.224589
v -0.271628 0.873156 0.122463
v -0.292648 0.821240 0.038471
v -0.300644 0.784293 -0.021357
v -0.432574 0.708287 0.105497
v -0.204988 0.915507 0.399243
v -0.165054 0.993153 0.199861
v -0.181704 0.967732 0.104806
v -0.188935 0.937860 0.033552
v -0.213758 0.948808 0.142989
v -0.193522 0.973992 0.247882
v -0.102594 0.999386 0.380224
v -0.232112 0.878693 -0.003299
v -0.228468 0.911507 0.058790
v -0.180183 0.960518 0.365504
v -0.187193 0.905868 -0.026569
v -0.128598 0.988739 0.068370
v -0.120962 1.010109 0.153881
v -0.110270 1.017781 0.260232
v -0.128946 0.961568 0.005336
v -0.119339 0.916133 -0.048599
v -0.410808 0.725641 0.151975
v -0.571672 0.675902 0.143940
v -0.379128 0.713042 0.115011
v -0.615393 0.659958 0.142918
v -0.406426 0.696560 0.071314
v -0.452563 0.690243 0.061699
v -0.491380 0.671844 0.051584
v -0.358682 0.702025 0.079046
v -0.377732 0.631338 -0.048647
v -0.350094 0.692929 0.036751
v -0.438693 0.652723 -0.018135
v -0.405216 0.654567 -0.010061
v -0.369149 0.659964 -0.005762
v -0.335195 0.578111 -0.141037
v -0.472913 0.640104 -0.032980
v -0.352456 0.652891 -0.043990
v -0.339214 0.631191 -0.075226
v -0.450341 0.541937 -0.191202
v -0.510360 0.534396 -0.172943
v -0.465530 0.599649 -0.103507
v -0.338486 0.581036 -0.299412
v -0.364726 0.526508 -0.308324
v -0.390307 0.586038 -0.107561
v -0.364535 0.599947 -0.088166
v -0.416774 0.570449 -0.139847
v -0.388952 0.534566 -0.225598
v -0.338240 0.538316 -0.371793
v -0.316205 0.610686 -0.111728
v -0.331409 0.617400 -0.234906
v -0.289574 0.644937 -0.162898
v -0.351967 0.569527 -0.241959
v -0.309612 0.630430 -0.182987
v -0.331229 0.595351 -0.192239
v -0.226707 0.710880 -0.119337
v -0.308836 0.610673 -0.157530
v -0.248449 0.692108 -0.147188
v -0.279854 0.646949 -0.132050
v -0.185211 0.752049 -0.134337
v -0.154166 0.776807 -0.109707
v -0.102734 0.816738 -0.123101
v -0.136023 0.793825 -0.200045
v -0.300497 0.663806 -0.209818
v -0.265980 0.688812 -0.246295
v -0.236954 0.728437 -0.205151
v -0.300054 0.635472 -0.277077
v -0.142708 0.662106 -0.377981
v -0.179268 0.752886 -0.239516
v -0.218690 0.704417 -0.275515
v -0.106202 0.761106 -0.268345
v -0.159836 0.713719 -0.306771
v -0.255950 0.650377 -0.312162
v -0.244709 0.606029 -0.381929
v -0.202984 0.662417 -0.345680
v -0.094190 0.709561 -0.342407
v -0.297634 0.594746 -0.345786
v -0.269633 0.685786 -0.177457
v -0.119418 0.806151 -0.153500
v -0.208690 0.741301 -0.166858
v 0.023182 -0.415651 -0.812309
v 0.227046 -0.489226 -0.746328
v 0.123349 -0.476334 -0.780054
v -0.047717 -0.361299 -0.825436
v -0.200064 -0.205410 -0.823220
v -0.134730 -0.284079 -0.830539
v -0.230299 -0.153293 -0.812066
v -0.264265 -0.070063 -0.790400
v -0.170895 0.347102 -0.686752
v -0.030522 0.408601 -0.644244
v -0.091642 0.387490 -0.663977
v -0.234431 0.207135 -0.797547
v -0.192492 0.296823 -0.744887
v -0.285329 0.187804 -0.719765
v -0.292477 0.059280 -0.754082
v -0.244522 0.279072 -0.701171
v -0.017308 -0.467579 -0.798982
v 0.072273 -0.524985 -0.772295
v -0.069551 0.453279 -0.599975
v 0.198887 -0.559212 -0.730474
v -0.331806 0.242403 -0.677576
v -0.343905 0.131425 -0.707235
v -0.250358 -0.226231 -0.794762
v -0.201594 -0.296858 -0.805562
v -0.149520 0.417613 -0.626386
v -0.232208 0.368484 -0.646184
v -0.328449 -0.027308 -0.748778
v -0.100391 -0.405263 -0.808313
v -0.206645 0.264120 -0.783353
v -0.308169 0.287527 -0.667088
v -0.284543 -0.159778 -0.781742
v -0.239728 0.231740 -0.752736
v -0.264133 0.338299 -0.655378
v -0.252544 0.163138 -0.782397
v -0.124162 0.331687 -0.740257
v -0.231585 0.161092 -0.834299
v -0.155006 0.295583 -0.788934
v -0.052621 0.352384 -0.720405
v -0.084339 0.303380 -0.791570
v -0.020856 0.311991 -0.775012
v -0.106924 0.267096 -0.835489
v -0.076942 0.237328 -0.851415
v -0.104684 0.212664 -0.873965
v -0.046841 0.268643 -0.819863
v -0.120673 0.122348 -0.911341
v -0.100996 0.171185 -0.893634
v -0.052768 0.194719 -0.871876
v -0.196535 0.144684 -0.877570
v -0.169468 0.129266 -0.897344
v -0.143814 0.164007 -0.896413
v -0.191911 0.250812 -0.809252
v -0.230040 0.125464 -0.843892
v -0.206731 0.092948 -0.871231
v -0.213010 0.214015 -0.820675
v -0.256620 0.106041 -0.789518
v -0.210267 0.179834 -0.844556
v -0.158374 0.269316 -0.815935
v -0.131936 0.252579 -0.838437
v -0.127841 0.214939 -0.864307
v -0.187303 0.165384 -0.868256
v -0.151947 0.178524 -0.877543
v -0.130859 0.192821 -0.882765
v -0.116795 0.240798 -0.855678
v -0.135638 0.276994 -0.821905
v -0.171431 0.161943 -0.884221
v -0.177072 0.275516 -0.801754
v -0.214637 0.237192 -0.805189
v -0.208052 0.161390 -0.860840
v -0.226758 0.190216 -0.827804
v -0.180041 0.224802 -0.814418
v -0.189352 0.209141 -0.820725
v -0.187833 0.188025 -0.834854
v -0.158791 0.235057 -0.817895
v -0.146855 0.228310 -0.827627
v -0.144660 0.205066 -0.844168
v -0.177427 0.180881 -0.844206
v -0.155005 0.188733 -0.849572
v -0.194999 0.225651 -0.815943
v -0.202121 0.197078 -0.830372
v -0.168568 0.174901 -0.862183
v -0.142638 0.195576 -0.861744
v -0.135188 0.226478 -0.844083
v -0.148264 0.248794 -0.824827
v -0.172409 0.247716 -0.813477
v -0.192305 0.176698 -0.849145
v -0.177210 0.199589 -0.824817
v -0.164992 0.192502 -0.834794
v -0.154036 0.209223 -0.829241
v -0.166494 0.216237 -0.818269
v -0.013954 0.233937 -0.841955
v -0.233392 0.058008 -0.828197
v -0.249750 0.005748 -0.802480
v -0.014688 0.154854 -0.897626
v -0.193760 0.033943 -0.876793
v -0.106823 0.067787 -0.928869
v -0.209271 -0.021994 -0.851440
v -0.161563 0.077335 -0.905830
v -0.003225 0.088349 -0.941612
v -0.063610 0.110273 -0.920556
v 0.004533 0.016216 -0.961797
v -0.090462 0.018168 -0.948626
v -0.049754 0.048362 -0.948403
v -0.218777 -0.088061 -0.833530
v -0.143063 0.026793 -0.921136
v -0.167391 -0.019169 -0.906051
v -0.151551 -0.127454 -0.934471
v -0.050461 -0.002106 -0.963623
v -0.037103 -0.034168 -0.972926
v -0.085513 -0.010318 -0.959698
v 0.007068 -0.038834 -0.965866
v -0.120939 -0.005865 -0.943342
v -0.138131 -0.028704 -0.938843
v -0.171080 -0.055816 -0.907643
v -0.162272 -0.078131 -0.925099
v -0.173560 -0.112124 -0.904107
v -0.197820 -0.145783 -0.846419
v -0.191745 -0.097532 -0.870858
v -0.112310 -0.151668 -0.956843
v -0.146858 -0.163129 -0.924682
v -0.160542 -0.204452 -0.862143
v -0.173597 -0.153434 -0.883242
v -0.084307 -0.180036 -0.953531
v -0.062180 -0.137987 -0.976785
v -0.122425 -0.206577 -0.907960
v -0.027555 -0.086235 -0.978774
v -0.017496 -0.129488 -0.970114
v -0.040527 -0.200095 -0.939405
v 0.039369 -0.085668 -0.954764
v -0.135675 -0.115197 -0.938676
v -0.058595 -0.050100 -0.971041
v -0.088208 -0.026770 -0.957683
v -0.125733 -0.039026 -0.944211
v -0.143724 -0.076358 -0.936988
v -0.106211 -0.132346 -0.952429
v -0.073228 -0.117359 -0.968986
v -0.055182 -0.086507 -0.976842
v -0.043993 -0.065891 -0.979690
v -0.065404 -0.027059 -0.967937
v -0.149452 -0.099324 -0.935411
v -0.127364 -0.134324 -0.946579
v -0.109677 -0.020545 -0.951574
v -0.088127 -0.134988 -0.965617
v -0.055669 -0.106854 -0.979763
v -0.144915 -0.052505 -0.938145
v -0.118083 -0.103157 -0.933113
v -0.072225 -0.064561 -0.955147
v -0.089658 -0.050042 -0.945648
v -0.112428 -0.057410 -0.937338
v -0.123187 -0.079566 -0.933153
v -0.099414 -0.113899 -0.941328
v -0.080183 -0.104543 -0.952579
v -0.070312 -0.086198 -0.958482
v -0.061968 -0.072077 -0.967769
v -0.074797 -0.044269 -0.958764
v -0.088777 -0.120254 -0.954581
v -0.067999 -0.099345 -0.966349
v -0.129502 -0.061745 -0.938337
v -0.133241 -0.094400 -0.935009
v -0.105410 -0.039084 -0.946567
v -0.117458 -0.120147 -0.940573
v -0.102542 -0.100096 -0.933756
v -0.089910 -0.100432 -0.940408
v 0.087118 -0.345218 -0.874774
v 0.195396 -0.418301 -0.823771
v 0.085738 -0.200765 -0.907932
v 0.066279 -0.290270 -0.891191
v -0.080600 -0.091396 -0.946190
v 0.051536 -0.333107 -0.867364
v -0.108630 -0.074144 -0.932168
v 0.088815 -0.267394 -0.899963
v -0.110088 -0.088798 -0.930952
v 0.108869 -0.397344 -0.844414
v -0.084047 -0.067058 -0.942768
v -0.097685 -0.064617 -0.936266
v -0.078074 -0.079251 -0.947250
v 0.061832 -0.153113 -0.928563
v 0.002460 -0.216396 -0.920501
v -0.082916 -0.251898 -0.879983
v 0.089061 -0.309271 -0.890527
v 0.017314 -0.325919 -0.860297
v 0.148570 -0.390103 -0.859224
v 0.122418 -0.352882 -0.879576
v 0.177185 -0.367956 -0.873717
v 0.067559 -0.396513 -0.829460
v 0.165762 -0.444572 -0.796848
v 0.047594 -0.269820 -0.895296
v 0.121735 -0.232166 -0.901331
v 0.086668 -0.240264 -0.902927
v -0.013187 -0.302762 -0.865772
v -0.042640 -0.282451 -0.870458
v 0.030488 -0.243238 -0.904331
v 0.113982 -0.275616 -0.893286
v 0.114283 -0.302856 -0.886789
v 0.134179 -0.332262 -0.876448
v 0.172731 -0.340941 -0.871974
v 0.136383 -0.252486 -0.891113
v 0.111833 -0.257236 -0.899518
v 0.097777 -0.287052 -0.895930
v 0.112697 -0.324617 -0.885834
v 0.149172 -0.350969 -0.876545
v 0.130542 -0.287854 -0.876882
v 0.136007 -0.308074 -0.869561
v 0.157401 -0.324213 -0.862914
v 0.138011 -0.271511 -0.878355
v -0.457402 0.368249 -0.397298
v -0.351328 0.302910 -0.609995
v -0.599252 0.509590 -0.088046
v -0.720772 0.580331 0.191830
v -0.382469 0.270703 -0.494511
v -0.551983 0.390051 -0.259302
v -0.676399 0.513177 0.066341
v -0.712648 0.543485 0.259502
v -0.697510 0.561861 0.307839
v -0.673611 0.573412 0.332766
v -0.615528 0.599439 0.370890
v -0.567227 0.565013 0.378588
v -0.495419 0.580390 0.401508
v -0.458172 0.586183 0.412085
v -0.386167 0.605799 0.431267
v -0.437498 0.596174 0.429697
v -0.409240 0.602279 0.436352
v -0.549928 0.580675 0.399896
v -0.526769 0.585430 0.408792
v -0.659795 0.574116 0.354204
v -0.643211 0.587503 0.371692
v -0.666958 0.583631 0.345298
v -0.653562 0.578824 0.364805
v -0.562741 0.587265 0.392049
v -0.541472 0.592978 0.408155
v -0.452145 0.604423 0.422772
v -0.425006 0.608648 0.436411
v -0.397094 0.615395 0.434125
v -0.479051 0.601456 0.407761
v -0.511245 0.596953 0.407113
v -0.592076 0.580280 0.375232
v -0.629525 0.573690 0.374263
v -0.687110 0.583961 0.321912
v -0.420204 0.317986 -0.456661
v -0.517225 0.379231 -0.333508
v -0.574209 0.451337 -0.172698
v -0.636494 0.518625 -0.009412
v -0.714222 0.545431 0.131793
v -0.721630 0.560391 0.230488
v -0.714292 0.573637 0.287270
v -0.353328 0.286195 -0.562123
v 0.351133 -0.770019 -0.152956
v 0.423540 -0.762354 -0.190642
v 0.461166 -0.805779 -0.251724
v 0.436977 -0.870701 -0.312241
v 0.405512 -0.873207 -0.239585
v 0.376475 -0.830891 -0.179740
v 0.324327 -0.684833 -0.173429
v 0.423837 -0.664518 -0.208925
v 0.482248 -0.708925 -0.288609
v 0.465792 -0.815828 -0.392999
v 0.439024 -0.680902 -0.524912
v 0.421448 -0.647990 -0.552567
v 0.489827 -0.509836 -0.511298
v 0.508634 -0.635509 -0.338151
v 0.523350 -0.590882 -0.394673
v 0.462274 -0.759355 -0.451987
v 0.296559 -0.613527 -0.194259
v 0.377116 -0.555157 -0.222355
v 0.479284 -0.501687 -0.248774
v 0.473675 -0.296689 -0.199550
v 0.456002 -0.191958 -0.180810
v 0.441363 -0.067425 -0.181144
v 0.469996 0.071432 -0.222261
v 0.568718 -0.299590 -0.524856
v 0.602637 -0.182589 -0.539417
v 0.606824 -0.016669 -0.545167
v 0.292845 -0.125189 -0.210804
v 0.211306 -0.159776 -0.181793
v 0.134474 -0.221192 -0.128411
v 0.154344 -0.292333 -0.126108
v 0.239735 -0.247822 -0.166685
v 0.353518 -0.207718 -0.207039
v 0.360736 -0.396076 -0.200246
v 0.316819 -0.467571 -0.161418
v 0.277091 -0.571313 -0.170242
v 0.233095 -0.471691 -0.088376
v 0.188593 -0.372301 -0.080442
v 0.361305 -0.314002 -0.199143
v 0.466534 -0.383302 -0.220070
v 0.301972 -0.415732 -0.127565
v 0.272624 -0.328660 -0.122281
v 0.128149 -0.143788 -0.063953
v 0.209733 -0.089345 -0.113441
v 0.376331 0.111138 -0.211821
v 0.416402 0.251855 -0.192660
v 0.444414 0.371284 -0.134365
v 0.473887 0.469449 -0.085592
v 0.526486 0.164389 -0.319611
v 0.555955 0.135778 -0.470558
v 0.574713 0.069175 -0.527792
v 0.583268 0.092227 -0.284184
v 0.617176 0.068217 -0.451853
v 0.683655 -0.075757 -0.381506
v 0.661403 -0.187028 -0.446365
v 0.523797 -0.561654 -0.433139
v 0.454805 -0.725049 -0.484655
v 0.574009 -0.411306 -0.443081
v 0.622667 -0.310582 -0.434537
v 0.534170 -0.387507 -0.514222
v 0.570178 -0.461298 -0.328121
v 0.613204 -0.354389 -0.289284
v 0.659246 -0.243913 -0.261660
v 0.666573 -0.005067 -0.379028
v 0.616129 -0.077153 -0.544472
v 0.660850 -0.123634 -0.228465
v 0.631363 -0.016228 -0.223230
v 0.218142 0.001657 -0.058889
v 0.259075 0.076227 -0.059970
v 0.338838 0.128409 -0.142924
v 0.322443 -0.312772 -0.165870
v 0.261252 -0.539323 -0.130322
v 0.332039 -0.483580 -0.193802
v 0.334999 -0.396029 -0.168960
v 0.303106 -0.218841 -0.195127
v 0.351765 -0.094523 -0.210634
v 0.332245 -0.027371 -0.200837
v 0.341156 0.032366 -0.197218
v 0.284226 0.078960 -0.137701
v 0.231538 0.008439 -0.114330
v 0.243696 -0.046137 -0.152971
v 0.253234 0.060286 -0.112491
v 0.282246 -0.062307 -0.191337
v 0.264595 -0.017465 -0.175978
v 0.244044 0.033185 -0.158172
v 0.307940 0.033492 -0.185141
v 0.299760 0.002300 -0.187635
v 0.240836 0.112298 -0.011703
v 0.192123 0.127428 0.045054
v 0.132083 0.106006 0.086687
v 0.088524 0.046715 0.079736
v 0.101434 -0.063988 0.002683
v 0.059987 0.082798 0.110636
v 0.077060 -0.018914 0.042999
v 0.140878 -0.005536 -0.015089
v 0.111019 0.014911 0.012386
v 0.128402 0.087133 0.048548
v 0.149068 0.106454 0.017909
v 0.175684 0.084243 -0.028793
v 0.109764 0.050988 0.040590
v 0.173573 0.024014 -0.034455
v 0.142142 0.045160 -0.031330
v 0.115616 0.064611 -0.001422
v 0.116929 0.069008 0.019583
v 0.127716 0.138463 0.104447
v 0.208764 0.180331 0.078569
v 0.351991 0.228859 -0.100588
v 0.306148 0.175972 -0.040581
v 0.279779 0.043428 -0.175610
v 0.310748 0.068272 -0.169681
v 0.306202 0.114039 -0.089505
v 0.302419 0.240416 0.028069
v 0.373988 0.317405 -0.045470
v 0.298103 0.312191 0.101146
v 0.290260 0.393141 0.163309
v 0.279030 0.467249 0.249839
v 0.225098 0.548301 0.407982
v 0.175077 0.587909 0.479151
v 0.059028 0.608000 0.553926
v 0.004623 0.607015 0.567336
v -0.000260 0.678837 0.572297
v 0.017539 0.733509 0.564515
v 0.070323 0.756028 0.542387
v 0.109416 0.726490 0.531885
v 0.110453 0.610578 0.531753
v 0.119212 0.677326 0.531420
v 0.088895 0.711551 0.530942
v 0.062733 0.731215 0.540965
v 0.029788 0.680571 0.559903
v 0.034081 0.716938 0.554714
v 0.091430 0.676267 0.534738
v 0.062949 0.658388 0.549228
v 0.054071 0.721814 0.518634
v 0.054776 0.671026 0.526453
v 0.076622 0.706957 0.510512
v 0.034172 0.685896 0.532812
v 0.035256 0.708205 0.527905
v 0.075562 0.681262 0.515516
v 0.047873 0.685918 0.501239
v 0.049163 0.704370 0.498302
v -0.003057 0.780351 0.556809
v -0.009984 0.876742 0.524940
v 0.506607 0.514264 0.002836
v 0.497769 0.524051 0.117159
v 0.429821 0.512458 0.194837
v 0.355424 0.484122 0.235357
v 0.400219 0.494739 0.142032
v 0.338647 0.418866 0.131600
v 0.418807 0.517837 -0.007473
v 0.358523 0.466408 0.158910
v 0.348445 0.378276 0.069087
v 0.427010 0.509176 0.077945
v 0.385818 0.451846 -0.047572
v 0.373654 0.389119 -0.004677
v 0.346175 0.445210 0.092998
v 0.354887 0.431573 0.012443
v 0.379396 0.514980 0.056968
v 0.358501 0.510793 -0.002506
v 0.346828 0.426442 0.054536
v 0.358905 0.468037 -0.012095
v 0.357120 0.471653 0.113251
v 0.376743 0.492539 0.104324
v 0.345725 0.452752 0.036405
v 0.344359 0.481637 0.018793
v 0.347535 0.465745 0.065857
v 0.354100 0.482862 0.081392
v 0.348150 0.492509 0.054700
v 0.508308 0.260839 -0.301451
v 0.526777 0.395392 -0.239218
v 0.554522 0.508776 -0.130997
v 0.598843 0.555697 -0.002370
v 0.605689 0.570612 0.135176
v 0.612071 0.625678 0.300474
v 0.482286 0.555632 0.261751
v 0.354118 0.529960 0.319957
v 0.326474 0.582558 0.395572
v 0.527141 0.607177 0.325294
v 0.599645 0.591734 0.234495
v 0.255337 0.509079 0.342561
v 0.251853 0.641874 0.455283
v 0.191763 0.506756 0.300227
v 0.163522 0.533211 0.366506
v 0.173176 0.239302 0.085720
v 0.232134 0.397581 0.140697
v 0.221185 0.467364 0.218201
v 0.087285 0.546560 0.477449
v 0.220266 0.314955 0.095000
v 0.130987 0.542050 0.434451
v 0.110776 0.192609 0.078763
v 0.041682 0.550125 0.494940
v 0.044088 0.161824 0.075529
v 0.000838 0.549454 0.502952
v 0.106725 0.540791 0.325501
v 0.189316 0.423356 0.088127
v 0.073078 0.542571 0.359847
v 0.131875 0.531922 0.268171
v 0.179427 0.357719 0.050229
v 0.155949 0.515228 0.212171
v 0.040636 0.246679 -0.019695
v 0.037635 0.542781 0.373659
v 0.180475 0.481058 0.148803
v 0.145392 0.303649 0.026207
v 0.001662 0.540460 0.380195
v 0.098407 0.271456 -0.000280
v 0.128245 0.502899 0.078128
v 0.115543 0.393016 -0.044807
v -0.002100 0.564650 0.230862
v 0.079252 0.553590 0.197625
v 0.138129 0.466685 0.030370
v 0.054740 0.559968 0.217962
v 0.076449 0.374270 -0.083300
v 0.096677 0.543532 0.160857
v 0.134017 0.426101 -0.010055
v 0.112161 0.527761 0.122711
v 0.028477 0.347011 -0.098345
v 0.028785 0.563683 0.225859
v 0.063367 0.516990 0.037170
v 0.050843 0.468128 -0.043356
v -0.007792 0.551435 0.111764
v 0.037206 0.545258 0.099343
v 0.067256 0.501252 0.006849
v 0.023735 0.549601 0.108016
v 0.027219 0.459032 -0.058391
v 0.047030 0.538254 0.082480
v 0.064905 0.482029 -0.021853
v 0.055564 0.530203 0.062885
v 0.002526 0.452556 -0.065936
v 0.009417 0.551231 0.110820
v 0.225979 0.710903 0.446534
v 0.421057 -0.613005 -0.619181
v 0.483004 -0.482020 -0.601088
v 0.505128 -0.363775 -0.624694
v 0.511824 -0.276996 -0.642809
v 0.519450 -0.168274 -0.652570
v 0.526294 -0.066620 -0.654118
v 0.524223 -0.012200 -0.649170
v 0.508865 0.082699 -0.629669
v 0.516722 0.263208 -0.412434
v 0.516637 0.395250 -0.370787
v 0.464760 0.355098 -0.476713
v 0.497774 0.224902 -0.486515
v 0.658235 -0.009468 -0.457060
v 0.634894 -0.314156 -0.384965
v 0.582941 -0.427412 -0.398021
v 0.517553 -0.539987 -0.465953
v 0.676902 -0.185189 -0.383515
v 0.670306 -0.078664 -0.457680
v 0.615281 0.079267 -0.392753
v 0.545485 0.161735 -0.413511
v 0.447408 -0.701394 -0.506349
v 0.354991 0.480968 -0.443242
v 0.307995 0.518057 -0.447082
v 0.228996 0.553563 -0.445417
v 0.124304 0.593581 -0.432761
v 0.023331 0.616925 -0.430518
v 0.014053 0.551753 -0.498082
v 0.102649 0.532969 -0.507624
v 0.199329 0.496415 -0.526388
v 0.268127 0.461434 -0.542562
v 0.366045 0.391530 -0.563198
v 0.414850 0.338435 -0.573485
v 0.471799 0.221727 -0.594482
v 0.405030 0.542951 -0.322422
v 0.493779 0.650855 -0.113756
v 0.532441 0.701534 0.008807
v 0.592152 0.742443 0.132758
v 0.633819 0.753652 0.232655
v 0.627122 0.750210 0.283253
v 0.664089 0.719154 0.290084
v 0.678998 0.710396 0.232719
v 0.658571 0.696431 0.125801
v 0.593337 0.647221 -0.013206
v 0.538699 0.587300 -0.169389
v 0.476103 0.523368 -0.327354
v 0.308478 0.435884 -0.551526
v 0.393828 0.451349 -0.449012
v 0.536991 0.765110 0.159609
v 0.567948 0.774400 0.228622
v 0.570564 0.770287 0.279557
v 0.620748 0.656208 0.330713
v 0.637783 0.714848 0.326855
v 0.584619 0.660047 0.363657
v 0.543410 0.697963 0.374040
v 0.467544 0.604375 0.350348
v 0.433871 0.554882 0.299920
v 0.464440 0.665891 0.403526
v 0.390091 0.616767 0.393136
v 0.427786 0.698012 0.404665
v 0.428101 0.617105 0.378746
v 0.349331 0.666013 0.434807
v 0.270393 0.713838 0.418088
v 0.318771 0.679960 0.432536
v 0.374418 0.685898 0.436070
v 0.401006 0.690834 0.422036
v 0.370908 0.708758 0.426620
v 0.375636 0.649900 0.426568
v 0.491938 0.688538 0.408747
v 0.486194 0.652214 0.390802
v 0.513397 0.693228 0.391420
v 0.486663 0.712518 0.400076
v 0.606869 0.677387 0.363058
v 0.600442 0.713146 0.361244
v 0.606150 0.661274 0.350116
v 0.620315 0.702285 0.349691
v 0.608304 0.734767 0.328935
v 0.556339 0.746503 0.339636
v 0.490205 0.752885 0.354832
v 0.428134 0.755994 0.369721
v 0.368373 0.760999 0.377098
v 0.291878 0.761019 0.368031
v 0.234735 0.770121 0.373423
v 0.172472 0.827445 0.424358
v 0.200884 0.794871 0.396979
v 0.191555 0.754938 0.452022
v 0.185513 0.691329 0.492071
v 0.153405 0.749745 0.502171
v 0.137176 0.822953 0.475449
v 0.072152 0.800805 0.526666
v 0.126595 0.879575 0.446386
v 0.069617 0.875137 0.492965
v -0.012907 0.975099 0.438036
v 0.071472 0.957287 0.417236
v 0.133455 0.929449 0.380449
v 0.227355 0.815366 0.302939
v 0.195397 0.849576 0.322407
v 0.169184 0.891937 0.346747
v 0.174163 0.908609 0.253698
v 0.200546 0.862991 0.238491
v 0.235725 0.819733 0.230547
v 0.434063 0.793556 0.299413
v 0.375278 0.806448 0.302896
v 0.294909 0.807182 0.299251
v 0.500476 0.782551 0.288996
v 0.437397 0.795966 0.233290
v 0.304933 0.807709 0.232133
v 0.500149 0.785602 0.229766
v 0.380307 0.806648 0.234613
v 0.251364 0.803625 0.154879
v 0.199236 0.884743 0.155109
v 0.222021 0.845202 0.153748
v 0.250695 0.799049 0.071701
v 0.271505 0.765783 0.078258
v 0.234837 0.831413 0.067465
v 0.273358 0.751615 -0.005226
v 0.293775 0.722637 -0.004219
v 0.259802 0.781687 -0.003785
v 0.269059 0.733566 -0.065805
v 0.277484 0.700520 -0.071701
v 0.263100 0.764508 -0.050530
v 0.210882 0.768008 -0.086888
v 0.214335 0.734534 -0.096881
v 0.213742 0.796960 -0.076202
v 0.130127 0.828615 -0.078992
v 0.128366 0.791560 -0.087648
v 0.135702 0.860982 -0.070483
v 0.020711 0.869545 -0.061205
v 0.021877 0.837976 -0.079784
v 0.020721 0.904868 -0.055725
v 0.371339 0.787255 0.150196
v 0.309093 0.787255 0.154644
v 0.421982 0.778050 0.145926
v 0.139407 0.954588 0.280660
v 0.195452 0.887687 0.077666
v 0.217646 0.844050 0.005669
v 0.162009 0.933696 0.171504
v 0.222870 0.818749 -0.043814
v 0.096110 0.990617 0.193072
v 0.140611 0.893975 -0.032189
v 0.121352 0.959902 0.097672
v 0.079233 0.997957 0.307352
v 0.135720 0.926063 0.026162
v 0.013379 1.013200 0.108590
v -0.008202 1.022623 0.319061
v 0.021264 0.989244 0.035643
v 0.000656 1.026454 0.205201
v 0.023749 0.954279 -0.025806
v 0.475280 0.768593 0.140683
v 0.365655 0.757983 0.068163
v 0.408016 0.752240 0.059246
v 0.318057 0.754114 0.077614
v 0.452473 0.738891 0.044676
v 0.365256 0.717956 -0.011564
v 0.329498 0.713139 -0.005492
v 0.435603 0.702337 -0.045422
v 0.398477 0.717420 -0.022416
v 0.330393 0.651635 -0.095672
v 0.434818 0.609090 -0.210644
v 0.357796 0.644396 -0.119943
v 0.300213 0.667414 -0.079237
v 0.386514 0.630715 -0.162343
v 0.325106 0.576021 -0.350642
v 0.314156 0.613130 -0.272277
v 0.293331 0.642443 -0.215258
v 0.269472 0.654759 -0.173567
v 0.243404 0.671840 -0.144108
v 0.196240 0.715847 -0.124217
v 0.124016 0.770055 -0.114281
v 0.026981 0.825615 -0.106245
v 0.241421 0.702369 -0.245598
v 0.159666 0.754982 -0.243235
v 0.040226 0.794721 -0.236460
v 0.026884 0.689160 -0.377735
v 0.137901 0.668135 -0.379785
v 0.147533 0.715865 -0.309518
v 0.031724 0.748102 -0.304436
v 0.245089 0.624394 -0.379339
v 0.244942 0.665658 -0.310410
v 0.233762 0.704409 -0.182731
v 0.177568 0.748391 -0.172266
v 0.090316 0.796830 -0.160832
v 0.009057 0.833010 -0.142379
v 0.425988 -0.305782 -0.747859
v 0.010606 0.471477 -0.592048
v 0.340660 -0.509290 -0.700728
v 0.364522 0.329375 -0.684478
v 0.457653 -0.036603 -0.767363
v 0.079474 0.467192 -0.610764
v 0.400964 -0.413705 -0.720993
v 0.172060 0.451252 -0.638061
v 0.410726 0.229238 -0.711425
v 0.448883 -0.134289 -0.772183
v 0.338774 0.403423 -0.655718
v 0.435180 -0.228515 -0.762520
v 0.277742 0.408253 -0.660646
v 0.457241 0.020158 -0.759502
v 0.443954 0.108072 -0.742378
v 0.242606 0.447835 -0.640147
v 0.281823 0.303996 -0.756809
v 0.230649 0.352151 -0.743474
v 0.160049 0.376518 -0.741371
v 0.085084 0.373334 -0.729519
v 0.022537 0.368098 -0.713104
v 0.097924 0.304801 -0.826674
v 0.125616 0.249664 -0.869718
v 0.194428 0.221368 -0.896414
v 0.267918 0.230591 -0.865592
v 0.298056 0.259889 -0.801392
v 0.153351 0.275886 -0.867450
v 0.141352 0.316387 -0.836637
v 0.197626 0.252418 -0.880837
v 0.211170 0.342173 -0.796669
v 0.242189 0.255175 -0.866790
v 0.261929 0.279375 -0.836525
v 0.251258 0.313452 -0.807155
v 0.164712 0.345172 -0.805159
v 0.230214 0.302714 -0.816185
v 0.198240 0.260879 -0.857955
v 0.171086 0.277543 -0.849478
v 0.178710 0.320714 -0.813766
v 0.206190 0.319140 -0.807596
v 0.227142 0.263900 -0.849836
v 0.164059 0.303404 -0.829780
v 0.238120 0.280450 -0.832754
v 0.215783 0.274587 -0.827226
v 0.192370 0.273203 -0.832574
v 0.185551 0.293063 -0.817135
v 0.209300 0.293530 -0.812697
v 0.040553 0.281657 -0.813103
v 0.066611 0.211814 -0.867427
v 0.339470 0.201265 -0.776550
v 0.291446 0.183864 -0.859486
v 0.200191 0.170878 -0.912071
v 0.097415 0.146396 -0.919031
v 0.117603 0.082850 -0.951713
v 0.211504 0.122249 -0.930505
v 0.361100 0.116794 -0.800752
v 0.297202 0.130396 -0.874708
v 0.168470 0.037754 -0.960845
v 0.220143 0.085655 -0.946849
v 0.287885 0.094542 -0.911012
v 0.335999 0.060949 -0.882908
v 0.375914 0.048712 -0.819615
v 0.354437 0.013542 -0.892039
v 0.382491 -0.002724 -0.830614
v 0.339392 -0.039574 -0.920444
v 0.276238 -0.065407 -0.951159
v 0.190753 -0.026970 -0.959964
v 0.214572 0.031159 -0.965426
v 0.327126 0.016815 -0.920991
v 0.230598 0.069275 -0.949637
v 0.310961 -0.014809 -0.938767
v 0.233074 -0.006145 -0.970703
v 0.312571 0.055954 -0.918348
v 0.271994 -0.021844 -0.960279
v 0.273749 0.079283 -0.930515
v 0.232737 0.028229 -0.953084
v 0.270455 -0.009459 -0.947658
v 0.299001 0.045530 -0.920144
v 0.242054 0.055217 -0.940863
v 0.310089 0.017763 -0.919446
v 0.246247 0.003474 -0.956671
v 0.298161 -0.005828 -0.931233
v 0.272085 0.061968 -0.927953
v 0.249413 0.022984 -0.935245
v 0.269267 0.041147 -0.920579
v 0.282095 0.005639 -0.922863
v 0.255975 0.010246 -0.937135
v 0.288465 0.017761 -0.916596
v 0.253913 0.036950 -0.927920
v 0.283307 0.032743 -0.916431
v 0.268271 0.003575 -0.931924
v 0.368401 -0.078306 -0.846172
v 0.340380 -0.175211 -0.829571
v 0.144890 -0.082671 -0.939558
v 0.232902 -0.205860 -0.887057
v 0.265680 -0.240400 -0.868534
v 0.275456 -0.302721 -0.854853
v 0.247701 -0.364083 -0.849123
v 0.275576 -0.411100 -0.779339
v 0.316938 -0.332854 -0.796366
v 0.319248 -0.244127 -0.821542
v 0.174318 -0.193223 -0.896341
v 0.285022 -0.187501 -0.866950
v 0.307214 -0.126214 -0.885528
v 0.214431 -0.145549 -0.907639
v 0.215023 -0.227963 -0.889956
v 0.237229 -0.252320 -0.881522
v 0.221159 -0.330742 -0.872353
v 0.243459 -0.293397 -0.871713
v 0.175986 -0.226523 -0.894408
v 0.218857 -0.290453 -0.862991
v 0.199060 -0.250882 -0.877502
v 0.203132 -0.317007 -0.862473
v 0.213382 -0.264918 -0.871096
v 0.174580 -0.249218 -0.878596
v 0.621848 0.683379 0.347556
v 0.604332 0.693422 0.367780
v 0.509241 0.665317 0.387289
v 0.491846 0.672421 0.406278
v 0.399345 0.663572 0.420237
v 0.375407 0.668410 0.435878
v 0.345565 0.691771 0.431713
v 0.428981 0.659654 0.403015
v 0.461840 0.693577 0.405439
v 0.542996 0.655769 0.365983
v 0.580178 0.696767 0.374166
v 0.642794 0.680245 0.327790
v 0.425033 0.428229 -0.457613
v 0.503178 0.488969 -0.335527
v 0.549748 0.553510 -0.174927
v 0.609745 0.610901 -0.011289
v 0.675911 0.636937 0.127193
v 0.687673 0.648868 0.230197
v 0.669489 0.664627 0.292984
v 0.340040 0.412639 -0.557708
v 0.262632 -0.813024 -0.175193
v 0.229899 -0.855222 -0.238368
v 0.261205 -0.902728 -0.301416
v 0.346453 -0.914549 -0.335489
v 0.337651 -0.906406 -0.256318
v 0.299235 -0.867400 -0.199031
v 0.226782 -0.733717 -0.197063
v 0.170204 -0.787705 -0.269485
v 0.196952 -0.845199 -0.357388
v 0.320932 -0.884374 -0.428439
v 0.287227 -0.754596 -0.561421
v 0.282463 -0.715847 -0.584860
v 0.123787 -0.689320 -0.579995
v 0.149379 -0.807283 -0.420558
v 0.128041 -0.779587 -0.480235
v 0.304079 -0.836089 -0.491402
v 0.203077 -0.658418 -0.213014
v 0.125350 -0.674416 -0.275613
v 0.037266 -0.704683 -0.332409
v -0.129883 -0.549282 -0.269404
v -0.202092 -0.435088 -0.238924
v -0.275191 -0.290601 -0.225447
v -0.371321 -0.151346 -0.257420
v -0.112103 -0.609938 -0.603420
v -0.244605 -0.530289 -0.616200
v -0.382981 -0.352322 -0.608056
v -0.125004 -0.260017 -0.237936
v -0.046509 -0.247909 -0.200160
v 0.042938 -0.251812 -0.137195
v 0.063208 -0.326355 -0.135422
v -0.018134 -0.344918 -0.192193
v -0.116951 -0.384608 -0.249277
v 0.015477 -0.552108 -0.248473
v 0.084205 -0.574210 -0.198797
v 0.182084 -0.615214 -0.188934
v 0.124704 -0.521025 -0.105748
v 0.080455 -0.419049 -0.095701
v -0.045644 -0.488121 -0.247047
v -0.053981 -0.614181 -0.294034
v 0.049745 -0.529442 -0.164775
v 0.006124 -0.441341 -0.157500
v 0.007118 -0.178084 -0.070420
v -0.085276 -0.170884 -0.128634
v -0.309476 -0.047503 -0.236990
v -0.392742 0.109543 -0.206907
v -0.446315 0.254214 -0.139891
v -0.490489 0.366380 -0.088364
v -0.459644 -0.072143 -0.351031
v -0.456826 -0.127915 -0.509537
v -0.420276 -0.229556 -0.579673
v -0.472849 -0.201318 -0.331710
v -0.466317 -0.257630 -0.508336
v -0.418541 -0.475450 -0.464833
v -0.297697 -0.578532 -0.536977
v 0.118727 -0.755973 -0.517589
v 0.295353 -0.802700 -0.524161
v -0.032053 -0.696326 -0.534914
v -0.161512 -0.659339 -0.527948
v -0.007250 -0.647420 -0.590151
v -0.022123 -0.737006 -0.425112
v -0.153211 -0.692966 -0.384422
v -0.287805 -0.626426 -0.356302
v -0.462753 -0.379540 -0.450848
v -0.344555 -0.425789 -0.613495
v -0.392900 -0.504702 -0.313443
v -0.448757 -0.362633 -0.289291
v -0.133773 -0.077866 -0.072986
v -0.200618 -0.016886 -0.073780
v -0.286136 0.001314 -0.161330
v -0.029175 -0.461630 -0.208203
v 0.161579 -0.585096 -0.147315
v 0.093403 -0.593347 -0.234153
v 0.024052 -0.535976 -0.212961
v -0.078531 -0.361373 -0.227186
v -0.188070 -0.263876 -0.244424
v -0.209688 -0.179608 -0.230077
v -0.246199 -0.117615 -0.224708
v -0.221535 -0.032666 -0.154590
v -0.146093 -0.080799 -0.129772
v -0.133739 -0.146908 -0.170225
v -0.187960 -0.036024 -0.128039
v -0.153088 -0.189539 -0.213339
v -0.161689 -0.129710 -0.194512
v -0.166645 -0.065767 -0.176923
v -0.219488 -0.097369 -0.209334
v -0.198031 -0.127939 -0.212108
v -0.197245 0.031743 -0.022504
v -0.156903 0.068026 0.037097
v -0.092842 0.069155 0.079754
v -0.034515 0.024393 0.075754
v -0.005240 -0.088251 -0.001448
v -0.019173 0.069818 0.107388
v -0.001373 -0.035570 0.040765
v -0.064610 -0.049681 -0.020533
v -0.043063 -0.016851 0.006875
v -0.085118 0.048355 0.043034
v -0.112062 0.057547 0.010590
v -0.127403 0.025278 -0.036907
v -0.054510 0.020493 0.035848
v -0.103101 -0.034935 -0.043897
v -0.081659 -0.001402 -0.038740
v -0.064379 0.030925 -0.006238
v -0.067576 0.035135 0.014468
v -0.093943 0.100193 0.087234
v -0.178939 0.127677 0.058906
v -0.330366 0.117270 -0.111572
v -0.275520 0.078255 -0.052676
v -0.200212 -0.071908 -0.195961
v -0.237992 -0.056989 -0.191624
v -0.257154 0.004433 -0.104572
v -0.284221 0.159447 0.019002
v -0.366545 0.220659 -0.050599
v -0.287255 0.246273 0.097652
v -0.293791 0.334692 0.164298
v -0.294822 0.408584 0.253319
v -0.260769 0.496591 0.417646
v -0.217121 0.554119 0.484607
v -0.102240 0.595330 0.556699
v -0.048181 0.602656 0.568076
v -0.055711 0.674051 0.572555
v -0.082568 0.724716 0.563515
v -0.138102 0.738032 0.541859
v -0.171453 0.702404 0.531425
v -0.154937 0.588885 0.532511
v -0.172742 0.652403 0.530315
v -0.149221 0.691474 0.530698
v -0.126673 0.715195 0.540751
v -0.086877 0.670806 0.560498
v -0.092477 0.707522 0.553573
v -0.146481 0.655305 0.533332
v -0.114226 0.643037 0.548900
v -0.117449 0.705598 0.518780
v -0.108061 0.656451 0.526463
v -0.135655 0.690280 0.511472
v -0.091630 0.675031 0.533201
v -0.094531 0.697415 0.527390
v -0.131509 0.663109 0.514746
v -0.104534 0.672636 0.501805
v -0.108835 0.690585 0.497354
v -0.069915 0.774659 0.555840
v -0.078541 0.871952 0.524248
v -0.527673 0.421601 0.002783
v -0.520305 0.437932 0.116993
v -0.451259 0.436834 0.194628
v -0.373103 0.420047 0.234878
v -0.419035 0.424249 0.142093
v -0.343736 0.354009 0.130844
v -0.441887 0.441428 -0.007334
v -0.371991 0.402036 0.158873
v -0.348515 0.304673 0.067364
v -0.448154 0.434998 0.078007
v -0.400348 0.370281 -0.048617
v -0.378048 0.305991 -0.006255
v -0.356000 0.379349 0.092625
v -0.365644 0.358146 0.011279
v -0.402447 0.448697 0.057219
v -0.380275 0.442936 -0.003884
v -0.355187 0.356428 0.053643
v -0.376258 0.396178 -0.012375
v -0.371452 0.407058 0.113717
v -0.395574 0.425335 0.104732
v -0.358577 0.384553 0.035774
v -0.362892 0.415655 0.018410
v -0.360991 0.400176 0.065829
v -0.370439 0.418052 0.082072
v -0.366722 0.428127 0.054753
v -0.475793 0.070824 -0.317506
v -0.530384 0.246138 -0.244970
v -0.573780 0.389721 -0.132903
v -0.622416 0.449408 -0.001736
v -0.632480 0.470414 0.134394
v -0.649548 0.521315 0.298560
v -0.510459 0.470884 0.261588
v -0.380206 0.465581 0.320196
v -0.361905 0.523623 0.396543
v -0.563898 0.512615 0.325807
v -0.630992 0.492197 0.232652
v -0.280942 0.454575 0.346667
v -0.296725 0.595432 0.452667
v -0.206520 0.460743 0.301054
v -0.183594 0.483937 0.368561
v -0.166206 0.190456 0.061314
v -0.234213 0.349526 0.142716
v -0.230665 0.417144 0.222239
v -0.116901 0.522151 0.480369
v -0.216416 0.265678 0.091299
v -0.157621 0.501864 0.437998
v -0.093014 0.149396 0.063018
v -0.074144 0.536835 0.495695
v -0.020117 0.146529 0.071718
v -0.034480 0.545680 0.503237
v -0.134121 0.512433 0.324760
v -0.199568 0.386376 0.088456
v -0.102991 0.522073 0.359231
v -0.159354 0.503433 0.268173
v -0.186409 0.318737 0.046195
v -0.180034 0.482189 0.212424
v -0.021759 0.238865 -0.020267
v -0.069265 0.530527 0.373331
v -0.196868 0.443663 0.150240
v -0.142436 0.263378 0.018798
v -0.034013 0.536502 0.380097
v -0.084863 0.245527 -0.004500
v -0.152501 0.476163 0.078874
v -0.122351 0.372658 -0.048306
v -0.035777 0.560892 0.231337
v -0.110715 0.532155 0.198282
v -0.154677 0.438321 0.030893
v -0.088466 0.542833 0.217883
v -0.083629 0.361921 -0.083113
v -0.127838 0.521996 0.161743
v -0.144843 0.400677 -0.009663
v -0.141279 0.504888 0.122443
v -0.023177 0.339449 -0.098962
v -0.065001 0.552453 0.225980
v -0.091503 0.501813 0.037865
v -0.069345 0.454698 -0.043542
v -0.026755 0.549361 0.111822
v -0.070074 0.535139 0.099802
v -0.093060 0.486054 0.007735
v -0.057520 0.541800 0.108559
v -0.046721 0.450343 -0.057124
v -0.078769 0.526474 0.082889
v -0.085452 0.467865 -0.021519
v -0.086008 0.516253 0.062981
v -0.021892 0.449824 -0.065443
v -0.043514 0.546066 0.111168
v -0.283805 0.667282 0.446494
v 0.280643 -0.684454 -0.648044
v 0.130349 -0.659708 -0.657560
v 0.013549 -0.605047 -0.686021
v -0.069793 -0.548392 -0.705324
v -0.186643 -0.448004 -0.708815
v -0.273946 -0.342673 -0.703246
v -0.310768 -0.281700 -0.692731
v -0.361012 -0.168614 -0.663329
v -0.477344 0.063326 -0.428295
v -0.518070 0.233926 -0.378215
v -0.452168 0.195297 -0.484987
v -0.440876 0.023140 -0.506056
v -0.439865 -0.381597 -0.528488
v -0.179262 -0.673550 -0.482251
v -0.037532 -0.717851 -0.493899
v 0.116518 -0.733521 -0.546576
v -0.322077 -0.588281 -0.477504
v -0.394696 -0.468582 -0.538205
v -0.479932 -0.239253 -0.446890
v -0.467079 -0.087031 -0.446732
v 0.290564 -0.777653 -0.544745
v -0.378665 0.381141 -0.445977
v -0.340630 0.436470 -0.449414
v -0.266842 0.497915 -0.445155
v -0.170452 0.564023 -0.434963
v -0.074681 0.607549 -0.431399
v -0.060726 0.542249 -0.498165
v -0.142325 0.502982 -0.507839
v -0.229127 0.434477 -0.527030
v -0.288723 0.376610 -0.543497
v -0.362540 0.269571 -0.566774
v -0.393437 0.191005 -0.580378
v -0.406440 0.023925 -0.611870
v -0.440325 0.446134 -0.324974
v -0.539280 0.556611 -0.113494
v -0.586993 0.609300 0.006154
v -0.652316 0.638730 0.132157
v -0.694685 0.640905 0.232597
v -0.685668 0.637393 0.283543
v -0.712977 0.597093 0.287968
v -0.722318 0.585359 0.233390
v -0.709562 0.577927 0.128665
v -0.632739 0.538037 -0.011086
v -0.571657 0.472053 -0.167935
v -0.506415 0.401676 -0.329539
v -0.321224 0.336838 -0.553219
v -0.408365 0.335237 -0.452548
v -0.600660 0.670566 0.158989
v -0.632066 0.672859 0.228708
v -0.633495 0.667108 0.279520
v -0.662100 0.549525 0.327886
v -0.685122 0.598547 0.320893
v -0.629842 0.556652 0.363207
v -0.595255 0.601881 0.373228
v -0.504798 0.518370 0.352689
v -0.462976 0.476673 0.300522
v -0.511464 0.582359 0.404537
v -0.429895 0.546247 0.394559
v -0.481091 0.620925 0.405716
v -0.467854 0.538729 0.381541
v -0.398007 0.602123 0.433721
v -0.328261 0.662353 0.417653
v -0.370019 0.620741 0.430682
v -0.426148 0.617559 0.435964
v -0.453319 0.618325 0.422488
v -0.426616 0.640669 0.427149
v -0.420951 0.582118 0.426511
v -0.542402 0.600504 0.408599
v -0.530856 0.563820 0.392785
v -0.564656 0.601810 0.392291
v -0.541425 0.625111 0.399933
v -0.652957 0.570622 0.361638
v -0.652261 0.604040 0.358333
v -0.649694 0.556052 0.349079
v -0.666350 0.591610 0.346179
v -0.662025 0.622253 0.325427
v -0.614616 0.643795 0.337509
v -0.551504 0.663303 0.354288
v -0.491287 0.677580 0.369775
v -0.433417 0.692982 0.377792
v -0.357605 0.706915 0.369138
v -0.303343 0.724776 0.373986
v -0.251622 0.791468 0.424617
v -0.274049 0.754583 0.397224
v -0.257271 0.716428 0.451928
v -0.238552 0.654697 0.488703
v -0.219587 0.717484 0.502167
v -0.217104 0.793532 0.475954
v -0.148461 0.782406 0.528450
v -0.214219 0.850326 0.445830
v -0.158987 0.857366 0.494455
v -0.093273 0.968626 0.437879
v -0.173473 0.935769 0.416699
v -0.229919 0.898752 0.380802
v -0.303122 0.770401 0.302949
v -0.278382 0.809606 0.322569
v -0.259819 0.855836 0.346962
v -0.267127 0.871361 0.253738
v -0.286089 0.822097 0.238667
v -0.312685 0.773713 0.230521
v -0.502257 0.711730 0.298816
v -0.446090 0.733555 0.301988
v -0.368364 0.747764 0.298568
v -0.566219 0.690261 0.288689
v -0.506418 0.714208 0.233570
v -0.378284 0.748727 0.232243
v -0.566768 0.694159 0.229960
v -0.451823 0.734266 0.234970
v -0.326599 0.755778 0.154668
v -0.287717 0.843553 0.155142
v -0.304362 0.801036 0.153871
v -0.324703 0.750543 0.071717
v -0.340545 0.715275 0.077727
v -0.313657 0.784895 0.067451
v -0.339644 0.700220 -0.005420
v -0.355410 0.669810 -0.005281
v -0.330344 0.731817 -0.003853
v -0.331254 0.682685 -0.066506
v -0.334037 0.648830 -0.072288
v -0.330709 0.714341 -0.050317
v -0.278917 0.726356 -0.087160
v -0.276748 0.692810 -0.097213
v -0.286275 0.754461 -0.076048
v -0.209585 0.799678 -0.078999
v -0.201587 0.763802 -0.088611
v -0.220507 0.830211 -0.070024
v -0.108549 0.858599 -0.061748
v -0.104717 0.827718 -0.080556
v -0.114684 0.893348 -0.055561
v -0.440373 0.719563 0.149930
v -0.378981 0.729528 0.154314
v -0.489892 0.704168 0.145092
v -0.239492 0.922151 0.280510
v -0.283832 0.846783 0.077633
v -0.298284 0.800024 0.005709
v -0.258534 0.897815 0.171511
v -0.299289 0.774245 -0.043790
v -0.203029 0.964601 0.193206
v -0.231139 0.862425 -0.032217
v -0.222844 0.930242 0.097705
v -0.187957 0.974317 0.307112
v -0.231435 0.894654 0.026204
v -0.125697 1.001036 0.108593
v -0.106272 1.013383 0.319254
v -0.129463 0.976050 0.035947
v -0.115240 1.016680 0.205246
v -0.126010 0.941460 -0.025687
v -0.540690 0.685220 0.139803
v -0.429804 0.695042 0.066319
v -0.472304 0.681807 0.057342
v -0.382226 0.697451 0.076193
v -0.513314 0.659818 0.043339
v -0.422238 0.654336 -0.013594
v -0.386669 0.655534 -0.007299
v -0.490533 0.627210 -0.047476
v -0.455714 0.648245 -0.024289
v -0.377672 0.591882 -0.097272
v -0.477040 0.520922 -0.211576
v -0.403621 0.579233 -0.121334
v -0.351311 0.612140 -0.080217
v -0.430515 0.558877 -0.163864
v -0.366192 0.503399 -0.351412
v -0.359158 0.549575 -0.272447
v -0.342702 0.584875 -0.214970
v -0.320041 0.602478 -0.173217
v -0.295698 0.625650 -0.144200
v -0.255747 0.678463 -0.123856
v -0.193720 0.743176 -0.114110
v -0.107858 0.814264 -0.106609
v -0.300921 0.654298 -0.245787
v -0.227272 0.721888 -0.243340
v -0.115205 0.781454 -0.236377
v -0.087836 0.678700 -0.377835
v -0.194558 0.637166 -0.380229
v -0.210594 0.683989 -0.309817
v -0.099924 0.736830 -0.304528
v -0.293425 0.571587 -0.379978
v -0.299379 0.615587 -0.310926
v -0.292325 0.658552 -0.182418
v -0.242740 0.712563 -0.172270
v -0.164375 0.775186 -0.160975
v -0.090947 0.824313 -0.142582
v 0.022956 -0.496914 -0.788232
v -0.040056 0.463958 -0.592474
v 0.254130 -0.554578 -0.712445
v -0.337289 0.193699 -0.691479
v -0.231102 -0.256042 -0.799721
v -0.106833 0.438405 -0.612035
v 0.134701 -0.548025 -0.752295
v -0.192942 0.391233 -0.639974
v -0.342252 0.054107 -0.727168
v -0.154932 -0.351724 -0.809044
v -0.338757 0.281998 -0.660964
v -0.055399 -0.441936 -0.804915
v -0.282023 0.309833 -0.664706
v -0.266358 -0.198326 -0.789557
v -0.307057 -0.100866 -0.767984
v -0.260194 0.363141 -0.642846
v -0.250570 0.195835 -0.763689
v -0.220180 0.267044 -0.748037
v -0.160008 0.318156 -0.743721
v -0.086834 0.342814 -0.730644
v -0.025050 0.359862 -0.713403
v -0.078551 0.268998 -0.828623
v -0.083303 0.203639 -0.873633
v -0.132713 0.146082 -0.903302
v -0.203503 0.121870 -0.875087
v -0.245460 0.139424 -0.810765
v -0.119545 0.216040 -0.871039
v -0.122740 0.261807 -0.839361
v -0.149803 0.173963 -0.887030
v -0.197847 0.259806 -0.801207
v -0.191561 0.157284 -0.874761
v -0.219868 0.172956 -0.844558
v -0.223880 0.213492 -0.814028
v -0.155108 0.281638 -0.808627
v -0.200864 0.211061 -0.822417
v -0.154123 0.182780 -0.863982
v -0.136157 0.210766 -0.854248
v -0.159685 0.251329 -0.817848
v -0.184819 0.238267 -0.812662
v -0.181843 0.173217 -0.856927
v -0.139576 0.239869 -0.833634
v -0.199117 0.184851 -0.839855
v -0.176376 0.189583 -0.833395
v -0.154309 0.198141 -0.837987
v -0.155894 0.220964 -0.821904
v -0.178051 0.211428 -0.818300
v -0.016461 0.270419 -0.814063
v -0.014110 0.194007 -0.869381
v -0.258939 0.058666 -0.789500
v -0.203070 0.063509 -0.871007
v -0.113252 0.095381 -0.919874
v -0.010443 0.120817 -0.922276
v 0.004572 0.052802 -0.954906
v -0.098339 0.041045 -0.938942
v -0.234377 -0.044986 -0.819075
v -0.181095 0.003821 -0.888782
v -0.015724 -0.014040 -0.966481
v -0.086374 0.001686 -0.955915
v -0.151913 -0.026578 -0.925235
v -0.176385 -0.084789 -0.901432
v -0.207975 -0.119938 -0.840986
v -0.164250 -0.139262 -0.912300
v -0.183173 -0.173082 -0.853650
v -0.118354 -0.179288 -0.939705
v -0.049661 -0.164637 -0.965203
v 0.001209 -0.082596 -0.967538
v -0.050885 -0.044320 -0.974770
v -0.141376 -0.120112 -0.939235
v -0.086451 -0.018561 -0.959866
v -0.108287 -0.139357 -0.955611
v -0.045438 -0.087237 -0.981652
v -0.151275 -0.076009 -0.935223
v -0.069860 -0.122981 -0.974222
v -0.130221 -0.032894 -0.943915
v -0.065640 -0.056899 -0.964240
v -0.076762 -0.111279 -0.961381
v -0.133933 -0.077908 -0.936030
v -0.089254 -0.037751 -0.952484
v -0.127729 -0.109493 -0.936331
v -0.063023 -0.086255 -0.968705
v -0.103402 -0.123863 -0.947177
v -0.119652 -0.047877 -0.941737
v -0.078084 -0.070957 -0.947603
v -0.105957 -0.065660 -0.934427
v -0.096976 -0.104538 -0.937550
v -0.076410 -0.085799 -0.949905
v -0.109753 -0.097337 -0.931813
v -0.090161 -0.060952 -0.940628
v -0.113754 -0.081031 -0.931287
v -0.083531 -0.098620 -0.945544
v -0.124901 -0.236129 -0.869211
v -0.036479 -0.313112 -0.852248
v 0.069392 -0.105385 -0.942476
v 0.071795 -0.265142 -0.898756
v 0.071264 -0.317118 -0.882718
v 0.113441 -0.372093 -0.867259
v 0.184883 -0.392886 -0.854334
v 0.208430 -0.443911 -0.785620
v 0.114843 -0.427762 -0.813839
v 0.034798 -0.362024 -0.842589
v 0.108954 -0.215979 -0.902166
v 0.017293 -0.285182 -0.883855
v -0.042555 -0.241144 -0.903276
v 0.047311 -0.200594 -0.917513
v 0.101294 -0.270941 -0.898730
v 0.101983 -0.305552 -0.891495
v 0.173631 -0.351246 -0.876109
v 0.128334 -0.341063 -0.880373
v 0.129597 -0.243758 -0.898142
v 0.141583 -0.322217 -0.868665
v 0.127826 -0.278682 -0.882607
v 0.172552 -0.329721 -0.864678
v 0.127194 -0.299084 -0.877286
v 0.144419 -0.260883 -0.880846
v -0.665647 0.574956 0.344538
v -0.653815 0.586347 0.365698
v -0.556904 0.573476 0.389622
v -0.539845 0.584937 0.406707
v -0.447263 0.591229 0.421130
v -0.423999 0.600151 0.435451
v -0.398590 0.628009 0.431463
v -0.475802 0.582328 0.404759
v -0.513699 0.610447 0.406476
v -0.588222 0.558045 0.367956
v -0.631085 0.593502 0.372611
v -0.685328 0.569427 0.321306
v -0.432022 0.298938 -0.461996
v -0.524047 0.354876 -0.338242
v -0.575489 0.432582 -0.174568
v -0.637618 0.500663 -0.006962
v -0.700369 0.517746 0.133349
v -0.714235 0.535874 0.227610
v -0.707381 0.552415 0.286540
v -0.344600 0.301420 -0.560307
v -0.235533 0.460196 -0.063995
v -0.271150 0.397051 0.083815
v -0.250642 0.370278 0.160028
v -0.206427 0.350338 0.227802
v -0.066087 0.337898 0.312969
v -0.111327 0.545722 -0.148032
v -0.179368 0.547582 -0.099940
v -0.230679 0.538917 -0.034841
v -0.260238 0.520576 0.040894
v -0.265151 0.494355 0.119851
v -0.244936 0.462819 0.194301
v -0.201574 0.429057 0.256956
v -0.139308 0.396375 0.301684
v -0.064234 0.367968 0.324104
v -0.097397 0.573239 -0.139062
v -0.152871 0.599919 -0.082879
v -0.194210 0.610952 -0.011358
v -0.217366 0.605258 0.068500
v -0.220072 0.583394 0.148876
v -0.202064 0.547502 0.221907
v -0.165104 0.501093 0.280440
v -0.112811 0.448710 0.318744
v -0.050303 0.395482 0.333075
v -0.073511 0.594009 -0.133624
v -0.107439 0.639430 -0.072535
v -0.131677 0.665334 0.002879
v -0.143854 0.669188 0.085236
v -0.142777 0.650616 0.166475
v -0.128552 0.611431 0.238643
v -0.102572 0.555475 0.294676
v -0.067379 0.488221 0.329088
v -0.026418 0.416254 0.338513
v -0.043307 0.604877 -0.132545
v -0.049986 0.660100 -0.070483
v -0.052601 0.693785 0.005702
v -0.050894 0.702632 0.088556
v -0.045033 0.685781 0.169965
v -0.035592 0.644879 0.241963
v -0.023495 0.583925 0.297499
v -0.009926 0.508891 0.331140
v 0.003787 0.427121 0.339591
v -0.011382 0.604184 -0.135990
v 0.010738 0.658783 -0.077036
v 0.030980 0.691971 -0.003317
v 0.047362 0.700502 0.077953
v 0.058278 0.683541 0.158817
v 0.062663 0.642745 0.231361
v 0.060086 0.582111 0.288480
v 0.050799 0.507575 0.324587
v 0.035712 0.426428 0.336146
v 0.017403 0.592038 -0.143435
v 0.065492 0.635678 -0.091197
v 0.106342 0.660170 -0.022807
v 0.135955 0.663118 0.055041
v 0.151431 0.644233 0.134726
v 0.151256 0.605362 0.208447
v 0.135447 0.550312 0.268991
v 0.105552 0.484470 0.310427
v 0.064497 0.414282 0.328701
v 0.038667 0.570286 -0.153746
v 0.105938 0.594305 -0.110807
v 0.162011 0.603225 -0.049798
v 0.201397 0.596174 0.023311
v 0.220241 0.573843 0.101361
v 0.216699 0.538417 0.176716
v 0.191116 0.493365 0.241998
v 0.145998 0.443097 0.290816
v 0.085761 0.392530 0.318391
v 0.049171 0.542241 -0.165351
v 0.125918 0.540960 -0.132884
v 0.189512 0.529803 -0.080185
v 0.233726 0.509861 -0.012411
v 0.254234 0.483089 0.063803
v 0.249028 0.452106 0.140996
v 0.218617 0.419944 0.211612
v 0.165979 0.389752 0.268739
v 0.096265 0.364486 0.306785
v 0.016301 0.346618 0.322026
v 0.047318 0.512172 -0.176487
v 0.122392 0.483766 -0.154065
v 0.184658 0.451082 -0.109339
v 0.228020 0.417320 -0.046683
v 0.248235 0.385785 0.027767
v 0.243322 0.359563 0.106723
v 0.213764 0.341222 0.182458
v 0.162452 0.332558 0.247558
v 0.094411 0.334417 0.295649
v -0.033216 0.533522 -0.174408
v 0.033387 0.484658 -0.185457
v 0.095896 0.431429 -0.171127
v 0.148189 0.379048 -0.132821
v 0.185148 0.332638 -0.074288
v 0.203156 0.296745 -0.001259
v 0.200450 0.274882 0.079118
v 0.177294 0.269188 0.158975
v 0.135956 0.280221 0.230496
v 0.080481 0.306902 0.286679
v 0.009502 0.463886 -0.190894
v 0.050463 0.391920 -0.181470
v 0.085656 0.324665 -0.147058
v 0.111636 0.268707 -0.091025
v 0.125861 0.229525 -0.018858
v 0.126938 0.210951 0.062381
v 0.114761 0.214807 0.144739
v 0.090523 0.240711 0.220153
v 0.056596 0.286129 0.281241
v -0.020702 0.453018 -0.191973
v -0.006989 0.371248 -0.183523
v 0.006580 0.296214 -0.149882
v 0.018677 0.235263 -0.094344
v 0.028118 0.194358 -0.022348
v 0.033978 0.177506 0.059062
v 0.035685 0.186355 0.141915
v 0.033071 0.220040 0.218101
v 0.026392 0.275262 0.280163
v -0.052628 0.453711 -0.188528
v -0.067715 0.372566 -0.176968
v -0.077001 0.298027 -0.140862
v -0.079579 0.237394 -0.083742
v -0.075194 0.196600 -0.011199
v -0.064277 0.179638 0.069665
v -0.047896 0.188168 0.150934
v -0.027654 0.221358 0.224654
v -0.005534 0.275955 0.283608
v -0.081413 0.465858 -0.181084
v -0.122468 0.395670 -0.162809
v -0.152363 0.329828 -0.121372
v -0.168171 0.274776 -0.060831
v -0.168347 0.235907 0.012892
v -0.152870 0.217021 0.092576
v -0.123257 0.219969 0.170424
v -0.082408 0.244461 0.238814
v -0.034319 0.288102 0.291052
v -0.102677 0.487609 -0.170774
v -0.162914 0.437044 -0.143199
v -0.208032 0.386774 -0.094381
v -0.233614 0.341722 -0.029099
v -0.237157 0.306295 0.046256
v -0.218313 0.283965 0.124308
v -0.178926 0.276914 0.197416
v -0.122853 0.285836 0.258426
v -0.055583 0.309853 0.301363
v -0.113181 0.515654 -0.159166
v -0.182894 0.490388 -0.121122
v -0.265944 0.428035 0.006623
v -0.142834 0.339180 0.280503
v 0.328205 0.525156 -0.001468
v 0.314934 0.501628 0.053607
v 0.322575 0.491652 0.082005
v 0.339050 0.484222 0.107258
v 0.391341 0.479587 0.138992
v 0.374485 0.557023 -0.032780
v 0.349132 0.557716 -0.014861
v 0.330013 0.554487 0.009396
v 0.319000 0.547654 0.037615
v 0.317169 0.537883 0.067035
v 0.324701 0.526133 0.094775
v 0.340858 0.513553 0.118121
v 0.364059 0.501375 0.134787
v 0.392032 0.490791 0.143141
v 0.379675 0.567276 -0.029438
v 0.359005 0.577217 -0.008504
v 0.343602 0.581328 0.018145
v 0.334974 0.579207 0.047901
v 0.333966 0.571060 0.077850
v 0.340676 0.557687 0.105061
v 0.354447 0.540394 0.126871
v 0.373932 0.520876 0.141144
v 0.397223 0.501043 0.146483
v 0.388575 0.575015 -0.027412
v 0.375933 0.591939 -0.004649
v 0.366902 0.601591 0.023450
v 0.362365 0.603028 0.054137
v 0.362766 0.596107 0.084407
v 0.368066 0.581507 0.111297
v 0.377747 0.560657 0.132175
v 0.390860 0.535598 0.144998
v 0.406122 0.508783 0.148510
v 0.399829 0.579065 -0.027010
v 0.397341 0.599641 -0.003885
v 0.396366 0.612192 0.024502
v 0.397002 0.615489 0.055374
v 0.399186 0.609210 0.085707
v 0.402704 0.593970 0.112534
v 0.407211 0.571258 0.133227
v 0.412267 0.543300 0.145762
v 0.417377 0.512832 0.148911
v 0.411725 0.578807 -0.028293
v 0.419967 0.599150 -0.006326
v 0.427509 0.611517 0.021142
v 0.433613 0.614695 0.051423
v 0.437561 0.607949 0.081416
v 0.439216 0.592896 0.108397
v 0.438354 0.570582 0.129867
v 0.434894 0.542809 0.143320
v 0.429272 0.512574 0.147628
v 0.422450 0.574281 -0.031067
v 0.440369 0.590541 -0.011603
v 0.455589 0.599667 0.013880
v 0.466302 0.600230 0.042912
v 0.470351 0.590823 0.071804
v 0.470619 0.577225 0.098629
v 0.466360 0.558662 0.122514
v 0.455295 0.534200 0.138045
v 0.439998 0.508048 0.144854
v 0.430373 0.566176 -0.034909
v 0.455439 0.575125 -0.018910
v 0.476332 0.578449 0.003822
v 0.490993 0.575808 0.031066
v 0.496979 0.566748 0.059999
v 0.495867 0.553807 0.087837
v 0.487177 0.537515 0.112547
v 0.470366 0.518784 0.130737
v 0.447921 0.499943 0.141012
v 0.434287 0.555726 -0.039233
v 0.462884 0.555249 -0.027136
v 0.486579 0.551092 -0.007500
v 0.503054 0.543661 0.017753
v 0.510695 0.533686 0.046151
v 0.508755 0.522141 0.074914
v 0.497424 0.510157 0.101225
v 0.477810 0.498908 0.122511
v 0.451835 0.489493 0.136687
v 0.422040 0.482836 0.142366
v 0.433597 0.544522 -0.043383
v 0.461570 0.533938 -0.035028
v 0.484770 0.521760 -0.018363
v 0.500927 0.509180 0.004983
v 0.508460 0.497430 0.032724
v 0.506629 0.487659 0.062143
v 0.495615 0.480825 0.090362
v 0.476496 0.477597 0.114619
v 0.451144 0.478290 0.132538
v 0.403589 0.552477 -0.042608
v 0.428406 0.534270 -0.046725
v 0.451697 0.514437 -0.041386
v 0.471182 0.494919 -0.027112
v 0.484953 0.477627 -0.005303
v 0.491663 0.464253 0.021908
v 0.490655 0.456106 0.051857
v 0.482027 0.453985 0.081613
v 0.466624 0.458096 0.108262
v 0.445954 0.468037 0.129196
v 0.419506 0.526531 -0.048751
v 0.434768 0.499716 -0.045239
v 0.447882 0.474656 -0.032417
v 0.457562 0.453806 -0.011539
v 0.462862 0.439206 0.015351
v 0.463264 0.432286 0.045621
v 0.458727 0.433722 0.076308
v 0.449695 0.443374 0.104408
v 0.437054 0.460297 0.127170
v 0.408252 0.522481 -0.049153
v 0.413361 0.492013 -0.046004
v 0.418417 0.464055 -0.033469
v 0.422925 0.441344 -0.012776
v 0.426443 0.426103 0.014051
v 0.428626 0.419824 0.044384
v 0.429262 0.423121 0.075256
v 0.428288 0.435672 0.103643
v 0.425800 0.456248 0.126768
v 0.396356 0.522739 -0.047869
v 0.390735 0.492504 -0.043562
v 0.387275 0.464731 -0.030109
v 0.386314 0.442138 -0.008825
v 0.387948 0.426938 0.018205
v 0.392016 0.420618 0.048335
v 0.398119 0.423797 0.078616
v 0.405662 0.436163 0.106085
v 0.413904 0.456506 0.128052
v 0.385631 0.527265 -0.045095
v 0.370333 0.501113 -0.038286
v 0.359194 0.476580 -0.022847
v 0.353304 0.456067 -0.000289
v 0.353239 0.441584 0.027181
v 0.359006 0.434547 0.056872
v 0.370039 0.435646 0.085878
v 0.385260 0.444772 0.111361
v 0.403178 0.461032 0.130825
v 0.377708 0.535370 -0.041254
v 0.355263 0.516529 -0.030979
v 0.338452 0.497798 -0.012789
v 0.328920 0.481011 0.011535
v 0.327600 0.467811 0.039613
v 0.334621 0.459491 0.068695
v 0.349297 0.456864 0.095936
v 0.370190 0.460188 0.118668
v 0.395255 0.469137 0.134667
v 0.373794 0.545820 -0.036929
v 0.347818 0.536406 -0.022753
v 0.316874 0.513172 0.024845
v 0.362745 0.480065 0.126894
v -0.353429 0.467065 -0.001468
v -0.336367 0.446122 0.053607
v -0.342211 0.434997 0.082005
v -0.357190 0.424887 0.107258
v -0.407944 0.411470 0.138992
v -0.404433 0.490642 -0.032780
v -0.379564 0.495615 -0.014861
v -0.360174 0.495668 0.009396
v -0.348163 0.490797 0.037615
v -0.344706 0.481477 0.067035
v -0.350141 0.468622 0.094775
v -0.363936 0.453489 0.118121
v -0.384742 0.437561 0.134787
v -0.410520 0.422396 0.143141
v -0.411284 0.499869 -0.029438
v -0.392594 0.513164 -0.008504
v -0.378109 0.519823 0.018145
v -0.369246 0.519192 0.047901
v -0.366874 0.511333 0.077850
v -0.371224 0.497017 0.105061
v -0.381871 0.477644 0.126871
v -0.397772 0.455110 0.141144
v -0.417371 0.431622 0.146483
v -0.421365 0.505991 -0.027412
v -0.411770 0.524810 -0.004649
v -0.404502 0.535851 0.023450
v -0.400273 0.538034 0.054137
v -0.399498 0.531146 0.084407
v -0.402251 0.515859 0.111297
v -0.408264 0.493671 0.132175
v -0.416947 0.466755 0.144998
v -0.427452 0.437744 0.148510
v -0.433142 0.508077 -0.027010
v -0.434171 0.528778 -0.003885
v -0.435335 0.541313 0.024502
v -0.436520 0.544454 0.055374
v -0.437610 0.537897 0.085707
v -0.438498 0.522281 0.112534
v -0.439097 0.499134 0.133227
v -0.439349 0.470723 0.145762
v -0.439229 0.439830 0.148911
v -0.444823 0.505810 -0.028293
v -0.456388 0.524466 -0.006326
v -0.465914 0.535377 0.021142
v -0.472468 0.537477 0.051423
v -0.475217 0.530160 0.081416
v -0.474301 0.515044 0.108397
v -0.469676 0.493198 0.129867
v -0.461566 0.466411 0.143320
v -0.450909 0.437563 0.147628
v -0.454628 0.499534 -0.031067
v -0.475039 0.512528 -0.011603
v -0.491585 0.518947 0.013880
v -0.502238 0.517688 0.042912
v -0.504636 0.507732 0.071804
v -0.502600 0.494285 0.098629
v -0.495262 0.476710 0.122514
v -0.480217 0.454474 0.138045
v -0.460714 0.431287 0.144854
v -0.461065 0.490206 -0.034909
v -0.487283 0.494785 -0.018910
v -0.508438 0.494525 0.003822
v -0.522440 0.489442 0.031066
v -0.526807 0.479499 0.059999
v -0.523521 0.466932 0.087837
v -0.512199 0.452346 0.112547
v -0.492461 0.436730 0.130737
v -0.467152 0.421959 0.141012
v -0.463154 0.479244 -0.039233
v -0.491257 0.473935 -0.027136
v -0.513907 0.465828 -0.007500
v -0.528887 0.455717 0.017753
v -0.534730 0.444592 0.046151
v -0.530865 0.433543 0.074914
v -0.517669 0.423649 0.101225
v -0.496435 0.415880 0.122511
v -0.469241 0.410997 0.136687
v -0.438749 0.409478 0.142366
v -0.460578 0.468319 -0.043383
v -0.486356 0.453154 -0.035028
v -0.507162 0.437225 -0.018363
v -0.520957 0.422093 0.004983
v -0.526392 0.409237 0.032724
v -0.522935 0.399918 0.062143
v -0.510924 0.395046 0.090362
v -0.491534 0.395099 0.114619
v -0.466664 0.400072 0.132538
v -0.432349 0.481237 -0.042608
v -0.453727 0.459093 -0.046725
v -0.473326 0.435605 -0.041386
v -0.489227 0.413071 -0.027112
v -0.499874 0.393698 -0.005303
v -0.504224 0.379381 0.021908
v -0.501851 0.371523 0.051857
v -0.492989 0.370892 0.081613
v -0.478504 0.377550 0.108262
v -0.459814 0.390846 0.129196
v -0.443646 0.452971 -0.048751
v -0.454151 0.423960 -0.045239
v -0.462834 0.397043 -0.032417
v -0.468847 0.374855 -0.011539
v -0.471600 0.359569 0.015351
v -0.470825 0.352681 0.045621
v -0.466596 0.354864 0.076308
v -0.459328 0.365905 0.104408
v -0.449733 0.384723 0.127170
v -0.431869 0.450884 -0.049153
v -0.431749 0.419991 -0.046004
v -0.432001 0.391580 -0.033469
v -0.432600 0.368434 -0.012776
v -0.433488 0.352818 0.014051
v -0.434578 0.346260 0.044384
v -0.435763 0.349402 0.075256
v -0.436927 0.361937 0.103643
v -0.437956 0.382637 0.126768
v -0.420188 0.453151 -0.047869
v -0.409532 0.424304 -0.043562
v -0.401422 0.397516 -0.030109
v -0.396652 0.375412 -0.008825
v -0.395690 0.360155 0.018205
v -0.398630 0.353237 0.048335
v -0.405183 0.355337 0.078616
v -0.414709 0.366249 0.106085
v -0.426275 0.384905 0.128052
v -0.410383 0.459427 -0.045095
v -0.390881 0.436241 -0.038286
v -0.375751 0.413946 -0.022847
v -0.366475 0.394726 -0.000289
v -0.363960 0.380463 0.027181
v -0.368453 0.372552 0.056872
v -0.379513 0.371767 0.085878
v -0.396059 0.378186 0.111361
v -0.416470 0.391180 0.130825
v -0.403946 0.468756 -0.041254
v -0.378637 0.453984 -0.030979
v -0.358898 0.438368 -0.012789
v -0.346663 0.423437 0.011535
v -0.343129 0.410650 0.039613
v -0.348641 0.401262 0.068695
v -0.362660 0.396189 0.095936
v -0.383815 0.395930 0.118668
v -0.410033 0.400509 0.134667
v -0.401857 0.479717 -0.036929
v -0.374663 0.474834 -0.022753
v -0.340233 0.457172 0.024845
v -0.379840 0.416780 0.126894
vn -0.2946 0.1072 0.9496
vn -0.1553 -0.1927 0.9689
vn 0.1554 -0.0602 0.9860
vn 0.0461 0.2244 0.9734
vn -0.0292 -0.4263 0.9041
vn 0.2434 -0.3005 0.9222
vn 0.4524 -0.1997 0.8692
vn 0.4624 -0.0011 0.8867
vn 0.3870 0.2308 0.8927
vn 0.5821 -0.2826 0.7624
vn 0.6850 -0.0541 0.7265
vn 0.6634 -0.3874 0.6402
vn 0.7998 -0.1432 0.5830
vn 0.8467 0.0487 0.5298
vn 0.6790 0.1470 0.7193
vn 0.8575 -0.2697 0.4380
vn 0.9286 -0.0626 0.3657
vn 0.7086 -0.5098 0.4879
vn 0.7239 -0.6157 0.3113
vn 0.8459 -0.4846 0.2226
vn 0.9493 -0.2915 0.1176
vn 0.5987 -0.7673 0.2296
vn 0.6966 -0.7173 0.0147
vn 0.4014 -0.9022 0.1577
vn 0.4527 -0.8857 -0.1034
vn 0.4676 -0.8150 -0.3421
vn 0.7845 -0.5957 -0.1726
vn 0.5308 -0.7092 0.4640
vn 0.3166 -0.8550 0.4108
vn 0.4677 -0.5908 0.6574
vn 0.2082 -0.7516 0.6259
vn 0.3656 -0.4675 0.8048
vn 0.0881 -0.6075 0.7894
vn -0.0421 0.3768 0.9253
vn -0.3499 0.2673 0.8978
vn 0.2394 0.3686 0.8982
vn 0.1623 0.3182 0.9340
vn 0.0281 0.2780 0.9602
vn -0.2678 0.1130 0.9568
vn 0.5600 0.2427 0.7922
vn 0.3487 0.2084 0.9138
vn 0.8082 0.0962 0.5810
vn 0.6519 -0.0044 0.7583
vn 0.9346 -0.0117 0.3554
vn 0.9826 -0.1800 0.0463
vn 0.9805 -0.1958 -0.0153
vn 0.9234 -0.1031 0.3698
vn 0.8131 -0.4774 -0.3330
vn 0.8064 -0.4197 -0.4166
vn 0.4605 -0.7106 -0.5319
vn 0.4581 -0.6317 -0.6254
vn 0.4081 -0.4416 -0.7990
vn 0.4029 -0.4278 -0.8091
vn 0.6416 -0.3164 -0.6988
vn 0.6731 -0.3347 -0.6595
vn 0.4048 -0.4403 -0.8014
vn 0.6189 -0.2924 -0.7290
vn 0.7457 -0.1625 -0.6462
vn 0.8133 -0.2121 -0.5418
vn 0.8542 -0.2412 -0.4607
vn 0.4449 -0.5930 -0.6712
vn 0.6966 -0.3453 -0.6289
vn 0.4788 -0.7852 -0.3927
vn 0.8285 -0.4712 -0.3026
vn 0.9236 -0.3011 -0.2371
vn 0.7396 -0.1540 -0.6551
vn 0.9517 -0.2534 -0.1731
vn 0.7320 -0.1635 -0.6614
vn 0.9069 -0.2583 -0.3330
vn 0.6937 -0.2427 -0.6781
vn 0.7842 -0.2816 -0.5529
vn 0.7902 -0.1817 -0.5854
vn 0.8725 -0.3211 0.3682
vn 0.7484 -0.2199 0.6258
vn 0.9373 -0.2199 0.2704
vn 0.9607 -0.2641 0.0852
vn 0.9660 -0.2364 -0.1049
vn 0.9452 -0.2560 -0.2028
vn 0.9308 -0.3458 -0.1187
vn 0.9340 -0.3470 0.0854
vn 0.9606 -0.2675 -0.0757
vn 0.9478 -0.2605 -0.1840
vn 0.9233 -0.2620 -0.2809
vn 0.9028 -0.2627 -0.3404
vn 0.4540 -0.5996 -0.6591
vn 0.7806 -0.4123 -0.4697
vn 0.4487 -0.5774 -0.6821
vn 0.7609 -0.4018 -0.5095
vn 0.2502 0.0133 0.9681
vn -0.1024 -0.2080 0.9727
vn 0.2714 0.1154 0.9555
vn 0.5311 -0.1430 0.8352
vn 0.4763 -0.2429 0.8450
vn 0.0520 -0.4889 0.8708
vn 0.2640 0.0513 0.9632
vn 0.4219 -0.1378 0.8961
vn 0.3312 -0.0505 0.9422
vn 0.3091 -0.1279 0.9424
vn 0.4773 -0.1933 0.8572
vn 0.7070 -0.3338 0.6235
vn 0.5404 -0.3619 0.7596
vn 0.2683 -0.2107 0.9400
vn 0.1491 -0.1097 0.9827
vn 0.0374 -0.2527 0.9668
vn -0.0724 -0.2326 0.9699
vn 0.0475 -0.0835 0.9954
vn 0.3737 -0.3940 0.8397
vn 0.3112 -0.3257 0.8928
vn 0.2423 -0.2357 0.9411
vn -0.1799 -0.1990 0.9634
vn -0.0735 -0.0574 0.9956
vn -0.2804 -0.1404 0.9496
vn -0.2037 -0.0350 0.9784
vn 0.1507 -0.1268 0.9804
vn 0.0720 0.0334 0.9968
vn -0.3480 -0.0313 0.9370
vn -0.2881 -0.0141 0.9575
vn 0.0454 0.2378 0.9702
vn -0.3297 0.1283 0.9353
vn 0.0865 0.4258 0.9007
vn -0.2187 0.2963 0.9297
vn 0.0141 0.0939 0.9955
vn -0.2510 0.0505 0.9667
vn 0.0012 0.3899 0.9209
vn 0.1975 0.1575 0.9676
vn 0.2256 0.5519 0.8028
vn 0.4365 0.6246 0.6476
vn 0.4041 0.4693 0.7851
vn 0.5615 0.0358 0.8267
vn 0.7844 -0.3597 -0.5052
vn 0.6415 -0.3207 -0.6968
vn 0.6427 -0.3107 -0.7003
vn 0.7955 -0.3533 -0.4922
vn 0.8677 -0.2484 -0.4306
vn 0.8371 -0.2397 -0.4918
vn 0.8018 -0.2300 -0.5515
vn 0.6474 -0.2775 -0.7099
vn 0.8121 -0.3068 -0.4964
vn 0.7688 -0.2007 -0.6072
vn 0.6604 -0.2128 -0.7201
vn 0.7502 -0.1115 -0.6517
vn 0.6803 -0.1108 -0.7245
vn 0.8475 -0.1156 -0.5180
vn 0.8309 -0.2237 -0.5095
vn 0.7353 0.1128 -0.6683
vn 0.7351 0.2074 -0.6455
vn 0.6430 0.2207 -0.7334
vn 0.6737 0.1084 -0.7310
vn 0.7372 0.3291 -0.5901
vn 0.5930 0.3656 -0.7174
vn 0.7947 0.4097 -0.4479
vn 0.8322 0.2635 -0.4879
vn 0.8523 0.1290 -0.5069
vn 0.0634 0.0869 0.9942
vn 0.0696 -0.0677 0.9953
vn 0.1732 -0.0884 0.9809
vn 0.1132 0.1646 0.9798
vn 0.1734 -0.1696 0.9701
vn 0.3160 -0.2611 0.9121
vn 0.6288 -0.3563 0.6912
vn 0.3867 -0.1219 0.9141
vn 0.2059 0.2374 0.9493
vn 0.5635 -0.1825 0.8057
vn 0.2876 0.2622 0.9211
vn 0.6979 -0.4626 0.5467
vn 0.7034 -0.4791 0.5251
vn 0.6444 -0.2056 0.7366
vn 0.3956 0.2359 0.8876
vn 0.5795 -0.5067 0.6383
vn 0.5402 -0.2507 0.8033
vn 0.1309 -0.6413 0.7561
vn 0.0433 -0.4003 0.9154
vn -0.0996 -0.0046 0.9950
vn 0.3343 0.1459 0.9311
vn -0.2154 0.3007 0.9291
vn 0.0991 0.4353 0.8948
vn -0.2606 0.3694 0.8920
vn 0.0018 0.4924 0.8704
vn 0.1104 0.5447 0.8313
vn 0.1569 0.5082 0.8469
vn 0.1833 0.5244 0.8315
vn 0.1284 0.5076 0.8520
vn 0.3331 0.4608 0.8226
vn 0.1852 0.4529 0.8721
vn 0.2104 0.2135 0.9540
vn 0.0592 0.0946 0.9938
vn -0.0536 0.0268 0.9982
vn 0.4502 0.2268 0.8636
vn 0.2454 0.0919 0.9651
vn 0.7218 0.0340 0.6913
vn 0.7690 -0.0709 0.6353
vn 0.5436 -0.0951 0.8339
vn 0.4870 -0.0299 0.8729
vn 0.7972 -0.1805 0.5762
vn 0.6056 -0.1677 0.7779
vn 0.2348 -0.1277 0.9636
vn 0.8412 -0.1680 0.5140
vn 0.8188 -0.2651 0.5092
vn 0.8060 -0.2804 0.5213
vn 0.8199 -0.1320 0.5571
vn 0.7740 -0.1823 0.6063
vn 0.6684 -0.2402 0.7039
vn 0.7476 -0.3357 0.5731
vn 0.7737 -0.3520 0.5267
vn 0.6109 -0.4920 0.6203
vn 0.5950 -0.4167 0.6873
vn 0.7215 -0.2975 0.6253
vn 0.2097 -0.7231 0.6581
vn 0.1598 -0.6634 0.7310
vn 0.0904 -0.5156 0.8521
vn 0.4571 -0.3457 0.8195
vn 0.3412 -0.1763 0.9233
vn 0.0032 -0.3382 0.9411
vn 0.5484 -0.0736 0.8329
vn 0.4262 0.1068 0.8983
vn 0.2295 0.0162 0.9732
vn -0.0860 -0.1365 0.9869
vn 0.2532 0.3665 0.8953
vn 0.0851 0.2933 0.9522
vn -0.2019 0.1557 0.9669
vn 0.6307 0.1397 0.7634
vn 0.3985 0.0407 0.9163
vn 0.1453 -0.2424 0.9592
vn 0.4371 -0.4036 0.8038
vn 0.6897 0.1346 0.7115
vn 0.5617 0.1407 0.8153
vn 0.6780 -0.0231 0.7347
vn 0.7768 -0.0106 0.6297
vn 0.5409 0.3121 0.7810
vn 0.3858 0.3587 0.8500
vn 0.5304 -0.5387 0.6545
vn 0.1426 -0.6616 0.7362
vn 0.6641 -0.5025 0.5536
vn 0.5914 -0.2861 0.7539
vn 0.4676 -0.4505 0.7606
vn 0.1060 -0.5689 0.8156
vn 0.7429 -0.4713 0.4753
vn 0.8497 -0.2980 0.4351
vn 0.9357 -0.1678 0.3102
vn 0.7601 -0.3386 0.5546
vn 0.5797 -0.1048 0.8080
vn 0.4534 -0.1004 0.8856
vn 0.6202 -0.2312 0.7496
vn 0.8354 -0.2822 0.4717
vn 0.8118 -0.2542 0.5257
vn 0.6553 -0.3443 0.6723
vn 0.6252 -0.3869 0.6778
vn 0.8176 -0.3635 0.4465
vn 0.7116 -0.3036 0.6336
vn 0.7342 -0.4107 0.5406
vn 0.6186 -0.4578 0.6386
vn 0.8187 -0.3979 0.4140
vn 0.5794 -0.5130 0.6334
vn 0.8203 -0.3937 0.4148
vn 0.7210 -0.4885 0.4915
vn 0.6891 -0.5172 0.5076
vn 0.4743 -0.4420 0.7614
vn 0.7920 -0.2087 0.5737
vn 0.5794 -0.6626 0.4746
vn 0.2884 -0.5571 0.7787
vn 0.4697 -0.8603 0.1980
vn 0.1563 -0.8959 0.4159
vn 0.1410 -0.8072 0.5731
vn 0.4493 -0.2797 0.8485
vn 0.6513 0.6674 0.3611
vn 0.7640 0.5022 0.4052
vn 0.7470 0.6542 0.1181
vn 0.8670 0.4816 0.1279
vn 0.9768 0.1877 0.1028
vn 0.9026 0.1279 0.4111
vn 0.7619 0.6406 -0.0953
vn 0.7520 0.6269 -0.2036
vn 0.7307 0.5890 -0.3452
vn 0.8077 0.5716 -0.1446
vn 0.7268 0.5947 -0.3438
vn 0.6028 0.5539 -0.5743
vn 0.7898 0.4427 -0.4245
vn 0.7338 0.4429 -0.5152
vn 0.8889 0.3982 -0.2264
vn 0.5563 0.4884 -0.6724
vn 0.7414 0.4212 -0.5224
vn 0.7523 0.5321 -0.3884
vn 0.6195 0.5260 0.5827
vn 0.6179 0.6490 0.4438
vn 0.8360 0.5240 0.1628
vn 0.7503 0.6494 0.1238
vn 0.8669 0.4886 -0.0989
vn 0.8577 0.4530 -0.2433
vn 0.7965 0.5708 -0.1994
vn 0.7954 0.5996 -0.0880
vn 0.9670 0.2082 -0.1469
vn 0.9724 0.2332 -0.0008
vn 0.9953 0.0922 -0.0308
vn 0.9822 0.0636 -0.1767
vn 0.9532 0.2376 0.1868
vn 0.9842 0.1017 0.1448
vn 0.9951 -0.0484 0.0859
vn 0.9964 -0.0484 -0.0693
vn 0.9762 -0.0736 -0.2042
vn 0.9537 -0.2014 -0.2232
vn 0.9091 -0.2162 -0.3562
vn 0.9280 -0.1002 -0.3587
vn 0.9220 -0.3089 -0.2332
vn 0.8839 -0.3123 -0.3482
vn 0.8894 -0.3275 -0.3189
vn 0.9108 -0.3400 -0.2343
vn 0.9317 -0.2516 -0.2618
vn 0.9093 -0.2382 -0.3413
vn 0.8817 -0.2557 -0.3966
vn 0.4432 -0.5553 -0.7038
vn 0.7447 -0.3905 -0.5412
vn 0.4317 -0.5167 -0.7394
vn 0.7233 -0.3733 -0.5809
vn 0.8807 -0.3864 -0.2740
vn 0.8755 -0.3763 -0.3032
vn 0.8433 -0.3618 -0.3975
vn 0.8478 -0.3774 -0.3726
vn 0.8558 -0.3086 -0.4151
vn 0.7783 -0.3407 -0.5274
vn 0.8945 -0.3722 -0.2476
vn 0.8607 -0.3680 -0.3519
vn 0.6504 -0.3064 -0.6951
vn 0.8808 -0.2612 -0.3949
vn 0.8813 -0.3946 0.2601
vn 0.8256 -0.4288 0.3668
vn 0.9169 -0.3962 -0.0484
vn 0.9114 -0.4114 -0.0042
vn 0.8049 -0.4525 0.3838
vn 0.8222 -0.4085 0.3963
vn 0.9145 -0.4045 -0.0078
vn 0.9421 -0.3351 -0.0099
vn 0.8511 -0.2874 0.4395
vn 0.8444 -0.1313 0.5194
vn 0.9789 -0.2026 0.0255
vn 0.8606 0.5093 0.0024
vn 0.9280 0.3726 0.0088
vn 0.9278 0.3533 -0.1201
vn 0.9085 0.3713 0.1920
vn 0.7396 0.0090 -0.6730
vn 0.6884 0.0035 -0.7253
vn 0.8557 0.0046 -0.5175
vn 0.7935 0.0219 0.6082
vn 0.7234 0.1740 0.6681
vn 0.6651 0.3460 0.6617
vn 0.9506 -0.2265 0.2125
vn 0.7483 -0.2802 0.6013
vn 0.8882 -0.4360 0.1450
vn 0.7051 -0.4207 0.5709
vn 0.2876 -0.3677 0.8844
vn 0.4350 -0.1716 0.8839
vn 0.6987 -0.5386 0.4709
vn 0.5499 -0.4886 0.6774
vn 0.7672 -0.6273 0.1336
vn 0.6518 -0.7304 0.2040
vn 0.7122 -0.5519 0.4338
vn 0.7044 -0.4449 0.5530
vn 0.5530 -0.7289 0.4036
vn 0.6405 -0.5671 0.5178
vn 0.8649 -0.3356 0.3733
vn 0.7949 -0.4613 0.3941
vn 0.9173 -0.2527 0.3077
vn 0.8648 -0.3181 0.3885
vn 0.6557 0.2310 0.7188
vn 0.4623 0.3558 0.8122
vn 0.7658 0.0966 0.6358
vn 0.5584 -0.4616 0.6893
vn 0.1773 -0.6619 0.7283
vn 0.6779 -0.2507 0.6911
vn 0.8248 -0.0328 0.5644
vn 0.2389 0.3404 0.9094
vn -0.0284 -0.0325 0.9991
vn 0.1099 -0.0610 0.9921
vn 0.2717 -0.1226 0.9545
vn 0.2830 -0.1916 0.9398
vn 0.2990 -0.0785 0.9510
vn 0.3206 -0.1201 0.9396
vn 0.2903 -0.1241 0.9488
vn 0.3258 -0.1265 0.9370
vn 0.3765 -0.1388 0.9160
vn 0.4334 -0.3605 0.8260
vn 0.3118 -0.3122 0.8974
vn 0.3241 -0.1843 0.9279
vn 0.5556 -0.7720 0.3089
vn 0.3985 -0.8551 0.3317
vn 0.3360 -0.7860 0.5189
vn 0.5641 -0.8124 0.1476
vn 0.5462 -0.7282 0.4140
vn 0.3686 -0.7180 0.5904
vn 0.2878 -0.5968 0.7490
vn 0.9886 -0.1376 0.0613
vn 0.9166 -0.3995 -0.0150
vn 0.9701 0.0239 0.2414
vn 0.8913 0.0373 0.4518
vn 0.9616 -0.1677 0.2173
vn 0.9298 -0.3641 0.0540
vn 0.8684 -0.0289 0.4951
vn 0.6779 -0.2033 0.7065
vn 0.6533 -0.0292 0.7565
vn 0.7384 0.0841 0.6691
vn 0.7545 -0.6561 0.0132
vn 0.7867 -0.5800 0.2114
vn 0.4322 -0.2395 0.8694
vn 0.4905 -0.0883 0.8670
vn 0.5250 0.0294 0.8506
vn 0.6308 -0.0435 0.7747
vn 0.3276 -0.0492 0.9435
vn 0.3794 -0.1190 0.9175
vn 0.7708 -0.3172 0.5525
vn 0.4857 -0.4098 0.7721
vn 0.2144 -0.1655 0.9626
vn 0.2402 -0.1316 0.9618
vn 0.2429 -0.2375 0.9405
vn 0.2496 -0.3227 0.9130
vn 0.2695 -0.4436 0.8547
vn 0.2411 -0.0978 0.9656
vn 0.2482 -0.1506 0.9569
vn 0.4789 -0.5749 0.6635
vn 0.1031 -0.6397 0.7616
vn 0.6877 -0.4643 0.5582
vn 0.6532 -0.5015 0.5673
vn 0.4543 -0.6988 0.5525
vn 0.1560 -0.8758 0.4569
vn 0.4955 -0.7498 0.4385
vn 0.3662 -0.9083 0.2021
vn 0.5887 -0.5348 0.6062
vn 0.5215 -0.4938 0.6958
vn 0.5575 -0.6770 0.4805
vn 0.5612 -0.8044 0.1950
vn 0.5702 -0.5624 0.5988
vn 0.6846 -0.6646 0.2993
vn 0.4590 -0.4130 0.7866
vn 0.4053 -0.4085 0.8179
vn 0.5546 -0.4966 0.6676
vn 0.7670 -0.5349 0.3544
vn 0.5032 -0.4854 0.7150
vn 0.8148 -0.4253 0.3939
vn 0.2990 -0.4537 0.8395
vn 0.0742 -0.5362 0.8408
vn 0.4485 -0.4989 0.7415
vn 0.8221 -0.3190 0.4716
vn 0.6856 -0.1453 0.7133
vn 0.4296 -0.4535 0.7809
vn 0.4266 -0.4071 0.8076
vn 0.5970 -0.1538 0.7874
vn 0.1020 -0.5838 0.8054
vn 0.0927 -0.5440 0.8339
vn 0.1334 -0.2190 0.9666
vn 0.0087 -0.2886 0.9574
vn 0.1949 -0.1211 0.9733
vn -0.1285 0.4121 0.9020
vn -0.1357 0.3979 0.9073
vn -0.1416 0.3915 0.9092
vn 0.4304 -0.4991 0.7521
vn 0.7780 -0.2165 0.5897
vn 0.1014 -0.5959 0.7967
vn 0.5981 0.1283 0.7911
vn 0.7486 0.1720 0.6403
vn 0.4570 0.0504 0.8880
vn 0.3593 0.2090 0.9095
vn 0.4940 0.2644 0.8283
vn 0.7284 0.2232 0.6478
vn 0.9121 0.0815 0.4018
vn 0.9765 -0.1112 0.1848
vn 0.9395 0.0422 0.3400
vn 0.9815 -0.1601 0.1051
vn 0.7559 -0.6539 0.0327
vn 0.6126 -0.7903 -0.0140
vn 0.8768 -0.4776 0.0560
vn 0.9003 -0.4353 -0.0049
vn 0.8387 -0.5444 -0.0118
vn 0.7824 -0.6222 -0.0264
vn 0.4193 -0.9041 0.0830
vn 0.1227 -0.8724 0.4732
vn 0.7226 -0.6720 0.1620
vn 0.4168 -0.6248 0.6603
vn -0.0725 -0.5165 0.8532
vn 0.0174 -0.1623 0.9866
vn 0.1227 -0.2268 0.9662
vn 0.0414 -0.0194 0.9990
vn 0.9483 -0.3040 0.0911
vn 0.9499 -0.3115 0.0263
vn 0.2358 0.0047 0.9718
vn 0.2036 0.1337 0.9699
vn 0.3554 0.1079 0.9285
vn 0.7195 -0.0477 0.6929
vn 0.9306 -0.3630 0.0463
vn 0.9206 -0.2782 0.2742
vn 0.9121 -0.4095 0.0166
vn 0.2525 -0.1091 0.9614
vn -0.0936 0.3335 0.9381
vn 0.3684 -0.2199 0.9033
vn -0.0003 0.1748 0.9846
vn 0.5173 -0.3454 0.7830
vn 0.1599 -0.0140 0.9870
vn 0.5953 -0.4380 0.6737
vn 0.2303 -0.2887 0.9293
vn 0.8458 -0.4036 0.3489
vn 0.8637 -0.3495 0.3631
vn 0.9129 -0.3027 0.2739
vn 0.9062 -0.3467 0.2418
vn 0.7546 -0.4248 0.5001
vn 0.7384 -0.4614 0.4919
vn 0.7528 -0.4070 0.5174
vn 0.3226 -0.4025 0.8567
vn 0.3738 -0.6148 0.6945
vn 0.7101 -0.5416 0.4499
vn 0.8332 -0.4237 0.3553
vn 0.6887 -0.4817 0.5418
vn 0.8625 -0.3336 0.3804
vn 0.5911 -0.5121 0.6231
vn 0.9158 -0.3278 0.2321
vn 0.9380 -0.1649 0.3048
vn 0.8223 -0.3617 0.4393
vn 0.4371 -0.5730 0.6933
vn 0.7920 -0.3714 0.4846
vn 0.2290 -0.5845 0.7784
vn -0.3023 -0.4840 0.8212
vn -0.1049 -0.4240 0.8996
vn 0.1031 -0.6279 0.7714
vn -0.3471 -0.5734 0.7421
vn 0.6963 -0.4785 0.5349
vn 0.5422 -0.6977 0.4682
vn 0.0541 -0.7650 0.6418
vn -0.3118 -0.7392 0.5969
vn 0.3125 -0.8190 0.4813
vn 0.0517 -0.8685 0.4930
vn 0.2693 -0.8418 0.4678
vn 0.0808 -0.8971 0.4343
vn -0.2048 -0.9173 0.3415
vn -0.2468 -0.8687 0.4295
vn 0.2965 -0.7436 0.5993
vn 0.3270 -0.6505 0.6855
vn 0.1975 -0.8073 0.5562
vn 0.1015 -0.8393 0.5341
vn 0.3898 -0.4850 0.7829
vn 0.3484 -0.6851 0.6397
vn 0.2116 -0.8944 0.3940
vn 0.0335 -0.9360 0.3505
vn -0.1468 -0.9130 0.3806
vn 0.4745 -0.4904 0.7310
vn 0.3271 -0.7991 0.5045
vn 0.4766 -0.2811 0.8330
vn 0.5122 -0.0963 0.8535
vn 0.5025 -0.3387 0.7955
vn 0.3810 -0.7124 0.5893
vn 0.2266 -0.6903 0.6871
vn 0.3672 -0.2686 0.8905
vn 0.3271 -0.3092 0.8930
vn 0.2102 -0.7282 0.6523
vn 0.3088 0.1134 0.9443
vn 0.3669 0.1163 0.9230
vn 0.3465 0.0807 0.9346
vn 0.2376 -0.3318 0.9129
vn 0.1679 -0.7473 0.6429
vn 0.1299 -0.3308 0.9347
vn 0.1177 -0.7460 0.6555
vn 0.1261 -0.0462 0.9909
vn 0.0043 -0.0538 0.9985
vn 0.0346 -0.3311 0.9430
vn 0.0819 -0.7542 0.6515
vn 0.4146 0.1151 0.9027
vn 0.1145 0.0511 0.9921
vn 0.4129 0.0363 0.9100
vn 0.1198 0.1002 0.9877
vn -0.0171 0.1421 0.9897
vn -0.0050 0.0437 0.9990
vn 0.2048 0.1605 0.9656
vn 0.1217 0.2124 0.9696
vn 0.4801 -0.0421 0.8762
vn 0.4560 -0.1426 0.8785
vn 0.3127 0.1786 0.9329
vn 0.2758 0.2551 0.9267
vn 0.3245 -0.1774 0.9291
vn 0.3557 0.1798 0.9171
vn 0.1743 -0.1682 0.9702
vn 0.3722 0.1741 0.9117
vn 0.4542 0.3213 0.8309
vn 0.3793 0.2958 0.8767
vn -0.0047 -0.1167 0.9932
vn 0.3478 0.1025 0.9320
vn -0.0548 0.0392 0.9977
vn 0.3253 0.0647 0.9434
vn 0.4814 0.1058 0.8701
vn 0.4717 0.2158 0.8550
vn 0.4269 -0.2639 0.8649
vn 0.2958 -0.6960 0.6543
vn 0.4307 -0.0383 0.9017
vn 0.1026 0.1655 0.9809
vn 0.3761 0.0497 0.9252
vn 0.4947 0.0387 0.8682
vn -0.4836 -0.3181 0.8155
vn -0.5192 0.0702 0.8518
vn -0.1595 -0.6006 0.7835
vn -0.3653 -0.7850 0.5003
vn -0.7203 -0.3829 0.5785
vn -0.7747 0.0979 0.6247
vn 0.2202 -0.6868 0.6927
vn 0.5695 -0.6000 0.5618
vn 0.5666 -0.7822 0.2591
vn 0.1230 -0.9184 0.3759
vn 0.7782 0.2628 0.5704
vn 0.8398 -0.0377 0.5416
vn 0.5576 0.5063 0.6578
vn 0.6132 0.7142 0.3376
vn 0.9119 0.3411 0.2280
vn 0.9835 -0.0482 0.1746
vn 0.7974 -0.3415 0.4975
vn 0.8850 -0.4303 0.1781
vn -0.2814 0.3864 0.8784
vn 0.0308 0.5408 0.8406
vn -0.5549 0.5292 0.6419
vn -0.1927 0.7946 0.5757
vn 0.2888 0.5919 0.7525
vn 0.1880 0.8656 0.4640
vn 0.1687 -0.9159 0.3642
vn -0.3442 -0.7858 0.5139
vn 0.6390 -0.7290 0.2454
vn 0.7029 -0.5820 0.4088
vn 0.2943 -0.6511 0.6996
vn -0.2215 -0.6468 0.7298
vn 0.1870 0.9299 0.3167
vn 0.6235 0.7477 0.2285
vn -0.2470 0.8577 0.4510
vn -0.1567 0.8242 0.5442
vn 0.3066 0.8235 0.4774
vn 0.6517 0.7002 0.2915
vn -0.6854 -0.3384 0.6448
vn -0.7312 0.1438 0.6668
vn -0.3041 -0.2544 0.9180
vn -0.3433 0.1801 0.9218
vn 0.9206 0.3563 0.1596
vn 0.9896 -0.0270 0.1415
vn 0.8440 0.4020 0.3550
vn 0.9152 -0.0039 0.4029
vn 0.9113 -0.3801 0.1582
vn 0.8482 -0.2976 0.4382
vn -0.5842 0.5590 0.5884
vn -0.2839 0.5675 0.7729
vn 0.4007 0.5331 0.7451
vn 0.3933 0.1815 0.9013
vn 0.3575 -0.2500 0.8998
vn 0.1177 0.2506 0.9609
vn -0.0208 0.2224 0.9747
vn 0.2809 0.2971 0.9126
vn 0.2997 0.3528 0.8864
vn 0.1290 0.3198 0.9387
vn -0.0213 0.2921 0.9562
vn 0.1224 0.4747 0.8716
vn -0.0368 0.4762 0.8786
vn 0.3032 0.4614 0.8338
vn 0.2740 0.6355 0.7219
vn 0.0881 0.6590 0.7470
vn -0.0549 0.6576 0.7514
vn 0.1496 -0.9835 0.1023
vn 0.0103 -0.9929 0.1182
vn 0.4228 -0.9046 0.0550
vn 0.4088 -0.9053 0.1155
vn 0.2115 -0.9725 0.0980
vn 0.0729 -0.9972 0.0136
vn 0.2709 -0.9531 0.1351
vn 0.1958 -0.9803 0.0268
vn 0.3659 -0.9129 0.1809
vn 0.3506 -0.9050 0.2407
vn 0.3293 -0.9305 0.1604
vn 0.3060 -0.9508 0.0479
vn 0.3721 -0.8830 0.2861
vn 0.3941 -0.8984 0.1938
vn 0.3989 -0.8381 0.3720
vn 0.4588 -0.8503 0.2576
vn 0.5150 -0.8488 0.1195
vn 0.4058 -0.9109 0.0746
vn 0.4685 -0.8004 0.3740
vn 0.6113 -0.7563 0.2330
vn 0.3786 -0.8155 0.4378
vn 0.3948 -0.9170 -0.0568
vn 0.2533 -0.9631 -0.0907
vn 0.5448 -0.8382 -0.0268
vn 0.5640 -0.8110 -0.1555
vn 0.3803 -0.9046 -0.1925
vn 0.1920 -0.9521 -0.2381
vn 0.9620 -0.2162 0.1667
vn 0.8835 -0.4528 0.1197
vn 0.9743 -0.0896 0.2066
vn 0.9914 -0.0429 0.1235
vn 0.9807 -0.1877 0.0547
vn 0.9196 -0.3919 -0.0251
vn -0.0329 -0.9762 0.2142
vn 0.4022 -0.5276 0.7482
vn -0.0814 -0.9938 -0.0752
vn -0.0624 -0.9940 -0.0901
vn 0.1598 -0.9271 0.3389
vn 0.6196 -0.3653 0.6947
vn 0.7152 -0.6981 0.0335
vn 0.7621 -0.6388 -0.1053
vn 0.9601 -0.0243 0.2785
vn 0.9421 0.0153 0.3349
vn 0.9323 0.1985 0.3024
vn 0.9731 0.0961 0.2095
vn 0.0827 -0.9904 -0.1109
vn -0.0109 -0.9743 -0.2252
vn 0.7189 -0.0516 0.6932
vn 0.8621 0.0917 0.4985
vn 0.8077 0.0772 0.5845
vn 0.8597 0.1944 0.4723
vn 0.9212 0.0867 0.3792
vn 0.8951 0.2384 0.3767
vn 0.9862 -0.1657 -0.0029
vn 0.9412 -0.3271 -0.0843
vn 0.9978 -0.0404 0.0532
vn 0.9995 -0.0295 -0.0099
vn 0.9895 -0.1322 -0.0585
vn 0.9584 -0.2554 -0.1276
vn 0.9011 0.2610 0.3462
vn 0.9477 0.2143 0.2363
vn 0.8690 0.2109 0.4476
vn 0.9321 0.1693 0.3203
vn 0.9546 0.1939 0.2264
vn 0.9729 0.1676 0.1591
vn 0.1378 -0.9450 -0.2965
vn 0.2948 -0.9542 -0.0504
vn 0.2424 -0.8962 -0.3716
vn 0.5408 -0.7199 -0.4350
vn 0.6141 -0.7104 -0.3438
vn 0.8063 -0.5875 -0.0681
vn 0.6200 -0.6806 0.3903
vn 0.7719 -0.2239 0.5950
vn 0.9025 -0.3462 0.2563
vn 0.8848 -0.0879 0.4576
vn 0.9881 0.0915 0.1234
vn 0.9954 0.0751 0.0597
vn 0.8408 0.1000 0.5321
vn 0.9113 0.0730 0.4052
vn 0.8161 -0.5489 -0.1809
vn 0.6199 -0.7431 -0.2522
vn 0.8642 -0.4490 -0.2272
vn 0.7011 -0.6463 -0.3013
vn 0.4279 -0.8466 -0.3165
vn 0.6250 -0.6829 -0.3783
vn 0.9951 0.0849 0.0509
vn 0.9984 -0.0084 -0.0568
vn 0.9932 0.0765 0.0876
vn 0.9966 -0.0113 -0.0821
vn 0.9892 -0.0183 0.1457
vn 0.9862 -0.1364 -0.0933
vn 0.9804 -0.0889 -0.1761
vn 0.9884 -0.0962 -0.1178
vn 0.9590 -0.1610 -0.2331
vn 0.9627 -0.1970 -0.1853
vn 0.8648 -0.4028 -0.2999
vn 0.8639 -0.3632 -0.3490
vn 0.9293 -0.2551 -0.2672
vn 0.9993 -0.0134 0.0360
vn 0.9406 -0.1544 0.3024
vn 0.9980 -0.0515 -0.0355
vn 0.9513 -0.2276 0.2079
vn 0.9924 -0.0268 -0.1201
vn 0.9589 -0.2576 0.1188
vn 0.9683 0.0922 -0.2319
vn 0.9607 -0.2698 0.0650
vn 0.9743 -0.0138 -0.2249
vn 0.9261 -0.3755 0.0380
vn 0.9488 -0.1457 -0.2802
vn 0.8345 -0.5449 -0.0811
vn 0.9171 -0.2849 -0.2788
vn 0.7765 -0.6204 -0.1102
vn 0.8332 -0.5259 -0.1711
vn 0.6865 -0.7271 0.0067
vn 0.7011 -0.7118 -0.0435
vn 0.5281 -0.8414 0.1146
vn 0.6119 -0.7847 0.0990
vn 0.4209 -0.8832 0.2069
vn 0.5483 -0.7555 0.3585
vn 0.5479 -0.6793 0.4882
vn 0.3972 -0.7782 0.4864
vn 0.3854 -0.8424 0.3766
vn 0.5466 -0.5606 0.6221
vn 0.4250 -0.6885 0.5876
vn 0.3072 -0.7352 0.6042
vn 0.3241 -0.7927 0.5163
vn 0.3326 -0.8505 0.4074
vn 0.3173 -0.8345 0.4504
vn 0.3459 -0.8642 0.3654
vn 0.3466 -0.8794 0.3262
vn 0.3167 -0.8090 0.4953
vn 0.3522 -0.8374 0.4179
vn 0.3287 -0.7194 0.6119
vn 0.3625 -0.7044 0.6103
vn 0.3605 -0.7802 0.5112
vn 0.3656 -0.7890 0.4938
vn 0.2839 -0.8069 0.5180
vn 0.1980 -0.4105 0.8901
vn 0.3623 -0.3690 0.8559
vn 0.3627 -0.5801 0.7294
vn 0.3186 -0.6002 0.7337
vn 0.2755 -0.6736 0.6858
vn 0.2952 -0.7743 0.5597
vn 0.3191 -0.6375 0.7013
vn 0.2930 -0.7449 0.5994
vn 0.5672 -0.7883 0.2386
vn 0.3879 -0.8738 0.2932
vn 0.0893 -0.8701 0.4846
vn -0.2101 -0.9066 0.3661
vn 0.4235 -0.0981 0.9006
vn 0.5158 0.0714 0.8538
vn 0.2829 0.0253 0.9588
vn 0.3927 0.3721 0.8410
vn -0.4097 -0.8828 0.2297
vn -0.4376 -0.8658 0.2425
vn -0.3337 -0.9141 0.2302
vn -0.4342 -0.8908 0.1338
vn -0.5054 -0.8523 0.1344
vn -0.5822 -0.7941 0.1744
vn -0.1532 -0.9706 0.1856
vn 0.0187 -0.9869 0.1599
vn -0.1481 -0.9876 0.0524
vn -0.3022 -0.9472 0.1066
vn -0.3239 0.2972 0.8982
vn -0.3751 0.4306 0.8209
vn -0.3711 0.1109 0.9220
vn -0.6461 0.2390 0.7249
vn -0.5802 0.3913 0.7143
vn -0.5568 0.4794 0.6783
vn -0.6602 -0.4601 0.5936
vn -0.6460 -0.2937 0.7046
vn -0.6066 -0.6338 0.4800
vn -0.7663 -0.5253 0.3700
vn -0.8005 -0.3688 0.4724
vn -0.7906 -0.1853 0.5837
vn -0.5162 -0.7826 0.3479
vn -0.6887 -0.6735 0.2685
vn 0.1020 -0.9520 0.2886
vn 0.1357 -0.9572 0.2558
vn 0.0625 -0.9474 0.3140
vn 0.0056 -0.9980 0.0625
vn -0.0131 -0.9985 0.0523
vn -0.0232 -0.9989 0.0415
vn -0.5349 -0.1194 0.8364
vn -0.7342 0.0239 0.6785
vn 0.0991 -0.9739 0.2043
vn -0.0592 -0.9977 0.0318
vn -0.3749 0.5636 0.7361
vn -0.3246 0.6621 0.6755
vn -0.5090 0.5672 0.6474
vn -0.4103 0.6508 0.6388
vn 0.0926 -0.9438 0.3174
vn 0.0988 -0.9447 0.3127
vn 0.0645 -0.9940 0.0880
vn 0.0396 -0.9965 0.0741
vn -0.2601 0.7175 0.6462
vn -0.2033 0.7368 0.6448
vn -0.2885 0.7053 0.6475
vn -0.1659 0.7232 0.6704
vn 0.0954 -0.9455 0.3112
vn 0.1045 -0.9446 0.3112
vn 0.1096 -0.9894 0.0957
vn 0.0848 -0.9920 0.0936
vn -0.2005 -0.9792 -0.0314
vn -0.2934 -0.9559 0.0142
vn -0.1360 -0.9888 -0.0614
vn -0.2269 -0.9716 -0.0679
vn -0.3035 -0.9524 -0.0282
vn -0.3763 -0.9265 0.0058
vn -0.8325 -0.3545 0.4258
vn -0.8510 -0.1758 0.4950
vn -0.7909 -0.5042 0.3467
vn -0.7524 -0.5546 0.3555
vn -0.8107 -0.4201 0.4078
vn -0.8446 -0.2673 0.4639
vn -0.0861 -0.9934 -0.0753
vn -0.0386 -0.9956 -0.0853
vn -0.0885 -0.9886 -0.1218
vn -0.1496 -0.9836 -0.1009
vn -0.4116 -0.9102 0.0462
vn -0.4982 -0.8649 0.0612
vn -0.4308 -0.9016 0.0389
vn -0.4865 -0.8688 0.0920
vn -0.8316 0.0305 0.5545
vn -0.7697 0.2287 0.5961
vn -0.8468 -0.0849 0.5251
vn -0.8177 0.0895 0.5686
vn -0.5603 -0.8230 0.0932
vn -0.6384 -0.7531 0.1592
vn -0.5356 -0.8316 0.1469
vn -0.5986 -0.7731 0.2097
vn -0.2767 0.6530 0.7050
vn -0.1104 0.6721 0.7322
vn -0.4371 0.6095 0.6614
vn -0.4244 0.5111 0.7475
vn -0.2607 0.5708 0.7786
vn -0.0834 0.6071 0.7902
vn 0.0055 -0.9958 -0.0910
vn 0.0397 -0.9949 -0.0931
vn 0.0051 -0.9886 -0.1506
vn -0.0400 -0.9897 -0.1377
vn -0.7281 -0.6366 0.2541
vn -0.6823 -0.6707 0.2910
vn -0.6995 0.3796 0.6055
vn -0.6472 0.4721 0.5985
vn -0.7684 0.2312 0.5968
vn -0.6988 0.3462 0.6259
vn 0.0732 -0.9929 -0.0939
vn 0.1105 -0.9894 -0.0941
vn 0.1096 -0.9806 -0.1623
vn 0.0555 -0.9857 -0.1592
vn -0.5712 0.5441 0.6146
vn -0.5808 0.4362 0.6873
vn -0.5906 -0.7373 0.3280
vn -0.6546 -0.6616 0.3657
vn -0.5221 -0.8101 0.2666
vn -0.3716 -0.8626 0.3433
vn -0.4093 -0.8310 0.3767
vn -0.4428 -0.8009 0.4031
vn -0.7315 -0.1046 0.6738
vn -0.6703 -0.0412 0.7409
vn -0.7444 -0.1949 0.6387
vn -0.5286 -0.5162 0.6739
vn -0.5135 -0.4939 0.7017
vn -0.4420 -0.4940 0.7487
vn 0.0371 -0.9956 -0.0859
vn -0.0310 -0.9969 -0.0720
vn 0.1088 -0.9904 -0.0857
vn 0.1069 -0.9841 0.1416
vn 0.0322 -0.9911 0.1288
vn -0.0262 -0.9888 0.1469
vn -0.3129 -0.9490 0.0385
vn -0.3509 -0.9331 0.0783
vn -0.2505 -0.9681 0.0064
vn -0.1859 -0.9677 0.1704
vn -0.2129 -0.9598 0.1827
vn -0.2474 -0.9432 0.2216
vn -0.7170 -0.5479 0.4310
vn -0.7472 -0.4213 0.5140
vn -0.4919 -0.7223 0.4861
vn -0.5162 -0.6334 0.5765
vn -0.1799 -0.9835 -0.0203
vn -0.1259 -0.9913 -0.0386
vn -0.1051 -0.9823 0.1549
vn -0.1474 -0.9791 0.1404
vn -0.5323 0.0523 0.8449
vn -0.3392 0.1002 0.9353
vn -0.3536 -0.4541 0.8178
vn -0.1701 -0.4732 0.8644
vn -0.3788 -0.9167 0.1273
vn -0.4250 -0.8865 0.1829
vn -0.2615 -0.9350 0.2397
vn -0.2888 -0.9166 0.2766
vn -0.7505 -0.3071 0.5852
vn -0.5329 -0.5492 0.6438
vn -0.4668 -0.8567 0.2194
vn -0.3350 -0.8939 0.2978
vn -0.1977 0.2774 0.9402
vn -0.0452 0.3060 0.9510
vn -0.0409 -0.3719 0.9274
vn 0.0525 -0.4054 0.9126
vn -0.0790 -0.9952 -0.0574
vn -0.0714 -0.9885 0.1331
vn -0.2012 -0.8822 0.4257
vn -0.1089 -0.8853 0.4520
vn -0.0888 -0.8996 0.4277
vn 0.0873 -0.8734 0.4791
vn -0.2526 -0.7106 0.6566
vn -0.0565 -0.7973 0.6009
vn -0.0989 -0.7991 0.5930
vn 0.0393 -0.9544 0.2958
vn 0.0264 -0.9223 0.3857
vn 0.0941 -0.9196 0.3814
vn -0.1137 -0.9464 0.3024
vn -0.0186 -0.9277 0.3728
vn -0.0227 -0.9225 0.3853
vn -0.2282 -0.8385 0.4949
vn -0.1129 -0.8315 0.5439
vn -0.0859 -0.9537 0.2881
vn -0.0102 -0.9204 0.3909
vn -0.1415 -0.7311 0.6674
vn 0.0250 -0.7981 0.6020
vn -0.1269 -0.9379 0.3228
vn -0.0328 -0.9221 0.3856
vn -0.2678 -0.7278 0.6314
vn -0.1762 -0.9100 0.3752
vn 0.0256 -0.7248 0.6885
vn 0.0997 -0.7921 0.6021
vn -0.0381 -0.9568 0.2884
vn 0.4092 0.6390 0.6513
vn 0.5804 0.5582 0.5929
vn 0.6026 0.3717 0.7062
vn 0.6044 0.5904 0.5349
vn 0.6934 0.4967 0.5220
vn 0.6935 0.3410 0.6346
vn 0.4617 -0.6661 -0.5858
vn 0.7709 -0.4932 -0.4030
vn 0.3225 -0.3125 -0.8935
vn 0.4211 -0.3363 -0.8424
vn 0.4927 -0.3913 -0.7773
vn 0.8988 -0.4187 -0.1294
vn 0.5536 -0.3704 -0.7459
vn 0.9392 -0.3422 -0.0289
vn 0.6250 -0.3113 -0.7158
vn 0.9636 -0.2633 -0.0464
vn 0.9778 -0.1979 -0.0692
vn 0.6903 -0.2587 -0.6757
vn 0.7280 -0.1996 -0.6559
vn 0.9815 -0.1740 -0.0804
vn 0.9843 -0.1533 -0.0877
vn 0.9847 -0.1317 -0.1142
vn 0.8442 -0.1293 -0.5202
vn 0.8728 -0.1081 -0.4761
vn 0.9755 -0.1316 -0.1761
vn 0.8730 -0.0965 -0.4780
vn 0.8700 -0.0159 -0.4928
vn 0.9690 -0.0670 -0.2380
vn 0.8518 0.0614 -0.5203
vn 0.9623 0.0218 -0.2713
vn 0.8674 0.0994 -0.4876
vn 0.9598 0.0853 -0.2673
vn 0.8674 0.1383 -0.4781
vn 0.9622 0.1436 -0.2316
vn 0.8704 0.1993 -0.4503
vn 0.9639 0.2095 -0.1646
vn 0.9653 0.2492 -0.0778
vn 0.8682 0.2605 -0.4223
vn 0.8656 0.3137 -0.3903
vn 0.9581 0.2857 0.0188
vn 0.9211 0.2202 -0.3212
vn 0.9874 0.0985 -0.1240
vn 0.9587 0.2804 -0.0486
vn 0.8935 0.1684 -0.4163
vn 0.9746 0.0717 -0.2123
vn 0.8333 0.2370 -0.4994
vn 0.9483 0.1294 -0.2897
vn 0.7158 0.4024 -0.5707
vn 0.8790 0.2828 -0.3840
vn 0.8395 0.3630 -0.4042
vn 0.7152 0.4155 -0.5619
vn 0.5821 0.2751 -0.7652
vn 0.6747 0.2441 -0.6966
vn 0.5922 0.5586 -0.5808
vn 0.4525 0.4223 -0.7855
vn 0.8697 0.3773 -0.3181
vn 0.7406 0.3022 -0.6001
vn 0.9059 0.3111 -0.2873
vn 0.9319 0.1678 -0.3216
vn 0.9132 -0.3755 -0.1580
vn 0.9423 -0.3048 -0.1383
vn 0.9021 -0.3931 -0.1779
vn 0.8981 -0.3869 -0.2089
vn 0.8699 -0.2165 -0.4432
vn 0.9767 -0.1858 -0.1074
vn 0.9371 0.0284 -0.3479
vn 0.7817 0.6237 -0.0042
vn 0.7639 0.6453 -0.0053
vn 0.8532 0.5213 -0.0173
vn 0.4173 -0.4691 -0.7784
vn 0.6982 -0.3507 -0.6241
vn 0.4626 0.7059 -0.5364
vn 0.4786 0.6749 -0.5617
vn 0.3758 0.5903 -0.7144
vn 0.2923 0.6246 -0.7242
vn 0.4598 0.6537 -0.6011
vn 0.4466 0.5324 -0.7191
vn 0.5527 0.6855 -0.4739
vn 0.3574 0.7644 -0.5367
vn 0.2675 0.7616 -0.5902
vn 0.3728 0.6574 -0.6549
vn 0.3855 0.4927 -0.7801
vn 0.2630 0.6667 -0.6974
vn 0.2219 0.4618 -0.8588
vn 0.4486 0.6383 -0.6255
vn 0.6134 0.6178 -0.4921
vn 0.1055 0.4180 -0.9023
vn 0.2749 0.6334 -0.7233
vn 0.1996 0.6648 -0.7199
vn 0.1609 0.6630 -0.7312
vn 0.0543 0.3871 -0.9205
vn 0.1859 0.5980 -0.7797
vn 0.0626 0.3865 -0.9202
vn 0.1305 0.5740 -0.8084
vn 0.1616 0.6603 -0.7334
vn 0.1652 0.6598 -0.7331
vn 0.0900 0.4202 -0.9030
vn 0.0957 0.5740 -0.8132
vn 0.0905 0.6814 -0.7263
vn 0.0579 0.4695 -0.8811
vn -0.0626 0.6834 -0.7273
vn -0.0385 0.4932 -0.8691
vn -0.0518 0.5908 -0.8051
vn 0.0373 0.5869 -0.8088
vn 0.0668 0.8951 -0.4409
vn -0.1057 0.8794 -0.4642
vn 0.1519 0.9120 -0.3811
vn -0.0131 0.8104 -0.5858
vn -0.0046 0.7839 -0.6208
vn -0.1008 0.7547 -0.6483
vn 0.2061 0.9353 -0.2877
vn 0.0092 0.8522 -0.5232
vn 0.2730 0.9416 -0.1971
vn 0.0967 0.8921 -0.4413
vn 0.3509 0.9272 -0.1307
vn 0.4219 0.9027 -0.0848
vn 0.2968 0.9066 -0.2999
vn 0.2118 0.9041 -0.3711
vn 0.4944 0.8673 -0.0587
vn 0.4014 0.8805 -0.2520
vn 0.5555 0.8307 -0.0363
vn 0.4686 0.8396 -0.2748
vn 0.4305 0.7274 -0.5344
vn 0.4587 0.6819 -0.5697
vn 0.6689 0.7432 0.0156
vn 0.6214 0.7834 0.0099
vn 0.7556 0.6545 0.0261
vn 0.6905 0.6780 -0.2523
vn 0.6575 0.7388 -0.1483
vn 0.6328 0.7691 0.0899
vn 0.8536 0.5153 0.0760
vn 0.7367 0.6101 -0.2917
vn 0.9136 0.3848 0.1314
vn 0.8117 0.4899 -0.3179
vn 0.9384 0.3262 0.1137
vn 0.8509 0.3860 -0.3564
vn 0.3511 0.7790 -0.5195
vn 0.2512 0.8005 -0.5441
vn 0.2011 0.8437 -0.4977
vn 0.1158 0.8551 -0.5054
vn 0.4649 0.7834 -0.4125
vn 0.2738 0.8716 -0.4067
vn 0.2169 0.8403 -0.4969
vn 0.3373 0.8239 -0.4556
vn 0.4990 0.7329 -0.4625
vn 0.0670 0.8678 -0.4923
vn 0.2090 0.8667 -0.4529
vn 0.2397 0.8728 -0.4253
vn 0.3680 0.8142 -0.4490
vn 0.5156 0.7238 -0.4586
vn 0.4586 0.7469 -0.4814
vn 0.4789 0.7286 -0.4897
vn 0.3401 0.8280 -0.4458
vn 0.3108 0.8487 -0.4279
vn 0.2247 0.8904 -0.3959
vn 0.2017 0.9111 -0.3595
vn 0.3267 0.8654 -0.3800
vn 0.5246 0.7515 -0.4000
vn 0.2119 0.9179 -0.3356
vn 0.2515 0.9420 -0.2221
vn 0.4098 0.8818 -0.2334
vn 0.6432 0.7309 -0.2282
vn 0.6676 0.7334 0.1284
vn 0.6968 0.7160 -0.0413
vn 0.4731 0.8798 -0.0460
vn 0.4685 0.8763 0.1119
vn 0.2968 0.9534 -0.0548
vn 0.3159 0.9442 0.0936
vn 0.5178 0.7172 0.4664
vn 0.5951 0.7458 0.2993
vn 0.4331 0.8627 0.2612
vn 0.3920 0.8153 0.4262
vn 0.3126 0.9211 0.2321
vn 0.2969 0.8662 0.4020
vn 0.7524 0.1459 0.6423
vn 0.8865 0.1198 0.4469
vn 0.7723 0.5276 0.3539
vn 0.6596 0.5185 0.5441
vn 0.9677 0.1211 0.2212
vn 0.8541 0.4970 0.1534
vn 0.9881 0.1497 0.0364
vn 0.8779 0.4781 -0.0265
vn 0.9664 0.2056 -0.1540
vn 0.8407 0.5019 -0.2031
vn 0.8393 0.2528 -0.4814
vn 0.6494 0.5707 -0.5026
vn 0.7393 0.5506 -0.3876
vn 0.9064 0.2386 -0.3485
vn 0.8168 0.3073 -0.4883
vn 0.6421 0.5724 -0.5100
vn 0.8330 0.3462 -0.4315
vn 0.6853 0.5669 -0.4572
vn 0.7498 0.4869 -0.4480
vn 0.5996 0.6287 -0.4952
vn 0.6826 0.5689 -0.4587
vn 0.8246 0.3810 -0.4182
vn 0.5924 0.6143 -0.5212
vn 0.4419 0.7095 -0.5489
vn 0.3836 0.6762 -0.6290
vn 0.3012 0.7231 -0.6215
vn 0.5902 0.8072 -0.0116
vn 0.6030 0.7977 0.0096
vn 0.4633 0.8538 -0.2375
vn 0.4758 0.8318 -0.2859
vn 0.4442 0.7234 -0.5286
vn 0.2491 0.6287 -0.7367
vn 0.2491 0.6132 -0.7496
vn 0.1636 0.9441 -0.2861
vn 0.1779 0.9619 -0.2074
vn 0.1513 0.9432 -0.2958
vn 0.1447 0.9666 -0.2116
vn 0.2019 0.9769 -0.0706
vn 0.2238 0.9719 0.0730
vn 0.1605 0.9834 -0.0850
vn 0.1795 0.9820 0.0590
vn 0.2339 0.9486 0.2131
vn 0.2367 0.8909 0.3876
vn 0.1938 0.9589 0.2074
vn 0.2040 0.8979 0.3900
vn 0.4934 -0.5772 0.6507
vn 0.4956 -0.6481 0.5783
vn 0.5557 -0.4432 0.7034
vn 0.6195 -0.4189 0.6639
vn 0.6936 0.0660 0.7173
vn 0.6622 0.1146 0.7405
vn 0.6031 0.4447 0.6622
vn 0.6524 0.3459 0.6744
vn 0.4876 0.6498 0.5831
vn 0.5343 0.5811 0.6139
vn 0.0267 -0.2537 0.9669
vn 0.1419 -0.6084 0.7809
vn 0.1806 -0.6257 0.7589
vn 0.0885 -0.2745 0.9575
vn 0.3475 -0.7389 0.5772
vn 0.4534 -0.6302 0.6303
vn 0.4153 -0.4683 0.7799
vn 0.3469 -0.2048 0.9153
vn 0.4921 -0.1807 0.8516
vn 0.2080 -0.1930 0.9589
vn 0.2147 0.1779 0.9603
vn 0.5141 0.1612 0.8424
vn 0.0221 0.2385 0.9709
vn 0.1434 0.6304 0.7629
vn 0.2150 0.5261 0.8228
vn 0.3497 0.5456 0.7616
vn 0.2890 -0.7151 0.6366
vn 0.3145 -0.7756 0.5473
vn 0.2645 -0.6684 0.6952
vn 0.1953 -0.5860 0.7864
vn 0.2764 -0.6766 0.6825
vn 0.3385 -0.8047 0.4878
vn -0.0069 -0.0582 0.9983
vn 0.0567 -0.3581 0.9320
vn -0.1312 -0.3822 0.9147
vn -0.2109 -0.0857 0.9737
vn 0.0523 -0.6216 0.7816
vn 0.0674 -0.5868 0.8069
vn -0.0044 -0.3520 0.9360
vn -0.0584 -0.1096 0.9923
vn 0.2940 -0.6243 0.7238
vn 0.3070 -0.5849 0.7508
vn 0.3628 -0.5020 0.7851
vn 0.2866 -0.5880 0.7564
vn 0.5178 -0.0471 0.8542
vn 0.2858 -0.0387 0.9575
vn 0.2634 0.2437 0.9334
vn 0.4785 0.2697 0.8356
vn -0.0006 0.2550 0.9670
vn 0.0798 0.5675 0.8195
vn 0.2136 0.4958 0.8418
vn 0.2748 0.5624 0.7798
vn 0.2673 -0.6162 0.7409
vn 0.2674 -0.4994 0.8241
vn -0.1243 0.1382 0.9826
vn -0.0217 -0.0787 0.9967
vn -0.1566 -0.1874 0.9697
vn -0.1903 0.0853 0.9780
vn -0.0051 -0.4753 0.8798
vn 0.0214 -0.3758 0.9264
vn -0.0521 -0.1651 0.9849
vn -0.0866 0.0376 0.9955
vn -0.0460 0.6143 0.7877
vn 0.0060 0.6966 0.7174
vn 0.1729 0.6815 0.7111
vn 0.1286 0.4905 0.8619
vn 0.1361 0.7134 0.6874
vn 0.3511 0.6897 0.6333
vn 0.1025 0.1897 0.9765
vn -0.0894 0.3618 0.9279
vn 0.1926 -0.0063 0.9812
vn 0.1643 0.1384 0.9767
vn -0.1206 0.2268 0.9664
vn 0.4967 -0.0589 0.8659
vn 0.4615 0.1392 0.8761
vn 0.3677 0.3456 0.8633
vn 0.1217 0.3651 0.9230
vn -0.1058 0.3934 0.9133
vn 0.5996 0.2135 0.7713
vn 0.6236 -0.0717 0.7785
vn 0.4152 0.5113 0.7524
vn 0.0697 0.6727 0.7367
vn 0.0802 0.6300 0.7724
vn -0.1486 0.5450 0.8252
vn 0.2495 -0.6056 0.7557
vn 0.4660 -0.5108 0.7225
vn 0.4483 -0.4377 0.7794
vn 0.2383 -0.4217 0.8749
vn 0.3175 -0.1466 0.9369
vn 0.2904 0.0085 0.9569
vn -0.0902 0.0863 0.9922
vn 0.6392 -0.1874 0.7459
vn 0.6375 0.0299 0.7699
vn 0.5344 0.2955 0.7919
vn 0.2379 0.3112 0.9201
vn -0.0696 0.3247 0.9433
vn 0.2579 -0.6956 0.6705
vn 0.4247 -0.6235 0.6564
vn 0.4873 -0.5990 0.6354
vn 0.3043 -0.6037 0.7369
vn 0.7255 0.1136 0.6788
vn 0.7011 -0.1891 0.6875
vn 0.5493 0.4760 0.6868
vn 0.1910 0.6844 0.7036
vn 0.1604 0.6562 0.7374
vn -0.1383 0.5012 0.8542
vn 0.7425 -0.0633 0.6668
vn 0.5949 -0.1270 0.7937
vn 0.6275 -0.3179 0.7108
vn 0.7441 -0.2353 0.6252
vn 0.6177 -0.5139 0.5953
vn 0.7149 -0.3998 0.5736
vn 0.3253 0.7128 0.6214
vn 0.3410 0.6257 0.7016
vn 0.6092 0.4767 0.6338
vn 0.0997 0.5451 0.8324
vn 0.2572 0.3456 0.9025
vn 0.4677 0.3337 0.8185
vn 0.6361 0.3215 0.7014
vn 0.5507 -0.6478 0.5264
vn 0.6950 -0.4269 0.5786
vn 0.7342 0.2316 0.6381
vn 0.7638 0.0024 0.6455
vn 0.7160 0.1104 0.6893
vn 0.3578 0.7488 0.5579
vn 0.2560 0.7723 0.5814
vn 0.2300 0.7600 0.6079
vn 0.2242 0.7524 0.6194
vn 0.1921 0.8901 0.4133
vn 0.2056 0.7461 0.6332
vn 0.1954 0.8747 0.4436
vn 0.1874 0.7242 0.6637
vn 0.1918 0.7066 0.6811
vn 0.1979 0.8627 0.4653
vn 0.1794 0.8547 0.4871
vn 0.1663 0.7063 0.6881
vn 0.0980 0.8464 0.5235
vn 0.0649 0.7166 0.6944
vn -0.0383 0.8370 0.5459
vn -0.0536 0.7195 0.6924
vn -0.0376 0.7316 0.6807
vn -0.0451 0.8443 0.5340
vn 0.2071 0.8455 0.4922
vn 0.1927 0.7275 0.6585
vn 0.4929 0.6502 0.5781
vn 0.6967 0.5351 0.4779
vn 0.5399 0.7345 0.4111
vn 0.7488 0.5753 0.3291
vn 0.8613 0.4245 0.2792
vn 0.8488 0.4243 0.3154
vn 0.8235 0.3803 0.4210
vn 0.8368 0.3873 0.3870
vn 0.7679 0.4694 0.4358
vn 0.7461 0.4050 0.5286
vn 0.7182 0.3938 0.5737
vn 0.7999 0.3859 0.4595
vn 0.8199 0.3820 0.4264
vn 0.8367 0.4694 0.2823
vn 0.8035 0.4352 0.4062
vn 0.7768 0.4434 0.4472
vn 0.7706 0.4281 0.4722
vn 0.7117 0.3686 0.5980
vn 0.5878 0.1875 0.7870
vn 0.5703 0.1422 0.8090
vn 0.5766 0.3796 0.7235
vn 0.5781 0.2943 0.7611
vn 0.6104 0.4125 0.6762
vn 0.4844 0.3854 0.7854
vn 0.6366 0.4458 0.6293
vn 0.5176 0.4186 0.7462
vn 0.4255 0.3832 0.8198
vn 0.4001 0.3439 0.8495
vn 0.6203 0.4923 0.6106
vn 0.5454 0.4712 0.6932
vn 0.6575 0.5625 0.5014
vn 0.5662 0.5811 0.5846
vn 0.4512 0.4553 0.7675
vn 0.4671 0.5928 0.6561
vn 0.0906 0.7984 0.5953
vn -0.0681 0.7942 0.6039
vn 0.2892 0.7777 0.5582
vn 0.3048 0.8865 0.3481
vn 0.1149 0.9222 0.3692
vn -0.0832 0.9249 0.3709
vn 0.4720 0.7283 0.4968
vn 0.4755 0.8161 0.3285
vn 0.5786 0.6872 0.4393
vn 0.5964 0.7507 0.2842
vn 0.6830 0.6356 0.3599
vn 0.8001 0.5382 0.2648
vn 0.8141 0.5589 0.1577
vn 0.7040 0.6759 0.2178
vn 0.1779 0.9549 0.2377
vn 0.5447 0.8086 0.2225
vn 0.1684 0.9849 0.0394
vn 0.5519 0.8268 0.1087
vn 0.7781 0.6139 0.1332
vn 0.7680 0.6118 0.1894
vn 0.8594 0.4943 0.1308
vn 0.8525 0.4944 0.1700
vn 0.8785 0.4600 0.1285
vn 0.8750 0.4524 0.1726
vn 0.8641 0.4622 0.1990
vn 0.8683 0.4781 0.1323
vn 0.8738 0.4726 0.1150
vn 0.8616 0.4973 0.1021
vn 0.8657 0.4885 0.1096
vn 0.8481 0.5232 0.0843
vn 0.8142 0.5782 0.0526
vn 0.8191 0.5658 0.0944
vn 0.8598 0.4962 0.1209
vn 0.8580 0.5013 0.1120
vn 0.7857 0.6097 0.1047
vn 0.7976 0.5991 0.0702
vn 0.5800 0.8139 0.0347
vn 0.1978 0.9771 -0.0783
vn 0.2365 0.9546 -0.1809
vn 0.6174 0.7858 -0.0376
vn 0.2070 0.9462 0.2488
vn 0.2076 0.9441 0.2562
vn 0.1911 0.9523 0.2379
vn 0.1772 0.9826 0.0551
vn 0.1955 0.9795 0.0485
vn 0.2042 0.9783 0.0349
vn 0.1516 0.9500 0.2731
vn -0.0037 0.9624 0.2716
vn 0.1668 0.9858 0.0209
vn 0.0185 0.9998 0.0025
vn -0.0638 0.9665 0.2485
vn -0.0696 0.9976 -0.0059
vn 0.1827 0.9583 0.2195
vn 0.1700 0.9839 0.0552
vn 0.1726 0.9781 -0.1161
vn 0.1826 0.9748 -0.1283
vn 0.1572 0.9820 -0.1044
vn 0.1427 0.9653 -0.2187
vn 0.1569 0.9624 -0.2218
vn 0.1650 0.9600 -0.2264
vn -0.0549 0.9883 -0.1421
vn 0.0251 0.9886 -0.1484
vn 0.0145 0.9686 -0.2484
vn -0.0361 0.9686 -0.2459
vn 0.1522 0.9837 -0.0958
vn 0.1385 0.9662 -0.2173
vn 0.1541 0.9782 -0.1393
vn 0.1314 0.9629 -0.2359
vn 0.6499 0.7501 -0.1224
vn 0.8176 0.5756 0.0147
vn 0.2667 0.9214 -0.2826
vn 0.2608 0.9009 -0.3469
vn 0.6623 0.7279 -0.1773
vn 0.8394 0.5428 -0.0280
vn 0.8444 0.5311 0.0707
vn 0.8040 0.5940 0.0266
vn 0.8681 0.4880 0.0916
vn 0.8815 0.4687 0.0566
vn 0.8589 0.5109 0.0367
vn 0.8057 0.5923 -0.0111
vn 0.8636 0.4982 0.0778
vn 0.8785 0.4762 0.0381
vn 0.8924 0.4509 0.0184
vn 0.8944 0.4462 0.0302
vn 0.8454 0.5323 -0.0445
vn 0.8310 0.5509 -0.0774
vn 0.8972 0.4416 -0.0058
vn 0.9044 0.4266 0.0073
vn 0.6381 0.7425 -0.2037
vn 0.2243 0.9019 -0.3692
vn 0.2007 0.8971 -0.3937
vn 0.5988 0.7641 -0.2401
vn 0.8743 0.4853 0.0064
vn 0.8180 0.5725 -0.0567
vn 0.8841 0.4670 -0.0173
vn 0.8247 0.5584 -0.0898
vn 0.8977 0.4376 -0.0522
vn 0.9110 0.4114 -0.0286
vn 0.8238 0.5504 -0.1352
vn 0.8268 0.4735 -0.3036
vn 0.8958 0.3948 -0.2040
vn 0.9135 0.3837 -0.1351
vn 0.6094 0.7387 -0.2882
vn 0.2510 0.8675 -0.4295
vn 0.3868 0.7523 -0.5333
vn 0.6654 0.6106 -0.4293
vn 0.8920 0.4498 -0.0450
vn 0.8244 0.5529 -0.1210
vn 0.8943 0.4345 -0.1074
vn 0.8198 0.5504 -0.1579
vn 0.7812 0.3284 -0.5309
vn 0.8224 0.3601 -0.4405
vn 0.7391 0.3436 -0.5793
vn 0.4855 0.2880 -0.8255
vn 0.4793 0.2975 -0.8257
vn 0.5131 0.3467 -0.7852
vn 0.6671 0.4217 -0.6141
vn 0.5345 0.5609 -0.6323
vn 0.5700 0.5436 -0.6161
vn 0.5149 0.3484 -0.7832
vn 0.8444 0.4245 -0.3269
vn 0.7822 0.5521 -0.2887
vn 0.6156 0.4387 -0.6547
vn 0.6540 0.5592 -0.5095
vn 0.2019 0.2678 -0.9421
vn 0.2560 0.3098 -0.9157
vn 0.2102 0.2824 -0.9360
vn 0.0840 0.2649 -0.9606
vn 0.0756 0.2254 -0.9713
vn 0.1357 0.2702 -0.9532
vn 0.2803 0.3592 -0.8902
vn 0.4329 0.5709 -0.6976
vn 0.3745 0.6308 -0.6796
vn 0.1760 0.3921 -0.9029
vn 0.3863 0.4328 -0.8145
vn 0.5607 0.5978 -0.5729
vn 0.2917 0.4313 -0.8538
vn 0.4853 0.6234 -0.6130
vn -0.0084 0.1813 -0.9834
vn 0.0475 0.2379 -0.9701
vn 0.0061 0.2331 -0.9724
vn -0.0058 0.2922 -0.9563
vn -0.0774 0.1863 -0.9794
vn -0.0639 0.2000 -0.9777
vn 0.1331 0.4347 -0.8907
vn 0.3509 0.7057 -0.6155
vn 0.3649 0.7822 -0.5050
vn 0.1652 0.5356 -0.8281
vn 0.2007 0.4288 -0.8808
vn 0.3975 0.6455 -0.6522
vn 0.0516 0.3718 -0.9269
vn 0.2390 0.6237 -0.7442
vn -0.0777 0.2529 -0.9644
vn -0.0935 0.1586 -0.9829
vn 0.0091 0.4743 -0.8803
vn -0.0411 0.5705 -0.8202
vn -0.0221 0.3034 -0.9526
vn -0.0115 0.1433 -0.9896
vn 0.1552 0.7236 -0.6725
vn 0.2966 0.8780 -0.3757
vn -0.0743 0.9441 -0.3212
vn -0.0605 0.8120 -0.5806
vn -0.0349 0.2402 -0.9701
vn 0.0763 0.5171 -0.8525
vn -0.0143 0.1601 -0.9870
vn -0.0381 0.4365 -0.8989
vn 0.0814 0.9520 -0.2951
vn -0.0280 0.9455 -0.3244
vn 0.1441 0.9504 -0.2755
vn 0.1036 0.9428 -0.3167
vn 0.0010 0.9390 -0.3439
vn -0.0918 0.9210 -0.3786
vn -0.0315 0.9405 -0.3384
vn -0.0515 0.9162 -0.3975
vn 0.1550 0.9496 -0.2723
vn 0.1441 0.9501 -0.2766
vn 0.1535 0.9365 -0.3152
vn 0.1528 0.9385 -0.3096
vn 0.7236 0.6821 0.1060
vn 0.7382 0.6740 0.0290
vn 0.6181 0.7858 0.0208
vn 0.6092 0.7819 0.1321
vn 0.7371 0.6646 -0.1223
vn 0.7424 0.6670 -0.0631
vn 0.7351 0.6555 -0.1728
vn 0.6576 0.7202 -0.2210
vn 0.6673 0.7273 -0.1601
vn 0.6651 0.7396 -0.1034
vn 0.7255 0.6533 -0.2164
vn 0.7069 0.6592 -0.2562
vn 0.6239 0.7112 -0.3239
vn 0.6440 0.7142 -0.2742
vn 0.7467 0.6648 -0.0193
vn 0.6428 0.7644 -0.0500
vn 0.5881 0.7021 -0.4014
vn 0.6672 0.6631 -0.3394
vn 0.5084 0.8592 -0.0571
vn 0.4784 0.8779 0.0217
vn 0.5458 0.8289 -0.1227
vn 0.3888 0.9130 -0.1232
vn 0.3489 0.9356 -0.0534
vn 0.3117 0.9497 0.0298
vn 0.5074 0.7332 -0.4527
vn 0.5488 0.7512 -0.3667
vn 0.3673 0.7600 -0.5361
vn 0.4216 0.8055 -0.4165
vn 0.5721 0.7993 -0.1840
vn 0.5787 0.7775 -0.2461
vn 0.4387 0.8574 -0.2692
vn 0.4215 0.8857 -0.1949
vn 0.4706 0.8694 0.1507
vn 0.3003 0.9410 0.1561
vn 0.5698 0.7627 -0.3061
vn 0.4398 0.8316 -0.3391
vn 0.1998 0.9595 -0.1987
vn 0.1737 0.9774 -0.1206
vn 0.2153 0.9321 -0.2911
vn -0.0840 0.9497 -0.3017
vn -0.0849 0.9757 -0.2019
vn -0.0848 0.9893 -0.1189
vn 0.1191 0.9802 0.1581
vn 0.1254 0.9914 0.0371
vn -0.0888 0.9952 0.0400
vn -0.0903 0.9827 0.1615
vn 0.2155 0.9012 -0.3760
vn 0.2099 0.8621 -0.4613
vn -0.0758 0.8748 -0.4786
vn -0.0804 0.9162 -0.3925
vn 0.1455 0.9883 -0.0467
vn -0.0856 0.9954 -0.0427
vn 0.1712 0.7624 -0.6241
vn -0.0645 0.7528 -0.6551
vn 0.1439 0.9471 -0.2867
vn 0.1580 0.9310 -0.3291
vn -0.0727 0.9186 -0.3885
vn -0.1438 0.9008 -0.4096
vn 0.0496 0.9293 -0.3660
vn -0.0224 0.9082 -0.4180
vn -0.1346 0.8897 -0.4362
vn -0.1746 0.8764 -0.4488
vn 0.1352 0.9257 -0.3533
vn 0.1569 0.9218 -0.3545
vn 0.1403 0.9093 -0.3917
vn 0.0846 0.9128 -0.3996
vn -0.0805 0.9051 -0.4176
vn -0.0898 0.8900 -0.4470
vn 0.1680 0.9151 -0.3667
vn 0.1709 0.9004 -0.4000
vn -0.1920 0.8551 -0.4816
vn -0.1800 0.8534 -0.4892
vn -0.1248 0.8724 -0.4726
vn -0.2280 0.8173 -0.5291
vn -0.2139 0.8119 -0.5432
vn -0.1197 0.8179 -0.5628
vn -0.0488 0.8734 -0.4845
vn 0.0839 0.8162 -0.5716
vn 0.1190 0.8861 -0.4480
vn 0.0589 0.8908 -0.4506
vn -0.0495 0.8661 -0.4975
vn -0.1260 0.8516 -0.5088
vn -0.0252 0.8870 -0.4611
vn -0.1885 0.8329 -0.5203
vn -0.0865 0.8564 -0.5091
vn 0.0820 0.8187 -0.5683
vn -0.1705 0.8657 -0.4706
vn 0.3096 0.9438 -0.1160
vn 0.3648 0.9179 -0.1559
vn 0.4521 0.8425 -0.2930
vn 0.0902 0.8510 -0.5173
vn -0.0038 0.8753 -0.4836
vn -0.1885 0.8718 -0.4522
vn -0.1610 0.8805 -0.4460
vn 0.2797 0.9339 -0.2226
vn 0.3052 0.9416 -0.1424
vn 0.3137 0.7181 -0.6212
vn 0.5637 0.6949 -0.4464
vn -0.0936 0.8859 -0.4544
vn 0.2711 0.9107 -0.3117
vn 0.5746 0.6958 -0.4310
vn 0.6787 0.6540 -0.3342
vn 0.6388 0.6988 -0.3218
vn 0.6694 0.6931 -0.2673
vn 0.6773 0.6863 -0.2650
vn 0.6728 0.7182 -0.1775
vn 0.7200 0.6641 -0.2015
vn 0.7195 0.6915 -0.0638
vn 0.7381 0.6690 0.0872
vn 0.7642 0.6432 -0.0487
vn 0.7606 0.6182 0.1982
vn 0.7168 0.6625 0.2175
vn 0.7172 0.5898 0.3712
vn 0.6908 0.6792 0.2479
vn 0.7112 0.6047 0.3584
vn 0.7020 0.6971 0.1455
vn 0.7151 0.6987 -0.0213
vn 0.6927 0.6377 0.3368
vn 0.6665 0.6836 0.2975
vn 0.6732 0.7210 -0.1641
vn 0.6250 0.7405 0.2471
vn 0.6184 0.7617 -0.1936
vn 0.5636 0.8042 0.1890
vn 0.5635 0.8066 -0.1787
vn 0.5089 0.8509 0.1301
vn 0.5057 0.8475 -0.1614
vn 0.4734 0.8781 0.0690
vn 0.4725 0.8710 -0.1346
vn 0.3455 0.9382 0.0209
vn 0.3674 0.9232 -0.1128
vn -0.0852 0.9962 0.0167
vn -0.0817 0.9906 -0.1096
vn 0.6045 0.7498 -0.2691
vn 0.6736 0.7354 0.0739
vn 0.5332 0.7543 -0.3831
vn 0.4351 0.7662 -0.4729
vn 0.4946 0.7866 -0.3697
vn 0.5805 0.8143 -0.0028
vn 0.3967 0.8236 -0.4054
vn 0.4901 0.8703 -0.0491
vn 0.3452 0.7814 -0.5198
vn 0.2229 0.8068 -0.5472
vn 0.2788 0.8486 -0.4497
vn 0.3978 0.9097 -0.1189
vn 0.0774 0.8167 -0.5719
vn 0.1253 0.8432 -0.5227
vn -0.0689 0.8086 -0.5843
vn -0.0710 0.8275 -0.5569
vn -0.0799 0.9232 -0.3759
vn 0.2527 0.9330 -0.2562
vn -0.0685 0.7778 -0.6247
vn 0.0529 0.7823 -0.6206
vn 0.0406 0.7073 -0.7057
vn -0.0629 0.7020 -0.7094
vn 0.1696 0.7806 -0.6016
vn 0.1295 0.7094 -0.6928
vn 0.2713 0.7797 -0.5643
vn 0.2089 0.7147 -0.6675
vn 0.3579 0.7781 -0.5162
vn 0.2919 0.7263 -0.6223
vn 0.3148 0.7884 -0.5285
vn 0.1998 0.8008 -0.5646
vn 0.4005 0.7835 -0.4751
vn 0.0630 0.8135 -0.5781
vn -0.0695 0.8121 -0.5793
vn 0.3821 0.7393 -0.5545
vn 0.4443 0.7731 -0.4526
vn 0.4875 0.7727 -0.4065
vn 0.6667 0.6484 0.3675
vn 0.6155 0.7154 0.3307
vn 0.5555 0.7854 0.2730
vn 0.4928 0.8479 0.1953
vn 0.4236 0.9007 0.0968
vn 0.3444 0.9381 -0.0379
vn 0.2469 0.9643 -0.0956
vn -0.0860 0.9868 -0.1372
vn 0.3101 -0.2429 -0.9191
vn 0.3830 -0.1844 -0.9051
vn 0.2674 -0.2717 -0.9245
vn 0.4593 -0.2773 -0.8439
vn 0.4656 -0.2492 -0.8492
vn 0.5204 -0.2422 -0.8188
vn -0.0942 0.6239 -0.7758
vn -0.0849 0.6058 -0.7911
vn -0.1481 0.6490 -0.7463
vn -0.1785 0.7489 -0.6382
vn -0.1476 0.7390 -0.6573
vn -0.1093 0.7363 -0.6677
vn 0.2348 -0.3318 -0.9137
vn 0.2077 -0.3412 -0.9168
vn 0.2828 -0.2863 -0.9155
vn 0.3224 -0.4493 -0.8331
vn 0.3396 -0.4401 -0.8313
vn 0.3770 -0.4053 -0.8328
vn 0.3871 0.4930 -0.7792
vn 0.3499 0.5240 -0.7765
vn 0.4453 0.4350 -0.7826
vn 0.5637 0.4812 -0.6714
vn 0.4530 0.5486 -0.7027
vn 0.3412 0.5807 -0.7392
vn 0.5602 0.0835 -0.8241
vn 0.5667 0.1364 -0.8125
vn 0.5420 -0.0067 -0.8404
vn 0.6728 -0.0190 -0.7396
vn 0.6817 0.0925 -0.7257
vn 0.6625 0.1633 -0.7311
vn -0.1475 0.6735 -0.7244
vn -0.0785 0.6942 -0.7155
vn -0.0821 0.7928 -0.6040
vn -0.1658 0.7666 -0.6203
vn 0.2262 -0.3084 -0.9240
vn 0.4314 -0.3423 -0.8347
vn 0.0287 0.6949 -0.7186
vn 0.0915 0.6782 -0.7292
vn 0.1888 0.7367 -0.6493
vn 0.0601 0.8025 -0.5936
vn 0.4838 0.3777 -0.7894
vn 0.5062 0.3398 -0.7927
vn 0.5544 0.3556 -0.7524
vn 0.5482 0.3905 -0.7396
vn 0.5166 -0.0940 -0.8511
vn 0.4793 -0.1481 -0.8650
vn 0.5694 -0.2377 -0.7869
vn 0.6168 -0.1400 -0.7745
vn 0.5289 0.8382 -0.1329
vn 0.3801 0.6865 -0.6199
vn 0.2290 0.6105 -0.7582
vn 0.4455 -0.1433 -0.8837
vn 0.4857 -0.2282 -0.8438
vn 0.2325 0.6195 -0.7497
vn 0.1945 0.6388 -0.7444
vn 0.3186 0.6932 -0.6465
vn 0.5651 0.1802 -0.8051
vn 0.5544 0.2371 -0.7978
vn 0.6388 0.2186 -0.7377
vn 0.6110 0.2735 -0.7429
vn 0.5328 0.2949 -0.7932
vn 0.5776 0.3240 -0.7492
vn 0.1853 0.6983 -0.6914
vn 0.6504 0.6388 -0.4110
vn 0.5611 0.7227 -0.4035
vn 0.7237 0.5604 -0.4028
vn 0.7142 0.6041 -0.3535
vn 0.6650 0.6847 -0.2984
vn 0.5722 0.7631 -0.3003
vn 0.4095 0.8491 -0.3338
vn 0.4406 0.8144 -0.3777
vn 0.2056 0.8984 -0.3881
vn 0.2656 0.8824 -0.3884
vn 0.0585 0.9012 -0.4295
vn -0.1158 0.8704 -0.4786
vn 0.0013 0.8906 -0.4549
vn -0.2019 0.8107 -0.5495
vn -0.2144 0.8240 -0.5244
vn -0.2277 0.7950 -0.5623
vn -0.3243 0.7449 -0.5831
vn -0.3250 0.7057 -0.6295
vn -0.1837 0.7896 -0.5855
vn -0.1307 0.7934 -0.5945
vn -0.2333 0.7112 -0.6631
vn -0.1275 0.7279 -0.6738
vn -0.3108 0.6421 -0.7008
vn -0.4076 0.5771 -0.7076
vn -0.3288 0.4893 -0.8078
vn -0.4132 0.4323 -0.8014
vn -0.3512 0.4732 -0.8079
vn -0.3748 0.5670 -0.7335
vn -0.2787 0.4104 -0.8683
vn -0.3577 0.3529 -0.8646
vn -0.1560 0.3960 -0.9049
vn -0.2325 0.3046 -0.9236
vn -0.1829 0.4157 -0.8909
vn -0.2947 0.4347 -0.8510
vn 0.0098 0.2812 -0.9596
vn 0.0300 0.3138 -0.9490
vn 0.0463 0.4343 -0.8996
vn 0.2730 0.4649 -0.8422
vn 0.3452 0.2934 -0.8915
vn 0.4003 0.2644 -0.8774
vn 0.4668 0.4661 -0.7516
vn 0.6148 0.3218 -0.7200
vn 0.6137 0.4766 -0.6295
vn 0.7597 0.3794 -0.5281
vn 0.8113 0.3196 -0.4895
vn 0.6964 0.2591 -0.6692
vn 0.7828 0.4681 -0.4100
vn 0.7655 0.4201 -0.4873
vn 0.7042 0.5263 -0.4766
vn 0.0637 0.6206 -0.7815
vn 0.0991 0.6738 -0.7322
vn 0.0405 0.6099 -0.7914
vn 0.4823 0.6077 -0.6309
vn 0.4386 0.7264 -0.5291
vn 0.3375 0.8342 -0.4362
vn 0.0155 0.6597 -0.7514
vn -0.0146 0.7346 -0.6784
vn 0.3534 0.5029 -0.7888
vn 0.4514 0.5218 -0.7238
vn 0.1283 0.7395 -0.6608
vn 0.1584 0.7513 -0.6406
vn 0.1878 0.9056 -0.3802
vn 0.0485 0.9097 -0.4123
vn 0.2919 0.7557 -0.5863
vn 0.1692 0.7859 -0.5948
vn 0.4039 0.7309 -0.5502
vn 0.0888 0.4940 -0.8649
vn 0.1480 0.4474 -0.8820
vn 0.2121 0.4754 -0.8538
vn 0.2218 0.7069 -0.6716
vn 0.3098 0.6552 -0.6890
vn -0.0320 0.8571 -0.5142
vn -0.0663 0.7778 -0.6250
vn 0.4087 0.6375 -0.6531
vn 0.4889 0.6624 -0.5676
vn -0.0466 0.6931 -0.7194
vn 0.0070 0.6271 -0.7789
vn 0.4769 0.7072 -0.5220
vn 0.0633 0.5749 -0.8158
vn 0.0540 0.7822 -0.6207
vn 0.2651 0.5044 -0.8218
vn -0.2578 0.3759 -0.8901
vn -0.1541 0.2545 -0.9547
vn -0.3189 0.5013 -0.8044
vn -0.3354 0.4874 -0.8062
vn -0.2903 0.3384 -0.8951
vn -0.2204 0.2192 -0.9505
vn 0.2079 0.9340 -0.2907
vn -0.0042 0.9435 -0.3313
vn 0.4142 0.8521 -0.3200
vn 0.4153 0.8412 -0.3462
vn 0.2427 0.8946 -0.3752
vn 0.0201 0.9048 -0.4253
vn 0.5561 0.7242 -0.4077
vn 0.6303 0.5712 -0.5258
vn 0.5761 0.5999 -0.5552
vn 0.5044 0.7423 -0.4412
vn 0.4062 0.2020 -0.8912
vn 0.5536 0.2773 -0.7852
vn 0.2198 0.1610 -0.9622
vn 0.1960 0.1792 -0.9641
vn 0.4176 0.2133 -0.8833
vn 0.5664 0.2552 -0.7836
vn 0.0163 0.1698 -0.9853
vn -0.0469 0.1882 -0.9810
vn -0.1731 0.8877 -0.4267
vn -0.2883 0.7807 -0.5545
vn -0.1843 0.8468 -0.4990
vn -0.3220 0.7608 -0.5634
vn 0.6338 0.4057 -0.6585
vn 0.5940 0.4209 -0.6856
vn -0.3368 0.6410 -0.6897
vn -0.3407 0.6437 -0.6852
vn -0.1546 0.7287 -0.6671
vn -0.1387 0.5701 -0.8097
vn 0.0858 0.7888 -0.6086
vn 0.1365 0.6353 -0.7601
vn 0.3182 0.7827 -0.5349
vn 0.3852 0.6419 -0.6631
vn 0.4090 0.4446 -0.7969
vn 0.1660 0.4194 -0.8925
vn -0.0988 0.3860 -0.9172
vn -0.2484 0.6057 -0.7559
vn -0.1135 0.6358 -0.7635
vn -0.2289 0.5408 -0.8094
vn -0.1048 0.5790 -0.8086
vn -0.1981 0.5285 -0.8255
vn -0.1058 0.5740 -0.8120
vn -0.1538 0.5490 -0.8216
vn -0.1123 0.5945 -0.7962
vn 0.7091 0.3472 -0.6137
vn 0.7336 0.3681 -0.5713
vn 0.7706 0.3039 -0.5602
vn 0.8018 0.2874 -0.5239
vn 0.7107 0.2803 -0.6453
vn 0.7245 0.2400 -0.6462
vn 0.4754 0.3221 -0.8187
vn 0.4547 0.2712 -0.8484
vn 0.1081 0.3601 -0.9266
vn 0.1753 0.3886 -0.9046
vn 0.0134 0.4343 -0.9006
vn -0.0670 0.4622 -0.8842
vn -0.0354 0.4395 -0.8975
vn -0.0939 0.5392 -0.8369
vn -0.0797 0.4166 -0.9056
vn -0.1091 0.5569 -0.8234
vn -0.0022 0.2674 -0.9636
vn -0.0265 0.2058 -0.9782
vn 0.0460 0.3650 -0.9299
vn 0.0283 0.3098 -0.9504
vn -0.0087 0.1436 -0.9896
vn 0.0453 -0.0362 -0.9983
vn 0.1935 0.4138 -0.8896
vn 0.1673 0.4356 -0.8844
vn 0.4613 0.4036 -0.7901
vn 0.4119 0.4920 -0.7670
vn 0.7394 0.3299 -0.5869
vn 0.7090 0.3482 -0.6133
vn 0.7521 0.4155 -0.5115
vn 0.7470 0.3535 -0.5631
vn 0.6400 0.4763 -0.6030
vn 0.6815 0.3651 -0.6343
vn -0.0069 0.3011 -0.9536
vn -0.0701 0.1283 -0.9893
vn 0.0600 0.2852 -0.9566
vn -0.0749 0.1541 -0.9852
vn -0.1467 -0.0143 -0.9891
vn -0.0822 -0.0637 -0.9946
vn 0.1415 0.4291 -0.8921
vn 0.2096 0.3372 -0.9178
vn 0.3432 0.5219 -0.7809
vn 0.3285 0.3895 -0.8604
vn 0.5496 0.5600 -0.6199
vn 0.4587 0.4870 -0.7433
vn 0.6939 0.5242 -0.4937
vn 0.5936 0.5080 -0.6241
vn 0.7750 0.4608 -0.4325
vn 0.6769 0.4539 -0.5795
vn 0.8080 0.3793 -0.4509
vn 0.8607 0.3092 -0.4045
vn 0.8315 0.3766 -0.4084
vn 0.6990 0.3721 -0.6106
vn 0.7791 0.2866 -0.5576
vn 0.8196 0.2232 -0.5277
vn 0.8702 0.2361 -0.4324
vn 0.6682 0.2854 -0.6871
vn 0.9075 0.1833 -0.3779
vn 0.9140 -0.0341 -0.4044
vn 0.8565 0.0255 -0.5156
vn 0.6081 0.2007 -0.7681
vn 0.8582 0.1245 -0.4979
vn 0.8646 -0.0444 -0.5005
vn 0.7451 -0.2090 -0.6334
vn 0.5277 0.1274 -0.8398
vn 0.8192 -0.2957 -0.4913
vn 0.6308 -0.4842 -0.6063
vn 0.5467 -0.3865 -0.7428
vn 0.4500 0.0100 -0.8930
vn 0.2463 -0.4793 -0.8424
vn 0.2785 -0.1335 -0.9511
vn 0.3377 -0.5677 -0.7508
vn 0.0404 -0.4862 -0.8729
vn -0.0479 -0.4188 -0.9068
vn 0.0361 -0.1942 -0.9803
vn -0.1416 -0.2552 -0.9565
vn -0.1311 -0.1458 -0.9806
vn -0.0386 -0.2854 -0.9576
vn 0.1999 0.2225 -0.9542
vn 0.1247 0.1731 -0.9770
vn 0.3118 0.2131 -0.9259
vn 0.5729 0.1205 -0.8107
vn 0.5505 0.2764 -0.7878
vn 0.4993 0.3773 -0.7800
vn 0.2627 0.3035 -0.9159
vn 0.3829 0.2388 -0.8924
vn 0.1975 0.4223 -0.8847
vn -0.0476 0.4896 -0.8706
vn -0.0423 0.2468 -0.9682
vn 0.0645 0.0525 -0.9965
vn 0.3815 0.1483 -0.9124
vn 0.3872 0.1305 -0.9127
vn 0.4233 -0.1301 -0.8966
vn 0.5260 -0.0414 -0.8495
vn 0.2286 0.5128 -0.8275
vn 0.3205 0.4958 -0.8071
vn 0.2484 0.7237 -0.6439
vn 0.0713 0.6718 -0.7373
vn 0.1636 0.1457 -0.9757
vn 0.2948 0.2322 -0.9269
vn 0.4794 0.4485 -0.7543
vn 0.4734 0.5492 -0.6887
vn 0.4619 0.2569 -0.8489
vn 0.4433 0.2658 -0.8561
vn 0.1773 -0.0328 -0.9836
vn 0.2482 -0.0790 -0.9655
vn 0.3636 0.3784 -0.8512
vn 0.3999 0.6626 -0.6332
vn 0.3970 0.1958 -0.8967
vn 0.3211 -0.1276 -0.9384
vn 0.7039 0.2915 -0.6477
vn 0.6566 0.4502 -0.6052
vn 0.6992 0.0722 -0.7113
vn 0.7287 0.0884 -0.6791
vn 0.7399 0.3045 -0.5999
vn 0.6977 0.4641 -0.5458
vn 0.4174 0.7308 -0.5401
vn 0.2396 0.7737 -0.5865
vn 0.5358 0.6424 -0.5479
vn 0.5588 0.6510 -0.5138
vn 0.4468 0.7143 -0.5387
vn 0.2884 0.7360 -0.6125
vn -0.0028 -0.2002 -0.9798
vn 0.1068 -0.2812 -0.9537
vn -0.1036 -0.0518 -0.9933
vn -0.1048 -0.0595 -0.9927
vn -0.0315 -0.2232 -0.9743
vn 0.0778 -0.3144 -0.9461
vn 0.6025 -0.1473 -0.7844
vn 0.4332 -0.2888 -0.8538
vn 0.4423 -0.2915 -0.8482
vn 0.6234 -0.1359 -0.7700
vn -0.1700 0.2021 -0.9645
vn -0.1295 0.4975 -0.8577
vn -0.0574 0.4677 -0.8820
vn -0.1262 0.1898 -0.9737
vn 0.6039 0.5513 -0.5757
vn 0.6379 0.5680 -0.5202
vn 0.0291 0.7072 -0.7064
vn 0.1009 0.6660 -0.7391
vn 0.2533 -0.3234 -0.9118
vn 0.2425 -0.3436 -0.9073
vn 0.6872 0.3205 -0.6519
vn 0.6311 0.4141 -0.6560
vn 0.6328 0.1794 -0.7532
vn 0.4337 0.2578 -0.8634
vn 0.2912 -0.1864 -0.9383
vn 0.4476 -0.0644 -0.8919
vn 0.2246 -0.1019 -0.9691
vn 0.2361 0.5459 -0.8039
vn 0.1858 0.3703 -0.9101
vn 0.3875 0.5539 -0.7369
vn 0.6186 0.5225 -0.5868
vn 0.5517 0.5306 -0.6435
vn 0.0608 0.2012 -0.9777
vn 0.1338 0.0639 -0.9889
vn 0.5870 -0.0198 -0.8093
vn 0.1040 -0.1021 -0.9893
vn 0.4789 0.6089 -0.6324
vn 0.7941 -0.2409 -0.5581
vn 0.6754 -0.3870 -0.6277
vn 0.5656 -0.3152 -0.7621
vn 0.5940 -0.2806 -0.7539
vn 0.4613 -0.4104 -0.7866
vn 0.5888 -0.3602 -0.7236
vn 0.0523 -0.4043 -0.9131
vn 0.0261 -0.3357 -0.9416
vn 0.1510 -0.3058 -0.9400
vn 0.1241 -0.2798 -0.9520
vn 0.1966 -0.2486 -0.9484
vn 0.3892 -0.2148 -0.8958
vn 0.2987 -0.1055 -0.9485
vn 0.1550 -0.1053 -0.9823
vn 0.5447 -0.1825 -0.8185
vn 0.4519 -0.0958 -0.8869
vn 0.3397 -0.0724 -0.9378
vn 0.2374 -0.0621 -0.9694
vn 0.1416 -0.0574 -0.9883
vn 0.5633 -0.0730 -0.8230
vn 0.4014 -0.0860 -0.9118
vn 0.6393 -0.1328 -0.7574
vn 0.7022 -0.1296 -0.7001
vn 0.6308 -0.0858 -0.7712
vn 0.4090 -0.1164 -0.9051
vn 0.7202 -0.2444 -0.6494
vn 0.6444 -0.1891 -0.7409
vn 0.6585 -0.4264 -0.6202
vn 0.6010 -0.3501 -0.7185
vn 0.3796 -0.2053 -0.9021
vn 0.3853 -0.1626 -0.9084
vn 0.5030 -0.4945 -0.7089
vn 0.3512 -0.2681 -0.8971
vn 0.5399 -0.5764 -0.6135
vn 0.3842 -0.6841 -0.6199
vn 0.3426 -0.6068 -0.7172
vn 0.2382 -0.3694 -0.8982
vn 0.3743 -0.6219 -0.6878
vn 0.4723 -0.5523 -0.6870
vn 0.5646 -0.4534 -0.6897
vn 0.6390 -0.3202 -0.6994
vn 0.6516 -0.2108 -0.7287
vn 0.6214 -0.1975 -0.7582
vn 0.5857 -0.2476 -0.7718
vn 0.1019 -0.2959 -0.9498
vn 0.0996 -0.1160 -0.9882
vn 0.1182 -0.1191 -0.9858
vn 0.1002 -0.0633 -0.9930
vn 0.1106 -0.0625 -0.9919
vn 0.4933 -0.3032 -0.8153
vn 0.3053 -0.3661 -0.8791
vn 0.5008 -0.4970 -0.7086
vn 0.2532 -0.5072 -0.8238
vn 0.1262 -0.4172 -0.9000
vn 0.1378 -0.1999 -0.9701
vn 0.0977 -0.2491 -0.9635
vn 0.1639 -0.2005 -0.9659
vn -0.0690 -0.4282 -0.9011
vn -0.0099 -0.4498 -0.8931
vn 0.0265 -0.5144 -0.8571
vn 0.1236 -0.2247 -0.9666
vn 0.0354 -0.2178 -0.9753
vn -0.2654 -0.3038 -0.9150
vn -0.1616 -0.3937 -0.9049
vn 0.0597 0.1163 -0.9914
vn 0.0030 0.0002 -1.0000
vn 0.0245 0.1218 -0.9923
vn -0.1347 0.4699 -0.8724
vn -0.1727 0.3917 -0.9037
vn -0.2712 0.1572 -0.9496
vn -0.0239 -0.1390 -0.9900
vn -0.3129 -0.1161 -0.9427
vn 0.1184 -0.3099 -0.9434
vn 0.1965 -0.3185 -0.9273
vn 0.1240 -0.5582 -0.8204
vn 0.2680 -0.5398 -0.7980
vn -0.3236 -0.1228 -0.9382
vn -0.2151 -0.3158 -0.9241
vn -0.1998 0.0883 -0.9759
vn 0.1472 -0.1948 -0.9697
vn -0.0727 -0.5554 -0.8284
vn 0.0241 -0.5441 -0.8387
vn -0.1006 -0.4849 -0.8688
vn -0.1618 0.3554 -0.9206
vn -0.0720 0.3358 -0.9392
vn -0.2180 -0.4530 -0.8645
vn 0.1234 -0.5870 -0.8001
vn 0.2608 -0.5158 -0.8160
vn 0.6679 -0.1953 0.7182
vn 0.7485 -0.2041 0.6310
vn 0.5454 0.0600 0.8360
vn 0.2727 0.0859 0.9583
vn 0.4103 -0.4504 0.7929
vn 0.5880 -0.4516 0.6710
vn 0.5907 -0.4068 0.6969
vn 0.3312 -0.3421 0.8793
vn 0.4615 -0.3128 0.8302
vn 0.5801 -0.3175 0.7501
vn 0.5041 -0.2573 0.8244
vn 0.2299 -0.1745 0.9574
vn -0.2129 0.3362 0.9174
vn 0.2772 -0.3025 0.9119
vn -0.2359 0.2057 0.9498
vn 0.2348 -0.4962 0.8358
vn 0.0134 0.2185 0.9757
vn 0.6285 -0.2155 0.7473
vn 0.6960 -0.2901 0.6568
vn 0.3157 0.5608 -0.7654
vn 0.5300 0.5838 -0.6150
vn 0.7384 0.4854 -0.4682
vn 0.8527 0.3552 -0.3831
vn 0.9072 0.2278 -0.3536
vn 0.9195 0.1188 -0.3747
vn 0.9143 -0.0158 -0.4048
vn 0.9073 -0.2150 -0.3615
vn 0.9225 -0.2973 -0.2462
vn 0.9382 -0.3424 -0.0504
vn 0.9105 -0.3871 0.1455
vn 0.8460 -0.4203 0.3281
vn 0.7855 -0.3723 0.4943
vn 0.6104 0.7918 0.0204
vn -0.5818 -0.0585 0.8113
vn -0.4354 -0.3242 0.8398
vn -0.7369 -0.2715 0.6191
vn -0.6157 -0.4698 0.6326
vn -0.4562 -0.5958 0.6610
vn -0.2846 -0.5334 0.7966
vn -0.6506 -0.6304 0.4234
vn -0.4308 -0.7209 0.5428
vn -0.7843 -0.4961 0.3726
vn -0.7498 -0.6440 0.1520
vn -0.5990 -0.7573 0.2601
vn -0.3435 -0.8433 0.4133
vn -0.6532 -0.7572 -0.0052
vn -0.4644 -0.8778 0.1176
vn -0.3630 -0.9069 -0.2139
vn -0.1852 -0.9816 -0.0465
vn -0.0495 -0.9924 0.1126
vn -0.1971 -0.9434 0.2667
vn 0.1505 -0.9795 -0.1342
vn 0.1652 -0.9791 0.1184
vn 0.0802 -0.9293 -0.3605
vn 0.0681 -0.9337 0.3516
vn -0.0726 -0.8405 0.5369
vn -0.1828 -0.7042 0.6861
vn -0.6153 0.1014 0.7818
vn -0.5718 -0.0138 0.8203
vn -0.6682 -0.0953 0.7379
vn -0.7488 -0.0944 0.6561
vn -0.6748 -0.2946 0.6766
vn -0.8019 -0.3720 0.4674
vn -0.6411 -0.6155 0.4584
vn -0.7721 -0.6036 0.1989
vn -0.6976 -0.7162 -0.0193
vn -0.6253 -0.7801 0.0208
vn -0.4361 -0.8336 -0.3391
vn -0.4619 -0.8350 -0.2990
vn 0.0282 -0.7923 -0.6095
vn 0.0282 -0.8486 -0.5284
vn 0.1129 -0.5835 -0.8042
vn 0.1275 -0.5444 -0.8291
vn -0.1797 -0.6954 -0.6958
vn -0.1523 -0.6296 -0.7619
vn -0.1220 -0.5223 -0.8440
vn 0.1314 -0.5066 -0.8521
vn 0.0870 -0.6192 -0.7804
vn -0.1226 -0.5174 -0.8469
vn -0.2177 -0.8730 -0.4366
vn 0.0069 -0.8797 -0.4754
vn -0.1778 -0.5084 -0.8425
vn -0.1777 -0.5216 -0.8345
vn -0.2152 -0.5789 -0.7865
vn -0.1834 -0.6619 -0.7268
vn -0.1293 -0.5291 -0.8387
vn -0.1063 -0.4636 -0.8796
vn -0.3880 -0.9131 0.1251
vn -0.4385 -0.8759 -0.2011
vn -0.5150 -0.8560 -0.0455
vn -0.4725 -0.8031 0.3631
vn -0.3121 -0.8183 -0.4826
vn -0.3696 -0.8368 -0.4039
vn -0.3005 -0.8953 -0.3288
vn -0.3535 -0.8281 -0.4351
vn -0.3872 -0.8578 -0.3379
vn -0.3377 -0.9314 -0.1362
vn -0.2349 -0.7656 -0.5989
vn -0.2693 -0.7933 -0.5461
vn 0.0468 -0.7625 -0.6452
vn 0.0621 -0.7322 -0.6783
vn -0.4865 -0.3144 0.8151
vn -0.3841 -0.5985 0.7030
vn -0.4786 -0.5931 0.6474
vn -0.5678 -0.3035 0.7652
vn -0.3968 -0.5621 0.7256
vn -0.4883 -0.3661 0.7922
vn -0.2924 -0.5060 0.8114
vn -0.4017 -0.4875 0.7753
vn -0.3243 -0.6533 0.6841
vn -0.1657 -0.5285 0.8326
vn -0.1720 -0.7488 0.6401
vn -0.2853 -0.8449 0.4525
vn -0.1864 -0.3524 0.9171
vn -0.1212 -0.2533 0.9598
vn 0.0940 -0.2505 0.9635
vn 0.0209 -0.3522 0.9357
vn -0.0267 -0.1458 0.9889
vn 0.1681 -0.1495 0.9744
vn -0.1269 -0.4159 0.9005
vn -0.1141 -0.5208 0.8460
vn -0.0971 -0.6157 0.7820
vn 0.0920 -0.0430 0.9948
vn 0.2324 -0.0543 0.9711
vn 0.1754 0.0188 0.9843
vn 0.2443 0.0415 0.9688
vn -0.1521 -0.1559 0.9760
vn -0.1239 -0.2962 0.9471
vn 0.1526 0.1334 0.9793
vn -0.2386 0.0040 0.9711
vn 0.1210 0.0498 0.9914
vn -0.1151 -0.0123 0.9933
vn -0.0236 0.1939 0.9807
vn -0.3720 0.1278 0.9194
vn -0.3008 -0.0339 0.9531
vn -0.2553 0.1700 0.9518
vn -0.5804 -0.1913 0.7915
vn -0.6287 0.0873 0.7727
vn -0.7406 0.1597 0.6527
vn -0.5493 0.1663 0.8189
vn -0.2117 -0.7343 -0.6450
vn -0.2676 -0.7308 -0.6280
vn -0.1639 -0.5594 -0.8126
vn -0.1116 -0.5674 -0.8158
vn -0.3479 -0.6914 -0.6332
vn -0.2284 -0.5203 -0.8229
vn -0.3688 -0.6209 -0.6917
vn -0.3336 -0.7007 -0.6307
vn -0.3017 -0.7510 -0.5873
vn -0.3158 -0.4500 -0.8353
vn -0.4188 -0.5168 -0.7467
vn -0.4566 -0.6087 -0.6488
vn -0.5666 -0.5031 -0.6526
vn -0.4153 -0.3604 -0.8352
vn -0.4810 -0.4030 -0.7786
vn -0.5903 -0.2278 -0.7744
vn -0.5284 -0.2038 -0.8242
vn -0.5581 -0.1176 -0.8214
vn -0.6374 -0.1621 -0.7533
vn -0.7088 -0.3225 -0.6273
vn -0.7622 -0.2280 -0.6059
vn -0.8139 -0.1114 -0.5702
vn -0.5935 0.0009 -0.8048
vn -0.7055 -0.0797 -0.7042
vn -0.2106 -0.0984 0.9726
vn -0.3214 -0.0645 0.9447
vn -0.2062 -0.2522 0.9454
vn -0.1222 -0.1892 0.9743
vn -0.4324 -0.0406 0.9008
vn -0.3701 -0.3563 0.8580
vn -0.4236 -0.6037 0.6754
vn -0.2340 -0.4174 0.8781
vn -0.1790 -0.2865 0.9412
vn -0.5025 -0.0639 0.8622
vn -0.4722 -0.4455 0.7606
vn -0.5797 -0.0966 0.8091
vn -0.5070 -0.5036 0.6995
vn -0.4155 -0.7369 0.5332
vn -0.4378 -0.7098 0.5518
vn -0.4257 -0.4903 0.7605
vn -0.3040 -0.7195 0.6244
vn -0.5120 -0.1070 0.8523
vn -0.5253 0.1929 0.8288
vn -0.5976 0.1756 0.7823
vn -0.6188 0.1893 0.7624
vn -0.5199 0.2528 0.8160
vn -0.5478 0.1581 0.8215
vn -0.6279 0.1118 0.7702
vn -0.5328 0.0777 0.8426
vn -0.6520 -0.0266 0.7578
vn -0.0568 -0.0773 0.9954
vn -0.2212 -0.1169 0.9682
vn -0.4382 -0.1205 0.8908
vn -0.3772 -0.2536 0.8907
vn -0.6076 -0.2852 0.7413
vn -0.6460 -0.5556 0.5235
vn -0.4636 -0.4839 0.7422
vn -0.4510 -0.5769 0.6810
vn -0.5890 -0.6640 0.4606
vn -0.2359 -0.4396 0.8667
vn -0.4309 -0.6645 0.6105
vn -0.5186 -0.7568 0.3979
vn -0.4583 -0.8203 0.3423
vn -0.4805 -0.8097 0.3369
vn -0.5512 -0.7655 0.3318
vn -0.3831 -0.8487 0.3646
vn -0.3919 -0.8158 0.4252
vn -0.4329 -0.7105 0.5548
vn -0.5246 -0.7373 0.4256
vn -0.5715 -0.7330 0.3690
vn -0.4194 -0.7872 0.4521
vn -0.2732 -0.7796 0.5636
vn -0.1994 -0.8391 0.5061
vn -0.3137 -0.4665 0.8270
vn -0.2510 -0.6425 0.7240
vn -0.3918 -0.2594 0.8828
vn -0.5694 -0.3233 0.7558
vn -0.4989 -0.5323 0.6839
vn -0.4812 0.0339 0.8760
vn -0.6247 -0.0383 0.7799
vn -0.4482 -0.3818 0.8083
vn -0.6557 -0.4447 0.6101
vn -0.0625 -0.4420 0.8948
vn -0.1030 -0.6819 0.7242
vn -0.7062 -0.4595 0.5387
vn -0.6506 -0.6168 0.4430
vn -0.6024 -0.5758 0.5528
vn -0.6594 -0.3812 0.6480
vn -0.6791 -0.1319 0.7221
vn -0.7159 -0.2587 0.6485
vn -0.2624 -0.7144 0.6487
vn -0.2725 -0.5998 0.7523
vn -0.4672 -0.4989 0.7300
vn -0.4006 -0.7244 0.5610
vn -0.4897 -0.7189 0.4933
vn -0.5963 -0.5867 0.5479
vn -0.8127 -0.4908 0.3141
vn -0.6552 -0.6067 0.4501
vn -0.3909 -0.2767 0.8779
vn -0.5160 -0.3075 0.7995
vn -0.4962 -0.5169 0.6976
vn -0.6951 -0.4754 0.5393
vn -0.7383 -0.4636 0.4900
vn -0.5259 -0.3869 0.7575
vn -0.7326 -0.4799 0.4828
vn -0.5076 -0.4704 0.7219
vn -0.7439 -0.4852 0.4594
vn -0.4953 -0.5111 0.7025
vn -0.6246 -0.4902 0.6079
vn -0.6098 -0.4208 0.6717
vn -0.7515 -0.4670 0.4660
vn -0.4601 -0.5359 0.7079
vn -0.7392 -0.2989 0.6035
vn -0.3827 -0.4501 0.8068
vn -0.5979 -0.5423 0.5902
vn -0.6215 -0.5326 0.5746
vn -0.1950 -0.5265 0.8275
vn -0.5029 -0.6564 0.5624
vn -0.3972 -0.3169 0.8613
vn 0.0035 -0.7613 0.6484
vn -0.0064 -0.8541 0.5201
vn -0.3850 -0.8742 0.2958
vn -0.9372 0.0403 0.3466
vn -0.9423 0.1267 0.3100
vn -0.9132 -0.1740 0.3685
vn -0.9925 -0.1177 0.0316
vn -0.9987 0.0278 0.0422
vn -0.9944 0.1021 0.0282
vn -0.9747 0.0759 -0.2101
vn -0.9649 0.0920 -0.2461
vn -0.8745 0.1309 -0.4671
vn -0.9399 0.0715 -0.3337
vn -0.9491 0.0408 -0.3123
vn -0.7967 0.1160 -0.5932
vn -0.8591 0.0324 -0.5108
vn -0.7198 0.1530 -0.6771
vn -0.8771 0.0667 -0.4756
vn -0.7731 -0.0097 -0.6342
vn -0.6317 0.1102 -0.7673
vn -0.8558 -0.0023 -0.5173
vn -0.9159 0.0835 0.3927
vn -0.8609 -0.0393 0.5073
vn -0.9989 0.0393 0.0251
vn -0.9921 -0.1155 0.0484
vn -0.9628 -0.1372 -0.2326
vn -0.9771 -0.0144 -0.2124
vn -0.9435 -0.0259 -0.3303
vn -0.9144 -0.1427 -0.3789
vn -0.8726 -0.3939 -0.2888
vn -0.8116 -0.4917 -0.3153
vn -0.8490 -0.5017 -0.1657
vn -0.9075 -0.3978 -0.1352
vn -0.7226 -0.5997 -0.3437
vn -0.7649 -0.6116 -0.2024
vn -0.7665 -0.6413 -0.0357
vn -0.8561 -0.5166 0.0166
vn -0.9148 -0.3999 0.0577
vn -0.6552 -0.5685 -0.4976
vn -0.5392 -0.6790 -0.4982
vn -0.5987 -0.7142 -0.3627
vn -0.4156 -0.7650 -0.4919
vn -0.4652 -0.8015 -0.3758
vn -0.2570 -0.8170 -0.5162
vn -0.3030 -0.7579 -0.5777
vn -0.3277 -0.7979 -0.5060
vn -0.2751 -0.8556 -0.4385
vn -0.2072 -0.7356 -0.6449
vn 0.0751 -0.7014 -0.7088
vn 0.0867 -0.6624 -0.7441
vn -0.2871 -0.8543 -0.4333
vn -0.2595 -0.8109 -0.5245
vn -0.2188 -0.7997 -0.5591
vn -0.2403 -0.8473 -0.4736
vn -0.1737 -0.7125 -0.6798
vn -0.2328 -0.7631 -0.6029
vn -0.3215 -0.8048 -0.4989
vn -0.3583 -0.8446 -0.3978
vn -0.0822 -0.5514 -0.8302
vn -0.0219 -0.4441 -0.8957
vn -0.2707 -0.9329 0.2374
vn -0.2911 -0.9525 0.0898
vn -0.3174 -0.9365 -0.1491
vn -0.2802 -0.9335 -0.2236
vn -0.3822 -0.8726 0.3040
vn -0.2888 -0.9137 0.2860
vn -0.4948 -0.8603 -0.1230
vn -0.3792 -0.9158 -0.1322
vn -0.6244 -0.6615 0.4154
vn -0.5144 -0.7846 0.3462
vn -0.6381 -0.7649 -0.0880
vn -0.9265 -0.2699 -0.2623
vn -0.9561 -0.2672 -0.1201
vn -0.9845 -0.1276 -0.1206
vn -0.9608 -0.2686 0.0692
vn -0.4881 -0.2783 -0.8272
vn -0.5407 -0.3031 -0.7847
vn -0.6491 -0.4065 -0.6430
vn -0.7423 -0.3784 0.5529
vn -0.6958 -0.5233 0.4919
vn -0.7913 -0.2110 0.5738
vn -0.6203 -0.5273 0.5806
vn -0.8044 -0.5546 0.2130
vn -0.4013 -0.3260 0.8559
vn -0.1790 -0.4371 0.8814
vn -0.5268 -0.6129 0.5889
vn -0.6850 -0.7063 0.1784
vn -0.3771 -0.6056 0.7007
vn -0.4887 -0.6993 0.5217
vn -0.5691 -0.5840 0.5789
vn -0.5300 -0.6942 0.4871
vn -0.3992 -0.8682 0.2946
vn -0.5209 -0.8280 0.2077
vn -0.3661 -0.8200 0.4400
vn -0.6769 -0.6172 0.4010
vn -0.7480 -0.5451 0.3786
vn -0.4592 -0.7008 0.5459
vn -0.7757 -0.4924 0.3947
vn -0.8353 -0.4513 0.3141
vn -0.6788 -0.1918 0.7089
vn -0.7257 -0.3896 0.5670
vn -0.7134 -0.5321 0.4561
vn -0.2044 -0.7816 0.5894
vn -0.4249 -0.7493 0.5079
vn -0.6493 -0.6598 0.3782
vn -0.5262 -0.0365 0.8496
vn -0.0386 -0.1083 0.9934
vn -0.1411 -0.1650 0.9761
vn -0.2900 -0.3294 0.8985
vn -0.2653 -0.2511 0.9309
vn -0.3838 -0.2806 0.8797
vn -0.3189 -0.2585 0.9118
vn -0.3010 -0.2668 0.9155
vn -0.2772 -0.2247 0.9342
vn -0.3148 -0.2862 0.9050
vn -0.2740 -0.3130 0.9094
vn -0.2256 -0.3902 0.8927
vn -0.2932 -0.4603 0.8380
vn -0.1177 -0.8187 0.5620
vn -0.1257 -0.9088 0.3978
vn -0.3443 -0.8594 0.3779
vn -0.1244 -0.6333 0.7638
vn -0.1338 -0.7707 0.6231
vn -0.2541 -0.8494 0.4625
vn -0.2527 -0.9387 0.2344
vn -0.7205 -0.6933 0.0117
vn -0.8650 -0.4965 0.0730
vn -0.7385 -0.6693 0.0818
vn -0.8301 -0.5091 0.2274
vn -0.8403 -0.2938 0.4555
vn -0.9059 -0.3405 0.2517
vn -0.7895 -0.3728 0.4875
vn -0.7488 -0.2224 0.6244
vn -0.6408 -0.3243 0.6958
vn -0.5494 -0.5026 0.6675
vn -0.4808 -0.8729 0.0835
vn -0.5237 -0.8107 0.2616
vn -0.3627 -0.4405 0.8212
vn -0.5145 -0.3170 0.7967
vn -0.6228 -0.2753 0.7324
vn -0.5859 -0.1946 0.7867
vn -0.4026 -0.2677 0.8754
vn -0.4190 -0.2049 0.8846
vn -0.6081 -0.5567 0.5659
vn -0.3414 -0.5538 0.7594
vn -0.2221 -0.2728 0.9361
vn -0.1901 -0.3992 0.8970
vn -0.2012 -0.3300 0.9223
vn -0.2518 -0.2564 0.9332
vn -0.1545 -0.4861 0.8601
vn -0.3096 -0.2251 0.9238
vn -0.2841 -0.2647 0.9215
vn 0.0803 -0.6273 0.7746
vn -0.3063 -0.6576 0.6883
vn 0.1114 -0.8509 0.5134
vn -0.2638 -0.7368 0.6226
vn -0.5163 -0.5564 0.6510
vn -0.5657 -0.5800 0.5862
vn -0.0845 -0.9492 0.3030
vn -0.3016 -0.7609 0.5744
vn -0.3175 -0.8981 0.3044
vn -0.3920 -0.6693 0.6312
vn -0.4115 -0.3013 0.8602
vn -0.4304 -0.4659 0.7731
vn -0.4534 -0.8029 0.3870
vn -0.4153 -0.5875 0.6946
vn -0.5565 -0.7285 0.3995
vn -0.4014 -0.5888 0.7016
vn -0.3237 -0.4113 0.8521
vn -0.3919 -0.2798 0.8764
vn -0.6556 -0.6409 0.3992
vn -0.3582 -0.5948 0.7196
vn -0.6998 -0.5522 0.4532
vn -0.2893 -0.6073 0.7399
vn -0.1901 -0.4988 0.8456
vn -0.5968 -0.3729 0.7105
vn -0.5154 -0.3957 0.7601
vn -0.2600 -0.5492 0.7942
vn -0.2502 -0.5769 0.7775
vn -0.1502 -0.2170 0.9645
vn -0.1683 0.4151 0.8941
vn -0.2016 0.4524 0.8688
vn -0.2769 -0.0188 0.9607
vn -0.6888 -0.4370 0.5784
vn -0.2573 -0.6092 0.7501
vn -0.7741 -0.0774 0.6283
vn -0.6515 -0.1179 0.7494
vn -0.7761 -0.0099 0.6305
vn -0.6218 0.0861 0.7784
vn -0.5068 0.0658 0.8596
vn -0.5206 -0.1517 0.8402
vn -0.8929 -0.4137 0.1777
vn -0.8914 -0.1978 0.4078
vn -0.8773 -0.4676 0.1083
vn -0.9006 -0.2558 0.3514
vn -0.3178 -0.9466 0.0549
vn -0.4868 -0.8694 0.0849
vn -0.4901 -0.8716 0.0104
vn -0.5767 -0.8168 0.0148
vn -0.6882 -0.7253 0.0167
vn -0.6570 -0.7484 0.0908
vn 0.1833 -0.8476 0.4980
vn -0.0722 -0.9860 0.1501
vn -0.1679 -0.7252 0.6677
vn -0.4097 -0.8914 0.1938
vn -0.0077 -0.1831 0.9831
vn 0.2272 -0.4760 0.8496
vn -0.0922 -0.0696 0.9933
vn -0.0655 -0.2835 0.9567
vn -0.8057 -0.5828 0.1058
vn -0.7964 -0.6029 0.0482
vn -0.3024 -0.0876 0.9491
vn -0.3283 0.0459 0.9435
vn -0.6629 -0.2879 0.6912
vn -0.4395 -0.0219 0.8980
vn -0.7654 -0.5785 0.2820
vn -0.7407 -0.6688 0.0634
vn -0.7057 -0.7071 0.0443
vn -0.1770 0.4010 0.8988
vn -0.3261 0.1100 0.9389
vn -0.1135 0.2074 0.9717
vn -0.3092 0.0184 0.9508
vn -0.0424 -0.0666 0.9969
vn -0.3112 -0.2301 0.9221
vn -0.0270 -0.3596 0.9327
vn -0.4024 -0.4426 0.8013
vn -0.7569 -0.5094 0.4094
vn -0.8497 -0.4461 0.2811
vn -0.8426 -0.4517 0.2933
vn -0.7717 -0.4998 0.3933
vn -0.6278 -0.5437 0.5570
vn -0.6542 -0.5436 0.5259
vn -0.6542 -0.5422 0.5273
vn -0.2234 -0.4895 0.8429
vn -0.1911 -0.6580 0.7284
vn -0.5762 -0.6611 0.4806
vn -0.5574 -0.5283 0.6405
vn -0.7454 -0.5032 0.4372
vn -0.4309 -0.5767 0.6941
vn -0.7857 -0.4314 0.4434
vn -0.8975 -0.2848 0.3368
vn -0.8648 -0.4186 0.2775
vn -0.2660 -0.6242 0.7346
vn -0.7388 -0.4587 0.4937
vn 0.2178 -0.4538 0.8641
vn 0.3665 -0.4729 0.8013
vn -0.1077 -0.6053 0.7887
vn -0.7095 -0.4627 0.5315
vn 0.4020 -0.5695 0.7170
vn -0.0434 -0.6568 0.7529
vn 0.3749 -0.7189 0.5853
vn -0.0050 -0.7832 0.6217
vn -0.4923 -0.7580 0.4279
vn -0.6542 -0.5509 0.5182
vn 0.0140 -0.8756 0.4829
vn -0.2697 -0.8479 0.4564
vn 0.3305 -0.8390 0.4322
vn 0.3010 -0.8864 0.3517
vn -0.0120 -0.8955 0.4450
vn -0.2211 -0.8571 0.4654
vn -0.2669 -0.7528 0.6017
vn -0.1171 -0.8439 0.5236
vn -0.2321 -0.7516 0.6174
vn -0.3231 -0.6167 0.7178
vn 0.1992 -0.9196 0.3387
vn 0.0678 -0.9176 0.3917
vn -0.1009 -0.8545 0.5095
vn -0.3649 -0.5812 0.7274
vn -0.3911 -0.4202 0.8188
vn -0.2184 -0.7490 0.6255
vn -0.4585 -0.3993 0.7939
vn -0.2506 -0.6641 0.7043
vn -0.4673 -0.2859 0.8366
vn -0.5170 -0.1211 0.8474
vn -0.4730 -0.2339 0.8494
vn -0.0844 -0.7107 0.6984
vn -0.0171 -0.7497 0.6615
vn -0.2554 -0.3048 0.9176
vn -0.3334 -0.2581 0.9068
vn 0.0227 -0.7540 0.6565
vn -0.1536 -0.3335 0.9301
vn -0.3350 0.0187 0.9420
vn -0.3917 0.0900 0.9157
vn -0.3371 0.1137 0.9346
vn 0.0528 -0.7515 0.6576
vn -0.0529 -0.3326 0.9416
vn -0.1083 -0.0616 0.9922
vn -0.1239 0.0325 0.9918
vn -0.4037 0.0572 0.9131
vn -0.1618 0.0828 0.9833
vn -0.4636 -0.0016 0.8860
vn -0.1632 0.1806 0.9699
vn -0.2644 0.0849 0.9607
vn -0.3054 0.1777 0.9355
vn -0.3417 0.0642 0.9376
vn -0.4018 -0.2616 0.8776
vn -0.5049 -0.1736 0.8456
vn -0.3682 0.0767 0.9266
vn -0.2745 -0.2169 0.9368
vn -0.4127 0.1873 0.8914
vn -0.4968 0.2106 0.8419
vn -0.3809 0.0831 0.9209
vn -0.1664 -0.1684 0.9716
vn -0.3529 0.0279 0.9353
vn 0.0011 -0.1148 0.9934
vn -0.4999 0.1014 0.8601
vn -0.5108 -0.0145 0.8596
vn -0.3381 -0.0132 0.9410
vn 0.0522 0.0238 0.9984
vn -0.1793 -0.6664 0.7237
vn -0.4051 -0.2477 0.8801
vn -0.4454 -0.0712 0.8925
vn -0.3936 -0.0269 0.9189
vn -0.1160 0.1419 0.9831
vn -0.5230 -0.0657 0.8498
vn 0.4936 0.1159 0.8619
vn 0.4672 -0.2530 0.8472
vn 0.7413 0.1610 0.6515
vn 0.7310 -0.3199 0.6028
vn 0.4508 -0.7168 0.5319
vn 0.1975 -0.5239 0.8286
vn -0.0744 -0.6546 0.7523
vn 0.1005 -0.8856 0.4535
vn -0.3439 -0.8654 0.3644
vn -0.3966 -0.6808 0.6159
vn -0.8426 -0.0752 0.5333
vn -0.7864 0.1743 0.5927
vn -0.9755 -0.0839 0.2035
vn -0.9447 0.2476 0.2152
vn -0.7555 0.5881 0.2887
vn -0.6475 0.3765 0.6626
vn -0.7393 -0.4299 0.5183
vn -0.8230 -0.5066 0.2567
vn -0.1403 0.5489 0.8240
vn 0.2160 0.4139 0.8844
vn 0.0269 0.8182 0.5743
vn 0.4688 0.5761 0.6695
vn -0.4351 0.5246 0.7318
vn -0.4055 0.8094 0.4249
vn 0.4961 -0.7443 0.4472
vn 0.0961 -0.9380 0.3330
vn 0.3705 -0.6422 0.6711
vn -0.1169 -0.8024 0.5852
vn -0.5580 -0.7268 0.4005
vn -0.4171 -0.8703 0.2619
vn -0.7764 0.5994 0.1945
vn -0.4033 0.8610 0.3098
vn -0.7950 0.5367 0.2828
vn -0.4993 0.7190 0.4835
vn -0.0140 0.7941 0.6077
vn 0.0703 0.8766 0.4761
vn 0.7065 0.2026 0.6781
vn 0.7344 -0.2943 0.6116
vn 0.3145 0.2515 0.9153
vn 0.3664 -0.2203 0.9040
vn -0.9850 -0.0932 0.1451
vn -0.9589 0.2454 0.1423
vn -0.9106 -0.0591 0.4090
vn -0.8954 0.2657 0.3573
vn -0.8446 -0.5017 0.1872
vn -0.7942 -0.4032 0.4546
vn 0.4825 0.6124 0.6262
vn 0.1640 0.5849 0.7943
vn -0.3628 0.1679 0.9166
vn -0.5028 0.4435 0.7420
vn -0.3126 -0.2881 0.9051
vn -0.1465 0.2158 0.9654
vn -0.1562 0.2853 0.9456
vn -0.3294 0.2867 0.8996
vn -0.3042 0.2155 0.9279
vn -0.1736 0.4654 0.8679
vn -0.1885 0.6399 0.7450
vn -0.3777 0.5901 0.7135
vn -0.3564 0.4317 0.8286
vn 0.1774 -0.9612 0.2114
vn 0.0285 -0.9824 0.1848
vn 0.1150 -0.9919 0.0532
vn -0.0337 -0.9897 0.1390
vn -0.2792 -0.9474 0.1563
vn -0.3077 -0.9457 0.1047
vn -0.0229 -0.9992 0.0314
vn -0.1065 -0.9834 0.1469
vn -0.1525 -0.9876 0.0369
vn -0.1810 -0.9711 0.1554
vn -0.2264 -0.9446 0.2376
vn -0.2398 -0.9481 0.2089
vn -0.2537 -0.9490 0.1870
vn -0.2345 -0.9325 0.2748
vn -0.2673 -0.9616 0.0625
vn -0.3767 -0.9190 0.1158
vn -0.3213 -0.9118 0.2559
vn -0.2587 -0.8963 0.3602
vn -0.5054 -0.8358 0.2144
vn -0.3777 -0.8540 0.3577
vn -0.2879 -0.8575 0.4264
vn -0.1071 -0.9892 -0.0997
vn -0.2639 -0.9619 -0.0715
vn -0.0580 -0.9675 -0.2463
vn -0.2592 -0.9445 -0.2020
vn -0.4302 -0.8891 -0.1562
vn -0.4062 -0.9132 -0.0324
vn -0.8166 -0.5665 0.1110
vn -0.9269 -0.3271 0.1841
vn -0.8539 -0.5204 -0.0054
vn -0.9492 -0.3016 0.0893
vn -0.9740 -0.1686 0.1513
vn -0.9513 -0.2043 0.2309
vn -0.3595 -0.5024 0.7863
vn 0.1925 -0.9336 0.3023
vn -0.5597 -0.4099 0.7202
vn -0.0099 -0.9080 0.4188
vn 0.2174 -0.9755 -0.0322
vn 0.2580 -0.9656 -0.0338
vn -0.5953 -0.8031 0.0251
vn -0.6437 -0.7587 -0.1002
vn -0.9459 -0.1450 0.2902
vn -0.9728 -0.0593 0.2241
vn -0.9424 0.0267 0.3333
vn -0.9226 -0.1179 0.3674
vn 0.0815 -0.9910 -0.1060
vn 0.1672 -0.9602 -0.2236
vn -0.8639 -0.0555 0.5006
vn -0.7015 -0.1458 0.6976
vn -0.8752 0.0391 0.4821
vn -0.8264 -0.0275 0.5624
vn -0.9105 -0.0648 0.4084
vn -0.9080 0.0627 0.4143
vn -0.8887 -0.4540 -0.0636
vn -0.9594 -0.2804 0.0301
vn -0.9172 -0.3838 -0.1066
vn -0.9685 -0.2483 -0.0204
vn -0.9871 -0.1564 0.0336
vn -0.9821 -0.1662 0.0884
vn -0.9619 0.0476 0.2691
vn -0.9144 0.0862 0.3956
vn -0.9802 0.0098 0.1980
vn -0.9582 0.0283 0.2848
vn -0.9285 0.0165 0.3709
vn -0.8774 0.0581 0.4762
vn -0.1677 -0.9858 -0.0056
vn -0.0171 -0.9562 -0.2924
vn -0.7314 -0.6814 -0.0259
vn -0.5230 -0.7883 -0.3242
vn -0.4458 -0.7843 -0.4314
vn -0.1261 -0.9152 -0.3827
vn -0.7193 -0.2906 0.6310
vn -0.5276 -0.7127 0.4622
vn -0.8633 -0.1628 0.4777
vn -0.8541 -0.4309 0.2912
vn -0.9871 -0.0557 0.1499
vn -0.9929 -0.0696 0.0970
vn -0.8424 -0.0129 0.5386
vn -0.9004 -0.0449 0.4326
vn -0.4946 -0.8328 -0.2485
vn -0.7146 -0.6782 -0.1714
vn -0.5894 -0.7526 -0.2936
vn -0.7804 -0.5857 -0.2188
vn -0.3112 -0.8945 -0.3209
vn -0.5162 -0.7707 -0.3736
vn -0.9895 -0.1444 -0.0041
vn -0.9921 -0.0708 0.1034
vn -0.9879 -0.1530 -0.0250
vn -0.9864 -0.0740 0.1467
vn -0.9596 -0.2772 -0.0483
vn -0.9708 -0.1443 0.1918
vn -0.9729 -0.2211 -0.0680
vn -0.9635 -0.2358 -0.1269
vn -0.9272 -0.3391 -0.1592
vn -0.9255 -0.3225 -0.1985
vn -0.7985 -0.5060 -0.3262
vn -0.7866 -0.5454 -0.2894
vn -0.8850 -0.4027 -0.2337
vn -0.8889 -0.3396 0.3074
vn -0.9716 -0.2367 0.0004
vn -0.8924 -0.3815 0.2409
vn -0.9675 -0.2491 -0.0433
vn -0.9149 -0.3662 0.1698
vn -0.9780 -0.1747 -0.1136
vn -0.9278 -0.3541 0.1174
vn -0.9764 -0.0588 -0.2076
vn -0.8920 -0.4374 0.1139
vn -0.9752 -0.1372 -0.1736
vn -0.8012 -0.5978 -0.0243
vn -0.9405 -0.2422 -0.2383
vn -0.7146 -0.6928 -0.0969
vn -0.8862 -0.3717 -0.2764
vn -0.6147 -0.7875 0.0438
vn -0.7836 -0.6059 -0.1373
vn -0.4575 -0.8759 0.1536
vn -0.6146 -0.7888 0.0053
vn -0.3453 -0.9184 0.1934
vn -0.5251 -0.8465 0.0882
vn -0.5164 -0.8054 0.2909
vn -0.2965 -0.8974 0.3269
vn -0.3231 -0.8339 0.4475
vn -0.5272 -0.7293 0.4362
vn -0.2286 -0.9023 0.3656
vn -0.2384 -0.8480 0.4733
vn -0.2447 -0.7852 0.5689
vn -0.3796 -0.7359 0.5607
vn -0.5360 -0.5958 0.5981
vn -0.2341 -0.9249 0.2997
vn -0.2173 -0.9145 0.3414
vn -0.2019 -0.8890 0.4111
vn -0.2159 -0.8940 0.3927
vn -0.1911 -0.8671 0.4600
vn -0.1886 -0.7716 0.6075
vn -0.2231 -0.8507 0.4760
vn -0.2582 -0.8259 0.5011
vn -0.2606 -0.7432 0.6163
vn -0.2321 -0.8246 0.5160
vn -0.0976 -0.4220 0.9013
vn -0.1883 -0.6218 0.7602
vn -0.2848 -0.5896 0.7558
vn -0.3176 -0.3676 0.8740
vn -0.1993 -0.8312 0.5191
vn -0.2053 -0.7250 0.6575
vn -0.1812 -0.8002 0.5717
vn -0.2206 -0.6813 0.6980
vn -0.3019 -0.9209 0.2467
vn -0.5116 -0.8398 0.1815
vn -0.0543 -0.8767 0.4779
vn 0.2674 -0.9014 0.3406
vn -0.5128 -0.0123 0.8584
vn -0.4072 -0.1255 0.9047
vn -0.4376 0.2661 0.8589
vn -0.2764 -0.0307 0.9605
vn 0.6182 -0.7571 0.2111
vn 0.5877 -0.7955 0.1478
vn 0.7871 -0.6047 0.1214
vn 0.7263 -0.6852 0.0542
vn 0.6612 -0.7502 0.0067
vn 0.5041 -0.8548 0.1231
vn 0.3966 -0.9086 0.1312
vn 0.5700 -0.8213 -0.0221
vn 0.4661 -0.8845 -0.0211
vn 0.2708 -0.9454 0.1814
vn 0.1301 0.3097 0.9419
vn 0.2606 0.1143 0.9587
vn 0.3373 0.4189 0.8431
vn 0.4615 0.3103 0.8311
vn 0.6495 0.1868 0.7370
vn 0.4360 -0.0457 0.8988
vn 0.6941 -0.2695 0.6675
vn 0.7237 -0.4051 0.5587
vn 0.8658 -0.1171 0.4865
vn 0.8856 -0.2498 0.3916
vn 0.8786 -0.3710 0.3008
vn 0.7145 -0.5432 0.4410
vn 0.6626 -0.6775 0.3192
vn 0.8456 -0.4906 0.2105
vn 0.1286 -0.9380 0.3219
vn 0.1307 -0.9310 0.3407
vn 0.3342 -0.9421 0.0279
vn 0.3007 -0.9522 0.0542
vn 0.2603 -0.9632 0.0676
vn 0.1555 -0.9335 0.3231
vn 0.6023 -0.1624 0.7816
vn 0.7972 0.0314 0.6029
vn 0.1725 -0.9501 0.2598
vn 0.3819 -0.9242 -0.0025
vn -0.0666 0.6491 0.7578
vn 0.0341 0.5071 0.8612
vn 0.1091 0.6388 0.7616
vn 0.2422 0.5370 0.8081
vn 0.1526 -0.9377 0.3120
vn 0.2153 -0.9735 0.0764
vn 0.1768 -0.9801 0.0898
vn 0.1417 -0.9400 0.3105
vn -0.1535 0.7186 0.6783
vn -0.0373 0.7016 0.7116
vn 0.1225 -0.9422 0.3119
vn 0.1416 -0.9854 0.0944
vn 0.5157 -0.8550 -0.0555
vn 0.4540 -0.8874 -0.0796
vn 0.5082 -0.8612 -0.0082
vn 0.4707 -0.8811 -0.0451
vn 0.4214 -0.9035 -0.0780
vn 0.4014 -0.9116 -0.0887
vn 0.8964 -0.1126 0.4288
vn 0.8997 -0.2406 0.3642
vn 0.8677 -0.2050 0.4528
vn 0.8648 -0.3031 0.4002
vn 0.8482 -0.4085 0.3372
vn 0.8884 -0.3517 0.2952
vn 0.3485 -0.9328 -0.0915
vn 0.3695 -0.9239 -0.0996
vn 0.3240 -0.9388 -0.1169
vn 0.2937 -0.9514 -0.0931
vn 0.6357 -0.7709 0.0405
vn 0.5676 -0.8232 -0.0115
vn 0.6383 -0.7671 0.0640
vn 0.5669 -0.8234 0.0253
vn 0.7434 0.2578 0.6172
vn 0.8586 0.0556 0.5096
vn 0.7952 0.1121 0.5959
vn 0.8557 -0.0744 0.5121
vn 0.7883 -0.5991 0.1400
vn 0.7106 -0.6986 0.0836
vn 0.7544 -0.6321 0.1769
vn 0.6947 -0.7102 0.1141
vn 0.0548 0.6615 0.7480
vn 0.0871 0.6090 0.7883
vn 0.2614 0.5763 0.7743
vn 0.2059 0.6346 0.7450
vn 0.2441 -0.9652 -0.0937
vn 0.2792 -0.9510 -0.1330
vn 0.2332 -0.9612 -0.1473
vn 0.1991 -0.9755 -0.0935
vn 0.8534 -0.4755 0.2134
vn 0.8111 -0.5250 0.2579
vn 0.4502 0.5257 0.7218
vn 0.5718 0.4298 0.6988
vn 0.5350 0.4467 0.7171
vn 0.6550 0.3201 0.6845
vn 0.1529 -0.9838 -0.0936
vn 0.1733 -0.9721 -0.1583
vn 0.3500 0.5868 0.7302
vn 0.4230 0.5183 0.7432
vn 0.7627 -0.5247 0.3782
vn 0.7196 -0.6156 0.3211
vn 0.5847 -0.6972 0.4147
vn 0.5539 -0.7381 0.3853
vn 0.5230 -0.7745 0.3560
vn 0.6776 -0.6894 0.2560
vn 0.6132 0.0267 0.7894
vn 0.6939 -0.0403 0.7189
vn 0.4928 -0.4391 0.7512
vn 0.5708 -0.4274 0.7011
vn 0.6082 -0.4534 0.6515
vn 0.7596 -0.1632 0.6296
vn 0.2649 -0.9612 -0.0765
vn 0.1919 -0.9773 -0.0896
vn 0.2327 -0.9622 0.1417
vn 0.1773 -0.9761 0.1258
vn 0.5248 -0.8505 0.0346
vn 0.4837 -0.8752 0.0095
vn 0.4016 -0.8961 0.1889
vn 0.3948 -0.9071 0.1461
vn 0.3773 -0.9152 0.1415
vn 0.4337 -0.9009 -0.0156
vn 0.8020 -0.3247 0.5013
vn 0.7975 -0.4146 0.4383
vn 0.6360 -0.5212 0.5691
vn 0.6257 -0.6103 0.4858
vn 0.3927 -0.9190 -0.0365
vn 0.3569 -0.9273 0.1130
vn 0.3183 -0.9376 0.1404
vn 0.3592 -0.9319 -0.0505
vn 0.2971 0.1696 0.9397
vn 0.5020 0.0887 0.8603
vn 0.2686 -0.4483 0.8526
vn 0.4109 -0.4194 0.8095
vn 0.5913 -0.7948 0.1367
vn 0.5513 -0.8313 0.0709
vn 0.4397 -0.8548 0.2757
vn 0.4034 -0.8894 0.2153
vn 0.7876 -0.2547 0.5611
vn 0.6277 -0.4580 0.6295
vn 0.6375 -0.7453 0.1950
vn 0.4882 -0.8153 0.3115
vn 0.0985 0.3132 0.9446
vn 0.1306 -0.3554 0.9256
vn 0.3136 -0.9472 -0.0667
vn 0.2875 -0.9501 0.1208
vn 0.2839 -0.8482 0.4472
vn 0.3684 -0.8254 0.4277
vn 0.2632 -0.8630 0.4312
vn 0.2129 -0.7680 0.6041
vn 0.3674 -0.6516 0.6637
vn 0.2385 -0.7548 0.6111
vn 0.1518 -0.9110 0.3834
vn 0.1489 -0.9438 0.2949
vn 0.1922 -0.9088 0.3703
vn 0.2861 -0.9139 0.2881
vn 0.1923 -0.9057 0.3778
vn 0.2754 -0.7836 0.5569
vn 0.4071 -0.7735 0.4857
vn 0.2739 -0.9210 0.2771
vn 0.1843 -0.9039 0.3861
vn 0.1717 -0.7829 0.5980
vn 0.2950 -0.6860 0.6652
vn 0.2160 -0.8925 0.3960
vn 0.2953 -0.9010 0.3177
vn 0.4016 -0.6519 0.6433
vn 0.3447 -0.8548 0.3880
vn 0.1649 -0.7095 0.6851
vn 0.2298 -0.9302 0.2861
vn -0.6327 0.2164 0.7436
vn -0.6619 0.4324 0.6123
vn -0.5158 0.5386 0.6662
vn -0.7266 0.1902 0.6602
vn -0.7535 0.3618 0.5489
vn -0.6925 0.4717 0.5458
vn 0.0887 -0.8328 -0.5464
vn -0.1246 -0.9482 -0.2923
vn 0.2062 -0.4674 -0.8596
vn 0.2486 -0.3834 -0.8895
vn -0.2206 -0.9568 -0.1895
vn 0.1090 -0.5427 -0.8328
vn -0.3255 -0.9284 0.1794
vn -0.3744 -0.9246 0.0697
vn -0.3140 -0.9293 -0.1946
vn -0.0066 -0.5832 -0.8123
vn -0.4463 -0.8939 -0.0419
vn -0.3993 -0.8901 -0.2197
vn -0.4478 -0.8651 -0.2262
vn -0.2125 -0.6014 -0.7702
vn -0.3485 -0.8595 -0.3739
vn -0.5886 -0.7700 -0.2463
vn -0.5048 -0.8338 -0.2236
vn -0.5114 -0.6084 -0.6069
vn -0.3967 -0.6456 -0.6525
vn -0.6609 -0.6816 -0.3140
vn -0.7294 -0.5719 -0.3753
vn -0.6593 -0.4426 -0.6078
vn -0.5953 -0.5428 -0.5925
vn -0.7834 -0.4731 -0.4030
vn -0.7009 -0.3608 -0.6153
vn -0.8222 -0.4081 -0.3967
vn -0.7367 -0.3236 -0.5938
vn -0.8602 -0.3601 -0.3612
vn -0.7677 -0.2895 -0.5717
vn -0.9047 -0.3098 -0.2925
vn -0.8034 -0.2455 -0.5425
vn -0.9436 -0.2649 -0.1988
vn -0.9783 -0.1886 -0.0853
vn -0.8768 -0.0972 -0.4710
vn -0.8376 -0.1837 -0.5144
vn -0.9904 -0.0482 -0.1296
vn -0.9722 -0.1514 -0.1786
vn -0.9225 -0.0428 -0.3836
vn -0.9581 -0.1560 -0.2402
vn -0.8879 -0.0644 -0.4556
vn -0.9499 -0.0575 -0.3072
vn -0.8477 0.0344 -0.5294
vn -0.9146 0.1002 -0.3917
vn -0.7762 0.2087 -0.5949
vn -0.8751 0.0881 -0.4758
vn -0.6802 0.0574 -0.7308
vn -0.6004 0.1144 -0.7915
vn -0.7774 0.1870 -0.6006
vn -0.5239 0.2653 -0.8094
vn -0.7117 0.3297 -0.6203
vn -0.7521 0.0726 -0.6551
vn -0.9108 0.0339 -0.4115
vn -0.8655 -0.2656 -0.4247
vn -0.8090 -0.3720 -0.4552
vn -0.5009 -0.8216 -0.2722
vn -0.3847 -0.8728 -0.3004
vn -0.3091 -0.8898 -0.3357
vn -0.2583 -0.8860 -0.3851
vn -0.2704 -0.6935 -0.6678
vn -0.6401 -0.7299 -0.2398
vn -0.7436 -0.4644 -0.4811
vn -0.9927 0.0080 -0.1207
vn -0.9901 0.0877 -0.1092
vn -0.9926 0.0582 -0.1069
vn 0.0970 -0.6196 -0.7789
vn -0.6504 0.5054 -0.5671
vn -0.4452 0.4679 -0.7634
vn -0.5064 0.4303 -0.7472
vn -0.6449 0.4819 -0.5931
vn -0.4695 0.5947 -0.6526
vn -0.5433 0.5945 -0.5927
vn -0.6931 0.5091 -0.5104
vn -0.5567 0.3758 -0.7409
vn -0.6151 0.4673 -0.6350
vn -0.4864 0.3717 -0.7907
vn -0.5339 0.4950 -0.6855
vn -0.7242 0.4578 -0.5157
vn -0.5627 0.5106 -0.6501
vn -0.3222 0.3947 -0.8605
vn -0.4233 0.5507 -0.7195
vn -0.3951 0.5389 -0.7440
vn -0.2129 0.3812 -0.8997
vn -0.3114 0.5330 -0.7867
vn -0.1755 0.3714 -0.9117
vn -0.3487 0.5819 -0.7347
vn -0.3613 0.5674 -0.7400
vn -0.2471 0.5367 -0.8068
vn -0.1669 0.3910 -0.9051
vn -0.2023 0.5520 -0.8089
vn -0.1709 0.4255 -0.8887
vn -0.2876 0.6150 -0.7342
vn -0.3244 0.6023 -0.7294
vn -0.1372 0.4677 -0.8732
vn -0.2150 0.6498 -0.7290
vn -0.1422 0.5752 -0.8056
vn -0.2745 0.8467 -0.4558
vn -0.2031 0.7556 -0.6227
vn -0.1998 0.7766 -0.5974
vn -0.3565 0.8378 -0.4136
vn -0.2454 0.7997 -0.5479
vn -0.4339 0.8353 -0.3376
vn -0.3601 0.8018 -0.4770
vn -0.5238 0.8113 -0.2597
vn -0.5937 0.7800 -0.1980
vn -0.4750 0.7843 -0.3990
vn -0.5555 0.7588 -0.3401
vn -0.6619 0.7330 -0.1568
vn -0.6508 0.6996 -0.2951
vn -0.7336 0.6673 -0.1283
vn -0.6978 0.6392 -0.3232
vn -0.7819 0.6155 -0.0990
vn -0.6317 0.5118 -0.5823
vn -0.8570 0.5127 -0.0519
vn -0.8906 0.4525 -0.0447
vn -0.6417 0.4602 -0.6135
vn -0.8688 0.4950 0.0168
vn -0.8707 0.4511 -0.1961
vn -0.8780 0.3810 -0.2897
vn -0.9350 0.3534 -0.0287
vn -0.8886 0.3105 -0.3377
vn -0.9778 0.2088 0.0180
vn -0.9137 0.1644 -0.3717
vn -0.9969 0.0461 0.0643
vn -0.9963 -0.0805 0.0305
vn -0.9122 0.0160 -0.4093
vn -0.5691 0.6091 -0.5523
vn -0.3456 0.7466 -0.5685
vn -0.4223 0.7129 -0.5598
vn -0.4779 0.6441 -0.5972
vn -0.4703 0.7536 -0.4591
vn -0.6347 0.6276 -0.4509
vn -0.6697 0.5488 -0.5003
vn -0.5145 0.6890 -0.5104
vn -0.4286 0.7197 -0.5462
vn -0.6824 0.5293 -0.5042
vn -0.5187 0.6966 -0.4957
vn -0.3924 0.8074 -0.4406
vn -0.3823 0.7800 -0.4954
vn -0.2688 0.7942 -0.5450
vn -0.6444 0.5857 -0.4917
vn -0.4655 0.7772 -0.4235
vn -0.4860 0.7390 -0.4666
vn -0.6619 0.5402 -0.5196
vn -0.3487 0.8692 -0.3505
vn -0.3646 0.8421 -0.3975
vn -0.7061 0.5980 -0.3792
vn -0.5016 0.7867 -0.3599
vn -0.8364 0.5093 -0.2025
vn -0.5941 0.7719 -0.2263
vn -0.4158 0.8863 -0.2041
vn -0.3684 0.8755 -0.3127
vn -0.8718 0.4643 0.1561
vn -0.6493 0.7458 0.1488
vn -0.6632 0.7470 -0.0450
vn -0.8990 0.4371 -0.0286
vn -0.4641 0.8766 0.1270
vn -0.4532 0.8903 -0.0442
vn -0.6390 0.5140 0.5722
vn -0.5296 0.6676 0.5233
vn -0.5881 0.7308 0.3464
vn -0.7629 0.5244 0.3781
vn -0.4486 0.7565 0.4759
vn -0.4590 0.8364 0.2997
vn -0.7666 -0.0450 0.6405
vn -0.7375 0.2704 0.6188
vn -0.8979 0.2175 0.3827
vn -0.9153 -0.1174 0.3852
vn -0.9790 0.1327 0.1545
vn -0.9716 -0.1577 0.1762
vn -0.9937 0.1115 0.0060
vn -0.9860 -0.1600 0.0479
vn -0.9746 0.1826 -0.1300
vn -0.9868 -0.1491 -0.0639
vn -0.8843 -0.0593 -0.4631
vn -0.9568 -0.1356 -0.2570
vn -0.8924 0.2964 -0.3402
vn -0.7975 0.3151 -0.5144
vn -0.8079 0.2856 -0.5155
vn -0.8816 0.0370 -0.4705
vn -0.8375 0.2999 -0.4568
vn -0.9120 0.1096 -0.3953
vn -0.8568 0.2865 -0.4288
vn -0.9067 0.1762 -0.3833
vn -0.8242 0.3392 -0.4535
vn -0.7619 0.4209 -0.4923
vn -0.6325 0.5141 -0.5794
vn -0.7370 0.4054 -0.5408
vn -0.4950 0.5449 -0.6768
vn -0.5543 0.4890 -0.6735
vn -0.8131 0.5780 -0.0692
vn -0.7125 0.6210 -0.3267
vn -0.7205 0.6289 -0.2922
vn -0.8329 0.5514 -0.0478
vn -0.4077 0.4600 -0.7888
vn -0.4125 0.4748 -0.7774
vn -0.6432 0.5160 -0.5657
vn -0.3368 0.9242 -0.1798
vn -0.3229 0.9089 -0.2638
vn -0.3020 0.9370 -0.1757
vn -0.3122 0.9088 -0.2769
vn -0.3702 0.9235 0.1003
vn -0.3539 0.9341 -0.0469
vn -0.3256 0.9421 0.0804
vn -0.3103 0.9493 -0.0512
vn -0.3967 0.8091 0.4337
vn -0.3846 0.8872 0.2550
vn -0.3643 0.8368 0.4086
vn -0.3449 0.9113 0.2249
vn -0.4727 -0.7025 0.5320
vn -0.4849 -0.6139 0.6229
vn -0.6529 -0.4558 0.6050
vn -0.5675 -0.4645 0.6798
vn -0.7656 -0.0174 0.6431
vn -0.7611 0.2087 0.6141
vn -0.6692 0.2562 0.6975
vn -0.6777 0.0022 0.7353
vn -0.7003 0.4461 0.5573
vn -0.6155 0.4672 0.6348
vn -0.0353 -0.1955 0.9801
vn -0.0722 -0.2476 0.9662
vn -0.1316 -0.6618 0.7380
vn -0.0999 -0.6347 0.7663
vn -0.3723 -0.2225 0.9011
vn -0.3989 -0.5381 0.7425
vn -0.4228 -0.7061 0.5681
vn -0.2891 -0.7972 0.5300
vn -0.4835 -0.1849 0.8556
vn -0.5528 0.1713 0.8156
vn -0.2939 0.2381 0.9257
vn -0.2370 -0.1599 0.9583
vn -0.4607 0.5098 0.7265
vn -0.3404 0.5208 0.7829
vn -0.2855 0.6379 0.7153
vn -0.1055 0.3363 0.9358
vn -0.1817 -0.8343 0.5205
vn -0.1672 -0.7628 0.6247
vn -0.1486 -0.7099 0.6885
vn -0.0928 -0.5776 0.8111
vn -0.1468 -0.6861 0.7125
vn -0.2000 -0.8633 0.4633
vn 0.0013 -0.0447 0.9990
vn 0.1883 -0.0409 0.9813
vn 0.1686 -0.3180 0.9330
vn -0.0083 -0.3270 0.9450
vn 0.0457 -0.0791 0.9958
vn 0.0402 -0.2899 0.9562
vn 0.0184 -0.5283 0.8489
vn 0.0479 -0.5680 0.8216
vn -0.1577 -0.6066 0.7793
vn -0.1502 -0.6500 0.7450
vn -0.1299 -0.6148 0.7779
vn -0.2378 -0.5398 0.8075
vn -0.4869 -0.1110 0.8664
vn -0.5023 0.2025 0.8406
vn -0.2923 0.2157 0.9317
vn -0.2686 -0.0644 0.9611
vn -0.3632 0.5111 0.7790
vn -0.2911 0.4662 0.8354
vn -0.1901 0.5582 0.8076
vn -0.0494 0.2626 0.9636
vn -0.1677 -0.5074 0.8452
vn -0.1431 -0.6321 0.7616
vn 0.1538 0.1197 0.9808
vn 0.2295 0.0883 0.9693
vn 0.2430 -0.1871 0.9518
vn 0.0787 -0.0994 0.9919
vn 0.1027 0.0325 0.9942
vn 0.1084 -0.1802 0.9776
vn 0.0741 -0.3901 0.9178
vn 0.1394 -0.4805 0.8658
vn -0.0458 0.5906 0.8057
vn -0.2014 0.4283 0.8809
vn -0.2812 0.6199 0.7326
vn -0.1119 0.6660 0.7375
vn -0.4557 0.6081 0.6501
vn -0.2460 0.6675 0.7028
vn -0.1176 0.1326 0.9842
vn 0.0647 0.3264 0.9430
vn 0.0941 0.2290 0.9689
vn -0.1750 0.1033 0.9791
vn -0.1775 -0.0505 0.9828
vn 0.0470 0.3863 0.9212
vn -0.1721 0.3297 0.9283
vn -0.4040 0.2665 0.8751
vn -0.4583 0.0591 0.8868
vn -0.4497 -0.1356 0.8828
vn -0.5756 -0.1549 0.8029
vn -0.6077 0.1227 0.7846
vn -0.4884 0.4249 0.7622
vn -0.1815 0.5911 0.7859
vn -0.1869 0.6427 0.7430
vn 0.0740 0.5370 0.8403
vn -0.0894 -0.6349 0.7674
vn -0.1290 -0.4490 0.8842
vn -0.3298 -0.4854 0.8097
vn -0.3322 -0.5732 0.7491
vn 0.0376 0.0987 0.9944
vn -0.2898 -0.0221 0.9568
vn -0.2908 -0.1577 0.9437
vn -0.0288 0.3138 0.9491
vn -0.2956 0.2617 0.9188
vn -0.5546 0.2124 0.8046
vn -0.6033 -0.0377 0.7966
vn -0.5661 -0.2300 0.7916
vn -0.1304 -0.6797 0.7218
vn -0.2003 -0.5680 0.7983
vn -0.3627 -0.5930 0.7188
vn -0.3028 -0.6416 0.7047
vn -0.6385 -0.2303 0.7344
vn -0.7093 0.0613 0.7022
vn -0.6077 0.4132 0.6782
vn -0.2925 0.6210 0.7271
vn -0.3329 0.6499 0.6832
vn 0.0123 0.5179 0.8554
vn -0.8296 -0.1430 0.5397
vn -0.7997 -0.3139 0.5117
vn -0.6613 -0.4020 0.6333
vn -0.6642 -0.1945 0.7218
vn -0.7421 -0.4740 0.4740
vn -0.6180 -0.5944 0.5145
vn -0.7675 0.3922 0.5070
vn -0.5130 0.6130 0.6008
vn -0.5057 0.6540 0.5626
vn -0.7819 0.2650 0.5643
vn -0.6035 0.3366 0.7228
vn -0.3548 0.3799 0.8543
vn -0.2287 0.5953 0.7702
vn -0.5249 -0.7159 0.4605
vn -0.7242 -0.4870 0.4882
vn -0.8543 -0.0732 0.5146
vn -0.8531 0.1355 0.5039
vn -0.8292 0.0454 0.5571
vn -0.4138 0.6878 0.5965
vn -0.5158 0.6213 0.5899
vn -0.3846 0.6867 0.6169
vn -0.3785 0.6873 0.6200
vn -0.3521 0.6967 0.6250
vn -0.3496 0.8428 0.4093
vn -0.3188 0.6892 0.6507
vn -0.3422 0.8379 0.4253
vn -0.3115 0.6748 0.6691
vn -0.2920 0.6765 0.6761
vn -0.3252 0.8304 0.4524
vn -0.3393 0.8323 0.4384
vn -0.1975 0.7022 0.6840
vn -0.2482 0.8415 0.4800
vn -0.0750 0.7266 0.6830
vn -0.1142 0.8601 0.4971
vn -0.0856 0.7387 0.6686
vn -0.3132 0.6962 0.6460
vn -0.3667 0.8064 0.4640
vn -0.1111 0.8644 0.4904
vn -0.7764 0.4079 0.4804
vn -0.5943 0.5626 0.5747
vn -0.8415 0.4312 0.3254
vn -0.6721 0.6252 0.3968
vn -0.9197 0.2707 0.2844
vn -0.8902 0.2373 0.3889
vn -0.8747 0.2399 0.4211
vn -0.9033 0.2793 0.3257
vn -0.8737 0.2273 0.4302
vn -0.8562 0.2255 0.4648
vn -0.7868 0.2415 0.5680
vn -0.8066 0.2817 0.5196
vn -0.8258 0.3463 0.4452
vn -0.8671 0.2868 0.4074
vn -0.9060 0.3144 0.2834
vn -0.8398 0.2956 0.4554
vn -0.7721 0.2036 0.6020
vn -0.8245 0.2683 0.4982
vn -0.5862 0.0107 0.8101
vn -0.6246 0.0421 0.7798
vn -0.6380 0.1523 0.7548
vn -0.6443 0.2523 0.7220
vn -0.5510 0.2838 0.7847
vn -0.6806 0.3072 0.6652
vn -0.5986 0.3302 0.7298
vn -0.7080 0.3505 0.6131
vn -0.4490 0.2392 0.8609
vn -0.4926 0.2960 0.8184
vn -0.6345 0.3966 0.6635
vn -0.6957 0.4015 0.5957
vn -0.6559 0.4877 0.5761
vn -0.7320 0.4518 0.5099
vn -0.5353 0.3994 0.7443
vn -0.5704 0.5180 0.6375
vn -0.2311 0.7759 0.5870
vn -0.2884 0.8872 0.3602
vn -0.4586 0.8207 0.3409
vn -0.4311 0.7219 0.5413
vn -0.5902 0.7376 0.3280
vn -0.5899 0.6397 0.4928
vn -0.7017 0.6520 0.2873
vn -0.6755 0.5821 0.4527
vn -0.7702 0.5146 0.3768
vn -0.8023 0.5574 0.2136
vn -0.8912 0.4275 0.1516
vn -0.8733 0.4015 0.2760
vn -0.6973 0.6799 0.2268
vn -0.3705 0.8955 0.2464
vn -0.8686 0.4572 0.1912
vn -0.8763 0.4607 0.1410
vn -0.7030 0.7001 0.1251
vn -0.3628 0.9293 0.0690
vn -0.9260 0.3360 0.1722
vn -0.9312 0.3389 0.1345
vn -0.9384 0.2974 0.1759
vn -0.9418 0.3104 0.1287
vn -0.9265 0.3154 0.2051
vn -0.9323 0.3378 0.1290
vn -0.9265 0.3630 0.0987
vn -0.9373 0.3293 0.1142
vn -0.8938 0.4400 0.0871
vn -0.8901 0.4531 0.0486
vn -0.9176 0.3897 0.0783
vn -0.9311 0.3499 0.1032
vn -0.9265 0.3602 0.1091
vn -0.9294 0.3478 0.1234
vn -0.8875 0.4543 0.0773
vn -0.8808 0.4600 0.1120
vn -0.7231 0.6891 0.0474
vn -0.7511 0.6599 -0.0191
vn -0.4163 0.8952 -0.1588
vn -0.3836 0.9214 -0.0615
vn -0.3577 0.9051 0.2300
vn -0.3524 0.9086 0.2241
vn -0.3610 0.9311 0.0527
vn -0.3464 0.9361 0.0605
vn -0.3268 0.9428 0.0659
vn -0.3392 0.9146 0.2203
vn -0.1656 0.9523 0.2563
vn -0.3054 0.9196 0.2470
vn -0.1974 0.9797 0.0339
vn -0.3269 0.9440 0.0446
vn -0.1216 0.9614 0.2467
vn -0.1264 0.9915 0.0296
vn -0.3354 0.9168 0.2166
vn -0.3194 0.9450 0.0704
vn -0.3413 0.9364 -0.0812
vn -0.3304 0.9415 -0.0672
vn -0.3099 0.9345 -0.1750
vn -0.3148 0.9347 -0.1649
vn -0.3080 0.9367 -0.1665
vn -0.3133 0.9478 -0.0594
vn -0.1375 0.9830 -0.1216
vn -0.1493 0.9631 -0.2241
vn -0.1768 0.9590 -0.2213
vn -0.1996 0.9725 -0.1199
vn -0.3064 0.9503 -0.0559
vn -0.3028 0.9370 -0.1741
vn -0.3114 0.9450 -0.1004
vn -0.2712 0.9421 -0.1973
vn -0.8991 0.4374 0.0166
vn -0.7722 0.6259 -0.1092
vn -0.9110 0.4106 -0.0388
vn -0.7739 0.6089 -0.1742
vn -0.4286 0.8419 -0.3278
vn -0.4403 0.8581 -0.2642
vn -0.8858 0.4638 0.0185
vn -0.9163 0.3961 0.0585
vn -0.8893 0.4567 -0.0214
vn -0.9261 0.3767 0.0203
vn -0.9411 0.3360 0.0387
vn -0.9321 0.3534 0.0788
vn -0.9293 0.3626 0.0694
vn -0.9394 0.3420 0.0221
vn -0.9494 0.3139 0.0117
vn -0.9473 0.3204 0.0017
vn -0.9548 0.2971 -0.0070
vn -0.9475 0.3190 -0.0219
vn -0.8905 0.4446 -0.0960
vn -0.9091 0.4126 -0.0579
vn -0.7411 0.6419 -0.1968
vn -0.6947 0.6761 -0.2456
vn -0.3420 0.8562 -0.3872
vn -0.3777 0.8610 -0.3408
vn -0.8971 0.4367 -0.0673
vn -0.9361 0.3516 -0.0101
vn -0.9005 0.4240 -0.0963
vn -0.9420 0.3343 -0.0292
vn -0.9583 0.2820 -0.0463
vn -0.9454 0.3170 -0.0756
vn -0.9572 0.2474 -0.1501
vn -0.9376 0.2640 -0.2261
vn -0.8776 0.3455 -0.3323
vn -0.8836 0.4387 -0.1635
vn -0.7033 0.6388 -0.3119
vn -0.7388 0.4932 -0.4593
vn -0.4898 0.6688 -0.5593
vn -0.3844 0.8080 -0.4464
vn -0.8993 0.4199 -0.1225
vn -0.9473 0.3157 -0.0546
vn -0.8936 0.4182 -0.1629
vn -0.9479 0.2963 -0.1169
vn -0.8596 0.2298 -0.4564
vn -0.8080 0.2033 -0.5529
vn -0.5501 0.2587 -0.7940
vn -0.5107 0.2121 -0.8332
vn -0.5183 0.2081 -0.8295
vn -0.7653 0.2227 -0.6039
vn -0.7085 0.3031 -0.6373
vn -0.5548 0.2559 -0.7916
vn -0.6503 0.4428 -0.6173
vn -0.5999 0.4643 -0.6515
vn -0.8544 0.4228 -0.3020
vn -0.8978 0.2933 -0.3285
vn -0.7275 0.4460 -0.5214
vn -0.6573 0.3412 -0.6720
vn -0.3050 0.2707 -0.9131
vn -0.2428 0.2294 -0.9426
vn -0.1914 0.2605 -0.9463
vn -0.1192 0.2196 -0.9683
vn -0.1372 0.2548 -0.9572
vn -0.2597 0.2459 -0.9339
vn -0.3421 0.3096 -0.8872
vn -0.2462 0.3596 -0.9000
vn -0.4719 0.5538 -0.6860
vn -0.5253 0.4905 -0.6953
vn -0.6429 0.4978 -0.5822
vn -0.4462 0.3693 -0.8152
vn -0.5766 0.5282 -0.6233
vn -0.3558 0.3762 -0.8555
vn -0.0988 0.2403 -0.9657
vn -0.0337 0.1946 -0.9803
vn 0.0161 0.2194 -0.9755
vn 0.0270 0.2141 -0.9764
vn -0.0565 0.2975 -0.9531
vn -0.0551 0.2420 -0.9687
vn -0.2103 0.4113 -0.8869
vn -0.2569 0.5011 -0.8264
vn -0.4875 0.7031 -0.5176
vn -0.4587 0.6281 -0.6285
vn -0.4948 0.5620 -0.6628
vn -0.2646 0.3821 -0.8854
vn -0.3355 0.5692 -0.7507
vn -0.1122 0.3531 -0.9288
vn 0.0602 0.1834 -0.9812
vn 0.0277 0.2805 -0.9594
vn -0.0898 0.4733 -0.8763
vn -0.2714 0.6847 -0.6764
vn -0.4357 0.8133 -0.3856
vn -0.1613 0.4949 -0.8539
vn -0.0072 0.2446 -0.9696
vn -0.1200 0.9465 -0.2997
vn -0.2001 0.9453 -0.2577
vn -0.0409 0.9398 -0.3392
vn -0.1126 0.9464 -0.3029
vn -0.2338 0.9285 -0.2883
vn -0.2723 0.9340 -0.2314
vn -0.1464 0.9356 -0.3213
vn -0.1130 0.9220 -0.3704
vn -0.3120 0.9213 -0.2320
vn -0.3169 0.9007 -0.2972
vn -0.3359 0.8880 -0.3141
vn -0.3199 0.9144 -0.2479
vn -0.8209 0.5632 0.0945
vn -0.7257 0.6767 0.1238
vn -0.7407 0.6715 0.0200
vn -0.8325 0.5534 0.0269
vn -0.8393 0.5393 -0.0684
vn -0.8365 0.5333 -0.1262
vn -0.7770 0.6211 -0.1026
vn -0.7782 0.6070 -0.1610
vn -0.7697 0.5996 -0.2191
vn -0.8342 0.5238 -0.1725
vn -0.8234 0.5254 -0.2141
vn -0.7564 0.5951 -0.2713
vn -0.7365 0.5956 -0.3207
vn -0.8045 0.5360 -0.2560
vn -0.8404 0.5416 -0.0208
vn -0.7601 0.6481 -0.0467
vn -0.7642 0.5465 -0.3426
vn -0.6993 0.5921 -0.4005
vn -0.6239 0.7812 0.0246
vn -0.6519 0.7564 -0.0533
vn -0.4717 0.8810 0.0370
vn -0.5083 0.8597 -0.0508
vn -0.5421 0.8311 -0.1244
vn -0.6792 0.7239 -0.1210
vn -0.6691 0.6493 -0.3615
vn -0.6260 0.6367 -0.4503
vn -0.5533 0.7255 -0.4092
vn -0.4903 0.6884 -0.5344
vn -0.6984 0.6923 -0.1817
vn -0.5665 0.8007 -0.1948
vn -0.5769 0.7712 -0.2691
vn -0.7003 0.6703 -0.2455
vn -0.6017 0.7832 0.1570
vn -0.4584 0.8723 0.1703
vn -0.6895 0.6578 -0.3031
vn -0.5739 0.7469 -0.3358
vn -0.3393 0.9326 -0.1230
vn -0.3626 0.9100 -0.2009
vn -0.3726 0.8810 -0.2914
vn -0.3003 0.9393 0.1658
vn -0.2971 0.9539 0.0434
vn -0.3689 0.8518 -0.3720
vn -0.3546 0.8160 -0.4564
vn -0.3123 0.9489 -0.0446
vn -0.2980 0.7227 -0.6236
vn -0.3169 0.9101 -0.2672
vn -0.3321 0.8840 -0.3289
vn 0.0184 0.9253 -0.3789
vn -0.0518 0.9274 -0.3704
vn 0.0449 0.8914 -0.4511
vn -0.0031 0.8952 -0.4456
vn -0.1344 0.8917 -0.4322
vn -0.1989 0.9093 -0.3655
vn -0.3076 0.8795 -0.3632
vn -0.2539 0.8754 -0.4114
vn -0.3046 0.8666 -0.3953
vn -0.3349 0.8690 -0.3643
vn -0.0666 0.9204 -0.3852
vn -0.0506 0.8950 -0.4433
vn -0.3321 0.8684 -0.3682
vn -0.3251 0.8582 -0.3972
vn 0.0467 0.8630 -0.5031
vn 0.0550 0.8666 -0.4959
vn -0.0027 0.8156 -0.5786
vn 0.0877 0.8245 -0.5591
vn 0.0975 0.8313 -0.5473
vn -0.0209 0.8736 -0.4863
vn -0.0913 0.8616 -0.4993
vn -0.2029 0.7805 -0.5914
vn -0.2077 0.8656 -0.4556
vn -0.2696 0.8447 -0.4624
vn -0.0080 0.8446 -0.5353
vn -0.1044 0.8371 -0.5371
vn -0.1259 0.8733 -0.4707
vn 0.0556 0.8389 -0.5415
vn -0.1940 0.7862 -0.5867
vn -0.0437 0.8450 -0.5330
vn -0.5746 0.7607 -0.3019
vn -0.5061 0.8436 -0.1795
vn -0.4517 0.8813 -0.1388
vn 0.0353 0.8667 -0.4976
vn -0.2034 0.8123 -0.5466
vn -0.3151 0.7516 -0.5794
vn 0.0505 0.8750 -0.4815
vn -0.4534 0.8766 -0.1611
vn -0.4385 0.8620 -0.2542
vn 0.0114 0.8775 -0.4795
vn -0.4024 0.6588 -0.6357
vn -0.6591 0.6033 -0.4490
vn -0.0851 0.8604 -0.5024
vn -0.4574 0.8144 -0.3572
vn -0.7940 0.4925 -0.3564
vn -0.6958 0.5554 -0.4555
vn -0.7945 0.5391 -0.2795
vn -0.7576 0.5616 -0.3327
vn -0.7976 0.5712 -0.1937
vn -0.7913 0.5503 -0.2663
vn -0.8273 0.5558 -0.0812
vn -0.8254 0.5263 -0.2042
vn -0.8366 0.5419 0.0802
vn -0.8149 0.5376 0.2165
vn -0.8518 0.4828 0.2033
vn -0.8623 0.5038 -0.0501
vn -0.7934 0.5568 0.2458
vn -0.8025 0.4629 0.3764
vn -0.8054 0.5744 0.1462
vn -0.7967 0.4798 0.3674
vn -0.8206 0.5713 -0.0143
vn -0.7859 0.5979 -0.1575
vn -0.7700 0.5660 0.2943
vn -0.7872 0.5144 0.3402
vn -0.7311 0.6521 -0.2006
vn -0.7336 0.6338 0.2453
vn -0.6844 0.7026 -0.1950
vn -0.6890 0.7005 0.1862
vn -0.6404 0.7461 -0.1823
vn -0.6465 0.7531 0.1220
vn -0.6120 0.7761 -0.1518
vn -0.6146 0.7870 0.0536
vn -0.5172 0.8460 -0.1298
vn -0.4993 0.8664 0.0083
vn -0.7890 0.6086 0.0845
vn -0.7276 0.6325 -0.2656
vn -0.7107 0.7034 0.0088
vn -0.6235 0.6913 -0.3653
vn -0.5616 0.6773 -0.4752
vn -0.6612 0.6437 -0.3852
vn -0.6272 0.7781 -0.0342
vn -0.5290 0.7475 -0.4017
vn -0.5419 0.8325 -0.1153
vn -0.4157 0.7922 -0.4468
vn -0.3546 0.7585 -0.5468
vn -0.4721 0.7113 -0.5207
vn -0.2658 0.8110 -0.5211
vn -0.2134 0.7926 -0.5711
vn -0.4064 0.8780 -0.2527
vn -0.1660 0.6895 -0.7050
vn -0.1893 0.7605 -0.6212
vn -0.2552 0.6738 -0.6934
vn -0.3038 0.7382 -0.6023
vn -0.3383 0.6574 -0.6733
vn -0.4061 0.7165 -0.5672
vn -0.4238 0.6433 -0.6376
vn -0.4940 0.6939 -0.5239
vn -0.3344 0.7545 -0.5647
vn -0.4471 0.7210 -0.5293
vn -0.5338 0.6976 -0.4780
vn -0.2010 0.7909 -0.5781
vn -0.5151 0.6315 -0.5795
vn -0.5819 0.6672 -0.4649
vn -0.6223 0.6668 -0.4100
vn -0.7630 0.5283 0.3724
vn -0.7232 0.6027 0.3373
vn -0.6743 0.6819 0.2835
vn -0.6251 0.7539 0.2024
vn -0.5676 0.8178 0.0949
vn -0.4987 0.8657 -0.0427
vn -0.4093 0.9068 -0.1010
vn -0.0127 -0.2520 -0.9676
vn 0.1118 -0.2370 -0.9651
vn 0.1620 -0.1671 -0.9725
vn -0.1437 -0.3971 -0.9064
vn -0.0278 -0.3834 -0.9232
vn 0.0373 -0.4150 -0.9091
vn 0.1816 -0.2240 -0.9575
vn -0.0823 0.6259 -0.7756
vn -0.0763 0.7457 -0.6619
vn -0.0581 0.7587 -0.6489
vn -0.0456 0.6604 -0.7496
vn 0.3082 -0.2014 -0.9298
vn 0.3216 -0.2317 -0.9181
vn 0.2369 -0.4396 -0.8664
vn 0.2987 -0.4393 -0.8472
vn -0.5020 0.3535 -0.7893
vn -0.5164 0.3114 -0.7977
vn -0.5234 0.4015 -0.7516
vn -0.6139 0.3160 -0.7233
vn -0.6793 0.2133 -0.7022
vn -0.5389 0.2382 -0.8080
vn -0.4772 -0.1151 -0.8712
vn -0.4373 -0.1497 -0.8868
vn -0.5828 -0.1554 -0.7977
vn -0.5599 -0.2222 -0.7982
vn -0.4867 -0.3019 -0.8197
vn -0.3645 -0.1980 -0.9099
vn -0.0672 0.6775 -0.7324
vn -0.0873 0.7661 -0.6368
vn -0.1818 0.7598 -0.6242
vn -0.1505 0.6726 -0.7245
vn 0.2497 -0.2072 -0.9459
vn 0.1330 -0.4426 -0.8868
vn -0.2488 0.6423 -0.7250
vn -0.3171 0.7211 -0.6160
vn -0.4172 0.6189 -0.6655
vn -0.3034 0.6056 -0.7356
vn -0.5456 0.1625 -0.8222
vn -0.6175 0.1423 -0.7736
vn -0.5989 0.0848 -0.7963
vn -0.5416 0.0969 -0.8350
vn -0.2813 -0.2416 -0.9287
vn -0.3632 -0.3579 -0.8602
vn -0.2580 -0.3957 -0.8814
vn -0.1946 -0.2618 -0.9453
vn -0.4183 0.4803 -0.7709
vn -0.5807 0.4876 -0.6520
vn -0.7788 0.5931 -0.2044
vn -0.1287 -0.2592 -0.9572
vn -0.1553 -0.3386 -0.9280
vn -0.3918 0.5319 -0.7507
vn -0.4248 0.4959 -0.7574
vn -0.5324 0.5235 -0.6652
vn -0.5255 -0.0345 -0.8501
vn -0.5052 -0.0804 -0.8593
vn -0.6002 -0.0384 -0.7990
vn -0.5937 -0.0985 -0.7986
vn -0.5364 0.0267 -0.8436
vn -0.5994 0.0251 -0.8001
vn -0.3980 0.5892 -0.7032
vn -0.7785 0.4404 -0.4472
vn -0.8377 0.3127 -0.4478
vn -0.8053 0.4720 -0.3587
vn -0.8664 0.3507 -0.3555
vn -0.8823 0.2487 -0.3996
vn -0.8755 0.2022 -0.4389
vn -0.6890 0.5846 -0.4283
vn -0.6844 0.6170 -0.3885
vn -0.5470 0.7143 -0.4365
vn -0.5152 0.7390 -0.4341
vn -0.1880 0.8369 -0.5140
vn -0.3619 0.8045 -0.4711
vn -0.1036 0.8045 -0.5848
vn -0.3232 0.8070 -0.4944
vn -0.0482 0.8129 -0.5803
vn -0.0746 0.8301 -0.5525
vn 0.0497 0.7635 -0.6439
vn 0.0339 0.7924 -0.6090
vn -0.0821 0.8006 -0.5936
vn -0.0285 0.7430 -0.6687
vn 0.1523 0.6688 -0.7276
vn 0.0467 0.6858 -0.7263
vn 0.1363 0.6532 -0.7448
vn 0.1482 0.5653 -0.8115
vn 0.2059 0.5522 -0.8079
vn 0.1055 0.5683 -0.8160
vn 0.1889 0.4835 -0.8547
vn 0.0827 0.5025 -0.8606
vn 0.1110 0.5284 -0.8417
vn 0.0114 0.4569 -0.8894
vn 0.0892 0.3948 -0.9144
vn -0.0236 0.4447 -0.8954
vn -0.1453 0.2691 -0.9521
vn -0.1172 0.2653 -0.9570
vn -0.4484 0.0724 -0.8909
vn -0.4140 0.1281 -0.9012
vn -0.4183 0.3032 -0.8562
vn -0.2129 0.3821 -0.8993
vn -0.6728 0.0332 -0.7391
vn -0.5983 0.2203 -0.7704
vn -0.7163 -0.0508 -0.6960
vn -0.8507 -0.0383 -0.5243
vn -0.8337 0.0254 -0.5516
vn -0.7423 0.1738 -0.6472
vn -0.8487 0.0712 -0.5240
vn -0.8909 0.0951 -0.4441
vn -0.8438 0.1831 -0.5045
vn -0.3642 0.5752 -0.7325
vn -0.3091 0.5457 -0.7789
vn -0.6410 0.6104 -0.4652
vn -0.6769 0.4892 -0.5499
vn -0.6608 0.3798 -0.6473
vn -0.2636 0.5365 -0.8017
vn -0.2394 0.5887 -0.7721
vn -0.5911 0.3223 -0.7395
vn -0.4931 0.3371 -0.8020
vn -0.2477 0.6639 -0.7056
vn -0.4409 0.5936 -0.6732
vn -0.4118 0.6067 -0.6799
vn -0.4195 0.7844 -0.4569
vn -0.5463 0.7243 -0.4207
vn -0.4468 0.6453 -0.6196
vn -0.5459 0.5708 -0.6133
vn -0.3624 0.3616 -0.8590
vn -0.2920 0.3569 -0.8873
vn -0.2557 0.4095 -0.8757
vn -0.6330 0.5000 -0.5911
vn -0.5436 0.4513 -0.7077
vn -0.4834 0.5231 -0.7020
vn -0.2558 0.7112 -0.6548
vn -0.3217 0.7689 -0.5526
vn -0.6928 0.3959 -0.6027
vn -0.6202 0.4027 -0.6732
vn -0.2562 0.5498 -0.7950
vn -0.2319 0.6317 -0.7397
vn -0.6867 0.4461 -0.5740
vn -0.2600 0.4797 -0.8380
vn -0.3345 0.6853 -0.6469
vn -0.4160 0.3672 -0.8319
vn 0.0536 0.2964 -0.9535
vn 0.0935 0.4325 -0.8968
vn 0.1375 0.2883 -0.9476
vn 0.1482 0.4136 -0.8983
vn 0.1237 0.5611 -0.8184
vn 0.0904 0.5640 -0.8208
vn -0.3879 0.8399 -0.3797
vn -0.5776 0.7442 -0.3354
vn -0.3855 0.7960 -0.4667
vn -0.5847 0.6979 -0.4137
vn -0.7158 0.5843 -0.3823
vn -0.7208 0.5953 -0.3550
vn -0.7856 0.4402 -0.4347
vn -0.7479 0.4700 -0.4687
vn -0.7507 0.3314 -0.5715
vn -0.7867 0.2927 -0.5435
vn -0.5979 0.0761 -0.7979
vn -0.4312 0.0617 -0.9001
vn -0.6062 0.0503 -0.7937
vn -0.4471 0.0647 -0.8921
vn -0.2243 0.1124 -0.9680
vn -0.2443 0.0926 -0.9653
vn -0.0625 0.1713 -0.9832
vn -0.0047 0.2039 -0.9790
vn -0.0553 0.8065 -0.5887
vn -0.2068 0.8579 -0.4704
vn -0.0119 0.8011 -0.5985
vn -0.1723 0.8245 -0.5389
vn -0.7254 0.1580 -0.6699
vn -0.6959 0.1810 -0.6950
vn 0.0470 0.6986 -0.7139
vn 0.0597 0.7009 -0.7108
vn -0.0829 0.5613 -0.8234
vn -0.1396 0.7056 -0.6947
vn -0.3600 0.5174 -0.7763
vn -0.3856 0.6677 -0.6368
vn -0.5921 0.4332 -0.6795
vn -0.5957 0.5735 -0.5623
vn -0.5319 0.2634 -0.8048
vn -0.2941 0.3253 -0.8987
vn -0.0389 0.3887 -0.9205
vn 0.0180 0.6490 -0.7605
vn 0.0215 0.5845 -0.8111
vn -0.0061 0.5708 -0.8211
vn -0.0562 0.5659 -0.8225
vn -0.7906 0.0411 -0.6109
vn -0.7490 0.0050 -0.6626
vn -0.8219 -0.0595 -0.5665
vn -0.7928 -0.0576 -0.6068
vn -0.7282 -0.0729 -0.6814
vn -0.7272 -0.0486 -0.6847
vn -0.4946 0.0550 -0.8674
vn -0.5303 0.0786 -0.8442
vn -0.2228 0.2631 -0.9387
vn -0.1087 0.4224 -0.8999
vn -0.1677 0.3598 -0.9178
vn -0.2892 0.2512 -0.9237
vn -0.1130 0.5141 -0.8503
vn -0.1286 0.3984 -0.9081
vn -0.0804 0.2425 -0.9668
vn -0.0137 0.1467 -0.9891
vn -0.1299 0.2642 -0.9557
vn -0.1685 0.2940 -0.9408
vn -0.3046 0.2990 -0.9043
vn -0.3150 0.2634 -0.9118
vn -0.5467 0.2264 -0.8062
vn -0.5490 0.1389 -0.8242
vn -0.7425 -0.0269 -0.6693
vn -0.7570 -0.0720 -0.6494
vn -0.7886 -0.0396 -0.6137
vn -0.8226 -0.0189 -0.5684
vn -0.7340 0.0080 -0.6791
vn -0.7506 0.0964 -0.6536
vn 0.0489 0.1771 -0.9830
vn -0.0908 0.2862 -0.9539
vn 0.1635 0.0275 -0.9862
vn 0.1952 0.1128 -0.9743
vn 0.0461 0.2131 -0.9760
vn -0.1335 0.2477 -0.9596
vn -0.2888 0.2174 -0.9324
vn -0.2803 0.3173 -0.9059
vn -0.4249 0.2015 -0.8825
vn -0.5043 0.2891 -0.8137
vn -0.5925 0.2033 -0.7795
vn -0.7126 0.2011 -0.6721
vn -0.7271 0.1343 -0.6733
vn -0.8284 0.0892 -0.5530
vn -0.7707 0.0397 -0.6360
vn -0.8695 -0.0135 -0.4937
vn -0.7429 -0.0456 -0.6678
vn -0.8735 -0.1205 -0.4717
vn -0.8600 -0.1815 -0.4770
vn -0.8521 -0.0918 -0.5152
vn -0.7660 -0.2081 -0.6082
vn -0.7659 -0.1342 -0.6288
vn -0.6667 -0.1022 -0.7383
vn -0.8285 -0.2534 -0.4994
vn -0.5641 -0.1396 -0.8138
vn -0.7007 -0.4077 -0.5855
vn -0.7257 -0.4816 -0.4914
vn -0.8344 -0.3066 -0.4581
vn -0.6642 -0.4497 -0.5972
vn -0.7481 -0.3091 -0.5872
vn -0.4485 -0.1547 -0.8803
vn -0.4710 -0.5352 -0.7012
vn -0.3195 -0.1973 -0.9268
vn -0.2009 -0.5643 -0.8008
vn -0.2297 -0.6882 -0.6882
vn -0.5029 -0.6399 -0.5811
vn -0.1023 -0.2181 -0.9705
vn 0.1023 -0.4755 -0.8737
vn 0.1337 -0.1358 -0.9817
vn 0.3247 -0.2700 -0.9065
vn 0.2977 -0.3641 -0.8825
vn 0.0764 -0.5901 -0.8037
vn 0.2495 -0.0065 -0.9684
vn 0.3189 -0.0916 -0.9434
vn 0.2564 -0.1807 -0.9495
vn -0.1273 0.1193 -0.9847
vn -0.2142 0.1292 -0.9682
vn -0.5590 0.0746 -0.8258
vn -0.5486 -0.0186 -0.8359
vn -0.4901 -0.1444 -0.8596
vn -0.3062 0.0668 -0.9496
vn -0.3843 0.0283 -0.9228
vn -0.3202 0.1350 -0.9377
vn -0.0192 0.0522 -0.9985
vn -0.0312 0.2541 -0.9667
vn -0.1619 0.4392 -0.8837
vn -0.3319 0.2518 -0.9091
vn -0.3403 -0.0132 -0.9402
vn -0.3773 -0.2437 -0.8934
vn -0.2516 -0.2620 -0.9317
vn -0.3441 -0.0306 -0.9384
vn -0.4073 0.3047 -0.8609
vn -0.3689 0.5130 -0.7751
vn -0.5534 0.4595 -0.6947
vn -0.4765 0.2439 -0.8447
vn -0.3095 0.0627 -0.9488
vn -0.1494 0.0674 -0.9865
vn -0.6373 0.2090 -0.7417
vn -0.5844 0.1315 -0.8008
vn -0.4660 0.0346 -0.8841
vn -0.4694 0.0074 -0.8829
vn -0.1214 -0.1361 -0.9832
vn -0.0759 -0.0698 -0.9947
vn -0.4447 0.1331 -0.8858
vn -0.6454 0.3340 -0.6870
vn -0.3897 0.0107 -0.9209
vn -0.1645 -0.2085 -0.9641
vn -0.7469 0.0396 -0.6637
vn -0.7026 -0.1012 -0.7043
vn -0.7952 0.0245 -0.6059
vn -0.7447 -0.1173 -0.6570
vn -0.6215 -0.2767 -0.7329
vn -0.5872 -0.2657 -0.7646
vn -0.5765 0.5088 -0.6393
vn -0.7057 0.3792 -0.5985
vn -0.5928 0.4576 -0.6627
vn -0.7199 0.3533 -0.5974
vn -0.7809 0.2448 -0.5747
vn -0.7547 0.2490 -0.6070
vn 0.0999 -0.2311 -0.9678
vn 0.1576 -0.1119 -0.9811
vn 0.1472 -0.2504 -0.9569
vn 0.1966 -0.1205 -0.9730
vn 0.1786 0.0469 -0.9828
vn 0.1722 0.0554 -0.9835
vn -0.3954 -0.3883 -0.8324
vn -0.4173 -0.3968 -0.8176
vn -0.1828 -0.4242 -0.8869
vn -0.1824 -0.4091 -0.8941
vn 0.0961 0.2837 -0.9541
vn 0.0673 0.2515 -0.9655
vn -0.1400 0.4330 -0.8905
vn -0.0994 0.4894 -0.8664
vn -0.7592 0.1442 -0.6346
vn -0.8021 0.1380 -0.5810
vn -0.3549 0.5690 -0.7418
vn -0.3876 0.5046 -0.7715
vn -0.0078 -0.3390 -0.9407
vn 0.0190 -0.3592 -0.9331
vn -0.7064 0.0239 -0.7074
vn -0.7045 -0.0765 -0.7056
vn -0.4435 0.0118 -0.8962
vn -0.5792 -0.1575 -0.7998
vn -0.2919 -0.2473 -0.9239
vn -0.0957 -0.2631 -0.9600
vn -0.0801 -0.1598 -0.9839
vn -0.2888 0.2304 -0.9292
vn -0.4295 0.3411 -0.8362
vn -0.5676 0.2659 -0.7792
vn -0.6993 0.1579 -0.6972
vn -0.7562 0.1132 -0.6445
vn -0.0842 0.0184 -0.9963
vn -0.0916 0.1625 -0.9824
vn -0.4386 -0.2881 -0.8512
vn 0.0278 -0.0955 -0.9950
vn -0.6821 0.2589 -0.6839
vn -0.3059 -0.6168 -0.7252
vn -0.4932 -0.5689 -0.6581
vn -0.2497 -0.4725 -0.8452
vn -0.2101 -0.4930 -0.8443
vn -0.2258 -0.5402 -0.8107
vn -0.0896 -0.5132 -0.8536
vn 0.2383 -0.2609 -0.9355
vn 0.2608 -0.3052 -0.9159
vn 0.0620 -0.2405 -0.9687
vn 0.0317 -0.1153 -0.9928
vn -0.0865 -0.2191 -0.9719
vn -0.1003 -0.3364 -0.9364
vn 0.0594 -0.0985 -0.9934
vn -0.0319 -0.1670 -0.9854
vn -0.1033 -0.2393 -0.9654
vn -0.1905 -0.3158 -0.9295
vn -0.2222 -0.4214 -0.8792
vn -0.1262 -0.2900 -0.9487
vn -0.2674 -0.3897 -0.8813
vn -0.0950 -0.3226 -0.9418
vn -0.2844 -0.4699 -0.8356
vn -0.3099 -0.5584 -0.7695
vn -0.2946 -0.4815 -0.8254
vn -0.2032 -0.5663 -0.7988
vn -0.2086 -0.6717 -0.7108
vn -0.0360 -0.3409 -0.9394
vn 0.0051 -0.3755 -0.9268
vn -0.0408 -0.6466 -0.7617
vn -0.0060 -0.7471 -0.6646
vn 0.0835 -0.3947 -0.9150
vn 0.1467 -0.6632 -0.7339
vn 0.1997 -0.7456 -0.6357
vn 0.2612 -0.6574 -0.7068
vn 0.1152 -0.6709 -0.7325
vn -0.1870 -0.5626 -0.8053
vn -0.0593 -0.6427 -0.7639
vn -0.2267 -0.5020 -0.8346
vn -0.2264 -0.4802 -0.8474
vn 0.1124 -0.0893 -0.9896
vn 0.1779 -0.2220 -0.9587
vn 0.1131 -0.0652 -0.9914
vn -0.1513 -0.4514 -0.8794
vn 0.0278 -0.3913 -0.9198
vn -0.0965 -0.6114 -0.7854
vn 0.1311 -0.4824 -0.8661
vn 0.2063 -0.3359 -0.9190
vn 0.2301 -0.2174 -0.9486
vn 0.1693 -0.2066 -0.9637
vn 0.4320 -0.3544 -0.8293
vn 0.4229 -0.2759 -0.8632
vn 0.4526 -0.2051 -0.8678
vn 0.1425 -0.2116 -0.9669
vn 0.1856 -0.1861 -0.9648
vn 0.4943 -0.0986 -0.8637
vn 0.5084 0.0469 -0.8599
vn 0.2450 -0.1110 -0.9631
vn 0.1199 0.0627 -0.9908
vn 0.0046 0.0932 -0.9956
vn 0.1923 0.3743 -0.9072
vn -0.0442 0.4504 -0.8917
vn 0.2338 -0.0120 -0.9722
vn 0.4124 0.2182 -0.8845
vn 0.2527 -0.2683 -0.9296
vn 0.3858 -0.4530 -0.8037
vn 0.4799 -0.0082 -0.8773
vn 0.4184 0.2106 -0.8835
vn 0.1958 0.2656 -0.9440
vn 0.4498 -0.3677 -0.8139
vn 0.5253 -0.3050 -0.7943
vn 0.5043 -0.2237 -0.8340
vn -0.0213 0.4119 -0.9110
vn 0.5662 -0.1070 -0.8173
vn 0.4025 -0.4741 -0.7831
vn -0.8143 -0.2650 0.5165
vn -0.7221 -0.2339 0.6510
vn -0.6479 0.0303 0.7612
vn -0.3288 0.1117 0.9378
vn -0.4887 -0.4833 0.7263
vn -0.3517 -0.4874 0.7992
vn -0.4851 -0.4214 0.7663
vn -0.2739 -0.3262 0.9048
vn -0.4889 -0.3917 0.7794
vn -0.3831 -0.3693 0.8467
vn -0.4126 -0.3211 0.8524
vn -0.1738 -0.2187 0.9602
vn 0.1938 0.3342 0.9223
vn -0.2158 -0.3191 0.9228
vn 0.1634 0.2354 0.9581
vn -0.2035 -0.5212 0.8288
vn -0.0787 0.2882 0.9543
vn -0.6378 -0.2549 0.7268
vn -0.6973 -0.3618 0.6188
vn -0.4479 0.4026 -0.7983
vn -0.6574 0.3865 -0.6469
vn -0.9201 0.1578 -0.3586
vn -0.8352 0.2728 -0.4776
vn -0.9500 0.0558 -0.3072
vn -0.9417 -0.0380 -0.3343
vn -0.8478 -0.4269 -0.3147
vn -0.9031 -0.1788 -0.3904
vn -0.7959 -0.5886 -0.1420
vn -0.8185 -0.5745 0.0005
vn -0.8275 -0.5110 0.2328
vn -0.8389 -0.5333 0.1089
vn -0.7862 -0.4611 0.4114
vn -0.8449 0.5334 -0.0400
vn -0.8580 0.0713 -0.5086
vn -0.8397 0.3692 -0.3983
vn -0.6528 0.4029 -0.6415
vn -0.6663 0.1836 -0.7227
vn 0.0929 -0.3508 0.9318
vn -0.2268 -0.2651 0.9372
vn -0.2341 -0.3843 0.8930
vn -0.7505 -0.3347 0.5699
vn -0.7321 -0.0368 0.6802
vn -0.8900 0.0877 0.4475
vn -0.9115 -0.2603 0.3186
vn -0.9679 -0.0474 -0.2470
vn -0.9464 0.3006 -0.1181
vn -0.4098 0.2789 -0.8685
vn -0.4025 0.3981 -0.8243
vn -0.0929 0.3508 -0.9318
vn -0.5176 -0.3775 0.7678
vn -0.5041 -0.1583 0.8490
vn -0.9862 -0.1615 0.0376
vn -0.9636 0.2038 0.1728
vn -0.7017 0.6418 -0.3094
vn -0.5512 0.6036 -0.5761
vn -0.1715 -0.1559 0.9728
vn -0.5941 0.2358 0.7691
vn -0.7287 0.4062 0.5513
vn -0.7852 0.6191 -0.0142
vn -0.3472 0.5073 -0.7888
vn -0.4025 0.0424 0.9144
vn -0.7944 0.5380 0.2818
vn -0.4523 0.6467 0.6142
vn -0.5042 0.7904 0.3479
vn -0.4650 0.8476 -0.2555
vn -0.3770 0.7550 -0.5364
vn -0.0768 -0.0735 0.9943
vn -0.3574 0.4416 0.8230
vn -0.5087 0.8596 0.0487
vn -0.2525 0.5896 -0.7672
vn -0.2283 0.1939 0.9541
vn -0.1568 0.8343 -0.5286
vn -0.1327 0.6327 -0.7629
vn 0.0430 -0.0304 0.9986
vn -0.0081 0.2731 0.9619
vn -0.1026 0.7725 0.6267
vn -0.1373 0.9224 0.3610
vn -0.1658 0.9553 -0.2448
vn -0.0582 0.5492 0.8336
vn -0.1590 0.9854 0.0612
vn 0.2247 0.2681 0.9368
vn 0.2581 0.5424 0.7995
vn 0.2505 0.9140 0.3191
vn 0.2105 0.9774 0.0213
vn 0.0760 0.8292 -0.5537
vn -0.0061 0.6300 -0.7766
vn 0.1696 -0.0332 0.9849
vn 0.2669 0.7644 0.5868
vn 0.1505 0.9484 -0.2790
vn 0.5437 0.8368 -0.0649
vn 0.4357 0.8281 -0.3527
vn 0.1081 0.5818 -0.8061
vn 0.4346 0.1795 0.8825
vn 0.5433 0.4220 0.7257
vn 0.6002 0.7664 0.2287
vn 0.2860 0.7407 -0.6080
vn 0.2838 -0.0814 0.9554
vn 0.6001 0.6238 0.5007
vn 0.7540 0.2065 0.6236
vn 0.8463 0.3721 0.3813
vn 0.7899 0.5850 -0.1842
vn 0.6464 0.6126 -0.4549
vn 0.1924 0.4955 -0.8470
vn 0.5897 0.0209 0.8074
vn 0.8585 0.5022 0.1034
vn 0.4410 0.5820 -0.6832
vn 0.3681 -0.1676 0.9145
vn 0.7505 0.3347 -0.5699
vn 0.5176 0.3775 -0.7678
vn 0.4098 -0.2789 0.8685
vn 0.8580 -0.0713 0.5086
vn 0.9679 0.0474 0.2470
vn 0.9115 0.2603 -0.3186
vn 0.2341 0.3843 -0.8930
vn 0.6663 -0.1836 0.7227
vn 0.9862 0.1615 -0.0376
vn 0.4025 -0.3981 0.8243
vn 0.6528 -0.4029 0.6415
vn 0.9464 -0.3006 0.1181
vn 0.9636 -0.2038 -0.1728
vn 0.7321 0.0368 -0.6802
vn 0.5041 0.1583 -0.8490
vn 0.8397 -0.3692 0.3983
vn 0.8900 -0.0877 -0.4475
vn 0.2268 0.2651 -0.9372
vn 0.7944 -0.5380 -0.2818
vn 0.7287 -0.4062 -0.5513
vn 0.4025 -0.0424 -0.9144
vn 0.1715 0.1559 -0.9728
vn 0.3472 -0.5073 0.7888
vn 0.5512 -0.6036 0.5761
vn 0.7852 -0.6191 0.0142
vn 0.5941 -0.2358 -0.7691
vn 0.7017 -0.6418 0.3094
vn 0.0768 0.0735 -0.9943
vn 0.3770 -0.7550 0.5364
vn 0.4650 -0.8476 0.2555
vn 0.5042 -0.7904 -0.3479
vn 0.4523 -0.6467 -0.6142
vn 0.2283 -0.1939 -0.9541
vn 0.2525 -0.5896 0.7672
vn 0.5087 -0.8596 -0.0487
vn 0.3574 -0.4416 -0.8229
vn 0.1026 -0.7725 -0.6267
vn 0.0582 -0.5492 -0.8336
vn -0.0430 0.0305 -0.9986
vn 0.1568 -0.8343 0.5286
vn 0.1658 -0.9553 0.2449
vn 0.1373 -0.9224 -0.3610
vn 0.0081 -0.2731 -0.9620
vn 0.1327 -0.6327 0.7629
vn 0.1590 -0.9854 -0.0612
vn 0.0061 -0.6300 0.7766
vn -0.1505 -0.9484 0.2790
vn -0.2105 -0.9774 -0.0213
vn -0.2669 -0.7644 -0.5868
vn -0.2581 -0.5424 -0.7995
vn -0.1696 0.0332 -0.9849
vn -0.0761 -0.8292 0.5537
vn -0.2505 -0.9140 -0.3191
vn -0.2247 -0.2681 -0.9368
vn -0.5437 -0.8368 0.0649
vn -0.6002 -0.7664 -0.2287
vn -0.5433 -0.4220 -0.7257
vn -0.4346 -0.1795 -0.8825
vn -0.1081 -0.5818 0.8061
vn -0.4357 -0.8281 0.3527
vn -0.6001 -0.6238 -0.5007
vn -0.2838 0.0814 -0.9554
vn -0.2860 -0.7407 0.6080
vn -0.5897 -0.0209 -0.8074
vn -0.3681 0.1676 -0.9145
vn -0.1924 -0.4956 0.8470
vn -0.4410 -0.5820 0.6832
vn -0.7899 -0.5850 0.1842
vn -0.8585 -0.5022 -0.1034
vn -0.7540 -0.2065 -0.6236
vn -0.6464 -0.6126 0.4549
vn -0.8463 -0.3721 -0.3813
vn -0.3770 0.7550 -0.5365
vn -0.0989 0.7741 0.6253
vn -0.1331 0.9226 0.3621
vn -0.0570 0.5505 0.8329
vn -0.1573 0.9855 0.0630
vn 0.2255 0.2684 0.9366
vn 0.2724 0.5513 0.7886
vn 0.2856 0.9018 0.3244
vn 0.2300 0.9725 0.0361
vn 0.2992 0.7666 0.5682
vn 0.1536 0.9485 -0.2772
vn 0.5561 0.8306 -0.0297
vn 0.4382 0.8289 -0.3476
vn 0.4352 0.1806 0.8820
vn 0.5542 0.4440 0.7040
vn 0.6092 0.7528 0.2492
vn 0.6098 0.6392 0.4687
vn 0.7555 0.2293 0.6137
vn 0.8328 0.4087 0.3733
vn 0.7896 0.5936 -0.1554
vn 0.6465 0.6147 -0.4519
vn 0.5896 0.0217 0.8074
vn 0.8423 0.5227 0.1318
vn 0.7505 0.3348 -0.5698
vn 0.8594 -0.0659 0.5071
vn 0.9671 0.0596 0.2472
vn 0.9127 0.2632 -0.3125
vn 0.9849 0.1707 -0.0296
vn -0.1697 0.0332 -0.9849
vn 0.8336 0.2155 -0.5086
vn 0.6256 0.2937 -0.7227
vn 0.5752 0.5076 -0.6415
vn 0.7651 0.5060 -0.3983
vn -0.0322 -0.3615 0.9318
vn 0.2958 -0.3392 0.8930
vn 0.2683 -0.2229 0.9372
vn 0.7963 -0.2029 0.5699
vn 0.9424 -0.1024 0.3186
vn 0.8623 0.2371 0.4475
vn 0.7278 0.0876 0.6802
vn 0.9619 0.1170 -0.2470
vn 0.8819 0.4564 -0.1181
vn 0.3567 0.3442 -0.8685
vn 0.0322 0.3615 -0.9318
vn 0.3293 0.4605 -0.8243
vn 0.5740 -0.2845 0.7678
vn 0.5236 -0.0707 0.8490
vn 0.9993 0.0077 0.0376
vn 0.9153 0.3639 0.1728
vn 0.4411 0.6881 -0.5761
vn 0.5829 0.7513 -0.3094
vn 0.1954 -0.1247 0.9728
vn 0.6495 0.5237 0.5513
vn 0.5456 0.3329 0.7691
vn 0.6691 0.7431 -0.0142
vn 0.2564 0.5587 -0.7888
vn 0.3895 0.1099 0.9144
vn 0.6919 0.6647 0.2818
vn 0.3632 0.8643 0.3479
vn 0.3363 0.7139 0.6142
vn 0.2438 0.8079 -0.5364
vn 0.3149 0.9141 -0.2555
vn 0.0881 -0.0595 0.9943
vn 0.2776 0.4957 0.8230
vn 0.3559 0.9333 0.0487
vn 0.1491 0.6239 -0.7672
vn 0.1922 0.2297 0.9541
vn 0.0237 0.6461 -0.7629
vn 0.0133 0.8488 -0.5286
vn -0.0382 0.2705 0.9619
vn -0.0373 -0.0373 0.9986
vn -0.0249 0.9318 0.3621
vn -0.0335 0.7796 0.6253
vn 0.0017 0.9696 -0.2448
vn -0.0370 0.5522 0.8329
vn -0.0117 0.9979 0.0630
vn -0.3618 0.4972 0.7886
vn -0.2677 0.2263 0.9366
vn -0.3912 0.9196 0.0361
vn -0.4340 0.8405 0.3244
vn -0.1006 0.6219 -0.7766
vn -0.2153 0.8044 -0.5537
vn -0.1616 -0.0614 0.9849
vn -0.4246 0.7049 0.5683
vn -0.3119 0.9088 -0.2772
vn -0.5722 0.7428 -0.3476
vn -0.6886 0.7245 -0.0297
vn -0.2050 0.5551 -0.8061
vn -0.6214 0.3438 0.7040
vn -0.4595 0.1043 0.8820
vn -0.7278 0.6389 0.2492
vn -0.4072 0.6816 -0.6080
vn -0.2660 -0.1282 0.9554
vn -0.7092 0.5267 0.4687
vn -0.8900 0.2619 0.3733
vn -0.7834 0.0981 0.6137
vn -0.7412 0.4964 -0.4519
vn -0.8787 0.4515 -0.1554
vn -0.2735 0.4558 -0.8470
vn -0.5848 -0.0784 0.8074
vn -0.9186 0.3727 0.1318
vn -0.5332 0.4990 -0.6832
vn -0.3345 -0.2275 0.9145
vn -0.5740 0.2845 -0.7678
vn -0.7963 0.2030 -0.5698
vn -0.3567 -0.3442 0.8685
vn -0.9633 -0.1049 0.2472
vn -0.8358 -0.2103 0.5071
vn -0.9441 0.1049 -0.3125
vn -0.2958 0.3392 -0.8930
vn -0.6256 -0.2937 0.7227
vn -0.9996 0.0016 -0.0296
vn -0.5752 -0.5076 0.6415
vn -0.3293 -0.4605 0.8243
vn -0.9153 -0.3639 -0.1728
vn -0.8819 -0.4564 0.1181
vn -0.5236 0.0707 -0.8490
vn -0.7278 -0.0876 -0.6802
vn -0.7651 -0.5060 0.3983
vn -0.8623 -0.2371 -0.4475
vn -0.2683 0.2229 -0.9372
vn -0.6495 -0.5237 -0.5513
vn -0.6919 -0.6647 -0.2818
vn -0.1954 0.1247 -0.9728
vn -0.3895 -0.1099 -0.9144
vn -0.4411 -0.6881 0.5761
vn -0.2564 -0.5587 0.7888
vn -0.6691 -0.7431 0.0142
vn -0.5456 -0.3329 -0.7691
vn -0.5829 -0.7513 0.3094
vn -0.0881 0.0595 -0.9943
vn -0.3149 -0.9141 0.2555
vn -0.2438 -0.8079 0.5364
vn -0.3363 -0.7139 -0.6142
vn -0.3632 -0.8643 -0.3479
vn -0.1922 -0.2297 -0.9541
vn -0.1491 -0.6239 0.7672
vn -0.3559 -0.9333 -0.0487
vn -0.2776 -0.4957 -0.8229
vn 0.0356 -0.5512 -0.8336
vn 0.0296 -0.7787 -0.6267
vn 0.0372 0.0373 -0.9986
vn -0.0017 -0.9696 0.2449
vn -0.0133 -0.8488 0.5286
vn 0.0208 -0.9323 -0.3610
vn 0.0382 -0.2705 -0.9620
vn -0.0237 -0.6461 0.7629
vn 0.0100 -0.9981 -0.0612
vn 0.1006 -0.6219 0.7766
vn 0.3729 -0.9276 -0.0213
vn 0.3089 -0.9093 0.2790
vn 0.3462 -0.4909 -0.7995
vn 0.3924 -0.7083 -0.5868
vn 0.1616 0.0614 -0.9849
vn 0.2153 -0.8044 0.5537
vn 0.4016 -0.8584 -0.3191
vn 0.2668 -0.2262 -0.9368
vn 0.7213 -0.6538 -0.2287
vn 0.6775 -0.7327 0.0649
vn 0.4587 -0.1033 -0.8825
vn 0.6069 -0.3240 -0.7257
vn 0.2050 -0.5551 0.8061
vn 0.5696 -0.7424 0.3527
vn 0.6970 -0.5133 -0.5007
vn 0.2659 0.1282 -0.9554
vn 0.4072 -0.6816 0.6080
vn 0.3345 0.2275 -0.9145
vn 0.5847 0.0792 -0.8074
vn 0.5332 -0.4990 0.6832
vn 0.2735 -0.4558 0.8470
vn 0.9311 -0.3497 -0.1034
vn 0.8775 -0.4429 0.1842
vn 0.7780 -0.0760 -0.6236
vn 0.7407 -0.4944 0.4549
vn 0.8970 -0.2235 -0.3813
vt 0.481089 0.094123
vt 0.481073 0.069675
vt 0.513774 0.067034
vt 0.517874 0.090470
vt 0.481054 0.047517
vt 0.509767 0.046502
vt 0.528669 0.044270
vt 0.539043 0.057631
vt 0.547766 0.077510
vt 0.533390 0.028847
vt 0.552310 0.040257
vt 0.533945 0.007406
vt 0.557728 0.017884
vt 0.574173 0.034668
vt 0.566908 0.058041
vt 0.554363 -0.006757
vt 0.573300 0.007565
vt 0.530080 -0.014974
vt 0.525448 -0.029710
vt 0.540728 -0.030640
vt 0.561177 -0.023925
vt 0.506368 -0.037428
vt 0.514417 -0.047676
vt 0.481278 -0.041639
vt 0.481245 -0.054822
vt 0.480402 -0.061045
vt 0.526354 -0.052242
vt 0.506135 -0.020451
vt 0.481296 -0.022838
vt 0.508895 0.001825
vt 0.481205 0.000276
vt 0.509442 0.024840
vt 0.481060 0.024308
vt 0.517179 0.109495
vt 0.481139 0.112728
vt 0.549476 0.100291
vt 0.546925 0.118262
vt 0.515841 0.124273
vt 0.481217 0.127378
vt 0.574826 0.081327
vt 0.575847 0.109470
vt 0.586419 0.056005
vt 0.603241 0.086329
vt 0.585996 0.023044
vt 0.574447 -0.012781
vt 0.582618 -0.005528
vt 0.600905 0.034770
vt 0.534372 -0.049823
vt 0.538622 -0.042195
vt 0.479689 -0.058901
vt 0.480776 -0.051626
vt 0.481233 -0.022035
vt 0.481256 -0.017147
vt 0.536876 -0.009074
vt 0.538059 -0.013112
vt 0.481187 -0.011476
vt 0.535029 -0.003145
vt 0.583466 0.022383
vt 0.587601 0.016858
vt 0.589463 0.013277
vt 0.481118 -0.006834
vt 0.531978 0.005635
vt 0.481239 -0.008361
vt 0.531228 0.011057
vt 0.566481 0.042984
vt 0.576102 0.032571
vt 0.598580 0.075577
vt 0.614957 0.064127
vt 0.632796 0.108325
vt 0.648979 0.093596
vt 0.660549 0.084901
vt 0.623970 0.054962
vt 0.651095 0.073325
vt 0.631264 0.080428
vt 0.613267 0.037232
vt 0.621572 0.037773
vt 0.587243 -0.001231
vt 0.589232 0.002066
vt 0.666624 0.074401
vt 0.661962 0.072135
vt 0.626266 0.040203
vt 0.628695 0.042786
vt 0.590033 0.004974
vt 0.590369 0.007660
vt 0.481076 -0.045139
vt 0.539521 -0.035590
vt 0.481131 -0.039998
vt 0.539859 -0.029870
vt 0.515160 0.139904
vt 0.481215 0.140942
vt 0.543861 0.136809
vt 0.541955 0.159950
vt 0.516053 0.153545
vt 0.481159 0.151429
vt 0.573416 0.137989
vt 0.570224 0.168398
vt 0.605415 0.136681
vt 0.606150 0.179981
vt 0.642223 0.125761
vt 0.675350 0.110699
vt 0.695441 0.144454
vt 0.653138 0.163878
vt 0.639749 0.225094
vt 0.682280 0.212285
vt 0.695103 0.238181
vt 0.651659 0.248325
vt 0.731682 0.195264
vt 0.746458 0.226064
vt 0.756796 0.261779
vt 0.704761 0.269586
vt 0.662537 0.277122
vt 0.710642 0.306206
vt 0.672688 0.311871
vt 0.761562 0.300368
vt 0.765436 0.342881
vt 0.716356 0.345751
vt 0.682990 0.349627
vt 0.772471 0.383947
vt 0.726515 0.385822
vt 0.782785 0.422583
vt 0.742645 0.425895
vt 0.703346 0.435536
vt 0.693838 0.387958
vt 0.764710 0.465230
vt 0.737651 0.481885
vt 0.796156 0.457889
vt 0.806210 0.481343
vt 0.789260 0.497521
vt 0.767261 0.529666
vt 0.722018 0.130865
vt 0.701829 0.138931
vt 0.725337 0.159999
vt 0.749393 0.153288
vt 0.677581 0.156750
vt 0.696407 0.178257
vt 0.718628 0.205714
vt 0.751133 0.187875
vt 0.777277 0.181721
vt 0.746228 0.243945
vt 0.779720 0.227216
vt 0.770007 0.282895
vt 0.802421 0.268651
vt 0.825711 0.261943
vt 0.805045 0.220772
vt 0.786219 0.330218
vt 0.787743 0.349977
vt 0.820770 0.344477
vt 0.818665 0.321630
vt 0.787795 0.378002
vt 0.820825 0.374759
vt 0.844880 0.374016
vt 0.844853 0.343733
vt 0.842202 0.318550
vt 0.637578 0.351288
vt 0.644778 0.379249
vt 0.624661 0.377622
vt 0.620307 0.351057
vt 0.648128 0.402059
vt 0.627091 0.400566
vt 0.602651 0.406862
vt 0.600056 0.377832
vt 0.598514 0.349615
vt 0.569630 0.376794
vt 0.569946 0.347728
vt 0.574207 0.399075
vt 0.545976 0.391070
vt 0.538995 0.371959
vt 0.538868 0.347194
vt 0.516688 0.382436
vt 0.513084 0.364480
vt 0.481146 0.377611
vt 0.481110 0.361861
vt 0.481167 0.346523
vt 0.511206 0.346997
vt 0.481249 0.330935
vt 0.512989 0.329777
vt 0.481249 0.315836
vt 0.516261 0.314277
vt 0.546317 0.311929
vt 0.542016 0.327618
vt 0.573069 0.309519
vt 0.571387 0.327345
vt 0.594993 0.305491
vt 0.595719 0.326568
vt 0.628833 0.321216
vt 0.645518 0.317289
vt 0.656231 0.351504
vt 0.621240 0.292503
vt 0.635363 0.285418
vt 0.606514 0.243924
vt 0.597000 0.223296
vt 0.604749 0.216624
vt 0.615781 0.235971
vt 0.584149 0.205821
vt 0.589159 0.199204
vt 0.626356 0.205282
vt 0.581103 0.211570
vt 0.564991 0.200879
vt 0.565315 0.192994
vt 0.578876 0.217896
vt 0.567308 0.213177
vt 0.547423 0.208606
vt 0.544460 0.193032
vt 0.542879 0.182506
vt 0.516115 0.174004
vt 0.515867 0.164232
vt 0.542283 0.173186
vt 0.481088 0.170105
vt 0.481048 0.160648
vt 0.480955 0.202345
vt 0.518770 0.204412
vt 0.520499 0.231616
vt 0.481082 0.230280
vt 0.550211 0.233953
vt 0.551590 0.262090
vt 0.520824 0.261366
vt 0.481060 0.260589
vt 0.551464 0.291620
vt 0.519813 0.293560
vt 0.481020 0.293930
vt 0.614316 0.266762
vt 0.625455 0.258408
vt 0.667741 0.190140
vt 0.714293 0.170391
vt 0.590660 0.257103
vt 0.574340 0.260961
vt 0.571682 0.234849
vt 0.585294 0.233311
vt 0.594300 0.281570
vt 0.576438 0.287099
vt 0.522239 0.403298
vt 0.481358 0.396371
vt 0.555358 0.411940
vt 0.563489 0.449930
vt 0.523152 0.430101
vt 0.481274 0.423907
vt 0.580949 0.418154
vt 0.599608 0.425666
vt 0.600939 0.447556
vt 0.588941 0.443652
vt 0.710585 0.507389
vt 0.692931 0.475093
vt 0.730457 0.551573
vt 0.709123 0.560604
vt 0.697363 0.522753
vt 0.684042 0.494811
vt 0.748030 0.593022
vt 0.721012 0.598118
vt 0.779008 0.579786
vt 0.792471 0.623324
vt 0.759831 0.632139
vt 0.730306 0.632695
vt 0.771506 0.671318
vt 0.738553 0.663611
vt 0.805860 0.667693
vt 0.819695 0.707717
vt 0.783327 0.704352
vt 0.743132 0.694290
vt 0.827551 0.741080
vt 0.794033 0.735723
vt 0.837665 0.762038
vt 0.805464 0.759159
vt 0.773183 0.760989
vt 0.756709 0.729564
vt 0.822500 0.481209
vt 0.809375 0.510429
vt 0.830155 0.474054
vt 0.815343 0.508673
vt 0.809168 0.545120
vt 0.802417 0.543132
vt 0.835283 0.455145
vt 0.834968 0.446176
vt 0.819531 0.473992
vt 0.820046 0.486644
vt 0.832696 0.437671
vt 0.816515 0.452798
vt 0.783433 0.477571
vt 0.802417 0.504873
vt 0.808516 0.519995
vt 0.818158 0.415480
vt 0.785723 0.419394
vt 0.840112 0.410349
vt 0.847080 0.414808
vt 0.836945 0.452025
vt 0.862756 0.398083
vt 0.848914 0.437628
vt 0.860738 0.381665
vt 0.855869 0.376658
vt 0.847936 0.412558
vt 0.850729 0.418918
vt 0.863239 0.323607
vt 0.866873 0.328208
vt 0.862365 0.301508
vt 0.858471 0.297318
vt 0.866682 0.331480
vt 0.862352 0.301123
vt 0.851732 0.265897
vt 0.852535 0.268571
vt 0.847935 0.265065
vt 0.827121 0.224171
vt 0.818842 0.221155
vt 0.839363 0.261733
vt 0.798245 0.185152
vt 0.790797 0.182575
vt 0.667986 0.078698
vt 0.668330 0.076650
vt 0.629641 0.045304
vt 0.629426 0.047741
vt 0.590317 0.010366
vt 0.481175 -0.035542
vt 0.539775 -0.025039
vt 0.481202 -0.031280
vt 0.539321 -0.020987
vt 0.737147 0.128821
vt 0.704313 0.104224
vt 0.700707 0.106013
vt 0.732074 0.129121
vt 0.665885 0.081060
vt 0.693056 0.109134
vt 0.767888 0.154489
vt 0.761530 0.153148
vt 0.677452 0.117918
vt 0.657970 0.133968
vt 0.695982 0.101534
vt 0.726718 0.129511
vt 0.704286 0.100924
vt 0.738759 0.127551
vt 0.755247 0.153396
vt 0.784264 0.178644
vt 0.770463 0.154258
vt 0.801717 0.185129
vt 0.813981 0.213228
vt 0.834921 0.254627
vt 0.830840 0.224142
vt 0.862864 0.388261
vt 0.867306 0.356268
vt 0.864397 0.350502
vt 0.867280 0.362676
vt 0.781950 0.310464
vt 0.813840 0.299059
vt 0.836496 0.293710
vt 0.845187 0.294983
vt 0.848991 0.334151
vt 0.850034 0.373870
vt 0.605777 0.468903
vt 0.599001 0.470436
vt 0.616544 0.488080
vt 0.613885 0.492261
vt 0.601541 0.506075
vt 0.584708 0.479463
vt 0.634044 0.509138
vt 0.631071 0.521394
vt 0.632577 0.502119
vt 0.647865 0.510038
vt 0.652996 0.520770
vt 0.653527 0.536395
vt 0.666264 0.508321
vt 0.675533 0.503522
vt 0.689440 0.527480
vt 0.680766 0.526035
vt 0.698053 0.558746
vt 0.688205 0.551233
vt 0.605655 0.274424
vt 0.609947 0.299260
vt 0.599958 0.251101
vt 0.517233 0.186512
vt 0.481157 0.182829
vt 0.567407 0.184756
vt 0.592363 0.228806
vt 0.613778 0.324268
vt 0.666098 0.384228
vt 0.670678 0.411795
vt 0.665008 0.429324
vt 0.646556 0.419995
vt 0.678312 0.445091
vt 0.666260 0.452402
vt 0.656454 0.441848
vt 0.642157 0.435377
vt 0.679085 0.464501
vt 0.673301 0.481062
vt 0.666970 0.476623
vt 0.668413 0.465711
vt 0.658157 0.511440
vt 0.650043 0.504963
vt 0.656723 0.500860
vt 0.641596 0.505355
vt 0.636032 0.498793
vt 0.644248 0.497002
vt 0.651191 0.491626
vt 0.608149 0.471094
vt 0.616416 0.487123
vt 0.604607 0.453411
vt 0.608006 0.460111
vt 0.610725 0.475794
vt 0.615908 0.486474
vt 0.607882 0.435698
vt 0.615837 0.422192
vt 0.619806 0.432704
vt 0.614726 0.443917
vt 0.628525 0.499099
vt 0.623189 0.494716
vt 0.628876 0.417852
vt 0.628391 0.432872
vt 0.624656 0.448109
vt 0.620652 0.464124
vt 0.637403 0.450559
vt 0.633733 0.466418
vt 0.618857 0.482314
vt 0.633102 0.483816
vt 0.650549 0.467134
vt 0.656861 0.459956
vt 0.658644 0.471258
vt 0.649991 0.477809
vt 0.659608 0.483593
vt 0.649258 0.453594
vt 0.644328 0.466417
vt 0.626274 0.534499
vt 0.599246 0.527294
vt 0.651342 0.551067
vt 0.642311 0.565763
vt 0.615075 0.544861
vt 0.591834 0.539962
vt 0.596545 0.550428
vt 0.581033 0.544893
vt 0.609184 0.562566
vt 0.580886 0.559374
vt 0.575898 0.550102
vt 0.568890 0.543150
vt 0.555878 0.544885
vt 0.555023 0.538035
vt 0.555980 0.553503
vt 0.534052 0.541347
vt 0.538009 0.533028
vt 0.542440 0.527402
vt 0.522048 0.515066
vt 0.532571 0.512757
vt 0.511550 0.523596
vt 0.481213 0.502237
vt 0.510381 0.494896
vt 0.526949 0.497253
vt 0.531774 0.473224
vt 0.510679 0.464271
vt 0.516895 0.450014
vt 0.541938 0.462591
vt 0.481236 0.461230
vt 0.481222 0.445191
vt 0.507282 0.539498
vt 0.481155 0.532070
vt 0.531794 0.553091
vt 0.527562 0.573773
vt 0.504034 0.569324
vt 0.480446 0.567454
vt 0.507256 0.478483
vt 0.527091 0.484147
vt 0.481256 0.477178
vt 0.549253 0.477628
vt 0.538923 0.484856
vt 0.561899 0.476952
vt 0.558678 0.489042
vt 0.550661 0.492103
vt 0.541663 0.498155
vt 0.532862 0.493613
vt 0.532285 0.503746
vt 0.535789 0.505999
vt 0.536220 0.512779
vt 0.551979 0.534236
vt 0.560637 0.539442
vt 0.543350 0.525819
vt 0.543217 0.525368
vt 0.547437 0.530357
vt 0.551296 0.534468
vt 0.567434 0.543336
vt 0.576413 0.539776
vt 0.553157 0.537005
vt 0.561613 0.535895
vt 0.581863 0.525576
vt 0.581567 0.508116
vt 0.567894 0.519215
vt 0.571214 0.509586
vt 0.536236 0.515095
vt 0.539248 0.519364
vt 0.573473 0.489991
vt 0.564377 0.499109
vt 0.555926 0.506334
vt 0.544363 0.513508
vt 0.542339 0.524106
vt 0.541510 0.522132
vt 0.542857 0.524842
vt 0.555659 0.564122
vt 0.552723 0.579526
vt 0.581656 0.571771
vt 0.577033 0.588251
vt 0.610754 0.579299
vt 0.601960 0.599601
vt 0.641266 0.590330
vt 0.631213 0.618144
vt 0.698010 0.599828
vt 0.693237 0.576091
vt 0.705956 0.590037
vt 0.714884 0.618420
vt 0.673208 0.564453
vt 0.673612 0.583567
vt 0.671780 0.545421
vt 0.642440 0.482204
vt 0.664986 0.492927
vt 0.667817 0.525173
vt 0.703560 0.623588
vt 0.674408 0.604833
vt 0.709779 0.650517
vt 0.673568 0.627049
vt 0.723354 0.644299
vt 0.728201 0.669500
vt 0.700698 0.664794
vt 0.672413 0.648213
vt 0.697223 0.682185
vt 0.669941 0.671695
vt 0.645469 0.674712
vt 0.639693 0.648655
vt 0.670351 0.699767
vt 0.649373 0.701654
vt 0.695218 0.703139
vt 0.698028 0.727762
vt 0.670261 0.725177
vt 0.648896 0.726994
vt 0.692005 0.749075
vt 0.666959 0.748062
vt 0.688519 0.766272
vt 0.661475 0.763790
vt 0.638162 0.763807
vt 0.645576 0.749292
vt 0.678844 0.794485
vt 0.669137 0.810298
vt 0.636630 0.803937
vt 0.645483 0.790412
vt 0.653194 0.828998
vt 0.624811 0.816659
vt 0.602235 0.806563
vt 0.611834 0.799864
vt 0.619943 0.789445
vt 0.606690 0.832095
vt 0.588833 0.813825
vt 0.629257 0.849813
vt 0.600899 0.871918
vt 0.586453 0.844313
vt 0.573861 0.820275
vt 0.539429 0.826221
vt 0.549504 0.851377
vt 0.533305 0.851339
vt 0.524207 0.827175
vt 0.556120 0.877329
vt 0.538554 0.873902
vt 0.520950 0.879220
vt 0.515558 0.852211
vt 0.508757 0.827219
vt 0.498332 0.853682
vt 0.494283 0.827896
vt 0.500157 0.878813
vt 0.481193 0.879591
vt 0.481338 0.854126
vt 0.481335 0.827654
vt 0.513605 0.899086
vt 0.499126 0.900047
vt 0.512872 0.914776
vt 0.501474 0.918397
vt 0.481197 0.928172
vt 0.481204 0.901284
vt 0.513541 0.934164
vt 0.506135 0.945597
vt 0.520576 0.927062
vt 0.532168 0.934755
vt 0.530578 0.943734
vt 0.528028 0.955676
vt 0.545287 0.936161
vt 0.548651 0.945731
vt 0.556077 0.930350
vt 0.564173 0.939444
vt 0.576093 0.953887
vt 0.551480 0.958322
vt 0.562638 0.918819
vt 0.572127 0.924634
vt 0.564988 0.904905
vt 0.574926 0.907708
vt 0.589350 0.911441
vt 0.584800 0.931431
vt 0.566452 0.850180
vt 0.556833 0.822085
vt 0.573627 0.874779
vt 0.563806 0.892263
vt 0.575725 0.892543
vt 0.594134 0.894378
vt 0.558139 0.916168
vt 0.560013 0.903822
vt 0.551836 0.926154
vt 0.548866 0.923798
vt 0.554770 0.914929
vt 0.555783 0.904096
vt 0.542423 0.930220
vt 0.531893 0.929142
vt 0.530432 0.926017
vt 0.539814 0.927161
vt 0.518507 0.899517
vt 0.518427 0.912449
vt 0.526142 0.887738
vt 0.526086 0.891484
vt 0.520308 0.900835
vt 0.519953 0.911148
vt 0.523251 0.922624
vt 0.523024 0.920135
vt 0.557836 0.893383
vt 0.550907 0.885774
vt 0.553451 0.895298
vt 0.547516 0.889489
vt 0.538577 0.883465
vt 0.536977 0.887634
vt 0.536349 0.924660
vt 0.544647 0.921958
vt 0.527987 0.922335
vt 0.526788 0.918501
vt 0.533403 0.918773
vt 0.539483 0.918076
vt 0.534023 0.892024
vt 0.526057 0.895522
vt 0.542589 0.892826
vt 0.537965 0.895439
vt 0.531048 0.896012
vt 0.525951 0.898553
vt 0.550010 0.913891
vt 0.550470 0.904379
vt 0.539601 0.913027
vt 0.539942 0.905806
vt 0.521612 0.902695
vt 0.521181 0.910415
vt 0.523630 0.903117
vt 0.523144 0.910593
vt 0.523528 0.916954
vt 0.524968 0.915062
vt 0.547924 0.897456
vt 0.539460 0.900470
vt 0.530407 0.901960
vt 0.530661 0.905817
vt 0.532244 0.913732
vt 0.502884 0.965356
vt 0.481183 0.960780
vt 0.526563 0.971715
vt 0.525925 0.995521
vt 0.502565 0.992486
vt 0.481140 0.991188
vt 0.503710 1.027602
vt 0.481032 1.028408
vt 0.527880 1.025421
vt 0.529406 1.059088
vt 0.504448 1.061575
vt 0.481098 1.062398
vt 0.815716 0.765037
vt 0.783471 0.767103
vt 0.849391 0.769465
vt 0.852951 0.776234
vt 0.819506 0.769489
vt 0.788634 0.767780
vt 0.810361 0.773206
vt 0.784627 0.768359
vt 0.843027 0.781838
vt 0.822785 0.786320
vt 0.791023 0.773387
vt 0.771937 0.766871
vt 0.782934 0.780618
vt 0.766173 0.769198
vt 0.752313 0.777184
vt 0.741077 0.762299
vt 0.734775 0.754685
vt 0.754094 0.762260
vt 0.716926 0.754655
vt 0.716775 0.744461
vt 0.718107 0.769518
vt 0.746207 0.759341
vt 0.758312 0.764228
vt 0.731513 0.752288
vt 0.728865 0.752340
vt 0.739442 0.758712
vt 0.746641 0.764390
vt 0.702894 0.713309
vt 0.707641 0.729880
vt 0.702490 0.697495
vt 0.705979 0.711540
vt 0.706823 0.722698
vt 0.710910 0.734693
vt 0.759501 0.772811
vt 0.741200 0.756587
vt 0.763750 0.771067
vt 0.745363 0.776722
vt 0.740832 0.778412
vt 0.727423 0.757790
vt 0.717930 0.742827
vt 0.718697 0.744660
vt 0.707458 0.686535
vt 0.716617 0.683326
vt 0.713975 0.702604
vt 0.708576 0.704177
vt 0.764084 0.767781
vt 0.747606 0.771009
vt 0.736041 0.730945
vt 0.731236 0.708116
vt 0.726127 0.738295
vt 0.723173 0.720103
vt 0.725105 0.691312
vt 0.719605 0.707941
vt 0.709189 0.729771
vt 0.712011 0.738298
vt 0.708232 0.722345
vt 0.709448 0.730804
vt 0.710418 0.735864
vt 0.712502 0.742044
vt 0.714741 0.720236
vt 0.711504 0.716430
vt 0.717282 0.729360
vt 0.712237 0.736505
vt 0.711219 0.728873
vt 0.710475 0.724369
vt 0.733865 0.774010
vt 0.729025 0.778778
vt 0.734589 0.765760
vt 0.723116 0.764956
vt 0.719039 0.770367
vt 0.713239 0.770074
vt 0.720503 0.771276
vt 0.720044 0.758208
vt 0.712998 0.763943
vt 0.715251 0.757051
vt 0.709012 0.717602
vt 0.709446 0.727098
vt 0.719136 0.743466
vt 0.713567 0.747612
vt 0.717340 0.746237
vt 0.724471 0.752880
vt 0.716103 0.748583
vt 0.720682 0.753230
vt 0.731063 0.758990
vt 0.722486 0.758192
vt 0.709632 0.734578
vt 0.709893 0.738764
vt 0.709632 0.742716
vt 0.710021 0.747634
vt 0.710070 0.753249
vt 0.710526 0.758178
vt 0.711493 0.750966
vt 0.711104 0.742878
vt 0.712951 0.752541
vt 0.712899 0.747609
vt 0.716048 0.753649
vt 0.715392 0.758811
vt 0.712790 0.760184
vt 0.812056 0.584660
vt 0.805862 0.581426
vt 0.819571 0.629950
vt 0.815789 0.626801
vt 0.826818 0.680409
vt 0.825751 0.676211
vt 0.837011 0.735097
vt 0.839039 0.721082
vt 0.850290 0.770711
vt 0.848369 0.754925
vt 0.865035 0.793209
vt 0.859920 0.775595
vt 0.885880 0.807153
vt 0.877287 0.786356
vt 0.901962 0.814207
vt 0.884963 0.793056
vt 0.910609 0.815209
vt 0.882194 0.797140
vt 0.914347 0.817176
vt 0.877112 0.802431
vt 0.916252 0.832724
vt 0.914902 0.841796
vt 0.889236 0.832434
vt 0.884678 0.821328
vt 0.911344 0.850878
vt 0.892943 0.844158
vt 0.869249 0.844033
vt 0.859088 0.827012
vt 0.848359 0.813030
vt 0.819827 0.809300
vt 0.802143 0.794425
vt 0.835930 0.800014
vt 0.799283 0.808589
vt 0.780320 0.793404
vt 0.757768 0.812411
vt 0.715798 0.801323
vt 0.718536 0.784771
vt 0.750467 0.790645
vt 0.684754 0.780387
vt 0.716276 0.856891
vt 0.684403 0.842230
vt 0.703571 0.820380
vt 0.733349 0.830471
vt 0.842988 0.841804
vt 0.833713 0.825205
vt 0.822967 0.845922
vt 0.813363 0.825619
vt 0.916110 0.824332
vt 0.879404 0.811327
vt 0.653982 0.776847
vt 0.628563 0.776773
vt 0.658921 0.862533
vt 0.635072 0.881075
vt 0.686743 0.872970
vt 0.663485 0.889378
vt 0.613098 0.778793
vt 0.622555 0.766700
vt 0.604389 0.789879
vt 0.592966 0.789710
vt 0.601429 0.780843
vt 0.610377 0.770093
vt 0.596283 0.797620
vt 0.587360 0.801768
vt 0.577829 0.800955
vt 0.585905 0.796831
vt 0.590456 0.615951
vt 0.570045 0.603528
vt 0.608667 0.632766
vt 0.597263 0.646834
vt 0.581167 0.632094
vt 0.563318 0.620997
vt 0.633352 0.706131
vt 0.630314 0.680658
vt 0.632884 0.730170
vt 0.619889 0.736004
vt 0.620736 0.714029
vt 0.617490 0.690208
vt 0.629871 0.751372
vt 0.616779 0.755283
vt 0.548080 0.810358
vt 0.562628 0.807963
vt 0.533442 0.813089
vt 0.530366 0.807775
vt 0.543139 0.806501
vt 0.555664 0.804797
vt 0.622627 0.655573
vt 0.609621 0.667152
vt 0.575884 0.805073
vt 0.567605 0.802985
vt 0.547696 0.594695
vt 0.524601 0.588139
vt 0.543418 0.612691
vt 0.522248 0.606214
vt 0.519006 0.815141
vt 0.505160 0.816375
vt 0.504582 0.809054
vt 0.517308 0.808541
vt 0.502437 0.583301
vt 0.481132 0.580711
vt 0.501691 0.601400
vt 0.481525 0.598787
vt 0.492754 0.816944
vt 0.481288 0.816975
vt 0.481312 0.809238
vt 0.492683 0.809317
vt 0.560242 0.805592
vt 0.569279 0.802680
vt 0.549706 0.807217
vt 0.543953 0.813271
vt 0.552756 0.810030
vt 0.560239 0.806767
vt 0.607307 0.724977
vt 0.604549 0.704473
vt 0.606999 0.745263
vt 0.591561 0.756365
vt 0.592570 0.739915
vt 0.591435 0.723554
vt 0.538744 0.808575
vt 0.527511 0.809865
vt 0.524368 0.816758
vt 0.534214 0.815455
vt 0.576027 0.798371
vt 0.582726 0.793198
vt 0.566460 0.803577
vt 0.572352 0.799059
vt 0.597610 0.684180
vt 0.587074 0.666299
vt 0.587269 0.704531
vt 0.579382 0.689790
vt 0.590715 0.786036
vt 0.598947 0.776309
vt 0.578359 0.792040
vt 0.584533 0.783371
vt 0.501505 0.624762
vt 0.481239 0.622618
vt 0.521855 0.629388
vt 0.517851 0.656681
vt 0.499555 0.653727
vt 0.481262 0.652304
vt 0.516006 0.810649
vt 0.504390 0.811027
vt 0.503759 0.818221
vt 0.514263 0.817641
vt 0.604589 0.762410
vt 0.589398 0.770851
vt 0.573313 0.653040
vt 0.557598 0.643520
vt 0.567612 0.677239
vt 0.554315 0.667980
vt 0.492791 0.811126
vt 0.481222 0.810960
vt 0.481084 0.818543
vt 0.492625 0.818572
vt 0.540694 0.636010
vt 0.538275 0.661071
vt 0.572347 0.779533
vt 0.574410 0.768312
vt 0.568457 0.789330
vt 0.548931 0.794891
vt 0.551994 0.787861
vt 0.553431 0.780599
vt 0.557925 0.709582
vt 0.547679 0.704802
vt 0.565682 0.718117
vt 0.546005 0.745712
vt 0.539385 0.740022
vt 0.530485 0.737488
vt 0.491699 0.826859
vt 0.502177 0.825992
vt 0.481038 0.826949
vt 0.481008 0.826851
vt 0.489682 0.826894
vt 0.498092 0.825703
vt 0.543403 0.815251
vt 0.549533 0.811604
vt 0.535849 0.818279
vt 0.524094 0.819289
vt 0.529852 0.816523
vt 0.534479 0.813030
vt 0.576648 0.755468
vt 0.575194 0.742065
vt 0.555418 0.772136
vt 0.553788 0.762403
vt 0.527929 0.820742
vt 0.519707 0.822875
vt 0.511859 0.823166
vt 0.518227 0.821564
vt 0.531475 0.699803
vt 0.515192 0.696433
vt 0.519572 0.734584
vt 0.505504 0.736070
vt 0.554154 0.807729
vt 0.558455 0.802833
vt 0.538428 0.809296
vt 0.541157 0.805372
vt 0.571756 0.729654
vt 0.551497 0.752548
vt 0.563350 0.796579
vt 0.545914 0.800404
vt 0.498767 0.685548
vt 0.481481 0.683070
vt 0.493309 0.733328
vt 0.481043 0.734195
vt 0.511470 0.824548
vt 0.505157 0.824705
vt 0.531428 0.792469
vt 0.525899 0.788587
vt 0.523405 0.797301
vt 0.481145 0.792974
vt 0.520699 0.761711
vt 0.508920 0.764538
vt 0.520028 0.770370
vt 0.487323 0.818687
vt 0.491493 0.815300
vt 0.481089 0.815577
vt 0.515902 0.812249
vt 0.514427 0.808373
vt 0.507882 0.812188
vt 0.533086 0.782088
vt 0.525571 0.779830
vt 0.507458 0.815786
vt 0.500151 0.814207
vt 0.505015 0.757277
vt 0.494514 0.760990
vt 0.521927 0.807167
vt 0.518786 0.803736
vt 0.530513 0.769829
vt 0.527063 0.801465
vt 0.488792 0.754604
vt 0.480989 0.759636
vt 0.498357 0.817616
vt 0.658806 0.905517
vt 0.646089 0.908254
vt 0.638883 0.902591
vt 0.645734 0.925295
vt 0.636859 0.921010
vt 0.626362 0.918865
vt 0.481419 -0.010650
vt 0.532650 0.007400
vt 0.481307 0.032413
vt 0.517231 0.037013
vt 0.552434 0.050184
vt 0.573442 0.032834
vt 0.588450 0.072861
vt 0.609671 0.063986
vt 0.621461 0.101097
vt 0.638745 0.095782
vt 0.659389 0.123743
vt 0.647039 0.127225
vt 0.666982 0.151063
vt 0.675748 0.148689
vt 0.690134 0.173519
vt 0.707006 0.205320
vt 0.689453 0.175493
vt 0.708638 0.208391
vt 0.728289 0.248238
vt 0.728948 0.251103
vt 0.744493 0.296612
vt 0.746508 0.290565
vt 0.751411 0.328530
vt 0.756209 0.320019
vt 0.757026 0.350304
vt 0.761586 0.340453
vt 0.761667 0.371020
vt 0.765885 0.360077
vt 0.767004 0.399388
vt 0.770471 0.388252
vt 0.773693 0.432290
vt 0.772378 0.442343
vt 0.776154 0.495112
vt 0.775127 0.486761
vt 0.804108 0.561554
vt 0.809220 0.576241
vt 0.809306 0.535160
vt 0.805793 0.608849
vt 0.814746 0.622045
vt 0.805871 0.657196
vt 0.819011 0.671348
vt 0.801851 0.697217
vt 0.820178 0.714218
vt 0.758222 0.589272
vt 0.751889 0.632922
vt 0.781819 0.644639
vt 0.787625 0.597934
vt 0.741704 0.663231
vt 0.771433 0.681338
vt 0.766698 0.538355
vt 0.791596 0.548532
vt 0.857705 0.346108
vt 0.855809 0.319853
vt 0.771687 0.155670
vt 0.802836 0.187356
vt 0.739923 0.128690
vt 0.705817 0.102761
vt 0.627958 0.050463
vt 0.832160 0.227218
vt 0.850228 0.293720
vt 0.851079 0.426887
vt 0.833538 0.464610
vt 0.818105 0.498925
vt 0.481211 -0.026646
vt 0.538719 -0.016998
vt 0.707082 0.706957
vt 0.697525 0.718915
vt 0.719770 0.743199
vt 0.732138 0.729746
vt 0.687265 0.731889
vt 0.706908 0.757975
vt 0.718593 0.780384
vt 0.737862 0.764602
vt 0.757400 0.751875
vt 0.675615 0.744697
vt 0.691914 0.772464
vt 0.658314 0.758914
vt 0.670159 0.786864
vt 0.681356 0.814164
vt 0.703533 0.796712
vt 0.641934 0.802996
vt 0.651541 0.830849
vt 0.632296 0.775778
vt 0.601037 0.793636
vt 0.609178 0.820293
vt 0.617369 0.848147
vt 0.576536 0.836841
vt 0.583295 0.863636
vt 0.567747 0.809827
vt 0.537092 0.824360
vt 0.544490 0.850412
vt 0.549751 0.875750
vt 0.508317 0.833327
vt 0.512903 0.858624
vt 0.481145 0.836986
vt 0.481244 0.861198
vt 0.481218 0.885166
vt 0.515772 0.882994
vt 0.505489 0.816777
vt 0.481203 0.819759
vt 0.531475 0.809049
vt 0.524726 0.795212
vt 0.502068 0.800223
vt 0.481233 0.803053
vt 0.560523 0.797417
vt 0.552013 0.788721
vt 0.591244 0.782302
vt 0.584033 0.780677
vt 0.620854 0.764693
vt 0.645391 0.747857
vt 0.644651 0.752951
vt 0.617049 0.767772
vt 0.662602 0.734610
vt 0.661822 0.741213
vt 0.675218 0.723949
vt 0.675056 0.730952
vt 0.723813 0.688466
vt 0.732351 0.679272
vt 0.719257 0.677481
vt 0.711626 0.686315
vt 0.730479 0.662424
vt 0.731772 0.670151
vt 0.719976 0.684825
vt 0.713649 0.690765
vt 0.746349 0.635378
vt 0.748905 0.643389
vt 0.761802 0.595044
vt 0.765335 0.602303
vt 0.772226 0.543621
vt 0.775090 0.550528
vt 0.808324 0.805522
vt 0.783160 0.776350
vt 0.755490 0.784177
vt 0.769792 0.807524
vt 0.724909 0.794932
vt 0.733202 0.813796
vt 0.797419 0.838521
vt 0.815393 0.853428
vt 0.832736 0.826371
vt 0.779958 0.860280
vt 0.795520 0.877760
vt 0.805569 0.891786
vt 0.829026 0.869736
vt 0.848292 0.844523
vt 0.886210 0.879710
vt 0.865987 0.862783
vt 0.842276 0.885477
vt 0.859188 0.898182
vt 0.814002 0.904029
vt 0.826841 0.916011
vt 0.882839 0.908468
vt 0.908081 0.892588
vt 0.858553 0.919759
vt 0.879831 0.923368
vt 0.903076 0.913683
vt 0.923718 0.897696
vt 0.924793 0.900125
vt 0.927316 0.898496
vt 0.910195 0.913383
vt 0.909532 0.912665
vt 0.889376 0.923488
vt 0.890871 0.922285
vt 0.911496 0.900091
vt 0.918877 0.901114
vt 0.905709 0.911541
vt 0.900025 0.908771
vt 0.889060 0.920452
vt 0.884759 0.916705
vt 0.922940 0.876167
vt 0.932867 0.872372
vt 0.927737 0.889586
vt 0.918991 0.890527
vt 0.939514 0.868541
vt 0.934313 0.886413
vt 0.941550 0.864929
vt 0.936827 0.883149
vt 0.940115 0.861312
vt 0.934934 0.879870
vt 0.910215 0.847865
vt 0.902051 0.864239
vt 0.922952 0.875303
vt 0.930865 0.856555
vt 0.884880 0.834379
vt 0.878633 0.846591
vt 0.862571 0.816433
vt 0.858233 0.827646
vt 0.828636 0.772631
vt 0.823272 0.785157
vt 0.842302 0.807395
vt 0.846056 0.795019
vt 0.809371 0.752570
vt 0.800462 0.764672
vt 0.781634 0.732681
vt 0.771260 0.741951
vt 0.686356 0.713433
vt 0.696281 0.703455
vt 0.700054 0.707356
vt 0.688192 0.719240
vt 0.715799 0.697006
vt 0.742594 0.719130
vt 0.751633 0.710140
vt 0.848674 0.926034
vt 0.860834 0.929091
vt 0.829742 0.927629
vt 0.840708 0.933525
vt 0.869051 0.930303
vt 0.871506 0.929469
vt 0.848194 0.935637
vt 0.850707 0.935261
vt 0.870505 0.927520
vt 0.866668 0.923412
vt 0.849486 0.933511
vt 0.845878 0.929061
vt 0.896475 0.851555
vt 0.889209 0.852271
vt 0.906273 0.857463
vt 0.899806 0.860471
vt 0.905417 0.876627
vt 0.913052 0.876909
vt 0.910617 0.888261
vt 0.903980 0.884840
vt 0.904169 0.896341
vt 0.898693 0.891377
vt 0.860636 0.866799
vt 0.862052 0.853357
vt 0.873496 0.855995
vt 0.873399 0.866606
vt 0.877702 0.852384
vt 0.882421 0.857364
vt 0.882287 0.861857
vt 0.881884 0.868906
vt 0.835814 0.870549
vt 0.848011 0.868969
vt 0.849121 0.882585
vt 0.836532 0.882811
vt 0.862287 0.881883
vt 0.869731 0.894763
vt 0.852766 0.897087
vt 0.833467 0.897424
vt 0.795308 0.826666
vt 0.782445 0.809264
vt 0.804429 0.844922
vt 0.788934 0.850041
vt 0.779816 0.830121
vt 0.771040 0.796564
vt 0.786142 0.875736
vt 0.786399 0.864095
vt 0.796680 0.866320
vt 0.795641 0.875472
vt 0.800857 0.859205
vt 0.806738 0.863587
vt 0.806285 0.868537
vt 0.806074 0.875195
vt 0.759562 0.834275
vt 0.746274 0.838857
vt 0.756479 0.854086
vt 0.740643 0.852414
vt 0.764195 0.877024
vt 0.774485 0.876394
vt 0.774911 0.888941
vt 0.764172 0.888707
vt 0.786716 0.887343
vt 0.792912 0.901149
vt 0.775940 0.904549
vt 0.759234 0.903825
vt 0.770688 0.836994
vt 0.772321 0.850943
vt 0.716874 0.882055
vt 0.714998 0.874231
vt 0.722806 0.872695
vt 0.721725 0.881213
vt 0.727369 0.865016
vt 0.731622 0.868402
vt 0.730034 0.873338
vt 0.729397 0.879702
vt 0.713122 0.906293
vt 0.687183 0.917912
vt 0.674756 0.907708
vt 0.690226 0.895597
vt 0.671868 0.925654
vt 0.660767 0.922953
vt 0.703954 0.883318
vt 0.714234 0.890329
vt 0.739712 0.878390
vt 0.739995 0.884085
vt 0.729390 0.886294
vt 0.749938 0.877249
vt 0.749798 0.883906
vt 0.748189 0.888947
vt 0.739830 0.889795
vt 0.731130 0.890726
vt 0.757331 0.885799
vt 0.757324 0.876924
vt 0.752688 0.894175
vt 0.738704 0.910067
vt 0.738993 0.898950
vt 0.725924 0.896062
vt 0.738808 0.860913
vt 0.749278 0.862696
vt 0.746281 0.866444
vt 0.739047 0.866983
vt 0.815313 0.874439
vt 0.815568 0.879351
vt 0.806312 0.881051
vt 0.823225 0.873055
vt 0.823801 0.879289
vt 0.822705 0.884115
vt 0.815181 0.884817
vt 0.807308 0.885834
vt 0.809895 0.856351
vt 0.819286 0.857773
vt 0.818467 0.862742
vt 0.813122 0.862895
vt 0.829598 0.881188
vt 0.828984 0.872003
vt 0.826442 0.889116
vt 0.813685 0.903563
vt 0.813495 0.895031
vt 0.801121 0.891067
vt 0.894182 0.873226
vt 0.888464 0.871305
vt 0.888726 0.865907
vt 0.893931 0.868205
vt 0.888159 0.860476
vt 0.892776 0.863918
vt 0.887274 0.895892
vt 0.886557 0.889210
vt 0.895366 0.886072
vt 0.876761 0.886834
vt 0.881793 0.881717
vt 0.887579 0.881785
vt 0.892911 0.882004
vt 0.887383 0.855605
vt 0.895308 0.862486
vt 0.898718 0.881152
vt 0.899400 0.875166
vt 0.893941 0.877810
vt 0.892785 0.902658
vt 0.877400 0.907903
vt 0.860074 0.913033
vt 0.840197 0.917404
vt 0.822556 0.933833
vt 0.817976 0.920747
vt 0.800035 0.938051
vt 0.796437 0.923257
vt 0.778306 0.926137
vt 0.781008 0.942490
vt 0.763196 0.947110
vt 0.760947 0.929114
vt 0.743085 0.951642
vt 0.740223 0.932618
vt 0.718838 0.954799
vt 0.715892 0.934471
vt 0.691127 0.936816
vt 0.692589 0.956272
vt 0.668963 0.959695
vt 0.669627 0.941259
vt 0.654948 0.945783
vt 0.644049 0.952144
vt 0.653281 0.966219
vt 0.642933 0.974547
vt 0.626922 0.998653
vt 0.619195 1.011468
vt 0.618121 0.985981
vt 0.626306 0.976137
vt 0.608596 1.022060
vt 0.608516 0.990458
vt 0.609673 0.962574
vt 0.619449 0.959798
vt 0.625774 0.958276
vt 0.634575 0.985774
vt 0.634575 0.963521
vt 0.632433 0.943777
vt 0.626403 0.938400
vt 0.616586 0.939142
vt 0.609256 0.915242
vt 0.619046 0.897904
vt 0.595967 0.960290
vt 0.601633 0.937154
vt 0.595221 0.985029
vt 0.576803 0.977197
vt 0.595134 1.007568
vt 0.577598 0.998319
vt 0.552566 0.995370
vt 0.552275 0.974370
vt 0.591527 1.021950
vt 0.577631 1.020257
vt 0.596091 1.037081
vt 0.579945 1.043370
vt 0.554713 1.022218
vt 0.558285 1.051605
vt 0.507214 1.090892
vt 0.481230 1.092779
vt 0.534814 1.085260
vt 0.538608 1.104061
vt 0.511593 1.111608
vt 0.481374 1.114727
vt 0.560398 1.074844
vt 0.564079 1.091323
vt 0.582096 1.063449
vt 0.584661 1.077689
vt 0.598658 1.053586
vt 0.610880 1.041962
vt 0.612181 1.051073
vt 0.600567 1.065000
vt 0.670606 0.967560
vt 0.652686 0.975227
vt 0.673864 0.969060
vt 0.654850 0.978091
vt 0.643256 0.991069
vt 0.641869 0.986342
vt 0.635222 1.005076
vt 0.634046 0.998932
vt 0.628166 1.019985
vt 0.626973 1.012864
vt 0.619539 1.027555
vt 0.620689 1.035645
vt 0.630883 1.022830
vt 0.623646 1.037983
vt 0.636068 1.019675
vt 0.629163 1.033407
vt 0.620970 1.048020
vt 0.615337 1.053342
vt 0.638084 1.007261
vt 0.643190 1.004264
vt 0.646368 0.991776
vt 0.651657 0.988418
vt 0.658297 0.977572
vt 0.676964 0.966941
vt 0.680303 0.962920
vt 0.662686 0.973915
vt 0.784166 0.949922
vt 0.766335 0.955515
vt 0.803411 0.944656
vt 0.805655 0.946924
vt 0.786682 0.952295
vt 0.768901 0.957570
vt 0.747141 0.961412
vt 0.722979 0.966741
vt 0.749910 0.963335
vt 0.726461 0.968328
vt 0.695597 0.966280
vt 0.699436 0.968005
vt 0.826191 0.939226
vt 0.827922 0.941262
vt 0.786438 0.951286
vt 0.769041 0.956059
vt 0.804881 0.946458
vt 0.800007 0.942845
vt 0.782646 0.947171
vt 0.766084 0.951613
vt 0.702060 0.966069
vt 0.728037 0.965988
vt 0.727084 0.960577
vt 0.703315 0.960995
vt 0.826148 0.941201
vt 0.819770 0.938167
vt 0.750380 0.961265
vt 0.748145 0.956481
vt 0.667454 0.966378
vt 0.658277 0.979943
vt 0.683077 0.955453
vt 0.686715 0.945089
vt 0.672319 0.954978
vt 0.664999 0.967119
vt 0.638433 1.021294
vt 0.630018 1.035413
vt 0.644582 1.008897
vt 0.653952 0.992715
vt 0.649080 1.004091
vt 0.641277 1.018701
vt 0.650895 0.994669
vt 0.659122 0.980112
vt 0.666775 0.963477
vt 0.662588 0.974713
vt 0.671495 0.951811
vt 0.678186 0.935964
vt 0.673621 0.946738
vt 0.669885 0.957125
vt 0.678311 0.940988
vt 0.691631 0.932913
vt 0.696851 0.920463
vt 0.685305 0.926402
vt 0.658366 0.985117
vt 0.651085 1.000070
vt 0.666080 0.966977
vt 0.658983 0.982414
vt 0.678726 0.931793
vt 0.675113 0.942019
vt 0.683433 0.921286
vt 0.684534 0.911560
vt 0.680658 0.922274
vt 0.677418 0.932605
vt 0.690245 0.912077
vt 0.700344 0.905923
vt 0.697399 0.893497
vt 0.689571 0.901748
vt 0.671670 0.951836
vt 0.664625 0.967901
vt 0.674233 0.942244
vt 0.667529 0.958325
vt 0.674979 0.920444
vt 0.674306 0.931000
vt 0.676284 0.909302
vt 0.661190 0.917341
vt 0.660115 0.928542
vt 0.659810 0.939114
vt 0.678579 0.898772
vt 0.682676 0.887769
vt 0.661155 0.893544
vt 0.662315 0.906522
vt 0.672847 0.940629
vt 0.666718 0.955398
vt 0.661585 0.948506
vt 0.660757 0.957380
vt 0.639523 0.945732
vt 0.640182 0.955618
vt 0.639722 0.934672
vt 0.615357 0.956446
vt 0.616620 0.967689
vt 0.618460 0.977692
vt 0.639908 0.924058
vt 0.636850 0.915554
vt 0.611461 0.936335
vt 0.614169 0.945372
vt 0.642942 0.964158
vt 0.646926 0.971950
vt 0.621570 0.986369
vt 0.625507 0.995095
vt 0.591006 0.989049
vt 0.593328 0.999672
vt 0.589270 0.977376
vt 0.558927 0.996016
vt 0.560284 1.007699
vt 0.562085 1.018772
vt 0.587849 0.965362
vt 0.586136 0.955612
vt 0.557039 0.973961
vt 0.557576 0.983273
vt 0.596355 1.009518
vt 0.599970 1.020022
vt 0.564629 1.030262
vt 0.568514 1.043714
vt 0.523017 1.021304
vt 0.524076 1.032256
vt 0.521895 1.010338
vt 0.481199 1.017086
vt 0.481179 1.026715
vt 0.481197 1.037831
vt 0.522039 1.000978
vt 0.523778 0.995111
vt 0.481231 1.008170
vt 0.481237 1.010870
vt 0.524956 1.043975
vt 0.526758 1.058930
vt 0.481200 1.049671
vt 0.481189 1.063924
vt 0.743563 0.949308
vt 0.724214 0.952261
vt 0.760337 0.944980
vt 0.754916 0.937372
vt 0.739322 0.940495
vt 0.722256 0.941712
vt 0.703611 0.952713
vt 0.704648 0.942121
vt 0.775564 0.940630
vt 0.791272 0.936273
vt 0.782845 0.928456
vt 0.768795 0.933114
vt 0.603853 1.069395
vt 0.609221 1.065851
vt 0.592359 1.084236
vt 0.587801 1.084940
vt 0.636165 1.023390
vt 0.626857 1.039603
vt 0.643290 1.007561
vt 0.621132 1.035740
vt 0.615440 1.049343
vt 0.608070 1.063413
vt 0.648024 0.994168
vt 0.650274 0.984127
vt 0.626627 1.013305
vt 0.624806 1.023788
vt 0.617217 1.054750
vt 0.599789 1.076168
vt 0.626919 1.003915
vt 0.649993 0.977643
vt 0.578034 1.094889
vt 0.571414 1.100523
vt 0.585837 1.085324
vt 0.558346 1.104362
vt 0.551771 1.110958
vt 0.545595 1.114264
vt 0.601311 1.030426
vt 0.601199 1.041050
vt 0.570777 1.056007
vt 0.571206 1.067227
vt 0.592556 1.073794
vt 0.597192 1.062012
vt 0.568241 1.086277
vt 0.564170 1.095703
vt 0.567604 1.100523
vt 0.541855 1.112499
vt 0.599926 1.051289
vt 0.570466 1.076915
vt 0.526169 1.113909
vt 0.522577 1.119328
vt 0.528818 1.106291
vt 0.481172 1.114640
vt 0.481239 1.120886
vt 0.481209 1.125236
vt 0.512833 1.121137
vt 0.515241 1.123902
vt 0.481198 1.127462
vt 0.481201 1.124400
vt 0.529920 1.098102
vt 0.530550 1.088556
vt 0.481168 1.097079
vt 0.481201 1.106501
vt 0.518728 1.123112
vt 0.481223 1.127446
vt 0.529602 1.075524
vt 0.481224 1.085354
vt 0.809255 0.931645
vt 0.799545 0.923249
vt 0.738314 0.930832
vt 0.723343 0.931098
vt 0.752299 0.928786
vt 0.750646 0.918690
vt 0.738328 0.919858
vt 0.725259 0.919554
vt 0.765189 0.924828
vt 0.778097 0.919896
vt 0.774618 0.910381
vt 0.762642 0.915374
vt 0.707552 0.930952
vt 0.710932 0.919061
vt 0.792993 0.913829
vt 0.787815 0.903586
vt 0.735868 0.905162
vt 0.724897 0.904432
vt 0.746339 0.904974
vt 0.736013 0.886054
vt 0.727192 0.886604
vt 0.718141 0.887100
vt 0.712654 0.904027
vt 0.708021 0.888802
vt 0.780166 0.891289
vt 0.768351 0.898627
vt 0.765853 0.873295
vt 0.755103 0.880397
vt 0.757162 0.903001
vt 0.745265 0.884326
vt 0.710066 0.864198
vt 0.700988 0.868442
vt 0.718660 0.861048
vt 0.690827 0.848079
vt 0.682952 0.853438
vt 0.676075 0.861318
vt 0.776218 0.828361
vt 0.758800 0.837776
vt 0.727529 0.857556
vt 0.736275 0.852854
vt 0.709150 0.837414
vt 0.698932 0.843378
vt 0.691379 0.876252
vt 0.668555 0.874473
vt 0.745542 0.846429
vt 0.719381 0.829333
vt 0.685420 0.831679
vt 0.704796 0.812296
vt 0.685779 0.844821
vt 0.702918 0.825052
vt 0.683760 0.857395
vt 0.698602 0.838467
vt 0.681151 0.869486
vt 0.693016 0.850392
vt 0.686476 0.859362
vt 0.677705 0.879479
vt 0.671052 0.885188
vt 0.678907 0.865227
vt 0.663465 0.886303
vt 0.671575 0.869057
vt 0.659117 0.884950
vt 0.664243 0.873373
vt 0.655440 0.881916
vt 0.650219 0.894295
vt 0.637349 0.906820
vt 0.644195 0.894302
vt 0.621717 0.922038
vt 0.627272 0.913053
vt 0.602038 0.939071
vt 0.606898 0.933112
vt 0.578030 0.957141
vt 0.583881 0.951797
vt 0.550614 0.975388
vt 0.556581 0.971142
vt 0.521410 0.994194
vt 0.524639 0.992765
vt 0.481174 1.006409
vt 0.481194 1.007048
vt 0.656430 0.901107
vt 0.655666 0.907527
vt 0.656671 0.889277
vt 0.629673 0.909141
vt 0.632294 0.921143
vt 0.635223 0.927194
vt 0.606210 0.940029
vt 0.612289 0.944438
vt 0.601344 0.928541
vt 0.568179 0.945800
vt 0.574153 0.957202
vt 0.583732 0.961834
vt 0.526817 0.958627
vt 0.531450 0.972212
vt 0.481193 0.963044
vt 0.481201 0.979125
vt 0.481184 0.997854
vt 0.544235 0.981426
vt 0.481205 0.928372
vt 0.521000 0.925056
vt 0.518318 0.904990
vt 0.481206 0.907409
vt 0.558663 0.915514
vt 0.554292 0.897506
vt 0.592998 0.901054
vt 0.588703 0.884705
vt 0.625420 0.883152
vt 0.622392 0.868106
vt 0.596961 0.915202
vt 0.563110 0.931346
vt 0.627598 0.896381
vt 0.523777 0.942704
vt 0.481209 0.946325
vt 0.655436 0.849340
vt 0.656920 0.863721
vt 0.657110 0.876757
vt 0.651166 0.903275
vt 0.635382 0.919250
vt 0.617067 0.934963
vt 0.593552 0.951581
vt 0.563716 0.970826
vt 0.532796 0.988621
vt 0.513539 0.998492
vt 0.481164 1.005663
vt 0.626025 0.169201
vt 0.640526 0.194147
vt 0.606334 0.142298
vt 0.586835 0.183587
vt 0.602133 0.211742
vt 0.610293 0.243393
vt 0.497696 0.765451
vt 0.481178 0.767069
vt 0.517303 0.761458
vt 0.513665 0.726273
vt 0.495824 0.729331
vt 0.481135 0.730610
vt 0.512918 0.079594
vt 0.545262 0.091387
vt 0.481202 0.076336
vt 0.481239 0.119245
vt 0.507834 0.121535
vt 0.535187 0.132392
vt 0.711832 0.630655
vt 0.702940 0.659555
vt 0.722758 0.594773
vt 0.686446 0.586055
vt 0.679761 0.620428
vt 0.669019 0.651014
vt 0.715386 0.350623
vt 0.721391 0.371248
vt 0.705671 0.322016
vt 0.678766 0.346557
vt 0.687715 0.371773
vt 0.692982 0.390695
vt 0.542025 0.755813
vt 0.570594 0.747404
vt 0.562959 0.715159
vt 0.536654 0.721888
vt 0.577981 0.114132
vt 0.563115 0.154695
vt 0.600468 0.735469
vt 0.627352 0.725599
vt 0.621018 0.692972
vt 0.590312 0.705184
vt 0.731078 0.550274
vt 0.734389 0.501602
vt 0.703573 0.504038
vt 0.700198 0.545282
vt 0.689577 0.282940
vt 0.670692 0.244537
vt 0.638925 0.284499
vt 0.663307 0.314148
vt 0.708690 0.697706
vt 0.703180 0.684553
vt 0.683201 0.684250
vt 0.655031 0.216260
vt 0.628998 0.256000
vt 0.664436 0.694877
vt 0.650369 0.710412
vt 0.643362 0.671072
vt 0.725944 0.390296
vt 0.730029 0.416046
vt 0.696578 0.408095
vt 0.699816 0.430771
vt 0.733448 0.454641
vt 0.702744 0.464036
vt 0.645612 0.725371
vt 0.656257 0.620658
vt 0.645005 0.641339
vt 0.661937 0.600730
vt 0.649986 0.609409
vt 0.644819 0.625366
vt 0.635285 0.642227
vt 0.621171 0.657658
vt 0.628984 0.660795
vt 0.603186 0.667802
vt 0.608760 0.676295
vt 0.586157 0.686137
vt 0.562235 0.690615
vt 0.585009 0.671138
vt 0.564726 0.666483
vt 0.537524 0.693522
vt 0.514980 0.695866
vt 0.539632 0.667653
vt 0.517691 0.666234
vt 0.496783 0.697646
vt 0.481206 0.698420
vt 0.498491 0.665579
vt 0.481213 0.665682
vt 0.557053 0.646098
vt 0.539318 0.643536
vt 0.556473 0.627476
vt 0.541704 0.621849
vt 0.522938 0.615378
vt 0.519448 0.639401
vt 0.562476 0.608708
vt 0.550276 0.599821
vt 0.574843 0.592507
vt 0.566020 0.580364
vt 0.550229 0.561114
vt 0.532245 0.589690
vt 0.589481 0.568510
vt 0.585506 0.551126
vt 0.593637 0.582175
vt 0.613291 0.577399
vt 0.615076 0.563637
vt 0.616912 0.546468
vt 0.629821 0.578381
vt 0.637334 0.565044
vt 0.642302 0.584505
vt 0.653399 0.572387
vt 0.661542 0.554468
vt 0.643604 0.547601
vt 0.660912 0.584561
vt 0.672264 0.566166
vt 0.649473 0.595421
vt 0.571277 0.613318
vt 0.581507 0.599384
vt 0.566786 0.629520
vt 0.573596 0.627341
vt 0.577049 0.614005
vt 0.585182 0.601940
vt 0.568458 0.644424
vt 0.574456 0.656410
vt 0.580949 0.649385
vt 0.575178 0.639511
vt 0.596037 0.589921
vt 0.611524 0.585473
vt 0.597070 0.593509
vt 0.610122 0.589703
vt 0.615898 0.653665
vt 0.600930 0.661055
vt 0.629093 0.641590
vt 0.623440 0.637481
vt 0.613010 0.647234
vt 0.601145 0.653851
vt 0.624617 0.585701
vt 0.634553 0.591125
vt 0.621100 0.590513
vt 0.628801 0.595345
vt 0.640547 0.600901
vt 0.642545 0.613397
vt 0.633558 0.603887
vt 0.634319 0.614575
vt 0.638184 0.627439
vt 0.631200 0.626335
vt 0.586437 0.662025
vt 0.589762 0.654496
vt 0.623422 0.622975
vt 0.618077 0.631404
vt 0.625929 0.613873
vt 0.618051 0.612886
vt 0.616419 0.620235
vt 0.614433 0.626630
vt 0.597692 0.597144
vt 0.607835 0.594231
vt 0.588766 0.603783
vt 0.591380 0.605043
vt 0.597375 0.601625
vt 0.605290 0.599393
vt 0.582737 0.612945
vt 0.580189 0.623220
vt 0.586822 0.618651
vt 0.588726 0.610815
vt 0.592697 0.643065
vt 0.585857 0.639810
vt 0.601094 0.642557
vt 0.601054 0.631808
vt 0.594009 0.632677
vt 0.588910 0.632866
vt 0.610064 0.638255
vt 0.608639 0.629055
vt 0.616403 0.595200
vt 0.622463 0.599159
vt 0.612534 0.599917
vt 0.617698 0.601604
vt 0.581403 0.632700
vt 0.587273 0.626517
vt 0.625613 0.605682
vt 0.618133 0.606229
vt 0.610692 0.605648
vt 0.609952 0.612420
vt 0.603137 0.605936
vt 0.601634 0.613251
vt 0.595670 0.607948
vt 0.594071 0.615240
vt 0.593822 0.623228
vt 0.601096 0.621707
vt 0.608979 0.620217
vt 0.499979 0.636884
vt 0.481207 0.636295
vt 0.502395 0.611185
vt 0.481198 0.609898
vt 0.507903 0.583730
vt 0.481195 0.581957
vt 0.514126 0.556562
vt 0.481200 0.555136
vt 0.682054 0.505561
vt 0.680044 0.538411
vt 0.664408 0.506895
vt 0.664709 0.532349
vt 0.644313 0.509095
vt 0.645644 0.528899
vt 0.617057 0.511718
vt 0.617954 0.529214
vt 0.585195 0.532072
vt 0.585560 0.513157
vt 0.552968 0.511678
vt 0.551879 0.533864
vt 0.518028 0.508314
vt 0.516968 0.532185
vt 0.481208 0.506357
vt 0.481227 0.531208
vt 0.518939 0.482730
vt 0.481206 0.477794
vt 0.553456 0.489864
vt 0.555809 0.470619
vt 0.525123 0.458695
vt 0.481202 0.431651
vt 0.584685 0.494181
vt 0.583680 0.477844
vt 0.614545 0.493849
vt 0.610802 0.478550
vt 0.679052 0.442834
vt 0.681066 0.472071
vt 0.659072 0.452935
vt 0.662309 0.479588
vt 0.636739 0.470687
vt 0.641246 0.488023
vt 0.562346 0.456902
vt 0.543000 0.442700
vt 0.570255 0.448338
vt 0.559843 0.433458
vt 0.557380 0.416209
vt 0.533358 0.422897
vt 0.583938 0.466086
vt 0.585548 0.458184
vt 0.606591 0.468360
vt 0.603112 0.461265
vt 0.628710 0.462131
vt 0.620962 0.457447
vt 0.645383 0.448757
vt 0.635340 0.446879
vt 0.653550 0.432563
vt 0.644141 0.432472
vt 0.664835 0.429833
vt 0.665971 0.411835
vt 0.656836 0.415338
vt 0.647885 0.416203
vt 0.678107 0.421512
vt 0.676548 0.404017
vt 0.656238 0.396671
vt 0.646509 0.399810
vt 0.664103 0.392194
vt 0.657621 0.370457
vt 0.650141 0.378183
vt 0.640022 0.386031
vt 0.672612 0.384772
vt 0.664700 0.361532
vt 0.636188 0.362499
vt 0.627890 0.376646
vt 0.642767 0.349106
vt 0.620133 0.335838
vt 0.615479 0.353993
vt 0.612429 0.371885
vt 0.591222 0.355862
vt 0.594329 0.373477
vt 0.592350 0.334975
vt 0.552925 0.350069
vt 0.565605 0.370912
vt 0.576629 0.383472
vt 0.545064 0.396522
vt 0.563742 0.398776
vt 0.521770 0.388359
vt 0.570410 0.429431
vt 0.570124 0.414283
vt 0.576182 0.443358
vt 0.580537 0.439764
vt 0.576129 0.427500
vt 0.576608 0.414565
vt 0.639016 0.402012
vt 0.640272 0.416291
vt 0.633188 0.390247
vt 0.629426 0.393544
vt 0.634610 0.403976
vt 0.635448 0.416569
vt 0.587604 0.452882
vt 0.602095 0.456467
vt 0.602453 0.451347
vt 0.590029 0.448301
vt 0.622635 0.383022
vt 0.609664 0.381134
vt 0.608536 0.385668
vt 0.619926 0.387129
vt 0.574977 0.401169
vt 0.584580 0.391289
vt 0.580688 0.403751
vt 0.587687 0.395216
vt 0.637116 0.430968
vt 0.629017 0.443918
vt 0.632475 0.429173
vt 0.625456 0.440359
vt 0.596531 0.384320
vt 0.597297 0.388819
vt 0.616754 0.453011
vt 0.615017 0.448291
vt 0.581466 0.425072
vt 0.582017 0.414731
vt 0.584865 0.435043
vt 0.589257 0.429507
vt 0.586704 0.422197
vt 0.587278 0.414611
vt 0.598179 0.393764
vt 0.607071 0.391041
vt 0.590656 0.399096
vt 0.593520 0.403200
vt 0.598828 0.399205
vt 0.605311 0.397321
vt 0.626708 0.426520
vt 0.621146 0.435463
vt 0.629233 0.416433
vt 0.622017 0.416221
vt 0.620368 0.423806
vt 0.616148 0.430234
vt 0.592427 0.442043
vt 0.602536 0.444496
vt 0.602171 0.436788
vt 0.594688 0.435021
vt 0.628584 0.406149
vt 0.624320 0.397451
vt 0.617980 0.402102
vt 0.621482 0.408469
vt 0.585272 0.406063
vt 0.589525 0.408231
vt 0.616512 0.392122
vt 0.612136 0.397879
vt 0.612702 0.441972
vt 0.609867 0.435168
vt 0.591313 0.419910
vt 0.592836 0.414781
vt 0.594195 0.423739
vt 0.602600 0.415638
vt 0.607322 0.429165
vt 0.601997 0.428192
vt 0.610465 0.424580
vt 0.608805 0.403439
vt 0.611347 0.407461
vt 0.603780 0.404480
vt 0.593036 0.410243
vt 0.596538 0.407799
vt 0.615143 0.410582
vt 0.613932 0.415949
vt 0.596816 0.428734
vt 0.614656 0.421336
vt 0.599598 0.404004
vt 0.649048 0.335836
vt 0.626742 0.317781
vt 0.595388 0.276541
vt 0.611404 0.276721
vt 0.582976 0.297296
vt 0.608543 0.293399
vt 0.520083 0.344347
vt 0.506679 0.371208
vt 0.481194 0.332676
vt 0.481184 0.376498
vt 0.535689 0.296014
vt 0.551957 0.280123
vt 0.536750 0.277351
vt 0.522486 0.288541
vt 0.562257 0.263792
vt 0.545764 0.264273
vt 0.534078 0.261635
vt 0.526949 0.271974
vt 0.515471 0.279684
vt 0.548803 0.248270
vt 0.536680 0.247850
vt 0.564147 0.245279
vt 0.559230 0.222687
vt 0.546572 0.229058
vt 0.535012 0.231700
vt 0.547296 0.196420
vt 0.538186 0.207621
vt 0.527719 0.175312
vt 0.523250 0.189092
vt 0.516702 0.201646
vt 0.528216 0.215162
vt 0.503512 0.178244
vt 0.500811 0.192864
vt 0.505092 0.163866
vt 0.481191 0.160294
vt 0.481186 0.174761
vt 0.481195 0.188810
vt 0.481216 0.145912
vt 0.505402 0.148595
vt 0.529865 0.159245
vt 0.553564 0.181211
vt 0.571389 0.209524
vt 0.581136 0.235349
vt 0.582622 0.257899
vt 0.514723 0.312245
vt 0.503650 0.298356
vt 0.481140 0.303712
vt 0.499551 0.285420
vt 0.481206 0.287735
vt 0.573396 0.278732
vt 0.556999 0.298619
vt 0.600342 0.314222
vt 0.568653 0.318681
vt 0.538269 0.319463
vt 0.520752 0.267097
vt 0.511100 0.272919
vt 0.526297 0.258574
vt 0.518108 0.255034
vt 0.514012 0.261935
vt 0.505963 0.266686
vt 0.528385 0.246843
vt 0.526741 0.233598
vt 0.519214 0.235442
vt 0.520357 0.245999
vt 0.497970 0.203457
vt 0.511971 0.209857
vt 0.481201 0.201508
vt 0.481204 0.208951
vt 0.495340 0.210198
vt 0.507254 0.215841
vt 0.521630 0.220540
vt 0.515645 0.224612
vt 0.497349 0.277029
vt 0.481212 0.278535
vt 0.494915 0.270728
vt 0.481178 0.271945
vt 0.508314 0.229624
vt 0.507989 0.239156
vt 0.499219 0.224910
vt 0.481197 0.244819
vt 0.506072 0.257612
vt 0.498067 0.259809
vt 0.506522 0.251868
vt 0.491935 0.217594
vt 0.481206 0.219337
vt 0.511364 0.245939
vt 0.491740 0.264491
vt 0.481172 0.263371
vt 0.904503 0.868214
vt 0.898668 0.868934
vt 0.887974 0.876338
vt 0.881181 0.876458
vt 0.832368 0.858943
vt 0.825404 0.863501
vt 0.821307 0.867103
vt 0.814628 0.869012
vt 0.761851 0.865934
vt 0.754773 0.868392
vt 0.748795 0.870841
vt 0.739673 0.872806
vt 0.721797 0.889433
vt 0.773580 0.864256
vt 0.796526 0.884232
vt 0.846547 0.855526
vt 0.872655 0.879806
vt 0.911941 0.865777
vt 0.920692 0.860868
vt 0.760783 0.700123
vt 0.791753 0.720834
vt 0.815667 0.738778
vt 0.832548 0.759859
vt 0.848089 0.783859
vt 0.864621 0.805750
vt 0.887327 0.821679
vt 0.910310 0.828649
vt 0.930827 0.836169
vt 0.939042 0.839744
vt 0.939029 0.843183
vt 0.934183 0.847272
vt 0.928220 0.854293
vt 0.704542 0.694526
vt 0.444484 0.090035
vt 0.448758 0.066764
vt 0.415834 0.076682
vt 0.423991 0.057610
vt 0.434100 0.044327
vt 0.452708 0.046399
vt 0.410515 0.040518
vt 0.429355 0.029257
vt 0.396486 0.058071
vt 0.389288 0.035006
vt 0.404915 0.018164
vt 0.428079 0.007648
vt 0.389472 0.007878
vt 0.407679 -0.006971
vt 0.400989 -0.023950
vt 0.421631 -0.030829
vt 0.436999 -0.030081
vt 0.432067 -0.015227
vt 0.447917 -0.047947
vt 0.456083 -0.037686
vt 0.436664 -0.051697
vt 0.456292 -0.020640
vt 0.453629 0.001913
vt 0.453004 0.025169
vt 0.445215 0.108638
vt 0.446405 0.124262
vt 0.416002 0.117277
vt 0.413942 0.098924
vt 0.387993 0.108348
vt 0.388855 0.081214
vt 0.361034 0.086393
vt 0.377658 0.056308
vt 0.377426 0.024053
vt 0.363421 0.035993
vt 0.379263 -0.004755
vt 0.387411 -0.012286
vt 0.425184 -0.042525
vt 0.428648 -0.048984
vt 0.424488 -0.013244
vt 0.425606 -0.009083
vt 0.372955 0.013417
vt 0.374825 0.016950
vt 0.378756 0.022524
vt 0.427438 -0.003281
vt 0.430115 0.005654
vt 0.386301 0.032647
vt 0.395751 0.042761
vt 0.430712 0.011146
vt 0.347965 0.064971
vt 0.364185 0.075263
vt 0.339417 0.056246
vt 0.303407 0.087235
vt 0.314290 0.095334
vt 0.329977 0.109445
vt 0.314249 0.076220
vt 0.342995 0.040216
vt 0.350966 0.038911
vt 0.333917 0.081969
vt 0.372808 0.002329
vt 0.374668 -0.000657
vt 0.298079 0.077576
vt 0.335641 0.044743
vt 0.338240 0.042329
vt 0.303240 0.075522
vt 0.371845 0.007896
vt 0.372013 0.005192
vt 0.423452 -0.035802
vt 0.422703 -0.030094
vt 0.447048 0.140088
vt 0.446805 0.153866
vt 0.420242 0.159519
vt 0.419200 0.136961
vt 0.392298 0.168586
vt 0.389851 0.137501
vt 0.356303 0.180234
vt 0.358020 0.136217
vt 0.321760 0.126161
vt 0.309649 0.163894
vt 0.268080 0.145373
vt 0.289474 0.112782
vt 0.322603 0.225328
vt 0.310777 0.248574
vt 0.267275 0.238141
vt 0.280095 0.212260
vt 0.299998 0.277421
vt 0.257752 0.269526
vt 0.205718 0.261555
vt 0.216245 0.225411
vt 0.231071 0.194903
vt 0.290015 0.312142
vt 0.252057 0.306174
vt 0.279968 0.349898
vt 0.246598 0.345885
vt 0.197152 0.342764
vt 0.201329 0.300261
vt 0.236411 0.386201
vt 0.190062 0.384008
vt 0.269054 0.388306
vt 0.258951 0.435817
vt 0.220078 0.426565
vt 0.179569 0.423164
vt 0.224371 0.481920
vt 0.197634 0.466113
vt 0.194889 0.529621
vt 0.172310 0.498629
vt 0.154790 0.482597
vt 0.165455 0.458905
vt 0.241513 0.132440
vt 0.213884 0.154280
vt 0.237746 0.161065
vt 0.261358 0.140328
vt 0.185638 0.182106
vt 0.211986 0.188430
vt 0.243869 0.206233
vt 0.266080 0.179254
vt 0.284553 0.157768
vt 0.182918 0.227403
vt 0.216253 0.244197
vt 0.157570 0.220735
vt 0.136778 0.261907
vt 0.160178 0.268646
vt 0.192473 0.283017
vt 0.176061 0.330310
vt 0.143485 0.321316
vt 0.141065 0.344150
vt 0.174368 0.350121
vt 0.119692 0.318268
vt 0.116439 0.343417
vt 0.115912 0.374023
vt 0.140484 0.374603
vt 0.174039 0.378345
vt 0.324599 0.351576
vt 0.342078 0.351345
vt 0.337468 0.377650
vt 0.317564 0.379195
vt 0.363699 0.350324
vt 0.362362 0.378032
vt 0.359033 0.406198
vt 0.334865 0.399916
vt 0.314141 0.401872
vt 0.391389 0.349500
vt 0.391272 0.375034
vt 0.422950 0.347250
vt 0.422967 0.371561
vt 0.416462 0.391132
vt 0.387770 0.398605
vt 0.449747 0.364840
vt 0.446180 0.383069
vt 0.450938 0.347065
vt 0.449163 0.330375
vt 0.419994 0.328372
vt 0.415867 0.312174
vt 0.445944 0.314449
vt 0.390751 0.328074
vt 0.389239 0.309649
vt 0.365455 0.328074
vt 0.366811 0.306168
vt 0.306138 0.351786
vt 0.316605 0.317610
vt 0.332916 0.321757
vt 0.326229 0.285715
vt 0.339312 0.292849
vt 0.354757 0.243733
vt 0.345387 0.235786
vt 0.356691 0.216312
vt 0.364118 0.222781
vt 0.335852 0.205465
vt 0.372390 0.198910
vt 0.377783 0.205477
vt 0.396761 0.192720
vt 0.397192 0.200777
vt 0.380970 0.211231
vt 0.419441 0.182320
vt 0.417776 0.192931
vt 0.414896 0.208527
vt 0.395057 0.213095
vt 0.383271 0.217534
vt 0.420018 0.173097
vt 0.447038 0.164509
vt 0.446585 0.173940
vt 0.442405 0.231372
vt 0.444063 0.204941
vt 0.441572 0.261164
vt 0.410795 0.262232
vt 0.412142 0.233953
vt 0.442513 0.293033
vt 0.411550 0.291028
vt 0.335878 0.258455
vt 0.346972 0.266714
vt 0.294738 0.190149
vt 0.248779 0.170749
vt 0.371683 0.257182
vt 0.376480 0.233214
vt 0.390481 0.234644
vt 0.388319 0.261135
vt 0.386788 0.286892
vt 0.368156 0.281674
vt 0.439907 0.402681
vt 0.439131 0.430158
vt 0.398903 0.449452
vt 0.406758 0.411799
vt 0.380798 0.417416
vt 0.373151 0.443599
vt 0.361793 0.447646
vt 0.361061 0.424854
vt 0.269394 0.475011
vt 0.252151 0.507139
vt 0.279209 0.495538
vt 0.266337 0.523232
vt 0.254272 0.561205
vt 0.232103 0.551621
vt 0.242566 0.598909
vt 0.215005 0.593613
vt 0.233685 0.633515
vt 0.202838 0.632990
vt 0.170059 0.623466
vt 0.183618 0.580015
vt 0.225290 0.663880
vt 0.190856 0.671443
vt 0.219339 0.694519
vt 0.179136 0.704557
vt 0.142417 0.707649
vt 0.156638 0.667597
vt 0.168575 0.735760
vt 0.135582 0.742286
vt 0.206225 0.729096
vt 0.188509 0.761728
vt 0.157055 0.759443
vt 0.125310 0.763921
vt 0.150072 0.511599
vt 0.137087 0.482845
vt 0.157921 0.543447
vt 0.150975 0.545331
vt 0.143674 0.509807
vt 0.128989 0.475517
vt 0.124276 0.456230
vt 0.138775 0.488106
vt 0.139678 0.475323
vt 0.124666 0.447249
vt 0.150708 0.520858
vt 0.157379 0.506075
vt 0.177557 0.478311
vt 0.143526 0.453619
vt 0.127193 0.438602
vt 0.176035 0.420436
vt 0.143036 0.415766
vt 0.120030 0.410718
vt 0.123268 0.453043
vt 0.113012 0.415152
vt 0.111034 0.438376
vt 0.097627 0.398373
vt 0.099520 0.382065
vt 0.109146 0.419647
vt 0.112002 0.413252
vt 0.104559 0.376822
vt 0.097596 0.323247
vt 0.102946 0.296989
vt 0.098503 0.300986
vt 0.093377 0.328047
vt 0.113786 0.264621
vt 0.108653 0.267980
vt 0.109180 0.264925
vt 0.098203 0.300706
vt 0.093599 0.331304
vt 0.122774 0.261447
vt 0.143316 0.220958
vt 0.134933 0.223730
vt 0.171842 0.182588
vt 0.163974 0.184829
vt 0.296434 0.081660
vt 0.334526 0.049367
vt 0.334535 0.047107
vt 0.296219 0.079738
vt 0.372067 0.010613
vt 0.422712 -0.025383
vt 0.423106 -0.021311
vt 0.225991 0.129704
vt 0.231290 0.130408
vt 0.263250 0.108406
vt 0.259599 0.106507
vt 0.270832 0.111473
vt 0.298457 0.083817
vt 0.201463 0.153754
vt 0.194744 0.154646
vt 0.285884 0.119681
vt 0.304342 0.135434
vt 0.236962 0.129918
vt 0.268291 0.103465
vt 0.224230 0.127607
vt 0.259619 0.102687
vt 0.177624 0.177631
vt 0.207793 0.153118
vt 0.159851 0.184319
vt 0.191654 0.153690
vt 0.125423 0.253420
vt 0.147290 0.212097
vt 0.130529 0.223314
vt 0.095633 0.350483
vt 0.092565 0.356194
vt 0.097426 0.388783
vt 0.092963 0.363105
vt 0.148590 0.298846
vt 0.180438 0.310541
vt 0.125634 0.293436
vt 0.110642 0.334131
vt 0.114383 0.294417
vt 0.110712 0.374207
vt 0.363545 0.470669
vt 0.357318 0.469189
vt 0.377589 0.479565
vt 0.360889 0.506347
vt 0.348550 0.492498
vt 0.345937 0.488150
vt 0.331531 0.521280
vt 0.328375 0.508972
vt 0.308665 0.536253
vt 0.309011 0.520452
vt 0.314199 0.508998
vt 0.329894 0.502155
vt 0.296007 0.508321
vt 0.281958 0.526745
vt 0.274238 0.528005
vt 0.287607 0.504884
vt 0.275202 0.551881
vt 0.265217 0.559110
vt 0.350889 0.299985
vt 0.355656 0.274473
vt 0.361670 0.251017
vt 0.445258 0.186653
vt 0.395020 0.184859
vt 0.369056 0.228452
vt 0.347156 0.325627
vt 0.296287 0.384270
vt 0.291552 0.411744
vt 0.315545 0.419747
vt 0.297386 0.429296
vt 0.319890 0.435238
vt 0.306114 0.441909
vt 0.296453 0.452519
vt 0.283990 0.444990
vt 0.283596 0.464614
vt 0.294347 0.465928
vt 0.295784 0.477002
vt 0.289642 0.481559
vt 0.305875 0.501438
vt 0.312350 0.504643
vt 0.303875 0.510519
vt 0.311602 0.492205
vt 0.318394 0.497138
vt 0.326294 0.498848
vt 0.320581 0.504808
vt 0.346423 0.487333
vt 0.354830 0.471367
vt 0.347003 0.486722
vt 0.352160 0.476147
vt 0.353033 0.459205
vt 0.358115 0.453329
vt 0.352589 0.435641
vt 0.346128 0.443962
vt 0.340753 0.432305
vt 0.344841 0.421021
vt 0.333973 0.499758
vt 0.339330 0.495227
vt 0.332512 0.416983
vt 0.332656 0.432505
vt 0.341533 0.463390
vt 0.336762 0.448041
vt 0.328820 0.465976
vt 0.324817 0.450441
vt 0.343112 0.481876
vt 0.329590 0.484158
vt 0.312101 0.467227
vt 0.312681 0.477924
vt 0.304050 0.471509
vt 0.305810 0.460085
vt 0.303134 0.484175
vt 0.313326 0.453611
vt 0.318383 0.466399
vt 0.363173 0.527246
vt 0.336217 0.534508
vt 0.370694 0.539270
vt 0.347081 0.544804
vt 0.320097 0.566025
vt 0.310951 0.551100
vt 0.381349 0.544741
vt 0.365986 0.550980
vt 0.393742 0.543677
vt 0.387246 0.551528
vt 0.383683 0.561975
vt 0.354568 0.565236
vt 0.407668 0.538514
vt 0.407394 0.546150
vt 0.420890 0.528240
vt 0.425077 0.533955
vt 0.428982 0.542355
vt 0.407930 0.554771
vt 0.430777 0.513392
vt 0.440551 0.515520
vt 0.435625 0.497653
vt 0.452084 0.495050
vt 0.450935 0.524050
vt 0.429838 0.473150
vt 0.419920 0.461925
vt 0.445457 0.449941
vt 0.451957 0.463950
vt 0.455039 0.540140
vt 0.457344 0.567031
vt 0.434507 0.568150
vt 0.431239 0.554625
vt 0.435238 0.485074
vt 0.454948 0.478245
vt 0.422602 0.485058
vt 0.412117 0.477854
vt 0.420458 0.497689
vt 0.411403 0.492230
vt 0.403435 0.489129
vt 0.399896 0.477046
vt 0.431087 0.504038
vt 0.430231 0.493428
vt 0.427166 0.513055
vt 0.427515 0.505727
vt 0.401797 0.539518
vt 0.410524 0.534347
vt 0.411264 0.534973
vt 0.415462 0.531059
vt 0.420148 0.526250
vt 0.419918 0.526600
vt 0.385809 0.539593
vt 0.394270 0.542864
vt 0.400734 0.535973
vt 0.408888 0.537629
vt 0.380826 0.508124
vt 0.380601 0.525753
vt 0.391255 0.509675
vt 0.394662 0.519670
vt 0.427293 0.515663
vt 0.424308 0.519994
vt 0.388955 0.489935
vt 0.398146 0.498811
vt 0.417795 0.513352
vt 0.406854 0.505769
vt 0.422086 0.523019
vt 0.421102 0.524904
vt 0.420534 0.525705
vt 0.410534 0.572973
vt 0.409274 0.563123
vt 0.386281 0.583545
vt 0.384172 0.572283
vt 0.361117 0.600684
vt 0.356246 0.583444
vt 0.332962 0.621171
vt 0.323655 0.592737
vt 0.265322 0.600390
vt 0.248166 0.618742
vt 0.257077 0.590260
vt 0.269929 0.576355
vt 0.289567 0.584344
vt 0.289716 0.564937
vt 0.290703 0.545629
vt 0.320330 0.482370
vt 0.297951 0.494045
vt 0.294074 0.525397
vt 0.290004 0.606639
vt 0.259199 0.623956
vt 0.291082 0.628489
vt 0.252491 0.651618
vt 0.234427 0.669214
vt 0.240110 0.644722
vt 0.291645 0.649083
vt 0.261158 0.664973
vt 0.321666 0.649923
vt 0.316000 0.675053
vt 0.292754 0.672509
vt 0.265367 0.682765
vt 0.313779 0.700209
vt 0.291943 0.698730
vt 0.314781 0.723678
vt 0.292077 0.722786
vt 0.263955 0.728093
vt 0.267361 0.704017
vt 0.295333 0.743601
vt 0.269135 0.747392
vt 0.318413 0.743693
vt 0.325583 0.757234
vt 0.300417 0.758679
vt 0.272394 0.763842
vt 0.282004 0.792144
vt 0.314219 0.783618
vt 0.321952 0.797324
vt 0.291634 0.809088
vt 0.344017 0.777855
vt 0.350494 0.786017
vt 0.357658 0.796480
vt 0.334192 0.814469
vt 0.308328 0.828962
vt 0.370107 0.808427
vt 0.353114 0.831861
vt 0.386780 0.817869
vt 0.375470 0.845408
vt 0.362350 0.872202
vt 0.332966 0.850098
vt 0.422473 0.822048
vt 0.439409 0.823565
vt 0.429103 0.852028
vt 0.411812 0.852093
vt 0.454627 0.825655
vt 0.446971 0.852662
vt 0.441554 0.878921
vt 0.423735 0.873996
vt 0.406558 0.877431
vt 0.468378 0.827204
vt 0.464201 0.853773
vt 0.462189 0.878842
vt 0.463274 0.900009
vt 0.448906 0.899022
vt 0.460949 0.918439
vt 0.449701 0.914721
vt 0.456220 0.945581
vt 0.448807 0.933996
vt 0.434285 0.955561
vt 0.432059 0.943578
vt 0.430722 0.934938
vt 0.442460 0.927195
vt 0.413892 0.945581
vt 0.417325 0.936204
vt 0.410768 0.958263
vt 0.386050 0.953960
vt 0.398466 0.939283
vt 0.406150 0.930640
vt 0.390537 0.924538
vt 0.399781 0.918872
vt 0.377646 0.931251
vt 0.373320 0.911316
vt 0.387641 0.907665
vt 0.397326 0.904896
vt 0.404801 0.820906
vt 0.394928 0.850774
vt 0.388998 0.874895
vt 0.386975 0.892515
vt 0.398657 0.892056
vt 0.368977 0.894333
vt 0.402105 0.903802
vt 0.404209 0.916307
vt 0.406371 0.904270
vt 0.408003 0.915050
vt 0.414226 0.922991
vt 0.410779 0.925852
vt 0.419978 0.930298
vt 0.422354 0.926526
vt 0.431876 0.926889
vt 0.430883 0.930054
vt 0.444739 0.912559
vt 0.443093 0.899631
vt 0.442787 0.911033
vt 0.441434 0.900901
vt 0.435757 0.892086
vt 0.435564 0.888506
vt 0.441507 0.923503
vt 0.440844 0.920204
vt 0.411676 0.885148
vt 0.403988 0.892942
vt 0.414892 0.888771
vt 0.408187 0.895109
vt 0.424020 0.883303
vt 0.425675 0.887437
vt 0.418248 0.921330
vt 0.425374 0.923634
vt 0.422515 0.918849
vt 0.428842 0.921173
vt 0.435910 0.919078
vt 0.433882 0.922795
vt 0.436330 0.895922
vt 0.428710 0.891576
vt 0.436500 0.898999
vt 0.431973 0.896378
vt 0.424369 0.896174
vt 0.419598 0.892127
vt 0.411516 0.904970
vt 0.412850 0.914798
vt 0.422549 0.905699
vt 0.422554 0.912840
vt 0.441427 0.910255
vt 0.440273 0.902602
vt 0.439622 0.909532
vt 0.438513 0.903228
vt 0.439636 0.917128
vt 0.438055 0.915005
vt 0.414025 0.897132
vt 0.423169 0.900560
vt 0.430444 0.906347
vt 0.431860 0.901771
vt 0.430081 0.913527
vt 0.459660 0.965360
vt 0.460045 0.993100
vt 0.435705 0.995639
vt 0.435806 0.971954
vt 0.459446 1.028278
vt 0.458062 1.061779
vt 0.433123 1.058941
vt 0.434527 1.026597
vt 0.178918 0.767136
vt 0.146671 0.765443
vt 0.173753 0.768068
vt 0.142910 0.770220
vt 0.109618 0.777618
vt 0.113118 0.770873
vt 0.177825 0.768850
vt 0.152185 0.774071
vt 0.190621 0.767503
vt 0.171589 0.774188
vt 0.139925 0.787548
vt 0.119703 0.783492
vt 0.196477 0.769884
vt 0.179648 0.781155
vt 0.208576 0.762985
vt 0.228062 0.755512
vt 0.221670 0.763040
vt 0.210211 0.777438
vt 0.246306 0.745315
vt 0.245745 0.755268
vt 0.244327 0.769736
vt 0.204204 0.764778
vt 0.216468 0.760151
vt 0.215834 0.764814
vt 0.223224 0.759499
vt 0.234079 0.753335
vt 0.231388 0.753243
vt 0.256195 0.730698
vt 0.261059 0.713683
vt 0.252906 0.735483
vt 0.257018 0.723049
vt 0.257380 0.711595
vt 0.260233 0.697565
vt 0.224189 0.755440
vt 0.202813 0.772812
vt 0.235295 0.757205
vt 0.220889 0.778459
vt 0.216967 0.776790
vt 0.198647 0.771136
vt 0.245440 0.743945
vt 0.244681 0.745723
vt 0.255398 0.686543
vt 0.254528 0.704134
vt 0.249070 0.702494
vt 0.246706 0.683248
vt 0.198312 0.768041
vt 0.214771 0.771225
vt 0.230610 0.708052
vt 0.226398 0.730775
vt 0.238589 0.720164
vt 0.236117 0.738277
vt 0.236954 0.691319
vt 0.242712 0.707956
vt 0.251738 0.738948
vt 0.254651 0.730079
vt 0.251270 0.742470
vt 0.253357 0.736118
vt 0.254152 0.730933
vt 0.255370 0.722482
vt 0.251501 0.716273
vt 0.247748 0.720222
vt 0.252737 0.724300
vt 0.251574 0.728837
vt 0.250025 0.736523
vt 0.244609 0.729470
vt 0.232955 0.779408
vt 0.228408 0.774399
vt 0.249580 0.770219
vt 0.243703 0.771117
vt 0.239703 0.765675
vt 0.227901 0.766224
vt 0.242372 0.758092
vt 0.242510 0.770753
vt 0.247158 0.756950
vt 0.249665 0.763559
vt 0.254169 0.717557
vt 0.253861 0.727086
vt 0.242997 0.743433
vt 0.248646 0.747555
vt 0.238593 0.753836
vt 0.246080 0.747181
vt 0.242441 0.754065
vt 0.247379 0.749265
vt 0.231612 0.759795
vt 0.240410 0.758990
vt 0.253505 0.738848
vt 0.253533 0.734561
vt 0.253101 0.747677
vt 0.253180 0.742743
vt 0.252366 0.758303
vt 0.252328 0.753306
vt 0.252571 0.743079
vt 0.251849 0.751151
vt 0.250788 0.747964
vt 0.250523 0.752858
vt 0.247919 0.759132
vt 0.247366 0.754144
vt 0.250337 0.760402
vt 0.156060 0.581689
vt 0.149813 0.584688
vt 0.146643 0.626690
vt 0.142600 0.629755
vt 0.135917 0.675909
vt 0.134402 0.680745
vt 0.123903 0.721795
vt 0.127256 0.735013
vt 0.116704 0.756364
vt 0.116063 0.770947
vt 0.106267 0.778412
vt 0.102149 0.794136
vt 0.087470 0.788647
vt 0.081185 0.808460
vt 0.078978 0.795326
vt 0.063606 0.816512
vt 0.081971 0.801053
vt 0.055841 0.822647
vt 0.086581 0.806411
vt 0.051002 0.825628
vt 0.048089 0.837184
vt 0.078556 0.824052
vt 0.073772 0.834459
vt 0.049388 0.845177
vt 0.114208 0.813949
vt 0.103241 0.827490
vt 0.093018 0.844346
vt 0.070230 0.845911
vt 0.053045 0.853485
vt 0.126750 0.801146
vt 0.160302 0.794582
vt 0.142392 0.808940
vt 0.181945 0.792965
vt 0.162763 0.807496
vt 0.204136 0.810662
vt 0.211760 0.790041
vt 0.243660 0.784262
vt 0.246187 0.800536
vt 0.276264 0.777998
vt 0.246396 0.857723
vt 0.229044 0.830172
vt 0.258518 0.820206
vt 0.278235 0.842580
vt 0.128269 0.824190
vt 0.118826 0.840575
vt 0.148464 0.823863
vt 0.138831 0.844388
vt 0.084089 0.814755
vt 0.048556 0.830414
vt 0.306759 0.771699
vt 0.334615 0.768305
vt 0.328885 0.880978
vt 0.304281 0.862732
vt 0.299320 0.889090
vt 0.276048 0.872999
vt 0.344596 0.760228
vt 0.354908 0.771652
vt 0.355373 0.766845
vt 0.364013 0.777649
vt 0.372702 0.785011
vt 0.363134 0.779229
vt 0.370797 0.784987
vt 0.381143 0.789350
vt 0.388921 0.792282
vt 0.377858 0.789737
vt 0.389545 0.598241
vt 0.367910 0.614381
vt 0.396117 0.617951
vt 0.377317 0.629378
vt 0.360777 0.645582
vt 0.350118 0.632967
vt 0.332200 0.680688
vt 0.331081 0.704709
vt 0.344681 0.690425
vt 0.343858 0.713174
vt 0.345507 0.734351
vt 0.333502 0.726505
vt 0.337008 0.745500
vt 0.349109 0.752530
vt 0.401777 0.800800
vt 0.415691 0.805861
vt 0.409091 0.797780
vt 0.420899 0.800926
vt 0.433174 0.803826
vt 0.429952 0.809877
vt 0.338408 0.656178
vt 0.349558 0.667407
vt 0.388445 0.795067
vt 0.397749 0.794758
vt 0.437223 0.582251
vt 0.412965 0.587776
vt 0.439589 0.603436
vt 0.416850 0.609658
vt 0.443937 0.812947
vt 0.445797 0.805969
vt 0.458292 0.807648
vt 0.457622 0.815134
vt 0.459839 0.580433
vt 0.461125 0.599661
vt 0.469879 0.816454
vt 0.470030 0.808734
vt 0.394963 0.798662
vt 0.404115 0.800575
vt 0.403937 0.803297
vt 0.411133 0.806884
vt 0.419772 0.809668
vt 0.414203 0.802778
vt 0.355625 0.705473
vt 0.355454 0.725570
vt 0.370990 0.723738
vt 0.370727 0.739768
vt 0.371519 0.755641
vt 0.357013 0.744259
vt 0.424614 0.805049
vt 0.428924 0.811919
vt 0.438380 0.813825
vt 0.435466 0.807028
vt 0.380835 0.791526
vt 0.387538 0.796340
vt 0.392565 0.795612
vt 0.398291 0.799742
vt 0.370248 0.664523
vt 0.360054 0.684232
vt 0.378693 0.691030
vt 0.372943 0.707445
vt 0.365617 0.774161
vt 0.373217 0.784140
vt 0.378975 0.781198
vt 0.385772 0.789530
vt 0.460876 0.624947
vt 0.463020 0.653668
vt 0.445072 0.656353
vt 0.441303 0.629056
vt 0.446724 0.808631
vt 0.448209 0.815480
vt 0.458479 0.816831
vt 0.458154 0.809804
vt 0.360273 0.760670
vt 0.373624 0.770002
vt 0.402843 0.640731
vt 0.385594 0.649579
vt 0.407508 0.665618
vt 0.392215 0.674622
vt 0.469677 0.810538
vt 0.469526 0.817947
vt 0.421103 0.634294
vt 0.424369 0.659861
vt 0.388083 0.767987
vt 0.390643 0.778882
vt 0.409833 0.779406
vt 0.410850 0.786999
vt 0.413956 0.794261
vt 0.394356 0.788880
vt 0.415360 0.707241
vt 0.403992 0.711992
vt 0.433316 0.737336
vt 0.422987 0.739716
vt 0.416597 0.745348
vt 0.396341 0.720598
vt 0.459727 0.824493
vt 0.469878 0.826289
vt 0.464189 0.825268
vt 0.472042 0.826520
vt 0.413961 0.809140
vt 0.420302 0.812015
vt 0.428376 0.812060
vt 0.432559 0.815310
vt 0.438477 0.818033
vt 0.427621 0.814949
vt 0.388355 0.742169
vt 0.387092 0.754984
vt 0.408582 0.761083
vt 0.407783 0.770814
vt 0.435086 0.817587
vt 0.443980 0.820247
vt 0.450615 0.822206
vt 0.442882 0.820188
vt 0.446568 0.694621
vt 0.427998 0.702517
vt 0.456699 0.735616
vt 0.444967 0.734652
vt 0.404407 0.802623
vt 0.408862 0.806552
vt 0.421582 0.804757
vt 0.424404 0.808600
vt 0.391251 0.730829
vt 0.411303 0.751194
vt 0.399405 0.796495
vt 0.416972 0.799835
vt 0.465126 0.684344
vt 0.468433 0.732778
vt 0.450660 0.822471
vt 0.456954 0.823948
vt 0.436678 0.788092
vt 0.431180 0.791664
vt 0.439060 0.796468
vt 0.453772 0.763262
vt 0.442794 0.760288
vt 0.442885 0.769627
vt 0.470878 0.815022
vt 0.475038 0.818394
vt 0.448054 0.807909
vt 0.446498 0.811654
vt 0.454516 0.811744
vt 0.436898 0.779243
vt 0.429336 0.781706
vt 0.454878 0.815224
vt 0.462229 0.813837
vt 0.467386 0.760592
vt 0.457060 0.756149
vt 0.443599 0.803067
vt 0.440540 0.806626
vt 0.433208 0.769653
vt 0.435430 0.800540
vt 0.472963 0.754324
vt 0.464102 0.817196
vt 0.323895 0.902269
vt 0.316504 0.908140
vt 0.303787 0.905319
vt 0.337187 0.918645
vt 0.325686 0.920835
vt 0.316627 0.925154
vt 0.429307 0.006622
vt 0.387968 0.032765
vt 0.410195 0.049939
vt 0.445482 0.036645
vt 0.352119 0.064355
vt 0.374161 0.073112
vt 0.323841 0.095894
vt 0.341152 0.101155
vt 0.303164 0.123931
vt 0.286996 0.148959
vt 0.296166 0.150948
vt 0.316364 0.127438
vt 0.255454 0.205343
vt 0.272657 0.173715
vt 0.253348 0.207139
vt 0.272495 0.175182
vt 0.234021 0.248180
vt 0.215925 0.290619
vt 0.217514 0.296534
vt 0.232238 0.251376
vt 0.206192 0.320013
vt 0.210422 0.328369
vt 0.200801 0.340445
vt 0.205114 0.350355
vt 0.196458 0.360094
vt 0.200526 0.370896
vt 0.191539 0.388239
vt 0.195114 0.399232
vt 0.186978 0.432171
vt 0.185228 0.486740
vt 0.185091 0.495223
vt 0.189079 0.441976
vt 0.150436 0.535481
vt 0.152385 0.576208
vt 0.156861 0.561737
vt 0.147354 0.621968
vt 0.156730 0.608807
vt 0.142465 0.671440
vt 0.155733 0.657278
vt 0.142329 0.714428
vt 0.160404 0.697832
vt 0.202995 0.589211
vt 0.174889 0.597994
vt 0.180350 0.644443
vt 0.209828 0.632123
vt 0.190799 0.681896
vt 0.220783 0.663333
vt 0.169609 0.549045
vt 0.193869 0.538274
vt 0.103115 0.345875
vt 0.105540 0.319539
vt 0.159026 0.186840
vt 0.190651 0.155463
vt 0.222983 0.129146
vt 0.258029 0.104808
vt 0.335765 0.051998
vt 0.129536 0.226666
vt 0.111535 0.293351
vt 0.108887 0.427895
vt 0.125840 0.465868
vt 0.140789 0.500193
vt 0.423640 -0.017209
vt 0.255550 0.706964
vt 0.229903 0.730111
vt 0.242060 0.743666
vt 0.265122 0.718888
vt 0.204718 0.752348
vt 0.224202 0.765135
vt 0.243240 0.780843
vt 0.254759 0.758456
vt 0.275367 0.731957
vt 0.270241 0.773219
vt 0.287154 0.745118
vt 0.258388 0.797077
vt 0.281026 0.814222
vt 0.292403 0.787534
vt 0.304353 0.759177
vt 0.311051 0.830706
vt 0.320292 0.803227
vt 0.344957 0.848142
vt 0.352983 0.820555
vt 0.362510 0.793296
vt 0.330334 0.775353
vt 0.379085 0.863914
vt 0.385638 0.837542
vt 0.412556 0.876005
vt 0.417810 0.850829
vt 0.424821 0.825077
vt 0.394404 0.810264
vt 0.449467 0.858927
vt 0.453640 0.833788
vt 0.446650 0.883153
vt 0.456881 0.816939
vt 0.460320 0.800360
vt 0.437754 0.795413
vt 0.430764 0.809538
vt 0.410445 0.789125
vt 0.401390 0.798582
vt 0.378231 0.780385
vt 0.370932 0.782734
vt 0.341661 0.764421
vt 0.345500 0.767530
vt 0.317816 0.753110
vt 0.316584 0.748165
vt 0.300411 0.741182
vt 0.299262 0.735110
vt 0.287634 0.731332
vt 0.286406 0.724555
vt 0.238668 0.688836
vt 0.250047 0.686970
vt 0.242596 0.677978
vt 0.230179 0.679484
vt 0.248269 0.691164
vt 0.241917 0.685020
vt 0.230137 0.670080
vt 0.231562 0.662680
vt 0.213306 0.643523
vt 0.215789 0.635502
vt 0.196714 0.602246
vt 0.200086 0.595224
vt 0.189526 0.543759
vt 0.186781 0.551007
vt 0.153915 0.804630
vt 0.192480 0.808367
vt 0.206690 0.785110
vt 0.178742 0.776807
vt 0.228936 0.814577
vt 0.236969 0.795736
vt 0.130644 0.824982
vt 0.147048 0.852788
vt 0.164694 0.838021
vt 0.113929 0.844499
vt 0.132810 0.870634
vt 0.155979 0.894042
vt 0.165893 0.879619
vt 0.182068 0.861793
vt 0.074564 0.879943
vt 0.101864 0.901206
vt 0.118734 0.887509
vt 0.094976 0.863176
vt 0.135128 0.918074
vt 0.147835 0.906173
vt 0.053707 0.892935
vt 0.078417 0.909972
vt 0.038967 0.895511
vt 0.058814 0.913902
vt 0.082195 0.924219
vt 0.103277 0.921577
vt 0.038110 0.898165
vt 0.052373 0.912847
vt 0.051342 0.913686
vt 0.035857 0.896466
vt 0.071517 0.922782
vt 0.072959 0.924232
vt 0.052763 0.897743
vt 0.063497 0.906810
vt 0.056938 0.910939
vt 0.044549 0.899588
vt 0.078255 0.915114
vt 0.073454 0.920137
vt 0.043673 0.875205
vt 0.046497 0.887573
vt 0.037205 0.886566
vt 0.035078 0.871583
vt 0.032457 0.882652
vt 0.031306 0.867417
vt 0.030568 0.879546
vt 0.029644 0.863483
vt 0.031285 0.876234
vt 0.030021 0.859136
vt 0.054438 0.845381
vt 0.033580 0.853475
vt 0.038349 0.874077
vt 0.061049 0.862556
vt 0.085643 0.844924
vt 0.082229 0.833019
vt 0.105932 0.826485
vt 0.103280 0.815537
vt 0.135430 0.771828
vt 0.120140 0.793961
vt 0.122741 0.805649
vt 0.140553 0.784091
vt 0.161757 0.764524
vt 0.153315 0.752255
vt 0.190897 0.742110
vt 0.180669 0.732748
vt 0.275131 0.714241
vt 0.273917 0.719725
vt 0.261763 0.707829
vt 0.265233 0.704252
vt 0.210577 0.710445
vt 0.219552 0.719447
vt 0.247001 0.697448
vt 0.101289 0.930134
vt 0.113313 0.927580
vt 0.121494 0.934517
vt 0.132211 0.929419
vt 0.090915 0.929612
vt 0.093281 0.930770
vt 0.111815 0.934943
vt 0.114218 0.935762
vt 0.096061 0.922267
vt 0.092049 0.927157
vt 0.116802 0.928196
vt 0.113079 0.932960
vt 0.073949 0.853569
vt 0.067258 0.853252
vt 0.064780 0.862026
vt 0.058287 0.859340
vt 0.060813 0.876482
vt 0.062242 0.883349
vt 0.055163 0.885975
vt 0.053089 0.876722
vt 0.066742 0.888933
vt 0.060749 0.893525
vt 0.101471 0.867459
vt 0.089488 0.866980
vt 0.088352 0.856062
vt 0.099733 0.852811
vt 0.080395 0.869540
vt 0.080116 0.861840
vt 0.079761 0.857991
vt 0.084539 0.852901
vt 0.125560 0.870604
vt 0.125490 0.883654
vt 0.113026 0.883200
vt 0.113885 0.869162
vt 0.129256 0.897102
vt 0.110088 0.896247
vt 0.093042 0.893520
vt 0.099880 0.882741
vt 0.179516 0.807795
vt 0.166516 0.824651
vt 0.182061 0.828294
vt 0.173201 0.849177
vt 0.157479 0.843476
vt 0.191106 0.795739
vt 0.176181 0.875677
vt 0.166677 0.875442
vt 0.165738 0.866086
vt 0.175928 0.863945
vt 0.156222 0.875179
vt 0.156083 0.868895
vt 0.155605 0.863229
vt 0.161582 0.858728
vt 0.216117 0.838447
vt 0.202587 0.833150
vt 0.221964 0.852405
vt 0.205749 0.853570
vt 0.197935 0.877020
vt 0.198044 0.888790
vt 0.187342 0.889178
vt 0.187587 0.876571
vt 0.203119 0.904171
vt 0.186328 0.904784
vt 0.169467 0.901595
vt 0.175608 0.887597
vt 0.189824 0.850314
vt 0.191342 0.835698
vt 0.245805 0.881814
vt 0.240952 0.881035
vt 0.239640 0.872566
vt 0.247441 0.874277
vt 0.233049 0.879601
vt 0.232439 0.873281
vt 0.230850 0.868471
vt 0.235142 0.865288
vt 0.249339 0.906430
vt 0.272276 0.895224
vt 0.287701 0.907409
vt 0.275216 0.918161
vt 0.301416 0.923002
vt 0.290393 0.926050
vt 0.258623 0.882985
vt 0.248382 0.889848
vt 0.232960 0.886225
vt 0.222423 0.884012
vt 0.222668 0.878231
vt 0.231317 0.890749
vt 0.222640 0.890018
vt 0.214252 0.888902
vt 0.212587 0.883890
vt 0.212606 0.877290
vt 0.205018 0.877003
vt 0.205025 0.885991
vt 0.209623 0.894049
vt 0.223387 0.898872
vt 0.223610 0.910376
vt 0.236494 0.895946
vt 0.223820 0.860981
vt 0.223475 0.867192
vt 0.216071 0.866657
vt 0.212907 0.862471
vt 0.155962 0.881078
vt 0.146874 0.879425
vt 0.147059 0.874544
vt 0.154880 0.885584
vt 0.147254 0.884730
vt 0.139884 0.884119
vt 0.138694 0.879378
vt 0.139140 0.873271
vt 0.152278 0.855249
vt 0.149095 0.862799
vt 0.143474 0.862329
vt 0.142316 0.856679
vt 0.133095 0.872040
vt 0.132661 0.881481
vt 0.136088 0.889288
vt 0.148846 0.895165
vt 0.148632 0.903387
vt 0.161107 0.891457
vt 0.069862 0.873596
vt 0.070083 0.868909
vt 0.074281 0.866293
vt 0.074341 0.871590
vt 0.070950 0.864836
vt 0.074798 0.861224
vt 0.069540 0.884722
vt 0.076555 0.887704
vt 0.076273 0.893394
vt 0.071129 0.881320
vt 0.075230 0.881852
vt 0.081144 0.881776
vt 0.085873 0.886415
vt 0.075578 0.856763
vt 0.068834 0.863702
vt 0.066006 0.875408
vt 0.066832 0.880497
vt 0.070247 0.877953
vt 0.086054 0.905550
vt 0.071284 0.899928
vt 0.102892 0.911161
vt 0.122359 0.916203
vt 0.144466 0.920230
vt 0.140064 0.933199
vt 0.165895 0.923205
vt 0.162492 0.937671
vt 0.183897 0.926099
vt 0.201345 0.929261
vt 0.199352 0.946748
vt 0.181564 0.942088
vt 0.221883 0.932820
vt 0.219316 0.951498
vt 0.246461 0.935200
vt 0.243531 0.954715
vt 0.271304 0.937616
vt 0.292647 0.941714
vt 0.293574 0.959276
vt 0.269795 0.955769
vt 0.318139 0.952292
vt 0.307109 0.946111
vt 0.319177 0.974717
vt 0.309185 0.966131
vt 0.334980 0.998844
vt 0.335733 0.976261
vt 0.343953 0.986087
vt 0.342900 1.011614
vt 0.336340 0.958370
vt 0.342634 0.959876
vt 0.352041 0.962754
vt 0.353515 0.990654
vt 0.353980 1.022071
vt 0.327541 0.963640
vt 0.327382 0.985974
vt 0.329856 0.943830
vt 0.346393 0.938390
vt 0.336223 0.938233
vt 0.344860 0.897588
vt 0.353866 0.914907
vt 0.360468 0.936850
vt 0.366077 0.960510
vt 0.385018 0.977558
vt 0.366221 0.985525
vt 0.384404 0.998783
vt 0.367208 1.007850
vt 0.409670 0.974629
vt 0.408825 0.995834
vt 0.384035 1.020642
vt 0.371179 1.021819
vt 0.383039 1.043033
vt 0.366733 1.036761
vt 0.407014 1.023317
vt 0.404718 1.051193
vt 0.455278 1.091133
vt 0.450978 1.111386
vt 0.424076 1.101908
vt 0.427141 1.085798
vt 0.399053 1.090683
vt 0.402005 1.074431
vt 0.377652 1.077911
vt 0.380669 1.063150
vt 0.363751 1.053759
vt 0.361595 1.065314
vt 0.349938 1.051304
vt 0.351028 1.042078
vt 0.309746 0.975383
vt 0.292254 0.966573
vt 0.320132 0.986580
vt 0.318609 0.991394
vt 0.307326 0.978467
vt 0.288680 0.968956
vt 0.327769 0.999193
vt 0.326472 1.005390
vt 0.334758 1.013126
vt 0.333564 1.020272
vt 0.342213 1.027850
vt 0.341204 1.035910
vt 0.338371 1.038214
vt 0.330866 1.023127
vt 0.347107 1.053430
vt 0.341371 1.048115
vt 0.332818 1.033655
vt 0.325688 1.019980
vt 0.318376 1.004656
vt 0.323506 1.007632
vt 0.309866 0.988972
vt 0.315215 0.992279
vt 0.303789 0.978032
vt 0.299163 0.974554
vt 0.282031 0.963336
vt 0.285498 0.967179
vt 0.196586 0.953925
vt 0.178724 0.948618
vt 0.194009 0.955860
vt 0.176253 0.950658
vt 0.157073 0.945732
vt 0.159285 0.943692
vt 0.239530 0.964278
vt 0.215968 0.959554
vt 0.236010 0.966655
vt 0.213022 0.961558
vt 0.266632 0.964423
vt 0.262913 0.967066
vt 0.136496 0.938338
vt 0.134741 0.940367
vt 0.193568 0.955236
vt 0.176189 0.950437
vt 0.196199 0.952193
vt 0.179580 0.947956
vt 0.162198 0.943781
vt 0.157681 0.945861
vt 0.260318 0.965583
vt 0.259093 0.960874
vt 0.235382 0.960209
vt 0.234476 0.964929
vt 0.136357 0.940869
vt 0.142432 0.939083
vt 0.212327 0.960324
vt 0.214333 0.956608
vt 0.303003 0.980579
vt 0.293877 0.967281
vt 0.296247 0.967691
vt 0.288791 0.955835
vt 0.275690 0.946288
vt 0.279055 0.956490
vt 0.332189 1.035557
vt 0.323635 1.021492
vt 0.321061 1.018764
vt 0.313048 1.004250
vt 0.307894 0.992993
vt 0.317281 1.009185
vt 0.310626 0.995114
vt 0.302355 0.980550
vt 0.299292 0.974960
vt 0.294808 0.963818
vt 0.291878 0.957416
vt 0.287749 0.947207
vt 0.282725 0.936753
vt 0.289719 0.952371
vt 0.282711 0.942048
vt 0.275360 0.928228
vt 0.264883 0.922893
vt 0.270345 0.934536
vt 0.311364 1.000077
vt 0.303777 0.985262
vt 0.303383 0.982455
vt 0.295999 0.967154
vt 0.286446 0.942393
vt 0.282466 0.932336
vt 0.284292 0.932956
vt 0.280744 0.922812
vt 0.276623 0.912235
vt 0.277413 0.922228
vt 0.270683 0.913680
vt 0.271654 0.902659
vt 0.264167 0.894734
vt 0.261327 0.908112
vt 0.297616 0.968051
vt 0.290164 0.952108
vt 0.294617 0.958690
vt 0.287613 0.942554
vt 0.287513 0.931614
vt 0.286892 0.920623
vt 0.302668 0.939179
vt 0.302325 0.928464
vt 0.301138 0.917393
vt 0.285553 0.909406
vt 0.283253 0.899046
vt 0.299963 0.906667
vt 0.301206 0.893600
vt 0.278966 0.888007
vt 0.295595 0.955802
vt 0.288973 0.940910
vt 0.301715 0.957579
vt 0.301477 0.948614
vt 0.322007 0.955615
vt 0.322873 0.945790
vt 0.343893 0.977746
vt 0.345757 0.967740
vt 0.347024 0.956497
vt 0.322629 0.934729
vt 0.322430 0.924140
vt 0.348192 0.945468
vt 0.350666 0.936548
vt 0.325421 0.915623
vt 0.315666 0.972035
vt 0.319687 0.964231
vt 0.337140 0.995342
vt 0.340920 0.986108
vt 0.369029 0.999651
vt 0.371383 0.989058
vt 0.400250 1.018756
vt 0.402124 1.007733
vt 0.403485 0.996031
vt 0.373138 0.977406
vt 0.374554 0.965594
vt 0.404698 0.983440
vt 0.405196 0.974263
vt 0.376142 0.955816
vt 0.362471 1.019987
vt 0.366043 1.009253
vt 0.393972 1.043601
vt 0.397878 1.030275
vt 0.438344 1.032247
vt 0.439455 1.021349
vt 0.440430 1.010751
vt 0.440225 1.001319
vt 0.438467 0.995577
vt 0.435676 1.058867
vt 0.437418 1.043988
vt 0.238180 0.952545
vt 0.218872 0.950261
vt 0.240264 0.942640
vt 0.223261 0.942596
vt 0.207041 0.940532
vt 0.201708 0.947001
vt 0.258821 0.953298
vt 0.257825 0.942726
vt 0.186247 0.943088
vt 0.192722 0.936341
vt 0.178662 0.931305
vt 0.170501 0.938679
vt 0.358887 1.069302
vt 0.374931 1.084743
vt 0.370494 1.083694
vt 0.353610 1.065643
vt 0.335581 1.039612
vt 0.326305 1.023353
vt 0.354535 1.063234
vt 0.347131 1.049209
vt 0.341361 1.035658
vt 0.319249 1.007440
vt 0.314472 0.994132
vt 0.337621 1.023773
vt 0.335798 1.013246
vt 0.312096 0.984164
vt 0.345334 1.054723
vt 0.363001 1.075841
vt 0.312416 0.977641
vt 0.335533 1.003939
vt 0.391228 1.100061
vt 0.384612 1.094553
vt 0.416923 1.114069
vt 0.410548 1.110802
vt 0.404151 1.104187
vt 0.376862 1.085003
vt 0.361246 1.041005
vt 0.360981 1.030511
vt 0.391259 1.067177
vt 0.391564 1.055990
vt 0.370014 1.073585
vt 0.398471 1.095397
vt 0.394306 1.086114
vt 0.365380 1.061867
vt 0.394817 1.099965
vt 0.420946 1.111797
vt 0.362554 1.051212
vt 0.392196 1.076619
vt 0.439775 1.119274
vt 0.436240 1.113709
vt 0.433705 1.105975
vt 0.449383 1.120571
vt 0.447057 1.123612
vt 0.432456 1.097878
vt 0.431995 1.088554
vt 0.443807 1.123178
vt 0.432780 1.075487
vt 0.152606 0.933705
vt 0.162175 0.925339
vt 0.239402 0.933640
vt 0.224315 0.933944
vt 0.237566 0.922175
vt 0.224412 0.922663
vt 0.211480 0.921525
vt 0.209444 0.932109
vt 0.196312 0.927774
vt 0.199046 0.917877
vt 0.187155 0.912581
vt 0.183523 0.922423
vt 0.254984 0.932888
vt 0.251648 0.921450
vt 0.168788 0.915904
vt 0.173991 0.905790
vt 0.237882 0.906621
vt 0.226944 0.907403
vt 0.244465 0.888542
vt 0.235573 0.888154
vt 0.226806 0.887659
vt 0.216294 0.907268
vt 0.249839 0.906227
vt 0.254251 0.890208
vt 0.193640 0.901041
vt 0.181626 0.893729
vt 0.207552 0.882208
vt 0.196464 0.875298
vt 0.205125 0.905326
vt 0.217521 0.885988
vt 0.261117 0.869525
vt 0.252324 0.865226
vt 0.285205 0.861395
vt 0.279118 0.854534
vt 0.270476 0.848808
vt 0.243988 0.862365
vt 0.203608 0.839140
vt 0.185883 0.829023
vt 0.235208 0.859041
vt 0.262119 0.844505
vt 0.252177 0.839343
vt 0.226426 0.854498
vt 0.270194 0.876493
vt 0.292818 0.873871
vt 0.217100 0.848245
vt 0.242676 0.831037
vt 0.256758 0.812868
vt 0.276290 0.832045
vt 0.258340 0.825748
vt 0.275876 0.845515
vt 0.262810 0.839076
vt 0.277938 0.857874
vt 0.268369 0.850920
vt 0.280820 0.869800
vt 0.275006 0.859835
vt 0.282815 0.865624
vt 0.290818 0.885493
vt 0.284108 0.879961
vt 0.290285 0.869373
vt 0.298493 0.886600
vt 0.297786 0.873773
vt 0.302871 0.885218
vt 0.306883 0.882419
vt 0.318049 0.895001
vt 0.324822 0.907023
vt 0.311904 0.894469
vt 0.335124 0.913782
vt 0.340555 0.922141
vt 0.355537 0.933001
vt 0.360518 0.938909
vt 0.378475 0.951925
vt 0.384422 0.957154
vt 0.405703 0.971347
vt 0.411884 0.975384
vt 0.437473 0.992855
vt 0.440897 0.994163
vt 0.306220 0.907470
vt 0.305651 0.901655
vt 0.326740 0.927251
vt 0.329792 0.921547
vt 0.332477 0.909534
vt 0.305358 0.889802
vt 0.350000 0.944883
vt 0.356053 0.940274
vt 0.378758 0.961830
vt 0.388282 0.957367
vt 0.394187 0.945885
vt 0.360946 0.928813
vt 0.430963 0.972198
vt 0.435628 0.958646
vt 0.418278 0.981278
vt 0.444104 0.905048
vt 0.441403 0.925119
vt 0.408081 0.897715
vt 0.403724 0.915663
vt 0.373567 0.884980
vt 0.369266 0.901399
vt 0.339818 0.868374
vt 0.336758 0.883602
vt 0.399253 0.931451
vt 0.365327 0.915473
vt 0.334557 0.896789
vt 0.438667 0.942802
vt 0.306744 0.849773
vt 0.305105 0.864334
vt 0.304912 0.877365
vt 0.310979 0.903441
vt 0.326829 0.919430
vt 0.345338 0.934958
vt 0.368764 0.951541
vt 0.399061 0.970865
vt 0.429610 0.988280
vt 0.448877 0.998380
vt 0.321910 0.194173
vt 0.336410 0.169288
vt 0.352124 0.243425
vt 0.360365 0.211966
vt 0.375724 0.184071
vt 0.356098 0.142422
vt 0.464684 0.765608
vt 0.466480 0.729681
vt 0.448731 0.726947
vt 0.445162 0.761828
vt 0.417156 0.091338
vt 0.449495 0.079543
vt 0.427270 0.132738
vt 0.454570 0.121901
vt 0.259357 0.659627
vt 0.250536 0.630635
vt 0.293044 0.651523
vt 0.282703 0.620638
vt 0.276055 0.586018
vt 0.239689 0.594748
vt 0.241002 0.371249
vt 0.246959 0.350603
vt 0.269606 0.390690
vt 0.274868 0.371704
vt 0.283707 0.346593
vt 0.256644 0.321967
vt 0.420478 0.756335
vt 0.425782 0.722784
vt 0.399370 0.716064
vt 0.391791 0.747795
vt 0.384423 0.114149
vt 0.399422 0.155308
vt 0.361919 0.735906
vt 0.371828 0.705988
vt 0.340957 0.693884
vt 0.334963 0.725981
vt 0.231386 0.550262
vt 0.262443 0.545202
vt 0.259261 0.503939
vt 0.228134 0.501563
vt 0.272878 0.282868
vt 0.299146 0.314224
vt 0.323598 0.284641
vt 0.291725 0.244465
vt 0.279006 0.684518
vt 0.259087 0.684470
vt 0.253090 0.698054
vt 0.307385 0.216230
vt 0.333449 0.256002
vt 0.311895 0.710803
vt 0.297791 0.695258
vt 0.318476 0.671942
vt 0.232470 0.416048
vt 0.236505 0.390310
vt 0.263006 0.430749
vt 0.266145 0.408086
vt 0.229091 0.454618
vt 0.260149 0.463966
vt 0.316744 0.725690
vt 0.316643 0.641882
vt 0.305623 0.620974
vt 0.327035 0.642370
vt 0.317349 0.625524
vt 0.312390 0.609392
vt 0.300307 0.600839
vt 0.332857 0.661420
vt 0.341359 0.657689
vt 0.353495 0.676724
vt 0.359285 0.667756
vt 0.400244 0.690782
vt 0.376232 0.686343
vt 0.397797 0.666410
vt 0.377419 0.671080
vt 0.447443 0.695987
vt 0.424895 0.693667
vt 0.444766 0.666239
vt 0.422924 0.667452
vt 0.465637 0.697726
vt 0.463888 0.665684
vt 0.423110 0.643611
vt 0.404998 0.645817
vt 0.443073 0.639605
vt 0.439581 0.615555
vt 0.420604 0.621863
vt 0.405776 0.627271
vt 0.412197 0.599948
vt 0.399896 0.608792
vt 0.430260 0.589870
vt 0.412380 0.561636
vt 0.396446 0.580618
vt 0.387480 0.592657
vt 0.376760 0.551221
vt 0.372808 0.568683
vt 0.345387 0.546486
vt 0.347314 0.563690
vt 0.349184 0.577351
vt 0.368455 0.582131
vt 0.325071 0.565056
vt 0.332695 0.578343
vt 0.318820 0.547503
vt 0.300886 0.554422
vt 0.309171 0.572474
vt 0.320197 0.584523
vt 0.290160 0.566176
vt 0.301600 0.584554
vt 0.313156 0.595360
vt 0.380695 0.599351
vt 0.390961 0.613181
vt 0.377305 0.601933
vt 0.385588 0.613926
vt 0.389121 0.627234
vt 0.395816 0.629385
vt 0.394410 0.644347
vt 0.387519 0.639664
vt 0.381763 0.649292
vt 0.387862 0.656245
vt 0.350873 0.585376
vt 0.366147 0.589800
vt 0.352398 0.589646
vt 0.365479 0.593458
vt 0.361389 0.660909
vt 0.346525 0.653626
vt 0.361258 0.653824
vt 0.349283 0.647079
vt 0.339118 0.637581
vt 0.333388 0.641524
vt 0.327884 0.591245
vt 0.337615 0.585726
vt 0.333477 0.595532
vt 0.341457 0.590528
vt 0.320035 0.613173
vt 0.322079 0.600809
vt 0.327709 0.614303
vt 0.329040 0.603805
vt 0.324745 0.627735
vt 0.331652 0.626469
vt 0.375984 0.661928
vt 0.372588 0.654377
vt 0.344415 0.631528
vt 0.338955 0.622934
vt 0.347985 0.626633
vt 0.345989 0.620232
vt 0.344360 0.612893
vt 0.336430 0.614042
vt 0.354583 0.594181
vt 0.364744 0.597082
vt 0.357092 0.599360
vt 0.365029 0.601594
vt 0.371074 0.605010
vt 0.373710 0.603720
vt 0.379804 0.612831
vt 0.373706 0.610769
vt 0.375625 0.618644
vt 0.382395 0.623149
vt 0.376695 0.639818
vt 0.369737 0.643110
vt 0.373565 0.632854
vt 0.368428 0.632661
vt 0.361348 0.631806
vt 0.361268 0.642563
vt 0.352329 0.638221
vt 0.353767 0.629070
vt 0.339923 0.599161
vt 0.346015 0.595192
vt 0.344707 0.601582
vt 0.349866 0.599930
vt 0.381186 0.632694
vt 0.375192 0.626483
vt 0.336735 0.605595
vt 0.344269 0.606225
vt 0.352468 0.612428
vt 0.351698 0.605690
vt 0.360759 0.613250
vt 0.359257 0.605928
vt 0.368319 0.615243
vt 0.366726 0.607923
vt 0.368581 0.623202
vt 0.361301 0.621735
vt 0.353409 0.620237
vt 0.462481 0.637043
vt 0.460041 0.611317
vt 0.454546 0.583908
vt 0.448315 0.556948
vt 0.282735 0.538344
vt 0.280981 0.505460
vt 0.297997 0.532301
vt 0.298568 0.506844
vt 0.317035 0.528834
vt 0.318504 0.509050
vt 0.344407 0.529103
vt 0.345400 0.511610
vt 0.377105 0.532229
vt 0.410512 0.534048
vt 0.409432 0.511581
vt 0.376826 0.512946
vt 0.445416 0.532425
vt 0.444361 0.508250
vt 0.443415 0.482677
vt 0.437252 0.458593
vt 0.406542 0.470491
vt 0.409022 0.489682
vt 0.378911 0.477516
vt 0.377838 0.493926
vt 0.351924 0.478396
vt 0.348146 0.493663
vt 0.282138 0.471973
vt 0.284131 0.442787
vt 0.300792 0.479504
vt 0.303867 0.452858
vt 0.321570 0.487966
vt 0.326033 0.470564
vt 0.419379 0.442688
vt 0.400070 0.456684
vt 0.429016 0.422939
vt 0.404975 0.416234
vt 0.402436 0.433430
vt 0.392144 0.448269
vt 0.377059 0.458043
vt 0.378613 0.465967
vt 0.359541 0.461256
vt 0.356213 0.468179
vt 0.341760 0.457352
vt 0.333911 0.462022
vt 0.327281 0.446764
vt 0.317373 0.448693
vt 0.318452 0.432310
vt 0.309149 0.432503
vt 0.314603 0.416143
vt 0.305937 0.415329
vt 0.297150 0.411823
vt 0.298190 0.429769
vt 0.286502 0.404078
vt 0.285016 0.421511
vt 0.315918 0.399786
vt 0.306525 0.396728
vt 0.322719 0.385443
vt 0.312480 0.378260
vt 0.305215 0.370644
vt 0.298976 0.392287
vt 0.298103 0.361692
vt 0.290327 0.384857
vt 0.335005 0.376171
vt 0.326558 0.362061
vt 0.349868 0.371957
vt 0.346950 0.354079
vt 0.342144 0.335917
vt 0.319728 0.349302
vt 0.367879 0.373551
vt 0.370841 0.355884
vt 0.385852 0.383477
vt 0.397099 0.370867
vt 0.409605 0.349766
vt 0.370282 0.334870
vt 0.398720 0.398772
vt 0.417360 0.396520
vt 0.440599 0.388395
vt 0.392290 0.414371
vt 0.392055 0.429440
vt 0.385811 0.414570
vt 0.386337 0.427515
vt 0.382005 0.439809
vt 0.386336 0.443364
vt 0.322300 0.416359
vt 0.323401 0.401994
vt 0.326963 0.416575
vt 0.327816 0.403967
vt 0.332979 0.393522
vt 0.329227 0.390253
vt 0.375021 0.453035
vt 0.372528 0.448375
vt 0.360078 0.451483
vt 0.360500 0.456508
vt 0.339799 0.382971
vt 0.342452 0.387080
vt 0.353896 0.385647
vt 0.352755 0.381101
vt 0.377586 0.391188
vt 0.387451 0.401248
vt 0.374609 0.395204
vt 0.381691 0.403868
vt 0.333400 0.443937
vt 0.325369 0.430894
vt 0.336901 0.440421
vt 0.329918 0.429197
vt 0.366005 0.384362
vt 0.365100 0.388834
vt 0.345801 0.453012
vt 0.347484 0.448405
vt 0.380352 0.414731
vt 0.380916 0.425076
vt 0.375093 0.414627
vt 0.375678 0.422201
vt 0.373150 0.429528
vt 0.377660 0.434986
vt 0.355353 0.391045
vt 0.364231 0.393796
vt 0.357074 0.397318
vt 0.363573 0.399224
vt 0.368869 0.403221
vt 0.371695 0.399123
vt 0.341255 0.435502
vt 0.335688 0.426559
vt 0.346291 0.430283
vt 0.342065 0.423818
vt 0.340417 0.416224
vt 0.333169 0.416440
vt 0.370039 0.442096
vt 0.367742 0.435038
vt 0.360286 0.436840
vt 0.359961 0.444585
vt 0.333794 0.406147
vt 0.340949 0.408477
vt 0.344441 0.402083
vt 0.338067 0.397463
vt 0.377098 0.406090
vt 0.372859 0.408241
vt 0.345872 0.392111
vt 0.350292 0.397885
vt 0.349719 0.442034
vt 0.352566 0.435183
vt 0.369597 0.414786
vt 0.371081 0.419875
vt 0.359842 0.415574
vt 0.368214 0.423721
vt 0.360385 0.428169
vt 0.355139 0.429152
vt 0.352021 0.424587
vt 0.351054 0.407459
vt 0.353587 0.403440
vt 0.358620 0.404446
vt 0.365863 0.407853
vt 0.369375 0.410250
vt 0.348515 0.415956
vt 0.347159 0.410607
vt 0.365586 0.428752
vt 0.347648 0.421353
vt 0.362758 0.404002
vt 0.335735 0.317860
vt 0.313591 0.336016
vt 0.351036 0.276760
vt 0.366868 0.276403
vt 0.353845 0.293392
vt 0.379141 0.297126
vt 0.455700 0.371308
vt 0.442353 0.344314
vt 0.426745 0.295596
vt 0.439829 0.287959
vt 0.425357 0.276738
vt 0.409816 0.279589
vt 0.446845 0.279086
vt 0.435087 0.271509
vt 0.428102 0.261327
vt 0.416435 0.263952
vt 0.399636 0.263449
vt 0.425449 0.247635
vt 0.413146 0.248011
vt 0.427286 0.231519
vt 0.415613 0.228761
vt 0.402955 0.222529
vt 0.397898 0.244986
vt 0.424165 0.207486
vt 0.415165 0.196626
vt 0.434233 0.215121
vt 0.445448 0.201551
vt 0.439609 0.188998
vt 0.434822 0.175606
vt 0.461528 0.192868
vt 0.458870 0.178320
vt 0.457304 0.164025
vt 0.457088 0.149174
vt 0.432795 0.159964
vt 0.391271 0.209793
vt 0.409200 0.181732
vt 0.381287 0.235352
vt 0.379536 0.257635
vt 0.458737 0.297991
vt 0.447800 0.311800
vt 0.462901 0.285288
vt 0.388526 0.278242
vt 0.405368 0.298040
vt 0.361827 0.314063
vt 0.393782 0.318310
vt 0.424276 0.319048
vt 0.451362 0.272436
vt 0.441827 0.266677
vt 0.456566 0.266223
vt 0.448528 0.261467
vt 0.444475 0.254757
vt 0.435952 0.258167
vt 0.434054 0.246673
vt 0.442227 0.245799
vt 0.443310 0.235368
vt 0.435760 0.233436
vt 0.450463 0.209827
vt 0.464442 0.203403
vt 0.455151 0.215835
vt 0.467087 0.210162
vt 0.440858 0.220485
vt 0.446794 0.224601
vt 0.465225 0.276714
vt 0.467554 0.270433
vt 0.454435 0.239138
vt 0.454116 0.229470
vt 0.463143 0.224912
vt 0.464428 0.259676
vt 0.456439 0.257385
vt 0.456007 0.251794
vt 0.470467 0.217624
vt 0.451197 0.245866
vt 0.470747 0.264353
vt 0.066373 0.869769
vt 0.061176 0.869213
vt 0.074590 0.876432
vt 0.081459 0.876595
vt 0.136087 0.862870
vt 0.128998 0.858003
vt 0.140958 0.867109
vt 0.147663 0.869294
vt 0.207430 0.868268
vt 0.200152 0.865626
vt 0.213968 0.870908
vt 0.222850 0.872722
vt 0.240682 0.889212
vt 0.188626 0.864116
vt 0.165840 0.884237
vt 0.115142 0.854679
vt 0.089570 0.879782
vt 0.053438 0.867297
vt 0.045205 0.863107
vt 0.201411 0.700406
vt 0.170465 0.720966
vt 0.131449 0.759275
vt 0.147206 0.738594
vt 0.118370 0.783237
vt 0.102185 0.805668
vt 0.056123 0.830856
vt 0.080551 0.821823
vt 0.040957 0.834948
vt 0.033655 0.842047
vt 0.034484 0.852140
vt 0.033049 0.847342
vt 0.038353 0.857584
vt 0.257033 0.695249
vt 0.336159 0.772584
vt 0.343580 0.822845
vt 0.376988 0.825600
vt 0.371596 0.789084
vt 0.491583 0.685911
vt 0.441061 0.704019
vt 0.438227 0.684820
vt 0.348831 0.700481
vt 0.356252 0.750741
vt 0.330268 0.774783
vt 0.321543 0.715698
vt 0.314881 0.753605
vt 0.323606 0.812690
vt 0.417723 0.801487
vt 0.420557 0.820684
vt 0.470025 0.808582
vt 0.389038 0.689841
vt 0.394429 0.726358
vt 0.309845 0.734004
vt 0.319018 0.796129
vt 0.370928 0.867085
vt 0.396857 0.857742
vt 0.451507 0.720917
vt 0.383600 0.794981
vt 0.362417 0.826790
vt 0.355754 0.864697
vt 0.431004 0.837584
vt 0.414299 0.758500
vt 0.352822 0.850812
vt 0.413096 0.863801
vt 0.406109 0.889730
vt 0.414039 0.898569
vt 0.428179 0.880617
vt 0.467974 0.732943
vt 0.426710 0.826465
vt 0.406434 0.901709
vt 0.447470 0.849609
vt 0.445620 0.781374
vt 0.466185 0.890741
vt 0.467451 0.854932
vt 0.487955 0.738265
vt 0.483626 0.791498
vt 0.474591 0.880184
vt 0.470769 0.906954
vt 0.466349 0.912505
vt 0.479021 0.840401
vt 0.467929 0.918090
vt 0.522530 0.787332
vt 0.532568 0.834664
vt 0.536956 0.899865
vt 0.530876 0.911348
vt 0.505088 0.886574
vt 0.487904 0.852741
vt 0.508408 0.736074
vt 0.537538 0.873441
vt 0.519896 0.906769
vt 0.585694 0.882508
vt 0.566526 0.882235
vt 0.505715 0.843370
vt 0.556409 0.769508
vt 0.579198 0.810132
vt 0.594594 0.869540
vt 0.538968 0.868750
vt 0.526219 0.726704
vt 0.592356 0.844601
vt 0.611814 0.770536
vt 0.630698 0.798054
vt 0.624036 0.835961
vt 0.599142 0.842641
vt 0.518173 0.828246
vt 0.580106 0.740740
vt 0.634909 0.820597
vt 0.562664 0.839983
vt 0.538677 0.711580
vt 0.612777 0.794011
vt 0.572570 0.804651
vt 0.543885 0.693005
vt 0.625449 0.721907
vt 0.646727 0.740887
vt 0.640065 0.778794
vt 0.523382 0.809671
vt 0.590012 0.705408
vt 0.651763 0.760488
vt 0.541050 0.673807
vt 0.584620 0.668892
vt 0.638003 0.681801
vt 0.642590 0.698363
vt 0.605356 0.743750
vt 0.567179 0.768134
vt 0.618028 0.671646
vt 0.631340 0.719709
vt 0.520547 0.790473
vt 0.608786 0.643679
vt 0.599192 0.667702
vt 0.547310 0.735992
vt 0.510101 0.773576
vt 0.530605 0.656908
vt 0.564751 0.636749
vt 0.605853 0.629795
vt 0.578008 0.699511
vt 0.590680 0.627407
vt 0.493634 0.761549
vt 0.533429 0.613875
vt 0.547569 0.595923
vt 0.555499 0.604763
vt 0.548512 0.630690
vt 0.515988 0.713119
vt 0.514138 0.644882
vt 0.555174 0.592783
vt 0.534897 0.668027
vt 0.487017 0.614308
vt 0.482587 0.654091
vt 0.473654 0.756226
vt 0.495423 0.603751
vt 0.495259 0.581987
vt 0.490839 0.587538
vt 0.477982 0.702993
vt 0.494157 0.639559
vt 0.493679 0.576401
vt 0.473704 0.641751
vt 0.441712 0.587723
vt 0.430732 0.583144
vt 0.424070 0.621051
vt 0.429040 0.659827
vt 0.453200 0.758417
vt 0.456519 0.607918
vt 0.424653 0.594628
vt 0.439078 0.707161
vt 0.375914 0.611984
vt 0.367014 0.624952
vt 0.382410 0.684360
vt 0.405199 0.724984
vt 0.455892 0.651121
vt 0.395082 0.612256
vt 0.369252 0.649890
vt 0.435389 0.767788
vt 0.422641 0.625742
vt 0.381503 0.753752
vt 0.422931 0.782912
vt 0.443434 0.666245
vt 0.398944 0.654509
vt 0.337572 0.658530
vt 0.326699 0.673893
vt 0.349794 0.723955
vt 0.362466 0.651850
vt 0.330910 0.696438
vt 0.701541 0.783442
vt 0.704307 0.802170
vt 0.716754 0.803196
vt 0.714745 0.789590
vt 0.759453 0.751147
vt 0.740628 0.757894
vt 0.739572 0.750741
vt 0.706263 0.756576
vt 0.709028 0.775303
vt 0.699346 0.784261
vt 0.696096 0.762246
vt 0.693613 0.776371
vt 0.696864 0.798386
vt 0.731932 0.794212
vt 0.732989 0.801365
vt 0.751421 0.796855
vt 0.721244 0.752612
vt 0.723253 0.766218
vt 0.691737 0.769067
vt 0.695155 0.792215
vt 0.714496 0.818654
vt 0.724158 0.815173
vt 0.744521 0.764190
vt 0.719218 0.791787
vt 0.711325 0.803639
vt 0.708843 0.817764
vt 0.736881 0.807661
vt 0.730656 0.778194
vt 0.707750 0.812590
vt 0.730209 0.817430
vt 0.727605 0.827091
vt 0.730560 0.830385
vt 0.735829 0.823696
vt 0.750657 0.768671
vt 0.735281 0.803519
vt 0.727726 0.831555
vt 0.743017 0.812142
vt 0.742327 0.786717
vt 0.749990 0.827468
vt 0.750462 0.814125
vt 0.758101 0.770655
vt 0.756489 0.790490
vt 0.753122 0.823535
vt 0.751698 0.833509
vt 0.750051 0.835577
vt 0.754773 0.808711
vt 0.750640 0.837658
vt 0.770984 0.788937
vt 0.774724 0.806574
vt 0.776259 0.830601
vt 0.774094 0.835146
vt 0.764485 0.825916
vt 0.758083 0.813309
vt 0.765722 0.769838
vt 0.776498 0.820849
vt 0.770003 0.833440
vt 0.794284 0.824074
vt 0.787377 0.824299
vt 0.764719 0.809818
vt 0.783608 0.782296
vt 0.792048 0.797391
vt 0.796368 0.817815
vt 0.777109 0.819274
vt 0.772359 0.766347
vt 0.795796 0.809072
vt 0.804252 0.782679
vt 0.810721 0.792660
vt 0.808796 0.807049
vt 0.799530 0.809546
vt 0.769361 0.804182
vt 0.792437 0.771577
vt 0.812142 0.800906
vt 0.785938 0.808555
vt 0.777001 0.760711
vt 0.804611 0.791426
vt 0.789630 0.795390
vt 0.778941 0.753790
vt 0.809332 0.764560
vt 0.817261 0.771632
vt 0.814778 0.785756
vt 0.771301 0.797261
vt 0.796129 0.758412
vt 0.819137 0.778935
vt 0.777885 0.746637
vt 0.794120 0.744806
vt 0.814010 0.749616
vt 0.815719 0.755787
vt 0.801846 0.772699
vt 0.787621 0.781784
vt 0.806567 0.745832
vt 0.811528 0.763741
vt 0.770245 0.790107
vt 0.803124 0.735411
vt 0.799549 0.744363
vt 0.780217 0.769808
vt 0.766353 0.783812
vt 0.773993 0.740341
vt 0.786716 0.732829
vt 0.802031 0.730238
vt 0.791656 0.756215
vt 0.796377 0.729348
vt 0.760217 0.779330
vt 0.775046 0.724306
vt 0.780314 0.717617
vt 0.783269 0.720911
vt 0.780665 0.730571
vt 0.768546 0.761285
vt 0.767857 0.735860
vt 0.783147 0.716447
vt 0.775592 0.744483
vt 0.757752 0.724468
vt 0.756101 0.739291
vt 0.752773 0.777347
vt 0.760884 0.720534
vt 0.760823 0.712425
vt 0.759176 0.714493
vt 0.754385 0.757512
vt 0.760412 0.733877
vt 0.760234 0.710343
vt 0.752792 0.734693
vt 0.740871 0.714562
vt 0.736780 0.712856
vt 0.734297 0.726980
vt 0.736149 0.741428
vt 0.745152 0.778163
vt 0.746388 0.722087
vt 0.734514 0.717134
vt 0.739890 0.759065
vt 0.716355 0.723601
vt 0.713038 0.728434
vt 0.718775 0.750569
vt 0.727266 0.765706
vt 0.746155 0.738184
vt 0.723496 0.723703
vt 0.713872 0.737725
vt 0.738515 0.781655
vt 0.733765 0.728728
vt 0.718437 0.776425
vt 0.733873 0.787290
vt 0.741513 0.743820
vt 0.724935 0.739447
vt 0.702068 0.740945
vt 0.698016 0.746669
vt 0.706622 0.765323
vt 0.711344 0.738456
vt 0.699586 0.755070
vt 0.260865 0.783442
vt 0.247661 0.789590
vt 0.245652 0.803196
vt 0.258100 0.802170
vt 0.202953 0.751147
vt 0.222834 0.750741
vt 0.221778 0.757894
vt 0.256143 0.756576
vt 0.266311 0.762246
vt 0.263060 0.784261
vt 0.253378 0.775303
vt 0.268793 0.776371
vt 0.265543 0.798386
vt 0.230474 0.794212
vt 0.210986 0.796855
vt 0.229418 0.801365
vt 0.241162 0.752612
vt 0.239153 0.766218
vt 0.270670 0.769067
vt 0.267252 0.792215
vt 0.238249 0.815173
vt 0.247910 0.818654
vt 0.217886 0.764190
vt 0.251081 0.803639
vt 0.243188 0.791787
vt 0.253564 0.817764
vt 0.225525 0.807661
vt 0.231750 0.778194
vt 0.254657 0.812590
vt 0.234801 0.827091
vt 0.232198 0.817430
vt 0.226578 0.823696
vt 0.231847 0.830385
vt 0.211750 0.768671
vt 0.227125 0.803519
vt 0.234680 0.831555
vt 0.219390 0.812142
vt 0.220079 0.786717
vt 0.211945 0.814125
vt 0.212417 0.827468
vt 0.205918 0.790490
vt 0.204305 0.770655
vt 0.210709 0.833509
vt 0.209285 0.823535
vt 0.212356 0.835577
vt 0.207634 0.808711
vt 0.211767 0.837658
vt 0.187682 0.806574
vt 0.191422 0.788937
vt 0.188312 0.835146
vt 0.186148 0.830601
vt 0.204324 0.813309
vt 0.197921 0.825916
vt 0.196684 0.769838
vt 0.185909 0.820849
vt 0.192404 0.833440
vt 0.175029 0.824299
vt 0.168122 0.824074
vt 0.197687 0.809818
vt 0.170359 0.797391
vt 0.178799 0.782296
vt 0.166038 0.817815
vt 0.185298 0.819274
vt 0.190048 0.766347
vt 0.166610 0.809072
vt 0.151686 0.792660
vt 0.158155 0.782679
vt 0.162876 0.809546
vt 0.153611 0.807049
vt 0.193045 0.804182
vt 0.169969 0.771577
vt 0.150264 0.800906
vt 0.176468 0.808555
vt 0.185406 0.760711
vt 0.172777 0.795390
vt 0.157796 0.791426
vt 0.183465 0.753790
vt 0.145146 0.771632
vt 0.153074 0.764560
vt 0.147628 0.785756
vt 0.191105 0.797261
vt 0.166278 0.758412
vt 0.143269 0.778935
vt 0.168287 0.744806
vt 0.184521 0.746637
vt 0.146687 0.755787
vt 0.148397 0.749616
vt 0.174786 0.781784
vt 0.160561 0.772699
vt 0.155839 0.745832
vt 0.150879 0.763741
vt 0.192161 0.790107
vt 0.162858 0.744363
vt 0.159282 0.735411
vt 0.196053 0.783812
vt 0.182189 0.769808
vt 0.175690 0.732829
vt 0.188414 0.740341
vt 0.160375 0.730238
vt 0.170751 0.756215
vt 0.166029 0.729348
vt 0.202189 0.779330
vt 0.182092 0.717617
vt 0.187361 0.724306
vt 0.181741 0.730571
vt 0.179138 0.720911
vt 0.193860 0.761285
vt 0.194549 0.735860
vt 0.179259 0.716447
vt 0.186814 0.744483
vt 0.206305 0.739291
vt 0.204655 0.724468
vt 0.209634 0.777347
vt 0.201584 0.712425
vt 0.201522 0.720534
vt 0.203230 0.714493
vt 0.208021 0.757512
vt 0.201994 0.733877
vt 0.202172 0.710343
vt 0.209615 0.734693
vt 0.225627 0.712856
vt 0.221535 0.714562
vt 0.226257 0.741428
vt 0.228109 0.726980
vt 0.217255 0.778163
vt 0.216018 0.722087
vt 0.227892 0.717134
vt 0.222517 0.759065
vt 0.249368 0.728434
vt 0.246052 0.723601
vt 0.235140 0.765706
vt 0.243632 0.750569
vt 0.216252 0.738184
vt 0.238910 0.723703
vt 0.248534 0.737725
vt 0.223891 0.781655
vt 0.228642 0.728728
vt 0.228533 0.787290
vt 0.243970 0.776425
vt 0.237471 0.739447
vt 0.220894 0.743820
vt 0.264390 0.746669
vt 0.260338 0.740945
vt 0.255785 0.765323
vt 0.251063 0.738456
vt 0.262821 0.755070
s 1
usemtl M_Alien_Body_Grey
f 1425/1425/1449 2477/1426/1450 4615/1427/1451 2481/1428/1452
f 2477/1426/1450 1426/1429/1453 2479/1430/1454 4615/1427/1451
f 4615/1427/1451 2479/1430/1454 1427/1431/1455 2482/1432/1456
f 2481/1428/1452 4615/1427/1451 2482/1432/1456 1428/1433/1457
f 1427/1431/1455 2484/1434/1458 4616/1435/1459 2482/1432/1456
f 2484/1434/1458 1430/1436/1460 2485/1437/1461 4616/1435/1459
f 4616/1435/1459 2485/1437/1461 1429/1438/1462 2478/1439/1463
f 2482/1432/1456 4616/1435/1459 2478/1439/1463 1428/1433/1457
f 1429/1438/1462 2485/1437/1461 4617/1440/1464 2486/1441/1465
f 2485/1437/1461 1430/1436/1460 2480/1442/1466 4617/1440/1464
f 4617/1440/1464 2480/1442/1466 1431/1443/1467 2487/1444/1468
f 2486/1441/1465 4617/1440/1464 2487/1444/1468 1432/1445/1469
f 1431/1443/1467 2488/1446/1470 4618/1447/1471 2487/1444/1468
f 2488/1446/1470 1434/1448/1472 2489/1449/1473 4618/1447/1471
f 4618/1447/1471 2489/1449/1473 1433/1450/1474 2483/1451/1475
f 2487/1444/1468 4618/1447/1471 2483/1451/1475 1432/1445/1469
f 1434/1448/1472 2488/1446/1470 4619/1452/1476 2490/1453/1477
f 2488/1446/1470 1431/1443/1467 2480/1442/1466 4619/1452/1476
f 4619/1452/1476 2480/1442/1466 1430/1436/1460 2491/1454/1478
f 2490/1453/1477 4619/1452/1476 2491/1454/1478 1435/1455/1479
f 1435/1455/1479 2491/1454/1478 4620/1456/1480 2492/1457/1481
f 2491/1454/1478 1430/1436/1460 2484/1434/1458 4620/1456/1480
f 4620/1456/1480 2484/1434/1458 1427/1431/1455 2479/1430/1454
f 2492/1457/1481 4620/1456/1480 2479/1430/1454 1426/1429/1453
f 1425/1425/1449 2481/1428/1452 4621/1458/1482 2493/1459/1483
f 2481/1428/1452 1428/1433/1457 2497/1460/1484 4621/1458/1482
f 4621/1458/1482 2497/1460/1484 1437/1461/1485 2495/1462/1486
f 2493/1459/1483 4621/1458/1482 2495/1462/1486 1436/1463/1487
f 1437/1461/1485 2497/1460/1484 4622/1464/1488 2496/1465/1489
f 2497/1460/1484 1428/1433/1457 2478/1439/1463 4622/1464/1488
f 4622/1464/1488 2478/1439/1463 1429/1438/1462 2499/1466/1490
f 2496/1465/1489 4622/1464/1488 2499/1466/1490 1438/1467/1491
f 1429/1438/1462 2486/1441/1465 4623/1468/1492 2499/1466/1490
f 2486/1441/1465 1432/1445/1469 2501/1469/1493 4623/1468/1492
f 4623/1468/1492 2501/1469/1493 1439/1470/1494 2494/1471/1495
f 2499/1466/1490 4623/1468/1492 2494/1471/1495 1438/1467/1491
f 1439/1470/1494 2501/1469/1493 4624/1472/1496 2500/1473/1497
f 2501/1469/1493 1432/1445/1469 2483/1451/1475 4624/1472/1496
f 4624/1472/1496 2483/1451/1475 1433/1450/1474 2503/1474/1498
f 2500/1473/1497 4624/1472/1496 2503/1474/1498 1440/1475/1499
f 1688/1476/1500 2502/1477/1501 4625/1478/1502 2999/1479/1503
f 2502/1477/1501 1441/1480/1504 2504/1481/1505 4625/1478/1502
f 4625/1478/1502 2504/1481/1505 1442/1482/1506 2984/1483/1507
f 2999/1479/1503 4625/1478/1502 2984/1483/1507 1695/1484/1508
f 1441/1480/1504 2505/1485/1509 4626/1486/1510 2504/1481/1505
f 2505/1485/1509 1443/1487/1511 2508/1488/1512 4626/1486/1510
f 4626/1486/1510 2508/1488/1512 1444/1489/1513 2509/1490/1514
f 2504/1481/1505 4626/1486/1510 2509/1490/1514 1442/1482/1506
f 1444/1489/1513 2507/1491/1515 4627/1492/1516 2509/1490/1514
f 2507/1491/1515 1445/1493/1517 2510/1494/1518 4627/1492/1516
f 4627/1492/1516 2510/1494/1518 1446/1495/1519 2512/1496/1520
f 2509/1490/1514 4627/1492/1516 2512/1496/1520 1442/1482/1506
f 1449/1497/1521 2514/1498/1522 4628/1499/1523 2515/1500/1524
f 2514/1498/1522 1438/1467/1491 2494/1471/1495 4628/1499/1523
f 4628/1499/1523 2494/1471/1495 1439/1470/1494 2506/1501/1525
f 2515/1500/1524 4628/1499/1523 2506/1501/1525 1448/1502/1526
f 1504/1503/1527 2605/1504/1528 4629/1505/1529 2612/1506/1530
f 2605/1504/1528 1449/1497/1521 2515/1500/1524 4629/1505/1529
f 4629/1505/1529 2515/1500/1524 1448/1502/1526 2513/1507/1531
f 2612/1506/1530 4629/1505/1529 2513/1507/1531 1505/1508/1532
f 1440/1475/1499 2498/1509/1533 4630/1510/1534 2500/1473/1497
f 2498/1509/1533 1447/1511/1535 2516/1512/1536 4630/1510/1534
f 4630/1510/1534 2516/1512/1536 1448/1502/1526 2506/1501/1525
f 2500/1473/1497 4630/1510/1534 2506/1501/1525 1439/1470/1494
f 1436/1463/1487 2495/1462/1486 4631/1513/1537 2517/1514/1538
f 2495/1462/1486 1437/1461/1485 2521/1515/1539 4631/1513/1537
f 4631/1513/1537 2521/1515/1539 1451/1516/1540 2519/1517/1541
f 2517/1514/1538 4631/1513/1537 2519/1517/1541 1450/1518/1542
f 1451/1516/1540 2521/1515/1539 4632/1519/1543 2520/1520/1544
f 2521/1515/1539 1437/1461/1485 2496/1465/1489 4632/1519/1543
f 4632/1519/1543 2496/1465/1489 1438/1467/1491 2523/1521/1545
f 2520/1520/1544 4632/1519/1543 2523/1521/1545 1452/1522/1546
f 1438/1467/1491 2514/1498/1522 4633/1523/1547 2523/1521/1545
f 2514/1498/1522 1449/1497/1521 2525/1524/1548 4633/1523/1547
f 4633/1523/1547 2525/1524/1548 1453/1525/1549 2518/1526/1550
f 2523/1521/1545 4633/1523/1547 2518/1526/1550 1452/1522/1546
f 1482/1527/1551 2575/1528/1552 4634/1529/1553 2524/1530/1554
f 2575/1528/1552 1483/1531/1555 2572/1532/1556 4634/1529/1553
f 4634/1529/1553 2572/1532/1556 1455/1533/1557 2526/1534/1558
f 2524/1530/1554 4634/1529/1553 2526/1534/1558 1454/1535/1559
f 1454/1535/1559 2526/1534/1558 4635/1536/1560 2527/1537/1561
f 2526/1534/1558 1455/1533/1557 2531/1538/1562 4635/1536/1560
f 4635/1536/1560 2531/1538/1562 1457/1539/1563 2530/1540/1564
f 2527/1537/1561 4635/1536/1560 2530/1540/1564 1456/1541/1565
f 1457/1539/1563 2533/1542/1566 4636/1543/1567 2530/1540/1564
f 2533/1542/1566 1459/1544/1568 2534/1545/1569 4636/1543/1567
f 4636/1543/1567 2534/1545/1569 1458/1546/1570 2522/1547/1571
f 2530/1540/1564 4636/1543/1567 2522/1547/1571 1456/1541/1565
f 1458/1546/1570 2534/1545/1569 4637/1548/1572 2532/1549/1573
f 2534/1545/1569 1459/1544/1568 2537/1550/1574 4637/1548/1572
f 4637/1548/1572 2537/1550/1574 1461/1551/1575 2536/1552/1576
f 2532/1549/1573 4637/1548/1572 2536/1552/1576 1460/1553/1577
f 1506/1554/1578 2619/1555/1579 4638/1556/1580 2535/1557/1581
f 2619/1555/1579 1507/1558/1582 2616/1559/1583 4638/1556/1580
f 4638/1556/1580 2616/1559/1583 1463/1560/1584 2538/1561/1585
f 2535/1557/1581 4638/1556/1580 2538/1561/1585 1462/1562/1586
f 1463/1560/1584 2539/1563/1587 4639/1564/1588 2538/1561/1585
f 2539/1563/1587 1464/1565/1589 2541/1566/1590 4639/1564/1588
f 4639/1564/1588 2541/1566/1590 1465/1567/1591 2543/1568/1592
f 2538/1561/1585 4639/1564/1588 2543/1568/1592 1462/1562/1586
f 1510/1569/1593 2624/1570/1594 4640/1571/1595 2627/1572/1596
f 2624/1570/1594 1467/1573/1597 2546/1574/1598 4640/1571/1595
f 4640/1571/1595 2546/1574/1598 1466/1575/1599 2529/1576/1600
f 2627/1572/1596 4640/1571/1595 2529/1576/1600 1509/1577/1601
f 1516/1578/1602 2649/1579/1603 4641/1580/1604 2544/1581/1605
f 2649/1579/1603 1517/1582/1606 2630/1583/1607 4641/1580/1604
f 4641/1580/1604 2630/1583/1607 1469/1584/1608 2547/1585/1609
f 2544/1581/1605 4641/1580/1604 2547/1585/1609 1468/1586/1610
f 1468/1586/1610 2547/1585/1609 4642/1587/1611 2551/1588/1612
f 2547/1585/1609 1469/1584/1608 2542/1589/1613 4642/1587/1611
f 4642/1587/1611 2542/1589/1613 1470/1590/1614 2552/1591/1615
f 2551/1588/1612 4642/1587/1611 2552/1591/1615 1471/1592/1616
f 1470/1590/1614 2554/1593/1617 4643/1594/1618 2552/1591/1615
f 2554/1593/1617 1473/1595/1619 2555/1596/1620 4643/1594/1618
f 4643/1594/1618 2555/1596/1620 1472/1597/1621 2548/1598/1622
f 2552/1591/1615 4643/1594/1618 2548/1598/1622 1471/1592/1616
f 1472/1597/1621 2553/1599/1623 4644/1600/1624 2548/1598/1622
f 2553/1599/1623 1474/1601/1625 2556/1602/1626 4644/1600/1624
f 4644/1600/1624 2556/1602/1626 1475/1603/1627 2558/1604/1628
f 2548/1598/1622 4644/1600/1624 2558/1604/1628 1471/1592/1616
f 1475/1603/1627 2557/1605/1629 4645/1606/1630 2558/1604/1628
f 2557/1605/1629 1476/1607/1631 2560/1608/1632 4645/1606/1630
f 4645/1606/1630 2560/1608/1632 1468/1586/1610 2551/1588/1612
f 2558/1604/1628 4645/1606/1630 2551/1588/1612 1471/1592/1616
f 1516/1578/1602 2648/1609/1633 4646/1610/1634 2637/1611/1635
f 2648/1609/1633 1518/1612/1636 2559/1613/1637 4646/1610/1634
f 4646/1610/1634 2559/1613/1637 1454/1535/1559 2527/1537/1561
f 2637/1611/1635 4646/1610/1634 2527/1537/1561 1456/1541/1565
f 1522/1614/1638 2647/1615/1639 4647/1616/1640 2574/1617/1641
f 2647/1615/1639 1519/1618/1642 2640/1619/1643 4647/1616/1640
f 4647/1616/1640 2640/1619/1643 1452/1522/1546 2571/1620/1644
f 2574/1617/1641 4647/1616/1640 2571/1620/1644 1482/1527/1551
f 1519/1618/1642 2563/1621/1645 4648/1622/1646 2646/1623/1647
f 2563/1621/1645 1477/1624/1648 2561/1625/1649 4648/1622/1646
f 4648/1622/1646 2561/1625/1649 1478/1626/1650 2641/1627/1651
f 2646/1623/1647 4648/1622/1646 2641/1627/1651 1520/1628/1652
f 1520/1628/1652 2645/1629/1653 4649/1630/1654 2565/1631/1655
f 2645/1629/1653 1521/1632/1656 2642/1633/1657 4649/1630/1654
f 4649/1630/1654 2642/1633/1657 1450/1518/1542 2519/1517/1541
f 2565/1631/1655 4649/1630/1654 2519/1517/1541 1451/1516/1540
f 1479/1634/1658 2564/1635/1659 4650/1636/1660 2566/1637/1661
f 2564/1635/1659 1478/1626/1650 2570/1638/1662 4650/1636/1660
f 4650/1636/1660 2570/1638/1662 1481/1639/1663 2569/1640/1664
f 2566/1637/1661 4650/1636/1660 2569/1640/1664 1480/1641/1665
f 1481/1639/1663 2568/1642/1666 4651/1643/1667 2569/1640/1664
f 2568/1642/1666 1475/1603/1627 2556/1602/1626 4651/1643/1667
f 4651/1643/1667 2556/1602/1626 1474/1601/1625 2562/1644/1668
f 2569/1640/1664 4651/1643/1667 2562/1644/1668 1480/1641/1665
f 1518/1612/1636 2644/1645/1669 4652/1646/1670 2559/1613/1637
f 2644/1645/1669 1522/1614/1638 2574/1617/1641 4652/1646/1670
f 4652/1646/1670 2574/1617/1641 1482/1527/1551 2524/1530/1554
f 2559/1613/1637 4652/1646/1670 2524/1530/1554 1454/1535/1559
f 1452/1522/1546 2518/1526/1550 4653/1647/1671 2571/1620/1644
f 2518/1526/1550 1453/1525/1549 2528/1648/1672 4653/1647/1671
f 4653/1647/1671 2528/1648/1672 1483/1531/1555 2575/1528/1552
f 2571/1620/1644 4653/1647/1671 2575/1528/1552 1482/1527/1551
f 1484/1649/1673 2576/1650/1674 4654/1651/1675 2573/1652/1676
f 2576/1650/1674 1481/1639/1663 2570/1638/1662 4654/1651/1675
f 4654/1651/1675 2570/1638/1662 1478/1626/1650 2561/1625/1649
f 2573/1652/1676 4654/1651/1675 2561/1625/1649 1477/1624/1648
f 1484/1649/1673 2550/1653/1677 4655/1654/1678 2576/1650/1674
f 2550/1653/1677 1476/1607/1631 2557/1605/1629 4655/1654/1678
f 4655/1654/1678 2557/1605/1629 1475/1603/1627 2568/1642/1666
f 2576/1650/1674 4655/1654/1678 2568/1642/1666 1481/1639/1663
f 1473/1595/1619 2554/1593/1617 4656/1655/1679 2577/1656/1680
f 2554/1593/1617 1470/1590/1614 2581/1657/1681 4656/1655/1679
f 4656/1655/1679 2581/1657/1681 1486/1658/1682 2580/1659/1683
f 2577/1656/1680 4656/1655/1679 2580/1659/1683 1485/1660/1684
f 1470/1590/1614 2542/1589/1613 4657/1661/1685 2581/1657/1681
f 2542/1589/1613 1469/1584/1608 2583/1662/1686 4657/1661/1685
f 4657/1661/1685 2583/1662/1686 1487/1663/1687 2578/1664/1688
f 2581/1657/1681 4657/1661/1685 2578/1664/1688 1486/1658/1682
f 1458/1546/1570 2532/1549/1573 4658/1665/1689 2582/1666/1690
f 2532/1549/1573 1460/1553/1577 2586/1667/1691 4658/1665/1689
f 4658/1665/1689 2586/1667/1691 1489/1668/1692 2584/1669/1693
f 2582/1666/1690 4658/1665/1689 2584/1669/1693 1488/1670/1694
f 1489/1668/1692 2586/1667/1691 4659/1671/1695 2585/1672/1696
f 2586/1667/1691 1460/1553/1577 2589/1673/1697 4659/1671/1695
f 4659/1671/1695 2589/1673/1697 1491/1674/1698 2587/1675/1699
f 2585/1672/1696 4659/1671/1695 2587/1675/1699 1490/1676/1700
f 1490/1676/1700 2587/1675/1699 4660/1677/1701 2588/1678/1702
f 2587/1675/1699 1491/1674/1698 2592/1679/1703 4660/1677/1701
f 4660/1677/1701 2592/1679/1703 1493/1680/1704 2591/1681/1705
f 2588/1678/1702 4660/1677/1701 2591/1681/1705 1492/1682/1706
f 1493/1680/1704 2594/1683/1707 4661/1684/1708 2591/1681/1705
f 2594/1683/1707 1495/1685/1709 2595/1686/1710 4661/1684/1708
f 4661/1684/1708 2595/1686/1710 1494/1687/1711 2579/1688/1712
f 2591/1681/1705 4661/1684/1708 2579/1688/1712 1492/1682/1706
f 1461/1551/1575 2593/1689/1713 4662/1690/1714 2536/1552/1576
f 2593/1689/1713 1496/1691/1715 2596/1692/1716 4662/1690/1714
f 4662/1690/1714 2596/1692/1716 1497/1693/1717 2598/1694/1718
f 2536/1552/1576 4662/1690/1714 2598/1694/1718 1460/1553/1577
f 1690/1695/1719 2979/1696/1720 4663/1697/1721 2998/1698/1722
f 2979/1696/1720 1498/1699/1723 2600/1700/1724 4663/1697/1721
f 4663/1697/1721 2600/1700/1724 1499/1701/1725 2601/1702/1726
f 2998/1698/1722 4663/1697/1721 2601/1702/1726 1691/1703/1727
f 1499/1701/1725 2600/1700/1724 4664/1704/1728 2599/1705/1729
f 2600/1700/1724 1498/1699/1723 2603/1706/1730 4664/1704/1728
f 4664/1704/1728 2603/1706/1730 1466/1575/1599 2546/1574/1598
f 2599/1705/1729 4664/1704/1728 2546/1574/1598 1467/1573/1597
f 1459/1544/1568 2602/1707/1731 4665/1708/1732 2537/1550/1574
f 2602/1707/1731 1500/1709/1733 2590/1710/1734 4665/1708/1732
f 4665/1708/1732 2590/1710/1734 1496/1691/1715 2593/1689/1713
f 2537/1550/1574 4665/1708/1732 2593/1689/1713 1461/1551/1575
f 1692/1711/1735 2981/1712/1736 4666/1713/1737 2997/1714/1738
f 2981/1712/1736 1466/1575/1599 2603/1706/1730 4666/1713/1737
f 4666/1713/1737 2603/1706/1730 1498/1699/1723 2979/1696/1720
f 2997/1714/1738 4666/1713/1737 2979/1696/1720 1690/1695/1719
f 1697/1715/1739 2986/1716/1740 4667/1717/1741 2996/1718/1742
f 2986/1716/1740 1511/1719/1743 2606/1720/1744 4667/1717/1741
f 4667/1717/1741 2606/1720/1744 1501/1721/1745 2982/1722/1746
f 2996/1718/1742 4667/1717/1741 2982/1722/1746 1693/1723/1747
f 1693/1723/1747 2995/1724/1748 4668/1725/1749 2608/1726/1750
f 2995/1724/1748 1694/1727/1751 2983/1728/1752 4668/1725/1749
f 4668/1725/1749 2983/1728/1752 1462/1562/1586 2543/1568/1592
f 2608/1726/1750 4668/1725/1749 2543/1568/1592 1465/1567/1591
f 1689/1729/1753 2978/1730/1754 4669/1731/1755 2994/1732/1756
f 2978/1730/1754 1504/1503/1527 2612/1506/1530 4669/1731/1755
f 4669/1731/1755 2612/1506/1530 1505/1508/1532 2611/1733/1757
f 2994/1732/1756 4669/1731/1755 2611/1733/1757 1695/1484/1508
f 1447/1511/1535 2609/1734/1758 4670/1735/1759 2516/1512/1536
f 2609/1734/1758 1503/1736/1760 2613/1737/1761 4670/1735/1759
f 4670/1735/1759 2613/1737/1761 1505/1508/1532 2513/1507/1531
f 2516/1512/1536 4670/1735/1759 2513/1507/1531 1448/1502/1526
f 1696/1738/1762 2993/1739/1763 4671/1740/1764 2618/1741/1765
f 2993/1739/1763 1689/1729/1753 2511/1742/1766 4671/1740/1764
f 4671/1740/1764 2511/1742/1766 1446/1495/1519 2615/1743/1767
f 2618/1741/1765 4671/1740/1764 2615/1743/1767 1506/1554/1578
f 1694/1727/1751 2992/1744/1768 4672/1745/1769 2983/1728/1752
f 2992/1744/1768 1696/1738/1762 2618/1741/1765 4672/1745/1769
f 4672/1745/1769 2618/1741/1765 1506/1554/1578 2535/1557/1581
f 2983/1728/1752 4672/1745/1769 2535/1557/1581 1462/1562/1586
f 1446/1495/1519 2510/1494/1518 4673/1746/1770 2615/1743/1767
f 2510/1494/1518 1445/1493/1517 2540/1747/1771 4673/1746/1770
f 4673/1746/1770 2540/1747/1771 1507/1558/1582 2619/1555/1579
f 2615/1743/1767 4673/1746/1770 2619/1555/1579 1506/1554/1578
f 1453/1525/1549 2525/1524/1548 4674/1748/1772 2620/1749/1773
f 2525/1524/1548 1449/1497/1521 2605/1504/1528 4674/1748/1772
f 4674/1748/1772 2605/1504/1528 1504/1503/1527 2614/1750/1774
f 2620/1749/1773 4674/1748/1772 2614/1750/1774 1508/1751/1775
f 1483/1531/1555 2528/1648/1672 4675/1752/1776 2621/1753/1777
f 2528/1648/1672 1453/1525/1549 2620/1749/1773 4675/1752/1776
f 4675/1752/1776 2620/1749/1773 1508/1751/1775 2617/1754/1778
f 2621/1753/1777 4675/1752/1776 2617/1754/1778 1502/1755/1779
f 1455/1533/1557 2572/1532/1556 4676/1756/1780 2622/1757/1781
f 2572/1532/1556 1483/1531/1555 2621/1753/1777 4676/1756/1780
f 4676/1756/1780 2621/1753/1777 1502/1755/1779 2607/1758/1782
f 2622/1757/1781 4676/1756/1780 2607/1758/1782 1501/1721/1745
f 1692/1711/1735 2604/1759/1783 4677/1760/1784 2991/1761/1785
f 2604/1759/1783 1500/1709/1733 2625/1762/1786 4677/1760/1784
f 4677/1760/1784 2625/1762/1786 1511/1719/1743 2986/1716/1740
f 2991/1761/1785 4677/1760/1784 2986/1716/1740 1697/1715/1739
f 1464/1565/1589 2545/1763/1787 4678/1764/1788 2541/1566/1590
f 2545/1763/1787 1510/1569/1593 2627/1572/1596 4678/1764/1788
f 4678/1764/1788 2627/1572/1596 1509/1577/1601 2623/1765/1789
f 2541/1566/1590 4678/1764/1788 2623/1765/1789 1465/1567/1591
f 1457/1539/1563 2531/1538/1562 4679/1766/1790 2628/1767/1791
f 2531/1538/1562 1455/1533/1557 2622/1757/1781 4679/1766/1790
f 4679/1766/1790 2622/1757/1781 1501/1721/1745 2606/1720/1744
f 2628/1767/1791 4679/1766/1790 2606/1720/1744 1511/1719/1743
f 1457/1539/1563 2628/1767/1791 4680/1768/1792 2533/1542/1566
f 2628/1767/1791 1511/1719/1743 2625/1762/1786 4680/1768/1792
f 4680/1768/1792 2625/1762/1786 1500/1709/1733 2602/1707/1731
f 2533/1542/1566 4680/1768/1792 2602/1707/1731 1459/1544/1568
f 1487/1663/1687 2629/1769/1793 4681/1770/1794 2578/1664/1688
f 2629/1769/1793 1512/1771/1795 2631/1772/1796 4681/1770/1794
f 4681/1770/1794 2631/1772/1796 1513/1773/1797 2633/1774/1798
f 2578/1664/1688 4681/1770/1794 2633/1774/1798 1486/1658/1682
f 1513/1773/1797 2631/1772/1796 4682/1775/1799 2632/1776/1800
f 2631/1772/1796 1512/1771/1795 2636/1777/1801 4682/1775/1799
f 4682/1775/1799 2636/1777/1801 1515/1778/1802 2634/1779/1803
f 2632/1776/1800 4682/1775/1799 2634/1779/1803 1514/1780/1804
f 1552/1781/1805 2635/1782/1806 4683/1783/1807 2717/1784/1808
f 2635/1782/1806 1488/1670/1694 2584/1669/1693 4683/1783/1807
f 4683/1783/1807 2584/1669/1693 1489/1668/1692 2710/1785/1809
f 2717/1784/1808 4683/1783/1807 2710/1785/1809 1553/1786/1810
f 1476/1607/1631 2550/1653/1677 4684/1787/1811 2639/1788/1812
f 2550/1653/1677 1484/1649/1673 2643/1789/1813 4684/1787/1811
f 4684/1787/1811 2643/1789/1813 1522/1614/1638 2644/1645/1669
f 2639/1788/1812 4684/1787/1811 2644/1645/1669 1518/1612/1636
f 1478/1626/1650 2564/1635/1659 4685/1790/1814 2641/1627/1651
f 2564/1635/1659 1479/1634/1658 2567/1791/1815 4685/1790/1814
f 4685/1790/1814 2567/1791/1815 1521/1632/1656 2645/1629/1653
f 2641/1627/1651 4685/1790/1814 2645/1629/1653 1520/1628/1652
f 1452/1522/1546 2640/1619/1643 4686/1792/1816 2520/1520/1544
f 2640/1619/1643 1519/1618/1642 2646/1623/1647 4686/1792/1816
f 4686/1792/1816 2646/1623/1647 1520/1628/1652 2565/1631/1655
f 2520/1520/1544 4686/1792/1816 2565/1631/1655 1451/1516/1540
f 1484/1649/1673 2573/1652/1676 4687/1793/1817 2643/1789/1813
f 2573/1652/1676 1477/1624/1648 2563/1621/1645 4687/1793/1817
f 4687/1793/1817 2563/1621/1645 1519/1618/1642 2647/1615/1639
f 2643/1789/1813 4687/1793/1817 2647/1615/1639 1522/1614/1638
f 1468/1586/1610 2560/1608/1632 4688/1794/1818 2544/1581/1605
f 2560/1608/1632 1476/1607/1631 2639/1788/1812 4688/1794/1818
f 4688/1794/1818 2639/1788/1812 1518/1612/1636 2648/1609/1633
f 2544/1581/1605 4688/1794/1818 2648/1609/1633 1516/1578/1602
f 1456/1541/1565 2522/1547/1571 4689/1795/1819 2637/1611/1635
f 2522/1547/1571 1458/1546/1570 2549/1796/1820 4689/1795/1819
f 4689/1795/1819 2549/1796/1820 1517/1582/1606 2649/1579/1603
f 2637/1611/1635 4689/1795/1819 2649/1579/1603 1516/1578/1602
f 1517/1582/1606 2549/1796/1820 4690/1797/1821 2657/1798/1822
f 2549/1796/1820 1458/1546/1570 2658/1799/1823 4690/1797/1821
f 4690/1797/1821 2658/1799/1823 1523/1800/1824 2650/1801/1825
f 2657/1798/1822 4690/1797/1821 2650/1801/1825 1529/1802/1826
f 1458/1546/1570 2582/1666/1690 4691/1803/1827 2658/1799/1823
f 2582/1666/1690 1488/1670/1694 2659/1804/1828 4691/1803/1827
f 4691/1803/1827 2659/1804/1828 1526/1805/1829 2651/1806/1830
f 2658/1799/1823 4691/1803/1827 2651/1806/1830 1523/1800/1824
f 1552/1781/1805 2707/1807/1831 4692/1808/1832 2716/1809/1833
f 2707/1807/1831 1515/1778/1802 2660/1810/1834 4692/1808/1832
f 4692/1808/1832 2660/1810/1834 1528/1811/1835 2711/1812/1836
f 2716/1809/1833 4692/1808/1832 2711/1812/1836 1554/1813/1837
f 1512/1771/1795 2629/1769/1793 4693/1814/1838 2661/1815/1839
f 2629/1769/1793 1487/1663/1687 2662/1816/1840 4693/1814/1838
f 4693/1814/1838 2662/1816/1840 1525/1817/1841 2653/1818/1842
f 2661/1815/1839 4693/1814/1838 2653/1818/1842 1527/1819/1843
f 1487/1663/1687 2583/1662/1686 4694/1820/1844 2662/1816/1840
f 2583/1662/1686 1469/1584/1608 2663/1821/1845 4694/1820/1844
f 4694/1820/1844 2663/1821/1845 1524/1822/1846 2652/1823/1847
f 2662/1816/1840 4694/1820/1844 2652/1823/1847 1525/1817/1841
f 1515/1778/1802 2636/1777/1801 4695/1824/1848 2660/1810/1834
f 2636/1777/1801 1512/1771/1795 2661/1815/1839 4695/1824/1848
f 4695/1824/1848 2661/1815/1839 1527/1819/1843 2656/1825/1849
f 2660/1810/1834 4695/1824/1848 2656/1825/1849 1528/1811/1835
f 1469/1584/1608 2630/1583/1607 4696/1826/1850 2663/1821/1845
f 2630/1583/1607 1517/1582/1606 2657/1798/1822 4696/1826/1850
f 4696/1826/1850 2657/1798/1822 1529/1802/1826 2654/1827/1851
f 2663/1821/1845 4696/1826/1850 2654/1827/1851 1524/1822/1846
f 1525/1817/1841 2652/1823/1847 4697/1828/1852 2664/1829/1853
f 2652/1823/1847 1524/1822/1846 2654/1827/1851 4697/1828/1852
f 4697/1828/1852 2654/1827/1851 1529/1802/1826 2665/1830/1854
f 2664/1829/1853 4697/1828/1852 2665/1830/1854 1530/1831/1855
f 1525/1817/1841 2664/1829/1853 4698/1832/1856 2653/1818/1842
f 2664/1829/1853 1530/1831/1855 2666/1833/1857 4698/1832/1856
f 4698/1832/1856 2666/1833/1857 1528/1811/1835 2656/1825/1849
f 2653/1818/1842 4698/1832/1856 2656/1825/1849 1527/1819/1843
f 1555/1834/1858 2712/1835/1859 4699/1836/1860 2715/1837/1861
f 2712/1835/1859 1523/1800/1824 2651/1806/1830 4699/1836/1860
f 4699/1836/1860 2651/1806/1830 1526/1805/1829 2655/1838/1862
f 2715/1837/1861 4699/1836/1860 2655/1838/1862 1554/1813/1837
f 1523/1800/1824 2712/1835/1859 4700/1839/1863 2650/1801/1825
f 2712/1835/1859 1555/1834/1858 2667/1840/1864 4700/1839/1863
f 4700/1839/1863 2667/1840/1864 1530/1831/1855 2665/1830/1854
f 2650/1801/1825 4700/1839/1863 2665/1830/1854 1529/1802/1826
f 1513/1773/1797 2632/1776/1800 4701/1841/1865 2668/1842/1866
f 2632/1776/1800 1514/1780/1804 2671/1843/1867 4701/1841/1865
f 4701/1841/1865 2671/1843/1867 1532/1844/1868 2669/1845/1869
f 2668/1842/1866 4701/1841/1865 2669/1845/1869 1531/1846/1870
f 1531/1846/1870 2669/1845/1869 4702/1847/1871 2670/1848/1872
f 2669/1845/1869 1532/1844/1868 2673/1849/1873 4702/1847/1871
f 4702/1847/1871 2673/1849/1873 1534/1850/1874 2672/1851/1875
f 2670/1848/1872 4702/1847/1871 2672/1851/1875 1533/1852/1876
f 1533/1852/1876 2672/1851/1875 4703/1853/1877 2674/1854/1878
f 2672/1851/1875 1534/1850/1874 2678/1855/1879 4703/1853/1877
f 4703/1853/1877 2678/1855/1879 1536/1856/1880 2676/1857/1881
f 2674/1854/1878 4703/1853/1877 2676/1857/1881 1535/1858/1882
f 1535/1858/1882 2676/1857/1881 4704/1859/1883 2677/1860/1884
f 2676/1857/1881 1536/1856/1880 2681/1861/1885 4704/1859/1883
f 4704/1859/1883 2681/1861/1885 1538/1862/1886 2679/1863/1887
f 2677/1860/1884 4704/1859/1883 2679/1863/1887 1537/1864/1888
f 1541/1865/1889 2687/1866/1890 4705/1867/1891 2680/1868/1892
f 2687/1866/1890 1542/1869/1893 2675/1870/1894 4705/1867/1891
f 4705/1867/1891 2675/1870/1894 1485/1660/1684 2580/1659/1683
f 2680/1868/1892 4705/1867/1891 2580/1659/1683 1486/1658/1682
f 1538/1862/1886 2681/1861/1885 4706/1871/1895 2682/1872/1896
f 2681/1861/1885 1536/1856/1880 2686/1873/1897 4706/1871/1895
f 4706/1871/1895 2686/1873/1897 1540/1874/1898 2684/1875/1899
f 2682/1872/1896 4706/1871/1895 2684/1875/1899 1539/1876/1900
f 1537/1864/1888 2679/1863/1887 4707/1877/1901 2685/1878/1902
f 2679/1863/1887 1538/1862/1886 2683/1879/1903 4707/1877/1901
f 4707/1877/1901 2683/1879/1903 1542/1869/1893 2687/1866/1890
f 2685/1878/1902 4707/1877/1901 2687/1866/1890 1541/1865/1889
f 1541/1865/1889 2680/1868/1892 4708/1880/1904 2695/1881/1905
f 2680/1868/1892 1486/1658/1682 2696/1882/1906 4708/1880/1904
f 4708/1880/1904 2696/1882/1906 1543/1883/1907 2693/1884/1908
f 2695/1881/1905 4708/1880/1904 2693/1884/1908 1549/1885/1909
f 1537/1864/1888 2685/1878/1902 4709/1886/1910 2697/1887/1911
f 2685/1878/1902 1541/1865/1889 2695/1881/1905 4709/1886/1910
f 4709/1886/1910 2695/1881/1905 1549/1885/1909 2694/1888/1912
f 2697/1887/1911 4709/1886/1910 2694/1888/1912 1548/1889/1913
f 1533/1852/1876 2674/1854/1878 4710/1890/1914 2698/1891/1915
f 2674/1854/1878 1535/1858/1882 2699/1892/1916 4710/1890/1914
f 4710/1890/1914 2699/1892/1916 1547/1893/1917 2691/1894/1918
f 2698/1891/1915 4710/1890/1914 2691/1894/1918 1546/1895/1919
f 1531/1846/1870 2670/1848/1872 4711/1896/1920 2700/1897/1921
f 2670/1848/1872 1533/1852/1876 2698/1891/1915 4711/1896/1920
f 4711/1896/1920 2698/1891/1915 1546/1895/1919 2690/1898/1922
f 2700/1897/1921 4711/1896/1920 2690/1898/1922 1545/1899/1923
f 1513/1773/1797 2668/1842/1866 4712/1900/1924 2701/1901/1925
f 2668/1842/1866 1531/1846/1870 2700/1897/1921 4712/1900/1924
f 4712/1900/1924 2700/1897/1921 1545/1899/1923 2689/1902/1926
f 2701/1901/1925 4712/1900/1924 2689/1902/1926 1544/1903/1927
f 1535/1858/1882 2677/1860/1884 4713/1904/1928 2699/1892/1916
f 2677/1860/1884 1537/1864/1888 2697/1887/1911 4713/1904/1928
f 4713/1904/1928 2697/1887/1911 1548/1889/1913 2692/1905/1929
f 2699/1892/1916 4713/1904/1928 2692/1905/1929 1547/1893/1917
f 1486/1658/1682 2633/1774/1798 4714/1906/1930 2696/1882/1906
f 2633/1774/1798 1513/1773/1797 2701/1901/1925 4714/1906/1930
f 4714/1906/1930 2701/1901/1925 1544/1903/1927 2688/1907/1931
f 2696/1882/1906 4714/1906/1930 2688/1907/1931 1543/1883/1907
f 1549/1885/1909 2693/1884/1908 4715/1908/1932 2702/1909/1933
f 2693/1884/1908 1543/1883/1907 2688/1907/1931 4715/1908/1932
f 4715/1908/1932 2688/1907/1931 1544/1903/1927 2689/1902/1926
f 2702/1909/1933 4715/1908/1932 2689/1902/1926 1545/1899/1923
f 1546/1895/1919 2703/1910/1934 4716/1911/1935 2690/1898/1922
f 2703/1910/1934 1548/1889/1913 2694/1888/1912 4716/1911/1935
f 4716/1911/1935 2694/1888/1912 1549/1885/1909 2702/1909/1933
f 2690/1898/1922 4716/1911/1935 2702/1909/1933 1545/1899/1923
f 1547/1893/1917 2692/1905/1929 4717/1912/1936 2691/1894/1918
f 1548/1889/1913 2703/1910/1934 4717/1912/1936 2692/1905/1929
f 1546/1895/1919 2691/1894/1918 4717/1912/1936 2703/1910/1934
f 1540/1874/1898 2686/1873/1897 4718/1913/1937 2704/1914/1938
f 2686/1873/1897 1536/1856/1880 2678/1855/1879 4718/1913/1937
f 4718/1913/1937 2678/1855/1879 1534/1850/1874 2705/1915/1939
f 2704/1914/1938 4718/1913/1937 2705/1915/1939 1550/1916/1940
f 1550/1916/1940 2705/1915/1939 4719/1917/1941 2706/1918/1942
f 2705/1915/1939 1534/1850/1874 2673/1849/1873 4719/1917/1941
f 4719/1917/1941 2673/1849/1873 1532/1844/1868 2709/1919/1943
f 2706/1918/1942 4719/1917/1941 2709/1919/1943 1551/1920/1944
f 1556/1921/1945 2714/1922/1946 4720/1923/1947 2708/1924/1948
f 2714/1922/1946 1553/1786/1810 2710/1785/1809 4720/1923/1947
f 4720/1923/1947 2710/1785/1809 1489/1668/1692 2585/1672/1696
f 2708/1924/1948 4720/1923/1947 2585/1672/1696 1490/1676/1700
f 1532/1844/1868 2671/1843/1867 4721/1925/1949 2713/1926/1950
f 2671/1843/1867 1514/1780/1804 2638/1927/1951 4721/1925/1949
f 4721/1925/1949 2638/1927/1951 1553/1786/1810 2714/1922/1946
f 2713/1926/1950 4721/1925/1949 2714/1922/1946 1556/1921/1945
f 1530/1831/1855 2667/1840/1864 4722/1928/1952 2666/1833/1857
f 2667/1840/1864 1555/1834/1858 2715/1837/1861 4722/1928/1952
f 4722/1928/1952 2715/1837/1861 1554/1813/1837 2711/1812/1836
f 2666/1833/1857 4722/1928/1952 2711/1812/1836 1528/1811/1835
f 1488/1670/1694 2635/1782/1806 4723/1929/1953 2659/1804/1828
f 2635/1782/1806 1552/1781/1805 2716/1809/1833 4723/1929/1953
f 4723/1929/1953 2716/1809/1833 1554/1813/1837 2655/1838/1862
f 2659/1804/1828 4723/1929/1953 2655/1838/1862 1526/1805/1829
f 1515/1778/1802 2707/1807/1831 4724/1930/1954 2634/1779/1803
f 2707/1807/1831 1552/1781/1805 2717/1784/1808 4724/1930/1954
f 4724/1930/1954 2717/1784/1808 1553/1786/1810 2638/1927/1951
f 2634/1779/1803 4724/1930/1954 2638/1927/1951 1514/1780/1804
f 1556/1921/1945 2718/1931/1955 4725/1932/1956 2713/1926/1950
f 2718/1931/1955 1557/1933/1957 2719/1934/1958 4725/1932/1956
f 4725/1932/1956 2719/1934/1958 1551/1920/1944 2709/1919/1943
f 2713/1926/1950 4725/1932/1956 2709/1919/1943 1532/1844/1868
f 1557/1933/1957 2718/1931/1955 4726/1935/1959 2720/1936/1960
f 2718/1931/1955 1556/1921/1945 2708/1924/1948 4726/1935/1959
f 4726/1935/1959 2708/1924/1948 1490/1676/1700 2588/1678/1702
f 2720/1936/1960 4726/1935/1959 2588/1678/1702 1492/1682/1706
f 1557/1933/1957 2721/1937/1961 4727/1938/1962 2719/1934/1958
f 2721/1937/1961 1558/1939/1963 2722/1940/1964 4727/1938/1962
f 4727/1938/1962 2722/1940/1964 1559/1941/1965 2724/1942/1966
f 2719/1934/1958 4727/1938/1962 2724/1942/1966 1551/1920/1944
f 1559/1941/1965 2722/1940/1964 4728/1943/1967 2723/1944/1968
f 2722/1940/1964 1558/1939/1963 2727/1945/1969 4728/1943/1967
f 4728/1943/1967 2727/1945/1969 1561/1946/1970 2725/1947/1971
f 2723/1944/1968 4728/1943/1967 2725/1947/1971 1560/1948/1972
f 1561/1946/1970 2726/1949/1973 4729/1950/1974 2725/1947/1971
f 2726/1949/1973 1562/1951/1975 2728/1952/1976 4729/1950/1974
f 4729/1950/1974 2728/1952/1976 1563/1953/1977 2730/1954/1978
f 2725/1947/1971 4729/1950/1974 2730/1954/1978 1560/1948/1972
f 1630/1955/1979 2856/1956/1980 4730/1957/1981 2863/1958/1982
f 2856/1956/1980 1564/1959/1983 2732/1960/1984 4730/1957/1981
f 4730/1957/1981 2732/1960/1984 1565/1961/1985 2733/1962/1986
f 2863/1958/1982 4730/1957/1981 2733/1962/1986 1631/1963/1987
f 1565/1961/1985 2732/1960/1984 4731/1964/1988 2731/1965/1989
f 2732/1960/1984 1564/1959/1983 2736/1966/1990 4731/1964/1988
f 4731/1964/1988 2736/1966/1990 1567/1967/1991 2734/1968/1992
f 2731/1965/1989 4731/1964/1988 2734/1968/1992 1566/1969/1993
f 1580/1970/1994 2756/1971/1995 4732/1972/1996 2735/1973/1997
f 2756/1971/1995 1581/1974/1998 2744/1975/1999 4732/1972/1996
f 4732/1972/1996 2744/1975/1999 1569/1976/2000 2737/1977/2001
f 2735/1973/1997 4732/1972/1996 2737/1977/2001 1568/1978/2002
f 1568/1978/2002 2737/1977/2001 4733/1979/2003 2739/1980/2004
f 2737/1977/2001 1569/1976/2000 2743/1981/2005 4733/1979/2003
f 4733/1979/2003 2743/1981/2005 1571/1982/2006 2742/1983/2007
f 2739/1980/2004 4733/1979/2003 2742/1983/2007 1570/1984/2008
f 1569/1976/2000 2745/1985/2009 4734/1986/2010 2743/1981/2005
f 2745/1985/2009 1573/1987/2011 2746/1988/2012 4734/1986/2010
f 4734/1986/2010 2746/1988/2012 1572/1989/2013 2740/1990/2014
f 2743/1981/2005 4734/1986/2010 2740/1990/2014 1571/1982/2006
f 1572/1989/2013 2746/1988/2012 4735/1991/2015 2748/1992/2016
f 2746/1988/2012 1573/1987/2011 2741/1993/2017 4735/1991/2015
f 4735/1991/2015 2741/1993/2017 1574/1994/2018 2749/1995/2019
f 2748/1992/2016 4735/1991/2015 2749/1995/2019 1575/1996/2020
f 1574/1994/2018 2747/1997/2021 4736/1998/2022 2749/1995/2019
f 2747/1997/2021 1576/1999/2023 2750/2000/2024 4736/1998/2022
f 4736/1998/2022 2750/2000/2024 1577/2001/2025 2752/2002/2026
f 2749/1995/2019 4736/1998/2022 2752/2002/2026 1575/1996/2020
f 1576/1999/2023 2751/2003/2027 4737/2004/2028 2750/2000/2024
f 2751/2003/2027 1578/2005/2029 2753/2006/2030 4737/2004/2028
f 4737/2004/2028 2753/2006/2030 1579/2007/2031 2755/2008/2032
f 2750/2000/2024 4737/2004/2028 2755/2008/2032 1577/2001/2025
f 1566/1969/1993 2734/1968/1992 4738/2009/2033 2754/2010/2034
f 2734/1968/1992 1567/1967/1991 2738/2011/2035 4738/2009/2033
f 4738/2009/2033 2738/2011/2035 1581/1974/1998 2756/1971/1995
f 2754/2010/2034 4738/2009/2033 2756/1971/1995 1580/1970/1994
f 1578/2005/2029 2757/2012/2036 4739/2013/2037 2753/2006/2030
f 2757/2012/2036 1581/1974/1998 2738/2011/2035 4739/2013/2037
f 4739/2013/2037 2738/2011/2035 1567/1967/1991 2760/2014/2038
f 2753/2006/2030 4739/2013/2037 2760/2014/2038 1579/2007/2031
f 1578/2005/2029 2751/2003/2027 4740/2015/2039 2765/2016/2040
f 2751/2003/2027 1576/1999/2023 2766/2017/2041 4740/2015/2039
f 4740/2015/2039 2766/2017/2041 1585/2018/2042 2763/2019/2043
f 2765/2016/2040 4740/2015/2039 2763/2019/2043 1586/2020/2044
f 1576/1999/2023 2747/1997/2021 4741/2021/2045 2766/2017/2041
f 2747/1997/2021 1574/1994/2018 2767/2022/2046 4741/2021/2045
f 4741/2021/2045 2767/2022/2046 1584/2023/2047 2762/2024/2048
f 2766/2017/2041 4741/2021/2045 2762/2024/2048 1585/2018/2042
f 1573/1987/2011 2745/1985/2009 4742/2025/2049 2768/2026/2050
f 2745/1985/2009 1569/1976/2000 2769/2027/2051 4742/2025/2049
f 4742/2025/2049 2769/2027/2051 1582/2028/2052 2761/2029/2053
f 2768/2026/2050 4742/2025/2049 2761/2029/2053 1583/2030/2054
f 1574/1994/2018 2741/1993/2017 4743/2031/2055 2767/2022/2046
f 2741/1993/2017 1573/1987/2011 2768/2026/2050 4743/2031/2055
f 4743/2031/2055 2768/2026/2050 1583/2030/2054 2759/2032/2056
f 2767/2022/2046 4743/2031/2055 2759/2032/2056 1584/2023/2047
f 1581/1974/1998 2757/2012/2036 4744/2033/2057 2770/2034/2058
f 2757/2012/2036 1578/2005/2029 2765/2016/2040 4744/2033/2057
f 4744/2033/2057 2765/2016/2040 1586/2020/2044 2764/2035/2059
f 2770/2034/2058 4744/2033/2057 2764/2035/2059 1587/2036/2060
f 1569/1976/2000 2744/1975/1999 4745/2037/2061 2769/2027/2051
f 2744/1975/1999 1581/1974/1998 2770/2034/2058 4745/2037/2061
f 4745/2037/2061 2770/2034/2058 1587/2036/2060 2758/2038/2062
f 2769/2027/2051 4745/2037/2061 2758/2038/2062 1582/2028/2052
f 1585/2018/2042 2762/2024/2048 4746/2039/2063 2777/2040/2064
f 2762/2024/2048 1584/2023/2047 2778/2041/2065 4746/2039/2063
f 4746/2039/2063 2778/2041/2065 1590/2042/2066 2774/2043/2067
f 2777/2040/2064 4746/2039/2063 2774/2043/2067 1591/2044/2068
f 1582/2028/2052 2758/2038/2062 4747/2045/2069 2779/2046/2070
f 2758/2038/2062 1587/2036/2060 2780/2047/2071 4747/2045/2069
f 4747/2045/2069 2780/2047/2071 1593/2048/2072 2771/2049/2073
f 2779/2046/2070 4747/2045/2069 2771/2049/2073 1588/2050/2074
f 1586/2020/2044 2763/2019/2043 4748/2051/2075 2781/2052/2076
f 2763/2019/2043 1585/2018/2042 2777/2040/2064 4748/2051/2075
f 4748/2051/2075 2777/2040/2064 1591/2044/2068 2775/2053/2077
f 2781/2052/2076 4748/2051/2075 2775/2053/2077 1592/2054/2078
f 1583/2030/2054 2761/2029/2053 4749/2055/2079 2782/2056/2080
f 2761/2029/2053 1582/2028/2052 2779/2046/2070 4749/2055/2079
f 4749/2055/2079 2779/2046/2070 1588/2050/2074 2773/2057/2081
f 2782/2056/2080 4749/2055/2079 2773/2057/2081 1589/2058/2082
f 1584/2023/2047 2759/2032/2056 4750/2059/2083 2778/2041/2065
f 2759/2032/2056 1583/2030/2054 2782/2056/2080 4750/2059/2083
f 4750/2059/2083 2782/2056/2080 1589/2058/2082 2772/2060/2084
f 2778/2041/2065 4750/2059/2083 2772/2060/2084 1590/2042/2066
f 1587/2036/2060 2764/2035/2059 4751/2061/2085 2780/2047/2071
f 2764/2035/2059 1586/2020/2044 2781/2052/2076 4751/2061/2085
f 4751/2061/2085 2781/2052/2076 1592/2054/2078 2776/2062/2086
f 2780/2047/2071 4751/2061/2085 2776/2062/2086 1593/2048/2072
f 1589/2058/2082 2773/2057/2081 4752/2063/2087 2783/2064/2088
f 2773/2057/2081 1588/2050/2074 2771/2049/2073 4752/2063/2087
f 4752/2063/2087 2771/2049/2073 1593/2048/2072 2776/2062/2086
f 2783/2064/2088 4752/2063/2087 2776/2062/2086 1592/2054/2078
f 1592/2054/2078 2775/2053/2077 4753/2065/2089 2783/2064/2088
f 2775/2053/2077 1591/2044/2068 2774/2043/2067 4753/2065/2089
f 4753/2065/2089 2774/2043/2067 1590/2042/2066 2772/2060/2084
f 2783/2064/2088 4753/2065/2089 2772/2060/2084 1589/2058/2082
f 1572/1989/2013 2748/1992/2016 4754/2066/2090 2784/2067/2091
f 2748/1992/2016 1575/1996/2020 2788/2068/2092 4754/2066/2090
f 4754/2066/2090 2788/2068/2092 1595/2069/2093 2786/2070/2094
f 2784/2067/2091 4754/2066/2090 2786/2070/2094 1594/2071/2095
f 1594/2071/2095 2786/2070/2094 4755/2072/2096 2787/2073/2097
f 2786/2070/2094 1595/2069/2093 2791/2074/2098 4755/2072/2096
f 4755/2072/2096 2791/2074/2098 1597/2075/2099 2790/2076/2100
f 2787/2073/2097 4755/2072/2096 2790/2076/2100 1596/2077/2101
f 1494/1687/1711 2595/1686/1710 4756/2078/2102 2789/2079/2103
f 2595/1686/1710 1495/1685/1709 2794/2080/2104 4756/2078/2102
f 4756/2078/2102 2794/2080/2104 1599/2081/2105 2792/2082/2106
f 2789/2079/2103 4756/2078/2102 2792/2082/2106 1598/2083/2107
f 1598/2083/2107 2792/2082/2106 4757/2084/2108 2796/2085/2109
f 2792/2082/2106 1599/2081/2105 2785/2086/2110 4757/2084/2108
f 4757/2084/2108 2785/2086/2110 1600/2087/2111 2797/2088/2112
f 2796/2085/2109 4757/2084/2108 2797/2088/2112 1601/2089/2113
f 1600/2087/2111 2799/2090/2114 4758/2091/2115 2797/2088/2112
f 2799/2090/2114 1603/2092/2116 2800/2093/2117 4758/2091/2115
f 4758/2091/2115 2800/2093/2117 1602/2094/2118 2793/2095/2119
f 2797/2088/2112 4758/2091/2115 2793/2095/2119 1601/2089/2113
f 1602/2094/2118 2800/2093/2117 4759/2096/2120 2798/2097/2121
f 2800/2093/2117 1603/2092/2116 2795/2098/2122 4759/2096/2120
f 4759/2096/2120 2795/2098/2122 1562/1951/1975 2726/1949/1973
f 2798/2097/2121 4759/2096/2120 2726/1949/1973 1561/1946/1970
f 1601/2089/2113 2793/2095/2119 4760/2099/2123 2809/2100/2124
f 2793/2095/2119 1602/2094/2118 2810/2101/2125 4760/2099/2123
f 4760/2099/2123 2810/2101/2125 1611/2102/2126 2806/2103/2127
f 2809/2100/2124 4760/2099/2123 2806/2103/2127 1610/2104/2128
f 1561/1946/1970 2727/1945/1969 4761/2105/2129 2811/2106/2130
f 2727/1945/1969 1558/1939/1963 2812/2107/2131 4761/2105/2129
f 4761/2105/2129 2812/2107/2131 1607/2108/2132 2804/2109/2133
f 2811/2106/2130 4761/2105/2129 2804/2109/2133 1608/2110/2134
f 1494/1687/1711 2789/2079/2103 4762/2111/2135 2813/2112/2136
f 2789/2079/2103 1598/2083/2107 2814/2113/2137 4762/2111/2135
f 4762/2111/2135 2814/2113/2137 1609/2114/2138 2805/2115/2139
f 2813/2112/2136 4762/2111/2135 2805/2115/2139 1605/2116/2140
f 1602/2094/2118 2798/2097/2121 4763/2117/2141 2810/2101/2125
f 2798/2097/2121 1561/1946/1970 2811/2106/2130 4763/2117/2141
f 4763/2117/2141 2811/2106/2130 1608/2110/2134 2808/2118/2142
f 2810/2101/2125 4763/2117/2141 2808/2118/2142 1611/2102/2126
f 1558/1939/1963 2721/1937/1961 4764/2119/2143 2812/2107/2131
f 2721/1937/1961 1557/1933/1957 2815/2120/2144 4764/2119/2143
f 4764/2119/2143 2815/2120/2144 1606/2121/2145 2803/2122/2146
f 2812/2107/2131 4764/2119/2143 2803/2122/2146 1607/2108/2132
f 1598/2083/2107 2796/2085/2109 4765/2123/2147 2814/2113/2137
f 2796/2085/2109 1601/2089/2113 2809/2100/2124 4765/2123/2147
f 4765/2123/2147 2809/2100/2124 1610/2104/2128 2807/2124/2148
f 2814/2113/2137 4765/2123/2147 2807/2124/2148 1609/2114/2138
f 1492/1682/1706 2579/1688/1712 4766/2125/2149 2816/2126/2150
f 2579/1688/1712 1494/1687/1711 2813/2112/2136 4766/2125/2149
f 4766/2125/2149 2813/2112/2136 1605/2116/2140 2801/2127/2151
f 2816/2126/2150 4766/2125/2149 2801/2127/2151 1604/2128/2152
f 1557/1933/1957 2720/1936/1960 4767/2129/2153 2815/2120/2144
f 2720/1936/1960 1492/1682/1706 2816/2126/2150 4767/2129/2153
f 4767/2129/2153 2816/2126/2150 1604/2128/2152 2802/2130/2154
f 2815/2120/2144 4767/2129/2153 2802/2130/2154 1606/2121/2145
f 1608/2110/2134 2804/2109/2133 4768/2131/2155 2825/2132/2156
f 2804/2109/2133 1607/2108/2132 2826/2133/2157 4768/2131/2155
f 4768/2131/2155 2826/2133/2157 1615/2134/2158 2820/2135/2159
f 2825/2132/2156 4768/2131/2155 2820/2135/2159 1616/2136/2160
f 1606/2121/2145 2802/2130/2154 4769/2137/2161 2827/2138/2162
f 2802/2130/2154 1604/2128/2152 2828/2139/2163 4769/2137/2161
f 4769/2137/2161 2828/2139/2163 1612/2140/2164 2818/2141/2165
f 2827/2138/2162 4769/2137/2161 2818/2141/2165 1614/2142/2166
f 1609/2114/2138 2807/2124/2148 4770/2143/2167 2829/2144/2168
f 2807/2124/2148 1610/2104/2128 2830/2145/2169 4770/2143/2167
f 4770/2143/2167 2830/2145/2169 1618/2146/2170 2823/2147/2171
f 2829/2144/2168 4770/2143/2167 2823/2147/2171 1617/2148/2172
f 1605/2116/2140 2805/2115/2139 4771/2149/2173 2831/2150/2174
f 2805/2115/2139 1609/2114/2138 2829/2144/2168 4771/2149/2173
f 4771/2149/2173 2829/2144/2168 1617/2148/2172 2821/2151/2175
f 2831/2150/2174 4771/2149/2173 2821/2151/2175 1613/2152/2176
f 1607/2108/2132 2803/2122/2146 4772/2153/2177 2826/2133/2157
f 2803/2122/2146 1606/2121/2145 2827/2138/2162 4772/2153/2177
f 4772/2153/2177 2827/2138/2162 1614/2142/2166 2819/2154/2178
f 2826/2133/2157 4772/2153/2177 2819/2154/2178 1615/2134/2158
f 1604/2128/2152 2801/2127/2151 4773/2155/2179 2828/2139/2163
f 2801/2127/2151 1605/2116/2140 2831/2150/2174 4773/2155/2179
f 4773/2155/2179 2831/2150/2174 1613/2152/2176 2817/2156/2180
f 2828/2139/2163 4773/2155/2179 2817/2156/2180 1612/2140/2164
f 1611/2102/2126 2808/2118/2142 4774/2157/2181 2832/2158/2182
f 2808/2118/2142 1608/2110/2134 2825/2132/2156 4774/2157/2181
f 4774/2157/2181 2825/2132/2156 1616/2136/2160 2824/2159/2183
f 2832/2158/2182 4774/2157/2181 2824/2159/2183 1619/2160/2184
f 1610/2104/2128 2806/2103/2127 4775/2161/2185 2830/2145/2169
f 2806/2103/2127 1611/2102/2126 2832/2158/2182 4775/2161/2185
f 4775/2161/2185 2832/2158/2182 1619/2160/2184 2822/2162/2186
f 2830/2145/2169 4775/2161/2185 2822/2162/2186 1618/2146/2170
f 1615/2134/2158 2819/2154/2178 4776/2163/2187 2833/2164/2188
f 2819/2154/2178 1614/2142/2166 2818/2141/2165 4776/2163/2187
f 4776/2163/2187 2818/2141/2165 1612/2140/2164 2835/2165/2189
f 2833/2164/2188 4776/2163/2187 2835/2165/2189 1620/2166/2190
f 1620/2166/2190 2835/2165/2189 4777/2167/2191 2836/2168/2192
f 2835/2165/2189 1612/2140/2164 2817/2156/2180 4777/2167/2191
f 4777/2167/2191 2817/2156/2180 1613/2152/2176 2821/2151/2175
f 2836/2168/2192 4777/2167/2191 2821/2151/2175 1617/2148/2172
f 1620/2166/2190 2834/2169/2193 4778/2170/2194 2833/2164/2188
f 2834/2169/2193 1621/2171/2195 2837/2172/2196 4778/2170/2194
f 4778/2170/2194 2837/2172/2196 1616/2136/2160 2820/2135/2159
f 2833/2164/2188 4778/2170/2194 2820/2135/2159 1615/2134/2158
f 1618/2146/2170 2822/2162/2186 4779/2173/2197 2838/2174/2198
f 2822/2162/2186 1619/2160/2184 2824/2159/2183 4779/2173/2197
f 4779/2173/2197 2824/2159/2183 1616/2136/2160 2837/2172/2196
f 2838/2174/2198 4779/2173/2197 2837/2172/2196 1621/2171/2195
f 1621/2171/2195 2834/2169/2193 4780/2175/2199 2838/2174/2198
f 2834/2169/2193 1620/2166/2190 2836/2168/2192 4780/2175/2199
f 4780/2175/2199 2836/2168/2192 1617/2148/2172 2823/2147/2171
f 2838/2174/2198 4780/2175/2199 2823/2147/2171 1618/2146/2170
f 1497/1693/1717 2839/2176/2200 4781/2177/2201 2598/1694/1718
f 2839/2176/2200 1622/2178/2202 2840/2179/2203 4781/2177/2201
f 4781/2177/2201 2840/2179/2203 1491/1674/1698 2589/1673/1697
f 2598/1694/1718 4781/2177/2201 2589/1673/1697 1460/1553/1577
f 1622/2178/2202 2841/2180/2204 4782/2181/2205 2840/2179/2203
f 2841/2180/2204 1623/2182/2206 2842/2183/2207 4782/2181/2205
f 4782/2181/2205 2842/2183/2207 1493/1680/1704 2592/1679/1703
f 2840/2179/2203 4782/2181/2205 2592/1679/1703 1491/1674/1698
f 1623/2182/2206 2843/2184/2208 4783/2185/2209 2842/2183/2207
f 2843/2184/2208 1624/2186/2210 2844/2187/2211 4783/2185/2209
f 4783/2185/2209 2844/2187/2211 1495/1685/1709 2594/1683/1707
f 2842/2183/2207 4783/2185/2209 2594/1683/1707 1493/1680/1704
f 1624/2186/2210 2845/2188/2212 4784/2189/2213 2844/2187/2211
f 2845/2188/2212 1625/2190/2214 2848/2191/2215 4784/2189/2213
f 4784/2189/2213 2848/2191/2215 1599/2081/2105 2794/2080/2104
f 2844/2187/2211 4784/2189/2213 2794/2080/2104 1495/1685/1709
f 1625/2190/2214 2847/2192/2216 4785/2193/2217 2848/2191/2215
f 2847/2192/2216 1626/2194/2218 2846/2195/2219 4785/2193/2217
f 4785/2193/2217 2846/2195/2219 1600/2087/2111 2785/2086/2110
f 2848/2191/2215 4785/2193/2217 2785/2086/2110 1599/2081/2105
f 1632/2196/2220 2849/2197/2221 4786/2198/2222 2862/2199/2223
f 2849/2197/2221 1627/2200/2224 2851/2201/2225 4786/2198/2222
f 4786/2198/2222 2851/2201/2225 1628/2202/2226 2859/2203/2227
f 2862/2199/2223 4786/2198/2222 2859/2203/2227 1634/2204/2228
f 1634/2204/2228 2861/2205/2229 4787/2206/2230 2853/2207/2231
f 2861/2205/2229 1739/2208/2232 3073/2209/2233 4787/2206/2230
f 4787/2206/2230 3073/2209/2233 1603/2092/2116 2799/2090/2114
f 2853/2207/2231 4787/2206/2230 2799/2090/2114 1600/2087/2111
f 1633/2210/2234 2860/2211/2235 4788/2212/2236 2850/2213/2237
f 2860/2211/2235 1630/1955/1979 2729/2214/2238 4788/2212/2236
f 4788/2212/2236 2729/2214/2238 1562/1951/1975 2795/2098/2122
f 2850/2213/2237 4788/2212/2236 2795/2098/2122 1603/2092/2116
f 1629/2215/2239 2854/2216/2240 4789/2217/2241 2858/2218/2242
f 2854/2216/2240 1564/1959/1983 2856/1956/1980 4789/2217/2241
f 4789/2217/2241 2856/1956/1980 1630/1955/1979 2860/2211/2235
f 2858/2218/2242 4789/2217/2241 2860/2211/2235 1633/2210/2234
f 1628/2202/2226 3070/2219/2243 4790/2220/2244 2859/2203/2227
f 3070/2219/2243 1738/2221/2245 3072/2222/2246 4790/2220/2244
f 4790/2220/2244 3072/2222/2246 1739/2208/2232 2861/2205/2229
f 2859/2203/2227 4790/2220/2244 2861/2205/2229 1634/2204/2228
f 1626/2194/2218 2857/2223/2247 4791/2224/2248 2846/2195/2219
f 2857/2223/2247 1632/2196/2220 2862/2199/2223 4791/2224/2248
f 4791/2224/2248 2862/2199/2223 1634/2204/2228 2853/2207/2231
f 2846/2195/2219 4791/2224/2248 2853/2207/2231 1600/2087/2111
f 1562/1951/1975 2729/2214/2238 4792/2225/2249 2728/1952/1976
f 2729/2214/2238 1630/1955/1979 2863/1958/1982 4792/2225/2249
f 4792/2225/2249 2863/1958/1982 1631/1963/1987 2855/2226/2250
f 2728/1952/1976 4792/2225/2249 2855/2226/2250 1563/1953/1977
f 1567/1967/1991 2736/1966/1990 4793/2227/2251 2864/2228/2252
f 2736/1966/1990 1564/1959/1983 2854/2216/2240 4793/2227/2251
f 4793/2227/2251 2854/2216/2240 1629/2215/2239 2866/2229/2253
f 2864/2228/2252 4793/2227/2251 2866/2229/2253 1635/2230/2254
f 1563/1953/1977 2855/2226/2250 4794/2231/2255 2878/2232/2256
f 2855/2226/2250 1631/1963/1987 2879/2233/2257 4794/2231/2255
f 4794/2231/2255 2879/2233/2257 1648/2234/2258 2877/2235/2259
f 2878/2232/2256 4794/2231/2255 2877/2235/2259 1642/2236/2260
f 1631/1963/1987 2733/1962/1986 4795/2237/2261 2879/2233/2257
f 2733/1962/1986 1565/1961/1985 2880/2238/2262 4795/2237/2261
f 4795/2237/2261 2880/2238/2262 1643/2239/2263 2873/2240/2264
f 2879/2233/2257 4795/2237/2261 2873/2240/2264 1648/2234/2258
f 1550/1916/1940 2706/1918/1942 4796/2241/2265 2881/2242/2266
f 2706/1918/1942 1551/1920/1944 2882/2243/2267 4796/2241/2265
f 4796/2241/2265 2882/2243/2267 1639/2244/2268 2868/2245/2269
f 2881/2242/2266 4796/2241/2265 2868/2245/2269 1638/2246/2270
f 1559/1941/1965 2723/1944/1968 4797/2247/2271 2883/2248/2272
f 2723/1944/1968 1560/1948/1972 2884/2249/2273 4797/2247/2271
f 4797/2247/2271 2884/2249/2273 1641/2250/2274 2869/2251/2275
f 2883/2248/2272 4797/2247/2271 2869/2251/2275 1640/2252/2276
f 1560/1948/1972 2730/1954/1978 4798/2253/2277 2884/2249/2273
f 2730/1954/1978 1563/1953/1977 2878/2232/2256 4798/2253/2277
f 4798/2253/2277 2878/2232/2256 1642/2236/2260 2871/2254/2278
f 2884/2249/2273 4798/2253/2277 2871/2254/2278 1641/2250/2274
f 1566/1969/1993 2754/2010/2034 4799/2255/2279 2885/2256/2280
f 2754/2010/2034 1580/1970/1994 2886/2257/2281 4799/2255/2279
f 4799/2255/2279 2886/2257/2281 1647/2258/2282 2876/2259/2283
f 2885/2256/2280 4799/2255/2279 2876/2259/2283 1644/2260/2284
f 1551/1920/1944 2724/1942/1966 4800/2261/2285 2882/2243/2267
f 2724/1942/1966 1559/1941/1965 2883/2248/2272 4800/2261/2285
f 4800/2261/2285 2883/2248/2272 1640/2252/2276 2870/2262/2286
f 2882/2243/2267 4800/2261/2285 2870/2262/2286 1639/2244/2268
f 1565/1961/1985 2731/1965/1989 4801/2263/2287 2880/2238/2262
f 2731/1965/1989 1566/1969/1993 2885/2256/2280 4801/2263/2287
f 4801/2263/2287 2885/2256/2280 1644/2260/2284 2872/2264/2288
f 2880/2238/2262 4801/2263/2287 2872/2264/2288 1643/2239/2263
f 1540/1874/1898 2704/1914/1938 4802/2265/2289 2887/2266/2290
f 2704/1914/1938 1550/1916/1940 2881/2242/2266 4802/2265/2289
f 4802/2265/2289 2881/2242/2266 1638/2246/2270 2865/2267/2291
f 2887/2266/2290 4802/2265/2289 2865/2267/2291 1637/2268/2292
f 1580/1970/1994 2735/1973/1997 4803/2269/2293 2886/2257/2281
f 2735/1973/1997 1568/1978/2002 2888/2270/2294 4803/2269/2293
f 4803/2269/2293 2888/2270/2294 1645/2271/2295 2874/2272/2296
f 2886/2257/2281 4803/2269/2293 2874/2272/2296 1647/2258/2282
f 1539/1876/1900 2684/1875/1899 4804/2273/2297 2889/2274/2298
f 2684/1875/1899 1540/1874/1898 2887/2266/2290 4804/2273/2297
f 4804/2273/2297 2887/2266/2290 1637/2268/2292 2867/2275/2299
f 2889/2274/2298 4804/2273/2297 2867/2275/2299 1636/2276/2300
f 1568/1978/2002 2739/1980/2004 4805/2277/2301 2888/2270/2294
f 2739/1980/2004 1570/1984/2008 2890/2278/2302 4805/2277/2301
f 4805/2277/2301 2890/2278/2302 1646/2279/2303 2875/2280/2304
f 2888/2270/2294 4805/2277/2301 2875/2280/2304 1645/2271/2295
f 1643/2239/2263 2872/2264/2288 4806/2281/2305 2903/2282/2306
f 2872/2264/2288 1644/2260/2284 2904/2283/2307 4806/2281/2305
f 4806/2281/2305 2904/2283/2307 1657/2284/2308 2897/2285/2309
f 2903/2282/2306 4806/2281/2305 2897/2285/2309 1656/2286/2310
f 1640/2252/2276 2869/2251/2275 4807/2287/2311 2905/2288/2312
f 2869/2251/2275 1641/2250/2274 2906/2289/2313 4807/2287/2311
f 4807/2287/2311 2906/2289/2313 1654/2290/2314 2894/2291/2315
f 2905/2288/2312 4807/2287/2311 2894/2291/2315 1653/2292/2316
f 1644/2260/2284 2876/2259/2283 4808/2293/2317 2904/2283/2307
f 2876/2259/2283 1647/2258/2282 2907/2294/2318 4808/2293/2317
f 4808/2293/2317 2907/2294/2318 1660/2295/2319 2901/2296/2320
f 2904/2283/2307 4808/2293/2317 2901/2296/2320 1657/2284/2308
f 1648/2234/2258 2873/2240/2264 4809/2297/2321 2908/2298/2322
f 2873/2240/2264 1643/2239/2263 2903/2282/2306 4809/2297/2321
f 4809/2297/2321 2903/2282/2306 1656/2286/2310 2898/2299/2323
f 2908/2298/2322 4809/2297/2321 2898/2299/2323 1661/2300/2324
f 1639/2244/2268 2870/2262/2286 4810/2301/2325 2909/2302/2326
f 2870/2262/2286 1640/2252/2276 2905/2288/2312 4810/2301/2325
f 4810/2301/2325 2905/2288/2312 1653/2292/2316 2895/2303/2327
f 2909/2302/2326 4810/2301/2325 2895/2303/2327 1652/2304/2328
f 1642/2236/2260 2877/2235/2259 4811/2305/2329 2910/2306/2330
f 2877/2235/2259 1648/2234/2258 2908/2298/2322 4811/2305/2329
f 4811/2305/2329 2908/2298/2322 1661/2300/2324 2902/2307/2331
f 2910/2306/2330 4811/2305/2329 2902/2307/2331 1655/2308/2332
f 1636/2276/2300 2867/2275/2299 4812/2309/2333 2911/2310/2334
f 2867/2275/2299 1637/2268/2292 2912/2311/2335 4812/2309/2333
f 4812/2309/2333 2912/2311/2335 1650/2312/2336 2892/2313/2337
f 2911/2310/2334 4812/2309/2333 2892/2313/2337 1649/2314/2338
f 1647/2258/2282 2874/2272/2296 4813/2315/2339 2907/2294/2318
f 2874/2272/2296 1645/2271/2295 2913/2316/2340 4813/2315/2339
f 4813/2315/2339 2913/2316/2340 1658/2317/2341 2899/2318/2342
f 2907/2294/2318 4813/2315/2339 2899/2318/2342 1660/2295/2319
f 1641/2250/2274 2871/2254/2278 4814/2319/2343 2906/2289/2313
f 2871/2254/2278 1642/2236/2260 2910/2306/2330 4814/2319/2343
f 4814/2319/2343 2910/2306/2330 1655/2308/2332 2896/2320/2344
f 2906/2289/2313 4814/2319/2343 2896/2320/2344 1654/2290/2314
f 1638/2246/2270 2868/2245/2269 4815/2321/2345 2914/2322/2346
f 2868/2245/2269 1639/2244/2268 2909/2302/2326 4815/2321/2345
f 4815/2321/2345 2909/2302/2326 1652/2304/2328 2893/2323/2347
f 2914/2322/2346 4815/2321/2345 2893/2323/2347 1651/2324/2348
f 1645/2271/2295 2875/2280/2304 4816/2325/2349 2913/2316/2340
f 2875/2280/2304 1646/2279/2303 2915/2326/2350 4816/2325/2349
f 4816/2325/2349 2915/2326/2350 1659/2327/2351 2900/2328/2352
f 2913/2316/2340 4816/2325/2349 2900/2328/2352 1658/2317/2341
f 1637/2268/2292 2865/2267/2291 4817/2329/2353 2912/2311/2335
f 2865/2267/2291 1638/2246/2270 2914/2322/2346 4817/2329/2353
f 4817/2329/2353 2914/2322/2346 1651/2324/2348 2891/2330/2354
f 2912/2311/2335 4817/2329/2353 2891/2330/2354 1650/2312/2336
f 1654/2290/2314 2896/2320/2344 4818/2331/2355 2928/2332/2356
f 2896/2320/2344 1655/2308/2332 2929/2333/2357 4818/2331/2355
f 4818/2331/2355 2929/2333/2357 1668/2334/2358 2921/2335/2359
f 2928/2332/2356 4818/2331/2355 2921/2335/2359 1667/2336/2360
f 1651/2324/2348 2893/2323/2347 4819/2337/2361 2930/2338/2362
f 2893/2323/2347 1652/2304/2328 2931/2339/2363 4819/2337/2361
f 4819/2337/2361 2931/2339/2363 1665/2340/2364 2918/2341/2365
f 2930/2338/2362 4819/2337/2361 2918/2341/2365 1664/2342/2366
f 1658/2317/2341 2900/2328/2352 4820/2343/2367 2932/2344/2368
f 2900/2328/2352 1659/2327/2351 2933/2345/2369 4820/2343/2367
f 4820/2343/2367 2933/2345/2369 1672/2346/2370 2925/2347/2371
f 2932/2344/2368 4820/2343/2367 2925/2347/2371 1671/2348/2372
f 1656/2286/2310 2897/2285/2309 4821/2349/2373 2934/2350/2374
f 2897/2285/2309 1657/2284/2308 2935/2351/2375 4821/2349/2373
f 4821/2349/2373 2935/2351/2375 1670/2352/2376 2922/2353/2377
f 2934/2350/2374 4821/2349/2373 2922/2353/2377 1669/2354/2378
f 1653/2292/2316 2894/2291/2315 4822/2355/2379 2936/2356/2380
f 2894/2291/2315 1654/2290/2314 2928/2332/2356 4822/2355/2379
f 4822/2355/2379 2928/2332/2356 1667/2336/2360 2919/2357/2381
f 2936/2356/2380 4822/2355/2379 2919/2357/2381 1666/2358/2382
f 1657/2284/2308 2901/2296/2320 4823/2359/2383 2935/2351/2375
f 2901/2296/2320 1660/2295/2319 2937/2360/2384 4823/2359/2383
f 4823/2359/2383 2937/2360/2384 1673/2361/2385 2926/2362/2386
f 2935/2351/2375 4823/2359/2383 2926/2362/2386 1670/2352/2376
f 1650/2312/2336 2891/2330/2354 4824/2363/2387 2938/2364/2388
f 2891/2330/2354 1651/2324/2348 2930/2338/2362 4824/2363/2387
f 4824/2363/2387 2930/2338/2362 1664/2342/2366 2916/2365/2389
f 2938/2364/2388 4824/2363/2387 2916/2365/2389 1663/2366/2390
f 1661/2300/2324 2898/2299/2323 4825/2367/2391 2939/2368/2392
f 2898/2299/2323 1656/2286/2310 2934/2350/2374 4825/2367/2391
f 4825/2367/2391 2934/2350/2374 1669/2354/2378 2923/2369/2393
f 2939/2368/2392 4825/2367/2391 2923/2369/2393 1674/2370/2394
f 1652/2304/2328 2895/2303/2327 4826/2371/2395 2931/2339/2363
f 2895/2303/2327 1653/2292/2316 2936/2356/2380 4826/2371/2395
f 4826/2371/2395 2936/2356/2380 1666/2358/2382 2920/2372/2396
f 2931/2339/2363 4826/2371/2395 2920/2372/2396 1665/2340/2364
f 1655/2308/2332 2902/2307/2331 4827/2373/2397 2929/2333/2357
f 2902/2307/2331 1661/2300/2324 2939/2368/2392 4827/2373/2397
f 4827/2373/2397 2939/2368/2392 1674/2370/2394 2927/2374/2398
f 2929/2333/2357 4827/2373/2397 2927/2374/2398 1668/2334/2358
f 1649/2314/2338 2892/2313/2337 4828/2375/2399 2940/2376/2400
f 2892/2313/2337 1650/2312/2336 2938/2364/2388 4828/2375/2399
f 4828/2375/2399 2938/2364/2388 1663/2366/2390 2917/2377/2401
f 2940/2376/2400 4828/2375/2399 2917/2377/2401 1662/2378/2402
f 1660/2295/2319 2899/2318/2342 4829/2379/2403 2937/2360/2384
f 2899/2318/2342 1658/2317/2341 2932/2344/2368 4829/2379/2403
f 4829/2379/2403 2932/2344/2368 1671/2348/2372 2924/2380/2404
f 2937/2360/2384 4829/2379/2403 2924/2380/2404 1673/2361/2385
f 1667/2336/2360 2921/2335/2359 4830/2381/2405 2943/2382/2406
f 1668/2334/2358 2942/2383/2407 4830/2381/2405 2921/2335/2359
f 1675/2384/2408 2943/2382/2406 4830/2381/2405 2942/2383/2407
f 1664/2342/2366 2918/2341/2365 4831/2385/2409 2941/2386/2410
f 1665/2340/2364 2945/2387/2411 4831/2385/2409 2918/2341/2365
f 1675/2384/2408 2941/2386/2410 4831/2385/2409 2945/2387/2411
f 1671/2348/2372 2925/2347/2371 4832/2388/2412 2953/2389/2413
f 1672/2346/2370 2946/2390/2414 4832/2388/2412 2925/2347/2371
f 1675/2384/2408 2953/2389/2413 4832/2388/2412 2946/2390/2414
f 1669/2354/2378 2922/2353/2377 4833/2391/2415 2947/2392/2416
f 1670/2352/2376 2948/2393/2417 4833/2391/2415 2922/2353/2377
f 1675/2384/2408 2947/2392/2416 4833/2391/2415 2948/2393/2417
f 1666/2358/2382 2919/2357/2381 4834/2394/2418 2949/2395/2419
f 1667/2336/2360 2943/2382/2406 4834/2394/2418 2919/2357/2381
f 1675/2384/2408 2949/2395/2419 4834/2394/2418 2943/2382/2406
f 1670/2352/2376 2926/2362/2386 4835/2396/2420 2948/2393/2417
f 1673/2361/2385 2950/2397/2421 4835/2396/2420 2926/2362/2386
f 1675/2384/2408 2948/2393/2417 4835/2396/2420 2950/2397/2421
f 1663/2366/2390 2916/2365/2389 4836/2398/2422 2951/2399/2423
f 1664/2342/2366 2941/2386/2410 4836/2398/2422 2916/2365/2389
f 1675/2384/2408 2951/2399/2423 4836/2398/2422 2941/2386/2410
f 1674/2370/2394 2923/2369/2393 4837/2400/2424 2952/2401/2425
f 1669/2354/2378 2947/2392/2416 4837/2400/2424 2923/2369/2393
f 1675/2384/2408 2952/2401/2425 4837/2400/2424 2947/2392/2416
f 1665/2340/2364 2920/2372/2396 4838/2402/2426 2945/2387/2411
f 1666/2358/2382 2949/2395/2419 4838/2402/2426 2920/2372/2396
f 1675/2384/2408 2945/2387/2411 4838/2402/2426 2949/2395/2419
f 1668/2334/2358 2927/2374/2398 4839/2403/2427 2942/2383/2407
f 1674/2370/2394 2952/2401/2425 4839/2403/2427 2927/2374/2398
f 1675/2384/2408 2942/2383/2407 4839/2403/2427 2952/2401/2425
f 1662/2378/2402 2917/2377/2401 4840/2404/2428 2944/2405/2429
f 1663/2366/2390 2951/2399/2423 4840/2404/2428 2917/2377/2401
f 1675/2384/2408 2944/2405/2429 4840/2404/2428 2951/2399/2423
f 1673/2361/2385 2924/2380/2404 4841/2406/2430 2950/2397/2421
f 1671/2348/2372 2953/2389/2413 4841/2406/2430 2924/2380/2404
f 1675/2384/2408 2950/2397/2421 4841/2406/2430 2953/2389/2413
f 1635/2230/2254 2954/2407/2431 4842/2408/2432 3132/2409/2433
f 1676/2410/2434 3131/2411/2435 4842/2408/2432 2954/2407/2431
f 1768/2412/2436 3132/2409/2433 4842/2408/2432 3131/2411/2435
f 1443/1487/1511 2956/2413/2437 4843/2414/2438 2508/1488/1512
f 2956/2413/2437 1677/2415/2439 2958/2416/2440 4843/2414/2438
f 4843/2414/2438 2958/2416/2440 1678/2417/2441 2960/2418/2442
f 2508/1488/1512 4843/2414/2438 2960/2418/2442 1444/1489/1513
f 1678/2417/2441 2959/2419/2443 4844/2420/2444 2960/2418/2442
f 2959/2419/2443 1679/2421/2445 2962/2422/2446 4844/2420/2444
f 4844/2420/2444 2962/2422/2446 1445/1493/1517 2507/1491/1515
f 2960/2418/2442 4844/2420/2444 2507/1491/1515 1444/1489/1513
f 1445/1493/1517 2962/2422/2446 4845/2423/2447 2540/1747/1771
f 2962/2422/2446 1679/2421/2445 2957/2424/2448 4845/2423/2447
f 4845/2423/2447 2957/2424/2448 1680/2425/2449 2964/2426/2450
f 2540/1747/1771 4845/2423/2447 2964/2426/2450 1507/1558/1582
f 1463/1560/1584 2616/1559/1583 4846/2427/2451 2963/2428/2452
f 2616/1559/1583 1507/1558/1582 2964/2426/2450 4846/2427/2451
f 4846/2427/2451 2964/2426/2450 1680/2425/2449 2961/2429/2453
f 2963/2428/2452 4846/2427/2451 2961/2429/2453 1681/2430/2454
f 1463/1560/1584 2963/2428/2452 4847/2431/2455 2539/1563/1587
f 2963/2428/2452 1681/2430/2454 2968/2432/2456 4847/2431/2455
f 4847/2431/2455 2968/2432/2456 1682/2433/2457 2967/2434/2458
f 2539/1563/1587 4847/2431/2455 2967/2434/2458 1464/1565/1589
f 1682/2433/2457 2966/2435/2459 4848/2436/2460 2967/2434/2458
f 2966/2435/2459 1683/2437/2461 2965/2438/2462 4848/2436/2460
f 4848/2436/2460 2965/2438/2462 1510/1569/1593 2545/1763/1787
f 2967/2434/2458 4848/2436/2460 2545/1763/1787 1464/1565/1589
f 1683/2437/2461 2969/2439/2463 4849/2440/2464 2965/2438/2462
f 2969/2439/2463 1684/2441/2465 2972/2442/2466 4849/2440/2464
f 4849/2440/2464 2972/2442/2466 1467/1573/1597 2624/1570/1594
f 2965/2438/2462 4849/2440/2464 2624/1570/1594 1510/1569/1593
f 1467/1573/1597 2972/2442/2466 4850/2443/2467 2599/1705/1729
f 2972/2442/2466 1684/2441/2465 2970/2444/2468 4850/2443/2467
f 4850/2443/2467 2970/2444/2468 1685/2445/2469 2974/2446/2470
f 2599/1705/1729 4850/2443/2467 2974/2446/2470 1499/1701/1725
f 1691/1703/1727 2990/2447/2471 4851/2448/2472 2980/2449/2473
f 2990/2447/2471 1698/2450/2474 2971/2451/2475 4851/2448/2472
f 4851/2448/2472 2971/2451/2475 1622/2178/2202 2839/2176/2200
f 2980/2449/2473 4851/2448/2472 2839/2176/2200 1497/1693/1717
f 1698/2450/2474 2989/2452/2476 4852/2453/2477 2971/2451/2475
f 2989/2452/2476 1699/2454/2478 2976/2455/2479 4852/2453/2477
f 4852/2453/2477 2976/2455/2479 1623/2182/2206 2841/2180/2204
f 2971/2451/2475 4852/2453/2477 2841/2180/2204 1622/2178/2202
f 1686/2456/2480 2975/2457/2481 4853/2458/2482 2987/2459/2483
f 2975/2457/2481 1687/2460/2484 2988/2461/2485 4853/2458/2482
f 4853/2458/2482 2988/2461/2485 1699/2454/2478 2989/2452/2476
f 2987/2459/2483 4853/2458/2482 2989/2452/2476 1698/2450/2474
f 1499/1701/1725 2973/2462/2486 4854/2463/2487 2601/1702/1726
f 2973/2462/2486 1686/2456/2480 2987/2459/2483 4854/2463/2487
f 4854/2463/2487 2987/2459/2483 1698/2450/2474 2990/2447/2471
f 2601/1702/1726 4854/2463/2487 2990/2447/2471 1691/1703/1727
f 1466/1575/1599 2981/1712/1736 4855/2464/2488 2529/1576/1600
f 2981/1712/1736 1692/1711/1735 2991/1761/1785 4855/2464/2488
f 4855/2464/2488 2991/1761/1785 1697/1715/1739 2626/2465/2489
f 2529/1576/1600 4855/2464/2488 2626/2465/2489 1509/1577/1601
f 1502/1755/1779 2617/1754/1778 4856/2466/2490 2610/2467/2491
f 2617/1754/1778 1508/1751/1775 2985/2468/2492 4856/2466/2490
f 4856/2466/2490 2985/2468/2492 1696/1738/1762 2992/1744/1768
f 2610/2467/2491 4856/2466/2490 2992/1744/1768 1694/1727/1751
f 1508/1751/1775 2614/1750/1774 4857/2469/2493 2985/2468/2492
f 2614/1750/1774 1504/1503/1527 2978/1730/1754 4857/2469/2493
f 4857/2469/2493 2978/1730/1754 1689/1729/1753 2993/1739/1763
f 2985/2468/2492 4857/2469/2493 2993/1739/1763 1696/1738/1762
f 1446/1495/1519 2511/1742/1766 4858/2470/2494 2512/1496/1520
f 2511/1742/1766 1689/1729/1753 2994/1732/1756 4858/2470/2494
f 4858/2470/2494 2994/1732/1756 1695/1484/1508 2984/1483/1507
f 2512/1496/1520 4858/2470/2494 2984/1483/1507 1442/1482/1506
f 1501/1721/1745 2607/1758/1782 4859/2471/2495 2982/1722/1746
f 2607/1758/1782 1502/1755/1779 2610/2467/2491 4859/2471/2495
f 4859/2471/2495 2610/2467/2491 1694/1727/1751 2995/1724/1748
f 2982/1722/1746 4859/2471/2495 2995/1724/1748 1693/1723/1747
f 1509/1577/1601 2626/2465/2489 4860/2472/2496 2623/1765/1789
f 2626/2465/2489 1697/1715/1739 2996/1718/1742 4860/2472/2496
f 4860/2472/2496 2996/1718/1742 1693/1723/1747 2608/1726/1750
f 2623/1765/1789 4860/2472/2496 2608/1726/1750 1465/1567/1591
f 1500/1709/1733 2604/1759/1783 4861/2473/2497 2590/1710/1734
f 2604/1759/1783 1692/1711/1735 2997/1714/1738 4861/2473/2497
f 4861/2473/2497 2997/1714/1738 1690/1695/1719 2597/2474/2498
f 2590/1710/1734 4861/2473/2497 2597/2474/2498 1496/1691/1715
f 1496/1691/1715 2597/2474/2498 4862/2475/2499 2596/1692/1716
f 2597/2474/2498 1690/1695/1719 2998/1698/1722 4862/2475/2499
f 4862/2475/2499 2998/1698/1722 1691/1703/1727 2980/2449/2473
f 2596/1692/1716 4862/2475/2499 2980/2449/2473 1497/1693/1717
f 1503/1736/1760 2977/2476/2500 4863/2477/2501 2613/1737/1761
f 2977/2476/2500 1688/1476/1500 2999/1479/1503 4863/2477/2501
f 4863/2477/2501 2999/1479/1503 1695/1484/1508 2611/1733/1757
f 2613/1737/1761 4863/2477/2501 2611/1733/1757 1505/1508/1532
f 1723/2478/2502 3000/2479/2503 4864/2480/2504 3057/2481/2505
f 3000/2479/2503 1700/2482/2506 3002/2483/2507 4864/2480/2504
f 4864/2480/2504 3002/2483/2507 1701/2484/2508 3042/2485/2509
f 3057/2481/2505 4864/2480/2504 3042/2485/2509 1724/2486/2510
f 1700/2482/2506 3006/2487/2511 4865/2488/2512 3002/2483/2507
f 3006/2487/2511 1703/2489/2513 3007/2490/2514 4865/2488/2512
f 4865/2488/2512 3007/2490/2514 1702/2491/2515 3001/2492/2516
f 3002/2483/2507 4865/2488/2512 3001/2492/2516 1701/2484/2508
f 1702/2491/2515 3007/2490/2514 4866/2493/2517 3005/2494/2518
f 3007/2490/2514 1703/2489/2513 3010/2495/2519 4866/2493/2517
f 4866/2493/2517 3010/2495/2519 1705/2496/2520 3008/2497/2521
f 3005/2494/2518 4866/2493/2517 3008/2497/2521 1704/2498/2522
f 1704/2498/2522 3008/2497/2521 4867/2499/2523 3012/2500/2524
f 3008/2497/2521 1705/2496/2520 3003/2501/2525 4867/2499/2523
f 4867/2499/2523 3003/2501/2525 1706/2502/2526 3013/2503/2527
f 3012/2500/2524 4867/2499/2523 3013/2503/2527 1707/2504/2528
f 1706/2502/2526 3015/2505/2529 4868/2506/2530 3013/2503/2527
f 3015/2505/2529 1709/2507/2531 3016/2508/2532 4868/2506/2530
f 4868/2506/2530 3016/2508/2532 1708/2509/2533 3009/2510/2534
f 3013/2503/2527 4868/2506/2530 3009/2510/2534 1707/2504/2528
f 1709/2507/2531 3015/2505/2529 4869/2511/2535 3014/2512/2536
f 3015/2505/2529 1706/2502/2526 3019/2513/2537 4869/2511/2535
f 4869/2511/2535 3019/2513/2537 1711/2514/2538 3017/2515/2539
f 3014/2512/2536 4869/2511/2535 3017/2515/2539 1710/2516/2540
f 1711/2514/2538 3019/2513/2537 4870/2517/2541 3018/2518/2542
f 3019/2513/2537 1706/2502/2526 3003/2501/2525 4870/2517/2541
f 4870/2517/2541 3003/2501/2525 1705/2496/2520 3021/2519/2543
f 3018/2518/2542 4870/2517/2541 3021/2519/2543 1712/2520/2544
f 1705/2496/2520 3010/2495/2519 4871/2521/2545 3021/2519/2543
f 3010/2495/2519 1703/2489/2513 3023/2522/2546 4871/2521/2545
f 4871/2521/2545 3023/2522/2546 1713/2523/2547 3011/2524/2548
f 3021/2519/2543 4871/2521/2545 3011/2524/2548 1712/2520/2544
f 1713/2523/2547 3023/2522/2546 4872/2525/2549 3022/2526/2550
f 3023/2522/2546 1703/2489/2513 3006/2487/2511 4872/2525/2549
f 4872/2525/2549 3006/2487/2511 1700/2482/2506 3024/2527/2551
f 3022/2526/2550 4872/2525/2549 3024/2527/2551 1714/2528/2552
f 1967/2529/2553 3542/2530/2554 4873/2531/2555 3578/2532/2556
f 3542/2530/2554 1687/2460/2484 3026/2533/2557 4873/2531/2555
f 4873/2531/2555 3026/2533/2557 1715/2534/2558 3020/2535/2559
f 3578/2532/2556 4873/2531/2555 3020/2535/2559 1964/2536/2560
f 1715/2534/2558 3026/2533/2557 4874/2537/2561 3025/2538/2562
f 3026/2533/2557 1687/2460/2484 2975/2457/2481 4874/2537/2561
f 4874/2537/2561 2975/2457/2481 1686/2456/2480 3028/2539/2563
f 3025/2538/2562 4874/2537/2561 3028/2539/2563 1716/2540/2564
f 1686/2456/2480 2973/2462/2486 4875/2541/2565 3028/2539/2563
f 2973/2462/2486 1499/1701/1725 2974/2446/2470 4875/2541/2565
f 4875/2541/2565 2974/2446/2470 1685/2445/2469 3027/2542/2566
f 3028/2539/2563 4875/2541/2565 3027/2542/2566 1716/2540/2564
f 1726/2543/2567 3055/2544/2568 4876/2545/2569 3029/2546/2570
f 3055/2544/2568 1724/2486/2510 3042/2485/2509 4876/2545/2569
f 4876/2545/2569 3042/2485/2509 1701/2484/2508 3030/2547/2571
f 3029/2546/2570 4876/2545/2569 3030/2547/2571 1717/2548/2572
f 1726/2543/2567 3274/2549/2573 4877/2550/2574 3054/2551/2575
f 3274/2549/2573 1838/2552/2576 3032/2553/2577 4877/2550/2574
f 4877/2550/2574 3032/2553/2577 1718/2554/2578 3046/2555/2579
f 3054/2551/2575 4877/2550/2574 3046/2555/2579 1728/2556/2580
f 1727/2557/2581 3053/2558/2582 4878/2559/2583 3220/2560/2584
f 3053/2558/2582 1728/2556/2580 3046/2555/2579 4878/2559/2583
f 4878/2559/2583 3046/2555/2579 1718/2554/2578 3224/2561/2585
f 3220/2560/2584 4878/2559/2583 3224/2561/2585 1816/2562/2586
f 1727/2557/2581 3220/2560/2584 4879/2563/2587 3052/2564/2588
f 3220/2560/2584 1816/2562/2586 3259/2565/2589 4879/2563/2587
f 4879/2563/2587 3259/2565/2589 1732/2566/2590 3048/2567/2591
f 3052/2564/2588 4879/2563/2587 3048/2567/2591 1730/2568/2592
f 1729/2569/2593 3051/2570/2594 4880/2571/2595 3059/2572/2596
f 3051/2570/2594 1730/2568/2592 3048/2567/2591 4880/2571/2595
f 4880/2571/2595 3048/2567/2591 1732/2566/2590 3062/2573/2597
f 3059/2572/2596 4880/2571/2595 3062/2573/2597 1733/2574/2598
f 1731/2575/2599 3050/2576/2600 4881/2577/2601 3060/2578/2602
f 3050/2576/2600 1729/2569/2593 3059/2572/2596 4881/2577/2601
f 4881/2577/2601 3059/2572/2596 1733/2574/2598 3063/2579/2603
f 3060/2578/2602 4881/2577/2601 3063/2579/2603 1734/2580/2604
f 1971/2581/2605 3577/2582/2606 4882/2583/2607 3049/2584/2608
f 3577/2582/2606 1970/2585/2609 3047/2586/2610 4882/2583/2607
f 4882/2583/2607 3047/2586/2610 1729/2569/2593 3050/2576/2600
f 3049/2584/2608 4882/2583/2607 3050/2576/2600 1731/2575/2599
f 1970/2585/2609 3576/2587/2611 4883/2588/2612 3047/2586/2610
f 3576/2587/2611 1966/2589/2613 3541/2590/2614 4883/2588/2612
f 4883/2588/2612 3541/2590/2614 1730/2568/2592 3051/2570/2594
f 3047/2586/2610 4883/2588/2612 3051/2570/2594 1729/2569/2593
f 1969/2591/2615 3045/2592/2616 4884/2593/2617 3575/2594/2618
f 3045/2592/2616 1727/2557/2581 3052/2564/2588 4884/2593/2617
f 4884/2593/2617 3052/2564/2588 1730/2568/2592 3541/2590/2614
f 3575/2594/2618 4884/2593/2617 3541/2590/2614 1966/2589/2613
f 1969/2591/2615 3574/2595/2619 4885/2596/2620 3045/2592/2616
f 3574/2595/2619 1965/2597/2621 3540/2598/2622 4885/2596/2620
f 4885/2596/2620 3540/2598/2622 1728/2556/2580 3053/2558/2582
f 3045/2592/2616 4885/2596/2620 3053/2558/2582 1727/2557/2581
f 1968/2599/2623 3044/2600/2624 4886/2601/2625 3573/2602/2626
f 3044/2600/2624 1726/2543/2567 3054/2551/2575 4886/2601/2625
f 4886/2601/2625 3054/2551/2575 1728/2556/2580 3540/2598/2622
f 3573/2602/2626 4886/2601/2625 3540/2598/2622 1965/2597/2621
f 1968/2599/2623 3572/2603/2627 4887/2604/2628 3044/2600/2624
f 3572/2603/2627 1963/2605/2629 3538/2606/2630 4887/2604/2628
f 4887/2604/2628 3538/2606/2630 1724/2486/2510 3055/2544/2568
f 3044/2600/2624 4887/2604/2628 3055/2544/2568 1726/2543/2567
f 1700/2482/2506 3000/2479/2503 4888/2607/2631 3024/2527/2551
f 3000/2479/2503 1723/2478/2502 3056/2608/2632 4888/2607/2631
f 4888/2607/2631 3056/2608/2632 1725/2609/2633 3043/2610/2634
f 3024/2527/2551 4888/2607/2631 3043/2610/2634 1714/2528/2552
f 1967/2529/2553 3041/2611/2635 4889/2612/2636 3571/2613/2637
f 3041/2611/2635 1723/2478/2502 3057/2481/2505 4889/2612/2636
f 4889/2612/2636 3057/2481/2505 1724/2486/2510 3538/2606/2630
f 3571/2613/2637 4889/2612/2636 3538/2606/2630 1963/2605/2629
f 1732/2566/2590 3259/2565/2589 4890/2614/2638 3058/2615/2639
f 1816/2562/2586 3257/2616/2640 4890/2614/2638 3259/2565/2589
f 1720/2617/2641 3058/2615/2639 4890/2614/2638 3257/2616/2640
f 1733/2574/2598 3062/2573/2597 4891/2618/2642 3037/2619/2643
f 3062/2573/2597 1732/2566/2590 3058/2615/2639 4891/2618/2642
f 4891/2618/2642 3058/2615/2639 1720/2617/2641 3035/2620/2644
f 3037/2619/2643 4891/2618/2642 3035/2620/2644 1721/2621/2645
f 1734/2580/2604 3063/2579/2603 4892/2622/2646 3039/2623/2647
f 3063/2579/2603 1733/2574/2598 3037/2619/2643 4892/2622/2646
f 4892/2622/2646 3037/2619/2643 1721/2621/2645 3040/2624/2648
f 3039/2623/2647 4892/2622/2646 3040/2624/2648 1722/2625/2649
f 1628/2202/2226 2851/2201/2225 4893/2626/2650 3066/2627/2651
f 1627/2200/2224 3067/2628/2652 4893/2626/2650 2851/2201/2225
f 1736/2629/2653 3066/2627/2651 4893/2626/2650 3067/2628/2652
f 1972/2630/2654 3570/2631/2655 4894/2632/2656 3064/2633/2657
f 3570/2631/2655 1971/2581/2605 3049/2584/2608 4894/2632/2656
f 4894/2632/2656 3049/2584/2608 1731/2575/2599 3065/2634/2658
f 3064/2633/2657 4894/2632/2656 3065/2634/2658 1735/2635/2659
f 1973/2636/2660 3069/2637/2661 4895/2638/2662 3569/2639/2663
f 3069/2637/2661 1628/2202/2226 3109/2640/2664 4895/2638/2662
f 4895/2638/2662 3109/2640/2664 1757/2641/2665 3108/2642/2666
f 3569/2639/2663 4895/2638/2662 3108/2642/2666 1983/2643/2667
f 1974/2644/2668 3568/2645/2669 4896/2646/2670 3074/2647/2671
f 3568/2645/2669 1973/2636/2660 3548/2648/2672 4896/2646/2670
f 4896/2646/2670 3548/2648/2672 1737/2649/2673 3075/2650/2674
f 3074/2647/2671 4896/2646/2670 3075/2650/2674 1740/2651/2675
f 1739/2208/2232 3072/2222/2246 4897/2652/2676 3071/2653/2677
f 3072/2222/2246 1738/2221/2245 3076/2654/2678 4897/2652/2676
f 4897/2652/2676 3076/2654/2678 1741/2655/2679 3077/2656/2680
f 3071/2653/2677 4897/2652/2676 3077/2656/2680 1633/2210/2234
f 1603/2092/2116 3073/2209/2233 4898/2657/2681 2850/2213/2237
f 1739/2208/2232 3071/2653/2677 4898/2657/2681 3073/2209/2233
f 1633/2210/2234 2850/2213/2237 4898/2657/2681 3071/2653/2677
f 1975/2658/2682 3550/2659/2683 4899/2660/2684 3567/2661/2685
f 3550/2659/2683 1741/2655/2679 3101/2662/2686 4899/2660/2684
f 4899/2660/2684 3101/2662/2686 1753/2663/2687 3556/2664/2688
f 3567/2661/2685 4899/2660/2684 3556/2664/2688 1981/2665/2689
f 1633/2210/2234 3081/2666/2690 4900/2667/2691 2858/2218/2242
f 1743/2668/2692 2852/2669/2693 4900/2667/2691 3081/2666/2690
f 1629/2215/2239 2858/2218/2242 4900/2667/2691 2852/2669/2693
f 1976/2670/2694 3566/2671/2695 4901/2672/2696 3082/2673/2697
f 3566/2671/2695 1975/2658/2682 3078/2674/2698 4901/2672/2696
f 4901/2672/2696 3078/2674/2698 1742/2675/2699 3083/2676/2700
f 3082/2673/2697 4901/2672/2696 3083/2676/2700 1744/2677/2701
f 1743/2668/2692 3081/2666/2690 4902/2678/2702 3080/2679/2703
f 1633/2210/2234 3077/2656/2680 4902/2678/2702 3081/2666/2690
f 1741/2655/2679 3080/2679/2703 4902/2678/2702 3077/2656/2680
f 1977/2680/2704 3552/2681/2705 4903/2682/2706 3565/2683/2707
f 3552/2681/2705 1629/2215/2239 3093/2684/2708 4903/2682/2706
f 4903/2682/2706 3093/2684/2708 1748/2685/2709 3554/2686/2710
f 3565/2683/2707 4903/2682/2706 3554/2686/2710 1979/2687/2711
f 1745/2688/2712 3086/2689/2713 4904/2690/2714 3087/2691/2715
f 3086/2689/2713 1746/2692/2716 3088/2693/2717 4904/2690/2714
f 4904/2690/2714 3088/2693/2717 1676/2410/2434 2954/2407/2431
f 3087/2691/2715 4904/2690/2714 2954/2407/2431 1635/2230/2254
f 1635/2230/2254 2866/2229/2253 4905/2694/2718 3087/2691/2715
f 2866/2229/2253 1629/2215/2239 3552/2681/2705 4905/2694/2718
f 4905/2694/2718 3552/2681/2705 1977/2680/2704 3084/2695/2719
f 3087/2691/2715 4905/2694/2718 3084/2695/2719 1745/2688/2712
f 1979/2687/2711 3564/2696/2720 4906/2697/2721 3091/2698/2722
f 3564/2696/2720 1978/2699/2723 3090/2700/2724 4906/2697/2721
f 4906/2697/2721 3090/2700/2724 1749/2701/2725 3092/2702/2726
f 3091/2698/2722 4906/2697/2721 3092/2702/2726 1750/2703/2727
f 1976/2670/2694 3082/2673/2697 4907/2704/2728 3563/2705/2729
f 3082/2673/2697 1744/2677/2701 3095/2706/2730 4907/2704/2728
f 4907/2704/2728 3095/2706/2730 1749/2701/2725 3090/2700/2724
f 3563/2705/2729 4907/2704/2728 3090/2700/2724 1978/2699/2723
f 1744/2677/2701 3085/2707/2731 4908/2708/2732 3095/2706/2730
f 3085/2707/2731 1745/2688/2712 3094/2709/2733 4908/2708/2732
f 4908/2708/2732 3094/2709/2733 1750/2703/2727 3092/2702/2726
f 3095/2706/2730 4908/2708/2732 3092/2702/2726 1749/2701/2725
f 1629/2215/2239 2852/2669/2693 4909/2710/2734 3093/2684/2708
f 2852/2669/2693 1743/2668/2692 3096/2711/2735 4909/2710/2734
f 4909/2710/2734 3096/2711/2735 1747/2712/2736 3089/2713/2737
f 3093/2684/2708 4909/2710/2734 3089/2713/2737 1748/2685/2709
f 1981/2665/2689 3562/2714/2738 4910/2715/2739 3099/2716/2740
f 3562/2714/2738 1980/2717/2741 3097/2718/2742 4910/2715/2739
f 4910/2715/2739 3097/2718/2742 1752/2719/2743 3100/2720/2744
f 3099/2716/2740 4910/2715/2739 3100/2720/2744 1754/2721/2745
f 1741/2655/2679 3076/2654/2678 4911/2722/2746 3101/2662/2686
f 3076/2654/2678 1738/2221/2245 3103/2723/2747 4911/2722/2746
f 4911/2722/2746 3103/2723/2747 1751/2724/2748 3098/2725/2749
f 3101/2662/2686 4911/2722/2746 3098/2725/2749 1753/2663/2687
f 1974/2644/2668 3074/2647/2671 4912/2726/2750 3561/2727/2751
f 3074/2647/2671 1740/2651/2675 3104/2728/2752 4912/2726/2750
f 4912/2726/2750 3104/2728/2752 1752/2719/2743 3097/2718/2742
f 3561/2727/2751 4912/2726/2750 3097/2718/2742 1980/2717/2741
f 1740/2651/2675 3079/2729/2753 4913/2730/2754 3104/2728/2752
f 3079/2729/2753 1742/2675/2699 3102/2731/2755 4913/2730/2754
f 4913/2730/2754 3102/2731/2755 1754/2721/2745 3100/2720/2744
f 3104/2728/2752 4913/2730/2754 3100/2720/2744 1752/2719/2743
f 1982/2732/2756 3560/2733/2757 4914/2734/2758 3557/2735/2759
f 3560/2733/2757 1983/2643/2667 3108/2642/2666 4914/2734/2758
f 4914/2734/2758 3108/2642/2666 1757/2641/2665 3106/2736/2760
f 3557/2735/2759 4914/2734/2758 3106/2736/2760 1755/2737/2761
f 1735/2635/2659 3068/2738/2762 4915/2739/2763 3111/2740/2764
f 3068/2738/2762 1737/2649/2673 3110/2741/2765 4915/2739/2763
f 4915/2739/2763 3110/2741/2765 1758/2742/2766 3107/2743/2767
f 3111/2740/2764 4915/2739/2763 3107/2743/2767 1756/2744/2768
f 1628/2202/2226 3066/2627/2651 4916/2745/2769 3109/2640/2664
f 3066/2627/2651 1736/2629/2653 3112/2746/2770 4916/2745/2769
f 4916/2745/2769 3112/2746/2770 1755/2737/2761 3106/2736/2760
f 3109/2640/2664 4916/2745/2769 3106/2736/2760 1757/2641/2665
f 1972/2630/2654 3064/2633/2657 4917/2747/2771 3559/2748/2772
f 3064/2633/2657 1735/2635/2659 3111/2740/2764 4917/2747/2771
f 4917/2747/2771 3111/2740/2764 1756/2744/2768 3105/2749/2773
f 3559/2748/2772 4917/2747/2771 3105/2749/2773 1982/2732/2756
f 1737/2649/2673 3068/2738/2762 4918/2750/2774 3113/2751/2775
f 3068/2738/2762 1735/2635/2659 3065/2634/2658 4918/2750/2774
f 4918/2750/2774 3065/2634/2658 1731/2575/2599 3060/2578/2602
f 3113/2751/2775 4918/2750/2774 3060/2578/2602 1734/2580/2604
f 1737/2649/2673 3113/2751/2775 4919/2752/2776 3075/2650/2674
f 3113/2751/2775 1734/2580/2604 3039/2623/2647 4919/2752/2776
f 4919/2752/2776 3039/2623/2647 1722/2625/2649 3116/2753/2777
f 3075/2650/2674 4919/2752/2776 3116/2753/2777 1740/2651/2675
f 1722/2625/2649 3115/2754/2778 4920/2755/2779 3116/2753/2777
f 3115/2754/2778 1759/2756/2780 3118/2757/2781 4920/2755/2779
f 4920/2755/2779 3118/2757/2781 1742/2675/2699 3079/2729/2753
f 3116/2753/2777 4920/2755/2779 3079/2729/2753 1740/2651/2675
f 1742/2675/2699 3118/2757/2781 4921/2758/2782 3083/2676/2700
f 3118/2757/2781 1759/2756/2780 3114/2759/2783 4921/2758/2782
f 4921/2758/2782 3114/2759/2783 1760/2760/2784 3120/2761/2785
f 3083/2676/2700 4921/2758/2782 3120/2761/2785 1744/2677/2701
f 1760/2760/2784 3119/2762/2786 4922/2763/2787 3120/2761/2785
f 3119/2762/2786 1761/2764/2788 3122/2765/2789 4922/2763/2787
f 4922/2763/2787 3122/2765/2789 1745/2688/2712 3085/2707/2731
f 3120/2761/2785 4922/2763/2787 3085/2707/2731 1744/2677/2701
f 1745/2688/2712 3122/2765/2789 4923/2766/2790 3086/2689/2713
f 3122/2765/2789 1761/2764/2788 3117/2767/2791 4923/2766/2790
f 4923/2766/2790 3117/2767/2791 1762/2768/2792 3124/2769/2793
f 3086/2689/2713 4923/2766/2790 3124/2769/2793 1746/2692/2716
f 1676/2410/2434 3088/2693/2717 4924/2770/2794 3123/2771/2795
f 3088/2693/2717 1746/2692/2716 3124/2769/2793 4924/2770/2794
f 4924/2770/2794 3124/2769/2793 1762/2768/2792 3121/2772/2796
f 3123/2771/2795 4924/2770/2794 3121/2772/2796 1763/2773/2797
f 1766/2774/2798 3125/2775/2799 4925/2776/2800 3130/2777/2801
f 3125/2775/2799 1764/2778/2802 3127/2779/2803 4925/2776/2800
f 4925/2776/2800 3127/2779/2803 1765/2780/2804 3126/2781/2805
f 3130/2777/2801 4925/2776/2800 3126/2781/2805 1767/2782/2806
f 1763/2773/2797 3128/2783/2807 4926/2784/2808 3123/2771/2795
f 3128/2783/2807 1766/2774/2798 3130/2777/2801 4926/2784/2808
f 4926/2784/2808 3130/2777/2801 1767/2782/2806 3129/2785/2809
f 3123/2771/2795 4926/2784/2808 3129/2785/2809 1676/2410/2434
f 1768/2412/2436 3131/2411/2435 4927/2786/2810 3133/2787/2811
f 3131/2411/2435 1676/2410/2434 3129/2785/2809 4927/2786/2810
f 4927/2786/2810 3129/2785/2809 1767/2782/2806 3126/2781/2805
f 3133/2787/2811 4927/2786/2810 3126/2781/2805 1765/2780/2804
f 1768/2412/2436 2955/2788/2812 4928/2789/2813 3132/2409/2433
f 2955/2788/2812 1579/2007/2031 2760/2014/2038 4928/2789/2813
f 4928/2789/2813 2760/2014/2038 1567/1967/1991 2864/2228/2252
f 3132/2409/2433 4928/2789/2813 2864/2228/2252 1635/2230/2254
f 1765/2780/2804 3134/2790/2814 4929/2791/2815 3133/2787/2811
f 3134/2790/2814 1577/2001/2025 2755/2008/2032 4929/2791/2815
f 4929/2791/2815 2755/2008/2032 1579/2007/2031 2955/2788/2812
f 3133/2787/2811 4929/2791/2815 2955/2788/2812 1768/2412/2436
f 1577/2001/2025 3134/2790/2814 4930/2792/2816 3137/2793/2817
f 3134/2790/2814 1765/2780/2804 3127/2779/2803 4930/2792/2816
f 4930/2792/2816 3127/2779/2803 1764/2778/2802 3138/2794/2818
f 3137/2793/2817 4930/2792/2816 3138/2794/2818 1770/2795/2819
f 1770/2795/2819 3139/2796/2820 4931/2797/2821 3137/2793/2817
f 3139/2796/2820 1595/2069/2093 2788/2068/2092 4931/2797/2821
f 4931/2797/2821 2788/2068/2092 1575/1996/2020 2752/2002/2026
f 3137/2793/2817 4931/2797/2821 2752/2002/2026 1577/2001/2025
f 1770/2795/2819 3138/2794/2818 4932/2798/2822 3135/2799/2823
f 1764/2778/2802 3136/2800/2824 4932/2798/2822 3138/2794/2818
f 1769/2801/2825 3135/2799/2823 4932/2798/2822 3136/2800/2824
f 1595/2069/2093 3139/2796/2820 4933/2802/2826 2791/2074/2098
f 3139/2796/2820 1770/2795/2819 3135/2799/2823 4933/2802/2826
f 4933/2802/2826 3135/2799/2823 1769/2801/2825 3140/2803/2827
f 2791/2074/2098 4933/2802/2826 3140/2803/2827 1597/2075/2099
f 1596/2077/2101 2790/2076/2100 4934/2804/2828 3141/2805/2829
f 2790/2076/2100 1597/2075/2099 3144/2806/2830 4934/2804/2828
f 4934/2804/2828 3144/2806/2830 1822/2807/2831 3242/2808/2832
f 3141/2805/2829 4934/2804/2828 3242/2808/2832 1771/2809/2833
f 1822/2807/2831 3144/2806/2830 4935/2810/2834 3245/2811/2835
f 3144/2806/2830 1597/2075/2099 3140/2803/2827 4935/2810/2834
f 4935/2810/2834 3140/2803/2827 1769/2801/2825 3236/2812/2836
f 3245/2811/2835 4935/2810/2834 3236/2812/2836 1817/2813/2837
f 1769/2801/2825 3136/2800/2824 4936/2814/2838 3236/2812/2836
f 3136/2800/2824 1764/2778/2802 3149/2815/2839 4936/2814/2838
f 4936/2814/2838 3149/2815/2839 1773/2816/2840 3230/2817/2841
f 3236/2812/2836 4936/2814/2838 3230/2817/2841 1817/2813/2837
f 1762/2768/2792 3148/2818/2842 4937/2819/2843 3121/2772/2796
f 3148/2818/2842 1774/2820/2844 3150/2821/2845 4937/2819/2843
f 4937/2819/2843 3150/2821/2845 1775/2822/2846 3152/2823/2847
f 3121/2772/2796 4937/2819/2843 3152/2823/2847 1763/2773/2797
f 1775/2822/2846 3151/2824/2848 4938/2825/2849 3152/2823/2847
f 3151/2824/2848 1776/2826/2850 3154/2827/2851 4938/2825/2849
f 4938/2825/2849 3154/2827/2851 1766/2774/2798 3128/2783/2807
f 3152/2823/2847 4938/2825/2849 3128/2783/2807 1763/2773/2797
f 1766/2774/2798 3154/2827/2851 4939/2828/2852 3125/2775/2799
f 3154/2827/2851 1776/2826/2850 3153/2829/2853 4939/2828/2852
f 4939/2828/2852 3153/2829/2853 1773/2816/2840 3149/2815/2839
f 3125/2775/2799 4939/2828/2852 3149/2815/2839 1764/2778/2802
f 1776/2826/2850 3157/2830/2854 4940/2831/2855 3153/2829/2853
f 3157/2830/2854 1778/2832/2856 3158/2833/2857 4940/2831/2855
f 4940/2831/2855 3158/2833/2857 1777/2834/2858 3155/2835/2859
f 3153/2829/2853 4940/2831/2855 3155/2835/2859 1773/2816/2840
f 1778/2832/2856 3157/2830/2854 4941/2836/2860 3156/2837/2861
f 3157/2830/2854 1776/2826/2850 3151/2824/2848 4941/2836/2860
f 4941/2836/2860 3151/2824/2848 1775/2822/2846 3160/2838/2862
f 3156/2837/2861 4941/2836/2860 3160/2838/2862 1779/2839/2863
f 1775/2822/2846 3150/2821/2845 4942/2840/2864 3160/2838/2862
f 3150/2821/2845 1774/2820/2844 3162/2841/2865 4942/2840/2864
f 4942/2840/2864 3162/2841/2865 1780/2842/2866 3161/2843/2867
f 3160/2838/2862 4942/2840/2864 3161/2843/2867 1779/2839/2863
f 1760/2760/2784 3114/2759/2783 4943/2844/2868 3164/2845/2869
f 3114/2759/2783 1759/2756/2780 3165/2846/2870 4943/2844/2868
f 4943/2844/2868 3165/2846/2870 1782/2847/2871 3159/2848/2872
f 3164/2845/2869 4943/2844/2868 3159/2848/2872 1783/2849/2873
f 1761/2764/2788 3119/2762/2786 4944/2850/2874 3166/2851/2875
f 3119/2762/2786 1760/2760/2784 3164/2845/2869 4944/2850/2874
f 4944/2850/2874 3164/2845/2869 1783/2849/2873 3163/2852/2876
f 3166/2851/2875 4944/2850/2874 3163/2852/2876 1784/2853/2877
f 1762/2768/2792 3117/2767/2791 4945/2854/2878 3148/2818/2842
f 3117/2767/2791 1761/2764/2788 3166/2851/2875 4945/2854/2878
f 4945/2854/2878 3166/2851/2875 1784/2853/2877 3168/2855/2879
f 3148/2818/2842 4945/2854/2878 3168/2855/2879 1774/2820/2844
f 1759/2756/2780 3115/2754/2778 4946/2856/2880 3165/2846/2870
f 3115/2754/2778 1722/2625/2649 3040/2624/2648 4946/2856/2880
f 4946/2856/2880 3040/2624/2648 1721/2621/2645 3169/2857/2881
f 3165/2846/2870 4946/2856/2880 3169/2857/2881 1782/2847/2871
f 1783/2849/2873 3159/2848/2872 4947/2858/2882 3172/2859/2883
f 3159/2848/2872 1782/2847/2871 3173/2860/2884 4947/2858/2882
f 4947/2858/2882 3173/2860/2884 1786/2861/2885 3167/2862/2886
f 3172/2859/2883 4947/2858/2882 3167/2862/2886 1787/2863/2887
f 1774/2820/2844 3168/2855/2879 4948/2864/2888 3162/2841/2865
f 3168/2855/2879 1784/2853/2877 3175/2865/2889 4948/2864/2888
f 4948/2864/2888 3175/2865/2889 1788/2866/2890 3176/2867/2891
f 3162/2841/2865 4948/2864/2888 3176/2867/2891 1780/2842/2866
f 1782/2847/2871 3169/2857/2881 4949/2868/2892 3173/2860/2884
f 3169/2857/2881 1721/2621/2645 3035/2620/2644 4949/2868/2892
f 4949/2868/2892 3035/2620/2644 1720/2617/2641 3177/2869/2893
f 3173/2860/2884 4949/2868/2892 3177/2869/2893 1786/2861/2885
f 1784/2853/2877 3163/2852/2876 4950/2870/2894 3175/2865/2889
f 3163/2852/2876 1783/2849/2873 3172/2859/2883 4950/2870/2894
f 4950/2870/2894 3172/2859/2883 1787/2863/2887 3146/2871/2895
f 3175/2865/2889 4950/2870/2894 3146/2871/2895 1788/2866/2890
f 1779/2839/2863 3161/2843/2867 4951/2872/2896 3178/2873/2897
f 3161/2843/2867 1780/2842/2866 3179/2874/2898 4951/2872/2896
f 4951/2872/2896 3179/2874/2898 1790/2875/2899 3171/2876/2900
f 3178/2873/2897 4951/2872/2896 3171/2876/2900 1789/2877/2901
f 1777/2834/2858 3158/2833/2857 4952/2878/2902 3180/2879/2903
f 3158/2833/2857 1778/2832/2856 3181/2880/2904 4952/2878/2902
f 4952/2878/2902 3181/2880/2904 1781/2881/2905 3170/2882/2906
f 3180/2879/2903 4952/2878/2902 3170/2882/2906 1785/2883/2907
f 1778/2832/2856 3156/2837/2861 4953/2884/2908 3181/2880/2904
f 3156/2837/2861 1779/2839/2863 3178/2873/2897 4953/2884/2908
f 4953/2884/2908 3178/2873/2897 1789/2877/2901 3174/2885/2909
f 3181/2880/2904 4953/2884/2908 3174/2885/2909 1781/2881/2905
f 1781/2881/2905 3174/2885/2909 4954/2886/2910 3185/2887/2911
f 3174/2885/2909 1789/2877/2901 3186/2888/2912 4954/2886/2910
f 4954/2886/2910 3186/2888/2912 1793/2889/2913 3184/2890/2914
f 3185/2887/2911 4954/2886/2910 3184/2890/2914 1791/2891/2915
f 1789/2877/2901 3171/2876/2900 4955/2892/2916 3186/2888/2912
f 3171/2876/2900 1790/2875/2899 3263/2893/2917 4955/2892/2916
f 4955/2892/2916 3263/2893/2917 1719/2894/2918 3265/2895/2919
f 3186/2888/2912 4955/2892/2916 3265/2895/2919 1793/2889/2913
f 1785/2883/2907 3170/2882/2906 4956/2896/2920 3188/2897/2921
f 3170/2882/2906 1781/2881/2905 3185/2887/2911 4956/2896/2920
f 4956/2896/2920 3185/2887/2911 1791/2891/2915 3182/2898/2922
f 3188/2897/2921 4956/2896/2920 3182/2898/2922 1792/2899/2923
f 1791/2891/2915 3184/2890/2914 4957/2900/2924 3191/2901/2925
f 3184/2890/2914 1793/2889/2913 3192/2902/2926 4957/2900/2924
f 4957/2900/2924 3192/2902/2926 1797/2903/2927 3190/2904/2928
f 3191/2901/2925 4957/2900/2924 3190/2904/2928 1795/2905/2929
f 1793/2889/2913 3265/2895/2919 4958/2906/2930 3192/2902/2926
f 3265/2895/2919 1719/2894/2918 3268/2907/2931 4958/2906/2930
f 4958/2906/2930 3268/2907/2931 1794/2908/2932 3271/2909/2933
f 3192/2902/2926 4958/2906/2930 3271/2909/2933 1797/2903/2927
f 1792/2899/2923 3182/2898/2922 4959/2910/2934 3194/2911/2935
f 3182/2898/2922 1791/2891/2915 3191/2901/2925 4959/2910/2934
f 4959/2910/2934 3191/2901/2925 1795/2905/2929 3189/2912/2936
f 3194/2911/2935 4959/2910/2934 3189/2912/2936 1796/2913/2937
f 1795/2905/2929 3190/2904/2928 4960/2914/2938 3198/2915/2939
f 3190/2904/2928 1797/2903/2927 3199/2916/2940 4960/2914/2938
f 4960/2914/2938 3199/2916/2940 1800/2917/2941 3197/2918/2942
f 3198/2915/2939 4960/2914/2938 3197/2918/2942 1798/2919/2943
f 1797/2903/2927 3271/2909/2933 4961/2920/2944 3199/2916/2940
f 3271/2909/2933 1794/2908/2932 3272/2921/2945 4961/2920/2944
f 4961/2920/2944 3272/2921/2945 1801/2922/2946 3196/2923/2947
f 3199/2916/2940 4961/2920/2944 3196/2923/2947 1800/2917/2941
f 1796/2913/2937 3189/2912/2936 4962/2924/2948 3200/2925/2949
f 3189/2912/2936 1795/2905/2929 3198/2915/2939 4962/2924/2948
f 4962/2924/2948 3198/2915/2939 1798/2919/2943 3195/2926/2950
f 3200/2925/2949 4962/2924/2948 3195/2926/2950 1799/2927/2951
f 1798/2919/2943 3197/2918/2942 4963/2928/2952 3204/2929/2953
f 3197/2918/2942 1800/2917/2941 3205/2930/2954 4963/2928/2952
f 4963/2928/2952 3205/2930/2954 1804/2931/2955 3203/2932/2956
f 3204/2929/2953 4963/2928/2952 3203/2932/2956 1802/2933/2957
f 1800/2917/2941 3196/2923/2947 4964/2934/2958 3205/2930/2954
f 3196/2923/2947 1801/2922/2946 3206/2935/2959 4964/2934/2958
f 4964/2934/2958 3206/2935/2959 1805/2936/2960 3202/2937/2961
f 3205/2930/2954 4964/2934/2958 3202/2937/2961 1804/2931/2955
f 1799/2927/2951 3195/2926/2950 4965/2938/2962 3207/2939/2963
f 3195/2926/2950 1798/2919/2943 3204/2929/2953 4965/2938/2962
f 4965/2938/2962 3204/2929/2953 1802/2933/2957 3201/2940/2964
f 3207/2939/2963 4965/2938/2962 3201/2940/2964 1803/2941/2965
f 1802/2933/2957 3203/2932/2956 4966/2942/2966 3211/2943/2967
f 3203/2932/2956 1804/2931/2955 3212/2944/2968 4966/2942/2966
f 4966/2942/2966 3212/2944/2968 1808/2945/2969 3210/2946/2970
f 3211/2943/2967 4966/2942/2966 3210/2946/2970 1806/2947/2971
f 1804/2931/2955 3202/2937/2961 4967/2948/2972 3212/2944/2968
f 3202/2937/2961 1805/2936/2960 3213/2949/2973 4967/2948/2972
f 4967/2948/2972 3213/2949/2973 1809/2950/2974 3209/2951/2975
f 3212/2944/2968 4967/2948/2972 3209/2951/2975 1808/2945/2969
f 1803/2941/2965 3201/2940/2964 4968/2952/2976 3214/2953/2977
f 3201/2940/2964 1802/2933/2957 3211/2943/2967 4968/2952/2976
f 4968/2952/2976 3211/2943/2967 1806/2947/2971 3208/2954/2978
f 3214/2953/2977 4968/2952/2976 3208/2954/2978 1807/2955/2979
f 1806/2947/2971 3210/2946/2970 4969/2956/2980 3217/2957/2981
f 3210/2946/2970 1808/2945/2969 3218/2958/2982 4969/2956/2980
f 4969/2956/2980 3218/2958/2982 1811/2959/2983 3216/2960/2984
f 3217/2957/2981 4969/2956/2980 3216/2960/2984 1810/2961/2985
f 1808/2945/2969 3209/2951/2975 4970/2962/2986 3218/2958/2982
f 3209/2951/2975 1809/2950/2974 3219/2963/2987 4970/2962/2986
f 4970/2962/2986 3219/2963/2987 1812/2964/2988 3215/2965/2989
f 3218/2958/2982 4970/2962/2986 3215/2965/2989 1811/2959/2983
f 1807/2955/2979 3208/2954/2978 4971/2966/2990 3254/2967/2991
f 3208/2954/2978 1806/2947/2971 3217/2957/2981 4971/2966/2990
f 4971/2966/2990 3217/2957/2981 1810/2961/2985 3252/2968/2992
f 3254/2967/2991 4971/2966/2990 3252/2968/2992 1772/2969/2993
f 1788/2866/2890 3146/2871/2895 4972/2970/2994 3256/2971/2995
f 3146/2871/2895 1787/2863/2887 3222/2972/2996 4972/2970/2994
f 4972/2970/2994 3222/2972/2996 1813/2973/2997 3235/2974/2998
f 3256/2971/2995 4972/2970/2994 3235/2974/2998 1831/2975/2999
f 1780/2842/2866 3176/2867/2891 4973/2976/3000 3179/2874/2898
f 3176/2867/2891 1788/2866/2890 3256/2971/2995 4973/2976/3000
f 4973/2976/3000 3256/2971/2995 1831/2975/2999 3258/2977/3001
f 3179/2874/2898 4973/2976/3000 3258/2977/3001 1790/2875/2899
f 1787/2863/2887 3167/2862/2886 4974/2978/3002 3222/2972/2996
f 3167/2862/2886 1786/2861/2885 3221/2979/3003 4974/2978/3002
f 4974/2978/3002 3221/2979/3003 1814/2980/3004 3225/2981/3005
f 3222/2972/2996 4974/2978/3002 3225/2981/3005 1813/2973/2997
f 1773/2816/2840 3155/2835/2859 4975/2982/3006 3230/2817/2841
f 3155/2835/2859 1777/2834/2858 3231/2983/3007 4975/2982/3006
f 4975/2982/3006 3231/2983/3007 1818/2984/3008 3226/2985/3009
f 3230/2817/2841 4975/2982/3006 3226/2985/3009 1817/2813/2837
f 1785/2883/2907 3188/2897/2921 4976/2986/3010 3232/2987/3011
f 3188/2897/2921 1792/2899/2923 3233/2988/3012 4976/2986/3010
f 4976/2986/3010 3233/2988/3012 1820/2989/3013 3228/2990/3014
f 3232/2987/3011 4976/2986/3010 3228/2990/3014 1819/2991/3015
f 1792/2899/2923 3194/2911/2935 4977/2992/3016 3233/2988/3012
f 3194/2911/2935 1796/2913/2937 3234/2993/3017 4977/2992/3016
f 4977/2992/3016 3234/2993/3017 1821/2994/3018 3229/2995/3019
f 3233/2988/3012 4977/2992/3016 3229/2995/3019 1820/2989/3013
f 1777/2834/2858 3180/2879/2903 4978/2996/3020 3231/2983/3007
f 3180/2879/2903 1785/2883/2907 3232/2987/3011 4978/2996/3020
f 4978/2996/3020 3232/2987/3011 1819/2991/3015 3227/2997/3021
f 3231/2983/3007 4978/2996/3020 3227/2997/3021 1818/2984/3008
f 1803/2941/2965 3147/2998/3022 4979/2999/3023 3207/2939/2963
f 3147/2998/3022 1821/2994/3018 3234/2993/3017 4979/2999/3023
f 4979/2999/3023 3234/2993/3017 1796/2913/2937 3200/2925/2949
f 3207/2939/2963 4979/2999/3023 3200/2925/2949 1799/2927/2951
f 1818/2984/3008 3227/2997/3021 4980/3000/3024 3241/3001/3025
f 3227/2997/3021 1819/2991/3015 3240/3002/3026 4980/3000/3024
f 4980/3000/3024 3240/3002/3026 1824/3003/3027 3237/3004/3028
f 3241/3001/3025 4980/3000/3024 3237/3004/3028 1823/3005/3029
f 1821/2994/3018 3147/2998/3022 4981/3006/3030 3243/3007/3031
f 3147/2998/3022 1803/2941/2965 3214/2953/2977 4981/3006/3030
f 4981/3006/3030 3214/2953/2977 1807/2955/2979 3246/3008/3032
f 3243/3007/3031 4981/3006/3030 3246/3008/3032 1826/3009/3033
f 1819/2991/3015 3228/2990/3014 4982/3010/3034 3240/3002/3026
f 3228/2990/3014 1820/2989/3013 3244/3011/3035 4982/3010/3034
f 4982/3010/3034 3244/3011/3035 1825/3012/3036 3238/3013/3037
f 3240/3002/3026 4982/3010/3034 3238/3013/3037 1824/3003/3027
f 1817/2813/2837 3226/2985/3009 4983/3014/3038 3245/2811/2835
f 3226/2985/3009 1818/2984/3008 3241/3001/3025 4983/3014/3038
f 4983/3014/3038 3241/3001/3025 1823/3005/3029 3142/3015/3039
f 3245/2811/2835 4983/3014/3038 3142/3015/3039 1822/2807/2831
f 1820/2989/3013 3229/2995/3019 4984/3016/3040 3244/3011/3035
f 3229/2995/3019 1821/2994/3018 3243/3007/3031 4984/3016/3040
f 4984/3016/3040 3243/3007/3031 1826/3009/3033 3239/3017/3041
f 3244/3011/3035 4984/3016/3040 3239/3017/3041 1825/3012/3036
f 1824/3003/3027 3238/3013/3037 4985/3018/3042 3250/3019/3043
f 3238/3013/3037 1825/3012/3036 3249/3020/3044 4985/3018/3042
f 4985/3018/3042 3249/3020/3044 1829/3021/3045 3143/3022/3046
f 3250/3019/3043 4985/3018/3042 3143/3022/3046 1828/3023/3047
f 1822/2807/2831 3142/3015/3039 4986/3024/3048 3242/2808/2832
f 3142/3015/3039 1823/3005/3029 3251/3025/3049 4986/3024/3048
f 4986/3024/3048 3251/3025/3049 1827/3026/3050 3255/3027/3051
f 3242/2808/2832 4986/3024/3048 3255/3027/3051 1771/2809/2833
f 1825/3012/3036 3239/3017/3041 4987/3028/3052 3249/3020/3044
f 3239/3017/3041 1826/3009/3033 3253/3029/3053 4987/3028/3052
f 4987/3028/3052 3253/3029/3053 1830/3030/3054 3247/3031/3055
f 3249/3020/3044 4987/3028/3052 3247/3031/3055 1829/3021/3045
f 1823/3005/3029 3237/3004/3028 4988/3032/3056 3251/3025/3049
f 3237/3004/3028 1824/3003/3027 3250/3019/3043 4988/3032/3056
f 4988/3032/3056 3250/3019/3043 1828/3023/3047 3145/3033/3057
f 3251/3025/3049 4988/3032/3056 3145/3033/3057 1827/3026/3050
f 1826/3009/3033 3246/3008/3032 4989/3034/3058 3253/3029/3053
f 3246/3008/3032 1807/2955/2979 3254/2967/2991 4989/3034/3058
f 4989/3034/3058 3254/2967/2991 1772/2969/2993 3248/3035/3059
f 3253/3029/3053 4989/3034/3058 3248/3035/3059 1830/3030/3054
f 1786/2861/2885 3177/2869/2893 4990/3036/3060 3221/2979/3003
f 3177/2869/2893 1720/2617/2641 3257/2616/2640 4990/3036/3060
f 4990/3036/3060 3257/2616/2640 1816/2562/2586 3223/3037/3061
f 3221/2979/3003 4990/3036/3060 3223/3037/3061 1814/2980/3004
f 1831/2975/2999 3235/2974/2998 4991/3038/3062 3260/3039/3063
f 3235/2974/2998 1813/2973/2997 3261/3040/3064 4991/3038/3062
f 4991/3038/3062 3261/3040/3064 1815/3041/3065 3033/3042/3066
f 3260/3039/3063 4991/3038/3062 3033/3042/3066 1834/3043/3067
f 1813/2973/2997 3225/2981/3005 4992/3044/3068 3261/3040/3064
f 3225/2981/3005 1814/2980/3004 3262/3045/3069 4992/3044/3068
f 4992/3044/3068 3262/3045/3069 1832/3046/3070 3036/3047/3071
f 3261/3040/3064 4992/3044/3068 3036/3047/3071 1815/3041/3065
f 1790/2875/2899 3258/2977/3001 4993/3048/3072 3263/2893/2917
f 3258/2977/3001 1831/2975/2999 3260/3039/3063 4993/3048/3072
f 4993/3048/3072 3260/3039/3063 1834/3043/3067 3031/3049/3073
f 3263/2893/2917 4993/3048/3072 3031/3049/3073 1719/2894/2918
f 1814/2980/3004 3223/3037/3061 4994/3050/3074 3262/3045/3069
f 3223/3037/3061 1816/2562/2586 3224/2561/2585 4994/3050/3074
f 4994/3050/3074 3224/2561/2585 1718/2554/2578 3193/3051/3075
f 3262/3045/3069 4994/3050/3074 3193/3051/3075 1832/3046/3070
f 1834/3043/3067 3033/3042/3066 4995/3052/3076 3267/3053/3077
f 3033/3042/3066 1815/3041/3065 3266/3054/3078 4995/3052/3076
f 4995/3052/3076 3266/3054/3078 1835/3055/3079 3061/3056/3080
f 3267/3053/3077 4995/3052/3076 3061/3056/3080 1837/3057/3081
f 1719/2894/2918 3031/3049/3073 4996/3058/3082 3268/2907/2931
f 3031/3049/3073 1834/3043/3067 3267/3053/3077 4996/3058/3082
f 4996/3058/3082 3267/3053/3077 1837/3057/3081 3264/3059/3083
f 3268/2907/2931 4996/3058/3082 3264/3059/3083 1794/2908/2932
f 1832/3046/3070 3193/3051/3075 4997/3060/3084 3270/3061/3085
f 3193/3051/3075 1718/2554/2578 3032/2553/2577 4997/3060/3084
f 4997/3060/3084 3032/2553/2577 1838/2552/2576 3275/3062/3086
f 3270/3061/3085 4997/3060/3084 3275/3062/3086 1836/3063/3087
f 1815/3041/3065 3036/3047/3071 4998/3064/3088 3266/3054/3078
f 3036/3047/3071 1832/3046/3070 3270/3061/3085 4998/3064/3088
f 4998/3064/3088 3270/3061/3085 1836/3063/3087 3187/3065/3089
f 3266/3054/3078 4998/3064/3088 3187/3065/3089 1835/3055/3079
f 1837/3057/3081 3061/3056/3080 4999/3066/3090 3279/3067/3091
f 3061/3056/3080 1835/3055/3079 3278/3068/3092 4999/3066/3090
f 4999/3066/3090 3278/3068/3092 1839/3069/3093 3269/3070/3094
f 3279/3067/3091 4999/3066/3090 3269/3070/3094 1841/3071/3095
f 1838/2552/2576 3274/2549/2573 5000/3072/3096 3273/3073/3097
f 1726/2543/2567 3029/2546/2570 5000/3072/3096 3274/2549/2573
f 1717/2548/2572 3273/3073/3097 5000/3072/3096 3029/2546/2570
f 1835/3055/3079 3187/3065/3089 5001/3074/3098 3278/3068/3092
f 3187/3065/3089 1836/3063/3087 3280/3075/3099 5001/3074/3098
f 5001/3074/3098 3280/3075/3099 1840/3076/3100 3183/3077/3101
f 3278/3068/3092 5001/3074/3098 3183/3077/3101 1839/3069/3093
f 1794/2908/2932 3264/3059/3083 5002/3078/3102 3272/2921/2945
f 3264/3059/3083 1837/3057/3081 3279/3067/3091 5002/3078/3102
f 5002/3078/3102 3279/3067/3091 1841/3071/3095 3283/3079/3103
f 3272/2921/2945 5002/3078/3102 3283/3079/3103 1801/2922/2946
f 1836/3063/3087 3275/3062/3086 5003/3080/3104 3280/3075/3099
f 3275/3062/3086 1838/2552/2576 3273/3073/3097 5003/3080/3104
f 5003/3080/3104 3273/3073/3097 1717/2548/2572 3281/3081/3105
f 3280/3075/3099 5003/3080/3104 3281/3081/3105 1840/3076/3100
f 1702/2491/2515 3282/3082/3106 5004/3083/3107 3001/2492/2516
f 3282/3082/3106 1842/3084/3108 3277/3085/3109 5004/3083/3107
f 5004/3083/3107 3277/3085/3109 1717/2548/2572 3030/2547/2571
f 3001/2492/2516 5004/3083/3107 3030/2547/2571 1701/2484/2508
f 1842/3084/3108 3276/3086/3110 5005/3087/3111 3277/3085/3109
f 3276/3086/3110 1833/3088/3112 3286/3089/3113 5005/3087/3111
f 5005/3087/3111 3286/3089/3113 1840/3076/3100 3281/3081/3105
f 3277/3085/3109 5005/3087/3111 3281/3081/3105 1717/2548/2572
f 1840/3076/3100 3286/3089/3113 5006/3090/3114 3183/3077/3101
f 3286/3089/3113 1833/3088/3112 3284/3091/3115 5006/3090/3114
f 5006/3090/3114 3284/3091/3115 1843/3092/3116 3288/3093/3117
f 3183/3077/3101 5006/3090/3114 3288/3093/3117 1839/3069/3093
f 1843/3092/3116 3287/3094/3118 5007/3095/3119 3288/3093/3117
f 3287/3094/3118 1844/3096/3120 3290/3097/3121 5007/3095/3119
f 5007/3095/3119 3290/3097/3121 1841/3071/3095 3269/3070/3094
f 3288/3093/3117 5007/3095/3119 3269/3070/3094 1839/3069/3093
f 1841/3071/3095 3290/3097/3121 5008/3098/3122 3283/3079/3103
f 3290/3097/3121 1844/3096/3120 3285/3099/3123 5008/3098/3122
f 5008/3098/3122 3285/3099/3123 1845/3100/3124 3292/3101/3125
f 3283/3079/3103 5008/3098/3122 3292/3101/3125 1801/2922/2946
f 1845/3100/3124 3291/3102/3126 5009/3103/3127 3292/3101/3125
f 3291/3102/3126 1846/3104/3128 3289/3105/3129 5009/3103/3127
f 5009/3103/3127 3289/3105/3129 1805/2936/2960 3206/2935/2959
f 3292/3101/3125 5009/3103/3127 3206/2935/2959 1801/2922/2946
f 1846/3104/3128 3293/3106/3130 5010/3107/3131 3289/3105/3129
f 3293/3106/3130 1847/3108/3132 3294/3109/3133 5010/3107/3131
f 5010/3107/3131 3294/3109/3133 1809/2950/2974 3213/2949/2973
f 3289/3105/3129 5010/3107/3131 3213/2949/2973 1805/2936/2960
f 1847/3108/3132 3295/3110/3134 5011/3111/3135 3294/3109/3133
f 3295/3110/3134 1848/3112/3136 3298/3113/3137 5011/3111/3135
f 5011/3111/3135 3298/3113/3137 1812/2964/2988 3219/2963/2987
f 3294/3109/3133 5011/3111/3135 3219/2963/2987 1809/2950/2974
f 1843/3092/3116 3284/3091/3115 5012/3114/3138 3297/3115/3139
f 3284/3091/3115 1833/3088/3112 3301/3116/3140 5012/3114/3138
f 5012/3114/3138 3301/3116/3140 1850/3117/3141 3299/3118/3142
f 3297/3115/3139 5012/3114/3138 3299/3118/3142 1849/3119/3143
f 1849/3119/3143 3299/3118/3142 5013/3120/3144 3300/3121/3145
f 3299/3118/3142 1850/3117/3141 3304/3122/3146 5013/3120/3144
f 5013/3120/3144 3304/3122/3146 1852/3123/3147 3303/3124/3148
f 3300/3121/3145 5013/3120/3144 3303/3124/3148 1851/3125/3149
f 1852/3123/3147 3306/3126/3150 5014/3127/3151 3303/3124/3148
f 3306/3126/3150 1854/3128/3152 3307/3129/3153 5014/3127/3151
f 5014/3127/3151 3307/3129/3153 1853/3130/3154 3296/3131/3155
f 3303/3124/3148 5014/3127/3151 3296/3131/3155 1851/3125/3149
f 1856/3132/3156 3313/3133/3157 5015/3134/3158 3308/3135/3159
f 3313/3133/3157 1855/3136/3160 3302/3137/3161 5015/3134/3158
f 5015/3134/3158 3302/3137/3161 1707/2504/2528 3009/2510/2534
f 3308/3135/3159 5015/3134/3158 3009/2510/2534 1708/2509/2533
f 1855/3136/3160 3312/3138/3162 5016/3139/3163 3302/3137/3161
f 3312/3138/3162 1857/3140/3164 3311/3141/3165 5016/3139/3163
f 5016/3139/3163 3311/3141/3165 1704/2498/2522 3012/2500/2524
f 3302/3137/3161 5016/3139/3163 3012/2500/2524 1707/2504/2528
f 1852/3123/3147 3304/3122/3146 5017/3142/3166 3309/3143/3167
f 3304/3122/3146 1850/3117/3141 3310/3144/3168 5017/3142/3166
f 5017/3142/3166 3310/3144/3168 1857/3140/3164 3312/3138/3162
f 3309/3143/3167 5017/3142/3166 3312/3138/3162 1855/3136/3160
f 1854/3128/3152 3306/3126/3150 5018/3145/3169 3305/3146/3170
f 3306/3126/3150 1852/3123/3147 3309/3143/3167 5018/3145/3169
f 5018/3145/3169 3309/3143/3167 1855/3136/3160 3313/3133/3157
f 3305/3146/3170 5018/3145/3169 3313/3133/3157 1856/3132/3156
f 1702/2491/2515 3005/2494/2518 5019/3147/3171 3282/3082/3106
f 3005/2494/2518 1704/2498/2522 3311/3141/3165 5019/3147/3171
f 5019/3147/3171 3311/3141/3165 1857/3140/3164 3314/3148/3172
f 3282/3082/3106 5019/3147/3171 3314/3148/3172 1842/3084/3108
f 1833/3088/3112 3276/3086/3110 5020/3149/3173 3301/3116/3140
f 3276/3086/3110 1842/3084/3108 3314/3148/3172 5020/3149/3173
f 5020/3149/3173 3314/3148/3172 1857/3140/3164 3310/3144/3168
f 3301/3116/3140 5020/3149/3173 3310/3144/3168 1850/3117/3141
f 1844/3096/3120 3287/3094/3118 5021/3150/3174 3285/3099/3123
f 3287/3094/3118 1843/3092/3116 3297/3115/3139 5021/3150/3174
f 5021/3150/3174 3297/3115/3139 1849/3119/3143 3315/3151/3175
f 3285/3099/3123 5021/3150/3174 3315/3151/3175 1845/3100/3124
f 1845/3100/3124 3315/3151/3175 5022/3152/3176 3291/3102/3126
f 3315/3151/3175 1849/3119/3143 3300/3121/3145 5022/3152/3176
f 5022/3152/3176 3300/3121/3145 1851/3125/3149 3318/3153/3177
f 3291/3102/3126 5022/3152/3176 3318/3153/3177 1846/3104/3128
f 1846/3104/3128 3318/3153/3177 5023/3154/3178 3293/3106/3130
f 3318/3153/3177 1851/3125/3149 3296/3131/3155 5023/3154/3178
f 5023/3154/3178 3296/3131/3155 1853/3130/3154 3317/3155/3179
f 3293/3106/3130 5023/3154/3178 3317/3155/3179 1847/3108/3132
f 1847/3108/3132 3317/3155/3179 5024/3156/3180 3295/3110/3134
f 1853/3130/3154 3316/3157/3181 5024/3156/3180 3317/3155/3179
f 1848/3112/3136 3295/3110/3134 5024/3156/3180 3316/3157/3181
f 1680/2425/2449 2957/2424/2448 5025/3158/3182 3335/3159/3183
f 2957/2424/2448 1679/2421/2445 3336/3160/3184 5025/3158/3182
f 5025/3158/3182 3336/3160/3184 1860/3161/3185 3319/3162/3186
f 3335/3159/3183 5025/3158/3182 3319/3162/3186 1861/3163/3187
f 1710/2516/2540 3017/2515/2539 5026/3164/3188 3337/3165/3189
f 3017/2515/2539 1711/2514/2538 3338/3166/3190 5026/3164/3188
f 5026/3164/3188 3338/3166/3190 1868/3167/3191 3328/3168/3192
f 3337/3165/3189 5026/3164/3188 3328/3168/3192 1867/3169/3193
f 1678/2417/2441 2958/2416/2440 5027/3170/3194 3339/3171/3195
f 2958/2416/2440 1677/2415/2439 3340/3172/3196 5027/3170/3194
f 5027/3170/3194 3340/3172/3196 1858/3173/3197 3320/3174/3198
f 3339/3171/3195 5027/3170/3194 3320/3174/3198 1859/3175/3199
f 1715/2534/2558 3025/2538/2562 5028/3176/3200 3341/3177/3201
f 3025/2538/2562 1716/2540/2564 3342/3178/3202 5028/3176/3200
f 5028/3176/3200 3342/3178/3202 1873/3179/3203 3332/3180/3204
f 3341/3177/3201 5028/3176/3200 3332/3180/3204 1872/3181/3205
f 1683/2437/2461 2966/2435/2459 5029/3182/3206 3343/3183/3207
f 2966/2435/2459 1682/2433/2457 3344/3184/3208 5029/3182/3206
f 5029/3182/3206 3344/3184/3208 1863/3185/3209 3323/3186/3210
f 3343/3183/3207 5029/3182/3206 3323/3186/3210 1864/3187/3211
f 1711/2514/2538 3018/2518/2542 5030/3188/3212 3338/3166/3190
f 3018/2518/2542 1712/2520/2544 3345/3189/3213 5030/3188/3212
f 5030/3188/3212 3345/3189/3213 1869/3190/3214 3329/3191/3215
f 3338/3166/3190 5030/3188/3212 3329/3191/3215 1868/3167/3191
f 1679/2421/2445 2959/2419/2443 5031/3192/3216 3336/3160/3184
f 2959/2419/2443 1678/2417/2441 3339/3171/3195 5031/3192/3216
f 5031/3192/3216 3339/3171/3195 1859/3175/3199 3321/3193/3217
f 3336/3160/3184 5031/3192/3216 3321/3193/3217 1860/3161/3185
f 1712/2520/2544 3011/2524/2548 5032/3194/3218 3345/3189/3213
f 3011/2524/2548 1713/2523/2547 3346/3195/3219 5032/3194/3218
f 5032/3194/3218 3346/3195/3219 1870/3196/3220 3327/3197/3221
f 3345/3189/3213 5032/3194/3218 3327/3197/3221 1869/3190/3214
f 1716/2540/2564 3027/2542/2566 5033/3198/3222 3342/3178/3202
f 3027/2542/2566 1685/2445/2469 3347/3199/3223 5033/3198/3222
f 5033/3198/3222 3347/3199/3223 1866/3200/3224 3333/3201/3225
f 3342/3178/3202 5033/3198/3222 3333/3201/3225 1873/3179/3203
f 1682/2433/2457 2968/2432/2456 5034/3202/3226 3344/3184/3208
f 2968/2432/2456 1681/2430/2454 3348/3203/3227 5034/3202/3226
f 5034/3202/3226 3348/3203/3227 1862/3204/3228 3324/3205/3229
f 3344/3184/3208 5034/3202/3226 3324/3205/3229 1863/3185/3209
f 1725/2609/2633 3539/3206/3230 5035/3207/3231 3350/3208/3232
f 3539/3206/3230 1964/2536/2560 3020/2535/2559 5035/3207/3231
f 5035/3207/3231 3020/2535/2559 1715/2534/2558 3341/3177/3201
f 3350/3208/3232 5035/3207/3231 3341/3177/3201 1872/3181/3205
f 1681/2430/2454 2961/2429/2453 5036/3209/3233 3348/3203/3227
f 2961/2429/2453 1680/2425/2449 3335/3159/3183 5036/3209/3233
f 5036/3209/3233 3335/3159/3183 1861/3163/3187 3322/3210/3234
f 3348/3203/3227 5036/3209/3233 3322/3210/3234 1862/3204/3228
f 1714/2528/2552 3043/2610/2634 5037/3211/3235 3353/3212/3236
f 3043/2610/2634 1725/2609/2633 3350/3208/3232 5037/3211/3235
f 5037/3211/3235 3350/3208/3232 1872/3181/3205 3334/3213/3237
f 3353/3212/3236 5037/3211/3235 3334/3213/3237 1870/3196/3220
f 1684/2441/2465 2969/2439/2463 5038/3214/3238 3351/3215/3239
f 2969/2439/2463 1683/2437/2461 3343/3183/3207 5038/3214/3238
f 5038/3214/3238 3343/3183/3207 1864/3187/3211 3325/3216/3240
f 3351/3215/3239 5038/3214/3238 3325/3216/3240 1865/3217/3241
f 1685/2445/2469 2970/2444/2468 5039/3218/3242 3347/3199/3223
f 2970/2444/2468 1684/2441/2465 3351/3215/3239 5039/3218/3242
f 5039/3218/3242 3351/3215/3239 1865/3217/3241 3326/3219/3243
f 3347/3199/3223 5039/3218/3242 3326/3219/3243 1866/3200/3224
f 1713/2523/2547 3022/2526/2550 5040/3220/3244 3346/3195/3219
f 1714/2528/2552 3353/3212/3236 5040/3220/3244 3022/2526/2550
f 1870/3196/3220 3346/3195/3219 5040/3220/3244 3353/3212/3236
f 1872/3181/3205 3332/3180/3204 5041/3221/3245 3352/3222/3246
f 3332/3180/3204 1873/3179/3203 3354/3223/3247 5041/3221/3245
f 5041/3221/3245 3354/3223/3247 1871/3224/3248 3330/3225/3249
f 3352/3222/3246 5041/3221/3245 3330/3225/3249 1874/3226/3250
f 1874/3226/3250 3349/3227/3251 5042/3228/3252 3352/3222/3246
f 3349/3227/3251 1875/3229/3253 3331/3230/3254 5042/3228/3252
f 5042/3228/3252 3331/3230/3254 1870/3196/3220 3334/3213/3237
f 3352/3222/3246 5042/3228/3252 3334/3213/3237 1872/3181/3205
f 1869/3190/3214 3327/3197/3221 5043/3231/3255 3355/3232/3256
f 3327/3197/3221 1870/3196/3220 3331/3230/3254 5043/3231/3255
f 5043/3231/3255 3331/3230/3254 1875/3229/3253 3357/3233/3257
f 3355/3232/3256 5043/3231/3255 3357/3233/3257 1876/3234/3258
f 1868/3167/3191 3329/3191/3215 5044/3235/3259 3358/3236/3260
f 3329/3191/3215 1869/3190/3214 3355/3232/3256 5044/3235/3259
f 5044/3235/3259 3355/3232/3256 1876/3234/3258 3359/3237/3261
f 3358/3236/3260 5044/3235/3259 3359/3237/3261 1877/3238/3262
f 1867/3169/3193 3328/3168/3192 5045/3239/3263 3360/3240/3264
f 3328/3168/3192 1868/3167/3191 3358/3236/3260 5045/3239/3263
f 5045/3239/3263 3358/3236/3260 1877/3238/3262 3361/3241/3265
f 3360/3240/3264 5045/3239/3263 3361/3241/3265 1878/3242/3266
f 1876/3234/3258 3362/3243/3267 5046/3244/3268 3359/3237/3261
f 3362/3243/3267 1879/3245/3269 3363/3246/3270 5046/3244/3268
f 5046/3244/3268 3363/3246/3270 1880/3247/3271 3365/3248/3272
f 3359/3237/3261 5046/3244/3268 3365/3248/3272 1877/3238/3262
f 1879/3245/3269 3364/3249/3273 5047/3250/3274 3363/3246/3270
f 3364/3249/3273 1881/3251/3275 3367/3252/3276 5047/3250/3274
f 5047/3250/3274 3367/3252/3276 1882/3253/3277 3368/3254/3278
f 3363/3246/3270 5047/3250/3274 3368/3254/3278 1880/3247/3271
f 1882/3253/3277 3367/3252/3276 5048/3255/3279 3366/3256/3280
f 3367/3252/3276 1881/3251/3275 3371/3257/3281 5048/3255/3279
f 5048/3255/3279 3371/3257/3281 1884/3258/3282 3370/3259/3283
f 3366/3256/3280 5048/3255/3279 3370/3259/3283 1883/3260/3284
f 1884/3258/3282 3369/3261/3285 5049/3262/3286 3370/3259/3283
f 3369/3261/3285 1885/3263/3287 3373/3264/3288 5049/3262/3286
f 5049/3262/3286 3373/3264/3288 1886/3265/3289 3374/3266/3290
f 3370/3259/3283 5049/3262/3286 3374/3266/3290 1883/3260/3284
f 1886/3265/3289 3373/3264/3288 5050/3267/3291 3376/3268/3292
f 3373/3264/3288 1885/3263/3287 3356/3269/3293 5050/3267/3291
f 5050/3267/3291 3356/3269/3293 1871/3224/3248 3354/3223/3247
f 3376/3268/3292 5050/3267/3291 3354/3223/3247 1873/3179/3203
f 1881/3251/3275 3364/3249/3273 5051/3270/3294 3383/3271/3295
f 3364/3249/3273 1879/3245/3269 3384/3272/3296 5051/3270/3294
f 5051/3270/3294 3384/3272/3296 1891/3273/3297 3380/3274/3298
f 3383/3271/3295 5051/3270/3294 3380/3274/3298 1892/3275/3299
f 1879/3245/3269 3362/3243/3267 5052/3276/3300 3384/3272/3296
f 3362/3243/3267 1876/3234/3258 3385/3277/3301 5052/3276/3300
f 5052/3276/3300 3385/3277/3301 1890/3278/3302 3379/3279/3303
f 3384/3272/3296 5052/3276/3300 3379/3279/3303 1891/3273/3297
f 1884/3258/3282 3371/3257/3281 5053/3280/3304 3386/3281/3305
f 3371/3257/3281 1881/3251/3275 3383/3271/3295 5053/3280/3304
f 5053/3280/3304 3383/3271/3295 1892/3275/3299 3382/3282/3306
f 3386/3281/3305 5053/3280/3304 3382/3282/3306 1893/3283/3307
f 1875/3229/3253 3349/3227/3251 5054/3284/3308 3387/3285/3309
f 3349/3227/3251 1874/3226/3250 3388/3286/3310 5054/3284/3308
f 5054/3284/3308 3388/3286/3310 1888/3287/3311 3372/3288/3312
f 3387/3285/3309 5054/3284/3308 3372/3288/3312 1889/3289/3313
f 1885/3263/3287 3369/3261/3285 5055/3290/3314 3389/3291/3315
f 3369/3261/3285 1884/3258/3282 3386/3281/3305 5055/3290/3314
f 5055/3290/3314 3386/3281/3305 1893/3283/3307 3381/3292/3316
f 3389/3291/3315 5055/3290/3314 3381/3292/3316 1894/3293/3317
f 1871/3224/3248 3356/3269/3293 5056/3294/3318 3390/3295/3319
f 3356/3269/3293 1885/3263/3287 3389/3291/3315 5056/3294/3318
f 5056/3294/3318 3389/3291/3315 1894/3293/3317 3377/3296/3320
f 3390/3295/3319 5056/3294/3318 3377/3296/3320 1887/3297/3321
f 1874/3226/3250 3330/3225/3249 5057/3298/3322 3388/3286/3310
f 3330/3225/3249 1871/3224/3248 3390/3295/3319 5057/3298/3322
f 5057/3298/3322 3390/3295/3319 1887/3297/3321 3375/3299/3323
f 3388/3286/3310 5057/3298/3322 3375/3299/3323 1888/3287/3311
f 1876/3234/3258 3357/3233/3257 5058/3300/3324 3385/3277/3301
f 3357/3233/3257 1875/3229/3253 3387/3285/3309 5058/3300/3324
f 5058/3300/3324 3387/3285/3309 1889/3289/3313 3378/3301/3325
f 3385/3277/3301 5058/3300/3324 3378/3301/3325 1890/3278/3302
f 1888/3287/3311 3375/3299/3323 5059/3302/3326 3399/3303/3327
f 3375/3299/3323 1887/3297/3321 3400/3304/3328 5059/3302/3326
f 5059/3302/3326 3400/3304/3328 1895/3305/3329 3392/3306/3330
f 3399/3303/3327 5059/3302/3326 3392/3306/3330 1896/3307/3331
f 1893/3283/3307 3382/3282/3306 5060/3308/3332 3401/3309/3333
f 3382/3282/3306 1892/3275/3299 3402/3310/3334 5060/3308/3332
f 5060/3308/3332 3402/3310/3334 1900/3311/3335 3398/3312/3336
f 3401/3309/3333 5060/3308/3332 3398/3312/3336 1901/3313/3337
f 1892/3275/3299 3380/3274/3298 5061/3314/3338 3402/3310/3334
f 3380/3274/3298 1891/3273/3297 3403/3315/3339 5061/3314/3338
f 5061/3314/3338 3403/3315/3339 1899/3316/3340 3396/3317/3341
f 3402/3310/3334 5061/3314/3338 3396/3317/3341 1900/3311/3335
f 1890/3278/3302 3378/3301/3325 5062/3318/3342 3404/3319/3343
f 3378/3301/3325 1889/3289/3313 3405/3320/3344 5062/3318/3342
f 5062/3318/3342 3405/3320/3344 1897/3321/3345 3394/3322/3346
f 3404/3319/3343 5062/3318/3342 3394/3322/3346 1898/3323/3347
f 1889/3289/3313 3372/3288/3312 5063/3324/3348 3405/3320/3344
f 3372/3288/3312 1888/3287/3311 3399/3303/3327 5063/3324/3348
f 5063/3324/3348 3399/3303/3327 1896/3307/3331 3391/3325/3349
f 3405/3320/3344 5063/3324/3348 3391/3325/3349 1897/3321/3345
f 1894/3293/3317 3381/3292/3316 5064/3326/3350 3406/3327/3351
f 3381/3292/3316 1893/3283/3307 3401/3309/3333 5064/3326/3350
f 5064/3326/3350 3401/3309/3333 1901/3313/3337 3397/3328/3352
f 3406/3327/3351 5064/3326/3350 3397/3328/3352 1902/3329/3353
f 1891/3273/3297 3379/3279/3303 5065/3330/3354 3403/3315/3339
f 3379/3279/3303 1890/3278/3302 3404/3319/3343 5065/3330/3354
f 5065/3330/3354 3404/3319/3343 1898/3323/3347 3395/3331/3355
f 3403/3315/3339 5065/3330/3354 3395/3331/3355 1899/3316/3340
f 1887/3297/3321 3377/3296/3320 5066/3332/3356 3400/3304/3328
f 3377/3296/3320 1894/3293/3317 3406/3327/3351 5066/3332/3356
f 5066/3332/3356 3406/3327/3351 1902/3329/3353 3393/3333/3357
f 3400/3304/3328 5066/3332/3356 3393/3333/3357 1895/3305/3329
f 1895/3305/3329 3393/3333/3357 5067/3334/3358 3407/3335/3359
f 3393/3333/3357 1902/3329/3353 3397/3328/3352 5067/3334/3358
f 5067/3334/3358 3397/3328/3352 1901/3313/3337 3408/3336/3360
f 3407/3335/3359 5067/3334/3358 3408/3336/3360 1903/3337/3361
f 1903/3337/3361 3408/3336/3360 5068/3338/3362 3409/3339/3363
f 3408/3336/3360 1901/3313/3337 3398/3312/3336 5068/3338/3362
f 5068/3338/3362 3398/3312/3336 1900/3311/3335 3396/3317/3341
f 3409/3339/3363 5068/3338/3362 3396/3317/3341 1899/3316/3340
f 1899/3316/3340 3395/3331/3355 5069/3340/3364 3409/3339/3363
f 3395/3331/3355 1898/3323/3347 3394/3322/3346 5069/3340/3364
f 5069/3340/3364 3394/3322/3346 1897/3321/3345 3411/3341/3365
f 3409/3339/3363 5069/3340/3364 3411/3341/3365 1903/3337/3361
f 1903/3337/3361 3411/3341/3365 5070/3342/3366 3407/3335/3359
f 3411/3341/3365 1897/3321/3345 3391/3325/3349 5070/3342/3366
f 5070/3342/3366 3391/3325/3349 1896/3307/3331 3392/3306/3330
f 3407/3335/3359 5070/3342/3366 3392/3306/3330 1895/3305/3329
f 1878/3242/3266 3361/3241/3265 5071/3343/3367 3410/3344/3368
f 3361/3241/3265 1877/3238/3262 3365/3248/3272 5071/3343/3367
f 5071/3343/3367 3365/3248/3272 1880/3247/3271 3412/3345/3369
f 3410/3344/3368 5071/3343/3367 3412/3345/3369 1904/3346/3370
f 1904/3346/3370 3412/3345/3369 5072/3347/3371 3413/3348/3372
f 3412/3345/3369 1880/3247/3271 3368/3254/3278 5072/3347/3371
f 5072/3347/3371 3368/3254/3278 1882/3253/3277 3416/3349/3373
f 3413/3348/3372 5072/3347/3371 3416/3349/3373 1905/3350/3374
f 1866/3200/3224 3415/3351/3375 5073/3352/3376 3333/3201/3225
f 3415/3351/3375 1906/3353/3377 3414/3354/3378 5073/3352/3376
f 5073/3352/3376 3414/3354/3378 1886/3265/3289 3376/3268/3292
f 3333/3201/3225 5073/3352/3376 3376/3268/3292 1873/3179/3203
f 1906/3353/3377 3417/3355/3379 5074/3356/3380 3414/3354/3378
f 3417/3355/3379 1907/3357/3381 3420/3358/3382 5074/3356/3380
f 5074/3356/3380 3420/3358/3382 1883/3260/3284 3374/3266/3290
f 3414/3354/3378 5074/3356/3380 3374/3266/3290 1886/3265/3289
f 1883/3260/3284 3420/3358/3382 5075/3359/3383 3366/3256/3280
f 3420/3358/3382 1907/3357/3381 3418/3360/3384 5075/3359/3383
f 5075/3359/3383 3418/3360/3384 1908/3361/3385 3422/3362/3386
f 3366/3256/3280 5075/3359/3383 3422/3362/3386 1882/3253/3277
f 1908/3361/3385 3421/3363/3387 5076/3364/3388 3422/3362/3386
f 3421/3363/3387 1909/3365/3389 3424/3366/3390 5076/3364/3388
f 5076/3364/3388 3424/3366/3390 1905/3350/3374 3416/3349/3373
f 3422/3362/3386 5076/3364/3388 3416/3349/3373 1882/3253/3277
f 1909/3365/3389 3421/3363/3387 5077/3367/3391 3423/3368/3392
f 3421/3363/3387 1908/3361/3385 3427/3369/3393 5077/3367/3391
f 5077/3367/3391 3427/3369/3393 1911/3370/3394 3425/3371/3395
f 3423/3368/3392 5077/3367/3391 3425/3371/3395 1910/3372/3396
f 1911/3370/3394 3427/3369/3393 5078/3373/3397 3426/3374/3398
f 3427/3369/3393 1908/3361/3385 3418/3360/3384 5078/3373/3397
f 5078/3373/3397 3418/3360/3384 1907/3357/3381 3429/3375/3399
f 3426/3374/3398 5078/3373/3397 3429/3375/3399 1912/3376/3400
f 1865/3217/3241 3428/3377/3401 5079/3378/3402 3326/3219/3243
f 3428/3377/3401 1913/3379/3403 3419/3380/3404 5079/3378/3402
f 5079/3378/3402 3419/3380/3404 1906/3353/3377 3415/3351/3375
f 3326/3219/3243 5079/3378/3402 3415/3351/3375 1866/3200/3224
f 1913/3379/3403 3430/3381/3405 5080/3382/3406 3419/3380/3404
f 3430/3381/3405 1912/3376/3400 3429/3375/3399 5080/3382/3406
f 5080/3382/3406 3429/3375/3399 1907/3357/3381 3417/3355/3379
f 3419/3380/3404 5080/3382/3406 3417/3355/3379 1906/3353/3377
f 1911/3370/3394 3432/3383/3407 5081/3384/3408 3425/3371/3395
f 3432/3383/3407 1914/3385/3409 3433/3386/3410 5081/3384/3408
f 5081/3384/3408 3433/3386/3410 1915/3387/3411 3435/3388/3412
f 3425/3371/3395 5081/3384/3408 3435/3388/3412 1910/3372/3396
f 1914/3385/3409 3432/3383/3407 5082/3389/3413 3434/3390/3414
f 3432/3383/3407 1911/3370/3394 3426/3374/3398 5082/3389/3413
f 5082/3389/3413 3426/3374/3398 1912/3376/3400 3436/3391/3415
f 3434/3390/3414 5082/3389/3413 3436/3391/3415 1916/3392/3416
f 1916/3392/3416 3436/3391/3415 5083/3393/3417 3437/3394/3418
f 3436/3391/3415 1912/3376/3400 3430/3381/3405 5083/3393/3417
f 5083/3393/3417 3430/3381/3405 1913/3379/3403 3438/3395/3419
f 3437/3394/3418 5083/3393/3417 3438/3395/3419 1917/3396/3420
f 1917/3396/3420 3438/3395/3419 5084/3397/3421 3439/3398/3422
f 3438/3395/3419 1913/3379/3403 3442/3399/3423 5084/3397/3421
f 5084/3397/3421 3442/3399/3423 1919/3400/3424 3440/3401/3425
f 3439/3398/3422 5084/3397/3421 3440/3401/3425 1918/3402/3426
f 1919/3400/3424 3442/3399/3423 5085/3403/3427 3441/3404/3428
f 3442/3399/3423 1913/3379/3403 3428/3377/3401 5085/3403/3427
f 5085/3403/3427 3428/3377/3401 1865/3217/3241 3325/3216/3240
f 3441/3404/3428 5085/3403/3427 3325/3216/3240 1864/3187/3211
f 1918/3402/3426 3440/3401/3425 5086/3405/3429 3431/3406/3430
f 3440/3401/3425 1919/3400/3424 3446/3407/3431 5086/3405/3429
f 5086/3405/3429 3446/3407/3431 1921/3408/3432 3444/3409/3433
f 3431/3406/3430 5086/3405/3429 3444/3409/3433 1920/3410/3434
f 1921/3408/3432 3446/3407/3431 5087/3411/3435 3445/3412/3436
f 3446/3407/3431 1919/3400/3424 3441/3404/3428 5087/3411/3435
f 5087/3411/3435 3441/3404/3428 1864/3187/3211 3323/3186/3210
f 3445/3412/3436 5087/3411/3435 3323/3186/3210 1863/3185/3209
f 1920/3410/3434 3444/3409/3433 5088/3413/3437 3443/3414/3438
f 3444/3409/3433 1921/3408/3432 3449/3415/3439 5088/3413/3437
f 5088/3413/3437 3449/3415/3439 1923/3416/3440 3447/3417/3441
f 3443/3414/3438 5088/3413/3437 3447/3417/3441 1922/3418/3442
f 1922/3418/3442 3447/3417/3441 5089/3419/3443 3448/3420/3444
f 3447/3417/3441 1923/3416/3440 3452/3421/3445 5089/3419/3443
f 5089/3419/3443 3452/3421/3445 1925/3422/3446 3451/3423/3447
f 3448/3420/3444 5089/3419/3443 3451/3423/3447 1924/3424/3448
f 1924/3424/3448 3451/3423/3447 5090/3425/3449 3450/3426/3450
f 3451/3423/3447 1925/3422/3446 3453/3427/3451 5090/3425/3449
f 5090/3425/3449 3453/3427/3451 1910/3372/3396 3435/3388/3412
f 3450/3426/3450 5090/3425/3449 3435/3388/3412 1915/3387/3411
f 1915/3387/3411 3433/3386/3410 5091/3428/3452 3462/3429/3453
f 3433/3386/3410 1914/3385/3409 3463/3430/3454 5091/3428/3452
f 5091/3428/3452 3463/3430/3454 1926/3431/3455 3455/3432/3456
f 3462/3429/3453 5091/3428/3452 3455/3432/3456 1927/3433/3457
f 1918/3402/3426 3431/3406/3430 5092/3434/3458 3464/3435/3459
f 3431/3406/3430 1920/3410/3434 3465/3436/3460 5092/3434/3458
f 5092/3434/3458 3465/3436/3460 1931/3437/3461 3454/3438/3462
f 3464/3435/3459 5092/3434/3458 3454/3438/3462 1930/3439/3463
f 1914/3385/3409 3434/3390/3414 5093/3440/3464 3463/3430/3454
f 3434/3390/3414 1916/3392/3416 3466/3441/3465 5093/3440/3464
f 5093/3440/3464 3466/3441/3465 1928/3442/3466 3456/3443/3467
f 3463/3430/3454 5093/3440/3464 3456/3443/3467 1926/3431/3455
f 1920/3410/3434 3443/3414/3438 5094/3444/3468 3465/3436/3460
f 3443/3414/3438 1922/3418/3442 3467/3445/3469 5094/3444/3468
f 5094/3444/3468 3467/3445/3469 1932/3446/3470 3459/3447/3471
f 3465/3436/3460 5094/3444/3468 3459/3447/3471 1931/3437/3461
f 1924/3424/3448 3450/3426/3450 5095/3448/3472 3468/3449/3473
f 3450/3426/3450 1915/3387/3411 3462/3429/3453 5095/3448/3472
f 5095/3448/3472 3462/3429/3453 1927/3433/3457 3461/3450/3474
f 3468/3449/3473 5095/3448/3472 3461/3450/3474 1933/3451/3475
f 1917/3396/3420 3439/3398/3422 5096/3452/3476 3469/3453/3477
f 3439/3398/3422 1918/3402/3426 3464/3435/3459 5096/3452/3476
f 5096/3452/3476 3464/3435/3459 1930/3439/3463 3458/3454/3478
f 3469/3453/3477 5096/3452/3476 3458/3454/3478 1929/3455/3479
f 1922/3418/3442 3448/3420/3444 5097/3456/3480 3467/3445/3469
f 3448/3420/3444 1924/3424/3448 3468/3449/3473 5097/3456/3480
f 5097/3456/3480 3468/3449/3473 1933/3451/3475 3460/3457/3481
f 3467/3445/3469 5097/3456/3480 3460/3457/3481 1932/3446/3470
f 1916/3392/3416 3437/3394/3418 5098/3458/3482 3466/3441/3465
f 3437/3394/3418 1917/3396/3420 3469/3453/3477 5098/3458/3482
f 5098/3458/3482 3469/3453/3477 1929/3455/3479 3457/3459/3483
f 3466/3441/3465 5098/3458/3482 3457/3459/3483 1928/3442/3466
f 1927/3433/3457 3455/3432/3456 5099/3460/3484 3478/3461/3485
f 3455/3432/3456 1926/3431/3455 3479/3462/3486 5099/3460/3484
f 5099/3460/3484 3479/3462/3486 1934/3463/3487 3471/3464/3488
f 3478/3461/3485 5099/3460/3484 3471/3464/3488 1935/3465/3489
f 1932/3446/3470 3460/3457/3481 5100/3466/3490 3480/3467/3491
f 3460/3457/3481 1933/3451/3475 3481/3468/3492 5100/3466/3490
f 5100/3466/3490 3481/3468/3492 1941/3469/3493 3476/3470/3494
f 3480/3467/3491 5100/3466/3490 3476/3470/3494 1940/3471/3495
f 1929/3455/3479 3458/3454/3478 5101/3472/3496 3482/3473/3497
f 3458/3454/3478 1930/3439/3463 3483/3474/3498 5101/3472/3496
f 5101/3472/3496 3483/3474/3498 1938/3475/3499 3474/3476/3500
f 3482/3473/3497 5101/3472/3496 3474/3476/3500 1937/3477/3501
f 1926/3431/3455 3456/3443/3467 5102/3478/3502 3479/3462/3486
f 3456/3443/3467 1928/3442/3466 3484/3479/3503 5102/3478/3502
f 5102/3478/3502 3484/3479/3503 1936/3480/3504 3472/3481/3505
f 3479/3462/3486 5102/3478/3502 3472/3481/3505 1934/3463/3487
f 1930/3439/3463 3454/3438/3462 5103/3482/3506 3483/3474/3498
f 3454/3438/3462 1931/3437/3461 3485/3483/3507 5103/3482/3506
f 5103/3482/3506 3485/3483/3507 1939/3484/3508 3470/3485/3509
f 3483/3474/3498 5103/3482/3506 3470/3485/3509 1938/3475/3499
f 1933/3451/3475 3461/3450/3474 5104/3486/3510 3481/3468/3492
f 3461/3450/3474 1927/3433/3457 3478/3461/3485 5104/3486/3510
f 5104/3486/3510 3478/3461/3485 1935/3465/3489 3477/3487/3511
f 3481/3468/3492 5104/3486/3510 3477/3487/3511 1941/3469/3493
f 1931/3437/3461 3459/3447/3471 5105/3488/3512 3485/3483/3507
f 3459/3447/3471 1932/3446/3470 3480/3467/3491 5105/3488/3512
f 5105/3488/3512 3480/3467/3491 1940/3471/3495 3475/3489/3513
f 3485/3483/3507 5105/3488/3512 3475/3489/3513 1939/3484/3508
f 1928/3442/3466 3457/3459/3483 5106/3490/3514 3484/3479/3503
f 3457/3459/3483 1929/3455/3479 3482/3473/3497 5106/3490/3514
f 5106/3490/3514 3482/3473/3497 1937/3477/3501 3473/3491/3515
f 3484/3479/3503 5106/3490/3514 3473/3491/3515 1936/3480/3504
f 1935/3465/3489 3471/3464/3488 5107/3492/3516 3502/3493/3517
f 1934/3463/3487 3500/3494/3518 5107/3492/3516 3471/3464/3488
f 1942/3495/3519 3502/3493/3517 5107/3492/3516 3500/3494/3518
f 1936/3480/3504 3473/3491/3515 5108/3496/3520 3501/3497/3521
f 1937/3477/3501 3494/3498/3522 5108/3496/3520 3473/3491/3515
f 1942/3495/3519 3501/3497/3521 5108/3496/3520 3494/3498/3522
f 1939/3484/3508 3475/3489/3513 5109/3499/3523 3486/3500/3524
f 1940/3471/3495 3487/3501/3525 5109/3499/3523 3475/3489/3513
f 1942/3495/3519 3486/3500/3524 5109/3499/3523 3487/3501/3525
f 1941/3469/3493 3477/3487/3511 5110/3502/3526 3492/3503/3527
f 1935/3465/3489 3502/3493/3517 5110/3502/3526 3477/3487/3511
f 1942/3495/3519 3492/3503/3527 5110/3502/3526 3502/3493/3517
f 1938/3475/3499 3470/3485/3509 5111/3504/3528 3496/3505/3529
f 1939/3484/3508 3486/3500/3524 5111/3504/3528 3470/3485/3509
f 1942/3495/3519 3496/3505/3529 5111/3504/3528 3486/3500/3524
f 1934/3463/3487 3472/3481/3505 5112/3506/3530 3500/3494/3518
f 1936/3480/3504 3501/3497/3521 5112/3506/3530 3472/3481/3505
f 1942/3495/3519 3500/3494/3518 5112/3506/3530 3501/3497/3521
f 1937/3477/3501 3474/3476/3500 5113/3507/3531 3494/3498/3522
f 1938/3475/3499 3496/3505/3529 5113/3507/3531 3474/3476/3500
f 1942/3495/3519 3494/3498/3522 5113/3507/3531 3496/3505/3529
f 1940/3471/3495 3476/3470/3494 5114/3508/3532 3487/3501/3525
f 1941/3469/3493 3492/3503/3527 5114/3508/3532 3476/3470/3494
f 1942/3495/3519 3487/3501/3525 5114/3508/3532 3492/3503/3527
f 1923/3416/3440 3449/3415/3439 5115/3509/3533 3505/3510/3534
f 3449/3415/3439 1921/3408/3432 3445/3412/3436 5115/3509/3533
f 5115/3509/3533 3445/3412/3436 1863/3185/3209 3324/3205/3229
f 3505/3510/3534 5115/3509/3533 3324/3205/3229 1862/3204/3228
f 1861/3163/3187 3518/3511/3535 5116/3512/3536 3322/3210/3234
f 1955/3513/3537 3519/3514/3538 5116/3512/3536 3518/3511/3535
f 1862/3204/3228 3322/3210/3234 5116/3512/3536 3519/3514/3538
f 1925/3422/3446 3503/3515/3539 5117/3516/3540 3453/3427/3451
f 1949/3517/3541 3499/3518/3542 5117/3516/3540 3503/3515/3539
f 1910/3372/3396 3453/3427/3451 5117/3516/3540 3499/3518/3542
f 1953/3519/3543 3515/3520/3544 5118/3521/3545 3517/3522/3546
f 3515/3520/3544 1945/3523/3547 3491/3524/3548 5118/3521/3545
f 5118/3521/3545 3491/3524/3548 1946/3525/3549 3495/3526/3550
f 3517/3522/3546 5118/3521/3545 3495/3526/3550 1954/3527/3551
f 1946/3525/3549 3491/3524/3548 5119/3528/3552 3506/3529/3553
f 3491/3524/3548 1945/3523/3547 3493/3530/3554 5119/3528/3552
f 5119/3528/3552 3493/3530/3554 1943/3531/3555 3488/3532/3556
f 3506/3529/3553 5119/3528/3552 3488/3532/3556 1948/3533/3557
f 1943/3531/3555 3497/3534/3558 5120/3535/3559 3488/3532/3556
f 3497/3534/3558 1944/3536/3560 3508/3537/3561 5120/3535/3559
f 5120/3535/3559 3508/3537/3561 1950/3538/3562 3509/3539/3563
f 3488/3532/3556 5120/3535/3559 3509/3539/3563 1948/3533/3557
f 1950/3538/3562 3508/3537/3561 5121/3540/3564 3511/3541/3565
f 3508/3537/3561 1944/3536/3560 3489/3542/3566 5121/3540/3564
f 5121/3540/3564 3489/3542/3566 1951/3543/3567 3512/3544/3568
f 3511/3541/3565 5121/3540/3564 3512/3544/3568 1952/3545/3569
f 1858/3173/3197 3510/3546/3570 5122/3547/3571 3320/3174/3198
f 3510/3546/3570 1951/3543/3567 3489/3542/3566 5122/3547/3571
f 5122/3547/3571 3489/3542/3566 1944/3536/3560 3514/3548/3572
f 3320/3174/3198 5122/3547/3571 3514/3548/3572 1859/3175/3199
f 1860/3161/3185 3321/3193/3217 5123/3549/3573 3513/3550/3574
f 3321/3193/3217 1859/3175/3199 3514/3548/3572 5123/3549/3573
f 5123/3549/3573 3514/3548/3572 1944/3536/3560 3497/3534/3558
f 3513/3550/3574 5123/3549/3573 3497/3534/3558 1943/3531/3555
f 1860/3161/3185 3513/3550/3574 5124/3551/3575 3319/3162/3186
f 3513/3550/3574 1943/3531/3555 3493/3530/3554 5124/3551/3575
f 5124/3551/3575 3493/3530/3554 1945/3523/3547 3507/3552/3576
f 3319/3162/3186 5124/3551/3575 3507/3552/3576 1861/3163/3187
f 1949/3517/3541 3490/3553/3577 5125/3554/3578 3498/3555/3579
f 3490/3553/3577 1953/3519/3543 3517/3522/3546 5125/3554/3578
f 5125/3554/3578 3517/3522/3546 1954/3527/3551 3516/3556/3580
f 3498/3555/3579 5125/3554/3578 3516/3556/3580 1947/3557/3581
f 1861/3163/3187 3507/3552/3576 5126/3558/3582 3518/3511/3535
f 3507/3552/3576 1945/3523/3547 3515/3520/3544 5126/3558/3582
f 5126/3558/3582 3515/3520/3544 1953/3519/3543 3520/3559/3583
f 3518/3511/3535 5126/3558/3582 3520/3559/3583 1955/3513/3537
f 1862/3204/3228 3519/3514/3538 5127/3560/3584 3505/3510/3534
f 3519/3514/3538 1955/3513/3537 3504/3561/3585 5127/3560/3584
f 5127/3560/3584 3504/3561/3585 1925/3422/3446 3452/3421/3445
f 3505/3510/3534 5127/3560/3584 3452/3421/3445 1923/3416/3440
f 1955/3513/3537 3520/3559/3583 5128/3562/3586 3504/3561/3585
f 3520/3559/3583 1953/3519/3543 3490/3553/3577 5128/3562/3586
f 5128/3562/3586 3490/3553/3577 1949/3517/3541 3503/3515/3539
f 3504/3561/3585 5128/3562/3586 3503/3515/3539 1925/3422/3446
f 1954/3527/3551 3495/3526/3550 5129/3563/3587 3526/3564/3588
f 3495/3526/3550 1946/3525/3549 3527/3565/3589 5129/3563/3587
f 5129/3563/3587 3527/3565/3589 1956/3566/3590 3521/3567/3591
f 3526/3564/3588 5129/3563/3587 3521/3567/3591 1961/3568/3592
f 1946/3525/3549 3506/3529/3553 5130/3569/3593 3527/3565/3589
f 3506/3529/3553 1948/3533/3557 3528/3570/3594 5130/3569/3593
f 5130/3569/3593 3528/3570/3594 1958/3571/3595 3522/3572/3596
f 3527/3565/3589 5130/3569/3593 3522/3572/3596 1956/3566/3590
f 1950/3538/3562 3511/3541/3565 5131/3573/3597 3529/3574/3598
f 3511/3541/3565 1952/3545/3569 3530/3575/3599 5131/3573/3597
f 5131/3573/3597 3530/3575/3599 1960/3576/3600 3524/3577/3601
f 3529/3574/3598 5131/3573/3597 3524/3577/3601 1959/3578/3602
f 1948/3533/3557 3509/3539/3563 5132/3579/3603 3528/3570/3594
f 3509/3539/3563 1950/3538/3562 3529/3574/3598 5132/3579/3603
f 5132/3579/3603 3529/3574/3598 1959/3578/3602 3523/3580/3604
f 3528/3570/3594 5132/3579/3603 3523/3580/3604 1958/3571/3595
f 1947/3557/3581 3516/3556/3580 5133/3581/3605 3531/3582/3606
f 3516/3556/3580 1954/3527/3551 3526/3564/3588 5133/3581/3605
f 5133/3581/3605 3526/3564/3588 1961/3568/3592 3525/3583/3607
f 3531/3582/3606 5133/3581/3605 3525/3583/3607 1957/3584/3608
f 1958/3571/3595 3523/3580/3604 5134/3585/3609 3533/3586/3610
f 1959/3578/3602 3534/3587/3611 5134/3585/3609 3523/3580/3604
f 1962/3588/3612 3533/3586/3610 5134/3585/3609 3534/3587/3611
f 1961/3568/3592 3521/3567/3591 5135/3589/3613 3535/3590/3614
f 1956/3566/3590 3532/3591/3615 5135/3589/3613 3521/3567/3591
f 1962/3588/3612 3535/3590/3614 5135/3589/3613 3532/3591/3615
f 1959/3578/3602 3524/3577/3601 5136/3592/3616 3534/3587/3611
f 1960/3576/3600 3536/3593/3617 5136/3592/3616 3524/3577/3601
f 1962/3588/3612 3534/3587/3611 5136/3592/3616 3536/3593/3617
f 1956/3566/3590 3522/3572/3596 5137/3594/3618 3532/3591/3615
f 1958/3571/3595 3533/3586/3610 5137/3594/3618 3522/3572/3596
f 1962/3588/3612 3532/3591/3615 5137/3594/3618 3533/3586/3610
f 1957/3584/3608 3525/3583/3607 5138/3595/3619 3537/3596/3620
f 1961/3568/3592 3535/3590/3614 5138/3595/3619 3525/3583/3607
f 1962/3588/3612 3537/3596/3620 5138/3595/3619 3535/3590/3614
f 1736/2629/2653 3547/3597/3621 5139/3598/3622 3112/2746/2770
f 3547/3597/3621 1972/2630/2654 3559/2748/2772 5139/3598/3622
f 5139/3598/3622 3559/2748/2772 1982/2732/2756 3557/2735/2759
f 3112/2746/2770 5139/3598/3622 3557/2735/2759 1755/2737/2761
f 1756/2744/2768 3107/2743/2767 5140/3599/3623 3105/2749/2773
f 3107/2743/2767 1758/2742/2766 3558/3600/3624 5140/3599/3623
f 5140/3599/3623 3558/3600/3624 1983/2643/2667 3560/2733/2757
f 3105/2749/2773 5140/3599/3623 3560/2733/2757 1982/2732/2756
f 1738/2221/2245 3549/3601/3625 5141/3602/3626 3103/2723/2747
f 3549/3601/3625 1974/2644/2668 3561/2727/2751 5141/3602/3626
f 5141/3602/3626 3561/2727/2751 1980/2717/2741 3555/3603/3627
f 3103/2723/2747 5141/3602/3626 3555/3603/3627 1751/2724/2748
f 1753/2663/2687 3098/2725/2749 5142/3604/3628 3556/2664/2688
f 3098/2725/2749 1751/2724/2748 3555/3603/3627 5142/3604/3628
f 5142/3604/3628 3555/3603/3627 1980/2717/2741 3562/2714/2738
f 3556/2664/2688 5142/3604/3628 3562/2714/2738 1981/2665/2689
f 1743/2668/2692 3551/3605/3629 5143/3606/3630 3096/2711/2735
f 3551/3605/3629 1976/2670/2694 3563/2705/2729 5143/3606/3630
f 5143/3606/3630 3563/2705/2729 1978/2699/2723 3553/3607/3631
f 3096/2711/2735 5143/3606/3630 3553/3607/3631 1747/2712/2736
f 1748/2685/2709 3089/2713/2737 5144/3608/3632 3554/2686/2710
f 3089/2713/2737 1747/2712/2736 3553/3607/3631 5144/3608/3632
f 5144/3608/3632 3553/3607/3631 1978/2699/2723 3564/2696/2720
f 3554/2686/2710 5144/3608/3632 3564/2696/2720 1979/2687/2711
f 1745/2688/2712 3084/2695/2719 5145/3609/3633 3094/2709/2733
f 3084/2695/2719 1977/2680/2704 3565/2683/2707 5145/3609/3633
f 5145/3609/3633 3565/2683/2707 1979/2687/2711 3091/2698/2722
f 3094/2709/2733 5145/3609/3633 3091/2698/2722 1750/2703/2727
f 1743/2668/2692 3080/2679/2703 5146/3610/3634 3551/3605/3629
f 3080/2679/2703 1741/2655/2679 3550/2659/2683 5146/3610/3634
f 5146/3610/3634 3550/2659/2683 1975/2658/2682 3566/2671/2695
f 3551/3605/3629 5146/3610/3634 3566/2671/2695 1976/2670/2694
f 1742/2675/2699 3078/2674/2698 5147/3611/3635 3102/2731/2755
f 3078/2674/2698 1975/2658/2682 3567/2661/2685 5147/3611/3635
f 5147/3611/3635 3567/2661/2685 1981/2665/2689 3099/2716/2740
f 3102/2731/2755 5147/3611/3635 3099/2716/2740 1754/2721/2745
f 1738/2221/2245 3070/2219/2243 5148/3612/3636 3549/3601/3625
f 3070/2219/2243 1628/2202/2226 3069/2637/2661 5148/3612/3636
f 5148/3612/3636 3069/2637/2661 1973/2636/2660 3568/2645/2669
f 3549/3601/3625 5148/3612/3636 3568/2645/2669 1974/2644/2668
f 1737/2649/2673 3548/2648/2672 5149/3613/3637 3110/2741/2765
f 3548/2648/2672 1973/2636/2660 3569/2639/2663 5149/3613/3637
f 5149/3613/3637 3569/2639/2663 1983/2643/2667 3558/3600/3624
f 3110/2741/2765 5149/3613/3637 3558/3600/3624 1758/2742/2766
f 1736/2629/2653 3067/2628/2652 5150/3614/3638 3547/3597/3621
f 3067/2628/2652 1627/2200/2224 3546/3615/3639 5150/3614/3638
f 5150/3614/3638 3546/3615/3639 1971/2581/2605 3570/2631/2655
f 3547/3597/3621 5150/3614/3638 3570/2631/2655 1972/2630/2654
f 1687/2460/2484 3542/2530/2554 5151/3616/3640 2988/2461/2485
f 3542/2530/2554 1967/2529/2553 3571/2613/2637 5151/3616/3640
f 5151/3616/3640 3571/2613/2637 1963/2605/2629 3004/3617/3641
f 2988/2461/2485 5151/3616/3640 3004/3617/3641 1699/2454/2478
f 1623/2182/2206 2976/2455/2479 5152/3618/3642 3543/3619/3643
f 2976/2455/2479 1699/2454/2478 3004/3617/3641 5152/3618/3642
f 5152/3618/3642 3004/3617/3641 1963/2605/2629 3572/2603/2627
f 3543/3619/3643 5152/3618/3642 3572/2603/2627 1968/2599/2623
f 1623/2182/2206 3543/3619/3643 5153/3620/3644 2843/2184/2208
f 3543/3619/3643 1968/2599/2623 3573/2602/2626 5153/3620/3644
f 5153/3620/3644 3573/2602/2626 1965/2597/2621 3034/3621/3645
f 2843/2184/2208 5153/3620/3644 3034/3621/3645 1624/2186/2210
f 1625/2190/2214 2845/2188/2212 5154/3622/3646 3544/3623/3647
f 2845/2188/2212 1624/2186/2210 3034/3621/3645 5154/3622/3646
f 5154/3622/3646 3034/3621/3645 1965/2597/2621 3574/2595/2619
f 3544/3623/3647 5154/3622/3646 3574/2595/2619 1969/2591/2615
f 1625/2190/2214 3544/3623/3647 5155/3624/3648 2847/2192/2216
f 3544/3623/3647 1969/2591/2615 3575/2594/2618 5155/3624/3648
f 5155/3624/3648 3575/2594/2618 1966/2589/2613 3038/3625/3649
f 2847/2192/2216 5155/3624/3648 3038/3625/3649 1626/2194/2218
f 1632/2196/2220 2857/2223/2247 5156/3626/3650 3545/3627/3651
f 2857/2223/2247 1626/2194/2218 3038/3625/3649 5156/3626/3650
f 5156/3626/3650 3038/3625/3649 1966/2589/2613 3576/2587/2611
f 3545/3627/3651 5156/3626/3650 3576/2587/2611 1970/2585/2609
f 1627/2200/2224 2849/2197/2221 5157/3628/3652 3546/3615/3639
f 2849/2197/2221 1632/2196/2220 3545/3627/3651 5157/3628/3652
f 5157/3628/3652 3545/3627/3651 1970/2585/2609 3577/2582/2606
f 3546/3615/3639 5157/3628/3652 3577/2582/2606 1971/2581/2605
f 1723/2478/2502 3041/2611/2635 5158/3629/3653 3056/2608/2632
f 3041/2611/2635 1967/2529/2553 3578/2532/2556 5158/3629/3653
f 5158/3629/3653 3578/2532/2556 1964/2536/2560 3539/3206/3230
f 3056/2608/2632 5158/3629/3653 3539/3206/3230 1725/2609/2633
f 1425/1425/1449 3582/3630/3654 5159/3631/3655 2477/1426/1450
f 3582/3630/3654 1985/3632/3656 3583/3633/3657 5159/3631/3655
f 5159/3631/3655 3583/3633/3657 1984/3634/3658 3580/3635/3659
f 2477/1426/1450 5159/3631/3655 3580/3635/3659 1426/1429/1453
f 1984/3634/3658 3583/3633/3657 5160/3636/3660 3585/3637/3661
f 3583/3633/3657 1985/3632/3656 3579/3638/3662 5160/3636/3660
f 5160/3636/3660 3579/3638/3662 1986/3639/3663 3586/3640/3664
f 3585/3637/3661 5160/3636/3660 3586/3640/3664 1987/3641/3665
f 1986/3639/3663 3587/3642/3666 5161/3643/3667 3586/3640/3664
f 3587/3642/3666 1989/3644/3668 3588/3645/3669 5161/3643/3667
f 5161/3643/3667 3588/3645/3669 1988/3646/3670 3581/3647/3671
f 3586/3640/3664 5161/3643/3667 3581/3647/3671 1987/3641/3665
f 1988/3646/3670 3588/3645/3669 5162/3648/3672 3589/3649/3673
f 3588/3645/3669 1989/3644/3668 3584/3650/3674 5162/3648/3672
f 5162/3648/3672 3584/3650/3674 1433/1450/1474 2489/1449/1473
f 3589/3649/3673 5162/3648/3672 2489/1449/1473 1434/1448/1472
f 1434/1448/1472 2490/1453/1477 5163/3651/3675 3589/3649/3673
f 2490/1453/1477 1435/1455/1479 3590/3652/3676 5163/3651/3675
f 5163/3651/3675 3590/3652/3676 1987/3641/3665 3581/3647/3671
f 3589/3649/3673 5163/3651/3675 3581/3647/3671 1988/3646/3670
f 1435/1455/1479 2492/1457/1481 5164/3653/3677 3590/3652/3676
f 2492/1457/1481 1426/1429/1453 3580/3635/3659 5164/3653/3677
f 5164/3653/3677 3580/3635/3659 1984/3634/3658 3585/3637/3661
f 3590/3652/3676 5164/3653/3677 3585/3637/3661 1987/3641/3665
f 1425/1425/1449 2493/1459/1483 5165/3654/3678 3582/3630/3654
f 2493/1459/1483 1436/1463/1487 3592/3655/3679 5165/3654/3678
f 5165/3654/3678 3592/3655/3679 1990/3656/3680 3594/3657/3681
f 3582/3630/3654 5165/3654/3678 3594/3657/3681 1985/3632/3656
f 1990/3656/3680 3593/3658/3682 5166/3659/3683 3594/3657/3681
f 3593/3658/3682 1991/3660/3684 3595/3661/3685 5166/3659/3683
f 5166/3659/3683 3595/3661/3685 1986/3639/3663 3579/3638/3662
f 3594/3657/3681 5166/3659/3683 3579/3638/3662 1985/3632/3656
f 1986/3639/3663 3595/3661/3685 5167/3662/3686 3587/3642/3666
f 3595/3661/3685 1991/3660/3684 3591/3663/3687 5167/3662/3686
f 5167/3662/3686 3591/3663/3687 1992/3664/3688 3597/3665/3689
f 3587/3642/3666 5167/3662/3686 3597/3665/3689 1989/3644/3668
f 1992/3664/3688 3596/3666/3690 5168/3667/3691 3597/3665/3689
f 3596/3666/3690 1440/1475/1499 2503/1474/1498 5168/3667/3691
f 5168/3667/3691 2503/1474/1498 1433/1450/1474 3584/3650/3674
f 3597/3665/3689 5168/3667/3691 3584/3650/3674 1989/3644/3668
f 1688/1476/1500 4066/3668/3692 5169/3669/3693 2502/1477/1501
f 4066/3668/3692 2218/3670/3694 4051/3671/3695 5169/3669/3693
f 5169/3669/3693 4051/3671/3695 1993/3672/3696 3598/3673/3697
f 2502/1477/1501 5169/3669/3693 3598/3673/3697 1441/1480/1504
f 1441/1480/1504 3598/3673/3697 5170/3674/3698 2505/1485/1509
f 3598/3673/3697 1993/3672/3696 3602/3675/3699 5170/3674/3698
f 5170/3674/3698 3602/3675/3699 1994/3676/3700 3601/3677/3701
f 2505/1485/1509 5170/3674/3698 3601/3677/3701 1443/1487/1511
f 1994/3676/3700 3602/3675/3699 5171/3678/3702 3600/3679/3703
f 3602/3675/3699 1993/3672/3696 3605/3680/3704 5171/3678/3702
f 5171/3678/3702 3605/3680/3704 1996/3681/3705 3603/3682/3706
f 3600/3679/3703 5171/3678/3702 3603/3682/3706 1995/3683/3707
f 1998/3684/3708 3608/3685/3709 5172/3686/3710 3607/3687/3711
f 3608/3685/3709 1997/3688/3712 3599/3689/3713 5172/3686/3710
f 5172/3686/3710 3599/3689/3713 1992/3664/3688 3591/3663/3687
f 3607/3687/3711 5172/3686/3710 3591/3663/3687 1991/3660/3684
f 2045/3690/3714 3697/3691/3715 5173/3692/3716 3691/3693/3717
f 3697/3691/3715 2046/3694/3718 3606/3695/3719 5173/3692/3716
f 5173/3692/3716 3606/3695/3719 1997/3688/3712 3608/3685/3709
f 3691/3693/3717 5173/3692/3716 3608/3685/3709 1998/3684/3708
f 1440/1475/1499 3596/3666/3690 5174/3696/3720 2498/1509/1533
f 3596/3666/3690 1992/3664/3688 3599/3689/3713 5174/3696/3720
f 5174/3696/3720 3599/3689/3713 1997/3688/3712 3609/3697/3721
f 2498/1509/1533 5174/3696/3720 3609/3697/3721 1447/1511/1535
f 1436/1463/1487 2517/1514/1538 5175/3698/3722 3592/3655/3679
f 2517/1514/1538 1450/1518/1542 3611/3699/3723 5175/3698/3722
f 5175/3698/3722 3611/3699/3723 1999/3700/3724 3613/3701/3725
f 3592/3655/3679 5175/3698/3722 3613/3701/3725 1990/3656/3680
f 1999/3700/3724 3612/3702/3726 5176/3703/3727 3613/3701/3725
f 3612/3702/3726 2000/3704/3728 3615/3705/3729 5176/3703/3727
f 5176/3703/3727 3615/3705/3729 1991/3660/3684 3593/3658/3682
f 3613/3701/3725 5176/3703/3727 3593/3658/3682 1990/3656/3680
f 1991/3660/3684 3615/3705/3729 5177/3706/3730 3607/3687/3711
f 3615/3705/3729 2000/3704/3728 3610/3707/3731 5177/3706/3730
f 5177/3706/3730 3610/3707/3731 2001/3708/3732 3617/3709/3733
f 3607/3687/3711 5177/3706/3730 3617/3709/3733 1998/3684/3708
f 2025/3710/3734 3616/3711/3735 5178/3712/3736 3662/3713/3737
f 3616/3711/3735 2002/3714/3738 3618/3715/3739 5178/3712/3736
f 5178/3712/3736 3618/3715/3739 2003/3716/3740 3659/3717/3741
f 3662/3713/3737 5178/3712/3736 3659/3717/3741 2026/3718/3742
f 2002/3714/3738 3619/3719/3743 5179/3720/3744 3618/3715/3739
f 3619/3719/3743 2004/3721/3745 3622/3722/3746 5179/3720/3744
f 5179/3720/3744 3622/3722/3746 2005/3723/3747 3623/3724/3748
f 3618/3715/3739 5179/3720/3744 3623/3724/3748 2003/3716/3740
f 2005/3723/3747 3622/3722/3746 5180/3725/3749 3625/3726/3750
f 3622/3722/3746 2004/3721/3745 3614/3727/3751 5180/3725/3749
f 5180/3725/3749 3614/3727/3751 2006/3728/3752 3626/3729/3753
f 3625/3726/3750 5180/3725/3749 3626/3729/3753 2007/3730/3754
f 2006/3728/3752 3624/3731/3755 5181/3732/3756 3626/3729/3753
f 3624/3731/3755 2008/3733/3757 3628/3734/3758 5181/3732/3756
f 5181/3732/3756 3628/3734/3758 2009/3735/3759 3629/3736/3760
f 3626/3729/3753 5181/3732/3756 3629/3736/3760 2007/3730/3754
f 2047/3737/3761 3627/3738/3762 5182/3739/3763 3704/3740/3764
f 3627/3738/3762 2010/3741/3765 3630/3742/3766 5182/3739/3763
f 5182/3739/3763 3630/3742/3766 2011/3743/3767 3701/3744/3768
f 3704/3740/3764 5182/3739/3763 3701/3744/3768 2048/3745/3769
f 2011/3743/3767 3630/3742/3766 5183/3746/3770 3631/3747/3771
f 3630/3742/3766 2010/3741/3765 3635/3748/3772 5183/3746/3770
f 5183/3746/3770 3635/3748/3772 2013/3749/3773 3633/3750/3774
f 3631/3747/3771 5183/3746/3770 3633/3750/3774 2012/3751/3775
f 2051/3752/3776 3712/3753/3777 5184/3754/3778 3709/3755/3779
f 3712/3753/3777 2050/3756/3780 3621/3757/3781 5184/3754/3778
f 5184/3754/3778 3621/3757/3781 2014/3758/3782 3638/3759/3783
f 3709/3755/3779 5184/3754/3778 3638/3759/3783 2015/3760/3784
f 2057/3761/3785 3636/3762/3786 5185/3763/3787 3733/3764/3788
f 3636/3762/3786 2016/3765/3789 3639/3766/3790 5185/3763/3787
f 5185/3763/3787 3639/3766/3790 2017/3767/3791 3715/3768/3792
f 3733/3764/3788 5185/3763/3787 3715/3768/3792 2058/3769/3793
f 2016/3765/3789 3643/3770/3794 5186/3771/3795 3639/3766/3790
f 3643/3770/3794 2019/3772/3796 3644/3773/3797 5186/3771/3795
f 5186/3771/3795 3644/3773/3797 2018/3774/3798 3634/3775/3799
f 3639/3766/3790 5186/3771/3795 3634/3775/3799 2017/3767/3791
f 2018/3774/3798 3644/3773/3797 5187/3776/3800 3645/3777/3801
f 3644/3773/3797 2019/3772/3796 3640/3778/3802 5187/3776/3800
f 5187/3776/3800 3640/3778/3802 1472/1597/1621 2555/1596/1620
f 3645/3777/3801 5187/3776/3800 2555/1596/1620 1473/1595/1619
f 1472/1597/1621 3640/3778/3802 5188/3779/3803 2553/1599/1623
f 3640/3778/3802 2019/3772/3796 3648/3780/3804 5188/3779/3803
f 5188/3779/3803 3648/3780/3804 2020/3781/3805 3646/3782/3806
f 2553/1599/1623 5188/3779/3803 3646/3782/3806 1474/1601/1625
f 2020/3781/3805 3648/3780/3804 5189/3783/3807 3647/3784/3808
f 3648/3780/3804 2019/3772/3796 3643/3770/3794 5189/3783/3807
f 5189/3783/3807 3643/3770/3794 2016/3765/3789 3650/3785/3809
f 3647/3784/3808 5189/3783/3807 3650/3785/3809 2021/3786/3810
f 2057/3761/3785 3722/3787/3811 5190/3788/3812 3732/3789/3813
f 3722/3787/3811 2004/3721/3745 3619/3719/3743 5190/3788/3812
f 5190/3788/3812 3619/3719/3743 2002/3714/3738 3649/3790/3814
f 3732/3789/3813 5190/3788/3812 3649/3790/3814 2059/3791/3815
f 2062/3792/3816 3661/3793/3817 5191/3794/3818 3731/3795/3819
f 3661/3793/3817 2025/3710/3734 3658/3796/3820 5191/3794/3818
f 5191/3794/3818 3658/3796/3820 2000/3704/3728 3725/3797/3821
f 3731/3795/3819 5191/3794/3818 3725/3797/3821 2060/3798/3822
f 2060/3798/3822 3730/3799/3823 5192/3800/3824 3652/3801/3825
f 3730/3799/3823 2061/3802/3826 3726/3803/3827 5192/3800/3824
f 5192/3800/3824 3726/3803/3827 2023/3804/3828 3651/3805/3829
f 3652/3801/3825 5192/3800/3824 3651/3805/3829 2022/3806/3830
f 2061/3802/3826 3654/3807/3831 5193/3808/3832 3729/3809/3833
f 3654/3807/3831 1999/3700/3724 3611/3699/3723 5193/3808/3832
f 5193/3808/3832 3611/3699/3723 1450/1518/1542 2642/1633/1657
f 3729/3809/3833 5193/3808/3832 2642/1633/1657 1521/1632/1656
f 1479/1634/1658 2566/1637/1661 5194/3810/3834 3653/3811/3835
f 2566/1637/1661 1480/1641/1665 3656/3812/3836 5194/3810/3834
f 5194/3810/3834 3656/3812/3836 2024/3813/3837 3657/3814/3838
f 3653/3811/3835 5194/3810/3834 3657/3814/3838 2023/3804/3828
f 2024/3813/3837 3656/3812/3836 5195/3815/3839 3655/3816/3840
f 3656/3812/3836 1480/1641/1665 2562/1644/1668 5195/3815/3839
f 5195/3815/3839 2562/1644/1668 1474/1601/1625 3646/3782/3806
f 3655/3816/3840 5195/3815/3839 3646/3782/3806 2020/3781/3805
f 2059/3791/3815 3649/3790/3814 5196/3817/3841 3728/3818/3842
f 3649/3790/3814 2002/3714/3738 3616/3711/3735 5196/3817/3841
f 5196/3817/3841 3616/3711/3735 2025/3710/3734 3661/3793/3817
f 3728/3818/3842 5196/3817/3841 3661/3793/3817 2062/3792/3816
f 2000/3704/3728 3658/3796/3820 5197/3819/3843 3610/3707/3731
f 3658/3796/3820 2025/3710/3734 3662/3713/3737 5197/3819/3843
f 5197/3819/3843 3662/3713/3737 2026/3718/3742 3620/3820/3844
f 3610/3707/3731 5197/3819/3843 3620/3820/3844 2001/3708/3732
f 2027/3821/3845 3660/3822/3846 5198/3823/3847 3663/3824/3848
f 3660/3822/3846 2022/3806/3830 3651/3805/3829 5198/3823/3847
f 5198/3823/3847 3651/3805/3829 2023/3804/3828 3657/3814/3838
f 3663/3824/3848 5198/3823/3847 3657/3814/3838 2024/3813/3837
f 2027/3821/3845 3663/3824/3848 5199/3825/3849 3642/3826/3850
f 3663/3824/3848 2024/3813/3837 3655/3816/3840 5199/3825/3849
f 5199/3825/3849 3655/3816/3840 2020/3781/3805 3647/3784/3808
f 3642/3826/3850 5199/3825/3849 3647/3784/3808 2021/3786/3810
f 1473/1595/1619 2577/1656/1680 5200/3827/3851 3645/3777/3801
f 2577/1656/1680 1485/1660/1684 3666/3828/3852 5200/3827/3851
f 5200/3827/3851 3666/3828/3852 2028/3829/3853 3667/3830/3854
f 3645/3777/3801 5200/3827/3851 3667/3830/3854 2018/3774/3798
f 2018/3774/3798 3667/3830/3854 5201/3831/3855 3634/3775/3799
f 3667/3830/3854 2028/3829/3853 3664/3832/3856 5201/3831/3855
f 5201/3831/3855 3664/3832/3856 2029/3833/3857 3669/3834/3858
f 3634/3775/3799 5201/3831/3855 3669/3834/3858 2017/3767/3791
f 2006/3728/3752 3668/3835/3859 5202/3836/3860 3624/3731/3755
f 3668/3835/3859 2030/3837/3861 3670/3838/3862 5202/3836/3860
f 5202/3836/3860 3670/3838/3862 2031/3839/3863 3672/3840/3864
f 3624/3731/3755 5202/3836/3860 3672/3840/3864 2008/3733/3757
f 2031/3839/3863 3671/3841/3865 5203/3842/3866 3672/3840/3864
f 3671/3841/3865 2032/3843/3867 3673/3844/3868 5203/3842/3866
f 5203/3842/3866 3673/3844/3868 2033/3845/3869 3675/3846/3870
f 3672/3840/3864 5203/3842/3866 3675/3846/3870 2008/3733/3757
f 2032/3843/3867 3674/3847/3871 5204/3848/3872 3673/3844/3868
f 3674/3847/3871 2034/3849/3873 3677/3850/3874 5204/3848/3872
f 5204/3848/3872 3677/3850/3874 2035/3851/3875 3678/3852/3876
f 3673/3844/3868 5204/3848/3872 3678/3852/3876 2033/3845/3869
f 2035/3851/3875 3677/3850/3874 5205/3853/3877 3680/3854/3878
f 3677/3850/3874 2034/3849/3873 3665/3855/3879 5205/3853/3877
f 5205/3853/3877 3665/3855/3879 2036/3856/3880 3681/3857/3881
f 3680/3854/3878 5205/3853/3877 3681/3857/3881 2037/3858/3882
f 2009/3735/3759 3628/3734/3758 5206/3859/3883 3679/3860/3884
f 3628/3734/3758 2008/3733/3757 3684/3861/3885 5206/3859/3883
f 5206/3859/3883 3684/3861/3885 2039/3862/3886 3682/3863/3887
f 3679/3860/3884 5206/3859/3883 3682/3863/3887 2038/3864/3888
f 2213/3865/3889 4065/3866/3890 5207/3867/3891 4046/3868/3892
f 4065/3866/3890 2214/3869/3893 3687/3870/3894 5207/3867/3891
f 5207/3867/3891 3687/3870/3894 2041/3871/3895 3686/3872/3896
f 4046/3868/3892 5207/3867/3891 3686/3872/3896 2040/3873/3897
f 2041/3871/3895 3685/3874/3898 5208/3875/3899 3686/3872/3896
f 3685/3874/3898 2015/3760/3784 3638/3759/3783 5208/3875/3899
f 5208/3875/3899 3638/3759/3783 2014/3758/3782 3689/3876/3900
f 3686/3872/3896 5208/3875/3899 3689/3876/3900 2040/3873/3897
f 2007/3730/3754 3629/3736/3760 5209/3877/3901 3688/3878/3902
f 3629/3736/3760 2009/3735/3759 3679/3860/3884 5209/3877/3901
f 5209/3877/3901 3679/3860/3884 2038/3864/3888 3676/3879/3903
f 3688/3878/3902 5209/3877/3901 3676/3879/3903 2042/3880/3904
f 2215/3881/3905 4064/3882/3906 5210/3883/3907 4048/3884/3908
f 4064/3882/3906 2213/3865/3889 4046/3868/3892 5210/3883/3907
f 5210/3883/3907 4046/3868/3892 2040/3873/3897 3689/3876/3900
f 4048/3884/3908 5210/3883/3907 3689/3876/3900 2014/3758/3782
f 2220/3885/3909 4063/3886/3910 5211/3887/3911 4053/3888/3912
f 4063/3886/3910 2216/3889/3913 4049/3890/3914 5211/3887/3911
f 5211/3887/3911 4049/3890/3914 2043/3891/3915 3692/3892/3916
f 4053/3888/3912 5211/3887/3911 3692/3892/3916 2052/3893/3917
f 2216/3889/3913 3694/3894/3918 5212/3895/3919 4062/3896/3920
f 3694/3894/3918 2013/3749/3773 3635/3748/3772 5212/3895/3919
f 5212/3895/3919 3635/3748/3772 2010/3741/3765 4050/3897/3921
f 4062/3896/3920 5212/3895/3919 4050/3897/3921 2217/3898/3922
f 2212/3899/3923 4061/3900/3924 5213/3901/3925 4045/3902/3926
f 4061/3900/3924 2218/3670/3694 3696/3903/3927 5213/3901/3925
f 5213/3901/3925 3696/3903/3927 2046/3694/3718 3697/3691/3715
f 4045/3902/3926 5213/3901/3925 3697/3691/3715 2045/3690/3714
f 1447/1511/1535 3609/3697/3721 5214/3904/3928 2609/1734/1758
f 3609/3697/3721 1997/3688/3712 3606/3695/3719 5214/3904/3928
f 5214/3904/3928 3606/3695/3719 2046/3694/3718 3698/3905/3929
f 2609/1734/1758 5214/3904/3928 3698/3905/3929 1503/1736/1760
f 2219/3906/3930 3703/3907/3931 5215/3908/3932 4060/3909/3933
f 3703/3907/3931 2047/3737/3761 3700/3910/3934 5215/3908/3932
f 5215/3908/3932 3700/3910/3934 1996/3681/3705 3604/3911/3935
f 4060/3909/3933 5215/3908/3932 3604/3911/3935 2212/3899/3923
f 2217/3898/3922 4050/3897/3921 5216/3912/3936 4059/3913/3937
f 4050/3897/3921 2010/3741/3765 3627/3738/3762 5216/3912/3936
f 5216/3912/3936 3627/3738/3762 2047/3737/3761 3703/3907/3931
f 4059/3913/3937 5216/3912/3936 3703/3907/3931 2219/3906/3930
f 1996/3681/3705 3700/3910/3934 5217/3914/3938 3603/3682/3706
f 3700/3910/3934 2047/3737/3761 3704/3740/3764 5217/3914/3938
f 5217/3914/3938 3704/3740/3764 2048/3745/3769 3632/3915/3939
f 3603/3682/3706 5217/3914/3938 3632/3915/3939 1995/3683/3707
f 2001/3708/3732 3705/3916/3940 5218/3917/3941 3617/3709/3733
f 3705/3916/3940 2049/3918/3942 3699/3919/3943 5218/3917/3941
f 5218/3917/3941 3699/3919/3943 2045/3690/3714 3691/3693/3717
f 3617/3709/3733 5218/3917/3941 3691/3693/3717 1998/3684/3708
f 2026/3718/3742 3706/3920/3944 5219/3921/3945 3620/3820/3844
f 3706/3920/3944 2044/3922/3946 3702/3923/3947 5219/3921/3945
f 5219/3921/3945 3702/3923/3947 2049/3918/3942 3705/3916/3940
f 3620/3820/3844 5219/3921/3945 3705/3916/3940 2001/3708/3732
f 2003/3716/3740 3707/3924/3948 5220/3925/3949 3659/3717/3741
f 3707/3924/3948 2043/3891/3915 3693/3926/3950 5220/3925/3949
f 5220/3925/3949 3693/3926/3950 2044/3922/3946 3706/3920/3944
f 3659/3717/3741 5220/3925/3949 3706/3920/3944 2026/3718/3742
f 2215/3881/3905 4058/3927/3951 5221/3928/3952 3690/3929/3953
f 4058/3927/3951 2220/3885/3909 4053/3888/3912 5221/3928/3952
f 5221/3928/3952 4053/3888/3912 2052/3893/3917 3710/3930/3954
f 3690/3929/3953 5221/3928/3952 3710/3930/3954 2042/3880/3904
f 2012/3751/3775 3633/3750/3774 5222/3931/3955 3637/3932/3956
f 3633/3750/3774 2013/3749/3773 3708/3933/3957 5222/3931/3955
f 5222/3931/3955 3708/3933/3957 2050/3756/3780 3712/3753/3777
f 3637/3932/3956 5222/3931/3955 3712/3753/3777 2051/3752/3776
f 2005/3723/3747 3713/3934/3958 5223/3935/3959 3623/3724/3748
f 3713/3934/3958 2052/3893/3917 3692/3892/3916 5223/3935/3959
f 5223/3935/3959 3692/3892/3916 2043/3891/3915 3707/3924/3948
f 3623/3724/3748 5223/3935/3959 3707/3924/3948 2003/3716/3740
f 2005/3723/3747 3625/3726/3750 5224/3936/3960 3713/3934/3958
f 3625/3726/3750 2007/3730/3754 3688/3878/3902 5224/3936/3960
f 5224/3936/3960 3688/3878/3902 2042/3880/3904 3710/3930/3954
f 3713/3934/3958 5224/3936/3960 3710/3930/3954 2052/3893/3917
f 2029/3833/3857 3664/3832/3856 5225/3937/3961 3714/3938/3962
f 3664/3832/3856 2028/3829/3853 3718/3939/3963 5225/3937/3961
f 5225/3937/3961 3718/3939/3963 2054/3940/3964 3716/3941/3965
f 3714/3938/3962 5225/3937/3961 3716/3941/3965 2053/3942/3966
f 2054/3940/3964 3717/3943/3967 5226/3944/3968 3716/3941/3965
f 3717/3943/3967 2055/3945/3969 3719/3946/3970 5226/3944/3968
f 5226/3944/3968 3719/3946/3970 2056/3947/3971 3721/3948/3972
f 3716/3941/3965 5226/3944/3968 3721/3948/3972 2053/3942/3966
f 2089/3949/3973 3798/3950/3974 5227/3951/3975 3720/3952/3976
f 3798/3950/3974 2090/3953/3977 3791/3954/3978 5227/3951/3975
f 5227/3951/3975 3791/3954/3978 2031/3839/3863 3670/3838/3862
f 3720/3952/3976 5227/3951/3975 3670/3838/3862 2030/3837/3861
f 2021/3786/3810 3724/3955/3979 5228/3956/3980 3642/3826/3850
f 3724/3955/3979 2059/3791/3815 3728/3818/3842 5228/3956/3980
f 5228/3956/3980 3728/3818/3842 2062/3792/3816 3727/3957/3981
f 3642/3826/3850 5228/3956/3980 3727/3957/3981 2027/3821/3845
f 2023/3804/3828 3726/3803/3827 5229/3958/3982 3653/3811/3835
f 3726/3803/3827 2061/3802/3826 3729/3809/3833 5229/3958/3982
f 5229/3958/3982 3729/3809/3833 1521/1632/1656 2567/1791/1815
f 3653/3811/3835 5229/3958/3982 2567/1791/1815 1479/1634/1658
f 2000/3704/3728 3612/3702/3726 5230/3959/3983 3725/3797/3821
f 3612/3702/3726 1999/3700/3724 3654/3807/3831 5230/3959/3983
f 5230/3959/3983 3654/3807/3831 2061/3802/3826 3730/3799/3823
f 3725/3797/3821 5230/3959/3983 3730/3799/3823 2060/3798/3822
f 2027/3821/3845 3727/3957/3981 5231/3960/3984 3660/3822/3846
f 3727/3957/3981 2062/3792/3816 3731/3795/3819 5231/3960/3984
f 5231/3960/3984 3731/3795/3819 2060/3798/3822 3652/3801/3825
f 3660/3822/3846 5231/3960/3984 3652/3801/3825 2022/3806/3830
f 2016/3765/3789 3636/3762/3786 5232/3961/3985 3650/3785/3809
f 3636/3762/3786 2057/3761/3785 3732/3789/3813 5232/3961/3985
f 5232/3961/3985 3732/3789/3813 2059/3791/3815 3724/3955/3979
f 3650/3785/3809 5232/3961/3985 3724/3955/3979 2021/3786/3810
f 2004/3721/3745 3722/3787/3811 5233/3962/3986 3614/3727/3751
f 3722/3787/3811 2057/3761/3785 3733/3764/3788 5233/3962/3986
f 5233/3962/3986 3733/3764/3788 2058/3769/3793 3641/3963/3987
f 3614/3727/3751 5233/3962/3986 3641/3963/3987 2006/3728/3752
f 2058/3769/3793 3741/3964/3988 5234/3965/3989 3641/3963/3987
f 3741/3964/3988 2069/3966/3990 3734/3967/3991 5234/3965/3989
f 5234/3965/3989 3734/3967/3991 2063/3968/3992 3742/3969/3993
f 3641/3963/3987 5234/3965/3989 3742/3969/3993 2006/3728/3752
f 2006/3728/3752 3742/3969/3993 5235/3970/3994 3668/3835/3859
f 3742/3969/3993 2063/3968/3992 3735/3971/3995 5235/3970/3994
f 5235/3970/3994 3735/3971/3995 2066/3972/3996 3743/3973/3997
f 3668/3835/3859 5235/3970/3994 3743/3973/3997 2030/3837/3861
f 2089/3949/3973 3797/3974/3998 5236/3975/3999 3788/3976/4000
f 3797/3974/3998 2091/3977/4001 3792/3978/4002 5236/3975/3999
f 5236/3975/3999 3792/3978/4002 2068/3979/4003 3744/3980/4004
f 3788/3976/4000 5236/3975/3999 3744/3980/4004 2056/3947/3971
f 2053/3942/3966 3745/3981/4005 5237/3982/4006 3714/3938/3962
f 3745/3981/4005 2067/3983/4007 3737/3984/4008 5237/3982/4006
f 5237/3982/4006 3737/3984/4008 2065/3985/4009 3746/3986/4010
f 3714/3938/3962 5237/3982/4006 3746/3986/4010 2029/3833/3857
f 2029/3833/3857 3746/3986/4010 5238/3987/4011 3669/3834/3858
f 3746/3986/4010 2065/3985/4009 3736/3988/4012 5238/3987/4011
f 5238/3987/4011 3736/3988/4012 2064/3989/4013 3747/3990/4014
f 3669/3834/3858 5238/3987/4011 3747/3990/4014 2017/3767/3791
f 2056/3947/3971 3744/3980/4004 5239/3991/4015 3721/3948/3972
f 3744/3980/4004 2068/3979/4003 3740/3992/4016 5239/3991/4015
f 5239/3991/4015 3740/3992/4016 2067/3983/4007 3745/3981/4005
f 3721/3948/3972 5239/3991/4015 3745/3981/4005 2053/3942/3966
f 2017/3767/3791 3747/3990/4014 5240/3993/4017 3715/3768/3792
f 3747/3990/4014 2064/3989/4013 3738/3994/4018 5240/3993/4017
f 5240/3993/4017 3738/3994/4018 2069/3966/3990 3741/3964/3988
f 3715/3768/3792 5240/3993/4017 3741/3964/3988 2058/3769/3793
f 2065/3985/4009 3748/3995/4019 5241/3996/4020 3736/3988/4012
f 3748/3995/4019 2070/3997/4021 3749/3998/4022 5241/3996/4020
f 5241/3996/4020 3749/3998/4022 2069/3966/3990 3738/3994/4018
f 3736/3988/4012 5241/3996/4020 3738/3994/4018 2064/3989/4013
f 2065/3985/4009 3737/3984/4008 5242/3999/4023 3748/3995/4019
f 3737/3984/4008 2067/3983/4007 3740/3992/4016 5242/3999/4023
f 5242/3999/4023 3740/3992/4016 2068/3979/4003 3750/4000/4024
f 3748/3995/4019 5242/3999/4023 3750/4000/4024 2070/3997/4021
f 2092/4001/4025 3796/4002/4026 5243/4003/4027 3793/4004/4028
f 3796/4002/4026 2091/3977/4001 3739/4005/4029 5243/4003/4027
f 5243/4003/4027 3739/4005/4029 2066/3972/3996 3735/3971/3995
f 3793/4004/4028 5243/4003/4027 3735/3971/3995 2063/3968/3992
f 2063/3968/3992 3734/3967/3991 5244/4006/4030 3793/4004/4028
f 3734/3967/3991 2069/3966/3990 3749/3998/4022 5244/4006/4030
f 5244/4006/4030 3749/3998/4022 2070/3997/4021 3751/4007/4031
f 3793/4004/4028 5244/4006/4030 3751/4007/4031 2092/4001/4025
f 2054/3940/3964 3752/4008/4032 5245/4009/4033 3717/3943/3967
f 3752/4008/4032 2071/4010/4034 3753/4011/4035 5245/4009/4033
f 5245/4009/4033 3753/4011/4035 2072/4012/4036 3755/4013/4037
f 3717/3943/3967 5245/4009/4033 3755/4013/4037 2055/3945/3969
f 2071/4010/4034 3754/4014/4038 5246/4015/4039 3753/4011/4035
f 3754/4014/4038 2073/4016/4040 3756/4017/4041 5246/4015/4039
f 5246/4015/4039 3756/4017/4041 2074/4018/4042 3757/4019/4043
f 3753/4011/4035 5246/4015/4039 3757/4019/4043 2072/4012/4036
f 2073/4016/4040 3758/4020/4044 5247/4021/4045 3756/4017/4041
f 3758/4020/4044 2075/4022/4046 3759/4023/4047 5247/4021/4045
f 5247/4021/4045 3759/4023/4047 2076/4024/4048 3761/4025/4049
f 3756/4017/4041 5247/4021/4045 3761/4025/4049 2074/4018/4042
f 2075/4022/4046 3760/4026/4050 5248/4027/4051 3759/4023/4047
f 3760/4026/4050 2077/4028/4052 3762/4029/4053 5248/4027/4051
f 5248/4027/4051 3762/4029/4053 1538/1862/1886 3764/4030/4054
f 3759/4023/4047 5248/4027/4051 3764/4030/4054 2076/4024/4048
f 2079/4031/4055 3763/4032/4056 5249/4033/4057 3768/4034/4058
f 3763/4032/4056 2028/3829/3853 3666/3828/3852 5249/4033/4057
f 5249/4033/4057 3666/3828/3852 1485/1660/1684 2675/1870/1894
f 3768/4034/4058 5249/4033/4057 2675/1870/1894 1542/1869/1893
f 1538/1862/1886 2682/1872/1896 5250/4035/4059 3764/4030/4054
f 2682/1872/1896 1539/1876/1900 3765/4036/4060 5250/4035/4059
f 5250/4035/4059 3765/4036/4060 2078/4037/4061 3767/4038/4062
f 3764/4030/4054 5250/4035/4059 3767/4038/4062 2076/4024/4048
f 2077/4028/4052 3766/4039/4063 5251/4040/4064 3762/4029/4053
f 3766/4039/4063 2079/4031/4055 3768/4034/4058 5251/4040/4064
f 5251/4040/4064 3768/4034/4058 1542/1869/1893 2683/1879/1903
f 3762/4029/4053 5251/4040/4064 2683/1879/1903 1538/1862/1886
f 2079/4031/4055 3776/4041/4065 5252/4042/4066 3763/4032/4056
f 3776/4041/4065 2086/4043/4067 3774/4044/4068 5252/4042/4066
f 5252/4042/4066 3774/4044/4068 2080/4045/4069 3777/4046/4070
f 3763/4032/4056 5252/4042/4066 3777/4046/4070 2028/3829/3853
f 2077/4028/4052 3778/4047/4071 5253/4048/4072 3766/4039/4063
f 3778/4047/4071 2085/4049/4073 3775/4050/4074 5253/4048/4072
f 5253/4048/4072 3775/4050/4074 2086/4043/4067 3776/4041/4065
f 3766/4039/4063 5253/4048/4072 3776/4041/4065 2079/4031/4055
f 2073/4016/4040 3779/4051/4075 5254/4052/4076 3758/4020/4044
f 3779/4051/4075 2083/4053/4077 3772/4054/4078 5254/4052/4076
f 5254/4052/4076 3772/4054/4078 2084/4055/4079 3780/4056/4080
f 3758/4020/4044 5254/4052/4076 3780/4056/4080 2075/4022/4046
f 2071/4010/4034 3781/4057/4081 5255/4058/4082 3754/4014/4038
f 3781/4057/4081 2082/4059/4083 3771/4060/4084 5255/4058/4082
f 5255/4058/4082 3771/4060/4084 2083/4053/4077 3779/4051/4075
f 3754/4014/4038 5255/4058/4082 3779/4051/4075 2073/4016/4040
f 2054/3940/3964 3782/4061/4085 5256/4062/4086 3752/4008/4032
f 3782/4061/4085 2081/4063/4087 3770/4064/4088 5256/4062/4086
f 5256/4062/4086 3770/4064/4088 2082/4059/4083 3781/4057/4081
f 3752/4008/4032 5256/4062/4086 3781/4057/4081 2071/4010/4034
f 2075/4022/4046 3780/4056/4080 5257/4065/4089 3760/4026/4050
f 3780/4056/4080 2084/4055/4079 3773/4066/4090 5257/4065/4089
f 5257/4065/4089 3773/4066/4090 2085/4049/4073 3778/4047/4071
f 3760/4026/4050 5257/4065/4089 3778/4047/4071 2077/4028/4052
f 2028/3829/3853 3777/4046/4070 5258/4067/4091 3718/3939/3963
f 3777/4046/4070 2080/4045/4069 3769/4068/4092 5258/4067/4091
f 5258/4067/4091 3769/4068/4092 2081/4063/4087 3782/4061/4085
f 3718/3939/3963 5258/4067/4091 3782/4061/4085 2054/3940/3964
f 2086/4043/4067 3783/4069/4093 5259/4070/4094 3774/4044/4068
f 3783/4069/4093 2082/4059/4083 3770/4064/4088 5259/4070/4094
f 5259/4070/4094 3770/4064/4088 2081/4063/4087 3769/4068/4092
f 3774/4044/4068 5259/4070/4094 3769/4068/4092 2080/4045/4069
f 2083/4053/4077 3771/4060/4084 5260/4071/4095 3784/4072/4096
f 3771/4060/4084 2082/4059/4083 3783/4069/4093 5260/4071/4095
f 5260/4071/4095 3783/4069/4093 2086/4043/4067 3775/4050/4074
f 3784/4072/4096 5260/4071/4095 3775/4050/4074 2085/4049/4073
f 2084/4055/4079 3772/4054/4078 5261/4073/4097 3773/4066/4090
f 2083/4053/4077 3784/4072/4096 5261/4073/4097 3772/4054/4078
f 2085/4049/4073 3773/4066/4090 5261/4073/4097 3784/4072/4096
f 2078/4037/4061 3785/4074/4098 5262/4075/4099 3767/4038/4062
f 3785/4074/4098 2087/4076/4100 3786/4077/4101 5262/4075/4099
f 5262/4075/4099 3786/4077/4101 2074/4018/4042 3761/4025/4049
f 3767/4038/4062 5262/4075/4099 3761/4025/4049 2076/4024/4048
f 2087/4076/4100 3787/4078/4102 5263/4079/4103 3786/4077/4101
f 3787/4078/4102 2088/4080/4104 3790/4081/4105 5263/4079/4103
f 5263/4079/4103 3790/4081/4105 2072/4012/4036 3757/4019/4043
f 3786/4077/4101 5263/4079/4103 3757/4019/4043 2074/4018/4042
f 2093/4082/4106 3789/4083/4107 5264/4084/4108 3795/4085/4109
f 3789/4083/4107 2032/3843/3867 3671/3841/3865 5264/4084/4108
f 5264/4084/4108 3671/3841/3865 2031/3839/3863 3791/3954/3978
f 3795/4085/4109 5264/4084/4108 3791/3954/3978 2090/3953/3977
f 2072/4012/4036 3794/4086/4110 5265/4087/4111 3755/4013/4037
f 3794/4086/4110 2093/4082/4106 3795/4085/4109 5265/4087/4111
f 5265/4087/4111 3795/4085/4109 2090/3953/3977 3723/4088/4112
f 3755/4013/4037 5265/4087/4111 3723/4088/4112 2055/3945/3969
f 2070/3997/4021 3750/4000/4024 5266/4089/4113 3751/4007/4031
f 3750/4000/4024 2068/3979/4003 3792/3978/4002 5266/4089/4113
f 5266/4089/4113 3792/3978/4002 2091/3977/4001 3796/4002/4026
f 3751/4007/4031 5266/4089/4113 3796/4002/4026 2092/4001/4025
f 2030/3837/3861 3743/3973/3997 5267/4090/4114 3720/3952/3976
f 3743/3973/3997 2066/3972/3996 3739/4005/4029 5267/4090/4114
f 5267/4090/4114 3739/4005/4029 2091/3977/4001 3797/3974/3998
f 3720/3952/3976 5267/4090/4114 3797/3974/3998 2089/3949/3973
f 2056/3947/3971 3719/3946/3970 5268/4091/4115 3788/3976/4000
f 3719/3946/3970 2055/3945/3969 3723/4088/4112 5268/4091/4115
f 5268/4091/4115 3723/4088/4112 2090/3953/3977 3798/3950/3974
f 3788/3976/4000 5268/4091/4115 3798/3950/3974 2089/3949/3973
f 2093/4082/4106 3794/4086/4110 5269/4092/4116 3799/4093/4117
f 3794/4086/4110 2072/4012/4036 3790/4081/4105 5269/4092/4116
f 5269/4092/4116 3790/4081/4105 2088/4080/4104 3800/4094/4118
f 3799/4093/4117 5269/4092/4116 3800/4094/4118 2094/4095/4119
f 2094/4095/4119 3801/4096/4120 5270/4097/4121 3799/4093/4117
f 3801/4096/4120 2034/3849/3873 3674/3847/3871 5270/4097/4121
f 5270/4097/4121 3674/3847/3871 2032/3843/3867 3789/4083/4107
f 3799/4093/4117 5270/4097/4121 3789/4083/4107 2093/4082/4106
f 2094/4095/4119 3800/4094/4118 5271/4098/4122 3802/4099/4123
f 3800/4094/4118 2088/4080/4104 3805/4100/4124 5271/4098/4122
f 5271/4098/4122 3805/4100/4124 2096/4101/4125 3803/4102/4126
f 3802/4099/4123 5271/4098/4122 3803/4102/4126 2095/4103/4127
f 2096/4101/4125 3804/4104/4128 5272/4105/4129 3803/4102/4126
f 3804/4104/4128 2097/4106/4130 3806/4107/4131 5272/4105/4129
f 5272/4105/4129 3806/4107/4131 2098/4108/4132 3808/4109/4133
f 3803/4102/4126 5272/4105/4129 3808/4109/4133 2095/4103/4127
f 2098/4108/4132 3806/4107/4131 5273/4110/4134 3807/4111/4135
f 3806/4107/4131 2097/4106/4130 3811/4112/4136 5273/4110/4134
f 5273/4110/4134 3811/4112/4136 2100/4113/4137 3809/4114/4138
f 3807/4111/4135 5273/4110/4134 3809/4114/4138 2099/4115/4139
f 2162/4116/4140 3940/4117/4141 5274/4118/4142 3933/4119/4143
f 3940/4117/4141 2163/4120/4144 3814/4121/4145 5274/4118/4142
f 5274/4118/4142 3814/4121/4145 2102/4122/4146 3813/4123/4147
f 3933/4119/4143 5274/4118/4142 3813/4123/4147 2101/4124/4148
f 2102/4122/4146 3812/4125/4149 5275/4126/4150 3813/4123/4147
f 3812/4125/4149 2103/4127/4151 3815/4128/4152 5275/4126/4150
f 5275/4126/4150 3815/4128/4152 2104/4129/4153 3817/4130/4154
f 3813/4123/4147 5275/4126/4150 3817/4130/4154 2101/4124/4148
f 2114/4131/4155 3816/4132/4156 5276/4133/4157 3835/4134/4158
f 3816/4132/4156 2105/4135/4159 3818/4136/4160 5276/4133/4157
f 5276/4133/4157 3818/4136/4160 2106/4137/4161 3823/4138/4162
f 3835/4134/4158 5276/4133/4157 3823/4138/4162 2115/4139/4163
f 2105/4135/4159 3820/4140/4164 5277/4141/4165 3818/4136/4160
f 3820/4140/4164 1570/1984/2008 2742/1983/2007 5277/4141/4165
f 5277/4141/4165 2742/1983/2007 1571/1982/2006 3822/4142/4166
f 3818/4136/4160 5277/4141/4165 3822/4142/4166 2106/4137/4161
f 2106/4137/4161 3822/4142/4166 5278/4143/4167 3824/4144/4168
f 3822/4142/4166 1571/1982/2006 2740/1990/2014 5278/4143/4167
f 5278/4143/4167 2740/1990/2014 1572/1989/2013 3825/4145/4169
f 3824/4144/4168 5278/4143/4167 3825/4145/4169 2107/4146/4170
f 1572/1989/2013 3827/4147/4171 5279/4148/4172 3825/4145/4169
f 3827/4147/4171 2109/4149/4173 3828/4150/4174 5279/4148/4172
f 5279/4148/4172 3828/4150/4174 2108/4151/4175 3821/4152/4176
f 3825/4145/4169 5279/4148/4172 3821/4152/4176 2107/4146/4170
f 2108/4151/4175 3828/4150/4174 5280/4153/4177 3826/4154/4178
f 3828/4150/4174 2109/4149/4173 3831/4155/4179 5280/4153/4177
f 5280/4153/4177 3831/4155/4179 2111/4156/4180 3829/4157/4181
f 3826/4154/4178 5280/4153/4177 3829/4157/4181 2110/4158/4182
f 2110/4158/4182 3829/4157/4181 5281/4159/4183 3830/4160/4184
f 3829/4157/4181 2111/4156/4180 3834/4161/4185 5281/4159/4183
f 5281/4159/4183 3834/4161/4185 2113/4162/4186 3832/4163/4187
f 3830/4160/4184 5281/4159/4183 3832/4163/4187 2112/4164/4188
f 2103/4127/4151 3833/4165/4189 5282/4166/4190 3815/4128/4152
f 3833/4165/4189 2114/4131/4155 3835/4134/4158 5282/4166/4190
f 5282/4166/4190 3835/4134/4158 2115/4139/4163 3819/4167/4191
f 3815/4128/4152 5282/4166/4190 3819/4167/4191 2104/4129/4153
f 2112/4164/4188 3832/4163/4187 5283/4168/4192 3836/4169/4193
f 3832/4163/4187 2113/4162/4186 3839/4170/4194 5283/4168/4192
f 5283/4168/4192 3839/4170/4194 2104/4129/4153 3819/4167/4191
f 3836/4169/4193 5283/4168/4192 3819/4167/4191 2115/4139/4163
f 2112/4164/4188 3844/4171/4195 5284/4172/4196 3830/4160/4184
f 3844/4171/4195 2120/4173/4197 3842/4174/4198 5284/4172/4196
f 5284/4172/4196 3842/4174/4198 2119/4175/4199 3845/4176/4200
f 3830/4160/4184 5284/4172/4196 3845/4176/4200 2110/4158/4182
f 2110/4158/4182 3845/4176/4200 5285/4177/4201 3826/4154/4178
f 3845/4176/4200 2119/4175/4199 3841/4178/4202 5285/4177/4201
f 5285/4177/4201 3841/4178/4202 2118/4179/4203 3846/4180/4204
f 3826/4154/4178 5285/4177/4201 3846/4180/4204 2108/4151/4175
f 2107/4146/4170 3847/4181/4205 5286/4182/4206 3824/4144/4168
f 3847/4181/4205 2117/4183/4207 3840/4184/4208 5286/4182/4206
f 5286/4182/4206 3840/4184/4208 2116/4185/4209 3848/4186/4210
f 3824/4144/4168 5286/4182/4206 3848/4186/4210 2106/4137/4161
f 2108/4151/4175 3846/4180/4204 5287/4187/4211 3821/4152/4176
f 3846/4180/4204 2118/4179/4203 3838/4188/4212 5287/4187/4211
f 5287/4187/4211 3838/4188/4212 2117/4183/4207 3847/4181/4205
f 3821/4152/4176 5287/4187/4211 3847/4181/4205 2107/4146/4170
f 2115/4139/4163 3849/4189/4213 5288/4190/4214 3836/4169/4193
f 3849/4189/4213 2121/4191/4215 3843/4192/4216 5288/4190/4214
f 5288/4190/4214 3843/4192/4216 2120/4173/4197 3844/4171/4195
f 3836/4169/4193 5288/4190/4214 3844/4171/4195 2112/4164/4188
f 2106/4137/4161 3848/4186/4210 5289/4193/4217 3823/4138/4162
f 3848/4186/4210 2116/4185/4209 3837/4194/4218 5289/4193/4217
f 5289/4193/4217 3837/4194/4218 2121/4191/4215 3849/4189/4213
f 3823/4138/4162 5289/4193/4217 3849/4189/4213 2115/4139/4163
f 2119/4175/4199 3856/4195/4219 5290/4196/4220 3841/4178/4202
f 3856/4195/4219 2125/4197/4221 3853/4198/4222 5290/4196/4220
f 5290/4196/4220 3853/4198/4222 2124/4199/4223 3857/4200/4224
f 3841/4178/4202 5290/4196/4220 3857/4200/4224 2118/4179/4203
f 2116/4185/4209 3858/4201/4225 5291/4202/4226 3837/4194/4218
f 3858/4201/4225 2122/4203/4227 3850/4204/4228 5291/4202/4226
f 5291/4202/4226 3850/4204/4228 2127/4205/4229 3859/4206/4230
f 3837/4194/4218 5291/4202/4226 3859/4206/4230 2121/4191/4215
f 2120/4173/4197 3860/4207/4231 5292/4208/4232 3842/4174/4198
f 3860/4207/4231 2126/4209/4233 3854/4210/4234 5292/4208/4232
f 5292/4208/4232 3854/4210/4234 2125/4197/4221 3856/4195/4219
f 3842/4174/4198 5292/4208/4232 3856/4195/4219 2119/4175/4199
f 2117/4183/4207 3861/4211/4235 5293/4212/4236 3840/4184/4208
f 3861/4211/4235 2123/4213/4237 3852/4214/4238 5293/4212/4236
f 5293/4212/4236 3852/4214/4238 2122/4203/4227 3858/4201/4225
f 3840/4184/4208 5293/4212/4236 3858/4201/4225 2116/4185/4209
f 2118/4179/4203 3857/4200/4224 5294/4215/4239 3838/4188/4212
f 3857/4200/4224 2124/4199/4223 3851/4216/4240 5294/4215/4239
f 5294/4215/4239 3851/4216/4240 2123/4213/4237 3861/4211/4235
f 3838/4188/4212 5294/4215/4239 3861/4211/4235 2117/4183/4207
f 2121/4191/4215 3859/4206/4230 5295/4217/4241 3843/4192/4216
f 3859/4206/4230 2127/4205/4229 3855/4218/4242 5295/4217/4241
f 5295/4217/4241 3855/4218/4242 2126/4209/4233 3860/4207/4231
f 3843/4192/4216 5295/4217/4241 3860/4207/4231 2120/4173/4197
f 2123/4213/4237 3862/4219/4243 5296/4220/4244 3852/4214/4238
f 3862/4219/4243 2126/4209/4233 3855/4218/4242 5296/4220/4244
f 5296/4220/4244 3855/4218/4242 2127/4205/4229 3850/4204/4228
f 3852/4214/4238 5296/4220/4244 3850/4204/4228 2122/4203/4227
f 2126/4209/4233 3862/4219/4243 5297/4221/4245 3854/4210/4234
f 3862/4219/4243 2123/4213/4237 3851/4216/4240 5297/4221/4245
f 5297/4221/4245 3851/4216/4240 2124/4199/4223 3853/4198/4222
f 3854/4210/4234 5297/4221/4245 3853/4198/4222 2125/4197/4221
f 1572/1989/2013 2784/2067/2091 5298/4222/4246 3827/4147/4171
f 2784/2067/2091 1594/2071/2095 3864/4223/4247 5298/4222/4246
f 5298/4222/4246 3864/4223/4247 2128/4224/4248 3865/4225/4249
f 3827/4147/4171 5298/4222/4246 3865/4225/4249 2109/4149/4173
f 1594/2071/2095 2787/2073/2097 5299/4226/4250 3864/4223/4247
f 2787/2073/2097 1596/2077/2101 3867/4227/4251 5299/4226/4250
f 5299/4226/4250 3867/4227/4251 2129/4228/4252 3868/4229/4253
f 3864/4223/4247 5299/4226/4250 3868/4229/4253 2128/4224/4248
f 2036/3856/3880 3866/4230/4254 5300/4231/4255 3681/3857/3881
f 3866/4230/4254 2130/4232/4256 3869/4233/4257 5300/4231/4255
f 5300/4231/4255 3869/4233/4257 2131/4234/4258 3871/4235/4259
f 3681/3857/3881 5300/4231/4255 3871/4235/4259 2037/3858/3882
f 2130/4232/4256 3873/4236/4260 5301/4237/4261 3869/4233/4257
f 3873/4236/4260 2133/4238/4262 3874/4239/4263 5301/4237/4261
f 5301/4237/4261 3874/4239/4263 2132/4240/4264 3863/4241/4265
f 3869/4233/4257 5301/4237/4261 3863/4241/4265 2131/4234/4258
f 2132/4240/4264 3874/4239/4263 5302/4242/4266 3876/4243/4267
f 3874/4239/4263 2133/4238/4262 3870/4244/4268 5302/4242/4266
f 5302/4242/4266 3870/4244/4268 2134/4245/4269 3877/4246/4270
f 3876/4243/4267 5302/4242/4266 3877/4246/4270 2135/4247/4271
f 2134/4245/4269 3875/4248/4272 5303/4249/4273 3877/4246/4270
f 3875/4248/4272 2098/4108/4132 3807/4111/4135 5303/4249/4273
f 5303/4249/4273 3807/4111/4135 2099/4115/4139 3872/4250/4274
f 3877/4246/4270 5303/4249/4273 3872/4250/4274 2135/4247/4271
f 2133/4238/4262 3886/4251/4275 5304/4252/4276 3870/4244/4268
f 3886/4251/4275 2142/4253/4277 3883/4254/4278 5304/4252/4276
f 5304/4252/4276 3883/4254/4278 2143/4255/4279 3887/4256/4280
f 3870/4244/4268 5304/4252/4276 3887/4256/4280 2134/4245/4269
f 2098/4108/4132 3888/4257/4281 5305/4258/4282 3808/4109/4133
f 3888/4257/4281 2140/4259/4283 3881/4260/4284 5305/4258/4282
f 5305/4258/4282 3881/4260/4284 2139/4261/4285 3889/4262/4286
f 3808/4109/4133 5305/4258/4282 3889/4262/4286 2095/4103/4127
f 2036/3856/3880 3890/4263/4287 5306/4264/4288 3866/4230/4254
f 3890/4263/4287 2137/4265/4289 3882/4266/4290 5306/4264/4288
f 5306/4264/4288 3882/4266/4290 2141/4267/4291 3891/4268/4292
f 3866/4230/4254 5306/4264/4288 3891/4268/4292 2130/4232/4256
f 2134/4245/4269 3887/4256/4280 5307/4269/4293 3875/4248/4272
f 3887/4256/4280 2143/4255/4279 3885/4270/4294 5307/4269/4293
f 5307/4269/4293 3885/4270/4294 2140/4259/4283 3888/4257/4281
f 3875/4248/4272 5307/4269/4293 3888/4257/4281 2098/4108/4132
f 2095/4103/4127 3889/4262/4286 5308/4271/4295 3802/4099/4123
f 3889/4262/4286 2139/4261/4285 3880/4272/4296 5308/4271/4295
f 5308/4271/4295 3880/4272/4296 2138/4273/4297 3892/4274/4298
f 3802/4099/4123 5308/4271/4295 3892/4274/4298 2094/4095/4119
f 2130/4232/4256 3891/4268/4292 5309/4275/4299 3873/4236/4260
f 3891/4268/4292 2141/4267/4291 3884/4276/4300 5309/4275/4299
f 5309/4275/4299 3884/4276/4300 2142/4253/4277 3886/4251/4275
f 3873/4236/4260 5309/4275/4299 3886/4251/4275 2133/4238/4262
f 2034/3849/3873 3893/4277/4301 5310/4278/4302 3665/3855/3879
f 3893/4277/4301 2136/4279/4303 3878/4280/4304 5310/4278/4302
f 5310/4278/4302 3878/4280/4304 2137/4265/4289 3890/4263/4287
f 3665/3855/3879 5310/4278/4302 3890/4263/4287 2036/3856/3880
f 2094/4095/4119 3892/4274/4298 5311/4281/4305 3801/4096/4120
f 3892/4274/4298 2138/4273/4297 3879/4282/4306 5311/4281/4305
f 5311/4281/4305 3879/4282/4306 2136/4279/4303 3893/4277/4301
f 3801/4096/4120 5311/4281/4305 3893/4277/4301 2034/3849/3873
f 2140/4259/4283 3902/4283/4307 5312/4284/4308 3881/4260/4284
f 3902/4283/4307 2148/4285/4309 3897/4286/4310 5312/4284/4308
f 5312/4284/4308 3897/4286/4310 2147/4287/4311 3903/4288/4312
f 3881/4260/4284 5312/4284/4308 3903/4288/4312 2139/4261/4285
f 2138/4273/4297 3904/4289/4313 5313/4290/4314 3879/4282/4306
f 3904/4289/4313 2146/4291/4315 3895/4292/4316 5313/4290/4314
f 5313/4290/4314 3895/4292/4316 2144/4293/4317 3905/4294/4318
f 3879/4282/4306 5313/4290/4314 3905/4294/4318 2136/4279/4303
f 2141/4267/4291 3906/4295/4319 5314/4296/4320 3884/4276/4300
f 3906/4295/4319 2149/4297/4321 3900/4298/4322 5314/4296/4320
f 5314/4296/4320 3900/4298/4322 2150/4299/4323 3907/4300/4324
f 3884/4276/4300 5314/4296/4320 3907/4300/4324 2142/4253/4277
f 2137/4265/4289 3908/4301/4325 5315/4302/4326 3882/4266/4290
f 3908/4301/4325 2145/4303/4327 3898/4304/4328 5315/4302/4326
f 5315/4302/4326 3898/4304/4328 2149/4297/4321 3906/4295/4319
f 3882/4266/4290 5315/4302/4326 3906/4295/4319 2141/4267/4291
f 2139/4261/4285 3903/4288/4312 5316/4305/4329 3880/4272/4296
f 3903/4288/4312 2147/4287/4311 3896/4306/4330 5316/4305/4329
f 5316/4305/4329 3896/4306/4330 2146/4291/4315 3904/4289/4313
f 3880/4272/4296 5316/4305/4329 3904/4289/4313 2138/4273/4297
f 2136/4279/4303 3905/4294/4318 5317/4307/4331 3878/4280/4304
f 3905/4294/4318 2144/4293/4317 3894/4308/4332 5317/4307/4331
f 5317/4307/4331 3894/4308/4332 2145/4303/4327 3908/4301/4325
f 3878/4280/4304 5317/4307/4331 3908/4301/4325 2137/4265/4289
f 2143/4255/4279 3909/4309/4333 5318/4310/4334 3885/4270/4294
f 3909/4309/4333 2151/4311/4335 3901/4312/4336 5318/4310/4334
f 5318/4310/4334 3901/4312/4336 2148/4285/4309 3902/4283/4307
f 3885/4270/4294 5318/4310/4334 3902/4283/4307 2140/4259/4283
f 2142/4253/4277 3907/4300/4324 5319/4313/4337 3883/4254/4278
f 3907/4300/4324 2150/4299/4323 3899/4314/4338 5319/4313/4337
f 5319/4313/4337 3899/4314/4338 2151/4311/4335 3909/4309/4333
f 3883/4254/4278 5319/4313/4337 3909/4309/4333 2143/4255/4279
f 2147/4287/4311 3910/4315/4339 5320/4316/4340 3896/4306/4330
f 3910/4315/4339 2152/4317/4341 3912/4318/4342 5320/4316/4340
f 5320/4316/4340 3912/4318/4342 2144/4293/4317 3895/4292/4316
f 3896/4306/4330 5320/4316/4340 3895/4292/4316 2146/4291/4315
f 2152/4317/4341 3913/4319/4343 5321/4320/4344 3912/4318/4342
f 3913/4319/4343 2149/4297/4321 3898/4304/4328 5321/4320/4344
f 5321/4320/4344 3898/4304/4328 2145/4303/4327 3894/4308/4332
f 3912/4318/4342 5321/4320/4344 3894/4308/4332 2144/4293/4317
f 2152/4317/4341 3910/4315/4339 5322/4321/4345 3911/4322/4346
f 3910/4315/4339 2147/4287/4311 3897/4286/4310 5322/4321/4345
f 5322/4321/4345 3897/4286/4310 2148/4285/4309 3914/4323/4347
f 3911/4322/4346 5322/4321/4345 3914/4323/4347 2153/4324/4348
f 2150/4299/4323 3915/4325/4349 5323/4326/4350 3899/4314/4338
f 3915/4325/4349 2153/4324/4348 3914/4323/4347 5323/4326/4350
f 5323/4326/4350 3914/4323/4347 2148/4285/4309 3901/4312/4336
f 3899/4314/4338 5323/4326/4350 3901/4312/4336 2151/4311/4335
f 2153/4324/4348 3915/4325/4349 5324/4327/4351 3911/4322/4346
f 3915/4325/4349 2150/4299/4323 3900/4298/4322 5324/4327/4351
f 5324/4327/4351 3900/4298/4322 2149/4297/4321 3913/4319/4343
f 3911/4322/4346 5324/4327/4351 3913/4319/4343 2152/4317/4341
f 2039/3862/3886 3684/3861/3885 5325/4328/4352 3916/4329/4353
f 3684/3861/3885 2008/3733/3757 3675/3846/3870 5325/4328/4352
f 5325/4328/4352 3675/3846/3870 2033/3845/3869 3917/4330/4354
f 3916/4329/4353 5325/4328/4352 3917/4330/4354 2154/4331/4355
f 2154/4331/4355 3917/4330/4354 5326/4332/4356 3918/4333/4357
f 3917/4330/4354 2033/3845/3869 3678/3852/3876 5326/4332/4356
f 5326/4332/4356 3678/3852/3876 2035/3851/3875 3919/4334/4358
f 3918/4333/4357 5326/4332/4356 3919/4334/4358 2155/4335/4359
f 2155/4335/4359 3919/4334/4358 5327/4336/4360 3920/4337/4361
f 3919/4334/4358 2035/3851/3875 3680/3854/3878 5327/4336/4360
f 5327/4336/4360 3680/3854/3878 2037/3858/3882 3921/4338/4362
f 3920/4337/4361 5327/4336/4360 3921/4338/4362 2156/4339/4363
f 2156/4339/4363 3921/4338/4362 5328/4340/4364 3922/4341/4365
f 3921/4338/4362 2037/3858/3882 3871/4235/4259 5328/4340/4364
f 5328/4340/4364 3871/4235/4259 2131/4234/4258 3925/4342/4366
f 3922/4341/4365 5328/4340/4364 3925/4342/4366 2157/4343/4367
f 2157/4343/4367 3925/4342/4366 5329/4344/4368 3924/4345/4369
f 3925/4342/4366 2131/4234/4258 3863/4241/4265 5329/4344/4368
f 5329/4344/4368 3863/4241/4265 2132/4240/4264 3923/4346/4370
f 3924/4345/4369 5329/4344/4368 3923/4346/4370 2158/4347/4371
f 2164/4348/4372 3939/4349/4373 5330/4350/4374 3926/4351/4375
f 3939/4349/4373 2166/4352/4376 3936/4353/4377 5330/4350/4374
f 5330/4350/4374 3936/4353/4377 2160/4354/4378 3928/4355/4379
f 3926/4351/4375 5330/4350/4374 3928/4355/4379 2159/4356/4380
f 2166/4352/4376 3930/4357/4381 5331/4358/4382 3938/4359/4383
f 3930/4357/4381 2132/4240/4264 3876/4243/4267 5331/4358/4382
f 5331/4358/4382 3876/4243/4267 2135/4247/4271 4138/4360/4384
f 3938/4359/4383 5331/4358/4382 4138/4360/4384 2259/4361/4385
f 2165/4362/4386 3927/4363/4387 5332/4364/4388 3937/4365/4389
f 3927/4363/4387 2135/4247/4271 3872/4250/4274 5332/4364/4388
f 5332/4364/4388 3872/4250/4274 2099/4115/4139 3810/4366/4390
f 3937/4365/4389 5332/4364/4388 3810/4366/4390 2162/4116/4140
f 2161/4367/4391 3935/4368/4392 5333/4369/4393 3931/4370/4394
f 3935/4368/4392 2165/4362/4386 3937/4365/4389 5333/4369/4393
f 5333/4369/4393 3937/4365/4389 2162/4116/4140 3933/4119/4143
f 3931/4370/4394 5333/4369/4393 3933/4119/4143 2101/4124/4148
f 2160/4354/4378 3936/4353/4377 5334/4371/4395 4135/4372/4396
f 3936/4353/4377 2166/4352/4376 3938/4359/4383 5334/4371/4395
f 5334/4371/4395 3938/4359/4383 2259/4361/4385 4137/4373/4397
f 4135/4372/4396 5334/4371/4395 4137/4373/4397 2258/4374/4398
f 2158/4347/4371 3923/4346/4370 5335/4375/4399 3934/4376/4400
f 3923/4346/4370 2132/4240/4264 3930/4357/4381 5335/4375/4399
f 5335/4375/4399 3930/4357/4381 2166/4352/4376 3939/4349/4373
f 3934/4376/4400 5335/4375/4399 3939/4349/4373 2164/4348/4372
f 2099/4115/4139 3809/4114/4138 5336/4377/4401 3810/4366/4390
f 3809/4114/4138 2100/4113/4137 3932/4378/4402 5336/4377/4401
f 5336/4377/4401 3932/4378/4402 2163/4120/4144 3940/4117/4141
f 3810/4366/4390 5336/4377/4401 3940/4117/4141 2162/4116/4140
f 2104/4129/4153 3941/4379/4403 5337/4380/4404 3817/4130/4154
f 3941/4379/4403 2167/4381/4405 3943/4382/4406 5337/4380/4404
f 5337/4380/4404 3943/4382/4406 2161/4367/4391 3931/4370/4394
f 3817/4130/4154 5337/4380/4404 3931/4370/4394 2101/4124/4148
f 2100/4113/4137 3955/4383/4407 5338/4384/4408 3932/4378/4402
f 3955/4383/4407 2173/4385/4409 3954/4386/4410 5338/4384/4408
f 5338/4384/4408 3954/4386/4410 2178/4387/4411 3956/4388/4412
f 3932/4378/4402 5338/4384/4408 3956/4388/4412 2163/4120/4144
f 2163/4120/4144 3956/4388/4412 5339/4389/4413 3814/4121/4145
f 3956/4388/4412 2178/4387/4411 3950/4390/4414 5339/4389/4413
f 5339/4389/4413 3950/4390/4414 2174/4391/4415 3957/4392/4416
f 3814/4121/4145 5339/4389/4413 3957/4392/4416 2102/4122/4146
f 2087/4076/4100 3958/4393/4417 5340/4394/4418 3787/4078/4102
f 3958/4393/4417 2169/4395/4419 3945/4396/4420 5340/4394/4418
f 5340/4394/4418 3945/4396/4420 2170/4397/4421 3959/4398/4422
f 3787/4078/4102 5340/4394/4418 3959/4398/4422 2088/4080/4104
f 2096/4101/4125 3960/4399/4423 5341/4400/4424 3804/4104/4128
f 3960/4399/4423 2171/4401/4425 3946/4402/4426 5341/4400/4424
f 5341/4400/4424 3946/4402/4426 2172/4403/4427 3961/4404/4428
f 3804/4104/4128 5341/4400/4424 3961/4404/4428 2097/4106/4130
f 2097/4106/4130 3961/4404/4428 5342/4405/4429 3811/4112/4136
f 3961/4404/4428 2172/4403/4427 3948/4406/4430 5342/4405/4429
f 5342/4405/4429 3948/4406/4430 2173/4385/4409 3955/4383/4407
f 3811/4112/4136 5342/4405/4429 3955/4383/4407 2100/4113/4137
f 2103/4127/4151 3962/4407/4431 5343/4408/4432 3833/4165/4189
f 3962/4407/4431 2175/4409/4433 3953/4410/4434 5343/4408/4432
f 5343/4408/4432 3953/4410/4434 2177/4411/4435 3963/4412/4436
f 3833/4165/4189 5343/4408/4432 3963/4412/4436 2114/4131/4155
f 2088/4080/4104 3959/4398/4422 5344/4413/4437 3805/4100/4124
f 3959/4398/4422 2170/4397/4421 3947/4414/4438 5344/4413/4437
f 5344/4413/4437 3947/4414/4438 2171/4401/4425 3960/4399/4423
f 3805/4100/4124 5344/4413/4437 3960/4399/4423 2096/4101/4125
f 2102/4122/4146 3957/4392/4416 5345/4415/4439 3812/4125/4149
f 3957/4392/4416 2174/4391/4415 3949/4416/4440 5345/4415/4439
f 5345/4415/4439 3949/4416/4440 2175/4409/4433 3962/4407/4431
f 3812/4125/4149 5345/4415/4439 3962/4407/4431 2103/4127/4151
f 2078/4037/4061 3964/4417/4441 5346/4418/4442 3785/4074/4098
f 3964/4417/4441 2168/4419/4443 3942/4420/4444 5346/4418/4442
f 5346/4418/4442 3942/4420/4444 2169/4395/4419 3958/4393/4417
f 3785/4074/4098 5346/4418/4442 3958/4393/4417 2087/4076/4100
f 2114/4131/4155 3963/4412/4436 5347/4421/4445 3816/4132/4156
f 3963/4412/4436 2177/4411/4435 3951/4422/4446 5347/4421/4445
f 5347/4421/4445 3951/4422/4446 2176/4423/4447 3965/4424/4448
f 3816/4132/4156 5347/4421/4445 3965/4424/4448 2105/4135/4159
f 1539/1876/1900 2889/2274/2298 5348/4425/4449 3765/4036/4060
f 2889/2274/2298 1636/2276/2300 3944/4426/4450 5348/4425/4449
f 5348/4425/4449 3944/4426/4450 2168/4419/4443 3964/4417/4441
f 3765/4036/4060 5348/4425/4449 3964/4417/4441 2078/4037/4061
f 2105/4135/4159 3965/4424/4448 5349/4427/4451 3820/4140/4164
f 3965/4424/4448 2176/4423/4447 3952/4428/4452 5349/4427/4451
f 5349/4427/4451 3952/4428/4452 1646/2279/2303 2890/2278/2302
f 3820/4140/4164 5349/4427/4451 2890/2278/2302 1570/1984/2008
f 2174/4391/4415 3978/4429/4453 5350/4430/4454 3949/4416/4440
f 3978/4429/4453 2185/4431/4455 3972/4432/4456 5350/4430/4454
f 5350/4430/4454 3972/4432/4456 2186/4433/4457 3979/4434/4458
f 3949/4416/4440 5350/4430/4454 3979/4434/4458 2175/4409/4433
f 2171/4401/4425 3980/4435/4459 5351/4436/4460 3946/4402/4426
f 3980/4435/4459 2182/4437/4461 3969/4438/4462 5351/4436/4460
f 5351/4436/4460 3969/4438/4462 2183/4439/4463 3981/4440/4464
f 3946/4402/4426 5351/4436/4460 3981/4440/4464 2172/4403/4427
f 2175/4409/4433 3979/4434/4458 5352/4441/4465 3953/4410/4434
f 3979/4434/4458 2186/4433/4457 3976/4442/4466 5352/4441/4465
f 5352/4441/4465 3976/4442/4466 2188/4443/4467 3982/4444/4468
f 3953/4410/4434 5352/4441/4465 3982/4444/4468 2177/4411/4435
f 2178/4387/4411 3983/4445/4469 5353/4446/4470 3950/4390/4414
f 3983/4445/4469 2189/4447/4471 3973/4448/4472 5353/4446/4470
f 5353/4446/4470 3973/4448/4472 2185/4431/4455 3978/4429/4453
f 3950/4390/4414 5353/4446/4470 3978/4429/4453 2174/4391/4415
f 2170/4397/4421 3984/4449/4473 5354/4450/4474 3947/4414/4438
f 3984/4449/4473 2181/4451/4475 3970/4452/4476 5354/4450/4474
f 5354/4450/4474 3970/4452/4476 2182/4437/4461 3980/4435/4459
f 3947/4414/4438 5354/4450/4474 3980/4435/4459 2171/4401/4425
f 2173/4385/4409 3985/4453/4477 5355/4454/4478 3954/4386/4410
f 3985/4453/4477 2184/4455/4479 3977/4456/4480 5355/4454/4478
f 5355/4454/4478 3977/4456/4480 2189/4447/4471 3983/4445/4469
f 3954/4386/4410 5355/4454/4478 3983/4445/4469 2178/4387/4411
f 1636/2276/2300 2911/2310/2334 5356/4457/4481 3944/4426/4450
f 2911/2310/2334 1649/2314/2338 3967/4458/4482 5356/4457/4481
f 5356/4457/4481 3967/4458/4482 2179/4459/4483 3986/4460/4484
f 3944/4426/4450 5356/4457/4481 3986/4460/4484 2168/4419/4443
f 2177/4411/4435 3982/4444/4468 5357/4461/4485 3951/4422/4446
f 3982/4444/4468 2188/4443/4467 3974/4462/4486 5357/4461/4485
f 5357/4461/4485 3974/4462/4486 2187/4463/4487 3987/4464/4488
f 3951/4422/4446 5357/4461/4485 3987/4464/4488 2176/4423/4447
f 2172/4403/4427 3981/4440/4464 5358/4465/4489 3948/4406/4430
f 3981/4440/4464 2183/4439/4463 3971/4466/4490 5358/4465/4489
f 5358/4465/4489 3971/4466/4490 2184/4455/4479 3985/4453/4477
f 3948/4406/4430 5358/4465/4489 3985/4453/4477 2173/4385/4409
f 2169/4395/4419 3988/4467/4491 5359/4468/4492 3945/4396/4420
f 3988/4467/4491 2180/4469/4493 3968/4470/4494 5359/4468/4492
f 5359/4468/4492 3968/4470/4494 2181/4451/4475 3984/4449/4473
f 3945/4396/4420 5359/4468/4492 3984/4449/4473 2170/4397/4421
f 2176/4423/4447 3987/4464/4488 5360/4471/4495 3952/4428/4452
f 3987/4464/4488 2187/4463/4487 3975/4472/4496 5360/4471/4495
f 5360/4471/4495 3975/4472/4496 1659/2327/2351 2915/2326/2350
f 3952/4428/4452 5360/4471/4495 2915/2326/2350 1646/2279/2303
f 2168/4419/4443 3986/4460/4484 5361/4473/4497 3942/4420/4444
f 3986/4460/4484 2179/4459/4483 3966/4474/4498 5361/4473/4497
f 5361/4473/4497 3966/4474/4498 2180/4469/4493 3988/4467/4491
f 3942/4420/4444 5361/4473/4497 3988/4467/4491 2169/4395/4419
f 2183/4439/4463 4001/4475/4499 5362/4476/4500 3971/4466/4490
f 4001/4475/4499 2194/4477/4501 3994/4478/4502 5362/4476/4500
f 5362/4476/4500 3994/4478/4502 2195/4479/4503 4002/4480/4504
f 3971/4466/4490 5362/4476/4500 4002/4480/4504 2184/4455/4479
f 2180/4469/4493 4003/4481/4505 5363/4482/4506 3968/4470/4494
f 4003/4481/4505 2191/4483/4507 3991/4484/4508 5363/4482/4506
f 5363/4482/4506 3991/4484/4508 2192/4485/4509 4004/4486/4510
f 3968/4470/4494 5363/4482/4506 4004/4486/4510 2181/4451/4475
f 2187/4463/4487 4005/4487/4511 5364/4488/4512 3975/4472/4496
f 4005/4487/4511 2198/4489/4513 3998/4490/4514 5364/4488/4512
f 5364/4488/4512 3998/4490/4514 1672/2346/2370 2933/2345/2369
f 3975/4472/4496 5364/4488/4512 2933/2345/2369 1659/2327/2351
f 2185/4431/4455 4006/4491/4515 5365/4492/4516 3972/4432/4456
f 4006/4491/4515 2196/4493/4517 3995/4494/4518 5365/4492/4516
f 5365/4492/4516 3995/4494/4518 2197/4495/4519 4007/4496/4520
f 3972/4432/4456 5365/4492/4516 4007/4496/4520 2186/4433/4457
f 2182/4437/4461 4008/4497/4521 5366/4498/4522 3969/4438/4462
f 4008/4497/4521 2193/4499/4523 3992/4500/4524 5366/4498/4522
f 5366/4498/4522 3992/4500/4524 2194/4477/4501 4001/4475/4499
f 3969/4438/4462 5366/4498/4522 4001/4475/4499 2183/4439/4463
f 2186/4433/4457 4007/4496/4520 5367/4501/4525 3976/4442/4466
f 4007/4496/4520 2197/4495/4519 3999/4502/4526 5367/4501/4525
f 5367/4501/4525 3999/4502/4526 2199/4503/4527 4009/4504/4528
f 3976/4442/4466 5367/4501/4525 4009/4504/4528 2188/4443/4467
f 2179/4459/4483 4010/4505/4529 5368/4506/4530 3966/4474/4498
f 4010/4505/4529 2190/4507/4531 3989/4508/4532 5368/4506/4530
f 5368/4506/4530 3989/4508/4532 2191/4483/4507 4003/4481/4505
f 3966/4474/4498 5368/4506/4530 4003/4481/4505 2180/4469/4493
f 2189/4447/4471 4011/4509/4533 5369/4510/4534 3973/4448/4472
f 4011/4509/4533 2200/4511/4535 3996/4512/4536 5369/4510/4534
f 5369/4510/4534 3996/4512/4536 2196/4493/4517 4006/4491/4515
f 3973/4448/4472 5369/4510/4534 4006/4491/4515 2185/4431/4455
f 2181/4451/4475 4004/4486/4510 5370/4513/4537 3970/4452/4476
f 4004/4486/4510 2192/4485/4509 3993/4514/4538 5370/4513/4537
f 5370/4513/4537 3993/4514/4538 2193/4499/4523 4008/4497/4521
f 3970/4452/4476 5370/4513/4537 4008/4497/4521 2182/4437/4461
f 2184/4455/4479 4002/4480/4504 5371/4515/4539 3977/4456/4480
f 4002/4480/4504 2195/4479/4503 4000/4516/4540 5371/4515/4539
f 5371/4515/4539 4000/4516/4540 2200/4511/4535 4011/4509/4533
f 3977/4456/4480 5371/4515/4539 4011/4509/4533 2189/4447/4471
f 1649/2314/2338 2940/2376/2400 5372/4517/4541 3967/4458/4482
f 2940/2376/2400 1662/2378/2402 3990/4518/4542 5372/4517/4541
f 5372/4517/4541 3990/4518/4542 2190/4507/4531 4010/4505/4529
f 3967/4458/4482 5372/4517/4541 4010/4505/4529 2179/4459/4483
f 2188/4443/4467 4009/4504/4528 5373/4519/4543 3974/4462/4486
f 4009/4504/4528 2199/4503/4527 3997/4520/4544 5373/4519/4543
f 5373/4519/4543 3997/4520/4544 2198/4489/4513 4005/4487/4511
f 3974/4462/4486 5373/4519/4543 4005/4487/4511 2187/4463/4487
f 2194/4477/4501 4014/4521/4545 5374/4522/4546 3994/4478/4502
f 1675/2384/2408 4013/4523/4547 5374/4522/4546 4014/4521/4545
f 2195/4479/4503 3994/4478/4502 5374/4522/4546 4013/4523/4547
f 2191/4483/4507 4012/4524/4548 5375/4525/4549 3991/4484/4508
f 1675/2384/2408 4015/4526/4550 5375/4525/4549 4012/4524/4548
f 2192/4485/4509 3991/4484/4508 5375/4525/4549 4015/4526/4550
f 2198/4489/4513 4022/4527/4551 5376/4528/4552 3998/4490/4514
f 1675/2384/2408 2946/2390/2414 5376/4528/4552 4022/4527/4551
f 1672/2346/2370 3998/4490/4514 5376/4528/4552 2946/2390/2414
f 2196/4493/4517 4016/4529/4553 5377/4530/4554 3995/4494/4518
f 1675/2384/2408 4017/4531/4555 5377/4530/4554 4016/4529/4553
f 2197/4495/4519 3995/4494/4518 5377/4530/4554 4017/4531/4555
f 2193/4499/4523 4018/4532/4556 5378/4533/4557 3992/4500/4524
f 1675/2384/2408 4014/4521/4545 5378/4533/4557 4018/4532/4556
f 2194/4477/4501 3992/4500/4524 5378/4533/4557 4014/4521/4545
f 2197/4495/4519 4017/4531/4555 5379/4534/4558 3999/4502/4526
f 1675/2384/2408 4019/4535/4559 5379/4534/4558 4017/4531/4555
f 2199/4503/4527 3999/4502/4526 5379/4534/4558 4019/4535/4559
f 2190/4507/4531 4020/4536/4560 5380/4537/4561 3989/4508/4532
f 1675/2384/2408 4012/4524/4548 5380/4537/4561 4020/4536/4560
f 2191/4483/4507 3989/4508/4532 5380/4537/4561 4012/4524/4548
f 2200/4511/4535 4021/4538/4562 5381/4539/4563 3996/4512/4536
f 1675/2384/2408 4016/4529/4553 5381/4539/4563 4021/4538/4562
f 2196/4493/4517 3996/4512/4536 5381/4539/4563 4016/4529/4553
f 2192/4485/4509 4015/4526/4550 5382/4540/4564 3993/4514/4538
f 1675/2384/2408 4018/4532/4556 5382/4540/4564 4015/4526/4550
f 2193/4499/4523 3993/4514/4538 5382/4540/4564 4018/4532/4556
f 2195/4479/4503 4013/4523/4547 5383/4541/4565 4000/4516/4540
f 1675/2384/2408 4021/4538/4562 5383/4541/4565 4013/4523/4547
f 2200/4511/4535 4000/4516/4540 5383/4541/4565 4021/4538/4562
f 1662/2378/2402 2944/2405/2429 5384/4542/4566 3990/4518/4542
f 1675/2384/2408 4020/4536/4560 5384/4542/4566 2944/2405/2429
f 2190/4507/4531 3990/4518/4542 5384/4542/4566 4020/4536/4560
f 2199/4503/4527 4019/4535/4559 5385/4543/4567 3997/4520/4544
f 1675/2384/2408 4022/4527/4551 5385/4543/4567 4019/4535/4559
f 2198/4489/4513 3997/4520/4544 5385/4543/4567 4022/4527/4551
f 2167/4381/4405 4197/4544/4568 5386/4545/4569 4023/4546/4570
f 2288/4547/4571 4196/4548/4572 5386/4545/4569 4197/4544/4568
f 2201/4549/4573 4023/4546/4570 5386/4545/4569 4196/4548/4572
f 1443/1487/1511 3601/3677/3701 5387/4550/4574 2956/2413/2437
f 3601/3677/3701 1994/3676/3700 4028/4551/4575 5387/4550/4574
f 5387/4550/4574 4028/4551/4575 2202/4552/4576 4026/4553/4577
f 2956/2413/2437 5387/4550/4574 4026/4553/4577 1677/2415/2439
f 2202/4552/4576 4028/4551/4575 5388/4554/4578 4027/4555/4579
f 4028/4551/4575 1994/3676/3700 3600/3679/4580 5388/4554/4578
f 5388/4554/4578 3600/3679/4580 1995/3683/4581 4030/4556/4582
f 4027/4555/4579 5388/4554/4578 4030/4556/4582 2203/4557/4583
f 1995/3683/4581 3632/3915/4584 5389/4558/4585 4030/4556/4582
f 3632/3915/4584 2048/3745/3769 4032/4559/4586 5389/4558/4585
f 5389/4558/4585 4032/4559/4586 2204/4560/4587 4025/4561/4588
f 4030/4556/4582 5389/4558/4585 4025/4561/4588 2203/4557/4583
f 2011/3743/3767 4031/4562/4589 5390/4563/4590 3701/3744/3768
f 4031/4562/4589 2205/4564/4591 4029/4565/4592 5390/4563/4590
f 5390/4563/4590 4029/4565/4592 2204/4560/4587 4032/4559/4586
f 3701/3744/3768 5390/4563/4590 4032/4559/4586 2048/3745/3769
f 2011/3743/3767 3631/3747/3771 5391/4566/4593 4031/4562/4589
f 3631/3747/3771 2012/3751/3775 4035/4567/4594 5391/4566/4593
f 5391/4566/4593 4035/4567/4594 2206/4568/4595 4036/4569/4596
f 4031/4562/4589 5391/4566/4593 4036/4569/4596 2205/4564/4591
f 2206/4568/4595 4035/4567/4594 5392/4570/4597 4034/4571/4598
f 4035/4567/4594 2012/3751/3775 3637/3932/3956 5392/4570/4597
f 5392/4570/4597 3637/3932/3956 2051/3752/3776 4033/4572/4599
f 4034/4571/4598 5392/4570/4597 4033/4572/4599 2207/4573/4600
f 2207/4573/4600 4033/4572/4599 5393/4574/4601 4037/4575/4602
f 4033/4572/4599 2051/3752/3776 3709/3755/3779 5393/4574/4601
f 5393/4574/4601 3709/3755/3779 2015/3760/3784 4040/4576/4603
f 4037/4575/4602 5393/4574/4601 4040/4576/4603 2208/4577/4604
f 2015/3760/3784 3685/3874/3898 5394/4578/4605 4040/4576/4603
f 3685/3874/3898 2041/3871/3895 4042/4579/4606 5394/4578/4605
f 5394/4578/4605 4042/4579/4606 2209/4580/4607 4038/4581/4608
f 4040/4576/4603 5394/4578/4605 4038/4581/4608 2208/4577/4604
f 2214/3869/3893 4047/4582/4609 5395/4583/4610 4057/4584/4611
f 4047/4582/4609 2039/3862/3886 3916/4329/4353 5395/4583/4610
f 5395/4583/4610 3916/4329/4353 2154/4331/4355 4039/4585/4612
f 4057/4584/4611 5395/4583/4610 4039/4585/4612 2221/4586/4613
f 2221/4586/4613 4039/4585/4612 5396/4587/4614 4056/4588/4615
f 4039/4585/4612 2154/4331/4355 3918/4333/4357 5396/4587/4614
f 5396/4587/4614 3918/4333/4357 2155/4335/4359 4044/4589/4616
f 4056/4588/4615 5396/4587/4614 4044/4589/4616 2222/4590/4617
f 2210/4591/4618 4054/4592/4619 5397/4593/4620 4043/4594/4621
f 4054/4592/4619 2221/4586/4613 4056/4588/4615 5397/4593/4620
f 5397/4593/4620 4056/4588/4615 2222/4590/4617 4055/4595/4622
f 4043/4594/4621 5397/4593/4620 4055/4595/4622 2211/4596/4623
f 2041/3871/3895 3687/3870/3894 5398/4597/4624 4041/4598/4625
f 3687/3870/3894 2214/3869/3893 4057/4584/4611 5398/4597/4624
f 5398/4597/4624 4057/4584/4611 2221/4586/4613 4054/4592/4619
f 4041/4598/4625 5398/4597/4624 4054/4592/4619 2210/4591/4618
f 2014/3758/3782 3621/3757/3781 5399/4599/4626 4048/3884/3908
f 3621/3757/3781 2050/3756/3780 3711/4600/4627 5399/4599/4626
f 5399/4599/4626 3711/4600/4627 2220/3885/3909 4058/3927/3951
f 4048/3884/3908 5399/4599/4626 4058/3927/3951 2215/3881/3905
f 2044/3922/3946 3695/4601/4628 5400/4602/4629 3702/3923/3947
f 3695/4601/4628 2217/3898/3922 4059/3913/3937 5400/4602/4629
f 5400/4602/4629 4059/3913/3937 2219/3906/3930 4052/4603/4630
f 3702/3923/3947 5400/4602/4629 4052/4603/4630 2049/3918/3942
f 2049/3918/3942 4052/4603/4630 5401/4604/4631 3699/3919/3943
f 4052/4603/4630 2219/3906/3930 4060/3909/3933 5401/4604/4631
f 5401/4604/4631 4060/3909/3933 2212/3899/3923 4045/3902/3926
f 3699/3919/3943 5401/4604/4631 4045/3902/3926 2045/3690/3714
f 1996/3681/3705 3605/3680/3704 5402/4605/4632 3604/3911/3935
f 3605/3680/3704 1993/3672/3696 4051/3671/3695 5402/4605/4632
f 5402/4605/4632 4051/3671/3695 2218/3670/3694 4061/3900/3924
f 3604/3911/3935 5402/4605/4632 4061/3900/3924 2212/3899/3923
f 2043/3891/3915 4049/3890/3914 5403/4606/4633 3693/3926/3950
f 4049/3890/3914 2216/3889/3913 4062/3896/3920 5403/4606/4633
f 5403/4606/4633 4062/3896/3920 2217/3898/3922 3695/4601/4628
f 3693/3926/3950 5403/4606/4633 3695/4601/4628 2044/3922/3946
f 2050/3756/3780 3708/3933/3957 5404/4607/4634 3711/4600/4627
f 3708/3933/3957 2013/3749/3773 3694/3894/3918 5404/4607/4634
f 5404/4607/4634 3694/3894/3918 2216/3889/3913 4063/3886/3910
f 3711/4600/4627 5404/4607/4634 4063/3886/3910 2220/3885/3909
f 2042/3880/3904 3676/3879/3903 5405/4608/4635 3690/3929/3953
f 3676/3879/3903 2038/3864/3888 3683/4609/4636 5405/4608/4635
f 5405/4608/4635 3683/4609/4636 2213/3865/3889 4064/3882/3906
f 3690/3929/3953 5405/4608/4635 4064/3882/3906 2215/3881/3905
f 2038/3864/3888 3682/3863/3887 5406/4610/4637 3683/4609/4636
f 3682/3863/3887 2039/3862/3886 4047/4582/4609 5406/4610/4637
f 5406/4610/4637 4047/4582/4609 2214/3869/3893 4065/3866/3890
f 3683/4609/4636 5406/4610/4637 4065/3866/3890 2213/3865/3889
f 1503/1736/1760 3698/3905/3929 5407/4611/4638 2977/2476/2500
f 3698/3905/3929 2046/3694/3718 3696/3903/3927 5407/4611/4638
f 5407/4611/4638 3696/3903/3927 2218/3670/3694 4066/3668/3692
f 2977/2476/2500 5407/4611/4638 4066/3668/3692 1688/1476/1500
f 2243/4612/4639 4122/4613/4640 5408/4614/4641 4067/4615/4642
f 4122/4613/4640 2244/4616/4643 4107/4617/4644 5408/4614/4641
f 5408/4614/4641 4107/4617/4644 2224/4618/4645 4069/4619/4646
f 4067/4615/4642 5408/4614/4641 4069/4619/4646 2223/4620/4647
f 2223/4620/4647 4069/4619/4646 5409/4621/4648 4073/4622/4649
f 4069/4619/4646 2224/4618/4645 4068/4623/4650 5409/4621/4648
f 5409/4621/4648 4068/4623/4650 2225/4624/4651 4074/4625/4652
f 4073/4622/4649 5409/4621/4648 4074/4625/4652 2226/4626/4653
f 2225/4624/4651 4072/4627/4654 5410/4628/4655 4074/4625/4652
f 4072/4627/4654 2227/4629/4656 4075/4630/4657 5410/4628/4655
f 5410/4628/4655 4075/4630/4657 2228/4631/4658 4077/4632/4659
f 4074/4625/4652 5410/4628/4655 4077/4632/4659 2226/4626/4653
f 2227/4629/4656 4079/4633/4660 5411/4634/4661 4075/4630/4657
f 4079/4633/4660 2230/4635/4662 4080/4636/4663 5411/4634/4661
f 5411/4634/4661 4080/4636/4663 2229/4637/4664 4070/4638/4665
f 4075/4630/4657 5411/4634/4661 4070/4638/4665 2228/4631/4658
f 2229/4637/4664 4080/4636/4663 5412/4639/4666 4081/4640/4667
f 4080/4636/4663 2230/4635/4662 4076/4641/4668 5412/4639/4666
f 5412/4639/4666 4076/4641/4668 1708/2509/2533 3016/2508/2532
f 4081/4640/4667 5412/4639/4666 3016/2508/2532 1709/2507/2531
f 1709/2507/2531 3014/2512/2536 5413/4642/4669 4081/4640/4667
f 3014/2512/2536 1710/2516/2540 4082/4643/4670 5413/4642/4669
f 5413/4642/4669 4082/4643/4670 2231/4644/4671 4084/4645/4672
f 4081/4640/4667 5413/4642/4669 4084/4645/4672 2229/4637/4664
f 2231/4644/4671 4083/4646/4673 5414/4647/4674 4084/4645/4672
f 4083/4646/4673 2232/4648/4675 4086/4649/4676 5414/4647/4674
f 5414/4647/4674 4086/4649/4676 2228/4631/4658 4070/4638/4665
f 4084/4645/4672 5414/4647/4674 4070/4638/4665 2229/4637/4664
f 2228/4631/4658 4086/4649/4676 5415/4650/4677 4077/4632/4659
f 4086/4649/4676 2232/4648/4675 4078/4651/4678 5415/4650/4677
f 5415/4650/4677 4078/4651/4678 2233/4652/4679 4088/4653/4680
f 4077/4632/4659 5415/4650/4677 4088/4653/4680 2226/4626/4653
f 2233/4652/4679 4087/4654/4681 5416/4655/4682 4088/4653/4680
f 4087/4654/4681 2234/4656/4683 4089/4657/4684 5416/4655/4682
f 5416/4655/4682 4089/4657/4684 2223/4620/4647 4073/4622/4649
f 4088/4653/4680 5416/4655/4682 4073/4622/4649 2226/4626/4653
f 2460/4658/4685 4614/4659/4686 5417/4660/4687 4578/4661/4688
f 4614/4659/4686 2457/4662/4689 4085/4663/4690 5417/4660/4687
f 5417/4660/4687 4085/4663/4690 2235/4664/4691 4091/4665/4692
f 4578/4661/4688 5417/4660/4687 4091/4665/4692 2211/4596/4623
f 2235/4664/4691 4090/4666/4693 5418/4667/4694 4091/4665/4692
f 4090/4666/4693 2236/4668/4695 4093/4669/4696 5418/4667/4694
f 5418/4667/4694 4093/4669/4696 2210/4591/4618 4043/4594/4621
f 4091/4665/4692 5418/4667/4694 4043/4594/4621 2211/4596/4623
f 2210/4591/4618 4093/4669/4696 5419/4670/4697 4041/4598/4625
f 4093/4669/4696 2236/4668/4695 4092/4671/4698 5419/4670/4697
f 5419/4670/4697 4092/4671/4698 2209/4580/4607 4042/4579/4606
f 4041/4598/4625 5419/4670/4697 4042/4579/4606 2041/3871/3895
f 2246/4672/4699 4094/4673/4700 5420/4674/4701 4120/4675/4702
f 4094/4673/4700 2237/4676/4703 4095/4677/4704 5420/4674/4701
f 5420/4674/4701 4095/4677/4704 2224/4618/4645 4107/4617/4644
f 4120/4675/4702 5420/4674/4701 4107/4617/4644 2244/4616/4643
f 2246/4672/4699 4119/4678/4705 5421/4679/4706 4330/4680/4707
f 4119/4678/4705 2248/4681/4708 4111/4682/4709 5421/4679/4706
f 5421/4679/4706 4111/4682/4709 2238/4683/4710 4097/4684/4711
f 4330/4680/4707 5421/4679/4706 4097/4684/4711 2349/4685/4712
f 2247/4686/4713 4280/4687/4714 5422/4688/4715 4118/4689/4716
f 4280/4687/4714 2331/4690/4717 4284/4691/4718 5422/4688/4715
f 5422/4688/4715 4284/4691/4718 2238/4683/4710 4111/4682/4709
f 4118/4689/4716 5422/4688/4715 4111/4682/4709 2248/4681/4708
f 2247/4686/4713 4117/4692/4719 5423/4693/4720 4280/4687/4714
f 4117/4692/4719 2250/4694/4721 4113/4695/4722 5423/4693/4720
f 5423/4693/4720 4113/4695/4722 2252/4696/4723 4315/4697/4724
f 4280/4687/4714 5423/4693/4720 4315/4697/4724 2331/4690/4717
f 2249/4698/4725 4124/4699/4726 5424/4700/4727 4116/4701/4728
f 4124/4699/4726 2253/4702/4729 4127/4703/4730 5424/4700/4727
f 5424/4700/4727 4127/4703/4730 2252/4696/4723 4113/4695/4722
f 4116/4701/4728 5424/4700/4727 4113/4695/4722 2250/4694/4721
f 2251/4704/4731 4125/4705/4732 5425/4706/4733 4115/4707/4734
f 4125/4705/4732 2254/4708/4735 4128/4709/4736 5425/4706/4733
f 5425/4706/4733 4128/4709/4736 2253/4702/4729 4124/4699/4726
f 4115/4707/4734 5425/4706/4733 4124/4699/4726 2249/4698/4725
f 2464/4710/4737 4114/4711/4738 5426/4712/4739 4613/4713/4740
f 4114/4711/4738 2251/4704/4731 4115/4707/4734 5426/4712/4739
f 5426/4712/4739 4115/4707/4734 2249/4698/4725 4112/4714/4741
f 4613/4713/4740 5426/4712/4739 4112/4714/4741 2463/4715/4742
f 2463/4715/4742 4112/4714/4741 5427/4716/4743 4612/4717/4744
f 4112/4714/4741 2249/4698/4725 4116/4701/4728 5427/4716/4743
f 5427/4716/4743 4116/4701/4728 2250/4694/4721 4577/4718/4745
f 4612/4717/4744 5427/4716/4743 4577/4718/4745 2459/4719/4746
f 2462/4720/4747 4611/4721/4748 5428/4722/4749 4110/4723/4750
f 4611/4721/4748 2459/4719/4746 4577/4718/4745 5428/4722/4749
f 5428/4722/4749 4577/4718/4745 2250/4694/4721 4117/4692/4719
f 4110/4723/4750 5428/4722/4749 4117/4692/4719 2247/4686/4713
f 2462/4720/4747 4110/4723/4750 5429/4724/4751 4610/4725/4752
f 4110/4723/4750 2247/4686/4713 4118/4689/4716 5429/4724/4751
f 5429/4724/4751 4118/4689/4716 2248/4681/4708 4576/4726/4753
f 4610/4725/4752 5429/4724/4751 4576/4726/4753 2458/4727/4754
f 2461/4728/4755 4609/4729/4756 5430/4730/4757 4109/4731/4758
f 4609/4729/4756 2458/4727/4754 4576/4726/4753 5430/4730/4757
f 5430/4730/4757 4576/4726/4753 2248/4681/4708 4119/4678/4705
f 4109/4731/4758 5430/4730/4757 4119/4678/4705 2246/4672/4699
f 2461/4728/4755 4109/4731/4758 5431/4732/4759 4608/4733/4760
f 4109/4731/4758 2246/4672/4699 4120/4675/4702 5431/4732/4759
f 5431/4732/4759 4120/4675/4702 2244/4616/4643 4574/4734/4761
f 4608/4733/4760 5431/4732/4759 4574/4734/4761 2456/4735/4762
f 2223/4620/4647 4089/4657/4684 5432/4736/4763 4067/4615/4642
f 4089/4657/4684 2234/4656/4683 4108/4737/4764 5432/4736/4763
f 5432/4736/4763 4108/4737/4764 2245/4738/4765 4121/4739/4766
f 4067/4615/4642 5432/4736/4763 4121/4739/4766 2243/4612/4639
f 2460/4658/4685 4607/4740/4767 5433/4741/4768 4106/4742/4769
f 4607/4740/4767 2456/4735/4762 4574/4734/4761 5433/4741/4768
f 5433/4741/4768 4574/4734/4761 2244/4616/4643 4122/4613/4640
f 4106/4742/4769 5433/4741/4768 4122/4613/4640 2243/4612/4639
f 2252/4696/4723 4123/4743/4770 5434/4744/4771 4315/4697/4724
f 2240/4745/4772 4313/4746/4773 5434/4744/4771 4123/4743/4770
f 2331/4690/4717 4315/4697/4724 5434/4744/4771 4313/4746/4773
f 2253/4702/4729 4102/4747/4774 5435/4748/4775 4127/4703/4730
f 4102/4747/4774 2241/4749/4776 4100/4750/4777 5435/4748/4775
f 5435/4748/4775 4100/4750/4777 2240/4745/4772 4123/4743/4770
f 4127/4703/4730 5435/4748/4775 4123/4743/4770 2252/4696/4723
f 2254/4708/4735 4104/4751/4778 5436/4752/4779 4128/4709/4736
f 4104/4751/4778 2242/4753/4780 4105/4754/4781 5436/4752/4779
f 5436/4752/4779 4105/4754/4781 2241/4749/4776 4102/4747/4774
f 4128/4709/4736 5436/4752/4779 4102/4747/4774 2253/4702/4729
f 2160/4354/4378 4131/4755/4782 5437/4756/4783 3928/4355/4379
f 2256/4757/4784 4132/4758/4785 5437/4756/4783 4131/4755/4782
f 2159/4356/4380 3928/4355/4379 5437/4756/4783 4132/4758/4785
f 2465/4759/4786 4129/4760/4787 5438/4761/4788 4606/4762/4789
f 4129/4760/4787 2255/4763/4790 4130/4764/4791 5438/4761/4788
f 5438/4761/4788 4130/4764/4791 2251/4704/4731 4114/4711/4738
f 4606/4762/4789 5438/4761/4788 4114/4711/4738 2464/4710/4737
f 2466/4765/4792 4605/4766/4793 5439/4767/4794 4134/4768/4795
f 4605/4766/4793 2476/4769/4796 4173/4770/4797 5439/4767/4794
f 5439/4767/4794 4173/4770/4797 2277/4771/4798 4174/4772/4799
f 4134/4768/4795 5439/4767/4794 4174/4772/4799 2160/4354/4378
f 2467/4773/4800 4139/4774/4801 5440/4775/4802 4604/4776/4803
f 4139/4774/4801 2260/4777/4804 4140/4778/4805 5440/4775/4802
f 5440/4775/4802 4140/4778/4805 2257/4779/4806 4584/4780/4807
f 4604/4776/4803 5440/4775/4802 4584/4780/4807 2466/4765/4792
f 2259/4361/4385 4136/4781/4808 5441/4782/4809 4137/4373/4397
f 4136/4781/4808 2165/4362/4386 4142/4783/4810 5441/4782/4809
f 5441/4782/4809 4142/4783/4810 2261/4784/4811 4141/4785/4812
f 4137/4373/4397 5441/4782/4809 4141/4785/4812 2258/4374/4398
f 2135/4247/4271 3927/4363/4387 5442/4786/4813 4138/4360/4384
f 2165/4362/4386 4136/4781/4808 5442/4786/4813 3927/4363/4387
f 2259/4361/4385 4138/4360/4384 5442/4786/4813 4136/4781/4808
f 2468/4787/4814 4603/4788/4815 5443/4789/4816 4586/4790/4817
f 4603/4788/4815 2474/4791/4818 4592/4792/4819 5443/4789/4816
f 5443/4789/4816 4592/4792/4819 2273/4793/4820 4166/4794/4821
f 4586/4790/4817 5443/4789/4816 4166/4794/4821 2261/4784/4811
f 2165/4362/4386 3935/4368/4392 5444/4795/4822 4146/4796/4823
f 2161/4367/4391 3929/4797/4824 5444/4795/4822 3935/4368/4392
f 2263/4798/4825 4146/4796/4823 5444/4795/4822 3929/4797/4824
f 2469/4799/4826 4147/4800/4827 5445/4801/4828 4602/4802/4829
f 4147/4800/4827 2264/4803/4830 4148/4804/4831 5445/4801/4828
f 5445/4801/4828 4148/4804/4831 2262/4805/4832 4143/4806/4833
f 4602/4802/4829 5445/4801/4828 4143/4806/4833 2468/4787/4814
f 2263/4798/4825 4145/4807/4834 5446/4808/4835 4146/4796/4823
f 2261/4784/4811 4142/4783/4810 5446/4808/4835 4145/4807/4834
f 2165/4362/4386 4146/4796/4823 5446/4808/4835 4142/4783/4810
f 2470/4809/4836 4601/4810/4837 5447/4811/4838 4588/4812/4839
f 4601/4810/4837 2472/4813/4840 4590/4814/4841 5447/4811/4838
f 5447/4811/4838 4590/4814/4841 2268/4815/4842 4158/4816/4843
f 4588/4812/4839 5447/4811/4838 4158/4816/4843 2161/4367/4391
f 2265/4817/4844 4152/4818/4845 5448/4819/4846 4151/4820/4847
f 4152/4818/4845 2167/4381/4405 4023/4546/4570 5448/4819/4846
f 5448/4819/4846 4023/4546/4570 2201/4549/4573 4153/4821/4848
f 4151/4820/4847 5448/4819/4846 4153/4821/4848 2266/4822/4849
f 2167/4381/4405 4152/4818/4845 5449/4823/4850 3943/4382/4406
f 4152/4818/4845 2265/4817/4844 4149/4824/4851 5449/4823/4850
f 5449/4823/4850 4149/4824/4851 2470/4809/4836 4588/4812/4839
f 3943/4382/4406 5449/4823/4850 4588/4812/4839 2161/4367/4391
f 2472/4813/4840 4156/4825/4852 5450/4826/4853 4600/4827/4854
f 4156/4825/4852 2270/4828/4855 4157/4829/4856 5450/4826/4853
f 5450/4826/4853 4157/4829/4856 2269/4830/4857 4155/4831/4858
f 4600/4827/4854 5450/4826/4853 4155/4831/4858 2471/4832/4859
f 2469/4799/4826 4599/4833/4860 5451/4834/4861 4147/4800/4827
f 4599/4833/4860 2471/4832/4859 4155/4831/4858 5451/4834/4861
f 5451/4834/4861 4155/4831/4858 2269/4830/4857 4160/4835/4862
f 4147/4800/4827 5451/4834/4861 4160/4835/4862 2264/4803/4830
f 2264/4803/4830 4160/4835/4862 5452/4836/4863 4150/4837/4864
f 4160/4835/4862 2269/4830/4857 4157/4829/4856 5452/4836/4863
f 5452/4836/4863 4157/4829/4856 2270/4828/4855 4159/4838/4865
f 4150/4837/4864 5452/4836/4863 4159/4838/4865 2265/4817/4844
f 2161/4367/4391 4158/4816/4843 5453/4839/4866 3929/4797/4824
f 4158/4816/4843 2268/4815/4842 4154/4840/4867 5453/4839/4866
f 5453/4839/4866 4154/4840/4867 2267/4841/4868 4161/4842/4869
f 3929/4797/4824 5453/4839/4866 4161/4842/4869 2263/4798/4825
f 2474/4791/4818 4164/4843/4870 5454/4844/4871 4598/4845/4872
f 4164/4843/4870 2274/4846/4873 4165/4847/4874 5454/4844/4871
f 5454/4844/4871 4165/4847/4874 2272/4848/4875 4162/4849/4876
f 4598/4845/4872 5454/4844/4871 4162/4849/4876 2473/4850/4877
f 2261/4784/4811 4166/4794/4821 5455/4851/4878 4141/4785/4812
f 4166/4794/4821 2273/4793/4820 4163/4852/4879 5455/4851/4878
f 5455/4851/4878 4163/4852/4879 2271/4853/4880 4168/4854/4881
f 4141/4785/4812 5455/4851/4878 4168/4854/4881 2258/4374/4398
f 2467/4773/4800 4597/4855/4882 5456/4856/4883 4139/4774/4801
f 4597/4855/4882 2473/4850/4877 4162/4849/4876 5456/4856/4883
f 5456/4856/4883 4162/4849/4876 2272/4848/4875 4169/4857/4884
f 4139/4774/4801 5456/4856/4883 4169/4857/4884 2260/4777/4804
f 2260/4777/4804 4169/4857/4884 5457/4858/4885 4144/4859/4886
f 4169/4857/4884 2272/4848/4875 4165/4847/4874 5457/4858/4885
f 5457/4858/4885 4165/4847/4874 2274/4846/4873 4167/4860/4887
f 4144/4859/4886 5457/4858/4885 4167/4860/4887 2262/4805/4832
f 2475/4861/4888 4593/4862/4889 5458/4863/4890 4596/4864/4891
f 4593/4862/4889 2275/4865/4892 4171/4866/4893 5458/4863/4890
f 5458/4863/4890 4171/4866/4893 2277/4771/4798 4173/4770/4797
f 4596/4864/4891 5458/4863/4890 4173/4770/4797 2476/4769/4796
f 2255/4763/4790 4176/4867/4894 5459/4868/4895 4133/4869/4896
f 4176/4867/4894 2276/4870/4897 4172/4871/4898 5459/4868/4895
f 5459/4868/4895 4172/4871/4898 2278/4872/4899 4175/4873/4900
f 4133/4869/4896 5459/4868/4895 4175/4873/4900 2257/4779/4806
f 2160/4354/4378 4174/4772/4799 5460/4874/4901 4131/4755/4782
f 4174/4772/4799 2277/4771/4798 4171/4866/4893 5460/4874/4901
f 5460/4874/4901 4171/4866/4893 2275/4865/4892 4177/4875/4902
f 4131/4755/4782 5460/4874/4901 4177/4875/4902 2256/4757/4784
f 2465/4759/4786 4595/4876/4903 5461/4877/4904 4129/4760/4787
f 4595/4876/4903 2475/4861/4888 4170/4878/4905 5461/4877/4904
f 5461/4877/4904 4170/4878/4905 2276/4870/4897 4176/4867/4894
f 4129/4760/4787 5461/4877/4904 4176/4867/4894 2255/4763/4790
f 2257/4779/4806 4178/4879/4906 5462/4880/4907 4133/4869/4896
f 4178/4879/4906 2254/4708/4735 4125/4705/4732 5462/4880/4907
f 5462/4880/4907 4125/4705/4732 2251/4704/4731 4130/4764/4791
f 4133/4869/4896 5462/4880/4907 4130/4764/4791 2255/4763/4790
f 2257/4779/4806 4140/4778/4805 5463/4881/4908 4178/4879/4906
f 4140/4778/4805 2260/4777/4804 4181/4882/4909 5463/4881/4908
f 5463/4881/4908 4181/4882/4909 2242/4753/4780 4104/4751/4778
f 4178/4879/4906 5463/4881/4908 4104/4751/4778 2254/4708/4735
f 2242/4753/4780 4181/4882/4909 5464/4883/4910 4180/4884/4911
f 4181/4882/4909 2260/4777/4804 4144/4859/4886 5464/4883/4910
f 5464/4883/4910 4144/4859/4886 2262/4805/4832 4183/4885/4912
f 4180/4884/4911 5464/4883/4910 4183/4885/4912 2279/4886/4913
f 2262/4805/4832 4148/4804/4831 5465/4887/4914 4183/4885/4912
f 4148/4804/4831 2264/4803/4830 4185/4888/4915 5465/4887/4914
f 5465/4887/4914 4185/4888/4915 2280/4889/4916 4179/4890/4917
f 4183/4885/4912 5465/4887/4914 4179/4890/4917 2279/4886/4913
f 2280/4889/4916 4185/4888/4915 5466/4891/4918 4184/4892/4919
f 4185/4888/4915 2264/4803/4830 4150/4837/4864 5466/4891/4918
f 5466/4891/4918 4150/4837/4864 2265/4817/4844 4187/4893/4920
f 4184/4892/4919 5466/4891/4918 4187/4893/4920 2281/4894/4921
f 2265/4817/4844 4151/4820/4847 5467/4895/4922 4187/4893/4920
f 4151/4820/4847 2266/4822/4849 4189/4896/4923 5467/4895/4922
f 5467/4895/4922 4189/4896/4923 2282/4897/4924 4182/4898/4925
f 4187/4893/4920 5467/4895/4922 4182/4898/4925 2281/4894/4921
f 2201/4549/4573 4188/4899/4926 5468/4900/4927 4153/4821/4848
f 4188/4899/4926 2283/4901/4928 4186/4902/4929 5468/4900/4927
f 5468/4900/4927 4186/4902/4929 2282/4897/4924 4189/4896/4923
f 4153/4821/4848 5468/4900/4927 4189/4896/4923 2266/4822/4849
f 2286/4903/4930 4195/4904/4931 5469/4905/4932 4190/4906/4933
f 4195/4904/4931 2287/4907/4934 4191/4908/4935 5469/4905/4932
f 5469/4905/4932 4191/4908/4935 2285/4909/4936 4192/4910/4937
f 4190/4906/4933 5469/4905/4932 4192/4910/4937 2284/4911/4938
f 2283/4901/4928 4188/4899/4926 5470/4912/4939 4193/4913/4940
f 4188/4899/4926 2201/4549/4573 4194/4914/4941 5470/4912/4939
f 5470/4912/4939 4194/4914/4941 2287/4907/4934 4195/4904/4931
f 4193/4913/4940 5470/4912/4939 4195/4904/4931 2286/4903/4930
f 2288/4547/4571 4198/4915/4942 5471/4916/4943 4196/4548/4572
f 4198/4915/4942 2285/4909/4936 4191/4908/4935 5471/4916/4943
f 5471/4916/4943 4191/4908/4935 2287/4907/4934 4194/4914/4941
f 4196/4548/4572 5471/4916/4943 4194/4914/4941 2201/4549/4573
f 2288/4547/4571 4197/4544/4568 5472/4917/4944 4024/4918/4945
f 4197/4544/4568 2167/4381/4405 3941/4379/4403 5472/4917/4944
f 5472/4917/4944 3941/4379/4403 2104/4129/4153 3839/4170/4194
f 4024/4918/4945 5472/4917/4944 3839/4170/4194 2113/4162/4186
f 2285/4909/4936 4198/4915/4942 5473/4919/4946 4199/4920/4947
f 4198/4915/4942 2288/4547/4571 4024/4918/4945 5473/4919/4946
f 5473/4919/4946 4024/4918/4945 2113/4162/4186 3834/4161/4185
f 4199/4920/4947 5473/4919/4946 3834/4161/4185 2111/4156/4180
f 2111/4156/4180 4202/4921/4948 5474/4922/4949 4199/4920/4947
f 4202/4921/4948 2290/4923/4950 4203/4924/4951 5474/4922/4949
f 5474/4922/4949 4203/4924/4951 2284/4911/4938 4192/4910/4937
f 4199/4920/4947 5474/4922/4949 4192/4910/4937 2285/4909/4936
f 2290/4923/4950 4202/4921/4948 5475/4925/4952 4204/4926/4953
f 4202/4921/4948 2111/4156/4180 3831/4155/4179 5475/4925/4952
f 5475/4925/4952 3831/4155/4179 2109/4149/4173 3865/4225/4249
f 4204/4926/4953 5475/4925/4952 3865/4225/4249 2128/4224/4248
f 2290/4923/4950 4200/4927/4954 5476/4928/4955 4203/4924/4951
f 2289/4929/4956 4201/4930/4957 5476/4928/4955 4200/4927/4954
f 2284/4911/4938 4203/4924/4951 5476/4928/4955 4201/4930/4957
f 2128/4224/4248 3868/4229/4253 5477/4931/4958 4204/4926/4953
f 3868/4229/4253 2129/4228/4252 4205/4932/4959 5477/4931/4958
f 5477/4931/4958 4205/4932/4959 2289/4929/4956 4200/4927/4954
f 4204/4926/4953 5477/4931/4958 4200/4927/4954 2290/4923/4950
f 1596/2077/2101 3141/2805/2829 5478/4933/4960 3867/4227/4251
f 3141/2805/2829 1771/2809/2833 4302/4934/4961 5478/4933/4960
f 5478/4933/4960 4302/4934/4961 2337/4935/4962 4207/4936/4963
f 3867/4227/4251 5478/4933/4960 4207/4936/4963 2129/4228/4252
f 2337/4935/4962 4305/4937/4964 5479/4938/4965 4207/4936/4963
f 4305/4937/4964 2332/4939/4966 4296/4940/4967 5479/4938/4965
f 5479/4938/4965 4296/4940/4967 2289/4929/4956 4205/4932/4959
f 4207/4936/4963 5479/4938/4965 4205/4932/4959 2129/4228/4252
f 2289/4929/4956 4296/4940/4967 5480/4941/4968 4201/4930/4957
f 4296/4940/4967 2332/4939/4966 4290/4942/4969 5480/4941/4968
f 5480/4941/4968 4290/4942/4969 2291/4943/4970 4211/4944/4971
f 4201/4930/4957 5480/4941/4968 4211/4944/4971 2284/4911/4938
f 2282/4897/4924 4186/4902/4929 5481/4945/4972 4210/4946/4973
f 4186/4902/4929 2283/4901/4928 4214/4947/4974 5481/4945/4972
f 5481/4945/4972 4214/4947/4974 2293/4948/4975 4212/4949/4976
f 4210/4946/4973 5481/4945/4972 4212/4949/4976 2292/4950/4977
f 2293/4948/4975 4214/4947/4974 5482/4951/4978 4213/4952/4979
f 4214/4947/4974 2283/4901/4928 4193/4913/4940 5482/4951/4978
f 5482/4951/4978 4193/4913/4940 2286/4903/4930 4216/4953/4980
f 4213/4952/4979 5482/4951/4978 4216/4953/4980 2294/4954/4981
f 2286/4903/4930 4190/4906/4933 5483/4955/4982 4216/4953/4980
f 4190/4906/4933 2284/4911/4938 4211/4944/4971 5483/4955/4982
f 5483/4955/4982 4211/4944/4971 2291/4943/4970 4215/4956/4983
f 4216/4953/4980 5483/4955/4982 4215/4956/4983 2294/4954/4981
f 2294/4954/4981 4215/4956/4983 5484/4957/4984 4219/4958/4985
f 4215/4956/4983 2291/4943/4970 4217/4959/4986 5484/4957/4984
f 5484/4957/4984 4217/4959/4986 2295/4960/4987 4220/4961/4988
f 4219/4958/4985 5484/4957/4984 4220/4961/4988 2296/4962/4989
f 2296/4962/4989 4218/4963/4990 5485/4964/4991 4219/4958/4985
f 4218/4963/4990 2297/4965/4992 4222/4966/4993 5485/4964/4991
f 5485/4964/4991 4222/4966/4993 2293/4948/4975 4213/4952/4979
f 4219/4958/4985 5485/4964/4991 4213/4952/4979 2294/4954/4981
f 2293/4948/4975 4222/4966/4993 5486/4967/4994 4212/4949/4976
f 4222/4966/4993 2297/4965/4992 4223/4968/4995 5486/4967/4994
f 5486/4967/4994 4223/4968/4995 2298/4969/4996 4224/4970/4997
f 4212/4949/4976 5486/4967/4994 4224/4970/4997 2292/4950/4977
f 2280/4889/4916 4226/4971/4998 5487/4972/4999 4179/4890/4917
f 4226/4971/4998 2301/4973/5000 4221/4974/5001 5487/4972/4999
f 5487/4972/4999 4221/4974/5001 2300/4975/5002 4227/4976/5003
f 4179/4890/4917 5487/4972/4999 4227/4976/5003 2279/4886/4913
f 2281/4894/4921 4228/4977/5004 5488/4978/5005 4184/4892/4919
f 4228/4977/5004 2302/4979/5006 4225/4980/5007 5488/4978/5005
f 5488/4978/5005 4225/4980/5007 2301/4973/5000 4226/4971/4998
f 4184/4892/4919 5488/4978/5005 4226/4971/4998 2280/4889/4916
f 2282/4897/4924 4210/4946/4973 5489/4981/5008 4182/4898/4925
f 4210/4946/4973 2292/4950/4977 4230/4982/5009 5489/4981/5008
f 5489/4981/5008 4230/4982/5009 2302/4979/5006 4228/4977/5004
f 4182/4898/4925 5489/4981/5008 4228/4977/5004 2281/4894/4921
f 2279/4886/4913 4227/4976/5003 5490/4983/5010 4180/4884/4911
f 4227/4976/5003 2300/4975/5002 4231/4984/5011 5490/4983/5010
f 5490/4983/5010 4231/4984/5011 2241/4749/4776 4105/4754/4781
f 4180/4884/4911 5490/4983/5010 4105/4754/4781 2242/4753/4780
f 2301/4973/5000 4234/4985/5012 5491/4986/5013 4221/4974/5001
f 4234/4985/5012 2305/4987/5014 4229/4988/5015 5491/4986/5013
f 5491/4986/5013 4229/4988/5015 2304/4989/5016 4235/4990/5017
f 4221/4974/5001 5491/4986/5013 4235/4990/5017 2300/4975/5002
f 2292/4950/4977 4224/4970/4997 5492/4991/5018 4230/4982/5009
f 4224/4970/4997 2298/4969/4996 4238/4992/5019 5492/4991/5018
f 5492/4991/5018 4238/4992/5019 2306/4993/5020 4237/4994/5021
f 4230/4982/5009 5492/4991/5018 4237/4994/5021 2302/4979/5006
f 2300/4975/5002 4235/4990/5017 5493/4995/5022 4231/4984/5011
f 4235/4990/5017 2304/4989/5016 4239/4996/5023 5493/4995/5022
f 5493/4995/5022 4239/4996/5023 2240/4745/4772 4100/4750/4777
f 4231/4984/5011 5493/4995/5022 4100/4750/4777 2241/4749/4776
f 2302/4979/5006 4237/4994/5021 5494/4997/5024 4225/4980/5007
f 4237/4994/5021 2306/4993/5020 4208/4998/5025 5494/4997/5024
f 5494/4997/5024 4208/4998/5025 2305/4987/5014 4234/4985/5012
f 4225/4980/5007 5494/4997/5024 4234/4985/5012 2301/4973/5000
f 2297/4965/4992 4240/4999/5026 5495/5000/5027 4223/4968/4995
f 4240/4999/5026 2307/5001/5028 4233/5002/5029 5495/5000/5027
f 5495/5000/5027 4233/5002/5029 2308/5003/5030 4241/5004/5031
f 4223/4968/4995 5495/5000/5027 4241/5004/5031 2298/4969/4996
f 2295/4960/4987 4242/5005/5032 5496/5006/5033 4220/4961/4988
f 4242/5005/5032 2303/5007/5034 4232/5008/5035 5496/5006/5033
f 5496/5006/5033 4232/5008/5035 2299/5009/5036 4243/5010/5037
f 4220/4961/4988 5496/5006/5033 4243/5010/5037 2296/4962/4989
f 2296/4962/4989 4243/5010/5037 5497/5011/5038 4218/4963/4990
f 4243/5010/5037 2299/5009/5036 4236/5012/5039 5497/5011/5038
f 5497/5011/5038 4236/5012/5039 2307/5001/5028 4240/4999/5026
f 4218/4963/4990 5497/5011/5038 4240/4999/5026 2297/4965/4992
f 2299/5009/5036 4247/5013/5040 5498/5014/5041 4236/5012/5039
f 4247/5013/5040 2309/5015/5042 4246/5016/5043 5498/5014/5041
f 5498/5014/5041 4246/5016/5043 2311/5017/5044 4248/5018/5045
f 4236/5012/5039 5498/5014/5041 4248/5018/5045 2307/5001/5028
f 2307/5001/5028 4248/5018/5045 5499/5019/5046 4233/5002/5029
f 4248/5018/5045 2311/5017/5044 4321/5020/5047 5499/5019/5046
f 5499/5019/5046 4321/5020/5047 2239/5021/5048 4319/5022/5049
f 4233/5002/5029 5499/5019/5046 4319/5022/5049 2308/5003/5030
f 2303/5007/5034 4250/5023/5050 5500/5024/5051 4232/5008/5035
f 4250/5023/5050 2310/5025/5052 4244/5026/5053 5500/5024/5051
f 5500/5024/5051 4244/5026/5053 2309/5015/5042 4247/5013/5040
f 4232/5008/5035 5500/5024/5051 4247/5013/5040 2299/5009/5036
f 2309/5015/5042 4253/5027/5054 5501/5028/5055 4246/5016/5043
f 4253/5027/5054 2313/5029/5056 4252/5030/5057 5501/5028/5055
f 5501/5028/5055 4252/5030/5057 2315/5031/5058 4254/5032/5059
f 4246/5016/5043 5501/5028/5055 4254/5032/5059 2311/5017/5044
f 2311/5017/5044 4254/5032/5059 5502/5033/5060 4321/5020/5047
f 4254/5032/5059 2315/5031/5058 4327/5034/5061 5502/5033/5060
f 5502/5033/5060 4327/5034/5061 2312/5035/5062 4324/5036/5063
f 4321/5020/5047 5502/5033/5060 4324/5036/5063 2239/5021/5048
f 2310/5025/5052 4256/5037/5064 5503/5038/5065 4244/5026/5053
f 4256/5037/5064 2314/5039/5066 4251/5040/5067 5503/5038/5065
f 5503/5038/5065 4251/5040/5067 2313/5029/5056 4253/5027/5054
f 4244/5026/5053 5503/5038/5065 4253/5027/5054 2309/5015/5042
f 2313/5029/5056 4260/5041/5068 5504/5042/5069 4252/5030/5057
f 4260/5041/5068 2316/5043/5070 4259/5044/5071 5504/5042/5069
f 5504/5042/5069 4259/5044/5071 2318/5045/5072 4261/5046/5073
f 4252/5030/5057 5504/5042/5069 4261/5046/5073 2315/5031/5058
f 2315/5031/5058 4261/5046/5073 5505/5047/5074 4327/5034/5061
f 4261/5046/5073 2318/5045/5072 4258/5048/5075 5505/5047/5074
f 5505/5047/5074 4258/5048/5075 2319/5049/5076 4328/5050/5077
f 4327/5034/5061 5505/5047/5074 4328/5050/5077 2312/5035/5062
f 2314/5039/5066 4262/5051/5078 5506/5052/5079 4251/5040/5067
f 4262/5051/5078 2317/5053/5080 4257/5054/5081 5506/5052/5079
f 5506/5052/5079 4257/5054/5081 2316/5043/5070 4260/5041/5068
f 4251/5040/5067 5506/5052/5079 4260/5041/5068 2313/5029/5056
f 2316/5043/5070 4266/5055/5082 5507/5056/5083 4259/5044/5071
f 4266/5055/5082 2320/5057/5084 4265/5058/5085 5507/5056/5083
f 5507/5056/5083 4265/5058/5085 2322/5059/5086 4267/5060/5087
f 4259/5044/5071 5507/5056/5083 4267/5060/5087 2318/5045/5072
f 2318/5045/5072 4267/5060/5087 5508/5061/5088 4258/5048/5075
f 4267/5060/5087 2322/5059/5086 4264/5062/5089 5508/5061/5088
f 5508/5061/5088 4264/5062/5089 2323/5063/5090 4268/5064/5091
f 4258/5048/5075 5508/5061/5088 4268/5064/5091 2319/5049/5076
f 2317/5053/5080 4269/5065/5092 5509/5066/5093 4257/5054/5081
f 4269/5065/5092 2321/5067/5094 4263/5068/5095 5509/5066/5093
f 5509/5066/5093 4263/5068/5095 2320/5057/5084 4266/5055/5082
f 4257/5054/5081 5509/5066/5093 4266/5055/5082 2316/5043/5070
f 2320/5057/5084 4273/5069/5096 5510/5070/5097 4265/5058/5085
f 4273/5069/5096 2324/5071/5098 4272/5072/5099 5510/5070/5097
f 5510/5070/5097 4272/5072/5099 2326/5073/5100 4274/5074/5101
f 4265/5058/5085 5510/5070/5097 4274/5074/5101 2322/5059/5086
f 2322/5059/5086 4274/5074/5101 5511/5075/5102 4264/5062/5089
f 4274/5074/5101 2326/5073/5100 4271/5076/5103 5511/5075/5102
f 5511/5075/5102 4271/5076/5103 2327/5077/5104 4275/5078/5105
f 4264/5062/5089 5511/5075/5102 4275/5078/5105 2323/5063/5090
f 2321/5067/5094 4276/5079/5106 5512/5080/5107 4263/5068/5095
f 4276/5079/5106 2325/5081/5108 4270/5082/5109 5512/5080/5107
f 5512/5080/5107 4270/5082/5109 2324/5071/5098 4273/5069/5096
f 4263/5068/5095 5512/5080/5107 4273/5069/5096 2320/5057/5084
f 2324/5071/5098 4277/5083/5110 5513/5084/5111 4272/5072/5099
f 4277/5083/5110 1810/2961/2985 3216/2960/2984 5513/5084/5111
f 5513/5084/5111 3216/2960/2984 1811/2959/2983 4278/5085/5112
f 4272/5072/5099 5513/5084/5111 4278/5085/5112 2326/5073/5100
f 2326/5073/5100 4278/5085/5112 5514/5086/5113 4271/5076/5103
f 4278/5085/5112 1811/2959/2983 3215/2965/2989 5514/5086/5113
f 5514/5086/5113 3215/2965/2989 1812/2964/2988 4279/5087/5114
f 4271/5076/5103 5514/5086/5113 4279/5087/5114 2327/5077/5104
f 2325/5081/5108 4311/5088/5115 5515/5089/5116 4270/5082/5109
f 4311/5088/5115 1772/2969/2993 3252/2968/2992 5515/5089/5116
f 5515/5089/5116 3252/2968/2992 1810/2961/2985 4277/5083/5110
f 4270/5082/5109 5515/5089/5116 4277/5083/5110 2324/5071/5098
f 2306/4993/5020 4312/5090/5117 5516/5091/5118 4208/4998/5025
f 4312/5090/5117 2342/5092/5119 4295/5093/5120 5516/5091/5118
f 5516/5091/5118 4295/5093/5120 2328/5094/5121 4282/5095/5122
f 4208/4998/5025 5516/5091/5118 4282/5095/5122 2305/4987/5014
f 2298/4969/4996 4241/5004/5031 5517/5096/5123 4238/4992/5019
f 4241/5004/5031 2308/5003/5030 4314/5097/5124 5517/5096/5123
f 5517/5096/5123 4314/5097/5124 2342/5092/5119 4312/5090/5117
f 4238/4992/5019 5517/5096/5123 4312/5090/5117 2306/4993/5020
f 2305/4987/5014 4282/5095/5122 5518/5098/5125 4229/4988/5015
f 4282/5095/5122 2328/5094/5121 4285/5099/5126 5518/5098/5125
f 5518/5098/5125 4285/5099/5126 2329/5100/5127 4281/5101/5128
f 4229/4988/5015 5518/5098/5125 4281/5101/5128 2304/4989/5016
f 2291/4943/4970 4290/4942/4969 5519/5102/5129 4217/4959/4986
f 4290/4942/4969 2332/4939/4966 4286/5103/5130 5519/5102/5129
f 5519/5102/5129 4286/5103/5130 2333/5104/5131 4291/5105/5132
f 4217/4959/4986 5519/5102/5129 4291/5105/5132 2295/4960/4987
f 2303/5007/5034 4292/5106/5133 5520/5107/5134 4250/5023/5050
f 4292/5106/5133 2334/5108/5135 4288/5109/5136 5520/5107/5134
f 5520/5107/5134 4288/5109/5136 2335/5110/5137 4293/5111/5138
f 4250/5023/5050 5520/5107/5134 4293/5111/5138 2310/5025/5052
f 2310/5025/5052 4293/5111/5138 5521/5112/5139 4256/5037/5064
f 4293/5111/5138 2335/5110/5137 4289/5113/5140 5521/5112/5139
f 5521/5112/5139 4289/5113/5140 2336/5114/5141 4294/5115/5142
f 4256/5037/5064 5521/5112/5139 4294/5115/5142 2314/5039/5066
f 2295/4960/4987 4291/5105/5132 5522/5116/5143 4242/5005/5032
f 4291/5105/5132 2333/5104/5131 4287/5117/5144 5522/5116/5143
f 5522/5116/5143 4287/5117/5144 2334/5108/5135 4292/5106/5133
f 4242/5005/5032 5522/5116/5143 4292/5106/5133 2303/5007/5034
f 2321/5067/5094 4269/5065/5092 5523/5118/5145 4209/5119/5146
f 4269/5065/5092 2317/5053/5080 4262/5051/5078 5523/5118/5145
f 5523/5118/5145 4262/5051/5078 2314/5039/5066 4294/5115/5142
f 4209/5119/5146 5523/5118/5145 4294/5115/5142 2336/5114/5141
f 2333/5104/5131 4301/5120/5147 5524/5121/5148 4287/5117/5144
f 4301/5120/5147 2338/5122/5149 4297/5123/5150 5524/5121/5148
f 5524/5121/5148 4297/5123/5150 2339/5124/5151 4300/5125/5152
f 4287/5117/5144 5524/5121/5148 4300/5125/5152 2334/5108/5135
f 2336/5114/5141 4303/5126/5153 5525/5127/5154 4209/5119/5146
f 4303/5126/5153 2341/5128/5155 4306/5129/5156 5525/5127/5154
f 5525/5127/5154 4306/5129/5156 2325/5081/5108 4276/5079/5106
f 4209/5119/5146 5525/5127/5154 4276/5079/5106 2321/5067/5094
f 2334/5108/5135 4300/5125/5152 5526/5130/5157 4288/5109/5136
f 4300/5125/5152 2339/5124/5151 4298/5131/5158 5526/5130/5157
f 5526/5130/5157 4298/5131/5158 2340/5132/5159 4304/5133/5160
f 4288/5109/5136 5526/5130/5157 4304/5133/5160 2335/5110/5137
f 2332/4939/4966 4305/4937/4964 5527/5134/5161 4286/5103/5130
f 4305/4937/4964 2337/4935/4962 4206/5135/5162 5527/5134/5161
f 5527/5134/5161 4206/5135/5162 2338/5122/5149 4301/5120/5147
f 4286/5103/5130 5527/5134/5161 4301/5120/5147 2333/5104/5131
f 2335/5110/5137 4304/5133/5160 5528/5136/5163 4289/5113/5140
f 4304/5133/5160 2340/5132/5159 4299/5137/5164 5528/5136/5163
f 5528/5136/5163 4299/5137/5164 2341/5128/5155 4303/5126/5153
f 4289/5113/5140 5528/5136/5163 4303/5126/5153 2336/5114/5141
f 2339/5124/5151 4308/5138/5165 5529/5139/5166 4298/5131/5158
f 4308/5138/5165 1828/3023/3047 3143/3022/3046 5529/5139/5166
f 5529/5139/5166 3143/3022/3046 1829/3021/3045 4307/5140/5167
f 4298/5131/5158 5529/5139/5166 4307/5140/5167 2340/5132/5159
f 2337/4935/4962 4302/4934/4961 5530/5141/5168 4206/5135/5162
f 4302/4934/4961 1771/2809/2833 3255/3027/3051 5530/5141/5168
f 5530/5141/5168 3255/3027/3051 1827/3026/3050 4309/5142/5169
f 4206/5135/5162 5530/5141/5168 4309/5142/5169 2338/5122/5149
f 2340/5132/5159 4307/5140/5167 5531/5143/5170 4299/5137/5164
f 4307/5140/5167 1829/3021/3045 3247/3031/3055 5531/5143/5170
f 5531/5143/5170 3247/3031/3055 1830/3030/3054 4310/5144/5171
f 4299/5137/5164 5531/5143/5170 4310/5144/5171 2341/5128/5155
f 2338/5122/5149 4309/5142/5169 5532/5145/5172 4297/5123/5150
f 4309/5142/5169 1827/3026/3050 3145/3033/3057 5532/5145/5172
f 5532/5145/5172 3145/3033/3057 1828/3023/3047 4308/5138/5165
f 4297/5123/5150 5532/5145/5172 4308/5138/5165 2339/5124/5151
f 2341/5128/5155 4310/5144/5171 5533/5146/5173 4306/5129/5156
f 4310/5144/5171 1830/3030/3054 3248/3035/3059 5533/5146/5173
f 5533/5146/5173 3248/3035/3059 1772/2969/2993 4311/5088/5115
f 4306/5129/5156 5533/5146/5173 4311/5088/5115 2325/5081/5108
f 2304/4989/5016 4281/5101/5128 5534/5147/5174 4239/4996/5023
f 4281/5101/5128 2329/5100/5127 4283/5148/5175 5534/5147/5174
f 5534/5147/5174 4283/5148/5175 2331/4690/4717 4313/4746/4773
f 4239/4996/5023 5534/5147/5174 4313/4746/4773 2240/4745/4772
f 2342/5092/5119 4316/5149/5176 5535/5150/5177 4295/5093/5120
f 4316/5149/5176 2345/5151/5178 4098/5152/5179 5535/5150/5177
f 5535/5150/5177 4098/5152/5179 2330/5153/5180 4317/5154/5181
f 4295/5093/5120 5535/5150/5177 4317/5154/5181 2328/5094/5121
f 2328/5094/5121 4317/5154/5181 5536/5155/5182 4285/5099/5126
f 4317/5154/5181 2330/5153/5180 4101/5156/5183 5536/5155/5182
f 5536/5155/5182 4101/5156/5183 2343/5157/5184 4318/5158/5185
f 4285/5099/5126 5536/5155/5182 4318/5158/5185 2329/5100/5127
f 2308/5003/5030 4319/5022/5049 5537/5159/5186 4314/5097/5124
f 4319/5022/5049 2239/5021/5048 4096/5160/5187 5537/5159/5186
f 5537/5159/5186 4096/5160/5187 2345/5151/5178 4316/5149/5176
f 4314/5097/5124 5537/5159/5186 4316/5149/5176 2342/5092/5119
f 2329/5100/5127 4318/5158/5185 5538/5161/5188 4283/5148/5175
f 4318/5158/5185 2343/5157/5184 4255/5162/5189 5538/5161/5188
f 5538/5161/5188 4255/5162/5189 2238/4683/4710 4284/4691/4718
f 4283/5148/5175 5538/5161/5188 4284/4691/4718 2331/4690/4717
f 2345/5151/5178 4323/5163/5190 5539/5164/5191 4098/5152/5179
f 4323/5163/5190 2348/5165/5192 4126/5166/5193 5539/5164/5191
f 5539/5164/5191 4126/5166/5193 2346/5167/5194 4322/5168/5195
f 4098/5152/5179 5539/5164/5191 4322/5168/5195 2330/5153/5180
f 2239/5021/5048 4324/5036/5063 5540/5169/5196 4096/5160/5187
f 4324/5036/5063 2312/5035/5062 4320/5170/5197 5540/5169/5196
f 5540/5169/5196 4320/5170/5197 2348/5165/5192 4323/5163/5190
f 4096/5160/5187 5540/5169/5196 4323/5163/5190 2345/5151/5178
f 2343/5157/5184 4326/5171/5198 5541/5172/5199 4255/5162/5189
f 4326/5171/5198 2347/5173/5200 4331/5174/5201 5541/5172/5199
f 5541/5172/5199 4331/5174/5201 2349/4685/4712 4097/4684/4711
f 4255/5162/5189 5541/5172/5199 4097/4684/4711 2238/4683/4710
f 2330/5153/5180 4322/5168/5195 5542/5175/5202 4101/5156/5183
f 4322/5168/5195 2346/5167/5194 4249/5176/5203 5542/5175/5202
f 5542/5175/5202 4249/5176/5203 2347/5173/5200 4326/5171/5198
f 4101/5156/5183 5542/5175/5202 4326/5171/5198 2343/5157/5184
f 2348/5165/5192 4335/5177/5204 5543/5178/5205 4126/5166/5193
f 4335/5177/5204 2352/5179/5206 4325/5180/5207 5543/5178/5205
f 5543/5178/5205 4325/5180/5207 2350/5181/5208 4334/5182/5209
f 4126/5166/5193 5543/5178/5205 4334/5182/5209 2346/5167/5194
f 2349/4685/4712 4329/5183/5210 5544/5184/5211 4330/4680/4707
f 2237/4676/4703 4094/4673/4700 5544/5184/5211 4329/5183/5210
f 2246/4672/4699 4330/4680/4707 5544/5184/5211 4094/4673/4700
f 2346/5167/5194 4334/5182/5209 5545/5185/5212 4249/5176/5203
f 4334/5182/5209 2350/5181/5208 4245/5186/5213 5545/5185/5212
f 5545/5185/5212 4245/5186/5213 2351/5187/5214 4336/5188/5215
f 4249/5176/5203 5545/5185/5212 4336/5188/5215 2347/5173/5200
f 2312/5035/5062 4328/5050/5077 5546/5189/5216 4320/5170/5197
f 4328/5050/5077 2319/5049/5076 4339/5190/5217 5546/5189/5216
f 5546/5189/5216 4339/5190/5217 2352/5179/5206 4335/5177/5204
f 4320/5170/5197 5546/5189/5216 4335/5177/5204 2348/5165/5192
f 2347/5173/5200 4336/5188/5215 5547/5191/5218 4331/5174/5201
f 4336/5188/5215 2351/5187/5214 4337/5192/5219 5547/5191/5218
f 5547/5191/5218 4337/5192/5219 2237/4676/4703 4329/5183/5210
f 4331/5174/5201 5547/5191/5218 4329/5183/5210 2349/4685/4712
f 2225/4624/4651 4068/4623/4650 5548/5193/5220 4338/5194/5221
f 4068/4623/4650 2224/4618/4645 4095/4677/4704 5548/5193/5220
f 5548/5193/5220 4095/4677/4704 2237/4676/4703 4333/5195/5222
f 4338/5194/5221 5548/5193/5220 4333/5195/5222 2353/5196/5223
f 2353/5196/5223 4333/5195/5222 5549/5197/5224 4332/5198/5225
f 4333/5195/5222 2237/4676/4703 4337/5192/5219 5549/5197/5224
f 5549/5197/5224 4337/5192/5219 2351/5187/5214 4342/5199/5226
f 4332/5198/5225 5549/5197/5224 4342/5199/5226 2344/5200/5227
f 2351/5187/5214 4245/5186/5213 5550/5201/5228 4342/5199/5226
f 4245/5186/5213 2350/5181/5208 4344/5202/5229 5550/5201/5228
f 5550/5201/5228 4344/5202/5229 2354/5203/5230 4340/5204/5231
f 4342/5199/5226 5550/5201/5228 4340/5204/5231 2344/5200/5227
f 2354/5203/5230 4344/5202/5229 5551/5205/5232 4343/5206/5233
f 4344/5202/5229 2350/5181/5208 4325/5180/5207 5551/5205/5232
f 5551/5205/5232 4325/5180/5207 2352/5179/5206 4346/5207/5234
f 4343/5206/5233 5551/5205/5232 4346/5207/5234 2355/5208/5235
f 2352/5179/5206 4339/5190/5217 5552/5209/5236 4346/5207/5234
f 4339/5190/5217 2319/5049/5076 4348/5210/5237 5552/5209/5236
f 5552/5209/5236 4348/5210/5237 2356/5211/5238 4341/5212/5239
f 4346/5207/5234 5552/5209/5236 4341/5212/5239 2355/5208/5235
f 2356/5211/5238 4348/5210/5237 5553/5213/5240 4347/5214/5241
f 4348/5210/5237 2319/5049/5076 4268/5064/5091 5553/5213/5240
f 5553/5213/5240 4268/5064/5091 2323/5063/5090 4345/5215/5242
f 4347/5214/5241 5553/5213/5240 4345/5215/5242 2357/5216/5243
f 2357/5216/5243 4345/5215/5242 5554/5217/5244 4349/5218/5245
f 4345/5215/5242 2323/5063/5090 4275/5078/5105 5554/5217/5244
f 5554/5217/5244 4275/5078/5105 2327/5077/5104 4350/5219/5246
f 4349/5218/5245 5554/5217/5244 4350/5219/5246 2358/5220/5247
f 2358/5220/5247 4350/5219/5246 5555/5221/5248 4351/5222/5249
f 4350/5219/5246 2327/5077/5104 4279/5087/5114 5555/5221/5248
f 5555/5221/5248 4279/5087/5114 1812/2964/2988 3298/3113/3137
f 4351/5222/5249 5555/5221/5248 3298/3113/3137 1848/3112/3136
f 2354/5203/5230 4353/5223/5250 5556/5224/5251 4340/5204/5231
f 4353/5223/5250 2359/5225/5252 4354/5226/5253 5556/5224/5251
f 5556/5224/5251 4354/5226/5253 2360/5227/5254 4356/5228/5255
f 4340/5204/5231 5556/5224/5251 4356/5228/5255 2344/5200/5227
f 2359/5225/5252 4355/5229/5256 5557/5230/5257 4354/5226/5253
f 4355/5229/5256 2361/5231/5258 4358/5232/5259 5557/5230/5257
f 5557/5230/5257 4358/5232/5259 2362/5233/5260 4359/5234/5261
f 4354/5226/5253 5557/5230/5257 4359/5234/5261 2360/5227/5254
f 2362/5233/5260 4358/5232/5259 5558/5235/5262 4360/5236/5263
f 4358/5232/5259 2361/5231/5258 4352/5237/5264 5558/5235/5262
f 5558/5235/5262 4352/5237/5264 1853/3130/3154 3307/3129/3153
f 4360/5236/5263 5558/5235/5262 3307/3129/3153 1854/3128/3152
f 1856/3132/3156 3308/3135/3159 5559/5238/5265 4365/5239/5266
f 3308/3135/3159 1708/2509/2533 4076/4641/4668 5559/5238/5265
f 5559/5238/5265 4076/4641/4668 2230/4635/4662 4357/5240/5267
f 4365/5239/5266 5559/5238/5265 4357/5240/5267 2363/5241/5268
f 2363/5241/5268 4357/5240/5267 5560/5242/5269 4364/5243/5270
f 4357/5240/5267 2230/4635/4662 4079/4633/4660 5560/5242/5269
f 5560/5242/5269 4079/4633/4660 2227/4629/4656 4363/5244/5271
f 4364/5243/5270 5560/5242/5269 4363/5244/5271 2364/5245/5272
f 2362/5233/5260 4361/5246/5273 5561/5247/5274 4359/5234/5261
f 4361/5246/5273 2363/5241/5268 4364/5243/5270 5561/5247/5274
f 5561/5247/5274 4364/5243/5270 2364/5245/5272 4362/5248/5275
f 4359/5234/5261 5561/5247/5274 4362/5248/5275 2360/5227/5254
f 1854/3128/3152 3305/3146/3170 5562/5249/5276 4360/5236/5263
f 3305/3146/3170 1856/3132/3156 4365/5239/5266 5562/5249/5276
f 5562/5249/5276 4365/5239/5266 2363/5241/5268 4361/5246/5273
f 4360/5236/5263 5562/5249/5276 4361/5246/5273 2362/5233/5260
f 2225/4624/4651 4338/5194/5221 5563/5250/5277 4072/4627/4654
f 4338/5194/5221 2353/5196/5223 4366/5251/5278 5563/5250/5277
f 5563/5250/5277 4366/5251/5278 2364/5245/5272 4363/5244/5271
f 4072/4627/4654 5563/5250/5277 4363/5244/5271 2227/4629/4656
f 2344/5200/5227 4356/5228/5255 5564/5252/5279 4332/5198/5225
f 4356/5228/5255 2360/5227/5254 4362/5248/5275 5564/5252/5279
f 5564/5252/5279 4362/5248/5275 2364/5245/5272 4366/5251/5278
f 4332/5198/5225 5564/5252/5279 4366/5251/5278 2353/5196/5223
f 2355/5208/5235 4341/5212/5239 5565/5253/5280 4343/5206/5233
f 4341/5212/5239 2356/5211/5238 4367/5254/5281 5565/5253/5280
f 5565/5253/5280 4367/5254/5281 2359/5225/5252 4353/5223/5250
f 4343/5206/5233 5565/5253/5280 4353/5223/5250 2354/5203/5230
f 2356/5211/5238 4347/5214/5241 5566/5255/5282 4367/5254/5281
f 4347/5214/5241 2357/5216/5243 4369/5256/5283 5566/5255/5282
f 5566/5255/5282 4369/5256/5283 2361/5231/5258 4355/5229/5256
f 4367/5254/5281 5566/5255/5282 4355/5229/5256 2359/5225/5252
f 2357/5216/5243 4349/5218/5245 5567/5257/5284 4369/5256/5283
f 4349/5218/5245 2358/5220/5247 4368/5258/5285 5567/5257/5284
f 5567/5257/5284 4368/5258/5285 1853/3130/3154 4352/5237/5264
f 4369/5256/5283 5567/5257/5284 4352/5237/5264 2361/5231/5258
f 2358/5220/5247 4351/5222/5249 5568/5259/5286 4368/5258/5285
f 1848/3112/3136 3316/3157/3181 5568/5259/5286 4351/5222/5249
f 1853/3130/3154 4368/5258/5285 5568/5259/5286 3316/3157/3181
f 2204/4560/4587 4386/5260/5287 5569/5261/5288 4025/4561/5289
f 4386/5260/5287 2367/5262/5290 4370/5263/5291 5569/5261/5288
f 5569/5261/5288 4370/5263/5291 2366/5264/5292 4387/5265/5293
f 4025/4561/5289 5569/5261/5288 4387/5265/5293 2203/4557/4583
f 1710/2516/2540 3337/3165/3189 5570/5266/5294 4082/4643/4670
f 3337/3165/3189 1867/3169/3193 4379/5267/5295 5570/5266/5294
f 5570/5266/5294 4379/5267/5295 2373/5268/5296 4388/5269/5297
f 4082/4643/4670 5570/5266/5294 4388/5269/5297 2231/4644/4671
f 2202/4552/4576 4389/5270/5298 5571/5271/5299 4026/4553/4577
f 4389/5270/5298 2365/5272/5300 4371/5273/5301 5571/5271/5299
f 5571/5271/5299 4371/5273/5301 1858/3173/3197 3340/3172/3196
f 4026/4553/4577 5571/5271/5299 3340/3172/3196 1677/2415/2439
f 2235/4664/4691 4390/5274/5302 5572/5275/5303 4090/4666/4693
f 4390/5274/5302 2377/5276/5304 4383/5277/5305 5572/5275/5303
f 5572/5275/5303 4383/5277/5305 2378/5278/5306 4391/5279/5307
f 4090/4666/4693 5572/5275/5303 4391/5279/5307 2236/4668/4695
f 2207/4573/4600 4392/5280/5308 5573/5281/5309 4034/4571/4598
f 4392/5280/5308 2370/5282/5310 4374/5283/5311 5573/5281/5309
f 5573/5281/5309 4374/5283/5311 2369/5284/5312 4393/5285/5313
f 4034/4571/4598 5573/5281/5309 4393/5285/5313 2206/4568/4595
f 2231/4644/4671 4388/5269/5297 5574/5286/5314 4083/4646/4673
f 4388/5269/5297 2373/5268/5296 4380/5287/5315 5574/5286/5314
f 5574/5286/5314 4380/5287/5315 2374/5288/5316 4394/5289/5317
f 4083/4646/4673 5574/5286/5314 4394/5289/5317 2232/4648/4675
f 2203/4557/4583 4387/5265/5293 5575/5290/5318 4027/4555/4579
f 4387/5265/5293 2366/5264/5292 4372/5291/5319 5575/5290/5318
f 5575/5290/5318 4372/5291/5319 2365/5272/5300 4389/5270/5298
f 4027/4555/4579 5575/5290/5318 4389/5270/5298 2202/4552/4576
f 2232/4648/4675 4394/5289/5317 5576/5292/5320 4078/4651/4678
f 4394/5289/5317 2374/5288/5316 4378/5293/5321 5576/5292/5320
f 5576/5292/5320 4378/5293/5321 2375/5294/5322 4395/5295/5323
f 4078/4651/4678 5576/5292/5320 4395/5295/5323 2233/4652/4679
f 2236/4668/4695 4391/5279/5307 5577/5296/5324 4092/4671/4698
f 4391/5279/5307 2378/5278/5306 4384/5297/5325 5577/5296/5324
f 5577/5296/5324 4384/5297/5325 2372/5298/5326 4396/5299/5327
f 4092/4671/4698 5577/5296/5324 4396/5299/5327 2209/4580/4607
f 2206/4568/4595 4393/5285/5313 5578/5300/5328 4036/4569/4596
f 4393/5285/5313 2369/5284/5312 4375/5301/5329 5578/5300/5328
f 5578/5300/5328 4375/5301/5329 2368/5302/5330 4397/5303/5331
f 4036/4569/4596 5578/5300/5328 4397/5303/5331 2205/4564/4591
f 2245/4738/4765 4399/5304/5332 5579/5305/5333 4575/5306/5334
f 4399/5304/5332 2377/5276/5304 4390/5274/5302 5579/5305/5333
f 5579/5305/5333 4390/5274/5302 2235/4664/4691 4085/4663/4690
f 4575/5306/5334 5579/5305/5333 4085/4663/4690 2457/4662/4689
f 2205/4564/4591 4397/5303/5331 5580/5307/5335 4029/4565/4592
f 4397/5303/5331 2368/5302/5330 4373/5308/5336 5580/5307/5335
f 5580/5307/5335 4373/5308/5336 2367/5262/5290 4386/5260/5287
f 4029/4565/4592 5580/5307/5335 4386/5260/5287 2204/4560/4587
f 2234/4656/4683 4402/5309/5337 5581/5310/5338 4108/4737/4764
f 4402/5309/5337 2375/5294/5322 4385/5311/5339 5581/5310/5338
f 5581/5310/5338 4385/5311/5339 2377/5276/5304 4399/5304/5332
f 4108/4737/4764 5581/5310/5338 4399/5304/5332 2245/4738/4765
f 2208/4577/4604 4400/5312/5340 5582/5313/5341 4037/4575/4602
f 4400/5312/5340 2371/5314/5342 4376/5315/5343 5582/5313/5341
f 5582/5313/5341 4376/5315/5343 2370/5282/5310 4392/5280/5308
f 4037/4575/4602 5582/5313/5341 4392/5280/5308 2207/4573/4600
f 2209/4580/4607 4396/5299/5327 5583/5316/5344 4038/4581/4608
f 4396/5299/5327 2372/5298/5326 4377/5317/5345 5583/5316/5344
f 5583/5316/5344 4377/5317/5345 2371/5314/5342 4400/5312/5340
f 4038/4581/4608 5583/5316/5344 4400/5312/5340 2208/4577/4604
f 2233/4652/4679 4395/5295/5323 5584/5318/5346 4087/4654/4681
f 2375/5294/5322 4402/5309/5337 5584/5318/5346 4395/5295/5323
f 2234/4656/4683 4087/4654/4681 5584/5318/5346 4402/5309/5337
f 2377/5276/5304 4401/5319/5347 5585/5320/5348 4383/5277/5305
f 4401/5319/5347 2379/5321/5349 4381/5322/5350 5585/5320/5348
f 5585/5320/5348 4381/5322/5350 2376/5323/5351 4403/5324/5352
f 4383/5277/5305 5585/5320/5348 4403/5324/5352 2378/5278/5306
f 2379/5321/5349 4401/5319/5347 5586/5325/5353 4398/5326/5354
f 4401/5319/5347 2377/5276/5304 4385/5311/5339 5586/5325/5353
f 5586/5325/5353 4385/5311/5339 2375/5294/5322 4382/5327/5355
f 4398/5326/5354 5586/5325/5353 4382/5327/5355 2380/5328/5356
f 2374/5288/5316 4404/5329/5357 5587/5330/5358 4378/5293/5321
f 4404/5329/5357 2381/5331/5359 4406/5332/5360 5587/5330/5358
f 5587/5330/5358 4406/5332/5360 2380/5328/5356 4382/5327/5355
f 4378/5293/5321 5587/5330/5358 4382/5327/5355 2375/5294/5322
f 2373/5268/5296 4407/5333/5361 5588/5334/5362 4380/5287/5315
f 4407/5333/5361 2382/5335/5363 4408/5336/5364 5588/5334/5362
f 5588/5334/5362 4408/5336/5364 2381/5331/5359 4404/5329/5357
f 4380/5287/5315 5588/5334/5362 4404/5329/5357 2374/5288/5316
f 1867/3169/3193 3360/3240/3264 5589/5337/5365 4379/5267/5295
f 3360/3240/3264 1878/3242/3266 4409/5338/5366 5589/5337/5365
f 5589/5337/5365 4409/5338/5366 2382/5335/5363 4407/5333/5361
f 4379/5267/5295 5589/5337/5365 4407/5333/5361 2373/5268/5296
f 2381/5331/5359 4408/5336/5364 5590/5339/5367 4410/5340/5368
f 4408/5336/5364 2382/5335/5363 4413/5341/5369 5590/5339/5367
f 5590/5339/5367 4413/5341/5369 2384/5342/5370 4411/5343/5371
f 4410/5340/5368 5590/5339/5367 4411/5343/5371 2383/5344/5372
f 2383/5344/5372 4411/5343/5371 5591/5345/5373 4412/5346/5374
f 4411/5343/5371 2384/5342/5370 4416/5347/5375 5591/5345/5373
f 5591/5345/5373 4416/5347/5375 2386/5348/5376 4415/5349/5377
f 4412/5346/5374 5591/5345/5373 4415/5349/5377 2385/5350/5378
f 2386/5348/5376 4414/5351/5379 5592/5352/5380 4415/5349/5377
f 4414/5351/5379 2387/5353/5381 4418/5354/5382 5592/5352/5380
f 5592/5352/5380 4418/5354/5382 2388/5355/5383 4419/5356/5384
f 4415/5349/5377 5592/5352/5380 4419/5356/5384 2385/5350/5378
f 2388/5355/5383 4418/5354/5382 5593/5357/5385 4417/5358/5386
f 4418/5354/5382 2387/5353/5381 4422/5359/5387 5593/5357/5385
f 5593/5357/5385 4422/5359/5387 2390/5360/5388 4421/5361/5389
f 4417/5358/5386 5593/5357/5385 4421/5361/5389 2389/5362/5390
f 2390/5360/5388 4424/5363/5391 5594/5364/5392 4421/5361/5389
f 4424/5363/5391 2378/5278/5306 4403/5324/5352 5594/5364/5392
f 5594/5364/5392 4403/5324/5352 2376/5323/5351 4405/5365/5393
f 4421/5361/5389 5594/5364/5392 4405/5365/5393 2389/5362/5390
f 2385/5350/5378 4431/5366/5394 5595/5367/5395 4412/5346/5374
f 4431/5366/5394 2396/5368/5396 4428/5369/5397 5595/5367/5395
f 5595/5367/5395 4428/5369/5397 2395/5370/5398 4432/5371/5399
f 4412/5346/5374 5595/5367/5395 4432/5371/5399 2383/5344/5372
f 2383/5344/5372 4432/5371/5399 5596/5372/5400 4410/5340/5368
f 4432/5371/5399 2395/5370/5398 4427/5373/5401 5596/5372/5400
f 5596/5372/5400 4427/5373/5401 2394/5374/5402 4433/5375/5403
f 4410/5340/5368 5596/5372/5400 4433/5375/5403 2381/5331/5359
f 2388/5355/5383 4434/5376/5404 5597/5377/5405 4419/5356/5384
f 4434/5376/5404 2397/5378/5406 4430/5379/5407 5597/5377/5405
f 5597/5377/5405 4430/5379/5407 2396/5368/5396 4431/5366/5394
f 4419/5356/5384 5597/5377/5405 4431/5366/5394 2385/5350/5378
f 2380/5328/5356 4435/5380/5408 5598/5381/5409 4398/5326/5354
f 4435/5380/5408 2393/5382/5410 4420/5383/5411 5598/5381/5409
f 5598/5381/5409 4420/5383/5411 2392/5384/5412 4436/5385/5413
f 4398/5326/5354 5598/5381/5409 4436/5385/5413 2379/5321/5349
f 2389/5362/5390 4437/5386/5414 5599/5387/5415 4417/5358/5386
f 4437/5386/5414 2398/5388/5416 4429/5389/5417 5599/5387/5415
f 5599/5387/5415 4429/5389/5417 2397/5378/5406 4434/5376/5404
f 4417/5358/5386 5599/5387/5415 4434/5376/5404 2388/5355/5383
f 2376/5323/5351 4438/5390/5418 5600/5391/5419 4405/5365/5393
f 4438/5390/5418 2391/5392/5420 4425/5393/5421 5600/5391/5419
f 5600/5391/5419 4425/5393/5421 2398/5388/5416 4437/5386/5414
f 4405/5365/5393 5600/5391/5419 4437/5386/5414 2389/5362/5390
f 2379/5321/5349 4436/5385/5413 5601/5394/5422 4381/5322/5350
f 4436/5385/5413 2392/5384/5412 4423/5395/5423 5601/5394/5422
f 5601/5394/5422 4423/5395/5423 2391/5392/5420 4438/5390/5418
f 4381/5322/5350 5601/5394/5422 4438/5390/5418 2376/5323/5351
f 2381/5331/5359 4433/5375/5403 5602/5396/5424 4406/5332/5360
f 4433/5375/5403 2394/5374/5402 4426/5397/5425 5602/5396/5424
f 5602/5396/5424 4426/5397/5425 2393/5382/5410 4435/5380/5408
f 4406/5332/5360 5602/5396/5424 4435/5380/5408 2380/5328/5356
f 2392/5384/5412 4447/5398/5426 5603/5399/5427 4423/5395/5423
f 4447/5398/5426 2400/5400/5428 4440/5401/5429 5603/5399/5427
f 5603/5399/5427 4440/5401/5429 2399/5402/5430 4448/5403/5431
f 4423/5395/5423 5603/5399/5427 4448/5403/5431 2391/5392/5420
f 2397/5378/5406 4449/5404/5432 5604/5405/5433 4430/5379/5407
f 4449/5404/5432 2405/5406/5434 4446/5407/5435 5604/5405/5433
f 5604/5405/5433 4446/5407/5435 2404/5408/5436 4450/5409/5437
f 4430/5379/5407 5604/5405/5433 4450/5409/5437 2396/5368/5396
f 2396/5368/5396 4450/5409/5437 5605/5410/5438 4428/5369/5397
f 4450/5409/5437 2404/5408/5436 4444/5411/5439 5605/5410/5438
f 5605/5410/5438 4444/5411/5439 2403/5412/5440 4451/5413/5441
f 4428/5369/5397 5605/5410/5438 4451/5413/5441 2395/5370/5398
f 2394/5374/5402 4452/5414/5442 5606/5415/5443 4426/5397/5425
f 4452/5414/5442 2402/5416/5444 4442/5417/5445 5606/5415/5443
f 5606/5415/5443 4442/5417/5445 2401/5418/5446 4453/5419/5447
f 4426/5397/5425 5606/5415/5443 4453/5419/5447 2393/5382/5410
f 2393/5382/5410 4453/5419/5447 5607/5420/5448 4420/5383/5411
f 4453/5419/5447 2401/5418/5446 4439/5421/5449 5607/5420/5448
f 5607/5420/5448 4439/5421/5449 2400/5400/5428 4447/5398/5426
f 4420/5383/5411 5607/5420/5448 4447/5398/5426 2392/5384/5412
f 2398/5388/5416 4454/5422/5450 5608/5423/5451 4429/5389/5417
f 4454/5422/5450 2406/5424/5452 4445/5425/5453 5608/5423/5451
f 5608/5423/5451 4445/5425/5453 2405/5406/5434 4449/5404/5432
f 4429/5389/5417 5608/5423/5451 4449/5404/5432 2397/5378/5406
f 2395/5370/5398 4451/5413/5441 5609/5426/5454 4427/5373/5401
f 4451/5413/5441 2403/5412/5440 4443/5427/5455 5609/5426/5454
f 5609/5426/5454 4443/5427/5455 2402/5416/5444 4452/5414/5442
f 4427/5373/5401 5609/5426/5454 4452/5414/5442 2394/5374/5402
f 2391/5392/5420 4448/5403/5431 5610/5428/5456 4425/5393/5421
f 4448/5403/5431 2399/5402/5430 4441/5429/5457 5610/5428/5456
f 5610/5428/5456 4441/5429/5457 2406/5424/5452 4454/5422/5450
f 4425/5393/5421 5610/5428/5456 4454/5422/5450 2398/5388/5416
f 2399/5402/5430 4455/5430/5458 5611/5431/5459 4441/5429/5457
f 4455/5430/5458 2407/5432/5460 4456/5433/5461 5611/5431/5459
f 5611/5431/5459 4456/5433/5461 2405/5406/5434 4445/5425/5453
f 4441/5429/5457 5611/5431/5459 4445/5425/5453 2406/5424/5452
f 2407/5432/5460 4457/5434/5462 5612/5435/5463 4456/5433/5461
f 4457/5434/5462 2403/5412/5440 4444/5411/5439 5612/5435/5463
f 5612/5435/5463 4444/5411/5439 2404/5408/5436 4446/5407/5435
f 4456/5433/5461 5612/5435/5463 4446/5407/5435 2405/5406/5434
f 2403/5412/5440 4457/5434/5462 5613/5436/5464 4443/5427/5455
f 4457/5434/5462 2407/5432/5460 4458/5437/5465 5613/5436/5464
f 5613/5436/5464 4458/5437/5465 2401/5418/5446 4442/5417/5445
f 4443/5427/5455 5613/5436/5464 4442/5417/5445 2402/5416/5444
f 2407/5432/5460 4455/5430/5458 5614/5438/5466 4458/5437/5465
f 4455/5430/5458 2399/5402/5430 4440/5401/5429 5614/5438/5466
f 5614/5438/5466 4440/5401/5429 2400/5400/5428 4439/5421/5449
f 4458/5437/5465 5614/5438/5466 4439/5421/5449 2401/5418/5446
f 1878/3242/3266 3410/3344/3368 5615/5439/5467 4409/5338/5366
f 3410/3344/3368 1904/3346/3370 4459/5440/5468 5615/5439/5467
f 5615/5439/5467 4459/5440/5468 2384/5342/5370 4413/5341/5369
f 4409/5338/5366 5615/5439/5467 4413/5341/5369 2382/5335/5363
f 1904/3346/3370 3413/3348/3372 5616/5441/5469 4459/5440/5468
f 3413/3348/3372 1905/3350/3374 4462/5442/5470 5616/5441/5469
f 5616/5441/5469 4462/5442/5470 2386/5348/5376 4416/5347/5375
f 4459/5440/5468 5616/5441/5469 4416/5347/5375 2384/5342/5370
f 2372/5298/5326 4384/5297/5325 5617/5443/5471 4461/5444/5472
f 4384/5297/5325 2378/5278/5306 4424/5363/5391 5617/5443/5471
f 5617/5443/5471 4424/5363/5391 2390/5360/5388 4460/5445/5473
f 4461/5444/5472 5617/5443/5471 4460/5445/5473 2408/5446/5474
f 2408/5446/5474 4460/5445/5473 5618/5447/5475 4463/5448/5476
f 4460/5445/5473 2390/5360/5388 4422/5359/5387 5618/5447/5475
f 5618/5447/5475 4422/5359/5387 2387/5353/5381 4466/5449/5477
f 4463/5448/5476 5618/5447/5475 4466/5449/5477 2409/5450/5478
f 2387/5353/5381 4414/5351/5379 5619/5451/5479 4466/5449/5477
f 4414/5351/5379 2386/5348/5376 4468/5452/5480 5619/5451/5479
f 5619/5451/5479 4468/5452/5480 2410/5453/5481 4464/5454/5482
f 4466/5449/5477 5619/5451/5479 4464/5454/5482 2409/5450/5478
f 2410/5453/5481 4468/5452/5480 5620/5455/5483 4467/5456/5484
f 4468/5452/5480 2386/5348/5376 4462/5442/5470 5620/5455/5483
f 5620/5455/5483 4462/5442/5470 1905/3350/3374 3424/3366/3390
f 4467/5456/5484 5620/5455/5483 3424/3366/3390 1909/3365/3389
f 1909/3365/3389 3423/3368/3392 5621/5457/5485 4467/5456/5484
f 3423/3368/3392 1910/3372/3396 4469/5458/5486 5621/5457/5485
f 5621/5457/5485 4469/5458/5486 2411/5459/5487 4471/5460/5488
f 4467/5456/5484 5621/5457/5485 4471/5460/5488 2410/5453/5481
f 2411/5459/5487 4470/5461/5489 5622/5462/5490 4471/5460/5488
f 4470/5461/5489 2412/5463/5491 4473/5464/5492 5622/5462/5490
f 5622/5462/5490 4473/5464/5492 2409/5450/5478 4464/5454/5482
f 4471/5460/5488 5622/5462/5490 4464/5454/5482 2410/5453/5481
f 2371/5314/5342 4377/5317/5345 5623/5465/5493 4472/5466/5494
f 4377/5317/5345 2372/5298/5326 4461/5444/5472 5623/5465/5493
f 5623/5465/5493 4461/5444/5472 2408/5446/5474 4465/5467/5495
f 4472/5466/5494 5623/5465/5493 4465/5467/5495 2413/5468/5496
f 2413/5468/5496 4465/5467/5495 5624/5469/5497 4474/5470/5498
f 4465/5467/5495 2408/5446/5474 4463/5448/5476 5624/5469/5497
f 5624/5469/5497 4463/5448/5476 2409/5450/5478 4473/5464/5492
f 4474/5470/5498 5624/5469/5497 4473/5464/5492 2412/5463/5491
f 2411/5459/5487 4469/5458/5486 5625/5471/5499 4476/5472/5500
f 4469/5458/5486 1910/3372/3396 4479/5473/5501 5625/5471/5499
f 5625/5471/5499 4479/5473/5501 2415/5474/5502 4477/5475/5503
f 4476/5472/5500 5625/5471/5499 4477/5475/5503 2414/5476/5504
f 2414/5476/5504 4478/5477/5505 5626/5478/5506 4476/5472/5500
f 4478/5477/5505 2416/5479/5507 4480/5480/5508 5626/5478/5506
f 5626/5478/5506 4480/5480/5508 2412/5463/5491 4470/5461/5489
f 4476/5472/5500 5626/5478/5506 4470/5461/5489 2411/5459/5487
f 2416/5479/5507 4481/5481/5509 5627/5482/5510 4480/5480/5508
f 4481/5481/5509 2417/5483/5511 4482/5484/5512 5627/5482/5510
f 5627/5482/5510 4482/5484/5512 2413/5468/5496 4474/5470/5498
f 4480/5480/5508 5627/5482/5510 4474/5470/5498 2412/5463/5491
f 2417/5483/5511 4483/5485/5513 5628/5486/5514 4482/5484/5512
f 4483/5485/5513 2418/5487/5515 4484/5488/5516 5628/5486/5514
f 5628/5486/5514 4484/5488/5516 2419/5489/5517 4486/5490/5518
f 4482/5484/5512 5628/5486/5514 4486/5490/5518 2413/5468/5496
f 2419/5489/5517 4485/5491/5519 5629/5492/5520 4486/5490/5518
f 4485/5491/5519 2370/5282/5310 4376/5315/5343 5629/5492/5520
f 5629/5492/5520 4376/5315/5343 2371/5314/5342 4472/5466/5494
f 4486/5490/5518 5629/5492/5520 4472/5466/5494 2413/5468/5496
f 2418/5487/5515 4475/5493/5521 5630/5494/5522 4484/5488/5516
f 4475/5493/5521 2420/5495/5523 4488/5496/5524 5630/5494/5522
f 5630/5494/5522 4488/5496/5524 2421/5497/5525 4490/5498/5526
f 4484/5488/5516 5630/5494/5522 4490/5498/5526 2419/5489/5517
f 2421/5497/5525 4489/5499/5527 5631/5500/5528 4490/5498/5526
f 4489/5499/5527 2369/5284/5312 4374/5283/5311 5631/5500/5528
f 5631/5500/5528 4374/5283/5311 2370/5282/5310 4485/5491/5519
f 4490/5498/5526 5631/5500/5528 4485/5491/5519 2419/5489/5517
f 2420/5495/5523 4487/5501/5529 5632/5502/5530 4488/5496/5524
f 4487/5501/5529 2422/5503/5531 4491/5504/5532 5632/5502/5530
f 5632/5502/5530 4491/5504/5532 2423/5505/5533 4493/5506/5534
f 4488/5496/5524 5632/5502/5530 4493/5506/5534 2421/5497/5525
f 2422/5503/5531 4492/5507/5535 5633/5508/5536 4491/5504/5532
f 4492/5507/5535 2424/5509/5537 4495/5510/5538 5633/5508/5536
f 5633/5508/5536 4495/5510/5538 2425/5511/5539 4496/5512/5540
f 4491/5504/5532 5633/5508/5536 4496/5512/5540 2423/5505/5533
f 2424/5509/5537 4494/5513/5541 5634/5514/5542 4495/5510/5538
f 4494/5513/5541 2415/5474/5502 4479/5473/5501 5634/5514/5542
f 5634/5514/5542 4479/5473/5501 1910/3372/3396 4497/5515/5543
f 4495/5510/5538 5634/5514/5542 4497/5515/5543 2425/5511/5539
f 2415/5474/5502 4506/5516/5544 5635/5517/5545 4477/5475/5503
f 4506/5516/5544 2427/5518/5546 4499/5519/5547 5635/5517/5545
f 5635/5517/5545 4499/5519/5547 2426/5520/5548 4507/5521/5549
f 4477/5475/5503 5635/5517/5545 4507/5521/5549 2414/5476/5504
f 2418/5487/5515 4508/5522/5550 5636/5523/5551 4475/5493/5521
f 4508/5522/5550 2430/5524/5552 4498/5525/5553 5636/5523/5551
f 5636/5523/5551 4498/5525/5553 2431/5526/5554 4509/5527/5555
f 4475/5493/5521 5636/5523/5551 4509/5527/5555 2420/5495/5523
f 2414/5476/5504 4507/5521/5549 5637/5528/5556 4478/5477/5505
f 4507/5521/5549 2426/5520/5548 4500/5529/5557 5637/5528/5556
f 5637/5528/5556 4500/5529/5557 2428/5530/5558 4510/5531/5559
f 4478/5477/5505 5637/5528/5556 4510/5531/5559 2416/5479/5507
f 2420/5495/5523 4509/5527/5555 5638/5532/5560 4487/5501/5529
f 4509/5527/5555 2431/5526/5554 4503/5533/5561 5638/5532/5560
f 5638/5532/5560 4503/5533/5561 2432/5534/5562 4511/5535/5563
f 4487/5501/5529 5638/5532/5560 4511/5535/5563 2422/5503/5531
f 2424/5509/5537 4512/5536/5564 5639/5537/5565 4494/5513/5541
f 4512/5536/5564 2433/5538/5566 4505/5539/5567 5639/5537/5565
f 5639/5537/5565 4505/5539/5567 2427/5518/5546 4506/5516/5544
f 4494/5513/5541 5639/5537/5565 4506/5516/5544 2415/5474/5502
f 2417/5483/5511 4513/5540/5568 5640/5541/5569 4483/5485/5513
f 4513/5540/5568 2429/5542/5570 4502/5543/5571 5640/5541/5569
f 5640/5541/5569 4502/5543/5571 2430/5524/5552 4508/5522/5550
f 4483/5485/5513 5640/5541/5569 4508/5522/5550 2418/5487/5515
f 2422/5503/5531 4511/5535/5563 5641/5544/5572 4492/5507/5535
f 4511/5535/5563 2432/5534/5562 4504/5545/5573 5641/5544/5572
f 5641/5544/5572 4504/5545/5573 2433/5538/5566 4512/5536/5564
f 4492/5507/5535 5641/5544/5572 4512/5536/5564 2424/5509/5537
f 2416/5479/5507 4510/5531/5559 5642/5546/5574 4481/5481/5509
f 4510/5531/5559 2428/5530/5558 4501/5547/5575 5642/5546/5574
f 5642/5546/5574 4501/5547/5575 2429/5542/5570 4513/5540/5568
f 4481/5481/5509 5642/5546/5574 4513/5540/5568 2417/5483/5511
f 2427/5518/5546 4522/5548/5576 5643/5549/5577 4499/5519/5547
f 4522/5548/5576 2435/5550/5578 4515/5551/5579 5643/5549/5577
f 5643/5549/5577 4515/5551/5579 2434/5552/5580 4523/5553/5581
f 4499/5519/5547 5643/5549/5577 4523/5553/5581 2426/5520/5548
f 2432/5534/5562 4524/5554/5582 5644/5555/5583 4504/5545/5573
f 4524/5554/5582 2440/5556/5584 4520/5557/5585 5644/5555/5583
f 5644/5555/5583 4520/5557/5585 2441/5558/5586 4525/5559/5587
f 4504/5545/5573 5644/5555/5583 4525/5559/5587 2433/5538/5566
f 2429/5542/5570 4526/5560/5588 5645/5561/5589 4502/5543/5571
f 4526/5560/5588 2437/5562/5590 4518/5563/5591 5645/5561/5589
f 5645/5561/5589 4518/5563/5591 2438/5564/5592 4527/5565/5593
f 4502/5543/5571 5645/5561/5589 4527/5565/5593 2430/5524/5552
f 2426/5520/5548 4523/5553/5581 5646/5566/5594 4500/5529/5557
f 4523/5553/5581 2434/5552/5580 4516/5567/5595 5646/5566/5594
f 5646/5566/5594 4516/5567/5595 2436/5568/5596 4528/5569/5597
f 4500/5529/5557 5646/5566/5594 4528/5569/5597 2428/5530/5558
f 2430/5524/5552 4527/5565/5593 5647/5570/5598 4498/5525/5553
f 4527/5565/5593 2438/5564/5592 4514/5571/5599 5647/5570/5598
f 5647/5570/5598 4514/5571/5599 2439/5572/5600 4529/5573/5601
f 4498/5525/5553 5647/5570/5598 4529/5573/5601 2431/5526/5554
f 2433/5538/5566 4525/5559/5587 5648/5574/5602 4505/5539/5567
f 4525/5559/5587 2441/5558/5586 4521/5575/5603 5648/5574/5602
f 5648/5574/5602 4521/5575/5603 2435/5550/5578 4522/5548/5576
f 4505/5539/5567 5648/5574/5602 4522/5548/5576 2427/5518/5546
f 2431/5526/5554 4529/5573/5601 5649/5576/5604 4503/5533/5561
f 4529/5573/5601 2439/5572/5600 4519/5577/5605 5649/5576/5604
f 5649/5576/5604 4519/5577/5605 2440/5556/5584 4524/5554/5582
f 4503/5533/5561 5649/5576/5604 4524/5554/5582 2432/5534/5562
f 2428/5530/5558 4528/5569/5597 5650/5578/5606 4501/5547/5575
f 4528/5569/5597 2436/5568/5596 4517/5579/5607 5650/5578/5606
f 5650/5578/5606 4517/5579/5607 2437/5562/5590 4526/5560/5588
f 4501/5547/5575 5650/5578/5606 4526/5560/5588 2429/5542/5570
f 2435/5550/5578 4544/5580/5608 5651/5581/5609 4515/5551/5579
f 2442/5582/5610 4542/5583/5611 5651/5581/5609 4544/5580/5608
f 2434/5552/5580 4515/5551/5579 5651/5581/5609 4542/5583/5611
f 2436/5568/5596 4543/5584/5612 5652/5585/5613 4517/5579/5607
f 2442/5582/5610 4538/5586/5614 5652/5585/5613 4543/5584/5612
f 2437/5562/5590 4517/5579/5607 5652/5585/5613 4538/5586/5614
f 2439/5572/5600 4530/5587/5615 5653/5588/5616 4519/5577/5605
f 2442/5582/5610 4531/5589/5617 5653/5588/5616 4530/5587/5615
f 2440/5556/5584 4519/5577/5605 5653/5588/5616 4531/5589/5617
f 2441/5558/5586 4536/5590/5618 5654/5591/5619 4521/5575/5603
f 2442/5582/5610 4544/5580/5608 5654/5591/5619 4536/5590/5618
f 2435/5550/5578 4521/5575/5603 5654/5591/5619 4544/5580/5608
f 2438/5564/5592 4540/5592/5620 5655/5593/5621 4514/5571/5599
f 2442/5582/5610 4530/5587/5615 5655/5593/5621 4540/5592/5620
f 2439/5572/5600 4514/5571/5599 5655/5593/5621 4530/5587/5615
f 2434/5552/5580 4542/5583/5611 5656/5594/5622 4516/5567/5595
f 2442/5582/5610 4543/5584/5612 5656/5594/5622 4542/5583/5611
f 2436/5568/5596 4516/5567/5595 5656/5594/5622 4543/5584/5612
f 2437/5562/5590 4538/5586/5614 5657/5595/5623 4518/5563/5591
f 2442/5582/5610 4540/5592/5620 5657/5595/5623 4538/5586/5614
f 2438/5564/5592 4518/5563/5591 5657/5595/5623 4540/5592/5620
f 2440/5556/5584 4531/5589/5617 5658/5596/5624 4520/5557/5585
f 2442/5582/5610 4536/5590/5618 5658/5596/5624 4531/5589/5617
f 2441/5558/5586 4520/5557/5585 5658/5596/5624 4536/5590/5618
f 2423/5505/5533 4547/5597/5625 5659/5598/5626 4493/5506/5534
f 4547/5597/5625 2368/5302/5330 4375/5301/5329 5659/5598/5626
f 5659/5598/5626 4375/5301/5329 2369/5284/5312 4489/5499/5527
f 4493/5506/5534 5659/5598/5626 4489/5499/5527 2421/5497/5525
f 2367/5262/5290 4373/5308/5336 5660/5599/5627 4558/5600/5628
f 2368/5302/5330 4559/5601/5629 5660/5599/5627 4373/5308/5336
f 2451/5602/5630 4558/5600/5628 5660/5599/5627 4559/5601/5629
f 2425/5511/5539 4497/5515/5543 5661/5603/5631 4545/5604/5632
f 1910/3372/3396 3499/3518/3542 5661/5603/5631 4497/5515/5543
f 1949/3517/3541 4545/5604/5632 5661/5603/5631 3499/3518/3542
f 2449/5605/5633 4557/5606/5634 5662/5607/5635 4555/5608/5636
f 4557/5606/5634 2450/5609/5637 4539/5610/5638 5662/5607/5635
f 5662/5607/5635 4539/5610/5638 2446/5611/5639 4535/5612/5640
f 4555/5608/5636 5662/5607/5635 4535/5612/5640 2445/5613/5641
f 2446/5611/5639 4548/5614/5642 5663/5615/5643 4535/5612/5640
f 4548/5614/5642 2447/5616/5644 4532/5617/5645 5663/5615/5643
f 5663/5615/5643 4532/5617/5645 2443/5618/5646 4537/5619/5647
f 4535/5612/5640 5663/5615/5643 4537/5619/5647 2445/5613/5641
f 2443/5618/5646 4532/5617/5645 5664/5620/5648 4541/5621/5649
f 4532/5617/5645 2447/5616/5644 4551/5622/5650 5664/5620/5648
f 5664/5620/5648 4551/5622/5650 2448/5623/5651 4550/5624/5652
f 4541/5621/5649 5664/5620/5648 4550/5624/5652 2444/5625/5653
f 2448/5623/5651 4552/5626/5654 5665/5627/5655 4550/5624/5652
f 4552/5626/5654 1952/3545/3569 3512/3544/3568 5665/5627/5655
f 5665/5627/5655 3512/3544/3568 1951/3543/3567 4533/5628/5656
f 4550/5624/5652 5665/5627/5655 4533/5628/5656 2444/5625/5653
f 1858/3173/3197 4371/5273/5301 5666/5629/5657 3510/3546/3570
f 4371/5273/5301 2365/5272/5300 4554/5630/5658 5666/5629/5657
f 5666/5629/5657 4554/5630/5658 2444/5625/5653 4533/5628/5656
f 3510/3546/3570 5666/5629/5657 4533/5628/5656 1951/3543/3567
f 2366/5264/5292 4553/5631/5659 5667/5632/5660 4372/5291/5319
f 4553/5631/5659 2443/5618/5646 4541/5621/5649 5667/5632/5660
f 5667/5632/5660 4541/5621/5649 2444/5625/5653 4554/5630/5658
f 4372/5291/5319 5667/5632/5660 4554/5630/5658 2365/5272/5300
f 2366/5264/5292 4370/5263/5291 5668/5633/5661 4553/5631/5659
f 4370/5263/5291 2367/5262/5290 4549/5634/5662 5668/5633/5661
f 5668/5633/5661 4549/5634/5662 2445/5613/5641 4537/5619/5647
f 4553/5631/5659 5668/5633/5661 4537/5619/5647 2443/5618/5646
f 1949/3517/3541 3498/3555/3579 5669/5635/5663 4534/5636/5664
f 3498/3555/3579 1947/3557/3581 4556/5637/5665 5669/5635/5663
f 5669/5635/5663 4556/5637/5665 2450/5609/5637 4557/5606/5634
f 4534/5636/5664 5669/5635/5663 4557/5606/5634 2449/5605/5633
f 2367/5262/5290 4558/5600/5628 5670/5638/5666 4549/5634/5662
f 4558/5600/5628 2451/5602/5630 4560/5639/5667 5670/5638/5666
f 5670/5638/5666 4560/5639/5667 2449/5605/5633 4555/5608/5636
f 4549/5634/5662 5670/5638/5666 4555/5608/5636 2445/5613/5641
f 2368/5302/5330 4547/5597/5625 5671/5640/5668 4559/5601/5629
f 4547/5597/5625 2423/5505/5533 4496/5512/5540 5671/5640/5668
f 5671/5640/5668 4496/5512/5540 2425/5511/5539 4546/5641/5669
f 4559/5601/5629 5671/5640/5668 4546/5641/5669 2451/5602/5630
f 2451/5602/5630 4546/5641/5669 5672/5642/5670 4560/5639/5667
f 4546/5641/5669 2425/5511/5539 4545/5604/5632 5672/5642/5670
f 5672/5642/5670 4545/5604/5632 1949/3517/3541 4534/5636/5664
f 4560/5639/5667 5672/5642/5670 4534/5636/5664 2449/5605/5633
f 2450/5609/5637 4566/5643/5671 5673/5644/5672 4539/5610/5638
f 4566/5643/5671 2455/5645/5673 4561/5646/5674 5673/5644/5672
f 5673/5644/5672 4561/5646/5674 2452/5647/5675 4567/5648/5676
f 4539/5610/5638 5673/5644/5672 4567/5648/5676 2446/5611/5639
f 2446/5611/5639 4567/5648/5676 5674/5649/5677 4548/5614/5642
f 4567/5648/5676 2452/5647/5675 4562/5650/5678 5674/5649/5677
f 5674/5649/5677 4562/5650/5678 2453/5651/5679 4568/5652/5680
f 4548/5614/5642 5674/5649/5677 4568/5652/5680 2447/5616/5644
f 2448/5623/5651 4569/5653/5681 5675/5654/5682 4552/5626/5654
f 4569/5653/5681 2454/5655/5683 4564/5656/5684 5675/5654/5682
f 5675/5654/5682 4564/5656/5684 1960/3576/3600 3530/3575/3599
f 4552/5626/5654 5675/5654/5682 3530/3575/3599 1952/3545/3569
f 2447/5616/5644 4568/5652/5680 5676/5657/5685 4551/5622/5650
f 4568/5652/5680 2453/5651/5679 4563/5658/5686 5676/5657/5685
f 5676/5657/5685 4563/5658/5686 2454/5655/5683 4569/5653/5681
f 4551/5622/5650 5676/5657/5685 4569/5653/5681 2448/5623/5651
f 1947/3557/3581 3531/3582/3606 5677/5659/5687 4556/5637/5665
f 3531/3582/3606 1957/3584/3608 4565/5660/5688 5677/5659/5687
f 5677/5659/5687 4565/5660/5688 2455/5645/5673 4566/5643/5671
f 4556/5637/5665 5677/5659/5687 4566/5643/5671 2450/5609/5637
f 2453/5651/5679 4571/5661/5689 5678/5662/5690 4563/5658/5686
f 1962/3588/3612 4572/5663/5691 5678/5662/5690 4571/5661/5689
f 2454/5655/5683 4563/5658/5686 5678/5662/5690 4572/5663/5691
f 2455/5645/5673 4573/5664/5692 5679/5665/5693 4561/5646/5674
f 1962/3588/3612 4570/5666/5694 5679/5665/5693 4573/5664/5692
f 2452/5647/5675 4561/5646/5674 5679/5665/5693 4570/5666/5694
f 2454/5655/5683 4572/5663/5691 5680/5667/5695 4564/5656/5684
f 1962/3588/3612 3536/3593/3617 5680/5667/5695 4572/5663/5691
f 1960/3576/3600 4564/5656/5684 5680/5667/5695 3536/3593/3617
f 2452/5647/5675 4570/5666/5694 5681/5668/5696 4562/5650/5678
f 1962/3588/3612 4571/5661/5689 5681/5668/5696 4570/5666/5694
f 2453/5651/5679 4562/5650/5678 5681/5668/5696 4571/5661/5689
f 1957/3584/3608 3537/3596/3620 5682/5669/5697 4565/5660/5688
f 1962/3588/3612 4573/5664/5692 5682/5669/5697 3537/3596/3620
f 2455/5645/5673 4565/5660/5688 5682/5669/5697 4573/5664/5692
f 2256/4757/4784 4177/4875/4902 5683/5670/5698 4583/5671/5699
f 4177/4875/4902 2275/4865/4892 4593/4862/4889 5683/5670/5698
f 5683/5670/5698 4593/4862/4889 2475/4861/4888 4595/4876/4903
f 4583/5671/5699 5683/5670/5698 4595/4876/4903 2465/4759/4786
f 2276/4870/4897 4170/4878/4905 5684/5672/5700 4172/4871/4898
f 4170/4878/4905 2475/4861/4888 4596/4864/4891 5684/5672/5700
f 5684/5672/5700 4596/4864/4891 2476/4769/4796 4594/5673/5701
f 4172/4871/4898 5684/5672/5700 4594/5673/5701 2278/4872/4899
f 2258/4374/4398 4168/4854/4881 5685/5674/5702 4585/5675/5703
f 4168/4854/4881 2271/4853/4880 4591/5676/5704 5685/5674/5702
f 5685/5674/5702 4591/5676/5704 2473/4850/4877 4597/4855/4882
f 4585/5675/5703 5685/5674/5702 4597/4855/4882 2467/4773/4800
f 2273/4793/4820 4592/4792/4819 5686/5677/5705 4163/4852/4879
f 4592/4792/4819 2474/4791/4818 4598/4845/4872 5686/5677/5705
f 5686/5677/5705 4598/4845/4872 2473/4850/4877 4591/5676/5704
f 4163/4852/4879 5686/5677/5705 4591/5676/5704 2271/4853/4880
f 2263/4798/4825 4161/4842/4869 5687/5678/5706 4587/5679/5707
f 4161/4842/4869 2267/4841/4868 4589/5680/5708 5687/5678/5706
f 5687/5678/5706 4589/5680/5708 2471/4832/4859 4599/4833/4860
f 4587/5679/5707 5687/5678/5706 4599/4833/4860 2469/4799/4826
f 2268/4815/4842 4590/4814/4841 5688/5681/5709 4154/4840/4867
f 4590/4814/4841 2472/4813/4840 4600/4827/4854 5688/5681/5709
f 5688/5681/5709 4600/4827/4854 2471/4832/4859 4589/5680/5708
f 4154/4840/4867 5688/5681/5709 4589/5680/5708 2267/4841/4868
f 2265/4817/4844 4159/4838/4865 5689/5682/5710 4149/4824/4851
f 4159/4838/4865 2270/4828/4855 4156/4825/4852 5689/5682/5710
f 5689/5682/5710 4156/4825/4852 2472/4813/4840 4601/4810/4837
f 4149/4824/4851 5689/5682/5710 4601/4810/4837 2470/4809/4836
f 2263/4798/4825 4587/5679/5707 5690/5683/5711 4145/4807/4834
f 4587/5679/5707 2469/4799/4826 4602/4802/4829 5690/5683/5711
f 5690/5683/5711 4602/4802/4829 2468/4787/4814 4586/4790/4817
f 4145/4807/4834 5690/5683/5711 4586/4790/4817 2261/4784/4811
f 2262/4805/4832 4167/4860/4887 5691/5684/5712 4143/4806/4833
f 4167/4860/4887 2274/4846/4873 4164/4843/4870 5691/5684/5712
f 5691/5684/5712 4164/4843/4870 2474/4791/4818 4603/4788/4815
f 4143/4806/4833 5691/5684/5712 4603/4788/4815 2468/4787/4814
f 2258/4374/4398 4585/5675/5703 5692/5685/5713 4135/4372/4396
f 4585/5675/5703 2467/4773/4800 4604/4776/4803 5692/5685/5713
f 5692/5685/5713 4604/4776/4803 2466/4765/4792 4134/4768/4795
f 4135/4372/4396 5692/5685/5713 4134/4768/4795 2160/4354/4378
f 2257/4779/4806 4175/4873/4900 5693/5686/5714 4584/4780/4807
f 4175/4873/4900 2278/4872/4899 4594/5673/5701 5693/5686/5714
f 5693/5686/5714 4594/5673/5701 2476/4769/4796 4605/4766/4793
f 4584/4780/4807 5693/5686/5714 4605/4766/4793 2466/4765/4792
f 2256/4757/4784 4583/5671/5699 5694/5687/5715 4132/4758/4785
f 4583/5671/5699 2465/4759/4786 4606/4762/4789 5694/5687/5715
f 5694/5687/5715 4606/4762/4789 2464/4710/4737 4582/5688/5716
f 4132/4758/4785 5694/5687/5715 4582/5688/5716 2159/4356/4380
f 2211/4596/4623 4055/4595/4622 5695/5689/5717 4578/4661/4688
f 4055/4595/4622 2222/4590/4617 4071/5690/5718 5695/5689/5717
f 5695/5689/5717 4071/5690/5718 2456/4735/4762 4607/4740/4767
f 4578/4661/4688 5695/5689/5717 4607/4740/4767 2460/4658/4685
f 2155/4335/4359 4579/5691/5719 5696/5692/5720 4044/4589/4616
f 4579/5691/5719 2461/4728/4755 4608/4733/4760 5696/5692/5720
f 5696/5692/5720 4608/4733/4760 2456/4735/4762 4071/5690/5718
f 4044/4589/4616 5696/5692/5720 4071/5690/5718 2222/4590/4617
f 2155/4335/4359 3920/4337/4361 5697/5693/5721 4579/5691/5719
f 3920/4337/4361 2156/4339/4363 4099/5694/5722 5697/5693/5721
f 5697/5693/5721 4099/5694/5722 2458/4727/4754 4609/4729/4756
f 4579/5691/5719 5697/5693/5721 4609/4729/4756 2461/4728/4755
f 2157/4343/4367 4580/5695/5723 5698/5696/5724 3922/4341/4365
f 4580/5695/5723 2462/4720/4747 4610/4725/4752 5698/5696/5724
f 5698/5696/5724 4610/4725/4752 2458/4727/4754 4099/5694/5722
f 3922/4341/4365 5698/5696/5724 4099/5694/5722 2156/4339/4363
f 2157/4343/4367 3924/4345/4369 5699/5697/5725 4580/5695/5723
f 3924/4345/4369 2158/4347/4371 4103/5698/5726 5699/5697/5725
f 5699/5697/5725 4103/5698/5726 2459/4719/4746 4611/4721/4748
f 4580/5695/5723 5699/5697/5725 4611/4721/4748 2462/4720/4747
f 2164/4348/4372 4581/5699/5727 5700/5700/5728 3934/4376/4400
f 4581/5699/5727 2463/4715/4742 4612/4717/4744 5700/5700/5728
f 5700/5700/5728 4612/4717/4744 2459/4719/4746 4103/5698/5726
f 3934/4376/4400 5700/5700/5728 4103/5698/5726 2158/4347/4371
f 2159/4356/4380 4582/5688/5716 5701/5701/5729 3926/4351/4375
f 4582/5688/5716 2464/4710/4737 4613/4713/4740 5701/5701/5729
f 5701/5701/5729 4613/4713/4740 2463/4715/4742 4581/5699/5727
f 3926/4351/4375 5701/5701/5729 4581/5699/5727 2164/4348/4372
f 2243/4612/4639 4121/4739/4766 5702/5702/5730 4106/4742/4769
f 4121/4739/4766 2245/4738/4765 4575/5306/5334 5702/5702/5730
f 5702/5702/5730 4575/5306/5334 2457/4662/4689 4614/4659/4686
f 4106/4742/4769 5702/5702/5730 4614/4659/4686 2460/4658/4685
usemtl M_Alien_Eyes
f 5703/5703/5731 5710/5704/5732 5709/5705/5733 5846/5706/5734
f 5780/5707/5735 5716/5708/5736 5707/5709/5737
f 5706/5710/5738 5714/5711/5739 5713/5712/5740 5705/5713/5741
f 5847/5714/5742 5711/5715/5743 5710/5704/5732 5703/5703/5731
f 5845/5716/5744 5708/5717/5745 5790/5718/5746
f 5848/5719/5747 5715/5720/5748 5714/5711/5739 5706/5710/5738
f 5704/5721/5749 5712/5722/5750 5711/5715/5743 5847/5714/5742
f 5846/5706/5734 5709/5705/5733 5708/5717/5745 5845/5716/5744
f 5707/5709/5737 5716/5708/5736 5715/5720/5748 5848/5719/5747
f 5705/5713/5741 5713/5712/5740 5712/5722/5750 5704/5721/5749
f 5710/5704/5732 5719/5723/5751 5718/5724/5752 5709/5705/5733
f 5780/5707/5735 5725/5725/5753 5716/5708/5736
f 5714/5711/5739 5723/5726/5754 5722/5727/5755 5713/5712/5740
f 5711/5715/5743 5720/5728/5756 5719/5723/5751 5710/5704/5732
f 5708/5717/5745 5717/5729/5757 5790/5718/5746
f 5715/5720/5748 5724/5730/5758 5723/5726/5754 5714/5711/5739
f 5712/5722/5750 5721/5731/5759 5720/5728/5756 5711/5715/5743
f 5709/5705/5733 5718/5724/5752 5717/5729/5757 5708/5717/5745
f 5716/5708/5736 5725/5725/5753 5724/5730/5758 5715/5720/5748
f 5713/5712/5740 5722/5727/5755 5721/5731/5759 5712/5722/5750
f 5722/5727/5755 5731/5732/5760 5730/5733/5761 5721/5731/5759
f 5719/5723/5751 5728/5734/5762 5727/5735/5763 5718/5724/5752
f 5780/5707/5735 5734/5736/5764 5725/5725/5753
f 5723/5726/5754 5732/5737/5765 5731/5732/5760 5722/5727/5755
f 5720/5728/5756 5729/5738/5766 5728/5734/5762 5719/5723/5751
f 5717/5729/5757 5726/5739/5767 5790/5718/5746
f 5724/5730/5758 5733/5740/5768 5732/5737/5765 5723/5726/5754
f 5721/5731/5759 5730/5733/5761 5729/5738/5766 5720/5728/5756
f 5718/5724/5752 5727/5735/5763 5726/5739/5767 5717/5729/5757
f 5725/5725/5753 5734/5736/5764 5733/5740/5768 5724/5730/5758
f 5727/5735/5763 5736/5741/5769 5735/5742/5770 5726/5739/5767
f 5734/5736/5764 5743/5743/5771 5742/5744/5772 5733/5740/5768
f 5731/5732/5760 5740/5745/5773 5739/5746/5774 5730/5733/5761
f 5728/5734/5762 5737/5747/5775 5736/5741/5769 5727/5735/5763
f 5780/5707/5735 5743/5743/5771 5734/5736/5764
f 5732/5737/5765 5741/5748/5776 5740/5745/5773 5731/5732/5760
f 5729/5738/5766 5738/5749/5777 5737/5747/5775 5728/5734/5762
f 5726/5739/5767 5735/5742/5770 5790/5718/5746
f 5733/5740/5768 5742/5744/5772 5741/5748/5776 5732/5737/5765
f 5730/5733/5761 5739/5746/5774 5738/5749/5777 5729/5738/5766
f 5742/5744/5772 5751/5750/5778 5750/5751/5779 5741/5748/5776
f 5739/5746/5774 5748/5752/5780 5747/5753/5781 5738/5749/5777
f 5736/5741/5769 5745/5754/5782 5744/5755/5783 5735/5742/5770
f 5743/5743/5771 5752/5756/5784 5751/5750/5778 5742/5744/5772
f 5740/5745/5773 5749/5757/5785 5748/5752/5780 5739/5746/5774
f 5737/5747/5775 5746/5758/5786 5745/5754/5782 5736/5741/5769
f 5780/5707/5735 5752/5756/5784 5743/5743/5771
f 5741/5748/5776 5750/5751/5779 5749/5757/5785 5740/5745/5773
f 5738/5749/5777 5747/5753/5781 5746/5758/5786 5737/5747/5775
f 5735/5742/5770 5744/5755/5783 5790/5718/5746
f 5747/5753/5781 5756/5759/5787 5755/5760/5788 5746/5758/5786
f 5744/5755/5783 5753/5761/5789 5790/5718/5746
f 5751/5750/5778 5760/5762/5790 5759/5763/5791 5750/5751/5779
f 5748/5752/5780 5757/5764/5792 5756/5759/5787 5747/5753/5781
f 5745/5754/5782 5754/5765/5793 5753/5761/5789 5744/5755/5783
f 5752/5756/5784 5761/5766/5794 5760/5762/5790 5751/5750/5778
f 5749/5757/5785 5758/5767/5795 5757/5764/5792 5748/5752/5780
f 5746/5758/5786 5755/5760/5788 5754/5765/5793 5745/5754/5782
f 5780/5707/5735 5761/5766/5794 5752/5756/5784
f 5750/5751/5779 5759/5763/5791 5758/5767/5795 5749/5757/5785
f 5759/5763/5791 5768/5768/5796 5767/5769/5797 5758/5767/5795
f 5756/5759/5787 5765/5770/5798 5764/5771/5799 5755/5760/5788
f 5753/5761/5789 5762/5772/5800 5790/5718/5746
f 5760/5762/5790 5769/5773/5801 5768/5768/5796 5759/5763/5791
f 5757/5764/5792 5766/5774/5802 5765/5770/5798 5756/5759/5787
f 5754/5765/5793 5763/5775/5803 5762/5772/5800 5753/5761/5789
f 5761/5766/5794 5770/5776/5804 5769/5773/5801 5760/5762/5790
f 5758/5767/5795 5767/5769/5797 5766/5774/5802 5757/5764/5792
f 5755/5760/5788 5764/5771/5799 5763/5775/5803 5754/5765/5793
f 5780/5707/5735 5770/5776/5804 5761/5766/5794
f 5764/5771/5799 5773/5777/5805 5772/5778/5806 5763/5775/5803
f 5780/5707/5735 5779/5779/5807 5770/5776/5804
f 5768/5768/5796 5777/5780/5808 5776/5781/5809 5767/5769/5797
f 5765/5770/5798 5774/5782/5810 5773/5777/5805 5764/5771/5799
f 5762/5772/5800 5771/5783/5811 5790/5718/5746
f 5769/5773/5801 5778/5784/5812 5777/5780/5808 5768/5768/5796
f 5766/5774/5802 5775/5785/5813 5774/5782/5810 5765/5770/5798
f 5763/5775/5803 5772/5778/5806 5771/5783/5811 5762/5772/5800
f 5770/5776/5804 5779/5779/5807 5778/5784/5812 5769/5773/5801
f 5767/5769/5797 5776/5781/5809 5775/5785/5813 5766/5774/5802
f 5779/5779/5807 5789/5786/5814 5788/5787/5815 5778/5784/5812
f 5776/5781/5809 5786/5788/5816 5785/5789/5817 5775/5785/5813
f 5773/5777/5805 5783/5790/5818 5782/5791/5819 5772/5778/5806
f 5780/5707/5735 5789/5786/5814 5779/5779/5807
f 5777/5780/5808 5787/5792/5820 5786/5788/5816 5776/5781/5809
f 5774/5782/5810 5784/5793/5821 5783/5790/5818 5773/5777/5805
f 5771/5783/5811 5781/5794/5822 5790/5718/5746
f 5778/5784/5812 5788/5787/5815 5787/5792/5820 5777/5780/5808
f 5775/5785/5813 5785/5789/5817 5784/5793/5821 5774/5782/5810
f 5772/5778/5806 5782/5791/5819 5781/5794/5822 5771/5783/5811
f 5785/5789/5817 5795/5795/5823 5794/5796/5824 5784/5793/5821
f 5782/5791/5819 5792/5797/5825 5791/5798/5826 5781/5794/5822
f 5789/5786/5814 5799/5799/5827 5798/5800/5828 5788/5787/5815
f 5786/5788/5816 5796/5801/5829 5795/5795/5823 5785/5789/5817
f 5783/5790/5818 5793/5802/5830 5792/5797/5825 5782/5791/5819
f 5780/5707/5735 5799/5799/5827 5789/5786/5814
f 5787/5792/5820 5797/5803/5831 5796/5801/5829 5786/5788/5816
f 5784/5793/5821 5794/5796/5824 5793/5802/5830 5783/5790/5818
f 5781/5794/5822 5791/5798/5826 5790/5718/5746
f 5788/5787/5815 5798/5800/5828 5797/5803/5831 5787/5792/5820
f 5791/5798/5826 5800/5804/5832 5790/5718/5746
f 5798/5800/5828 5807/5805/5833 5806/5806/5834 5797/5803/5831
f 5795/5795/5823 5804/5807/5835 5803/5808/5836 5794/5796/5824
f 5792/5797/5825 5801/5809/5837 5800/5804/5832 5791/5798/5826
f 5799/5799/5827 5808/5810/5838 5807/5805/5833 5798/5800/5828
f 5796/5801/5829 5805/5811/5839 5804/5807/5835 5795/5795/5823
f 5793/5802/5830 5802/5812/5840 5801/5809/5837 5792/5797/5825
f 5780/5707/5735 5808/5810/5838 5799/5799/5827
f 5797/5803/5831 5806/5806/5834 5805/5811/5839 5796/5801/5829
f 5794/5796/5824 5803/5808/5836 5802/5812/5840 5793/5802/5830
f 5803/5808/5836 5812/5813/5841 5811/5814/5842 5802/5812/5840
f 5800/5804/5832 5809/5815/5843 5790/5718/5746
f 5807/5805/5833 5816/5816/5844 5815/5817/5845 5806/5806/5834
f 5804/5807/5835 5813/5818/5846 5812/5813/5841 5803/5808/5836
f 5801/5809/5837 5810/5819/5847 5809/5815/5843 5800/5804/5832
f 5808/5810/5838 5817/5820/5848 5816/5816/5844 5807/5805/5833
f 5805/5811/5839 5814/5821/5849 5813/5818/5846 5804/5807/5835
f 5802/5812/5840 5811/5814/5842 5810/5819/5847 5801/5809/5837
f 5780/5707/5735 5817/5820/5848 5808/5810/5838
f 5806/5806/5834 5815/5817/5845 5814/5821/5849 5805/5811/5839
f 5780/5707/5735 5826/5822/5850 5817/5820/5848
f 5815/5817/5845 5824/5823/5851 5823/5824/5852 5814/5821/5849
f 5812/5813/5841 5821/5825/5853 5820/5826/5854 5811/5814/5842
f 5809/5815/5843 5818/5827/5855 5790/5718/5746
f 5816/5816/5844 5825/5828/5856 5824/5823/5851 5815/5817/5845
f 5813/5818/5846 5822/5829/5857 5821/5825/5853 5812/5813/5841
f 5810/5819/5847 5819/5830/5858 5818/5827/5855 5809/5815/5843
f 5817/5820/5848 5826/5822/5850 5825/5828/5856 5816/5816/5844
f 5814/5821/5849 5823/5824/5852 5822/5829/5857 5813/5818/5846
f 5811/5814/5842 5820/5826/5854 5819/5830/5858 5810/5819/5847
f 5823/5824/5852 5832/5831/5859 5831/5832/5860 5822/5829/5857
f 5820/5826/5854 5829/5833/5861 5828/5834/5862 5819/5830/5858
f 5780/5707/5735 5835/5835/5863 5826/5822/5850
f 5824/5823/5851 5833/5836/5864 5832/5831/5859 5823/5824/5852
f 5821/5825/5853 5830/5837/5865 5829/5833/5861 5820/5826/5854
f 5818/5827/5855 5827/5838/5866 5790/5718/5746
f 5825/5828/5856 5834/5839/5867 5833/5836/5864 5824/5823/5851
f 5822/5829/5857 5831/5832/5860 5830/5837/5865 5821/5825/5853
f 5819/5830/5858 5828/5834/5862 5827/5838/5866 5818/5827/5855
f 5826/5822/5850 5835/5835/5863 5834/5839/5867 5825/5828/5856
f 5828/5834/5862 5837/5840/5868 5836/5841/5869 5827/5838/5866
f 5835/5835/5863 5844/5842/5870 5843/5843/5871 5834/5839/5867
f 5832/5831/5859 5841/5844/5872 5840/5845/5873 5831/5832/5860
f 5829/5833/5861 5838/5846/5874 5837/5840/5868 5828/5834/5862
f 5780/5707/5735 5844/5842/5870 5835/5835/5863
f 5833/5836/5864 5842/5847/5875 5841/5844/5872 5832/5831/5859
f 5830/5837/5865 5839/5848/5876 5838/5846/5874 5829/5833/5861
f 5827/5838/5866 5836/5841/5869 5790/5718/5746
f 5834/5839/5867 5843/5843/5871 5842/5847/5875 5833/5836/5864
f 5831/5832/5860 5840/5845/5873 5839/5848/5876 5830/5837/5865
f 5840/5845/5873 5704/5721/5749 5847/5714/5742 5839/5848/5876
f 5837/5840/5868 5846/5706/5734 5845/5716/5744 5836/5841/5869
f 5844/5842/5870 5707/5709/5737 5848/5719/5747 5843/5843/5871
f 5841/5844/5872 5705/5713/5741 5704/5721/5749 5840/5845/5873
f 5838/5846/5874 5703/5703/5731 5846/5706/5734 5837/5840/5868
f 5780/5707/5735 5707/5709/5737 5844/5842/5870
f 5842/5847/5875 5706/5710/5738 5705/5713/5741 5841/5844/5872
f 5839/5848/5876 5847/5714/5742 5703/5703/5731 5838/5846/5874
f 5836/5841/5869 5845/5716/5744 5790/5718/5746
f 5843/5843/5871 5848/5719/5747 5706/5710/5738 5842/5847/5875
f 5849/5849/5731 5856/5850/5732 5855/5851/5733 5992/5852/5734
f 5926/5853/5735 5862/5854/5736 5853/5855/5737
f 5852/5856/5738 5860/5857/5739 5859/5858/5740 5851/5859/5741
f 5993/5860/5742 5857/5861/5743 5856/5850/5732 5849/5849/5731
f 5991/5862/5744 5854/5863/5745 5936/5864/5746
f 5994/5865/5747 5861/5866/5748 5860/5857/5739 5852/5856/5738
f 5850/5867/5749 5858/5868/5750 5857/5861/5743 5993/5860/5742
f 5992/5852/5734 5855/5851/5733 5854/5863/5745 5991/5862/5744
f 5853/5855/5737 5862/5854/5736 5861/5866/5748 5994/5865/5747
f 5851/5859/5741 5859/5858/5740 5858/5868/5750 5850/5867/5749
f 5856/5850/5732 5865/5869/5751 5864/5870/5752 5855/5851/5733
f 5926/5853/5735 5871/5871/5753 5862/5854/5736
f 5860/5857/5739 5869/5872/5754 5868/5873/5755 5859/5858/5740
f 5857/5861/5743 5866/5874/5756 5865/5869/5751 5856/5850/5732
f 5854/5863/5745 5863/5875/5757 5936/5864/5746
f 5861/5866/5748 5870/5876/5758 5869/5872/5754 5860/5857/5739
f 5858/5868/5750 5867/5877/5759 5866/5874/5756 5857/5861/5743
f 5855/5851/5733 5864/5870/5752 5863/5875/5757 5854/5863/5745
f 5862/5854/5736 5871/5871/5753 5870/5876/5758 5861/5866/5748
f 5859/5858/5740 5868/5873/5755 5867/5877/5759 5858/5868/5750
f 5868/5873/5755 5877/5878/5760 5876/5879/5761 5867/5877/5759
f 5865/5869/5751 5874/5880/5762 5873/5881/5877 5864/5870/5752
f 5926/5853/5735 5880/5882/5764 5871/5871/5753
f 5869/5872/5754 5878/5883/5765 5877/5878/5760 5868/5873/5755
f 5866/5874/5756 5875/5884/5766 5874/5880/5762 5865/5869/5751
f 5863/5875/5757 5872/5885/5767 5936/5864/5746
f 5870/5876/5758 5879/5886/5768 5878/5883/5765 5869/5872/5754
f 5867/5877/5759 5876/5879/5761 5875/5884/5766 5866/5874/5756
f 5864/5870/5752 5873/5881/5877 5872/5885/5767 5863/5875/5757
f 5871/5871/5753 5880/5882/5764 5879/5886/5768 5870/5876/5758
f 5873/5881/5877 5882/5887/5769 5881/5888/5770 5872/5885/5767
f 5880/5882/5764 5889/5889/5771 5888/5890/5772 5879/5886/5768
f 5877/5878/5760 5886/5891/5878 5885/5892/5879 5876/5879/5761
f 5874/5880/5762 5883/5893/5775 5882/5887/5769 5873/5881/5877
f 5926/5853/5735 5889/5889/5771 5880/5882/5764
f 5878/5883/5765 5887/5894/5880 5886/5891/5878 5877/5878/5760
f 5875/5884/5766 5884/5895/5881 5883/5893/5775 5874/5880/5762
f 5872/5885/5767 5881/5888/5770 5936/5864/5746
f 5879/5886/5768 5888/5890/5772 5887/5894/5880 5878/5883/5765
f 5876/5879/5761 5885/5892/5879 5884/5895/5881 5875/5884/5766
f 5888/5890/5772 5897/5896/5882 5896/5897/5883 5887/5894/5880
f 5885/5892/5879 5894/5898/5884 5893/5899/5885 5884/5895/5881
f 5882/5887/5769 5891/5900/5782 5890/5901/5783 5881/5888/5770
f 5889/5889/5771 5898/5902/5784 5897/5896/5882 5888/5890/5772
f 5886/5891/5878 5895/5903/5886 5894/5898/5884 5885/5892/5879
f 5883/5893/5775 5892/5904/5887 5891/5900/5782 5882/5887/5769
f 5926/5853/5735 5898/5902/5784 5889/5889/5771
f 5887/5894/5880 5896/5897/5883 5895/5903/5886 5886/5891/5878
f 5884/5895/5881 5893/5899/5885 5892/5904/5887 5883/5893/5775
f 5881/5888/5770 5890/5901/5783 5936/5864/5746
f 5893/5899/5885 5902/5905/5888 5901/5906/5889 5892/5904/5887
f 5890/5901/5783 5899/5907/5789 5936/5864/5746
f 5897/5896/5882 5906/5908/5890 5905/5909/5891 5896/5897/5883
f 5894/5898/5884 5903/5910/5892 5902/5905/5888 5893/5899/5885
f 5891/5900/5782 5900/5911/5793 5899/5907/5789 5890/5901/5783
f 5898/5902/5784 5907/5912/5794 5906/5908/5890 5897/5896/5882
f 5895/5903/5886 5904/5913/5893 5903/5910/5892 5894/5898/5884
f 5892/5904/5887 5901/5906/5889 5900/5911/5793 5891/5900/5782
f 5926/5853/5735 5907/5912/5794 5898/5902/5784
f 5896/5897/5883 5905/5909/5891 5904/5913/5893 5895/5903/5886
f 5905/5909/5891 5914/5914/5894 5913/5915/5895 5904/5913/5893
f 5902/5905/5888 5911/5916/5896 5910/5917/5897 5901/5906/5889
f 5899/5907/5789 5908/5918/5800 5936/5864/5746
f 5906/5908/5890 5915/5919/5898 5914/5914/5894 5905/5909/5891
f 5903/5910/5892 5912/5920/5899 5911/5916/5896 5902/5905/5888
f 5900/5911/5793 5909/5921/5803 5908/5918/5800 5899/5907/5789
f 5907/5912/5794 5916/5922/5804 5915/5919/5898 5906/5908/5890
f 5904/5913/5893 5913/5915/5895 5912/5920/5899 5903/5910/5892
f 5901/5906/5889 5910/5917/5897 5909/5921/5803 5900/5911/5793
f 5926/5853/5735 5916/5922/5804 5907/5912/5794
f 5910/5917/5897 5919/5923/5900 5918/5924/5806 5909/5921/5803
f 5926/5853/5735 5925/5925/5807 5916/5922/5804
f 5914/5914/5894 5923/5926/5901 5922/5927/5902 5913/5915/5895
f 5911/5916/5896 5920/5928/5903 5919/5923/5900 5910/5917/5897
f 5908/5918/5800 5917/5929/5811 5936/5864/5746
f 5915/5919/5898 5924/5930/5812 5923/5926/5901 5914/5914/5894
f 5912/5920/5899 5921/5931/5904 5920/5928/5903 5911/5916/5896
f 5909/5921/5803 5918/5924/5806 5917/5929/5811 5908/5918/5800
f 5916/5922/5804 5925/5925/5807 5924/5930/5812 5915/5919/5898
f 5913/5915/5895 5922/5927/5902 5921/5931/5904 5912/5920/5899
f 5925/5925/5807 5935/5932/5814 5934/5933/5815 5924/5930/5812
f 5922/5927/5902 5932/5934/5816 5931/5935/5817 5921/5931/5904
f 5919/5923/5900 5929/5936/5818 5928/5937/5819 5918/5924/5806
f 5926/5853/5735 5935/5932/5814 5925/5925/5807
f 5923/5926/5901 5933/5938/5820 5932/5934/5816 5922/5927/5902
f 5920/5928/5903 5930/5939/5821 5929/5936/5818 5919/5923/5900
f 5917/5929/5811 5927/5940/5822 5936/5864/5746
f 5924/5930/5812 5934/5933/5815 5933/5938/5820 5923/5926/5901
f 5921/5931/5904 5931/5935/5817 5930/5939/5821 5920/5928/5903
f 5918/5924/5806 5928/5937/5819 5927/5940/5822 5917/5929/5811
f 5931/5935/5817 5941/5941/5823 5940/5942/5824 5930/5939/5821
f 5928/5937/5819 5938/5943/5825 5937/5944/5826 5927/5940/5822
f 5935/5932/5814 5945/5945/5827 5944/5946/5828 5934/5933/5815
f 5932/5934/5816 5942/5947/5829 5941/5941/5823 5931/5935/5817
f 5929/5936/5818 5939/5948/5830 5938/5943/5825 5928/5937/5819
f 5926/5853/5735 5945/5945/5827 5935/5932/5814
f 5933/5938/5820 5943/5949/5831 5942/5947/5829 5932/5934/5816
f 5930/5939/5821 5940/5942/5824 5939/5948/5830 5929/5936/5818
f 5927/5940/5822 5937/5944/5826 5936/5864/5746
f 5934/5933/5815 5944/5946/5828 5943/5949/5831 5933/5938/5820
f 5937/5944/5826 5946/5950/5832 5936/5864/5746
f 5944/5946/5828 5953/5951/5833 5952/5952/5834 5943/5949/5831
f 5941/5941/5823 5950/5953/5835 5949/5954/5836 5940/5942/5824
f 5938/5943/5825 5947/5955/5837 5946/5950/5832 5937/5944/5826
f 5945/5945/5827 5954/5956/5838 5953/5951/5833 5944/5946/5828
f 5942/5947/5829 5951/5957/5839 5950/5953/5835 5941/5941/5823
f 5939/5948/5830 5948/5958/5840 5947/5955/5837 5938/5943/5825
f 5926/5853/5735 5954/5956/5838 5945/5945/5827
f 5943/5949/5831 5952/5952/5834 5951/5957/5839 5942/5947/5829
f 5940/5942/5824 5949/5954/5836 5948/5958/5840 5939/5948/5830
f 5949/5954/5836 5958/5959/5841 5957/5960/5842 5948/5958/5840
f 5946/5950/5832 5955/5961/5843 5936/5864/5746
f 5953/5951/5833 5962/5962/5844 5961/5963/5845 5952/5952/5834
f 5950/5953/5835 5959/5964/5846 5958/5959/5841 5949/5954/5836
f 5947/5955/5837 5956/5965/5847 5955/5961/5843 5946/5950/5832
f 5954/5956/5838 5963/5966/5848 5962/5962/5844 5953/5951/5833
f 5951/5957/5839 5960/5967/5849 5959/5964/5846 5950/5953/5835
f 5948/5958/5840 5957/5960/5842 5956/5965/5847 5947/5955/5837
f 5926/5853/5735 5963/5966/5848 5954/5956/5838
f 5952/5952/5834 5961/5963/5845 5960/5967/5849 5951/5957/5839
f 5926/5853/5735 5972/5968/5850 5963/5966/5848
f 5961/5963/5845 5970/5969/5851 5969/5970/5852 5960/5967/5849
f 5958/5959/5841 5967/5971/5853 5966/5972/5854 5957/5960/5842
f 5955/5961/5843 5964/5973/5905 5936/5864/5746
f 5962/5962/5844 5971/5974/5856 5970/5969/5851 5961/5963/5845
f 5959/5964/5846 5968/5975/5857 5967/5971/5853 5958/5959/5841
f 5956/5965/5847 5965/5976/5858 5964/5973/5905 5955/5961/5843
f 5963/5966/5848 5972/5968/5850 5971/5974/5856 5962/5962/5844
f 5960/5967/5849 5969/5970/5852 5968/5975/5857 5959/5964/5846
f 5957/5960/5842 5966/5972/5854 5965/5976/5858 5956/5965/5847
f 5969/5970/5852 5978/5977/5859 5977/5978/5860 5968/5975/5857
f 5966/5972/5854 5975/5979/5861 5974/5980/5862 5965/5976/5858
f 5926/5853/5735 5981/5981/5863 5972/5968/5850
f 5970/5969/5851 5979/5982/5864 5978/5977/5859 5969/5970/5852
f 5967/5971/5853 5976/5983/5865 5975/5979/5861 5966/5972/5854
f 5964/5973/5905 5973/5984/5866 5936/5864/5746
f 5971/5974/5856 5980/5985/5867 5979/5982/5864 5970/5969/5851
f 5968/5975/5857 5977/5978/5860 5976/5983/5865 5967/5971/5853
f 5965/5976/5858 5974/5980/5862 5973/5984/5866 5964/5973/5905
f 5972/5968/5850 5981/5981/5863 5980/5985/5867 5971/5974/5856
f 5974/5980/5862 5983/5986/5868 5982/5987/5869 5973/5984/5866
f 5981/5981/5863 5990/5988/5870 5989/5989/5871 5980/5985/5867
f 5978/5977/5859 5987/5990/5872 5986/5991/5873 5977/5978/5860
f 5975/5979/5861 5984/5992/5874 5983/5986/5868 5974/5980/5862
f 5926/5853/5735 5990/5988/5870 5981/5981/5863
f 5979/5982/5864 5988/5993/5875 5987/5990/5872 5978/5977/5859
f 5976/5983/5865 5985/5994/5876 5984/5992/5874 5975/5979/5861
f 5973/5984/5866 5982/5987/5869 5936/5864/5746
f 5980/5985/5867 5989/5989/5871 5988/5993/5875 5979/5982/5864
f 5977/5978/5860 5986/5991/5873 5985/5994/5876 5976/5983/5865
f 5986/5991/5873 5850/5867/5749 5993/5860/5742 5985/5994/5876
f 5983/5986/5868 5992/5852/5734 5991/5862/5744 5982/5987/5869
f 5990/5988/5870 5853/5855/5737 5994/5865/5747 5989/5989/5871
f 5987/5990/5872 5851/5859/5741 5850/5867/5749 5986/5991/5873
f 5984/5992/5874 5849/5849/5731 5992/5852/5734 5983/5986/5868
f 5926/5853/5735 5853/5855/5737 5990/5988/5870
f 5988/5993/5875 5852/5856/5738 5851/5859/5741 5987/5990/5872
f 5985/5994/5876 5993/5860/5742 5849/5849/5731 5984/5992/5874
f 5982/5987/5869 5991/5862/5744 5936/5864/5746
f 5989/5989/5871 5994/5865/5747 5852/5856/5738 5988/5993/5875
f 5995/5995/5906 6138/5996/5907 6001/5997/5908 6002/5998/5909
f 6072/5999/5910 5999/6000/5911 6008/6001/5912
f 5998/6002/5913 5997/6003/5914 6005/6004/5915 6006/6005/5916
f 6139/6006/5917 5995/5995/5906 6002/5998/5909 6003/6007/5918
f 6137/6008/5919 6082/6009/5920 6000/6010/5921
f 6140/6011/5922 5998/6002/5913 6006/6005/5916 6007/6012/5923
f 5996/6013/5924 6139/6006/5917 6003/6007/5918 6004/6014/5925
f 6138/5996/5907 6137/6008/5919 6000/6010/5921 6001/5997/5908
f 5999/6000/5911 6140/6011/5922 6007/6012/5923 6008/6001/5912
f 5997/6003/5914 5996/6013/5924 6004/6014/5925 6005/6004/5915
f 6002/5998/5909 6001/5997/5908 6010/6015/5926 6011/6016/5927
f 6072/5999/5910 6008/6001/5912 6017/6017/5928
f 6006/6005/5916 6005/6004/5915 6014/6018/5929 6015/6019/5930
f 6003/6007/5918 6002/5998/5909 6011/6016/5927 6012/6020/5931
f 6000/6010/5921 6082/6009/5920 6009/6021/5932
f 6007/6012/5923 6006/6005/5916 6015/6019/5930 6016/6022/5933
f 6004/6014/5925 6003/6007/5918 6012/6020/5931 6013/6023/5934
f 6001/5997/5908 6000/6010/5921 6009/6021/5932 6010/6015/5926
f 6008/6001/5912 6007/6012/5923 6016/6022/5933 6017/6017/5928
f 6005/6004/5915 6004/6014/5925 6013/6023/5934 6014/6018/5929
f 6014/6018/5929 6013/6023/5934 6022/6024/5935 6023/6025/5936
f 6011/6016/5927 6010/6015/5926 6019/6026/5937 6020/6027/5938
f 6072/5999/5910 6017/6017/5928 6026/6028/5939
f 6015/6019/5930 6014/6018/5929 6023/6025/5936 6024/6029/5940
f 6012/6020/5931 6011/6016/5927 6020/6027/5938 6021/6030/5941
f 6009/6021/5932 6082/6009/5920 6018/6031/5942
f 6016/6022/5933 6015/6019/5930 6024/6029/5940 6025/6032/5943
f 6013/6023/5934 6012/6020/5931 6021/6030/5941 6022/6024/5935
f 6010/6015/5926 6009/6021/5932 6018/6031/5942 6019/6026/5937
f 6017/6017/5928 6016/6022/5933 6025/6032/5943 6026/6028/5939
f 6019/6026/5937 6018/6031/5942 6027/6033/5944 6028/6034/5945
f 6026/6028/5939 6025/6032/5943 6034/6035/5946 6035/6036/5947
f 6023/6025/5936 6022/6024/5935 6031/6037/5948 6032/6038/5949
f 6020/6027/5938 6019/6026/5937 6028/6034/5945 6029/6039/5950
f 6072/5999/5910 6026/6028/5939 6035/6036/5947
f 6024/6029/5940 6023/6025/5936 6032/6038/5949 6033/6040/5951
f 6021/6030/5941 6020/6027/5938 6029/6039/5950 6030/6041/5952
f 6018/6031/5942 6082/6009/5920 6027/6033/5944
f 6025/6032/5943 6024/6029/5940 6033/6040/5951 6034/6035/5946
f 6022/6024/5935 6021/6030/5941 6030/6041/5952 6031/6037/5948
f 6034/6035/5946 6033/6040/5951 6042/6042/5953 6043/6043/5954
f 6031/6037/5948 6030/6041/5952 6039/6044/5955 6040/6045/5956
f 6028/6034/5945 6027/6033/5944 6036/6046/5957 6037/6047/5958
f 6035/6036/5947 6034/6035/5946 6043/6043/5954 6044/6048/5959
f 6032/6038/5949 6031/6037/5948 6040/6045/5956 6041/6049/5960
f 6029/6039/5950 6028/6034/5945 6037/6047/5958 6038/6050/5961
f 6072/5999/5910 6035/6036/5947 6044/6048/5959
f 6033/6040/5951 6032/6038/5949 6041/6049/5960 6042/6042/5953
f 6030/6041/5952 6029/6039/5950 6038/6050/5961 6039/6044/5955
f 6027/6033/5944 6082/6009/5920 6036/6046/5957
f 6039/6044/5955 6038/6050/5961 6047/6051/5962 6048/6052/5963
f 6036/6046/5957 6082/6009/5920 6045/6053/5964
f 6043/6043/5954 6042/6042/5953 6051/6054/5965 6052/6055/5966
f 6040/6045/5956 6039/6044/5955 6048/6052/5963 6049/6056/5967
f 6037/6047/5958 6036/6046/5957 6045/6053/5964 6046/6057/5968
f 6044/6048/5959 6043/6043/5954 6052/6055/5966 6053/6058/5969
f 6041/6049/5960 6040/6045/5956 6049/6056/5967 6050/6059/5970
f 6038/6050/5961 6037/6047/5958 6046/6057/5968 6047/6051/5962
f 6072/5999/5910 6044/6048/5959 6053/6058/5969
f 6042/6042/5953 6041/6049/5960 6050/6059/5970 6051/6054/5965
f 6051/6054/5965 6050/6059/5970 6059/6060/5971 6060/6061/5972
f 6048/6052/5963 6047/6051/5962 6056/6062/5973 6057/6063/5974
f 6045/6053/5964 6082/6009/5920 6054/6064/5975
f 6052/6055/5966 6051/6054/5965 6060/6061/5972 6061/6065/5976
f 6049/6056/5967 6048/6052/5963 6057/6063/5974 6058/6066/5977
f 6046/6057/5968 6045/6053/5964 6054/6064/5975 6055/6067/5978
f 6053/6058/5969 6052/6055/5966 6061/6065/5976 6062/6068/5979
f 6050/6059/5970 6049/6056/5967 6058/6066/5977 6059/6060/5971
f 6047/6051/5962 6046/6057/5968 6055/6067/5978 6056/6062/5973
f 6072/5999/5910 6053/6058/5969 6062/6068/5979
f 6056/6062/5973 6055/6067/5978 6064/6069/5980 6065/6070/5981
f 6072/5999/5910 6062/6068/5979 6071/6071/5982
f 6060/6061/5972 6059/6060/5971 6068/6072/5983 6069/6073/5984
f 6057/6063/5974 6056/6062/5973 6065/6070/5981 6066/6074/5985
f 6054/6064/5975 6082/6009/5920 6063/6075/5986
f 6061/6065/5976 6060/6061/5972 6069/6073/5984 6070/6076/5987
f 6058/6066/5977 6057/6063/5974 6066/6074/5985 6067/6077/5988
f 6055/6067/5978 6054/6064/5975 6063/6075/5986 6064/6069/5980
f 6062/6068/5979 6061/6065/5976 6070/6076/5987 6071/6071/5982
f 6059/6060/5971 6058/6066/5977 6067/6077/5988 6068/6072/5983
f 6071/6071/5982 6070/6076/5987 6080/6078/5989 6081/6079/5990
f 6068/6072/5983 6067/6077/5988 6077/6080/5991 6078/6081/5992
f 6065/6070/5981 6064/6069/5980 6074/6082/5993 6075/6083/5994
f 6072/5999/5910 6071/6071/5982 6081/6079/5990
f 6069/6073/5984 6068/6072/5983 6078/6081/5992 6079/6084/5995
f 6066/6074/5985 6065/6070/5981 6075/6083/5994 6076/6085/5996
f 6063/6075/5986 6082/6009/5920 6073/6086/5997
f 6070/6076/5987 6069/6073/5984 6079/6084/5995 6080/6078/5989
f 6067/6077/5988 6066/6074/5985 6076/6085/5996 6077/6080/5991
f 6064/6069/5980 6063/6075/5986 6073/6086/5997 6074/6082/5993
f 6077/6080/5991 6076/6085/5996 6086/6087/5998 6087/6088/5999
f 6074/6082/5993 6073/6086/5997 6083/6089/6000 6084/6090/6001
f 6081/6079/5990 6080/6078/5989 6090/6091/6002 6091/6092/6003
f 6078/6081/5992 6077/6080/5991 6087/6088/5999 6088/6093/6004
f 6075/6083/5994 6074/6082/5993 6084/6090/6001 6085/6094/6005
f 6072/5999/5910 6081/6079/5990 6091/6092/6003
f 6079/6084/5995 6078/6081/5992 6088/6093/6004 6089/6095/6006
f 6076/6085/5996 6075/6083/5994 6085/6094/6005 6086/6087/5998
f 6073/6086/5997 6082/6009/5920 6083/6089/6000
f 6080/6078/5989 6079/6084/5995 6089/6095/6006 6090/6091/6002
f 6083/6089/6000 6082/6009/5920 6092/6096/6007
f 6090/6091/6002 6089/6095/6006 6098/6097/6008 6099/6098/6009
f 6087/6088/5999 6086/6087/5998 6095/6099/6010 6096/6100/6011
f 6084/6090/6001 6083/6089/6000 6092/6096/6007 6093/6101/6012
f 6091/6092/6003 6090/6091/6002 6099/6098/6009 6100/6102/6013
f 6088/6093/6004 6087/6088/5999 6096/6100/6011 6097/6103/6014
f 6085/6094/6005 6084/6090/6001 6093/6101/6012 6094/6104/6015
f 6072/5999/5910 6091/6092/6003 6100/6102/6013
f 6089/6095/6006 6088/6093/6004 6097/6103/6014 6098/6097/6008
f 6086/6087/5998 6085/6094/6005 6094/6104/6015 6095/6099/6010
f 6095/6099/6010 6094/6104/6015 6103/6105/6016 6104/6106/6017
f 6092/6096/6007 6082/6009/5920 6101/6107/6018
f 6099/6098/6009 6098/6097/6008 6107/6108/6019 6108/6109/6020
f 6096/6100/6011 6095/6099/6010 6104/6106/6017 6105/6110/6021
f 6093/6101/6012 6092/6096/6007 6101/6107/6018 6102/6111/6022
f 6100/6102/6013 6099/6098/6009 6108/6109/6020 6109/6112/6023
f 6097/6103/6014 6096/6100/6011 6105/6110/6021 6106/6113/6024
f 6094/6104/6015 6093/6101/6012 6102/6111/6022 6103/6105/6016
f 6072/5999/5910 6100/6102/6013 6109/6112/6023
f 6098/6097/6008 6097/6103/6014 6106/6113/6024 6107/6108/6019
f 6072/5999/5910 6109/6112/6023 6118/6114/6025
f 6107/6108/6019 6106/6113/6024 6115/6115/6026 6116/6116/6027
f 6104/6106/6017 6103/6105/6016 6112/6117/6028 6113/6118/6029
f 6101/6107/6018 6082/6009/5920 6110/6119/6030
f 6108/6109/6020 6107/6108/6019 6116/6116/6027 6117/6120/6031
f 6105/6110/6021 6104/6106/6017 6113/6118/6029 6114/6121/6032
f 6102/6111/6022 6101/6107/6018 6110/6119/6030 6111/6122/6033
f 6109/6112/6023 6108/6109/6020 6117/6120/6031 6118/6114/6025
f 6106/6113/6024 6105/6110/6021 6114/6121/6032 6115/6115/6026
f 6103/6105/6016 6102/6111/6022 6111/6122/6033 6112/6117/6028
f 6115/6115/6026 6114/6121/6032 6123/6123/6034 6124/6124/6035
f 6112/6117/6028 6111/6122/6033 6120/6125/6036 6121/6126/6037
f 6072/5999/5910 6118/6114/6025 6127/6127/6038
f 6116/6116/6027 6115/6115/6026 6124/6124/6035 6125/6128/6039
f 6113/6118/6029 6112/6117/6028 6121/6126/6037 6122/6129/6040
f 6110/6119/6030 6082/6009/5920 6119/6130/6041
f 6117/6120/6031 6116/6116/6027 6125/6128/6039 6126/6131/6042
f 6114/6121/6032 6113/6118/6029 6122/6129/6040 6123/6123/6034
f 6111/6122/6033 6110/6119/6030 6119/6130/6041 6120/6125/6036
f 6118/6114/6025 6117/6120/6031 6126/6131/6042 6127/6127/6038
f 6120/6125/6036 6119/6130/6041 6128/6132/6043 6129/6133/6044
f 6127/6127/6038 6126/6131/6042 6135/6134/6045 6136/6135/6046
f 6124/6124/6035 6123/6123/6034 6132/6136/6047 6133/6137/6048
f 6121/6126/6037 6120/6125/6036 6129/6133/6044 6130/6138/6049
f 6072/5999/5910 6127/6127/6038 6136/6135/6046
f 6125/6128/6039 6124/6124/6035 6133/6137/6048 6134/6139/6050
f 6122/6129/6040 6121/6126/6037 6130/6138/6049 6131/6140/6051
f 6119/6130/6041 6082/6009/5920 6128/6132/6043
f 6126/6131/6042 6125/6128/6039 6134/6139/6050 6135/6134/6045
f 6123/6123/6034 6122/6129/6040 6131/6140/6051 6132/6136/6047
f 6132/6136/6047 6131/6140/6051 6139/6006/5917 5996/6013/5924
f 6129/6133/6044 6128/6132/6043 6137/6008/5919 6138/5996/5907
f 6136/6135/6046 6135/6134/6045 6140/6011/5922 5999/6000/5911
f 6133/6137/6048 6132/6136/6047 5996/6013/5924 5997/6003/5914
f 6130/6138/6049 6129/6133/6044 6138/5996/5907 5995/5995/5906
f 6072/5999/5910 6136/6135/6046 5999/6000/5911
f 6134/6139/6050 6133/6137/6048 5997/6003/5914 5998/6002/5913
f 6131/6140/6051 6130/6138/6049 5995/5995/5906 6139/6006/5917
f 6128/6132/6043 6082/6009/5920 6137/6008/5919
f 6135/6134/6045 6134/6139/6050 5998/6002/5913 6140/6011/5922
