# Blender v3.6.0 OBJ File: 'AllModules_Unreal.blend'
# www.blender.org
mtllib Prop_Teleporter.mtl
o Prop_Teleporter_Cylinder.006
v 1.533021 0.137130 0.000000
v 1.416327 0.137130 0.586662
v 1.084010 0.137130 1.084010
v 0.586662 0.137130 1.416327
v 0.299078 0.137130 1.503564
v -0.851701 0.137130 1.274660
v -1.274660 0.137130 0.851701
v -1.416327 0.137130 0.586662
v 1.181843 0.321895 0.000000
v 1.159134 0.321895 0.230566
v 1.091881 0.321895 0.452272
v 0.982667 0.321895 0.656597
v 0.656597 0.321895 0.982667
v 0.452272 0.321895 1.091881
v 0.230566 0.321895 1.159134
v -0.000000 0.321895 1.181843
v -0.656597 0.321895 0.982667
v -0.835689 0.321895 0.835689
v -0.982667 0.321895 0.656597
v 0.718106 0.168331 0.142840
v 0.676441 0.168331 0.280191
v 0.608781 0.168331 0.406774
v 0.517726 0.168331 0.517726
v -0.000000 0.168331 0.732175
v -0.517726 0.168331 0.517726
v -0.732175 0.168331 0.000000
v 0.775370 0.168401 0.000000
v 1.124216 0.293171 0.000000
v 0.760472 0.168401 0.151267
v 1.102615 0.293171 0.219324
v 0.716349 0.168401 0.296721
v 1.038640 0.293171 0.430219
v 0.644697 0.168401 0.430773
v 0.934752 0.293171 0.624581
v 0.548270 0.168401 0.548270
v 0.794941 0.293171 0.794941
v 0.430773 0.168401 0.644697
v 0.624581 0.293171 0.934752
v 0.296721 0.168401 0.716349
v 0.430219 0.293171 1.038640
v 0.151267 0.168401 0.760472
v 0.219324 0.293171 1.102615
v -0.000000 0.168401 0.775370
v -0.000000 0.293171 1.124216
v -0.151267 0.168401 0.760472
v -0.219324 0.293171 1.102615
v -0.296721 0.168401 0.716349
v -0.430219 0.293171 1.038640
v -0.430773 0.168401 0.644697
v -0.624581 0.293171 0.934752
v -0.548270 0.168401 0.548270
v -0.794941 0.293171 0.794941
v -0.644697 0.168401 0.430773
v -0.934752 0.293171 0.624581
v -0.716349 0.168401 0.296721
v -1.038640 0.293171 0.430219
v -0.760472 0.168401 0.151267
v -1.102615 0.293171 0.219324
v -0.775370 0.168401 0.000000
v -1.124216 0.293171 0.000000
v 0.000000 0.119543 1.616670
v -0.315397 0.119543 1.585606
v -0.618673 0.119543 1.493608
v -0.898173 0.119543 1.344212
v -1.143158 0.119543 1.143158
v -1.344212 0.119543 0.898173
v -1.493608 0.119543 0.618673
v -1.585606 0.119543 0.315397
v -1.616670 0.119543 0.000000
v 0.000000 0.119543 1.915125
v -0.373622 0.119543 1.878327
v -0.732887 0.119543 1.769345
v -1.063987 0.119543 1.592368
v -1.354198 0.119543 1.354198
v -1.592368 0.119543 1.063987
v -1.769345 0.119543 0.732887
v -1.878327 0.119543 0.373622
v -1.915125 0.119543 0.000000
v 0.000000 -0.016027 1.999785
v -0.390139 -0.016027 1.961360
v -0.765285 -0.016027 1.847560
v -1.111021 -0.016027 1.662760
v -1.414062 -0.016027 1.414062
v -1.662760 -0.016027 1.111021
v -1.847560 -0.016027 0.765285
v -1.961360 -0.016027 0.390139
v -1.999785 -0.016027 0.000000
v 0.315397 0.119543 1.585606
v 0.618673 0.119543 1.493608
v 0.898173 0.119543 1.344212
v 1.143158 0.119543 1.143158
v 1.344212 0.119543 0.898173
v 1.493608 0.119543 0.618673
v 1.585606 0.119543 0.315397
v 1.616670 0.119543 0.000000
v 0.373622 0.119543 1.878327
v 0.732887 0.119543 1.769345
v 1.063987 0.119543 1.592368
v 1.354198 0.119543 1.354198
v 1.592368 0.119543 1.063987
v 1.769345 0.119543 0.732887
v 1.878327 0.119543 0.373622
v 1.915125 0.119543 0.000000
v 0.390139 -0.016027 1.961360
v 0.765285 -0.016027 1.847560
v 1.111021 -0.016027 1.662760
v 1.414062 -0.016027 1.414062
v 1.662760 -0.016027 1.111021
v 1.847560 -0.016027 0.765285
v 1.961360 -0.016027 0.390139
v 1.999785 -0.016027 0.000000
v 1.533021 0.080299 0.000000
v 1.503564 0.080299 0.299078
v 1.416327 0.080299 0.586662
v 1.274660 0.080299 0.851701
v 1.084010 0.080299 1.084010
v 0.851701 0.080299 1.274660
v 0.586662 0.080299 1.416327
v 0.299078 0.080299 1.503564
v -0.000000 0.080299 1.533021
v -0.299078 0.080299 1.503564
v -0.586662 0.080299 1.416327
v -0.851701 0.080299 1.274660
v -1.084010 0.080299 1.084010
v -1.274660 0.080299 0.851701
v -1.416327 0.080299 0.586662
v -1.503564 0.080299 0.299078
v -1.533021 0.080299 0.000000
v 0.000000 0.012131 1.591528
v -0.310492 0.012131 1.560947
v -0.609051 0.012131 1.470380
v -0.884205 0.012131 1.323307
v -1.125380 0.012131 1.125380
v -1.323307 0.012131 0.884205
v -1.470380 0.012131 0.609051
v -1.560947 0.012131 0.310492
v -1.591528 0.012131 0.000000
v 0.310492 0.012131 1.560947
v 0.609051 0.012131 1.470380
v 0.884205 0.012131 1.323307
v 1.125380 0.012131 1.125380
v 1.323307 0.012131 0.884205
v 1.470380 0.012131 0.609051
v 1.560947 0.012131 0.310492
v 1.591528 0.012131 0.000000
v 1.274660 0.137130 -0.851701
v 0.851701 0.137130 -1.274660
v 0.586662 0.137130 -1.416327
v -0.299078 0.137130 -1.503564
v -0.851701 0.137130 -1.274660
v -1.274660 0.137130 -0.851701
v 1.159134 0.321895 -0.230566
v 0.835689 0.321895 -0.835689
v 0.230566 0.321895 -1.159134
v -0.452272 0.321895 -1.091881
v -0.656597 0.321895 -0.982667
v 0.718106 0.168331 -0.142840
v 0.676441 0.168331 -0.280191
v 0.280191 0.168331 -0.676441
v 0.142840 0.168331 -0.718106
v -0.000000 0.168331 -0.732175
v -0.280191 0.168331 -0.676441
v -0.406774 0.168331 -0.608781
v -0.608781 0.168331 -0.406774
v -0.676441 0.168331 -0.280191
v 0.760472 0.168401 -0.151267
v 1.102615 0.293171 -0.219324
v 0.716349 0.168401 -0.296721
v 1.038640 0.293171 -0.430219
v 0.644697 0.168401 -0.430773
v 0.934752 0.293171 -0.624581
v 0.548270 0.168401 -0.548270
v 0.794941 0.293171 -0.794941
v 0.430773 0.168401 -0.644697
v 0.624581 0.293171 -0.934752
v 0.296721 0.168401 -0.716349
v 0.430219 0.293171 -1.038640
v 0.151267 0.168401 -0.760472
v 0.219324 0.293171 -1.102615
v -0.000000 0.168401 -0.775370
v -0.000000 0.293171 -1.124216
v -0.151267 0.168401 -0.760472
v -0.219324 0.293171 -1.102615
v -0.296721 0.168401 -0.716349
v -0.430219 0.293171 -1.038640
v -0.430773 0.168401 -0.644697
v -0.624581 0.293171 -0.934752
v -0.548270 0.168401 -0.548270
v -0.794941 0.293171 -0.794941
v -0.644697 0.168401 -0.430773
v -0.934752 0.293171 -0.624581
v -0.716349 0.168401 -0.296721
v -1.038640 0.293171 -0.430219
v -0.760472 0.168401 -0.151267
v -1.102615 0.293171 -0.219324
v 0.000000 0.119543 -1.616670
v -0.315397 0.119543 -1.585606
v -0.618673 0.119543 -1.493608
v -0.898173 0.119543 -1.344212
v -1.143158 0.119543 -1.143158
v -1.344212 0.119543 -0.898173
v -1.493608 0.119543 -0.618673
v -1.585606 0.119543 -0.315397
v 0.000000 0.119543 -1.915125
v -0.373622 0.119543 -1.878327
v -0.732887 0.119543 -1.769345
v -1.063987 0.119543 -1.592368
v -1.354198 0.119543 -1.354198
v -1.592368 0.119543 -1.063987
v -1.769345 0.119543 -0.732887
v -1.878327 0.119543 -0.373622
v 0.000000 -0.016027 -1.999785
v -0.390139 -0.016027 -1.961360
v -0.765285 -0.016027 -1.847560
v -1.111021 -0.016027 -1.662760
v -1.414062 -0.016027 -1.414062
v -1.662760 -0.016027 -1.111021
v -1.847560 -0.016027 -0.765285
v -1.961360 -0.016027 -0.390139
v 0.315397 0.119543 -1.585606
v 0.618673 0.119543 -1.493608
v 0.898173 0.119543 -1.344212
v 1.143158 0.119543 -1.143158
v 1.344212 0.119543 -0.898173
v 1.493608 0.119543 -0.618673
v 1.585606 0.119543 -0.315397
v 0.373622 0.119543 -1.878327
v 0.732887 0.119543 -1.769345
v 1.063987 0.119543 -1.592368
v 1.354198 0.119543 -1.354198
v 1.592368 0.119543 -1.063987
v 1.769345 0.119543 -0.732887
v 1.878327 0.119543 -0.373622
v 0.390139 -0.016027 -1.961360
v 0.765285 -0.016027 -1.847560
v 1.111021 -0.016027 -1.662760
v 1.414062 -0.016027 -1.414062
v 1.662760 -0.016027 -1.111021
v 1.847560 -0.016027 -0.765285
v 1.961360 -0.016027 -0.390139
v 1.503564 0.080299 -0.299078
v 1.416327 0.080299 -0.586662
v 1.274660 0.080299 -0.851701
v 1.084010 0.080299 -1.084010
v 0.851701 0.080299 -1.274660
v 0.586662 0.080299 -1.416327
v 0.299078 0.080299 -1.503564
v -0.000000 0.080299 -1.533021
v -0.299078 0.080299 -1.503564
v -0.586662 0.080299 -1.416327
v -0.851701 0.080299 -1.274660
v -1.084010 0.080299 -1.084010
v -1.274660 0.080299 -0.851701
v -1.416327 0.080299 -0.586662
v -1.503564 0.080299 -0.299078
v 0.000000 0.012131 -1.591528
v -0.310492 0.012131 -1.560947
v -0.609051 0.012131 -1.470380
v -0.884205 0.012131 -1.323307
v -1.125380 0.012131 -1.125380
v -1.323307 0.012131 -0.884205
v -1.470380 0.012131 -0.609051
v -1.560947 0.012131 -0.310492
v 0.310492 0.012131 -1.560947
v 0.609051 0.012131 -1.470380
v 0.884205 0.012131 -1.323307
v 1.125380 0.012131 -1.125380
v 1.323307 0.012131 -0.884205
v 1.470380 0.012131 -0.609051
v 1.560947 0.012131 -0.310492
v -0.065027 0.143136 0.533193
v -0.065027 0.352397 1.067649
v -0.065027 0.146575 1.412243
v -0.065027 0.352397 1.412243
v 0.065027 0.143136 0.533193
v 0.065027 0.352397 1.067649
v 0.065027 0.146575 1.412243
v 0.065027 0.352397 1.412243
v -0.533193 0.143136 -0.065027
v -1.067649 0.352397 -0.065027
v -1.412243 0.146575 -0.065027
v -1.412243 0.352397 -0.065027
v -0.533193 0.143136 0.065027
v -1.067649 0.352397 0.065027
v -1.412243 0.146575 0.065027
v -1.412243 0.352397 0.065027
v 0.065027 0.143136 -0.533193
v 0.065027 0.352397 -1.067649
v 0.065028 0.146575 -1.412243
v 0.065028 0.352397 -1.412243
v -0.065027 0.143136 -0.533193
v -0.065027 0.352397 -1.067649
v -0.065027 0.146575 -1.412243
v -0.065027 0.352397 -1.412243
v 0.533193 0.143136 0.065027
v 1.067649 0.352397 0.065028
v 1.412243 0.146575 0.065028
v 1.412243 0.352397 0.065028
v 0.533193 0.143136 -0.065027
v 1.067649 0.352397 -0.065027
v 1.412243 0.146575 -0.065027
v 1.412243 0.352397 -0.065027
v 0.732175 0.168331 0.000000
v 0.406774 0.168331 0.608781
v 0.280191 0.168331 0.676441
v 0.142840 0.168331 0.718106
v 0.000000 0.178406 0.000000
v -0.718106 0.168331 0.142840
v -0.676441 0.168331 0.280191
v -0.608781 0.168331 0.406774
v -0.406774 0.168331 0.608781
v -0.280191 0.168331 0.676441
v -0.142840 0.168331 0.718106
v 0.608781 0.168331 -0.406774
v 0.517726 0.168331 -0.517726
v 0.406774 0.168331 -0.608781
v -0.718106 0.168331 -0.142840
v -0.517726 0.168331 -0.517726
v -0.142840 0.168331 -0.718106
v -0.084213 -0.036453 2.188666
v -0.084213 0.208348 1.892366
v -0.084213 -0.036453 1.446106
v -0.084213 0.208348 1.446106
v 0.084213 -0.036453 2.188666
v 0.084213 0.208348 1.892366
v 0.084213 -0.036453 1.446106
v 0.084213 0.208348 1.446106
v -2.188666 -0.036454 -0.084213
v -1.892366 0.208348 -0.084213
v -1.446106 -0.036454 -0.084213
v -1.446106 0.208348 -0.084213
v -2.188666 -0.036454 0.084213
v -1.892366 0.208348 0.084213
v -1.446106 -0.036454 0.084213
v -1.446106 0.208348 0.084213
v 0.084213 -0.036454 -2.188666
v 0.084213 0.208348 -1.892366
v 0.084213 -0.036454 -1.446106
v 0.084213 0.208348 -1.446106
v -0.084213 -0.036454 -2.188666
v -0.084213 0.208348 -1.892366
v -0.084213 -0.036454 -1.446106
v -0.084213 0.208348 -1.446106
v 2.188666 -0.036454 0.084213
v 1.892366 0.208348 0.084213
v 1.446106 -0.036454 0.084213
v 1.446106 0.208348 0.084213
v 2.188666 -0.036454 -0.084212
v 1.892366 0.208348 -0.084212
v 1.446106 -0.036454 -0.084213
v 1.446106 0.208348 -0.084213
v 0.673294 0.166840 -0.289739
v 0.672309 0.201583 -0.289739
v 0.448493 0.195238 0.064673
v 0.448493 0.195238 -0.065834
v 0.735418 0.203372 -0.289739
v 0.735418 0.203372 0.284852
v 0.668584 0.201478 0.284852
v 0.449478 0.160496 -0.065834
v 0.449478 0.160496 0.064673
v 0.736403 0.168629 -0.289739
v 0.736403 0.168629 0.284852
v 0.669569 0.166735 0.284852
v 0.289739 0.166840 0.673294
v 0.289739 0.201583 0.672309
v -0.064673 0.195238 0.448493
v 0.065834 0.195238 0.448493
v 0.289739 0.203372 0.735418
v -0.284852 0.203372 0.735418
v -0.284852 0.201477 0.668584
v 0.065834 0.160495 0.449478
v -0.064673 0.160495 0.449478
v 0.289739 0.168629 0.736403
v -0.284852 0.168629 0.736403
v -0.284852 0.166735 0.669569
v -0.673294 0.166840 0.289739
v -0.672309 0.201583 0.289739
v -0.448493 0.195238 -0.064673
v -0.448493 0.195238 0.065834
v -0.735418 0.203372 0.289739
v -0.735418 0.203372 -0.284852
v -0.668584 0.201477 -0.284852
v -0.449478 0.160495 0.065834
v -0.449478 0.160495 -0.064673
v -0.736403 0.168629 0.289739
v -0.736403 0.168629 -0.284852
v -0.669569 0.166734 -0.284852
v -0.289739 0.166840 -0.673294
v -0.289739 0.201583 -0.672309
v 0.064673 0.195238 -0.448493
v -0.065834 0.195238 -0.448493
v -0.289739 0.203372 -0.735418
v 0.284852 0.203372 -0.735418
v 0.284852 0.201477 -0.668584
v -0.065834 0.160495 -0.449478
v 0.064673 0.160495 -0.449478
v -0.289739 0.168629 -0.736403
v 0.284852 0.168629 -0.736403
v 0.284852 0.166734 -0.669569
v 1.503564 0.137130 0.299078
v 1.274660 0.137130 0.851701
v 0.851701 0.137130 1.274660
v -0.000000 0.137130 1.533021
v -0.299078 0.137130 1.503564
v -0.586662 0.137130 1.416327
v -1.084010 0.137130 1.084010
v -1.503564 0.137130 0.299078
v -1.533021 0.137130 0.000000
v 1.289976 0.316752 0.000000
v 1.265189 0.316752 0.251662
v 1.191782 0.316752 0.493652
v 1.072575 0.316752 0.716672
v 0.912150 0.316752 0.912150
v 0.716672 0.316752 1.072575
v 0.493652 0.316752 1.191782
v 0.251662 0.316752 1.265189
v -0.000000 0.316752 1.289976
v -0.251662 0.316752 1.265189
v -0.493652 0.316752 1.191782
v -0.716672 0.316752 1.072575
v -0.912150 0.316752 0.912150
v -1.072575 0.316752 0.716672
v -1.191782 0.316752 0.493652
v -1.265189 0.316752 0.251662
v -1.289976 0.316752 0.000000
v 0.835689 0.321895 0.835689
v -0.230566 0.321895 1.159134
v -0.452272 0.321895 1.091881
v -1.091881 0.321895 0.452272
v -1.159134 0.321895 0.230566
v -1.181843 0.321895 0.000000
v 1.488435 0.208597 0.000000
v 1.459835 0.208597 0.290379
v 1.375134 0.208597 0.569599
v 1.237588 0.208597 0.826930
v 1.052482 0.208597 1.052482
v 0.826930 0.208597 1.237588
v 0.569599 0.208597 1.375134
v 0.290379 0.208597 1.459835
v 0.000000 0.208597 1.488435
v -0.290379 0.208597 1.459835
v -0.569599 0.208597 1.375134
v -0.826930 0.208597 1.237588
v -1.052482 0.208597 1.052482
v -1.237588 0.208597 0.826930
v -1.375134 0.208597 0.569599
v -1.459835 0.208597 0.290379
v -1.488435 0.208597 0.000000
v 1.344008 0.303890 0.000000
v 1.463553 0.239448 0.000000
v 1.413661 0.276769 0.000000
v 1.318183 0.303890 0.262203
v 1.435431 0.239448 0.285525
v 1.386498 0.276769 0.275792
v 1.241702 0.303890 0.514330
v 1.352147 0.239448 0.560077
v 1.306053 0.276769 0.540985
v 1.117502 0.303890 0.746691
v 1.216900 0.239448 0.813107
v 1.175417 0.276769 0.785388
v 0.950357 0.303890 0.950357
v 1.034888 0.239448 1.034888
v 0.999610 0.276769 0.999610
v 0.746691 0.303890 1.117502
v 0.813106 0.239448 1.216900
v 0.785388 0.276769 1.175417
v 0.514330 0.303890 1.241702
v 0.560077 0.239448 1.352147
v 0.540985 0.276769 1.306053
v 0.262203 0.303890 1.318183
v 0.285525 0.239448 1.435431
v 0.275792 0.276769 1.386498
v -0.000000 0.303890 1.344008
v 0.000000 0.239448 1.463553
v 0.000000 0.276769 1.413661
v -0.262203 0.303890 1.318183
v -0.285525 0.239448 1.435431
v -0.275792 0.276769 1.386498
v -0.514330 0.303890 1.241702
v -0.560077 0.239448 1.352147
v -0.540985 0.276769 1.306053
v -0.746691 0.303890 1.117502
v -0.813106 0.239448 1.216900
v -0.785388 0.276769 1.175417
v -0.950357 0.303890 0.950357
v -1.034888 0.239448 1.034888
v -0.999610 0.276769 0.999610
v -1.117502 0.303890 0.746691
v -1.216900 0.239448 0.813107
v -1.175417 0.276769 0.785388
v -1.241702 0.303890 0.514330
v -1.352147 0.239448 0.560077
v -1.306053 0.276769 0.540985
v -1.318183 0.303890 0.262203
v -1.435431 0.239448 0.285525
v -1.386498 0.276769 0.275792
v -1.463553 0.239448 0.000000
v -1.344008 0.303890 0.000000
v -1.413661 0.276769 0.000000
v 1.503564 0.137130 -0.299078
v 1.416327 0.137130 -0.586662
v 1.084010 0.137130 -1.084010
v 0.299078 0.137130 -1.503564
v -0.000000 0.137130 -1.533021
v -0.586662 0.137130 -1.416327
v -1.084010 0.137130 -1.084010
v -1.416327 0.137130 -0.586662
v -1.503564 0.137130 -0.299078
v 1.265189 0.316752 -0.251662
v 1.191782 0.316752 -0.493652
v 1.072575 0.316752 -0.716672
v 0.912150 0.316752 -0.912150
v 0.716672 0.316752 -1.072575
v 0.493652 0.316752 -1.191782
v 0.251662 0.316752 -1.265189
v -0.000000 0.316752 -1.289976
v -0.251662 0.316752 -1.265189
v -0.493652 0.316752 -1.191782
v -0.716672 0.316752 -1.072575
v -0.912150 0.316752 -0.912150
v -1.072575 0.316752 -0.716672
v -1.191782 0.316752 -0.493652
v -1.265189 0.316752 -0.251662
v 1.091881 0.321895 -0.452272
v 0.982667 0.321895 -0.656597
v 0.656597 0.321895 -0.982667
v 0.452272 0.321895 -1.091881
v -0.000000 0.321895 -1.181843
v -0.230566 0.321895 -1.159134
v -0.835689 0.321895 -0.835689
v -0.982667 0.321895 -0.656597
v -1.091881 0.321895 -0.452272
v -1.159134 0.321895 -0.230566
v 1.459835 0.208597 -0.290379
v 1.375134 0.208597 -0.569599
v 1.237588 0.208597 -0.826930
v 1.052482 0.208597 -1.052482
v 0.826930 0.208597 -1.237588
v 0.569599 0.208597 -1.375134
v 0.290379 0.208597 -1.459835
v 0.000000 0.208597 -1.488435
v -0.290379 0.208597 -1.459835
v -0.569599 0.208597 -1.375134
v -0.826930 0.208597 -1.237588
v -1.052482 0.208597 -1.052482
v -1.237588 0.208597 -0.826930
v -1.375134 0.208597 -0.569599
v -1.459835 0.208597 -0.290379
v 1.318183 0.303890 -0.262203
v 1.435431 0.239448 -0.285525
v 1.386498 0.276769 -0.275792
v 1.241702 0.303890 -0.514330
v 1.352147 0.239448 -0.560077
v 1.306053 0.276769 -0.540985
v 1.117502 0.303890 -0.746691
v 1.216900 0.239448 -0.813107
v 1.175417 0.276769 -0.785388
v 0.950357 0.303890 -0.950357
v 1.034888 0.239448 -1.034888
v 0.999610 0.276769 -0.999610
v 0.746691 0.303890 -1.117502
v 0.813106 0.239448 -1.216900
v 0.785388 0.276769 -1.175417
v 0.514330 0.303890 -1.241702
v 0.560077 0.239448 -1.352147
v 0.540985 0.276769 -1.306053
v 0.262203 0.303890 -1.318183
v 0.285525 0.239448 -1.435431
v 0.275792 0.276769 -1.386498
v -0.000000 0.303890 -1.344008
v 0.000000 0.239448 -1.463553
v 0.000000 0.276769 -1.413661
v -0.262203 0.303890 -1.318183
v -0.285525 0.239448 -1.435431
v -0.275792 0.276769 -1.386498
v -0.514330 0.303890 -1.241702
v -0.560077 0.239448 -1.352147
v -0.540985 0.276769 -1.306053
v -0.746691 0.303890 -1.117502
v -0.813106 0.239448 -1.216900
v -0.785388 0.276769 -1.175417
v -0.950357 0.303890 -0.950357
v -1.034888 0.239448 -1.034888
v -0.999610 0.276769 -0.999610
v -1.117502 0.303890 -0.746691
v -1.216900 0.239448 -0.813107
v -1.175417 0.276769 -0.785388
v -1.241702 0.303890 -0.514330
v -1.352147 0.239448 -0.560077
v -1.306053 0.276769 -0.540985
v -1.318183 0.303890 -0.262203
v -1.435431 0.239448 -0.285525
v -1.386498 0.276769 -0.275792
v -0.608781 0.160546 0.406774
v -0.517726 0.160546 0.517726
v -0.406774 0.160546 0.608781
v -0.064673 0.160546 0.449478
v -0.449478 0.160546 -0.064673
v 0.000000 0.160546 0.449478
v 0.672062 0.160546 0.288383
v 0.608781 0.160546 0.406774
v 0.517726 0.160546 0.517726
v 0.406774 0.160546 0.608781
v 0.064673 0.160546 0.449478
v 0.449478 0.160546 0.065834
v 0.449478 0.160546 -0.064673
v -0.608781 0.160546 -0.406774
v -0.517726 0.160546 -0.517726
v -0.406774 0.160546 -0.608781
v -0.064673 0.160546 -0.449478
v -0.449478 0.160546 0.064673
v 0.000000 0.160546 -0.449478
v 0.672062 0.160546 -0.288383
v 0.608781 0.160546 -0.406774
v 0.517726 0.160546 -0.517726
v 0.406774 0.160546 -0.608781
v 0.064673 0.160546 -0.449478
v -0.836995 0.767989 0.559213
v -0.711806 0.767989 0.711756
v -0.559262 0.767989 0.836946
v -0.088916 0.767989 0.617925
v -0.617974 0.767989 -0.088967
v 0.000001 0.767989 0.617925
v 0.924000 0.767989 0.396439
v 0.836996 0.767989 0.559213
v 0.711807 0.767989 0.711756
v 0.559263 0.767989 0.836946
v 0.088917 0.767989 0.617925
v 0.617975 0.767989 0.090463
v 0.617975 0.767989 -0.088967
v -0.836995 0.767989 -0.559313
v -0.711806 0.767989 -0.711856
v -0.559262 0.767989 -0.837046
v -0.088916 0.767989 -0.618025
v -0.617974 0.767989 0.088867
v 0.000001 0.767989 -0.618025
v 0.924000 0.767989 -0.396539
v 0.836996 0.767989 -0.559313
v 0.711807 0.767989 -0.711856
v 0.559263 0.767989 -0.837046
v 0.088917 0.767989 -0.618025
v 0.067703 0.236477 -0.470546
v 0.070734 0.312407 -0.491615
v 0.073764 0.388337 -0.512683
v 0.076795 0.464268 -0.533751
v 0.079825 0.540198 -0.554820
v 0.082856 0.616128 -0.575888
v 0.085887 0.692058 -0.596956
v 0.000000 0.692058 -0.596956
v 0.000000 0.616128 -0.575888
v 0.000000 0.540198 -0.554820
v 0.000000 0.464268 -0.533751
v 0.000000 0.388337 -0.512683
v 0.000000 0.312407 -0.491615
v 0.000000 0.236477 -0.470546
v -0.425835 0.236477 -0.637314
v -0.444896 0.312407 -0.665847
v -0.463957 0.388337 -0.694380
v -0.483018 0.464268 -0.722913
v -0.502079 0.540198 -0.751446
v -0.521140 0.616128 -0.779980
v -0.540201 0.692058 -0.808513
v 0.470540 0.236477 0.068912
v 0.491602 0.312407 0.071991
v 0.512664 0.388337 0.075070
v 0.533726 0.464268 0.078148
v 0.554789 0.540198 0.081227
v 0.575851 0.616128 0.084306
v 0.596913 0.692058 0.087384
v 0.892508 0.692058 0.382932
v 0.861016 0.616128 0.369425
v 0.829524 0.540198 0.355918
v 0.798031 0.464268 0.342411
v 0.766539 0.388337 0.328904
v 0.735047 0.312407 0.315397
v 0.703555 0.236477 0.301890
v 0.808469 0.692058 0.540158
v 0.779943 0.616128 0.521103
v 0.751416 0.540198 0.502048
v 0.722889 0.464268 0.482994
v 0.694362 0.388337 0.463939
v 0.665835 0.312407 0.444884
v 0.637308 0.236477 0.425829
v -0.085886 0.692058 -0.596956
v -0.082855 0.616128 -0.575888
v -0.079825 0.540198 -0.554820
v -0.076794 0.464268 -0.533751
v -0.073764 0.388337 -0.512683
v -0.070734 0.312407 -0.491615
v -0.067703 0.236477 -0.470546
v 0.687547 0.692058 0.687503
v 0.663287 0.616128 0.663249
v 0.639026 0.540198 0.638995
v 0.614766 0.464268 0.614741
v 0.590506 0.388337 0.590487
v 0.566246 0.312407 0.566233
v 0.541986 0.236477 0.541979
v -0.596912 0.692058 0.085842
v -0.575850 0.616128 0.082818
v -0.554788 0.540198 0.079794
v -0.533726 0.464268 0.076770
v -0.512664 0.388337 0.073745
v -0.491602 0.312407 0.070721
v -0.470540 0.236477 0.067697
v 0.540202 0.692058 0.808425
v 0.521141 0.616128 0.779905
v 0.502080 0.540198 0.751384
v 0.483019 0.464268 0.722863
v 0.463958 0.388337 0.694343
v 0.444897 0.312407 0.665822
v 0.425835 0.236477 0.637302
v 0.892508 0.692058 -0.383020
v 0.861016 0.616128 -0.369500
v 0.829524 0.540198 -0.355981
v 0.798031 0.464268 -0.342461
v 0.766539 0.388337 -0.328942
v 0.735047 0.312407 -0.315422
v 0.703555 0.236477 -0.301902
v -0.808468 0.692058 0.540158
v -0.779942 0.616128 0.521103
v -0.751415 0.540198 0.502048
v -0.722888 0.464268 0.482994
v -0.694361 0.388337 0.463939
v -0.665835 0.312407 0.444884
v -0.637308 0.236477 0.425829
v 0.808469 0.692058 -0.540245
v 0.779943 0.616128 -0.521178
v 0.751416 0.540198 -0.502111
v 0.722889 0.464268 -0.483043
v 0.694362 0.388337 -0.463976
v 0.665835 0.312407 -0.444909
v 0.637308 0.236477 -0.425842
v 0.085887 0.692058 0.596869
v 0.082856 0.616128 0.575813
v 0.079825 0.540198 0.554757
v 0.076795 0.464268 0.533701
v 0.073764 0.388337 0.512645
v 0.070734 0.312407 0.491590
v 0.067703 0.236477 0.470534
v -0.687546 0.692058 0.687503
v -0.663286 0.616128 0.663249
v -0.639026 0.540198 0.638995
v -0.614766 0.464268 0.614741
v -0.590506 0.388337 0.590487
v -0.566246 0.312407 0.566233
v -0.541986 0.236477 0.541979
v 0.687547 0.692058 -0.687590
v 0.663287 0.616128 -0.663324
v 0.639026 0.540198 -0.639057
v 0.614766 0.464268 -0.614791
v 0.590506 0.388337 -0.590525
v 0.566246 0.312407 -0.566258
v 0.541986 0.236477 -0.541992
v 0.596913 0.692058 -0.085930
v 0.575851 0.616128 -0.082893
v 0.554789 0.540198 -0.079856
v 0.533727 0.464268 -0.076820
v 0.512664 0.388337 -0.073783
v 0.491602 0.312407 -0.070746
v 0.470540 0.236477 -0.067709
v -0.540201 0.692058 0.808425
v -0.521140 0.616128 0.779905
v -0.502079 0.540198 0.751384
v -0.483018 0.464268 0.722863
v -0.463957 0.388337 0.694343
v -0.444896 0.312407 0.665822
v -0.425835 0.236477 0.637302
v 0.540202 0.692058 -0.808513
v 0.521141 0.616128 -0.779980
v 0.502080 0.540198 -0.751446
v 0.483019 0.464268 -0.722913
v 0.463958 0.388337 -0.694380
v 0.444897 0.312407 -0.665847
v 0.425835 0.236477 -0.637314
v 0.000000 0.692058 0.596869
v 0.000000 0.616128 0.575813
v 0.000000 0.540198 0.554757
v 0.000000 0.464268 0.533701
v 0.000000 0.388337 0.512645
v 0.000000 0.312407 0.491590
v 0.000000 0.236477 0.470534
v -0.808468 0.692058 -0.540245
v -0.779942 0.616128 -0.521178
v -0.751415 0.540198 -0.502111
v -0.722888 0.464268 -0.483043
v -0.694361 0.388337 -0.463976
v -0.665835 0.312407 -0.444909
v -0.637308 0.236477 -0.425842
v -0.085886 0.692058 0.596869
v -0.082855 0.616128 0.575813
v -0.079825 0.540198 0.554757
v -0.076794 0.464268 0.533701
v -0.073764 0.388337 0.512645
v -0.070734 0.312407 0.491590
v -0.067703 0.236477 0.470534
v -0.687546 0.692058 -0.687590
v -0.663286 0.616128 -0.663324
v -0.639026 0.540198 -0.639057
v -0.614766 0.464268 -0.614791
v -0.590506 0.388337 -0.590525
v -0.566246 0.312407 -0.566258
v -0.541986 0.236477 -0.541992
v -0.596912 0.692058 -0.085930
v -0.575850 0.616128 -0.082893
v -0.554788 0.540198 -0.079856
v -0.533726 0.464268 -0.076820
v -0.512664 0.388337 -0.073783
v -0.491602 0.312407 -0.070746
v -0.470540 0.236477 -0.067709
v -0.666514 0.160546 0.298764
v -0.663086 0.160546 0.279361
v -0.275837 0.160546 0.660558
v -0.295384 0.160546 0.664318
v 0.295383 0.160546 0.664318
v 0.275858 0.160546 0.660578
v -0.663086 0.160546 -0.279361
v -0.666514 0.160546 -0.298764
v -0.295383 0.160546 -0.664318
v -0.275858 0.160546 -0.660578
v 0.275858 0.160546 -0.660578
v 0.295383 0.160546 -0.664318
v -0.915023 0.767989 0.387418
v -0.918450 0.767989 0.406820
v -0.402099 0.767989 0.920951
v -0.382783 0.767989 0.917397
v 0.382642 0.767989 0.911531
v 0.402166 0.767989 0.915271
v -0.918450 0.767989 -0.406920
v -0.915023 0.767989 -0.387517
v -0.382640 0.767989 -0.911631
v -0.402165 0.767989 -0.915371
v 0.402166 0.767989 -0.915371
v 0.382641 0.767989 -0.911631
v -0.369292 0.692058 -0.880249
v -0.388817 0.692058 -0.883989
v -0.355945 0.616128 -0.848867
v -0.375470 0.616128 -0.852608
v -0.342597 0.540198 -0.817486
v -0.362122 0.540198 -0.821226
v -0.329249 0.464268 -0.786104
v -0.348774 0.464268 -0.789845
v -0.315901 0.388337 -0.754723
v -0.335426 0.388337 -0.758463
v -0.302553 0.312407 -0.723341
v -0.322078 0.312407 -0.727081
v -0.308731 0.236477 -0.695700
v -0.289205 0.236477 -0.691960
v -0.883531 0.692058 0.373911
v -0.886958 0.692058 0.393313
v -0.852039 0.616128 0.360404
v -0.855466 0.616128 0.379806
v -0.820547 0.540198 0.346897
v -0.823974 0.540198 0.366299
v -0.789055 0.464268 0.333390
v -0.792482 0.464268 0.352792
v -0.757563 0.388337 0.319882
v -0.760990 0.388337 0.339285
v -0.726070 0.312407 0.306375
v -0.729498 0.312407 0.325778
v -0.698006 0.236477 0.312271
v -0.694578 0.236477 0.292868
v 0.369294 0.692058 0.880162
v 0.388818 0.692058 0.883902
v 0.355946 0.616128 0.848793
v 0.375470 0.616128 0.852533
v 0.342598 0.540198 0.817424
v 0.362122 0.540198 0.821164
v 0.329250 0.464268 0.786055
v 0.348774 0.464268 0.789795
v 0.315902 0.388337 0.754686
v 0.335427 0.388337 0.758426
v 0.302554 0.312407 0.723317
v 0.322079 0.312407 0.727056
v 0.308731 0.236477 0.695687
v 0.289206 0.236477 0.691947
v -0.886958 0.692058 -0.393401
v -0.883530 0.692058 -0.373998
v -0.855466 0.616128 -0.379881
v -0.852038 0.616128 -0.360478
v -0.823974 0.540198 -0.366362
v -0.820546 0.540198 -0.346959
v -0.792482 0.464268 -0.352842
v -0.789054 0.464268 -0.333439
v -0.760990 0.388337 -0.339322
v -0.757562 0.388337 -0.319920
v -0.729498 0.312407 -0.325803
v -0.726070 0.312407 -0.306400
v -0.694578 0.236477 -0.292880
v -0.698006 0.236477 -0.312283
v 0.388818 0.692058 -0.883989
v 0.369293 0.692058 -0.880249
v 0.375470 0.616128 -0.852608
v 0.355945 0.616128 -0.848867
v 0.362122 0.540198 -0.821226
v 0.342597 0.540198 -0.817486
v 0.348775 0.464268 -0.789845
v 0.329249 0.464268 -0.786104
v 0.335427 0.388337 -0.758463
v 0.315901 0.388337 -0.754723
v 0.322079 0.312407 -0.727081
v 0.302554 0.312407 -0.723341
v 0.289206 0.236477 -0.691960
v 0.308731 0.236477 -0.695700
v -0.388755 0.692058 0.888862
v -0.369417 0.692058 0.885289
v -0.375412 0.616128 0.856775
v -0.356051 0.616128 0.853182
v -0.362070 0.540198 0.824691
v -0.342684 0.540198 0.821075
v -0.348730 0.464268 0.792609
v -0.329316 0.464268 0.788970
v -0.335391 0.388337 0.760531
v -0.315948 0.388337 0.756865
v -0.322053 0.312407 0.728456
v -0.302579 0.312407 0.724761
v -0.289209 0.236477 0.692659
v -0.308718 0.236477 0.696384
vt 0.794849 0.325673
vt 0.851553 0.268968
vt 0.851553 0.235358
vt 0.793889 0.177694
vt 0.777629 0.177694
vt 0.777629 0.325673
vt 0.892869 0.999850
vt 0.892869 0.938138
vt 0.340009 0.938138
vt 0.340009 0.999850
vt 0.794849 0.325673
vt 0.777629 0.325673
vt 0.777629 0.177694
vt 0.793889 0.177694
vt 0.851553 0.235358
vt 0.851553 0.268968
vt 1.798898 0.999849
vt 1.798898 0.938138
vt 1.686802 0.938138
vt 1.686802 0.999849
vt 1.124585 0.938138
vt 1.124585 0.999850
vt 0.221296 0.938138
vt 0.221296 0.999850
vt -0.798898 0.938139
vt -0.798898 0.999850
vt 0.794849 0.325673
vt 0.851553 0.268968
vt 0.851553 0.235358
vt 0.793889 0.177694
vt 0.777629 0.177694
vt 0.777629 0.325673
vt 0.892869 0.999850
vt 0.892869 0.938138
vt 0.340009 0.938138
vt 0.340009 0.999850
vt 0.794849 0.325673
vt 0.777629 0.325673
vt 0.777629 0.177694
vt 0.793889 0.177694
vt 0.851553 0.235358
vt 0.851553 0.268968
vt 1.798898 0.999849
vt 1.798898 0.938138
vt 1.686802 0.938138
vt 1.686802 0.999849
vt 1.124585 0.938138
vt 1.124585 0.999850
vt 0.221296 0.938138
vt 0.221296 0.999850
vt -0.798898 0.938139
vt -0.798898 0.999850
vt 0.794849 0.325673
vt 0.851553 0.268968
vt 0.851553 0.235358
vt 0.793889 0.177694
vt 0.777629 0.177694
vt 0.777629 0.325673
vt 0.892869 0.999850
vt 0.892869 0.938138
vt 0.340009 0.938138
vt 0.340009 0.999850
vt 0.794849 0.325673
vt 0.777629 0.325673
vt 0.777629 0.177694
vt 0.793889 0.177694
vt 0.851553 0.235358
vt 0.851553 0.268968
vt 1.798898 0.999849
vt 1.798898 0.938138
vt 1.686802 0.938138
vt 1.686802 0.999849
vt 1.124585 0.938138
vt 1.124585 0.999850
vt 0.221296 0.938138
vt 0.221296 0.999850
vt -0.798898 0.938139
vt -0.798898 0.999850
vt 0.794849 0.325673
vt 0.851553 0.268968
vt 0.851553 0.235358
vt 0.793889 0.177694
vt 0.777629 0.177694
vt 0.777629 0.325673
vt 0.892869 0.999850
vt 0.892869 0.938138
vt 0.340009 0.938138
vt 0.340009 0.999850
vt 0.794849 0.325673
vt 0.777629 0.325673
vt 0.777629 0.177694
vt 0.793889 0.177694
vt 0.851553 0.235358
vt 0.851553 0.268968
vt 1.798898 0.999849
vt 1.798898 0.938138
vt 1.686802 0.938138
vt 1.686802 0.999849
vt 1.124585 0.938138
vt 1.124585 0.999850
vt 0.221296 0.938138
vt 0.221296 0.999850
vt -0.798898 0.938139
vt -0.798898 0.999850
vt 0.407872 0.999850
vt 0.407872 0.938138
vt 0.592128 0.938138
vt 0.592128 0.999850
vt 0.407872 0.999850
vt 0.407872 0.938138
vt 0.592128 0.938138
vt 0.592128 0.999850
vt 0.407872 0.999850
vt 0.407872 0.938138
vt 0.592128 0.938138
vt 0.592128 0.999850
vt 0.407872 0.999850
vt 0.407872 0.938138
vt 0.592128 0.938138
vt 0.592128 0.999850
vt 0.593750 1.000000
vt 0.625000 1.000000
vt 0.625000 1.000000
vt 0.593750 1.000000
vt 0.562500 1.000000
vt 0.562500 1.000000
vt 0.531250 1.000000
vt 0.531250 1.000000
vt 0.500000 1.000000
vt 0.500000 1.000000
vt 0.468750 1.000000
vt 0.468750 1.000000
vt 0.437500 1.000000
vt 0.437500 1.000000
vt 0.406250 1.000000
vt 0.406250 1.000000
vt 0.375000 1.000000
vt 0.375000 1.000000
vt 0.343750 1.000000
vt 0.343750 1.000000
vt 0.312500 1.000000
vt 0.312500 1.000000
vt 0.718750 1.000000
vt 0.750000 1.000000
vt 0.750000 1.000000
vt 0.718750 1.000000
vt 0.281250 1.000000
vt 0.281250 1.000000
vt 0.687500 1.000000
vt 0.687500 1.000000
vt 0.250000 1.000000
vt 0.250000 1.000000
vt 0.656250 1.000000
vt 0.656250 1.000000
vt 0.389660 0.999850
vt 0.279320 0.999850
vt 0.279320 0.938138
vt 0.389660 0.938138
vt 0.168980 0.999850
vt 0.168980 0.938138
vt 0.058641 0.999850
vt 0.058640 0.938138
vt 0.941360 0.999850
vt 0.831020 0.999850
vt 0.831020 0.938138
vt 0.941360 0.938138
vt 0.720680 0.999850
vt 0.720680 0.938138
vt 0.610340 0.999850
vt 0.610340 0.938138
vt 0.500000 0.999850
vt 0.500000 0.938138
vt 0.389660 0.999850
vt 0.389660 0.938138
vt 0.279320 0.938138
vt 0.279320 0.999850
vt 0.168980 0.938138
vt 0.168980 0.999850
vt 0.058640 0.938138
vt 0.058641 0.999850
vt 0.831020 0.938138
vt 0.831020 0.999850
vt 0.720680 0.938138
vt 0.720680 0.999850
vt 0.610340 0.938138
vt 0.610340 0.999850
vt 0.500000 0.938138
vt 0.500000 0.999850
vt 0.854581 0.938138
vt 1.031872 0.938138
vt 1.031872 0.999850
vt 0.854581 0.999850
vt -0.386453 0.938138
vt -0.209162 0.938138
vt -0.209162 0.999850
vt -0.386453 0.999850
vt 0.154058 0.999850
vt -0.018913 0.999850
vt -0.018913 0.938138
vt 0.154058 0.938138
vt 1.209163 0.938138
vt 1.209163 0.999850
vt -0.563744 0.938138
vt -0.563744 0.999850
vt -0.191884 0.999850
vt -0.191884 0.938138
vt 1.386453 0.938138
vt 1.386453 0.999850
vt -0.741034 0.938138
vt -0.741034 0.999850
vt -0.364855 0.999850
vt -0.364855 0.938138
vt 1.563744 0.938138
vt 1.563744 0.999850
vt -0.918325 0.938138
vt -0.918325 0.999850
vt -0.537826 0.999850
vt -0.537826 0.938138
vt 1.883768 0.999850
vt 1.710797 0.999850
vt 1.710797 0.938138
vt 1.883768 0.938138
vt 1.741035 0.938138
vt 1.741035 0.999850
vt -0.710797 0.999850
vt -0.710797 0.938138
vt 1.537826 0.999850
vt 1.537826 0.938138
vt 1.918325 0.938138
vt 1.918325 0.999850
vt -0.883768 0.999850
vt -0.883768 0.938138
vt 1.364855 0.999850
vt 1.364855 0.938138
vt 1.191884 0.999850
vt 1.191884 0.938138
vt 1.018913 0.999850
vt 1.018913 0.938138
vt 0.845942 0.999850
vt 0.845942 0.938138
vt 0.322710 0.938138
vt 0.500000 0.938138
vt 0.500000 0.999850
vt 0.322710 0.999850
vt 0.672971 0.999850
vt 0.672971 0.938138
vt 0.145419 0.938138
vt 0.145419 0.999850
vt 0.500000 0.999850
vt 0.500000 0.938138
vt 0.677291 0.938138
vt 0.677291 0.999850
vt -0.031872 0.938138
vt -0.031872 0.999850
vt 0.327029 0.999850
vt 0.327029 0.938138
vt -2.035862 0.938139
vt -1.718879 0.938139
vt -1.718879 0.999850
vt -2.035862 0.999850
vt -1.401896 0.938139
vt -1.401896 0.999850
vt -1.084913 0.938139
vt -1.084913 0.999850
vt -0.767931 0.938139
vt -0.767931 0.999850
vt -0.450948 0.938139
vt -0.450948 0.999850
vt -0.133965 0.938139
vt -0.133965 0.999850
vt 0.183017 0.938139
vt 0.183017 0.999850
vt 0.500000 0.938139
vt 0.500000 0.999850
vt 0.816982 0.938139
vt 0.816982 0.999850
vt 1.133965 0.938139
vt 1.133965 0.999850
vt 1.450948 0.938139
vt 1.450948 0.999850
vt 1.767931 0.938139
vt 1.767931 0.999850
vt 2.084914 0.938138
vt 2.084914 0.999850
vt 2.401896 0.938138
vt 2.401896 0.999850
vt 2.718879 0.938138
vt 2.718879 0.999850
vt 3.035862 0.938138
vt 3.035862 0.999850
vt 0.593750 1.000000
vt 0.593750 1.000000
vt 0.625000 1.000000
vt 0.625000 1.000000
vt 0.562500 1.000000
vt 0.562500 1.000000
vt 0.531250 1.000000
vt 0.531250 1.000000
vt 0.500000 1.000000
vt 0.500000 1.000000
vt 0.468750 1.000000
vt 0.468750 1.000000
vt 0.437500 1.000000
vt 0.437500 1.000000
vt 0.406250 1.000000
vt 0.406250 1.000000
vt 0.375000 1.000000
vt 0.375000 1.000000
vt 0.343750 1.000000
vt 0.343750 1.000000
vt 0.312500 1.000000
vt 0.312500 1.000000
vt 0.718750 1.000000
vt 0.718750 1.000000
vt 0.281250 1.000000
vt 0.281250 1.000000
vt 0.687500 1.000000
vt 0.687500 1.000000
vt 0.656250 1.000000
vt 0.656250 1.000000
vt 0.389660 0.999850
vt 0.389660 0.938138
vt 0.279320 0.938138
vt 0.279320 0.999850
vt 0.168980 0.938138
vt 0.168980 0.999850
vt 0.941360 0.999850
vt 0.941360 0.938138
vt 0.831020 0.938138
vt 0.831020 0.999850
vt 0.720680 0.938138
vt 0.720680 0.999850
vt 0.610340 0.938138
vt 0.610340 0.999850
vt 0.500000 0.938138
vt 0.500000 0.999850
vt 0.389660 0.999850
vt 0.279320 0.999850
vt 0.279320 0.938138
vt 0.389660 0.938138
vt 0.168980 0.999850
vt 0.168980 0.938138
vt 0.831020 0.999850
vt 0.831020 0.938138
vt 0.720680 0.999850
vt 0.720680 0.938138
vt 0.610340 0.999850
vt 0.610340 0.938138
vt 0.500000 0.999850
vt 0.500000 0.938138
vt 0.854581 0.938138
vt 0.854581 0.999850
vt 1.031872 0.999850
vt 1.031872 0.938138
vt -0.386453 0.938138
vt -0.386453 0.999850
vt -0.209162 0.999850
vt -0.209162 0.938138
vt 0.154058 0.999850
vt 0.154058 0.938138
vt -0.018913 0.938138
vt -0.018913 0.999850
vt 1.209163 0.999850
vt 1.209163 0.938138
vt -0.563744 0.938138
vt -0.563744 0.999850
vt -0.191884 0.938138
vt -0.191884 0.999850
vt 1.386453 0.999850
vt 1.386453 0.938138
vt -0.741034 0.938138
vt -0.741034 0.999850
vt -0.364855 0.938138
vt -0.364855 0.999850
vt 1.563744 0.999850
vt 1.563744 0.938138
vt -0.537826 0.938138
vt -0.537826 0.999850
vt 1.710797 0.938138
vt 1.710797 0.999850
vt 1.741035 0.999850
vt 1.741035 0.938138
vt -0.710797 0.938138
vt -0.710797 0.999850
vt 1.537826 0.938138
vt 1.537826 0.999850
vt 1.364855 0.938138
vt 1.364855 0.999850
vt 1.191884 0.938138
vt 1.191884 0.999850
vt 1.018913 0.938138
vt 1.018913 0.999850
vt 0.845942 0.938138
vt 0.845942 0.999850
vt 0.322710 0.938138
vt 0.322710 0.999850
vt 0.500000 0.999850
vt 0.500000 0.938138
vt 0.672971 0.938138
vt 0.672971 0.999850
vt 0.145419 0.938138
vt 0.145419 0.999850
vt 0.500000 0.938138
vt 0.500000 0.999850
vt 0.677291 0.999850
vt 0.677291 0.938138
vt -0.031872 0.938138
vt -0.031872 0.999850
vt 0.327029 0.938138
vt 0.327029 0.999850
vt -1.718879 0.999850
vt -1.718879 0.938139
vt -1.401896 0.999850
vt -1.401896 0.938139
vt -1.084913 0.999850
vt -1.084913 0.938139
vt -0.767931 0.999850
vt -0.767931 0.938139
vt -0.450948 0.999850
vt -0.450948 0.938139
vt -0.133965 0.999850
vt -0.133965 0.938139
vt 0.183017 0.999850
vt 0.183017 0.938139
vt 0.500000 0.999850
vt 0.500000 0.938139
vt 0.816982 0.999850
vt 0.816982 0.938139
vt 1.133965 0.999850
vt 1.133965 0.938139
vt 1.450948 0.999850
vt 1.450948 0.938139
vt 1.767931 0.999850
vt 1.767931 0.938139
vt 2.084914 0.999850
vt 2.084914 0.938138
vt 2.401896 0.999850
vt 2.401896 0.938138
vt 2.718879 0.999850
vt 2.718879 0.938138
vt 0.941197 0.902945
vt 1.004126 0.902945
vt 1.004126 0.940995
vt 0.941197 0.940995
vt 0.878267 0.902945
vt 0.878267 0.940995
vt 0.815338 0.902945
vt 0.815338 0.940995
vt 0.752408 0.902945
vt 0.752408 0.940995
vt 0.689479 0.902945
vt 0.689479 0.940995
vt 0.626549 0.902945
vt 0.626549 0.940995
vt 0.563619 0.902945
vt 0.563619 0.940995
vt 0.500690 0.902945
vt 0.500690 0.940995
vt 0.437760 0.902945
vt 0.437760 0.940995
vt 0.374831 0.902945
vt 0.374831 0.940995
vt 0.311901 0.902945
vt 0.311901 0.940995
vt 0.248972 0.902945
vt 0.248972 0.940995
vt 0.186042 0.902945
vt 0.186042 0.940995
vt 0.123113 0.902945
vt 0.123113 0.940995
vt 0.060183 0.902945
vt 0.060183 0.940995
vt -0.002747 0.902945
vt -0.002747 0.940995
vt 0.752408 0.799466
vt 0.815338 0.799466
vt 0.815338 0.821651
vt 0.752408 0.821651
vt 0.186042 0.799466
vt 0.248972 0.799466
vt 0.248972 0.821651
vt 0.186042 0.821651
vt 0.437760 0.799466
vt 0.500690 0.799466
vt 0.500690 0.821651
vt 0.437760 0.821651
vt 0.689479 0.799466
vt 0.689479 0.821651
vt 0.123113 0.799466
vt 0.123113 0.821652
vt 0.374831 0.799466
vt 0.374831 0.821651
vt 0.626549 0.799466
vt 0.626549 0.821651
vt 0.060183 0.799466
vt 0.060183 0.821652
vt 0.878267 0.799466
vt 0.941197 0.799466
vt 0.941197 0.821651
vt 0.878267 0.821651
vt 0.311901 0.799466
vt 0.311901 0.821651
vt 0.563619 0.799466
vt 0.563619 0.821651
vt -0.002747 0.799466
vt -0.002747 0.821652
vt 1.004126 0.749695
vt 1.004126 0.799466
vt 0.941197 0.749695
vt 0.878267 0.749695
vt 0.815338 0.749695
vt 0.752408 0.749695
vt 0.689479 0.749695
vt 0.626549 0.749695
vt 0.563619 0.749695
vt 0.500690 0.749695
vt 0.437760 0.749695
vt 0.374831 0.749695
vt 0.311901 0.749695
vt 0.248972 0.749695
vt 0.186042 0.749695
vt 0.123113 0.749695
vt 0.060183 0.749695
vt -0.002747 0.749695
vt 0.941197 0.882186
vt 1.004126 0.882186
vt 0.878267 0.882186
vt 0.815338 0.882186
vt 0.752408 0.882186
vt 0.689479 0.882186
vt 0.626549 0.882186
vt 0.563619 0.882186
vt 0.500690 0.882186
vt 0.437760 0.882186
vt 0.374831 0.882186
vt 0.311901 0.882186
vt 0.248972 0.882186
vt 0.186042 0.882186
vt 0.123113 0.882186
vt 0.060183 0.882186
vt -0.002747 0.882186
vt 0.941197 0.851896
vt 1.004126 0.851896
vt 1.004126 0.821651
vt 0.878267 0.851896
vt 0.815338 0.851896
vt 0.752408 0.851896
vt 0.689479 0.851896
vt 0.626549 0.851896
vt 0.563619 0.851896
vt 0.500690 0.851896
vt 0.437760 0.851896
vt 0.374831 0.851896
vt 0.311901 0.851896
vt 0.248972 0.851896
vt 0.186042 0.851896
vt 0.123113 0.851896
vt 0.060183 0.851896
vt -0.002747 0.851896
vt 0.941197 0.902945
vt 0.941197 0.940995
vt 0.878267 0.902945
vt 0.878267 0.940995
vt 0.815338 0.902945
vt 0.815338 0.940995
vt 0.752408 0.902945
vt 0.752408 0.940995
vt 0.689479 0.902945
vt 0.689479 0.940995
vt 0.626549 0.902945
vt 0.626549 0.940995
vt 0.563619 0.902945
vt 0.563619 0.940995
vt 0.500690 0.902945
vt 0.500690 0.940995
vt 0.437760 0.902945
vt 0.437760 0.940995
vt 0.374831 0.902945
vt 0.374831 0.940995
vt 0.311901 0.902945
vt 0.311901 0.940995
vt 0.248972 0.902945
vt 0.248972 0.940995
vt 0.186042 0.902945
vt 0.186042 0.940995
vt 0.123113 0.902945
vt 0.123113 0.940995
vt 0.060183 0.902945
vt 0.060183 0.940995
vt 0.752408 0.799466
vt 0.752408 0.821651
vt 0.815338 0.821651
vt 0.815338 0.799466
vt 0.186042 0.799466
vt 0.186042 0.821651
vt 0.248972 0.821651
vt 0.248972 0.799466
vt 0.437760 0.799466
vt 0.437760 0.821651
vt 0.500690 0.821651
vt 0.500690 0.799466
vt 0.689479 0.799466
vt 0.689479 0.821651
vt 0.123113 0.799466
vt 0.123113 0.821652
vt 0.374831 0.799466
vt 0.374831 0.821651
vt 0.626549 0.799466
vt 0.626549 0.821651
vt 0.060183 0.799466
vt 0.060183 0.821652
vt 0.878267 0.799466
vt 0.878267 0.821651
vt 0.941197 0.821651
vt 0.941197 0.799466
vt 0.311901 0.799466
vt 0.311901 0.821651
vt 0.563619 0.799466
vt 0.563619 0.821651
vt 0.941197 0.749695
vt 0.878267 0.749695
vt 0.815338 0.749695
vt 0.752408 0.749695
vt 0.689479 0.749695
vt 0.626549 0.749695
vt 0.563619 0.749695
vt 0.500690 0.749695
vt 0.437760 0.749695
vt 0.374831 0.749695
vt 0.311901 0.749695
vt 0.248972 0.749695
vt 0.186042 0.749695
vt 0.123113 0.749695
vt 0.060183 0.749695
vt 0.941197 0.882186
vt 0.878267 0.882186
vt 0.815338 0.882186
vt 0.752408 0.882186
vt 0.689479 0.882186
vt 0.626549 0.882186
vt 0.563619 0.882186
vt 0.500690 0.882186
vt 0.437760 0.882186
vt 0.374831 0.882186
vt 0.311901 0.882186
vt 0.248972 0.882186
vt 0.186042 0.882186
vt 0.123113 0.882186
vt 0.060183 0.882186
vt 0.941197 0.851896
vt 0.878267 0.851896
vt 0.815338 0.851896
vt 0.752408 0.851896
vt 0.689479 0.851896
vt 0.626549 0.851896
vt 0.563619 0.851896
vt 0.500690 0.851896
vt 0.437760 0.851896
vt 0.374831 0.851896
vt 0.311901 0.851896
vt 0.248972 0.851896
vt 0.186042 0.851896
vt 0.123113 0.851896
vt 0.060183 0.851896
vt 0.144126 0.887095
vt 0.144126 0.784780
vt 0.110395 0.784780
vt 0.110395 0.846269
vt 0.177857 0.887095
vt 0.177857 0.784780
vt 0.144126 0.825606
vt 0.144126 0.887095
vt 0.106626 0.032103
vt 0.106626 0.059482
vt 0.205789 0.059482
vt 0.205789 0.032103
vt 0.320927 0.032103
vt 0.320927 0.059482
vt 0.144126 0.887095
vt 0.144126 0.784780
vt 0.110395 0.784780
vt 0.110395 0.846269
vt 0.177857 0.887095
vt 0.177857 0.784780
vt 0.144126 0.825606
vt 0.144126 0.887095
vt 0.106626 0.032103
vt 0.106626 0.059482
vt 0.205789 0.059482
vt 0.205789 0.032103
vt 0.320927 0.032103
vt 0.320927 0.059482
vt 0.144126 0.887095
vt 0.144126 0.784780
vt 0.110395 0.784780
vt 0.110395 0.846269
vt 0.177857 0.887095
vt 0.177857 0.784780
vt 0.144126 0.825606
vt 0.144126 0.887095
vt 0.106626 0.032103
vt 0.106626 0.059482
vt 0.205789 0.059482
vt 0.205789 0.032103
vt 0.320927 0.032103
vt 0.320927 0.059482
vt 0.144126 0.887095
vt 0.144126 0.784780
vt 0.110395 0.784780
vt 0.110395 0.846269
vt 0.177857 0.887095
vt 0.177857 0.784780
vt 0.144126 0.825606
vt 0.144126 0.887095
vt 0.106626 0.032103
vt 0.106626 0.059482
vt 0.205789 0.059482
vt 0.205789 0.032103
vt 0.320927 0.032103
vt 0.320927 0.059482
vt 0.144126 0.887095
vt 0.110395 0.846269
vt 0.110395 0.784780
vt 0.144126 0.784780
vt 0.177857 0.887095
vt 0.144126 0.887095
vt 0.144126 0.825606
vt 0.177857 0.784780
vt 0.106626 0.032103
vt 0.205789 0.032103
vt 0.205789 0.059482
vt 0.106626 0.059482
vt 0.320927 0.032103
vt 0.320927 0.059482
vt 0.144126 0.887095
vt 0.110395 0.846269
vt 0.110395 0.784780
vt 0.144126 0.784780
vt 0.177857 0.887095
vt 0.144126 0.887095
vt 0.144126 0.825606
vt 0.177857 0.784780
vt 0.106626 0.032103
vt 0.205789 0.032103
vt 0.205789 0.059482
vt 0.106626 0.059482
vt 0.320927 0.032103
vt 0.320927 0.059482
vt 0.144126 0.887095
vt 0.110395 0.846269
vt 0.110395 0.784780
vt 0.144126 0.784780
vt 0.177857 0.887095
vt 0.144126 0.887095
vt 0.144126 0.825606
vt 0.177857 0.784780
vt 0.106626 0.032103
vt 0.205789 0.032103
vt 0.205789 0.059482
vt 0.106626 0.059482
vt 0.320927 0.032103
vt 0.320927 0.059482
vt 0.144126 0.887095
vt 0.110395 0.846269
vt 0.110395 0.784780
vt 0.144126 0.784780
vt 0.177857 0.887095
vt 0.144126 0.887095
vt 0.144126 0.825606
vt 0.177857 0.784780
vt 0.106626 0.032103
vt 0.205789 0.032103
vt 0.205789 0.059482
vt 0.106626 0.059482
vt 0.320927 0.032103
vt 0.320927 0.059482
vt 0.499129 0.733310
vt 0.499129 0.733310
vt 0.499129 0.733310
vt 0.499129 0.733310
vt 0.499129 0.733310
vt 0.499129 0.733310
vt 0.499129 0.733310
vt 0.499129 0.733310
vt 0.499129 0.733310
vt 0.499129 0.733310
vt 0.499129 0.733310
vt 0.499129 0.733310
vt 0.499129 0.733310
vt 0.499129 0.733310
vt 0.499129 0.733310
vt 0.499129 0.733310
vt 0.499129 0.733310
vt 0.499129 0.733310
vt 0.499129 0.733310
vt 0.499129 0.733310
vt 0.499129 0.733310
vt 0.499129 0.733310
vt 0.499129 0.733310
vt 0.499129 0.733310
vt 0.499129 0.733310
vt 0.499129 0.733310
vt 0.499129 0.733310
vt 0.499129 0.733310
vt 0.499129 0.733310
vt 0.499129 0.733310
vt 0.499129 0.733310
vt 0.499129 0.733310
vt 0.499129 0.733310
vt 0.499129 0.733310
vt 0.205058 0.601349
vt 0.162811 0.601349
vt 0.162811 0.531264
vt 0.205058 0.531264
vt 0.247304 0.601349
vt 0.247304 0.531264
vt 0.289551 0.601349
vt 0.289551 0.531264
vt 0.331797 0.601349
vt 0.331797 0.531264
vt 0.374043 0.601349
vt 0.374043 0.531264
vt 0.416290 0.601349
vt 0.416290 0.531264
vt 0.458536 0.601349
vt 0.458536 0.531264
vt 0.500783 0.601349
vt 0.500783 0.531264
vt 0.543029 0.601349
vt 0.543029 0.531264
vt 0.585276 0.601349
vt 0.585276 0.531264
vt 0.627522 0.601349
vt 0.627522 0.531264
vt 0.669769 0.601349
vt 0.669769 0.531264
vt 0.712015 0.601349
vt 0.712015 0.531264
vt 0.754262 0.601349
vt 0.754262 0.531264
vt 0.796508 0.601349
vt 0.796508 0.531264
vt 0.838755 0.601349
vt 0.838755 0.531264
vt 0.345105 0.657638
vt 0.267658 0.657638
vt 0.267658 0.611650
vt 0.345105 0.611650
vt 0.190210 0.657638
vt 0.190210 0.611650
vt 0.809790 0.657638
vt 0.732343 0.657638
vt 0.732343 0.611650
vt 0.809790 0.611650
vt 0.654895 0.657638
vt 0.654895 0.611650
vt 0.577448 0.657638
vt 0.577448 0.611650
vt 0.500000 0.657638
vt 0.500000 0.611650
vt 0.422552 0.657638
vt 0.422552 0.611650
vt 0.345105 0.657638
vt 0.345105 0.611650
vt 0.267658 0.611650
vt 0.267658 0.657638
vt 0.190210 0.611650
vt 0.190210 0.657638
vt 0.732343 0.611650
vt 0.732343 0.657638
vt 0.654895 0.611650
vt 0.654895 0.657638
vt 0.577448 0.611650
vt 0.577448 0.657638
vt 0.500000 0.611650
vt 0.500000 0.657638
vt 0.422552 0.611650
vt 0.422552 0.657638
vt 0.499129 0.733310
vt 0.499129 0.733310
vt 0.499129 0.733310
vt 0.499129 0.733310
vt 0.499129 0.733310
vt 0.499129 0.733310
vt 0.499129 0.733310
vt 0.499129 0.733310
vt 0.499129 0.733310
vt 0.499129 0.733310
vt 0.499129 0.733310
vt 0.499129 0.733310
vt 0.499129 0.733310
vt 0.499129 0.733310
vt 0.499129 0.733310
vt 0.499129 0.733310
vt 0.499129 0.733310
vt 0.499129 0.733310
vt 0.499129 0.733310
vt 0.499129 0.733310
vt 0.499129 0.733310
vt 0.499129 0.733310
vt 0.499129 0.733310
vt 0.499129 0.733310
vt 0.499129 0.733310
vt 0.499129 0.733310
vt 0.499129 0.733310
vt 0.499129 0.733310
vt 0.499129 0.733310
vt 0.499129 0.733310
vt 0.205058 0.601349
vt 0.205058 0.531264
vt 0.247304 0.601349
vt 0.247304 0.531264
vt 0.289551 0.601349
vt 0.289551 0.531264
vt 0.331797 0.601349
vt 0.331797 0.531264
vt 0.374043 0.601349
vt 0.374043 0.531264
vt 0.416290 0.601349
vt 0.416290 0.531264
vt 0.458536 0.601349
vt 0.458536 0.531264
vt 0.500783 0.601349
vt 0.500783 0.531264
vt 0.543029 0.601349
vt 0.543029 0.531264
vt 0.585276 0.601349
vt 0.585276 0.531264
vt 0.627522 0.601349
vt 0.627522 0.531264
vt 0.669769 0.601349
vt 0.669769 0.531264
vt 0.712015 0.601349
vt 0.712015 0.531264
vt 0.754262 0.601349
vt 0.754262 0.531264
vt 0.796508 0.601349
vt 0.796508 0.531264
vt 0.345105 0.657638
vt 0.345105 0.611650
vt 0.267658 0.611650
vt 0.267658 0.657638
vt 0.809790 0.657638
vt 0.809790 0.611650
vt 0.732343 0.611650
vt 0.732343 0.657638
vt 0.654895 0.611650
vt 0.654895 0.657638
vt 0.577448 0.611650
vt 0.577448 0.657638
vt 0.500000 0.611650
vt 0.500000 0.657638
vt 0.422552 0.611650
vt 0.422552 0.657638
vt 0.345105 0.657638
vt 0.267658 0.657638
vt 0.267658 0.611650
vt 0.345105 0.611650
vt 0.732343 0.657638
vt 0.732343 0.611650
vt 0.654895 0.657638
vt 0.654895 0.611650
vt 0.577448 0.657638
vt 0.577448 0.611650
vt 0.500000 0.657638
vt 0.500000 0.611650
vt 0.422552 0.657638
vt 0.422552 0.611650
vt 0.500406 0.733247
vt 0.500406 0.733247
vt 0.500406 0.733247
vt 0.500406 0.733247
vt 0.500406 0.733247
vt 0.500406 0.733247
vt 0.500406 0.733247
vt 0.500406 0.733247
vt 0.500406 0.733247
vt 0.500406 0.733247
vt 0.500406 0.733247
vt 0.500406 0.733247
vt 0.500406 0.733247
vt 0.500406 0.733247
vt 0.500406 0.733247
vt 0.500406 0.733247
vt 0.500406 0.733247
vt 0.500406 0.733247
vt 0.500406 0.733247
vt 0.500406 0.733247
vt 0.500406 0.733247
vt 0.500406 0.733247
vt 0.500406 0.733247
vt 0.500406 0.733247
vt 0.500406 0.733247
vt 0.500406 0.733247
vt 0.500406 0.733247
vt 0.500406 0.733247
vt 0.500406 0.733247
vt 0.500406 0.733247
vt 0.500406 0.733247
vt 0.500406 0.733247
vt 0.500406 0.733247
vt 1.000260 0.873212
vt 1.000260 0.997610
vt 0.987980 0.997610
vt 0.987980 0.873212
vt 0.930623 0.997610
vt 0.930685 0.873212
vt 0.678528 0.873212
vt 0.738295 0.873212
vt 0.738295 0.997610
vt 0.678528 0.997610
vt 0.653038 0.873212
vt 0.653038 0.997610
vt 0.074860 0.873212
vt 0.099047 0.873212
vt 0.099047 0.997610
vt 0.074803 0.997610
vt 0.625784 0.873212
vt 0.625784 0.997610
vt 0.263528 0.873212
vt 0.263528 0.997610
vt 0.238968 0.997610
vt 0.238968 0.873212
vt 0.598530 0.873212
vt 0.598530 0.997610
vt 0.001784 0.873212
vt 0.014064 0.873212
vt 0.014064 0.997610
vt 0.001784 0.997610
vt 0.153555 0.873212
vt 0.177362 0.873212
vt 0.177419 0.997610
vt 0.153555 0.997610
vt 0.427854 0.873212
vt 0.427914 0.997610
vt 0.403449 0.997610
vt 0.403449 0.873212
vt 0.822999 0.873212
vt 0.822999 0.997610
vt 0.763076 0.997610
vt 0.763076 0.873212
vt 0.321631 0.873212
vt 0.321693 0.997610
vt 0.848489 0.873212
vt 0.848489 0.997610
vt 0.574344 0.873212
vt 0.574286 0.997610
vt 0.376195 0.873212
vt 0.376195 0.997610
vt 0.348941 0.997610
vt 0.348941 0.873212
vt 0.875743 0.873212
vt 0.875743 0.997610
vt 0.902997 0.873212
vt 0.902997 0.997610
vt 0.501267 0.873212
vt 0.513547 0.873212
vt 0.513547 0.997610
vt 0.501267 0.997610
vt 0.488987 0.873212
vt 0.488987 0.997610
vt 0.431284 0.997610
vt 0.431347 0.873212
vt 0.074922 0.748814
vt 0.099047 0.748814
vt 0.071360 0.873212
vt 0.071422 0.997610
vt 0.180865 0.873212
vt 0.180803 0.997610
vt 0.570843 0.873212
vt 0.570905 0.997610
vt 0.927184 0.873212
vt 0.927241 0.997610
vt 0.126301 0.873212
vt 0.126301 0.997610
vt 0.501267 0.002426
vt 0.501267 0.126824
vt 0.488987 0.126824
vt 0.488987 0.002426
vt 0.501267 0.251222
vt 0.488987 0.251222
vt 0.501267 0.375620
vt 0.488987 0.375620
vt 0.501267 0.500018
vt 0.488987 0.500018
vt 0.501267 0.624416
vt 0.488987 0.624416
vt 0.501267 0.748814
vt 0.488987 0.748814
vt 0.099047 0.002426
vt 0.126301 0.002426
vt 0.126301 0.126824
vt 0.099047 0.126824
vt 0.126301 0.251222
vt 0.099047 0.251222
vt 0.126301 0.375620
vt 0.099047 0.375620
vt 0.126301 0.500018
vt 0.099047 0.500018
vt 0.126301 0.624416
vt 0.099047 0.624416
vt 0.126301 0.748814
vt 0.153555 0.002426
vt 0.153555 0.126824
vt 0.153555 0.251222
vt 0.153555 0.375620
vt 0.153555 0.500018
vt 0.153555 0.624416
vt 0.153555 0.748814
vt 0.926632 0.002426
vt 0.926732 0.126824
vt 0.902997 0.126824
vt 0.902997 0.002426
vt 0.427791 0.748814
vt 0.403449 0.748814
vt 0.926823 0.251222
vt 0.902997 0.251222
vt 0.926907 0.375620
vt 0.902997 0.375620
vt 0.926985 0.500018
vt 0.902997 0.500018
vt 0.927056 0.624416
vt 0.902997 0.624416
vt 0.927122 0.748814
vt 0.902997 0.748814
vt 0.427277 0.002426
vt 0.427382 0.126824
vt 0.403449 0.126824
vt 0.403449 0.002426
vt 0.427479 0.251222
vt 0.403449 0.251222
vt 0.427567 0.375620
vt 0.403449 0.375620
vt 0.427647 0.500018
vt 0.403449 0.500018
vt 0.427722 0.624416
vt 0.403449 0.624416
vt 0.181461 0.002426
vt 0.238968 0.002426
vt 0.238968 0.126824
vt 0.181353 0.126824
vt 0.238968 0.251222
vt 0.181254 0.251222
vt 0.238968 0.375620
vt 0.181164 0.375620
vt 0.238968 0.500018
vt 0.181080 0.500018
vt 0.238968 0.624416
vt 0.181003 0.624416
vt 0.238968 0.748814
vt 0.180931 0.748814
vt 0.014064 0.002426
vt 0.070763 0.002426
vt 0.070871 0.126824
vt 0.014064 0.126824
vt 0.176910 0.126824
vt 0.177001 0.251222
vt 0.177085 0.375620
vt 0.177163 0.500018
vt 0.177234 0.624416
vt 0.177300 0.748814
vt 0.325076 0.997610
vt 0.325134 0.873212
vt 0.987980 0.126824
vt 0.987980 0.251222
vt 0.931074 0.251222
vt 0.931173 0.126824
vt 0.987980 0.375620
vt 0.930983 0.375620
vt 0.987980 0.500018
vt 0.930900 0.500018
vt 0.987980 0.624416
vt 0.930823 0.624416
vt 0.987980 0.748814
vt 0.930751 0.748814
vt 0.513547 0.002426
vt 0.570246 0.002426
vt 0.570355 0.126824
vt 0.513547 0.126824
vt 0.431749 0.251222
vt 0.431851 0.126824
vt 0.431655 0.375620
vt 0.431569 0.500018
vt 0.431489 0.624416
vt 0.431416 0.748814
vt 0.513547 0.251222
vt 0.513547 0.375620
vt 0.513547 0.500018
vt 0.513547 0.624416
vt 0.513547 0.748814
vt 0.875743 0.126824
vt 0.875743 0.002426
vt 0.875743 0.251222
vt 0.875743 0.375620
vt 0.875743 0.500018
vt 0.875743 0.624416
vt 0.875743 0.748814
vt 0.376195 0.126824
vt 0.376195 0.002426
vt 0.376195 0.251222
vt 0.376195 0.375620
vt 0.376195 0.500018
vt 0.376195 0.624416
vt 0.376195 0.748814
vt 0.763076 0.002426
vt 0.763076 0.126824
vt 0.738295 0.126824
vt 0.738295 0.002426
vt 0.763076 0.251222
vt 0.738295 0.251222
vt 0.763076 0.375620
vt 0.738295 0.375620
vt 0.763076 0.500018
vt 0.738295 0.500018
vt 0.763076 0.624416
vt 0.738295 0.624416
vt 0.763076 0.748814
vt 0.738295 0.748814
vt 0.848489 0.126824
vt 0.848489 0.002426
vt 0.848489 0.251222
vt 0.848489 0.375620
vt 0.848489 0.500018
vt 0.848489 0.624416
vt 0.848489 0.748814
vt 0.348941 0.126824
vt 0.348941 0.002426
vt 0.348941 0.251222
vt 0.348941 0.375620
vt 0.348941 0.500018
vt 0.348941 0.624416
vt 0.348941 0.748814
vt 0.574896 0.002426
vt 0.598530 0.002426
vt 0.598530 0.126824
vt 0.574796 0.126824
vt 0.598530 0.251222
vt 0.574704 0.251222
vt 0.598530 0.375620
vt 0.574620 0.375620
vt 0.598530 0.500018
vt 0.574543 0.500018
vt 0.598530 0.624416
vt 0.574471 0.624416
vt 0.598530 0.748814
vt 0.574405 0.748814
vt 0.822999 0.126824
vt 0.822999 0.002426
vt 0.822999 0.251222
vt 0.822999 0.375620
vt 0.822999 0.500018
vt 0.822999 0.624416
vt 0.822999 0.748814
vt 0.321034 0.002426
vt 0.321142 0.126824
vt 0.263528 0.126824
vt 0.263528 0.002426
vt 0.321241 0.251222
vt 0.263528 0.251222
vt 0.321332 0.375620
vt 0.263528 0.375620
vt 0.321415 0.500018
vt 0.263528 0.500018
vt 0.321493 0.624416
vt 0.263528 0.624416
vt 0.321564 0.748814
vt 0.263528 0.748814
vt 0.431964 0.002426
vt 0.325494 0.251222
vt 0.325586 0.126824
vt 0.325410 0.375620
vt 0.325333 0.500018
vt 0.325261 0.624416
vt 0.325195 0.748814
vt 0.176810 0.002426
vt 0.570453 0.251222
vt 0.570544 0.375620
vt 0.570628 0.500018
vt 0.570705 0.624416
vt 0.570776 0.748814
vt 0.001784 0.002426
vt 0.001784 0.126824
vt 0.014064 0.251222
vt 0.001784 0.251222
vt 0.014064 0.375620
vt 0.001784 0.375620
vt 0.014064 0.500018
vt 0.001784 0.500018
vt 0.014064 0.624416
vt 0.001784 0.624416
vt 0.014064 0.748814
vt 0.001784 0.748814
vt 0.625784 0.002426
vt 0.625784 0.126824
vt 0.625784 0.251222
vt 0.625784 0.375620
vt 0.625784 0.500018
vt 0.625784 0.624416
vt 0.625784 0.748814
vt 0.653038 0.002426
vt 0.653038 0.126824
vt 0.653038 0.251222
vt 0.653038 0.375620
vt 0.653038 0.500018
vt 0.653038 0.624416
vt 0.653038 0.748814
vt 0.075412 0.002426
vt 0.075312 0.126824
vt 0.075221 0.251222
vt 0.075137 0.375620
vt 0.075060 0.500018
vt 0.074988 0.624416
vt 0.678528 0.002426
vt 0.678528 0.126824
vt 0.678528 0.251222
vt 0.678528 0.375620
vt 0.678528 0.500018
vt 0.678528 0.624416
vt 0.678528 0.748814
vt 0.987980 0.002426
vt 0.931281 0.002426
vt 0.070970 0.251222
vt 0.071061 0.375620
vt 0.071144 0.500018
vt 0.071222 0.624416
vt 0.071293 0.748814
vt 1.000260 0.002426
vt 1.000260 0.126824
vt 1.000260 0.251222
vt 1.000260 0.375620
vt 1.000260 0.500018
vt 1.000260 0.624416
vt 1.000260 0.748814
vt 0.325686 0.002426
vn 0.0283 -0.9996 -0.0000
vn -0.7068 -0.0200 0.7071
vn -0.0283 0.9996 0.0000
vn -0.0000 -0.0000 -1.0000
vn -0.7068 -0.0200 -0.7071
vn -0.0000 -0.0000 1.0000
vn 0.9996 0.0283 0.0000
vn -0.9996 -0.0283 0.0000
vn 0.0000 -0.9996 0.0283
vn -0.7071 -0.0200 -0.7068
vn -0.0000 0.9996 -0.0283
vn 1.0000 0.0000 -0.0000
vn 0.7071 -0.0200 -0.7068
vn -1.0000 0.0000 -0.0000
vn -0.0000 0.0283 0.9996
vn 0.0000 -0.0283 -0.9996
vn -0.0283 -0.9996 0.0000
vn 0.7068 -0.0200 -0.7071
vn 0.0283 0.9996 -0.0000
vn 0.7068 -0.0200 0.7071
vn -0.9996 0.0283 -0.0000
vn 0.9996 -0.0283 0.0000
vn -0.0000 -0.9996 -0.0283
vn 0.7071 -0.0200 0.7068
vn 0.0000 0.9996 0.0283
vn -0.7071 -0.0200 0.7068
vn 0.0000 0.0283 -0.9996
vn -0.0000 -0.0283 0.9996
vn -0.1011 0.9833 -0.1513
vn -0.1287 0.9833 -0.1287
vn 0.0039 1.0000 0.0039
vn 0.0031 1.0000 0.0046
vn -0.0696 0.9833 -0.1681
vn 0.0021 1.0000 0.0052
vn -0.0355 0.9833 -0.1785
vn 0.0011 1.0000 0.0055
vn -0.0000 0.9833 -0.1820
vn 0.0000 1.0000 0.0056
vn 0.0355 0.9833 -0.1785
vn -0.0011 1.0000 0.0055
vn 0.0696 0.9833 -0.1681
vn -0.0021 1.0000 0.0052
vn 0.1011 0.9833 -0.1513
vn -0.0031 1.0000 0.0046
vn 0.1287 0.9833 -0.1287
vn -0.0039 1.0000 0.0039
vn 0.1513 0.9833 -0.1011
vn -0.0046 1.0000 0.0031
vn 0.1681 0.9833 -0.0696
vn -0.0052 1.0000 0.0021
vn -0.1785 0.9833 -0.0355
vn -0.1820 0.9833 0.0000
vn 0.0056 1.0000 0.0000
vn 0.0055 1.0000 0.0011
vn 0.1785 0.9833 -0.0355
vn -0.0055 1.0000 0.0011
vn -0.1681 0.9833 -0.0696
vn 0.0052 1.0000 0.0021
vn 0.1820 0.9833 0.0000
vn -0.0056 1.0000 0.0000
vn -0.1513 0.9833 -0.1011
vn 0.0046 1.0000 0.0031
vn -0.7053 0.5297 0.4712
vn -0.7836 0.5297 0.3246
vn -0.8319 0.5297 0.1655
vn -0.8482 0.5297 0.0000
vn 0.0000 0.5297 0.8482
vn -0.1655 0.5297 0.8319
vn -0.3246 0.5297 0.7836
vn -0.4712 0.5297 0.7053
vn -0.5998 0.5297 0.5998
vn 0.7053 0.5297 0.4712
vn 0.7836 0.5297 0.3246
vn 0.8319 0.5297 0.1655
vn 0.8482 0.5297 0.0000
vn 0.1655 0.5297 0.8319
vn 0.3246 0.5297 0.7836
vn 0.4712 0.5297 0.7053
vn 0.5998 0.5297 0.5998
vn -0.3726 0.2279 -0.8996
vn -0.5409 0.2279 -0.8096
vn 0.8096 0.2279 -0.5409
vn 0.6885 0.2279 -0.6885
vn -0.3684 0.2708 0.8893
vn -0.5348 0.2708 0.8004
vn -0.5195 0.3545 0.7775
vn -0.3578 0.3545 0.8639
vn -0.6885 0.2279 -0.6885
vn 0.8996 0.2279 -0.3726
vn -0.6807 0.2708 0.6807
vn -0.6612 0.3545 0.6612
vn -0.8096 0.2279 -0.5409
vn 0.9550 0.2279 -0.1900
vn -0.8004 0.2708 0.5348
vn -0.7775 0.3545 0.5195
vn -0.8996 0.2279 -0.3726
vn 0.9737 0.2279 0.0000
vn -0.8893 0.2708 0.3684
vn -0.8639 0.3545 0.3578
vn 0.9626 0.2709 0.0000
vn 0.9441 0.2709 0.1878
vn 0.9171 0.3545 0.1824
vn 0.9351 0.3545 0.0000
vn -0.9550 0.2279 -0.1900
vn -0.9441 0.2708 0.1878
vn -0.9171 0.3545 0.1824
vn 0.8893 0.2708 0.3684
vn 0.8639 0.3545 0.3578
vn -0.9737 0.2279 0.0000
vn -0.9626 0.2709 0.0000
vn -0.9351 0.3545 -0.0000
vn 0.8004 0.2708 0.5348
vn 0.7775 0.3545 0.5195
vn 0.6807 0.2709 0.6807
vn 0.6612 0.3545 0.6612
vn 0.5348 0.2708 0.8004
vn 0.5195 0.3545 0.7775
vn 0.3684 0.2708 0.8893
vn 0.3578 0.3545 0.8639
vn 0.1900 0.2279 -0.9550
vn 0.0000 0.2279 -0.9737
vn 0.1878 0.2708 0.9441
vn 0.1824 0.3545 0.9171
vn 0.3726 0.2279 -0.8996
vn -0.0000 0.2708 0.9626
vn 0.0000 0.3545 0.9350
vn -0.1900 0.2279 -0.9550
vn 0.5409 0.2279 -0.8096
vn -0.1878 0.2708 0.9441
vn -0.1824 0.3545 0.9171
vn -0.7588 0.6513 -0.0000
vn -0.7443 0.6513 0.1480
vn -0.7011 0.6513 0.2904
vn -0.6309 0.6513 0.4216
vn -0.5366 0.6513 0.5366
vn -0.4216 0.6513 0.6309
vn -0.2904 0.6513 0.7011
vn -0.1480 0.6513 0.7443
vn 0.0000 0.6513 0.7588
vn 0.1480 0.6513 0.7443
vn 0.2904 0.6513 0.7011
vn 0.4216 0.6513 0.6309
vn 0.5366 0.6513 0.5366
vn 0.6309 0.6513 0.4216
vn 0.7011 0.6513 0.2904
vn 0.7443 0.6513 0.1480
vn 0.7588 0.6513 0.0000
vn -0.1011 0.9833 0.1513
vn 0.0031 1.0000 -0.0046
vn 0.0039 1.0000 -0.0039
vn -0.1287 0.9833 0.1287
vn -0.0696 0.9833 0.1681
vn 0.0021 1.0000 -0.0052
vn -0.0355 0.9833 0.1785
vn 0.0011 1.0000 -0.0055
vn -0.0000 0.9833 0.1820
vn 0.0000 1.0000 -0.0056
vn 0.0355 0.9833 0.1785
vn -0.0011 1.0000 -0.0055
vn 0.0696 0.9833 0.1681
vn -0.0021 1.0000 -0.0052
vn 0.1011 0.9833 0.1513
vn -0.0031 1.0000 -0.0046
vn 0.1287 0.9833 0.1287
vn -0.0039 1.0000 -0.0039
vn 0.1513 0.9833 0.1011
vn -0.0046 1.0000 -0.0031
vn 0.1681 0.9833 0.0696
vn -0.0052 1.0000 -0.0021
vn -0.1785 0.9833 0.0355
vn 0.0055 1.0000 -0.0011
vn 0.1785 0.9833 0.0355
vn -0.0055 1.0000 -0.0011
vn -0.1681 0.9833 0.0696
vn 0.0052 1.0000 -0.0021
vn -0.1513 0.9833 0.1011
vn 0.0046 1.0000 -0.0031
vn -0.7053 0.5297 -0.4712
vn -0.7836 0.5297 -0.3246
vn -0.8319 0.5297 -0.1655
vn 0.0000 0.5297 -0.8482
vn -0.1655 0.5297 -0.8319
vn -0.3246 0.5297 -0.7836
vn -0.4712 0.5297 -0.7053
vn -0.5998 0.5297 -0.5998
vn 0.7053 0.5297 -0.4712
vn 0.7836 0.5297 -0.3246
vn 0.8319 0.5297 -0.1655
vn 0.1655 0.5297 -0.8319
vn 0.3246 0.5297 -0.7836
vn 0.4712 0.5297 -0.7053
vn 0.5998 0.5297 -0.5998
vn -0.3726 0.2279 0.8996
vn -0.5409 0.2279 0.8096
vn 0.8096 0.2279 0.5409
vn 0.6885 0.2279 0.6885
vn -0.3684 0.2708 -0.8893
vn -0.3578 0.3545 -0.8639
vn -0.5195 0.3545 -0.7775
vn -0.5348 0.2708 -0.8004
vn -0.6885 0.2279 0.6885
vn 0.8996 0.2279 0.3726
vn -0.6612 0.3545 -0.6612
vn -0.6807 0.2709 -0.6807
vn -0.8096 0.2279 0.5409
vn 0.9550 0.2279 0.1900
vn -0.7775 0.3545 -0.5195
vn -0.8004 0.2708 -0.5348
vn -0.8996 0.2279 0.3726
vn -0.8639 0.3545 -0.3578
vn -0.8893 0.2708 -0.3684
vn 0.9171 0.3545 -0.1824
vn 0.9441 0.2708 -0.1878
vn -0.9550 0.2279 0.1900
vn -0.9171 0.3545 -0.1824
vn -0.9441 0.2708 -0.1878
vn 0.8639 0.3545 -0.3578
vn 0.8893 0.2708 -0.3684
vn 0.7775 0.3545 -0.5195
vn 0.8004 0.2708 -0.5348
vn 0.6612 0.3545 -0.6612
vn 0.6807 0.2709 -0.6807
vn 0.5195 0.3545 -0.7775
vn 0.5348 0.2708 -0.8004
vn 0.3578 0.3545 -0.8639
vn 0.3684 0.2708 -0.8893
vn 0.1900 0.2279 0.9550
vn -0.0000 0.2279 0.9737
vn 0.1824 0.3545 -0.9171
vn 0.1878 0.2708 -0.9441
vn 0.3726 0.2279 0.8996
vn 0.0000 0.3545 -0.9350
vn 0.0000 0.2708 -0.9626
vn -0.1900 0.2279 0.9550
vn 0.5409 0.2279 0.8096
vn -0.1824 0.3545 -0.9171
vn -0.1878 0.2708 -0.9441
vn -0.7443 0.6513 -0.1480
vn -0.7011 0.6513 -0.2904
vn -0.6309 0.6513 -0.4216
vn -0.5366 0.6513 -0.5366
vn -0.4216 0.6513 -0.6309
vn -0.2904 0.6513 -0.7011
vn -0.1480 0.6513 -0.7443
vn 0.0000 0.6513 -0.7588
vn 0.1480 0.6513 -0.7443
vn 0.2904 0.6513 -0.7011
vn 0.4216 0.6513 -0.6309
vn 0.5366 0.6513 -0.5366
vn 0.6309 0.6513 -0.4216
vn 0.7011 0.6513 -0.2904
vn 0.7443 0.6513 -0.1480
vn 0.1430 0.9893 0.0285
vn 0.1458 0.9893 0.0000
vn -0.1908 0.9816 0.0000
vn -0.1871 0.9816 -0.0372
vn 0.1347 0.9893 0.0558
vn -0.1762 0.9816 -0.0730
vn 0.1213 0.9893 0.0810
vn -0.1586 0.9816 -0.1060
vn 0.1031 0.9893 0.1031
vn -0.1349 0.9816 -0.1349
vn 0.0810 0.9893 0.1213
vn -0.1060 0.9816 -0.1586
vn 0.0558 0.9893 0.1347
vn -0.0730 0.9816 -0.1762
vn 0.0285 0.9893 0.1430
vn -0.0372 0.9816 -0.1871
vn -0.0000 0.9893 0.1458
vn 0.0000 0.9816 -0.1908
vn -0.0285 0.9893 0.1430
vn 0.0372 0.9816 -0.1871
vn -0.0558 0.9893 0.1347
vn 0.0730 0.9816 -0.1762
vn -0.0810 0.9893 0.1213
vn 0.1060 0.9816 -0.1586
vn -0.1031 0.9893 0.1031
vn 0.1349 0.9816 -0.1349
vn -0.1213 0.9893 0.0810
vn 0.1586 0.9816 -0.1060
vn -0.1347 0.9893 0.0558
vn 0.1762 0.9816 -0.0730
vn -0.1430 0.9893 0.0285
vn 0.1871 0.9816 -0.0372
vn -0.1458 0.9893 -0.0000
vn 0.1908 0.9816 -0.0000
vn 0.5771 0.5778 0.5771
vn 0.6786 0.5778 0.4534
vn 0.5804 0.7160 0.3878
vn 0.4936 0.7160 0.4936
vn -0.6786 0.5778 0.4534
vn -0.5771 0.5778 0.5771
vn -0.4936 0.7160 0.4936
vn -0.5804 0.7160 0.3878
vn -0.1592 0.5778 0.8005
vn 0.0000 0.5778 0.8162
vn 0.0000 0.7160 0.6981
vn -0.1362 0.7160 0.6847
vn 0.4534 0.5778 0.6786
vn 0.3878 0.7160 0.5804
vn -0.7540 0.5778 0.3123
vn -0.6450 0.7160 0.2671
vn -0.3123 0.5778 0.7540
vn -0.2671 0.7160 0.6450
vn 0.3123 0.5778 0.7540
vn 0.2671 0.7160 0.6450
vn -0.8005 0.5778 0.1592
vn -0.6847 0.7160 0.1362
vn 0.7540 0.5778 0.3123
vn 0.8005 0.5778 0.1592
vn 0.6847 0.7160 0.1362
vn 0.6450 0.7160 0.2671
vn -0.4534 0.5778 0.6786
vn -0.3878 0.7160 0.5804
vn 0.1592 0.5778 0.8005
vn 0.1362 0.7160 0.6847
vn -0.8162 0.5778 0.0000
vn -0.6981 0.7160 0.0000
vn 0.8162 0.5778 -0.0000
vn 0.2960 0.9534 0.0589
vn 0.3018 0.9534 -0.0000
vn 0.2788 0.9534 0.1155
vn 0.2509 0.9534 0.1677
vn 0.2134 0.9534 0.2134
vn 0.1677 0.9534 0.2509
vn 0.1155 0.9534 0.2788
vn 0.0589 0.9534 0.2960
vn 0.0000 0.9534 0.3018
vn -0.0589 0.9534 0.2960
vn -0.1155 0.9534 0.2788
vn -0.1677 0.9534 0.2509
vn -0.2134 0.9534 0.2134
vn -0.2509 0.9534 0.1677
vn -0.2788 0.9534 0.1155
vn -0.2960 0.9534 0.0589
vn -0.3018 0.9534 -0.0000
vn 0.4823 0.8707 0.0959
vn 0.4918 0.8707 0.0000
vn 0.6981 0.7160 0.0000
vn 0.4543 0.8707 0.1882
vn 0.4089 0.8707 0.2732
vn 0.3477 0.8707 0.3477
vn 0.2732 0.8707 0.4089
vn 0.1882 0.8707 0.4543
vn 0.0959 0.8707 0.4823
vn 0.0000 0.8707 0.4918
vn -0.0959 0.8707 0.4823
vn -0.1882 0.8707 0.4543
vn -0.2732 0.8707 0.4089
vn -0.3477 0.8707 0.3477
vn -0.4089 0.8707 0.2732
vn -0.4543 0.8707 0.1882
vn -0.4823 0.8707 0.0959
vn -0.4918 0.8707 0.0000
vn 0.1430 0.9893 -0.0285
vn -0.1871 0.9816 0.0372
vn 0.1347 0.9893 -0.0558
vn -0.1762 0.9816 0.0730
vn 0.1213 0.9893 -0.0810
vn -0.1586 0.9816 0.1060
vn 0.1031 0.9893 -0.1031
vn -0.1349 0.9816 0.1349
vn 0.0810 0.9893 -0.1213
vn -0.1060 0.9816 0.1586
vn 0.0558 0.9893 -0.1347
vn -0.0730 0.9816 0.1762
vn 0.0285 0.9893 -0.1430
vn -0.0372 0.9816 0.1871
vn -0.0000 0.9893 -0.1458
vn 0.0000 0.9816 0.1908
vn -0.0285 0.9893 -0.1430
vn 0.0372 0.9816 0.1871
vn -0.0558 0.9893 -0.1347
vn 0.0730 0.9816 0.1762
vn -0.0810 0.9893 -0.1213
vn 0.1060 0.9816 0.1586
vn -0.1031 0.9893 -0.1031
vn 0.1349 0.9816 0.1349
vn -0.1213 0.9893 -0.0810
vn 0.1586 0.9816 0.1060
vn -0.1347 0.9893 -0.0558
vn 0.1762 0.9816 0.0730
vn -0.1430 0.9893 -0.0285
vn 0.1871 0.9816 0.0372
vn 0.5771 0.5778 -0.5771
vn 0.4936 0.7160 -0.4936
vn 0.5804 0.7160 -0.3878
vn 0.6786 0.5778 -0.4534
vn -0.6786 0.5778 -0.4534
vn -0.5804 0.7160 -0.3878
vn -0.4936 0.7160 -0.4936
vn -0.5771 0.5778 -0.5771
vn -0.1592 0.5778 -0.8005
vn -0.1362 0.7160 -0.6847
vn 0.0000 0.7160 -0.6981
vn 0.0000 0.5778 -0.8162
vn 0.4534 0.5778 -0.6786
vn 0.3878 0.7160 -0.5804
vn -0.7540 0.5778 -0.3123
vn -0.6450 0.7160 -0.2671
vn -0.3123 0.5778 -0.7540
vn -0.2671 0.7160 -0.6450
vn 0.3123 0.5778 -0.7540
vn 0.2671 0.7160 -0.6450
vn -0.8005 0.5778 -0.1592
vn -0.6847 0.7160 -0.1362
vn 0.7540 0.5778 -0.3123
vn 0.6450 0.7160 -0.2671
vn 0.6847 0.7160 -0.1362
vn 0.8005 0.5778 -0.1592
vn -0.4534 0.5778 -0.6786
vn -0.3878 0.7160 -0.5804
vn 0.1592 0.5778 -0.8005
vn 0.1362 0.7160 -0.6847
vn 0.2960 0.9534 -0.0589
vn 0.2788 0.9534 -0.1155
vn 0.2509 0.9534 -0.1677
vn 0.2134 0.9534 -0.2134
vn 0.1677 0.9534 -0.2509
vn 0.1155 0.9534 -0.2788
vn 0.0589 0.9534 -0.2960
vn -0.0000 0.9534 -0.3018
vn -0.0589 0.9534 -0.2960
vn -0.1155 0.9534 -0.2788
vn -0.1677 0.9534 -0.2509
vn -0.2134 0.9534 -0.2134
vn -0.2509 0.9534 -0.1677
vn -0.2788 0.9534 -0.1155
vn -0.2960 0.9534 -0.0589
vn 0.4823 0.8707 -0.0959
vn 0.4543 0.8707 -0.1882
vn 0.4089 0.8707 -0.2732
vn 0.3477 0.8707 -0.3477
vn 0.2732 0.8707 -0.4089
vn 0.1882 0.8707 -0.4543
vn 0.0959 0.8707 -0.4823
vn 0.0000 0.8707 -0.4918
vn -0.0959 0.8707 -0.4823
vn -0.1882 0.8707 -0.4543
vn -0.2732 0.8707 -0.4089
vn -0.3477 0.8707 -0.3477
vn -0.4089 0.8707 -0.2732
vn -0.4543 0.8707 -0.1882
vn -0.4823 0.8707 -0.0959
vn 0.0000 0.9312 -0.3646
vn 0.0000 1.0000 0.0000
vn 0.3646 0.9312 0.0000
vn 0.0000 0.9312 0.3646
vn -0.3646 0.9312 0.0000
vn 0.0000 0.7709 0.6369
vn -0.6369 0.7709 0.0000
vn 0.0000 0.7709 -0.6369
vn 0.6369 0.7709 0.0000
vn 0.0000 0.9186 -0.3953
vn 0.0771 0.9186 -0.3877
vn 0.2795 0.9186 -0.2795
vn 0.3286 0.9186 -0.2196
vn -0.3286 0.9186 -0.2196
vn -0.2795 0.9186 -0.2795
vn -0.0771 0.9186 -0.3877
vn 0.2196 0.9186 -0.3286
vn -0.3652 0.9186 -0.1513
vn 0.3877 0.9186 -0.0771
vn 0.3953 0.9186 0.0000
vn -0.1513 0.9186 -0.3652
vn 0.1513 0.9186 -0.3652
vn -0.3877 0.9186 -0.0771
vn 0.3652 0.9186 -0.1513
vn -0.2196 0.9186 -0.3286
vn -0.3953 0.9186 0.0000
vn 0.0771 0.9186 0.3877
vn -0.0000 0.9186 0.3953
vn 0.3286 0.9186 0.2196
vn 0.2795 0.9186 0.2795
vn -0.2795 0.9186 0.2795
vn -0.3286 0.9186 0.2196
vn -0.0771 0.9186 0.3877
vn 0.2196 0.9186 0.3286
vn -0.3652 0.9186 0.1513
vn 0.3877 0.9186 0.0771
vn -0.1513 0.9186 0.3652
vn 0.1513 0.9186 0.3652
vn -0.3877 0.9186 0.0771
vn 0.3652 0.9186 0.1513
vn -0.2196 0.9186 0.3286
vn -0.0000 -0.2674 -0.9636
vn -0.4051 -0.2294 -0.8850
vn -0.3763 -0.2337 -0.8965
vn -0.3999 -0.2892 -0.8697
vn -0.4575 -0.2698 -0.8473
vn 0.6973 -0.1652 -0.6975
vn 0.8965 -0.2334 -0.3765
vn 0.8850 -0.2290 -0.4054
vn 0.7577 -0.4117 0.5063
vn 0.8044 -0.4101 0.4299
vn -0.1209 -0.3972 -0.9097
vn -0.4955 -0.4118 -0.7648
vn -0.4958 -0.4118 -0.7646
vn -0.1427 -0.3994 -0.9056
vn 0.6444 -0.4117 0.6444
vn -0.8970 -0.2339 -0.3752
vn -0.8855 -0.2295 -0.4039
vn -0.8855 -0.2295 0.4039
vn -0.8970 -0.2338 0.3752
vn 0.4955 -0.4117 0.7649
vn 0.4958 -0.4117 0.7646
vn 0.3763 -0.2337 -0.8965
vn 0.4051 -0.2294 -0.8850
vn -0.7577 -0.4118 -0.5063
vn -0.9055 -0.4005 -0.1402
vn -0.9012 -0.4024 -0.1609
vn -0.1353 -0.4046 0.9044
vn -0.1566 -0.4064 0.9002
vn -0.5056 -0.4129 0.7576
vn -0.5051 -0.4129 0.7579
vn 0.6990 -0.1661 0.6955
vn 0.8855 -0.2295 0.4039
vn 0.8970 -0.2338 0.3752
vn -0.8502 -0.2725 -0.4504
vn -0.8726 -0.2923 -0.3914
vn 0.7577 -0.4118 -0.5063
vn 0.8043 -0.4101 -0.4299
vn 0.1209 -0.3971 0.9098
vn 0.1427 -0.3992 0.9057
vn -0.6444 -0.4117 0.6444
vn -0.7577 -0.4117 0.5063
vn 0.6444 -0.4118 -0.6444
vn 0.4955 -0.4118 -0.7648
vn 0.4958 -0.4118 -0.7646
vn 0.0000 -0.2672 0.9636
vn -0.3763 -0.2336 0.8966
vn -0.4051 -0.2293 0.8850
vn 0.3802 -0.2343 0.8948
vn 0.4097 -0.2298 0.8828
vn 0.3984 -0.2959 0.8682
vn 0.4584 -0.2753 0.8450
vn 0.4575 -0.2698 -0.8473
vn 0.3999 -0.2892 -0.8697
vn -0.8503 -0.2725 0.4504
vn -0.8726 -0.2922 0.3914
vn -0.4575 -0.2696 0.8473
vn -0.3999 -0.2890 0.8698
vn 0.1209 -0.3972 -0.9097
vn 0.1427 -0.3994 -0.9056
vn -0.6444 -0.4118 -0.6444
vn 0.3767 -0.2351 0.8960
vn 0.3437 -0.2396 0.9080
vn 0.3774 -0.2349 0.8957
vn 0.3781 -0.2348 0.8955
vn 0.3787 -0.2346 0.8953
vn 0.3792 -0.2345 0.8951
vn 0.3797 -0.2344 0.8949
vn -0.4952 -0.4118 -0.7650
vn 0.1024 -0.3953 -0.9128
vn 0.4952 -0.4118 -0.7650
vn -0.1337 -0.4043 0.9048
vn -0.5040 -0.4129 0.7586
vn -0.1036 -0.4009 0.9102
vn -0.1232 -0.4029 0.9069
vn -0.4970 -0.4132 0.7631
vn -0.4958 -0.4132 0.7638
vn -0.1257 -0.4033 0.9064
vn -0.4986 -0.4131 0.7620
vn -0.1280 -0.4036 0.9060
vn -0.5001 -0.4131 0.7611
vn -0.1300 -0.4039 0.9055
vn -0.5015 -0.4130 0.7602
vn -0.1319 -0.4041 0.9051
vn -0.5028 -0.4130 0.7594
vn -0.8269 -0.2536 0.5018
vn -0.9087 -0.2384 0.3426
vn 0.3435 -0.2383 -0.9084
vn 0.5079 -0.2513 -0.8240
vn -0.9012 -0.4024 0.1609
vn -0.9055 -0.4005 0.1402
vn -0.3436 -0.2382 0.9084
vn -0.5079 -0.2511 0.8240
vn 0.4578 -0.2752 0.8454
vn 0.4577 -0.2751 0.8455
vn 0.4580 -0.2752 0.8453
vn 0.4581 -0.2752 0.8452
vn 0.4582 -0.2753 0.8452
vn 0.4583 -0.2753 0.8451
vn 0.9087 -0.2384 0.3426
vn 0.9085 -0.2381 -0.3436
vn 0.1024 -0.3951 0.9129
vn 0.4952 -0.4117 0.7651
vn -0.8269 -0.2537 -0.5018
vn -0.9087 -0.2384 -0.3426
vn 0.5084 -0.2560 0.8222
vn -0.9088 -0.3988 -0.1226
vn -0.1024 -0.3953 -0.9128
vn -0.3435 -0.2383 -0.9084
vn -0.5079 -0.2513 -0.8240
vn -0.9088 -0.3987 0.1226
usemtl MI_Trim_02
s off
f 363/1/1 360/2/1 359/3/1 352/4/1 361/5/1 362/6/1
f 354/7/2 360/8/2 363/9/2 358/10/2
f 358/11/3 357/12/3 356/13/3 353/14/3 355/15/3 354/16/3
f 356/17/4 361/18/4 352/19/4 353/20/4
f 353/20/5 352/19/5 359/21/5 355/22/5
f 358/10/6 363/9/6 362/23/6 357/24/6
f 357/24/7 362/23/7 361/25/7 356/26/7
f 355/22/8 359/21/8 360/8/8 354/7/8
f 375/27/9 372/28/9 371/29/9 364/30/9 373/31/9 374/32/9
f 366/33/10 372/34/10 375/35/10 370/36/10
f 370/37/11 369/38/11 368/39/11 365/40/11 367/41/11 366/42/11
f 368/43/12 373/44/12 364/45/12 365/46/12
f 365/46/13 364/45/13 371/47/13 367/48/13
f 370/36/14 375/35/14 374/49/14 369/50/14
f 369/50/15 374/49/15 373/51/15 368/52/15
f 367/48/16 371/47/16 372/34/16 366/33/16
f 387/53/17 384/54/17 383/55/17 376/56/17 385/57/17 386/58/17
f 378/59/18 384/60/18 387/61/18 382/62/18
f 382/63/19 381/64/19 380/65/19 377/66/19 379/67/19 378/68/19
f 380/69/6 385/70/6 376/71/6 377/72/6
f 377/72/20 376/71/20 383/73/20 379/74/20
f 382/62/4 387/61/4 386/75/4 381/76/4
f 381/76/21 386/75/21 385/77/21 380/78/21
f 379/74/22 383/73/22 384/60/22 378/59/22
f 399/79/23 396/80/23 395/81/23 388/82/23 397/83/23 398/84/23
f 390/85/24 396/86/24 399/87/24 394/88/24
f 394/89/25 393/90/25 392/91/25 389/92/25 391/93/25 390/94/25
f 392/95/14 397/96/14 388/97/14 389/98/14
f 389/98/26 388/97/26 395/99/26 391/100/26
f 394/88/12 399/87/12 398/101/12 393/102/12
f 393/102/27 398/101/27 397/103/27 392/104/27
f 391/100/28 395/99/28 396/86/28 390/85/28
f 281/105/14 285/106/14 286/107/14 282/108/14
f 273/109/6 277/110/6 278/111/6 274/112/6
f 297/113/12 301/114/12 302/115/12 298/116/12
f 289/117/4 293/118/4 294/119/4 290/120/4
s 1
f 37/121/29 35/122/30 23/123/31 304/124/32
f 39/125/33 37/121/29 304/124/32 305/126/34
f 41/127/35 39/125/33 305/126/34 306/128/36
f 43/129/37 41/127/35 306/128/36 24/130/38
f 45/131/39 43/129/37 24/130/38 313/132/40
f 47/133/41 45/131/39 313/132/40 312/134/42
f 49/135/43 47/133/41 312/134/42 311/136/44
f 51/137/45 49/135/43 311/136/44 25/138/46
f 53/139/47 51/137/45 25/138/46 310/140/48
f 55/141/49 53/139/47 310/140/48 309/142/50
f 29/143/51 27/144/52 303/145/53 20/146/54
f 57/147/55 55/141/49 309/142/50 308/148/56
f 31/149/57 29/143/51 20/146/54 21/150/58
f 59/151/59 57/147/55 308/148/56 26/152/60
f 33/153/61 31/149/57 21/150/58 22/154/62
f 35/122/30 33/153/61 22/154/62 23/123/31
f 75/155/63 76/156/64 85/157/64 84/158/63
f 76/156/64 77/159/65 86/160/65 85/157/64
f 77/159/65 78/161/66 87/162/66 86/160/65
f 70/163/67 71/164/68 80/165/68 79/166/67
f 71/164/68 72/167/69 81/168/69 80/165/68
f 72/167/69 73/169/70 82/170/70 81/168/69
f 73/169/70 74/171/71 83/172/71 82/170/70
f 74/171/71 75/155/63 84/158/63 83/172/71
f 100/173/72 108/174/72 109/175/73 101/176/73
f 101/176/73 109/175/73 110/177/74 102/178/74
f 102/178/74 110/177/74 111/179/75 103/180/75
f 70/163/67 79/166/67 104/181/76 96/182/76
f 96/182/76 104/181/76 105/183/77 97/184/77
f 97/184/77 105/183/77 106/185/78 98/186/78
f 98/186/78 106/185/78 107/187/79 99/188/79
f 99/188/79 107/187/79 108/174/72 100/173/72
f 89/189/80 90/190/81 140/191/81 139/192/80
f 66/193/82 65/194/83 133/195/83 134/196/82
f 405/197/84 6/198/85 123/199/86 122/200/87
f 90/190/81 91/201/88 141/202/88 140/191/81
f 67/203/89 66/193/82 134/196/82 135/204/89
f 6/198/85 406/205/90 124/206/91 123/199/86
f 91/201/88 92/207/92 142/208/92 141/202/88
f 68/209/93 67/203/89 135/204/89 136/210/93
f 406/205/90 7/211/94 125/212/95 124/206/91
f 92/207/92 93/213/96 143/214/96 142/208/92
f 69/215/97 68/209/93 136/210/93 137/216/97
f 7/211/94 8/217/98 126/218/99 125/212/95
f 1/219/100 400/220/101 113/221/102 112/222/103
f 93/213/96 94/223/104 144/224/104 143/214/96
f 8/217/98 407/225/105 127/226/106 126/218/99
f 400/220/101 2/227/107 114/228/108 113/221/102
f 94/223/104 95/229/109 145/230/109 144/224/104
f 407/225/105 408/231/110 128/232/111 127/226/106
f 2/227/107 401/233/112 115/234/113 114/228/108
f 401/233/112 3/235/114 116/236/115 115/234/113
f 3/235/114 402/237/116 117/238/117 116/236/115
f 402/237/116 4/239/118 118/240/119 117/238/117
f 62/241/120 61/242/121 129/243/121 130/244/120
f 4/239/118 5/245/122 119/246/123 118/240/119
f 63/247/124 62/241/120 130/244/120 131/248/124
f 5/245/122 403/249/125 120/250/126 119/246/123
f 61/242/121 88/251/127 138/252/127 129/243/121
f 64/253/128 63/247/124 131/248/124 132/254/128
f 403/249/125 404/255/129 121/256/130 120/250/126
f 88/251/127 89/189/80 139/192/80 138/252/127
f 65/194/83 64/253/128 132/254/128 133/195/83
f 404/255/129 405/197/84 122/200/87 121/256/130
f 137/257/131 136/258/132 127/259/106 128/260/111
f 136/258/132 135/261/133 126/262/99 127/259/106
f 135/261/133 134/263/134 125/264/95 126/262/99
f 134/263/134 133/265/135 124/266/91 125/264/95
f 133/265/135 132/267/136 123/268/86 124/266/91
f 132/267/136 131/269/137 122/270/87 123/268/86
f 131/269/137 130/271/138 121/272/130 122/270/87
f 130/271/138 129/273/139 120/274/126 121/272/130
f 129/273/139 138/275/140 119/276/123 120/274/126
f 138/275/140 139/277/141 118/278/119 119/276/123
f 139/277/141 140/279/142 117/280/117 118/278/119
f 140/279/142 141/281/143 116/282/115 117/280/117
f 141/281/143 142/283/144 115/284/113 116/282/115
f 142/283/144 143/285/145 114/286/108 115/284/113
f 143/285/145 144/287/146 113/288/102 114/286/108
f 144/287/146 145/289/147 112/290/103 113/288/102
f 174/291/148 316/292/149 315/293/150 172/294/151
f 176/295/152 159/296/153 316/292/149 174/291/148
f 178/297/154 160/298/155 159/296/153 176/295/152
f 180/299/156 161/300/157 160/298/155 178/297/154
f 182/301/158 319/302/159 161/300/157 180/299/156
f 184/303/160 162/304/161 319/302/159 182/301/158
f 186/305/162 163/306/163 162/304/161 184/303/160
f 188/307/164 318/308/165 163/306/163 186/305/162
f 190/309/166 164/310/167 318/308/165 188/307/164
f 192/311/168 165/312/169 164/310/167 190/309/166
f 166/313/170 157/314/171 303/145/53 27/144/52
f 194/315/172 317/316/173 165/312/169 192/311/168
f 168/317/174 158/318/175 157/314/171 166/313/170
f 59/151/59 26/152/60 317/316/173 194/315/172
f 170/319/176 314/320/177 158/318/175 168/317/174
f 172/294/151 315/293/150 314/320/177 170/319/176
f 209/321/178 217/322/178 218/323/179 210/324/179
f 210/324/179 218/323/179 219/325/180 211/326/180
f 211/326/180 219/325/180 87/162/66 78/161/66
f 204/327/181 212/328/181 213/329/182 205/330/182
f 205/330/182 213/329/182 214/331/183 206/332/183
f 206/332/183 214/331/183 215/333/184 207/334/184
f 207/334/184 215/333/184 216/335/185 208/336/185
f 208/336/185 216/335/185 217/322/178 209/321/178
f 231/337/186 232/338/187 239/339/187 238/340/186
f 232/338/187 233/341/188 240/342/188 239/339/187
f 233/341/188 103/180/75 111/179/75 240/342/188
f 204/327/181 227/343/189 234/344/189 212/328/181
f 227/343/189 228/345/190 235/346/190 234/344/189
f 228/345/190 229/347/191 236/348/191 235/346/190
f 229/347/191 230/349/192 237/350/192 236/348/191
f 230/349/192 231/337/186 238/340/186 237/350/192
f 221/351/193 265/352/193 266/353/194 222/354/194
f 201/355/195 261/356/195 260/357/196 200/358/196
f 505/359/197 250/360/198 251/361/199 150/362/200
f 222/354/194 266/353/194 267/363/201 223/364/201
f 202/365/202 262/366/202 261/356/195 201/355/195
f 150/362/200 251/361/199 252/367/203 506/368/204
f 223/364/201 267/363/201 268/369/205 224/370/205
f 203/371/206 263/372/206 262/366/202 202/365/202
f 506/368/204 252/367/203 253/373/207 151/374/208
f 224/370/205 268/369/205 269/375/209 225/376/209
f 69/215/97 137/216/97 263/372/206 203/371/206
f 151/374/208 253/373/207 254/377/210 507/378/211
f 1/219/100 112/222/103 241/379/212 500/380/213
f 225/376/209 269/375/209 270/381/214 226/382/214
f 507/378/211 254/377/210 255/383/215 508/384/216
f 500/380/213 241/379/212 242/385/217 501/386/218
f 226/382/214 270/381/214 145/230/109 95/229/109
f 508/384/216 255/383/215 128/232/111 408/231/110
f 501/386/218 242/385/217 243/387/219 146/388/220
f 146/388/220 243/387/219 244/389/221 502/390/222
f 502/390/222 244/389/221 245/391/223 147/392/224
f 147/392/224 245/391/223 246/393/225 148/394/226
f 197/395/227 257/396/227 256/397/228 196/398/228
f 148/394/226 246/393/225 247/399/229 503/400/230
f 198/401/231 258/402/231 257/396/227 197/395/227
f 503/400/230 247/399/229 248/403/232 504/404/233
f 196/398/228 256/397/228 264/405/234 220/406/234
f 199/407/235 259/408/235 258/402/231 198/401/231
f 504/404/233 248/403/232 249/409/236 149/410/237
f 220/406/234 264/405/234 265/352/193 221/351/193
f 200/358/196 260/357/196 259/408/235 199/407/235
f 149/410/237 249/409/236 250/360/198 505/359/197
f 137/257/131 128/260/111 255/411/215 263/412/238
f 263/412/238 255/411/215 254/413/210 262/414/239
f 262/414/239 254/413/210 253/415/207 261/416/240
f 261/416/240 253/415/207 252/417/203 260/418/241
f 260/418/241 252/417/203 251/419/199 259/420/242
f 259/420/242 251/419/199 250/421/198 258/422/243
f 258/422/243 250/421/198 249/423/236 257/424/244
f 257/424/244 249/423/236 248/425/232 256/426/245
f 256/426/245 248/425/232 247/427/229 264/428/246
f 264/428/246 247/427/229 246/429/225 265/430/247
f 265/430/247 246/429/225 245/431/223 266/432/248
f 266/432/248 245/431/223 244/433/221 267/434/249
f 267/434/249 244/433/221 243/435/219 268/436/250
f 268/436/250 243/435/219 242/437/217 269/438/251
f 269/438/251 242/437/217 241/439/212 270/440/252
f 270/440/252 241/439/212 112/290/103 145/289/147
f 410/441/253 409/442/254 9/443/255 10/444/256
f 411/445/257 410/441/253 10/444/256 11/446/258
f 412/447/259 411/445/257 11/446/258 12/448/260
f 413/449/261 412/447/259 12/448/260 426/450/262
f 414/451/263 413/449/261 426/450/262 13/452/264
f 415/453/265 414/451/263 13/452/264 14/454/266
f 416/455/267 415/453/265 14/454/266 15/456/268
f 417/457/269 416/455/267 15/456/268 16/458/270
f 418/459/271 417/457/269 16/458/270 427/460/272
f 419/461/273 418/459/271 427/460/272 428/462/274
f 420/463/275 419/461/273 428/462/274 17/464/276
f 421/465/277 420/463/275 17/464/276 18/466/278
f 422/467/279 421/465/277 18/466/278 19/468/280
f 423/469/281 422/467/279 19/468/280 429/470/282
f 424/471/283 423/469/281 429/470/282 430/472/284
f 425/473/285 424/471/283 430/472/284 431/474/286
f 436/475/287 435/476/288 459/477/289 462/478/290
f 445/479/291 444/480/292 486/481/293 489/482/294
f 441/483/295 440/484/296 474/485/297 477/486/298
f 437/487/299 436/475/287 462/478/290 465/488/300
f 446/489/301 445/479/291 489/482/294 492/490/302
f 442/491/303 441/483/295 477/486/298 480/492/304
f 438/493/305 437/487/299 465/488/300 468/494/306
f 447/495/307 446/489/301 492/490/302 495/496/308
f 434/497/309 433/498/310 453/499/311 456/500/312
f 443/501/313 442/491/303 480/492/304 483/502/314
f 439/503/315 438/493/305 468/494/306 471/504/316
f 448/505/317 447/495/307 495/496/308 497/506/318
f 435/476/288 434/497/309 456/500/312 459/477/289
f 444/480/292 443/501/313 483/502/314 486/481/293
f 440/484/296 439/503/315 471/504/316 474/485/297
f 1/507/100 432/508/319 433/498/310 400/509/101
f 400/509/101 433/498/310 434/497/309 2/510/107
f 2/510/107 434/497/309 435/476/288 401/511/112
f 401/511/112 435/476/288 436/475/287 3/512/114
f 3/512/114 436/475/287 437/487/299 402/513/116
f 402/513/116 437/487/299 438/493/305 4/514/118
f 4/514/118 438/493/305 439/503/315 5/515/122
f 5/515/122 439/503/315 440/484/296 403/516/125
f 403/516/125 440/484/296 441/483/295 404/517/129
f 404/517/129 441/483/295 442/491/303 405/518/84
f 405/518/84 442/491/303 443/501/313 6/519/85
f 6/519/85 443/501/313 444/480/292 406/520/90
f 406/520/90 444/480/292 445/479/291 7/521/94
f 7/521/94 445/479/291 446/489/301 8/522/98
f 8/522/98 446/489/301 447/495/307 407/523/105
f 407/523/105 447/495/307 448/505/317 408/524/110
f 452/525/320 449/526/321 409/442/254 410/441/253
f 455/527/322 452/525/320 410/441/253 411/445/257
f 458/528/323 455/527/322 411/445/257 412/447/259
f 461/529/324 458/528/323 412/447/259 413/449/261
f 464/530/325 461/529/324 413/449/261 414/451/263
f 467/531/326 464/530/325 414/451/263 415/453/265
f 470/532/327 467/531/326 415/453/265 416/455/267
f 473/533/328 470/532/327 416/455/267 417/457/269
f 476/534/329 473/533/328 417/457/269 418/459/271
f 479/535/330 476/534/329 418/459/271 419/461/273
f 482/536/331 479/535/330 419/461/273 420/463/275
f 485/537/332 482/536/331 420/463/275 421/465/277
f 488/538/333 485/537/332 421/465/277 422/467/279
f 491/539/334 488/538/333 422/467/279 423/469/281
f 494/540/335 491/539/334 423/469/281 424/471/283
f 498/541/336 494/540/335 424/471/283 425/473/285
f 449/526/321 452/525/320 454/542/337 451/543/338
f 451/543/338 454/542/337 453/499/311 450/544/339
f 452/525/320 455/527/322 457/545/340 454/542/337
f 454/542/337 457/545/340 456/500/312 453/499/311
f 455/527/322 458/528/323 460/546/341 457/545/340
f 457/545/340 460/546/341 459/477/289 456/500/312
f 458/528/323 461/529/324 463/547/342 460/546/341
f 460/546/341 463/547/342 462/478/290 459/477/289
f 461/529/324 464/530/325 466/548/343 463/547/342
f 463/547/342 466/548/343 465/488/300 462/478/290
f 464/530/325 467/531/326 469/549/344 466/548/343
f 466/548/343 469/549/344 468/494/306 465/488/300
f 467/531/326 470/532/327 472/550/345 469/549/344
f 469/549/344 472/550/345 471/504/316 468/494/306
f 470/532/327 473/533/328 475/551/346 472/550/345
f 472/550/345 475/551/346 474/485/297 471/504/316
f 473/533/328 476/534/329 478/552/347 475/551/346
f 475/551/346 478/552/347 477/486/298 474/485/297
f 476/534/329 479/535/330 481/553/348 478/552/347
f 478/552/347 481/553/348 480/492/304 477/486/298
f 479/535/330 482/536/331 484/554/349 481/553/348
f 481/553/348 484/554/349 483/502/314 480/492/304
f 482/536/331 485/537/332 487/555/350 484/554/349
f 484/554/349 487/555/350 486/481/293 483/502/314
f 485/537/332 488/538/333 490/556/351 487/555/350
f 487/555/350 490/556/351 489/482/294 486/481/293
f 488/538/333 491/539/334 493/557/352 490/556/351
f 490/556/351 493/557/352 492/490/302 489/482/294
f 491/539/334 494/540/335 496/558/353 493/557/352
f 493/557/352 496/558/353 495/496/308 492/490/302
f 494/540/335 498/541/336 499/559/354 496/558/353
f 496/558/353 499/559/354 497/506/318 495/496/308
f 433/498/310 432/508/319 450/544/339 453/499/311
f 509/560/355 152/561/356 9/443/255 409/442/254
f 510/562/357 524/563/358 152/561/356 509/560/355
f 511/564/359 525/565/360 524/563/358 510/562/357
f 512/566/361 153/567/362 525/565/360 511/564/359
f 513/568/363 526/569/364 153/567/362 512/566/361
f 514/570/365 527/571/366 526/569/364 513/568/363
f 515/572/367 154/573/368 527/571/366 514/570/365
f 516/574/369 528/575/370 154/573/368 515/572/367
f 517/576/371 529/577/372 528/575/370 516/574/369
f 518/578/373 155/579/374 529/577/372 517/576/371
f 519/580/375 156/581/376 155/579/374 518/578/373
f 520/582/377 530/583/378 156/581/376 519/580/375
f 521/584/379 531/585/380 530/583/378 520/582/377
f 522/586/381 532/587/382 531/585/380 521/584/379
f 523/588/383 533/589/384 532/587/382 522/586/381
f 425/473/285 431/474/286 533/589/384 523/588/383
f 537/590/385 559/591/386 556/592/387 536/593/388
f 546/594/389 586/595/390 583/596/391 545/597/392
f 542/598/393 574/599/394 571/600/395 541/601/396
f 538/602/397 562/603/398 559/591/386 537/590/385
f 547/604/399 589/605/400 586/595/390 546/594/389
f 543/606/401 577/607/402 574/599/394 542/598/393
f 539/608/403 565/609/404 562/603/398 538/602/397
f 548/610/405 592/611/406 589/605/400 547/604/399
f 535/612/407 553/613/408 550/614/409 534/615/410
f 544/616/411 580/617/412 577/607/402 543/606/401
f 540/618/413 568/619/414 565/609/404 539/608/403
f 448/505/317 497/506/318 592/611/406 548/610/405
f 536/593/388 556/592/387 553/613/408 535/612/407
f 545/597/392 583/596/391 580/617/412 544/616/411
f 541/601/396 571/600/395 568/619/414 540/618/413
f 1/507/100 500/620/213 534/615/410 432/508/319
f 500/620/213 501/621/218 535/612/407 534/615/410
f 501/621/218 146/622/220 536/593/388 535/612/407
f 146/622/220 502/623/222 537/590/385 536/593/388
f 502/623/222 147/624/224 538/602/397 537/590/385
f 147/624/224 148/625/226 539/608/403 538/602/397
f 148/625/226 503/626/230 540/618/413 539/608/403
f 503/626/230 504/627/233 541/601/396 540/618/413
f 504/627/233 149/628/237 542/598/393 541/601/396
f 149/628/237 505/629/197 543/606/401 542/598/393
f 505/629/197 150/630/200 544/616/411 543/606/401
f 150/630/200 506/631/204 545/597/392 544/616/411
f 506/631/204 151/632/208 546/594/389 545/597/392
f 151/632/208 507/633/211 547/604/399 546/594/389
f 507/633/211 508/634/216 548/610/405 547/604/399
f 508/634/216 408/524/110 448/505/317 548/610/405
f 549/635/415 509/560/355 409/442/254 449/526/321
f 552/636/416 510/562/357 509/560/355 549/635/415
f 555/637/417 511/564/359 510/562/357 552/636/416
f 558/638/418 512/566/361 511/564/359 555/637/417
f 561/639/419 513/568/363 512/566/361 558/638/418
f 564/640/420 514/570/365 513/568/363 561/639/419
f 567/641/421 515/572/367 514/570/365 564/640/420
f 570/642/422 516/574/369 515/572/367 567/641/421
f 573/643/423 517/576/371 516/574/369 570/642/422
f 576/644/424 518/578/373 517/576/371 573/643/423
f 579/645/425 519/580/375 518/578/373 576/644/424
f 582/646/426 520/582/377 519/580/375 579/645/425
f 585/647/427 521/584/379 520/582/377 582/646/426
f 588/648/428 522/586/381 521/584/379 585/647/427
f 591/649/429 523/588/383 522/586/381 588/648/428
f 498/541/336 425/473/285 523/588/383 591/649/429
f 449/526/321 451/543/338 551/650/430 549/635/415
f 451/543/338 450/544/339 550/614/409 551/650/430
f 549/635/415 551/650/430 554/651/431 552/636/416
f 551/650/430 550/614/409 553/613/408 554/651/431
f 552/636/416 554/651/431 557/652/432 555/637/417
f 554/651/431 553/613/408 556/592/387 557/652/432
f 555/637/417 557/652/432 560/653/433 558/638/418
f 557/652/432 556/592/387 559/591/386 560/653/433
f 558/638/418 560/653/433 563/654/434 561/639/419
f 560/653/433 559/591/386 562/603/398 563/654/434
f 561/639/419 563/654/434 566/655/435 564/640/420
f 563/654/434 562/603/398 565/609/404 566/655/435
f 564/640/420 566/655/435 569/656/436 567/641/421
f 566/655/435 565/609/404 568/619/414 569/656/436
f 567/641/421 569/656/436 572/657/437 570/642/422
f 569/656/436 568/619/414 571/600/395 572/657/437
f 570/642/422 572/657/437 575/658/438 573/643/423
f 572/657/437 571/600/395 574/599/394 575/658/438
f 573/643/423 575/658/438 578/659/439 576/644/424
f 575/658/438 574/599/394 577/607/402 578/659/439
f 576/644/424 578/659/439 581/660/440 579/645/425
f 578/659/439 577/607/402 580/617/412 581/660/440
f 579/645/425 581/660/440 584/661/441 582/646/426
f 581/660/440 580/617/412 583/596/391 584/661/441
f 582/646/426 584/661/441 587/662/442 585/647/427
f 584/661/441 583/596/391 586/595/390 587/662/442
f 585/647/427 587/662/442 590/663/443 588/648/428
f 587/662/442 586/595/390 589/605/400 590/663/443
f 588/648/428 590/663/443 593/664/444 591/649/429
f 590/663/443 589/605/400 592/611/406 593/664/444
f 591/649/429 593/664/444 499/559/354 498/541/336
f 593/664/444 592/611/406 497/506/318 499/559/354
f 534/615/410 550/614/409 450/544/339 432/508/319
usemtl MI_Trim_01_Teleporter
s off
f 271/665/14 273/666/14 274/667/14 272/668/14
f 277/669/12 275/670/12 276/671/12 278/672/12
f 275/673/445 271/674/445 272/675/445 276/676/445
f 278/677/446 276/676/446 272/675/446 274/678/446
f 279/679/4 281/680/4 282/681/4 280/682/4
f 285/683/6 283/684/6 284/685/6 286/686/6
f 283/687/447 279/688/447 280/689/447 284/690/447
f 286/691/446 284/690/446 280/689/446 282/692/446
f 287/693/12 289/694/12 290/695/12 288/696/12
f 293/697/14 291/698/14 292/699/14 294/700/14
f 291/701/448 287/702/448 288/703/448 292/704/448
f 294/705/446 292/704/446 288/703/446 290/706/446
f 295/707/6 297/708/6 298/709/6 296/710/6
f 301/711/4 299/712/4 300/713/4 302/714/4
f 299/715/449 295/716/449 296/717/449 300/718/449
f 302/719/446 300/718/446 296/717/446 298/720/446
f 320/721/14 321/722/14 323/723/14 322/724/14
f 326/725/12 327/726/12 325/727/12 324/728/12
f 324/729/450 325/730/450 321/731/450 320/732/450
f 327/733/446 323/734/446 321/731/446 325/730/446
f 328/735/4 329/736/4 331/737/4 330/738/4
f 334/739/6 335/740/6 333/741/6 332/742/6
f 332/743/451 333/744/451 329/745/451 328/746/451
f 335/747/446 331/748/446 329/745/446 333/744/446
f 336/749/12 337/750/12 339/751/12 338/752/12
f 342/753/14 343/754/14 341/755/14 340/756/14
f 340/757/452 341/758/452 337/759/452 336/760/452
f 343/761/446 339/762/446 337/759/446 341/758/446
f 344/763/6 345/764/6 347/765/6 346/766/6
f 350/767/4 351/768/4 349/769/4 348/770/4
f 348/771/453 349/772/453 345/773/453 344/774/453
f 351/775/446 347/776/446 345/773/446 349/772/446
s 1
f 427/777/272 16/778/270 44/779/454 46/780/455
f 19/781/280 18/782/278 52/783/456 54/784/457
f 426/785/262 12/786/260 34/787/458 36/788/459
f 16/778/270 15/789/268 42/790/460 44/779/454
f 18/782/278 17/791/276 50/792/461 52/783/456
f 12/786/260 11/793/258 32/794/462 34/787/458
f 431/795/286 430/796/284 58/797/463 60/798/464
f 15/789/268 14/799/266 40/800/465 42/790/460
f 17/791/276 428/801/274 48/802/466 50/792/461
f 11/793/258 10/803/256 30/804/467 32/794/462
f 430/796/284 429/805/282 56/806/468 58/797/463
f 14/799/266 13/807/264 38/808/469 40/800/465
f 428/801/274 427/777/272 46/780/455 48/802/466
f 10/803/256 9/809/255 28/810/470 30/804/467
f 429/805/282 19/781/280 54/784/457 56/806/468
f 13/807/264 426/785/262 36/788/459 38/808/469
f 30/811/467 28/812/470 27/813/52 29/814/51
f 32/815/462 30/811/467 29/814/51 31/816/57
f 34/817/458 32/815/462 31/816/57 33/818/61
f 36/819/459 34/817/458 33/818/61 35/820/30
f 38/821/469 36/819/459 35/820/30 37/822/29
f 40/823/465 38/821/469 37/822/29 39/824/33
f 42/825/460 40/823/465 39/824/33 41/826/35
f 44/827/454 42/825/460 41/826/35 43/828/37
f 46/829/455 44/827/454 43/828/37 45/830/39
f 48/831/466 46/829/455 45/830/39 47/832/41
f 50/833/461 48/831/466 47/832/41 49/834/43
f 52/835/456 50/833/461 49/834/43 51/836/45
f 54/837/457 52/835/456 51/836/45 53/838/47
f 56/839/468 54/837/457 53/838/47 55/840/49
f 58/841/463 56/839/468 55/840/49 57/842/55
f 60/843/464 58/841/463 57/842/55 59/844/59
f 67/845/446 68/846/446 77/847/446 76/848/446
f 68/846/446 69/849/446 78/850/446 77/847/446
f 61/851/446 62/852/446 71/853/446 70/854/446
f 62/852/446 63/855/446 72/856/446 71/853/446
f 63/855/446 64/857/446 73/858/446 72/856/446
f 64/857/446 65/859/446 74/860/446 73/858/446
f 65/859/446 66/861/446 75/862/446 74/860/446
f 66/861/446 67/845/446 76/848/446 75/862/446
f 93/863/446 101/864/446 102/865/446 94/866/446
f 94/866/446 102/865/446 103/867/446 95/868/446
f 61/851/446 70/854/446 96/869/446 88/870/446
f 88/870/446 96/869/446 97/871/446 89/872/446
f 89/872/446 97/871/446 98/873/446 90/874/446
f 90/874/446 98/873/446 99/875/446 91/876/446
f 91/876/446 99/875/446 100/877/446 92/878/446
f 92/878/446 100/877/446 101/864/446 93/863/446
f 529/879/372 183/880/471 181/881/472 528/882/370
f 531/883/380 191/884/473 189/885/474 530/886/378
f 153/887/362 173/888/475 171/889/476 525/890/360
f 528/882/370 181/881/472 179/891/477 154/892/368
f 530/886/378 189/885/474 187/893/478 156/894/376
f 525/890/360 171/889/476 169/895/479 524/896/358
f 431/795/286 60/798/464 195/897/480 533/898/384
f 154/892/368 179/891/477 177/899/481 527/900/366
f 156/894/376 187/893/478 185/901/482 155/902/374
f 524/896/358 169/895/479 167/903/483 152/904/356
f 533/898/384 195/897/480 193/905/484 532/906/382
f 527/900/366 177/899/481 175/907/485 526/908/364
f 155/902/374 185/901/482 183/880/471 529/879/372
f 152/904/356 167/903/483 28/810/470 9/809/255
f 532/906/382 193/905/484 191/884/473 531/883/380
f 526/908/364 175/907/485 173/888/475 153/887/362
f 167/909/483 166/910/170 27/813/52 28/812/470
f 169/911/479 168/912/174 166/910/170 167/909/483
f 171/913/476 170/914/176 168/912/174 169/911/479
f 173/915/475 172/916/151 170/914/176 171/913/476
f 175/917/485 174/918/148 172/916/151 173/915/475
f 177/919/481 176/920/152 174/918/148 175/917/485
f 179/921/477 178/922/154 176/920/152 177/919/481
f 181/923/472 180/924/156 178/922/154 179/921/477
f 183/925/471 182/926/158 180/924/156 181/923/472
f 185/927/482 184/928/160 182/926/158 183/925/471
f 187/929/478 186/930/162 184/928/160 185/927/482
f 189/931/474 188/932/164 186/930/162 187/929/478
f 191/933/473 190/934/166 188/932/164 189/931/474
f 193/935/484 192/936/168 190/934/166 191/933/473
f 195/937/480 194/938/172 192/936/168 193/935/484
f 60/843/464 59/844/59 194/938/172 195/937/480
f 202/939/446 210/940/446 211/941/446 203/942/446
f 203/942/446 211/941/446 78/850/446 69/849/446
f 196/943/446 204/944/446 205/945/446 197/946/446
f 197/946/446 205/945/446 206/947/446 198/948/446
f 198/948/446 206/947/446 207/949/446 199/950/446
f 199/950/446 207/949/446 208/951/446 200/952/446
f 200/952/446 208/951/446 209/953/446 201/954/446
f 201/954/446 209/953/446 210/940/446 202/939/446
f 225/955/446 226/956/446 233/957/446 232/958/446
f 226/956/446 95/868/446 103/867/446 233/957/446
f 196/943/446 220/959/446 227/960/446 204/944/446
f 220/959/446 221/961/446 228/962/446 227/960/446
f 221/961/446 222/963/446 229/964/446 228/962/446
f 222/963/446 223/965/446 230/966/446 229/964/446
f 223/965/446 224/967/446 231/968/446 230/966/446
f 224/967/446 225/955/446 232/958/446 231/968/446
f 21/969/58 20/970/54 307/971/446
f 22/972/62 21/969/58 307/971/446
f 23/973/31 22/972/62 307/971/446
f 304/974/32 23/973/31 307/971/446
f 305/975/34 304/974/32 307/971/446
f 306/976/36 305/975/34 307/971/446
f 24/977/38 306/976/36 307/971/446
f 20/970/54 303/978/53 307/971/446
f 309/979/50 307/971/446 308/980/56
f 310/981/48 307/971/446 309/979/50
f 25/982/46 307/971/446 310/981/48
f 311/983/44 307/971/446 25/982/46
f 312/984/42 307/971/446 311/983/44
f 313/985/40 307/971/446 312/984/42
f 24/977/38 307/971/446 313/985/40
f 308/980/56 307/971/446 26/986/60
f 158/987/175 307/971/446 157/988/171
f 314/989/177 307/971/446 158/987/175
f 315/990/150 307/971/446 314/989/177
f 316/991/149 307/971/446 315/990/150
f 159/992/153 307/971/446 316/991/149
f 160/993/155 307/971/446 159/992/153
f 161/994/157 307/971/446 160/993/155
f 157/988/171 307/971/446 303/978/53
f 165/995/169 317/996/173 307/971/446
f 164/997/167 165/995/169 307/971/446
f 318/998/165 164/997/167 307/971/446
f 163/999/163 318/998/165 307/971/446
f 162/1000/161 163/999/163 307/971/446
f 319/1001/159 162/1000/161 307/971/446
f 161/994/157 319/1001/159 307/971/446
f 317/996/173 26/986/60 307/971/446
usemtl M_LightFade
f 649/1002/486 636/1003/486 641/1004/487 648/1005/488
f 648/1005/488 641/1004/487 833/1006/489 891/1007/490
f 670/1008/491 669/1009/492 629/1010/493 624/1011/491
f 677/1012/494 670/1008/495 624/1011/495 625/1013/494
f 835/1014/496 662/1015/497 633/1016/498 831/1017/499
f 691/1018/500 677/1012/494 625/1013/494 626/1019/500
f 698/1020/501 635/1021/502 622/1022/503 803/1023/504
f 705/1024/505 691/1018/500 626/1019/500 627/1025/506
f 649/1026/486 684/1027/507 634/1028/508 636/1029/486
f 782/1030/509 876/1031/510 828/1032/511 631/1033/509
f 904/1034/512 824/1035/513 620/1036/514 761/1037/515
f 712/1038/516 637/1039/516 630/1040/517 754/1041/518
f 848/1042/519 822/1043/520 635/1021/502 698/1020/501
f 726/1044/521 638/1045/521 637/1039/522 712/1038/522
f 863/1046/523 705/1024/505 627/1025/506 827/1047/524
f 740/1048/525 619/1049/525 618/1050/526 719/1051/526
f 747/1052/527 639/1053/527 638/1045/521 726/1044/521
f 754/1041/518 630/1040/517 629/1010/493 669/1009/492
f 761/1037/515 620/1036/514 619/1049/525 740/1048/525
f 768/1054/528 640/1055/529 639/1053/527 747/1052/527
f 775/1056/530 733/1057/531 628/1058/532 623/1059/530
f 789/1060/533 621/1061/534 825/1062/535 905/1063/536
f 837/1064/496 661/1065/497 662/1015/497 835/1014/496
f 684/1027/507 834/1066/537 830/1067/538 634/1028/508
f 877/1068/539 803/1023/504 622/1022/503 829/1069/540
f 733/1057/531 862/1070/541 826/1071/542 628/1058/532
f 890/1072/543 832/1073/544 640/1055/529 768/1054/528
f 796/1074/545 782/1030/509 631/1033/509 632/1075/545
f 662/1015/497 796/1074/545 632/1075/545 633/1016/498
f 775/1056/530 623/1059/530 621/1061/534 789/1060/533
f 599/1076/530 781/1077/530 795/1078/546 597/1079/547
f 781/1077/530 780/1080/530 794/1081/548 795/1078/546
f 780/1080/530 779/1082/530 793/1083/549 794/1081/548
f 779/1082/530 778/1084/530 792/1085/550 793/1083/549
f 778/1084/530 777/1086/530 791/1087/551 792/1085/550
f 777/1086/530 776/1088/530 790/1089/552 791/1087/551
f 776/1088/530 775/1056/530 789/1060/533 790/1089/552
f 609/1090/553 608/1091/545 802/1092/545 656/1093/497
f 656/1093/497 802/1092/545 801/1094/545 657/1095/497
f 657/1095/497 801/1094/545 800/1096/545 658/1097/497
f 658/1097/497 800/1096/545 799/1098/545 659/1099/497
f 659/1099/497 799/1098/545 798/1100/545 660/1101/497
f 660/1101/497 798/1100/545 797/1102/545 661/1065/497
f 661/1065/497 797/1102/545 796/1074/545 662/1015/497
f 608/1091/545 607/1103/509 788/1104/509 802/1092/545
f 802/1092/545 788/1104/509 787/1105/509 801/1094/545
f 801/1094/545 787/1105/509 786/1106/509 800/1096/545
f 800/1096/545 786/1106/509 785/1107/509 799/1098/545
f 799/1098/545 785/1107/509 784/1108/509 798/1100/545
f 798/1100/545 784/1108/509 783/1109/509 797/1102/545
f 797/1102/545 783/1109/509 782/1030/509 796/1074/545
f 821/1110/554 903/1111/543 774/1112/528 616/1113/555
f 906/1114/556 904/1034/512 761/1037/515 762/1115/557
f 903/1111/543 900/1116/543 773/1117/528 774/1112/528
f 900/1116/543 898/1118/543 772/1119/528 773/1117/528
f 898/1118/543 896/1120/543 771/1121/528 772/1119/528
f 896/1120/543 894/1122/543 770/1123/528 771/1121/528
f 894/1122/543 892/1124/543 769/1125/528 770/1123/528
f 813/1126/558 917/1127/559 767/1128/560 596/1129/561
f 917/1127/559 914/1130/562 766/1131/563 767/1128/560
f 914/1130/562 912/1132/564 765/1133/565 766/1131/563
f 912/1132/564 910/1134/566 764/1135/567 765/1133/565
f 910/1134/566 908/1136/568 763/1137/569 764/1135/567
f 908/1136/568 906/1114/556 762/1115/557 763/1137/569
f 816/1138/570 598/1139/571 809/1140/504 888/1141/539
f 892/1124/543 890/1072/543 768/1054/528 769/1125/528
f 888/1141/539 809/1140/504 808/1142/504 887/1143/539
f 887/1143/539 808/1142/504 807/1144/504 885/1145/539
f 885/1145/539 807/1144/504 806/1146/504 883/1147/539
f 883/1147/539 806/1146/504 805/1148/504 881/1149/539
f 881/1149/539 805/1148/504 804/1150/504 879/1151/539
f 610/1152/572 819/1153/573 847/1154/537 690/1155/507
f 788/1104/509 889/1156/510 886/1157/510 787/1105/509
f 787/1105/509 886/1157/510 884/1158/510 786/1106/509
f 786/1106/509 884/1158/510 882/1159/510 785/1107/509
f 785/1107/509 882/1159/510 880/1160/510 784/1108/509
f 784/1108/509 880/1160/510 878/1161/510 783/1109/509
f 783/1109/509 878/1161/510 876/1031/510 782/1030/509
f 719/1051/526 618/1050/526 823/1162/574 849/1163/575
f 642/1164/488 643/1165/488 901/1166/490 902/1167/490
f 643/1165/488 644/1168/488 899/1169/490 901/1166/490
f 644/1168/488 645/1170/488 897/1171/490 899/1169/490
f 645/1170/488 646/1172/488 895/1173/490 897/1171/490
f 646/1172/488 647/1174/488 893/1175/490 895/1173/490
f 647/1174/488 648/1005/488 891/1007/490 893/1175/490
f 604/1176/576 815/1177/577 875/1178/541 739/1179/531
f 795/1078/546 794/1081/548 915/1180/578 916/1181/579
f 794/1081/548 793/1083/549 913/1182/580 915/1180/578
f 793/1083/549 792/1085/550 911/1183/581 913/1182/580
f 792/1085/550 791/1087/551 909/1184/582 911/1183/581
f 791/1087/551 790/1089/552 907/1185/583 909/1184/582
f 790/1089/552 789/1060/533 905/1063/536 907/1185/583
f 599/1076/530 604/1176/576 739/1179/531 781/1077/530
f 781/1077/530 739/1179/531 738/1186/531 780/1080/530
f 780/1080/530 738/1186/531 737/1187/531 779/1082/530
f 779/1082/530 737/1187/531 736/1188/531 778/1084/530
f 778/1084/530 736/1188/531 735/1189/531 777/1086/530
f 777/1086/530 735/1189/531 734/1190/531 776/1088/530
f 776/1088/530 734/1190/531 733/1057/531 775/1056/530
f 616/1113/555 774/1112/528 753/1191/527 615/1192/527
f 774/1112/528 773/1117/528 752/1193/527 753/1191/527
f 773/1117/528 772/1119/528 751/1194/527 752/1193/527
f 772/1119/528 771/1121/528 750/1195/527 751/1194/527
f 771/1121/528 770/1123/528 749/1196/527 750/1195/527
f 770/1123/528 769/1125/528 748/1197/527 749/1196/527
f 769/1125/528 768/1054/528 747/1052/527 748/1197/527
f 596/1129/561 767/1128/560 746/1198/525 595/1199/525
f 767/1128/560 766/1131/563 745/1200/525 746/1198/525
f 766/1131/563 765/1133/565 744/1201/525 745/1200/525
f 765/1133/565 764/1135/567 743/1202/525 744/1201/525
f 764/1135/567 763/1137/569 742/1203/525 743/1202/525
f 763/1137/569 762/1115/557 741/1204/525 742/1203/525
f 762/1115/557 761/1037/515 740/1048/525 741/1204/525
f 606/1205/584 760/1206/518 663/1207/492 605/1208/585
f 760/1206/518 759/1209/518 664/1210/492 663/1207/492
f 759/1209/518 758/1211/518 665/1212/492 664/1210/492
f 758/1211/518 757/1213/518 666/1214/492 665/1212/492
f 757/1213/518 756/1215/518 667/1216/492 666/1214/492
f 756/1215/518 755/1217/518 668/1218/492 667/1216/492
f 755/1217/518 754/1041/518 669/1009/492 668/1218/492
f 615/1192/527 753/1191/527 732/1219/521 614/1220/521
f 753/1191/527 752/1193/527 731/1221/521 732/1219/521
f 752/1193/527 751/1194/527 730/1222/521 731/1221/521
f 751/1194/527 750/1195/527 729/1223/521 730/1222/521
f 750/1195/527 749/1196/527 728/1224/521 729/1223/521
f 749/1196/527 748/1197/527 727/1225/521 728/1224/521
f 748/1197/527 747/1052/527 726/1044/521 727/1225/521
f 595/1199/525 746/1198/525 725/1226/526 594/1227/526
f 746/1198/525 745/1200/525 724/1228/526 725/1226/526
f 745/1200/525 744/1201/525 723/1229/526 724/1228/526
f 744/1201/525 743/1202/525 722/1230/526 723/1229/526
f 743/1202/525 742/1203/525 721/1231/526 722/1230/526
f 742/1203/525 741/1204/525 720/1232/526 721/1231/526
f 741/1204/525 740/1048/525 719/1051/526 720/1232/526
f 814/1233/586 603/1234/587 711/1235/505 874/1236/523
f 879/1151/539 804/1150/504 803/1023/504 877/1068/539
f 874/1236/523 711/1235/505 710/1237/505 873/1238/523
f 873/1238/523 710/1237/505 709/1239/505 871/1240/523
f 871/1240/523 709/1239/505 708/1241/505 869/1242/523
f 869/1242/523 708/1241/505 707/1243/505 867/1244/523
f 867/1244/523 707/1243/505 706/1245/505 865/1246/523
f 614/1220/521 732/1219/521 718/1247/522 613/1248/522
f 732/1219/521 731/1221/521 717/1249/522 718/1247/522
f 731/1221/521 730/1222/521 716/1250/522 717/1249/522
f 730/1222/521 729/1223/521 715/1251/522 716/1250/522
f 729/1223/521 728/1224/521 714/1252/522 715/1251/522
f 728/1224/521 727/1225/521 713/1253/522 714/1252/522
f 727/1225/521 726/1044/521 712/1038/522 713/1253/522
f 811/1254/588 861/1255/519 704/1256/501 611/1257/589
f 865/1246/523 706/1245/505 705/1024/505 863/1046/523
f 861/1255/519 858/1258/519 703/1259/501 704/1256/501
f 858/1258/519 856/1260/519 702/1261/501 703/1259/501
f 856/1260/519 854/1262/519 701/1263/501 702/1261/501
f 854/1262/519 852/1264/519 700/1265/501 701/1263/501
f 852/1264/519 850/1266/519 699/1267/501 700/1265/501
f 613/1248/516 718/1247/516 760/1206/518 606/1205/584
f 718/1247/516 717/1249/516 759/1209/518 760/1206/518
f 717/1249/516 716/1250/516 758/1211/518 759/1209/518
f 716/1250/516 715/1251/516 757/1213/518 758/1211/518
f 715/1251/516 714/1252/516 756/1215/518 757/1213/518
f 714/1252/516 713/1253/516 755/1217/518 756/1215/518
f 713/1253/516 712/1038/516 754/1041/518 755/1217/518
f 597/1079/547 795/1078/546 916/1181/579 812/1268/590
f 725/1226/526 724/1228/526 859/1269/575 860/1270/575
f 724/1228/526 723/1229/526 857/1271/575 859/1269/575
f 723/1229/526 722/1230/526 855/1272/575 857/1271/575
f 722/1230/526 721/1231/526 853/1273/575 855/1272/575
f 721/1231/526 720/1232/526 851/1274/575 853/1273/575
f 720/1232/526 719/1051/526 849/1163/575 851/1274/575
f 607/1103/509 817/1275/591 889/1156/510 788/1104/509
f 739/1179/531 875/1178/541 872/1276/541 738/1186/531
f 738/1186/531 872/1276/541 870/1277/541 737/1187/531
f 737/1187/531 870/1277/541 868/1278/541 736/1188/531
f 736/1188/531 868/1278/541 866/1279/541 735/1189/531
f 735/1189/531 866/1279/541 864/1280/541 734/1190/531
f 734/1190/531 864/1280/541 862/1070/541 733/1057/531
f 612/1281/486 610/1152/572 690/1155/507 655/1282/486
f 655/1282/486 690/1155/507 689/1283/507 654/1284/486
f 654/1284/486 689/1283/507 688/1285/507 653/1286/486
f 653/1286/486 688/1285/507 687/1287/507 652/1288/486
f 652/1288/486 687/1287/507 686/1289/507 651/1290/486
f 651/1290/486 686/1289/507 685/1291/507 650/1292/486
f 650/1292/486 685/1291/507 684/1027/507 649/1026/486
f 603/1234/587 602/1293/500 697/1294/500 711/1235/505
f 711/1235/505 697/1294/500 696/1295/500 710/1237/505
f 710/1237/505 696/1295/500 695/1296/500 709/1239/505
f 709/1239/505 695/1296/500 694/1297/500 708/1241/505
f 708/1241/505 694/1297/500 693/1298/500 707/1243/505
f 707/1243/505 693/1298/500 692/1299/500 706/1245/505
f 706/1245/505 692/1299/500 691/1018/500 705/1024/505
f 611/1257/589 704/1256/501 809/1140/504 598/1139/571
f 704/1256/501 703/1259/501 808/1142/504 809/1140/504
f 703/1259/501 702/1261/501 807/1144/504 808/1142/504
f 702/1261/501 701/1263/501 806/1146/504 807/1144/504
f 701/1263/501 700/1265/501 805/1148/504 806/1146/504
f 700/1265/501 699/1267/501 804/1150/504 805/1148/504
f 699/1267/501 698/1020/501 803/1023/504 804/1150/504
f 602/1293/500 601/1300/494 683/1301/494 697/1294/500
f 697/1294/500 683/1301/494 682/1302/494 696/1295/500
f 696/1295/500 682/1302/494 681/1303/494 695/1296/500
f 695/1296/500 681/1303/494 680/1304/494 694/1297/500
f 694/1297/500 680/1304/494 679/1305/494 693/1298/500
f 693/1298/500 679/1305/494 678/1306/494 692/1299/500
f 692/1299/500 678/1306/494 677/1012/494 691/1018/500
f 818/1307/592 609/1090/553 656/1093/497 846/1308/496
f 850/1266/519 848/1042/519 698/1020/501 699/1267/501
f 846/1308/496 656/1093/497 657/1095/497 845/1309/496
f 845/1309/496 657/1095/497 658/1097/497 843/1310/496
f 843/1310/496 658/1097/497 659/1099/497 841/1311/496
f 841/1311/496 659/1099/497 660/1101/497 839/1312/496
f 839/1312/496 660/1101/497 661/1065/497 837/1064/496
f 601/1300/494 600/1313/495 676/1314/495 683/1301/494
f 683/1301/494 676/1314/495 675/1315/495 682/1302/494
f 682/1302/494 675/1315/495 674/1316/495 681/1303/494
f 681/1303/494 674/1316/495 673/1317/495 680/1304/494
f 680/1304/494 673/1317/495 672/1318/495 679/1305/494
f 679/1305/494 672/1318/495 671/1319/495 678/1306/494
f 678/1306/494 671/1319/495 670/1008/495 677/1012/494
f 600/1313/491 605/1208/585 663/1207/492 676/1314/491
f 676/1314/491 663/1207/492 664/1210/492 675/1315/491
f 675/1315/491 664/1210/492 665/1212/492 674/1316/491
f 674/1316/491 665/1212/492 666/1214/492 673/1317/491
f 673/1317/491 666/1214/492 667/1216/492 672/1318/491
f 672/1318/491 667/1216/492 668/1218/492 671/1319/491
f 671/1319/491 668/1218/492 669/1009/492 670/1008/491
f 617/1320/593 642/1164/488 902/1167/490 820/1321/594
f 690/1155/507 847/1154/537 844/1322/537 689/1283/507
f 689/1283/507 844/1322/537 842/1323/537 688/1285/507
f 688/1285/507 842/1323/537 840/1324/537 687/1287/507
f 687/1287/507 840/1324/537 838/1325/537 686/1289/507
f 686/1289/507 838/1325/537 836/1326/537 685/1291/507
f 685/1291/507 836/1326/537 834/1066/537 684/1027/507
f 612/1327/486 655/1328/486 642/1164/488 617/1320/593
f 655/1328/486 654/1329/486 643/1165/488 642/1164/488
f 654/1329/486 653/1330/486 644/1168/488 643/1165/488
f 653/1330/486 652/1331/486 645/1170/488 644/1168/488
f 652/1331/486 651/1332/486 646/1172/488 645/1170/488
f 651/1332/486 650/1333/486 647/1174/488 646/1172/488
f 650/1333/486 649/1002/486 648/1005/488 647/1174/488
f 847/1154/537 819/1153/573 818/1307/592 846/1308/496
f 861/1255/519 811/1254/588 810/1334/595 860/1270/575
f 875/1178/541 815/1177/577 814/1233/586 874/1236/523
f 889/1156/510 817/1275/591 816/1138/570 888/1141/539
f 903/1111/543 821/1110/554 820/1321/594 902/1167/490
f 917/1127/559 813/1126/558 812/1268/590 916/1181/579
f 830/1067/538 834/1066/537 835/1014/496 831/1017/499
f 834/1066/537 836/1326/537 837/1064/496 835/1014/496
f 836/1326/537 838/1325/537 839/1312/496 837/1064/496
f 838/1325/537 840/1324/537 841/1311/496 839/1312/496
f 840/1324/537 842/1323/537 843/1310/496 841/1311/496
f 842/1323/537 844/1322/537 845/1309/496 843/1310/496
f 844/1322/537 847/1154/537 846/1308/496 845/1309/496
f 822/1043/520 848/1042/519 849/1163/575 823/1162/574
f 848/1042/519 850/1266/519 851/1274/575 849/1163/575
f 850/1266/519 852/1264/519 853/1273/575 851/1274/575
f 852/1264/519 854/1262/519 855/1272/575 853/1273/575
f 854/1262/519 856/1260/519 857/1271/575 855/1272/575
f 856/1260/519 858/1258/519 859/1269/575 857/1271/575
f 858/1258/519 861/1255/519 860/1270/575 859/1269/575
f 826/1071/542 862/1070/541 863/1046/523 827/1047/524
f 862/1070/541 864/1280/541 865/1246/523 863/1046/523
f 864/1280/541 866/1279/541 867/1244/523 865/1246/523
f 866/1279/541 868/1278/541 869/1242/523 867/1244/523
f 868/1278/541 870/1277/541 871/1240/523 869/1242/523
f 870/1277/541 872/1276/541 873/1238/523 871/1240/523
f 872/1276/541 875/1178/541 874/1236/523 873/1238/523
f 828/1032/511 876/1031/510 877/1068/539 829/1069/540
f 876/1031/510 878/1161/510 879/1151/539 877/1068/539
f 878/1161/510 880/1160/510 881/1149/539 879/1151/539
f 880/1160/510 882/1159/510 883/1147/539 881/1149/539
f 882/1159/510 884/1158/510 885/1145/539 883/1147/539
f 884/1158/510 886/1157/510 887/1143/539 885/1145/539
f 886/1157/510 889/1156/510 888/1141/539 887/1143/539
f 832/1073/544 890/1072/543 891/1007/490 833/1006/489
f 890/1072/543 892/1124/543 893/1175/490 891/1007/490
f 892/1124/543 894/1122/543 895/1173/490 893/1175/490
f 894/1122/543 896/1120/543 897/1171/490 895/1173/490
f 896/1120/543 898/1118/543 899/1169/490 897/1171/490
f 898/1118/543 900/1116/543 901/1166/490 899/1169/490
f 900/1116/543 903/1111/543 902/1167/490 901/1166/490
f 824/1035/513 904/1034/512 905/1063/536 825/1062/535
f 904/1034/512 906/1114/556 907/1185/583 905/1063/536
f 906/1114/556 908/1136/568 909/1184/582 907/1185/583
f 908/1136/568 910/1134/566 911/1183/581 909/1184/582
f 910/1134/566 912/1132/564 913/1182/580 911/1183/581
f 912/1132/564 914/1130/562 915/1180/578 913/1182/580
f 914/1130/562 917/1127/559 916/1181/579 915/1180/578
f 594/1227/526 725/1226/526 860/1270/575 810/1334/595
