# Blender v3.6.0 OBJ File: 'AllModules_Unreal.blend'
# www.blender.org
mtllib Prop_Pipe_Thick_Curve.mtl
o Prop_Pipe_Thick_Curve_Cylinder.003
v -1.530560 -0.238835 3.694657
v -2.639220 0.000000 2.638850
v -2.668090 -0.243610 2.969111
v -2.586654 -0.210973 2.878531
v -2.527039 -0.121805 2.812222
v -2.505219 0.000000 2.787952
v -2.690634 -0.262709 2.949267
v -2.602086 -0.227513 2.852245
v -2.537264 -0.131355 2.781220
v -2.513537 0.000000 2.755224
v -2.545102 -0.238835 3.077371
v -2.468951 -0.206837 2.985384
v -2.413204 -0.119418 2.918044
v -2.392800 0.000000 2.893396
v -2.582521 -0.238835 3.044432
v -2.505234 -0.206837 2.953398
v -2.448656 -0.119418 2.886755
v -2.427948 0.000000 2.862363
v -1.506902 -0.230649 3.637563
v -2.645703 -0.069215 2.645333
v -2.779427 -0.258316 2.779038
v -2.689562 -0.253160 2.950211
v -2.604266 -0.219243 2.856685
v -2.541825 -0.126580 2.788220
v -2.518970 0.000000 2.763160
v -2.625945 -0.235260 2.922234
v -2.552947 -0.172222 2.841039
v -2.510801 -0.063038 2.794161
v -2.644808 -0.253705 2.899056
v -2.565434 -0.185725 2.812086
v -2.519608 -0.067980 2.761874
v -2.398020 -0.061802 2.899703
v -2.437430 -0.168847 2.947308
v -2.505691 -0.230649 3.029764
v -2.628417 -0.239432 3.004033
v -2.549557 -0.207354 2.913961
v -2.491827 -0.119716 2.848023
v -2.470696 0.000000 2.823889
v -2.433246 -0.061802 2.868603
v -2.473244 -0.168847 2.915716
v -2.542523 -0.230649 2.997319
v -2.587605 -0.231225 2.957418
v -2.516915 -0.169269 2.876678
v -2.476102 -0.061956 2.830064
v -2.645419 -0.244482 2.901809
v -2.568960 -0.178973 2.817974
v -2.524817 -0.065509 2.769571
v -1.510012 -0.199141 3.645069
v -1.490950 -0.178560 3.599063
v -2.420006 -0.178560 3.049807
v -1.474596 -0.145724 3.559595
v -1.462026 -0.103002 3.529260
v -2.373006 -0.103002 2.990646
v -1.454148 -0.053204 3.510247
v -1.451440 -0.000000 3.503711
v -2.355803 0.000000 2.968992
v -2.360204 -0.053204 2.974532
v -2.393431 -0.145724 3.016356
v -2.450982 -0.199141 3.088799
v -2.992184 -0.133742 2.991766
v -3.017526 0.000000 3.017104
v -2.749526 -0.210973 3.059691
v -2.809141 -0.121805 3.126000
v -2.830962 0.000000 3.150271
v -2.779183 -0.227513 3.046289
v -2.844005 -0.131355 3.117314
v -2.867731 0.000000 3.143312
v -2.621253 -0.206837 3.169358
v -2.676999 -0.119418 3.236697
v -2.697403 0.000000 3.261345
v -2.659808 -0.206837 3.135467
v -2.716386 -0.119418 3.202109
v -2.737095 0.000000 3.226501
v -1.554217 -0.230649 3.751752
v -3.011043 -0.069215 3.010621
v -2.877319 -0.258316 2.876916
v -2.774858 -0.219243 3.043736
v -2.837300 -0.126580 3.112202
v -2.860155 0.000000 3.137262
v -2.710236 -0.235260 3.015989
v -2.783234 -0.172222 3.097184
v -2.825379 -0.063038 3.144062
v -2.736461 -0.253705 2.999479
v -2.815835 -0.185725 3.086448
v -2.861661 -0.067980 3.136660
v -2.692183 -0.061802 3.255038
v -2.652773 -0.168847 3.207433
v -2.584512 -0.230649 3.124976
v -2.707278 -0.207354 3.094105
v -2.765008 -0.119716 3.160042
v -2.786138 0.000000 3.184177
v -2.731797 -0.061802 3.220261
v -2.691799 -0.168847 3.173148
v -2.622519 -0.230649 3.091545
v -2.669230 -0.231225 3.050648
v -2.739920 -0.169269 3.131388
v -2.780732 -0.061956 3.178002
v -2.733706 -0.244482 2.998613
v -2.810164 -0.178973 3.082448
v -2.854308 -0.065509 3.130851
v -1.551107 -0.199141 3.744246
v -1.570169 -0.178560 3.790251
v -2.548737 -0.178560 3.211847
v -1.586523 -0.145724 3.829720
v -1.599093 -0.103002 3.860054
v -2.595737 -0.103002 3.271008
v -1.606971 -0.053204 3.879068
v -1.609679 0.000000 3.885604
v -2.612941 0.000000 3.292662
v -2.608539 -0.053204 3.287122
v -2.575312 -0.145724 3.245298
v -2.517761 -0.199141 3.172856
v -1.530560 0.238835 3.694657
v -2.733796 0.231649 2.733413
v -2.668090 0.243611 2.969111
v -2.586654 0.210973 2.878531
v -2.527040 0.121805 2.812222
v -2.690634 0.262710 2.949267
v -2.602086 0.227514 2.852245
v -2.537264 0.131355 2.781220
v -2.545101 0.238836 3.077371
v -2.468951 0.206838 2.985384
v -2.413204 0.119418 2.918044
v -2.582521 0.238836 3.044432
v -2.505234 0.206838 2.953398
v -2.448656 0.119418 2.886755
v -1.506902 0.230649 3.637563
v -2.645703 0.069216 2.645333
v -2.689562 0.253160 2.950211
v -2.604265 0.219243 2.856686
v -2.541824 0.126580 2.788220
v -2.625945 0.235261 2.922234
v -2.552947 0.172223 2.841039
v -2.510801 0.063038 2.794161
v -2.644808 0.253705 2.899056
v -2.565434 0.185725 2.812086
v -2.519608 0.067980 2.761874
v -2.398020 0.061802 2.899703
v -2.437430 0.168847 2.947308
v -2.505691 0.230649 3.029764
v -2.628417 0.239433 3.004033
v -2.549556 0.207355 2.913961
v -2.491827 0.119716 2.848023
v -2.433246 0.061802 2.868603
v -2.473244 0.168847 2.915716
v -2.542523 0.230649 2.997319
v -2.587604 0.231226 2.957418
v -2.516915 0.169269 2.876678
v -2.476102 0.061957 2.830063
v -2.645418 0.244483 2.901809
v -2.568960 0.178974 2.817974
v -2.524817 0.065509 2.769572
v -1.510012 0.199141 3.645069
v -1.490950 0.178560 3.599064
v -2.420006 0.178561 3.049808
v -1.474596 0.145724 3.559596
v -1.462026 0.103002 3.529260
v -2.373006 0.103002 2.990647
v -1.454148 0.053204 3.510247
v -2.360204 0.053204 2.974532
v -2.393431 0.145725 3.016357
v -2.450982 0.199141 3.088799
v -2.749526 0.210973 3.059691
v -2.809141 0.121805 3.126001
v -2.779183 0.227514 3.046289
v -2.844005 0.131355 3.117314
v -2.621253 0.206838 3.169358
v -2.676999 0.119418 3.236697
v -2.659808 0.206838 3.135467
v -2.716386 0.119418 3.202109
v -1.554217 0.230649 3.751752
v -2.774858 0.219243 3.043736
v -2.837300 0.126580 3.112202
v -2.710236 0.235261 3.015989
v -2.783234 0.172223 3.097184
v -2.825379 0.063038 3.144062
v -2.736461 0.253705 2.999479
v -2.815835 0.185725 3.086448
v -2.861661 0.067980 3.136660
v -2.692183 0.061802 3.255039
v -2.652773 0.168847 3.207433
v -2.584512 0.230649 3.124977
v -2.707278 0.207355 3.094105
v -2.765008 0.119716 3.160042
v -2.731797 0.061802 3.220261
v -2.691799 0.168847 3.173148
v -2.622519 0.230649 3.091545
v -2.669230 0.231226 3.050648
v -2.739920 0.169269 3.131388
v -2.780732 0.061957 3.178002
v -2.733706 0.244483 2.998613
v -2.810164 0.178974 3.082448
v -2.854308 0.065509 3.130851
v -1.551107 0.199141 3.744246
v -1.570169 0.178560 3.790251
v -2.548737 0.178561 3.211847
v -1.586523 0.145724 3.829720
v -1.599093 0.103002 3.860054
v -2.595737 0.103002 3.271008
v -1.606971 0.053204 3.879068
v -2.608539 0.053204 3.287122
v -2.575312 0.145725 3.245298
v -2.517761 0.199141 3.172856
v 0.000000 -0.267485 4.000000
v -0.000000 -0.231649 3.866258
v -0.000000 -0.133743 3.768352
v -0.000000 -0.000000 3.732516
v -0.213084 -0.243611 3.985657
v -0.206657 -0.210973 3.864021
v -0.201953 -0.121805 3.774978
v -0.200231 -0.000000 3.742386
v -0.183118 -0.262710 3.987674
v -0.177162 -0.227514 3.856455
v -0.172801 -0.131355 3.760395
v -0.171205 -0.000000 3.725235
v -0.376562 -0.238836 3.974652
v -0.365439 -0.206838 3.855754
v -0.357295 -0.119418 3.768714
v -0.354315 -0.000000 3.736855
v -0.326823 -0.238836 3.978000
v -0.317165 -0.206838 3.858974
v -0.310095 -0.119418 3.771841
v -0.307507 -0.000000 3.739948
v -0.000000 -0.069216 3.741684
v -0.000000 -0.189101 3.810900
v -0.000000 -0.258316 3.930785
v -0.184543 -0.253160 3.987578
v -0.178759 -0.219243 3.861130
v -0.174524 -0.126580 3.768564
v -0.172974 -0.000000 3.734682
v -0.209758 -0.235260 3.922707
v -0.203997 -0.172223 3.813674
v -0.200671 -0.063038 3.750724
v -0.180036 -0.253705 3.919764
v -0.174696 -0.185725 3.802140
v -0.171613 -0.067980 3.734230
v -0.355077 -0.061802 3.745006
v -0.360834 -0.168847 3.806540
v -0.370805 -0.230649 3.913119
v -0.265818 -0.239433 3.982107
v -0.257940 -0.207355 3.862650
v -0.252174 -0.119716 3.775202
v -0.250063 -0.000000 3.743194
v -0.308170 -0.061802 3.748107
v -0.313168 -0.168847 3.809707
v -0.321825 -0.230649 3.916400
v -0.261741 -0.231226 3.920285
v -0.254680 -0.169269 3.813205
v -0.250603 -0.061957 3.751383
v -0.181550 -0.244483 3.922137
v -0.176364 -0.178974 3.808791
v -0.173370 -0.065509 3.743351
v -0.445588 -0.178561 3.866407
v -0.437047 -0.103002 3.791333
v -0.433921 -0.000000 3.763854
v -0.434721 -0.053204 3.770884
v -0.440759 -0.145725 3.823958
v -0.451218 -0.199141 3.915885
v 0.000000 -0.231649 4.133742
v 0.000000 -0.133743 4.231648
v 0.000000 -0.000000 4.267485
v -0.219511 -0.210973 4.107292
v -0.224216 -0.121805 4.196336
v -0.225938 -0.000000 4.228928
v -0.189075 -0.227514 4.118894
v -0.193436 -0.131355 4.214953
v -0.195032 -0.000000 4.250113
v -0.387686 -0.206838 4.093551
v -0.395829 -0.119418 4.180591
v -0.398810 -0.000000 4.212449
v -0.336481 -0.206838 4.097027
v -0.343551 -0.119418 4.184160
v -0.346139 -0.000000 4.216054
v 0.000000 -0.069216 4.258316
v 0.000000 -0.189101 4.189101
v 0.000000 -0.258316 4.069216
v -0.190328 -0.219243 4.114026
v -0.194563 -0.126580 4.206592
v -0.196113 -0.000000 4.240473
v -0.216410 -0.235260 4.048606
v -0.222171 -0.172223 4.157639
v -0.225497 -0.063038 4.220589
v -0.186201 -0.253705 4.055583
v -0.191541 -0.185725 4.173207
v -0.194623 -0.067980 4.241117
v -0.398047 -0.061802 4.204298
v -0.392290 -0.168847 4.142765
v -0.382319 -0.230649 4.036186
v -0.273696 -0.207355 4.101563
v -0.279463 -0.119716 4.189012
v -0.281574 -0.000000 4.221021
v -0.345477 -0.061802 4.207894
v -0.340479 -0.168847 4.146294
v -0.331822 -0.230649 4.039600
v -0.269895 -0.231226 4.043930
v -0.276957 -0.169269 4.151009
v -0.281034 -0.061957 4.212831
v -0.187537 -0.244483 4.053019
v -0.192723 -0.178974 4.166364
v -0.195716 -0.065509 4.231805
v -0.468982 -0.178561 4.072031
v -0.477524 -0.103002 4.147104
v -0.480650 -0.000000 4.174584
v -0.479850 -0.053204 4.167553
v -0.473812 -0.145725 4.114479
v -0.463353 -0.199141 4.022552
v 0.000000 0.267484 4.000000
v -0.000000 0.231648 3.866258
v -0.000000 0.133742 3.768352
v -0.213084 0.243610 3.985657
v -0.206657 0.210973 3.864021
v -0.201953 0.121805 3.774978
v -0.183118 0.262709 3.987674
v -0.177161 0.227513 3.856454
v -0.172801 0.131355 3.760395
v -0.376562 0.238835 3.974652
v -0.365438 0.206837 3.855754
v -0.357295 0.119418 3.768714
v -0.326823 0.238835 3.978000
v -0.317165 0.206837 3.858974
v -0.310095 0.119418 3.771841
v -0.000000 0.069215 3.741684
v -0.000000 0.189100 3.810900
v -0.000000 0.258316 3.930784
v -0.184543 0.253160 3.987578
v -0.178758 0.219243 3.861130
v -0.174524 0.126580 3.768564
v -0.209758 0.235260 3.922707
v -0.203997 0.172222 3.813674
v -0.200671 0.063038 3.750724
v -0.180036 0.253705 3.919764
v -0.174696 0.185725 3.802140
v -0.171613 0.067980 3.734230
v -0.355077 0.061802 3.745006
v -0.360834 0.168847 3.806540
v -0.370805 0.230649 3.913119
v -0.265818 0.239432 3.982107
v -0.257940 0.207354 3.862650
v -0.252173 0.119716 3.775202
v -0.308169 0.061802 3.748107
v -0.313168 0.168847 3.809707
v -0.321825 0.230649 3.916400
v -0.261741 0.231225 3.920285
v -0.254680 0.169269 3.813205
v -0.250603 0.061956 3.751383
v -0.181549 0.244482 3.922137
v -0.176364 0.178973 3.808792
v -0.173370 0.065509 3.743351
v -0.445588 0.178560 3.866407
v -0.437047 0.103002 3.791333
v -0.434721 0.053204 3.770884
v -0.440759 0.145724 3.823958
v -0.451218 0.199141 3.915885
v 0.000000 0.231648 4.133742
v 0.000000 0.133742 4.231648
v -0.219511 0.210973 4.107292
v -0.224216 0.121805 4.196336
v -0.189075 0.227513 4.118894
v -0.193436 0.131355 4.214953
v -0.387686 0.206837 4.093551
v -0.395829 0.119418 4.180591
v -0.336481 0.206837 4.097027
v -0.343551 0.119418 4.184160
v 0.000000 0.069215 4.258316
v 0.000000 0.189100 4.189101
v 0.000000 0.258316 4.069216
v -0.190328 0.219243 4.114026
v -0.194563 0.126580 4.206593
v -0.216410 0.235260 4.048606
v -0.222171 0.172222 4.157639
v -0.225497 0.063038 4.220589
v -0.186201 0.253705 4.055584
v -0.191541 0.185725 4.173208
v -0.194623 0.067980 4.241118
v -0.398047 0.061802 4.204298
v -0.392290 0.168847 4.142765
v -0.382319 0.230649 4.036186
v -0.273696 0.207354 4.101563
v -0.279463 0.119716 4.189012
v -0.345477 0.061802 4.207894
v -0.340479 0.168847 4.146294
v -0.331822 0.230649 4.039600
v -0.269895 0.231225 4.043930
v -0.276957 0.169269 4.151009
v -0.281034 0.061956 4.212831
v -0.187537 0.244482 4.053019
v -0.192722 0.178973 4.166365
v -0.195716 0.065509 4.231805
v -0.468982 0.178560 4.072030
v -0.477523 0.103002 4.147104
v -0.479850 0.053204 4.167553
v -0.473812 0.145724 4.114479
v -0.463353 0.199141 4.022552
v -0.953480 -0.053204 3.676012
v -1.121668 -0.053204 3.625543
v -1.287835 -0.053204 3.567690
v -1.285434 -0.000000 3.561034
v -1.119582 -0.000000 3.618782
v -0.951711 -0.000000 3.669161
v -0.779568 -0.000000 3.704078
v -0.607517 -0.000000 3.739434
v -1.294816 -0.103002 3.587051
v -1.127738 -0.103002 3.645208
v -0.958625 -0.103002 3.695939
v -0.785228 -0.103002 3.731149
v -0.611910 -0.103002 3.766739
v -1.320448 -0.178560 3.658128
v -1.150022 -0.178560 3.717406
v -0.977516 -0.178560 3.769097
v -0.800690 -0.178560 3.805108
v -0.623911 -0.178561 3.841338
v -0.565510 -0.230649 3.895828
v -0.757196 -0.230649 3.856535
v -0.948911 -0.230649 3.817395
v -1.137240 -0.230649 3.765954
v -1.322045 -0.230649 3.701685
v -1.342812 -0.238836 3.759893
v -1.155065 -0.238836 3.825130
v -0.963753 -0.238836 3.877388
v -0.769022 -0.238836 3.917196
v -0.574290 -0.238836 3.957003
v -0.781016 -0.053204 3.711004
v -0.608641 -0.053204 3.746420
v -1.305955 -0.145724 3.617939
v -1.137422 -0.145724 3.676584
v -0.966835 -0.145724 3.727732
v -0.791947 -0.145725 3.763290
v -0.617125 -0.145725 3.799159
v -1.337340 -0.199141 3.704974
v -1.164708 -0.199141 3.764988
v -0.989966 -0.199141 3.817314
v -0.810881 -0.199141 3.853852
v -0.631820 -0.199141 3.890504
v -1.363579 -0.230649 3.818102
v -1.172889 -0.230649 3.884306
v -0.978595 -0.230649 3.937382
v -0.780847 -0.230649 3.977856
v -0.583071 -0.230649 4.018178
v -0.656781 -0.178560 4.045661
v -0.843042 -0.178560 4.007679
v -1.029256 -0.178560 3.969475
v -1.211056 -0.178560 3.915151
v -1.390651 -0.178560 3.852807
v -0.668782 -0.103002 4.120261
v -0.858504 -0.103002 4.081637
v -1.048147 -0.103002 4.042634
v -1.233340 -0.103002 3.987349
v -1.416283 -0.103002 3.923886
v -0.673175 -0.000000 4.147566
v -0.864164 -0.000000 4.108708
v -1.055061 -0.000000 4.069412
v -1.241497 -0.000000 4.013775
v -1.425665 -0.000000 3.949902
v -1.423264 -0.053204 3.943246
v -1.239410 -0.053204 4.007014
v -1.053292 -0.053204 4.062562
v -0.862716 -0.053204 4.101782
v -0.672051 -0.053204 4.140580
v -1.405144 -0.145724 3.892997
v -1.223656 -0.145724 3.955973
v -1.039937 -0.145724 4.010841
v -0.851784 -0.145725 4.049497
v -0.663567 -0.145725 4.087842
v -1.373758 -0.199141 3.805963
v -1.196370 -0.199141 3.867568
v -1.016806 -0.199141 3.921259
v -0.832851 -0.199141 3.958934
v -0.648871 -0.199141 3.996496
v -0.574290 0.238835 3.957003
v -0.769022 0.238835 3.917196
v -0.963753 0.238835 3.877388
v -1.155065 0.238835 3.825130
v -1.342812 0.238835 3.759894
v -1.322045 0.230649 3.701685
v -1.137240 0.230649 3.765954
v -0.948911 0.230649 3.817395
v -0.757196 0.230649 3.856535
v -0.565510 0.230649 3.895828
v -0.623911 0.178560 3.841339
v -0.800690 0.178560 3.805108
v -0.977516 0.178560 3.769097
v -1.150022 0.178560 3.717406
v -1.320448 0.178560 3.658128
v -0.611910 0.103002 3.766740
v -0.785228 0.103002 3.731149
v -0.958625 0.103002 3.695939
v -1.127738 0.103002 3.645208
v -1.294816 0.103002 3.587051
v -1.287835 0.053204 3.567690
v -1.121669 0.053204 3.625543
v -0.953480 0.053204 3.676012
v -0.781016 0.053204 3.711004
v -0.608641 0.053204 3.746420
v -1.305955 0.145724 3.617939
v -1.137422 0.145724 3.676584
v -0.966835 0.145724 3.727732
v -0.791947 0.145724 3.763290
v -0.617125 0.145724 3.799158
v -1.337340 0.199141 3.704974
v -1.164708 0.199141 3.764988
v -0.989966 0.199141 3.817314
v -0.810881 0.199141 3.853852
v -0.631820 0.199141 3.890504
v -1.363579 0.230649 3.818102
v -1.172889 0.230649 3.884306
v -0.978595 0.230649 3.937382
v -0.780847 0.230649 3.977856
v -0.583070 0.230649 4.018178
v -0.656781 0.178560 4.045661
v -0.843042 0.178560 4.007679
v -1.029256 0.178560 3.969475
v -1.211056 0.178560 3.915151
v -1.390651 0.178560 3.852807
v -0.668782 0.103002 4.120261
v -0.858504 0.103002 4.081637
v -1.048147 0.103002 4.042634
v -1.233340 0.103002 3.987349
v -1.416283 0.103002 3.923886
v -1.423264 0.053204 3.943246
v -1.239410 0.053204 4.007014
v -1.053292 0.053204 4.062562
v -0.862716 0.053204 4.101782
v -0.672051 0.053204 4.140580
v -1.405144 0.145724 3.892997
v -1.223656 0.145724 3.955973
v -1.039937 0.145724 4.010841
v -0.851784 0.145724 4.049497
v -0.663567 0.145724 4.087842
v -1.373758 0.199141 3.805963
v -1.196370 0.199141 3.867568
v -1.016806 0.199141 3.921259
v -0.832850 0.199141 3.958934
v -0.648871 0.199141 3.996496
v -2.390909 -0.238835 3.202227
v -2.226210 -0.238835 3.313488
v -2.061511 -0.238835 3.424749
v -1.887244 -0.238835 3.519668
v -1.709606 -0.238835 3.608829
v -1.683126 -0.230649 3.552987
v -1.858010 -0.230649 3.465217
v -2.029598 -0.230649 3.371823
v -2.191709 -0.230649 3.262212
v -2.353905 -0.230649 3.152727
v -2.274490 -0.178560 3.156059
v -2.124913 -0.178560 3.257059
v -1.975457 -0.178560 3.358245
v -1.814813 -0.178560 3.440270
v -1.653537 -0.178560 3.521232
v -2.230276 -0.103002 3.094788
v -2.083582 -0.103002 3.193807
v -1.937098 -0.103002 3.293148
v -1.779524 -0.103002 3.373459
v -1.621395 -0.103002 3.452851
v -2.214092 0.000000 3.072361
v -2.068454 0.000000 3.170655
v -1.923058 0.000000 3.269320
v -1.766607 0.000000 3.349005
v -1.609630 0.000000 3.427822
v -1.612640 -0.053204 3.434226
v -1.769912 -0.053204 3.355261
v -1.926650 -0.053204 3.275417
v -2.072324 -0.053204 3.176579
v -2.218233 -0.053204 3.078099
v -1.635363 -0.145724 3.482569
v -1.794860 -0.145724 3.402494
v -1.953768 -0.145724 3.321437
v -2.101544 -0.145724 3.221295
v -2.249490 -0.145724 3.121415
v -1.674720 -0.199141 3.566300
v -1.838071 -0.199141 3.484303
v -2.000739 -0.199141 3.401148
v -2.152153 -0.199141 3.298746
v -2.303631 -0.199141 3.196440
v -1.736085 -0.230649 3.664671
v -1.916478 -0.230649 3.574119
v -2.093423 -0.230649 3.477674
v -2.260711 -0.230649 3.364764
v -2.427913 -0.230649 3.251727
v -2.395591 -0.178560 3.323877
v -2.238117 -0.178560 3.430303
v -2.080521 -0.178560 3.536542
v -1.911469 -0.178560 3.623262
v -1.741572 -0.178560 3.708524
v -2.439806 -0.103002 3.385148
v -2.279449 -0.103002 3.493554
v -2.118881 -0.103002 3.601639
v -1.946758 -0.103002 3.690073
v -1.773714 -0.103002 3.776905
v -2.455990 0.000000 3.407575
v -2.294577 0.000000 3.516706
v -2.132921 0.000000 3.625466
v -1.959675 0.000000 3.714528
v -1.785479 0.000000 3.801934
v -1.782469 -0.053204 3.795531
v -1.956370 -0.053204 3.708271
v -2.129329 -0.053204 3.619370
v -2.290706 -0.053204 3.510783
v -2.451849 -0.053204 3.401837
v -1.759746 -0.145724 3.747188
v -1.931422 -0.145724 3.661038
v -2.102211 -0.145724 3.573349
v -2.261487 -0.145724 3.466067
v -2.420591 -0.145724 3.358521
v -1.720388 -0.199141 3.663456
v -1.888211 -0.199141 3.579229
v -2.055240 -0.199141 3.493639
v -2.210877 -0.199141 3.388615
v -2.366451 -0.199141 3.283496
v -2.390909 0.238836 3.202227
v -2.226210 0.238836 3.313488
v -2.061511 0.238836 3.424749
v -1.887244 0.238836 3.519668
v -1.709606 0.238836 3.608829
v -1.683126 0.230649 3.552987
v -1.858009 0.230649 3.465217
v -2.029598 0.230649 3.371823
v -2.191709 0.230649 3.262212
v -2.353905 0.230649 3.152727
v -2.274490 0.178561 3.156059
v -2.124913 0.178560 3.257059
v -1.975457 0.178560 3.358244
v -1.814813 0.178560 3.440270
v -1.653537 0.178560 3.521232
v -2.230276 0.103002 3.094788
v -2.083582 0.103002 3.193807
v -1.937098 0.103002 3.293148
v -1.779524 0.103002 3.373459
v -1.621395 0.103002 3.452851
v -1.612640 0.053204 3.434226
v -1.769912 0.053204 3.355261
v -1.926650 0.053204 3.275417
v -2.072324 0.053204 3.176579
v -2.218233 0.053204 3.078099
v -1.635363 0.145724 3.482569
v -1.794860 0.145724 3.402494
v -1.953768 0.145724 3.321437
v -2.101543 0.145724 3.221295
v -2.249490 0.145725 3.121415
v -1.674720 0.199141 3.566300
v -1.838071 0.199141 3.484303
v -2.000739 0.199141 3.401148
v -2.152153 0.199141 3.298746
v -2.303631 0.199141 3.196440
v -1.736085 0.230649 3.664671
v -1.916478 0.230649 3.574119
v -2.093423 0.230649 3.477674
v -2.260711 0.230649 3.364764
v -2.427913 0.230649 3.251727
v -2.395591 0.178561 3.323877
v -2.238117 0.178560 3.430303
v -2.080521 0.178560 3.536542
v -1.911469 0.178560 3.623262
v -1.741572 0.178560 3.708524
v -2.439806 0.103002 3.385148
v -2.279449 0.103002 3.493554
v -2.118881 0.103002 3.601639
v -1.946758 0.103002 3.690073
v -1.773714 0.103002 3.776905
v -1.782469 0.053204 3.795531
v -1.956370 0.053204 3.708271
v -2.129329 0.053204 3.619370
v -2.290706 0.053204 3.510783
v -2.451849 0.053204 3.401837
v -1.759746 0.145724 3.747188
v -1.931422 0.145724 3.661038
v -2.102211 0.145724 3.573349
v -2.261487 0.145724 3.466067
v -2.420591 0.145725 3.358521
v -1.720388 0.199141 3.663456
v -1.888211 0.199141 3.579229
v -2.055240 0.199141 3.493639
v -2.210877 0.199141 3.388615
v -2.366451 0.199141 3.283496
v -3.694841 -0.238835 1.530030
v -3.999962 -0.267484 -0.000560
v -3.866220 -0.231648 -0.000541
v -3.768314 -0.133742 -0.000528
v -3.732478 0.000000 -0.000522
v -3.985694 -0.243610 0.212524
v -3.864058 -0.210973 0.206114
v -3.775013 -0.121805 0.201422
v -3.742421 0.000000 0.199704
v -3.987711 -0.262709 0.182558
v -3.856490 -0.227513 0.176620
v -3.760430 -0.131355 0.172272
v -3.725270 0.000000 0.170681
v -3.974689 -0.238835 0.376002
v -3.855789 -0.206837 0.364895
v -3.768749 -0.119418 0.356763
v -3.736889 0.000000 0.353787
v -3.978037 -0.238835 0.326263
v -3.859010 -0.206837 0.316622
v -3.771875 -0.119418 0.309564
v -3.739981 0.000000 0.306980
v -3.637743 -0.230649 1.506380
v -3.741646 -0.069215 -0.000524
v -3.810862 -0.189100 -0.000534
v -3.930747 -0.258316 -0.000550
v -3.987615 -0.253160 0.183983
v -3.861166 -0.219243 0.178216
v -3.768600 -0.126580 0.173994
v -3.734718 0.000000 0.172449
v -3.922743 -0.235260 0.209207
v -3.813710 -0.172222 0.203461
v -3.750760 -0.063038 0.200144
v -3.919800 -0.253705 0.179485
v -3.802176 -0.185725 0.174162
v -3.734265 -0.067980 0.171088
v -3.745040 -0.061802 0.354549
v -3.806575 -0.168847 0.360297
v -3.913155 -0.230649 0.370254
v -3.982144 -0.239432 0.265258
v -3.862686 -0.207354 0.257397
v -3.775237 -0.119716 0.251642
v -3.743229 0.000000 0.249535
v -3.748141 -0.061802 0.307641
v -3.809742 -0.168847 0.312631
v -3.916437 -0.230649 0.321273
v -3.920321 -0.231225 0.261189
v -3.813241 -0.169269 0.254143
v -3.751418 -0.061956 0.250074
v -3.922174 -0.244482 0.180998
v -3.808827 -0.178973 0.175829
v -3.743386 -0.065509 0.172844
v -3.645250 -0.199141 1.509489
v -3.599242 -0.178560 1.490433
v -3.866442 -0.178560 0.445042
v -3.559772 -0.145724 1.474085
v -3.529435 -0.103002 1.461520
v -3.791367 -0.103002 0.436512
v -3.510421 -0.053204 1.453645
v -3.503883 -0.000000 1.450937
v -3.763888 0.000000 0.433389
v -3.770918 -0.053204 0.434188
v -3.823993 -0.145724 0.440219
v -3.915922 -0.199141 0.450665
v -4.133705 -0.231648 -0.000578
v -4.231611 -0.133742 -0.000592
v -4.267447 0.000000 -0.000597
v -4.107330 -0.210973 0.218934
v -4.196374 -0.121805 0.223626
v -4.228967 0.000000 0.225344
v -4.118931 -0.227513 0.188497
v -4.214992 -0.131355 0.192844
v -4.250152 0.000000 0.194435
v -4.093589 -0.206837 0.387109
v -4.180630 -0.119418 0.395240
v -4.212490 0.000000 0.398217
v -4.097065 -0.206837 0.335905
v -4.184200 -0.119418 0.342963
v -4.216093 0.000000 0.345546
v -3.751940 -0.230649 1.553679
v -4.258278 -0.069215 -0.000596
v -4.189063 -0.189100 -0.000586
v -4.069178 -0.258316 -0.000570
v -4.114064 -0.219243 0.189750
v -4.206630 -0.126580 0.193972
v -4.240512 0.000000 0.195518
v -4.048645 -0.235260 0.215841
v -4.157678 -0.172222 0.221587
v -4.220628 -0.063038 0.224904
v -4.055622 -0.253705 0.185632
v -4.173246 -0.185725 0.190955
v -4.241157 -0.067980 0.194028
v -4.204339 -0.061802 0.397455
v -4.142804 -0.168847 0.391707
v -4.036224 -0.230649 0.381750
v -4.101602 -0.207354 0.273119
v -4.189051 -0.119716 0.278874
v -4.221060 0.000000 0.280980
v -4.207933 -0.061802 0.344885
v -4.146333 -0.168847 0.339895
v -4.039638 -0.230649 0.331253
v -4.043967 -0.231225 0.269326
v -4.151048 -0.169269 0.276373
v -4.212871 -0.061956 0.280441
v -4.053056 -0.244482 0.186968
v -4.166403 -0.178973 0.192138
v -4.231843 -0.065509 0.195122
v -3.744433 -0.199141 1.550570
v -3.790441 -0.178560 1.569626
v -4.072069 -0.178560 0.468408
v -3.829911 -0.145724 1.585974
v -3.860248 -0.103002 1.598539
v -4.147144 -0.103002 0.476939
v -3.879262 -0.053204 1.606415
v -3.885799 -0.000000 1.609122
v -4.174624 0.000000 0.480061
v -4.167593 -0.053204 0.479262
v -4.114518 -0.145724 0.473231
v -4.022590 -0.199141 0.462785
v -3.694841 0.238835 1.530030
v -3.999962 0.267485 -0.000559
v -3.866220 0.231649 -0.000541
v -3.768314 0.133743 -0.000527
v -3.985694 0.243611 0.212524
v -3.864058 0.210973 0.206114
v -3.775013 0.121805 0.201422
v -3.987711 0.262710 0.182558
v -3.856490 0.227514 0.176620
v -3.760430 0.131355 0.172272
v -3.974689 0.238836 0.376002
v -3.855789 0.206838 0.364895
v -3.768749 0.119418 0.356764
v -3.978037 0.238836 0.326263
v -3.859009 0.206838 0.316622
v -3.771875 0.119418 0.309564
v -3.637743 0.230649 1.506380
v -3.741646 0.069216 -0.000523
v -3.810862 0.189101 -0.000533
v -3.930747 0.258316 -0.000549
v -3.987615 0.253160 0.183983
v -3.861166 0.219243 0.178216
v -3.768600 0.126580 0.173994
v -3.922743 0.235260 0.209207
v -3.813710 0.172223 0.203461
v -3.750760 0.063038 0.200144
v -3.919800 0.253705 0.179485
v -3.802176 0.185725 0.174162
v -3.734265 0.067980 0.171088
v -3.745040 0.061802 0.354549
v -3.806575 0.168847 0.360297
v -3.913155 0.230649 0.370254
v -3.982144 0.239433 0.265258
v -3.862686 0.207355 0.257397
v -3.775237 0.119716 0.251642
v -3.748141 0.061802 0.307641
v -3.809742 0.168847 0.312631
v -3.916437 0.230649 0.321273
v -3.920321 0.231226 0.261189
v -3.813241 0.169269 0.254143
v -3.751418 0.061957 0.250074
v -3.922174 0.244483 0.180998
v -3.808827 0.178974 0.175829
v -3.743386 0.065509 0.172844
v -3.645250 0.199141 1.509489
v -3.599242 0.178560 1.490433
v -3.866442 0.178561 0.445042
v -3.559772 0.145724 1.474085
v -3.529435 0.103002 1.461520
v -3.791367 0.103002 0.436512
v -3.510421 0.053204 1.453645
v -3.770918 0.053204 0.434188
v -3.823993 0.145725 0.440219
v -3.915922 0.199141 0.450665
v -4.133704 0.231649 -0.000578
v -4.231610 0.133743 -0.000592
v -4.107330 0.210973 0.218934
v -4.196374 0.121805 0.223626
v -4.118931 0.227514 0.188497
v -4.214992 0.131355 0.192844
v -4.093589 0.206838 0.387109
v -4.180630 0.119418 0.395240
v -4.097065 0.206838 0.335905
v -4.184200 0.119418 0.342963
v -3.751940 0.230649 1.553679
v -4.258278 0.069216 -0.000596
v -4.189063 0.189101 -0.000586
v -4.069178 0.258316 -0.000570
v -4.114064 0.219243 0.189750
v -4.206630 0.126580 0.193972
v -4.048644 0.235261 0.215841
v -4.157678 0.172223 0.221587
v -4.220628 0.063038 0.224904
v -4.055621 0.253705 0.185632
v -4.173246 0.185725 0.190955
v -4.241157 0.067980 0.194028
v -4.204339 0.061802 0.397455
v -4.142804 0.168847 0.391707
v -4.036224 0.230649 0.381750
v -4.101602 0.207355 0.273119
v -4.189051 0.119716 0.278874
v -4.207933 0.061802 0.344885
v -4.146333 0.168847 0.339895
v -4.039638 0.230649 0.331253
v -4.043967 0.231226 0.269326
v -4.151048 0.169269 0.276373
v -4.212871 0.061957 0.280441
v -4.053056 0.244483 0.186968
v -4.166403 0.178974 0.192138
v -4.231843 0.065509 0.195122
v -3.744433 0.199141 1.550570
v -3.790441 0.178560 1.569626
v -4.072069 0.178561 0.468408
v -3.829911 0.145724 1.585974
v -3.860248 0.103002 1.598539
v -4.147144 0.103002 0.476939
v -3.879262 0.053204 1.606415
v -4.167593 0.053204 0.479262
v -4.114518 0.145725 0.473231
v -4.022590 0.199141 0.462785
v -2.828373 -0.267485 2.827977
v -2.733797 -0.231649 2.733414
v -2.664562 -0.133743 2.664189
v -2.969483 -0.243611 2.667669
v -2.878891 -0.210973 2.586246
v -2.812574 -0.121805 2.526640
v -2.788300 -0.000000 2.504823
v -2.949639 -0.262710 2.690213
v -2.852604 -0.227514 2.601678
v -2.781570 -0.131355 2.536866
v -2.755570 -0.000000 2.513143
v -3.077742 -0.238836 2.544681
v -2.985744 -0.206838 2.468543
v -2.918397 -0.119418 2.412806
v -2.893746 -0.000000 2.392405
v -3.044803 -0.238836 2.582100
v -2.953758 -0.206838 2.504826
v -2.887108 -0.119418 2.448257
v -2.862712 -0.000000 2.427552
v -2.694650 -0.189101 2.694272
v -2.950582 -0.253160 2.689141
v -2.857045 -0.219243 2.603858
v -2.788571 -0.126580 2.541426
v -2.763507 -0.000000 2.518574
v -2.922599 -0.235260 2.625530
v -2.841394 -0.172223 2.552544
v -2.794510 -0.063038 2.510405
v -2.899420 -0.253705 2.644394
v -2.812440 -0.185725 2.565032
v -2.762222 -0.067980 2.519213
v -2.900053 -0.061802 2.397624
v -2.947664 -0.168847 2.437028
v -3.030130 -0.230649 2.505277
v -3.004404 -0.239433 2.627996
v -2.914321 -0.207355 2.549149
v -2.848376 -0.119716 2.491428
v -2.824238 -0.000000 2.470300
v -2.868954 -0.061803 2.432849
v -2.916072 -0.168847 2.472841
v -2.997684 -0.230649 2.542109
v -2.957783 -0.231226 2.587190
v -2.877034 -0.169269 2.516512
v -2.830413 -0.061957 2.475706
v -2.902174 -0.244483 2.645005
v -2.818328 -0.178974 2.568558
v -2.769920 -0.065509 2.524421
v -3.050170 -0.178561 2.419596
v -2.991002 -0.103002 2.372604
v -2.969345 -0.000000 2.355404
v -2.974886 -0.053204 2.359805
v -3.016715 -0.145725 2.393026
v -3.089165 -0.199141 2.450567
v -2.922950 -0.231649 2.922541
v -3.060074 -0.210973 2.749092
v -3.126391 -0.121805 2.808698
v -3.150665 -0.000000 2.830515
v -3.046673 -0.227514 2.778748
v -3.117707 -0.131355 2.843560
v -3.143708 -0.000000 2.867282
v -3.169740 -0.206838 2.620818
v -3.237087 -0.119418 2.676555
v -3.261737 -0.000000 2.696957
v -3.135849 -0.206838 2.659374
v -3.202499 -0.119418 2.715943
v -3.226895 -0.000000 2.736648
v -2.962097 -0.189101 2.961682
v -3.044120 -0.219243 2.774424
v -3.112594 -0.126580 2.836856
v -3.137657 -0.000000 2.859707
v -3.016366 -0.235260 2.709808
v -3.097571 -0.172223 2.782795
v -3.144455 -0.063038 2.824933
v -2.999857 -0.253705 2.736032
v -3.086838 -0.185725 2.815394
v -3.137056 -0.067980 2.861213
v -3.255430 -0.061802 2.691737
v -3.207819 -0.168847 2.652333
v -3.125353 -0.230649 2.584084
v -3.094488 -0.207355 2.706844
v -3.160433 -0.119716 2.764564
v -3.184570 -0.000000 2.785692
v -3.220653 -0.061802 2.731351
v -3.173534 -0.168847 2.691360
v -3.091922 -0.230649 2.622092
v -3.051025 -0.231226 2.668802
v -3.131775 -0.169269 2.739480
v -3.178395 -0.061957 2.780286
v -2.998991 -0.244483 2.733278
v -3.082837 -0.178974 2.809725
v -3.131245 -0.065509 2.853861
v -3.212227 -0.178561 2.548305
v -3.271395 -0.103002 2.595296
v -3.293052 -0.000000 2.612497
v -3.287511 -0.053204 2.608096
v -3.245682 -0.145725 2.574875
v -3.173232 -0.199141 2.517334
v -2.828373 0.267484 2.827977
v -2.664562 0.133742 2.664189
v -2.969483 0.243610 2.667669
v -2.878891 0.210973 2.586246
v -2.812574 0.121805 2.526640
v -2.949639 0.262709 2.690213
v -2.852604 0.227513 2.601678
v -2.781570 0.131355 2.536866
v -3.077742 0.238835 2.544681
v -2.985744 0.206837 2.468543
v -2.918397 0.119418 2.412806
v -3.044803 0.238835 2.582100
v -2.953758 0.206837 2.504826
v -2.887108 0.119418 2.448257
v -2.694649 0.189100 2.694273
v -2.779427 0.258316 2.779038
v -2.950582 0.253160 2.689141
v -2.857045 0.219243 2.603858
v -2.788571 0.126580 2.541426
v -2.922599 0.235260 2.625530
v -2.841394 0.172222 2.552544
v -2.794510 0.063038 2.510405
v -2.899420 0.253705 2.644394
v -2.812440 0.185725 2.565032
v -2.762222 0.067980 2.519213
v -2.900053 0.061802 2.397624
v -2.947664 0.168847 2.437028
v -3.030130 0.230649 2.505277
v -3.004404 0.239432 2.627996
v -2.914321 0.207354 2.549149
v -2.848376 0.119716 2.491428
v -2.868954 0.061802 2.432849
v -2.916072 0.168847 2.472841
v -2.997684 0.230649 2.542109
v -2.957783 0.231225 2.587190
v -2.877034 0.169269 2.516512
v -2.830413 0.061956 2.475706
v -2.902174 0.244482 2.645005
v -2.818328 0.178973 2.568558
v -2.769920 0.065509 2.524421
v -3.050170 0.178560 2.419596
v -2.991002 0.103002 2.372604
v -2.974886 0.053204 2.359805
v -3.016715 0.145724 2.393026
v -3.089165 0.199141 2.450567
v -2.922950 0.231648 2.922541
v -2.992185 0.133742 2.991766
v -3.060074 0.210973 2.749092
v -3.126391 0.121805 2.808698
v -3.046673 0.227513 2.778748
v -3.117707 0.131355 2.843560
v -3.169739 0.206837 2.620819
v -3.237087 0.119418 2.676555
v -3.135849 0.206837 2.659374
v -3.202499 0.119418 2.715943
v -3.011043 0.069215 3.010621
v -2.962097 0.189100 2.961682
v -2.877320 0.258316 2.876917
v -3.044120 0.219243 2.774424
v -3.112594 0.126580 2.836856
v -3.016366 0.235260 2.709808
v -3.097571 0.172222 2.782795
v -3.144455 0.063038 2.824933
v -2.999857 0.253705 2.736032
v -3.086837 0.185725 2.815394
v -3.137055 0.067980 2.861213
v -3.255430 0.061802 2.691737
v -3.207819 0.168847 2.652333
v -3.125353 0.230649 2.584084
v -3.094487 0.207354 2.706844
v -3.160433 0.119716 2.764565
v -3.220653 0.061802 2.731351
v -3.173534 0.168847 2.691360
v -3.091922 0.230649 2.622092
v -3.051025 0.231225 2.668802
v -3.131774 0.169269 2.739480
v -3.178395 0.061957 2.780287
v -2.998991 0.244482 2.733278
v -3.082837 0.178973 2.809724
v -3.131245 0.065509 2.853861
v -3.212227 0.178560 2.548305
v -3.271395 0.103002 2.595296
v -3.287511 0.053204 2.608096
v -3.245682 0.145724 2.574875
v -3.173232 0.199141 2.517334
v -3.275716 -0.053204 1.926209
v -3.355500 -0.053204 1.769435
v -3.434465 -0.053204 1.612164
v -3.428061 -0.000000 1.609154
v -3.349243 -0.000000 1.766131
v -3.269620 -0.000000 1.922618
v -3.170954 -0.000000 2.068013
v -3.072659 -0.000000 2.213651
v -3.453092 -0.103002 1.620916
v -3.373699 -0.103002 1.779044
v -3.293449 -0.103002 1.936655
v -3.194108 -0.103002 2.083138
v -3.095088 -0.103002 2.229831
v -3.521477 -0.178560 1.653048
v -3.440515 -0.178560 1.814324
v -3.358551 -0.178560 1.975005
v -3.257365 -0.178560 2.124460
v -3.156365 -0.178560 2.274037
v -3.153037 -0.230649 2.353447
v -3.262521 -0.230649 2.191251
v -3.372133 -0.230649 2.029140
v -3.465465 -0.230649 1.857516
v -3.553235 -0.230649 1.682632
v -3.609081 -0.238836 1.709104
v -3.519920 -0.238836 1.886742
v -3.425063 -0.238836 2.061045
v -3.313802 -0.238836 2.225744
v -3.202541 -0.238836 2.390444
v -3.176877 -0.053204 2.071883
v -3.078397 -0.053204 2.217791
v -3.482811 -0.145724 1.634880
v -3.402736 -0.145724 1.794376
v -3.321741 -0.145724 1.953321
v -3.221598 -0.145725 2.101096
v -3.121717 -0.145725 2.249042
v -3.566548 -0.199141 1.674226
v -3.484551 -0.199141 1.837576
v -3.401458 -0.199141 2.000280
v -3.299056 -0.199141 2.151695
v -3.196750 -0.199141 2.303172
v -3.664927 -0.230649 1.735576
v -3.574375 -0.230649 1.915969
v -3.477993 -0.230649 2.092950
v -3.365083 -0.230649 2.260238
v -3.252046 -0.230649 2.427441
v -3.324200 -0.178561 2.395115
v -3.430625 -0.178560 2.237639
v -3.536864 -0.178560 2.080044
v -3.623521 -0.178560 1.910954
v -3.708782 -0.178560 1.741057
v -3.385477 -0.103002 2.439321
v -3.493883 -0.103002 2.278962
v -3.601966 -0.103002 2.118394
v -3.690337 -0.103002 1.946234
v -3.777167 -0.103002 1.773189
v -3.407906 -0.000000 2.455501
v -3.517036 -0.000000 2.294087
v -3.625795 -0.000000 2.132431
v -3.714793 -0.000000 1.959147
v -3.802198 -0.000000 1.784950
v -3.795794 -0.053204 1.781941
v -3.708536 -0.053204 1.955843
v -3.619699 -0.053204 2.128839
v -3.511112 -0.053204 2.290218
v -3.402168 -0.053204 2.451361
v -3.747448 -0.145724 1.759225
v -3.661300 -0.145724 1.930902
v -3.573674 -0.145724 2.101728
v -3.466392 -0.145725 2.261004
v -3.358847 -0.145725 2.420110
v -3.663711 -0.199141 1.719879
v -3.579484 -0.199141 1.887702
v -3.493957 -0.199141 2.054769
v -3.388933 -0.199141 2.210406
v -3.283814 -0.199141 2.365980
v -3.202541 0.238835 2.390444
v -3.313802 0.238835 2.225744
v -3.425063 0.238835 2.061045
v -3.519920 0.238835 1.886742
v -3.609081 0.238835 1.709104
v -3.553235 0.230649 1.682632
v -3.465465 0.230649 1.857515
v -3.372133 0.230649 2.029140
v -3.262521 0.230649 2.191251
v -3.153036 0.230649 2.353447
v -3.156365 0.178560 2.274037
v -3.257365 0.178560 2.124460
v -3.358551 0.178560 1.975005
v -3.440515 0.178560 1.814324
v -3.521477 0.178560 1.653048
v -3.095088 0.103002 2.229831
v -3.194108 0.103002 2.083138
v -3.293449 0.103002 1.936655
v -3.373699 0.103002 1.779044
v -3.453092 0.103002 1.620916
v -3.434465 0.053204 1.612164
v -3.355500 0.053204 1.769435
v -3.275716 0.053204 1.926209
v -3.176877 0.053204 2.071883
v -3.078397 0.053204 2.217791
v -3.482811 0.145724 1.634880
v -3.402736 0.145724 1.794376
v -3.321741 0.145724 1.953321
v -3.221598 0.145724 2.101096
v -3.121717 0.145724 2.249042
v -3.566548 0.199141 1.674226
v -3.484551 0.199141 1.837576
v -3.401458 0.199141 2.000280
v -3.299056 0.199141 2.151695
v -3.196750 0.199141 2.303172
v -3.664927 0.230649 1.735576
v -3.574375 0.230649 1.915969
v -3.477993 0.230649 2.092950
v -3.365083 0.230649 2.260238
v -3.252046 0.230649 2.427441
v -3.324200 0.178560 2.395115
v -3.430625 0.178560 2.237639
v -3.536864 0.178560 2.080044
v -3.623521 0.178560 1.910954
v -3.708782 0.178560 1.741057
v -3.385477 0.103002 2.439321
v -3.493883 0.103002 2.278962
v -3.601966 0.103002 2.118394
v -3.690337 0.103002 1.946234
v -3.777167 0.103002 1.773189
v -3.795794 0.053204 1.781942
v -3.708536 0.053204 1.955844
v -3.619699 0.053204 2.128839
v -3.511112 0.053204 2.290218
v -3.402168 0.053204 2.451361
v -3.747448 0.145724 1.759226
v -3.661300 0.145724 1.930902
v -3.573674 0.145724 2.101728
v -3.466392 0.145724 2.261004
v -3.358847 0.145724 2.420110
v -3.663711 0.199141 1.719880
v -3.579484 0.199141 1.887702
v -3.493957 0.199141 2.054769
v -3.388933 0.199141 2.210406
v -3.283814 0.199141 2.365980
v -3.957115 -0.238835 0.573740
v -3.917307 -0.238835 0.768471
v -3.877500 -0.238835 0.963203
v -3.825314 -0.238835 1.154535
v -3.760077 -0.238835 1.342282
v -3.701866 -0.230649 1.321523
v -3.766135 -0.230649 1.136718
v -3.817504 -0.230649 0.948370
v -3.856646 -0.230649 0.756654
v -3.895939 -0.230649 0.564969
v -3.841448 -0.178560 0.623375
v -3.805217 -0.178560 0.800155
v -3.769206 -0.178560 0.976980
v -3.717585 -0.178560 1.149505
v -3.658307 -0.178560 1.319931
v -3.766847 -0.103002 0.611384
v -3.731255 -0.103002 0.784702
v -3.696044 -0.103002 0.958100
v -3.645385 -0.103002 1.127232
v -3.587225 -0.103002 1.294310
v -3.739541 0.000000 0.606996
v -3.704184 0.000000 0.779047
v -3.669265 0.000000 0.951189
v -3.618957 0.000000 1.119079
v -3.561208 0.000000 1.284932
v -3.567864 -0.053204 1.287331
v -3.625718 -0.053204 1.121166
v -3.676116 -0.053204 0.952957
v -3.711110 -0.053204 0.780494
v -3.746527 -0.053204 0.608118
v -3.618116 -0.145724 1.305444
v -3.676761 -0.145724 1.136912
v -3.727839 -0.145724 0.966305
v -3.763397 -0.145724 0.791418
v -3.799267 -0.145724 0.616595
v -3.705155 -0.199141 1.336818
v -3.765170 -0.199141 1.164186
v -3.817424 -0.199141 0.989424
v -3.853962 -0.199141 0.810339
v -3.890615 -0.199141 0.631278
v -3.818289 -0.230649 1.363041
v -3.884492 -0.230649 1.172351
v -3.937496 -0.230649 0.978036
v -3.977969 -0.230649 0.780289
v -4.018292 -0.230649 0.582512
v -4.045776 -0.178560 0.656216
v -4.007793 -0.178560 0.842477
v -3.969591 -0.178560 1.028692
v -3.915339 -0.178560 1.210512
v -3.852996 -0.178560 1.390107
v -4.120377 -0.103002 0.668206
v -4.081755 -0.103002 0.857929
v -4.042752 -0.103002 1.047572
v -3.987540 -0.103002 1.232785
v -3.924078 -0.103002 1.415729
v -4.147682 0.000000 0.672596
v -4.108826 0.000000 0.863585
v -4.069531 0.000000 1.054483
v -4.013968 0.000000 1.240938
v -3.950095 0.000000 1.425107
v -3.943439 -0.053204 1.422707
v -4.007206 -0.053204 1.238853
v -4.062680 -0.053204 1.052715
v -4.101900 -0.053204 0.862138
v -4.140696 -0.053204 0.671473
v -3.893187 -0.145724 1.404594
v -3.956163 -0.145724 1.223106
v -4.010958 -0.145724 1.039368
v -4.049613 -0.145724 0.851214
v -4.087956 -0.145724 0.662996
v -3.806149 -0.199141 1.373221
v -3.867754 -0.199141 1.195832
v -3.921373 -0.199141 1.016249
v -3.959048 -0.199141 0.832293
v -3.996609 -0.199141 0.648314
v -3.957115 0.238836 0.573740
v -3.917307 0.238836 0.768471
v -3.877500 0.238836 0.963203
v -3.825314 0.238836 1.154535
v -3.760077 0.238836 1.342282
v -3.701866 0.230649 1.321523
v -3.766135 0.230649 1.136718
v -3.817504 0.230649 0.948370
v -3.856646 0.230649 0.756655
v -3.895939 0.230649 0.564969
v -3.841448 0.178560 0.623375
v -3.805217 0.178560 0.800155
v -3.769206 0.178560 0.976980
v -3.717585 0.178560 1.149505
v -3.658307 0.178560 1.319931
v -3.766847 0.103002 0.611384
v -3.731255 0.103002 0.784702
v -3.696044 0.103002 0.958100
v -3.645385 0.103002 1.127232
v -3.587225 0.103002 1.294310
v -3.567864 0.053204 1.287331
v -3.625718 0.053204 1.121166
v -3.676116 0.053204 0.952957
v -3.711110 0.053204 0.780494
v -3.746527 0.053204 0.608118
v -3.618116 0.145724 1.305444
v -3.676761 0.145724 1.136912
v -3.727839 0.145724 0.966305
v -3.763397 0.145724 0.791418
v -3.799267 0.145725 0.616596
v -3.705155 0.199141 1.336818
v -3.765170 0.199141 1.164186
v -3.817424 0.199141 0.989424
v -3.853962 0.199141 0.810339
v -3.890615 0.199141 0.631278
v -3.818289 0.230649 1.363041
v -3.884492 0.230649 1.172351
v -3.937496 0.230649 0.978036
v -3.977969 0.230649 0.780289
v -4.018291 0.230649 0.582512
v -4.045775 0.178561 0.656216
v -4.007793 0.178560 0.842477
v -3.969591 0.178560 1.028692
v -3.915339 0.178560 1.210512
v -3.852996 0.178560 1.390107
v -4.120376 0.103002 0.668207
v -4.081755 0.103002 0.857929
v -4.042752 0.103002 1.047572
v -3.987540 0.103002 1.232785
v -3.924078 0.103002 1.415729
v -3.943439 0.053204 1.422707
v -4.007206 0.053204 1.238853
v -4.062680 0.053204 1.052715
v -4.101900 0.053204 0.862138
v -4.140696 0.053204 0.671473
v -3.893187 0.145724 1.404594
v -3.956163 0.145724 1.223106
v -4.010958 0.145724 1.039368
v -4.049613 0.145724 0.851214
v -4.087956 0.145725 0.662996
v -3.806149 0.199141 1.373221
v -3.867754 0.199141 1.195832
v -3.921373 0.199141 1.016249
v -3.959048 0.199141 0.832293
v -3.996609 0.199141 0.648314
vt 0.182753 0.059544
vt 0.161904 0.059544
vt 0.161904 0.000655
vt 0.182754 0.000655
vt 0.141054 0.059544
vt 0.141054 0.000655
vt 0.224454 0.059544
vt 0.203604 0.059544
vt 0.203604 0.000655
vt 0.224454 0.000655
vt 0.266153 0.059544
vt 0.245303 0.059544
vt 0.245303 0.000655
vt 0.266154 0.000655
vt 0.466327 0.837836
vt 0.507676 0.837836
vt 0.507676 0.813940
vt 0.466327 0.813940
vt 0.424978 0.837835
vt 0.424978 0.813939
vt 0.383630 0.837835
vt 0.383630 0.837835
vt 0.394583 0.798738
vt 0.394583 0.862952
vt 0.332329 0.862952
vt 0.332329 0.798737
vt 0.549025 0.837836
vt 0.590374 0.837835
vt 0.590374 0.813939
vt 0.549025 0.813940
vt 0.565685 0.001650
vt 0.587751 0.001650
vt 0.587751 0.025850
vt 0.565685 0.025850
vt 0.609818 0.001650
vt 0.609817 0.025850
vt 0.653950 0.025850
vt 0.653950 0.001650
vt 0.676017 0.001650
vt 0.676017 0.025850
vt 0.698083 0.001650
vt 0.698083 0.025850
vt 0.631884 0.001650
vt 0.631884 0.025850
vt 0.562768 0.637812
vt 0.562768 0.648370
vt 0.493764 0.648370
vt 0.493764 0.637812
vt 0.838785 0.648370
vt 0.907790 0.648370
vt 0.907790 0.658927
vt 0.838786 0.658927
vt 0.562768 0.615622
vt 0.562768 0.627255
vt 0.493764 0.627255
vt 0.493764 0.616698
vt 0.838785 0.627255
vt 0.907790 0.627255
vt 0.907790 0.637812
vt 0.838785 0.637812
vt 0.838785 0.602912
vt 0.907790 0.602912
vt 0.907790 0.614545
vt 0.838785 0.615621
vt 0.643597 0.842952
vt 0.705851 0.842952
vt 0.677271 0.862952
vt 0.624544 0.862952
vt 0.182753 0.059544
vt 0.182754 0.000655
vt 0.161904 0.000655
vt 0.161904 0.059544
vt 0.141054 0.000655
vt 0.141054 0.059544
vt 0.224454 0.059544
vt 0.224454 0.000655
vt 0.203604 0.000655
vt 0.203604 0.059544
vt 0.245303 0.000655
vt 0.245303 0.059544
vt 0.466327 0.837836
vt 0.466327 0.813940
vt 0.507676 0.813940
vt 0.507676 0.837836
vt 0.424978 0.837835
vt 0.424978 0.813939
vt 0.383630 0.837835
vt 0.383630 0.837835
vt 0.332329 0.862952
vt 0.394583 0.862952
vt 0.549025 0.837836
vt 0.549025 0.813940
vt 0.590374 0.813939
vt 0.590374 0.837835
vt 0.587751 0.025850
vt 0.587751 0.001650
vt 0.609817 0.025850
vt 0.609818 0.001650
vt 0.653950 0.025850
vt 0.676017 0.025850
vt 0.676017 0.001650
vt 0.653950 0.001650
vt 0.698083 0.025850
vt 0.698083 0.001650
vt 0.631884 0.025850
vt 0.631884 0.001650
vt 0.562768 0.637812
vt 0.493764 0.637812
vt 0.493764 0.648370
vt 0.562768 0.648370
vt 0.838785 0.648370
vt 0.838785 0.658927
vt 0.907790 0.658927
vt 0.907790 0.648370
vt 0.562768 0.615622
vt 0.493764 0.616698
vt 0.493764 0.627255
vt 0.562768 0.627255
vt 0.838785 0.627255
vt 0.838785 0.637812
vt 0.907790 0.637812
vt 0.907790 0.627255
vt 0.838785 0.602912
vt 0.838785 0.615621
vt 0.907790 0.614545
vt 0.907790 0.602912
vt 0.643597 0.842952
vt 0.624544 0.862952
vt 0.677271 0.862952
vt 0.705851 0.842952
vt 0.182753 0.059544
vt 0.182754 0.000655
vt 0.161904 0.000655
vt 0.161904 0.059544
vt 0.224454 0.059544
vt 0.224454 0.000655
vt 0.203604 0.000655
vt 0.203604 0.059544
vt 0.266153 0.059544
vt 0.266154 0.000655
vt 0.245303 0.000655
vt 0.245303 0.059544
vt 0.466327 0.837836
vt 0.466327 0.813940
vt 0.507676 0.813940
vt 0.507676 0.837836
vt 0.424978 0.837835
vt 0.424978 0.813939
vt 0.383630 0.837835
vt 0.383630 0.837835
vt 0.394583 0.798738
vt 0.332329 0.798737
vt 0.332329 0.862952
vt 0.394583 0.862952
vt 0.549025 0.837836
vt 0.549025 0.813940
vt 0.565685 0.001650
vt 0.565685 0.025850
vt 0.587751 0.025850
vt 0.587751 0.001650
vt 0.609817 0.025850
vt 0.609818 0.001650
vt 0.653950 0.025850
vt 0.676017 0.025850
vt 0.676017 0.001650
vt 0.653950 0.001650
vt 0.631884 0.025850
vt 0.631884 0.001650
vt 0.562768 0.637812
vt 0.493764 0.637812
vt 0.493764 0.648370
vt 0.562768 0.648370
vt 0.838785 0.648370
vt 0.907790 0.648370
vt 0.562768 0.615622
vt 0.493764 0.616698
vt 0.493764 0.627255
vt 0.562768 0.627255
vt 0.838785 0.627255
vt 0.838785 0.637812
vt 0.907790 0.637812
vt 0.907790 0.627255
vt 0.838785 0.602912
vt 0.838785 0.615621
vt 0.907790 0.614545
vt 0.907790 0.602912
vt 0.643597 0.842952
vt 0.624544 0.862952
vt 0.677271 0.862952
vt 0.705851 0.842952
vt 0.182753 0.059544
vt 0.161904 0.059544
vt 0.161904 0.000655
vt 0.182754 0.000655
vt 0.224454 0.059544
vt 0.203604 0.059544
vt 0.203604 0.000655
vt 0.224454 0.000655
vt 0.245303 0.059544
vt 0.245303 0.000655
vt 0.466327 0.837836
vt 0.507676 0.837836
vt 0.507676 0.813940
vt 0.466327 0.813940
vt 0.424978 0.837835
vt 0.424978 0.813939
vt 0.383630 0.837835
vt 0.383630 0.837835
vt 0.394583 0.862952
vt 0.332329 0.862952
vt 0.549025 0.837836
vt 0.549025 0.813940
vt 0.587751 0.001650
vt 0.587751 0.025850
vt 0.609818 0.001650
vt 0.609817 0.025850
vt 0.653950 0.025850
vt 0.653950 0.001650
vt 0.676017 0.001650
vt 0.676017 0.025850
vt 0.631884 0.001650
vt 0.631884 0.025850
vt 0.562768 0.637812
vt 0.562768 0.648370
vt 0.493764 0.648370
vt 0.493764 0.637812
vt 0.838785 0.648370
vt 0.907790 0.648370
vt 0.562768 0.615622
vt 0.562768 0.627255
vt 0.493764 0.627255
vt 0.493764 0.616698
vt 0.838785 0.627255
vt 0.907790 0.627255
vt 0.907790 0.637812
vt 0.838785 0.637812
vt 0.838785 0.602912
vt 0.907790 0.602912
vt 0.907790 0.614545
vt 0.838785 0.615621
vt 0.643597 0.842952
vt 0.705851 0.842952
vt 0.677271 0.862952
vt 0.624544 0.862952
vt 0.182753 0.059544
vt 0.182754 0.000655
vt 0.161904 0.000655
vt 0.161904 0.059544
vt 0.141054 0.000655
vt 0.141054 0.059544
vt 0.224454 0.059544
vt 0.224454 0.000655
vt 0.203604 0.000655
vt 0.203604 0.059544
vt 0.266153 0.059544
vt 0.266154 0.000655
vt 0.245303 0.000655
vt 0.245303 0.059544
vt 0.466327 0.837836
vt 0.466327 0.813940
vt 0.507676 0.813940
vt 0.507676 0.837836
vt 0.424978 0.837835
vt 0.424978 0.813939
vt 0.383630 0.837835
vt 0.383630 0.837835
vt 0.332329 0.842952
vt 0.360908 0.862952
vt 0.413635 0.862952
vt 0.394583 0.842952
vt 0.549025 0.837836
vt 0.549025 0.813940
vt 0.590374 0.813939
vt 0.590374 0.837835
vt 0.565685 0.001650
vt 0.565685 0.025850
vt 0.587751 0.025850
vt 0.587751 0.001650
vt 0.609817 0.025850
vt 0.609818 0.001650
vt 0.653950 0.025850
vt 0.676017 0.025850
vt 0.676017 0.001650
vt 0.653950 0.001650
vt 0.698083 0.025850
vt 0.698083 0.001650
vt 0.631884 0.025850
vt 0.631884 0.001650
vt 0.394583 0.798738
vt 0.394583 0.862952
vt 0.562768 0.637812
vt 0.562768 0.648370
vt 0.838785 0.648370
vt 0.838785 0.658927
vt 0.907790 0.658927
vt 0.907790 0.648370
vt 0.562768 0.615622
vt 0.562768 0.627255
vt 0.838785 0.627255
vt 0.838785 0.637812
vt 0.907790 0.637812
vt 0.907790 0.627255
vt 0.838785 0.602912
vt 0.838785 0.615621
vt 0.907790 0.614545
vt 0.907790 0.602912
vt 0.182753 0.059544
vt 0.161904 0.059544
vt 0.161904 0.000655
vt 0.182754 0.000655
vt 0.141054 0.059544
vt 0.141054 0.000655
vt 0.224454 0.059544
vt 0.203604 0.059544
vt 0.203604 0.000655
vt 0.224454 0.000655
vt 0.245303 0.059544
vt 0.245303 0.000655
vt 0.466327 0.837836
vt 0.507676 0.837836
vt 0.507676 0.813940
vt 0.466327 0.813940
vt 0.424978 0.837835
vt 0.424978 0.813939
vt 0.383630 0.837835
vt 0.383630 0.837835
vt 0.643597 0.842952
vt 0.624544 0.862952
vt 0.677271 0.862952
vt 0.705851 0.842952
vt 0.549025 0.837836
vt 0.590374 0.837835
vt 0.590374 0.813939
vt 0.549025 0.813940
vt 0.587751 0.001650
vt 0.587751 0.025850
vt 0.609818 0.001650
vt 0.609817 0.025850
vt 0.653950 0.025850
vt 0.653950 0.001650
vt 0.676017 0.001650
vt 0.676017 0.025850
vt 0.698083 0.001650
vt 0.698083 0.025850
vt 0.631884 0.001650
vt 0.631884 0.025850
vt 0.394583 0.862952
vt 0.562768 0.637812
vt 0.562768 0.648370
vt 0.838785 0.648370
vt 0.907790 0.648370
vt 0.907790 0.658927
vt 0.838785 0.658927
vt 0.562768 0.615621
vt 0.562768 0.627255
vt 0.838785 0.627255
vt 0.907790 0.627255
vt 0.907790 0.637812
vt 0.838785 0.637812
vt 0.838785 0.602912
vt 0.907790 0.602912
vt 0.907790 0.614545
vt 0.838785 0.615621
vt 0.182753 0.059544
vt 0.161904 0.059544
vt 0.161904 0.000655
vt 0.182754 0.000655
vt 0.224454 0.059544
vt 0.203604 0.059544
vt 0.203604 0.000655
vt 0.224454 0.000655
vt 0.266153 0.059544
vt 0.245303 0.059544
vt 0.245303 0.000655
vt 0.266154 0.000655
vt 0.466327 0.837836
vt 0.507676 0.837836
vt 0.507676 0.813940
vt 0.466327 0.813940
vt 0.424978 0.837835
vt 0.424978 0.813939
vt 0.383630 0.837835
vt 0.383630 0.837835
vt 0.643597 0.842952
vt 0.705851 0.842952
vt 0.677271 0.862952
vt 0.624544 0.862952
vt 0.549025 0.837836
vt 0.549025 0.813940
vt 0.565685 0.001650
vt 0.587751 0.001650
vt 0.587751 0.025850
vt 0.565685 0.025850
vt 0.609818 0.001650
vt 0.609817 0.025850
vt 0.653950 0.025850
vt 0.653950 0.001650
vt 0.676017 0.001650
vt 0.676017 0.025850
vt 0.631884 0.001650
vt 0.631884 0.025850
vt 0.394583 0.798738
vt 0.394583 0.862952
vt 0.562768 0.637812
vt 0.562768 0.648370
vt 0.838785 0.648370
vt 0.907790 0.648370
vt 0.562768 0.615621
vt 0.562768 0.627255
vt 0.838785 0.627255
vt 0.907790 0.627255
vt 0.907790 0.637812
vt 0.838785 0.637812
vt 0.838785 0.602912
vt 0.907790 0.602912
vt 0.907790 0.614545
vt 0.838785 0.615621
vt 0.182753 0.059544
vt 0.182754 0.000655
vt 0.161904 0.000655
vt 0.161904 0.059544
vt 0.224454 0.059544
vt 0.224454 0.000655
vt 0.203604 0.000655
vt 0.203604 0.059544
vt 0.245303 0.000655
vt 0.245303 0.059544
vt 0.466327 0.837836
vt 0.466327 0.813940
vt 0.507676 0.813940
vt 0.507676 0.837836
vt 0.424978 0.837835
vt 0.424978 0.813939
vt 0.383630 0.837835
vt 0.383630 0.837835
vt 0.643597 0.842952
vt 0.705851 0.842952
vt 0.677271 0.862952
vt 0.624544 0.862952
vt 0.549025 0.837836
vt 0.549025 0.813940
vt 0.587751 0.025850
vt 0.587751 0.001650
vt 0.609817 0.025850
vt 0.609818 0.001650
vt 0.653950 0.025850
vt 0.676017 0.025850
vt 0.676017 0.001650
vt 0.653950 0.001650
vt 0.631884 0.025850
vt 0.631884 0.001650
vt 0.394583 0.862952
vt 0.562768 0.637812
vt 0.562768 0.648370
vt 0.838785 0.648370
vt 0.907790 0.648370
vt 0.562768 0.615622
vt 0.562768 0.627255
vt 0.838785 0.627255
vt 0.838785 0.637812
vt 0.907790 0.637812
vt 0.907790 0.627255
vt 0.838785 0.602912
vt 0.838785 0.615621
vt 0.907790 0.614545
vt 0.907790 0.602912
vt 0.700777 0.637812
vt 0.631772 0.637812
vt 0.631772 0.648370
vt 0.700777 0.648370
vt 0.769781 0.637812
vt 0.769781 0.648370
vt 0.769781 0.658927
vt 0.700777 0.658927
vt 0.631772 0.658927
vt 0.562768 0.658927
vt 0.493764 0.658927
vt 0.631772 0.615621
vt 0.631772 0.627255
vt 0.700777 0.615621
vt 0.700777 0.627255
vt 0.769781 0.615621
vt 0.769781 0.627255
vt 0.907790 0.616698
vt 0.769781 0.602912
vt 0.700777 0.602912
vt 0.631772 0.602912
vt 0.562768 0.602912
vt 0.493764 0.602912
vt 0.493764 0.614545
vt 0.581343 0.842952
vt 0.571817 0.862952
vt 0.624544 0.862952
vt 0.643597 0.842952
vt 0.519090 0.842952
vt 0.519090 0.862952
vt 0.456836 0.842952
vt 0.466363 0.862952
vt 0.677271 0.862952
vt 0.705851 0.842952
vt 0.705850 0.798739
vt 0.643597 0.798738
vt 0.643597 0.862952
vt 0.705851 0.862952
vt 0.581343 0.798738
vt 0.581343 0.862952
vt 0.519090 0.798738
vt 0.519090 0.862952
vt 0.456836 0.798738
vt 0.456836 0.862952
vt 0.332329 0.842952
vt 0.394583 0.842952
vt 0.413635 0.862952
vt 0.360908 0.862952
vt 0.456836 0.842952
vt 0.466363 0.862952
vt 0.519090 0.842952
vt 0.519090 0.862952
vt 0.581343 0.842952
vt 0.571817 0.862952
vt 0.493764 0.602912
vt 0.562768 0.602912
vt 0.493764 0.614545
vt 0.631772 0.602912
vt 0.631772 0.615621
vt 0.700777 0.602912
vt 0.700777 0.615621
vt 0.769781 0.602912
vt 0.769781 0.615621
vt 0.631772 0.627255
vt 0.631772 0.637812
vt 0.700777 0.627255
vt 0.700777 0.637812
vt 0.769781 0.627255
vt 0.769781 0.637812
vt 0.907790 0.616698
vt 0.562768 0.658926
vt 0.493764 0.658927
vt 0.631772 0.648370
vt 0.631772 0.658927
vt 0.700777 0.648370
vt 0.700777 0.658927
vt 0.769781 0.648370
vt 0.769781 0.658927
vt 0.705851 0.862952
vt 0.643597 0.862952
vt 0.581343 0.862952
vt 0.519090 0.862952
vt 0.456836 0.862952
vt 0.332329 0.842952
vt 0.394583 0.842952
vt 0.413635 0.862952
vt 0.360908 0.862952
vt 0.456836 0.842952
vt 0.466363 0.862952
vt 0.519090 0.842952
vt 0.519090 0.862952
vt 0.581343 0.842952
vt 0.571817 0.862952
vt 0.493764 0.602912
vt 0.562768 0.602912
vt 0.493764 0.614545
vt 0.631772 0.602912
vt 0.631772 0.615621
vt 0.700777 0.602912
vt 0.700777 0.615621
vt 0.769781 0.602912
vt 0.769781 0.615621
vt 0.631772 0.627255
vt 0.631772 0.637812
vt 0.700777 0.627255
vt 0.700777 0.637812
vt 0.769781 0.627255
vt 0.769781 0.637812
vt 0.907790 0.616698
vt 0.631772 0.648370
vt 0.700777 0.648370
vt 0.769781 0.648370
vt 0.705850 0.798739
vt 0.705851 0.862952
vt 0.643597 0.862952
vt 0.643597 0.798738
vt 0.581343 0.862952
vt 0.581343 0.798738
vt 0.519090 0.862952
vt 0.519090 0.798738
vt 0.456836 0.862952
vt 0.456836 0.798738
vt 0.332329 0.842952
vt 0.360908 0.862952
vt 0.413635 0.862952
vt 0.394583 0.842952
vt 0.466363 0.862952
vt 0.456836 0.842952
vt 0.519090 0.862952
vt 0.519090 0.842952
vt 0.571817 0.862952
vt 0.581343 0.842952
vt 0.493764 0.602912
vt 0.493764 0.614545
vt 0.562768 0.602912
vt 0.631772 0.615621
vt 0.631772 0.602912
vt 0.700777 0.615621
vt 0.700777 0.602912
vt 0.769781 0.615621
vt 0.769781 0.602912
vt 0.631772 0.637812
vt 0.631772 0.627255
vt 0.700777 0.637812
vt 0.700777 0.627255
vt 0.769781 0.637812
vt 0.769781 0.627255
vt 0.907790 0.616698
vt 0.631772 0.648370
vt 0.700777 0.648370
vt 0.769781 0.648370
vt 0.643597 0.862952
vt 0.705851 0.862952
vt 0.581343 0.862952
vt 0.519090 0.862952
vt 0.456836 0.862952
vt 0.394583 0.842952
vt 0.413635 0.862952
vt 0.456836 0.842952
vt 0.466363 0.862952
vt 0.519090 0.842952
vt 0.519090 0.862952
vt 0.581343 0.842952
vt 0.571817 0.862952
vt 0.562768 0.602912
vt 0.631772 0.602912
vt 0.631772 0.615621
vt 0.700777 0.602912
vt 0.700777 0.615621
vt 0.769781 0.602912
vt 0.769781 0.615621
vt 0.631772 0.627255
vt 0.631772 0.637812
vt 0.700777 0.627255
vt 0.700777 0.637812
vt 0.769781 0.627255
vt 0.769781 0.637812
vt 0.907790 0.616698
vt 0.562768 0.658927
vt 0.631772 0.648370
vt 0.631772 0.658927
vt 0.700777 0.648370
vt 0.700777 0.658927
vt 0.769781 0.648370
vt 0.769781 0.658927
vt 0.705850 0.798739
vt 0.705851 0.862952
vt 0.643597 0.862952
vt 0.643597 0.798738
vt 0.581343 0.862952
vt 0.581343 0.798738
vt 0.519090 0.862952
vt 0.519090 0.798738
vt 0.456836 0.862952
vt 0.456836 0.798738
vt 0.413635 0.862952
vt 0.394583 0.842952
vt 0.466363 0.862952
vt 0.456836 0.842952
vt 0.519090 0.862952
vt 0.519090 0.842952
vt 0.571817 0.862952
vt 0.581343 0.842952
vt 0.562768 0.602912
vt 0.631772 0.615621
vt 0.631772 0.602912
vt 0.700777 0.615622
vt 0.700777 0.602912
vt 0.769781 0.615622
vt 0.769781 0.602912
vt 0.631772 0.637812
vt 0.631772 0.627255
vt 0.700777 0.637812
vt 0.700777 0.627255
vt 0.769781 0.637812
vt 0.769781 0.627255
vt 0.907790 0.616698
vt 0.562768 0.658927
vt 0.631772 0.658927
vt 0.631773 0.648370
vt 0.700777 0.658927
vt 0.700777 0.648370
vt 0.769781 0.658927
vt 0.769781 0.648370
vt 0.643597 0.862952
vt 0.705851 0.862952
vt 0.581343 0.862952
vt 0.519090 0.862952
vt 0.456836 0.862952
vt 0.413635 0.862952
vt 0.394583 0.842952
vt 0.466363 0.862952
vt 0.456836 0.842952
vt 0.519090 0.862952
vt 0.519090 0.842952
vt 0.571817 0.862952
vt 0.581343 0.842952
vt 0.562768 0.602912
vt 0.631772 0.615621
vt 0.631772 0.602912
vt 0.700777 0.615622
vt 0.700777 0.602912
vt 0.769781 0.615622
vt 0.769781 0.602912
vt 0.631772 0.637812
vt 0.631772 0.627255
vt 0.700777 0.637812
vt 0.700777 0.627255
vt 0.769781 0.637812
vt 0.769781 0.627255
vt 0.907790 0.616698
vt 0.631773 0.648370
vt 0.700777 0.648370
vt 0.769781 0.648370
vt 0.705850 0.798739
vt 0.643597 0.798738
vt 0.643597 0.862952
vt 0.705851 0.862952
vt 0.581343 0.798738
vt 0.581343 0.862952
vt 0.519090 0.798738
vt 0.519090 0.862952
vt 0.456836 0.798738
vt 0.456836 0.862952
vt 0.394583 0.842952
vt 0.413635 0.862952
vt 0.456836 0.842952
vt 0.466363 0.862952
vt 0.519090 0.842952
vt 0.519090 0.862952
vt 0.581343 0.842952
vt 0.571817 0.862952
vt 0.562768 0.602912
vt 0.631772 0.602912
vt 0.631772 0.615621
vt 0.700777 0.602912
vt 0.700777 0.615621
vt 0.769781 0.602912
vt 0.769781 0.615621
vt 0.631772 0.627255
vt 0.631772 0.637812
vt 0.700777 0.627255
vt 0.700777 0.637812
vt 0.769781 0.627255
vt 0.769781 0.637812
vt 0.907790 0.616698
vt 0.631772 0.648370
vt 0.700777 0.648370
vt 0.769781 0.648370
vt 0.705851 0.862952
vt 0.643597 0.862952
vt 0.581343 0.862952
vt 0.519090 0.862952
vt 0.456836 0.862952
vt 0.182753 0.059544
vt 0.161904 0.059544
vt 0.161904 0.000655
vt 0.182754 0.000655
vt 0.141054 0.059544
vt 0.141054 0.000655
vt 0.224454 0.059544
vt 0.203604 0.059544
vt 0.203604 0.000655
vt 0.224454 0.000655
vt 0.266153 0.059544
vt 0.245303 0.059544
vt 0.245303 0.000655
vt 0.266154 0.000655
vt 0.466327 0.837836
vt 0.507676 0.837836
vt 0.507676 0.813940
vt 0.466327 0.813940
vt 0.424978 0.837835
vt 0.424978 0.813939
vt 0.383630 0.837835
vt 0.383630 0.837835
vt 0.394583 0.798738
vt 0.394583 0.862952
vt 0.332329 0.862952
vt 0.332329 0.798737
vt 0.549025 0.837836
vt 0.590374 0.837835
vt 0.590374 0.813939
vt 0.549025 0.813940
vt 0.565685 0.001650
vt 0.587751 0.001650
vt 0.587751 0.025850
vt 0.565685 0.025850
vt 0.609818 0.001650
vt 0.609817 0.025850
vt 0.653950 0.025850
vt 0.653950 0.001650
vt 0.676017 0.001650
vt 0.676017 0.025850
vt 0.698083 0.001650
vt 0.698083 0.025850
vt 0.631884 0.001650
vt 0.631884 0.025850
vt 0.562768 0.637812
vt 0.562768 0.648370
vt 0.493764 0.648370
vt 0.493764 0.637812
vt 0.838785 0.648370
vt 0.907790 0.648370
vt 0.907790 0.658927
vt 0.838786 0.658927
vt 0.562768 0.615622
vt 0.562768 0.627255
vt 0.493764 0.627255
vt 0.493764 0.616698
vt 0.838785 0.627255
vt 0.907790 0.627255
vt 0.907790 0.637812
vt 0.838785 0.637812
vt 0.838785 0.602912
vt 0.907790 0.602912
vt 0.907790 0.614545
vt 0.838785 0.615621
vt 0.643597 0.842952
vt 0.705851 0.842952
vt 0.677271 0.862952
vt 0.624544 0.862952
vt 0.182753 0.059544
vt 0.182754 0.000655
vt 0.161904 0.000655
vt 0.161904 0.059544
vt 0.141054 0.000655
vt 0.141054 0.059544
vt 0.224454 0.059544
vt 0.224454 0.000655
vt 0.203604 0.000655
vt 0.203604 0.059544
vt 0.245303 0.000655
vt 0.245303 0.059544
vt 0.466327 0.837836
vt 0.466327 0.813940
vt 0.507676 0.813940
vt 0.507676 0.837836
vt 0.424978 0.837835
vt 0.424978 0.813939
vt 0.383630 0.837835
vt 0.383630 0.837835
vt 0.332329 0.862952
vt 0.394583 0.862952
vt 0.549025 0.837836
vt 0.549025 0.813940
vt 0.590374 0.813939
vt 0.590374 0.837835
vt 0.587751 0.025850
vt 0.587751 0.001650
vt 0.609817 0.025850
vt 0.609818 0.001650
vt 0.653950 0.025850
vt 0.676017 0.025850
vt 0.676017 0.001650
vt 0.653950 0.001650
vt 0.698083 0.025850
vt 0.698083 0.001650
vt 0.631884 0.025850
vt 0.631884 0.001650
vt 0.562768 0.637812
vt 0.493764 0.637812
vt 0.493764 0.648370
vt 0.562768 0.648370
vt 0.838785 0.648370
vt 0.838785 0.658927
vt 0.907790 0.658927
vt 0.907790 0.648370
vt 0.562768 0.615622
vt 0.493764 0.616698
vt 0.493764 0.627255
vt 0.562768 0.627255
vt 0.838785 0.627255
vt 0.838785 0.637812
vt 0.907790 0.637812
vt 0.907790 0.627255
vt 0.838785 0.602912
vt 0.838785 0.615621
vt 0.907790 0.614545
vt 0.907790 0.602912
vt 0.643597 0.842952
vt 0.624544 0.862952
vt 0.677271 0.862952
vt 0.705851 0.842952
vt 0.182753 0.059544
vt 0.182754 0.000655
vt 0.161904 0.000655
vt 0.161904 0.059544
vt 0.224454 0.059544
vt 0.224454 0.000655
vt 0.203604 0.000655
vt 0.203604 0.059544
vt 0.266153 0.059544
vt 0.266154 0.000655
vt 0.245303 0.000655
vt 0.245303 0.059544
vt 0.466327 0.837836
vt 0.466327 0.813940
vt 0.507676 0.813940
vt 0.507676 0.837836
vt 0.424978 0.837835
vt 0.424978 0.813939
vt 0.383630 0.837835
vt 0.383630 0.837835
vt 0.394583 0.798738
vt 0.332329 0.798737
vt 0.332329 0.862952
vt 0.394583 0.862952
vt 0.549025 0.837836
vt 0.549025 0.813940
vt 0.565685 0.001650
vt 0.565685 0.025850
vt 0.587751 0.025850
vt 0.587751 0.001650
vt 0.609817 0.025850
vt 0.609818 0.001650
vt 0.653950 0.025850
vt 0.676017 0.025850
vt 0.676017 0.001650
vt 0.653950 0.001650
vt 0.631884 0.025850
vt 0.631884 0.001650
vt 0.562768 0.637812
vt 0.493764 0.637812
vt 0.493764 0.648370
vt 0.562768 0.648370
vt 0.838785 0.648370
vt 0.907790 0.648370
vt 0.562768 0.615622
vt 0.493764 0.616698
vt 0.493764 0.627255
vt 0.562768 0.627255
vt 0.838785 0.627255
vt 0.838785 0.637812
vt 0.907790 0.637812
vt 0.907790 0.627255
vt 0.838785 0.602912
vt 0.838785 0.615621
vt 0.907790 0.614545
vt 0.907790 0.602912
vt 0.643597 0.842952
vt 0.624544 0.862952
vt 0.677271 0.862952
vt 0.705851 0.842952
vt 0.182753 0.059544
vt 0.161904 0.059544
vt 0.161904 0.000655
vt 0.182754 0.000655
vt 0.224454 0.059544
vt 0.203604 0.059544
vt 0.203604 0.000655
vt 0.224454 0.000655
vt 0.245303 0.059544
vt 0.245303 0.000655
vt 0.466327 0.837836
vt 0.507676 0.837836
vt 0.507676 0.813940
vt 0.466327 0.813940
vt 0.424978 0.837835
vt 0.424978 0.813939
vt 0.383630 0.837835
vt 0.383630 0.837835
vt 0.394583 0.862952
vt 0.332329 0.862952
vt 0.549025 0.837836
vt 0.549025 0.813940
vt 0.587751 0.001650
vt 0.587751 0.025850
vt 0.609818 0.001650
vt 0.609817 0.025850
vt 0.653950 0.025850
vt 0.653950 0.001650
vt 0.676017 0.001650
vt 0.676017 0.025850
vt 0.631884 0.001650
vt 0.631884 0.025850
vt 0.562768 0.637812
vt 0.562768 0.648370
vt 0.493764 0.648370
vt 0.493764 0.637812
vt 0.838785 0.648370
vt 0.907790 0.648370
vt 0.562768 0.615622
vt 0.562768 0.627255
vt 0.493764 0.627255
vt 0.493764 0.616698
vt 0.838785 0.627255
vt 0.907790 0.627255
vt 0.907790 0.637812
vt 0.838785 0.637812
vt 0.838785 0.602912
vt 0.907790 0.602912
vt 0.907790 0.614545
vt 0.838785 0.615621
vt 0.643597 0.842952
vt 0.705851 0.842952
vt 0.677271 0.862952
vt 0.624544 0.862952
vt 0.182754 0.000655
vt 0.161904 0.000655
vt 0.141054 0.000655
vt 0.224454 0.000655
vt 0.203604 0.000655
vt 0.266154 0.000655
vt 0.245303 0.000655
vt 0.466327 0.837836
vt 0.466327 0.813940
vt 0.507676 0.813940
vt 0.507676 0.837836
vt 0.424978 0.837835
vt 0.424978 0.813939
vt 0.383630 0.837835
vt 0.383630 0.837835
vt 0.332329 0.842952
vt 0.360908 0.862952
vt 0.413635 0.862952
vt 0.394583 0.842952
vt 0.549025 0.837836
vt 0.549025 0.813940
vt 0.590374 0.813939
vt 0.590374 0.837835
vt 0.565685 0.001650
vt 0.565685 0.025850
vt 0.587751 0.025850
vt 0.587751 0.001650
vt 0.609817 0.025850
vt 0.609818 0.001650
vt 0.653950 0.025850
vt 0.676017 0.025850
vt 0.676017 0.001650
vt 0.653950 0.001650
vt 0.698083 0.025850
vt 0.698083 0.001650
vt 0.631884 0.025850
vt 0.631884 0.001650
vt 0.394583 0.798738
vt 0.394583 0.862952
vt 0.562768 0.637812
vt 0.562768 0.648370
vt 0.838785 0.648370
vt 0.838785 0.658927
vt 0.907790 0.658927
vt 0.907790 0.648370
vt 0.562768 0.615622
vt 0.562768 0.627255
vt 0.838785 0.627255
vt 0.838785 0.637812
vt 0.907790 0.637812
vt 0.907790 0.627255
vt 0.838785 0.602912
vt 0.838785 0.615621
vt 0.907790 0.614545
vt 0.907790 0.602912
vt 0.161904 0.000655
vt 0.182754 0.000655
vt 0.141054 0.000655
vt 0.203604 0.000655
vt 0.224454 0.000655
vt 0.245303 0.000655
vt 0.466327 0.837836
vt 0.507676 0.837836
vt 0.507676 0.813940
vt 0.466327 0.813940
vt 0.424978 0.837835
vt 0.424978 0.813939
vt 0.383630 0.837835
vt 0.383630 0.837835
vt 0.643597 0.842952
vt 0.624544 0.862952
vt 0.677271 0.862952
vt 0.705851 0.842952
vt 0.549025 0.837836
vt 0.590374 0.837835
vt 0.590374 0.813939
vt 0.549025 0.813940
vt 0.587751 0.001650
vt 0.587751 0.025850
vt 0.609818 0.001650
vt 0.609817 0.025850
vt 0.653950 0.025850
vt 0.653950 0.001650
vt 0.676017 0.001650
vt 0.676017 0.025850
vt 0.698083 0.001650
vt 0.698083 0.025850
vt 0.631884 0.001650
vt 0.631884 0.025850
vt 0.394583 0.862952
vt 0.562768 0.637812
vt 0.562768 0.648370
vt 0.838785 0.648370
vt 0.907790 0.648370
vt 0.907790 0.658927
vt 0.838785 0.658927
vt 0.562768 0.615621
vt 0.562768 0.627255
vt 0.838785 0.627255
vt 0.907790 0.627255
vt 0.907790 0.637812
vt 0.838785 0.637812
vt 0.838785 0.602912
vt 0.907790 0.602912
vt 0.907790 0.614545
vt 0.838785 0.615621
vt 0.161904 0.000655
vt 0.182754 0.000655
vt 0.203604 0.000655
vt 0.224454 0.000655
vt 0.245303 0.000655
vt 0.266154 0.000655
vt 0.466327 0.837836
vt 0.507676 0.837836
vt 0.507676 0.813940
vt 0.466327 0.813940
vt 0.424978 0.837835
vt 0.424978 0.813939
vt 0.383630 0.837835
vt 0.383630 0.837835
vt 0.643597 0.842952
vt 0.705851 0.842952
vt 0.677271 0.862952
vt 0.624544 0.862952
vt 0.549025 0.837836
vt 0.549025 0.813940
vt 0.565685 0.001650
vt 0.587751 0.001650
vt 0.587751 0.025850
vt 0.565685 0.025850
vt 0.609818 0.001650
vt 0.609817 0.025850
vt 0.653950 0.025850
vt 0.653950 0.001650
vt 0.676017 0.001650
vt 0.676017 0.025850
vt 0.631884 0.001650
vt 0.631884 0.025850
vt 0.394583 0.798738
vt 0.394583 0.862952
vt 0.562768 0.637812
vt 0.562768 0.648370
vt 0.838785 0.648370
vt 0.907790 0.648370
vt 0.562768 0.615621
vt 0.562768 0.627255
vt 0.838785 0.627255
vt 0.907790 0.627255
vt 0.907790 0.637812
vt 0.838785 0.637812
vt 0.838785 0.602912
vt 0.907790 0.602912
vt 0.907790 0.614545
vt 0.838785 0.615621
vt 0.182754 0.000655
vt 0.161904 0.000655
vt 0.224454 0.000655
vt 0.203604 0.000655
vt 0.245303 0.000655
vt 0.466327 0.837836
vt 0.466327 0.813940
vt 0.507676 0.813940
vt 0.507676 0.837836
vt 0.424978 0.837835
vt 0.424978 0.813939
vt 0.383630 0.837835
vt 0.383630 0.837835
vt 0.643597 0.842952
vt 0.705851 0.842952
vt 0.677271 0.862952
vt 0.624544 0.862952
vt 0.549025 0.837836
vt 0.549025 0.813940
vt 0.587751 0.025850
vt 0.587751 0.001650
vt 0.609817 0.025850
vt 0.609818 0.001650
vt 0.653950 0.025850
vt 0.676017 0.025850
vt 0.676017 0.001650
vt 0.653950 0.001650
vt 0.631884 0.025850
vt 0.631884 0.001650
vt 0.394583 0.862952
vt 0.562768 0.637812
vt 0.562768 0.648370
vt 0.838785 0.648370
vt 0.907790 0.648370
vt 0.562768 0.615622
vt 0.562768 0.627255
vt 0.838785 0.627255
vt 0.838785 0.637812
vt 0.907790 0.637812
vt 0.907790 0.627255
vt 0.838785 0.602912
vt 0.838785 0.615621
vt 0.907790 0.614545
vt 0.907790 0.602912
vt 0.700777 0.637812
vt 0.631772 0.637812
vt 0.631772 0.648370
vt 0.700777 0.648370
vt 0.769781 0.637812
vt 0.769781 0.648370
vt 0.769781 0.658927
vt 0.700777 0.658927
vt 0.631772 0.658927
vt 0.562768 0.658927
vt 0.493764 0.658927
vt 0.631772 0.615621
vt 0.631772 0.627255
vt 0.700777 0.615621
vt 0.700777 0.627255
vt 0.769781 0.615621
vt 0.769781 0.627255
vt 0.907790 0.616698
vt 0.769781 0.602912
vt 0.700777 0.602912
vt 0.631772 0.602912
vt 0.562768 0.602912
vt 0.493764 0.602912
vt 0.493764 0.614545
vt 0.581343 0.842952
vt 0.571817 0.862952
vt 0.624544 0.862952
vt 0.643597 0.842952
vt 0.519090 0.842952
vt 0.519090 0.862952
vt 0.456836 0.842952
vt 0.466363 0.862952
vt 0.677271 0.862952
vt 0.705851 0.842952
vt 0.705850 0.798739
vt 0.643597 0.798738
vt 0.643597 0.862952
vt 0.705851 0.862952
vt 0.581343 0.798738
vt 0.581343 0.862952
vt 0.519090 0.798738
vt 0.519090 0.862952
vt 0.456836 0.798738
vt 0.456836 0.862952
vt 0.332329 0.842952
vt 0.394583 0.842952
vt 0.413635 0.862952
vt 0.360908 0.862952
vt 0.456836 0.842952
vt 0.466363 0.862952
vt 0.519090 0.842952
vt 0.519090 0.862952
vt 0.581343 0.842952
vt 0.571817 0.862952
vt 0.493764 0.602912
vt 0.562768 0.602912
vt 0.493764 0.614545
vt 0.631772 0.602912
vt 0.631772 0.615621
vt 0.700777 0.602912
vt 0.700777 0.615621
vt 0.769781 0.602912
vt 0.769781 0.615621
vt 0.631772 0.627255
vt 0.631772 0.637812
vt 0.700777 0.627255
vt 0.700777 0.637812
vt 0.769781 0.627255
vt 0.769781 0.637812
vt 0.907790 0.616698
vt 0.562768 0.658926
vt 0.493764 0.658927
vt 0.631772 0.648370
vt 0.631772 0.658927
vt 0.700777 0.648370
vt 0.700777 0.658927
vt 0.769781 0.648370
vt 0.769781 0.658927
vt 0.705851 0.862952
vt 0.643597 0.862952
vt 0.581343 0.862952
vt 0.519090 0.862952
vt 0.456836 0.862952
vt 0.332329 0.842952
vt 0.394583 0.842952
vt 0.413635 0.862952
vt 0.360908 0.862952
vt 0.456836 0.842952
vt 0.466363 0.862952
vt 0.519090 0.842952
vt 0.519090 0.862952
vt 0.581343 0.842952
vt 0.571817 0.862952
vt 0.493764 0.602912
vt 0.562768 0.602912
vt 0.493764 0.614545
vt 0.631772 0.602912
vt 0.631772 0.615621
vt 0.700777 0.602912
vt 0.700777 0.615621
vt 0.769781 0.602912
vt 0.769781 0.615621
vt 0.631772 0.627255
vt 0.631772 0.637812
vt 0.700777 0.627255
vt 0.700777 0.637812
vt 0.769781 0.627255
vt 0.769781 0.637812
vt 0.907790 0.616698
vt 0.631772 0.648370
vt 0.700777 0.648370
vt 0.769781 0.648370
vt 0.705850 0.798739
vt 0.705851 0.862952
vt 0.643597 0.862952
vt 0.643597 0.798738
vt 0.581343 0.862952
vt 0.581343 0.798738
vt 0.519090 0.862952
vt 0.519090 0.798738
vt 0.456836 0.862952
vt 0.456836 0.798738
vt 0.332329 0.842952
vt 0.360908 0.862952
vt 0.413635 0.862952
vt 0.394583 0.842952
vt 0.466363 0.862952
vt 0.456836 0.842952
vt 0.519090 0.862952
vt 0.519090 0.842952
vt 0.571817 0.862952
vt 0.581343 0.842952
vt 0.493764 0.602912
vt 0.493764 0.614545
vt 0.562768 0.602912
vt 0.631772 0.615621
vt 0.631772 0.602912
vt 0.700777 0.615621
vt 0.700777 0.602912
vt 0.769781 0.615621
vt 0.769781 0.602912
vt 0.631772 0.637812
vt 0.631772 0.627255
vt 0.700777 0.637812
vt 0.700777 0.627255
vt 0.769781 0.637812
vt 0.769781 0.627255
vt 0.907790 0.616698
vt 0.631772 0.648370
vt 0.700777 0.648370
vt 0.769781 0.648370
vt 0.643597 0.862952
vt 0.705851 0.862952
vt 0.581343 0.862952
vt 0.519090 0.862952
vt 0.456836 0.862952
vt 0.394583 0.842952
vt 0.413635 0.862952
vt 0.456836 0.842952
vt 0.466363 0.862952
vt 0.519090 0.842952
vt 0.519090 0.862952
vt 0.581343 0.842952
vt 0.571817 0.862952
vt 0.562768 0.602912
vt 0.631772 0.602912
vt 0.631772 0.615621
vt 0.700777 0.602912
vt 0.700777 0.615621
vt 0.769781 0.602912
vt 0.769781 0.615621
vt 0.631772 0.627255
vt 0.631772 0.637812
vt 0.700777 0.627255
vt 0.700777 0.637812
vt 0.769781 0.627255
vt 0.769781 0.637812
vt 0.907790 0.616698
vt 0.562768 0.658927
vt 0.631772 0.648370
vt 0.631772 0.658927
vt 0.700777 0.648370
vt 0.700777 0.658927
vt 0.769781 0.648370
vt 0.769781 0.658927
vt 0.705850 0.798739
vt 0.705851 0.862952
vt 0.643597 0.862952
vt 0.643597 0.798738
vt 0.581343 0.862952
vt 0.581343 0.798738
vt 0.519090 0.862952
vt 0.519090 0.798738
vt 0.456836 0.862952
vt 0.456836 0.798738
vt 0.413635 0.862952
vt 0.394583 0.842952
vt 0.466363 0.862952
vt 0.456836 0.842952
vt 0.519090 0.862952
vt 0.519090 0.842952
vt 0.571817 0.862952
vt 0.581343 0.842952
vt 0.562768 0.602912
vt 0.631772 0.615621
vt 0.631772 0.602912
vt 0.700777 0.615622
vt 0.700777 0.602912
vt 0.769781 0.615622
vt 0.769781 0.602912
vt 0.631772 0.637812
vt 0.631772 0.627255
vt 0.700777 0.637812
vt 0.700777 0.627255
vt 0.769781 0.637812
vt 0.769781 0.627255
vt 0.907790 0.616698
vt 0.562768 0.658927
vt 0.631772 0.658927
vt 0.631773 0.648370
vt 0.700777 0.658927
vt 0.700777 0.648370
vt 0.769781 0.658927
vt 0.769781 0.648370
vt 0.643597 0.862952
vt 0.705851 0.862952
vt 0.581343 0.862952
vt 0.519090 0.862952
vt 0.456836 0.862952
vt 0.413635 0.862952
vt 0.394583 0.842952
vt 0.466363 0.862952
vt 0.456836 0.842952
vt 0.519090 0.862952
vt 0.519090 0.842952
vt 0.571817 0.862952
vt 0.581343 0.842952
vt 0.562768 0.602912
vt 0.631772 0.615621
vt 0.631772 0.602912
vt 0.700777 0.615622
vt 0.700777 0.602912
vt 0.769781 0.615622
vt 0.769781 0.602912
vt 0.631772 0.637812
vt 0.631772 0.627255
vt 0.700777 0.637812
vt 0.700777 0.627255
vt 0.769781 0.637812
vt 0.769781 0.627255
vt 0.907790 0.616698
vt 0.631773 0.648370
vt 0.700777 0.648370
vt 0.769781 0.648370
vt 0.705850 0.798739
vt 0.643597 0.798738
vt 0.643597 0.862952
vt 0.705851 0.862952
vt 0.581343 0.798738
vt 0.581343 0.862952
vt 0.519090 0.798738
vt 0.519090 0.862952
vt 0.456836 0.798738
vt 0.456836 0.862952
vt 0.394583 0.842952
vt 0.413635 0.862952
vt 0.456836 0.842952
vt 0.466363 0.862952
vt 0.519090 0.842952
vt 0.519090 0.862952
vt 0.581343 0.842952
vt 0.571817 0.862952
vt 0.562768 0.602912
vt 0.631772 0.602912
vt 0.631772 0.615621
vt 0.700777 0.602912
vt 0.700777 0.615621
vt 0.769781 0.602912
vt 0.769781 0.615621
vt 0.631772 0.627255
vt 0.631772 0.637812
vt 0.700777 0.627255
vt 0.700777 0.637812
vt 0.769781 0.627255
vt 0.769781 0.637812
vt 0.907790 0.616698
vt 0.631772 0.648370
vt 0.700777 0.648370
vt 0.769781 0.648370
vt 0.705851 0.862952
vt 0.643597 0.862952
vt 0.581343 0.862952
vt 0.519090 0.862952
vt 0.456836 0.862952
vt 0.455026 0.600085
vt 0.486602 0.600085
vt 0.486603 0.605162
vt 0.455026 0.605162
vt 0.518179 0.600085
vt 0.518179 0.605162
vt 0.518179 0.610239
vt 0.486603 0.610239
vt 0.455026 0.610239
vt 0.486602 0.615316
vt 0.455026 0.615316
vt 0.518179 0.615316
vt 0.518179 0.620393
vt 0.486602 0.620393
vt 0.455026 0.620393
vt 0.486602 0.625470
vt 0.455026 0.625470
vt 0.518179 0.625470
vt 0.518179 0.630547
vt 0.486602 0.630547
vt 0.455026 0.630547
vt 0.379255 0.365751
vt 0.379255 0.370618
vt 0.358978 0.370618
vt 0.358978 0.365752
vt 0.379255 0.388539
vt 0.358978 0.388539
vt 0.338701 0.388539
vt 0.338701 0.370618
vt 0.338701 0.365752
vt 0.318424 0.370618
vt 0.318424 0.365752
vt 0.318424 0.388539
vt 0.298147 0.388539
vt 0.298147 0.370618
vt 0.298147 0.365751
vt 0.277870 0.370618
vt 0.277870 0.365751
vt 0.277870 0.388539
vt 0.257593 0.388539
vt 0.257593 0.370618
vt 0.257593 0.365751
vt 0.455026 0.605162
vt 0.486603 0.605162
vt 0.518179 0.605162
vt 0.486603 0.610239
vt 0.518179 0.610239
vt 0.455026 0.610239
vt 0.455026 0.615316
vt 0.486602 0.615316
vt 0.518179 0.615316
vt 0.486602 0.620393
vt 0.518179 0.620393
vt 0.455026 0.620393
vt 0.455026 0.625470
vt 0.486602 0.625470
vt 0.518179 0.625470
vt 0.486602 0.630547
vt 0.518179 0.630547
vt 0.455026 0.630547
vt 0.358978 0.365752
vt 0.358978 0.370618
vt 0.358978 0.388539
vt 0.338701 0.370618
vt 0.338701 0.388539
vt 0.338701 0.365752
vt 0.318424 0.365752
vt 0.318424 0.370618
vt 0.318424 0.388539
vt 0.298147 0.370618
vt 0.298147 0.388539
vt 0.298147 0.365751
vt 0.277870 0.365751
vt 0.277870 0.370618
vt 0.277870 0.388539
vt 0.257593 0.370618
vt 0.257593 0.388539
vt 0.257593 0.365751
vt 0.455026 0.600085
vt 0.455026 0.605162
vt 0.486603 0.605162
vt 0.486602 0.600085
vt 0.518179 0.605162
vt 0.518179 0.600085
vt 0.486603 0.610239
vt 0.518179 0.610239
vt 0.455026 0.610239
vt 0.455026 0.615316
vt 0.486602 0.615316
vt 0.518179 0.615316
vt 0.486602 0.620393
vt 0.518179 0.620393
vt 0.455026 0.620393
vt 0.455026 0.625470
vt 0.486602 0.625470
vt 0.518179 0.625470
vt 0.379255 0.365751
vt 0.358978 0.365752
vt 0.358978 0.370618
vt 0.379255 0.370618
vt 0.358978 0.388539
vt 0.379255 0.388539
vt 0.338701 0.370618
vt 0.338701 0.388539
vt 0.338701 0.365752
vt 0.318424 0.365752
vt 0.318424 0.370618
vt 0.318424 0.388539
vt 0.298147 0.370618
vt 0.298147 0.388539
vt 0.298147 0.365751
vt 0.277870 0.365751
vt 0.277870 0.370618
vt 0.277870 0.388539
vt 0.486603 0.605162
vt 0.455026 0.605162
vt 0.518179 0.605162
vt 0.518179 0.610239
vt 0.486603 0.610239
vt 0.455026 0.610239
vt 0.486602 0.615316
vt 0.455026 0.615316
vt 0.518179 0.615316
vt 0.518179 0.620393
vt 0.486602 0.620393
vt 0.455026 0.620393
vt 0.486602 0.625470
vt 0.455026 0.625470
vt 0.518179 0.625470
vt 0.358978 0.370618
vt 0.358978 0.365752
vt 0.358978 0.388539
vt 0.338701 0.388539
vt 0.338701 0.370618
vt 0.338701 0.365752
vt 0.318424 0.370618
vt 0.318424 0.365752
vt 0.318424 0.388539
vt 0.298147 0.388539
vt 0.298147 0.370618
vt 0.298147 0.365751
vt 0.277870 0.370618
vt 0.277870 0.365751
vt 0.277870 0.388539
vt 0.455026 0.600085
vt 0.455026 0.605162
vt 0.486603 0.605162
vt 0.486602 0.600085
vt 0.518179 0.605162
vt 0.518179 0.600085
vt 0.486603 0.610239
vt 0.518179 0.610239
vt 0.455026 0.610239
vt 0.455026 0.615316
vt 0.486602 0.615316
vt 0.518179 0.615316
vt 0.486602 0.620393
vt 0.518179 0.620393
vt 0.455026 0.620393
vt 0.455026 0.625470
vt 0.486602 0.625470
vt 0.518179 0.625470
vt 0.486602 0.630547
vt 0.518179 0.630547
vt 0.455026 0.630547
vt 0.379255 0.365751
vt 0.358978 0.365752
vt 0.358978 0.370618
vt 0.379255 0.370618
vt 0.358978 0.388539
vt 0.379255 0.388539
vt 0.338701 0.370618
vt 0.338701 0.388539
vt 0.338701 0.365752
vt 0.318424 0.365752
vt 0.318424 0.370618
vt 0.318424 0.388539
vt 0.298147 0.370618
vt 0.298147 0.388539
vt 0.298147 0.365751
vt 0.277870 0.365751
vt 0.277870 0.370618
vt 0.277870 0.388539
vt 0.257593 0.370618
vt 0.257593 0.388539
vt 0.257593 0.365751
vt 0.486603 0.605162
vt 0.455026 0.605162
vt 0.518179 0.605162
vt 0.518179 0.610239
vt 0.486603 0.610239
vt 0.455026 0.610239
vt 0.486602 0.615316
vt 0.455026 0.615316
vt 0.518179 0.615316
vt 0.518179 0.620393
vt 0.486602 0.620393
vt 0.455026 0.620393
vt 0.486602 0.625470
vt 0.455026 0.625470
vt 0.518179 0.625470
vt 0.518179 0.630547
vt 0.486602 0.630547
vt 0.455026 0.630547
vt 0.358978 0.370618
vt 0.358978 0.365752
vt 0.358978 0.388539
vt 0.338701 0.388539
vt 0.338701 0.370618
vt 0.338701 0.365752
vt 0.318424 0.370618
vt 0.318424 0.365752
vt 0.318424 0.388539
vt 0.298147 0.388539
vt 0.298147 0.370618
vt 0.298147 0.365751
vt 0.277870 0.370618
vt 0.277870 0.365751
vt 0.277870 0.388539
vt 0.257593 0.388539
vt 0.257593 0.370618
vt 0.257593 0.365751
vt 0.455026 0.600085
vt 0.486602 0.600085
vt 0.486603 0.605162
vt 0.455026 0.605162
vt 0.518179 0.600085
vt 0.518179 0.605162
vt 0.518179 0.610239
vt 0.486603 0.610239
vt 0.455026 0.610239
vt 0.486602 0.615316
vt 0.455026 0.615316
vt 0.518179 0.615316
vt 0.518179 0.620393
vt 0.486602 0.620393
vt 0.455026 0.620393
vt 0.486602 0.625470
vt 0.455026 0.625470
vt 0.518179 0.625470
vt 0.379255 0.365751
vt 0.379255 0.370618
vt 0.358978 0.370618
vt 0.358978 0.365752
vt 0.379255 0.388539
vt 0.358978 0.388539
vt 0.338701 0.388539
vt 0.338701 0.370618
vt 0.338701 0.365752
vt 0.318424 0.370618
vt 0.318424 0.365752
vt 0.318424 0.388539
vt 0.298147 0.388539
vt 0.298147 0.370618
vt 0.298147 0.365751
vt 0.277870 0.370618
vt 0.277870 0.365751
vt 0.277870 0.388539
vt 0.455026 0.605162
vt 0.486603 0.605162
vt 0.518179 0.605162
vt 0.486603 0.610239
vt 0.518179 0.610239
vt 0.455026 0.610239
vt 0.455026 0.615316
vt 0.486602 0.615316
vt 0.518179 0.615316
vt 0.486602 0.620393
vt 0.518179 0.620393
vt 0.455026 0.620393
vt 0.455026 0.625470
vt 0.486602 0.625470
vt 0.518179 0.625470
vt 0.358978 0.365752
vt 0.358978 0.370618
vt 0.358978 0.388539
vt 0.338701 0.370618
vt 0.338701 0.388539
vt 0.338701 0.365752
vt 0.318424 0.365752
vt 0.318424 0.370618
vt 0.318424 0.388539
vt 0.298147 0.370618
vt 0.298147 0.388539
vt 0.298147 0.365751
vt 0.277870 0.365751
vt 0.277870 0.370618
vt 0.277870 0.388539
vt 0.455026 0.600085
vt 0.486602 0.600085
vt 0.486603 0.605162
vt 0.455026 0.605162
vt 0.518179 0.600085
vt 0.518179 0.605162
vt 0.518179 0.610239
vt 0.486603 0.610239
vt 0.455026 0.610239
vt 0.486602 0.615316
vt 0.455026 0.615316
vt 0.518179 0.615316
vt 0.518179 0.620393
vt 0.486602 0.620393
vt 0.455026 0.620393
vt 0.486602 0.625470
vt 0.455026 0.625470
vt 0.518179 0.625470
vt 0.518179 0.630547
vt 0.486602 0.630547
vt 0.455026 0.630547
vt 0.379255 0.365751
vt 0.379255 0.370618
vt 0.358978 0.370618
vt 0.358978 0.365752
vt 0.379255 0.388539
vt 0.358978 0.388539
vt 0.338701 0.388539
vt 0.338701 0.370618
vt 0.338701 0.365752
vt 0.318424 0.370618
vt 0.318424 0.365752
vt 0.318424 0.388539
vt 0.298147 0.388539
vt 0.298147 0.370618
vt 0.298147 0.365751
vt 0.277870 0.370618
vt 0.277870 0.365751
vt 0.277870 0.388539
vt 0.257593 0.388539
vt 0.257593 0.370618
vt 0.257593 0.365751
vt 0.455026 0.605162
vt 0.486603 0.605162
vt 0.518179 0.605162
vt 0.486603 0.610239
vt 0.518179 0.610239
vt 0.455026 0.610239
vt 0.455026 0.615316
vt 0.486602 0.615316
vt 0.518179 0.615316
vt 0.486602 0.620393
vt 0.518179 0.620393
vt 0.455026 0.620393
vt 0.455026 0.625470
vt 0.486602 0.625470
vt 0.518179 0.625470
vt 0.486602 0.630547
vt 0.518179 0.630547
vt 0.455026 0.630547
vt 0.358978 0.365752
vt 0.358978 0.370618
vt 0.358978 0.388539
vt 0.338701 0.370618
vt 0.338701 0.388539
vt 0.338701 0.365752
vt 0.318424 0.365752
vt 0.318424 0.370618
vt 0.318424 0.388539
vt 0.298147 0.370618
vt 0.298147 0.388539
vt 0.298147 0.365751
vt 0.277870 0.365751
vt 0.277870 0.370618
vt 0.277870 0.388539
vt 0.257593 0.370618
vt 0.257593 0.388539
vt 0.257593 0.365751
vt 0.455026 0.600085
vt 0.455026 0.605162
vt 0.486603 0.605162
vt 0.486602 0.600085
vt 0.518179 0.605162
vt 0.518179 0.600085
vt 0.486603 0.610239
vt 0.518179 0.610239
vt 0.455026 0.610239
vt 0.455026 0.615316
vt 0.486602 0.615316
vt 0.518179 0.615316
vt 0.486602 0.620393
vt 0.518179 0.620393
vt 0.455026 0.620393
vt 0.455026 0.625470
vt 0.486602 0.625470
vt 0.518179 0.625470
vt 0.379255 0.365751
vt 0.358978 0.365752
vt 0.358978 0.370618
vt 0.379255 0.370618
vt 0.358978 0.388539
vt 0.379255 0.388539
vt 0.338701 0.370618
vt 0.338701 0.388539
vt 0.338701 0.365752
vt 0.318424 0.365752
vt 0.318424 0.370618
vt 0.318424 0.388539
vt 0.298147 0.370618
vt 0.298147 0.388539
vt 0.298147 0.365751
vt 0.277870 0.365751
vt 0.277870 0.370618
vt 0.277870 0.388539
vt 0.486603 0.605162
vt 0.455026 0.605162
vt 0.518179 0.605162
vt 0.518179 0.610239
vt 0.486603 0.610239
vt 0.455026 0.610239
vt 0.486602 0.615316
vt 0.455026 0.615316
vt 0.518179 0.615316
vt 0.518179 0.620393
vt 0.486602 0.620393
vt 0.455026 0.620393
vt 0.486602 0.625470
vt 0.455026 0.625470
vt 0.518179 0.625470
vt 0.358978 0.370618
vt 0.358978 0.365752
vt 0.358978 0.388539
vt 0.338701 0.388539
vt 0.338701 0.370618
vt 0.338701 0.365752
vt 0.318424 0.370618
vt 0.318424 0.365752
vt 0.318424 0.388539
vt 0.298147 0.388539
vt 0.298147 0.370618
vt 0.298147 0.365751
vt 0.277870 0.370618
vt 0.277870 0.365751
vt 0.277870 0.388539
vt 0.455026 0.600085
vt 0.455026 0.605162
vt 0.486603 0.605162
vt 0.486602 0.600085
vt 0.518179 0.605162
vt 0.518179 0.600085
vt 0.486603 0.610239
vt 0.518179 0.610239
vt 0.455026 0.610239
vt 0.455026 0.615316
vt 0.486602 0.615316
vt 0.518179 0.615316
vt 0.486602 0.620393
vt 0.518179 0.620393
vt 0.455026 0.620393
vt 0.455026 0.625470
vt 0.486602 0.625470
vt 0.518179 0.625470
vt 0.486602 0.630547
vt 0.518179 0.630547
vt 0.455026 0.630547
vt 0.379255 0.365751
vt 0.358978 0.365752
vt 0.358978 0.370618
vt 0.379255 0.370618
vt 0.358978 0.388539
vt 0.379255 0.388539
vt 0.338701 0.370618
vt 0.338701 0.388539
vt 0.338701 0.365752
vt 0.318424 0.365752
vt 0.318424 0.370618
vt 0.318424 0.388539
vt 0.298147 0.370618
vt 0.298147 0.388539
vt 0.298147 0.365751
vt 0.277870 0.365751
vt 0.277870 0.370618
vt 0.277870 0.388539
vt 0.257593 0.370618
vt 0.257593 0.388539
vt 0.257593 0.365751
vt 0.486603 0.605162
vt 0.455026 0.605162
vt 0.518179 0.605162
vt 0.518179 0.610239
vt 0.486603 0.610239
vt 0.455026 0.610239
vt 0.486602 0.615316
vt 0.455026 0.615316
vt 0.518179 0.615316
vt 0.518179 0.620393
vt 0.486602 0.620393
vt 0.455026 0.620393
vt 0.486602 0.625470
vt 0.455026 0.625470
vt 0.518179 0.625470
vt 0.518179 0.630547
vt 0.486602 0.630547
vt 0.455026 0.630547
vt 0.358978 0.370618
vt 0.358978 0.365752
vt 0.358978 0.388539
vt 0.338701 0.388539
vt 0.338701 0.370618
vt 0.338701 0.365752
vt 0.318424 0.370618
vt 0.318424 0.365752
vt 0.318424 0.388539
vt 0.298147 0.388539
vt 0.298147 0.370618
vt 0.298147 0.365751
vt 0.277870 0.370618
vt 0.277870 0.365751
vt 0.277870 0.388539
vt 0.257593 0.388539
vt 0.257593 0.370618
vt 0.257593 0.365751
vt 0.455026 0.600085
vt 0.486602 0.600085
vt 0.486603 0.605162
vt 0.455026 0.605162
vt 0.518179 0.600085
vt 0.518179 0.605162
vt 0.518179 0.610239
vt 0.486603 0.610239
vt 0.455026 0.610239
vt 0.486602 0.615316
vt 0.455026 0.615316
vt 0.518179 0.615316
vt 0.518179 0.620393
vt 0.486602 0.620393
vt 0.455026 0.620393
vt 0.486602 0.625470
vt 0.455026 0.625470
vt 0.518179 0.625470
vt 0.379255 0.365751
vt 0.379255 0.370618
vt 0.358978 0.370618
vt 0.358978 0.365752
vt 0.379255 0.388539
vt 0.358978 0.388539
vt 0.338701 0.388539
vt 0.338701 0.370618
vt 0.338701 0.365752
vt 0.318424 0.370618
vt 0.318424 0.365752
vt 0.318424 0.388539
vt 0.298147 0.388539
vt 0.298147 0.370618
vt 0.298147 0.365751
vt 0.277870 0.370618
vt 0.277870 0.365751
vt 0.277870 0.388539
vt 0.455026 0.605162
vt 0.486603 0.605162
vt 0.518179 0.605162
vt 0.486603 0.610239
vt 0.518179 0.610239
vt 0.455026 0.610239
vt 0.455026 0.615316
vt 0.486602 0.615316
vt 0.518179 0.615316
vt 0.486602 0.620393
vt 0.518179 0.620393
vt 0.455026 0.620393
vt 0.455026 0.625470
vt 0.486602 0.625470
vt 0.518179 0.625470
vt 0.358978 0.365752
vt 0.358978 0.370618
vt 0.358978 0.388539
vt 0.338701 0.370618
vt 0.338701 0.388539
vt 0.338701 0.365752
vt 0.318424 0.365752
vt 0.318424 0.370618
vt 0.318424 0.388539
vt 0.298147 0.370618
vt 0.298147 0.388539
vt 0.298147 0.365751
vt 0.277870 0.365751
vt 0.277870 0.370618
vt 0.277870 0.388539
vn 0.6114 -0.5025 -0.6113
vn 0.6828 -0.2603 -0.6827
vn 0.6571 -0.2583 -0.7082
vn 0.5915 -0.4992 -0.6332
vn 0.7072 -0.0000 -0.7070
vn 0.6794 -0.0000 -0.7337
vn 0.3508 -0.8683 -0.3507
vn 0.4981 -0.7098 -0.4980
vn 0.4870 -0.7062 -0.5139
vn 0.3505 -0.8653 -0.3584
vn -0.0033 -1.0000 0.0033
vn 0.1798 -0.9671 -0.1797
vn 0.1911 -0.9654 -0.1774
vn 0.0198 -0.9997 0.0168
vn 0.6046 -0.6904 -0.3973
vn 0.7070 -0.4875 -0.5123
vn 0.6855 -0.4922 -0.5365
vn 0.5866 -0.6956 -0.4148
vn 0.4706 -0.8471 -0.2469
vn 0.4580 -0.8512 -0.2563
vn 0.2397 -0.9619 -0.1312
vn 0.3853 -0.9070 -0.1698
vn -0.0003 -1.0000 0.0007
vn 0.0579 -0.9913 -0.1179
vn 0.0500 -0.9914 -0.1213
vn -0.0018 -1.0000 0.0044
vn 0.7712 -0.2522 -0.5845
vn 0.7930 -0.0000 -0.6092
vn 0.7688 -0.0000 -0.6395
vn 0.7476 -0.2550 -0.6133
vn 0.0037 -1.0000 0.0032
vn 0.1749 -0.9659 -0.1910
vn -0.0011 -1.0000 0.0013
vn 0.3344 -0.8659 -0.3719
vn 0.5767 -0.4999 -0.6462
vn 0.6428 -0.2587 -0.7210
vn 0.6654 -0.0000 -0.7465
vn 0.4715 -0.7070 -0.5271
vn 0.3815 -0.5002 -0.7774
vn 0.4256 -0.2591 -0.8670
vn 0.3670 -0.2604 -0.8930
vn 0.3287 -0.5024 -0.7998
vn 0.5548 -0.2594 -0.7905
vn 0.5745 -0.0000 -0.8185
vn 0.2199 -0.8663 -0.4486
vn 0.3113 -0.7073 -0.6346
vn 0.2678 -0.7097 -0.6516
vn 0.1886 -0.8682 -0.4589
vn 0.4059 -0.7078 -0.5781
vn 0.4974 -0.5006 -0.7085
vn 0.2196 -0.9242 -0.3126
vn 0.2868 -0.8667 -0.4083
vn 0.5822 0.2623 -0.7696
vn 0.5888 0.2644 -0.7638
vn 0.5487 0.2517 -0.7972
vn -0.6131 -0.4984 0.6130
vn -0.5552 -0.4996 0.6649
vn -0.6216 -0.2586 0.7394
vn -0.6832 -0.2579 0.6831
vn -0.6443 -0.0000 0.7648
vn -0.7072 -0.0000 0.7070
vn -0.3558 -0.8642 0.3557
vn -0.3120 -0.8657 0.3914
vn -0.4496 -0.7067 0.5463
vn -0.5014 -0.7052 0.5013
vn -0.1519 -0.9656 0.2109
vn -0.1859 -0.9648 0.1859
vn -0.3197 -0.6985 0.6402
vn -0.2903 -0.6923 0.6606
vn -0.3886 -0.4893 0.7807
vn -0.4249 -0.4945 0.7582
vn -0.1830 -0.8542 0.4867
vn -0.1621 -0.8484 0.5040
vn -0.0981 -0.9633 0.2498
vn -0.0879 -0.9072 0.4114
vn -0.0500 -0.9914 0.1213
vn -0.0578 -0.9913 0.1180
vn -0.4913 -0.2563 0.8324
vn -0.4506 -0.2534 0.8560
vn -0.4717 -0.0000 0.8818
vn -0.5140 -0.0000 0.8578
vn -0.1673 -0.9659 0.1975
vn -0.3266 -0.8660 0.3786
vn -0.6341 -0.2588 0.7287
vn -0.5682 -0.4999 0.6536
vn -0.6565 0.0000 0.7543
vn -0.4633 -0.7070 0.5342
vn -0.3805 -0.4995 0.7783
vn -0.3298 -0.4983 0.8018
vn -0.3675 -0.2581 0.8935
vn -0.4242 -0.2588 0.8678
vn -0.5559 -0.2586 0.7900
vn -0.5755 -0.0000 0.8178
vn -0.2201 -0.8656 0.4498
vn -0.1913 -0.8642 0.4654
vn -0.2697 -0.7051 0.6558
vn -0.3109 -0.7065 0.6357
vn -0.4073 -0.7063 0.5790
vn -0.4986 -0.4993 0.7086
vn -0.2197 -0.9242 0.3125
vn -0.2883 -0.8653 0.4100
vn -0.5864 0.2368 0.7747
vn -0.5498 0.2475 0.7978
vn -0.5935 0.2346 0.7699
vn 0.6114 0.5025 -0.6113
vn 0.5915 0.4992 -0.6332
vn 0.6571 0.2583 -0.7082
vn 0.6828 0.2603 -0.6827
vn 0.3508 0.8683 -0.3507
vn 0.3505 0.8653 -0.3584
vn 0.4870 0.7062 -0.5139
vn 0.4981 0.7098 -0.4980
vn -0.0033 1.0000 0.0033
vn 0.0198 0.9997 0.0168
vn 0.1911 0.9654 -0.1774
vn 0.1798 0.9672 -0.1797
vn 0.6046 0.6904 -0.3973
vn 0.5866 0.6956 -0.4148
vn 0.6855 0.4922 -0.5365
vn 0.7070 0.4875 -0.5123
vn 0.4706 0.8471 -0.2469
vn 0.4580 0.8512 -0.2563
vn 0.2397 0.9619 -0.1312
vn 0.3853 0.9070 -0.1698
vn -0.0003 1.0000 0.0007
vn -0.0018 1.0000 0.0044
vn 0.0500 0.9914 -0.1213
vn 0.0579 0.9913 -0.1179
vn 0.7712 0.2522 -0.5845
vn 0.7476 0.2550 -0.6133
vn 0.0037 1.0000 0.0032
vn -0.0011 1.0000 0.0013
vn 0.1749 0.9659 -0.1910
vn 0.3344 0.8659 -0.3719
vn 0.6429 0.2587 -0.7210
vn 0.5767 0.4999 -0.6462
vn 0.4715 0.7070 -0.5271
vn 0.3815 0.5002 -0.7774
vn 0.3287 0.5024 -0.7998
vn 0.3670 0.2604 -0.8930
vn 0.4256 0.2591 -0.8670
vn 0.5548 0.2594 -0.7905
vn 0.2199 0.8663 -0.4486
vn 0.1886 0.8682 -0.4589
vn 0.2678 0.7097 -0.6516
vn 0.3113 0.7073 -0.6346
vn 0.4059 0.7078 -0.5781
vn 0.4974 0.5006 -0.7085
vn 0.2196 0.9242 -0.3126
vn 0.2868 0.8667 -0.4083
vn 0.5822 -0.2623 -0.7696
vn 0.5487 -0.2517 -0.7972
vn 0.5888 -0.2644 -0.7638
vn -0.6131 0.4984 0.6130
vn -0.6832 0.2579 0.6831
vn -0.6216 0.2586 0.7394
vn -0.5552 0.4996 0.6649
vn -0.3558 0.8642 0.3557
vn -0.5014 0.7052 0.5013
vn -0.4496 0.7067 0.5462
vn -0.3120 0.8657 0.3914
vn -0.1859 0.9648 0.1859
vn -0.1519 0.9656 0.2109
vn -0.3197 0.6985 0.6402
vn -0.4249 0.4945 0.7582
vn -0.3886 0.4893 0.7807
vn -0.2903 0.6923 0.6606
vn -0.1830 0.8542 0.4867
vn -0.1621 0.8484 0.5040
vn -0.0981 0.9633 0.2498
vn -0.0879 0.9072 0.4114
vn -0.0578 0.9913 0.1180
vn -0.0500 0.9914 0.1213
vn -0.4913 0.2563 0.8324
vn -0.4506 0.2534 0.8560
vn -0.1673 0.9659 0.1975
vn -0.3266 0.8660 0.3786
vn -0.5682 0.4999 0.6536
vn -0.6341 0.2588 0.7287
vn -0.4633 0.7070 0.5342
vn -0.3805 0.4995 0.7783
vn -0.4242 0.2588 0.8678
vn -0.3675 0.2581 0.8935
vn -0.3298 0.4983 0.8018
vn -0.5559 0.2586 0.7900
vn -0.2201 0.8656 0.4498
vn -0.3109 0.7065 0.6357
vn -0.2697 0.7051 0.6558
vn -0.1913 0.8642 0.4654
vn -0.4073 0.7063 0.5790
vn -0.4986 0.4993 0.7086
vn -0.2197 0.9242 0.3125
vn -0.2883 0.8653 0.4100
vn -0.5864 -0.2368 0.7747
vn -0.5935 -0.2346 0.7699
vn -0.5498 -0.2475 0.7978
vn 0.0328 -0.5024 -0.8640
vn 0.0330 -0.4990 -0.8660
vn 0.0401 -0.2582 -0.9653
vn 0.0400 -0.2602 -0.9647
vn 0.0425 0.0000 -0.9991
vn 0.0072 -0.8684 -0.4957
vn 0.0076 -0.8651 -0.5015
vn 0.0219 -0.7060 -0.7079
vn 0.0216 -0.7099 -0.7040
vn -0.0263 -0.9996 0.0050
vn -0.0259 -0.9997 -0.0024
vn -0.0087 -0.9653 -0.2609
vn -0.0092 -0.9672 -0.2539
vn -0.1441 -0.6908 -0.7086
vn -0.1256 -0.6946 -0.7083
vn -0.1105 -0.4913 -0.8640
vn -0.1347 -0.4878 -0.8625
vn -0.1565 -0.8474 -0.5073
vn -0.1454 -0.8504 -0.5057
vn -0.0765 -0.9619 -0.2626
vn -0.1539 -0.9068 -0.3925
vn -0.3687 -0.2480 0.8958
vn -0.3687 -0.2480 0.8959
vn -0.3181 -0.2495 0.9147
vn -0.3179 -0.2495 0.9147
vn -0.1286 -0.2524 -0.9590
vn -0.1007 -0.2545 -0.9618
vn -0.0974 -0.0000 -0.9952
vn -0.1265 -0.0000 -0.9920
vn -0.0049 -1.0000 -0.0004
vn -0.0001 -1.0000 0.0009
vn 0.0124 -0.9659 -0.2586
vn 0.0284 -0.8660 -0.4993
vn 0.0590 -0.2588 -0.9641
vn 0.0524 -0.4999 -0.8645
vn 0.0612 -0.0000 -0.9981
vn 0.0420 -0.7070 -0.7059
vn -0.0000 -1.0000 -0.0000
vn 0.0431 -0.9913 -0.1241
vn 0.2839 -0.4997 -0.8184
vn 0.3165 -0.2589 -0.9126
vn 0.1645 -0.2597 -0.9516
vn 0.1704 -0.0000 -0.9854
vn 0.1640 -0.8659 -0.4726
vn 0.2319 -0.7069 -0.6683
vn 0.1201 -0.7084 -0.6955
vn 0.1474 -0.5012 -0.8527
vn 0.0648 -0.9242 -0.3764
vn 0.0847 -0.8672 -0.4907
vn -0.0808 -0.4966 0.8642
vn -0.0868 -0.2569 0.9625
vn -0.0867 -0.2586 0.9621
vn -0.0807 -0.4997 0.8624
vn -0.0888 -0.0000 0.9961
vn -0.0583 -0.8626 0.5025
vn -0.0711 -0.7033 0.7074
vn -0.0709 -0.7068 0.7039
vn -0.0580 -0.8658 0.4971
vn -0.0431 -0.9639 0.2629
vn -0.0426 -0.9657 0.2562
vn -0.2287 -0.6982 0.6783
vn -0.2383 -0.4943 0.8360
vn -0.2727 -0.4899 0.8280
vn -0.2580 -0.6931 0.6731
vn -0.2163 -0.8539 0.4734
vn -0.2390 -0.8490 0.4712
vn -0.1074 -0.9634 0.2457
vn -0.2272 -0.9074 0.3535
vn 0.1225 0.2222 -0.9673
vn 0.1824 0.2451 -0.9522
vn 0.1103 0.2174 -0.9698
vn -0.2442 -0.2561 0.9353
vn -0.2462 0.0000 0.9692
vn -0.2848 0.0000 0.9586
vn -0.2817 -0.2537 0.9254
vn -0.0222 -0.9659 0.2579
vn -0.0385 -0.8660 0.4986
vn -0.0633 -0.4999 0.8637
vn -0.0701 -0.2588 0.9634
vn -0.0725 0.0000 0.9974
vn -0.0525 -0.7071 0.7052
vn -0.0431 -0.9913 0.1241
vn -0.2847 -0.4998 0.8180
vn -0.3175 -0.2589 0.9122
vn -0.1635 -0.2585 0.9521
vn -0.1692 0.0000 0.9856
vn -0.1643 -0.8659 0.4725
vn -0.2324 -0.7069 0.6681
vn -0.1200 -0.7059 0.6981
vn -0.1467 -0.4989 0.8541
vn -0.0648 -0.9242 0.3764
vn -0.0851 -0.8649 0.4946
vn 0.0328 0.5024 -0.8640
vn 0.0400 0.2602 -0.9647
vn 0.0401 0.2582 -0.9653
vn 0.0330 0.4990 -0.8660
vn 0.0072 0.8684 -0.4957
vn 0.0216 0.7099 -0.7040
vn 0.0219 0.7060 -0.7079
vn 0.0076 0.8651 -0.5015
vn -0.0263 0.9996 0.0050
vn -0.0092 0.9672 -0.2539
vn -0.0087 0.9653 -0.2609
vn -0.0259 0.9997 -0.0024
vn -0.1441 0.6908 -0.7086
vn -0.1347 0.4878 -0.8625
vn -0.1105 0.4913 -0.8640
vn -0.1256 0.6946 -0.7083
vn -0.1565 0.8474 -0.5073
vn -0.1454 0.8504 -0.5057
vn -0.0765 0.9619 -0.2626
vn -0.1539 0.9068 -0.3925
vn -0.1209 0.2766 0.9533
vn -0.1088 0.2809 0.9535
vn -0.1813 0.2542 0.9500
vn -0.1286 0.2524 -0.9590
vn -0.1007 0.2545 -0.9618
vn -0.0049 1.0000 -0.0004
vn 0.0124 0.9659 -0.2586
vn -0.0001 1.0000 0.0009
vn 0.0284 0.8660 -0.4993
vn 0.0524 0.4999 -0.8645
vn 0.0590 0.2588 -0.9641
vn 0.0420 0.7070 -0.7059
vn -0.0000 1.0000 -0.0000
vn 0.0431 0.9913 -0.1241
vn 0.2839 0.4997 -0.8184
vn 0.3165 0.2589 -0.9126
vn 0.1645 0.2598 -0.9516
vn 0.1640 0.8659 -0.4726
vn 0.2319 0.7069 -0.6683
vn 0.1201 0.7084 -0.6955
vn 0.1474 0.5012 -0.8527
vn 0.0648 0.9242 -0.3764
vn 0.0847 0.8672 -0.4907
vn -0.0808 0.4966 0.8642
vn -0.0807 0.4997 0.8624
vn -0.0867 0.2586 0.9621
vn -0.0867 0.2569 0.9625
vn -0.0583 0.8626 0.5025
vn -0.0580 0.8658 0.4971
vn -0.0709 0.7068 0.7039
vn -0.0711 0.7033 0.7074
vn -0.0426 0.9657 0.2562
vn -0.0431 0.9639 0.2629
vn -0.2287 0.6982 0.6783
vn -0.2580 0.6931 0.6731
vn -0.2727 0.4899 0.8280
vn -0.2383 0.4943 0.8360
vn -0.2163 0.8539 0.4734
vn -0.2390 0.8490 0.4712
vn -0.1074 0.9634 0.2457
vn -0.2272 0.9074 0.3535
vn 0.1225 -0.2222 -0.9673
vn 0.1103 -0.2174 -0.9698
vn 0.1824 -0.2451 -0.9522
vn -0.2442 0.2561 0.9353
vn -0.2817 0.2537 0.9254
vn -0.0222 0.9659 0.2579
vn -0.0385 0.8660 0.4986
vn -0.0701 0.2588 0.9634
vn -0.0633 0.4999 0.8637
vn -0.0525 0.7071 0.7052
vn -0.0431 0.9913 0.1241
vn -0.2847 0.4998 0.8180
vn -0.3175 0.2589 0.9122
vn -0.1635 0.2585 0.9521
vn -0.1643 0.8659 0.4725
vn -0.2324 0.7069 0.6681
vn -0.1200 0.7059 0.6981
vn -0.1467 0.4989 0.8541
vn -0.0648 0.9242 0.3764
vn -0.0851 0.8649 0.4946
vn -0.2115 0.4986 0.8406
vn -0.2660 0.4992 0.8247
vn -0.2965 0.2586 0.9194
vn -0.2357 0.2583 0.9369
vn -0.1736 0.4998 0.8486
vn -0.1937 0.2589 0.9463
vn -0.2005 -0.0000 0.9797
vn -0.2440 -0.0000 0.9698
vn -0.3069 -0.0000 0.9517
vn -0.3288 -0.0000 0.9444
vn -0.3804 -0.0000 0.9248
vn -0.1540 0.8652 0.4772
vn -0.2174 0.7062 0.6738
vn -0.1226 0.8645 0.4874
vn -0.1729 0.7055 0.6873
vn -0.1002 0.8659 0.4901
vn -0.1418 0.7069 0.6930
vn -0.0766 0.9241 0.3744
vn -0.0930 0.9242 0.3703
vn -0.1174 0.9242 0.3635
vn -0.1255 0.9241 0.3609
vn -0.1451 0.9243 0.3530
vn -0.1937 -0.2495 0.9488
vn -0.1941 -0.2495 0.9487
vn -0.1813 -0.2542 0.9500
vn -0.1209 -0.2766 0.9533
vn -0.2098 -0.2448 0.9466
vn -0.2519 -0.2316 0.9396
vn -0.2815 -0.2330 0.9309
vn -0.3038 -0.2432 0.9212
vn -0.1088 -0.2809 0.9535
vn -0.0007 1.0000 0.0047
vn -0.0190 0.9914 0.1298
vn -0.0263 0.9913 0.1287
vn -0.0006 1.0000 0.0026
vn -0.0305 0.9913 0.1277
vn -0.0009 1.0000 0.0027
vn -0.0388 0.9913 0.1254
vn 0.3682 -0.2516 -0.8950
vn 0.3178 -0.2495 -0.9147
vn 0.3176 -0.2495 -0.9148
vn 0.3683 -0.2516 -0.8950
vn 0.2797 -0.2659 -0.9225
vn 0.3030 -0.2560 -0.9179
vn 0.2094 -0.2547 -0.9441
vn 0.2491 -0.2674 -0.9308
vn 0.1942 -0.2495 -0.9487
vn 0.1938 -0.2495 -0.9488
vn 0.1451 0.9243 -0.3530
vn 0.1253 0.9241 -0.3610
vn 0.1175 0.9242 -0.3635
vn 0.1535 0.8668 -0.4745
vn 0.0931 0.9242 -0.3703
vn 0.1210 0.8678 -0.4820
vn 0.0765 0.9241 -0.3744
vn 0.1001 0.8659 -0.4901
vn 0.2175 0.7080 -0.6719
vn 0.2667 0.5007 -0.8235
vn 0.1717 0.7092 -0.6838
vn 0.2105 0.5018 -0.8389
vn 0.1415 0.7069 -0.6930
vn 0.1733 0.4998 -0.8487
vn 0.3276 0.0000 -0.9448
vn 0.3801 0.0000 -0.9250
vn 0.2976 0.2595 -0.9187
vn 0.3082 0.0000 -0.9513
vn 0.2350 0.2601 -0.9365
vn 0.2433 0.0000 -0.9699
vn 0.1932 0.2589 -0.9464
vn 0.2000 -0.0000 -0.9798
vn 0.0190 0.9914 -0.1298
vn 0.0263 0.9913 -0.1287
vn 0.0304 0.9913 -0.1277
vn 0.0389 0.9913 -0.1254
vn -0.3687 0.2480 0.8958
vn -0.3179 0.2495 0.9147
vn -0.3181 0.2495 0.9147
vn -0.3687 0.2480 0.8959
vn -0.2815 0.2330 0.9308
vn -0.3038 0.2432 0.9212
vn -0.2098 0.2448 0.9466
vn -0.2519 0.2316 0.9396
vn -0.1937 0.2495 0.9488
vn -0.1941 0.2495 0.9487
vn -0.1451 -0.9243 0.3530
vn -0.1255 -0.9241 0.3609
vn -0.1174 -0.9242 0.3635
vn -0.1540 -0.8652 0.4772
vn -0.0930 -0.9242 0.3703
vn -0.1226 -0.8645 0.4874
vn -0.0766 -0.9241 0.3744
vn -0.1002 -0.8659 0.4901
vn -0.2174 -0.7062 0.6738
vn -0.2660 -0.4992 0.8247
vn -0.1729 -0.7055 0.6873
vn -0.2115 -0.4986 0.8406
vn -0.1418 -0.7069 0.6930
vn -0.1736 -0.4998 0.8486
vn -0.2965 -0.2586 0.9194
vn -0.2357 -0.2583 0.9369
vn -0.1937 -0.2589 0.9463
vn -0.0190 -0.9914 0.1298
vn -0.0007 -1.0000 0.0047
vn -0.0263 -0.9913 0.1287
vn -0.0305 -0.9913 0.1277
vn -0.0006 -1.0000 0.0026
vn -0.0388 -0.9913 0.1254
vn -0.0009 -1.0000 0.0027
vn 0.3682 0.2516 -0.8950
vn 0.3683 0.2516 -0.8950
vn 0.3176 0.2495 -0.9148
vn 0.3178 0.2495 -0.9147
vn 0.3030 0.2560 -0.9179
vn 0.2797 0.2659 -0.9226
vn 0.2491 0.2674 -0.9308
vn 0.2094 0.2547 -0.9441
vn 0.1938 0.2495 -0.9488
vn 0.1942 0.2495 -0.9487
vn 0.1451 -0.9243 -0.3530
vn 0.1253 -0.9241 -0.3610
vn 0.1535 -0.8668 -0.4745
vn 0.1175 -0.9242 -0.3635
vn 0.1210 -0.8678 -0.4820
vn 0.0931 -0.9242 -0.3703
vn 0.1001 -0.8659 -0.4901
vn 0.0765 -0.9241 -0.3744
vn 0.2667 -0.5007 -0.8235
vn 0.2175 -0.7080 -0.6719
vn 0.2105 -0.5018 -0.8389
vn 0.1717 -0.7092 -0.6838
vn 0.1733 -0.4998 -0.8487
vn 0.1415 -0.7069 -0.6930
vn 0.2976 -0.2595 -0.9187
vn 0.2350 -0.2601 -0.9365
vn 0.1932 -0.2589 -0.9464
vn 0.0190 -0.9914 -0.1298
vn 0.0263 -0.9913 -0.1287
vn 0.0304 -0.9913 -0.1277
vn 0.0389 -0.9913 -0.1254
vn -0.4283 -0.2482 0.8689
vn -0.4242 -0.2472 0.8712
vn -0.4523 -0.2094 0.8670
vn -0.4413 -0.2342 0.8662
vn -0.5249 -0.2380 0.8172
vn -0.4771 -0.2060 0.8543
vn -0.5422 -0.2495 0.8024
vn -0.5418 -0.2495 0.8026
vn -0.1680 0.9241 0.3432
vn -0.1729 0.9241 0.3408
vn -0.2265 0.8657 0.4463
vn -0.1941 0.9243 0.3286
vn -0.2560 0.8640 0.4334
vn -0.2138 0.9241 0.3167
vn -0.2799 0.8659 0.4147
vn -0.3202 0.7067 0.6309
vn -0.3922 0.4996 0.7724
vn -0.3607 0.7050 0.6107
vn -0.4410 0.4982 0.7466
vn -0.3956 0.7069 0.5864
vn -0.4844 0.4997 0.7181
vn -0.4391 0.0000 0.8984
vn -0.4374 0.2588 0.8612
vn -0.4528 0.0000 0.8916
vn -0.4914 0.2581 0.8319
vn -0.5086 0.0000 0.8610
vn -0.5401 0.2589 0.8008
vn -0.5592 -0.0000 0.8291
vn -0.0781 0.9913 0.1055
vn -0.0021 1.0000 0.0029
vn -0.0735 0.9913 0.1089
vn -0.0682 0.9914 0.1121
vn -0.0021 1.0000 0.0034
vn -0.0609 0.9913 0.1164
vn -0.0006 1.0000 0.0012
vn 0.4242 -0.2518 -0.8699
vn 0.4283 -0.2509 -0.8681
vn 0.4376 -0.2647 -0.8593
vn 0.4422 -0.2878 -0.8495
vn 0.4670 -0.2914 -0.8349
vn 0.5214 -0.2617 -0.8122
vn 0.5424 -0.2495 -0.8023
vn 0.5420 -0.2495 -0.8025
vn 0.1681 0.9241 -0.3431
vn 0.2259 0.8660 -0.4461
vn 0.1727 0.9241 -0.3409
vn 0.2522 0.8684 -0.4269
vn 0.1941 0.9243 -0.3286
vn 0.2802 0.8659 -0.4144
vn 0.2140 0.9241 -0.3166
vn 0.3910 0.4999 -0.7728
vn 0.3193 0.7070 -0.6310
vn 0.4398 0.5026 -0.7443
vn 0.3582 0.7100 -0.6063
vn 0.4854 0.4997 -0.7174
vn 0.3963 0.7068 -0.5859
vn 0.4406 -0.0000 -0.8977
vn 0.4513 -0.0000 -0.8924
vn 0.4359 0.2590 -0.8619
vn 0.5087 0.0000 -0.8610
vn 0.4911 0.2606 -0.8312
vn 0.5605 -0.0000 -0.8282
vn 0.5413 0.2589 -0.8000
vn 0.0781 0.9913 -0.1055
vn 0.0736 0.9913 -0.1089
vn 0.0682 0.9914 -0.1121
vn 0.0609 0.9913 -0.1164
vn -0.4242 0.2472 0.8712
vn -0.4283 0.2482 0.8689
vn -0.4413 0.2342 0.8662
vn -0.4523 0.2094 0.8670
vn -0.4771 0.2060 0.8543
vn -0.5249 0.2380 0.8172
vn -0.5418 0.2495 0.8026
vn -0.5422 0.2495 0.8024
vn -0.1680 -0.9241 0.3432
vn -0.2265 -0.8657 0.4463
vn -0.1729 -0.9241 0.3408
vn -0.2560 -0.8640 0.4334
vn -0.1941 -0.9243 0.3286
vn -0.2799 -0.8659 0.4147
vn -0.2138 -0.9241 0.3167
vn -0.3922 -0.4996 0.7724
vn -0.3202 -0.7067 0.6309
vn -0.4410 -0.4982 0.7466
vn -0.3607 -0.7050 0.6107
vn -0.4844 -0.4997 0.7181
vn -0.3956 -0.7069 0.5864
vn -0.4374 -0.2588 0.8612
vn -0.4914 -0.2581 0.8319
vn -0.5401 -0.2589 0.8008
vn -0.0021 -1.0000 0.0029
vn -0.0781 -0.9913 0.1055
vn -0.0736 -0.9913 0.1089
vn -0.0021 -1.0000 0.0034
vn -0.0682 -0.9914 0.1121
vn -0.0006 -1.0000 0.0012
vn -0.0609 -0.9913 0.1164
vn 0.4283 0.2509 -0.8681
vn 0.4242 0.2518 -0.8699
vn 0.4422 0.2878 -0.8495
vn 0.4376 0.2647 -0.8593
vn 0.5214 0.2617 -0.8122
vn 0.4670 0.2914 -0.8349
vn 0.5420 0.2495 -0.8025
vn 0.5424 0.2495 -0.8023
vn 0.1681 -0.9241 -0.3431
vn 0.1727 -0.9241 -0.3409
vn 0.2258 -0.8660 -0.4461
vn 0.1941 -0.9243 -0.3286
vn 0.2522 -0.8684 -0.4269
vn 0.2140 -0.9241 -0.3166
vn 0.2802 -0.8659 -0.4144
vn 0.3193 -0.7070 -0.6310
vn 0.3910 -0.4999 -0.7728
vn 0.3582 -0.7100 -0.6063
vn 0.4398 -0.5026 -0.7443
vn 0.3963 -0.7068 -0.5859
vn 0.4854 -0.4997 -0.7174
vn 0.4359 -0.2590 -0.8619
vn 0.4911 -0.2606 -0.8312
vn 0.5413 -0.2589 -0.8000
vn 0.0781 -0.9913 -0.1055
vn 0.0736 -0.9913 -0.1089
vn 0.0682 -0.9914 -0.1121
vn 0.0609 -0.9913 -0.1164
vn 0.8640 -0.5024 -0.0325
vn 0.9648 -0.2602 -0.0396
vn 0.9653 -0.2582 -0.0396
vn 0.8660 -0.4990 -0.0326
vn 0.9991 -0.0000 -0.0420
vn 0.4958 -0.8684 -0.0070
vn 0.7040 -0.7099 -0.0213
vn 0.7079 -0.7060 -0.0216
vn 0.5015 -0.8651 -0.0074
vn -0.0050 -0.9996 0.0263
vn 0.2539 -0.9672 0.0093
vn 0.2608 -0.9653 0.0088
vn 0.0024 -0.9997 0.0259
vn 0.7086 -0.6908 0.1441
vn 0.8625 -0.4879 0.1347
vn 0.8639 -0.4913 0.1107
vn 0.7083 -0.6946 0.1257
vn 0.5073 -0.8474 0.1565
vn 0.5056 -0.8504 0.1455
vn 0.2626 -0.9619 0.0765
vn 0.3925 -0.9068 0.1540
vn 0.1241 -0.9913 -0.0431
vn 0.1213 -0.9914 -0.0499
vn -0.0043 -1.0000 0.0018
vn 0.9590 -0.2524 0.1286
vn 0.9920 -0.0000 0.1265
vn 0.9952 0.0000 0.0977
vn 0.9618 -0.2545 0.1009
vn 0.0004 -1.0000 0.0049
vn 0.2586 -0.9659 -0.0124
vn -0.0009 -1.0000 0.0001
vn 0.4993 -0.8660 -0.0284
vn 0.8645 -0.4999 -0.0524
vn 0.9641 -0.2588 -0.0590
vn 0.9981 -0.0000 -0.0612
vn 0.7059 -0.7070 -0.0420
vn 0.8184 -0.4997 -0.2839
vn 0.9126 -0.2589 -0.3165
vn 0.8931 -0.2604 -0.3668
vn 0.7998 -0.5024 -0.3285
vn 0.9516 -0.2598 -0.1643
vn 0.9854 0.0000 -0.1702
vn 0.4726 -0.8659 -0.1640
vn 0.6683 -0.7069 -0.2319
vn 0.6517 -0.7097 -0.2677
vn 0.4590 -0.8682 -0.1885
vn 0.6955 -0.7085 -0.1200
vn 0.8527 -0.5012 -0.1472
vn 0.3764 -0.9242 -0.0648
vn 0.4907 -0.8672 -0.0846
vn 0.9675 0.2214 -0.1222
vn 0.9701 0.2165 -0.1099
vn 0.9522 0.2449 -0.1824
vn -0.8642 -0.4966 0.0804
vn -0.8625 -0.4997 0.0803
vn -0.9621 -0.2586 0.0863
vn -0.9626 -0.2569 0.0864
vn -0.9961 -0.0000 0.0884
vn -0.5025 -0.8626 0.0581
vn -0.4971 -0.8658 0.0578
vn -0.7039 -0.7068 0.0706
vn -0.7074 -0.7033 0.0708
vn -0.2562 -0.9657 0.0425
vn -0.2629 -0.9639 0.0430
vn -0.6783 -0.6982 0.2287
vn -0.6732 -0.6931 0.2579
vn -0.8281 -0.4899 0.2725
vn -0.8360 -0.4943 0.2383
vn -0.4734 -0.8539 0.2163
vn -0.4712 -0.8490 0.2389
vn -0.2457 -0.9634 0.1074
vn -0.3536 -0.9074 0.2271
vn -0.1213 -0.9914 0.0500
vn -0.1241 -0.9913 0.0431
vn -0.9353 -0.2561 0.2442
vn -0.9254 -0.2537 0.2815
vn -0.9587 -0.0000 0.2846
vn -0.9692 0.0000 0.2461
vn -0.2579 -0.9659 0.0222
vn -0.4986 -0.8660 0.0385
vn -0.9634 -0.2588 0.0701
vn -0.8637 -0.4999 0.0633
vn -0.9974 -0.0000 0.0725
vn -0.7052 -0.7071 0.0525
vn -0.8180 -0.4998 0.2847
vn -0.8019 -0.4983 0.3296
vn -0.8936 -0.2581 0.3673
vn -0.9122 -0.2589 0.3175
vn -0.9521 -0.2585 0.1633
vn -0.9856 -0.0000 0.1690
vn -0.4725 -0.8659 0.1643
vn -0.4654 -0.8642 0.1912
vn -0.6559 -0.7051 0.2696
vn -0.6681 -0.7069 0.2324
vn -0.6981 -0.7059 0.1199
vn -0.8542 -0.4989 0.1466
vn -0.3764 -0.9242 0.0648
vn -0.4946 -0.8649 0.0850
vn -0.9532 0.2773 0.1206
vn -0.9500 0.2543 0.1812
vn -0.9533 0.2818 0.1084
vn 0.8640 0.5024 -0.0325
vn 0.8660 0.4990 -0.0326
vn 0.9653 0.2582 -0.0396
vn 0.9648 0.2602 -0.0396
vn 0.4958 0.8684 -0.0070
vn 0.5015 0.8651 -0.0074
vn 0.7079 0.7060 -0.0216
vn 0.7040 0.7099 -0.0213
vn -0.0050 0.9996 0.0263
vn 0.0024 0.9997 0.0259
vn 0.2608 0.9653 0.0088
vn 0.2539 0.9672 0.0093
vn 0.7086 0.6908 0.1441
vn 0.7083 0.6946 0.1257
vn 0.8639 0.4913 0.1107
vn 0.8625 0.4879 0.1347
vn 0.5073 0.8474 0.1565
vn 0.5056 0.8504 0.1455
vn 0.2626 0.9619 0.0765
vn 0.3925 0.9068 0.1540
vn -0.0043 1.0000 0.0018
vn 0.1213 0.9914 -0.0499
vn 0.1241 0.9913 -0.0431
vn 0.9590 0.2524 0.1286
vn 0.9618 0.2545 0.1009
vn 0.0004 1.0000 0.0049
vn -0.0009 1.0000 0.0001
vn 0.2586 0.9659 -0.0124
vn 0.4993 0.8660 -0.0284
vn 0.9641 0.2588 -0.0590
vn 0.8645 0.4999 -0.0524
vn 0.7059 0.7070 -0.0420
vn 0.8184 0.4997 -0.2839
vn 0.7998 0.5024 -0.3285
vn 0.8931 0.2604 -0.3668
vn 0.9126 0.2589 -0.3165
vn 0.9516 0.2598 -0.1643
vn 0.4726 0.8659 -0.1640
vn 0.4590 0.8682 -0.1885
vn 0.6517 0.7097 -0.2677
vn 0.6683 0.7069 -0.2319
vn 0.6955 0.7085 -0.1200
vn 0.8527 0.5012 -0.1472
vn 0.3764 0.9242 -0.0648
vn 0.4907 0.8672 -0.0846
vn 0.9675 -0.2214 -0.1222
vn 0.9522 -0.2449 -0.1824
vn 0.9701 -0.2165 -0.1099
vn -0.8642 0.4966 0.0804
vn -0.9626 0.2569 0.0864
vn -0.9621 0.2586 0.0863
vn -0.8625 0.4997 0.0803
vn -0.5025 0.8626 0.0581
vn -0.7074 0.7033 0.0708
vn -0.7039 0.7068 0.0706
vn -0.4971 0.8658 0.0578
vn -0.2629 0.9639 0.0430
vn -0.2562 0.9657 0.0425
vn -0.6783 0.6982 0.2287
vn -0.8360 0.4943 0.2383
vn -0.8281 0.4899 0.2725
vn -0.6732 0.6931 0.2579
vn -0.4734 0.8539 0.2163
vn -0.4712 0.8490 0.2389
vn -0.2457 0.9634 0.1074
vn -0.3536 0.9074 0.2271
vn -0.1241 0.9913 0.0431
vn -0.1213 0.9914 0.0500
vn -0.9353 0.2561 0.2442
vn -0.9254 0.2537 0.2815
vn -0.2579 0.9659 0.0222
vn -0.4986 0.8660 0.0385
vn -0.8637 0.4999 0.0633
vn -0.9634 0.2588 0.0701
vn -0.7052 0.7071 0.0525
vn -0.8180 0.4998 0.2847
vn -0.9122 0.2589 0.3175
vn -0.8936 0.2581 0.3673
vn -0.8019 0.4983 0.3296
vn -0.9521 0.2585 0.1633
vn -0.4725 0.8659 0.1643
vn -0.6681 0.7069 0.2324
vn -0.6559 0.7051 0.2696
vn -0.4654 0.8642 0.1912
vn -0.6981 0.7059 0.1199
vn -0.8542 0.4989 0.1466
vn -0.3764 0.9242 0.0648
vn -0.4946 0.8649 0.0850
vn -0.9532 -0.2773 0.1206
vn -0.9533 -0.2818 0.1084
vn -0.9500 -0.2543 0.1812
vn 0.6333 -0.4991 -0.5914
vn 0.7083 -0.2583 -0.6569
vn 0.7339 0.0000 -0.6793
vn 0.3585 -0.8653 -0.3504
vn 0.5140 -0.7062 -0.4869
vn -0.0168 -0.9997 -0.0198
vn 0.1774 -0.9654 -0.1911
vn 0.3974 -0.6903 -0.6046
vn 0.4149 -0.6956 -0.5865
vn 0.5366 -0.4922 -0.6854
vn 0.5123 -0.4875 -0.7070
vn 0.2470 -0.8471 -0.4706
vn 0.2564 -0.8512 -0.4579
vn 0.1312 -0.9619 -0.2397
vn 0.1698 -0.9070 -0.3853
vn -0.8959 -0.2479 0.3686
vn -0.8959 -0.2479 0.3685
vn -0.8713 -0.2472 0.4240
vn -0.8690 -0.2481 0.4282
vn 0.5845 -0.2522 -0.7712
vn 0.6134 -0.2550 -0.7474
vn 0.6396 -0.0000 -0.7687
vn 0.6092 -0.0000 -0.7930
vn -0.0032 -1.0000 -0.0037
vn -0.0013 -1.0000 0.0011
vn 0.1910 -0.9659 -0.1749
vn 0.3719 -0.8659 -0.3344
vn 0.7210 -0.2587 -0.6429
vn 0.6462 -0.4999 -0.5767
vn 0.7465 -0.0000 -0.6654
vn 0.5271 -0.7070 -0.4715
vn -0.0007 -1.0000 0.0003
vn 0.1179 -0.9913 -0.0579
vn 0.7775 -0.5002 -0.3813
vn 0.8671 -0.2592 -0.4254
vn 0.7906 -0.2594 -0.5547
vn 0.8186 -0.0000 -0.5743
vn 0.4486 -0.8663 -0.2198
vn 0.6347 -0.7073 -0.3112
vn 0.5782 -0.7078 -0.4058
vn 0.7086 -0.5006 -0.4972
vn 0.3126 -0.9242 -0.2196
vn 0.4083 -0.8666 -0.2867
vn -0.7395 -0.2586 0.6215
vn -0.6650 -0.4996 0.5551
vn -0.7649 -0.0000 0.6441
vn -0.5463 -0.7067 0.4495
vn -0.3915 -0.8657 0.3119
vn -0.2109 -0.9656 0.1519
vn -0.6402 -0.6986 0.3197
vn -0.7582 -0.4946 0.4249
vn -0.7808 -0.4893 0.3885
vn -0.6607 -0.6923 0.2902
vn -0.4867 -0.8542 0.1830
vn -0.5040 -0.8484 0.1620
vn -0.2498 -0.9633 0.0981
vn -0.4114 -0.9072 0.0878
vn 0.7696 0.2630 -0.5818
vn 0.7972 0.2519 -0.5487
vn 0.7638 0.2652 -0.5884
vn -0.8324 -0.2563 0.4913
vn -0.8578 -0.0000 0.5140
vn -0.8819 -0.0000 0.4715
vn -0.8561 -0.2534 0.4504
vn -0.1975 -0.9659 0.1673
vn -0.3786 -0.8660 0.3266
vn -0.6536 -0.4999 0.5682
vn -0.7287 -0.2588 0.6341
vn -0.7543 -0.0000 0.6565
vn -0.5342 -0.7070 0.4633
vn -0.1180 -0.9913 0.0578
vn -0.7784 -0.4995 0.3804
vn -0.8679 -0.2588 0.4240
vn -0.7901 -0.2586 0.5558
vn -0.8179 0.0000 0.5754
vn -0.4499 -0.8656 0.2200
vn -0.6358 -0.7065 0.3108
vn -0.5791 -0.7063 0.4072
vn -0.7087 -0.4993 0.4985
vn -0.3126 -0.9242 0.2196
vn -0.4100 -0.8653 0.2883
vn 0.7083 0.2583 -0.6569
vn 0.6333 0.4991 -0.5914
vn 0.5140 0.7062 -0.4869
vn 0.3585 0.8653 -0.3504
vn 0.1774 0.9654 -0.1911
vn -0.0168 0.9997 -0.0198
vn 0.3974 0.6903 -0.6046
vn 0.5123 0.4875 -0.7070
vn 0.5366 0.4922 -0.6854
vn 0.4149 0.6956 -0.5865
vn 0.2470 0.8471 -0.4706
vn 0.2564 0.8512 -0.4579
vn 0.1312 0.9619 -0.2397
vn 0.1698 0.9070 -0.3853
vn -0.7750 0.2361 0.5863
vn -0.7702 0.2338 0.5934
vn -0.7979 0.2474 0.5497
vn 0.5845 0.2522 -0.7712
vn 0.6134 0.2550 -0.7474
vn -0.0032 1.0000 -0.0037
vn 0.1910 0.9659 -0.1749
vn -0.0013 1.0000 0.0011
vn 0.3719 0.8659 -0.3344
vn 0.6462 0.4999 -0.5767
vn 0.7210 0.2587 -0.6429
vn 0.5271 0.7070 -0.4715
vn -0.0007 1.0000 0.0003
vn 0.1179 0.9913 -0.0579
vn 0.7775 0.5002 -0.3813
vn 0.8671 0.2592 -0.4254
vn 0.7906 0.2594 -0.5547
vn 0.4486 0.8663 -0.2198
vn 0.6347 0.7073 -0.3112
vn 0.5782 0.7078 -0.4058
vn 0.7086 0.5006 -0.4972
vn 0.3126 0.9242 -0.2196
vn 0.4083 0.8666 -0.2867
vn -0.6650 0.4996 0.5551
vn -0.7395 0.2586 0.6215
vn -0.3915 0.8657 0.3119
vn -0.5463 0.7067 0.4495
vn -0.2109 0.9656 0.1518
vn -0.6402 0.6986 0.3197
vn -0.6607 0.6923 0.2902
vn -0.7808 0.4893 0.3885
vn -0.7582 0.4946 0.4249
vn -0.4867 0.8542 0.1830
vn -0.5040 0.8484 0.1620
vn -0.2498 0.9633 0.0981
vn -0.4114 0.9072 0.0878
vn 0.7696 -0.2630 -0.5818
vn 0.7638 -0.2652 -0.5884
vn 0.7972 -0.2518 -0.5487
vn -0.8324 0.2563 0.4913
vn -0.8561 0.2534 0.4504
vn -0.1975 0.9659 0.1673
vn -0.3786 0.8660 0.3266
vn -0.7287 0.2588 0.6341
vn -0.6536 0.4999 0.5682
vn -0.5342 0.7070 0.4633
vn -0.1180 0.9913 0.0578
vn -0.7784 0.4995 0.3804
vn -0.8679 0.2588 0.4240
vn -0.7901 0.2586 0.5558
vn -0.4499 0.8656 0.2200
vn -0.6358 0.7065 0.3108
vn -0.5791 0.7063 0.4072
vn -0.7087 0.4993 0.4985
vn -0.3126 0.9242 0.2196
vn -0.4100 0.8653 0.2883
vn -0.7466 0.4982 0.4408
vn -0.7724 0.4996 0.3920
vn -0.8613 0.2588 0.4372
vn -0.8319 0.2581 0.4912
vn -0.7181 0.4997 0.4844
vn -0.8008 0.2589 0.5401
vn -0.8291 0.0000 0.5592
vn -0.8611 -0.0000 0.5084
vn -0.8917 -0.0000 0.4527
vn -0.8985 0.0000 0.4390
vn -0.9249 0.0000 0.3802
vn -0.4464 0.8658 0.2264
vn -0.6309 0.7067 0.3201
vn -0.4335 0.8640 0.2560
vn -0.6107 0.7050 0.3606
vn -0.4147 0.8659 0.2799
vn -0.5864 0.7069 0.3956
vn -0.3167 0.9241 0.2138
vn -0.3286 0.9243 0.1941
vn -0.3408 0.9241 0.1728
vn -0.3432 0.9241 0.1679
vn -0.3531 0.9243 0.1451
vn -0.8024 -0.2495 0.5422
vn -0.8026 -0.2495 0.5418
vn -0.7979 -0.2474 0.5497
vn -0.7750 -0.2361 0.5863
vn -0.8173 -0.2380 0.5248
vn -0.8545 -0.2057 0.4769
vn -0.8671 -0.2091 0.4521
vn -0.8663 -0.2341 0.4413
vn -0.7702 -0.2338 0.5934
vn -0.0029 1.0000 0.0021
vn -0.1055 0.9913 0.0781
vn -0.1089 0.9913 0.0735
vn -0.0034 1.0000 0.0021
vn -0.1122 0.9914 0.0682
vn -0.0012 1.0000 0.0006
vn -0.1164 0.9913 0.0609
vn 0.8951 -0.2517 -0.3681
vn 0.8682 -0.2509 -0.4281
vn 0.8700 -0.2518 -0.4240
vn 0.8495 -0.2881 -0.4420
vn 0.8594 -0.2648 -0.4375
vn 0.8123 -0.2617 -0.5213
vn 0.8349 -0.2917 -0.4667
vn 0.8025 -0.2495 -0.5420
vn 0.8023 -0.2495 -0.5424
vn 0.3531 0.9243 -0.1451
vn 0.3431 0.9241 -0.1681
vn 0.3409 0.9241 -0.1726
vn 0.4462 0.8660 -0.2258
vn 0.3286 0.9243 -0.1941
vn 0.4269 0.8684 -0.2521
vn 0.3166 0.9241 -0.2140
vn 0.4144 0.8659 -0.2802
vn 0.6311 0.7070 -0.3192
vn 0.7729 0.4999 -0.3908
vn 0.6064 0.7100 -0.3581
vn 0.7444 0.5026 -0.4396
vn 0.5859 0.7068 -0.3963
vn 0.7174 0.4997 -0.4854
vn 0.8978 0.0000 -0.4405
vn 0.9250 0.0000 -0.3799
vn 0.8620 0.2590 -0.4358
vn 0.8925 0.0000 -0.4511
vn 0.8313 0.2606 -0.4909
vn 0.8611 -0.0000 -0.5085
vn 0.8000 0.2589 -0.5413
vn 0.8282 0.0000 -0.5605
vn 0.1055 0.9913 -0.0781
vn 0.1089 0.9913 -0.0736
vn 0.1121 0.9914 -0.0682
vn 0.1164 0.9913 -0.0608
vn -0.8959 0.2479 0.3686
vn -0.8690 0.2482 0.4282
vn -0.8713 0.2472 0.4240
vn -0.8959 0.2479 0.3685
vn -0.8671 0.2091 0.4521
vn -0.8663 0.2341 0.4413
vn -0.8173 0.2380 0.5248
vn -0.8545 0.2057 0.4769
vn -0.8024 0.2495 0.5422
vn -0.8026 0.2495 0.5418
vn -0.3531 -0.9243 0.1451
vn -0.3432 -0.9241 0.1679
vn -0.3408 -0.9241 0.1728
vn -0.4464 -0.8658 0.2264
vn -0.3286 -0.9243 0.1941
vn -0.4335 -0.8640 0.2560
vn -0.3167 -0.9241 0.2138
vn -0.4147 -0.8659 0.2799
vn -0.6309 -0.7067 0.3201
vn -0.7724 -0.4996 0.3920
vn -0.6107 -0.7050 0.3606
vn -0.7466 -0.4982 0.4408
vn -0.5864 -0.7069 0.3956
vn -0.7181 -0.4997 0.4844
vn -0.8613 -0.2588 0.4372
vn -0.8319 -0.2581 0.4912
vn -0.8008 -0.2589 0.5401
vn -0.1055 -0.9913 0.0781
vn -0.0029 -1.0000 0.0021
vn -0.1089 -0.9913 0.0735
vn -0.1122 -0.9914 0.0682
vn -0.0034 -1.0000 0.0021
vn -0.1164 -0.9913 0.0609
vn -0.0012 -1.0000 0.0006
vn 0.8951 0.2517 -0.3681
vn 0.8700 0.2518 -0.4240
vn 0.8682 0.2509 -0.4281
vn 0.8594 0.2648 -0.4375
vn 0.8495 0.2881 -0.4420
vn 0.8349 0.2917 -0.4667
vn 0.8123 0.2617 -0.5213
vn 0.8023 0.2495 -0.5424
vn 0.8025 0.2495 -0.5420
vn 0.3531 -0.9243 -0.1451
vn 0.3431 -0.9241 -0.1681
vn 0.4462 -0.8660 -0.2258
vn 0.3409 -0.9241 -0.1726
vn 0.4269 -0.8684 -0.2521
vn 0.3286 -0.9243 -0.1941
vn 0.4144 -0.8659 -0.2802
vn 0.3166 -0.9241 -0.2140
vn 0.7729 -0.4999 -0.3908
vn 0.6311 -0.7070 -0.3192
vn 0.7444 -0.5026 -0.4396
vn 0.6064 -0.7100 -0.3581
vn 0.7174 -0.4997 -0.4854
vn 0.5859 -0.7068 -0.3963
vn 0.8620 -0.2590 -0.4358
vn 0.8313 -0.2606 -0.4909
vn 0.8000 -0.2589 -0.5413
vn 0.1055 -0.9913 -0.0781
vn 0.1089 -0.9913 -0.0736
vn 0.1121 -0.9914 -0.0682
vn 0.1164 -0.9913 -0.0608
vn -0.9147 -0.2495 0.3179
vn -0.9147 -0.2495 0.3180
vn -0.9309 -0.2333 0.2812
vn -0.9212 -0.2433 0.3037
vn -0.9466 -0.2449 0.2097
vn -0.9396 -0.2319 0.2516
vn -0.9488 -0.2495 0.1937
vn -0.9487 -0.2495 0.1941
vn -0.3609 0.9241 0.1255
vn -0.3635 0.9242 0.1174
vn -0.4772 0.8652 0.1539
vn -0.3703 0.9242 0.0930
vn -0.4874 0.8645 0.1225
vn -0.3744 0.9241 0.0766
vn -0.4901 0.8659 0.1002
vn -0.6739 0.7062 0.2173
vn -0.8247 0.4992 0.2658
vn -0.6874 0.7055 0.1728
vn -0.8407 0.4986 0.2113
vn -0.6930 0.7069 0.1418
vn -0.8486 0.4998 0.1736
vn -0.9444 -0.0000 0.3288
vn -0.9194 0.2586 0.2963
vn -0.9518 -0.0000 0.3067
vn -0.9369 0.2583 0.2356
vn -0.9698 0.0000 0.2438
vn -0.9463 0.2589 0.1936
vn -0.9797 -0.0000 0.2005
vn -0.1298 0.9914 0.0190
vn -0.0047 1.0000 0.0007
vn -0.1287 0.9913 0.0263
vn -0.1277 0.9913 0.0305
vn -0.0026 1.0000 0.0006
vn -0.1254 0.9913 0.0388
vn -0.0027 1.0000 0.0009
vn 0.9148 -0.2495 -0.3176
vn 0.9147 -0.2495 -0.3178
vn 0.9180 -0.2559 -0.3030
vn 0.9227 -0.2656 -0.2794
vn 0.9310 -0.2671 -0.2488
vn 0.9441 -0.2546 -0.2093
vn 0.9488 -0.2495 -0.1938
vn 0.9487 -0.2495 -0.1942
vn 0.3610 0.9241 -0.1253
vn 0.4745 0.8668 -0.1534
vn 0.3635 0.9242 -0.1174
vn 0.4821 0.8678 -0.1210
vn 0.3703 0.9242 -0.0930
vn 0.4901 0.8659 -0.1001
vn 0.3744 0.9241 -0.0765
vn 0.8235 0.5008 -0.2665
vn 0.6720 0.7080 -0.2174
vn 0.8390 0.5018 -0.2104
vn 0.6839 0.7091 -0.1715
vn 0.8487 0.4998 -0.1733
vn 0.6930 0.7069 -0.1416
vn 0.9448 -0.0000 -0.3276
vn 0.9514 0.0000 -0.3080
vn 0.9188 0.2595 -0.2974
vn 0.9700 -0.0000 -0.2432
vn 0.9366 0.2601 -0.2348
vn 0.9798 0.0000 -0.2001
vn 0.9464 0.2589 -0.1932
vn 0.1298 0.9914 -0.0190
vn 0.1287 0.9913 -0.0263
vn 0.1277 0.9913 -0.0304
vn 0.1254 0.9913 -0.0389
vn -0.9147 0.2495 0.3180
vn -0.9147 0.2495 0.3179
vn -0.9212 0.2433 0.3037
vn -0.9309 0.2333 0.2812
vn -0.9396 0.2319 0.2516
vn -0.9466 0.2449 0.2097
vn -0.9487 0.2495 0.1941
vn -0.9488 0.2495 0.1937
vn -0.3609 -0.9241 0.1255
vn -0.4772 -0.8652 0.1539
vn -0.3635 -0.9242 0.1174
vn -0.4874 -0.8645 0.1225
vn -0.3703 -0.9242 0.0930
vn -0.4901 -0.8659 0.1002
vn -0.3744 -0.9241 0.0766
vn -0.8247 -0.4992 0.2658
vn -0.6739 -0.7062 0.2173
vn -0.8407 -0.4986 0.2113
vn -0.6874 -0.7055 0.1728
vn -0.8486 -0.4998 0.1736
vn -0.6930 -0.7069 0.1418
vn -0.9194 -0.2586 0.2963
vn -0.9369 -0.2583 0.2356
vn -0.9463 -0.2589 0.1936
vn -0.0047 -1.0000 0.0007
vn -0.1298 -0.9914 0.0190
vn -0.1287 -0.9913 0.0263
vn -0.0026 -1.0000 0.0006
vn -0.1277 -0.9913 0.0305
vn -0.0027 -1.0000 0.0009
vn -0.1254 -0.9913 0.0388
vn 0.9147 0.2495 -0.3178
vn 0.9148 0.2495 -0.3176
vn 0.9227 0.2656 -0.2794
vn 0.9180 0.2559 -0.3030
vn 0.9441 0.2546 -0.2093
vn 0.9310 0.2671 -0.2488
vn 0.9487 0.2495 -0.1942
vn 0.9488 0.2495 -0.1938
vn 0.3610 -0.9241 -0.1253
vn 0.3635 -0.9242 -0.1174
vn 0.4745 -0.8668 -0.1534
vn 0.3703 -0.9242 -0.0930
vn 0.4821 -0.8678 -0.1210
vn 0.3744 -0.9241 -0.0765
vn 0.4901 -0.8659 -0.1001
vn 0.6720 -0.7080 -0.2174
vn 0.8235 -0.5008 -0.2665
vn 0.6839 -0.7091 -0.1715
vn 0.8390 -0.5018 -0.2104
vn 0.6930 -0.7069 -0.1416
vn 0.8487 -0.4997 -0.1733
vn 0.9188 -0.2595 -0.2974
vn 0.9366 -0.2601 -0.2348
vn 0.9464 -0.2589 -0.1932
vn 0.1298 -0.9914 -0.0190
vn 0.1287 -0.9913 -0.0263
vn 0.1277 -0.9913 -0.0304
vn 0.1254 -0.9913 -0.0389
vn 0.0333 -0.9990 0.0294
vn 0.2047 -0.9650 -0.1642
vn 0.0584 -0.9969 0.0530
vn 0.2298 -0.9631 -0.1400
vn 0.3896 -0.8637 -0.3198
vn 0.3644 -0.8651 -0.3446
vn 0.5016 -0.7064 -0.4995
vn 0.5269 -0.7053 -0.4743
vn 0.6322 -0.4988 -0.5928
vn 0.6068 -0.4995 -0.6183
vn 0.6730 -0.2585 -0.6930
vn 0.6985 -0.2582 -0.6674
vn 0.7211 -0.0000 -0.6928
vn 0.6956 -0.0000 -0.7184
vn 0.2352 -0.9485 0.2120
vn 0.2338 -0.9485 0.2136
vn 0.3996 -0.9161 0.0325
vn 0.4009 -0.9156 0.0311
vn 0.7305 -0.1479 0.6667
vn 0.7562 -0.1407 0.6391
vn 0.7562 -0.1407 0.6390
vn 0.7794 -0.1244 0.6141
vn 0.7794 -0.1243 0.6141
vn 0.5541 -0.8213 -0.1360
vn 0.5552 -0.8203 -0.1372
vn 0.6867 -0.6705 -0.2808
vn 0.6874 -0.6694 -0.2816
vn 0.7988 -0.1003 0.5932
vn 0.8133 -0.0702 0.5776
vn 0.7885 -0.4741 -0.3918
vn 0.7889 -0.4731 -0.3922
vn 0.8525 -0.2454 -0.4616
vn 0.8526 -0.2448 -0.4617
vn 0.8223 -0.0361 0.5679
vn 0.8253 -0.0000 0.5647
vn 0.8743 0.0000 -0.4853
vn -0.1381 -0.9650 0.2231
vn -0.1130 -0.9627 0.2458
vn -0.2977 -0.8652 0.4036
vn -0.2726 -0.8630 0.4254
vn -0.4348 -0.7064 0.5586
vn -0.4096 -0.7045 0.5796
vn -0.5399 -0.4995 0.6775
vn -0.5147 -0.4981 0.6979
vn -0.6060 -0.2585 0.7523
vn -0.5807 -0.2578 0.7722
vn -0.6285 -0.0000 0.7778
vn -0.6032 0.0000 0.7976
vn 0.0693 -0.9168 0.3932
vn 0.0680 -0.9163 0.3946
vn 0.7041 -0.1450 0.6951
vn 0.7040 -0.1450 0.6952
vn 0.6788 -0.1318 0.7224
vn 0.6787 -0.1318 0.7225
vn -0.0854 -0.8225 0.5623
vn -0.0865 -0.8216 0.5635
vn -0.2185 -0.6719 0.7077
vn -0.2192 -0.6709 0.7084
vn 0.6564 -0.1089 0.7465
vn 0.6390 -0.0777 0.7653
vn 0.6390 -0.0776 0.7653
vn -0.3206 -0.4753 0.8193
vn -0.3209 -0.4744 0.8197
vn -0.3849 -0.2461 0.8896
vn -0.3850 -0.2456 0.8896
vn 0.6279 -0.0404 0.7773
vn 0.6241 -0.0000 0.7814
vn -0.4068 0.0000 0.9135
vn 0.2047 0.9650 -0.1642
vn 0.0333 0.9990 0.0294
vn 0.2298 0.9631 -0.1400
vn 0.0584 0.9969 0.0530
vn 0.3644 0.8651 -0.3446
vn 0.3896 0.8637 -0.3198
vn 0.5016 0.7064 -0.4995
vn 0.5269 0.7053 -0.4743
vn 0.6068 0.4995 -0.6183
vn 0.6322 0.4988 -0.5929
vn 0.6730 0.2585 -0.6930
vn 0.6985 0.2582 -0.6674
vn 0.2352 0.9485 0.2120
vn 0.4009 0.9156 0.0311
vn 0.3996 0.9161 0.0326
vn 0.2338 0.9485 0.2136
vn 0.7305 0.1479 0.6667
vn 0.7562 0.1407 0.6390
vn 0.7562 0.1408 0.6391
vn 0.7794 0.1243 0.6141
vn 0.7794 0.1244 0.6141
vn 0.5552 0.8203 -0.1372
vn 0.5541 0.8213 -0.1360
vn 0.6874 0.6694 -0.2816
vn 0.6867 0.6705 -0.2808
vn 0.7988 0.1003 0.5932
vn 0.8133 0.0702 0.5776
vn 0.7889 0.4731 -0.3922
vn 0.7885 0.4741 -0.3918
vn 0.8526 0.2448 -0.4617
vn 0.8525 0.2454 -0.4616
vn 0.8223 0.0361 0.5679
vn -0.1381 0.9650 0.2231
vn -0.1130 0.9627 0.2458
vn -0.2726 0.8630 0.4254
vn -0.2977 0.8652 0.4036
vn -0.4348 0.7064 0.5586
vn -0.4096 0.7045 0.5796
vn -0.5147 0.4981 0.6979
vn -0.5399 0.4995 0.6775
vn -0.6060 0.2585 0.7523
vn -0.5807 0.2578 0.7722
vn 0.0680 0.9163 0.3946
vn 0.0693 0.9168 0.3932
vn 0.7040 0.1450 0.6952
vn 0.7041 0.1450 0.6951
vn 0.6787 0.1318 0.7225
vn 0.6787 0.1318 0.7224
vn -0.0865 0.8216 0.5635
vn -0.0854 0.8225 0.5623
vn -0.2192 0.6709 0.7084
vn -0.2185 0.6719 0.7077
vn 0.6564 0.1089 0.7465
vn 0.6390 0.0777 0.7653
vn -0.3209 0.4744 0.8197
vn -0.3206 0.4753 0.8193
vn -0.3850 0.2456 0.8896
vn -0.3849 0.2461 0.8895
vn 0.6279 0.0404 0.7773
vn -0.0277 -0.9650 -0.2608
vn -0.0444 -0.9990 -0.0027
vn -0.0626 -0.9633 -0.2611
vn -0.0787 -0.9969 -0.0035
vn -0.0121 -0.8652 -0.5012
vn -0.0475 -0.8640 -0.5013
vn 0.0012 -0.7065 -0.7077
vn -0.0345 -0.7056 -0.7077
vn 0.0114 -0.4995 -0.8662
vn -0.0246 -0.4991 -0.8662
vn 0.0179 -0.2586 -0.9658
vn -0.0183 -0.2584 -0.9659
vn 0.0200 -0.0000 -0.9998
vn -0.0161 0.0000 -0.9999
vn -0.3163 -0.9485 -0.0166
vn -0.3046 -0.9158 -0.2617
vn -0.3047 -0.9165 -0.2592
vn -0.3164 -0.9485 -0.0139
vn -0.9880 -0.1479 -0.0449
vn -0.9866 -0.1407 -0.0826
vn -0.9866 -0.1408 -0.0825
vn -0.9880 -0.1479 -0.0448
vn -0.9854 -0.1244 -0.1167
vn -0.9854 -0.1244 -0.1166
vn -0.2939 -0.8207 -0.4900
vn -0.2940 -0.8219 -0.4879
vn -0.2846 -0.6699 -0.6858
vn -0.2847 -0.6713 -0.6844
vn -0.9843 -0.1003 -0.1452
vn -0.9843 -0.1004 -0.1451
vn -0.9835 -0.0703 -0.1665
vn -0.2776 -0.4735 -0.8359
vn -0.2776 -0.4747 -0.8352
vn -0.2731 -0.2451 -0.9302
vn -0.2731 -0.2458 -0.9301
vn -0.9830 -0.0362 -0.1797
vn -0.9829 0.0000 -0.1842
vn -0.2716 0.0000 -0.9624
vn -0.0610 -0.9649 0.2553
vn -0.0948 -0.9626 0.2539
vn -0.1098 -0.8627 0.4936
vn -0.0766 -0.8651 0.4957
vn -0.0900 -0.7063 0.7022
vn -0.1227 -0.7042 0.6993
vn -0.1325 -0.4978 0.8571
vn -0.1003 -0.4994 0.8605
vn -0.1067 -0.2585 0.9601
vn -0.1387 -0.2577 0.9562
vn -0.1408 0.0000 0.9900
vn -0.1089 0.0000 0.9941
vn -0.3279 -0.9160 0.2312
vn -0.3278 -0.9166 0.2288
vn -0.9894 -0.1450 -0.0060
vn -0.9894 -0.1450 -0.0061
vn -0.9908 -0.1317 0.0312
vn -0.9908 -0.1317 0.0311
vn -0.3388 -0.8210 0.4595
vn -0.3387 -0.8221 0.4576
vn -0.3481 -0.6702 0.6555
vn -0.3480 -0.6715 0.6542
vn -0.9920 -0.1088 0.0639
vn -0.9920 -0.1088 0.0638
vn -0.9930 -0.0776 0.0894
vn -0.3553 -0.4738 0.8058
vn -0.3552 -0.4749 0.8051
vn -0.3597 -0.2452 0.9003
vn -0.3597 -0.2459 0.9001
vn -0.9936 -0.0404 0.1057
vn -0.9938 -0.0000 0.1113
vn -0.3613 -0.0000 0.9324
vn -0.0444 0.9990 -0.0027
vn -0.0277 0.9650 -0.2608
vn -0.0787 0.9969 -0.0035
vn -0.0626 0.9633 -0.2611
vn -0.0475 0.8640 -0.5013
vn -0.0121 0.8652 -0.5012
vn 0.0012 0.7065 -0.7077
vn -0.0345 0.7056 -0.7077
vn -0.0245 0.4991 -0.8662
vn 0.0114 0.4995 -0.8662
vn 0.0179 0.2586 -0.9658
vn -0.0183 0.2584 -0.9659
vn -0.3163 0.9485 -0.0166
vn -0.3164 0.9485 -0.0139
vn -0.3047 0.9165 -0.2592
vn -0.3046 0.9158 -0.2617
vn -0.9880 0.1479 -0.0449
vn -0.9880 0.1479 -0.0448
vn -0.9866 0.1408 -0.0825
vn -0.9866 0.1407 -0.0826
vn -0.9854 0.1244 -0.1166
vn -0.9854 0.1244 -0.1167
vn -0.2940 0.8219 -0.4879
vn -0.2939 0.8207 -0.4900
vn -0.2847 0.6713 -0.6844
vn -0.2846 0.6699 -0.6858
vn -0.9843 0.1004 -0.1451
vn -0.9843 0.1003 -0.1452
vn -0.9835 0.0703 -0.1665
vn -0.9835 0.0702 -0.1665
vn -0.2776 0.4747 -0.8352
vn -0.2776 0.4735 -0.8359
vn -0.2731 0.2458 -0.9301
vn -0.2731 0.2451 -0.9303
vn -0.9831 0.0362 -0.1797
vn -0.0610 0.9649 0.2553
vn -0.0948 0.9626 0.2539
vn -0.0766 0.8651 0.4957
vn -0.1098 0.8627 0.4936
vn -0.0900 0.7063 0.7022
vn -0.1227 0.7042 0.6993
vn -0.1003 0.4994 0.8605
vn -0.1325 0.4978 0.8571
vn -0.1067 0.2585 0.9601
vn -0.1387 0.2577 0.9562
vn -0.3278 0.9166 0.2288
vn -0.3279 0.9160 0.2312
vn -0.9894 0.1450 -0.0061
vn -0.9894 0.1450 -0.0060
vn -0.9908 0.1317 0.0311
vn -0.9908 0.1317 0.0312
vn -0.3387 0.8221 0.4575
vn -0.3388 0.8210 0.4595
vn -0.3480 0.6715 0.6542
vn -0.3481 0.6702 0.6555
vn -0.9920 0.1088 0.0638
vn -0.9920 0.1088 0.0639
vn -0.9930 0.0776 0.0894
vn -0.3552 0.4749 0.8051
vn -0.3553 0.4738 0.8058
vn -0.3597 0.2459 0.9001
vn -0.3597 0.2452 0.9003
vn -0.9936 0.0404 0.1057
vn 0.0027 -0.9990 0.0444
vn 0.2607 -0.9650 0.0277
vn 0.0034 -0.9969 0.0787
vn 0.2611 -0.9633 0.0626
vn 0.5013 -0.8640 0.0475
vn 0.5012 -0.8652 0.0121
vn 0.7077 -0.7065 -0.0012
vn 0.7077 -0.7057 0.0345
vn 0.8662 -0.4991 0.0245
vn 0.8662 -0.4996 -0.0114
vn 0.9658 -0.2586 -0.0179
vn 0.9659 -0.2584 0.0182
vn 0.9999 0.0000 0.0161
vn 0.9998 0.0000 -0.0200
vn 0.0166 -0.9485 0.3163
vn 0.0138 -0.9485 0.3164
vn 0.2591 -0.9165 0.3048
vn 0.2617 -0.9158 0.3046
vn 0.0448 -0.1479 0.9880
vn 0.0447 -0.1479 0.9880
vn 0.0824 -0.1408 0.9866
vn 0.0825 -0.1407 0.9866
vn 0.1165 -0.1244 0.9854
vn 0.4878 -0.8219 0.2940
vn 0.4899 -0.8207 0.2939
vn 0.6843 -0.6713 0.2847
vn 0.6858 -0.6699 0.2846
vn 0.1450 -0.1004 0.9843
vn 0.1450 -0.1003 0.9843
vn 0.1663 -0.0703 0.9836
vn 0.1664 -0.0702 0.9836
vn 0.8352 -0.4748 0.2776
vn 0.8359 -0.4735 0.2776
vn 0.9301 -0.2458 0.2731
vn 0.9302 -0.2451 0.2731
vn 0.1796 -0.0362 0.9831
vn 0.1796 -0.0361 0.9831
vn 0.1840 0.0000 0.9829
vn 0.9624 -0.0000 0.2717
vn -0.2553 -0.9649 0.0610
vn -0.2539 -0.9626 0.0948
vn -0.4958 -0.8651 0.0766
vn -0.4937 -0.8627 0.1098
vn -0.7022 -0.7063 0.0900
vn -0.6993 -0.7042 0.1226
vn -0.8605 -0.4994 0.1003
vn -0.8571 -0.4978 0.1325
vn -0.9601 -0.2585 0.1067
vn -0.9562 -0.2577 0.1387
vn -0.9941 -0.0000 0.1089
vn -0.9900 -0.0000 0.1408
vn -0.2288 -0.9166 0.3278
vn -0.2313 -0.9159 0.3280
vn 0.0060 -0.1450 0.9894
vn 0.0059 -0.1450 0.9894
vn -0.0312 -0.1317 0.9908
vn -0.0313 -0.1317 0.9908
vn -0.4576 -0.8221 0.3387
vn -0.4596 -0.8210 0.3388
vn -0.6542 -0.6715 0.3480
vn -0.6555 -0.6702 0.3481
vn -0.0640 -0.1088 0.9920
vn -0.0895 -0.0776 0.9930
vn -0.8052 -0.4749 0.3552
vn -0.8058 -0.4738 0.3552
vn -0.9001 -0.2459 0.3597
vn -0.9003 -0.2452 0.3597
vn -0.1059 -0.0404 0.9936
vn -0.1114 0.0000 0.9938
vn -0.9325 0.0000 0.3613
vn 0.2607 0.9650 0.0277
vn 0.0027 0.9990 0.0444
vn 0.2611 0.9633 0.0626
vn 0.0034 0.9969 0.0787
vn 0.5012 0.8652 0.0121
vn 0.5013 0.8640 0.0475
vn 0.7077 0.7065 -0.0012
vn 0.7077 0.7057 0.0345
vn 0.8662 0.4996 -0.0114
vn 0.8662 0.4991 0.0245
vn 0.9658 0.2586 -0.0179
vn 0.9659 0.2584 0.0182
vn 0.0166 0.9485 0.3163
vn 0.2617 0.9158 0.3046
vn 0.2591 0.9165 0.3048
vn 0.0138 0.9485 0.3164
vn 0.0448 0.1479 0.9880
vn 0.0825 0.1407 0.9866
vn 0.0824 0.1408 0.9866
vn 0.0447 0.1479 0.9880
vn 0.1165 0.1244 0.9854
vn 0.4899 0.8207 0.2939
vn 0.4878 0.8219 0.2940
vn 0.6858 0.6699 0.2846
vn 0.6843 0.6713 0.2847
vn 0.1450 0.1003 0.9843
vn 0.1450 0.1004 0.9843
vn 0.1664 0.0702 0.9836
vn 0.1663 0.0703 0.9836
vn 0.8359 0.4735 0.2776
vn 0.8352 0.4748 0.2776
vn 0.9302 0.2451 0.2731
vn 0.9301 0.2458 0.2731
vn 0.1796 0.0361 0.9831
vn 0.1796 0.0362 0.9831
vn -0.2553 0.9649 0.0610
vn -0.2539 0.9626 0.0948
vn -0.4937 0.8627 0.1098
vn -0.4958 0.8651 0.0766
vn -0.7022 0.7063 0.0900
vn -0.6993 0.7042 0.1226
vn -0.8571 0.4978 0.1325
vn -0.8605 0.4994 0.1003
vn -0.9601 0.2585 0.1067
vn -0.9562 0.2577 0.1387
vn -0.2313 0.9159 0.3280
vn -0.2288 0.9166 0.3278
vn 0.0059 0.1450 0.9894
vn 0.0060 0.1450 0.9894
vn -0.0313 0.1317 0.9908
vn -0.0312 0.1317 0.9908
vn -0.4596 0.8210 0.3388
vn -0.4576 0.8221 0.3387
vn -0.6555 0.6702 0.3481
vn -0.6542 0.6715 0.3480
vn -0.0640 0.1088 0.9920
vn -0.0895 0.0776 0.9930
vn -0.8058 0.4738 0.3552
vn -0.8052 0.4749 0.3552
vn -0.9003 0.2452 0.3597
vn -0.9001 0.2459 0.3597
vn -0.1059 0.0404 0.9936
vn 0.1642 -0.9650 -0.2047
vn -0.0294 -0.9990 -0.0333
vn 0.1400 -0.9631 -0.2298
vn -0.0529 -0.9969 -0.0584
vn 0.3446 -0.8651 -0.3644
vn 0.3198 -0.8637 -0.3896
vn 0.4995 -0.7064 -0.5016
vn 0.4743 -0.7053 -0.5269
vn 0.6183 -0.4995 -0.6068
vn 0.5928 -0.4988 -0.6322
vn 0.6930 -0.2585 -0.6730
vn 0.6674 -0.2582 -0.6985
vn 0.7184 -0.0000 -0.6956
vn 0.6928 -0.0000 -0.7211
vn -0.2120 -0.9485 -0.2353
vn -0.0311 -0.9156 -0.4009
vn -0.0325 -0.9161 -0.3996
vn -0.2136 -0.9485 -0.2338
vn -0.6666 -0.1479 -0.7306
vn -0.6389 -0.1407 -0.7563
vn -0.6390 -0.1407 -0.7562
vn -0.6140 -0.1243 -0.7795
vn -0.6140 -0.1243 -0.7794
vn 0.1372 -0.8203 -0.5552
vn 0.1360 -0.8213 -0.5541
vn 0.2816 -0.6694 -0.6875
vn 0.2808 -0.6705 -0.6867
vn -0.5931 -0.1003 -0.7989
vn -0.5931 -0.1003 -0.7988
vn -0.5775 -0.0702 -0.8134
vn 0.3922 -0.4731 -0.7889
vn 0.3918 -0.4741 -0.7885
vn 0.4617 -0.2448 -0.8526
vn 0.4616 -0.2454 -0.8525
vn -0.5678 -0.0361 -0.8224
vn -0.5645 -0.0000 -0.8254
vn 0.4853 -0.0000 -0.8743
vn -0.2231 -0.9650 0.1381
vn -0.2458 -0.9627 0.1130
vn -0.4254 -0.8630 0.2726
vn -0.4036 -0.8652 0.2977
vn -0.5586 -0.7064 0.4348
vn -0.5796 -0.7045 0.4096
vn -0.6979 -0.4981 0.5146
vn -0.6775 -0.4995 0.5399
vn -0.7523 -0.2585 0.6060
vn -0.7722 -0.2578 0.5807
vn -0.7976 -0.0000 0.6032
vn -0.7778 -0.0000 0.6285
vn -0.3946 -0.9163 -0.0680
vn -0.3932 -0.9168 -0.0693
vn -0.6951 -0.1450 -0.7042
vn -0.6950 -0.1450 -0.7042
vn -0.7224 -0.1318 -0.6788
vn -0.7223 -0.1318 -0.6789
vn -0.5634 -0.8216 0.0865
vn -0.5623 -0.8225 0.0854
vn -0.7084 -0.6709 0.2192
vn -0.7077 -0.6719 0.2185
vn -0.7464 -0.1088 -0.6565
vn -0.7464 -0.1089 -0.6566
vn -0.7652 -0.0776 -0.6391
vn -0.7652 -0.0777 -0.6392
vn -0.8197 -0.4744 0.3209
vn -0.8193 -0.4753 0.3206
vn -0.8897 -0.2456 0.3850
vn -0.8896 -0.2461 0.3849
vn -0.7772 -0.0404 -0.6280
vn -0.7771 -0.0404 -0.6280
vn -0.7813 0.0000 -0.6242
vn -0.9135 -0.0000 0.4067
vn -0.0294 0.9990 -0.0333
vn 0.1642 0.9650 -0.2047
vn -0.0529 0.9969 -0.0584
vn 0.1400 0.9631 -0.2298
vn 0.3198 0.8637 -0.3896
vn 0.3446 0.8651 -0.3644
vn 0.4995 0.7064 -0.5016
vn 0.4743 0.7053 -0.5269
vn 0.5929 0.4988 -0.6322
vn 0.6183 0.4995 -0.6068
vn 0.6930 0.2585 -0.6730
vn 0.6674 0.2582 -0.6985
vn -0.2120 0.9485 -0.2353
vn -0.2136 0.9485 -0.2338
vn -0.0325 0.9161 -0.3996
vn -0.0311 0.9156 -0.4009
vn -0.6666 0.1479 -0.7306
vn -0.6390 0.1407 -0.7562
vn -0.6389 0.1407 -0.7563
vn -0.6140 0.1243 -0.7794
vn -0.6140 0.1243 -0.7795
vn 0.1360 0.8213 -0.5541
vn 0.1372 0.8203 -0.5552
vn 0.2808 0.6705 -0.6867
vn 0.2816 0.6694 -0.6875
vn -0.5931 0.1003 -0.7988
vn -0.5931 0.1003 -0.7989
vn -0.5775 0.0702 -0.8134
vn 0.3918 0.4741 -0.7885
vn 0.3922 0.4731 -0.7889
vn 0.4616 0.2454 -0.8525
vn 0.4617 0.2448 -0.8526
vn -0.5678 0.0361 -0.8224
vn -0.2231 0.9650 0.1381
vn -0.2458 0.9627 0.1130
vn -0.4036 0.8652 0.2977
vn -0.4254 0.8630 0.2726
vn -0.5586 0.7064 0.4348
vn -0.5796 0.7045 0.4096
vn -0.6775 0.4995 0.5399
vn -0.6979 0.4981 0.5146
vn -0.7523 0.2585 0.6060
vn -0.7722 0.2578 0.5807
vn -0.3932 0.9168 -0.0693
vn -0.3946 0.9163 -0.0680
vn -0.6950 0.1450 -0.7042
vn -0.6951 0.1450 -0.7041
vn -0.7223 0.1318 -0.6789
vn -0.7224 0.1318 -0.6788
vn -0.5623 0.8225 0.0854
vn -0.5634 0.8216 0.0865
vn -0.7077 0.6719 0.2185
vn -0.7084 0.6709 0.2192
vn -0.7464 0.1089 -0.6565
vn -0.7652 0.0777 -0.6391
vn -0.7652 0.0776 -0.6391
vn -0.8193 0.4753 0.3206
vn -0.8197 0.4744 0.3209
vn -0.8896 0.2461 0.3849
vn -0.8897 0.2456 0.3850
vn -0.7772 0.0404 -0.6280
usemtl MI_Trim_01
s 1
f 894/1/1 20/2/2 31/3/3 9/4/4
f 31/3/3 20/2/2 2/5/5 10/6/6
f 893/7/7 911/8/8 30/9/9 8/10/10
f 30/9/9 911/8/8 894/1/1 9/4/4
f 892/11/11 21/12/12 29/13/13 7/14/14
f 29/13/13 21/12/12 893/7/7 8/10/10
f 33/15/15 13/16/16 53/17/17 58/18/18
f 12/19/19 33/15/15 58/18/18 50/20/20
f 34/21/21 12/19/19 50/20/20 59/22/22
f 538/23/23 539/24/24 19/25/25 1/26/26
f 32/27/27 14/28/28 56/29/29 57/30/30
f 15/31/31 41/32/32 34/33/21 11/34/33
f 34/33/21 41/32/32 16/35/34 12/36/19
f 13/37/16 17/38/35 39/39/36 32/40/27
f 32/40/27 39/39/36 18/41/37 14/42/28
f 16/35/34 40/43/38 33/44/15 12/36/19
f 33/44/15 40/43/38 17/38/35 13/37/16
f 553/45/39 559/46/40 54/47/41 52/48/42
f 563/49/43 57/50/30 56/51/29 554/52/44
f 548/53/45 564/54/46 51/55/47 49/56/48
f 568/57/49 58/58/18 53/59/17 549/60/50
f 573/61/51 59/62/22 50/63/20 544/64/52
f 13/16/16 32/27/27 57/30/30 53/17/17
f 543/65/53 34/66/54 59/67/54 573/68/55
f 60/69/56 66/70/57 85/71/58 75/72/59
f 85/71/58 67/73/60 61/74/61 75/72/59
f 944/75/62 65/76/63 84/77/64 957/78/65
f 84/77/64 66/70/57 60/69/56 957/78/65
f 892/11/11 7/14/14 83/79/66 76/80/67
f 83/79/66 65/76/63 944/75/62 76/80/67
f 87/81/68 111/82/69 106/83/70 69/84/71
f 68/85/72 103/86/73 111/82/69 87/81/68
f 88/87/74 112/88/75 103/86/73 68/85/72
f 538/23/23 1/26/26 74/89/76 574/90/77
f 86/91/78 110/92/79 109/93/80 70/94/81
f 15/31/31 11/34/33 88/95/74 94/96/82
f 88/95/74 68/97/72 71/98/83 94/96/82
f 69/99/71 86/100/78 92/101/84 72/102/85
f 86/100/78 70/103/81 73/104/86 92/101/84
f 71/98/83 68/97/72 87/105/68 93/106/87
f 87/105/68 69/99/71 72/102/85 93/106/87
f 588/107/88 105/108/89 107/109/90 594/110/91
f 598/111/92 589/112/93 109/113/80 110/114/79
f 583/115/94 102/116/95 104/117/96 599/118/97
f 603/119/98 584/120/99 106/121/70 111/122/69
f 608/123/100 579/124/101 103/125/73 112/126/75
f 69/84/71 106/83/70 110/92/79 86/91/78
f 578/127/102 608/128/103 112/129/104 88/130/104
f 989/131/105 120/132/106 137/133/107 128/134/108
f 137/133/107 10/6/6 2/5/5 128/134/108
f 114/135/109 119/136/110 136/137/111 1002/138/112
f 136/137/111 120/132/106 989/131/105 1002/138/112
f 988/139/113 118/140/114 135/141/115 1003/142/116
f 135/141/115 119/136/110 114/135/109 1003/142/116
f 139/143/117 161/144/118 158/145/119 123/146/120
f 122/147/121 155/148/122 161/144/118 139/143/117
f 140/149/123 162/150/124 155/148/122 122/147/121
f 613/151/125 113/152/126 127/153/127 614/154/128
f 138/155/129 160/156/130 56/29/29 14/28/28
f 124/157/131 121/158/132 140/159/123 146/160/133
f 140/159/123 122/161/121 125/162/134 146/160/133
f 123/163/120 138/164/129 144/165/135 126/166/136
f 138/164/129 14/42/28 18/41/37 144/165/135
f 125/162/134 122/161/121 139/167/117 145/168/137
f 139/167/117 123/163/120 126/166/136 145/168/137
f 628/169/138 157/170/139 159/171/140 629/172/141
f 633/173/142 554/52/44 56/51/29 160/174/130
f 623/175/143 154/176/144 156/177/145 634/178/146
f 638/179/147 624/180/148 158/181/119 161/182/118
f 643/183/149 619/184/150 155/185/122 162/186/124
f 123/146/120 158/145/119 160/156/130 138/155/129
f 618/187/151 643/188/152 162/189/153 140/190/153
f 1034/191/154 1043/192/155 179/193/156 166/194/157
f 179/193/156 1043/192/155 61/74/61 67/73/60
f 1033/195/158 1044/196/159 178/197/160 165/198/161
f 178/197/160 1044/196/159 1034/191/154 166/194/157
f 988/139/113 1045/199/162 177/200/163 118/140/114
f 177/200/163 1045/199/162 1033/195/158 165/198/161
f 181/201/164 168/202/165 199/203/166 202/204/167
f 167/205/168 181/201/164 202/204/167 196/206/169
f 182/207/170 167/205/168 196/206/169 203/208/171
f 613/151/125 644/209/172 171/210/173 113/152/126
f 180/211/174 70/94/81 109/93/80 201/212/175
f 124/157/131 187/213/176 182/214/170 121/158/132
f 182/214/170 187/213/176 169/215/177 167/216/168
f 168/217/165 170/218/178 185/219/179 180/220/174
f 180/220/174 185/219/179 73/104/86 70/103/81
f 169/215/177 186/221/180 181/222/164 167/216/168
f 181/222/164 186/221/180 170/218/178 168/217/165
f 658/223/181 659/224/182 200/225/183 198/226/184
f 663/227/185 201/228/175 109/113/80 589/112/93
f 653/229/186 664/230/187 197/231/188 195/232/189
f 668/233/190 202/234/167 199/235/166 654/236/191
f 673/237/192 203/238/171 196/239/169 649/240/193
f 168/202/165 180/211/174 201/212/175 199/203/166
f 648/241/194 182/242/195 203/243/195 673/244/196
f 206/245/197 214/246/198 236/247/199 224/248/200
f 236/247/199 215/249/201 207/250/201 224/248/200
f 205/251/202 213/252/203 235/253/204 225/254/205
f 235/253/204 214/246/198 206/245/197 225/254/205
f 204/255/206 212/256/207 234/257/208 226/258/209
f 234/257/208 213/252/203 205/251/202 226/258/209
f 238/259/210 257/260/211 254/261/212 218/262/213
f 217/263/214 253/264/215 257/260/211 238/259/210
f 239/265/216 258/266/217 253/264/215 217/263/214
f 171/267/218 194/268/219 529/269/220 504/270/221
f 237/271/222 256/272/223 255/273/224 219/274/225
f 220/275/226 216/276/227 239/277/216 246/278/228
f 239/277/216 217/279/214 221/280/229 246/278/228
f 218/281/213 237/282/222 244/283/230 222/284/231
f 237/282/222 219/285/225 223/286/232 244/283/230
f 221/280/229 217/279/214 238/287/210 245/288/233
f 238/287/210 218/281/213 222/284/231 245/288/233
f 417/289/234 1/26/26 19/25/25 416/290/235
f 402/291/236 52/48/42 54/47/41 396/292/237
f 423/293/238 401/294/239 255/295/224 256/296/223
f 407/297/240 49/56/48 51/55/47 424/298/241
f 428/299/242 406/300/243 254/301/212 257/302/211
f 218/262/213 254/261/212 256/272/223 237/271/222
f 433/303/244 411/304/245 253/305/215 258/306/217
f 260/307/246 274/308/247 285/309/248 266/310/249
f 285/309/248 274/308/247 261/311/250 267/312/250
f 259/313/251 275/314/252 284/315/253 265/316/254
f 284/315/253 275/314/252 260/307/246 266/310/249
f 204/255/206 276/317/255 283/318/256 212/256/207
f 283/318/256 276/317/255 259/313/251 265/316/254
f 287/319/257 269/320/258 302/321/259 305/322/260
f 268/323/261 287/319/257 305/322/260 301/324/262
f 288/325/263 268/323/261 301/324/262 306/326/264
f 412/327/265 433/328/266 258/329/267 239/330/267
f 286/331/268 270/332/269 303/333/270 304/334/271
f 220/275/226 294/335/272 288/336/263 216/276/227
f 288/336/263 294/335/272 271/337/273 268/338/261
f 269/339/258 272/340/274 292/341/275 286/342/268
f 286/342/268 292/341/275 273/343/276 270/344/269
f 271/337/273 293/345/277 287/346/257 268/338/261
f 287/346/257 293/345/277 272/340/274 269/339/258
f 417/289/234 434/347/278 74/89/76 1/26/26
f 448/348/279 454/349/280 107/109/90 105/108/89
f 458/350/281 304/351/271 303/352/270 449/353/282
f 443/354/283 459/355/284 104/117/96 102/116/95
f 463/356/285 305/357/260 302/358/259 444/359/286
f 269/320/258 286/331/268 304/334/271 302/321/259
f 468/360/287 306/361/264 301/362/262 439/363/288
f 309/364/289 322/365/290 333/366/291 315/367/292
f 333/366/291 322/365/290 207/250/201 215/249/201
f 308/368/293 323/369/294 332/370/295 314/371/296
f 332/370/295 323/369/294 309/364/289 315/367/292
f 307/372/297 324/373/298 331/374/299 313/375/300
f 331/374/299 324/373/298 308/368/293 314/371/296
f 335/376/301 318/377/302 350/378/303 352/379/304
f 317/380/305 335/376/301 352/379/304 349/381/306
f 336/382/307 317/380/305 349/381/306 353/383/308
f 438/384/309 288/385/310 306/386/310 468/387/311
f 334/388/312 219/274/225 255/273/224 351/389/313
f 319/390/314 342/391/315 336/392/307 316/393/316
f 336/392/307 342/391/315 320/394/317 317/395/305
f 318/396/302 321/397/318 340/398/319 334/399/312
f 334/399/312 340/398/319 223/286/232 219/285/225
f 320/394/317 341/400/320 335/401/301 317/395/305
f 335/401/301 341/400/320 321/397/318 318/396/302
f 473/402/321 474/403/322 127/153/127 113/152/126
f 488/404/323 489/405/324 159/171/140 157/170/139
f 493/406/325 351/407/313 255/295/224 401/294/239
f 483/408/326 494/409/327 156/177/145 154/176/144
f 498/410/328 352/411/304 350/412/303 484/413/329
f 318/377/302 334/388/312 351/389/313 350/378/303
f 503/414/330 353/415/308 349/416/306 479/417/331
f 355/418/332 359/419/333 374/420/334 364/421/335
f 374/420/334 267/312/250 261/311/250 364/421/335
f 354/422/336 358/423/337 373/424/338 365/425/339
f 373/424/338 359/419/333 355/418/332 365/425/339
f 307/372/297 313/375/300 372/426/340 366/427/341
f 372/426/340 358/423/337 354/422/336 366/427/341
f 376/428/342 392/429/343 390/430/344 361/431/345
f 360/432/346 389/433/347 392/429/343 376/428/342
f 377/434/348 393/435/349 389/433/347 360/432/346
f 478/436/350 336/437/351 353/438/351 503/439/352
f 375/440/353 391/441/354 303/333/270 270/332/269
f 319/390/314 316/393/316 377/442/348 382/443/355
f 377/442/348 360/444/346 362/445/356 382/443/355
f 361/446/345 375/447/353 380/448/357 363/449/358
f 375/447/353 270/344/269 273/343/276 380/448/357
f 362/445/356 360/444/346 376/450/342 381/451/359
f 376/450/342 361/446/345 363/449/358 381/451/359
f 473/402/321 113/152/126 171/210/173 504/452/360
f 518/453/361 198/226/184 200/225/183 519/454/362
f 523/455/363 449/353/282 303/352/270 391/456/354
f 513/457/364 195/232/189 197/231/188 524/458/365
f 528/459/366 514/460/367 390/461/344 392/462/343
f 361/431/345 390/430/344 391/441/354 375/440/353
f 533/463/368 509/464/369 389/465/347 393/466/349
f 516/467/370 517/468/371 520/469/372 521/470/373
f 515/471/374 516/467/370 521/470/373 522/472/375
f 514/460/367 515/471/374 522/472/375 523/455/363
f 390/461/344 514/460/367 523/455/363 391/456/354
f 522/472/375 450/473/376 449/353/282 523/455/363
f 521/470/373 451/474/377 450/473/376 522/472/375
f 520/469/372 452/475/378 451/474/377 521/470/373
f 519/454/362 453/476/379 452/475/378 520/469/372
f 200/225/183 108/477/380 453/476/379 519/454/362
f 512/478/381 513/457/364 524/458/365 525/479/382
f 511/480/383 512/478/381 525/479/382 526/481/384
f 510/482/385 511/480/383 526/481/384 527/483/386
f 509/464/369 510/482/385 527/483/386 528/459/366
f 389/484/347 509/464/369 528/459/366 392/462/343
f 527/483/386 515/471/374 514/460/367 528/459/366
f 526/481/384 516/467/370 515/471/374 527/483/386
f 525/479/382 517/468/371 516/467/370 526/481/384
f 524/458/365 518/453/361 517/468/371 525/479/382
f 197/231/188 198/226/184 518/453/361 524/458/365
f 532/485/387 510/482/385 509/464/369 533/463/368
f 531/486/388 511/480/383 510/482/385 532/485/387
f 530/487/389 512/478/381 511/480/383 531/486/388
f 529/488/390 513/457/364 512/478/381 530/487/389
f 194/489/391 195/490/189 513/457/364 529/488/390
f 507/491/392 532/492/393 533/493/394 508/494/395
f 506/495/396 531/496/397 532/492/393 507/491/392
f 505/497/398 530/498/399 531/496/397 506/495/396
f 504/270/221 529/269/220 530/498/399 505/497/398
f 508/494/395 533/493/394 393/499/400 377/500/400
f 517/468/371 518/453/361 519/454/362 520/469/372
f 316/501/316 469/502/401 508/503/402 377/504/348
f 469/502/401 470/505/321 507/506/403 508/503/402
f 470/505/321 471/507/404 506/508/405 507/506/403
f 471/507/404 472/509/406 505/510/407 506/508/405
f 472/509/406 473/402/321 504/452/360 505/510/407
f 127/511/408 474/512/409 499/513/410 153/514/411
f 474/512/409 475/515/412 500/516/413 499/513/410
f 475/515/412 476/517/414 501/518/415 500/516/413
f 476/517/414 477/519/416 502/520/417 501/518/415
f 477/519/416 478/436/350 503/439/352 502/520/417
f 153/521/418 499/522/419 483/408/326 154/523/144
f 499/522/419 500/524/420 482/525/421 483/408/326
f 500/524/420 501/526/422 481/527/423 482/525/421
f 501/526/422 502/528/424 480/529/425 481/527/423
f 502/528/424 503/414/330 479/417/331 480/529/425
f 156/177/145 494/409/327 488/404/323 157/170/139
f 494/409/327 495/530/426 487/531/427 488/404/323
f 495/530/426 496/532/428 486/533/429 487/531/427
f 496/532/428 497/534/430 485/535/431 486/533/429
f 497/534/430 498/410/328 484/413/329 485/535/431
f 349/536/306 352/411/304 498/410/328 479/417/331
f 479/417/331 498/410/328 497/534/430 480/529/425
f 480/529/425 497/534/430 496/532/428 481/527/423
f 481/527/423 496/532/428 495/530/426 482/525/421
f 482/525/421 495/530/426 494/409/327 483/408/326
f 159/171/140 489/405/324 397/537/432 55/538/433
f 489/405/324 490/539/434 398/540/435 397/537/432
f 490/539/434 491/541/436 399/542/437 398/540/435
f 491/541/436 492/543/438 400/544/439 399/542/437
f 492/543/438 493/406/325 401/294/239 400/544/439
f 350/412/303 351/407/313 493/406/325 484/413/329
f 484/413/329 493/406/325 492/543/438 485/535/431
f 485/535/431 492/543/438 491/541/436 486/533/429
f 486/533/429 491/541/436 490/539/434 487/531/427
f 487/531/427 490/539/434 489/405/324 488/404/323
f 316/501/316 336/545/307 478/546/440 469/502/401
f 469/502/401 478/546/440 477/547/441 470/505/321
f 470/505/321 477/547/441 476/548/442 471/507/404
f 471/507/404 476/548/442 475/549/443 472/509/406
f 472/509/406 475/549/443 474/403/322 473/402/321
f 74/550/444 434/551/445 464/552/446 101/553/447
f 434/551/445 435/554/448 465/555/449 464/552/446
f 435/554/448 436/556/450 466/557/451 465/555/449
f 436/556/450 437/558/452 467/559/453 466/557/451
f 437/558/452 438/384/309 468/387/311 467/559/453
f 101/560/454 464/561/455 443/354/283 102/562/95
f 464/561/455 465/563/456 442/564/457 443/354/283
f 465/563/456 466/565/458 441/566/459 442/564/457
f 466/565/458 467/567/460 440/568/461 441/566/459
f 467/567/460 468/360/287 439/363/288 440/568/461
f 104/117/96 459/355/284 448/348/279 105/108/89
f 459/355/284 460/569/462 447/570/463 448/348/279
f 460/569/462 461/571/464 446/572/465 447/570/463
f 461/571/464 462/573/466 445/574/467 446/572/465
f 462/573/466 463/356/285 444/359/286 445/574/467
f 301/575/262 305/357/260 463/356/285 439/363/288
f 439/363/288 463/356/285 462/573/466 440/568/461
f 440/568/461 462/573/466 461/571/464 441/566/459
f 441/566/459 461/571/464 460/569/462 442/564/457
f 442/564/457 460/569/462 459/355/284 443/354/283
f 107/109/90 454/349/280 453/476/379 108/477/380
f 454/349/280 455/576/468 452/475/378 453/476/379
f 455/576/468 456/577/469 451/474/377 452/475/378
f 456/577/469 457/578/470 450/473/376 451/474/377
f 457/578/470 458/350/281 449/353/282 450/473/376
f 302/358/259 304/351/271 458/350/281 444/359/286
f 444/359/286 458/350/281 457/578/470 445/574/467
f 445/574/467 457/578/470 456/577/469 446/572/465
f 446/572/465 456/577/469 455/576/468 447/570/463
f 447/570/463 455/576/468 454/349/280 448/348/279
f 216/579/227 288/580/263 438/581/471 421/582/472
f 421/582/472 438/581/471 437/583/473 420/584/234
f 420/584/234 437/583/473 436/585/474 419/586/475
f 419/586/475 436/585/474 435/587/476 418/588/477
f 418/588/477 435/587/476 434/347/278 417/289/234
f 19/589/478 48/590/479 429/591/480 416/592/481
f 416/592/481 429/591/480 430/593/482 415/594/483
f 415/594/483 430/593/482 431/595/484 414/596/485
f 414/596/485 431/595/484 432/597/486 413/598/487
f 413/598/487 432/597/486 433/328/266 412/327/265
f 48/599/488 49/600/48 407/297/240 429/601/489
f 429/601/489 407/297/240 408/602/490 430/603/491
f 430/603/491 408/602/490 409/604/492 431/605/493
f 431/605/493 409/604/492 410/606/494 432/607/495
f 432/607/495 410/606/494 411/304/245 433/303/244
f 51/55/47 52/48/42 402/291/236 424/298/241
f 424/298/241 402/291/236 403/608/496 425/609/497
f 425/609/497 403/608/496 404/610/498 426/611/499
f 426/611/499 404/610/498 405/612/500 427/613/501
f 427/613/501 405/612/500 406/300/243 428/299/242
f 253/614/215 411/304/245 428/299/242 257/302/211
f 411/304/245 410/606/494 427/613/501 428/299/242
f 410/606/494 409/604/492 426/611/499 427/613/501
f 409/604/492 408/602/490 425/609/497 426/611/499
f 408/602/490 407/297/240 424/298/241 425/609/497
f 54/47/41 55/538/433 397/537/432 396/292/237
f 396/292/237 397/537/432 398/540/435 395/615/502
f 395/615/502 398/540/435 399/542/437 394/616/503
f 394/616/503 399/542/437 400/544/439 422/617/504
f 422/617/504 400/544/439 401/294/239 423/293/238
f 254/301/212 406/300/243 423/293/238 256/296/223
f 406/300/243 405/612/500 422/617/504 423/293/238
f 405/612/500 404/610/498 394/616/503 422/617/504
f 404/610/498 403/608/496 395/615/502 394/616/503
f 403/608/496 402/291/236 396/292/237 395/615/502
f 216/579/227 421/582/472 412/618/505 239/619/216
f 421/582/472 420/584/234 413/620/506 412/618/505
f 420/584/234 419/586/475 414/621/507 413/620/506
f 419/586/475 418/588/477 415/622/508 414/621/507
f 418/588/477 417/289/234 416/290/235 415/622/508
f 171/267/218 644/623/509 669/624/510 194/268/219
f 644/623/509 645/625/511 670/626/512 669/624/510
f 645/625/511 646/627/513 671/628/514 670/626/512
f 646/627/513 647/629/515 672/630/516 671/628/514
f 647/629/515 648/241/194 673/244/196 672/630/516
f 194/489/391 669/631/517 653/229/186 195/490/189
f 669/631/517 670/632/518 652/633/519 653/229/186
f 670/632/518 671/634/520 651/635/521 652/633/519
f 671/634/520 672/636/522 650/637/523 651/635/521
f 672/636/522 673/237/192 649/240/193 650/637/523
f 197/231/188 664/230/187 658/223/181 198/226/184
f 664/230/187 665/638/524 657/639/525 658/223/181
f 665/638/524 666/640/526 656/641/527 657/639/525
f 666/640/526 667/642/528 655/643/529 656/641/527
f 667/642/528 668/233/190 654/236/191 655/643/529
f 196/644/169 202/234/167 668/233/190 649/240/193
f 649/240/193 668/233/190 667/642/528 650/637/523
f 650/637/523 667/642/528 666/640/526 651/635/521
f 651/635/521 666/640/526 665/638/524 652/633/519
f 652/633/519 665/638/524 664/230/187 653/229/186
f 200/225/183 659/224/182 593/645/530 108/477/380
f 659/224/182 660/646/531 592/647/532 593/645/530
f 660/646/531 661/648/533 591/649/534 592/647/532
f 661/648/533 662/650/535 590/651/536 591/649/534
f 662/650/535 663/227/185 589/112/93 590/651/536
f 199/235/166 201/228/175 663/227/185 654/236/191
f 654/236/191 663/227/185 662/650/535 655/643/529
f 655/643/529 662/650/535 661/648/533 656/641/527
f 656/641/527 661/648/533 660/646/531 657/639/525
f 657/639/525 660/646/531 659/224/182 658/223/181
f 121/652/132 182/653/170 648/654/537 609/655/538
f 609/655/538 648/654/537 647/656/539 610/657/321
f 610/657/321 647/656/539 646/658/540 611/659/541
f 611/659/541 646/658/540 645/660/542 612/661/543
f 612/661/543 645/660/542 644/209/172 613/151/125
f 127/511/408 153/514/411 639/662/544 614/663/545
f 614/663/545 639/662/544 640/664/546 615/665/547
f 615/665/547 640/664/546 641/666/548 616/667/549
f 616/667/549 641/666/548 642/668/550 617/669/551
f 617/669/551 642/668/550 643/188/152 618/187/151
f 153/521/418 154/523/144 623/175/143 639/670/552
f 639/670/552 623/175/143 622/671/553 640/672/554
f 640/672/554 622/671/553 621/673/555 641/674/556
f 641/674/556 621/673/555 620/675/557 642/676/558
f 642/676/558 620/675/557 619/184/150 643/183/149
f 156/177/145 157/170/139 628/169/138 634/178/146
f 634/178/146 628/169/138 627/677/559 635/678/560
f 635/678/560 627/677/559 626/679/561 636/680/562
f 636/680/562 626/679/561 625/681/563 637/682/564
f 637/682/564 625/681/563 624/180/148 638/179/147
f 155/683/122 619/184/150 638/179/147 161/182/118
f 619/184/150 620/675/557 637/682/564 638/179/147
f 620/675/557 621/673/555 636/680/562 637/682/564
f 621/673/555 622/671/553 635/678/560 636/680/562
f 622/671/553 623/175/143 634/178/146 635/678/560
f 159/171/140 55/538/433 558/684/565 629/172/141
f 629/172/141 558/684/565 557/685/566 630/686/567
f 630/686/567 557/685/566 556/687/568 631/688/569
f 631/688/569 556/687/568 555/689/570 632/690/571
f 632/690/571 555/689/570 554/52/44 633/173/142
f 158/181/119 624/180/148 633/173/142 160/174/130
f 624/180/148 625/681/563 632/690/571 633/173/142
f 625/681/563 626/679/561 631/688/569 632/690/571
f 626/679/561 627/677/559 630/686/567 631/688/569
f 627/677/559 628/169/138 629/172/141 630/686/567
f 121/652/132 609/655/538 618/691/572 140/692/123
f 609/655/538 610/657/321 617/693/573 618/691/572
f 610/657/321 611/659/541 616/694/574 617/693/573
f 611/659/541 612/661/543 615/695/575 616/694/574
f 612/661/543 613/151/125 614/154/128 615/695/575
f 74/550/444 101/553/447 604/696/576 574/697/577
f 574/697/577 604/696/576 605/698/578 575/699/579
f 575/699/579 605/698/578 606/700/580 576/701/581
f 576/701/581 606/700/580 607/702/582 577/703/583
f 577/703/583 607/702/582 608/128/103 578/127/102
f 101/560/454 102/562/95 583/115/94 604/704/584
f 604/704/584 583/115/94 582/705/585 605/706/586
f 605/706/586 582/705/585 581/707/587 606/708/588
f 606/708/588 581/707/587 580/709/589 607/710/590
f 607/710/590 580/709/589 579/124/101 608/123/100
f 104/117/96 105/108/89 588/107/88 599/118/97
f 599/118/97 588/107/88 587/711/591 600/712/592
f 600/712/592 587/711/591 586/713/593 601/714/594
f 601/714/594 586/713/593 585/715/595 602/716/596
f 602/716/596 585/715/595 584/120/99 603/119/98
f 103/717/73 579/124/101 603/119/98 111/122/69
f 579/124/101 580/709/589 602/716/596 603/119/98
f 580/709/589 581/707/587 601/714/594 602/716/596
f 581/707/587 582/705/585 600/712/592 601/714/594
f 582/705/585 583/115/94 599/118/97 600/712/592
f 107/109/90 108/477/380 593/645/530 594/110/91
f 594/110/91 593/645/530 592/647/532 595/718/597
f 595/718/597 592/647/532 591/649/534 596/719/598
f 596/719/598 591/649/534 590/651/536 597/720/599
f 597/720/599 590/651/536 589/112/93 598/111/92
f 106/121/70 584/120/99 598/111/92 110/114/79
f 584/120/99 585/715/595 597/720/599 598/111/92
f 585/715/595 586/713/593 596/719/598 597/720/599
f 586/713/593 587/711/591 595/718/597 596/719/598
f 587/711/591 588/107/88 594/110/91 595/718/597
f 11/721/33 534/722/600 578/723/601 88/724/74
f 534/722/600 535/725/234 577/726/602 578/723/601
f 535/725/234 536/727/603 576/728/604 577/726/602
f 536/727/603 537/729/605 575/730/606 576/728/604
f 537/729/605 538/23/23 574/90/77 575/730/606
f 19/589/478 539/731/607 569/732/608 48/590/479
f 539/731/607 540/733/609 570/734/610 569/732/608
f 540/733/609 541/735/611 571/736/612 570/734/610
f 541/735/611 542/737/613 572/738/614 571/736/612
f 542/737/613 543/65/53 573/68/55 572/738/614
f 48/599/488 569/739/615 548/53/45 49/600/48
f 569/739/615 570/740/616 547/741/617 548/53/45
f 570/740/616 571/742/618 546/743/619 547/741/617
f 571/742/618 572/744/620 545/745/621 546/743/619
f 572/744/620 573/61/51 544/64/52 545/745/621
f 51/55/47 564/54/46 553/45/39 52/48/42
f 564/54/46 565/746/622 552/747/623 553/45/39
f 565/746/622 566/748/624 551/749/625 552/747/623
f 566/748/624 567/750/626 550/751/627 551/749/625
f 567/750/626 568/57/49 549/60/50 550/751/627
f 50/752/20 58/58/18 568/57/49 544/64/52
f 544/64/52 568/57/49 567/750/626 545/745/621
f 545/745/621 567/750/626 566/748/624 546/743/619
f 546/743/619 566/748/624 565/746/622 547/741/617
f 547/741/617 565/746/622 564/54/46 548/53/45
f 54/47/41 559/46/40 558/684/565 55/538/433
f 559/46/40 560/753/628 557/685/566 558/684/565
f 560/753/628 561/754/629 556/687/568 557/685/566
f 561/754/629 562/755/630 555/689/570 556/687/568
f 562/755/630 563/49/43 554/52/44 555/689/570
f 53/59/17 57/50/30 563/49/43 549/60/50
f 549/60/50 563/49/43 562/755/630 550/751/627
f 550/751/627 562/755/630 561/754/629 551/749/625
f 551/749/625 561/754/629 560/753/628 552/747/623
f 552/747/623 560/753/628 559/46/40 553/45/39
f 11/721/33 34/756/21 543/757/631 534/722/600
f 534/722/600 543/757/631 542/758/632 535/725/234
f 535/725/234 542/758/632 541/759/633 536/727/603
f 536/727/603 541/759/633 540/760/634 537/729/605
f 537/729/605 540/760/634 539/24/24 538/23/23
f 677/761/635 696/762/636 708/763/637 685/764/638
f 708/763/637 696/762/636 678/765/639 686/766/639
f 676/767/640 697/768/641 707/769/642 684/770/643
f 707/769/642 697/768/641 677/761/635 685/764/638
f 675/771/644 698/772/645 706/773/646 683/774/647
f 706/773/646 698/772/645 676/767/640 684/770/643
f 710/775/648 689/776/649 730/777/650 735/778/651
f 688/779/652 710/775/648 735/778/651 727/780/653
f 711/781/654 688/779/652 727/780/653 736/782/655
f 1217/783/234 1218/784/656 695/785/657 674/786/658
f 709/787/659 690/788/660 733/789/661 734/790/662
f 691/791/663 718/792/664 711/793/654 687/794/665
f 711/793/654 718/792/664 692/795/666 688/796/652
f 689/797/649 693/798/667 716/799/668 709/800/659
f 709/800/659 716/799/668 694/801/669 690/802/660
f 692/795/666 717/803/670 710/804/648 688/796/652
f 710/804/648 717/803/670 693/798/667 689/797/649
f 1232/805/671 1238/806/672 731/807/673 729/808/674
f 1242/809/675 734/810/662 733/811/661 1233/812/676
f 1227/813/677 1243/814/678 728/815/679 726/816/680
f 1247/817/681 735/818/651 730/819/650 1228/820/682
f 1252/821/683 736/822/655 727/823/653 1223/824/684
f 689/776/649 709/787/659 734/790/662 730/777/650
f 1222/825/685 711/826/686 736/827/686 1252/828/687
f 738/829/688 744/830/689 764/831/690 753/832/691
f 764/831/690 745/833/692 739/834/692 753/832/691
f 737/835/693 743/836/694 763/837/695 754/838/696
f 763/837/695 744/830/689 738/829/688 754/838/696
f 675/771/644 683/774/647 762/839/697 755/840/698
f 762/839/697 743/836/694 737/835/693 755/840/698
f 766/841/699 790/842/700 785/843/701 747/844/702
f 746/845/703 782/846/704 790/842/700 766/841/699
f 767/847/705 791/848/706 782/846/704 746/845/703
f 1217/783/234 674/786/658 752/849/707 1253/850/708
f 765/851/709 789/852/710 788/853/711 748/854/712
f 691/791/663 687/794/665 767/855/705 773/856/713
f 767/855/705 746/857/703 749/858/714 773/856/713
f 747/859/702 765/860/709 771/861/715 750/862/716
f 765/860/709 748/863/712 751/864/717 771/861/715
f 749/858/714 746/857/703 766/865/699 772/866/718
f 766/865/699 747/859/702 750/862/716 772/866/718
f 1267/867/719 784/868/720 786/869/721 1273/870/722
f 1277/871/723 1268/872/724 788/873/711 789/874/710
f 1262/875/725 781/876/726 783/877/727 1278/878/728
f 1282/879/729 1263/880/730 785/881/701 790/882/700
f 1287/883/731 1258/884/732 782/885/704 791/886/706
f 747/844/702 785/843/701 789/852/710 765/851/709
f 1257/887/733 1287/888/734 791/889/735 767/890/735
f 795/891/736 801/892/737 820/893/738 809/894/739
f 820/893/738 686/766/639 678/765/639 809/894/739
f 794/895/740 800/896/741 819/897/742 810/898/743
f 819/897/742 801/892/737 795/891/736 810/898/743
f 793/899/744 799/900/745 818/901/746 811/902/747
f 818/901/746 800/896/741 794/895/740 811/902/747
f 822/903/748 844/904/749 841/905/750 804/906/751
f 803/907/752 838/908/753 844/904/749 822/903/748
f 823/909/754 845/910/755 838/908/753 803/907/752
f 1292/911/321 792/912/756 808/913/757 1293/914/758
f 821/915/759 843/916/760 733/789/661 690/788/660
f 805/917/761 802/918/762 823/919/754 829/920/763
f 823/919/754 803/921/752 806/922/764 829/920/763
f 804/923/751 821/924/759 827/925/765 807/926/766
f 821/924/759 690/802/660 694/801/669 827/925/765
f 806/922/764 803/921/752 822/927/748 828/928/767
f 822/927/748 804/923/751 807/926/766 828/928/767
f 1307/929/768 840/930/769 842/931/770 1308/932/771
f 1312/933/772 1233/812/676 733/811/661 843/934/760
f 1302/935/773 837/936/774 839/937/775 1313/938/776
f 1317/939/777 1303/940/778 841/941/750 844/942/749
f 1322/943/779 1298/944/780 838/945/753 845/946/755
f 804/906/751 841/905/750 843/916/760 821/915/759
f 1297/947/781 1322/948/782 845/949/783 823/950/783
f 847/951/784 857/952/785 867/953/786 851/954/787
f 867/953/786 857/952/785 739/834/692 745/833/692
f 846/955/788 858/956/789 866/957/790 850/958/791
f 866/957/790 858/956/789 847/951/784 851/954/787
f 793/899/744 859/959/792 865/960/793 799/900/745
f 865/960/793 859/959/792 846/955/788 850/958/791
f 869/961/794 853/962/795 887/963/796 890/964/797
f 852/965/798 869/961/794 890/964/797 884/966/799
f 870/967/800 852/965/798 884/966/799 891/968/801
f 1292/911/321 1323/969/802 856/970/803 792/912/756
f 868/971/804 748/854/712 788/853/711 889/972/805
f 805/917/761 875/973/806 870/974/800 802/918/762
f 870/974/800 875/973/806 854/975/807 852/976/798
f 853/977/795 855/978/808 873/979/809 868/980/804
f 868/980/804 873/979/809 751/864/717 748/863/712
f 854/975/807 874/981/810 869/982/794 852/976/798
f 869/982/794 874/981/810 855/978/808 853/977/795
f 1337/983/811 1338/984/812 888/985/813 886/986/814
f 1342/987/815 889/988/805 788/873/711 1268/872/724
f 1332/989/816 1343/990/817 885/991/818 883/992/819
f 1347/993/820 890/994/797 887/995/796 1333/996/821
f 1352/997/822 891/998/801 884/999/799 1328/1000/823
f 853/962/795 868/971/804 889/972/805 887/963/796
f 1327/1001/824 870/1002/825 891/1003/825 1352/1004/826
f 894/1/1 901/1005/827 921/1006/828 20/2/2
f 921/1006/828 902/1007/829 2/5/5 20/2/2
f 893/7/7 900/1008/830 920/1009/831 911/8/8
f 920/1009/831 901/1005/827 894/1/1 911/8/8
f 892/11/11 899/1010/832 919/1011/833 21/12/12
f 919/1011/833 900/1008/830 893/7/7 21/12/12
f 923/1012/834 942/1013/835 939/1014/836 905/1015/837
f 904/1016/838 938/1017/839 942/1013/835 923/1012/834
f 924/1018/840 943/1019/841 938/1017/839 904/1016/838
f 856/1020/842 882/1021/843 1208/1022/844 1183/1023/845
f 922/1024/846 941/1025/847 940/1026/848 906/1027/849
f 907/1028/850 903/1029/851 924/1030/840 931/1031/852
f 924/1030/840 904/1032/838 908/1033/853 931/1031/852
f 905/1034/837 922/1035/846 929/1036/854 909/1037/855
f 922/1035/846 906/1038/849 910/1039/856 929/1036/854
f 908/1033/853 904/1032/838 923/1040/834 930/1041/857
f 923/1040/834 905/1034/837 909/1037/855 930/1041/857
f 1096/1042/858 674/786/658 695/785/657 1095/1043/859
f 1081/1044/860 729/808/674 731/807/673 1075/1045/861
f 1102/1046/862 1080/1047/863 940/1048/848 941/1049/847
f 1086/1050/864 726/816/680 728/815/679 1103/1051/865
f 1107/1052/866 1085/1053/867 939/1054/836 942/1055/835
f 905/1015/837 939/1014/836 941/1025/847 922/1024/846
f 1112/1056/868 1090/1057/869 938/1058/839 943/1059/841
f 60/69/56 75/72/59 966/1060/870 949/1061/871
f 966/1060/870 75/72/59 61/74/61 950/1062/872
f 944/75/62 957/78/65 965/1063/873 948/1064/874
f 965/1063/873 957/78/65 60/69/56 949/1061/871
f 892/11/11 76/80/67 964/1065/875 899/1010/832
f 964/1065/875 76/80/67 944/75/62 948/1064/874
f 968/1066/876 952/1067/877 983/1068/878 986/1069/879
f 951/1070/880 968/1066/876 986/1069/879 982/1071/881
f 969/1072/882 951/1070/880 982/1071/881 987/1073/883
f 1091/1074/884 1112/1075/885 943/1076/886 924/1077/886
f 967/1078/887 953/1079/888 984/1080/889 985/1081/890
f 907/1028/850 975/1082/891 969/1083/882 903/1029/851
f 969/1083/882 975/1082/891 954/1084/892 951/1085/880
f 952/1086/877 955/1087/893 973/1088/894 967/1089/887
f 967/1089/887 973/1088/894 956/1090/895 953/1091/888
f 954/1084/892 974/1092/896 968/1093/876 951/1085/880
f 968/1093/876 974/1092/896 955/1087/893 952/1086/877
f 1096/1042/858 1113/1094/897 752/849/707 674/786/658
f 1127/1095/898 1133/1096/899 786/869/721 784/868/720
f 1137/1097/900 985/1098/890 984/1099/889 1128/1100/901
f 1122/1101/902 1138/1102/903 783/877/727 781/876/726
f 1142/1103/904 986/1104/879 983/1105/878 1123/1106/905
f 952/1067/877 967/1078/887 985/1081/890 983/1068/878
f 1147/1107/906 987/1108/883 982/1109/881 1118/1110/907
f 989/131/105 128/134/108 1012/1111/908 995/1112/909
f 1012/1111/908 128/134/108 2/5/5 902/1007/829
f 114/135/109 1002/138/112 1011/1113/910 994/1114/911
f 1011/1113/910 1002/138/112 989/131/105 995/1112/909
f 988/139/113 1003/142/116 1010/1115/912 993/1116/913
f 1010/1115/912 1003/142/116 114/135/109 994/1114/911
f 1014/1117/914 998/1118/915 1029/1119/916 1031/1120/917
f 997/1121/918 1014/1117/914 1031/1120/917 1028/1122/919
f 1015/1123/920 997/1121/918 1028/1122/919 1032/1124/921
f 1117/1125/922 969/1126/923 987/1127/923 1147/1128/924
f 1013/1129/925 906/1027/849 940/1026/848 1030/1130/926
f 999/1131/927 1021/1132/928 1015/1133/920 996/1134/929
f 1015/1133/920 1021/1132/928 1000/1135/930 997/1136/918
f 998/1137/915 1001/1138/931 1019/1139/932 1013/1140/925
f 1013/1140/925 1019/1139/932 910/1039/856 906/1038/849
f 1000/1135/930 1020/1141/933 1014/1142/914 997/1136/918
f 1014/1142/914 1020/1141/933 1001/1138/931 998/1137/915
f 1152/1143/934 1153/1144/935 808/913/757 792/912/756
f 1167/1145/936 1168/1146/937 842/931/770 840/930/769
f 1172/1147/938 1030/1148/926 940/1048/848 1080/1047/863
f 1162/1149/939 1173/1150/940 839/937/775 837/936/774
f 1177/1151/941 1031/1152/917 1029/1153/916 1163/1154/942
f 998/1118/915 1013/1129/925 1030/1130/926 1029/1119/916
f 1182/1155/943 1032/1156/921 1028/1157/919 1158/1158/944
f 1034/191/154 1038/1159/945 1053/1160/946 1043/192/155
f 1053/1160/946 950/1062/872 61/74/61 1043/192/155
f 1033/195/158 1037/1161/947 1052/1162/948 1044/196/159
f 1052/1162/948 1038/1159/945 1034/191/154 1044/196/159
f 988/139/113 993/1116/913 1051/1163/949 1045/199/162
f 1051/1163/949 1037/1161/947 1033/195/158 1045/199/162
f 1055/1164/950 1071/1165/951 1069/1166/952 1040/1167/953
f 1039/1168/954 1068/1169/955 1071/1165/951 1055/1164/950
f 1056/1170/956 1072/1171/957 1068/1169/955 1039/1168/954
f 1157/1172/958 1015/1173/959 1032/1174/959 1182/1175/960
f 1054/1176/961 1070/1177/962 984/1080/889 953/1079/888
f 999/1131/927 996/1134/929 1056/1178/956 1061/1179/963
f 1056/1178/956 1039/1180/954 1041/1181/964 1061/1179/963
f 1040/1182/953 1054/1183/961 1059/1184/965 1042/1185/966
f 1054/1183/961 953/1091/888 956/1090/895 1059/1184/965
f 1041/1181/964 1039/1180/954 1055/1186/950 1060/1187/967
f 1055/1186/950 1040/1182/953 1042/1185/966 1060/1187/967
f 1152/1143/934 792/912/756 856/970/803 1183/1188/968
f 1197/1189/969 886/986/814 888/985/813 1198/1190/970
f 1202/1191/971 1128/1100/901 984/1099/889 1070/1192/962
f 1192/1193/972 883/992/819 885/991/818 1203/1194/973
f 1207/1195/974 1193/1196/975 1069/1197/952 1071/1198/951
f 1040/1167/953 1069/1166/952 1070/1177/962 1054/1176/961
f 1212/1199/976 1188/1200/977 1068/1201/955 1072/1202/957
f 1195/1203/978 1196/1204/979 1199/1205/980 1200/1206/981
f 1194/1207/982 1195/1203/978 1200/1206/981 1201/1208/983
f 1193/1196/975 1194/1207/982 1201/1208/983 1202/1191/971
f 1069/1197/952 1193/1196/975 1202/1191/971 1070/1192/962
f 1201/1208/983 1129/1209/984 1128/1100/901 1202/1191/971
f 1200/1206/981 1130/1210/985 1129/1209/984 1201/1208/983
f 1199/1205/980 1131/1211/986 1130/1210/985 1200/1206/981
f 1198/1190/970 1132/1212/987 1131/1211/986 1199/1205/980
f 888/985/813 787/1213/988 1132/1212/987 1198/1190/970
f 1191/1214/989 1192/1193/972 1203/1194/973 1204/1215/990
f 1190/1216/991 1191/1214/989 1204/1215/990 1205/1217/992
f 1189/1218/993 1190/1216/991 1205/1217/992 1206/1219/994
f 1188/1200/977 1189/1218/993 1206/1219/994 1207/1195/974
f 1068/1220/955 1188/1200/977 1207/1195/974 1071/1198/951
f 1206/1219/994 1194/1207/982 1193/1196/975 1207/1195/974
f 1205/1217/992 1195/1203/978 1194/1207/982 1206/1219/994
f 1204/1215/990 1196/1204/979 1195/1203/978 1205/1217/992
f 1203/1194/973 1197/1189/969 1196/1204/979 1204/1215/990
f 885/991/818 886/986/814 1197/1189/969 1203/1194/973
f 1211/1221/995 1189/1218/993 1188/1200/977 1212/1199/976
f 1210/1222/996 1190/1216/991 1189/1218/993 1211/1221/995
f 1209/1223/997 1191/1214/989 1190/1216/991 1210/1222/996
f 1208/1224/998 1192/1193/972 1191/1214/989 1209/1223/997
f 882/1225/999 883/1226/819 1192/1193/972 1208/1224/998
f 1186/1227/1000 1211/1228/1001 1212/1229/1002 1187/1230/1003
f 1185/1231/1004 1210/1232/1005 1211/1228/1001 1186/1227/1000
f 1184/1233/1006 1209/1234/1007 1210/1232/1005 1185/1231/1004
f 1183/1023/845 1208/1022/844 1209/1234/1007 1184/1233/1006
f 1187/1230/1003 1212/1229/1002 1072/1235/1008 1056/1236/1008
f 1196/1204/979 1197/1189/969 1198/1190/970 1199/1205/980
f 996/1237/929 1148/1238/1009 1187/1239/1010 1056/1240/956
f 1148/1238/1009 1149/1241/321 1186/1242/1011 1187/1239/1010
f 1149/1241/321 1150/1243/1012 1185/1244/1013 1186/1242/1011
f 1150/1243/1012 1151/1245/1014 1184/1246/1015 1185/1244/1013
f 1151/1245/1014 1152/1143/934 1183/1188/968 1184/1246/1015
f 808/1247/1016 1153/1248/1017 1178/1249/1018 836/1250/1016
f 1153/1248/1017 1154/1251/1019 1179/1252/1020 1178/1249/1018
f 1154/1251/1019 1155/1253/1021 1180/1254/1022 1179/1252/1020
f 1155/1253/1021 1156/1255/1023 1181/1256/1024 1180/1254/1022
f 1156/1255/1023 1157/1172/958 1182/1175/960 1181/1256/1024
f 836/1257/1025 1178/1258/1026 1162/1149/939 837/1259/774
f 1178/1258/1026 1179/1260/1027 1161/1261/1028 1162/1149/939
f 1179/1260/1027 1180/1262/1029 1160/1263/1030 1161/1261/1028
f 1180/1262/1029 1181/1264/1031 1159/1265/1032 1160/1263/1030
f 1181/1264/1031 1182/1155/943 1158/1158/944 1159/1265/1032
f 839/937/775 1173/1150/940 1167/1145/936 840/930/769
f 1173/1150/940 1174/1266/1033 1166/1267/1034 1167/1145/936
f 1174/1266/1033 1175/1268/1035 1165/1269/1036 1166/1267/1034
f 1175/1268/1035 1176/1270/1037 1164/1271/1038 1165/1269/1036
f 1176/1270/1037 1177/1151/941 1163/1154/942 1164/1271/1038
f 1028/1272/919 1031/1152/917 1177/1151/941 1158/1158/944
f 1158/1158/944 1177/1151/941 1176/1270/1037 1159/1265/1032
f 1159/1265/1032 1176/1270/1037 1175/1268/1035 1160/1263/1030
f 1160/1263/1030 1175/1268/1035 1174/1266/1033 1161/1261/1028
f 1161/1261/1028 1174/1266/1033 1173/1150/940 1162/1149/939
f 842/931/770 1168/1146/937 1076/1273/1039 732/1274/1040
f 1168/1146/937 1169/1275/1041 1077/1276/1042 1076/1273/1039
f 1169/1275/1041 1170/1277/1043 1078/1278/1044 1077/1276/1042
f 1170/1277/1043 1171/1279/1045 1079/1280/1046 1078/1278/1044
f 1171/1279/1045 1172/1147/938 1080/1047/863 1079/1280/1046
f 1029/1153/916 1030/1148/926 1172/1147/938 1163/1154/942
f 1163/1154/942 1172/1147/938 1171/1279/1045 1164/1271/1038
f 1164/1271/1038 1171/1279/1045 1170/1277/1043 1165/1269/1036
f 1165/1269/1036 1170/1277/1043 1169/1275/1041 1166/1267/1034
f 1166/1267/1034 1169/1275/1041 1168/1146/937 1167/1145/936
f 996/1237/929 1015/1281/920 1157/1282/1047 1148/1238/1009
f 1148/1238/1009 1157/1282/1047 1156/1283/1048 1149/1241/321
f 1149/1241/321 1156/1283/1048 1155/1284/1049 1150/1243/1012
f 1150/1243/1012 1155/1284/1049 1154/1285/1050 1151/1245/1014
f 1151/1245/1014 1154/1285/1050 1153/1144/935 1152/1143/934
f 752/1286/1051 1113/1287/1052 1143/1288/1053 780/1289/1054
f 1113/1287/1052 1114/1290/1055 1144/1291/1056 1143/1288/1053
f 1114/1290/1055 1115/1292/1057 1145/1293/1058 1144/1291/1056
f 1115/1292/1057 1116/1294/1059 1146/1295/1060 1145/1293/1058
f 1116/1294/1059 1117/1125/922 1147/1128/924 1146/1295/1060
f 780/1296/1061 1143/1297/1062 1122/1101/902 781/1298/726
f 1143/1297/1062 1144/1299/1063 1121/1300/1064 1122/1101/902
f 1144/1299/1063 1145/1301/1065 1120/1302/1066 1121/1300/1064
f 1145/1301/1065 1146/1303/1067 1119/1304/1068 1120/1302/1066
f 1146/1303/1067 1147/1107/906 1118/1110/907 1119/1304/1068
f 783/877/727 1138/1102/903 1127/1095/898 784/868/720
f 1138/1102/903 1139/1305/1069 1126/1306/1070 1127/1095/898
f 1139/1305/1069 1140/1307/1071 1125/1308/1072 1126/1306/1070
f 1140/1307/1071 1141/1309/1073 1124/1310/1074 1125/1308/1072
f 1141/1309/1073 1142/1103/904 1123/1106/905 1124/1310/1074
f 982/1311/881 986/1104/879 1142/1103/904 1118/1110/907
f 1118/1110/907 1142/1103/904 1141/1309/1073 1119/1304/1068
f 1119/1304/1068 1141/1309/1073 1140/1307/1071 1120/1302/1066
f 1120/1302/1066 1140/1307/1071 1139/1305/1069 1121/1300/1064
f 1121/1300/1064 1139/1305/1069 1138/1102/903 1122/1101/902
f 786/869/721 1133/1096/899 1132/1212/987 787/1213/988
f 1133/1096/899 1134/1312/1075 1131/1211/986 1132/1212/987
f 1134/1312/1075 1135/1313/1076 1130/1210/985 1131/1211/986
f 1135/1313/1076 1136/1314/1077 1129/1209/984 1130/1210/985
f 1136/1314/1077 1137/1097/900 1128/1100/901 1129/1209/984
f 983/1105/878 985/1098/890 1137/1097/900 1123/1106/905
f 1123/1106/905 1137/1097/900 1136/1314/1077 1124/1310/1074
f 1124/1310/1074 1136/1314/1077 1135/1313/1076 1125/1308/1072
f 1125/1308/1072 1135/1313/1076 1134/1312/1075 1126/1306/1070
f 1126/1306/1070 1134/1312/1075 1133/1096/899 1127/1095/898
f 903/1315/851 969/1316/882 1117/1317/1078 1100/1318/1079
f 1100/1318/1079 1117/1317/1078 1116/1319/1080 1099/1320/234
f 1099/1320/234 1116/1319/1080 1115/1321/1081 1098/1322/1082
f 1098/1322/1082 1115/1321/1081 1114/1323/1083 1097/1324/1084
f 1097/1324/1084 1114/1323/1083 1113/1094/897 1096/1042/858
f 695/1325/1085 725/1326/1085 1108/1327/1086 1095/1328/1087
f 1095/1328/1087 1108/1327/1086 1109/1329/1088 1094/1330/1089
f 1094/1330/1089 1109/1329/1088 1110/1331/1090 1093/1332/1091
f 1093/1332/1091 1110/1331/1090 1111/1333/1092 1092/1334/1093
f 1092/1334/1093 1111/1333/1092 1112/1075/885 1091/1074/884
f 725/1335/1094 726/1336/680 1086/1050/864 1108/1337/1095
f 1108/1337/1095 1086/1050/864 1087/1338/1096 1109/1339/1097
f 1109/1339/1097 1087/1338/1096 1088/1340/1098 1110/1341/1099
f 1110/1341/1099 1088/1340/1098 1089/1342/1100 1111/1343/1101
f 1111/1343/1101 1089/1342/1100 1090/1057/869 1112/1056/868
f 728/815/679 729/808/674 1081/1044/860 1103/1051/865
f 1103/1051/865 1081/1044/860 1082/1344/1102 1104/1345/1103
f 1104/1345/1103 1082/1344/1102 1083/1346/1104 1105/1347/1105
f 1105/1347/1105 1083/1346/1104 1084/1348/1106 1106/1349/1107
f 1106/1349/1107 1084/1348/1106 1085/1053/867 1107/1052/866
f 938/1350/839 1090/1057/869 1107/1052/866 942/1055/835
f 1090/1057/869 1089/1342/1100 1106/1349/1107 1107/1052/866
f 1089/1342/1100 1088/1340/1098 1105/1347/1105 1106/1349/1107
f 1088/1340/1098 1087/1338/1096 1104/1345/1103 1105/1347/1105
f 1087/1338/1096 1086/1050/864 1103/1051/865 1104/1345/1103
f 731/807/673 732/1274/1040 1076/1273/1039 1075/1045/861
f 1075/1045/861 1076/1273/1039 1077/1276/1042 1074/1351/1108
f 1074/1351/1108 1077/1276/1042 1078/1278/1044 1073/1352/1109
f 1073/1352/1109 1078/1278/1044 1079/1280/1046 1101/1353/1110
f 1101/1353/1110 1079/1280/1046 1080/1047/863 1102/1046/862
f 939/1054/836 1085/1053/867 1102/1046/862 941/1049/847
f 1085/1053/867 1084/1348/1106 1101/1353/1110 1102/1046/862
f 1084/1348/1106 1083/1346/1104 1073/1352/1109 1101/1353/1110
f 1083/1346/1104 1082/1344/1102 1074/1351/1108 1073/1352/1109
f 1082/1344/1102 1081/1044/860 1075/1045/861 1074/1351/1108
f 903/1315/851 1100/1318/1079 1091/1354/1111 924/1355/840
f 1100/1318/1079 1099/1320/234 1092/1356/1112 1091/1354/1111
f 1099/1320/234 1098/1322/1082 1093/1357/1113 1092/1356/1112
f 1098/1322/1082 1097/1324/1084 1094/1358/1114 1093/1357/1113
f 1097/1324/1084 1096/1042/858 1095/1043/859 1094/1358/1114
f 856/1020/842 1323/1359/1115 1348/1360/1116 882/1021/843
f 1323/1359/1115 1324/1361/1117 1349/1362/1118 1348/1360/1116
f 1324/1361/1117 1325/1363/1119 1350/1364/1120 1349/1362/1118
f 1325/1363/1119 1326/1365/1121 1351/1366/1122 1350/1364/1120
f 1326/1365/1121 1327/1001/824 1352/1004/826 1351/1366/1122
f 882/1225/999 1348/1367/1123 1332/989/816 883/1226/819
f 1348/1367/1123 1349/1368/1124 1331/1369/1125 1332/989/816
f 1349/1368/1124 1350/1370/1126 1330/1371/1127 1331/1369/1125
f 1350/1370/1126 1351/1372/1128 1329/1373/1129 1330/1371/1127
f 1351/1372/1128 1352/997/822 1328/1000/823 1329/1373/1129
f 885/991/818 1343/990/817 1337/983/811 886/986/814
f 1343/990/817 1344/1374/1130 1336/1375/1131 1337/983/811
f 1344/1374/1130 1345/1376/1132 1335/1377/1133 1336/1375/1131
f 1345/1376/1132 1346/1378/1134 1334/1379/1135 1335/1377/1133
f 1346/1378/1134 1347/993/820 1333/996/821 1334/1379/1135
f 884/1380/799 890/994/797 1347/993/820 1328/1000/823
f 1328/1000/823 1347/993/820 1346/1378/1134 1329/1373/1129
f 1329/1373/1129 1346/1378/1134 1345/1376/1132 1330/1371/1127
f 1330/1371/1127 1345/1376/1132 1344/1374/1130 1331/1369/1125
f 1331/1369/1125 1344/1374/1130 1343/990/817 1332/989/816
f 888/985/813 1338/984/812 1272/1381/1136 787/1213/988
f 1338/984/812 1339/1382/1137 1271/1383/1138 1272/1381/1136
f 1339/1382/1137 1340/1384/1139 1270/1385/1140 1271/1383/1138
f 1340/1384/1139 1341/1386/1141 1269/1387/1142 1270/1385/1140
f 1341/1386/1141 1342/987/815 1268/872/724 1269/1387/1142
f 887/995/796 889/988/805 1342/987/815 1333/996/821
f 1333/996/821 1342/987/815 1341/1386/1141 1334/1379/1135
f 1334/1379/1135 1341/1386/1141 1340/1384/1139 1335/1377/1133
f 1335/1377/1133 1340/1384/1139 1339/1382/1137 1336/1375/1131
f 1336/1375/1131 1339/1382/1137 1338/984/812 1337/983/811
f 802/1388/762 870/1389/800 1327/1390/1143 1288/1391/1144
f 1288/1391/1144 1327/1390/1143 1326/1392/1145 1289/1393/321
f 1289/1393/321 1326/1392/1145 1325/1394/1146 1290/1395/1147
f 1290/1395/1147 1325/1394/1146 1324/1396/1148 1291/1397/1149
f 1291/1397/1149 1324/1396/1148 1323/969/802 1292/911/321
f 808/1247/1016 836/1250/1016 1318/1398/1150 1293/1399/1151
f 1293/1399/1151 1318/1398/1150 1319/1400/1152 1294/1401/1153
f 1294/1401/1153 1319/1400/1152 1320/1402/1154 1295/1403/1155
f 1295/1403/1155 1320/1402/1154 1321/1404/1156 1296/1405/1157
f 1296/1405/1157 1321/1404/1156 1322/948/782 1297/947/781
f 836/1257/1025 837/1259/774 1302/935/773 1318/1406/1158
f 1318/1406/1158 1302/935/773 1301/1407/1159 1319/1408/1160
f 1319/1408/1160 1301/1407/1159 1300/1409/1161 1320/1410/1162
f 1320/1410/1162 1300/1409/1161 1299/1411/1163 1321/1412/1164
f 1321/1412/1164 1299/1411/1163 1298/944/780 1322/943/779
f 839/937/775 840/930/769 1307/929/768 1313/938/776
f 1313/938/776 1307/929/768 1306/1413/1165 1314/1414/1166
f 1314/1414/1166 1306/1413/1165 1305/1415/1167 1315/1416/1168
f 1315/1416/1168 1305/1415/1167 1304/1417/1169 1316/1418/1170
f 1316/1418/1170 1304/1417/1169 1303/940/778 1317/939/777
f 838/1419/753 1298/944/780 1317/939/777 844/942/749
f 1298/944/780 1299/1411/1163 1316/1418/1170 1317/939/777
f 1299/1411/1163 1300/1409/1161 1315/1416/1168 1316/1418/1170
f 1300/1409/1161 1301/1407/1159 1314/1414/1166 1315/1416/1168
f 1301/1407/1159 1302/935/773 1313/938/776 1314/1414/1166
f 842/931/770 732/1274/1040 1237/1420/1171 1308/932/771
f 1308/932/771 1237/1420/1171 1236/1421/1172 1309/1422/1173
f 1309/1422/1173 1236/1421/1172 1235/1423/1174 1310/1424/1175
f 1310/1424/1175 1235/1423/1174 1234/1425/1176 1311/1426/1177
f 1311/1426/1177 1234/1425/1176 1233/812/676 1312/933/772
f 841/941/750 1303/940/778 1312/933/772 843/934/760
f 1303/940/778 1304/1417/1169 1311/1426/1177 1312/933/772
f 1304/1417/1169 1305/1415/1167 1310/1424/1175 1311/1426/1177
f 1305/1415/1167 1306/1413/1165 1309/1422/1173 1310/1424/1175
f 1306/1413/1165 1307/929/768 1308/932/771 1309/1422/1173
f 802/1388/762 1288/1391/1144 1297/1427/1178 823/1428/754
f 1288/1391/1144 1289/1393/321 1296/1429/1179 1297/1427/1178
f 1289/1393/321 1290/1395/1147 1295/1430/1180 1296/1429/1179
f 1290/1395/1147 1291/1397/1149 1294/1431/1181 1295/1430/1180
f 1291/1397/1149 1292/911/321 1293/914/758 1294/1431/1181
f 752/1286/1051 780/1289/1054 1283/1432/1182 1253/1433/1183
f 1253/1433/1183 1283/1432/1182 1284/1434/1184 1254/1435/1185
f 1254/1435/1185 1284/1434/1184 1285/1436/1186 1255/1437/1187
f 1255/1437/1187 1285/1436/1186 1286/1438/1188 1256/1439/1189
f 1256/1439/1189 1286/1438/1188 1287/888/734 1257/887/733
f 780/1296/1061 781/1298/726 1262/875/725 1283/1440/1190
f 1283/1440/1190 1262/875/725 1261/1441/1191 1284/1442/1192
f 1284/1442/1192 1261/1441/1191 1260/1443/1193 1285/1444/1194
f 1285/1444/1194 1260/1443/1193 1259/1445/1195 1286/1446/1196
f 1286/1446/1196 1259/1445/1195 1258/884/732 1287/883/731
f 783/877/727 784/868/720 1267/867/719 1278/878/728
f 1278/878/728 1267/867/719 1266/1447/1197 1279/1448/1198
f 1279/1448/1198 1266/1447/1197 1265/1449/1199 1280/1450/1200
f 1280/1450/1200 1265/1449/1199 1264/1451/1201 1281/1452/1202
f 1281/1452/1202 1264/1451/1201 1263/880/730 1282/879/729
f 782/1453/704 1258/884/732 1282/879/729 790/882/700
f 1258/884/732 1259/1445/1195 1281/1452/1202 1282/879/729
f 1259/1445/1195 1260/1443/1193 1280/1450/1200 1281/1452/1202
f 1260/1443/1193 1261/1441/1191 1279/1448/1198 1280/1450/1200
f 1261/1441/1191 1262/875/725 1278/878/728 1279/1448/1198
f 786/869/721 787/1213/988 1272/1381/1136 1273/870/722
f 1273/870/722 1272/1381/1136 1271/1383/1138 1274/1454/1203
f 1274/1454/1203 1271/1383/1138 1270/1385/1140 1275/1455/1204
f 1275/1455/1204 1270/1385/1140 1269/1387/1142 1276/1456/1205
f 1276/1456/1205 1269/1387/1142 1268/872/724 1277/871/723
f 785/881/701 1263/880/730 1277/871/723 789/874/710
f 1263/880/730 1264/1451/1201 1276/1456/1205 1277/871/723
f 1264/1451/1201 1265/1449/1199 1275/1455/1204 1276/1456/1205
f 1265/1449/1199 1266/1447/1197 1274/1454/1203 1275/1455/1204
f 1266/1447/1197 1267/867/719 1273/870/722 1274/1454/1203
f 687/1457/665 1213/1458/1206 1257/1459/1207 767/1460/705
f 1213/1458/1206 1214/1461/234 1256/1462/1208 1257/1459/1207
f 1214/1461/234 1215/1463/1209 1255/1464/1210 1256/1462/1208
f 1215/1463/1209 1216/1465/1211 1254/1466/1212 1255/1464/1210
f 1216/1465/1211 1217/783/234 1253/850/708 1254/1466/1212
f 695/1325/1085 1218/1467/1213 1248/1468/1214 725/1326/1085
f 1218/1467/1213 1219/1469/1215 1249/1470/1216 1248/1468/1214
f 1219/1469/1215 1220/1471/1217 1250/1472/1218 1249/1470/1216
f 1220/1471/1217 1221/1473/1219 1251/1474/1220 1250/1472/1218
f 1221/1473/1219 1222/825/685 1252/828/687 1251/1474/1220
f 725/1335/1094 1248/1475/1221 1227/813/677 726/1336/680
f 1248/1475/1221 1249/1476/1222 1226/1477/1223 1227/813/677
f 1249/1476/1222 1250/1478/1224 1225/1479/1225 1226/1477/1223
f 1250/1478/1224 1251/1480/1226 1224/1481/1227 1225/1479/1225
f 1251/1480/1226 1252/821/683 1223/824/684 1224/1481/1227
f 728/815/679 1243/814/678 1232/805/671 729/808/674
f 1243/814/678 1244/1482/1228 1231/1483/1229 1232/805/671
f 1244/1482/1228 1245/1484/1230 1230/1485/1231 1231/1483/1229
f 1245/1484/1230 1246/1486/1232 1229/1487/1233 1230/1485/1231
f 1246/1486/1232 1247/817/681 1228/820/682 1229/1487/1233
f 727/1488/653 735/818/651 1247/817/681 1223/824/684
f 1223/824/684 1247/817/681 1246/1486/1232 1224/1481/1227
f 1224/1481/1227 1246/1486/1232 1245/1484/1230 1225/1479/1225
f 1225/1479/1225 1245/1484/1230 1244/1482/1228 1226/1477/1223
f 1226/1477/1223 1244/1482/1228 1243/814/678 1227/813/677
f 731/807/673 1238/806/672 1237/1420/1171 732/1274/1040
f 1238/806/672 1239/1489/1234 1236/1421/1172 1237/1420/1171
f 1239/1489/1234 1240/1490/1235 1235/1423/1174 1236/1421/1172
f 1240/1490/1235 1241/1491/1236 1234/1425/1176 1235/1423/1174
f 1241/1491/1236 1242/809/675 1233/812/676 1234/1425/1176
f 730/819/650 734/810/662 1242/809/675 1228/820/682
f 1228/820/682 1242/809/675 1241/1491/1236 1229/1487/1233
f 1229/1487/1233 1241/1491/1236 1240/1490/1235 1230/1485/1231
f 1230/1485/1231 1240/1490/1235 1239/1489/1234 1231/1483/1229
f 1231/1483/1229 1239/1489/1234 1238/806/672 1232/805/671
f 687/1457/665 711/1492/654 1222/1493/1237 1213/1458/1206
f 1213/1458/1206 1222/1493/1237 1221/1494/1238 1214/1461/234
f 1214/1461/234 1221/1494/1238 1220/1495/1239 1215/1463/1209
f 1215/1463/1209 1220/1495/1239 1219/1496/1240 1216/1465/1211
f 1216/1465/1211 1219/1496/1240 1218/784/656 1217/783/234
usemtl MI_Trim_02
f 15/1497/31 35/1498/1241 42/1499/1242 41/1500/32
f 35/1498/1241 3/1501/1243 26/1502/1244 42/1499/1242
f 42/1499/1242 26/1502/1244 4/1503/1245 36/1504/1246
f 41/1500/32 42/1499/1242 36/1504/1246 16/1505/34
f 16/1505/34 36/1504/1246 43/1506/1247 40/1507/38
f 36/1504/1246 4/1503/1245 27/1508/1248 43/1506/1247
f 43/1506/1247 27/1508/1248 5/1509/1249 37/1510/1250
f 40/1507/38 43/1506/1247 37/1510/1250 17/1511/35
f 17/1511/35 37/1510/1250 44/1512/1251 39/1513/36
f 37/1510/1250 5/1509/1249 28/1514/1252 44/1512/1251
f 44/1512/1251 28/1514/1252 6/1515/1253 38/1516/1254
f 39/1513/36 44/1512/1251 38/1516/1254 18/1517/37
f 3/1518/1255 22/1519/1256 45/1520/1257 26/1521/1258
f 22/1519/1259 7/1522/1259 29/1523/1260 45/1520/1261
f 45/1520/1261 29/1523/1260 8/1524/1262 23/1525/1263
f 26/1521/1258 45/1520/1257 23/1525/1264 4/1526/1265
f 4/1526/1265 23/1525/1264 46/1527/1266 27/1528/1267
f 23/1525/1263 8/1524/1262 30/1529/1268 46/1527/1268
f 46/1527/1268 30/1529/1268 9/1530/1269 24/1531/1269
f 27/1528/1267 46/1527/1266 24/1531/1270 5/1532/1271
f 5/1532/1271 24/1531/1270 47/1533/1272 28/1534/1273
f 24/1531/1269 9/1530/1269 31/1535/1274 47/1533/1274
f 47/1533/1274 31/1535/1274 10/1536/1275 25/1537/1275
f 28/1534/1273 47/1533/1272 25/1537/1276 6/1538/1276
f 15/1497/31 94/1539/82 95/1540/1277 35/1498/1241
f 35/1498/1241 95/1540/1277 80/1541/1278 3/1501/1243
f 95/1540/1277 89/1542/1279 62/1543/1280 80/1541/1278
f 94/1539/82 71/1544/83 89/1542/1279 95/1540/1277
f 71/1544/83 93/1545/87 96/1546/1281 89/1542/1279
f 89/1542/1279 96/1546/1281 81/1547/1282 62/1543/1280
f 96/1546/1281 90/1548/1283 63/1549/1284 81/1547/1282
f 93/1545/87 72/1550/85 90/1548/1283 96/1546/1281
f 72/1550/85 92/1551/84 97/1552/1285 90/1548/1283
f 90/1548/1283 97/1552/1285 82/1553/1286 63/1549/1284
f 97/1552/1285 91/1554/1287 64/1555/1288 82/1553/1286
f 92/1551/84 73/1556/86 91/1554/1287 97/1552/1285
f 3/1518/1255 80/1557/1289 98/1558/1290 22/1519/1256
f 22/1519/1259 98/1558/1291 83/1559/1292 7/1522/1259
f 98/1558/1291 77/1560/1293 65/1561/1294 83/1559/1292
f 80/1557/1289 62/1562/1295 77/1560/1296 98/1558/1290
f 62/1562/1295 81/1563/1297 99/1564/1298 77/1560/1296
f 77/1560/1293 99/1564/1299 84/1565/1299 65/1561/1294
f 99/1564/1299 78/1566/1300 66/1567/1301 84/1565/1299
f 81/1563/1297 63/1568/1302 78/1566/1303 99/1564/1298
f 63/1568/1302 82/1569/1304 100/1570/1305 78/1566/1303
f 78/1566/1300 100/1570/1306 85/1571/1306 66/1567/1301
f 100/1570/1306 79/1572/1307 67/1573/1307 85/1571/1306
f 82/1569/1304 64/1574/1308 79/1572/1308 100/1570/1305
f 124/1575/131 146/1576/133 147/1577/1309 141/1578/1310
f 141/1578/1310 147/1577/1309 132/1579/1311 115/1580/1312
f 147/1577/1309 142/1581/1313 116/1582/1314 132/1579/1311
f 146/1576/133 125/1583/134 142/1581/1313 147/1577/1309
f 125/1583/134 145/1584/137 148/1585/1315 142/1581/1313
f 142/1581/1313 148/1585/1315 133/1586/1316 116/1582/1314
f 148/1585/1315 143/1587/1317 117/1588/1318 133/1586/1316
f 145/1584/137 126/1589/136 143/1587/1317 148/1585/1315
f 126/1589/136 144/1590/135 149/1591/1319 143/1587/1317
f 143/1587/1317 149/1591/1319 134/1592/1320 117/1588/1318
f 149/1591/1319 38/1516/1254 6/1515/1253 134/1592/1320
f 144/1590/135 18/1517/37 38/1516/1254 149/1591/1319
f 115/1593/1321 132/1594/1322 150/1595/1323 129/1596/1324
f 129/1596/1325 150/1595/1326 135/1597/1327 118/1598/1325
f 150/1595/1326 130/1599/1328 119/1600/1329 135/1597/1327
f 132/1594/1322 116/1601/1330 130/1599/1331 150/1595/1323
f 116/1601/1330 133/1602/1332 151/1603/1333 130/1599/1331
f 130/1599/1328 151/1603/1334 136/1604/1334 119/1600/1329
f 151/1603/1334 131/1605/1335 120/1606/1335 136/1604/1334
f 133/1602/1332 117/1607/1336 131/1605/1337 151/1603/1333
f 117/1607/1336 134/1608/1338 152/1609/1339 131/1605/1337
f 131/1605/1335 152/1609/1340 137/1610/1340 120/1606/1335
f 152/1609/1340 25/1537/1275 10/1536/1275 137/1610/1340
f 134/1608/1338 6/1538/1276 25/1537/1276 152/1609/1339
f 124/1575/131 141/1578/1310 188/1611/1341 187/1612/176
f 141/1578/1310 115/1580/1312 174/1613/1342 188/1611/1341
f 188/1611/1341 174/1613/1342 163/1614/1343 183/1615/1344
f 187/1612/176 188/1611/1341 183/1615/1344 169/1616/177
f 169/1616/177 183/1615/1344 189/1617/1345 186/1618/180
f 183/1615/1344 163/1614/1343 175/1619/1346 189/1617/1345
f 189/1617/1345 175/1619/1346 164/1620/1347 184/1621/1348
f 186/1618/180 189/1617/1345 184/1621/1348 170/1622/178
f 170/1622/178 184/1621/1348 190/1623/1349 185/1624/179
f 184/1621/1348 164/1620/1347 176/1625/1350 190/1623/1349
f 190/1623/1349 176/1625/1350 64/1555/1288 91/1554/1287
f 185/1624/179 190/1623/1349 91/1554/1287 73/1556/86
f 115/1593/1321 129/1596/1324 191/1626/1351 174/1627/1352
f 129/1596/1325 118/1598/1325 177/1628/1353 191/1626/1354
f 191/1626/1354 177/1628/1353 165/1629/1355 172/1630/1356
f 174/1627/1352 191/1626/1351 172/1630/1357 163/1631/1358
f 163/1631/1358 172/1630/1357 192/1632/1359 175/1633/1360
f 172/1630/1356 165/1629/1355 178/1634/1361 192/1632/1361
f 192/1632/1361 178/1634/1361 166/1635/1362 173/1636/1362
f 175/1633/1360 192/1632/1359 173/1636/1363 164/1637/1364
f 164/1637/1364 173/1636/1363 193/1638/1365 176/1639/1366
f 173/1636/1362 166/1635/1362 179/1640/1367 193/1638/1367
f 193/1638/1367 179/1640/1367 67/1573/1307 79/1572/1307
f 176/1639/1366 193/1638/1365 79/1572/1308 64/1574/1308
f 220/1641/226 246/1642/228 247/1643/1368 240/1644/1369
f 240/1644/1369 247/1643/1368 231/1645/1370 208/1646/1371
f 247/1643/1368 241/1647/1372 209/1648/1373 231/1645/1370
f 246/1642/228 221/1649/229 241/1647/1372 247/1643/1368
f 221/1649/229 245/1650/233 248/1651/1374 241/1647/1372
f 241/1647/1372 248/1651/1374 232/1652/1375 209/1648/1373
f 248/1651/1374 242/1653/1376 210/1654/1377 232/1652/1375
f 245/1650/233 222/1655/231 242/1653/1376 248/1651/1374
f 222/1655/231 244/1656/230 249/1657/1378 242/1653/1376
f 242/1653/1376 249/1657/1378 233/1658/1379 210/1654/1377
f 249/1657/1378 243/1659/1380 211/1660/1381 233/1658/1379
f 244/1656/230 223/1661/232 243/1659/1380 249/1657/1378
f 208/1662/1382 231/1663/1383 250/1664/1384 227/1665/1385
f 227/1665/1386 250/1664/1387 234/1666/1388 212/1667/1389
f 250/1664/1387 228/1668/1390 213/1669/1391 234/1666/1388
f 231/1663/1383 209/1670/1392 228/1668/1393 250/1664/1384
f 209/1670/1392 232/1671/1394 251/1672/1395 228/1668/1393
f 228/1668/1390 251/1672/1396 235/1673/1397 213/1669/1391
f 251/1672/1396 229/1674/1398 214/1675/1398 235/1673/1397
f 232/1671/1394 210/1676/1399 229/1674/1400 251/1672/1395
f 210/1676/1399 233/1677/1401 252/1678/1402 229/1674/1400
f 229/1674/1398 252/1678/1403 236/1679/1403 214/1675/1398
f 252/1678/1403 230/1680/1404 215/1681/1404 236/1679/1403
f 233/1677/1401 211/1682/1405 230/1680/1405 252/1678/1402
f 220/1641/226 240/1644/1369 295/1683/1406 294/1684/272
f 240/1644/1369 208/1646/1371 280/1685/1407 295/1683/1406
f 295/1683/1406 280/1685/1407 262/1686/1408 289/1687/1409
f 294/1684/272 295/1683/1406 289/1687/1409 271/1688/273
f 271/1688/273 289/1687/1409 296/1689/1410 293/1690/277
f 289/1687/1409 262/1686/1408 281/1691/1411 296/1689/1410
f 296/1689/1410 281/1691/1411 263/1692/1412 290/1693/1413
f 293/1690/277 296/1689/1410 290/1693/1413 272/1694/274
f 272/1694/274 290/1693/1413 297/1695/1414 292/1696/275
f 290/1693/1413 263/1692/1412 282/1697/1415 297/1695/1414
f 297/1695/1414 282/1697/1415 264/1698/1416 291/1699/1417
f 292/1696/275 297/1695/1414 291/1699/1417 273/1700/276
f 208/1662/1382 227/1665/1385 298/1701/1418 280/1702/1419
f 227/1665/1386 212/1667/1389 283/1703/1420 298/1701/1421
f 298/1701/1421 283/1703/1420 265/1704/1422 277/1705/1423
f 280/1702/1419 298/1701/1418 277/1705/1424 262/1706/1425
f 262/1706/1425 277/1705/1424 299/1707/1426 281/1708/1427
f 277/1705/1423 265/1704/1422 284/1709/1428 299/1707/1429
f 299/1707/1429 284/1709/1428 266/1710/1430 278/1711/1430
f 281/1708/1427 299/1707/1426 278/1711/1431 263/1712/1432
f 263/1712/1432 278/1711/1431 300/1713/1433 282/1714/1434
f 278/1711/1430 266/1710/1430 285/1715/1435 300/1713/1435
f 300/1713/1435 285/1715/1435 267/1716/1436 279/1717/1436
f 282/1714/1434 300/1713/1433 279/1717/1437 264/1718/1437
f 319/1719/314 337/1720/1438 343/1721/1439 342/1722/315
f 337/1720/1438 310/1723/1440 328/1724/1441 343/1721/1439
f 343/1721/1439 328/1724/1441 311/1725/1442 338/1726/1443
f 342/1722/315 343/1721/1439 338/1726/1443 320/1727/317
f 320/1727/317 338/1726/1443 344/1728/1444 341/1729/320
f 338/1726/1443 311/1725/1442 329/1730/1445 344/1728/1444
f 344/1728/1444 329/1730/1445 312/1731/1446 339/1732/1447
f 341/1729/320 344/1728/1444 339/1732/1447 321/1733/318
f 321/1733/318 339/1732/1447 345/1734/1448 340/1735/319
f 339/1732/1447 312/1731/1446 330/1736/1449 345/1734/1448
f 345/1734/1448 330/1736/1449 211/1660/1381 243/1659/1380
f 340/1735/319 345/1734/1448 243/1659/1380 223/1661/232
f 310/1737/1450 325/1738/1451 346/1739/1452 328/1740/1453
f 325/1738/1454 313/1741/1455 331/1742/1456 346/1739/1457
f 346/1739/1457 331/1742/1456 314/1743/1458 326/1744/1459
f 328/1740/1453 346/1739/1452 326/1744/1460 311/1745/1461
f 311/1745/1461 326/1744/1460 347/1746/1462 329/1747/1463
f 326/1744/1459 314/1743/1458 332/1748/1464 347/1746/1465
f 347/1746/1465 332/1748/1464 315/1749/1466 327/1750/1467
f 329/1747/1463 347/1746/1462 327/1750/1468 312/1751/1469
f 312/1751/1469 327/1750/1468 348/1752/1470 330/1753/1471
f 327/1750/1467 315/1749/1466 333/1754/1472 348/1752/1472
f 348/1752/1472 333/1754/1472 215/1681/1404 230/1680/1404
f 330/1753/1471 348/1752/1470 230/1680/1405 211/1682/1405
f 319/1719/314 382/1755/355 383/1756/1473 337/1720/1438
f 337/1720/1438 383/1756/1473 369/1757/1474 310/1723/1440
f 383/1756/1473 378/1758/1475 356/1759/1476 369/1757/1474
f 382/1755/355 362/1760/356 378/1758/1475 383/1756/1473
f 362/1760/356 381/1761/359 384/1762/1477 378/1758/1475
f 378/1758/1475 384/1762/1477 370/1763/1478 356/1759/1476
f 384/1762/1477 379/1764/1479 357/1765/1480 370/1763/1478
f 381/1761/359 363/1766/358 379/1764/1479 384/1762/1477
f 363/1766/358 380/1767/357 385/1768/1481 379/1764/1479
f 379/1764/1479 385/1768/1481 371/1769/1482 357/1765/1480
f 385/1768/1481 291/1699/1417 264/1698/1416 371/1769/1482
f 380/1767/357 273/1700/276 291/1699/1417 385/1768/1481
f 310/1737/1450 369/1770/1483 386/1771/1484 325/1738/1451
f 325/1738/1454 386/1771/1485 372/1772/1486 313/1741/1455
f 386/1771/1485 367/1773/1487 358/1774/1488 372/1772/1486
f 369/1770/1483 356/1775/1489 367/1773/1490 386/1771/1484
f 356/1775/1489 370/1776/1491 387/1777/1492 367/1773/1490
f 367/1773/1487 387/1777/1493 373/1778/1494 358/1774/1488
f 387/1777/1493 368/1779/1495 359/1780/1495 373/1778/1494
f 370/1776/1491 357/1781/1496 368/1779/1497 387/1777/1492
f 357/1781/1496 371/1782/1498 388/1783/1499 368/1779/1497
f 368/1779/1495 388/1783/1500 374/1784/1500 359/1780/1495
f 388/1783/1500 279/1717/1436 267/1716/1436 374/1784/1500
f 371/1782/1498 264/1718/1437 279/1717/1437 388/1783/1499
f 691/1785/663 712/1786/1501 719/1787/1502 718/1788/664
f 712/1786/1501 679/1789/1503 703/1790/1504 719/1787/1502
f 719/1787/1502 703/1790/1504 680/1791/1505 713/1792/1506
f 718/1788/664 719/1787/1502 713/1792/1506 692/1793/666
f 692/1793/666 713/1792/1506 720/1794/1507 717/1795/670
f 713/1792/1506 680/1791/1505 704/1796/1508 720/1794/1507
f 720/1794/1507 704/1796/1508 681/1797/1509 714/1798/1510
f 717/1795/670 720/1794/1507 714/1798/1510 693/1799/667
f 693/1799/667 714/1798/1510 721/1800/1511 716/1801/668
f 714/1798/1510 681/1797/1509 705/1802/1512 721/1800/1511
f 721/1800/1511 705/1802/1512 682/1803/1513 715/1804/1514
f 716/1801/668 721/1800/1511 715/1804/1514 694/1805/669
f 679/1806/1515 699/1807/1516 722/1808/1517 703/1809/1518
f 699/1807/1519 683/1810/1520 706/1811/1521 722/1808/1522
f 722/1808/1522 706/1811/1521 684/1812/1523 700/1813/1523
f 703/1809/1518 722/1808/1517 700/1813/1524 680/1814/1525
f 680/1814/1525 700/1813/1524 723/1815/1526 704/1816/1527
f 700/1813/1523 684/1812/1523 707/1817/1528 723/1815/1529
f 723/1815/1529 707/1817/1528 685/1818/1530 701/1819/1531
f 704/1816/1527 723/1815/1526 701/1819/1532 681/1820/1533
f 681/1820/1533 701/1819/1532 724/1821/1534 705/1822/1535
f 701/1819/1531 685/1818/1530 708/1823/1536 724/1821/1537
f 724/1821/1537 708/1823/1536 686/1824/1538 702/1825/1538
f 705/1822/1535 724/1821/1534 702/1825/1539 682/1826/1539
f 691/1785/663 773/1827/713 774/1828/1540 712/1786/1501
f 712/1786/1501 774/1828/1540 759/1829/1541 679/1789/1503
f 774/1828/1540 768/1830/1542 740/1831/1543 759/1829/1541
f 773/1827/713 749/1832/714 768/1830/1542 774/1828/1540
f 749/1832/714 772/1833/718 775/1834/1544 768/1830/1542
f 768/1830/1542 775/1834/1544 760/1835/1545 740/1831/1543
f 775/1834/1544 769/1836/1546 741/1837/1547 760/1835/1545
f 772/1833/718 750/1838/716 769/1836/1546 775/1834/1544
f 750/1838/716 771/1839/715 776/1840/1548 769/1836/1546
f 769/1836/1546 776/1840/1548 761/1841/1549 741/1837/1547
f 776/1840/1548 770/1842/1550 742/1843/1551 761/1841/1549
f 771/1839/715 751/1844/717 770/1842/1550 776/1840/1548
f 679/1806/1515 759/1845/1552 777/1846/1553 699/1807/1516
f 699/1807/1519 777/1846/1554 762/1847/1555 683/1810/1520
f 777/1846/1554 756/1848/1556 743/1849/1557 762/1847/1555
f 759/1845/1552 740/1850/1558 756/1848/1559 777/1846/1553
f 740/1850/1558 760/1851/1560 778/1852/1561 756/1848/1559
f 756/1848/1556 778/1852/1562 763/1853/1562 743/1849/1557
f 778/1852/1562 757/1854/1563 744/1855/1563 763/1853/1562
f 760/1851/1560 741/1856/1564 757/1854/1565 778/1852/1561
f 741/1856/1564 761/1857/1566 779/1858/1567 757/1854/1565
f 757/1854/1563 779/1858/1568 764/1859/1568 744/1855/1563
f 779/1858/1568 758/1860/1569 745/1861/1569 764/1859/1568
f 761/1857/1566 742/1862/1570 758/1860/1570 779/1858/1567
f 805/1863/761 829/1864/763 830/1865/1571 824/1866/1572
f 824/1866/1572 830/1865/1571 815/1867/1573 796/1868/1574
f 830/1865/1571 825/1869/1575 797/1870/1576 815/1867/1573
f 829/1864/763 806/1871/764 825/1869/1575 830/1865/1571
f 806/1871/764 828/1872/767 831/1873/1577 825/1869/1575
f 825/1869/1575 831/1873/1577 816/1874/1578 797/1870/1576
f 831/1873/1577 826/1875/1579 798/1876/1580 816/1874/1578
f 828/1872/767 807/1877/766 826/1875/1579 831/1873/1577
f 807/1877/766 827/1878/765 832/1879/1581 826/1875/1579
f 826/1875/1579 832/1879/1581 817/1880/1582 798/1876/1580
f 832/1879/1581 715/1804/1514 682/1803/1513 817/1880/1582
f 827/1878/765 694/1805/669 715/1804/1514 832/1879/1581
f 796/1881/1583 815/1882/1584 833/1883/1585 812/1884/1586
f 812/1884/1587 833/1883/1588 818/1885/1589 799/1886/1590
f 833/1883/1588 813/1887/1591 800/1888/1591 818/1885/1589
f 815/1882/1584 797/1889/1592 813/1887/1593 833/1883/1585
f 797/1889/1592 816/1890/1594 834/1891/1595 813/1887/1593
f 813/1887/1591 834/1891/1596 819/1892/1597 800/1888/1591
f 834/1891/1596 814/1893/1598 801/1894/1599 819/1892/1597
f 816/1890/1594 798/1895/1600 814/1893/1601 834/1891/1595
f 798/1895/1600 817/1896/1602 835/1897/1603 814/1893/1601
f 814/1893/1598 835/1897/1604 820/1898/1605 801/1894/1599
f 835/1897/1604 702/1825/1538 686/1824/1538 820/1898/1605
f 817/1896/1602 682/1826/1539 702/1825/1539 835/1897/1603
f 805/1863/761 824/1866/1572 876/1899/1606 875/1900/806
f 824/1866/1572 796/1868/1574 862/1901/1607 876/1899/1606
f 876/1899/1606 862/1901/1607 848/1902/1608 871/1903/1609
f 875/1900/806 876/1899/1606 871/1903/1609 854/1904/807
f 854/1904/807 871/1903/1609 877/1905/1610 874/1906/810
f 871/1903/1609 848/1902/1608 863/1907/1611 877/1905/1610
f 877/1905/1610 863/1907/1611 849/1908/1612 872/1909/1613
f 874/1906/810 877/1905/1610 872/1909/1613 855/1910/808
f 855/1910/808 872/1909/1613 878/1911/1614 873/1912/809
f 872/1909/1613 849/1908/1612 864/1913/1615 878/1911/1614
f 878/1911/1614 864/1913/1615 742/1843/1551 770/1842/1550
f 873/1912/809 878/1911/1614 770/1842/1550 751/1844/717
f 796/1881/1583 812/1884/1586 879/1914/1616 862/1915/1617
f 812/1884/1587 799/1886/1590 865/1916/1618 879/1914/1619
f 879/1914/1619 865/1916/1618 850/1917/1620 860/1918/1621
f 862/1915/1617 879/1914/1616 860/1918/1622 848/1919/1623
f 848/1919/1623 860/1918/1622 880/1920/1624 863/1921/1625
f 860/1918/1621 850/1917/1620 866/1922/1626 880/1920/1626
f 880/1920/1626 866/1922/1626 851/1923/1627 861/1924/1627
f 863/1921/1625 880/1920/1624 861/1924/1628 849/1925/1629
f 849/1925/1629 861/1924/1628 881/1926/1630 864/1927/1631
f 861/1924/1627 851/1923/1627 867/1928/1632 881/1926/1632
f 881/1926/1632 867/1928/1632 745/1861/1569 758/1860/1569
f 864/1927/1631 881/1926/1630 758/1860/1570 742/1862/1570
f 907/1929/850 931/1930/852 932/1931/1633 925/1932/1634
f 925/1932/1634 932/1931/1633 916/1933/1635 895/1934/1636
f 932/1931/1633 926/1935/1637 896/1936/1638 916/1933/1635
f 931/1930/852 908/1937/853 926/1935/1637 932/1931/1633
f 908/1937/853 930/1938/857 933/1939/1639 926/1935/1637
f 926/1935/1637 933/1939/1639 917/1940/1640 896/1936/1638
f 933/1939/1639 927/1941/1641 897/1942/1642 917/1940/1640
f 930/1938/857 909/1943/855 927/1941/1641 933/1939/1639
f 909/1943/855 929/1944/854 934/1945/1643 927/1941/1641
f 927/1941/1641 934/1945/1643 918/1946/1644 897/1942/1642
f 934/1945/1643 928/1947/1645 898/1948/1646 918/1946/1644
f 929/1944/854 910/1949/856 928/1947/1645 934/1945/1643
f 895/1950/1647 916/1951/1648 935/1952/1649 912/1953/1650
f 912/1953/1651 935/1952/1652 919/1954/1653 899/1955/1651
f 935/1952/1652 913/1956/1654 900/1957/1655 919/1954/1653
f 916/1951/1648 896/1958/1656 913/1956/1657 935/1952/1649
f 896/1958/1656 917/1959/1658 936/1960/1659 913/1956/1657
f 913/1956/1654 936/1960/1660 920/1961/1661 900/1957/1655
f 936/1960/1660 914/1962/1662 901/1963/1662 920/1961/1661
f 917/1959/1658 897/1964/1663 914/1962/1664 936/1960/1659
f 897/1964/1663 918/1965/1665 937/1966/1666 914/1962/1664
f 914/1962/1662 937/1966/1667 921/1967/1667 901/1963/1662
f 937/1966/1667 915/1968/1668 902/1969/1668 921/1967/1667
f 918/1965/1665 898/1970/1669 915/1968/1669 937/1966/1666
f 907/1929/850 925/1932/1634 976/1971/1670 975/1972/891
f 925/1932/1634 895/1934/1636 961/1973/1671 976/1971/1670
f 976/1971/1670 961/1973/1671 945/1974/1672 970/1975/1673
f 975/1972/891 976/1971/1670 970/1975/1673 954/1976/892
f 954/1976/892 970/1975/1673 977/1977/1674 974/1978/896
f 970/1975/1673 945/1974/1672 962/1979/1675 977/1977/1674
f 977/1977/1674 962/1979/1675 946/1980/1676 971/1981/1677
f 974/1978/896 977/1977/1674 971/1981/1677 955/1982/893
f 955/1982/893 971/1981/1677 978/1983/1678 973/1984/894
f 971/1981/1677 946/1980/1676 963/1985/1679 978/1983/1678
f 978/1983/1678 963/1985/1679 947/1986/1680 972/1987/1681
f 973/1984/894 978/1983/1678 972/1987/1681 956/1988/895
f 895/1950/1647 912/1953/1650 979/1989/1682 961/1990/1683
f 912/1953/1651 899/1955/1651 964/1991/1684 979/1989/1685
f 979/1989/1685 964/1991/1684 948/1992/1686 958/1993/1687
f 961/1990/1683 979/1989/1682 958/1993/1688 945/1994/1689
f 945/1994/1689 958/1993/1688 980/1995/1690 962/1996/1691
f 958/1993/1687 948/1992/1686 965/1997/1692 980/1995/1693
f 980/1995/1693 965/1997/1692 949/1998/1694 959/1999/1695
f 962/1996/1691 980/1995/1690 959/1999/1696 946/2000/1697
f 946/2000/1697 959/1999/1696 981/2001/1698 963/2002/1699
f 959/1999/1695 949/1998/1694 966/2003/1700 981/2001/1701
f 981/2001/1701 966/2003/1700 950/2004/1702 960/2005/1702
f 963/2002/1699 981/2001/1698 960/2005/1703 947/2006/1703
f 999/2007/927 1016/2008/1704 1022/2009/1705 1021/2010/928
f 1016/2008/1704 990/2011/1706 1007/2012/1707 1022/2009/1705
f 1022/2009/1705 1007/2012/1707 991/2013/1708 1017/2014/1709
f 1021/2010/928 1022/2009/1705 1017/2014/1709 1000/2015/930
f 1000/2015/930 1017/2014/1709 1023/2016/1710 1020/2017/933
f 1017/2014/1709 991/2013/1708 1008/2018/1711 1023/2016/1710
f 1023/2016/1710 1008/2018/1711 992/2019/1712 1018/2020/1713
f 1020/2017/933 1023/2016/1710 1018/2020/1713 1001/2021/931
f 1001/2021/931 1018/2020/1713 1024/2022/1714 1019/2023/932
f 1018/2020/1713 992/2019/1712 1009/2024/1715 1024/2022/1714
f 1024/2022/1714 1009/2024/1715 898/1948/1646 928/1947/1645
f 1019/2023/932 1024/2022/1714 928/1947/1645 910/1949/856
f 990/2025/1716 1004/2026/1717 1025/2027/1718 1007/2028/1719
f 1004/2026/1720 993/2029/1720 1010/2030/1721 1025/2027/1722
f 1025/2027/1722 1010/2030/1721 994/2031/1723 1005/2032/1724
f 1007/2028/1719 1025/2027/1718 1005/2032/1725 991/2033/1726
f 991/2033/1726 1005/2032/1725 1026/2034/1727 1008/2035/1728
f 1005/2032/1724 994/2031/1723 1011/2036/1729 1026/2034/1730
f 1026/2034/1730 1011/2036/1729 995/2037/1731 1006/2038/1731
f 1008/2035/1728 1026/2034/1727 1006/2038/1732 992/2039/1733
f 992/2039/1733 1006/2038/1732 1027/2040/1734 1009/2041/1735
f 1006/2038/1731 995/2037/1731 1012/2042/1736 1027/2040/1736
f 1027/2040/1736 1012/2042/1736 902/1969/1668 915/1968/1668
f 1009/2041/1735 1027/2040/1734 915/1968/1669 898/1970/1669
f 999/2007/927 1061/2043/963 1062/2044/1737 1016/2008/1704
f 1016/2008/1704 1062/2044/1737 1048/2045/1738 990/2011/1706
f 1062/2044/1737 1057/2046/1739 1035/2047/1740 1048/2045/1738
f 1061/2043/963 1041/2048/964 1057/2046/1739 1062/2044/1737
f 1041/2048/964 1060/2049/967 1063/2050/1741 1057/2046/1739
f 1057/2046/1739 1063/2050/1741 1049/2051/1742 1035/2047/1740
f 1063/2050/1741 1058/2052/1743 1036/2053/1744 1049/2051/1742
f 1060/2049/967 1042/2054/966 1058/2052/1743 1063/2050/1741
f 1042/2054/966 1059/2055/965 1064/2056/1745 1058/2052/1743
f 1058/2052/1743 1064/2056/1745 1050/2057/1746 1036/2053/1744
f 1064/2056/1745 972/1987/1681 947/1986/1680 1050/2057/1746
f 1059/2055/965 956/1988/895 972/1987/1681 1064/2056/1745
f 990/2025/1716 1048/2058/1747 1065/2059/1748 1004/2026/1717
f 1004/2026/1720 1065/2059/1749 1051/2060/1750 993/2029/1720
f 1065/2059/1749 1046/2061/1751 1037/2062/1752 1051/2060/1750
f 1048/2058/1747 1035/2063/1753 1046/2061/1754 1065/2059/1748
f 1035/2063/1753 1049/2064/1755 1066/2065/1756 1046/2061/1754
f 1046/2061/1751 1066/2065/1757 1052/2066/1757 1037/2062/1752
f 1066/2065/1757 1047/2067/1758 1038/2068/1759 1052/2066/1757
f 1049/2064/1755 1036/2069/1760 1047/2067/1761 1066/2065/1756
f 1036/2069/1760 1050/2070/1762 1067/2071/1763 1047/2067/1761
f 1047/2067/1758 1067/2071/1764 1053/2072/1764 1038/2068/1759
f 1067/2071/1764 960/2005/1702 950/2004/1702 1053/2072/1764
f 1050/2070/1762 947/2006/1703 960/2005/1703 1067/2071/1763
