# Blender v3.6.0 OBJ File: 'AllModules_Unreal.blend'
# www.blender.org
mtllib Prop_Barrel_Small.mtl
o Prop_Barrel_Small_Cylinder.037
v 0.000000 0.136921 0.170468
v -0.033257 0.136921 0.167192
v -0.065235 0.136921 0.157492
v -0.094707 0.136921 0.141739
v -0.120539 0.136921 0.120539
v -0.141739 0.136921 0.094707
v -0.157492 0.136921 0.065235
v -0.167192 0.136921 0.033257
v -0.170468 0.136921 -0.000000
v -0.167192 0.136921 -0.033257
v -0.157492 0.136921 -0.065235
v -0.141739 0.136921 -0.094707
v -0.120539 0.136921 -0.120539
v -0.094707 0.136921 -0.141739
v -0.065235 0.136921 -0.157492
v -0.033257 0.136921 -0.167192
v 0.000000 0.136921 -0.170468
v 0.000000 0.051818 -0.170468
v 0.000000 0.011486 -0.131360
v 0.000000 0.011486 0.131360
v 0.000000 0.051818 0.170468
v -0.025627 0.011486 0.128835
v -0.033257 0.051818 0.167192
v -0.050269 0.011486 0.121360
v -0.065235 0.051818 0.157492
v -0.072979 0.011486 0.109221
v -0.094707 0.051818 0.141739
v -0.092885 0.011486 0.092885
v -0.120539 0.051818 0.120539
v -0.109221 0.011486 0.072979
v -0.141739 0.051818 0.094707
v -0.121360 0.011486 0.050269
v -0.157492 0.051818 0.065235
v -0.128836 0.011486 0.025627
v -0.167192 0.051818 0.033257
v -0.131360 0.011486 -0.000000
v -0.170468 0.051818 -0.000000
v -0.128836 0.011486 -0.025627
v -0.167192 0.051818 -0.033257
v -0.121360 0.011486 -0.050269
v -0.157492 0.051818 -0.065235
v -0.109221 0.011486 -0.072980
v -0.141739 0.051818 -0.094707
v -0.092885 0.011486 -0.092885
v -0.120539 0.051818 -0.120539
v -0.094707 0.051818 -0.141739
v -0.072979 0.011486 -0.109222
v -0.050269 0.011486 -0.121361
v -0.065235 0.051818 -0.157492
v -0.025627 0.011486 -0.128836
v -0.033257 0.051818 -0.167193
v 0.033257 0.136921 0.167192
v 0.065235 0.136921 0.157492
v 0.094707 0.136921 0.141739
v 0.120539 0.136921 0.120539
v 0.141739 0.136921 0.094707
v 0.157492 0.136921 0.065235
v 0.167192 0.136921 0.033257
v 0.170468 0.136921 -0.000000
v 0.167192 0.136921 -0.033257
v 0.157492 0.136921 -0.065235
v 0.141739 0.136921 -0.094707
v 0.120539 0.136921 -0.120539
v 0.094707 0.136921 -0.141739
v 0.065235 0.136921 -0.157492
v 0.033257 0.136921 -0.167192
v 0.025627 0.011486 0.128835
v 0.033257 0.051818 0.167192
v 0.050269 0.011486 0.121360
v 0.065235 0.051818 0.157492
v 0.072980 0.011486 0.109221
v 0.094707 0.051818 0.141739
v 0.092885 0.011486 0.092885
v 0.120539 0.051818 0.120539
v 0.109222 0.011486 0.072979
v 0.141739 0.051818 0.094707
v 0.121361 0.011486 0.050269
v 0.157492 0.051818 0.065235
v 0.128836 0.011486 0.025627
v 0.167192 0.051818 0.033257
v 0.131360 0.011486 -0.000000
v 0.170468 0.051818 -0.000000
v 0.128836 0.011486 -0.025627
v 0.167192 0.051818 -0.033257
v 0.121361 0.011486 -0.050269
v 0.157492 0.051818 -0.065235
v 0.109222 0.011486 -0.072980
v 0.141739 0.051818 -0.094707
v 0.092885 0.011486 -0.092885
v 0.120539 0.051818 -0.120539
v 0.094707 0.051818 -0.141739
v 0.072980 0.011486 -0.109222
v 0.050269 0.011486 -0.121361
v 0.065235 0.051818 -0.157492
v 0.025627 0.011486 -0.128836
v 0.033257 0.051818 -0.167193
v 0.000000 0.043234 -0.112130
v -0.021875 0.043234 -0.109975
v -0.042910 0.043234 -0.103595
v -0.062296 0.043234 -0.093233
v -0.079288 0.043234 -0.079288
v -0.093232 0.043234 -0.062296
v -0.103594 0.043234 -0.042910
v -0.109975 0.043234 -0.021876
v -0.112130 0.043234 -0.000000
v -0.109975 0.043234 0.021875
v -0.103594 0.043234 0.042910
v -0.093232 0.043234 0.062296
v -0.079288 0.043234 0.079288
v -0.062296 0.043234 0.093232
v -0.042910 0.043234 0.103594
v -0.021875 0.043234 0.109975
v 0.000000 0.043234 0.112130
v 0.021875 0.043234 -0.109975
v 0.042910 0.043234 -0.103595
v 0.062296 0.043234 -0.093233
v 0.079288 0.043234 -0.079288
v 0.093233 0.043234 -0.062296
v 0.103594 0.043234 -0.042910
v 0.109975 0.043234 -0.021876
v 0.112130 0.043234 -0.000000
v 0.109975 0.043234 0.021875
v 0.103594 0.043234 0.042910
v 0.093233 0.043234 0.062296
v 0.079288 0.043234 0.079288
v 0.062296 0.043234 0.093232
v 0.042910 0.043234 0.103594
v 0.021875 0.043234 0.109975
v 0.000000 0.002232 -0.086213
v -0.016819 0.002232 -0.084556
v -0.032992 0.002232 -0.079650
v -0.047897 0.002232 -0.071683
v -0.060961 0.002232 -0.060962
v -0.071683 0.002232 -0.047897
v -0.079650 0.002232 -0.032992
v -0.084556 0.002232 -0.016819
v -0.086213 0.002232 -0.000000
v -0.084556 0.002232 0.016819
v -0.079650 0.002232 0.032992
v -0.071683 0.002232 0.047897
v -0.060961 0.002232 0.060961
v -0.047897 0.002232 0.071683
v -0.032992 0.002232 0.079650
v -0.016819 0.002232 0.084556
v 0.000000 0.002232 0.086213
v 0.016819 0.002232 -0.084556
v 0.032992 0.002232 -0.079650
v 0.047897 0.002232 -0.071683
v 0.060962 0.002232 -0.060962
v 0.071683 0.002232 -0.047897
v 0.079650 0.002232 -0.032992
v 0.084556 0.002232 -0.016819
v 0.086213 0.002232 -0.000000
v 0.084556 0.002232 0.016819
v 0.079650 0.002232 0.032992
v 0.071683 0.002232 0.047897
v 0.060962 0.002232 0.060961
v 0.047897 0.002232 0.071683
v 0.032992 0.002232 0.079650
v 0.016819 0.002232 0.084556
v -0.000000 0.206735 -0.170937
v 0.033348 0.206735 -0.167652
v 0.033004 0.391389 -0.165920
v 0.065415 0.206735 -0.157925
v 0.094967 0.206735 -0.142129
v 0.093986 0.391389 -0.140660
v 0.120871 0.206735 -0.120871
v 0.119622 0.391389 -0.119622
v 0.142129 0.206735 -0.094967
v 0.140660 0.391389 -0.093986
v 0.157925 0.206735 -0.065415
v 0.167652 0.206735 -0.033348
v 0.170937 0.206735 0.000000
v 0.169171 0.391389 0.000000
v -0.170937 0.206735 0.000000
v -0.169171 0.391389 0.000000
v -0.167652 0.206735 -0.033348
v -0.157925 0.206735 -0.065415
v -0.156293 0.391389 -0.064739
v -0.142129 0.206735 -0.094967
v -0.120871 0.206735 -0.120871
v -0.119622 0.391389 -0.119622
v -0.094967 0.206735 -0.142129
v -0.093986 0.391389 -0.140660
v -0.065415 0.206735 -0.157925
v -0.033348 0.206735 -0.167652
v -0.033004 0.391389 -0.165920
v 0.029696 0.658177 -0.149290
v -0.000000 0.658177 -0.152214
v 0.058250 0.658177 -0.140628
v 0.084566 0.658177 -0.126562
v 0.107632 0.658177 -0.107632
v 0.126562 0.658177 -0.084566
v 0.140628 0.658177 -0.058250
v 0.149290 0.658177 -0.029696
v 0.152214 0.658177 0.000000
v -0.149290 0.658177 -0.029696
v -0.152214 0.658177 0.000000
v -0.140628 0.658177 -0.058250
v -0.126562 0.658177 -0.084566
v -0.107632 0.658177 -0.107632
v -0.084566 0.658177 -0.126562
v -0.058250 0.658177 -0.140628
v -0.029696 0.658177 -0.149290
v -0.000000 0.642517 -0.201001
v -0.000000 0.658177 -0.187706
v 0.036620 0.658177 -0.184099
v 0.039213 0.642517 -0.197139
v 0.071832 0.658177 -0.173418
v 0.076920 0.642517 -0.185701
v 0.104284 0.658177 -0.156072
v 0.111670 0.642517 -0.167126
v 0.132728 0.658177 -0.132728
v 0.142129 0.642517 -0.142129
v 0.156072 0.658177 -0.104284
v 0.167126 0.642517 -0.111670
v 0.173418 0.658177 -0.071832
v 0.185701 0.642517 -0.076920
v 0.184099 0.658177 -0.036620
v 0.197139 0.642517 -0.039213
v 0.201001 0.642517 0.000000
v 0.187706 0.658177 0.000000
v -0.187706 0.658177 0.000000
v -0.201001 0.642517 0.000000
v -0.184099 0.658177 -0.036620
v -0.197139 0.642517 -0.039213
v -0.173418 0.658177 -0.071832
v -0.185701 0.642517 -0.076920
v -0.156072 0.658177 -0.104284
v -0.167126 0.642517 -0.111670
v -0.132728 0.658177 -0.132728
v -0.142129 0.642517 -0.142129
v -0.104284 0.658177 -0.156072
v -0.111670 0.642517 -0.167126
v -0.071832 0.658177 -0.173418
v -0.076920 0.642517 -0.185701
v -0.036620 0.658177 -0.184099
v -0.039213 0.642517 -0.197139
v -0.000000 0.559898 -0.201001
v 0.039213 0.559898 -0.197139
v -0.039213 0.559898 -0.197139
v 0.076920 0.559898 -0.185701
v 0.111670 0.559898 -0.167126
v 0.142129 0.559898 -0.142129
v 0.167126 0.559898 -0.111670
v 0.185701 0.559898 -0.076920
v 0.197139 0.559898 -0.039213
v 0.201001 0.559898 0.000000
v -0.201001 0.559898 0.000000
v -0.197139 0.559898 -0.039213
v -0.185701 0.559898 -0.076920
v -0.167126 0.559898 -0.111670
v -0.142129 0.559898 -0.142129
v -0.111670 0.559898 -0.167126
v -0.076920 0.559898 -0.185701
v 0.064739 0.391389 -0.156293
v 0.156293 0.391389 -0.064739
v 0.165920 0.391389 -0.033004
v -0.165920 0.391389 -0.033004
v -0.140660 0.391389 -0.093986
v -0.064739 0.391389 -0.156293
v 0.000000 0.391389 -0.169171
v -0.000000 0.408755 -0.176173
v -0.000000 0.545396 -0.176173
v -0.034370 0.408755 -0.172788
v -0.034370 0.545396 -0.172788
v -0.176173 0.408755 0.000000
v -0.176173 0.545396 0.000000
v -0.172788 0.545396 -0.034370
v -0.162763 0.545396 -0.067418
v 0.034370 0.545396 -0.172788
v 0.067418 0.545396 -0.162763
v 0.172788 0.545396 -0.034370
v 0.176173 0.545396 0.000000
v -0.067418 0.545396 -0.162763
v 0.162763 0.545396 -0.067418
v -0.097876 0.545396 -0.146482
v 0.146482 0.545396 -0.097876
v -0.124573 0.545396 -0.124573
v 0.124573 0.545396 -0.124573
v -0.146482 0.545396 -0.097876
v 0.097876 0.545396 -0.146482
v 0.034370 0.408755 -0.172788
v 0.067418 0.408755 -0.162763
v 0.097876 0.408755 -0.146482
v 0.124573 0.408755 -0.124573
v 0.146482 0.408755 -0.097876
v 0.162763 0.408755 -0.067418
v 0.172788 0.408755 -0.034370
v 0.176173 0.408755 0.000000
v -0.172788 0.408755 -0.034370
v -0.162763 0.408755 -0.067418
v -0.146482 0.408755 -0.097876
v -0.124573 0.408755 -0.124573
v -0.097876 0.408755 -0.146482
v -0.067418 0.408755 -0.162763
v -0.000000 0.206735 0.170937
v 0.033348 0.206735 0.167652
v 0.033004 0.391389 0.165920
v 0.065415 0.206735 0.157925
v 0.094967 0.206735 0.142129
v 0.093986 0.391389 0.140660
v 0.120871 0.206735 0.120871
v 0.119622 0.391389 0.119622
v 0.142129 0.206735 0.094967
v 0.140660 0.391389 0.093986
v 0.157925 0.206735 0.065415
v 0.167652 0.206735 0.033348
v -0.167652 0.206735 0.033348
v -0.157925 0.206735 0.065415
v -0.156293 0.391389 0.064739
v -0.142129 0.206735 0.094967
v -0.120871 0.206735 0.120871
v -0.119622 0.391389 0.119622
v -0.094967 0.206735 0.142129
v -0.093986 0.391389 0.140660
v -0.065415 0.206735 0.157925
v -0.033348 0.206735 0.167652
v -0.033004 0.391389 0.165920
v 0.029696 0.658177 0.149290
v -0.000000 0.658177 0.152214
v 0.058250 0.658177 0.140628
v 0.084566 0.658177 0.126562
v 0.107632 0.658177 0.107632
v 0.126562 0.658177 0.084566
v 0.140628 0.658177 0.058250
v 0.149290 0.658177 0.029696
v -0.149290 0.658177 0.029696
v -0.140628 0.658177 0.058250
v -0.126562 0.658177 0.084566
v -0.107632 0.658177 0.107632
v -0.084566 0.658177 0.126562
v -0.058250 0.658177 0.140628
v -0.029696 0.658177 0.149290
v -0.000000 0.642517 0.201001
v -0.000000 0.658177 0.187706
v 0.036620 0.658177 0.184099
v 0.039213 0.642517 0.197139
v 0.071832 0.658177 0.173418
v 0.076920 0.642517 0.185701
v 0.104284 0.658177 0.156072
v 0.111670 0.642517 0.167126
v 0.132728 0.658177 0.132728
v 0.142129 0.642517 0.142129
v 0.156072 0.658177 0.104284
v 0.167126 0.642517 0.111670
v 0.173418 0.658177 0.071832
v 0.185701 0.642517 0.076920
v 0.184099 0.658177 0.036620
v 0.197139 0.642517 0.039213
v -0.184099 0.658177 0.036620
v -0.197139 0.642517 0.039213
v -0.173418 0.658177 0.071832
v -0.185701 0.642517 0.076920
v -0.156072 0.658177 0.104284
v -0.167126 0.642517 0.111670
v -0.132728 0.658177 0.132728
v -0.142129 0.642517 0.142129
v -0.104284 0.658177 0.156072
v -0.111670 0.642517 0.167126
v -0.071832 0.658177 0.173418
v -0.076920 0.642517 0.185701
v -0.036620 0.658177 0.184099
v -0.039213 0.642517 0.197139
v -0.000000 0.559898 0.201001
v 0.039213 0.559898 0.197139
v -0.039213 0.559898 0.197139
v 0.076920 0.559898 0.185701
v 0.111670 0.559898 0.167126
v 0.142129 0.559898 0.142129
v 0.167126 0.559898 0.111670
v 0.185701 0.559898 0.076920
v 0.197139 0.559898 0.039213
v -0.197139 0.559898 0.039213
v -0.185701 0.559898 0.076920
v -0.167126 0.559898 0.111670
v -0.142129 0.559898 0.142129
v -0.111670 0.559898 0.167126
v -0.076920 0.559898 0.185701
v 0.064739 0.391389 0.156293
v 0.156293 0.391389 0.064739
v 0.165920 0.391389 0.033004
v -0.165920 0.391389 0.033004
v -0.140660 0.391389 0.093986
v -0.064739 0.391389 0.156293
v 0.000000 0.391389 0.169171
v -0.000000 0.408755 0.176173
v -0.000000 0.545396 0.176173
v -0.034370 0.408755 0.172788
v -0.034370 0.545396 0.172788
v -0.172788 0.545396 0.034370
v -0.162763 0.545396 0.067418
v 0.034370 0.545396 0.172788
v 0.067418 0.545396 0.162763
v 0.172788 0.545396 0.034370
v -0.067418 0.545396 0.162763
v 0.162763 0.545396 0.067418
v -0.097876 0.545396 0.146482
v 0.146482 0.545396 0.097876
v -0.124573 0.545396 0.124573
v 0.124573 0.545396 0.124573
v -0.146482 0.545396 0.097876
v 0.097876 0.545396 0.146482
v 0.034370 0.408755 0.172788
v 0.067418 0.408755 0.162763
v 0.097876 0.408755 0.146482
v 0.124573 0.408755 0.124573
v 0.146482 0.408755 0.097876
v 0.162763 0.408755 0.067418
v 0.172788 0.408755 0.034370
v -0.172788 0.408755 0.034370
v -0.162763 0.408755 0.067418
v -0.146482 0.408755 0.097876
v -0.124573 0.408755 0.124573
v -0.097876 0.408755 0.146482
v -0.067418 0.408755 0.162763
v 0.033348 0.146899 -0.167652
v -0.000000 0.146899 -0.170937
v 0.065415 0.146899 -0.157925
v 0.094967 0.146899 -0.142129
v 0.120871 0.146899 -0.120871
v 0.142129 0.146899 -0.094967
v 0.157925 0.146899 -0.065415
v 0.167652 0.146899 -0.033348
v 0.170937 0.146899 0.000000
v -0.167652 0.146899 -0.033348
v -0.170937 0.146899 0.000000
v -0.157925 0.146899 -0.065415
v -0.142129 0.146899 -0.094967
v -0.120871 0.146899 -0.120871
v -0.094967 0.146899 -0.142129
v -0.065415 0.146899 -0.157925
v -0.033348 0.146899 -0.167652
v 0.033348 0.146899 0.167652
v -0.000000 0.146899 0.170937
v 0.065415 0.146899 0.157925
v 0.094967 0.146899 0.142129
v 0.120871 0.146899 0.120871
v 0.142129 0.146899 0.094967
v 0.157925 0.146899 0.065415
v 0.167652 0.146899 0.033348
v -0.167652 0.146899 0.033348
v -0.157925 0.146899 0.065415
v -0.142129 0.146899 0.094967
v -0.120871 0.146899 0.120871
v -0.094967 0.146899 0.142129
v -0.065415 0.146899 0.157925
v -0.033348 0.146899 0.167652
v -0.000000 0.658177 0.170468
v 0.033257 0.658177 0.167192
v 0.065235 0.658177 0.157492
v 0.094707 0.658177 0.141739
v 0.120539 0.658177 0.120539
v 0.141739 0.658177 0.094707
v 0.157492 0.658177 0.065235
v 0.167192 0.658177 0.033257
v 0.170468 0.658177 0.000000
v 0.167192 0.658177 -0.033257
v 0.157492 0.658177 -0.065235
v 0.141739 0.658177 -0.094707
v 0.120539 0.658177 -0.120539
v 0.094707 0.658177 -0.141739
v 0.065235 0.658177 -0.157492
v 0.033257 0.658177 -0.167192
v -0.000000 0.658177 -0.170468
v -0.000000 0.743281 -0.170468
v -0.000000 0.783613 -0.131360
v -0.000000 0.783613 0.131360
v -0.000000 0.743281 0.170468
v 0.025627 0.783613 0.128836
v 0.033257 0.743281 0.167192
v 0.050269 0.783613 0.121360
v 0.065235 0.743281 0.157492
v 0.072979 0.783613 0.109222
v 0.094707 0.743281 0.141739
v 0.092885 0.783613 0.092885
v 0.120539 0.743281 0.120539
v 0.109222 0.783613 0.072979
v 0.141739 0.743281 0.094707
v 0.121360 0.783613 0.050269
v 0.157492 0.743281 0.065235
v 0.128836 0.783613 0.025627
v 0.167192 0.743281 0.033257
v 0.131360 0.783613 0.000000
v 0.170468 0.743281 0.000000
v 0.128836 0.783613 -0.025627
v 0.167192 0.743281 -0.033257
v 0.121360 0.783613 -0.050269
v 0.157492 0.743281 -0.065235
v 0.109222 0.783613 -0.072979
v 0.141739 0.743281 -0.094707
v 0.092885 0.783613 -0.092885
v 0.120539 0.743281 -0.120539
v 0.094707 0.743281 -0.141739
v 0.072979 0.783613 -0.109222
v 0.050269 0.783613 -0.121360
v 0.065235 0.743281 -0.157492
v 0.025627 0.783613 -0.128836
v 0.033257 0.743281 -0.167192
v -0.033257 0.658177 0.167192
v -0.065235 0.658177 0.157492
v -0.094707 0.658177 0.141739
v -0.120539 0.658177 0.120539
v -0.141739 0.658177 0.094707
v -0.157492 0.658177 0.065235
v -0.167192 0.658177 0.033257
v -0.170468 0.658177 0.000000
v -0.167192 0.658177 -0.033257
v -0.157492 0.658177 -0.065235
v -0.141739 0.658177 -0.094707
v -0.120539 0.658177 -0.120539
v -0.094707 0.658177 -0.141739
v -0.065235 0.658177 -0.157492
v -0.033257 0.658177 -0.167192
v -0.025627 0.783613 0.128836
v -0.033257 0.743281 0.167192
v -0.050269 0.783613 0.121360
v -0.065235 0.743281 0.157492
v -0.072979 0.783613 0.109222
v -0.094707 0.743281 0.141739
v -0.092885 0.783613 0.092885
v -0.120539 0.743281 0.120539
v -0.109222 0.783613 0.072979
v -0.141739 0.743281 0.094707
v -0.121360 0.783613 0.050269
v -0.157492 0.743281 0.065235
v -0.128836 0.783613 0.025627
v -0.167192 0.743281 0.033257
v -0.131360 0.783613 0.000000
v -0.170468 0.743281 0.000000
v -0.128836 0.783613 -0.025627
v -0.167192 0.743281 -0.033257
v -0.121360 0.783613 -0.050269
v -0.157492 0.743281 -0.065235
v -0.109222 0.783613 -0.072979
v -0.141739 0.743281 -0.094707
v -0.092885 0.783613 -0.092885
v -0.120539 0.743281 -0.120539
v -0.094707 0.743281 -0.141739
v -0.072979 0.783613 -0.109222
v -0.050269 0.783613 -0.121360
v -0.065235 0.743281 -0.157492
v -0.025627 0.783613 -0.128836
v -0.033257 0.743281 -0.167192
v 0.000000 0.751865 -0.112130
v 0.021875 0.751865 -0.109975
v 0.042910 0.751865 -0.103594
v 0.062296 0.751865 -0.093233
v 0.079288 0.751865 -0.079288
v 0.093233 0.751865 -0.062296
v 0.103594 0.751865 -0.042910
v 0.109975 0.751865 -0.021875
v 0.112130 0.751865 0.000000
v 0.109975 0.751865 0.021875
v 0.103594 0.751865 0.042910
v 0.093233 0.751865 0.062296
v 0.079288 0.751865 0.079288
v 0.062296 0.751865 0.093233
v 0.042910 0.751865 0.103594
v 0.021875 0.751865 0.109975
v 0.000000 0.751865 0.112130
v -0.021875 0.751865 -0.109975
v -0.042910 0.751865 -0.103594
v -0.062296 0.751865 -0.093233
v -0.079288 0.751865 -0.079288
v -0.093233 0.751865 -0.062296
v -0.103594 0.751865 -0.042910
v -0.109975 0.751865 -0.021875
v -0.112130 0.751865 0.000000
v -0.109975 0.751865 0.021875
v -0.103594 0.751865 0.042910
v -0.093233 0.751865 0.062296
v -0.079288 0.751865 0.079288
v -0.062296 0.751865 0.093233
v -0.042910 0.751865 0.103594
v -0.021875 0.751865 0.109975
v 0.000000 0.792867 -0.086213
v 0.016819 0.792867 -0.084556
v 0.032992 0.792867 -0.079650
v 0.047897 0.792867 -0.071683
v 0.060961 0.792867 -0.060962
v 0.071683 0.792867 -0.047897
v 0.079650 0.792867 -0.032992
v 0.084556 0.792867 -0.016819
v 0.086213 0.792867 0.000000
v 0.084556 0.792867 0.016819
v 0.079650 0.792867 0.032992
v 0.071683 0.792867 0.047897
v 0.060962 0.792867 0.060962
v 0.047897 0.792867 0.071683
v 0.032992 0.792867 0.079650
v 0.016819 0.792867 0.084556
v 0.000000 0.792867 0.086213
v -0.016819 0.792867 -0.084556
v -0.032992 0.792867 -0.079650
v -0.047897 0.792867 -0.071683
v -0.060961 0.792867 -0.060962
v -0.071683 0.792867 -0.047897
v -0.079650 0.792867 -0.032992
v -0.084556 0.792867 -0.016819
v -0.086213 0.792867 0.000000
v -0.084556 0.792867 0.016819
v -0.079650 0.792867 0.032992
v -0.071683 0.792867 0.047897
v -0.060962 0.792867 0.060962
v -0.047897 0.792867 0.071683
v -0.032992 0.792867 0.079650
v -0.016819 0.792867 0.084556
v -0.101103 0.558170 -0.149945
v -0.101103 0.645085 -0.246260
v -0.092801 0.559822 -0.148455
v -0.092801 0.646737 -0.244770
v -0.086723 0.564334 -0.144383
v -0.086723 0.651249 -0.240698
v -0.084499 0.570497 -0.138821
v -0.084499 0.657412 -0.235136
v -0.086723 0.576661 -0.133259
v -0.086723 0.663576 -0.229574
v -0.092801 0.581173 -0.129188
v -0.092801 0.668088 -0.225503
v -0.101103 0.582824 -0.127697
v -0.101103 0.669739 -0.224012
v -0.109405 0.581173 -0.129188
v -0.109405 0.668088 -0.225503
v -0.115482 0.576661 -0.133259
v -0.115482 0.663576 -0.229574
v -0.117707 0.570497 -0.138821
v -0.117707 0.657412 -0.235136
v -0.115482 0.564334 -0.144383
v -0.115482 0.651249 -0.240698
v -0.109405 0.559822 -0.148455
v -0.109405 0.646737 -0.244770
v -0.087598 0.656841 -0.255966
v -0.093614 0.659022 -0.261704
v -0.083195 0.658546 -0.248785
v -0.081583 0.663683 -0.242085
v -0.083195 0.670873 -0.237661
v -0.087598 0.678191 -0.236699
v -0.093614 0.683676 -0.239457
v -0.099629 0.685858 -0.245195
v -0.104033 0.684152 -0.252376
v -0.105645 0.679016 -0.259076
v -0.104033 0.671825 -0.263500
v -0.099629 0.664507 -0.264462
v -0.071725 0.670254 -0.270830
v -0.074880 0.673747 -0.278022
v -0.069416 0.671000 -0.262585
v -0.068570 0.675785 -0.255496
v -0.069416 0.683327 -0.251461
v -0.071725 0.691605 -0.251563
v -0.074880 0.698401 -0.255774
v -0.078034 0.701894 -0.262966
v -0.080344 0.701149 -0.271211
v -0.081189 0.696364 -0.278300
v -0.080344 0.688821 -0.282335
v -0.078034 0.680543 -0.282233
v -0.053197 0.674474 -0.275507
v -0.053197 0.678371 -0.283145
v -0.053197 0.674924 -0.266934
v -0.053197 0.679601 -0.259725
v -0.053197 0.687251 -0.255810
v -0.053197 0.695825 -0.256240
v -0.053197 0.703025 -0.260898
v -0.053197 0.706921 -0.268536
v -0.053197 0.706471 -0.277109
v -0.053197 0.701794 -0.284319
v -0.053197 0.694144 -0.288233
v -0.053197 0.685571 -0.287804
v 0.000000 0.674474 -0.275507
v -0.000000 0.678371 -0.283145
v -0.000000 0.674924 -0.266934
v -0.000000 0.679601 -0.259725
v -0.000000 0.687251 -0.255810
v -0.000000 0.695825 -0.256240
v -0.000000 0.703025 -0.260898
v -0.000000 0.706921 -0.268536
v -0.000000 0.706471 -0.277109
v -0.000000 0.701794 -0.284319
v -0.000000 0.694144 -0.288233
v -0.000000 0.685571 -0.287804
v 0.101103 0.558170 -0.149945
v 0.101103 0.645085 -0.246260
v 0.092801 0.559822 -0.148455
v 0.092801 0.646737 -0.244770
v 0.086723 0.564334 -0.144383
v 0.086723 0.651249 -0.240698
v 0.084499 0.570497 -0.138821
v 0.084499 0.657412 -0.235136
v 0.086723 0.576661 -0.133259
v 0.086723 0.663576 -0.229574
v 0.092801 0.581173 -0.129188
v 0.092801 0.668088 -0.225503
v 0.101103 0.582824 -0.127697
v 0.101103 0.669739 -0.224012
v 0.109405 0.581173 -0.129188
v 0.109405 0.668088 -0.225503
v 0.115482 0.576661 -0.133259
v 0.115482 0.663576 -0.229574
v 0.117707 0.570497 -0.138821
v 0.117707 0.657412 -0.235136
v 0.115482 0.564334 -0.144383
v 0.115482 0.651249 -0.240698
v 0.109405 0.559822 -0.148455
v 0.109405 0.646737 -0.244770
v 0.087598 0.656841 -0.255966
v 0.093614 0.659022 -0.261704
v 0.083195 0.658546 -0.248785
v 0.081583 0.663683 -0.242085
v 0.083195 0.670873 -0.237661
v 0.087598 0.678191 -0.236699
v 0.093614 0.683676 -0.239457
v 0.099629 0.685858 -0.245195
v 0.104033 0.684152 -0.252376
v 0.105645 0.679016 -0.259076
v 0.104033 0.671825 -0.263500
v 0.099629 0.664507 -0.264462
v 0.071725 0.670254 -0.270830
v 0.074880 0.673747 -0.278022
v 0.069416 0.671000 -0.262585
v 0.068570 0.675785 -0.255496
v 0.069416 0.683327 -0.251461
v 0.071725 0.691605 -0.251563
v 0.074880 0.698401 -0.255774
v 0.078034 0.701894 -0.262966
v 0.080344 0.701149 -0.271211
v 0.081189 0.696364 -0.278300
v 0.080344 0.688821 -0.282335
v 0.078034 0.680543 -0.282233
v 0.053197 0.674474 -0.275507
v 0.053197 0.678371 -0.283145
v 0.053197 0.674924 -0.266934
v 0.053197 0.679601 -0.259725
v 0.053197 0.687251 -0.255810
v 0.053197 0.695825 -0.256240
v 0.053197 0.703025 -0.260898
v 0.053197 0.706921 -0.268536
v 0.053197 0.706471 -0.277109
v 0.053197 0.701794 -0.284319
v 0.053197 0.694144 -0.288233
v 0.053197 0.685571 -0.287804
v -0.101103 0.558170 0.149945
v -0.101103 0.645085 0.246260
v -0.092801 0.559822 0.148455
v -0.092801 0.646737 0.244770
v -0.086723 0.564334 0.144383
v -0.086723 0.651249 0.240698
v -0.084499 0.570497 0.138821
v -0.084499 0.657412 0.235136
v -0.086723 0.576661 0.133259
v -0.086723 0.663576 0.229574
v -0.092801 0.581173 0.129188
v -0.092801 0.668088 0.225503
v -0.101103 0.582824 0.127697
v -0.101103 0.669739 0.224012
v -0.109405 0.581173 0.129188
v -0.109405 0.668088 0.225503
v -0.115482 0.576661 0.133259
v -0.115482 0.663576 0.229574
v -0.117707 0.570497 0.138821
v -0.117707 0.657412 0.235136
v -0.115482 0.564334 0.144383
v -0.115482 0.651249 0.240698
v -0.109405 0.559822 0.148455
v -0.109405 0.646737 0.244770
v -0.087598 0.656841 0.255966
v -0.093614 0.659022 0.261704
v -0.083195 0.658546 0.248785
v -0.081583 0.663683 0.242085
v -0.083195 0.670873 0.237661
v -0.087598 0.678191 0.236699
v -0.093614 0.683676 0.239457
v -0.099629 0.685858 0.245195
v -0.104033 0.684152 0.252376
v -0.105645 0.679016 0.259076
v -0.104033 0.671825 0.263500
v -0.099629 0.664507 0.264462
v -0.071725 0.670254 0.270830
v -0.074880 0.673747 0.278022
v -0.069416 0.671000 0.262585
v -0.068570 0.675785 0.255496
v -0.069416 0.683327 0.251461
v -0.071725 0.691605 0.251563
v -0.074880 0.698401 0.255774
v -0.078034 0.701894 0.262966
v -0.080344 0.701149 0.271211
v -0.081189 0.696364 0.278300
v -0.080344 0.688821 0.282335
v -0.078034 0.680543 0.282233
v -0.053197 0.674474 0.275507
v -0.053197 0.678371 0.283145
v -0.053197 0.674924 0.266934
v -0.053197 0.679601 0.259725
v -0.053197 0.687251 0.255810
v -0.053197 0.695825 0.256240
v -0.053197 0.703025 0.260898
v -0.053197 0.706921 0.268536
v -0.053197 0.706471 0.277109
v -0.053197 0.701794 0.284319
v -0.053197 0.694144 0.288233
v -0.053197 0.685571 0.287804
v -0.000000 0.674474 0.275507
v -0.000000 0.678371 0.283145
v -0.000000 0.674924 0.266934
v -0.000000 0.679601 0.259725
v -0.000000 0.687251 0.255810
v -0.000000 0.695825 0.256240
v -0.000000 0.703025 0.260898
v -0.000000 0.706921 0.268536
v -0.000000 0.706471 0.277109
v -0.000000 0.701794 0.284319
v -0.000000 0.694144 0.288233
v -0.000000 0.685571 0.287804
v 0.101103 0.558170 0.149945
v 0.101103 0.645085 0.246260
v 0.092801 0.559822 0.148455
v 0.092801 0.646737 0.244770
v 0.086723 0.564334 0.144383
v 0.086723 0.651249 0.240698
v 0.084499 0.570497 0.138821
v 0.084499 0.657412 0.235136
v 0.086723 0.576661 0.133259
v 0.086723 0.663576 0.229574
v 0.092801 0.581173 0.129188
v 0.092801 0.668088 0.225503
v 0.101103 0.582824 0.127697
v 0.101103 0.669739 0.224012
v 0.109405 0.581173 0.129188
v 0.109405 0.668088 0.225503
v 0.115482 0.576661 0.133259
v 0.115482 0.663576 0.229574
v 0.117707 0.570497 0.138821
v 0.117707 0.657412 0.235136
v 0.115482 0.564334 0.144383
v 0.115482 0.651249 0.240698
v 0.109405 0.559822 0.148455
v 0.109405 0.646737 0.244770
v 0.087598 0.656841 0.255966
v 0.093614 0.659022 0.261704
v 0.083195 0.658546 0.248785
v 0.081583 0.663683 0.242085
v 0.083195 0.670873 0.237661
v 0.087598 0.678191 0.236699
v 0.093614 0.683676 0.239457
v 0.099629 0.685858 0.245195
v 0.104033 0.684152 0.252376
v 0.105645 0.679016 0.259076
v 0.104033 0.671825 0.263500
v 0.099629 0.664507 0.264462
v 0.071725 0.670254 0.270830
v 0.074880 0.673747 0.278022
v 0.069416 0.671000 0.262585
v 0.068570 0.675785 0.255496
v 0.069416 0.683327 0.251461
v 0.071725 0.691605 0.251563
v 0.074880 0.698401 0.255774
v 0.078034 0.701894 0.262966
v 0.080344 0.701149 0.271211
v 0.081189 0.696364 0.278300
v 0.080344 0.688821 0.282335
v 0.078034 0.680543 0.282233
v 0.053197 0.674474 0.275507
v 0.053197 0.678371 0.283145
v 0.053197 0.674924 0.266934
v 0.053197 0.679601 0.259725
v 0.053197 0.687251 0.255810
v 0.053197 0.695825 0.256240
v 0.053197 0.703025 0.260898
v 0.053197 0.706921 0.268536
v 0.053197 0.706471 0.277109
v 0.053197 0.701794 0.284319
v 0.053197 0.694144 0.288233
v 0.053197 0.685571 0.287804
vt 0.700756 0.480166
vt 0.676841 0.480166
vt 0.676841 0.448420
vt 0.700756 0.448420
vt 0.652926 0.480166
vt 0.652926 0.448420
vt 0.461602 0.480166
vt 0.437687 0.480166
vt 0.437687 0.448420
vt 0.461602 0.448420
vt 0.413772 0.480166
vt 0.413772 0.448420
vt 0.629010 0.480166
vt 0.629010 0.448420
vt 0.605095 0.480166
vt 0.605095 0.448420
vt 0.389856 0.480166
vt 0.389856 0.448420
vt 0.365941 0.480166
vt 0.365941 0.448420
vt 0.581179 0.480166
vt 0.581179 0.448420
vt 0.557264 0.480166
vt 0.557264 0.448420
vt 0.342025 0.480166
vt 0.342025 0.448420
vt 0.533349 0.480166
vt 0.533349 0.448420
vt 0.509433 0.480166
vt 0.509433 0.448420
vt 0.485518 0.480166
vt 0.485518 0.448420
vt 0.318110 0.448420
vt 0.318110 0.427092
vt 0.342025 0.427092
vt 0.365941 0.427092
vt 0.389856 0.427092
vt 0.413772 0.427092
vt 0.437687 0.427092
vt 0.461602 0.427092
vt 0.485518 0.427092
vt 0.509433 0.427092
vt 0.533349 0.427092
vt 0.557264 0.427092
vt 0.581179 0.427092
vt 0.605095 0.427092
vt 0.629010 0.427092
vt 0.652926 0.427092
vt 0.676841 0.427092
vt 0.700756 0.427092
vt 0.318110 0.480166
vt 0.533349 0.427092
vt 0.557264 0.427092
vt 0.676841 0.448420
vt 0.676841 0.480166
vt 0.652926 0.448420
vt 0.652926 0.480166
vt 0.461602 0.480166
vt 0.461602 0.448420
vt 0.437687 0.448420
vt 0.437687 0.480166
vt 0.413772 0.448420
vt 0.413772 0.480166
vt 0.629010 0.448420
vt 0.629010 0.480166
vt 0.605095 0.448420
vt 0.605095 0.480166
vt 0.389856 0.448420
vt 0.389856 0.480166
vt 0.365941 0.448420
vt 0.365941 0.480166
vt 0.581179 0.448420
vt 0.581179 0.480166
vt 0.557264 0.448420
vt 0.557264 0.480166
vt 0.342025 0.448420
vt 0.342025 0.480166
vt 0.533349 0.448420
vt 0.533349 0.480166
vt 0.509433 0.448420
vt 0.509433 0.480166
vt 0.485518 0.448420
vt 0.485518 0.480166
vt 0.342025 0.427092
vt 0.365941 0.427092
vt 0.413772 0.427092
vt 0.389856 0.427092
vt 0.437687 0.427092
vt 0.461602 0.427092
vt 0.485518 0.427092
vt 0.509433 0.427092
vt 0.533349 0.427092
vt 0.557264 0.427092
vt 0.581179 0.427092
vt 0.605095 0.427092
vt 0.629010 0.427092
vt 0.652926 0.427092
vt 0.676841 0.427092
vt 0.437687 0.427092
vt 0.413772 0.427092
vt 0.652926 0.427092
vt 0.629010 0.427092
vt 0.437687 0.427092
vt 0.461602 0.427092
vt 0.557264 0.427092
vt 0.533349 0.427092
vt 0.652926 0.427092
vt 0.676841 0.427092
vt 0.318110 0.427092
vt 0.342025 0.427092
vt 0.461602 0.427092
vt 0.581179 0.427092
vt 0.676841 0.427092
vt 0.342025 0.427092
vt 0.485518 0.427092
vt 0.581179 0.427092
vt 0.700756 0.427092
vt 0.365941 0.427092
vt 0.485518 0.427092
vt 0.605095 0.427092
vt 0.365941 0.427092
vt 0.389856 0.427092
vt 0.389856 0.427092
vt 0.509433 0.427092
vt 0.605095 0.427092
vt 0.413772 0.427092
vt 0.629010 0.427092
vt 0.509433 0.427092
vt 0.457769 0.824668
vt 0.479651 0.824669
vt 0.479651 0.859890
vt 0.457769 0.859890
vt 0.414005 0.824668
vt 0.435887 0.824668
vt 0.435887 0.859890
vt 0.414005 0.859890
vt 0.392123 0.824668
vt 0.392123 0.859890
vt 0.370241 0.824668
vt 0.370241 0.859890
vt 0.348359 0.824668
vt 0.348359 0.859890
vt 0.326477 0.824668
vt 0.326477 0.859890
vt 0.654707 0.824668
vt 0.676589 0.824668
vt 0.676589 0.859890
vt 0.654707 0.859890
vt 0.632825 0.824668
vt 0.632825 0.859890
vt 0.610943 0.824668
vt 0.610943 0.859890
vt 0.589061 0.824668
vt 0.589061 0.859890
vt 0.567179 0.824668
vt 0.567179 0.859890
vt 0.545297 0.824668
vt 0.545297 0.859890
vt 0.523415 0.824668
vt 0.523415 0.859890
vt 0.501533 0.824668
vt 0.501533 0.859890
vt 0.501062 0.209414
vt 0.530991 0.209414
vt 0.530991 0.320731
vt 0.501062 0.320731
vt 0.560919 0.209414
vt 0.560919 0.320731
vt 0.590848 0.209414
vt 0.590848 0.320731
vt 0.620776 0.209414
vt 0.620776 0.320731
vt 0.650705 0.209414
vt 0.650705 0.320731
vt 0.680633 0.209414
vt 0.680633 0.320731
vt 0.710562 0.209414
vt 0.710562 0.320731
vt 0.740490 0.209414
vt 0.740490 0.320731
vt 0.261634 0.209414
vt 0.291563 0.209414
vt 0.291563 0.320731
vt 0.261634 0.320731
vt 0.321491 0.209414
vt 0.321491 0.320731
vt 0.351420 0.209414
vt 0.351420 0.320731
vt 0.381348 0.209414
vt 0.381348 0.320731
vt 0.411277 0.209414
vt 0.411277 0.320731
vt 0.441205 0.209414
vt 0.441205 0.320731
vt 0.471134 0.209414
vt 0.471134 0.320731
vt 0.261634 0.356801
vt 0.231706 0.356801
vt 0.231706 0.320731
vt 0.689755 0.949426
vt 0.297594 0.949426
vt 0.310245 0.949426
vt 0.322895 0.949426
vt 0.335545 0.949426
vt 0.348196 0.949426
vt 0.360846 0.949426
vt 0.373496 0.949426
vt 0.386147 0.949426
vt 0.398797 0.949426
vt 0.601203 0.949426
vt 0.613853 0.949426
vt 0.626503 0.949426
vt 0.639154 0.949426
vt 0.651804 0.949426
vt 0.664454 0.949426
vt 0.677105 0.949426
vt 0.479651 0.842847
vt 0.501533 0.842847
vt 0.501533 0.856041
vt 0.479651 0.856041
vt 0.457769 0.842847
vt 0.457769 0.856041
vt 0.435887 0.842847
vt 0.435887 0.856041
vt 0.414005 0.842847
vt 0.414005 0.856041
vt 0.392123 0.842847
vt 0.392123 0.856041
vt 0.370241 0.842847
vt 0.370241 0.856041
vt 0.348359 0.842847
vt 0.348359 0.856041
vt 0.326477 0.842847
vt 0.326477 0.856041
vt 0.654707 0.842847
vt 0.676589 0.842847
vt 0.676589 0.856041
vt 0.654707 0.856041
vt 0.632825 0.842847
vt 0.632825 0.856041
vt 0.610943 0.842847
vt 0.610943 0.856041
vt 0.589061 0.842847
vt 0.589061 0.856041
vt 0.567179 0.842847
vt 0.567179 0.856041
vt 0.545297 0.842847
vt 0.545297 0.856041
vt 0.523415 0.842847
vt 0.523415 0.856041
vt 0.347923 0.658411
vt 0.347923 0.608223
vt 0.370746 0.608223
vt 0.370746 0.658411
vt 0.530506 0.658411
vt 0.530506 0.608223
vt 0.553329 0.608223
vt 0.553329 0.658411
vt 0.325100 0.658411
vt 0.325100 0.608223
vt 0.484861 0.658411
vt 0.484861 0.608223
vt 0.507683 0.608223
vt 0.507683 0.658411
vt 0.667443 0.658411
vt 0.667444 0.608223
vt 0.690266 0.608223
vt 0.690266 0.658411
vt 0.462038 0.658411
vt 0.462038 0.608223
vt 0.644621 0.658411
vt 0.644621 0.608223
vt 0.439215 0.658411
vt 0.439215 0.608223
vt 0.621798 0.658411
vt 0.621798 0.608223
vt 0.416392 0.658411
vt 0.416392 0.608223
vt 0.598975 0.658411
vt 0.598975 0.608223
vt 0.393569 0.658411
vt 0.393569 0.608223
vt 0.576152 0.658411
vt 0.576152 0.608223
vt 0.560919 0.356801
vt 0.530991 0.356801
vt 0.710562 0.356801
vt 0.680633 0.356801
vt 0.620776 0.356801
vt 0.590848 0.356801
vt 0.381348 0.356801
vt 0.351420 0.356801
vt 0.740490 0.356801
vt 0.979918 0.320731
vt 0.979918 0.356801
vt 0.949990 0.356801
vt 0.949990 0.320731
vt 0.411277 0.356801
vt 0.770419 0.320731
vt 0.770419 0.356801
vt 0.650705 0.356801
vt 0.321491 0.356801
vt 0.291563 0.356801
vt 0.441205 0.356801
vt 0.501062 0.356801
vt 0.471134 0.356801
vt 0.457769 0.824668
vt 0.457769 0.859890
vt 0.479651 0.859890
vt 0.479651 0.824669
vt 0.414005 0.824668
vt 0.414005 0.859890
vt 0.435887 0.859890
vt 0.435887 0.824668
vt 0.392123 0.824668
vt 0.392123 0.859890
vt 0.370241 0.824668
vt 0.370241 0.859890
vt 0.348359 0.824668
vt 0.348359 0.859890
vt 0.654707 0.824668
vt 0.654707 0.859890
vt 0.632825 0.824668
vt 0.632825 0.859890
vt 0.610943 0.824668
vt 0.610943 0.859890
vt 0.589061 0.824668
vt 0.589061 0.859890
vt 0.567179 0.824668
vt 0.567179 0.859890
vt 0.545297 0.824668
vt 0.545297 0.859890
vt 0.523415 0.824668
vt 0.523415 0.859890
vt 0.501533 0.824668
vt 0.501533 0.859890
vt 0.979918 0.209414
vt 0.949990 0.209414
vt 0.920061 0.320731
vt 0.920061 0.209414
vt 0.890133 0.320731
vt 0.890133 0.209414
vt 0.860204 0.320731
vt 0.860204 0.209414
vt 0.830276 0.320731
vt 0.830276 0.209414
vt 0.800347 0.320731
vt 0.800347 0.209414
vt 0.770419 0.209414
vt 0.231706 0.209414
vt 0.201777 0.320731
vt 0.201777 0.209414
vt 0.171849 0.320731
vt 0.171849 0.209414
vt 0.141920 0.320731
vt 0.141920 0.209414
vt 0.111992 0.320731
vt 0.111992 0.209414
vt 0.082063 0.320731
vt 0.082063 0.209414
vt 0.052135 0.320731
vt 0.052135 0.209414
vt 0.022206 0.320731
vt 0.022206 0.209414
vt 0.201777 0.356801
vt 0.171849 0.356801
vt 0.689755 0.949426
vt 0.677105 0.949426
vt 0.664454 0.949426
vt 0.651804 0.949426
vt 0.639154 0.949426
vt 0.626503 0.949426
vt 0.613853 0.949426
vt 0.386147 0.949426
vt 0.373496 0.949426
vt 0.360846 0.949426
vt 0.348196 0.949426
vt 0.335545 0.949426
vt 0.322895 0.949426
vt 0.310245 0.949426
vt 0.297594 0.949426
vt 0.479651 0.842847
vt 0.479651 0.856041
vt 0.501533 0.856041
vt 0.501533 0.842847
vt 0.457769 0.842847
vt 0.457769 0.856041
vt 0.435887 0.842847
vt 0.435887 0.856041
vt 0.414005 0.842847
vt 0.414005 0.856041
vt 0.392123 0.842847
vt 0.392123 0.856041
vt 0.370241 0.842847
vt 0.370241 0.856041
vt 0.348359 0.842847
vt 0.348359 0.856041
vt 0.654707 0.842847
vt 0.654707 0.856041
vt 0.632825 0.842847
vt 0.632825 0.856041
vt 0.610943 0.842847
vt 0.610943 0.856041
vt 0.589061 0.842847
vt 0.589061 0.856041
vt 0.567179 0.842847
vt 0.567179 0.856041
vt 0.545297 0.842847
vt 0.545297 0.856041
vt 0.523415 0.842847
vt 0.523415 0.856041
vt 0.347923 0.658411
vt 0.370746 0.658411
vt 0.370746 0.608223
vt 0.347923 0.608223
vt 0.530506 0.658411
vt 0.553329 0.658411
vt 0.553329 0.608223
vt 0.530506 0.608223
vt 0.484861 0.658411
vt 0.507683 0.658411
vt 0.507683 0.608223
vt 0.484861 0.608223
vt 0.667443 0.658411
vt 0.667444 0.608223
vt 0.462038 0.658411
vt 0.462038 0.608223
vt 0.644621 0.658411
vt 0.644621 0.608223
vt 0.439215 0.658411
vt 0.439215 0.608223
vt 0.621798 0.658411
vt 0.621798 0.608223
vt 0.416392 0.658411
vt 0.416392 0.608223
vt 0.598975 0.658411
vt 0.598975 0.608223
vt 0.393569 0.658411
vt 0.393569 0.608223
vt 0.576152 0.658411
vt 0.576152 0.608223
vt 0.800347 0.356801
vt 0.890133 0.356801
vt 0.860204 0.356801
vt 0.141920 0.356801
vt 0.920061 0.356801
vt 0.111992 0.356801
vt 0.830276 0.356801
vt 0.082063 0.356801
vt 0.052135 0.356801
vt 0.022206 0.356801
vt 0.484120 0.591527
vt 0.463320 0.591527
vt 0.442520 0.591527
vt 0.421721 0.591527
vt 0.400921 0.591527
vt 0.380121 0.591527
vt 0.359321 0.591527
vt 0.338521 0.591527
vt 0.359321 0.591527
vt 0.380121 0.591527
vt 0.400921 0.591527
vt 0.421721 0.591527
vt 0.442520 0.591527
vt 0.463320 0.591527
vt 0.484120 0.591527
vt 0.504920 0.591527
vt 0.525720 0.591527
vt 0.546520 0.591527
vt 0.567319 0.591527
vt 0.588119 0.591527
vt 0.608919 0.591527
vt 0.629719 0.591527
vt 0.650519 0.591527
vt 0.671318 0.591527
vt 0.650519 0.591527
vt 0.629719 0.591527
vt 0.608919 0.591527
vt 0.588119 0.591527
vt 0.567319 0.591527
vt 0.546520 0.591527
vt 0.525720 0.591527
vt 0.504920 0.591527
vt 0.700756 0.480166
vt 0.676841 0.480166
vt 0.676841 0.448420
vt 0.700756 0.448420
vt 0.652926 0.480166
vt 0.652926 0.448420
vt 0.461602 0.480166
vt 0.437687 0.480166
vt 0.437687 0.448420
vt 0.461602 0.448420
vt 0.413772 0.480166
vt 0.413772 0.448420
vt 0.629010 0.480166
vt 0.629010 0.448420
vt 0.605095 0.480166
vt 0.605095 0.448420
vt 0.389856 0.480166
vt 0.389856 0.448420
vt 0.365941 0.480166
vt 0.365941 0.448420
vt 0.581179 0.480166
vt 0.581179 0.448420
vt 0.557264 0.480166
vt 0.557264 0.448420
vt 0.342025 0.480166
vt 0.342025 0.448420
vt 0.533349 0.480166
vt 0.533349 0.448420
vt 0.509433 0.480166
vt 0.509433 0.448420
vt 0.485518 0.480166
vt 0.485518 0.448420
vt 0.318110 0.448420
vt 0.318110 0.427092
vt 0.342025 0.427092
vt 0.365941 0.427092
vt 0.389856 0.427092
vt 0.413772 0.427092
vt 0.437687 0.427092
vt 0.461602 0.427092
vt 0.485518 0.427092
vt 0.509433 0.427092
vt 0.533349 0.427092
vt 0.557264 0.427092
vt 0.581179 0.427092
vt 0.605095 0.427092
vt 0.629010 0.427092
vt 0.652926 0.427092
vt 0.676841 0.427092
vt 0.700756 0.427092
vt 0.318110 0.480166
vt 0.533349 0.427092
vt 0.557264 0.427092
vt 0.676841 0.448420
vt 0.676841 0.480166
vt 0.652926 0.448420
vt 0.652926 0.480166
vt 0.461602 0.480166
vt 0.461602 0.448420
vt 0.437687 0.448420
vt 0.437687 0.480166
vt 0.413772 0.448420
vt 0.413772 0.480166
vt 0.629010 0.448420
vt 0.629010 0.480166
vt 0.605095 0.448420
vt 0.605095 0.480166
vt 0.389856 0.448420
vt 0.389856 0.480166
vt 0.365941 0.448420
vt 0.365941 0.480166
vt 0.581179 0.448420
vt 0.581179 0.480166
vt 0.557264 0.448420
vt 0.557264 0.480166
vt 0.342025 0.448420
vt 0.342025 0.480166
vt 0.533349 0.448420
vt 0.533349 0.480166
vt 0.509433 0.448420
vt 0.509433 0.480166
vt 0.485518 0.448420
vt 0.485518 0.480166
vt 0.342025 0.427092
vt 0.365941 0.427092
vt 0.413772 0.427092
vt 0.389856 0.427092
vt 0.437687 0.427092
vt 0.461602 0.427092
vt 0.485518 0.427092
vt 0.509433 0.427092
vt 0.533349 0.427092
vt 0.557264 0.427092
vt 0.581179 0.427092
vt 0.605095 0.427092
vt 0.629010 0.427092
vt 0.652926 0.427092
vt 0.676841 0.427092
vt 0.437687 0.427092
vt 0.413772 0.427092
vt 0.652926 0.427092
vt 0.629010 0.427092
vt 0.437687 0.427092
vt 0.461602 0.427092
vt 0.557264 0.427092
vt 0.533349 0.427092
vt 0.652926 0.427092
vt 0.676841 0.427092
vt 0.318110 0.427092
vt 0.342025 0.427092
vt 0.461602 0.427092
vt 0.581179 0.427092
vt 0.676841 0.427092
vt 0.342025 0.427092
vt 0.485518 0.427092
vt 0.581179 0.427092
vt 0.700756 0.427092
vt 0.365941 0.427092
vt 0.485518 0.427092
vt 0.605095 0.427092
vt 0.365941 0.427092
vt 0.389856 0.427092
vt 0.389856 0.427092
vt 0.509433 0.427092
vt 0.605095 0.427092
vt 0.413772 0.427092
vt 0.629010 0.427092
vt 0.509433 0.427092
vt 0.680684 0.351018
vt 0.673841 0.350344
vt 0.675422 0.342393
vt 0.680684 0.342911
vt 0.667261 0.283539
vt 0.673841 0.281543
vt 0.675422 0.289494
vt 0.670364 0.291029
vt 0.680684 0.288976
vt 0.685945 0.289494
vt 0.691004 0.291029
vt 0.695666 0.293521
vt 0.699753 0.296875
vt 0.703106 0.300961
vt 0.705598 0.305624
vt 0.707133 0.310683
vt 0.707651 0.315944
vt 0.707133 0.321205
vt 0.705598 0.326264
vt 0.703106 0.330926
vt 0.699753 0.335013
vt 0.695666 0.338366
vt 0.691004 0.340858
vt 0.685945 0.342393
vt 0.670364 0.340858
vt 0.665701 0.338366
vt 0.661615 0.335013
vt 0.658261 0.330926
vt 0.655769 0.326264
vt 0.654234 0.321205
vt 0.653716 0.315944
vt 0.654234 0.310683
vt 0.655769 0.305624
vt 0.658261 0.300961
vt 0.661615 0.296875
vt 0.665701 0.293521
vt 0.713088 0.329366
vt 0.709847 0.335430
vt 0.680684 0.280869
vt 0.667261 0.348348
vt 0.715084 0.322786
vt 0.661197 0.345107
vt 0.655882 0.340745
vt 0.715758 0.315944
vt 0.651520 0.335430
vt 0.715084 0.309101
vt 0.648279 0.329366
vt 0.713088 0.302521
vt 0.646283 0.322786
vt 0.709847 0.296457
vt 0.645609 0.315944
vt 0.705485 0.291142
vt 0.646283 0.309101
vt 0.700170 0.286780
vt 0.648279 0.302521
vt 0.694106 0.283539
vt 0.651520 0.296457
vt 0.687526 0.281543
vt 0.687526 0.350344
vt 0.655882 0.291142
vt 0.694106 0.348348
vt 0.661197 0.286780
vt 0.700170 0.345107
vt 0.705485 0.340745
vt 0.282983 0.378561
vt 0.282983 0.407789
vt 0.270332 0.407789
vt 0.270332 0.378561
vt 0.266770 0.378561
vt 0.266770 0.407789
vt 0.254120 0.407789
vt 0.254120 0.378561
vt 0.257682 0.407789
vt 0.257682 0.378561
vt 0.241469 0.407789
vt 0.241469 0.378561
vt 0.245032 0.407789
vt 0.245032 0.378561
vt 0.228819 0.407789
vt 0.228819 0.378561
vt 0.232381 0.407789
vt 0.232381 0.378561
vt 0.216169 0.407789
vt 0.216169 0.378561
vt 0.219731 0.407789
vt 0.219731 0.378561
vt 0.203518 0.407789
vt 0.203518 0.378561
vt 0.207081 0.407789
vt 0.207081 0.378561
vt 0.293391 0.378561
vt 0.293391 0.407789
vt 0.280741 0.407789
vt 0.280741 0.378561
vt 0.190868 0.407789
vt 0.190868 0.378561
vt 0.292071 0.378561
vt 0.292071 0.407789
vt 0.279420 0.407789
vt 0.279420 0.378561
vt 0.268090 0.407789
vt 0.268090 0.378561
vt 0.437007 0.998933
vt 0.421259 0.998933
vt 0.421259 0.948529
vt 0.437007 0.948529
vt 0.355963 0.948529
vt 0.384770 0.948529
vt 0.384770 0.998933
vt 0.355963 0.998933
vt 0.562993 0.998933
vt 0.547245 0.998933
vt 0.547245 0.948529
vt 0.562993 0.948529
vt 0.615229 0.948529
vt 0.644037 0.948529
vt 0.644037 0.998933
vt 0.615229 0.998933
vt 0.405511 0.998933
vt 0.405511 0.948529
vt 0.413578 0.948529
vt 0.413578 0.998933
vt 0.531496 0.998933
vt 0.531496 0.948529
vt 0.672844 0.948529
vt 0.701652 0.948529
vt 0.701652 0.998933
vt 0.672844 0.998933
vt 0.389763 0.998933
vt 0.389763 0.948529
vt 0.442385 0.948529
vt 0.471193 0.948529
vt 0.471193 0.998933
vt 0.442385 0.998933
vt 0.515748 0.998933
vt 0.515748 0.948529
vt 0.730459 0.948529
vt 0.730459 0.998933
vt 0.586422 0.948529
vt 0.586422 0.998933
vt 0.578741 0.998933
vt 0.578741 0.948529
vt 0.327156 0.948529
vt 0.327156 0.998933
vt 0.452755 0.998933
vt 0.452755 0.948529
vt 0.557615 0.948529
vt 0.557615 0.998933
vt 0.610237 0.998933
vt 0.594489 0.998933
vt 0.594489 0.948529
vt 0.610237 0.948529
vt 0.298348 0.948529
vt 0.298348 0.998933
vt 0.484252 0.998933
vt 0.468504 0.998933
vt 0.468504 0.948529
vt 0.484252 0.948529
vt 0.528807 0.948529
vt 0.528807 0.998933
vt 0.625986 0.998933
vt 0.625986 0.948529
vt 0.269541 0.948529
vt 0.269541 0.998933
vt 0.500000 0.998933
vt 0.500000 0.948529
vt 0.500000 0.948529
vt 0.500000 0.998933
vt 0.374014 0.998933
vt 0.374014 0.948529
vt 0.282983 0.378561
vt 0.270332 0.378561
vt 0.270332 0.407789
vt 0.282983 0.407789
vt 0.266770 0.378561
vt 0.254120 0.378561
vt 0.254120 0.407789
vt 0.266770 0.407789
vt 0.257682 0.378561
vt 0.257682 0.407789
vt 0.241469 0.378561
vt 0.241469 0.407789
vt 0.245032 0.378561
vt 0.245032 0.407789
vt 0.228819 0.378561
vt 0.228819 0.407789
vt 0.232381 0.378561
vt 0.232381 0.407789
vt 0.216169 0.378561
vt 0.216169 0.407789
vt 0.219731 0.378561
vt 0.219731 0.407789
vt 0.231061 0.378561
vt 0.218411 0.378561
vt 0.218411 0.407789
vt 0.231061 0.407789
vt 0.308283 0.378561
vt 0.295633 0.378561
vt 0.295633 0.407789
vt 0.308283 0.407789
vt 0.205761 0.378561
vt 0.205761 0.407789
vt 0.279420 0.378561
vt 0.279420 0.407789
vt 0.437007 0.998933
vt 0.437007 0.948529
vt 0.421259 0.948529
vt 0.421259 0.998933
vt 0.355963 0.948529
vt 0.355963 0.998933
vt 0.384770 0.998933
vt 0.384770 0.948529
vt 0.562993 0.998933
vt 0.562993 0.948529
vt 0.547245 0.948529
vt 0.547245 0.998933
vt 0.615229 0.948529
vt 0.615229 0.998933
vt 0.644037 0.998933
vt 0.644037 0.948529
vt 0.405511 0.948529
vt 0.405511 0.998933
vt 0.413578 0.998933
vt 0.413578 0.948529
vt 0.531496 0.948529
vt 0.531496 0.998933
vt 0.672844 0.948529
vt 0.672844 0.998933
vt 0.701652 0.998933
vt 0.701652 0.948529
vt 0.389763 0.948529
vt 0.389763 0.998933
vt 0.442385 0.948529
vt 0.442385 0.998933
vt 0.471193 0.998933
vt 0.471193 0.948529
vt 0.515748 0.948529
vt 0.515748 0.998933
vt 0.586422 0.948529
vt 0.586422 0.998933
vt 0.578741 0.998933
vt 0.578741 0.948529
vt 0.327156 0.948529
vt 0.327156 0.998933
vt 0.452755 0.998933
vt 0.452755 0.948529
vt 0.557615 0.948529
vt 0.557615 0.998933
vt 0.610237 0.998933
vt 0.610237 0.948529
vt 0.594489 0.948529
vt 0.594489 0.998933
vt 0.298348 0.948529
vt 0.298348 0.998933
vt 0.484252 0.998933
vt 0.484252 0.948529
vt 0.468504 0.948529
vt 0.468504 0.998933
vt 0.528807 0.948529
vt 0.528807 0.998933
vt 0.500000 0.948529
vt 0.500000 0.998933
vt 0.500000 0.998933
vt 0.500000 0.948529
vt 0.680684 0.351018
vt 0.673841 0.350344
vt 0.675422 0.342393
vt 0.680684 0.342911
vt 0.667261 0.283539
vt 0.673841 0.281543
vt 0.675422 0.289494
vt 0.670364 0.291029
vt 0.680684 0.288976
vt 0.685945 0.289494
vt 0.691004 0.291029
vt 0.695666 0.293521
vt 0.699753 0.296875
vt 0.703106 0.300961
vt 0.705598 0.305624
vt 0.707133 0.310683
vt 0.707651 0.315944
vt 0.707133 0.321205
vt 0.705598 0.326264
vt 0.703106 0.330926
vt 0.699753 0.335013
vt 0.695666 0.338366
vt 0.691004 0.340858
vt 0.685945 0.342393
vt 0.670364 0.340858
vt 0.665701 0.338366
vt 0.661615 0.335013
vt 0.658261 0.330926
vt 0.655769 0.326264
vt 0.654234 0.321205
vt 0.653716 0.315944
vt 0.654234 0.310683
vt 0.655769 0.305624
vt 0.658261 0.300961
vt 0.661615 0.296875
vt 0.665701 0.293521
vt 0.713088 0.329366
vt 0.709847 0.335430
vt 0.680684 0.280869
vt 0.667261 0.348348
vt 0.715084 0.322786
vt 0.661197 0.345107
vt 0.655882 0.340745
vt 0.715758 0.315944
vt 0.651520 0.335430
vt 0.715084 0.309101
vt 0.648279 0.329366
vt 0.713088 0.302521
vt 0.646283 0.322786
vt 0.709847 0.296457
vt 0.645609 0.315944
vt 0.705485 0.291142
vt 0.646283 0.309101
vt 0.700170 0.286780
vt 0.648279 0.302521
vt 0.694106 0.283539
vt 0.651520 0.296457
vt 0.687526 0.281543
vt 0.687526 0.350344
vt 0.655882 0.291142
vt 0.694106 0.348348
vt 0.661197 0.286780
vt 0.700170 0.345107
vt 0.705485 0.340745
vt 0.177873 0.888521
vt 0.446015 0.888521
vt 0.446015 0.902369
vt 0.177873 0.902369
vt 0.446015 0.916222
vt 0.177873 0.916222
vt 0.446015 0.930080
vt 0.177873 0.930080
vt 0.177873 0.763843
vt 0.446015 0.763843
vt 0.446015 0.777701
vt 0.177873 0.777701
vt 0.446015 0.791554
vt 0.177873 0.791554
vt 0.446015 0.805402
vt 0.177873 0.805402
vt 0.446015 0.819250
vt 0.177873 0.819250
vt 0.446015 0.833104
vt 0.177873 0.833104
vt 0.446015 0.846962
vt 0.177873 0.846962
vt 0.446015 0.860820
vt 0.177873 0.860820
vt 0.491719 0.791554
vt 0.491719 0.805402
vt 0.446015 0.874673
vt 0.177873 0.874673
vt 0.551471 0.791554
vt 0.551471 0.805402
vt 0.491719 0.777701
vt 0.491719 0.763843
vt 0.491719 0.874673
vt 0.491719 0.888521
vt 0.491719 0.902369
vt 0.491719 0.916222
vt 0.491719 0.930080
vt 0.491719 0.860820
vt 0.491719 0.846962
vt 0.491719 0.833104
vt 0.491719 0.819250
vt 0.551471 0.846962
vt 0.551471 0.833104
vt 0.598517 0.833104
vt 0.598517 0.846962
vt 0.551471 0.916222
vt 0.551471 0.930080
vt 0.551471 0.860820
vt 0.551471 0.819250
vt 0.551471 0.763843
vt 0.551471 0.777701
vt 0.551471 0.874673
vt 0.551471 0.888521
vt 0.551471 0.902369
vt 0.598517 0.916222
vt 0.598517 0.902369
vt 0.806863 0.902369
vt 0.806863 0.916222
vt 0.598517 0.791554
vt 0.598517 0.805402
vt 0.598517 0.930080
vt 0.598517 0.860820
vt 0.598517 0.819250
vt 0.598517 0.763843
vt 0.598517 0.777701
vt 0.598517 0.874673
vt 0.598517 0.888521
vt 0.806863 0.833104
vt 0.806863 0.846962
vt 0.806863 0.791554
vt 0.806863 0.805402
vt 0.806863 0.930080
vt 0.806863 0.860820
vt 0.806863 0.819250
vt 0.806863 0.763843
vt 0.806863 0.777701
vt 0.806863 0.874673
vt 0.806863 0.888521
vt 0.177873 0.888521
vt 0.177873 0.902369
vt 0.446015 0.902369
vt 0.446015 0.888521
vt 0.177873 0.916222
vt 0.446015 0.916222
vt 0.177873 0.930080
vt 0.446015 0.930080
vt 0.177873 0.763843
vt 0.177873 0.777701
vt 0.446015 0.777701
vt 0.446015 0.763843
vt 0.177873 0.791554
vt 0.446015 0.791554
vt 0.177873 0.805402
vt 0.446015 0.805402
vt 0.177873 0.819250
vt 0.446015 0.819250
vt 0.177873 0.833104
vt 0.446015 0.833104
vt 0.177873 0.846962
vt 0.446015 0.846962
vt 0.177873 0.860820
vt 0.446015 0.860820
vt 0.491719 0.805402
vt 0.491719 0.791554
vt 0.177873 0.874673
vt 0.446015 0.874673
vt 0.551471 0.805402
vt 0.551471 0.791554
vt 0.491719 0.777701
vt 0.491719 0.763843
vt 0.491719 0.888521
vt 0.491719 0.874673
vt 0.491719 0.902369
vt 0.491719 0.930080
vt 0.491719 0.916222
vt 0.491719 0.860820
vt 0.491719 0.846962
vt 0.491719 0.833104
vt 0.491719 0.819250
vt 0.551471 0.846962
vt 0.598517 0.846962
vt 0.598517 0.833104
vt 0.551471 0.833104
vt 0.551471 0.930080
vt 0.551471 0.916222
vt 0.551471 0.860820
vt 0.551471 0.819250
vt 0.551471 0.777701
vt 0.551471 0.763843
vt 0.551471 0.874673
vt 0.551471 0.902369
vt 0.551471 0.888521
vt 0.598517 0.916222
vt 0.598517 0.902369
vt 0.598517 0.805402
vt 0.598517 0.791554
vt 0.598517 0.930080
vt 0.598517 0.860820
vt 0.598517 0.819250
vt 0.598517 0.777701
vt 0.598517 0.763843
vt 0.598517 0.874673
vt 0.598517 0.888521
vt 0.177873 0.888521
vt 0.177873 0.902369
vt 0.446015 0.902369
vt 0.446015 0.888521
vt 0.177873 0.916222
vt 0.446015 0.916222
vt 0.177873 0.930080
vt 0.446015 0.930080
vt 0.177873 0.763843
vt 0.177873 0.777701
vt 0.446015 0.777701
vt 0.446015 0.763843
vt 0.177873 0.791554
vt 0.446015 0.791554
vt 0.177873 0.805402
vt 0.446015 0.805402
vt 0.177873 0.819250
vt 0.446015 0.819250
vt 0.177873 0.833104
vt 0.446015 0.833104
vt 0.177873 0.846962
vt 0.446015 0.846962
vt 0.177873 0.860820
vt 0.446015 0.860820
vt 0.491719 0.805402
vt 0.491719 0.791554
vt 0.177873 0.874673
vt 0.446015 0.874673
vt 0.551471 0.805402
vt 0.551471 0.791554
vt 0.491719 0.777701
vt 0.491719 0.763843
vt 0.491719 0.888521
vt 0.491719 0.874673
vt 0.491719 0.902369
vt 0.491719 0.930080
vt 0.491719 0.916222
vt 0.491719 0.860820
vt 0.491719 0.846962
vt 0.491719 0.833104
vt 0.491719 0.819250
vt 0.551471 0.846962
vt 0.598517 0.846962
vt 0.598517 0.833104
vt 0.551471 0.833104
vt 0.551471 0.930080
vt 0.551471 0.916222
vt 0.551471 0.860820
vt 0.551471 0.819250
vt 0.551471 0.777701
vt 0.551471 0.763843
vt 0.551471 0.874673
vt 0.551471 0.902369
vt 0.551471 0.888521
vt 0.598517 0.916222
vt 0.806863 0.916222
vt 0.806863 0.902369
vt 0.598517 0.902369
vt 0.598517 0.805402
vt 0.598517 0.791554
vt 0.598517 0.930080
vt 0.598517 0.860820
vt 0.598517 0.819250
vt 0.598517 0.777701
vt 0.598517 0.763843
vt 0.598517 0.874673
vt 0.598517 0.888521
vt 0.806863 0.846962
vt 0.806863 0.833104
vt 0.806863 0.805402
vt 0.806863 0.791554
vt 0.806863 0.930080
vt 0.806863 0.860820
vt 0.806863 0.819250
vt 0.806863 0.777701
vt 0.806863 0.763843
vt 0.806863 0.874673
vt 0.806863 0.888521
vt 0.177873 0.888521
vt 0.446015 0.888521
vt 0.446015 0.902369
vt 0.177873 0.902369
vt 0.446015 0.916222
vt 0.177873 0.916222
vt 0.446015 0.930080
vt 0.177873 0.930080
vt 0.177873 0.763843
vt 0.446015 0.763843
vt 0.446015 0.777701
vt 0.177873 0.777701
vt 0.446015 0.791554
vt 0.177873 0.791554
vt 0.446015 0.805402
vt 0.177873 0.805402
vt 0.446015 0.819250
vt 0.177873 0.819250
vt 0.446015 0.833104
vt 0.177873 0.833104
vt 0.446015 0.846962
vt 0.177873 0.846962
vt 0.446015 0.860820
vt 0.177873 0.860820
vt 0.491719 0.791554
vt 0.491719 0.805402
vt 0.446015 0.874673
vt 0.177873 0.874673
vt 0.551471 0.791554
vt 0.551471 0.805402
vt 0.491719 0.777701
vt 0.491719 0.763843
vt 0.491719 0.874673
vt 0.491719 0.888521
vt 0.491719 0.902369
vt 0.491719 0.916222
vt 0.491719 0.930080
vt 0.491719 0.860820
vt 0.491719 0.846962
vt 0.491719 0.833104
vt 0.491719 0.819250
vt 0.551471 0.846962
vt 0.551471 0.833104
vt 0.598517 0.833104
vt 0.598517 0.846962
vt 0.551471 0.916222
vt 0.551471 0.930080
vt 0.551471 0.860820
vt 0.551471 0.819250
vt 0.551471 0.763843
vt 0.551471 0.777701
vt 0.551471 0.874673
vt 0.551471 0.888521
vt 0.551471 0.902369
vt 0.598517 0.916222
vt 0.598517 0.902369
vt 0.598517 0.791554
vt 0.598517 0.805402
vt 0.598517 0.930080
vt 0.598517 0.860820
vt 0.598517 0.819250
vt 0.598517 0.763843
vt 0.598517 0.777701
vt 0.598517 0.874673
vt 0.598517 0.888521
vn 0.0000 -0.0235 0.9997
vn -0.1950 -0.0235 0.9805
vn -0.1951 -0.0000 0.9808
vn 0.0000 -0.0000 1.0000
vn -0.3826 -0.0235 0.9236
vn -0.3827 -0.0000 0.9239
vn -0.9236 -0.0235 -0.3826
vn -0.8312 -0.0235 -0.5554
vn -0.8315 0.0000 -0.5556
vn -0.9239 0.0000 -0.3827
vn -0.7069 -0.0235 -0.7069
vn -0.7071 0.0000 -0.7071
vn -0.5554 -0.0235 0.8312
vn -0.5556 -0.0000 0.8315
vn -0.7069 -0.0235 0.7069
vn -0.7071 -0.0000 0.7071
vn -0.5554 -0.0235 -0.8312
vn -0.5556 0.0000 -0.8315
vn -0.3826 -0.0235 -0.9236
vn -0.3827 0.0000 -0.9239
vn -0.8312 -0.0235 0.5554
vn -0.8315 -0.0000 0.5556
vn -0.9236 -0.0235 0.3826
vn -0.9239 -0.0000 0.3827
vn -0.1950 -0.0235 -0.9805
vn -0.1951 0.0000 -0.9808
vn -0.9805 -0.0235 0.1950
vn -0.9808 0.0000 0.1951
vn -0.9997 -0.0235 -0.0000
vn -1.0000 0.0000 -0.0000
vn -0.9805 -0.0235 -0.1950
vn -0.9808 0.0000 -0.1951
vn -0.1401 -0.6961 -0.7041
vn -0.0000 -0.6961 -0.7179
vn -0.2747 -0.6961 -0.6633
vn -0.5076 -0.6961 -0.5076
vn -0.3989 -0.6961 -0.5969
vn -0.5969 -0.6961 -0.3989
vn -0.6633 -0.6961 -0.2747
vn -0.7041 -0.6961 -0.1401
vn -0.7179 -0.6961 -0.0000
vn -0.7041 -0.6961 0.1401
vn -0.6633 -0.6961 0.2747
vn -0.5969 -0.6961 0.3989
vn -0.5076 -0.6961 0.5076
vn -0.3989 -0.6961 0.5969
vn -0.2747 -0.6961 0.6633
vn -0.1401 -0.6961 0.7041
vn 0.0000 -0.6961 0.7179
vn 0.0000 -0.0235 -0.9997
vn -0.0000 0.0000 -1.0000
vn 0.7902 -0.5181 -0.3273
vn 0.8389 -0.5181 -0.1669
vn 0.1951 -0.0000 0.9808
vn 0.1950 -0.0235 0.9805
vn 0.3827 -0.0000 0.9239
vn 0.3826 -0.0235 0.9236
vn 0.9236 -0.0235 -0.3826
vn 0.9239 0.0000 -0.3827
vn 0.8315 0.0000 -0.5556
vn 0.8312 -0.0235 -0.5554
vn 0.7071 0.0000 -0.7071
vn 0.7069 -0.0235 -0.7069
vn 0.5556 -0.0000 0.8315
vn 0.5554 -0.0235 0.8312
vn 0.7071 -0.0000 0.7071
vn 0.7069 -0.0235 0.7069
vn 0.5556 0.0000 -0.8315
vn 0.5554 -0.0235 -0.8312
vn 0.3827 0.0000 -0.9239
vn 0.3826 -0.0235 -0.9236
vn 0.8315 -0.0000 0.5556
vn 0.8312 -0.0235 0.5554
vn 0.9239 -0.0000 0.3827
vn 0.9236 -0.0235 0.3826
vn 0.1951 0.0000 -0.9808
vn 0.1950 -0.0235 -0.9805
vn 0.9808 -0.0000 0.1951
vn 0.9805 -0.0235 0.1950
vn 1.0000 -0.0000 -0.0000
vn 0.9997 -0.0235 -0.0000
vn 0.9808 0.0000 -0.1951
vn 0.9805 -0.0235 -0.1950
vn 0.1401 -0.6961 -0.7041
vn 0.2747 -0.6961 -0.6633
vn 0.5076 -0.6961 -0.5076
vn 0.3989 -0.6961 -0.5969
vn 0.5969 -0.6961 -0.3989
vn 0.6633 -0.6961 -0.2747
vn 0.7041 -0.6961 -0.1401
vn 0.7179 -0.6961 -0.0000
vn 0.7041 -0.6961 0.1401
vn 0.6633 -0.6961 0.2747
vn 0.5969 -0.6961 0.3989
vn 0.5076 -0.6961 0.5076
vn 0.3989 -0.6961 0.5969
vn 0.2747 -0.6961 0.6633
vn 0.1401 -0.6961 0.7041
vn -0.6048 -0.5181 0.6048
vn -0.7112 -0.5181 0.4752
vn -0.4752 -0.5181 -0.7112
vn -0.3273 -0.5181 -0.7902
vn 0.7902 -0.5181 0.3273
vn 0.7112 -0.5181 0.4752
vn -0.8389 -0.5181 -0.1669
vn -0.7902 -0.5181 -0.3273
vn 0.1669 -0.5181 -0.8389
vn 0.3273 -0.5181 -0.7902
vn 0.1669 -0.5181 0.8389
vn 0.0000 -0.5181 0.8553
vn -0.7902 -0.5181 0.3273
vn 0.7112 -0.5181 -0.4752
vn -0.1669 -0.5181 -0.8389
vn -0.1669 -0.5181 0.8389
vn 0.8389 -0.5181 0.1669
vn -0.7112 -0.5181 -0.4752
vn 0.0000 -0.5181 -0.8553
vn 0.3273 -0.5181 0.7902
vn -0.8389 -0.5181 0.1669
vn 0.6048 -0.5181 -0.6048
vn -0.3273 -0.5181 0.7902
vn 0.4752 -0.5181 0.7112
vn -0.4752 -0.5181 0.7112
vn 0.8553 -0.5181 -0.0000
vn -0.6048 -0.5181 -0.6048
vn 0.6048 -0.5181 0.6048
vn 0.4752 -0.5181 -0.7112
vn -0.8553 -0.5181 -0.0000
vn 0.0000 1.0000 0.0000
vn 0.0000 -0.1880 -0.9822
vn 0.1916 -0.1880 -0.9633
vn 0.1951 0.0048 -0.9808
vn 0.0000 0.0048 -1.0000
vn 0.3759 -0.1880 -0.9074
vn 0.3827 0.0048 -0.9239
vn 0.5457 -0.1880 -0.8166
vn 0.5556 0.0048 -0.8315
vn 0.6945 -0.1880 -0.6945
vn 0.7071 0.0048 -0.7071
vn 0.8166 -0.1880 -0.5457
vn 0.8315 0.0048 -0.5556
vn 0.9074 -0.1880 -0.3759
vn 0.9239 0.0048 -0.3827
vn 0.9633 -0.1880 -0.1916
vn 0.9808 0.0048 -0.1951
vn 0.9822 -0.1880 -0.0000
vn 1.0000 0.0048 0.0000
vn -0.9822 -0.1880 0.0000
vn -0.9633 -0.1880 -0.1916
vn -0.9808 0.0048 -0.1951
vn -1.0000 0.0048 0.0000
vn -0.9074 -0.1880 -0.3759
vn -0.9239 0.0048 -0.3827
vn -0.8166 -0.1880 -0.5457
vn -0.8315 0.0048 -0.5556
vn -0.6945 -0.1880 -0.6945
vn -0.7071 0.0048 -0.7071
vn -0.5457 -0.1880 -0.8166
vn -0.5556 0.0048 -0.8315
vn -0.3759 -0.1880 -0.9074
vn -0.3827 0.0048 -0.9239
vn -0.1916 -0.1880 -0.9633
vn -0.1951 0.0048 -0.9808
vn -0.9997 -0.0234 0.0000
vn -0.9805 -0.0234 0.1950
vn -0.9808 0.0048 0.1951
vn 0.1487 0.6472 -0.7477
vn 0.0000 0.6472 -0.7623
vn 0.2917 0.6472 -0.7043
vn 0.4235 0.6472 -0.6338
vn 0.5390 0.6472 -0.5390
vn 0.6338 0.6472 -0.4235
vn 0.7043 0.6472 -0.2917
vn 0.7477 0.6472 -0.1487
vn 0.7623 0.6472 -0.0000
vn -0.7477 0.6472 -0.1487
vn -0.7623 0.6472 0.0000
vn -0.7043 0.6472 -0.2917
vn -0.6338 0.6472 -0.4235
vn -0.5390 0.6472 -0.5390
vn -0.4235 0.6472 -0.6338
vn -0.2917 0.6472 -0.7043
vn -0.1487 0.6472 -0.7477
vn -0.9632 -0.1883 -0.1916
vn -0.9074 -0.1883 -0.3758
vn 0.1916 -0.1883 -0.9632
vn 0.3758 -0.1883 -0.9074
vn -0.9821 -0.1883 0.0000
vn -0.1916 -0.1883 -0.9632
vn -0.0000 -0.1883 -0.9821
vn 0.9632 -0.1883 -0.1916
vn 0.9821 -0.1883 -0.0000
vn -0.3758 -0.1883 -0.9074
vn 0.9074 -0.1883 -0.3758
vn -0.5456 -0.1883 -0.8166
vn 0.8166 -0.1883 -0.5456
vn -0.6945 -0.1883 -0.6945
vn 0.6945 -0.1883 -0.6945
vn -0.8166 -0.1883 -0.5456
vn 0.5456 -0.1883 -0.8166
vn 0.3826 -0.0234 -0.9236
vn 0.1950 -0.0234 -0.9805
vn 0.9805 -0.0234 -0.1950
vn 0.9236 -0.0234 -0.3826
vn 0.7069 -0.0234 -0.7069
vn 0.5554 -0.0234 -0.8312
vn -0.7069 -0.0234 -0.7069
vn -0.8312 -0.0234 -0.5554
vn 0.9997 -0.0234 0.0000
vn -0.0000 0.0048 1.0000
vn -0.0000 -0.0234 0.9997
vn 0.1950 -0.0234 0.9805
vn 0.1951 0.0048 0.9808
vn -0.5554 -0.0234 -0.8312
vn 0.9808 0.0048 0.1951
vn 0.9805 -0.0234 0.1950
vn 0.8312 -0.0234 -0.5554
vn -0.9236 -0.0234 -0.3826
vn -0.9805 -0.0234 -0.1950
vn -0.3826 -0.0234 -0.9236
vn -0.0000 -0.0234 -0.9997
vn -0.1950 -0.0234 -0.9805
vn -0.0000 -0.1880 0.9822
vn 0.1916 -0.1880 0.9633
vn 0.3827 0.0048 0.9239
vn 0.3759 -0.1880 0.9074
vn 0.5556 0.0048 0.8315
vn 0.5457 -0.1880 0.8166
vn 0.7071 0.0048 0.7071
vn 0.6945 -0.1880 0.6945
vn 0.8315 0.0048 0.5556
vn 0.8166 -0.1880 0.5457
vn 0.9239 0.0048 0.3827
vn 0.9074 -0.1880 0.3759
vn 0.9633 -0.1880 0.1916
vn -0.9633 -0.1880 0.1916
vn -0.9239 0.0048 0.3827
vn -0.9074 -0.1880 0.3759
vn -0.8315 0.0048 0.5556
vn -0.8166 -0.1880 0.5457
vn -0.7071 0.0048 0.7071
vn -0.6945 -0.1880 0.6945
vn -0.5556 0.0048 0.8315
vn -0.5457 -0.1880 0.8166
vn -0.3827 0.0048 0.9239
vn -0.3759 -0.1880 0.9074
vn -0.1951 0.0048 0.9808
vn -0.1916 -0.1880 0.9633
vn -0.9236 -0.0234 0.3826
vn -0.8312 -0.0234 0.5554
vn 0.1487 0.6472 0.7477
vn 0.0000 0.6472 0.7623
vn 0.2917 0.6472 0.7043
vn 0.4235 0.6472 0.6338
vn 0.5390 0.6472 0.5390
vn 0.6338 0.6472 0.4235
vn 0.7043 0.6472 0.2917
vn 0.7477 0.6472 0.1487
vn -0.7477 0.6472 0.1487
vn -0.7043 0.6472 0.2917
vn -0.6338 0.6472 0.4235
vn -0.5390 0.6472 0.5390
vn -0.4235 0.6472 0.6338
vn -0.2917 0.6472 0.7043
vn -0.1487 0.6472 0.7477
vn -0.9632 -0.1883 0.1916
vn -0.9074 -0.1883 0.3758
vn 0.1916 -0.1883 0.9632
vn 0.3758 -0.1883 0.9074
vn -0.1916 -0.1883 0.9632
vn -0.0000 -0.1883 0.9821
vn 0.9632 -0.1883 0.1916
vn -0.3758 -0.1883 0.9074
vn 0.9074 -0.1883 0.3758
vn -0.5456 -0.1883 0.8166
vn 0.8166 -0.1883 0.5456
vn -0.6945 -0.1883 0.6945
vn 0.6945 -0.1883 0.6945
vn -0.8166 -0.1883 0.5456
vn 0.5456 -0.1883 0.8166
vn 0.9236 -0.0234 0.3826
vn 0.5554 -0.0234 0.8312
vn 0.7069 -0.0234 0.7069
vn -0.7069 -0.0234 0.7069
vn 0.3826 -0.0234 0.9236
vn -0.5554 -0.0234 0.8312
vn 0.8312 -0.0234 0.5554
vn -0.3826 -0.0234 0.9236
vn -0.1950 -0.0234 0.9805
vn 0.1401 0.6961 -0.7041
vn 0.0000 0.6961 -0.7179
vn 0.2747 0.6961 -0.6633
vn 0.5076 0.6961 -0.5076
vn 0.3989 0.6961 -0.5969
vn 0.5969 0.6961 -0.3989
vn 0.6633 0.6961 -0.2747
vn 0.7041 0.6961 -0.1401
vn 0.7179 0.6961 -0.0000
vn 0.7041 0.6961 0.1401
vn 0.6633 0.6961 0.2747
vn 0.5969 0.6961 0.3989
vn 0.5076 0.6961 0.5076
vn 0.3989 0.6961 0.5969
vn 0.2747 0.6961 0.6633
vn 0.1401 0.6961 0.7041
vn 0.0000 0.6961 0.7179
vn -0.7902 0.5181 -0.3273
vn -0.8389 0.5181 -0.1669
vn -0.1401 0.6961 -0.7041
vn -0.2747 0.6961 -0.6633
vn -0.5076 0.6961 -0.5076
vn -0.3989 0.6961 -0.5969
vn -0.5969 0.6961 -0.3989
vn -0.6633 0.6961 -0.2747
vn -0.7041 0.6961 -0.1401
vn -0.7179 0.6961 -0.0000
vn -0.7041 0.6961 0.1401
vn -0.6633 0.6961 0.2747
vn -0.5969 0.6961 0.3989
vn -0.5076 0.6961 0.5076
vn -0.3989 0.6961 0.5969
vn -0.2747 0.6961 0.6633
vn -0.1401 0.6961 0.7041
vn 0.6048 0.5181 0.6048
vn 0.7112 0.5181 0.4752
vn 0.4752 0.5181 -0.7112
vn 0.3273 0.5181 -0.7902
vn -0.7902 0.5181 0.3273
vn -0.7112 0.5181 0.4752
vn 0.8389 0.5181 -0.1669
vn 0.7902 0.5181 -0.3273
vn -0.1669 0.5181 -0.8389
vn -0.3273 0.5181 -0.7902
vn -0.1669 0.5181 0.8389
vn 0.0000 0.5181 0.8553
vn 0.7902 0.5181 0.3273
vn -0.7112 0.5181 -0.4752
vn 0.1669 0.5181 -0.8389
vn 0.1669 0.5181 0.8389
vn -0.8389 0.5181 0.1669
vn 0.7112 0.5181 -0.4752
vn -0.0000 0.5181 -0.8553
vn -0.3273 0.5181 0.7902
vn 0.8389 0.5181 0.1669
vn -0.6048 0.5181 -0.6048
vn 0.3273 0.5181 0.7902
vn -0.4752 0.5181 0.7112
vn 0.4752 0.5181 0.7112
vn -0.8553 0.5181 -0.0000
vn 0.6048 0.5181 -0.6048
vn -0.6048 0.5181 0.6048
vn -0.4752 0.5181 -0.7112
vn 0.8553 0.5181 0.0000
vn 0.0000 -0.5343 -0.8453
vn 0.1649 -0.5343 -0.8291
vn 0.3235 -0.5343 0.7809
vn 0.1649 -0.5343 0.8291
vn 0.0000 -1.0000 -0.0000
vn -0.7809 -0.5343 -0.3235
vn -0.7028 -0.5343 -0.4696
vn 0.0000 -0.5343 0.8453
vn 0.3235 -0.5343 -0.7809
vn -0.8291 -0.5343 -0.1649
vn 0.4696 -0.5343 -0.7028
vn 0.5977 -0.5343 -0.5977
vn -0.8453 -0.5343 0.0000
vn 0.7028 -0.5343 -0.4696
vn -0.8291 -0.5343 0.1649
vn 0.7809 -0.5343 -0.3235
vn -0.7809 -0.5343 0.3235
vn 0.8291 -0.5343 -0.1649
vn -0.7028 -0.5343 0.4696
vn 0.8453 -0.5343 0.0000
vn -0.5977 -0.5343 0.5977
vn 0.8291 -0.5343 0.1649
vn -0.4696 -0.5343 0.7028
vn 0.7809 -0.5343 0.3235
vn -0.3235 -0.5343 0.7809
vn 0.7028 -0.5343 0.4696
vn -0.1649 -0.5343 0.8291
vn -0.1649 -0.5343 -0.8291
vn 0.5977 -0.5343 0.5977
vn -0.3235 -0.5343 -0.7809
vn 0.4696 -0.5343 0.7028
vn -0.4696 -0.5343 -0.7028
vn -0.5977 -0.5343 -0.5977
vn 0.3566 -0.8635 -0.3566
vn 0.4194 -0.8635 -0.2802
vn -0.3566 -0.8635 -0.3566
vn -0.2802 -0.8635 -0.4194
vn 0.4660 -0.8635 -0.1930
vn -0.1930 -0.8635 -0.4660
vn 0.4947 -0.8635 -0.0984
vn -0.0984 -0.8635 -0.4947
vn -0.4194 -0.8635 -0.2802
vn 0.2802 -0.8635 -0.4194
vn -0.4947 -0.8635 -0.0984
vn -0.4660 -0.8635 -0.1930
vn 0.0984 -0.8635 -0.4947
vn 0.1930 -0.8635 -0.4660
vn -0.5044 -0.8635 -0.0000
vn -0.0000 -0.8635 -0.5044
vn 0.5044 -0.8635 -0.0000
vn 0.3566 -0.8635 0.3566
vn 0.4194 -0.8635 0.2802
vn -0.3566 -0.8635 0.3566
vn -0.2802 -0.8635 0.4194
vn 0.4660 -0.8635 0.1930
vn -0.1930 -0.8635 0.4660
vn 0.4947 -0.8635 0.0984
vn -0.0984 -0.8635 0.4947
vn -0.4194 -0.8635 0.2802
vn 0.2802 -0.8635 0.4194
vn -0.4947 -0.8635 0.0984
vn -0.4660 -0.8635 0.1930
vn 0.0984 -0.8635 0.4947
vn 0.1930 -0.8635 0.4660
vn 0.0000 -0.8635 0.5044
vn -0.0000 0.5343 -0.8453
vn -0.1649 0.5343 -0.8291
vn -0.3235 0.5343 0.7809
vn -0.1649 0.5343 0.8291
vn 0.7809 0.5343 -0.3235
vn 0.7028 0.5343 -0.4696
vn 0.0000 0.5343 0.8453
vn -0.3235 0.5343 -0.7809
vn 0.8291 0.5343 -0.1649
vn -0.4696 0.5343 -0.7028
vn -0.5977 0.5343 -0.5977
vn 0.8453 0.5343 0.0000
vn -0.7028 0.5343 -0.4696
vn 0.8291 0.5343 0.1649
vn -0.7809 0.5343 -0.3235
vn 0.7809 0.5343 0.3235
vn -0.8291 0.5343 -0.1649
vn 0.7028 0.5343 0.4696
vn -0.8453 0.5343 0.0000
vn 0.5977 0.5343 0.5977
vn -0.8291 0.5343 0.1649
vn 0.4696 0.5343 0.7028
vn -0.7809 0.5343 0.3235
vn 0.3235 0.5343 0.7809
vn -0.7028 0.5343 0.4696
vn 0.1649 0.5343 0.8291
vn 0.1649 0.5343 -0.8291
vn -0.5977 0.5343 0.5977
vn 0.3235 0.5343 -0.7809
vn -0.4696 0.5343 0.7028
vn 0.4696 0.5343 -0.7028
vn 0.5977 0.5343 -0.5977
vn 0.0000 -0.7424 -0.6699
vn -0.0285 -0.7347 -0.6778
vn 0.2606 -0.7497 -0.6084
vn 0.2588 -0.7171 -0.6471
vn 0.7071 -0.5250 -0.4737
vn 0.7065 -0.5918 -0.3882
vn 0.8532 -0.4665 -0.2334
vn 0.9659 -0.1921 -0.1734
vn 0.9875 -0.1055 0.1169
vn 0.9659 0.1922 0.1734
vn 0.8532 0.2799 0.4401
vn 0.8660 0.3712 0.3350
vn 0.4800 0.5953 0.6444
vn 0.5000 0.6429 0.5802
vn 0.2603 0.6888 0.6766
vn 0.2588 0.7171 0.6471
vn -0.2588 0.7171 0.6471
vn -0.2601 0.7507 0.6072
vn -0.2599 0.7442 0.6153
vn -0.7071 0.5250 0.4737
vn -0.7022 0.6109 0.3656
vn -0.8627 0.4607 0.2084
vn -0.8660 0.3712 0.3350
vn -0.9849 0.1158 -0.1283
vn -0.9659 0.1922 0.1734
vn -0.9659 -0.1921 -0.1734
vn -0.8627 -0.2544 -0.4370
vn 0.2405 0.6288 0.7394
vn 0.2328 0.6205 0.7488
vn -0.7071 -0.5250 -0.4737
vn -0.7022 -0.4262 -0.5703
vn -0.2588 -0.7171 -0.6471
vn -0.2599 -0.6882 -0.6774
vn 0.1552 0.5764 0.8023
vn 0.1383 0.5698 0.8101
vn 0.7751 0.0983 0.6242
vn 0.6354 0.2705 0.7232
vn 0.8951 -0.2987 0.3310
vn -0.2286 -0.6184 -0.7519
vn -0.2364 -0.6262 -0.7429
vn 0.2328 -0.8084 -0.5406
vn 0.2405 -0.7999 -0.5498
vn 0.7751 -0.6309 -0.0339
vn -0.7479 -0.0399 -0.6626
vn -0.6232 -0.2685 -0.7345
vn 0.6354 -0.7471 -0.1951
vn -0.8460 0.3572 -0.3958
vn -0.7479 0.6632 -0.0281
vn -0.6232 0.7582 0.1919
vn -0.2364 0.8031 0.5469
vn -0.2286 0.8112 0.5383
vn -0.5167 0.5736 -0.6356
vn -0.4574 0.8586 -0.2314
vn -0.1226 0.9417 -0.3132
vn -0.1380 0.6635 -0.7353
vn 0.5142 -0.8425 0.1607
vn 0.8073 -0.3953 0.4381
vn -0.4574 0.1423 -0.8778
vn -0.1483 0.8598 0.4887
vn -0.1337 0.8657 0.4825
vn 0.5142 -0.0737 0.8545
vn -0.3871 -0.1281 -0.9131
vn 0.1383 -0.8641 -0.4839
vn 0.1552 -0.8570 -0.4913
vn -0.3871 0.9214 0.0339
vn 0.3981 0.1295 0.9081
vn -0.1337 -0.5685 -0.8117
vn -0.1483 -0.5741 -0.8052
vn 0.3981 -0.9166 -0.0359
vn 0.1499 -0.9467 0.2851
vn 0.1100 -0.9929 0.0454
vn 0.0000 -0.9986 0.0525
vn 0.0000 -0.9511 0.3088
vn 0.0452 0.5456 0.8368
vn 0.0371 0.5452 0.8375
vn 0.3435 -0.6292 0.6972
vn 0.1794 -0.6591 0.7304
vn -0.1226 0.2152 -0.9688
vn -0.0426 0.8886 0.4567
vn -0.0354 0.8891 0.4564
vn 0.1499 -0.1868 0.9709
vn -0.1088 -0.0549 -0.9925
vn 0.0371 -0.8889 -0.4567
vn 0.0452 -0.8883 -0.4571
vn -0.1088 0.9930 -0.0469
vn 0.1100 0.0564 0.9923
vn -0.0354 -0.5450 -0.8377
vn -0.0426 -0.5452 -0.8372
vn 0.0000 0.9511 -0.3088
vn 0.0000 0.6699 -0.7424
vn 0.0000 0.5432 0.8396
vn 0.0000 -0.6700 0.7424
vn 0.0000 0.2099 -0.9777
vn 0.0000 0.8908 0.4544
vn 0.0000 -0.2099 0.9777
vn 0.0000 -0.0500 -0.9987
vn 0.0000 -0.8908 -0.4544
vn 0.0000 0.9986 -0.0524
vn 0.0000 0.0500 0.9987
vn 0.0000 -0.5432 -0.8396
vn -0.2606 -0.7497 -0.6084
vn 0.0285 -0.7347 -0.6778
vn -0.8532 -0.4665 -0.2334
vn -0.7065 -0.5918 -0.3882
vn -0.9875 -0.1055 0.1169
vn -0.8532 0.2799 0.4401
vn -0.5000 0.6429 0.5802
vn -0.4800 0.5953 0.6444
vn -0.2603 0.6888 0.6766
vn 0.5193 0.6957 0.4963
vn 0.2601 0.7507 0.6072
vn 0.8627 0.4607 0.2084
vn 0.9849 0.1158 -0.1283
vn 0.8627 -0.2544 -0.4370
vn -0.2328 0.6205 0.7488
vn -0.2405 0.6288 0.7394
vn 0.7022 -0.4262 -0.5703
vn 0.2599 -0.6882 -0.6774
vn -0.1383 0.5698 0.8101
vn -0.1552 0.5764 0.8023
vn -0.6354 0.2705 0.7232
vn -0.7751 0.0983 0.6242
vn -0.8951 -0.2987 0.3310
vn 0.2364 -0.6262 -0.7429
vn 0.2286 -0.6184 -0.7519
vn -0.2405 -0.7999 -0.5498
vn -0.2328 -0.8084 -0.5406
vn -0.7751 -0.6309 -0.0339
vn 0.6232 -0.2685 -0.7345
vn 0.7479 -0.0399 -0.6626
vn -0.6354 -0.7471 -0.1951
vn 0.8460 0.3572 -0.3958
vn 0.7479 0.6632 -0.0281
vn 0.6232 0.7582 0.1919
vn 0.2286 0.8112 0.5382
vn 0.2365 0.8031 0.5469
vn 0.5167 0.5736 -0.6356
vn 0.1380 0.6635 -0.7353
vn 0.1226 0.9417 -0.3132
vn 0.4574 0.8586 -0.2314
vn -0.8073 -0.3954 0.4381
vn -0.5142 -0.8425 0.1607
vn 0.4574 0.1423 -0.8778
vn 0.1337 0.8657 0.4825
vn 0.1483 0.8598 0.4887
vn -0.5142 -0.0737 0.8545
vn 0.3871 -0.1281 -0.9131
vn -0.1552 -0.8570 -0.4913
vn -0.1383 -0.8641 -0.4839
vn 0.3871 0.9214 0.0339
vn -0.3981 0.1295 0.9081
vn 0.1483 -0.5741 -0.8052
vn 0.1337 -0.5685 -0.8117
vn -0.3981 -0.9166 -0.0359
vn -0.1499 -0.9467 0.2851
vn -0.1100 -0.9929 0.0454
vn -0.0371 0.5452 0.8375
vn -0.0452 0.5456 0.8368
vn -0.3435 -0.6292 0.6972
vn -0.1794 -0.6591 0.7304
vn 0.1226 0.2152 -0.9688
vn 0.0354 0.8891 0.4564
vn 0.0426 0.8886 0.4567
vn -0.1499 -0.1868 0.9709
vn 0.1088 -0.0549 -0.9925
vn -0.0452 -0.8883 -0.4571
vn -0.0371 -0.8889 -0.4567
vn 0.1088 0.9930 -0.0469
vn -0.1100 0.0564 0.9923
vn 0.0426 -0.5452 -0.8372
vn 0.0354 -0.5449 -0.8377
vn 0.0000 -0.7424 0.6699
vn 0.2588 -0.7171 0.6471
vn 0.2606 -0.7497 0.6084
vn -0.0285 -0.7347 0.6778
vn 0.7071 -0.5250 0.4737
vn 0.8532 -0.4665 0.2334
vn 0.7065 -0.5918 0.3882
vn 0.9659 -0.1921 0.1734
vn 0.9875 -0.1055 -0.1169
vn 0.8660 0.3712 -0.3350
vn 0.8532 0.2799 -0.4401
vn 0.5000 0.6429 -0.5802
vn 0.4800 0.5953 -0.6444
vn 0.2588 0.7171 -0.6471
vn 0.2603 0.6888 -0.6766
vn -0.2588 0.7171 -0.6471
vn -0.2599 0.7442 -0.6153
vn -0.2601 0.7507 -0.6072
vn -0.7071 0.5250 -0.4737
vn -0.8660 0.3712 -0.3350
vn -0.8627 0.4607 -0.2084
vn -0.7022 0.6109 -0.3656
vn -0.9659 0.1922 -0.1734
vn -0.9849 0.1158 0.1283
vn -0.9659 -0.1921 0.1734
vn -0.8660 -0.3712 0.3350
vn -0.8627 -0.2544 0.4370
vn 0.2328 0.6205 -0.7488
vn 0.2405 0.6288 -0.7394
vn -0.7071 -0.5250 0.4737
vn -0.7022 -0.4262 0.5703
vn -0.2588 -0.7171 0.6471
vn -0.2599 -0.6882 0.6774
vn 0.1383 0.5698 -0.8101
vn 0.1552 0.5764 -0.8023
vn 0.6354 0.2705 -0.7232
vn 0.7751 0.0983 -0.6242
vn 0.8951 -0.2987 -0.3310
vn -0.2364 -0.6262 0.7429
vn -0.2286 -0.6184 0.7519
vn 0.2405 -0.7999 0.5498
vn 0.2328 -0.8084 0.5406
vn 0.7751 -0.6309 0.0339
vn -0.6232 -0.2685 0.7345
vn -0.7479 -0.0399 0.6626
vn 0.6354 -0.7471 0.1951
vn -0.8460 0.3572 0.3958
vn -0.7479 0.6632 0.0281
vn -0.6232 0.7582 -0.1919
vn -0.2286 0.8112 -0.5383
vn -0.2364 0.8031 -0.5469
vn -0.5167 0.5736 0.6356
vn -0.1380 0.6635 0.7353
vn -0.1226 0.9417 0.3132
vn -0.4574 0.8586 0.2314
vn 0.8073 -0.3954 -0.4381
vn 0.5142 -0.8425 -0.1607
vn -0.4574 0.1423 0.8778
vn -0.1337 0.8657 -0.4825
vn -0.1483 0.8598 -0.4887
vn 0.5142 -0.0737 -0.8545
vn -0.3871 -0.1280 0.9131
vn 0.1552 -0.8570 0.4913
vn 0.1383 -0.8641 0.4839
vn -0.3871 0.9214 -0.0339
vn 0.3981 0.1295 -0.9081
vn -0.1483 -0.5741 0.8052
vn -0.1337 -0.5685 0.8117
vn 0.3981 -0.9166 0.0359
vn 0.1499 -0.9467 -0.2851
vn 0.0000 -0.9511 -0.3088
vn 0.0000 -0.9986 -0.0525
vn 0.1100 -0.9929 -0.0454
vn 0.0371 0.5452 -0.8375
vn 0.0452 0.5456 -0.8368
vn 0.3435 -0.6292 -0.6972
vn 0.1794 -0.6591 -0.7304
vn -0.1226 0.2152 0.9688
vn -0.0354 0.8891 -0.4564
vn -0.0426 0.8886 -0.4567
vn 0.1499 -0.1868 -0.9709
vn -0.1088 -0.0549 0.9925
vn 0.0452 -0.8883 0.4571
vn 0.0371 -0.8889 0.4567
vn -0.1088 0.9930 0.0469
vn 0.1100 0.0564 -0.9923
vn -0.0426 -0.5452 0.8372
vn -0.0354 -0.5450 0.8377
vn 0.0000 0.6699 0.7424
vn 0.0000 0.9511 0.3088
vn 0.0000 0.5432 -0.8396
vn 0.0000 -0.6700 -0.7424
vn 0.0000 0.2099 0.9777
vn 0.0000 0.8908 -0.4544
vn 0.0000 -0.2099 -0.9777
vn 0.0000 -0.0500 0.9987
vn 0.0000 -0.8908 0.4544
vn 0.0000 0.9986 0.0524
vn 0.0000 0.0500 -0.9987
vn 0.0000 -0.5432 0.8396
vn 0.0285 -0.7347 0.6778
vn -0.2606 -0.7497 0.6084
vn -0.7065 -0.5918 0.3882
vn -0.8532 -0.4665 0.2334
vn -0.9875 -0.1055 -0.1169
vn -0.8532 0.2799 -0.4401
vn -0.4800 0.5953 -0.6444
vn -0.5000 0.6429 -0.5802
vn -0.2603 0.6888 -0.6766
vn 0.2601 0.7507 -0.6072
vn 0.5193 0.6957 -0.4963
vn 0.8627 0.4607 -0.2084
vn 0.9849 0.1158 0.1283
vn 0.9659 0.1922 -0.1734
vn 0.8627 -0.2544 0.4370
vn -0.2405 0.6288 -0.7394
vn -0.2328 0.6205 -0.7488
vn 0.7022 -0.4262 0.5703
vn 0.2599 -0.6882 0.6774
vn -0.1552 0.5764 -0.8023
vn -0.1383 0.5698 -0.8101
vn -0.7751 0.0983 -0.6242
vn -0.6354 0.2705 -0.7232
vn -0.8951 -0.2987 -0.3310
vn 0.2286 -0.6184 0.7519
vn 0.2364 -0.6262 0.7429
vn -0.2328 -0.8084 0.5406
vn -0.2405 -0.7999 0.5498
vn -0.7751 -0.6309 0.0339
vn 0.7479 -0.0399 0.6626
vn 0.6232 -0.2685 0.7345
vn -0.6354 -0.7471 0.1951
vn 0.8460 0.3572 0.3958
vn 0.7479 0.6632 0.0281
vn 0.6232 0.7582 -0.1919
vn 0.2364 0.8031 -0.5469
vn 0.2286 0.8112 -0.5383
vn 0.5167 0.5736 0.6356
vn 0.4574 0.8586 0.2314
vn 0.1226 0.9417 0.3132
vn 0.1380 0.6635 0.7353
vn -0.5142 -0.8425 -0.1607
vn -0.8073 -0.3954 -0.4381
vn 0.4574 0.1423 0.8778
vn 0.1483 0.8598 -0.4887
vn 0.1337 0.8657 -0.4825
vn -0.5142 -0.0737 -0.8545
vn 0.3871 -0.1281 0.9131
vn -0.1383 -0.8641 0.4839
vn -0.1552 -0.8570 0.4913
vn 0.3871 0.9214 -0.0339
vn -0.3981 0.1295 -0.9081
vn 0.1337 -0.5685 0.8117
vn 0.1483 -0.5741 0.8052
vn -0.3981 -0.9166 0.0359
vn -0.1499 -0.9467 -0.2851
vn -0.1100 -0.9929 -0.0454
vn -0.0452 0.5456 -0.8368
vn -0.0371 0.5452 -0.8375
vn -0.3435 -0.6292 -0.6972
vn -0.1794 -0.6591 -0.7304
vn 0.1226 0.2152 0.9688
vn 0.0426 0.8886 -0.4567
vn 0.0354 0.8891 -0.4564
vn -0.1499 -0.1868 -0.9709
vn 0.1088 -0.0549 0.9925
vn -0.0371 -0.8889 0.4567
vn -0.0452 -0.8883 0.4571
vn 0.1088 0.9930 0.0469
vn -0.1100 0.0564 -0.9923
vn 0.0354 -0.5450 0.8377
vn 0.0426 -0.5452 0.8372
usemtl MI_Trim_01
s 1
f 1/1/1 2/2/2 23/3/3 21/4/4
f 2/2/2 3/5/5 25/6/6 23/3/3
f 11/7/7 12/8/8 43/9/9 41/10/10
f 12/8/8 13/11/11 45/12/12 43/9/9
f 3/5/5 4/13/13 27/14/14 25/6/6
f 4/13/13 5/15/15 29/16/16 27/14/14
f 13/11/11 14/17/17 46/18/18 45/12/12
f 14/17/17 15/19/19 49/20/20 46/18/18
f 5/15/15 6/21/21 31/22/22 29/16/16
f 6/21/21 7/23/23 33/24/24 31/22/22
f 15/19/19 16/25/25 51/26/26 49/20/20
f 7/23/23 8/27/27 35/28/28 33/24/24
f 8/27/27 9/29/29 37/30/30 35/28/28
f 9/29/29 10/31/31 39/32/32 37/30/30
f 10/31/31 11/7/7 41/10/10 39/32/32
f 51/26/33 18/33/34 19/34/34 50/35/33
f 49/20/35 51/26/33 50/35/33 48/36/35
f 45/12/36 46/18/37 47/37/37 44/38/36
f 43/9/38 45/12/36 44/38/36 42/39/38
f 41/10/39 43/9/38 42/39/38 40/40/39
f 39/32/40 41/10/39 40/40/39 38/41/40
f 37/30/41 39/32/40 38/41/40 36/42/41
f 35/28/42 37/30/41 36/42/41 34/43/42
f 33/24/43 35/28/42 34/43/42 32/44/43
f 31/22/44 33/24/43 32/44/43 30/45/44
f 29/16/45 31/22/44 30/45/44 28/46/45
f 27/14/46 29/16/45 28/46/45 26/47/46
f 25/6/47 27/14/46 26/47/46 24/48/47
f 23/3/48 25/6/47 24/48/47 22/49/48
f 21/4/49 23/3/48 22/49/48 20/50/49
f 46/18/37 49/20/35 48/36/35 47/37/37
f 16/25/25 17/51/50 18/33/51 51/26/26
f 32/44/52 34/43/53 106/52/53 107/53/52
f 1/1/1 21/4/4 68/54/54 52/55/55
f 52/55/55 68/54/54 70/56/56 53/57/57
f 61/58/58 86/59/59 88/60/60 62/61/61
f 62/61/61 88/60/60 90/62/62 63/63/63
f 53/57/57 70/56/56 72/64/64 54/65/65
f 54/65/65 72/64/64 74/66/66 55/67/67
f 63/63/63 90/62/62 91/68/68 64/69/69
f 64/69/69 91/68/68 94/70/70 65/71/71
f 55/67/67 74/66/66 76/72/72 56/73/73
f 56/73/73 76/72/72 78/74/74 57/75/75
f 65/71/71 94/70/70 96/76/76 66/77/77
f 57/75/75 78/74/74 80/78/78 58/79/79
f 58/79/79 80/78/78 82/80/80 59/81/81
f 59/81/81 82/80/80 84/82/82 60/83/83
f 60/83/83 84/82/82 86/59/59 61/58/58
f 96/76/84 95/84/84 19/34/34 18/33/34
f 94/70/85 93/85/85 95/84/84 96/76/84
f 90/62/86 89/86/86 92/87/87 91/68/87
f 88/60/88 87/88/88 89/86/86 90/62/86
f 86/59/89 85/89/89 87/88/88 88/60/88
f 84/82/90 83/90/90 85/89/89 86/59/89
f 82/80/91 81/91/91 83/90/90 84/82/90
f 80/78/92 79/92/92 81/91/91 82/80/91
f 78/74/93 77/93/93 79/92/92 80/78/92
f 76/72/94 75/94/94 77/93/93 78/74/93
f 74/66/95 73/95/95 75/94/94 76/72/94
f 72/64/96 71/96/96 73/95/95 74/66/95
f 70/56/97 69/97/97 71/96/96 72/64/96
f 68/54/98 67/98/98 69/97/97 70/56/97
f 21/4/49 20/50/49 67/98/98 68/54/98
f 91/68/87 92/87/87 93/85/85 94/70/85
f 66/77/77 96/76/76 18/33/51 17/51/50
f 89/86/99 87/88/100 118/99/100 117/100/99
f 71/96/101 69/97/102 127/101/102 126/102/101
f 40/40/103 42/39/104 102/103/104 103/104/103
f 79/92/105 77/93/106 123/105/106 122/106/105
f 22/49/107 24/48/108 111/107/108 112/108/107
f 50/35/109 19/34/110 97/109/110 98/110/109
f 87/88/100 85/89/111 119/111/111 118/99/100
f 30/45/112 32/44/52 107/53/52 108/112/112
f 69/97/102 67/98/113 128/113/113 127/101/102
f 19/34/110 95/84/114 114/114/114 97/109/110
f 38/41/115 40/40/103 103/104/103 104/115/115
f 77/93/106 75/94/116 124/116/116 123/105/106
f 20/50/117 22/49/107 112/108/107 113/117/117
f 48/36/118 50/35/109 98/110/109 99/118/118
f 67/98/113 20/50/117 113/117/117 128/113/113
f 85/89/111 83/90/119 120/119/119 119/111/111
f 28/46/120 30/45/112 108/112/112 109/120/120
f 95/84/114 93/85/121 115/121/121 114/114/114
f 47/37/122 48/36/118 99/118/118 100/122/122
f 93/85/121 92/87/123 116/123/123 115/121/121
f 36/42/124 38/41/115 104/115/115 105/124/124
f 75/94/116 73/95/125 125/125/125 124/116/116
f 44/38/126 47/37/122 100/122/122 101/126/126
f 26/47/127 28/46/120 109/120/120 110/127/127
f 83/90/119 81/91/128 121/128/128 120/119/119
f 92/87/123 89/86/99 117/100/99 116/123/123
f 34/43/53 36/42/124 105/124/124 106/52/53
f 73/95/125 71/96/101 126/102/101 125/125/125
f 42/39/104 44/38/126 101/126/126 102/103/104
f 81/91/128 79/92/105 122/106/105 121/128/128
f 24/48/108 26/47/127 110/127/127 111/107/108
f 209/129/129 207/130/129 188/131/129 190/132/129
f 213/133/129 211/134/129 191/135/129 192/136/129
f 215/137/129 213/133/129 192/136/129 193/138/129
f 217/139/129 215/137/129 193/138/129 194/140/129
f 219/141/129 217/139/129 194/140/129 195/142/129
f 222/143/129 219/141/129 195/142/129 196/144/129
f 225/145/129 223/146/129 198/147/129 197/148/129
f 227/149/129 225/145/129 197/148/129 199/150/129
f 229/151/129 227/149/129 199/150/129 200/152/129
f 231/153/129 229/151/129 200/152/129 201/154/129
f 233/155/129 231/153/129 201/154/129 202/156/129
f 235/157/129 233/155/129 202/156/129 203/158/129
f 237/159/129 235/157/129 203/158/129 204/160/129
f 211/134/129 209/129/129 190/132/129 191/135/129
f 206/161/129 237/159/129 204/160/129 189/162/129
f 262/163/130 163/164/131 162/165/132 161/166/133
f 163/164/131 256/167/134 164/168/135 162/165/132
f 256/167/134 166/169/136 165/170/137 164/168/135
f 166/169/136 168/171/138 167/172/139 165/170/137
f 168/171/138 170/173/140 169/174/141 167/172/139
f 170/173/140 257/175/142 171/176/143 169/174/141
f 257/175/142 258/177/144 172/178/145 171/176/143
f 258/177/144 174/179/146 173/180/147 172/178/145
f 176/181/148 259/182/149 177/183/150 175/184/151
f 259/182/149 179/185/152 178/186/153 177/183/150
f 179/185/152 260/187/154 180/188/155 178/186/153
f 260/187/154 182/189/156 181/190/157 180/188/155
f 182/189/156 184/191/158 183/192/159 181/190/157
f 184/191/158 261/193/160 185/194/161 183/192/159
f 261/193/160 187/195/162 186/196/163 185/194/161
f 187/195/162 262/163/130 161/166/133 186/196/163
f 175/184/151 427/197/164 442/198/165 309/199/166
f 188/200/129 189/201/129 204/202/129 203/203/129 202/204/129 201/205/129 200/206/129 199/207/129 197/208/129 198/209/129 196/210/129 195/211/129 194/212/129 193/213/129 192/214/129 191/215/129 190/216/129
f 208/217/167 205/218/168 206/219/168 207/220/167
f 210/221/169 208/217/167 207/220/167 209/222/169
f 212/223/170 210/221/169 209/222/169 211/224/170
f 214/225/171 212/223/170 211/224/170 213/226/171
f 216/227/172 214/225/171 213/226/171 215/228/172
f 218/229/173 216/227/172 215/228/172 217/230/173
f 220/231/174 218/229/173 217/230/173 219/232/174
f 221/233/175 220/231/174 219/232/174 222/234/175
f 226/235/176 224/236/177 223/237/177 225/238/176
f 228/239/178 226/235/176 225/238/176 227/240/178
f 230/241/179 228/239/178 227/240/178 229/242/179
f 232/243/180 230/241/179 229/242/179 231/244/180
f 234/245/181 232/243/180 231/244/180 233/246/181
f 236/247/182 234/245/181 233/246/181 235/248/182
f 238/249/183 236/247/182 235/248/182 237/250/183
f 205/218/168 238/249/183 237/250/183 206/219/168
f 207/130/129 206/161/129 189/162/129 188/131/129
f 291/251/184 269/252/32 270/253/10 292/254/185
f 283/255/186 271/256/76 272/257/70 284/258/187
f 267/259/188 268/260/30 269/252/32 291/251/184
f 265/261/189 266/262/26 264/263/51 263/264/190
f 263/264/190 264/263/51 271/256/76 283/255/186
f 289/265/191 273/266/82 274/267/80 290/268/192
f 296/269/193 275/270/20 266/262/26 265/261/189
f 288/271/194 276/272/59 273/266/82 289/265/191
f 295/273/195 277/274/18 275/270/20 296/269/193
f 287/275/196 278/276/60 276/272/59 288/271/194
f 294/277/197 279/278/12 277/274/18 295/273/195
f 286/279/198 280/280/62 278/276/60 287/275/196
f 293/281/199 281/282/9 279/278/12 294/277/197
f 285/283/200 282/284/68 280/280/62 286/279/198
f 292/254/185 270/253/10 281/282/9 293/281/199
f 284/258/187 272/257/70 282/284/68 285/283/200
f 162/165/132 164/168/135 419/285/201 417/286/202
f 171/176/143 172/178/145 424/287/203 423/288/204
f 165/170/137 167/172/139 421/289/205 420/290/206
f 180/188/155 181/190/157 430/291/207 429/292/208
f 172/178/145 173/180/147 425/293/209 424/287/203
f 297/294/210 435/295/211 434/296/212 298/297/213
f 164/168/135 165/170/137 420/290/206 419/285/201
f 181/190/157 183/192/159 431/298/214 430/291/207
f 308/299/215 441/300/216 425/293/209 173/180/147
f 167/172/139 169/174/141 422/301/217 421/289/205
f 177/183/150 178/186/153 428/302/218 426/303/219
f 183/192/159 185/194/161 432/304/220 431/298/214
f 186/196/163 161/166/133 418/305/221 433/306/222
f 169/174/141 171/176/143 423/288/204 422/301/217
f 185/194/161 186/196/163 433/306/222 432/304/220
f 339/307/129 322/308/129 320/309/129 337/310/129
f 343/311/129 324/312/129 323/313/129 341/314/129
f 345/315/129 325/316/129 324/312/129 343/311/129
f 347/317/129 326/318/129 325/316/129 345/315/129
f 349/319/129 327/320/129 326/318/129 347/317/129
f 222/143/129 196/144/129 327/320/129 349/319/129
f 351/321/129 328/322/129 198/147/129 223/146/129
f 353/323/129 329/324/129 328/322/129 351/321/129
f 355/325/129 330/326/129 329/324/129 353/323/129
f 357/327/129 331/328/129 330/326/129 355/325/129
f 359/329/129 332/330/129 331/328/129 357/327/129
f 361/331/129 333/332/129 332/330/129 359/329/129
f 363/333/129 334/334/129 333/332/129 361/331/129
f 341/314/129 323/313/129 322/308/129 339/307/129
f 336/335/129 321/336/129 334/334/129 363/333/129
f 386/337/223 297/294/210 298/297/213 299/338/224
f 299/338/224 298/297/213 300/339/225 380/340/226
f 380/340/226 300/339/225 301/341/227 302/342/228
f 302/342/228 301/341/227 303/343/229 304/344/230
f 304/344/230 303/343/229 305/345/231 306/346/232
f 306/346/232 305/345/231 307/347/233 381/348/234
f 381/348/234 307/347/233 308/299/215 382/349/235
f 382/349/235 308/299/215 173/180/147 174/179/146
f 176/181/148 175/184/151 309/199/166 383/350/236
f 383/350/236 309/199/166 310/351/237 311/352/238
f 311/352/238 310/351/237 312/353/239 384/354/240
f 384/354/240 312/353/239 313/355/241 314/356/242
f 314/356/242 313/355/241 315/357/243 316/358/244
f 316/358/244 315/357/243 317/359/245 385/360/246
f 385/360/246 317/359/245 318/361/247 319/362/248
f 319/362/248 318/361/247 297/363/210 386/364/223
f 310/351/237 443/365/249 444/366/250 312/353/239
f 320/367/129 322/368/129 323/369/129 324/370/129 325/371/129 326/372/129 327/373/129 196/210/129 198/209/129 328/374/129 329/375/129 330/376/129 331/377/129 332/378/129 333/379/129 334/380/129 321/381/129
f 338/382/251 337/383/251 336/384/252 335/385/252
f 340/386/253 339/387/253 337/383/251 338/382/251
f 342/388/254 341/389/254 339/387/253 340/386/253
f 344/390/255 343/391/255 341/389/254 342/388/254
f 346/392/256 345/393/256 343/391/255 344/390/255
f 348/394/257 347/395/257 345/393/256 346/392/256
f 350/396/258 349/397/258 347/395/257 348/394/257
f 221/233/175 222/234/175 349/397/258 350/396/258
f 352/398/259 351/399/259 223/237/177 224/236/177
f 354/400/260 353/401/260 351/399/259 352/398/259
f 356/402/261 355/403/261 353/401/260 354/400/260
f 358/404/262 357/405/262 355/403/261 356/402/261
f 360/406/263 359/407/263 357/405/262 358/404/262
f 362/408/264 361/409/264 359/407/263 360/406/263
f 364/410/265 363/411/265 361/409/264 362/408/264
f 335/385/252 336/384/252 363/411/265 364/410/265
f 337/310/129 320/309/129 321/336/129 336/335/129
f 411/412/266 412/413/267 392/414/24 391/415/28
f 404/416/268 405/417/269 394/418/56 393/419/54
f 267/259/188 411/412/266 391/415/28 268/260/30
f 389/420/270 387/421/271 388/422/4 390/423/3
f 387/421/271 404/416/268 393/419/54 388/422/4
f 410/424/272 290/268/192 274/267/80 395/425/78
f 416/426/273 389/420/270 390/423/3 396/427/6
f 409/428/274 410/424/272 395/425/78 397/429/74
f 415/430/275 416/426/273 396/427/6 398/431/14
f 408/432/276 409/428/274 397/429/74 399/433/72
f 414/434/277 415/430/275 398/431/14 400/435/16
f 407/436/278 408/432/276 399/433/72 401/437/66
f 413/438/279 414/434/277 400/435/16 402/439/22
f 406/440/280 407/436/278 401/437/66 403/441/64
f 412/413/267 413/438/279 402/439/22 392/414/24
f 405/417/269 406/440/280 403/441/64 394/418/56
f 307/347/233 440/442/281 441/300/216 308/299/215
f 301/341/227 437/443/282 438/444/283 303/343/229
f 312/353/239 444/366/250 445/445/284 313/355/241
f 309/199/166 442/198/165 443/365/249 310/351/237
f 300/339/225 436/446/285 437/443/282 301/341/227
f 313/355/241 445/445/284 446/447/286 315/357/243
f 175/184/151 177/183/150 426/303/219 427/197/164
f 303/343/229 438/444/283 439/448/287 305/345/231
f 298/297/213 434/296/212 436/446/285 300/339/225
f 178/186/153 180/188/155 429/292/208 428/302/218
f 315/357/243 446/447/286 447/449/288 317/359/245
f 318/361/247 448/450/289 435/451/211 297/363/210
f 305/345/231 439/448/287 440/442/281 307/347/233
f 317/359/245 447/449/288 448/450/289 318/361/247
f 161/166/133 162/165/132 417/286/202 418/305/221
f 448/452/289 447/453/288 3/5/5 2/2/2
f 447/453/288 446/454/286 4/13/13 3/5/5
f 446/454/286 445/455/284 5/15/15 4/13/13
f 445/455/284 444/456/250 6/21/21 5/15/15
f 444/456/250 443/457/249 7/23/23 6/21/21
f 443/457/249 442/458/165 8/27/27 7/23/23
f 442/458/165 427/459/164 9/29/29 8/27/27
f 427/459/164 426/460/219 10/31/31 9/29/29
f 426/460/219 428/461/218 11/7/7 10/31/31
f 428/461/218 429/462/208 12/8/8 11/7/7
f 429/462/208 430/463/207 13/11/11 12/8/8
f 430/463/207 431/464/214 14/17/17 13/11/11
f 431/464/214 432/465/220 15/19/19 14/17/17
f 432/465/220 433/466/222 16/25/25 15/19/19
f 433/466/222 418/467/221 17/51/50 16/25/25
f 418/467/221 417/468/202 66/77/77 17/51/50
f 417/468/202 419/469/201 65/71/71 66/77/77
f 419/469/201 420/470/206 64/69/69 65/71/71
f 420/470/206 421/471/205 63/63/63 64/69/69
f 421/471/205 422/472/217 62/61/61 63/63/63
f 422/472/217 423/473/204 61/58/58 62/61/61
f 423/473/204 424/474/203 60/83/83 61/58/58
f 424/474/203 425/475/209 59/81/81 60/83/83
f 425/475/209 441/476/216 58/79/79 59/81/81
f 441/476/216 440/477/281 57/75/75 58/79/79
f 440/477/281 439/478/287 56/73/73 57/75/75
f 439/478/287 438/479/283 55/67/67 56/73/73
f 438/479/283 437/480/282 54/65/65 55/67/67
f 437/480/282 436/481/285 53/57/57 54/65/65
f 436/481/285 434/482/212 52/55/55 53/57/57
f 434/482/212 435/483/211 1/1/1 52/55/55
f 435/483/211 448/452/289 2/2/2 1/1/1
f 449/484/4 450/485/54 471/486/54 469/487/4
f 450/485/54 451/488/56 473/489/56 471/486/54
f 459/490/59 460/491/60 491/492/60 489/493/59
f 460/491/60 461/494/62 493/495/62 491/492/60
f 451/488/56 452/496/64 475/497/64 473/489/56
f 452/496/64 453/498/66 477/499/66 475/497/64
f 461/494/62 462/500/68 494/501/68 493/495/62
f 462/500/68 463/502/70 497/503/70 494/501/68
f 453/498/66 454/504/72 479/505/72 477/499/66
f 454/504/72 455/506/74 481/507/74 479/505/72
f 463/502/70 464/508/76 499/509/76 497/503/70
f 455/506/74 456/510/78 483/511/78 481/507/74
f 456/510/78 457/512/80 485/513/80 483/511/78
f 457/512/80 458/514/82 487/515/82 485/513/80
f 458/514/82 459/490/59 489/493/59 487/515/82
f 499/509/290 466/516/291 467/517/291 498/518/290
f 497/503/292 499/509/290 498/518/290 496/519/292
f 493/495/293 494/501/294 495/520/294 492/521/293
f 491/492/295 493/495/293 492/521/293 490/522/295
f 489/493/296 491/492/295 490/522/295 488/523/296
f 487/515/297 489/493/296 488/523/296 486/524/297
f 485/513/298 487/515/297 486/524/297 484/525/298
f 483/511/299 485/513/298 484/525/298 482/526/299
f 481/507/300 483/511/299 482/526/299 480/527/300
f 479/505/301 481/507/300 480/527/300 478/528/301
f 477/499/302 479/505/301 478/528/301 476/529/302
f 475/497/303 477/499/302 476/529/302 474/530/303
f 473/489/304 475/497/303 474/530/303 472/531/304
f 471/486/305 473/489/304 472/531/304 470/532/305
f 469/487/306 471/486/305 470/532/305 468/533/306
f 494/501/294 497/503/292 496/519/292 495/520/294
f 464/508/76 465/534/51 466/516/51 499/509/76
f 480/527/307 482/526/308 554/535/308 555/536/307
f 449/484/4 469/487/4 516/537/3 500/538/3
f 500/538/3 516/537/3 518/539/6 501/540/6
f 509/541/10 534/542/10 536/543/9 510/544/9
f 510/544/9 536/543/9 538/545/12 511/546/12
f 501/540/6 518/539/6 520/547/14 502/548/14
f 502/548/14 520/547/14 522/549/16 503/550/16
f 511/546/12 538/545/12 539/551/18 512/552/18
f 512/552/18 539/551/18 542/553/20 513/554/20
f 503/550/16 522/549/16 524/555/22 504/556/22
f 504/556/22 524/555/22 526/557/24 505/558/24
f 513/554/20 542/553/20 544/559/26 514/560/26
f 505/558/24 526/557/24 528/561/28 506/562/28
f 506/562/28 528/561/28 530/563/30 507/564/30
f 507/564/30 530/563/30 532/565/32 508/566/32
f 508/566/32 532/565/32 534/542/10 509/541/10
f 544/559/309 543/567/309 467/517/291 466/516/291
f 542/553/310 541/568/310 543/567/309 544/559/309
f 538/545/311 537/569/311 540/570/312 539/551/312
f 536/543/313 535/571/313 537/569/311 538/545/311
f 534/542/314 533/572/314 535/571/313 536/543/313
f 532/565/315 531/573/315 533/572/314 534/542/314
f 530/563/316 529/574/316 531/573/315 532/565/315
f 528/561/317 527/575/317 529/574/316 530/563/316
f 526/557/318 525/576/318 527/575/317 528/561/317
f 524/555/319 523/577/319 525/576/318 526/557/318
f 522/549/320 521/578/320 523/577/319 524/555/319
f 520/547/321 519/579/321 521/578/320 522/549/320
f 518/539/322 517/580/322 519/579/321 520/547/321
f 516/537/323 515/581/323 517/580/322 518/539/322
f 469/487/306 468/533/306 515/581/323 516/537/323
f 539/551/312 540/570/312 541/568/310 542/553/310
f 514/560/26 544/559/26 466/516/51 465/534/51
f 537/569/324 535/571/325 566/582/325 565/583/324
f 519/579/326 517/580/327 575/584/327 574/585/326
f 488/523/328 490/522/329 550/586/329 551/587/328
f 527/575/330 525/576/331 571/588/331 570/589/330
f 470/532/332 472/531/333 559/590/333 560/591/332
f 498/518/334 467/517/335 545/592/335 546/593/334
f 535/571/325 533/572/336 567/594/336 566/582/325
f 478/528/337 480/527/307 555/536/307 556/595/337
f 517/580/327 515/581/338 576/596/338 575/584/327
f 467/517/335 543/567/339 562/597/339 545/592/335
f 486/524/340 488/523/328 551/587/328 552/598/340
f 525/576/331 523/577/341 572/599/341 571/588/331
f 468/533/342 470/532/332 560/591/332 561/600/342
f 496/519/343 498/518/334 546/593/334 547/601/343
f 515/581/338 468/533/342 561/600/342 576/596/338
f 533/572/336 531/573/344 568/602/344 567/594/336
f 476/529/345 478/528/337 556/595/337 557/603/345
f 543/567/339 541/568/346 563/604/346 562/597/339
f 495/520/347 496/519/343 547/601/343 548/605/347
f 541/568/346 540/570/348 564/606/348 563/604/346
f 484/525/349 486/524/340 552/598/340 553/607/349
f 523/577/341 521/578/350 573/608/350 572/599/341
f 492/521/351 495/520/347 548/605/347 549/609/351
f 474/530/352 476/529/345 557/603/345 558/610/352
f 531/573/344 529/574/353 569/611/353 568/602/344
f 540/570/348 537/569/324 565/583/324 564/606/348
f 482/526/308 484/525/349 553/607/349 554/535/308
f 521/578/350 519/579/326 574/585/326 573/608/350
f 490/522/329 492/521/351 549/609/351 550/586/329
f 529/574/353 527/575/330 570/589/330 569/611/353
f 472/531/333 474/530/352 558/610/352 559/590/333
usemtl MI_Trim_02
f 97/612/354 114/613/355 146/614/355 129/615/354
f 127/616/356 128/617/357 160/618/357 159/619/356
f 129/615/358 145/620/358 144/621/358 143/622/358 142/623/358 141/624/358 140/625/358 139/626/358 138/627/358 137/628/358 136/629/358 135/630/358 134/631/358 133/632/358 132/633/358 131/634/358 130/635/358
f 129/615/358 146/614/358 147/636/358 148/637/358 149/638/358 150/639/358 151/640/358 152/641/358 153/642/358 154/643/358 155/644/358 156/645/358 157/646/358 158/647/358 159/619/358 160/618/358 145/620/358
f 103/648/359 102/649/360 134/631/360 135/630/359
f 128/617/357 113/650/361 145/620/361 160/618/357
f 114/613/355 115/651/362 147/636/362 146/614/355
f 104/652/363 103/648/359 135/630/359 136/629/363
f 115/651/362 116/653/364 148/637/364 147/636/362
f 116/653/364 117/654/365 149/638/365 148/637/364
f 105/655/366 104/652/363 136/629/363 137/628/366
f 117/654/365 118/656/367 150/639/367 149/638/365
f 106/657/368 105/655/366 137/628/366 138/627/368
f 118/656/367 119/658/369 151/640/369 150/639/367
f 107/659/370 106/657/368 138/627/368 139/626/370
f 119/658/369 120/660/371 152/641/371 151/640/369
f 108/661/372 107/659/370 139/626/370 140/625/372
f 120/660/371 121/662/373 153/642/373 152/641/371
f 109/663/374 108/661/372 140/625/372 141/624/374
f 121/662/373 122/664/375 154/643/375 153/642/373
f 110/665/376 109/663/374 141/624/374 142/623/376
f 122/664/375 123/666/377 155/644/377 154/643/375
f 111/667/378 110/665/376 142/623/376 143/622/378
f 123/666/377 124/668/379 156/645/379 155/644/377
f 112/669/380 111/667/378 143/622/378 144/621/380
f 98/670/381 97/612/354 129/615/354 130/635/381
f 124/668/379 125/671/382 157/646/382 156/645/379
f 113/650/361 112/669/380 144/621/380 145/620/361
f 99/672/383 98/670/381 130/635/381 131/634/383
f 125/671/382 126/673/384 158/647/384 157/646/382
f 100/674/385 99/672/383 131/634/383 132/633/385
f 101/675/386 100/674/385 132/633/385 133/632/386
f 126/673/384 127/616/356 159/619/356 158/647/384
f 102/649/360 101/675/386 133/632/386 134/631/360
f 242/676/70 210/677/70 212/678/68 243/679/68
f 251/680/10 228/681/10 230/682/9 252/683/9
f 243/679/68 212/678/68 214/684/62 244/685/62
f 252/683/9 230/682/9 232/686/12 253/687/12
f 244/685/62 214/684/62 216/688/60 245/689/60
f 253/687/12 232/686/12 234/690/18 254/691/18
f 245/689/60 216/688/60 218/692/59 246/693/59
f 254/691/18 234/690/18 236/694/20 255/695/20
f 246/693/59 218/692/59 220/696/82 247/697/82
f 255/695/20 236/694/20 238/698/26 241/699/26
f 247/697/82 220/696/82 221/700/80 248/701/80
f 239/702/51 205/703/51 208/704/76 240/705/76
f 241/699/26 238/698/26 205/706/51 239/707/51
f 249/708/30 224/709/30 226/710/32 250/711/32
f 240/705/76 208/704/76 210/712/70 242/713/70
f 250/711/32 226/710/32 228/681/10 251/680/10
f 244/714/387 245/715/388 278/716/388 280/717/387
f 170/718/140 168/719/138 286/720/198 287/721/196
f 253/722/389 254/723/390 277/724/390 279/725/389
f 182/726/156 260/727/154 293/728/199 294/729/197
f 245/715/388 246/730/391 276/731/391 278/716/388
f 168/719/138 166/732/136 285/733/200 286/720/198
f 254/723/390 255/734/392 275/735/392 277/724/390
f 179/736/152 259/737/149 291/738/184 292/739/185
f 260/727/154 179/736/152 292/739/185 293/728/199
f 246/730/391 247/740/393 273/741/393 276/731/391
f 256/742/134 163/743/131 283/744/186 284/745/187
f 166/732/136 256/742/134 284/745/187 285/733/200
f 255/734/392 241/746/394 266/747/394 275/735/392
f 259/737/149 176/748/148 267/749/188 291/738/184
f 184/750/158 182/726/156 294/729/197 295/751/195
f 252/752/395 253/722/389 279/725/389 281/753/395
f 257/754/142 170/718/140 287/721/196 288/755/194
f 243/756/396 244/714/387 280/717/387 282/757/396
f 261/758/160 184/750/158 295/751/195 296/759/193
f 250/760/397 251/761/398 270/762/398 269/763/397
f 251/761/398 252/752/395 281/753/395 270/762/398
f 258/764/144 257/754/142 288/755/194 289/765/191
f 240/766/399 242/767/400 272/768/400 271/769/399
f 242/767/400 243/756/396 282/757/396 272/768/400
f 187/770/162 261/758/160 296/759/193 265/771/189
f 249/772/401 250/760/397 269/763/397 268/773/401
f 174/774/146 258/764/144 289/765/191 290/775/192
f 241/746/394 239/776/402 264/777/402 266/747/394
f 163/743/131 262/778/130 263/779/190 283/744/186
f 239/776/402 240/766/399 271/769/399 264/777/402
f 262/778/130 187/770/162 265/771/189 263/779/190
f 247/740/393 248/780/403 274/781/403 273/741/393
f 368/782/56 369/783/64 342/784/64 340/785/56
f 375/786/24 376/787/22 356/788/22 354/789/24
f 369/783/64 370/790/66 344/791/66 342/784/64
f 376/787/22 377/792/16 358/793/16 356/788/22
f 370/790/66 371/794/72 346/795/72 344/791/66
f 377/792/16 378/796/14 360/797/14 358/793/16
f 371/794/72 372/798/74 348/799/74 346/795/72
f 378/796/14 379/800/6 362/801/6 360/797/14
f 372/798/74 373/802/78 350/803/78 348/799/74
f 379/804/6 367/805/3 364/806/3 362/807/6
f 373/802/78 248/701/80 221/700/80 350/803/78
f 365/808/4 366/809/54 338/810/54 335/811/4
f 367/805/3 365/812/4 335/813/4 364/806/3
f 249/708/30 374/814/28 352/815/28 224/709/30
f 366/809/54 368/782/56 340/785/56 338/810/54
f 374/814/28 375/786/24 354/789/24 352/815/28
f 370/816/404 401/817/404 399/818/405 371/819/405
f 306/820/232 408/821/276 407/822/278 304/823/230
f 377/824/406 400/825/406 398/826/407 378/827/407
f 314/828/242 414/829/277 413/830/279 384/831/240
f 371/819/405 399/818/405 397/832/408 372/833/408
f 304/823/230 407/822/278 406/834/280 302/835/228
f 378/827/407 398/826/407 396/836/409 379/837/409
f 311/838/238 412/839/267 411/840/266 383/841/236
f 384/831/240 413/830/279 412/839/267 311/838/238
f 372/833/408 397/832/408 395/842/410 373/843/410
f 380/844/226 405/845/269 404/846/268 299/847/224
f 302/835/228 406/834/280 405/845/269 380/844/226
f 379/837/409 396/836/409 390/848/411 367/849/411
f 383/841/236 411/840/266 267/749/188 176/748/148
f 316/850/244 415/851/275 414/829/277 314/828/242
f 376/852/412 402/853/412 400/825/406 377/824/406
f 381/854/234 409/855/274 408/821/276 306/820/232
f 369/856/413 403/857/413 401/817/404 370/816/404
f 385/858/246 416/859/273 415/851/275 316/850/244
f 374/860/414 391/861/414 392/862/415 375/863/415
f 375/863/415 392/862/415 402/853/412 376/852/412
f 382/864/235 410/865/272 409/855/274 381/854/234
f 366/866/416 393/867/416 394/868/417 368/869/417
f 368/869/417 394/868/417 403/857/413 369/856/413
f 319/870/248 389/871/270 416/859/273 385/858/246
f 249/772/401 268/773/401 391/861/414 374/860/414
f 174/774/146 290/775/192 410/865/272 382/864/235
f 367/849/411 390/848/411 388/872/418 365/873/418
f 299/847/224 404/846/268 387/874/271 386/875/223
f 365/873/418 388/872/418 393/867/416 366/866/416
f 386/875/223 387/874/271 389/871/270 319/870/248
f 373/843/410 395/842/410 274/781/403 248/780/403
f 545/876/419 562/877/420 594/878/420 577/879/419
f 575/880/421 576/881/422 608/882/422 607/883/421
f 577/879/129 593/884/129 592/885/129 591/886/129 590/887/129 589/888/129 588/889/129 587/890/129 586/891/129 585/892/129 584/893/129 583/894/129 582/895/129 581/896/129 580/897/129 579/898/129 578/899/129
f 577/879/129 594/878/129 595/900/129 596/901/129 597/902/129 598/903/129 599/904/129 600/905/129 601/906/129 602/907/129 603/908/129 604/909/129 605/910/129 606/911/129 607/883/129 608/882/129 593/884/129
f 551/912/423 550/913/424 582/895/424 583/894/423
f 576/881/422 561/914/425 593/884/425 608/882/422
f 562/877/420 563/915/426 595/900/426 594/878/420
f 552/916/427 551/912/423 583/894/423 584/893/427
f 563/915/426 564/917/428 596/901/428 595/900/426
f 564/917/428 565/918/429 597/902/429 596/901/428
f 553/919/430 552/916/427 584/893/427 585/892/430
f 565/918/429 566/920/431 598/903/431 597/902/429
f 554/921/432 553/919/430 585/892/430 586/891/432
f 566/920/431 567/922/433 599/904/433 598/903/431
f 555/923/434 554/921/432 586/891/432 587/890/434
f 567/922/433 568/924/435 600/905/435 599/904/433
f 556/925/436 555/923/434 587/890/434 588/889/436
f 568/924/435 569/926/437 601/906/437 600/905/435
f 557/927/438 556/925/436 588/889/436 589/888/438
f 569/926/437 570/928/439 602/907/439 601/906/437
f 558/929/440 557/927/438 589/888/438 590/887/440
f 570/928/439 571/930/441 603/908/441 602/907/439
f 559/931/442 558/929/440 590/887/440 591/886/442
f 571/930/441 572/932/443 604/909/443 603/908/441
f 560/933/444 559/931/442 591/886/442 592/885/444
f 546/934/445 545/876/419 577/879/419 578/899/445
f 572/932/443 573/935/446 605/910/446 604/909/443
f 561/914/425 560/933/444 592/885/444 593/884/425
f 547/936/447 546/934/445 578/899/445 579/898/447
f 573/935/446 574/937/448 606/911/448 605/910/446
f 548/938/449 547/936/447 579/898/447 580/897/449
f 549/939/450 548/938/449 580/897/449 581/896/450
f 574/937/448 575/880/421 607/883/421 606/911/448
f 550/913/424 549/939/450 581/896/450 582/895/424
f 609/940/451 610/941/452 612/942/453 611/943/454
f 611/943/455 612/942/456 614/944/457 613/945/455
f 613/945/458 614/944/457 616/946/459 615/947/458
f 615/948/460 616/949/459 618/950/461 617/951/462
f 617/951/462 618/950/461 620/952/463 619/953/464
f 619/953/464 620/952/463 622/954/465 621/955/466
f 621/955/467 622/954/468 624/956/469 623/957/467
f 623/957/470 624/956/471 626/958/472 625/959/473
f 625/959/473 626/958/472 628/960/474 627/961/475
f 627/961/476 628/960/474 630/962/477 629/963/476
f 622/954/465 620/952/463 638/964/478 639/965/479
f 629/963/480 630/962/477 632/966/481 631/967/480
f 631/967/482 632/966/483 610/941/452 609/940/451
f 639/965/479 638/964/478 650/968/484 651/969/485
f 620/952/463 618/950/461 637/970/486 638/964/487
f 618/950/461 616/949/459 636/971/488 637/970/486
f 610/941/452 632/966/483 644/972/489 634/973/490
f 612/942/453 610/941/452 634/973/491 633/974/492
f 616/946/459 614/944/457 635/975/493 636/976/488
f 632/966/481 630/962/477 643/977/494 644/972/495
f 614/944/457 612/942/456 633/974/496 635/975/493
f 630/962/477 628/960/474 642/978/497 643/977/494
f 628/960/474 626/958/472 641/979/498 642/978/497
f 626/958/472 624/956/471 640/980/499 641/979/498
f 624/956/469 622/954/468 639/965/500 640/980/501
f 654/981/502 653/982/503 665/983/504 666/984/505
f 636/976/488 635/975/493 647/985/506 648/986/507
f 643/977/494 642/978/497 654/981/502 655/987/508
f 640/980/501 639/965/500 651/969/509 652/988/510
f 637/970/486 636/971/488 648/989/507 649/990/511
f 644/972/495 643/977/494 655/987/508 656/991/512
f 633/974/492 634/973/491 646/992/513 645/993/514
f 641/979/498 640/980/499 652/988/515 653/982/503
f 638/964/487 637/970/486 649/990/511 650/968/516
f 634/973/490 644/972/489 656/991/517 646/992/518
f 635/975/493 633/974/496 645/993/519 647/985/506
f 642/978/497 641/979/498 653/982/503 654/981/502
f 659/994/520 657/995/521 669/996/522 671/997/523
f 651/969/485 650/968/484 662/998/524 663/999/525
f 648/986/526 647/985/506 659/994/520 660/1000/527
f 655/987/508 654/981/502 666/984/505 667/1001/528
f 652/988/510 651/969/509 663/999/529 664/1002/530
f 649/990/511 648/989/526 660/1003/527 661/1004/531
f 656/991/512 655/987/508 667/1001/528 668/1005/532
f 645/993/514 646/992/513 658/1006/533 657/995/534
f 653/982/503 652/988/515 664/1002/535 665/983/504
f 650/968/516 649/990/511 661/1004/531 662/998/536
f 646/992/518 656/991/517 668/1005/537 658/1006/538
f 647/985/506 645/993/519 657/995/521 659/994/520
f 666/984/505 665/983/504 677/1007/539 678/1008/540
f 663/999/525 662/998/524 674/1009/541 675/1010/541
f 660/1000/527 659/994/520 671/997/523 672/1011/542
f 667/1001/528 666/984/505 678/1008/540 679/1012/543
f 664/1002/530 663/999/529 675/1010/544 676/1013/544
f 661/1004/531 660/1003/527 672/1014/542 673/1015/545
f 668/1005/532 667/1001/528 679/1012/543 680/1016/546
f 657/995/534 658/1006/533 670/1017/547 669/996/547
f 665/983/504 664/1002/535 676/1013/548 677/1007/539
f 662/998/536 661/1004/531 673/1015/545 674/1009/549
f 658/1006/538 668/1005/537 680/1016/550 670/1017/550
f 681/1018/451 683/1019/482 684/1020/551 682/1021/552
f 683/1019/480 685/1022/480 686/1023/553 684/1020/554
f 685/1022/476 687/1024/476 688/1025/555 686/1023/553
f 687/1026/475 689/1027/473 690/1028/556 688/1029/555
f 689/1027/473 691/1030/557 692/1031/558 690/1028/556
f 691/1030/557 693/1032/467 694/1033/559 692/1031/558
f 693/1032/466 695/1034/464 696/1035/560 694/1033/561
f 695/1034/464 697/1036/462 698/1037/562 696/1035/560
f 697/1036/462 699/1038/80 700/1039/563 698/1037/562
f 699/1038/80 701/1040/458 702/1041/564 700/1039/563
f 694/1033/559 711/1042/565 710/1043/566 692/1031/558
f 701/1040/455 703/1044/455 704/1045/567 702/1041/564
f 703/1044/454 681/1018/451 682/1021/552 704/1045/568
f 711/1042/565 723/1046/569 722/1047/570 710/1043/566
f 692/1031/558 710/1043/571 709/1048/572 690/1028/556
f 690/1028/556 709/1048/572 708/1049/573 688/1029/555
f 682/1021/552 706/1050/574 716/1051/575 704/1045/568
f 684/1020/551 705/1052/576 706/1050/577 682/1021/552
f 688/1025/555 708/1053/573 707/1054/578 686/1023/553
f 704/1045/567 716/1051/579 715/1055/580 702/1041/564
f 686/1023/553 707/1054/578 705/1052/581 684/1020/554
f 702/1041/564 715/1055/580 714/1056/582 700/1039/563
f 700/1039/563 714/1056/582 713/1057/583 698/1037/562
f 698/1037/562 713/1057/583 712/1058/584 696/1035/560
f 696/1035/560 712/1058/585 711/1042/586 694/1033/561
f 726/1059/587 738/1060/588 737/1061/589 725/1062/590
f 708/1053/573 720/1063/591 719/1064/592 707/1054/578
f 715/1055/580 727/1065/593 726/1059/587 714/1056/582
f 712/1058/585 724/1066/594 723/1046/595 711/1042/586
f 709/1048/572 721/1067/596 720/1068/591 708/1049/573
f 716/1051/579 728/1069/597 727/1065/593 715/1055/580
f 705/1052/576 717/1070/598 718/1071/599 706/1050/577
f 713/1057/583 725/1062/590 724/1066/600 712/1058/584
f 710/1043/571 722/1047/601 721/1067/596 709/1048/572
f 706/1050/574 718/1071/602 728/1069/603 716/1051/575
f 707/1054/578 719/1064/592 717/1070/604 705/1052/581
f 714/1056/582 726/1059/587 725/1062/590 713/1057/583
f 731/1072/605 671/997/523 669/996/522 729/1073/606
f 723/1046/569 735/1074/607 734/1075/608 722/1047/570
f 720/1063/609 732/1076/610 731/1072/605 719/1064/592
f 727/1065/593 739/1077/611 738/1060/588 726/1059/587
f 724/1066/594 736/1078/612 735/1074/613 723/1046/595
f 721/1067/596 733/1079/614 732/1080/610 720/1068/609
f 728/1069/597 740/1081/615 739/1077/611 727/1065/593
f 717/1070/598 729/1073/616 730/1082/617 718/1071/599
f 725/1062/590 737/1061/589 736/1078/618 724/1066/600
f 722/1047/601 734/1075/619 733/1079/614 721/1067/596
f 718/1071/602 730/1082/620 740/1081/621 728/1069/603
f 719/1064/592 731/1072/605 729/1073/606 717/1070/604
f 738/1060/588 678/1008/540 677/1007/539 737/1061/589
f 735/1074/607 675/1010/541 674/1009/541 734/1075/608
f 732/1076/610 672/1011/542 671/997/523 731/1072/605
f 739/1077/611 679/1012/543 678/1008/540 738/1060/588
f 736/1078/612 676/1013/544 675/1010/544 735/1074/613
f 733/1079/614 673/1015/545 672/1014/542 732/1080/610
f 740/1081/615 680/1016/546 679/1012/543 739/1077/611
f 729/1073/616 669/996/547 670/1017/547 730/1082/617
f 737/1061/589 677/1007/539 676/1013/548 736/1078/618
f 734/1075/619 674/1009/549 673/1015/545 733/1079/614
f 730/1082/620 670/1017/550 680/1016/550 740/1081/621
f 741/1083/622 743/1084/623 744/1085/624 742/1086/625
f 743/1084/626 745/1087/626 746/1088/627 744/1085/628
f 745/1087/629 747/1089/80 748/1090/630 746/1088/627
f 747/1091/80 749/1092/631 750/1093/632 748/1094/630
f 749/1092/631 751/1095/633 752/1096/634 750/1093/632
f 751/1095/633 753/1097/635 754/1098/636 752/1096/634
f 753/1097/637 755/1099/637 756/1100/638 754/1098/639
f 755/1099/640 757/1101/641 758/1102/642 756/1100/643
f 757/1101/641 759/1103/644 760/1104/645 758/1102/642
f 759/1103/646 761/1105/647 762/1106/648 760/1104/645
f 754/1098/636 771/1107/649 770/1108/650 752/1096/634
f 761/1105/647 763/1109/651 764/1110/652 762/1106/648
f 763/1109/653 741/1083/622 742/1086/625 764/1110/654
f 771/1107/649 783/1111/655 782/1112/656 770/1108/650
f 752/1096/634 770/1108/657 769/1113/658 750/1093/632
f 750/1093/632 769/1113/658 768/1114/659 748/1094/630
f 742/1086/625 766/1115/660 776/1116/661 764/1110/654
f 744/1085/624 765/1117/662 766/1115/663 742/1086/625
f 748/1090/630 768/1118/659 767/1119/664 746/1088/627
f 764/1110/652 776/1116/665 775/1120/666 762/1106/648
f 746/1088/627 767/1119/664 765/1117/667 744/1085/628
f 762/1106/648 775/1120/666 774/1121/668 760/1104/645
f 760/1104/645 774/1121/668 773/1122/669 758/1102/642
f 758/1102/642 773/1122/669 772/1123/670 756/1100/643
f 756/1100/638 772/1123/671 771/1107/672 754/1098/639
f 786/1124/673 798/1125/674 797/1126/675 785/1127/676
f 768/1118/659 780/1128/677 779/1129/678 767/1119/664
f 775/1120/666 787/1130/679 786/1124/673 774/1121/668
f 772/1123/671 784/1131/680 783/1111/681 771/1107/672
f 769/1113/658 781/1132/682 780/1133/677 768/1114/659
f 776/1116/665 788/1134/683 787/1130/679 775/1120/666
f 765/1117/662 777/1135/684 778/1136/685 766/1115/663
f 773/1122/669 785/1127/676 784/1131/686 772/1123/670
f 770/1108/657 782/1112/687 781/1132/682 769/1113/658
f 766/1115/660 778/1136/688 788/1134/689 776/1116/661
f 767/1119/664 779/1129/678 777/1135/690 765/1117/667
f 774/1121/668 786/1124/673 785/1127/676 773/1122/669
f 791/1137/691 803/1138/692 801/1139/693 789/1140/694
f 783/1111/655 795/1141/695 794/1142/696 782/1112/656
f 780/1128/697 792/1143/698 791/1137/691 779/1129/678
f 787/1130/679 799/1144/699 798/1125/674 786/1124/673
f 784/1131/680 796/1145/700 795/1141/701 783/1111/681
f 781/1132/682 793/1146/702 792/1147/698 780/1133/697
f 788/1134/683 800/1148/703 799/1144/699 787/1130/679
f 777/1135/684 789/1140/704 790/1149/705 778/1136/685
f 785/1127/676 797/1126/675 796/1145/706 784/1131/686
f 782/1112/687 794/1142/707 793/1146/702 781/1132/682
f 778/1136/688 790/1149/708 800/1148/709 788/1134/689
f 779/1129/678 791/1137/691 789/1140/694 777/1135/690
f 798/1125/674 810/1150/710 809/1151/711 797/1126/675
f 795/1141/695 807/1152/712 806/1153/712 794/1142/696
f 792/1143/698 804/1154/713 803/1138/692 791/1137/691
f 799/1144/699 811/1155/714 810/1150/710 798/1125/674
f 796/1145/700 808/1156/715 807/1152/715 795/1141/701
f 793/1146/702 805/1157/716 804/1158/713 792/1147/698
f 800/1148/703 812/1159/717 811/1155/714 799/1144/699
f 789/1140/704 801/1139/718 802/1160/718 790/1149/705
f 797/1126/675 809/1151/711 808/1156/719 796/1145/706
f 794/1142/707 806/1153/720 805/1157/716 793/1146/702
f 790/1149/708 802/1160/721 812/1159/721 800/1148/709
f 813/1161/622 814/1162/722 816/1163/723 815/1164/653
f 815/1164/651 816/1163/724 818/1165/725 817/1166/651
f 817/1166/646 818/1165/725 820/1167/726 819/1168/646
f 819/1169/644 820/1170/726 822/1171/727 821/1172/641
f 821/1172/641 822/1171/727 824/1173/728 823/1174/729
f 823/1174/729 824/1173/728 826/1175/730 825/1176/637
f 825/1176/635 826/1175/731 828/1177/732 827/1178/633
f 827/1178/633 828/1177/732 830/1179/733 829/1180/631
f 829/1180/631 830/1179/733 832/1181/734 831/1182/735
f 831/1182/629 832/1181/734 834/1183/736 833/1184/629
f 826/1175/730 824/1173/728 842/1185/737 843/1186/738
f 833/1184/626 834/1183/736 836/1187/739 835/1188/626
f 835/1188/623 836/1187/740 814/1162/722 813/1161/622
f 843/1186/738 842/1185/737 854/1189/741 855/1190/742
f 824/1173/728 822/1171/727 841/1191/743 842/1185/744
f 822/1171/727 820/1170/726 840/1192/745 841/1191/743
f 814/1162/722 836/1187/740 848/1193/746 838/1194/747
f 816/1163/723 814/1162/722 838/1194/748 837/1195/749
f 820/1167/726 818/1165/725 839/1196/750 840/1197/745
f 836/1187/739 834/1183/736 847/1198/751 848/1193/752
f 818/1165/725 816/1163/724 837/1195/753 839/1196/750
f 834/1183/736 832/1181/734 846/1199/754 847/1198/751
f 832/1181/734 830/1179/733 845/1200/755 846/1199/754
f 830/1179/733 828/1177/732 844/1201/756 845/1200/755
f 828/1177/732 826/1175/731 843/1186/757 844/1201/758
f 858/1202/759 857/1203/760 869/1204/761 870/1205/762
f 840/1197/745 839/1196/750 851/1206/763 852/1207/764
f 847/1198/751 846/1199/754 858/1202/759 859/1208/765
f 844/1201/758 843/1186/757 855/1190/766 856/1209/767
f 841/1191/743 840/1192/745 852/1210/764 853/1211/768
f 848/1193/752 847/1198/751 859/1208/765 860/1212/769
f 837/1195/749 838/1194/748 850/1213/770 849/1214/771
f 845/1200/755 844/1201/756 856/1209/772 857/1203/760
f 842/1185/744 841/1191/743 853/1211/768 854/1189/773
f 838/1194/747 848/1193/746 860/1212/774 850/1213/775
f 839/1196/750 837/1195/753 849/1214/776 851/1206/763
f 846/1199/754 845/1200/755 857/1203/760 858/1202/759
f 863/1215/777 861/1216/778 801/1139/693 803/1138/692
f 855/1190/742 854/1189/741 866/1217/779 867/1218/780
f 852/1207/781 851/1206/763 863/1215/777 864/1219/782
f 859/1208/765 858/1202/759 870/1205/762 871/1220/783
f 856/1209/767 855/1190/766 867/1218/784 868/1221/785
f 853/1211/768 852/1210/781 864/1222/782 865/1223/786
f 860/1212/769 859/1208/765 871/1220/783 872/1224/787
f 849/1214/771 850/1213/770 862/1225/788 861/1216/789
f 857/1203/760 856/1209/772 868/1221/790 869/1204/761
f 854/1189/773 853/1211/768 865/1223/786 866/1217/791
f 850/1213/775 860/1212/774 872/1224/792 862/1225/793
f 851/1206/763 849/1214/776 861/1216/778 863/1215/777
f 870/1205/762 869/1204/761 809/1151/711 810/1150/710
f 867/1218/780 866/1217/779 806/1153/712 807/1152/712
f 864/1219/782 863/1215/777 803/1138/692 804/1154/713
f 871/1220/783 870/1205/762 810/1150/710 811/1155/714
f 868/1221/785 867/1218/784 807/1152/715 808/1156/715
f 865/1223/786 864/1222/782 804/1158/713 805/1157/716
f 872/1224/787 871/1220/783 811/1155/714 812/1159/717
f 861/1216/789 862/1225/788 802/1160/718 801/1139/718
f 869/1204/761 868/1221/790 808/1156/719 809/1151/711
f 866/1217/791 865/1223/786 805/1157/716 806/1153/720
f 862/1225/793 872/1224/792 812/1159/721 802/1160/721
