# Blender v3.6.0 OBJ File: 'AllModules_Unreal.blend'
# www.blender.org
mtllib Prop_Cable_2.mtl
o Prop_Cable_2_Plane.146
v -0.101876 0.061661 -2.133990
v -0.114116 0.075758 -2.132899
v -0.092909 0.052636 -2.134710
v -0.131834 0.071086 -2.132843
v -0.089669 0.040338 -2.135519
v -0.144849 0.058198 -2.133376
v -0.093024 0.028064 -2.136199
v -0.149673 0.040548 -2.134356
v -0.102075 0.019101 -2.136570
v -0.145014 0.022865 -2.135519
v -0.114397 0.015852 -2.136532
v -0.132121 0.009887 -2.136554
v -0.126688 0.019188 -2.136093
v -0.114447 0.005091 -2.137184
v -0.135654 0.028213 -2.135373
v -0.096729 0.009763 -2.137240
v -0.138894 0.040511 -2.134564
v -0.083714 0.022651 -2.136707
v -0.135539 0.052785 -2.133883
v -0.078890 0.040300 -2.135728
v -0.114167 0.064997 -2.133552
v -0.083549 0.057984 -2.134564
v -0.126488 0.061748 -2.133512
v -0.096443 0.070962 -2.133529
v -0.112381 0.050748 -2.038824
v -0.112647 0.071101 -2.056226
v -0.112383 0.060512 -2.040729
v -0.112481 0.067962 -2.047098
v -0.120458 0.048618 -2.038799
v -0.130364 0.066430 -2.056170
v -0.125281 0.057111 -2.040689
v -0.128907 0.063631 -2.047047
v -0.126391 0.042743 -2.039042
v -0.143379 0.053542 -2.056703
v -0.134755 0.047730 -2.041076
v -0.140973 0.051683 -2.047541
v -0.128590 0.034697 -2.039488
v -0.148203 0.035892 -2.057683
v -0.138266 0.034882 -2.041789
v -0.145445 0.035320 -2.048449
v -0.126466 0.026636 -2.040019
v -0.143545 0.018209 -2.058846
v -0.134875 0.022010 -2.042636
v -0.141126 0.018926 -2.049527
v -0.120588 0.020720 -2.040491
v -0.130651 0.005231 -2.059881
v -0.125489 0.012563 -2.043390
v -0.129172 0.006893 -2.050487
v -0.112531 0.018534 -2.040778
v -0.112977 0.000435 -2.060511
v -0.112624 0.009072 -2.043848
v -0.112787 0.002447 -2.051071
v -0.104454 0.020663 -2.040803
v -0.095259 0.005107 -2.060567
v -0.099726 0.012473 -2.043889
v -0.096361 0.006778 -2.051123
v -0.098521 0.026538 -2.040560
v -0.082245 0.017995 -2.060034
v -0.090253 0.021854 -2.043501
v -0.084295 0.018726 -2.050629
v -0.096322 0.034584 -2.040114
v -0.077420 0.035644 -2.059054
v -0.086741 0.034702 -2.042788
v -0.079822 0.035090 -2.049721
v -0.098446 0.042646 -2.039583
v -0.082079 0.053328 -2.057891
v -0.090132 0.047574 -2.041941
v -0.084142 0.051484 -2.048642
v -0.104324 0.048562 -2.039112
v -0.094973 0.066306 -2.056856
v -0.099518 0.057021 -2.041188
v -0.096096 0.063516 -2.047683
v -0.113171 0.058399 -2.080979
v -0.102577 0.055524 -2.081356
v -0.094848 0.047745 -2.081977
v -0.092056 0.037145 -2.082674
v -0.094947 0.026565 -2.083261
v -0.102748 0.018841 -2.083581
v -0.113369 0.016040 -2.083547
v -0.123963 0.018915 -2.083169
v -0.131692 0.026694 -2.082549
v -0.134484 0.037294 -2.081852
v -0.131592 0.047873 -2.081264
v -0.123791 0.055598 -2.080945
v -0.008300 0.031588 1.958200
v -0.006498 0.040601 1.958454
v -0.001583 0.047962 1.959146
v 0.005706 0.052926 1.960173
v 0.014631 0.054746 1.961431
v 0.023555 0.052926 1.962689
v 0.030844 0.047962 1.963716
v 0.035760 0.040601 1.964409
v 0.037562 0.031588 1.964663
v 0.035760 0.022576 1.964409
v 0.030844 0.015215 1.963716
v 0.023555 0.010251 1.962689
v 0.014631 0.008430 1.961431
v 0.005707 0.010251 1.960173
v -0.001583 0.015215 1.959146
v -0.006498 0.022576 1.958453
v -0.002493 0.032877 1.886711
v -0.000699 0.041887 1.887075
v 0.004242 0.049255 1.887434
v 0.011588 0.054232 1.887749
v 0.020594 0.056071 1.887979
v 0.029610 0.054272 1.888074
v 0.036985 0.049328 1.888024
v 0.041969 0.041983 1.887843
v 0.043815 0.032981 1.887545
v 0.042021 0.023970 1.887181
v 0.037080 0.016603 1.886821
v 0.029734 0.011626 1.886507
v 0.020728 0.009787 1.886277
v 0.011712 0.011585 1.886182
v 0.004337 0.016529 1.886232
v -0.000647 0.023874 1.886412
v -0.005376 0.036420 1.822951
v -0.003577 0.045424 1.823422
v 0.001348 0.052811 1.823428
v 0.008660 0.057830 1.822996
v 0.017616 0.059729 1.822150
v 0.026577 0.057997 1.821035
v 0.033900 0.053115 1.819866
v 0.038843 0.045820 1.818780
v 0.040664 0.036849 1.817914
v 0.038865 0.027845 1.817443
v 0.033939 0.020458 1.817437
v 0.026628 0.015439 1.817870
v 0.017671 0.013540 1.818715
v 0.008710 0.015272 1.819830
v 0.001388 0.020154 1.820998
v -0.003555 0.027449 1.822085
v -0.015452 0.041756 1.765759
v -0.013637 0.050752 1.766321
v -0.008773 0.058171 1.765976
v -0.001589 0.063257 1.764816
v 0.007186 0.065252 1.762930
v 0.015944 0.063628 1.760647
v 0.023080 0.058845 1.758403
v 0.027872 0.051630 1.756452
v 0.029598 0.042709 1.755048
v 0.027783 0.033713 1.754486
v 0.022919 0.026294 1.754830
v 0.015735 0.021208 1.755991
v 0.006960 0.019213 1.757877
v -0.001798 0.020837 1.760159
v -0.008933 0.025619 1.762404
v -0.013726 0.032834 1.764355
v -0.031330 0.048455 1.713949
v -0.029495 0.057442 1.714578
v -0.024728 0.064902 1.713913
v -0.017739 0.070071 1.712103
v -0.009241 0.072183 1.709300
v -0.000793 0.070690 1.705993
v 0.006060 0.066027 1.702811
v 0.010626 0.058907 1.700111
v 0.012214 0.050044 1.698248
v 0.010379 0.041057 1.697619
v 0.005612 0.033597 1.698284
v -0.001377 0.028428 1.700093
v -0.009875 0.026316 1.702897
v -0.018323 0.027810 1.706203
v -0.025176 0.032472 1.709385
v -0.029742 0.039592 1.712085
v -0.051695 0.056105 1.666405
v -0.049845 0.065087 1.667069
v -0.045191 0.072589 1.666136
v -0.038423 0.077841 1.663802
v -0.030232 0.080069 1.660267
v -0.022125 0.078703 1.656151
v -0.015581 0.074156 1.652235
v -0.011259 0.067129 1.648955
v -0.009817 0.058321 1.646746
v -0.011666 0.049339 1.646081
v -0.016321 0.041836 1.647015
v -0.023089 0.036585 1.649348
v -0.031279 0.034357 1.652884
v -0.039387 0.035722 1.656999
v -0.045931 0.040269 1.660915
v -0.050253 0.047297 1.664196
v -0.075246 0.064291 1.622101
v -0.073396 0.073273 1.622766
v -0.068849 0.080813 1.621626
v -0.062279 0.086133 1.618914
v -0.054357 0.088454 1.614865
v -0.046541 0.087190 1.610190
v -0.040258 0.082734 1.605776
v -0.036137 0.075776 1.602111
v -0.034808 0.067007 1.599684
v -0.036658 0.058025 1.599020
v -0.041205 0.050485 1.600159
v -0.047775 0.045165 1.602871
v -0.055697 0.042844 1.606921
v -0.063513 0.044108 1.611595
v -0.069796 0.048564 1.616009
v -0.073918 0.055522 1.619674
v -0.100653 0.072582 1.580067
v -0.098823 0.081571 1.580696
v -0.094360 0.089138 1.579414
v -0.087924 0.094502 1.576478
v -0.080172 0.096879 1.572141
v -0.072532 0.095672 1.567170
v -0.066397 0.091264 1.562504
v -0.062383 0.084341 1.558659
v -0.061103 0.075589 1.556150
v -0.062932 0.066600 1.555520
v -0.067396 0.059033 1.556802
v -0.073832 0.053669 1.559738
v -0.081584 0.051292 1.564075
v -0.089224 0.052499 1.569046
v -0.095358 0.056906 1.573712
v -0.099373 0.063829 1.577557
v -0.126531 0.080527 1.539332
v -0.124748 0.089530 1.539888
v -0.120332 0.097112 1.538532
v -0.113936 0.102488 1.535528
v -0.106216 0.104875 1.531141
v -0.098590 0.103672 1.526147
v -0.092452 0.099263 1.521488
v -0.088416 0.092334 1.517677
v -0.087100 0.083570 1.515227
v -0.088883 0.074567 1.514672
v -0.093299 0.066985 1.516028
v -0.099694 0.061609 1.519031
v -0.107415 0.059223 1.523418
v -0.115040 0.060425 1.528413
v -0.121179 0.064834 1.533071
v -0.125214 0.071763 1.536882
v -0.151441 0.087652 1.498888
v -0.149730 0.096676 1.499325
v -0.145315 0.104258 1.497966
v -0.138855 0.109616 1.495070
v -0.131007 0.111966 1.490894
v -0.123213 0.110716 1.486179
v -0.116898 0.106257 1.481813
v -0.112698 0.099280 1.478275
v -0.111250 0.090479 1.476043
v -0.112961 0.081456 1.475607
v -0.117376 0.073873 1.476965
v -0.123836 0.068516 1.479861
v -0.131684 0.066165 1.484038
v -0.139478 0.067415 1.488752
v -0.145793 0.071875 1.493118
v -0.149993 0.078851 1.496656
v -0.173856 0.093452 1.457665
v -0.172237 0.102499 1.457928
v -0.167779 0.110071 1.456650
v -0.161154 0.115386 1.454064
v -0.153032 0.117666 1.450406
v -0.144901 0.116329 1.446326
v -0.138252 0.111784 1.442591
v -0.133758 0.104732 1.439608
v -0.132095 0.095875 1.437782
v -0.133714 0.086828 1.437520
v -0.138171 0.079257 1.438798
v -0.144796 0.073941 1.441383
v -0.152918 0.071662 1.445041
v -0.161049 0.072998 1.449121
v -0.167698 0.077544 1.452856
v -0.172192 0.084596 1.455840
v -0.192108 0.097374 1.414583
v -0.190586 0.106441 1.414609
v -0.186055 0.113997 1.413509
v -0.179204 0.119265 1.411473
v -0.170723 0.121468 1.408689
v -0.162161 0.120040 1.405658
v -0.155090 0.115405 1.402945
v -0.150234 0.108276 1.400842
v -0.148313 0.099365 1.399641
v -0.149835 0.090297 1.399615
v -0.154366 0.082741 1.400715
v -0.161217 0.077474 1.402751
v -0.169698 0.075271 1.405535
v -0.178261 0.076699 1.408566
v -0.185331 0.081334 1.411279
v -0.190187 0.088463 1.413382
v -0.204174 0.098793 1.369584
v -0.202743 0.107870 1.369287
v -0.198178 0.115422 1.368308
v -0.191180 0.120674 1.366800
v -0.182448 0.122849 1.364912
v -0.173577 0.121387 1.362989
v -0.166197 0.116719 1.361385
v -0.161067 0.109560 1.360265
v -0.158942 0.100627 1.359793
v -0.160374 0.091549 1.360091
v -0.164939 0.083997 1.361069
v -0.171937 0.078746 1.362578
v -0.180669 0.076570 1.364465
v -0.189540 0.078032 1.366388
v -0.196920 0.082700 1.367992
v -0.202050 0.089859 1.369113
v -0.212372 0.097410 1.320511
v -0.211002 0.106479 1.319872
v -0.206446 0.114030 1.318845
v -0.199406 0.119287 1.317570
v -0.190583 0.121475 1.316186
v -0.181587 0.120029 1.314953
v -0.174073 0.115378 1.314091
v -0.168816 0.108236 1.313676
v -0.166586 0.099317 1.313787
v -0.167956 0.090247 1.314427
v -0.172512 0.082696 1.315453
v -0.179552 0.077440 1.316729
v -0.188375 0.075252 1.318113
v -0.197371 0.076697 1.319345
v -0.204885 0.081348 1.320207
v -0.210143 0.088490 1.320622
v -0.219172 0.093610 1.265244
v -0.217829 0.102664 1.264377
v -0.213274 0.110215 1.263341
v -0.206210 0.115485 1.262265
v -0.197341 0.117698 1.261275
v -0.188283 0.116287 1.260567
v -0.180705 0.111672 1.260256
v -0.175386 0.104564 1.260357
v -0.173108 0.095672 1.260882
v -0.174451 0.086617 1.261749
v -0.179006 0.079067 1.262785
v -0.186069 0.073797 1.263861
v -0.194938 0.071583 1.264851
v -0.203997 0.072994 1.265560
v -0.211575 0.077609 1.265869
v -0.216894 0.084717 1.265769
v -0.222730 0.087829 1.204796
v -0.221393 0.096873 1.203824
v -0.216829 0.104439 1.202955
v -0.209744 0.109747 1.202284
v -0.200842 0.112018 1.201902
v -0.191746 0.110672 1.201898
v -0.184132 0.106120 1.202253
v -0.178784 0.099064 1.202909
v -0.176486 0.090206 1.203803
v -0.177823 0.081161 1.204775
v -0.182387 0.073595 1.205643
v -0.189473 0.068288 1.206315
v -0.198374 0.066017 1.206697
v -0.207470 0.067362 1.206701
v -0.215084 0.071914 1.206345
v -0.220432 0.078971 1.205690
v -0.220999 0.080527 1.140992
v -0.219661 0.089570 1.140007
v -0.215108 0.097173 1.139462
v -0.208043 0.102549 1.139396
v -0.199169 0.104914 1.139845
v -0.190104 0.103671 1.140747
v -0.182516 0.099211 1.141916
v -0.177189 0.092226 1.143204
v -0.174903 0.083410 1.144462
v -0.176241 0.074366 1.145447
v -0.180794 0.066764 1.145991
v -0.187859 0.061387 1.146057
v -0.196733 0.059023 1.145608
v -0.205799 0.060266 1.144707
v -0.213386 0.064726 1.143538
v -0.218713 0.071711 1.142249
v -0.211868 0.072169 1.075648
v -0.210540 0.081220 1.074729
v -0.206057 0.088884 1.074664
v -0.199112 0.094363 1.075411
v -0.190395 0.096864 1.076930
v -0.181496 0.095765 1.078965
v -0.174054 0.091429 1.081120
v -0.168834 0.084538 1.083143
v -0.166604 0.075769 1.084780
v -0.167932 0.066718 1.085700
v -0.172415 0.059054 1.085765
v -0.179361 0.053575 1.085018
v -0.188078 0.051074 1.083499
v -0.196976 0.052173 1.081463
v -0.204419 0.056508 1.079308
v -0.209638 0.063400 1.077285
v -0.193151 0.063227 1.010649
v -0.191863 0.072297 1.009866
v -0.187566 0.080046 1.010426
v -0.180920 0.085664 1.012186
v -0.172589 0.088343 1.015008
v -0.164092 0.087429 1.018399
v -0.156992 0.083252 1.021713
v -0.152022 0.076475 1.024575
v -0.149910 0.067761 1.026613
v -0.151198 0.058691 1.027395
v -0.155496 0.050942 1.026836
v -0.162141 0.045324 1.025075
v -0.170472 0.042646 1.022254
v -0.178970 0.043560 1.018863
v -0.186069 0.047736 1.015549
v -0.191039 0.054513 1.012686
v -0.162635 0.054207 0.948057
v -0.161443 0.063305 0.947467
v -0.157506 0.071158 0.948755
v -0.151431 0.076941 0.951666
v -0.143824 0.079829 0.955948
v -0.136072 0.079130 0.960842
v -0.129601 0.075135 0.965425
v -0.125078 0.068488 0.969191
v -0.123168 0.059832 0.971634
v -0.124360 0.050734 0.972224
v -0.128297 0.042881 0.970936
v -0.134372 0.037098 0.968024
v -0.141979 0.034211 0.963743
v -0.149732 0.034909 0.958849
v -0.156202 0.038904 0.954266
v -0.160725 0.045552 0.950500
v -0.118246 0.045656 0.890179
v -0.117221 0.054785 0.889805
v -0.113857 0.062747 0.891834
v -0.108671 0.068700 0.895898
v -0.102182 0.071799 0.901626
v -0.095572 0.071318 0.908000
v -0.090059 0.067505 0.913821
v -0.086208 0.060985 0.918457
v -0.084587 0.052385 0.921275
v -0.085612 0.043255 0.921649
v -0.088976 0.035293 0.919619
v -0.094161 0.029341 0.915556
v -0.100651 0.026241 0.909827
v -0.107261 0.026722 0.903454
v -0.112774 0.030535 0.897633
v -0.116625 0.037055 0.892997
v -0.058244 0.038142 0.839436
v -0.057452 0.047301 0.839260
v -0.054839 0.055356 0.841926
v -0.050806 0.061452 0.846966
v -0.045756 0.064731 0.853914
v -0.040609 0.064433 0.861528
v -0.036313 0.060771 0.868381
v -0.033310 0.054357 0.873735
v -0.032042 0.045801 0.876852
v -0.032833 0.036642 0.877027
v -0.035446 0.028586 0.874362
v -0.039479 0.022490 0.869322
v -0.044529 0.019211 0.862373
v -0.049676 0.019510 0.854760
v -0.053972 0.023171 0.847907
v -0.056975 0.029585 0.842552
v 0.018798 0.032204 0.798058
v 0.019319 0.041384 0.798029
v 0.021104 0.049504 0.801145
v 0.023878 0.055698 0.806870
v 0.027363 0.059098 0.814669
v 0.030926 0.058923 0.823144
v 0.033909 0.055363 0.830710
v 0.036006 0.049020 0.836558
v 0.036908 0.040491 0.839873
v 0.036387 0.031312 0.839902
v 0.034602 0.023192 0.836786
v 0.031828 0.016998 0.831061
v 0.028343 0.013597 0.823262
v 0.024780 0.013773 0.814788
v 0.021797 0.017332 0.807221
v 0.019700 0.023676 0.801374
v 0.114278 0.028322 0.767914
v 0.114531 0.037513 0.767972
v 0.115522 0.045666 0.771345
v 0.117096 0.051910 0.777458
v 0.119097 0.055372 0.785737
v 0.121162 0.055259 0.794696
v 0.122909 0.051751 0.802663
v 0.124158 0.045443 0.808784
v 0.124727 0.036928 0.812208
v 0.124474 0.027737 0.812149
v 0.123483 0.019584 0.808777
v 0.121909 0.013341 0.802664
v 0.119908 0.009878 0.794385
v 0.117843 0.009992 0.785426
v 0.116096 0.013500 0.777459
v 0.114847 0.019808 0.771337
v 0.231250 0.026901 0.750563
v 0.231307 0.036095 0.750646
v 0.231426 0.044262 0.754127
v 0.231592 0.050527 0.760415
v 0.231786 0.054019 0.768918
v 0.231973 0.053935 0.778111
v 0.232118 0.050453 0.786276
v 0.232208 0.044163 0.792542
v 0.232229 0.035657 0.796034
v 0.232172 0.026463 0.795951
v 0.232052 0.018296 0.792470
v 0.231887 0.012030 0.786182
v 0.231692 0.008539 0.777678
v 0.231506 0.008623 0.768486
v 0.231360 0.012105 0.760320
v 0.231270 0.018395 0.754055
v 0.345104 0.026875 0.763322
v 0.345079 0.036070 0.763391
v 0.343895 0.044241 0.766657
v 0.341754 0.050513 0.772563
v 0.338855 0.054014 0.780556
v 0.335721 0.053941 0.789200
v 0.332936 0.050467 0.796881
v 0.330798 0.044184 0.802778
v 0.329604 0.035682 0.806070
v 0.329629 0.026488 0.806001
v 0.330813 0.018317 0.802735
v 0.332955 0.012044 0.796828
v 0.335853 0.008543 0.788835
v 0.338987 0.008617 0.780192
v 0.341773 0.012090 0.772511
v 0.343911 0.018373 0.766613
v 0.426319 0.026875 0.817495
v 0.426265 0.036070 0.817545
v 0.423703 0.044241 0.819890
v 0.419068 0.050513 0.824133
v 0.412797 0.054014 0.829873
v 0.406016 0.053941 0.836082
v 0.399989 0.050467 0.841599
v 0.395362 0.044184 0.845835
v 0.392780 0.035682 0.848199
v 0.392834 0.026488 0.848149
v 0.395396 0.018317 0.845804
v 0.400030 0.012044 0.841561
v 0.406301 0.008543 0.835820
v 0.413083 0.008617 0.829612
v 0.419110 0.012090 0.824094
v 0.423737 0.018373 0.819859
v 0.472462 0.026875 0.901359
v 0.472392 0.036070 0.901382
v 0.469093 0.044241 0.902471
v 0.463127 0.050513 0.904440
v 0.455053 0.054014 0.907105
v 0.446322 0.053941 0.909987
v 0.438563 0.050467 0.912548
v 0.432606 0.044184 0.914514
v 0.429282 0.035682 0.915612
v 0.429352 0.026488 0.915589
v 0.432650 0.018317 0.914500
v 0.438617 0.012044 0.912530
v 0.446690 0.008543 0.909866
v 0.455421 0.008617 0.906984
v 0.463180 0.012090 0.904423
v 0.469137 0.018373 0.902457
v 0.486605 0.026875 1.002186
v 0.486531 0.036070 1.002187
v 0.483058 0.044241 1.002211
v 0.476775 0.050513 1.002255
v 0.468273 0.054014 1.002314
v 0.459079 0.053941 1.002378
v 0.450908 0.050467 1.002435
v 0.444636 0.044184 1.002479
v 0.441135 0.035682 1.002503
v 0.441208 0.026488 1.002503
v 0.444682 0.018317 1.002479
v 0.450965 0.012044 1.002435
v 0.459466 0.008543 1.002376
v 0.468661 0.008617 1.002311
v 0.476831 0.012090 1.002254
v 0.483104 0.018373 1.002211
v 0.473224 0.026875 1.110359
v 0.473152 0.036070 1.110342
v 0.469771 0.044241 1.109547
v 0.463654 0.050513 1.108111
v 0.455378 0.054014 1.106166
v 0.446427 0.053941 1.104064
v 0.438473 0.050467 1.102195
v 0.432366 0.044184 1.100761
v 0.428958 0.035682 1.099960
v 0.429030 0.026488 1.099977
v 0.432411 0.018317 1.100771
v 0.438527 0.012044 1.102208
v 0.446804 0.008543 1.104152
v 0.455755 0.008617 1.106255
v 0.463709 0.012090 1.108124
v 0.469816 0.018373 1.109558
v 0.435626 0.026875 1.217404
v 0.435560 0.036070 1.217372
v 0.432421 0.044241 1.215884
v 0.426744 0.050513 1.213192
v 0.419062 0.054014 1.209549
v 0.410754 0.053941 1.205610
v 0.403372 0.050467 1.202109
v 0.397704 0.044184 1.199421
v 0.394540 0.035682 1.197921
v 0.394607 0.026488 1.197952
v 0.397745 0.018317 1.199441
v 0.403422 0.012044 1.202133
v 0.411104 0.008543 1.205775
v 0.419412 0.008617 1.209715
v 0.426795 0.012090 1.213216
v 0.432463 0.018373 1.215904
v 0.376228 0.026875 1.314690
v 0.376170 0.036070 1.314644
v 0.373445 0.044241 1.312490
v 0.368517 0.050513 1.308593
v 0.361848 0.054014 1.303319
v 0.354636 0.053941 1.297616
v 0.348227 0.050467 1.292548
v 0.343307 0.044184 1.288658
v 0.340560 0.035682 1.286486
v 0.340618 0.026488 1.286532
v 0.343343 0.018317 1.288686
v 0.348271 0.012044 1.292583
v 0.354940 0.008543 1.297857
v 0.362152 0.008617 1.303559
v 0.368561 0.012090 1.308628
v 0.373482 0.018373 1.312518
v 0.296882 0.026875 1.393101
v 0.296839 0.036070 1.393042
v 0.294805 0.044241 1.390226
v 0.291127 0.050513 1.385132
v 0.286150 0.054014 1.378239
v 0.280767 0.053941 1.370785
v 0.275984 0.050467 1.364161
v 0.272311 0.044184 1.359076
v 0.270262 0.035682 1.356237
v 0.270305 0.026488 1.356297
v 0.272338 0.018317 1.359113
v 0.276016 0.012044 1.364207
v 0.280994 0.008543 1.371099
v 0.286376 0.008617 1.378554
v 0.291160 0.012090 1.385177
v 0.294832 0.018373 1.390263
v 0.199374 0.026875 1.442511
v 0.199353 0.036070 1.442441
v 0.198405 0.044241 1.439100
v 0.196689 0.050513 1.433055
v 0.194366 0.054014 1.424877
v 0.191855 0.053941 1.416032
v 0.189623 0.050467 1.408172
v 0.187910 0.044184 1.402138
v 0.186954 0.035682 1.398769
v 0.186974 0.026488 1.398840
v 0.187922 0.018317 1.402182
v 0.189639 0.012044 1.408226
v 0.191961 0.008543 1.416404
v 0.194472 0.008617 1.425249
v 0.196704 0.012090 1.433109
v 0.198417 0.018373 1.439144
v 0.087003 0.026875 1.451808
v 0.087012 0.036070 1.451735
v 0.087426 0.044241 1.448287
v 0.088177 0.050513 1.442049
v 0.089192 0.054014 1.433608
v 0.090290 0.053941 1.424479
v 0.091266 0.050467 1.416366
v 0.092015 0.044184 1.410138
v 0.092433 0.035682 1.406663
v 0.092424 0.026488 1.406736
v 0.092009 0.018317 1.410184
v 0.091259 0.012044 1.416422
v 0.090244 0.008543 1.424863
v 0.089146 0.008617 1.433992
v 0.088170 0.012090 1.442104
v 0.087421 0.018373 1.448333
v -0.034908 0.026875 1.411253
v -0.034874 0.036070 1.411188
v -0.033241 0.044241 1.408123
v -0.030286 0.050513 1.402578
v -0.026289 0.054014 1.395074
v -0.021965 0.053941 1.386959
v -0.018123 0.050467 1.379748
v -0.015174 0.044184 1.374212
v -0.013528 0.035682 1.371122
v -0.013562 0.026488 1.371187
v -0.015196 0.018317 1.374253
v -0.018150 0.012044 1.379798
v -0.022147 0.008543 1.387301
v -0.026471 0.008617 1.395416
v -0.030313 0.012090 1.402627
v -0.033262 0.018373 1.408163
v -0.161861 0.026875 1.313613
v -0.161810 0.036070 1.313560
v -0.159402 0.044241 1.311057
v -0.155045 0.050513 1.306530
v -0.149150 0.054014 1.300404
v -0.142774 0.053941 1.293779
v -0.137109 0.050467 1.287891
v -0.132759 0.044184 1.283371
v -0.130332 0.035682 1.280849
v -0.130382 0.026488 1.280902
v -0.132791 0.018317 1.283405
v -0.137148 0.012044 1.287932
v -0.143043 0.008543 1.294058
v -0.149418 0.008617 1.300683
v -0.155084 0.012090 1.306570
v -0.159434 0.018373 1.311090
v -0.267240 0.026875 1.187251
v -0.267179 0.036070 1.187211
v -0.264279 0.044241 1.185299
v -0.259032 0.050513 1.181842
v -0.251933 0.054014 1.177163
v -0.244256 0.053941 1.172104
v -0.237434 0.050467 1.167608
v -0.232196 0.044184 1.164156
v -0.229273 0.035682 1.162229
v -0.229334 0.026488 1.162270
v -0.232235 0.018317 1.164181
v -0.237481 0.012044 1.167639
v -0.244580 0.008543 1.172317
v -0.252257 0.008617 1.177377
v -0.259079 0.012090 1.181873
v -0.264317 0.018373 1.185324
v -0.330319 0.026875 1.063036
v -0.330250 0.036070 1.063012
v -0.326975 0.044241 1.061853
v -0.321052 0.050513 1.059757
v -0.313037 0.054014 1.056921
v -0.304369 0.053941 1.053854
v -0.296666 0.050467 1.051128
v -0.290753 0.044184 1.049036
v -0.287452 0.035682 1.047868
v -0.287522 0.026488 1.047893
v -0.290796 0.018317 1.049051
v -0.296719 0.012044 1.051147
v -0.304734 0.008543 1.053983
v -0.313402 0.008617 1.057050
v -0.321105 0.012090 1.059776
v -0.327018 0.018373 1.061869
v -0.356851 0.026875 0.938674
v -0.356778 0.036070 0.938667
v -0.353318 0.044241 0.938357
v -0.347060 0.050513 0.937796
v -0.338592 0.054014 0.937037
v -0.329435 0.053941 0.936215
v -0.321297 0.050467 0.935485
v -0.315049 0.044184 0.934925
v -0.311562 0.035682 0.934612
v -0.311635 0.026488 0.934619
v -0.315095 0.018317 0.934929
v -0.321353 0.012044 0.935490
v -0.329820 0.008543 0.936250
v -0.338978 0.008617 0.937071
v -0.347116 0.012090 0.937801
v -0.353364 0.018373 0.938361
v -0.353015 0.026875 0.812875
v -0.352942 0.036070 0.812884
v -0.349493 0.044241 0.813298
v -0.343255 0.050513 0.814048
v -0.334814 0.054014 0.815063
v -0.325685 0.053941 0.816161
v -0.317573 0.050467 0.817136
v -0.311345 0.044184 0.817885
v -0.307869 0.035682 0.818303
v -0.307942 0.026488 0.818294
v -0.311390 0.018317 0.817879
v -0.317629 0.012044 0.817129
v -0.326070 0.008543 0.816114
v -0.335198 0.008617 0.815017
v -0.343311 0.012090 0.814042
v -0.349539 0.018373 0.813293
v -0.325783 0.026875 0.683708
v -0.325712 0.036070 0.683727
v -0.322356 0.044241 0.684622
v -0.316285 0.050513 0.686241
v -0.308070 0.054014 0.688431
v -0.299186 0.053941 0.690800
v -0.291291 0.050467 0.692905
v -0.285230 0.044184 0.694522
v -0.281847 0.035682 0.695423
v -0.281918 0.026488 0.695405
v -0.285274 0.018317 0.694510
v -0.291345 0.012044 0.692891
v -0.299560 0.008543 0.690700
v -0.308444 0.008617 0.688332
v -0.316339 0.012090 0.686226
v -0.322400 0.018373 0.684610
v -0.282022 0.026875 0.548381
v -0.281952 0.036070 0.548405
v -0.278672 0.044241 0.549546
v -0.272737 0.050513 0.551610
v -0.264707 0.054014 0.554403
v -0.256023 0.053941 0.557424
v -0.248306 0.050467 0.560108
v -0.242381 0.044184 0.562169
v -0.239075 0.035682 0.563319
v -0.239144 0.026488 0.563295
v -0.242425 0.018317 0.562154
v -0.248359 0.012044 0.560090
v -0.256389 0.008543 0.557297
v -0.265073 0.008617 0.554276
v -0.272790 0.012090 0.551592
v -0.278715 0.018373 0.549531
v -0.228186 0.026875 0.403824
v -0.228117 0.036070 0.403849
v -0.224860 0.044240 0.405055
v -0.218968 0.050513 0.407237
v -0.210995 0.054014 0.410189
v -0.202372 0.053941 0.413381
v -0.194710 0.050467 0.416218
v -0.188827 0.044184 0.418396
v -0.185544 0.035682 0.419611
v -0.185613 0.026488 0.419586
v -0.188870 0.018317 0.418380
v -0.194762 0.012044 0.416198
v -0.202735 0.008543 0.413246
v -0.211358 0.008617 0.410054
v -0.219020 0.012090 0.407217
v -0.224903 0.018373 0.405039
v -0.170480 0.026875 0.247027
v -0.170410 0.036070 0.247051
v -0.167127 0.044240 0.248184
v -0.161187 0.050513 0.250234
v -0.153150 0.054014 0.253008
v -0.144459 0.053941 0.256007
v -0.136736 0.050467 0.258673
v -0.130806 0.044184 0.260719
v -0.127496 0.035682 0.261862
v -0.127566 0.026488 0.261838
v -0.130849 0.018317 0.260704
v -0.136789 0.012044 0.258655
v -0.144825 0.008543 0.255881
v -0.153517 0.008617 0.252881
v -0.161240 0.012090 0.250216
v -0.167170 0.018373 0.248169
v -0.115005 0.026875 0.075074
v -0.114934 0.036070 0.075095
v -0.111594 0.044241 0.076047
v -0.105551 0.050513 0.077769
v -0.097375 0.054014 0.080100
v -0.088533 0.053941 0.082620
v -0.080675 0.050467 0.084860
v -0.074642 0.044184 0.086579
v -0.071276 0.035682 0.087539
v -0.071346 0.026488 0.087519
v -0.074687 0.018317 0.086567
v -0.080729 0.012044 0.084844
v -0.088905 0.008543 0.082514
v -0.097747 0.008617 0.079994
v -0.105605 0.012090 0.077754
v -0.111638 0.018373 0.076034
v -0.067832 0.026875 -0.114909
v -0.067760 0.036070 -0.114894
v -0.064355 0.044241 -0.114208
v -0.058196 0.050513 -0.112968
v -0.049861 0.054014 -0.111289
v -0.040848 0.053941 -0.109473
v -0.032838 0.050467 -0.107859
v -0.026688 0.044184 -0.106621
v -0.023256 0.035682 -0.105929
v -0.023329 0.026488 -0.105944
v -0.026734 0.018317 -0.106630
v -0.032893 0.012044 -0.107870
v -0.041228 0.008543 -0.109549
v -0.050241 0.008617 -0.111365
v -0.058251 0.012090 -0.112979
v -0.064400 0.018373 -0.114217
v -0.035038 0.026875 -0.325801
v -0.034965 0.036070 -0.325794
v -0.031509 0.044241 -0.325436
v -0.025260 0.050513 -0.324788
v -0.016803 0.054014 -0.323911
v -0.007658 0.053941 -0.322963
v 0.000469 0.050467 -0.322121
v 0.006709 0.044184 -0.321474
v 0.010191 0.035682 -0.321113
v 0.010118 0.026488 -0.321120
v 0.006663 0.018317 -0.321478
v 0.000413 0.012044 -0.322126
v -0.008043 0.008543 -0.323003
v -0.017189 0.008617 -0.323951
v -0.025316 0.012090 -0.324793
v -0.031555 0.018373 -0.325440
v -0.022730 0.026875 -0.561017
v -0.022657 0.036070 -0.561015
v -0.019184 0.044241 -0.560941
v -0.012903 0.050513 -0.560807
v -0.004402 0.054014 -0.560625
v 0.004790 0.053941 -0.560429
v 0.012959 0.050467 -0.560254
v 0.019230 0.044184 -0.560120
v 0.022730 0.035682 -0.560045
v 0.022657 0.026488 -0.560047
v 0.019184 0.018317 -0.560121
v 0.012903 0.012044 -0.560255
v 0.004402 0.008543 -0.560437
v -0.004790 0.008617 -0.560633
v -0.012959 0.012090 -0.560808
v -0.019230 0.018373 -0.560942
v -0.024953 0.026875 -0.791246
v -0.024880 0.036070 -0.791248
v -0.021407 0.044240 -0.791319
v -0.015125 0.050513 -0.791447
v -0.006625 0.054014 -0.791621
v 0.002567 0.053941 -0.791809
v 0.010736 0.050467 -0.791976
v 0.017008 0.044184 -0.792104
v 0.020508 0.035682 -0.792176
v 0.020435 0.026488 -0.792174
v 0.016962 0.018317 -0.792103
v 0.010680 0.012044 -0.791975
v 0.002180 0.008543 -0.791801
v -0.007012 0.008617 -0.791613
v -0.015182 0.012090 -0.791446
v -0.021453 0.018373 -0.791318
v -0.031081 0.026875 -0.987303
v -0.031008 0.036070 -0.987306
v -0.027538 0.044240 -0.987457
v -0.021261 0.050513 -0.987730
v -0.012767 0.054014 -0.988099
v -0.003581 0.053941 -0.988499
v 0.004582 0.050467 -0.988854
v 0.010849 0.044184 -0.989126
v 0.014347 0.035682 -0.989279
v 0.014273 0.026488 -0.989275
v 0.010803 0.018317 -0.989124
v 0.004526 0.012044 -0.988851
v -0.003968 0.008543 -0.988482
v -0.013154 0.008617 -0.988082
v -0.021317 0.012090 -0.987727
v -0.027584 0.018373 -0.987455
v -0.040331 0.026875 -1.153263
v -0.040258 0.036070 -1.153268
v -0.036793 0.044241 -1.153507
v -0.030524 0.050513 -1.153940
v -0.022043 0.054014 -1.154526
v -0.012870 0.053941 -1.155160
v -0.004719 0.050467 -1.155723
v 0.001539 0.044184 -1.156156
v 0.005032 0.035682 -1.156397
v 0.004958 0.026488 -1.156392
v 0.001493 0.018317 -1.156153
v -0.004775 0.012044 -1.155720
v -0.013257 0.008543 -1.155134
v -0.022429 0.008617 -1.154500
v -0.030580 0.012090 -1.153936
v -0.036838 0.018373 -1.153504
v -0.051916 0.026875 -1.293712
v -0.051843 0.036070 -1.293719
v -0.048386 0.044240 -1.294052
v -0.042132 0.050513 -1.294653
v -0.033669 0.054014 -1.295467
v -0.024517 0.053941 -1.296348
v -0.016383 0.050467 -1.297130
v -0.010139 0.044184 -1.297730
v -0.006654 0.035682 -1.298066
v -0.006727 0.026488 -1.298059
v -0.010185 0.018317 -1.297726
v -0.016439 0.012044 -1.297125
v -0.024902 0.008543 -1.296311
v -0.034054 0.008617 -1.295430
v -0.042187 0.012090 -1.294648
v -0.048432 0.018373 -1.294048
v -0.065057 0.026875 -1.413267
v -0.064984 0.036070 -1.413276
v -0.061536 0.044240 -1.413698
v -0.055300 0.050513 -1.414461
v -0.046861 0.054014 -1.415493
v -0.037735 0.053941 -1.416610
v -0.029624 0.050467 -1.417602
v -0.023398 0.044184 -1.418363
v -0.019923 0.035682 -1.418789
v -0.019996 0.026488 -1.418780
v -0.023443 0.018317 -1.418358
v -0.029680 0.012044 -1.417595
v -0.038119 0.008543 -1.416563
v -0.047245 0.008617 -1.415446
v -0.055356 0.012090 -1.414454
v -0.061582 0.018373 -1.413692
v -0.078984 0.026875 -1.516578
v -0.078911 0.036070 -1.516589
v -0.075473 0.044240 -1.517082
v -0.069254 0.050513 -1.517974
v -0.060838 0.054014 -1.519181
v -0.051737 0.053941 -1.520486
v -0.043648 0.050467 -1.521647
v -0.037439 0.044184 -1.522537
v -0.033974 0.035682 -1.523034
v -0.034046 0.026488 -1.523024
v -0.037485 0.018317 -1.522531
v -0.043704 0.012044 -1.521639
v -0.052120 0.008543 -1.520432
v -0.061221 0.008617 -1.519126
v -0.069309 0.012090 -1.517966
v -0.075519 0.018373 -1.517075
v -0.092938 0.026875 -1.608325
v -0.092866 0.036070 -1.608336
v -0.089433 0.044240 -1.608865
v -0.083223 0.050513 -1.609821
v -0.074820 0.054014 -1.611114
v -0.065733 0.053941 -1.612513
v -0.057657 0.050467 -1.613757
v -0.051457 0.044184 -1.614711
v -0.047997 0.035682 -1.615244
v -0.048070 0.026488 -1.615233
v -0.051503 0.018317 -1.614704
v -0.057713 0.012044 -1.613748
v -0.066116 0.008543 -1.612455
v -0.075203 0.008617 -1.611056
v -0.083278 0.012090 -1.609812
v -0.089478 0.018373 -1.608858
v -0.106160 0.026875 -1.693176
v -0.106088 0.036070 -1.693187
v -0.102652 0.044241 -1.693698
v -0.096437 0.050513 -1.694623
v -0.088028 0.054014 -1.695874
v -0.078934 0.053941 -1.697228
v -0.070852 0.050467 -1.698430
v -0.064647 0.044184 -1.699353
v -0.061184 0.035682 -1.699869
v -0.061257 0.026488 -1.699858
v -0.064693 0.018317 -1.699347
v -0.070907 0.012044 -1.698422
v -0.079317 0.008543 -1.697171
v -0.088411 0.008617 -1.695817
v -0.096493 0.012090 -1.694615
v -0.102697 0.018373 -1.693691
v -0.117865 0.026875 -1.775734
v -0.117792 0.036070 -1.775743
v -0.114346 0.044240 -1.776178
v -0.108112 0.050513 -1.776964
v -0.099677 0.054014 -1.778029
v -0.090555 0.053941 -1.779180
v -0.082448 0.050467 -1.780202
v -0.076225 0.044184 -1.780988
v -0.072751 0.035682 -1.781426
v -0.072824 0.026488 -1.781417
v -0.076270 0.018317 -1.780982
v -0.082504 0.012044 -1.780195
v -0.090939 0.008543 -1.779131
v -0.100061 0.008617 -1.777980
v -0.108168 0.012090 -1.776957
v -0.114391 0.018373 -1.776172
v -0.127236 0.026875 -1.860496
v -0.127163 0.036070 -1.860503
v -0.123703 0.044240 -1.860811
v -0.117445 0.050513 -1.861370
v -0.108976 0.054014 -1.862126
v -0.099818 0.053941 -1.862944
v -0.091680 0.050467 -1.863670
v -0.085432 0.044184 -1.864227
v -0.081945 0.035682 -1.864538
v -0.082018 0.026488 -1.864532
v -0.085478 0.018317 -1.864223
v -0.091736 0.012044 -1.863665
v -0.100204 0.008543 -1.862909
v -0.109362 0.008617 -1.862091
v -0.117501 0.012090 -1.861365
v -0.123749 0.018373 -1.860808
v -0.133448 0.026875 -1.951874
v -0.133374 0.036070 -1.951877
v -0.129904 0.044240 -1.952033
v -0.123628 0.050513 -1.952315
v -0.115134 0.054014 -1.952697
v -0.105949 0.053941 -1.953110
v -0.097786 0.050467 -1.953477
v -0.091520 0.044184 -1.953758
v -0.088022 0.035682 -1.953915
v -0.088096 0.026488 -1.953912
v -0.091566 0.018317 -1.953755
v -0.097843 0.012044 -1.953474
v -0.106336 0.008543 -1.953092
v -0.115521 0.008617 -1.952679
v -0.123684 0.012090 -1.952313
v -0.129950 0.018373 -1.952031
v -0.135693 0.026875 -2.054271
v -0.135620 0.036070 -2.054271
v -0.132146 0.044240 -2.054271
v -0.125863 0.050513 -2.054271
v -0.117361 0.054014 -2.054271
v -0.108167 0.053941 -2.054271
v -0.099996 0.050467 -2.054271
v -0.093723 0.044184 -2.054271
v -0.090222 0.035682 -2.054271
v -0.090296 0.026488 -2.054271
v -0.093769 0.018317 -2.054271
v -0.100052 0.012044 -2.054271
v -0.108554 0.008543 -2.054271
v -0.117748 0.008617 -2.054271
v -0.125919 0.012090 -2.054271
v -0.132192 0.018373 -2.054271
v -0.011053 0.061661 2.031638
v 0.001221 0.075758 2.032244
v -0.020034 0.052636 2.031117
v 0.018778 0.071086 2.034629
v -0.023354 0.040338 2.031472
v 0.031595 0.058198 2.036949
v -0.020125 0.028064 2.032609
v 0.036238 0.040548 2.038584
v -0.011211 0.019101 2.034222
v 0.031464 0.022865 2.039094
v 0.000998 0.015852 2.035881
v 0.018550 0.009887 2.038344
v 0.013232 0.019188 2.037139
v 0.000958 0.005091 2.036534
v 0.022213 0.028213 2.037661
v -0.016598 0.009763 2.034149
v 0.025533 0.040511 2.037306
v -0.029416 0.022651 2.031828
v 0.022304 0.052785 2.036170
v -0.034059 0.040300 2.030194
v 0.001181 0.064997 2.032897
v -0.029285 0.057984 2.029684
v 0.013391 0.061748 2.034556
v -0.016371 0.070962 2.030434
v 0.012458 0.050748 1.938827
v 0.010325 0.071101 1.956099
v 0.012199 0.060512 1.940714
v 0.011418 0.067962 1.947036
v 0.020462 0.048618 1.939914
v 0.027882 0.066430 1.958484
v 0.024979 0.057111 1.942450
v 0.027695 0.063631 1.949247
v 0.026305 0.042743 1.940972
v 0.040699 0.053542 1.960804
v 0.034309 0.047730 1.944139
v 0.039577 0.051683 1.951398
v 0.028422 0.034697 1.941717
v 0.045342 0.035892 1.962439
v 0.037689 0.034882 1.945328
v 0.043883 0.035320 1.952913
v 0.026245 0.026636 1.941949
v 0.040568 0.018209 1.962949
v 0.034213 0.022010 1.945700
v 0.039456 0.018926 1.953387
v 0.020358 0.020720 1.941607
v 0.027654 0.005231 1.962199
v 0.024813 0.012563 1.945154
v 0.027484 0.006893 1.952691
v 0.012339 0.018534 1.940782
v 0.010062 0.000435 1.960389
v 0.012008 0.009072 1.943836
v 0.011174 0.002447 1.951013
v 0.004335 0.020663 1.939695
v -0.007494 0.005107 1.958004
v -0.000773 0.012473 1.942100
v -0.005103 0.006778 1.948802
v -0.001508 0.026538 1.938637
v -0.020312 0.017995 1.955684
v -0.010103 0.021854 1.940411
v -0.016986 0.018726 1.946651
v -0.003625 0.034584 1.937893
v -0.024955 0.035644 1.954049
v -0.013483 0.034702 1.939221
v -0.021290 0.035090 1.945135
v -0.001448 0.042646 1.937660
v -0.020180 0.053328 1.953539
v -0.010007 0.047574 1.938850
v -0.016864 0.051484 1.944662
v 0.004439 0.048562 1.938002
v -0.007267 0.066306 1.954289
v -0.000607 0.057021 1.939396
v -0.004892 0.063516 1.945358
v 0.007435 0.058399 1.980688
v -0.003110 0.055524 1.979603
v -0.010850 0.047745 1.979153
v -0.013712 0.037145 1.979459
v -0.010929 0.026565 1.980439
v -0.003246 0.018841 1.981830
v 0.007278 0.016040 1.983259
v 0.017823 0.018915 1.984344
v 0.025563 0.026694 1.984794
v 0.028425 0.037294 1.984488
v 0.025642 0.047873 1.983508
v 0.017959 0.055598 1.982118
vt -0.237837 0.829278
vt -0.219996 0.829471
vt -0.220023 0.831800
vt -0.237930 0.831499
vt -0.237809 0.827054
vt -0.219981 0.827132
vt -0.237842 0.824906
vt -0.219979 0.824879
vt -0.237932 0.822758
vt -0.219985 0.822642
vt -0.238069 0.820535
vt -0.219997 0.820353
vt -0.238230 0.818311
vt -0.220012 0.818096
vt -0.238382 0.816158
vt -0.220026 0.815944
vt -0.238511 0.814000
vt -0.220037 0.813816
vt -0.238597 0.811757
vt -0.220045 0.811626
vt -0.238624 0.809511
vt -0.220052 0.809442
vt -0.238588 0.807344
vt -0.220058 0.807331
vt -0.238501 0.805181
vt -0.220060 0.805208
vt -0.238375 0.802952
vt -0.220059 0.802990
vt -0.238247 0.835790
vt -0.220091 0.836228
vt -0.220131 0.838478
vt -0.238439 0.838015
vt -0.238073 0.833644
vt -0.220055 0.834027
vt -0.203571 0.829542
vt -0.203576 0.831891
vt -0.203571 0.827189
vt -0.203570 0.824918
vt -0.203571 0.822663
vt -0.203572 0.820355
vt -0.203573 0.818082
vt -0.203574 0.815921
vt -0.203574 0.813787
vt -0.203573 0.811599
vt -0.203573 0.809424
vt -0.203569 0.807314
vt -0.203565 0.805185
vt -0.203559 0.802950
vt -0.203587 0.836364
vt -0.203593 0.838630
vt -0.203581 0.834141
vt -0.188526 0.829523
vt -0.188515 0.831866
vt -0.188535 0.827169
vt -0.188535 0.824902
vt -0.188533 0.822654
vt -0.188529 0.820358
vt -0.188523 0.818099
vt -0.188517 0.815952
vt -0.188511 0.813832
vt -0.188504 0.811656
vt -0.188496 0.809487
vt -0.188481 0.807388
vt -0.188466 0.805274
vt -0.188450 0.803060
vt -0.188488 0.836313
vt -0.188471 0.838562
vt -0.188502 0.834105
vt -0.174544 0.829463
vt -0.174527 0.831782
vt -0.174555 0.827134
vt -0.174556 0.824890
vt -0.174553 0.822665
vt -0.174546 0.820389
vt -0.174536 0.818147
vt -0.174525 0.816014
vt -0.174514 0.813905
vt -0.174502 0.811739
vt -0.174490 0.809579
vt -0.174473 0.807490
vt -0.174455 0.805387
vt -0.174437 0.803186
vt -0.174485 0.836189
vt -0.174459 0.838422
vt -0.174507 0.834000
vt -0.161341 0.829390
vt -0.161323 0.831677
vt -0.161353 0.827097
vt -0.161353 0.824887
vt -0.161349 0.822692
vt -0.161339 0.820442
vt -0.161325 0.818219
vt -0.161311 0.816098
vt -0.161296 0.813997
vt -0.161282 0.811835
vt -0.161267 0.809678
vt -0.161250 0.807592
vt -0.161234 0.805493
vt -0.161217 0.803301
vt -0.161275 0.836036
vt -0.161246 0.838254
vt -0.161301 0.833868
vt -0.148731 0.829318
vt -0.148714 0.831567
vt -0.148741 0.827066
vt -0.148741 0.824894
vt -0.148734 0.822734
vt -0.148722 0.820512
vt -0.148706 0.818309
vt -0.148689 0.816197
vt -0.148672 0.814099
vt -0.148655 0.811935
vt -0.148640 0.809773
vt -0.148625 0.807682
vt -0.148611 0.805582
vt -0.148597 0.803393
vt -0.148665 0.835876
vt -0.148636 0.838081
vt -0.148692 0.833729
vt -0.136621 0.829254
vt -0.136605 0.831464
vt -0.136628 0.827044
vt -0.136627 0.824914
vt -0.136618 0.822790
vt -0.136604 0.820597
vt -0.136585 0.818411
vt -0.136565 0.816307
vt -0.136546 0.814206
vt -0.136528 0.812033
vt -0.136512 0.809858
vt -0.136499 0.807755
vt -0.136489 0.805647
vt -0.136480 0.803458
vt -0.136559 0.835721
vt -0.136530 0.837917
vt -0.136584 0.833595
vt -0.124981 0.829200
vt -0.124968 0.831369
vt -0.124985 0.827035
vt -0.124982 0.824948
vt -0.124971 0.822860
vt -0.124954 0.820696
vt -0.124932 0.818527
vt -0.124909 0.816426
vt -0.124887 0.814318
vt -0.124867 0.812127
vt -0.124852 0.809930
vt -0.124843 0.807806
vt -0.124838 0.805682
vt -0.124835 0.803487
vt -0.124925 0.835577
vt -0.124898 0.837766
vt -0.124949 0.833470
vt -0.113804 0.829158
vt -0.113794 0.831287
vt -0.113805 0.827039
vt -0.113801 0.824996
vt -0.113788 0.822946
vt -0.113767 0.820811
vt -0.113742 0.818656
vt -0.113715 0.816555
vt -0.113690 0.814432
vt -0.113669 0.812215
vt -0.113654 0.809986
vt -0.113649 0.807831
vt -0.113651 0.805684
vt -0.113656 0.803475
vt -0.113755 0.835446
vt -0.113730 0.837634
vt -0.113777 0.833357
vt -0.103051 0.829130
vt -0.103045 0.831219
vt -0.103049 0.827056
vt -0.103045 0.825054
vt -0.103033 0.823042
vt -0.103014 0.820935
vt -0.102989 0.818793
vt -0.102962 0.816688
vt -0.102937 0.814545
vt -0.102915 0.812295
vt -0.102900 0.810025
vt -0.102899 0.807831
vt -0.102904 0.805652
vt -0.102914 0.803424
vt -0.103014 0.835336
vt -0.102995 0.837527
vt -0.103032 0.833261
vt -0.092583 0.829107
vt -0.092581 0.831169
vt -0.092579 0.827074
vt -0.092580 0.825109
vt -0.092579 0.823126
vt -0.092577 0.821037
vt -0.092572 0.818902
vt -0.092566 0.816790
vt -0.092557 0.814630
vt -0.092547 0.812352
vt -0.092529 0.810058
vt -0.092517 0.807838
vt -0.092504 0.805632
vt -0.092491 0.803376
vt -0.092576 0.835269
vt -0.092574 0.837470
vt -0.092578 0.833196
vt -0.082203 0.829115
vt -0.082213 0.831200
vt -0.082201 0.827044
vt -0.082202 0.825055
vt -0.082210 0.823057
vt -0.082223 0.820968
vt -0.082240 0.818847
vt -0.082257 0.816760
vt -0.082270 0.814636
vt -0.082278 0.812399
vt -0.082276 0.810135
vt -0.082260 0.807948
vt -0.082236 0.805772
vt -0.082206 0.803545
vt -0.082250 0.835318
vt -0.082271 0.837511
vt -0.082229 0.833242
vt -0.070901 0.829187
vt -0.070919 0.831318
vt -0.070888 0.827069
vt -0.070883 0.825029
vt -0.070883 0.822990
vt -0.070888 0.820872
vt -0.070896 0.818739
vt -0.070907 0.816661
vt -0.070917 0.814562
vt -0.070926 0.812362
vt -0.070933 0.810148
vt -0.070937 0.808004
vt -0.070936 0.805865
vt -0.070933 0.803666
vt -0.070963 0.835474
vt -0.070986 0.837662
vt -0.070940 0.833386
vt -0.058058 0.829278
vt -0.058072 0.831410
vt -0.058045 0.827155
vt -0.058034 0.825106
vt -0.058025 0.823052
vt -0.058017 0.820911
vt -0.058012 0.818753
vt -0.058011 0.816648
vt -0.058012 0.814524
vt -0.058020 0.812309
vt -0.058031 0.810083
vt -0.058044 0.807933
vt -0.058058 0.805790
vt -0.058074 0.803584
vt -0.058101 0.835572
vt -0.058116 0.837759
vt -0.058087 0.833482
vt -0.044050 0.829367
vt -0.044064 0.831496
vt -0.044039 0.827241
vt -0.044029 0.825185
vt -0.044019 0.823119
vt -0.044009 0.820962
vt -0.044001 0.818783
vt -0.043997 0.816654
vt -0.043996 0.814505
vt -0.044001 0.812266
vt -0.044012 0.810016
vt -0.044026 0.807847
vt -0.044042 0.805691
vt -0.044060 0.803476
vt -0.044089 0.835658
vt -0.044102 0.837848
vt -0.044077 0.833568
vt -0.029273 0.829451
vt -0.029287 0.831583
vt -0.029262 0.827324
vt -0.029252 0.825265
vt -0.029241 0.823191
vt -0.029230 0.821021
vt -0.029221 0.818822
vt -0.029215 0.816670
vt -0.029213 0.814492
vt -0.029215 0.812220
vt -0.029226 0.809941
vt -0.029241 0.807748
vt -0.029260 0.805574
vt -0.029281 0.803348
vt -0.029312 0.835746
vt -0.029324 0.837942
vt -0.029300 0.833654
vt -0.014003 0.829540
vt -0.014018 0.831672
vt -0.013992 0.827413
vt -0.013982 0.825351
vt -0.013970 0.823270
vt -0.013958 0.821087
vt -0.013948 0.818868
vt -0.013940 0.816689
vt -0.013937 0.814480
vt -0.013939 0.812172
vt -0.013952 0.809858
vt -0.013969 0.807636
vt -0.013990 0.805439
vt -0.014015 0.803198
vt -0.014044 0.835839
vt -0.014056 0.838043
vt -0.014031 0.833744
vt 0.001636 0.829635
vt 0.001620 0.831768
vt 0.001645 0.827505
vt 0.001655 0.825440
vt 0.001666 0.823352
vt 0.001678 0.821155
vt 0.001688 0.818914
vt 0.001696 0.816707
vt 0.001699 0.814464
vt 0.001696 0.812116
vt 0.001682 0.809764
vt 0.001663 0.807509
vt 0.001639 0.805286
vt 0.001612 0.803026
vt 0.001592 0.835944
vt 0.001578 0.838159
vt 0.001605 0.833842
vt 0.017733 0.829730
vt 0.017718 0.831870
vt 0.017739 0.827593
vt 0.017746 0.825518
vt 0.017753 0.823419
vt 0.017761 0.821206
vt 0.017769 0.818944
vt 0.017774 0.816711
vt 0.017776 0.814437
vt 0.017774 0.812054
vt 0.017760 0.809667
vt 0.017743 0.807381
vt 0.017723 0.805132
vt 0.017699 0.802851
vt 0.017690 0.836065
vt 0.017675 0.838296
vt 0.017704 0.833952
vt 0.034640 0.829800
vt 0.034636 0.831951
vt 0.034640 0.827657
vt 0.034641 0.825568
vt 0.034641 0.823452
vt 0.034640 0.821218
vt 0.034638 0.818934
vt 0.034637 0.816683
vt 0.034635 0.814393
vt 0.034634 0.812000
vt 0.034630 0.809609
vt 0.034631 0.807309
vt 0.034632 0.805040
vt 0.034634 0.802734
vt 0.034625 0.836184
vt 0.034618 0.838441
vt 0.034631 0.834051
vt 0.052890 0.829783
vt 0.052896 0.831940
vt 0.052886 0.827624
vt 0.052882 0.825532
vt 0.052875 0.823418
vt 0.052865 0.821194
vt 0.052855 0.818927
vt 0.052847 0.816695
vt 0.052843 0.814426
vt 0.052844 0.812052
vt 0.052853 0.809673
vt 0.052870 0.807398
vt 0.052891 0.805157
vt 0.052916 0.802880
vt 0.052901 0.836155
vt 0.052901 0.838388
vt 0.052900 0.834035
vt 0.073222 0.829730
vt 0.073228 0.831896
vt 0.073219 0.827564
vt 0.073213 0.825466
vt 0.073205 0.823350
vt 0.073195 0.821133
vt 0.073185 0.818883
vt 0.073179 0.816677
vt 0.073176 0.814444
vt 0.073177 0.812113
vt 0.073189 0.809782
vt 0.073204 0.807546
vt 0.073224 0.805337
vt 0.073248 0.803084
vt 0.073233 0.836113
vt 0.073233 0.838334
vt 0.073232 0.833996
vt 0.096607 0.829682
vt 0.096612 0.831865
vt 0.096604 0.827495
vt 0.096599 0.825385
vt 0.096595 0.823266
vt 0.096592 0.821056
vt 0.096590 0.818825
vt 0.096589 0.816648
vt 0.096589 0.814451
vt 0.096591 0.812162
vt 0.096596 0.809869
vt 0.096601 0.807672
vt 0.096606 0.805496
vt 0.096613 0.803268
vt 0.096621 0.836091
vt 0.096626 0.838301
vt 0.096616 0.833974
vt 0.124081 0.829630
vt 0.124086 0.831786
vt 0.124081 0.827475
vt 0.124084 0.825392
vt 0.124094 0.823298
vt 0.124110 0.821110
vt 0.124128 0.818892
vt 0.124144 0.816716
vt 0.124155 0.814507
vt 0.124162 0.812195
vt 0.124164 0.809874
vt 0.124156 0.807644
vt 0.124143 0.805441
vt 0.124124 0.803195
vt 0.124119 0.835980
vt 0.124141 0.838192
vt 0.124100 0.833875
vt 0.149851 0.829612
vt 0.149846 0.831679
vt 0.149857 0.827549
vt 0.149867 0.825553
vt 0.149890 0.823541
vt 0.149926 0.821420
vt 0.149971 0.819233
vt 0.150012 0.817036
vt 0.150046 0.814749
vt 0.150070 0.812304
vt 0.150074 0.809832
vt 0.150057 0.807475
vt 0.150027 0.805192
vt 0.149984 0.802921
vt 0.149868 0.835730
vt 0.149887 0.837910
vt 0.149852 0.833688
vt 0.171203 0.829768
vt 0.171193 0.831842
vt 0.171211 0.827713
vt 0.171216 0.825713
vt 0.171219 0.823686
vt 0.171221 0.821537
vt 0.171221 0.819313
vt 0.171221 0.817077
vt 0.171223 0.814751
vt 0.171225 0.812274
vt 0.171231 0.809781
vt 0.171237 0.807385
vt 0.171244 0.805054
vt 0.171250 0.802720
vt 0.171164 0.835953
vt 0.171145 0.838184
vt 0.171180 0.833874
vt 0.192411 0.829803
vt 0.192409 0.831917
vt 0.192416 0.827695
vt 0.192415 0.825655
vt 0.192404 0.823598
vt 0.192384 0.821434
vt 0.192359 0.819215
vt 0.192338 0.817008
vt 0.192323 0.814737
vt 0.192318 0.812333
vt 0.192332 0.809909
vt 0.192354 0.807589
vt 0.192386 0.805318
vt 0.192427 0.803033
vt 0.192379 0.836063
vt 0.192357 0.838286
vt 0.192398 0.833974
vt 0.215482 0.829803
vt 0.215483 0.831948
vt 0.215483 0.827662
vt 0.215480 0.825591
vt 0.215473 0.823508
vt 0.215460 0.821326
vt 0.215447 0.819110
vt 0.215436 0.816929
vt 0.215430 0.814709
vt 0.215429 0.812381
vt 0.215440 0.810041
vt 0.215456 0.807793
vt 0.215477 0.805575
vt 0.215504 0.803316
vt 0.215471 0.836138
vt 0.215462 0.838358
vt 0.215479 0.834032
vt 0.240539 0.829780
vt 0.240543 0.831933
vt 0.240537 0.827631
vt 0.240536 0.825553
vt 0.240534 0.823465
vt 0.240529 0.821284
vt 0.240524 0.819076
vt 0.240520 0.816915
vt 0.240519 0.814727
vt 0.240520 0.812439
vt 0.240529 0.810144
vt 0.240541 0.807935
vt 0.240554 0.805747
vt 0.240571 0.803509
vt 0.240545 0.836126
vt 0.240545 0.838336
vt 0.240544 0.834021
vt 0.266662 0.829752
vt 0.266661 0.831898
vt 0.266660 0.827604
vt 0.266661 0.825532
vt 0.266663 0.823453
vt 0.266665 0.821286
vt 0.266667 0.819095
vt 0.266669 0.816950
vt 0.266670 0.814777
vt 0.266671 0.812502
vt 0.266673 0.810216
vt 0.266674 0.808021
vt 0.266674 0.805851
vt 0.266675 0.803637
vt 0.266662 0.836065
vt 0.266663 0.838257
vt 0.266662 0.833975
vt 0.292831 0.829793
vt 0.292826 0.831938
vt 0.292832 0.827652
vt 0.292834 0.825581
vt 0.292839 0.823500
vt 0.292847 0.821325
vt 0.292856 0.819121
vt 0.292863 0.816960
vt 0.292868 0.814767
vt 0.292869 0.812471
vt 0.292861 0.810166
vt 0.292851 0.807949
vt 0.292838 0.805757
vt 0.292820 0.803519
vt 0.292824 0.836118
vt 0.292824 0.838324
vt 0.292824 0.834018
vt 0.318315 0.829834
vt 0.318310 0.831971
vt 0.318315 0.827702
vt 0.318318 0.825639
vt 0.318324 0.823565
vt 0.318336 0.821391
vt 0.318350 0.819179
vt 0.318360 0.816997
vt 0.318367 0.814770
vt 0.318368 0.812427
vt 0.318356 0.810071
vt 0.318340 0.807810
vt 0.318320 0.805584
vt 0.318293 0.803325
vt 0.318312 0.836143
vt 0.318317 0.838358
vt 0.318309 0.834045
vt 0.343101 0.829879
vt 0.343093 0.832010
vt 0.343100 0.827751
vt 0.343099 0.825694
vt 0.343102 0.823623
vt 0.343111 0.821449
vt 0.343121 0.819227
vt 0.343129 0.817021
vt 0.343133 0.814754
vt 0.343132 0.812356
vt 0.343116 0.809940
vt 0.343096 0.807626
vt 0.343072 0.805360
vt 0.343041 0.803075
vt 0.343090 0.836179
vt 0.343091 0.838403
vt 0.343090 0.834081
vt 0.368780 0.829936
vt 0.368778 0.832094
vt 0.368780 0.827789
vt 0.368775 0.825706
vt 0.368768 0.823606
vt 0.368758 0.821400
vt 0.368747 0.819147
vt 0.368736 0.816917
vt 0.368725 0.814631
vt 0.368715 0.812223
vt 0.368708 0.809807
vt 0.368703 0.807480
vt 0.368700 0.805191
vt 0.368699 0.802867
vt 0.368766 0.836330
vt 0.368758 0.838586
vt 0.368773 0.834197
vt 0.398537 0.829873
vt 0.398539 0.832063
vt 0.398537 0.827683
vt 0.398532 0.825568
vt 0.398520 0.823447
vt 0.398503 0.821235
vt 0.398482 0.818994
vt 0.398465 0.816794
vt 0.398451 0.814555
vt 0.398441 0.812205
vt 0.398443 0.809841
vt 0.398450 0.807572
vt 0.398463 0.805333
vt 0.398482 0.803053
vt 0.398525 0.836317
vt 0.398515 0.838559
vt 0.398534 0.834183
vt 0.436384 0.829854
vt 0.436382 0.832080
vt 0.436385 0.827624
vt 0.436384 0.825475
vt 0.436383 0.823326
vt 0.436380 0.821096
vt 0.436377 0.818855
vt 0.436375 0.816674
vt 0.436374 0.814473
vt 0.436374 0.812177
vt 0.436373 0.809872
vt 0.436373 0.807655
vt 0.436373 0.805454
vt 0.436374 0.803197
vt 0.436374 0.836380
vt 0.436369 0.838626
vt 0.436379 0.834228
vt 0.475657 0.829909
vt 0.475654 0.832137
vt 0.475658 0.827683
vt 0.475661 0.825533
vt 0.475665 0.823378
vt 0.475671 0.821136
vt 0.475679 0.818877
vt 0.475684 0.816675
vt 0.475689 0.814454
vt 0.475691 0.812137
vt 0.475686 0.809814
vt 0.475680 0.807577
vt 0.475671 0.805355
vt 0.475659 0.803073
vt 0.475653 0.836456
vt 0.475653 0.838717
vt 0.475653 0.834292
vt 0.508821 0.829947
vt 0.508822 0.832163
vt 0.508821 0.827740
vt 0.508822 0.825601
vt 0.508824 0.823451
vt 0.508826 0.821205
vt 0.508829 0.818932
vt 0.508831 0.816708
vt 0.508833 0.814458
vt 0.508835 0.812109
vt 0.508835 0.809757
vt 0.508835 0.807488
vt 0.508834 0.805237
vt 0.508833 0.802926
vt 0.508827 0.836485
vt 0.508830 0.838760
vt 0.508825 0.834315
vt 0.538927 0.829901
vt 0.538931 0.832106
vt 0.538927 0.827698
vt 0.538926 0.825569
vt 0.538924 0.823432
vt 0.538919 0.821201
vt 0.538913 0.818944
vt 0.538908 0.816736
vt 0.538905 0.814500
vt 0.538904 0.812161
vt 0.538910 0.809814
vt 0.538917 0.807556
vt 0.538927 0.805320
vt 0.538940 0.803033
vt 0.538935 0.836397
vt 0.538935 0.838655
vt 0.538934 0.834244
vt 0.568763 0.829876
vt 0.568765 0.832091
vt 0.568763 0.827664
vt 0.568762 0.825526
vt 0.568758 0.823381
vt 0.568753 0.821147
vt 0.568746 0.818895
vt 0.568740 0.816701
vt 0.568736 0.814487
vt 0.568734 0.812180
vt 0.568738 0.809868
vt 0.568744 0.807641
vt 0.568751 0.805428
vt 0.568761 0.803155
vt 0.568762 0.836391
vt 0.568759 0.838645
vt 0.568764 0.834235
vt 0.600375 0.829873
vt 0.600375 0.832104
vt 0.600375 0.827643
vt 0.600374 0.825488
vt 0.600372 0.823330
vt 0.600368 0.821088
vt 0.600364 0.818837
vt 0.600360 0.816653
vt 0.600357 0.814459
vt 0.600355 0.812180
vt 0.600356 0.809898
vt 0.600359 0.807698
vt 0.600363 0.805504
vt 0.600369 0.803242
vt 0.600370 0.836426
vt 0.600367 0.838679
vt 0.600373 0.834262
vt 0.634820 0.829879
vt 0.634819 0.832124
vt 0.634821 0.827634
vt 0.634820 0.825466
vt 0.634819 0.823296
vt 0.634817 0.821047
vt 0.634814 0.818794
vt 0.634812 0.816616
vt 0.634810 0.814434
vt 0.634809 0.812172
vt 0.634809 0.809909
vt 0.634810 0.807724
vt 0.634811 0.805543
vt 0.634813 0.803287
vt 0.634816 0.836466
vt 0.634813 0.838719
vt 0.634818 0.834294
vt 0.672525 0.829889
vt 0.672524 0.832145
vt 0.672525 0.827632
vt 0.672525 0.825453
vt 0.672524 0.823275
vt 0.672523 0.821020
vt 0.672522 0.818765
vt 0.672520 0.816588
vt 0.672519 0.814411
vt 0.672518 0.812157
vt 0.672517 0.809903
vt 0.672516 0.807726
vt 0.672516 0.805549
vt 0.672516 0.803296
vt 0.672521 0.836501
vt 0.672519 0.838757
vt 0.672523 0.834324
vt 0.713659 0.829900
vt 0.713658 0.832165
vt 0.713659 0.827634
vt 0.713659 0.825447
vt 0.713658 0.823261
vt 0.713657 0.821000
vt 0.713656 0.818742
vt 0.713655 0.816564
vt 0.713654 0.814388
vt 0.713653 0.812136
vt 0.713651 0.809884
vt 0.713650 0.807709
vt 0.713648 0.805533
vt 0.713647 0.803278
vt 0.713655 0.836534
vt 0.713653 0.838792
vt 0.713657 0.834351
vt 0.758399 0.829910
vt 0.758398 0.832183
vt 0.758399 0.827637
vt 0.758398 0.825442
vt 0.758397 0.823250
vt 0.758397 0.820983
vt 0.758396 0.818721
vt 0.758394 0.816540
vt 0.758394 0.814362
vt 0.758392 0.812107
vt 0.758390 0.809853
vt 0.758388 0.807676
vt 0.758386 0.805497
vt 0.758384 0.803240
vt 0.758395 0.836564
vt 0.758393 0.838826
vt 0.758397 0.834376
vt 0.807099 0.829918
vt 0.807098 0.832197
vt 0.807098 0.827637
vt 0.807098 0.825436
vt 0.807097 0.823238
vt 0.807096 0.820966
vt 0.807095 0.818699
vt 0.807094 0.816514
vt 0.807093 0.814331
vt 0.807091 0.812071
vt 0.807089 0.809812
vt 0.807086 0.807630
vt 0.807084 0.805447
vt 0.807081 0.803185
vt 0.807096 0.836590
vt 0.807094 0.838857
vt 0.807097 0.834396
vt 0.860388 0.829912
vt 0.860390 0.832198
vt 0.860387 0.827626
vt 0.860386 0.825419
vt 0.860384 0.823214
vt 0.860383 0.820935
vt 0.860382 0.818661
vt 0.860380 0.816470
vt 0.860379 0.814282
vt 0.860378 0.812019
vt 0.860376 0.809759
vt 0.860374 0.807574
vt 0.860372 0.805386
vt 0.860369 0.803116
vt 0.860394 0.836604
vt 0.860396 0.838877
vt 0.860392 0.834403
vt 0.919075 0.829835
vt 0.919079 0.832110
vt 0.919072 0.827559
vt 0.919070 0.825362
vt 0.919067 0.823167
vt 0.919065 0.820896
vt 0.919063 0.818627
vt 0.919061 0.816439
vt 0.919059 0.814251
vt 0.919057 0.811986
vt 0.919055 0.809720
vt 0.919054 0.807533
vt 0.919052 0.805345
vt 0.919050 0.803080
vt 0.919087 0.836498
vt 0.919091 0.838766
vt 0.919083 0.834305
vt 0.976108 0.829760
vt 0.976110 0.832027
vt 0.976105 0.827493
vt 0.976103 0.825304
vt 0.976101 0.823116
vt 0.976099 0.820850
vt 0.976097 0.818584
vt 0.976095 0.816396
vt 0.976093 0.814208
vt 0.976091 0.811941
vt 0.976089 0.809673
vt 0.976087 0.807484
vt 0.976085 0.805296
vt 0.976083 0.803031
vt 0.976114 0.836403
vt 0.976117 0.838668
vt 0.976112 0.834215
vt 1.024601 0.829728
vt 1.024602 0.831999
vt 1.024599 0.827456
vt 1.024598 0.825263
vt 1.024596 0.823070
vt 1.024594 0.820801
vt 1.024593 0.818534
vt 1.024591 0.816345
vt 1.024589 0.814158
vt 1.024587 0.811894
vt 1.024585 0.809629
vt 1.024583 0.807442
vt 1.024581 0.805255
vt 1.024579 0.802989
vt 1.024603 0.836382
vt 1.024604 0.838649
vt 1.024603 0.834191
vt 1.065759 0.829706
vt 1.065760 0.831981
vt 1.065758 0.827431
vt 1.065756 0.825234
vt 1.065754 0.823039
vt 1.065752 0.820767
vt 1.065750 0.818497
vt 1.065748 0.816308
vt 1.065746 0.814120
vt 1.065744 0.811856
vt 1.065742 0.809591
vt 1.065740 0.807405
vt 1.065738 0.805217
vt 1.065736 0.802950
vt 1.065761 0.836370
vt 1.065761 0.838639
vt 1.065760 0.834176
vt 1.100711 0.829686
vt 1.100713 0.831964
vt 1.100710 0.827408
vt 1.100708 0.825209
vt 1.100706 0.823011
vt 1.100704 0.820736
vt 1.100702 0.818465
vt 1.100700 0.816274
vt 1.100698 0.814086
vt 1.100696 0.811821
vt 1.100694 0.809558
vt 1.100693 0.807372
vt 1.100691 0.805183
vt 1.100690 0.802914
vt 1.100716 0.836359
vt 1.100717 0.838630
vt 1.100714 0.834162
vt 1.130556 0.829656
vt 1.130558 0.831934
vt 1.130554 0.827379
vt 1.130552 0.825180
vt 1.130550 0.822983
vt 1.130548 0.820710
vt 1.130546 0.818441
vt 1.130545 0.816253
vt 1.130543 0.814067
vt 1.130541 0.811805
vt 1.130540 0.809543
vt 1.130539 0.807359
vt 1.130539 0.805173
vt 1.130538 0.802907
vt 1.130564 0.836325
vt 1.130567 0.838595
vt 1.130561 0.834131
vt 1.156390 0.829625
vt 1.156393 0.831899
vt 1.156387 0.827351
vt 1.156385 0.825156
vt 1.156384 0.822962
vt 1.156383 0.820692
vt 1.156381 0.818425
vt 1.156380 0.816238
vt 1.156379 0.814053
vt 1.156378 0.811792
vt 1.156377 0.809531
vt 1.156376 0.807347
vt 1.156375 0.805162
vt 1.156374 0.802898
vt 1.156400 0.836285
vt 1.156405 0.838552
vt 1.156397 0.834093
vt 1.179319 0.829595
vt 1.179323 0.831862
vt 1.179317 0.827328
vt 1.179315 0.825139
vt 1.179314 0.822950
vt 1.179314 0.820684
vt 1.179314 0.818419
vt 1.179314 0.816232
vt 1.179313 0.814046
vt 1.179312 0.811781
vt 1.179311 0.809517
vt 1.179309 0.807331
vt 1.179307 0.805145
vt 1.179305 0.802880
vt 1.179331 0.836239
vt 1.179336 0.838504
vt 1.179327 0.834051
vt 1.200442 0.829569
vt 1.200445 0.831827
vt 1.200440 0.827311
vt 1.200439 0.825130
vt 1.200438 0.822948
vt 1.200438 0.820686
vt 1.200438 0.818422
vt 1.200439 0.816233
vt 1.200439 0.814042
vt 1.200438 0.811771
vt 1.200436 0.809500
vt 1.200433 0.807307
vt 1.200430 0.805116
vt 1.200426 0.802850
vt 1.200453 0.836193
vt 1.200457 0.838457
vt 1.200449 0.834009
vt 1.220855 0.829548
vt 1.220857 0.831800
vt 1.220853 0.827298
vt 1.220852 0.825124
vt 1.220851 0.822948
vt 1.220850 0.820689
vt 1.220850 0.818424
vt 1.220850 0.816232
vt 1.220849 0.814034
vt 1.220848 0.811756
vt 1.220845 0.809476
vt 1.220841 0.807275
vt 1.220837 0.805078
vt 1.220832 0.802808
vt 1.220861 0.836157
vt 1.220864 0.838421
vt 1.220859 0.833976
vt 1.241668 0.829536
vt 1.241668 0.831785
vt 1.241666 0.827289
vt 1.241665 0.825117
vt 1.241663 0.822942
vt 1.241662 0.820682
vt 1.241660 0.818416
vt 1.241658 0.816220
vt 1.241657 0.814017
vt 1.241655 0.811732
vt 1.241652 0.809446
vt 1.241647 0.807239
vt 1.241643 0.805037
vt 1.241638 0.802762
vt 1.241669 0.836141
vt 1.241669 0.838408
vt 1.241669 0.833960
vt 1.264021 0.829532
vt 1.264020 0.831783
vt 1.264020 0.827283
vt 1.264019 0.825109
vt 1.264016 0.822931
vt 1.264013 0.820668
vt 1.264009 0.818397
vt 1.264005 0.816197
vt 1.264001 0.813991
vt 1.263998 0.811703
vt 1.263996 0.809415
vt 1.263995 0.807205
vt 1.263994 0.804999
vt 1.263993 0.802720
vt 1.264016 0.836146
vt 1.264013 0.838417
vt 1.264018 0.833961
vt 1.289197 0.829537
vt 1.289176 0.831813
vt 1.289195 0.827259
vt 1.289173 0.825061
vt 1.289133 0.822865
vt 1.289081 0.820592
vt 1.289024 0.818320
vt 1.288973 0.816129
vt 1.288934 0.813938
vt 1.288911 0.811670
vt 1.288909 0.809402
vt 1.288927 0.807211
vt 1.288962 0.805020
vt 1.289011 0.802751
vt 1.289089 0.836205
vt 1.289034 0.838478
vt 1.289138 0.834010
vt 0.083333 0.480254
vt 0.083333 0.509198
vt 0.000000 0.509198
vt 0.000000 0.480254
vt 0.833333 0.480254
vt 0.833333 0.509198
vt 0.750000 0.509198
vt 0.750000 0.480254
vt 0.666667 0.509198
vt 0.666667 0.480254
vt 0.583333 0.509198
vt 0.583333 0.480254
vt 0.500000 0.509198
vt 0.500000 0.480254
vt 0.416667 0.509198
vt 0.416667 0.480254
vt 0.333333 0.509198
vt 0.333333 0.480254
vt 0.250000 0.509198
vt 0.250000 0.480254
vt 0.166667 0.509198
vt 0.166667 0.480254
vt 0.333333 0.509198
vt 0.250000 0.509198
vt 0.166667 0.509198
vt 0.250000 0.509198
vt 0.166667 0.509198
vt 0.916667 0.480254
vt 0.916667 0.509198
vt 1.000000 0.480254
vt 1.000000 0.509198
vt 0.919704 0.469936
vt 0.996962 0.469936
vt 0.673694 0.718768
vt 0.704306 0.710565
vt 0.696526 0.694683
vt 0.672490 0.701123
vt 0.687543 0.679123
vt 0.672490 0.683156
vt 0.836371 0.469936
vt 0.913629 0.469936
vt 0.706391 0.709361
vt 0.728801 0.686952
vt 0.714122 0.677087
vt 0.698562 0.668104
vt 0.753038 0.469936
vt 0.830296 0.469936
vt 0.730004 0.684867
vt 0.738207 0.654255
vt 0.720562 0.653051
vt 0.702595 0.653051
vt 0.669704 0.469936
vt 0.746963 0.469936
vt 0.738207 0.651848
vt 0.730004 0.621235
vt 0.714122 0.629015
vt 0.698562 0.637999
vt 0.586371 0.469936
vt 0.663629 0.469936
vt 0.728801 0.619151
vt 0.706391 0.596741
vt 0.696526 0.611420
vt 0.687543 0.626979
vt 0.503038 0.469936
vt 0.580296 0.469936
vt 0.704306 0.595537
vt 0.673694 0.587335
vt 0.672490 0.604979
vt 0.672490 0.622946
vt 0.419704 0.469936
vt 0.496963 0.469936
vt 0.671287 0.587335
vt 0.640674 0.595537
vt 0.648454 0.611420
vt 0.657438 0.626979
vt 0.336371 0.469936
vt 0.413629 0.469936
vt 0.638590 0.596741
vt 0.616180 0.619151
vt 0.630859 0.629015
vt 0.646419 0.637999
vt 0.253038 0.469936
vt 0.330296 0.469936
vt 0.614976 0.621235
vt 0.606774 0.651848
vt 0.624418 0.653051
vt 0.642385 0.653051
vt 0.169704 0.469936
vt 0.246963 0.469936
vt 0.606774 0.654255
vt 0.614976 0.684867
vt 0.630859 0.677087
vt 0.646419 0.668104
vt 0.086371 0.469936
vt 0.163629 0.469936
vt 0.616180 0.686952
vt 0.638590 0.709361
vt 0.648454 0.694683
vt 0.657438 0.679123
vt 0.003038 0.469936
vt 0.080296 0.469936
vt 0.640674 0.710565
vt 0.671287 0.718768
vt 0.416667 0.509198
vt 0.500000 0.509198
vt 0.583333 0.509198
vt 0.666667 0.509198
vt 0.750000 0.509198
vt 0.083333 0.509198
vt 0.000000 0.509198
vt 1.000000 0.509198
vt 0.916667 0.509198
vt 0.833333 0.509198
vt 0.293700 0.681739
vt 0.265502 0.689295
vt 0.237304 0.681739
vt 0.216661 0.661097
vt 0.209106 0.632898
vt 0.216661 0.604700
vt 0.237304 0.584058
vt 0.265502 0.576502
vt 0.293700 0.584058
vt 0.314343 0.604700
vt 0.321898 0.632898
vt 0.314343 0.661097
vt 1.000000 0.509198
vt 0.916667 0.509198
vt 0.083333 0.509198
vt 0.000000 0.509198
vt 0.833333 0.509198
vt 0.750000 0.509198
vt 0.666667 0.509198
vt 0.583333 0.509198
vt 0.500000 0.509198
vt 0.416667 0.509198
vt 0.333333 0.509198
vt 0.083333 0.480254
vt 0.083333 0.509198
vt 0.000000 0.509198
vt 0.000000 0.480254
vt 0.833333 0.480254
vt 0.833333 0.509198
vt 0.750000 0.509198
vt 0.750000 0.480254
vt 0.666667 0.509198
vt 0.666667 0.480254
vt 0.583333 0.509198
vt 0.583333 0.480254
vt 0.500000 0.509198
vt 0.500000 0.480254
vt 0.416667 0.509198
vt 0.416667 0.480254
vt 0.333333 0.509198
vt 0.333333 0.480254
vt 0.250000 0.509198
vt 0.250000 0.480254
vt 0.166667 0.509198
vt 0.166667 0.480254
vt 0.333333 0.509198
vt 0.250000 0.509198
vt 0.166667 0.509198
vt 0.250000 0.509198
vt 0.166667 0.509198
vt 0.916667 0.480254
vt 0.916667 0.509198
vt 1.000000 0.480254
vt 1.000000 0.509198
vt 0.919704 0.469936
vt 0.996962 0.469936
vt 0.673694 0.718768
vt 0.704306 0.710565
vt 0.696526 0.694683
vt 0.672490 0.701123
vt 0.687543 0.679123
vt 0.672490 0.683156
vt 0.836371 0.469936
vt 0.913629 0.469936
vt 0.706391 0.709361
vt 0.728801 0.686952
vt 0.714122 0.677087
vt 0.698562 0.668104
vt 0.753038 0.469936
vt 0.830296 0.469936
vt 0.730004 0.684867
vt 0.738207 0.654255
vt 0.720562 0.653051
vt 0.702595 0.653051
vt 0.669704 0.469936
vt 0.746963 0.469936
vt 0.738207 0.651848
vt 0.730004 0.621235
vt 0.714122 0.629015
vt 0.698562 0.637999
vt 0.586371 0.469936
vt 0.663629 0.469936
vt 0.728801 0.619151
vt 0.706391 0.596741
vt 0.696526 0.611420
vt 0.687543 0.626979
vt 0.503038 0.469936
vt 0.580296 0.469936
vt 0.704306 0.595537
vt 0.673694 0.587335
vt 0.672490 0.604979
vt 0.672490 0.622946
vt 0.419704 0.469936
vt 0.496963 0.469936
vt 0.671287 0.587335
vt 0.640674 0.595537
vt 0.648454 0.611420
vt 0.657438 0.626979
vt 0.336371 0.469936
vt 0.413629 0.469936
vt 0.638590 0.596741
vt 0.616180 0.619151
vt 0.630859 0.629015
vt 0.646419 0.637999
vt 0.253038 0.469936
vt 0.330296 0.469936
vt 0.614976 0.621235
vt 0.606774 0.651848
vt 0.624418 0.653051
vt 0.642385 0.653051
vt 0.169704 0.469936
vt 0.246963 0.469936
vt 0.606774 0.654255
vt 0.614976 0.684867
vt 0.630859 0.677087
vt 0.646419 0.668104
vt 0.086371 0.469936
vt 0.163629 0.469936
vt 0.616180 0.686952
vt 0.638590 0.709361
vt 0.648454 0.694683
vt 0.657438 0.679123
vt 0.003038 0.469936
vt 0.080296 0.469936
vt 0.640674 0.710565
vt 0.671287 0.718768
vt 0.416667 0.509198
vt 0.500000 0.509198
vt 0.583333 0.509198
vt 0.666667 0.509198
vt 0.750000 0.509198
vt 0.083333 0.509198
vt 0.000000 0.509198
vt 1.000000 0.509198
vt 0.916667 0.509198
vt 0.833333 0.509198
vt 0.293700 0.681739
vt 0.265502 0.689295
vt 0.237304 0.681739
vt 0.216661 0.661097
vt 0.209106 0.632898
vt 0.216661 0.604700
vt 0.237304 0.584058
vt 0.265502 0.576502
vt 0.293700 0.584058
vt 0.314343 0.604700
vt 0.321898 0.632898
vt 0.314343 0.661097
vt 1.000000 0.509198
vt 0.916667 0.509198
vt 0.083333 0.509198
vt 0.000000 0.509198
vt 0.833333 0.509198
vt 0.750000 0.509198
vt 0.666667 0.509198
vt 0.583333 0.509198
vt 0.500000 0.509198
vt 0.416667 0.509198
vt 0.333333 0.509198
vn -0.9967 -0.0022 -0.0810
vn -0.9998 -0.0047 -0.0181
vn -0.9192 -0.3927 -0.0310
vn -0.9172 -0.3900 -0.0815
vn -0.9200 0.3860 -0.0678
vn -0.9231 0.3845 -0.0025
vn -0.7043 0.7085 -0.0444
vn -0.7063 0.7078 0.0133
vn -0.3820 0.9241 -0.0144
vn -0.3827 0.9235 0.0271
vn 0.0049 0.9998 0.0184
vn 0.0051 0.9993 0.0369
vn 0.3901 0.9195 0.0482
vn 0.3908 0.9196 0.0409
vn 0.7086 0.7021 0.0702
vn 0.7099 0.7033 0.0386
vn 0.9210 0.3810 0.0816
vn 0.9232 0.3831 0.0306
vn 0.9967 -0.0023 0.0808
vn 0.9998 -0.0001 0.0179
vn 0.9206 -0.3846 0.0677
vn 0.9238 -0.3829 0.0024
vn 0.7092 -0.7035 0.0448
vn 0.7117 -0.7024 -0.0131
vn 0.3929 -0.9195 0.0153
vn 0.3944 -0.9186 -0.0268
vn 0.0099 -0.9998 -0.0172
vn 0.0108 -0.9993 -0.0366
vn -0.3760 -0.9254 -0.0472
vn -0.3757 -0.9258 -0.0408
vn -0.6993 -0.7115 -0.0696
vn -0.6999 -0.7132 -0.0388
vn -0.9940 -0.0117 0.1086
vn -0.9145 -0.3984 0.0711
vn -0.9171 0.3773 0.1290
vn -0.7009 0.7014 0.1293
vn -0.3788 0.9189 0.1100
vn 0.0069 0.9973 0.0733
vn 0.3902 0.9204 0.0254
vn 0.7070 0.7068 -0.0254
vn 0.9185 0.3888 -0.0723
vn 0.9940 0.0070 -0.1089
vn 0.9178 -0.3755 -0.1289
vn 0.7064 -0.6959 -0.1294
vn 0.3906 -0.9138 -0.1108
vn 0.0092 -0.9971 -0.0750
vn -0.3750 -0.9266 -0.0275
vn -0.6970 -0.7167 0.0235
vn -0.9727 -0.0228 0.2311
vn -0.8973 -0.4072 0.1704
vn -0.8950 0.3656 0.2556
vn -0.6816 0.6910 0.2405
vn -0.3653 0.9115 0.1889
vn 0.0124 0.9941 0.1073
vn 0.3869 0.9221 0.0094
vn 0.6958 0.7129 -0.0879
vn 0.9010 0.3983 -0.1721
vn 0.9727 0.0185 -0.2314
vn 0.8958 -0.3638 -0.2553
vn 0.6869 -0.6857 -0.2409
vn 0.3764 -0.9066 -0.1909
vn 0.0025 -0.9938 -0.1108
vn -0.3730 -0.9278 -0.0134
vn -0.6866 -0.7221 0.0848
vn -0.9401 -0.0361 0.3389
vn -0.8711 -0.4177 0.2584
vn -0.8616 0.3515 0.3663
vn -0.6528 0.6784 0.3372
vn -0.3455 0.9025 0.2571
vn 0.0200 0.9905 0.1360
vn 0.3813 0.9244 -0.0058
vn 0.6782 0.7207 -0.1438
vn 0.8740 0.4102 -0.2603
vn 0.9402 0.0326 -0.3391
vn 0.8624 -0.3498 -0.3659
vn 0.6574 -0.6736 -0.3378
vn 0.3550 -0.8981 -0.2597
vn -0.0075 -0.9901 -0.1405
vn -0.3697 -0.9291 0.0009
vn -0.6707 -0.7284 0.1400
vn -0.9041 -0.0491 0.4245
vn -0.8418 -0.4279 0.3292
vn -0.8249 0.3376 0.4533
vn -0.6215 0.6660 0.4125
vn -0.3245 0.8938 0.3096
vn 0.0273 0.9872 0.1572
vn 0.3741 0.9272 -0.0191
vn 0.6581 0.7288 -0.1891
vn 0.8439 0.4224 -0.3309
vn 0.9042 0.0466 -0.4245
vn 0.8258 -0.3360 -0.4529
vn 0.6252 -0.6621 -0.4132
vn 0.3318 -0.8902 -0.3122
vn -0.0179 -0.9867 -0.1616
vn -0.3656 -0.9307 0.0144
vn -0.6526 -0.7346 0.1857
vn -0.8730 -0.0592 0.4841
vn -0.8160 -0.4358 0.3798
vn -0.7939 0.3267 0.5128
vn -0.5956 0.6563 0.4632
vn -0.3080 0.8870 0.3440
vn 0.0319 0.9849 0.1699
vn 0.3663 0.9300 -0.0303
vn 0.6395 0.7360 -0.2222
vn 0.8172 0.4326 -0.3808
vn 0.8732 0.0581 -0.4840
vn 0.7946 -0.3253 -0.5126
vn 0.5982 -0.6534 -0.4638
vn 0.3127 -0.8845 -0.3461
vn -0.0259 -0.9846 -0.1732
vn -0.3611 -0.9322 0.0269
vn -0.6362 -0.7396 0.2198
vn -0.8539 -0.0647 0.5165
vn -0.7993 -0.4401 0.4091
vn -0.7757 0.3207 0.5436
vn -0.5816 0.6508 0.4881
vn -0.3004 0.8835 0.3594
vn 0.0317 0.9843 0.1734
vn 0.3587 0.9326 -0.0393
vn 0.6259 0.7413 -0.2424
vn 0.7996 0.4394 -0.4092
vn 0.8539 0.0650 -0.5163
vn 0.7762 -0.3194 -0.5435
vn 0.5830 -0.6493 -0.4885
vn 0.3026 -0.8823 -0.3605
vn -0.0293 -0.9842 -0.1749
vn -0.3568 -0.9334 0.0380
vn -0.6248 -0.7424 0.2416
vn -0.8514 -0.0647 0.5206
vn -0.7958 -0.4400 0.4162
vn -0.7752 0.3204 0.5444
vn -0.5837 0.6506 0.4858
vn -0.3051 0.8837 0.3548
vn 0.0252 0.9856 0.1672
vn 0.3517 0.9350 -0.0465
vn 0.6196 0.7442 -0.2496
vn 0.7950 0.4421 -0.4154
vn 0.8513 0.0666 -0.5204
vn 0.7755 -0.3193 -0.5446
vn 0.5837 -0.6504 -0.4860
vn 0.3045 -0.8840 -0.3546
vn -0.0265 -0.9857 -0.1664
vn -0.3533 -0.9343 0.0477
vn -0.6210 -0.7426 0.2507
vn -0.8678 -0.0591 0.4933
vn -0.8072 -0.4353 0.3987
vn -0.7949 0.3258 0.5119
vn -0.6040 0.6554 0.4535
vn -0.3234 0.8877 0.3277
vn 0.0117 0.9887 0.1496
vn 0.3455 0.9370 -0.0520
vn 0.6218 0.7446 -0.2426
vn 0.8051 0.4406 -0.3971
vn 0.8676 0.0628 -0.4932
vn 0.7948 -0.3249 -0.5125
vn 0.6025 -0.6567 -0.4535
vn 0.3196 -0.8896 -0.3262
vn -0.0174 -0.9891 -0.1465
vn -0.3513 -0.9346 0.0557
vn -0.6261 -0.7401 0.2457
vn -0.9019 -0.0495 0.4292
vn -0.8326 -0.4273 0.3523
vn -0.8329 0.3355 0.4402
vn -0.6409 0.6638 0.3855
vn -0.3541 0.8942 0.2738
vn -0.0079 0.9929 0.1183
vn 0.3404 0.9386 -0.0560
vn 0.6320 0.7433 -0.2194
vn 0.8290 0.4360 -0.3503
vn 0.9014 0.0551 -0.4294
vn 0.8326 -0.3348 -0.4413
vn 0.6377 -0.6669 -0.3855
vn 0.3466 -0.8979 -0.2713
vn -0.0029 -0.9935 -0.1134
vn -0.3512 -0.9343 0.0617
vn -0.6397 -0.7353 0.2238
vn -0.9456 -0.0396 0.3228
vn -0.8661 -0.4191 0.2725
vn -0.8808 0.3454 0.3238
vn -0.6863 0.6726 0.2768
vn -0.3907 0.9009 0.1889
vn -0.0302 0.9970 0.0708
vn 0.3362 0.9400 -0.0586
vn 0.6469 0.7417 -0.1775
vn 0.8609 0.4312 -0.2699
vn 0.9455 0.0471 -0.3223
vn 0.8808 -0.3452 -0.3239
vn 0.6818 -0.6776 -0.2757
vn 0.3795 -0.9064 -0.1856
vn 0.0138 -0.9978 -0.0653
vn -0.3526 -0.9335 0.0647
vn -0.6584 -0.7303 0.1822
vn -0.9766 -0.0357 0.2119
vn -0.8884 -0.4169 0.1922
vn -0.9152 0.3503 0.1992
vn -0.7186 0.6775 0.1569
vn -0.4158 0.9049 0.0915
vn -0.0441 0.9990 0.0109
vn 0.3353 0.9394 -0.0714
vn 0.6587 0.7390 -0.1415
vn 0.8837 0.4275 -0.1905
vn 0.9766 0.0436 -0.2108
vn 0.9164 -0.3479 -0.1982
vn 0.7170 -0.6795 -0.1556
vn 0.4090 -0.9081 -0.0895
vn 0.0325 -0.9994 -0.0083
vn -0.3480 -0.9346 0.0741
vn -0.6682 -0.7299 0.1439
vn -0.9887 -0.0383 0.1452
vn -0.8951 -0.4199 0.1501
vn -0.9298 0.3487 0.1179
vn -0.7327 0.6766 0.0735
vn -0.4268 0.9042 0.0180
vn -0.0503 0.9979 -0.0411
vn 0.3345 0.9377 -0.0940
vn 0.6628 0.7371 -0.1318
vn 0.8922 0.4260 -0.1499
vn 0.9885 0.0436 -0.1451
vn 0.9308 -0.3460 -0.1178
vn 0.7328 -0.6765 -0.0730
vn 0.4245 -0.9053 -0.0173
vn 0.0452 -0.9981 0.0421
vn -0.3408 -0.9353 0.0948
vn -0.6680 -0.7323 0.1324
vn -0.9947 -0.0427 0.0939
vn -0.8988 -0.4225 0.1165
vn -0.9374 0.3434 0.0570
vn -0.7409 0.6715 0.0121
vn -0.4343 0.9001 -0.0345
vn -0.0558 0.9955 -0.0768
vn 0.3320 0.9371 -0.1073
vn 0.6636 0.7382 -0.1212
vn 0.8960 0.4283 -0.1169
vn 0.9944 0.0464 -0.0945
vn 0.9376 -0.3430 -0.0572
vn 0.7390 -0.6736 -0.0119
vn 0.4292 -0.9025 0.0352
vn 0.0480 -0.9958 0.0776
vn -0.3401 -0.9342 0.1078
vn -0.6695 -0.7329 0.1212
vn -0.9985 -0.0499 0.0211
vn -0.9020 -0.4277 0.0593
vn -0.9419 0.3353 -0.0203
vn -0.7455 0.6640 -0.0579
vn -0.4384 0.8946 -0.0870
vn -0.0586 0.9929 -0.1034
vn 0.3312 0.9378 -0.1039
vn 0.6649 0.7417 -0.0887
vn 0.8990 0.4337 -0.0602
vn 0.9984 0.0528 -0.0218
vn 0.9414 -0.3367 0.0201
vn 0.7419 -0.6679 0.0582
vn 0.4307 -0.8983 0.0874
vn 0.0480 -0.9935 0.1036
vn -0.3413 -0.9342 0.1036
vn -0.6718 -0.7355 0.0880
vn -0.9953 -0.0611 -0.0753
vn -0.8994 -0.4366 -0.0218
vn -0.9389 0.3236 -0.1172
vn -0.7435 0.6537 -0.1410
vn -0.4379 0.8874 -0.1439
vn -0.0595 0.9904 -0.1250
vn 0.3293 0.9402 -0.0867
vn 0.6625 0.7482 -0.0359
vn 0.8962 0.4432 0.0203
vn 0.9952 0.0634 0.0745
vn 0.9379 -0.3265 0.1170
vn 0.7383 -0.6595 0.1410
vn 0.4274 -0.8926 0.1435
vn 0.0457 -0.9912 0.1239
vn -0.3420 -0.9358 0.0850
vn -0.6706 -0.7410 0.0341
vn -0.9773 -0.0768 -0.1977
vn -0.8840 -0.4496 -0.1283
vn -0.9216 0.3076 -0.2368
vn -0.7298 0.6401 -0.2401
vn -0.4301 0.8785 -0.2080
vn -0.0586 0.9879 -0.1436
vn 0.3233 0.9446 -0.0568
vn 0.6508 0.7583 0.0374
vn 0.8805 0.4571 0.1259
vn 0.9773 0.0787 0.1966
vn 0.9201 -0.3122 0.2364
vn 0.7230 -0.6481 0.2393
vn 0.4167 -0.8854 0.2059
vn 0.0414 -0.9893 0.1401
vn -0.3388 -0.9394 0.0527
vn -0.6605 -0.7497 -0.0409
vn -0.9335 -0.0971 -0.3452
vn -0.8454 -0.4669 -0.2593
vn -0.8798 0.2874 -0.3786
vn -0.6966 0.6233 -0.3554
vn -0.4104 0.8679 -0.2799
vn -0.0558 0.9855 -0.1602
vn 0.3092 0.9509 -0.0152
vn 0.6223 0.7719 0.1301
vn 0.8417 0.4755 0.2558
vn 0.9337 0.0988 0.3441
vn 0.8780 -0.2937 0.3780
vn 0.6883 -0.6337 0.3532
vn 0.3945 -0.8768 0.2748
vn 0.0356 -0.9876 0.1527
vn -0.3271 -0.9450 0.0073
vn -0.6332 -0.7619 -0.1361
vn -0.8520 -0.1207 -0.5095
vn -0.7725 -0.4876 -0.4068
vn -0.8025 0.2643 -0.5350
vn -0.6351 0.6044 -0.4810
vn -0.3741 0.8562 -0.3562
vn -0.0505 0.9833 -0.1747
vn 0.2827 0.9586 0.0349
vn 0.5686 0.7879 0.2364
vn 0.7688 0.4970 0.4024
vn 0.8523 0.1222 0.5086
vn 0.8004 -0.2722 0.5341
vn 0.6261 -0.6170 0.4768
vn 0.3570 -0.8672 0.3471
vn 0.0291 -0.9864 0.1619
vn -0.3014 -0.9523 -0.0475
vn -0.5799 -0.7769 -0.2454
vn -0.7267 -0.1447 -0.6716
vn -0.6593 -0.5090 -0.5534
vn -0.6842 0.2414 -0.6882
vn -0.5414 0.5860 -0.6029
vn -0.3188 0.8452 -0.4290
vn -0.0429 0.9816 -0.1861
vn 0.2413 0.9665 0.0870
vn 0.4852 0.8041 0.3435
vn 0.6558 0.5187 0.5484
vn 0.7268 0.1459 0.6712
vn 0.6820 -0.2502 0.6872
vn 0.5328 -0.6000 0.5967
vn 0.3029 -0.8576 0.4157
vn 0.0232 -0.9855 0.1680
vn -0.2584 -0.9604 -0.1044
vn -0.4955 -0.7927 -0.3552
vn -0.5659 -0.1649 -0.8078
vn -0.5130 -0.5274 -0.6772
vn -0.5331 0.2225 -0.8163
vn -0.4221 0.5711 -0.7040
vn -0.2488 0.8365 -0.4882
vn -0.0340 0.9805 -0.1933
vn 0.1873 0.9732 0.1332
vn 0.3772 0.8174 0.4354
vn 0.5102 0.5367 0.6721
vn 0.5656 0.1658 0.8079
vn 0.5310 -0.2314 0.8151
vn 0.4152 -0.5853 0.6965
vn 0.2366 -0.8492 0.4721
vn 0.0190 -0.9849 0.1719
vn -0.2004 -0.9677 -0.1532
vn -0.3852 -0.8066 -0.4484
vn -0.3913 -0.1786 -0.9028
vn -0.3536 -0.5403 -0.7636
vn -0.3697 0.2101 -0.9051
vn -0.2936 0.5618 -0.7734
vn -0.1743 0.8314 -0.5277
vn -0.0258 0.9802 -0.1963
vn 0.1273 0.9776 0.1673
vn 0.2590 0.8260 0.5007
vn 0.3515 0.5484 0.7588
vn 0.3907 0.1792 0.9029
vn 0.3681 -0.2184 0.9038
vn 0.2892 -0.5747 0.7655
vn 0.1666 -0.8431 0.5114
vn 0.0165 -0.9845 0.1748
vn -0.1355 -0.9729 -0.1871
vn -0.2641 -0.8165 -0.5134
vn -0.2253 -0.1855 -0.9565
vn -0.2016 -0.5468 -0.8126
vn -0.2148 0.2038 -0.9552
vn -0.1727 0.5569 -0.8124
vn -0.1050 0.8289 -0.5494
vn -0.0198 0.9803 -0.1968
vn 0.0690 0.9797 0.1882
vn 0.1461 0.8296 0.5390
vn 0.2012 0.5534 0.8082
vn 0.2259 0.1858 0.9563
vn 0.2150 -0.2109 0.9536
vn 0.1713 -0.5680 0.8050
vn 0.1017 -0.8389 0.5347
vn 0.0153 -0.9840 0.1775
vn -0.0729 -0.9759 -0.2058
vn -0.1483 -0.8217 -0.5502
vn -0.0187 -0.1862 -0.9823
vn -0.0184 -0.5454 -0.8380
vn -0.0163 0.2002 -0.9796
vn -0.0116 0.5517 -0.8340
vn -0.0053 0.8243 -0.5661
vn 0.0021 0.9786 -0.2055
vn 0.0098 0.9818 0.1899
vn 0.0168 0.8340 0.5515
vn 0.0220 0.5588 0.8290
vn 0.0239 0.1905 0.9814
vn 0.0214 -0.2078 0.9779
vn 0.0152 -0.5669 0.8237
vn 0.0066 -0.8394 0.5434
vn -0.0023 -0.9847 0.1741
vn -0.0100 -0.9754 -0.2202
vn -0.0155 -0.8201 -0.5720
vn 0.3368 -0.1855 -0.9231
vn 0.2879 -0.5428 -0.7890
vn 0.3360 0.1989 -0.9206
vn 0.2867 0.5486 -0.7854
vn 0.1963 0.8200 -0.5376
vn 0.0747 0.9760 -0.2045
vn -0.0593 0.9848 0.1635
vn -0.1829 0.8434 0.5051
vn -0.2787 0.5705 0.7725
vn -0.3321 0.1970 0.9225
vn -0.3311 -0.2109 0.9197
vn -0.2775 -0.5759 0.7690
vn -0.1807 -0.8475 0.4991
vn -0.0545 -0.9872 0.1500
vn 0.0791 -0.9729 -0.2171
vn 0.1979 -0.8165 -0.5424
vn 0.7239 -0.1853 -0.6646
vn 0.6190 -0.5421 -0.5683
vn 0.7220 0.1984 -0.6629
vn 0.6163 0.5478 -0.5658
vn 0.4223 0.8194 -0.3877
vn 0.1609 0.9758 -0.1477
vn -0.1282 0.9848 0.1174
vn -0.3968 0.8432 0.3629
vn -0.6068 0.5700 0.5541
vn -0.7243 0.1967 0.6608
vn -0.7222 -0.2105 0.6589
vn -0.6041 -0.5751 0.5517
vn -0.3923 -0.8470 0.3588
vn -0.1180 -0.9871 0.1080
vn 0.1704 -0.9729 -0.1564
vn 0.4258 -0.8160 -0.3909
vn 0.9324 -0.1859 -0.3101
vn 0.7963 -0.5438 -0.2648
vn 0.9299 0.1990 -0.3093
vn 0.7929 0.5494 -0.2637
vn 0.5409 0.8216 -0.1798
vn 0.2014 0.9772 -0.0669
vn -0.1728 0.9833 0.0570
vn -0.5175 0.8386 0.1703
vn -0.7844 0.5644 0.2571
vn -0.9324 0.1943 0.3049
vn -0.9297 -0.2079 0.3040
vn -0.7810 -0.5696 0.2560
vn -0.5119 -0.8424 0.1684
vn -0.1597 -0.9858 0.0527
vn 0.2137 -0.9743 -0.0710
vn 0.5456 -0.8182 -0.1813
vn 0.9823 -0.1869 -0.0080
vn 0.8374 -0.5465 -0.0067
vn 0.9797 0.2002 -0.0079
vn 0.8338 0.5521 -0.0067
vn 0.5659 0.8245 -0.0045
vn 0.2062 0.9785 -0.0016
vn -0.1881 0.9822 0.0013
vn -0.5492 0.8357 0.0035
vn -0.8275 0.5615 0.0049
vn -0.9812 0.1930 0.0056
vn -0.9784 -0.2066 0.0056
vn -0.8239 -0.5667 0.0049
vn -0.5434 -0.8395 0.0035
vn -0.1744 -0.9847 0.0012
vn 0.2193 -0.9757 -0.0017
vn 0.5709 -0.8210 -0.0045
vn 0.9563 -0.1876 0.2243
vn 0.8143 -0.5481 0.1911
vn 0.9537 0.2008 0.2237
vn 0.8108 0.5536 0.1902
vn 0.5488 0.8260 0.1288
vn 0.1978 0.9791 0.0464
vn -0.1858 0.9816 -0.0436
vn -0.5363 0.8345 -0.1261
vn -0.8063 0.5603 -0.1896
vn -0.9552 0.1926 -0.2247
vn -0.9525 -0.2061 -0.2241
vn -0.8028 -0.5656 -0.1888
vn -0.5308 -0.8383 -0.1248
vn -0.1725 -0.9842 -0.0405
vn 0.2107 -0.9763 0.0494
vn 0.5538 -0.8225 0.1299
vn 0.8874 -0.1876 0.4210
vn 0.7556 -0.5482 0.3584
vn 0.8851 0.2009 0.4199
vn 0.7523 0.5537 0.3569
vn 0.5091 0.8261 0.2415
vn 0.1834 0.9792 0.0870
vn -0.1726 0.9816 -0.0818
vn -0.4979 0.8345 -0.2361
vn -0.7485 0.5603 -0.3548
vn -0.8867 0.1926 -0.4203
vn -0.8842 -0.2061 -0.4191
vn -0.7452 -0.5655 -0.3533
vn -0.4928 -0.8382 -0.2336
vn -0.1603 -0.9841 -0.0760
vn 0.1953 -0.9764 0.0926
vn 0.5137 -0.8226 0.2437
vn 0.7701 -0.1873 0.6098
vn 0.6562 -0.5473 0.5195
vn 0.7681 0.2005 0.6082
vn 0.6533 0.5528 0.5173
vn 0.4429 0.8252 0.3506
vn 0.1607 0.9788 0.1272
vn -0.1483 0.9820 -0.1173
vn -0.4313 0.8353 -0.3409
vn -0.6495 0.5612 -0.5130
vn -0.7701 0.1929 -0.6081
vn -0.7679 -0.2065 -0.6064
vn -0.6467 -0.5664 -0.5108
vn -0.4268 -0.8391 -0.3373
vn -0.1376 -0.9845 -0.1088
vn 0.1710 -0.9759 0.1353
vn 0.4469 -0.8217 0.3538
vn 0.5743 -0.1865 0.7971
vn 0.4899 -0.5455 0.6800
vn 0.5727 0.1997 0.7950
vn 0.4878 0.5510 0.6771
vn 0.3319 0.8233 0.4605
vn 0.1222 0.9779 0.1695
vn -0.1083 0.9827 -0.1500
vn -0.3203 0.8373 -0.4431
vn -0.4844 0.5632 -0.6694
vn -0.5754 0.1938 -0.7946
vn -0.5737 -0.2074 -0.7924
vn -0.4823 -0.5684 -0.6665
vn -0.3169 -0.8411 -0.4384
vn -0.1003 -0.9852 -0.1389
vn 0.1298 -0.9750 0.1801
vn 0.3348 -0.8198 0.4646
vn 0.2676 -0.1860 0.9454
vn 0.2285 -0.5440 0.8074
vn 0.2669 0.1991 0.9429
vn 0.2275 0.5496 0.8039
vn 0.1553 0.8215 0.5486
vn 0.0581 0.9770 0.2051
vn -0.0492 0.9837 -0.1731
vn -0.1484 0.8399 -0.5220
vn -0.2257 0.5663 -0.7927
vn -0.2688 0.1951 -0.9432
vn -0.2680 -0.2088 -0.9405
vn -0.2247 -0.5714 -0.7893
vn -0.1468 -0.8437 -0.5163
vn -0.0454 -0.9861 -0.1599
vn 0.0616 -0.9741 0.2176
vn 0.1566 -0.8181 0.5533
vn -0.1169 -0.1859 0.9756
vn -0.0999 -0.5438 0.8332
vn -0.1166 0.1991 0.9730
vn -0.0994 0.5494 0.8296
vn -0.0679 0.8212 0.5665
vn -0.0255 0.9768 0.2126
vn 0.0213 0.9839 -0.1775
vn 0.0647 0.8406 -0.5377
vn 0.0986 0.5671 -0.8177
vn 0.1175 0.1955 -0.9736
vn 0.1172 -0.2092 -0.9708
vn 0.0982 -0.5723 -0.8142
vn 0.0640 -0.8445 -0.5318
vn 0.0197 -0.9863 -0.1638
vn -0.0270 -0.9739 0.2254
vn -0.0685 -0.8179 0.5713
vn -0.4610 -0.1864 0.8676
vn -0.3934 -0.5451 0.7403
vn -0.4598 0.1996 0.8653
vn -0.3917 0.5507 0.7371
vn -0.2667 0.8228 0.5019
vn -0.0987 0.9777 0.1856
vn 0.0862 0.9830 -0.1618
vn 0.2566 0.8382 -0.4812
vn 0.3888 0.5643 -0.7283
vn 0.4623 0.1942 -0.8652
vn 0.4610 -0.2079 -0.8627
vn 0.3871 -0.5695 -0.7251
vn 0.2538 -0.8420 -0.4761
vn 0.0798 -0.9855 -0.1497
vn -0.1048 -0.9748 0.1972
vn -0.2690 -0.8194 0.5062
vn -0.6808 -0.1873 0.7082
vn -0.5800 -0.5474 0.6033
vn -0.6789 0.2005 0.7063
vn -0.5775 0.5529 0.6007
vn -0.3912 0.8255 0.4069
vn -0.1412 0.9790 0.1469
vn 0.1323 0.9816 -0.1375
vn 0.3823 0.8343 -0.3971
vn 0.5748 0.5599 -0.5968
vn 0.6808 0.1924 -0.7067
vn 0.6789 -0.2059 -0.7047
vn 0.5723 -0.5652 -0.5942
vn 0.3784 -0.8381 -0.3930
vn 0.1228 -0.9842 -0.1276
vn -0.1504 -0.9762 0.1564
vn -0.3947 -0.8220 0.4105
vn -0.8203 -0.1875 0.5404
vn -0.6986 -0.5478 0.4602
vn -0.8181 0.2007 0.5389
vn -0.6956 0.5533 0.4582
vn -0.4711 0.8257 0.3103
vn -0.1702 0.9790 0.1121
vn 0.1587 0.9818 -0.1046
vn 0.4596 0.8349 -0.3029
vn 0.6913 0.5607 -0.4557
vn 0.8192 0.1928 -0.5401
vn 0.8169 -0.2063 -0.5386
vn 0.6883 -0.5660 -0.4538
vn 0.4548 -0.8386 -0.2998
vn 0.1474 -0.9843 -0.0971
vn -0.1812 -0.9762 0.1194
vn -0.4753 -0.8222 0.3131
vn -0.9261 -0.1873 0.3276
vn -0.7890 -0.5473 0.2791
vn -0.9236 0.2005 0.3267
vn -0.7856 0.5528 0.2779
vn -0.5327 0.8250 0.1885
vn -0.1939 0.9786 0.0686
vn 0.1770 0.9822 -0.0626
vn 0.5170 0.8362 -0.1829
vn 0.7796 0.5623 -0.2759
vn 0.9249 0.1934 -0.3273
vn 0.9223 -0.2070 -0.3264
vn 0.7762 -0.5675 -0.2747
vn 0.5115 -0.8400 -0.1810
vn 0.1641 -0.9847 -0.0581
vn -0.2063 -0.9758 0.0730
vn -0.5375 -0.8216 0.1901
vn -0.9783 -0.1875 0.0881
vn -0.8333 -0.5477 0.0751
vn -0.9757 0.2007 0.0879
vn -0.8296 0.5533 0.0747
vn -0.5621 0.8255 0.0506
vn -0.2038 0.9788 0.0183
vn 0.1882 0.9820 -0.0169
vn 0.5471 0.8356 -0.0490
vn 0.8241 0.5616 -0.0736
vn 0.9773 0.1931 -0.0872
vn 0.9745 -0.2067 -0.0870
vn 0.8206 -0.5668 -0.0733
vn 0.5414 -0.8393 -0.0485
vn 0.1746 -0.9845 -0.0157
vn -0.2169 -0.9760 0.0195
vn -0.5672 -0.8220 0.0511
vn -0.9752 -0.1881 -0.1167
vn -0.8297 -0.5493 -0.0994
vn -0.9726 0.2013 -0.1164
vn -0.8261 0.5547 -0.0989
vn -0.5580 0.8271 -0.0669
vn -0.1995 0.9796 -0.0239
vn 0.1916 0.9812 0.0231
vn 0.5484 0.8336 0.0661
vn 0.8229 0.5594 0.0993
vn 0.9743 0.1922 0.1177
vn 0.9715 -0.2057 0.1173
vn 0.8193 -0.5647 0.0989
vn 0.5428 -0.8373 0.0654
vn 0.1781 -0.9838 0.0214
vn -0.2126 -0.9768 -0.0255
vn -0.5631 -0.8236 -0.0675
vn -0.9489 -0.1889 -0.2527
vn -0.8062 -0.5513 -0.2147
vn -0.9464 0.2022 -0.2520
vn -0.8027 0.5567 -0.2138
vn -0.5401 0.8292 -0.1439
vn -0.1899 0.9805 -0.0506
vn 0.1907 0.9803 0.0509
vn 0.5367 0.8315 0.1432
vn 0.8022 0.5573 0.2141
vn 0.9483 0.1913 0.2532
vn 0.9457 -0.2048 0.2525
vn 0.7988 -0.5626 0.2132
vn 0.5314 -0.8352 0.1418
vn 0.1776 -0.9830 0.0474
vn -0.2028 -0.9777 -0.0540
vn -0.5452 -0.8256 -0.1452
vn -0.9274 -0.1896 -0.3225
vn -0.7869 -0.5530 -0.2736
vn -0.9249 0.2030 -0.3216
vn -0.7835 0.5584 -0.2725
vn -0.5255 0.8310 -0.1827
vn -0.1821 0.9812 -0.0633
vn 0.1898 0.9796 0.0660
vn 0.5270 0.8298 0.1834
vn 0.7853 0.5555 0.2732
vn 0.9271 0.1906 0.3226
vn 0.9246 -0.2040 0.3217
vn 0.7819 -0.5609 0.2720
vn 0.5219 -0.8335 0.1816
vn 0.1771 -0.9823 0.0616
vn -0.1947 -0.9785 -0.0677
vn -0.5305 -0.8274 -0.1845
vn -0.9207 -0.1902 -0.3409
vn -0.7805 -0.5544 -0.2889
vn -0.9182 0.2036 -0.3399
vn -0.7771 0.5598 -0.2877
vn -0.5198 0.8324 -0.1924
vn -0.1781 0.9818 -0.0659
vn 0.1911 0.9790 0.0708
vn 0.5251 0.8285 0.1944
vn 0.7806 0.5542 0.2890
vn 0.9207 0.1901 0.3409
vn 0.9182 -0.2035 0.3399
vn 0.7772 -0.5596 0.2877
vn 0.5201 -0.8321 0.1925
vn 0.1786 -0.9817 0.0661
vn -0.1907 -0.9791 -0.0706
vn -0.5248 -0.8287 -0.1943
vn -0.9279 -0.1906 -0.3203
vn -0.7860 -0.5555 -0.2713
vn -0.9254 0.2040 -0.3194
vn -0.7826 0.5609 -0.2701
vn -0.5224 0.8334 -0.1803
vn -0.1774 0.9822 -0.0612
vn 0.1947 0.9786 0.0672
vn 0.5307 0.8275 0.1832
vn 0.7875 0.5532 0.2718
vn 0.9281 0.1897 0.3203
vn 0.9256 -0.2030 0.3194
vn 0.7841 -0.5586 0.2706
vn 0.5257 -0.8311 0.1814
vn 0.1821 -0.9813 0.0628
vn -0.1901 -0.9796 -0.0656
vn -0.5275 -0.8298 -0.1821
vn -0.9440 -0.1910 -0.2691
vn -0.7991 -0.5564 -0.2278
vn -0.9414 0.2044 -0.2684
vn -0.7956 0.5617 -0.2268
vn -0.5303 0.8342 -0.1512
vn -0.1788 0.9826 -0.0510
vn 0.1997 0.9782 0.0569
vn 0.5411 0.8267 0.1542
vn 0.8017 0.5524 0.2285
vn 0.9443 0.1893 0.2691
vn 0.9417 -0.2027 0.2684
vn 0.7982 -0.5578 0.2275
vn 0.5360 -0.8303 0.1528
vn 0.1869 -0.9809 0.0533
vn -0.1918 -0.9799 -0.0547
vn -0.5355 -0.8306 -0.1527
vn -0.9622 -0.1912 -0.1939
vn -0.8142 -0.5570 -0.1640
vn -0.9595 0.2047 -0.1933
vn -0.8107 0.5623 -0.1633
vn -0.5397 0.8348 -0.1087
vn -0.1811 0.9828 -0.0365
vn 0.2047 0.9779 0.0412
vn 0.5523 0.8262 0.1112
vn 0.8175 0.5518 0.1647
vn 0.9626 0.1891 0.1939
vn 0.9600 -0.2025 0.1934
vn 0.8140 -0.5573 0.1639
vn 0.5472 -0.8297 0.1102
vn 0.1917 -0.9807 0.0386
vn -0.1943 -0.9802 -0.0391
vn -0.5451 -0.8312 -0.1098
vn -0.9763 -0.1914 -0.1012
vn -0.8258 -0.5574 -0.0856
vn -0.9736 0.2049 -0.1009
vn -0.8222 0.5627 -0.0852
vn -0.5469 0.8353 -0.0567
vn -0.1829 0.9829 -0.0190
vn 0.2084 0.9778 0.0216
vn 0.5609 0.8259 0.0582
vn 0.8297 0.5516 0.0860
vn 0.9767 0.1890 0.1013
vn 0.9741 -0.2023 0.1010
vn 0.8261 -0.5570 0.0857
vn 0.5557 -0.8294 0.0576
vn 0.1952 -0.9805 0.0202
vn -0.1963 -0.9803 -0.0204
vn -0.5524 -0.8316 -0.0573
vn -0.9814 -0.1909 -0.0209
vn -0.8309 -0.5561 -0.0177
vn -0.9787 0.2043 -0.0209
vn -0.8273 0.5615 -0.0176
vn -0.5516 0.8340 -0.0118
vn -0.1864 0.9825 -0.0040
vn 0.2072 0.9783 0.0044
vn 0.5622 0.8269 0.0120
vn 0.8333 0.5526 0.0179
vn 0.9817 0.1894 0.0210
vn 0.9790 -0.2028 0.0210
vn 0.8297 -0.5580 0.0178
vn 0.5569 -0.8305 0.0119
vn 0.1939 -0.9810 0.0042
vn -0.1998 -0.9798 -0.0043
vn -0.5571 -0.8304 -0.0119
vn -0.9815 -0.1904 0.0201
vn -0.8317 -0.5550 0.0170
vn -0.9788 0.2038 0.0200
vn -0.8281 0.5603 0.0169
vn -0.5534 0.8329 0.0113
vn -0.1888 0.9820 0.0039
vn 0.2048 0.9788 -0.0042
vn 0.5606 0.8280 -0.0114
vn 0.8325 0.5537 -0.0170
vn 0.9816 0.1899 -0.0200
vn 0.9789 -0.2033 -0.0200
vn 0.8289 -0.5591 -0.0169
vn 0.5552 -0.8316 -0.0113
vn 0.1914 -0.9815 -0.0039
vn -0.2022 -0.9793 0.0041
vn -0.5588 -0.8292 0.0114
vn -0.9808 -0.1904 0.0427
vn -0.8310 -0.5551 0.0361
vn -0.9781 0.2038 0.0425
vn -0.8274 0.5604 0.0360
vn -0.5528 0.8330 0.0240
vn -0.1885 0.9820 0.0082
vn 0.2048 0.9788 -0.0089
vn 0.5602 0.8280 -0.0244
vn 0.8320 0.5537 -0.0362
vn 0.9809 0.1899 -0.0427
vn 0.9782 -0.2032 -0.0425
vn 0.8283 -0.5591 -0.0360
vn 0.5549 -0.8316 -0.0241
vn 0.1915 -0.9815 -0.0083
vn -0.2019 -0.9794 0.0088
vn -0.5582 -0.8294 0.0243
vn -0.9794 -0.1905 0.0677
vn -0.8298 -0.5551 0.0573
vn -0.9767 0.2039 0.0675
vn -0.8262 0.5605 0.0571
vn -0.5519 0.8330 0.0381
vn -0.1881 0.9821 0.0130
vn 0.2046 0.9787 -0.0141
vn 0.5595 0.8279 -0.0387
vn 0.8308 0.5536 -0.0574
vn 0.9795 0.1898 -0.0677
vn 0.9768 -0.2032 -0.0675
vn 0.8272 -0.5590 -0.0572
vn 0.5542 -0.8315 -0.0383
vn 0.1913 -0.9814 -0.0132
vn -0.2015 -0.9794 0.0139
vn -0.5573 -0.8294 0.0385
vn -0.9772 -0.1905 0.0940
vn -0.8279 -0.5552 0.0796
vn -0.9745 0.2039 0.0937
vn -0.8243 0.5605 0.0793
vn -0.5507 0.8331 0.0530
vn -0.1876 0.9821 0.0180
vn 0.2042 0.9787 -0.0196
vn 0.5583 0.8279 -0.0537
vn 0.8290 0.5536 -0.0797
vn 0.9773 0.1898 -0.0940
vn 0.9746 -0.2032 -0.0937
vn 0.8254 -0.5590 -0.0794
vn 0.5530 -0.8315 -0.0532
vn 0.1909 -0.9814 -0.0184
vn -0.2010 -0.9794 0.0193
vn -0.5560 -0.8294 0.0535
vn -0.9744 -0.1904 0.1192
vn -0.8256 -0.5551 0.1010
vn -0.9718 0.2039 0.1189
vn -0.8221 0.5604 0.1006
vn -0.5492 0.8330 0.0672
vn -0.1873 0.9820 0.0229
vn 0.2035 0.9788 -0.0249
vn 0.5566 0.8280 -0.0681
vn 0.8266 0.5537 -0.1011
vn 0.9745 0.1899 -0.1192
vn 0.9719 -0.2032 -0.1189
vn 0.8230 -0.5591 -0.1007
vn 0.5513 -0.8316 -0.0674
vn 0.1902 -0.9815 -0.0233
vn -0.2006 -0.9794 0.0245
vn -0.5546 -0.8294 0.0678
vn -0.9718 -0.1903 0.1394
vn -0.8235 -0.5549 0.1181
vn -0.9691 0.2038 0.1390
vn -0.8199 0.5602 0.1176
vn -0.5480 0.8328 0.0786
vn -0.1872 0.9820 0.0269
vn 0.2025 0.9789 -0.0290
vn 0.5548 0.8282 -0.0796
vn 0.8242 0.5539 -0.1182
vn 0.9718 0.1900 -0.1394
vn 0.9692 -0.2033 -0.1390
vn 0.8206 -0.5593 -0.1177
vn 0.5495 -0.8318 -0.0788
vn 0.1892 -0.9816 -0.0271
vn -0.2005 -0.9793 0.0288
vn -0.5534 -0.8291 0.0794
vn -0.9703 -0.1902 0.1494
vn -0.8225 -0.5545 0.1266
vn -0.9677 0.2036 0.1490
vn -0.8189 0.5598 0.1261
vn -0.5478 0.8324 0.0843
vn -0.1877 0.9818 0.0289
vn 0.2014 0.9790 -0.0310
vn 0.5534 0.8286 -0.0852
vn 0.8227 0.5543 -0.1267
vn 0.9703 0.1901 -0.1494
vn 0.9677 -0.2035 -0.1490
vn 0.8191 -0.5596 -0.1261
vn 0.5481 -0.8322 -0.0844
vn 0.1882 -0.9817 -0.0290
vn -0.2010 -0.9791 0.0309
vn -0.5531 -0.8288 0.0852
vn -0.9711 -0.1900 0.1445
vn -0.8235 -0.5540 0.1225
vn -0.9684 0.2034 0.1441
vn -0.8199 0.5594 0.1220
vn -0.5489 0.8319 0.0817
vn -0.1889 0.9816 0.0281
vn 0.2005 0.9792 -0.0298
vn 0.5531 0.8290 -0.0823
vn 0.8229 0.5548 -0.1225
vn 0.9710 0.1903 -0.1445
vn 0.9684 -0.2037 -0.1441
vn 0.8194 -0.5601 -0.1219
vn 0.5478 -0.8327 -0.0815
vn 0.1873 -0.9819 -0.0279
vn -0.2021 -0.9789 0.0301
vn -0.5542 -0.8283 0.0825
vn -0.9741 -0.1898 0.1229
vn -0.8263 -0.5535 0.1042
vn -0.9714 0.2032 0.1225
vn -0.8227 0.5589 0.1038
vn -0.5513 0.8314 0.0695
vn -0.1905 0.9814 0.0240
vn 0.2001 0.9794 -0.0253
vn 0.5541 0.8295 -0.0699
vn 0.8251 0.5553 -0.1041
vn 0.9740 0.1905 -0.1229
vn 0.9713 -0.2039 -0.1226
vn 0.8216 -0.5606 -0.1037
vn 0.5487 -0.8332 -0.0692
vn 0.1868 -0.9821 -0.0236
vn -0.2038 -0.9787 0.0257
vn -0.5566 -0.8278 0.0702
vn -0.9780 -0.1897 0.0873
vn -0.8298 -0.5532 0.0740
vn -0.9753 0.2030 0.0870
vn -0.8262 0.5586 0.0737
vn -0.5540 0.8311 0.0494
vn -0.1919 0.9813 0.0171
vn 0.2002 0.9796 -0.0179
vn 0.5558 0.8299 -0.0496
vn 0.8282 0.5556 -0.0739
vn 0.9778 0.1906 -0.0873
vn 0.9751 -0.2041 -0.0870
vn 0.8246 -0.5610 -0.0736
vn 0.5503 -0.8335 -0.0491
vn 0.1868 -0.9822 -0.0167
vn -0.2052 -0.9785 0.0183
vn -0.5593 -0.8275 0.0499
vn -0.9809 -0.1896 0.0441
vn -0.8323 -0.5531 0.0374
vn -0.9782 0.2030 0.0440
vn -0.8287 0.5585 0.0372
vn -0.5558 0.8310 0.0250
vn -0.1927 0.9812 0.0087
vn 0.2006 0.9796 -0.0090
vn 0.5573 0.8300 -0.0250
vn 0.8305 0.5557 -0.0373
vn 0.9807 0.1907 -0.0441
vn 0.9780 -0.2041 -0.0439
vn 0.8269 -0.5611 -0.0372
vn 0.5518 -0.8336 -0.0248
vn 0.1872 -0.9823 -0.0084
vn -0.2061 -0.9785 0.0093
vn -0.5611 -0.8274 0.0252
vn -0.9816 -0.1896 0.0215
vn -0.8330 -0.5530 0.0183
vn -0.9790 0.2030 0.0215
vn -0.8294 0.5584 0.0182
vn -0.5562 0.8309 0.0122
vn -0.1928 0.9812 0.0042
vn 0.2009 0.9796 -0.0044
vn 0.5579 0.8298 -0.0122
vn 0.8313 0.5555 -0.0182
vn 0.9814 0.1906 -0.0215
vn 0.9787 -0.2040 -0.0215
vn 0.8277 -0.5609 -0.0181
vn 0.5524 -0.8335 -0.0121
vn 0.1875 -0.9823 -0.0041
vn -0.2062 -0.9785 0.0045
vn -0.5615 -0.8274 0.0123
vn 0.5021 0.8471 0.1741
vn 0.5039 0.8627 0.0427
vn 0.0047 0.9982 0.0605
vn 0.0072 0.9814 0.1917
vn -0.8534 0.4897 0.1784
vn -0.8635 0.5021 0.0470
vn -0.9998 0.0035 0.0194
vn -0.9885 -0.0045 0.1509
vn -0.8682 -0.4960 -0.0135
vn -0.8581 -0.4997 0.1184
vn -0.5039 -0.8627 -0.0427
vn -0.4970 -0.8631 0.0894
vn -0.0047 -0.9982 -0.0605
vn -0.0021 -0.9974 0.0717
vn 0.4959 -0.8662 -0.0621
vn 0.4940 -0.8666 0.0702
vn 0.8635 -0.5021 -0.0470
vn 0.8585 -0.5057 0.0851
vn 0.9998 -0.0035 -0.0194
vn 0.9936 -0.0115 0.1125
vn 0.8682 0.4960 0.0135
vn 0.8631 0.4837 0.1451
vn -0.0191 0.0606 -0.9980
vn -0.8676 -0.4911 -0.0775
vn -0.9990 0.0074 -0.0447
vn -0.4890 0.8506 0.1933
vn -0.4959 0.8662 0.0621
vn -0.4220 0.7237 0.5461
vn 0.0135 0.8385 0.5447
vn -0.2413 0.3983 0.8849
vn 0.0188 0.4669 0.8841
vn -0.0539 0.0673 0.9963
vn 0.0196 0.0867 0.9960
vn -0.7418 0.4070 0.5330
vn -0.4324 0.2092 0.8771
vn -0.1079 0.0138 0.9941
vn -0.8604 -0.0268 0.5089
vn -0.5032 -0.0500 0.8627
vn -0.1279 -0.0594 0.9900
vn -0.7459 -0.4614 0.4803
vn -0.4348 -0.3096 0.8456
vn -0.1086 -0.1328 0.9852
vn -0.4290 -0.7804 0.4549
vn -0.2455 -0.5001 0.8305
vn -0.0551 -0.1867 0.9809
vn 0.0054 -0.8983 0.4394
vn 0.0139 -0.5705 0.8212
vn 0.0182 -0.2066 0.9783
vn 0.4408 -0.7835 0.4380
vn 0.2740 -0.5019 0.8204
vn 0.0917 -0.1872 0.9780
vn 0.7607 -0.4667 0.4511
vn 0.4651 -0.3127 0.8282
vn 0.1458 -0.1337 0.9802
vn 0.8793 -0.0329 0.4752
vn 0.5359 -0.0536 0.8426
vn 0.1658 -0.0605 0.9843
vn 0.7647 0.4017 0.5038
vn 0.4675 0.2060 0.8597
vn 0.1464 0.0129 0.9891
vn 0.4479 0.7206 0.5292
vn 0.2782 0.3965 0.8749
vn 0.0929 0.0668 0.9934
vn 0.4936 -0.8605 -0.1260
vn -0.0059 -0.9922 -0.1244
vn -0.5041 -0.8570 -0.1067
vn 0.9965 0.0004 -0.0834
vn 0.8605 -0.4972 -0.1110
vn 0.5017 0.8648 -0.0214
vn 0.8652 0.4989 -0.0506
vn -0.4961 0.8683 -0.0020
vn 0.0034 1.0000 -0.0036
vn -0.8630 0.5050 -0.0171
vn -0.4733 0.8471 -0.2416
vn -0.4933 0.8627 -0.1117
vn 0.0037 0.9982 -0.0606
vn 0.0193 0.9814 -0.1909
vn 0.8699 0.4897 -0.0591
vn 0.8618 0.5021 0.0723
vn 0.9929 0.0035 0.1185
vn 0.9999 -0.0045 -0.0134
vn 0.8581 -0.4960 0.1329
vn 0.8662 -0.4997 0.0009
vn 0.4933 -0.8627 0.1117
vn 0.5046 -0.8631 -0.0201
vn -0.0037 -0.9982 0.0606
vn 0.0120 -0.9974 -0.0708
vn -0.4997 -0.8662 -0.0068
vn -0.4797 -0.8666 -0.1375
vn -0.8618 -0.5021 -0.0723
vn -0.8386 -0.5057 -0.2025
vn -0.9929 -0.0035 -0.1185
vn -0.9686 -0.0115 -0.2483
vn -0.8581 0.4960 -0.1329
vn -0.8349 0.4837 -0.2626
vn -0.1185 0.0606 0.9911
vn 0.8487 -0.4911 0.1962
vn 0.9833 0.0074 0.1818
vn 0.5110 0.8506 -0.1241
vn 0.4997 0.8662 0.0068
vn 0.4932 0.7237 -0.4828
vn 0.0617 0.8385 -0.5414
vn 0.3609 0.3983 -0.8433
vn 0.1032 0.4669 -0.8783
vn 0.1906 0.0673 -0.9794
vn 0.1178 0.0867 -0.9893
vn 0.8082 0.4070 -0.4257
vn 0.5491 0.2092 -0.8092
vn 0.2438 0.0138 -0.9697
vn 0.9223 -0.0268 -0.3856
vn 0.6172 -0.0500 -0.7852
vn 0.2631 -0.0594 -0.9629
vn 0.8049 -0.4614 -0.3730
vn 0.5471 -0.3096 -0.7777
vn 0.2433 -0.1328 -0.9608
vn 0.4876 -0.7804 -0.3915
vn 0.3576 -0.5001 -0.7887
vn 0.1897 -0.1867 -0.9639
vn 0.0552 -0.8983 -0.4360
vn 0.0993 -0.5705 -0.8153
vn 0.1167 -0.2066 -0.9715
vn -0.3763 -0.7835 -0.4946
vn -0.1584 -0.5019 -0.8503
vn 0.0438 -0.1872 -0.9814
vn -0.6913 -0.4667 -0.5516
vn -0.3466 -0.3127 -0.8844
vn -0.0094 -0.1337 -0.9910
vn -0.8054 -0.0329 -0.5918
vn -0.4147 -0.0536 -0.9084
vn -0.0286 -0.0605 -0.9978
vn -0.6881 0.4017 -0.6043
vn -0.3446 0.2060 -0.9159
vn -0.0088 0.0129 -0.9999
vn -0.3707 0.7206 -0.5859
vn -0.1551 0.3965 -0.9048
vn 0.0448 0.0668 -0.9968
vn -0.5063 -0.8605 0.0568
vn -0.0113 -0.9922 0.1240
vn 0.4846 -0.8570 0.1751
vn -0.9985 0.0004 -0.0547
vn -0.8676 -0.4972 -0.0086
vn -0.4998 0.8648 -0.0479
vn -0.8639 0.4989 -0.0691
vn 0.4911 0.8683 0.0703
vn -0.0039 1.0000 0.0031
vn 0.8524 0.5050 0.1358
usemtl MI_Trim_03_Cables
s 1
f 85/1/1 101/2/2 116/3/3 100/4/4
f 86/5/5 102/6/6 101/2/2 85/1/1
f 87/7/7 103/8/8 102/6/6 86/5/5
f 88/9/9 104/10/10 103/8/8 87/7/7
f 89/11/11 105/12/12 104/10/10 88/9/9
f 90/13/13 106/14/14 105/12/12 89/11/11
f 91/15/15 107/16/16 106/14/14 90/13/13
f 92/17/17 108/18/18 107/16/16 91/15/15
f 93/19/19 109/20/20 108/18/18 92/17/17
f 94/21/21 110/22/22 109/20/20 93/19/19
f 95/23/23 111/24/24 110/22/22 94/21/21
f 96/25/25 112/26/26 111/24/24 95/23/23
f 97/27/27 113/28/28 112/26/26 96/25/25
f 98/29/29 114/30/30 113/31/28 97/32/27
f 99/33/31 115/34/32 114/30/30 98/29/29
f 100/4/4 116/3/3 115/34/32 99/33/31
f 101/2/2 117/35/33 132/36/34 116/3/3
f 102/6/6 118/37/35 117/35/33 101/2/2
f 103/8/8 119/38/36 118/37/35 102/6/6
f 104/10/10 120/39/37 119/38/36 103/8/8
f 105/12/12 121/40/38 120/39/37 104/10/10
f 106/14/14 122/41/39 121/40/38 105/12/12
f 107/16/16 123/42/40 122/41/39 106/14/14
f 108/18/18 124/43/41 123/42/40 107/16/16
f 109/20/20 125/44/42 124/43/41 108/18/18
f 110/22/22 126/45/43 125/44/42 109/20/20
f 111/24/24 127/46/44 126/45/43 110/22/22
f 112/26/26 128/47/45 127/46/44 111/24/24
f 113/28/28 129/48/46 128/47/45 112/26/26
f 114/30/30 130/49/47 129/50/46 113/31/28
f 115/34/32 131/51/48 130/49/47 114/30/30
f 116/3/3 132/36/34 131/51/48 115/34/32
f 117/35/33 133/52/49 148/53/50 132/36/34
f 118/37/35 134/54/51 133/52/49 117/35/33
f 119/38/36 135/55/52 134/54/51 118/37/35
f 120/39/37 136/56/53 135/55/52 119/38/36
f 121/40/38 137/57/54 136/56/53 120/39/37
f 122/41/39 138/58/55 137/57/54 121/40/38
f 123/42/40 139/59/56 138/58/55 122/41/39
f 124/43/41 140/60/57 139/59/56 123/42/40
f 125/44/42 141/61/58 140/60/57 124/43/41
f 126/45/43 142/62/59 141/61/58 125/44/42
f 127/46/44 143/63/60 142/62/59 126/45/43
f 128/47/45 144/64/61 143/63/60 127/46/44
f 129/48/46 145/65/62 144/64/61 128/47/45
f 130/49/47 146/66/63 145/67/62 129/50/46
f 131/51/48 147/68/64 146/66/63 130/49/47
f 132/36/34 148/53/50 147/68/64 131/51/48
f 133/52/49 149/69/65 164/70/66 148/53/50
f 134/54/51 150/71/67 149/69/65 133/52/49
f 135/55/52 151/72/68 150/71/67 134/54/51
f 136/56/53 152/73/69 151/72/68 135/55/52
f 137/57/54 153/74/70 152/73/69 136/56/53
f 138/58/55 154/75/71 153/74/70 137/57/54
f 139/59/56 155/76/72 154/75/71 138/58/55
f 140/60/57 156/77/73 155/76/72 139/59/56
f 141/61/58 157/78/74 156/77/73 140/60/57
f 142/62/59 158/79/75 157/78/74 141/61/58
f 143/63/60 159/80/76 158/79/75 142/62/59
f 144/64/61 160/81/77 159/80/76 143/63/60
f 145/65/62 161/82/78 160/81/77 144/64/61
f 146/66/63 162/83/79 161/84/78 145/67/62
f 147/68/64 163/85/80 162/83/79 146/66/63
f 148/53/50 164/70/66 163/85/80 147/68/64
f 149/69/65 165/86/81 180/87/82 164/70/66
f 150/71/67 166/88/83 165/86/81 149/69/65
f 151/72/68 167/89/84 166/88/83 150/71/67
f 152/73/69 168/90/85 167/89/84 151/72/68
f 153/74/70 169/91/86 168/90/85 152/73/69
f 154/75/71 170/92/87 169/91/86 153/74/70
f 155/76/72 171/93/88 170/92/87 154/75/71
f 156/77/73 172/94/89 171/93/88 155/76/72
f 157/78/74 173/95/90 172/94/89 156/77/73
f 158/79/75 174/96/91 173/95/90 157/78/74
f 159/80/76 175/97/92 174/96/91 158/79/75
f 160/81/77 176/98/93 175/97/92 159/80/76
f 161/82/78 177/99/94 176/98/93 160/81/77
f 162/83/79 178/100/95 177/101/94 161/84/78
f 163/85/80 179/102/96 178/100/95 162/83/79
f 164/70/66 180/87/82 179/102/96 163/85/80
f 165/86/81 181/103/97 196/104/98 180/87/82
f 166/88/83 182/105/99 181/103/97 165/86/81
f 167/89/84 183/106/100 182/105/99 166/88/83
f 168/90/85 184/107/101 183/106/100 167/89/84
f 169/91/86 185/108/102 184/107/101 168/90/85
f 170/92/87 186/109/103 185/108/102 169/91/86
f 171/93/88 187/110/104 186/109/103 170/92/87
f 172/94/89 188/111/105 187/110/104 171/93/88
f 173/95/90 189/112/106 188/111/105 172/94/89
f 174/96/91 190/113/107 189/112/106 173/95/90
f 175/97/92 191/114/108 190/113/107 174/96/91
f 176/98/93 192/115/109 191/114/108 175/97/92
f 177/99/94 193/116/110 192/115/109 176/98/93
f 178/100/95 194/117/111 193/118/110 177/101/94
f 179/102/96 195/119/112 194/117/111 178/100/95
f 180/87/82 196/104/98 195/119/112 179/102/96
f 181/103/97 197/120/113 212/121/114 196/104/98
f 182/105/99 198/122/115 197/120/113 181/103/97
f 183/106/100 199/123/116 198/122/115 182/105/99
f 184/107/101 200/124/117 199/123/116 183/106/100
f 185/108/102 201/125/118 200/124/117 184/107/101
f 186/109/103 202/126/119 201/125/118 185/108/102
f 187/110/104 203/127/120 202/126/119 186/109/103
f 188/111/105 204/128/121 203/127/120 187/110/104
f 189/112/106 205/129/122 204/128/121 188/111/105
f 190/113/107 206/130/123 205/129/122 189/112/106
f 191/114/108 207/131/124 206/130/123 190/113/107
f 192/115/109 208/132/125 207/131/124 191/114/108
f 193/116/110 209/133/126 208/132/125 192/115/109
f 194/117/111 210/134/127 209/135/126 193/118/110
f 195/119/112 211/136/128 210/134/127 194/117/111
f 196/104/98 212/121/114 211/136/128 195/119/112
f 197/120/113 213/137/129 228/138/130 212/121/114
f 198/122/115 214/139/131 213/137/129 197/120/113
f 199/123/116 215/140/132 214/139/131 198/122/115
f 200/124/117 216/141/133 215/140/132 199/123/116
f 201/125/118 217/142/134 216/141/133 200/124/117
f 202/126/119 218/143/135 217/142/134 201/125/118
f 203/127/120 219/144/136 218/143/135 202/126/119
f 204/128/121 220/145/137 219/144/136 203/127/120
f 205/129/122 221/146/138 220/145/137 204/128/121
f 206/130/123 222/147/139 221/146/138 205/129/122
f 207/131/124 223/148/140 222/147/139 206/130/123
f 208/132/125 224/149/141 223/148/140 207/131/124
f 209/133/126 225/150/142 224/149/141 208/132/125
f 210/134/127 226/151/143 225/152/142 209/135/126
f 211/136/128 227/153/144 226/151/143 210/134/127
f 212/121/114 228/138/130 227/153/144 211/136/128
f 213/137/129 229/154/145 244/155/146 228/138/130
f 214/139/131 230/156/147 229/154/145 213/137/129
f 215/140/132 231/157/148 230/156/147 214/139/131
f 216/141/133 232/158/149 231/157/148 215/140/132
f 217/142/134 233/159/150 232/158/149 216/141/133
f 218/143/135 234/160/151 233/159/150 217/142/134
f 219/144/136 235/161/152 234/160/151 218/143/135
f 220/145/137 236/162/153 235/161/152 219/144/136
f 221/146/138 237/163/154 236/162/153 220/145/137
f 222/147/139 238/164/155 237/163/154 221/146/138
f 223/148/140 239/165/156 238/164/155 222/147/139
f 224/149/141 240/166/157 239/165/156 223/148/140
f 225/150/142 241/167/158 240/166/157 224/149/141
f 226/151/143 242/168/159 241/169/158 225/152/142
f 227/153/144 243/170/160 242/168/159 226/151/143
f 228/138/130 244/155/146 243/170/160 227/153/144
f 229/154/145 245/171/161 260/172/162 244/155/146
f 230/156/147 246/173/163 245/171/161 229/154/145
f 231/157/148 247/174/164 246/173/163 230/156/147
f 232/158/149 248/175/165 247/174/164 231/157/148
f 233/159/150 249/176/166 248/175/165 232/158/149
f 234/160/151 250/177/167 249/176/166 233/159/150
f 235/161/152 251/178/168 250/177/167 234/160/151
f 236/162/153 252/179/169 251/178/168 235/161/152
f 237/163/154 253/180/170 252/179/169 236/162/153
f 238/164/155 254/181/171 253/180/170 237/163/154
f 239/165/156 255/182/172 254/181/171 238/164/155
f 240/166/157 256/183/173 255/182/172 239/165/156
f 241/167/158 257/184/174 256/183/173 240/166/157
f 242/168/159 258/185/175 257/186/174 241/169/158
f 243/170/160 259/187/176 258/185/175 242/168/159
f 244/155/146 260/172/162 259/187/176 243/170/160
f 245/171/161 261/188/177 276/189/178 260/172/162
f 246/173/163 262/190/179 261/188/177 245/171/161
f 247/174/164 263/191/180 262/190/179 246/173/163
f 248/175/165 264/192/181 263/191/180 247/174/164
f 249/176/166 265/193/182 264/192/181 248/175/165
f 250/177/167 266/194/183 265/193/182 249/176/166
f 251/178/168 267/195/184 266/194/183 250/177/167
f 252/179/169 268/196/185 267/195/184 251/178/168
f 253/180/170 269/197/186 268/196/185 252/179/169
f 254/181/171 270/198/187 269/197/186 253/180/170
f 255/182/172 271/199/188 270/198/187 254/181/171
f 256/183/173 272/200/189 271/199/188 255/182/172
f 257/184/174 273/201/190 272/200/189 256/183/173
f 258/185/175 274/202/191 273/203/190 257/186/174
f 259/187/176 275/204/192 274/202/191 258/185/175
f 260/172/162 276/189/178 275/204/192 259/187/176
f 261/188/177 277/205/193 292/206/194 276/189/178
f 262/190/179 278/207/195 277/205/193 261/188/177
f 263/191/180 279/208/196 278/207/195 262/190/179
f 264/192/181 280/209/197 279/208/196 263/191/180
f 265/193/182 281/210/198 280/209/197 264/192/181
f 266/194/183 282/211/199 281/210/198 265/193/182
f 267/195/184 283/212/200 282/211/199 266/194/183
f 268/196/185 284/213/201 283/212/200 267/195/184
f 269/197/186 285/214/202 284/213/201 268/196/185
f 270/198/187 286/215/203 285/214/202 269/197/186
f 271/199/188 287/216/204 286/215/203 270/198/187
f 272/200/189 288/217/205 287/216/204 271/199/188
f 273/201/190 289/218/206 288/217/205 272/200/189
f 274/202/191 290/219/207 289/220/206 273/203/190
f 275/204/192 291/221/208 290/219/207 274/202/191
f 276/189/178 292/206/194 291/221/208 275/204/192
f 277/205/193 293/222/209 308/223/210 292/206/194
f 278/207/195 294/224/211 293/222/209 277/205/193
f 279/208/196 295/225/212 294/224/211 278/207/195
f 280/209/197 296/226/213 295/225/212 279/208/196
f 281/210/198 297/227/214 296/226/213 280/209/197
f 282/211/199 298/228/215 297/227/214 281/210/198
f 283/212/200 299/229/216 298/228/215 282/211/199
f 284/213/201 300/230/217 299/229/216 283/212/200
f 285/214/202 301/231/218 300/230/217 284/213/201
f 286/215/203 302/232/219 301/231/218 285/214/202
f 287/216/204 303/233/220 302/232/219 286/215/203
f 288/217/205 304/234/221 303/233/220 287/216/204
f 289/218/206 305/235/222 304/234/221 288/217/205
f 290/219/207 306/236/223 305/237/222 289/220/206
f 291/221/208 307/238/224 306/236/223 290/219/207
f 292/206/194 308/223/210 307/238/224 291/221/208
f 293/222/209 309/239/225 324/240/226 308/223/210
f 294/224/211 310/241/227 309/239/225 293/222/209
f 295/225/212 311/242/228 310/241/227 294/224/211
f 296/226/213 312/243/229 311/242/228 295/225/212
f 297/227/214 313/244/230 312/243/229 296/226/213
f 298/228/215 314/245/231 313/244/230 297/227/214
f 299/229/216 315/246/232 314/245/231 298/228/215
f 300/230/217 316/247/233 315/246/232 299/229/216
f 301/231/218 317/248/234 316/247/233 300/230/217
f 302/232/219 318/249/235 317/248/234 301/231/218
f 303/233/220 319/250/236 318/249/235 302/232/219
f 304/234/221 320/251/237 319/250/236 303/233/220
f 305/235/222 321/252/238 320/251/237 304/234/221
f 306/236/223 322/253/239 321/254/238 305/237/222
f 307/238/224 323/255/240 322/253/239 306/236/223
f 308/223/210 324/240/226 323/255/240 307/238/224
f 309/239/225 325/256/241 340/257/242 324/240/226
f 310/241/227 326/258/243 325/256/241 309/239/225
f 311/242/228 327/259/244 326/258/243 310/241/227
f 312/243/229 328/260/245 327/259/244 311/242/228
f 313/244/230 329/261/246 328/260/245 312/243/229
f 314/245/231 330/262/247 329/261/246 313/244/230
f 315/246/232 331/263/248 330/262/247 314/245/231
f 316/247/233 332/264/249 331/263/248 315/246/232
f 317/248/234 333/265/250 332/264/249 316/247/233
f 318/249/235 334/266/251 333/265/250 317/248/234
f 319/250/236 335/267/252 334/266/251 318/249/235
f 320/251/237 336/268/253 335/267/252 319/250/236
f 321/252/238 337/269/254 336/268/253 320/251/237
f 322/253/239 338/270/255 337/271/254 321/254/238
f 323/255/240 339/272/256 338/270/255 322/253/239
f 324/240/226 340/257/242 339/272/256 323/255/240
f 325/256/241 341/273/257 356/274/258 340/257/242
f 326/258/243 342/275/259 341/273/257 325/256/241
f 327/259/244 343/276/260 342/275/259 326/258/243
f 328/260/245 344/277/261 343/276/260 327/259/244
f 329/261/246 345/278/262 344/277/261 328/260/245
f 330/262/247 346/279/263 345/278/262 329/261/246
f 331/263/248 347/280/264 346/279/263 330/262/247
f 332/264/249 348/281/265 347/280/264 331/263/248
f 333/265/250 349/282/266 348/281/265 332/264/249
f 334/266/251 350/283/267 349/282/266 333/265/250
f 335/267/252 351/284/268 350/283/267 334/266/251
f 336/268/253 352/285/269 351/284/268 335/267/252
f 337/269/254 353/286/270 352/285/269 336/268/253
f 338/270/255 354/287/271 353/288/270 337/271/254
f 339/272/256 355/289/272 354/287/271 338/270/255
f 340/257/242 356/274/258 355/289/272 339/272/256
f 341/273/257 357/290/273 372/291/274 356/274/258
f 342/275/259 358/292/275 357/290/273 341/273/257
f 343/276/260 359/293/276 358/292/275 342/275/259
f 344/277/261 360/294/277 359/293/276 343/276/260
f 345/278/262 361/295/278 360/294/277 344/277/261
f 346/279/263 362/296/279 361/295/278 345/278/262
f 347/280/264 363/297/280 362/296/279 346/279/263
f 348/281/265 364/298/281 363/297/280 347/280/264
f 349/282/266 365/299/282 364/298/281 348/281/265
f 350/283/267 366/300/283 365/299/282 349/282/266
f 351/284/268 367/301/284 366/300/283 350/283/267
f 352/285/269 368/302/285 367/301/284 351/284/268
f 353/286/270 369/303/286 368/302/285 352/285/269
f 354/287/271 370/304/287 369/305/286 353/288/270
f 355/289/272 371/306/288 370/304/287 354/287/271
f 356/274/258 372/291/274 371/306/288 355/289/272
f 357/290/273 373/307/289 388/308/290 372/291/274
f 358/292/275 374/309/291 373/307/289 357/290/273
f 359/293/276 375/310/292 374/309/291 358/292/275
f 360/294/277 376/311/293 375/310/292 359/293/276
f 361/295/278 377/312/294 376/311/293 360/294/277
f 362/296/279 378/313/295 377/312/294 361/295/278
f 363/297/280 379/314/296 378/313/295 362/296/279
f 364/298/281 380/315/297 379/314/296 363/297/280
f 365/299/282 381/316/298 380/315/297 364/298/281
f 366/300/283 382/317/299 381/316/298 365/299/282
f 367/301/284 383/318/300 382/317/299 366/300/283
f 368/302/285 384/319/301 383/318/300 367/301/284
f 369/303/286 385/320/302 384/319/301 368/302/285
f 370/304/287 386/321/303 385/322/302 369/305/286
f 371/306/288 387/323/304 386/321/303 370/304/287
f 372/291/274 388/308/290 387/323/304 371/306/288
f 373/307/289 389/324/305 404/325/306 388/308/290
f 374/309/291 390/326/307 389/324/305 373/307/289
f 375/310/292 391/327/308 390/326/307 374/309/291
f 376/311/293 392/328/309 391/327/308 375/310/292
f 377/312/294 393/329/310 392/328/309 376/311/293
f 378/313/295 394/330/311 393/329/310 377/312/294
f 379/314/296 395/331/312 394/330/311 378/313/295
f 380/315/297 396/332/313 395/331/312 379/314/296
f 381/316/298 397/333/314 396/332/313 380/315/297
f 382/317/299 398/334/315 397/333/314 381/316/298
f 383/318/300 399/335/316 398/334/315 382/317/299
f 384/319/301 400/336/317 399/335/316 383/318/300
f 385/320/302 401/337/318 400/336/317 384/319/301
f 386/321/303 402/338/319 401/339/318 385/322/302
f 387/323/304 403/340/320 402/338/319 386/321/303
f 388/308/290 404/325/306 403/340/320 387/323/304
f 389/324/305 405/341/321 420/342/322 404/325/306
f 390/326/307 406/343/323 405/341/321 389/324/305
f 391/327/308 407/344/324 406/343/323 390/326/307
f 392/328/309 408/345/325 407/344/324 391/327/308
f 393/329/310 409/346/326 408/345/325 392/328/309
f 394/330/311 410/347/327 409/346/326 393/329/310
f 395/331/312 411/348/328 410/347/327 394/330/311
f 396/332/313 412/349/329 411/348/328 395/331/312
f 397/333/314 413/350/330 412/349/329 396/332/313
f 398/334/315 414/351/331 413/350/330 397/333/314
f 399/335/316 415/352/332 414/351/331 398/334/315
f 400/336/317 416/353/333 415/352/332 399/335/316
f 401/337/318 417/354/334 416/353/333 400/336/317
f 402/338/319 418/355/335 417/356/334 401/339/318
f 403/340/320 419/357/336 418/355/335 402/338/319
f 404/325/306 420/342/322 419/357/336 403/340/320
f 405/341/321 421/358/337 436/359/338 420/342/322
f 406/343/323 422/360/339 421/358/337 405/341/321
f 407/344/324 423/361/340 422/360/339 406/343/323
f 408/345/325 424/362/341 423/361/340 407/344/324
f 409/346/326 425/363/342 424/362/341 408/345/325
f 410/347/327 426/364/343 425/363/342 409/346/326
f 411/348/328 427/365/344 426/364/343 410/347/327
f 412/349/329 428/366/345 427/365/344 411/348/328
f 413/350/330 429/367/346 428/366/345 412/349/329
f 414/351/331 430/368/347 429/367/346 413/350/330
f 415/352/332 431/369/348 430/368/347 414/351/331
f 416/353/333 432/370/349 431/369/348 415/352/332
f 417/354/334 433/371/350 432/370/349 416/353/333
f 418/355/335 434/372/351 433/373/350 417/356/334
f 419/357/336 435/374/352 434/372/351 418/355/335
f 420/342/322 436/359/338 435/374/352 419/357/336
f 421/358/337 437/375/353 452/376/354 436/359/338
f 422/360/339 438/377/355 437/375/353 421/358/337
f 423/361/340 439/378/356 438/377/355 422/360/339
f 424/362/341 440/379/357 439/378/356 423/361/340
f 425/363/342 441/380/358 440/379/357 424/362/341
f 426/364/343 442/381/359 441/380/358 425/363/342
f 427/365/344 443/382/360 442/381/359 426/364/343
f 428/366/345 444/383/361 443/382/360 427/365/344
f 429/367/346 445/384/362 444/383/361 428/366/345
f 430/368/347 446/385/363 445/384/362 429/367/346
f 431/369/348 447/386/364 446/385/363 430/368/347
f 432/370/349 448/387/365 447/386/364 431/369/348
f 433/371/350 449/388/366 448/387/365 432/370/349
f 434/372/351 450/389/367 449/390/366 433/373/350
f 435/374/352 451/391/368 450/389/367 434/372/351
f 436/359/338 452/376/354 451/391/368 435/374/352
f 437/375/353 453/392/369 468/393/370 452/376/354
f 438/377/355 454/394/371 453/392/369 437/375/353
f 439/378/356 455/395/372 454/394/371 438/377/355
f 440/379/357 456/396/373 455/395/372 439/378/356
f 441/380/358 457/397/374 456/396/373 440/379/357
f 442/381/359 458/398/375 457/397/374 441/380/358
f 443/382/360 459/399/376 458/398/375 442/381/359
f 444/383/361 460/400/377 459/399/376 443/382/360
f 445/384/362 461/401/378 460/400/377 444/383/361
f 446/385/363 462/402/379 461/401/378 445/384/362
f 447/386/364 463/403/380 462/402/379 446/385/363
f 448/387/365 464/404/381 463/403/380 447/386/364
f 449/388/366 465/405/382 464/404/381 448/387/365
f 450/389/367 466/406/383 465/407/382 449/390/366
f 451/391/368 467/408/384 466/406/383 450/389/367
f 452/376/354 468/393/370 467/408/384 451/391/368
f 453/392/369 469/409/385 484/410/386 468/393/370
f 454/394/371 470/411/387 469/409/385 453/392/369
f 455/395/372 471/412/388 470/411/387 454/394/371
f 456/396/373 472/413/389 471/412/388 455/395/372
f 457/397/374 473/414/390 472/413/389 456/396/373
f 458/398/375 474/415/391 473/414/390 457/397/374
f 459/399/376 475/416/392 474/415/391 458/398/375
f 460/400/377 476/417/393 475/416/392 459/399/376
f 461/401/378 477/418/394 476/417/393 460/400/377
f 462/402/379 478/419/395 477/418/394 461/401/378
f 463/403/380 479/420/396 478/419/395 462/402/379
f 464/404/381 480/421/397 479/420/396 463/403/380
f 465/405/382 481/422/398 480/421/397 464/404/381
f 466/406/383 482/423/399 481/424/398 465/407/382
f 467/408/384 483/425/400 482/423/399 466/406/383
f 468/393/370 484/410/386 483/425/400 467/408/384
f 469/409/385 485/426/401 500/427/402 484/410/386
f 470/411/387 486/428/403 485/426/401 469/409/385
f 471/412/388 487/429/404 486/428/403 470/411/387
f 472/413/389 488/430/405 487/429/404 471/412/388
f 473/414/390 489/431/406 488/430/405 472/413/389
f 474/415/391 490/432/407 489/431/406 473/414/390
f 475/416/392 491/433/408 490/432/407 474/415/391
f 476/417/393 492/434/409 491/433/408 475/416/392
f 477/418/394 493/435/410 492/434/409 476/417/393
f 478/419/395 494/436/411 493/435/410 477/418/394
f 479/420/396 495/437/412 494/436/411 478/419/395
f 480/421/397 496/438/413 495/437/412 479/420/396
f 481/422/398 497/439/414 496/438/413 480/421/397
f 482/423/399 498/440/415 497/441/414 481/424/398
f 483/425/400 499/442/416 498/440/415 482/423/399
f 484/410/386 500/427/402 499/442/416 483/425/400
f 485/426/401 501/443/417 516/444/418 500/427/402
f 486/428/403 502/445/419 501/443/417 485/426/401
f 487/429/404 503/446/420 502/445/419 486/428/403
f 488/430/405 504/447/421 503/446/420 487/429/404
f 489/431/406 505/448/422 504/447/421 488/430/405
f 490/432/407 506/449/423 505/448/422 489/431/406
f 491/433/408 507/450/424 506/449/423 490/432/407
f 492/434/409 508/451/425 507/450/424 491/433/408
f 493/435/410 509/452/426 508/451/425 492/434/409
f 494/436/411 510/453/427 509/452/426 493/435/410
f 495/437/412 511/454/428 510/453/427 494/436/411
f 496/438/413 512/455/429 511/454/428 495/437/412
f 497/439/414 513/456/430 512/455/429 496/438/413
f 498/440/415 514/457/431 513/458/430 497/441/414
f 499/442/416 515/459/432 514/457/431 498/440/415
f 500/427/402 516/444/418 515/459/432 499/442/416
f 501/443/417 517/460/433 532/461/434 516/444/418
f 502/445/419 518/462/435 517/460/433 501/443/417
f 503/446/420 519/463/436 518/462/435 502/445/419
f 504/447/421 520/464/437 519/463/436 503/446/420
f 505/448/422 521/465/438 520/464/437 504/447/421
f 506/449/423 522/466/439 521/465/438 505/448/422
f 507/450/424 523/467/440 522/466/439 506/449/423
f 508/451/425 524/468/441 523/467/440 507/450/424
f 509/452/426 525/469/442 524/468/441 508/451/425
f 510/453/427 526/470/443 525/469/442 509/452/426
f 511/454/428 527/471/444 526/470/443 510/453/427
f 512/455/429 528/472/445 527/471/444 511/454/428
f 513/456/430 529/473/446 528/472/445 512/455/429
f 514/457/431 530/474/447 529/475/446 513/458/430
f 515/459/432 531/476/448 530/474/447 514/457/431
f 516/444/418 532/461/434 531/476/448 515/459/432
f 517/460/433 533/477/449 548/478/450 532/461/434
f 518/462/435 534/479/451 533/477/449 517/460/433
f 519/463/436 535/480/452 534/479/451 518/462/435
f 520/464/437 536/481/453 535/480/452 519/463/436
f 521/465/438 537/482/454 536/481/453 520/464/437
f 522/466/439 538/483/455 537/482/454 521/465/438
f 523/467/440 539/484/456 538/483/455 522/466/439
f 524/468/441 540/485/457 539/484/456 523/467/440
f 525/469/442 541/486/458 540/485/457 524/468/441
f 526/470/443 542/487/459 541/486/458 525/469/442
f 527/471/444 543/488/460 542/487/459 526/470/443
f 528/472/445 544/489/461 543/488/460 527/471/444
f 529/473/446 545/490/462 544/489/461 528/472/445
f 530/474/447 546/491/463 545/492/462 529/475/446
f 531/476/448 547/493/464 546/491/463 530/474/447
f 532/461/434 548/478/450 547/493/464 531/476/448
f 533/477/449 549/494/465 564/495/466 548/478/450
f 534/479/451 550/496/467 549/494/465 533/477/449
f 535/480/452 551/497/468 550/496/467 534/479/451
f 536/481/453 552/498/469 551/497/468 535/480/452
f 537/482/454 553/499/470 552/498/469 536/481/453
f 538/483/455 554/500/471 553/499/470 537/482/454
f 539/484/456 555/501/472 554/500/471 538/483/455
f 540/485/457 556/502/473 555/501/472 539/484/456
f 541/486/458 557/503/474 556/502/473 540/485/457
f 542/487/459 558/504/475 557/503/474 541/486/458
f 543/488/460 559/505/476 558/504/475 542/487/459
f 544/489/461 560/506/477 559/505/476 543/488/460
f 545/490/462 561/507/478 560/506/477 544/489/461
f 546/491/463 562/508/479 561/509/478 545/492/462
f 547/493/464 563/510/480 562/508/479 546/491/463
f 548/478/450 564/495/466 563/510/480 547/493/464
f 549/494/465 565/511/481 580/512/482 564/495/466
f 550/496/467 566/513/483 565/511/481 549/494/465
f 551/497/468 567/514/484 566/513/483 550/496/467
f 552/498/469 568/515/485 567/514/484 551/497/468
f 553/499/470 569/516/486 568/515/485 552/498/469
f 554/500/471 570/517/487 569/516/486 553/499/470
f 555/501/472 571/518/488 570/517/487 554/500/471
f 556/502/473 572/519/489 571/518/488 555/501/472
f 557/503/474 573/520/490 572/519/489 556/502/473
f 558/504/475 574/521/491 573/520/490 557/503/474
f 559/505/476 575/522/492 574/521/491 558/504/475
f 560/506/477 576/523/493 575/522/492 559/505/476
f 561/507/478 577/524/494 576/523/493 560/506/477
f 562/508/479 578/525/495 577/526/494 561/509/478
f 563/510/480 579/527/496 578/525/495 562/508/479
f 564/495/466 580/512/482 579/527/496 563/510/480
f 565/511/481 581/528/497 596/529/498 580/512/482
f 566/513/483 582/530/499 581/528/497 565/511/481
f 567/514/484 583/531/500 582/530/499 566/513/483
f 568/515/485 584/532/501 583/531/500 567/514/484
f 569/516/486 585/533/502 584/532/501 568/515/485
f 570/517/487 586/534/503 585/533/502 569/516/486
f 571/518/488 587/535/504 586/534/503 570/517/487
f 572/519/489 588/536/505 587/535/504 571/518/488
f 573/520/490 589/537/506 588/536/505 572/519/489
f 574/521/491 590/538/507 589/537/506 573/520/490
f 575/522/492 591/539/508 590/538/507 574/521/491
f 576/523/493 592/540/509 591/539/508 575/522/492
f 577/524/494 593/541/510 592/540/509 576/523/493
f 578/525/495 594/542/511 593/543/510 577/526/494
f 579/527/496 595/544/512 594/542/511 578/525/495
f 580/512/482 596/529/498 595/544/512 579/527/496
f 581/528/497 597/545/513 612/546/514 596/529/498
f 582/530/499 598/547/515 597/545/513 581/528/497
f 583/531/500 599/548/516 598/547/515 582/530/499
f 584/532/501 600/549/517 599/548/516 583/531/500
f 585/533/502 601/550/518 600/549/517 584/532/501
f 586/534/503 602/551/519 601/550/518 585/533/502
f 587/535/504 603/552/520 602/551/519 586/534/503
f 588/536/505 604/553/521 603/552/520 587/535/504
f 589/537/506 605/554/522 604/553/521 588/536/505
f 590/538/507 606/555/523 605/554/522 589/537/506
f 591/539/508 607/556/524 606/555/523 590/538/507
f 592/540/509 608/557/525 607/556/524 591/539/508
f 593/541/510 609/558/526 608/557/525 592/540/509
f 594/542/511 610/559/527 609/560/526 593/543/510
f 595/544/512 611/561/528 610/559/527 594/542/511
f 596/529/498 612/546/514 611/561/528 595/544/512
f 597/545/513 613/562/529 628/563/530 612/546/514
f 598/547/515 614/564/531 613/562/529 597/545/513
f 599/548/516 615/565/532 614/564/531 598/547/515
f 600/549/517 616/566/533 615/565/532 599/548/516
f 601/550/518 617/567/534 616/566/533 600/549/517
f 602/551/519 618/568/535 617/567/534 601/550/518
f 603/552/520 619/569/536 618/568/535 602/551/519
f 604/553/521 620/570/537 619/569/536 603/552/520
f 605/554/522 621/571/538 620/570/537 604/553/521
f 606/555/523 622/572/539 621/571/538 605/554/522
f 607/556/524 623/573/540 622/572/539 606/555/523
f 608/557/525 624/574/541 623/573/540 607/556/524
f 609/558/526 625/575/542 624/574/541 608/557/525
f 610/559/527 626/576/543 625/577/542 609/560/526
f 611/561/528 627/578/544 626/576/543 610/559/527
f 612/546/514 628/563/530 627/578/544 611/561/528
f 613/562/529 629/579/545 644/580/546 628/563/530
f 614/564/531 630/581/547 629/579/545 613/562/529
f 615/565/532 631/582/548 630/581/547 614/564/531
f 616/566/533 632/583/549 631/582/548 615/565/532
f 617/567/534 633/584/550 632/583/549 616/566/533
f 618/568/535 634/585/551 633/584/550 617/567/534
f 619/569/536 635/586/552 634/585/551 618/568/535
f 620/570/537 636/587/553 635/586/552 619/569/536
f 621/571/538 637/588/554 636/587/553 620/570/537
f 622/572/539 638/589/555 637/588/554 621/571/538
f 623/573/540 639/590/556 638/589/555 622/572/539
f 624/574/541 640/591/557 639/590/556 623/573/540
f 625/575/542 641/592/558 640/591/557 624/574/541
f 626/576/543 642/593/559 641/594/558 625/577/542
f 627/578/544 643/595/560 642/593/559 626/576/543
f 628/563/530 644/580/546 643/595/560 627/578/544
f 629/579/545 645/596/561 660/597/562 644/580/546
f 630/581/547 646/598/563 645/596/561 629/579/545
f 631/582/548 647/599/564 646/598/563 630/581/547
f 632/583/549 648/600/565 647/599/564 631/582/548
f 633/584/550 649/601/566 648/600/565 632/583/549
f 634/585/551 650/602/567 649/601/566 633/584/550
f 635/586/552 651/603/568 650/602/567 634/585/551
f 636/587/553 652/604/569 651/603/568 635/586/552
f 637/588/554 653/605/570 652/604/569 636/587/553
f 638/589/555 654/606/571 653/605/570 637/588/554
f 639/590/556 655/607/572 654/606/571 638/589/555
f 640/591/557 656/608/573 655/607/572 639/590/556
f 641/592/558 657/609/574 656/608/573 640/591/557
f 642/593/559 658/610/575 657/611/574 641/594/558
f 643/595/560 659/612/576 658/610/575 642/593/559
f 644/580/546 660/597/562 659/612/576 643/595/560
f 645/596/561 661/613/577 676/614/578 660/597/562
f 646/598/563 662/615/579 661/613/577 645/596/561
f 647/599/564 663/616/580 662/615/579 646/598/563
f 648/600/565 664/617/581 663/616/580 647/599/564
f 649/601/566 665/618/582 664/617/581 648/600/565
f 650/602/567 666/619/583 665/618/582 649/601/566
f 651/603/568 667/620/584 666/619/583 650/602/567
f 652/604/569 668/621/585 667/620/584 651/603/568
f 653/605/570 669/622/586 668/621/585 652/604/569
f 654/606/571 670/623/587 669/622/586 653/605/570
f 655/607/572 671/624/588 670/623/587 654/606/571
f 656/608/573 672/625/589 671/624/588 655/607/572
f 657/609/574 673/626/590 672/625/589 656/608/573
f 658/610/575 674/627/591 673/628/590 657/611/574
f 659/612/576 675/629/592 674/627/591 658/610/575
f 660/597/562 676/614/578 675/629/592 659/612/576
f 661/613/577 677/630/593 692/631/594 676/614/578
f 662/615/579 678/632/595 677/630/593 661/613/577
f 663/616/580 679/633/596 678/632/595 662/615/579
f 664/617/581 680/634/597 679/633/596 663/616/580
f 665/618/582 681/635/598 680/634/597 664/617/581
f 666/619/583 682/636/599 681/635/598 665/618/582
f 667/620/584 683/637/600 682/636/599 666/619/583
f 668/621/585 684/638/601 683/637/600 667/620/584
f 669/622/586 685/639/602 684/638/601 668/621/585
f 670/623/587 686/640/603 685/639/602 669/622/586
f 671/624/588 687/641/604 686/640/603 670/623/587
f 672/625/589 688/642/605 687/641/604 671/624/588
f 673/626/590 689/643/606 688/642/605 672/625/589
f 674/627/591 690/644/607 689/645/606 673/628/590
f 675/629/592 691/646/608 690/644/607 674/627/591
f 676/614/578 692/631/594 691/646/608 675/629/592
f 677/630/593 693/647/609 708/648/610 692/631/594
f 678/632/595 694/649/611 693/647/609 677/630/593
f 679/633/596 695/650/612 694/649/611 678/632/595
f 680/634/597 696/651/613 695/650/612 679/633/596
f 681/635/598 697/652/614 696/651/613 680/634/597
f 682/636/599 698/653/615 697/652/614 681/635/598
f 683/637/600 699/654/616 698/653/615 682/636/599
f 684/638/601 700/655/617 699/654/616 683/637/600
f 685/639/602 701/656/618 700/655/617 684/638/601
f 686/640/603 702/657/619 701/656/618 685/639/602
f 687/641/604 703/658/620 702/657/619 686/640/603
f 688/642/605 704/659/621 703/658/620 687/641/604
f 689/643/606 705/660/622 704/659/621 688/642/605
f 690/644/607 706/661/623 705/662/622 689/645/606
f 691/646/608 707/663/624 706/661/623 690/644/607
f 692/631/594 708/648/610 707/663/624 691/646/608
f 693/647/609 709/664/625 724/665/626 708/648/610
f 694/649/611 710/666/627 709/664/625 693/647/609
f 695/650/612 711/667/628 710/666/627 694/649/611
f 696/651/613 712/668/629 711/667/628 695/650/612
f 697/652/614 713/669/630 712/668/629 696/651/613
f 698/653/615 714/670/631 713/669/630 697/652/614
f 699/654/616 715/671/632 714/670/631 698/653/615
f 700/655/617 716/672/633 715/671/632 699/654/616
f 701/656/618 717/673/634 716/672/633 700/655/617
f 702/657/619 718/674/635 717/673/634 701/656/618
f 703/658/620 719/675/636 718/674/635 702/657/619
f 704/659/621 720/676/637 719/675/636 703/658/620
f 705/660/622 721/677/638 720/676/637 704/659/621
f 706/661/623 722/678/639 721/679/638 705/662/622
f 707/663/624 723/680/640 722/678/639 706/661/623
f 708/648/610 724/665/626 723/680/640 707/663/624
f 709/664/625 725/681/641 740/682/642 724/665/626
f 710/666/627 726/683/643 725/681/641 709/664/625
f 711/667/628 727/684/644 726/683/643 710/666/627
f 712/668/629 728/685/645 727/684/644 711/667/628
f 713/669/630 729/686/646 728/685/645 712/668/629
f 714/670/631 730/687/647 729/686/646 713/669/630
f 715/671/632 731/688/648 730/687/647 714/670/631
f 716/672/633 732/689/649 731/688/648 715/671/632
f 717/673/634 733/690/650 732/689/649 716/672/633
f 718/674/635 734/691/651 733/690/650 717/673/634
f 719/675/636 735/692/652 734/691/651 718/674/635
f 720/676/637 736/693/653 735/692/652 719/675/636
f 721/677/638 737/694/654 736/693/653 720/676/637
f 722/678/639 738/695/655 737/696/654 721/679/638
f 723/680/640 739/697/656 738/695/655 722/678/639
f 724/665/626 740/682/642 739/697/656 723/680/640
f 725/681/641 741/698/657 756/699/658 740/682/642
f 726/683/643 742/700/659 741/698/657 725/681/641
f 727/684/644 743/701/660 742/700/659 726/683/643
f 728/685/645 744/702/661 743/701/660 727/684/644
f 729/686/646 745/703/662 744/702/661 728/685/645
f 730/687/647 746/704/663 745/703/662 729/686/646
f 731/688/648 747/705/664 746/704/663 730/687/647
f 732/689/649 748/706/665 747/705/664 731/688/648
f 733/690/650 749/707/666 748/706/665 732/689/649
f 734/691/651 750/708/667 749/707/666 733/690/650
f 735/692/652 751/709/668 750/708/667 734/691/651
f 736/693/653 752/710/669 751/709/668 735/692/652
f 737/694/654 753/711/670 752/710/669 736/693/653
f 738/695/655 754/712/671 753/713/670 737/696/654
f 739/697/656 755/714/672 754/712/671 738/695/655
f 740/682/642 756/699/658 755/714/672 739/697/656
f 741/698/657 757/715/673 772/716/674 756/699/658
f 742/700/659 758/717/675 757/715/673 741/698/657
f 743/701/660 759/718/676 758/717/675 742/700/659
f 744/702/661 760/719/677 759/718/676 743/701/660
f 745/703/662 761/720/678 760/719/677 744/702/661
f 746/704/663 762/721/679 761/720/678 745/703/662
f 747/705/664 763/722/680 762/721/679 746/704/663
f 748/706/665 764/723/681 763/722/680 747/705/664
f 749/707/666 765/724/682 764/723/681 748/706/665
f 750/708/667 766/725/683 765/724/682 749/707/666
f 751/709/668 767/726/684 766/725/683 750/708/667
f 752/710/669 768/727/685 767/726/684 751/709/668
f 753/711/670 769/728/686 768/727/685 752/710/669
f 754/712/671 770/729/687 769/730/686 753/713/670
f 755/714/672 771/731/688 770/729/687 754/712/671
f 756/699/658 772/716/674 771/731/688 755/714/672
f 757/715/673 773/732/689 788/733/690 772/716/674
f 758/717/675 774/734/691 773/732/689 757/715/673
f 759/718/676 775/735/692 774/734/691 758/717/675
f 760/719/677 776/736/693 775/735/692 759/718/676
f 761/720/678 777/737/694 776/736/693 760/719/677
f 762/721/679 778/738/695 777/737/694 761/720/678
f 763/722/680 779/739/696 778/738/695 762/721/679
f 764/723/681 780/740/697 779/739/696 763/722/680
f 765/724/682 781/741/698 780/740/697 764/723/681
f 766/725/683 782/742/699 781/741/698 765/724/682
f 767/726/684 783/743/700 782/742/699 766/725/683
f 768/727/685 784/744/701 783/743/700 767/726/684
f 769/728/686 785/745/702 784/744/701 768/727/685
f 770/729/687 786/746/703 785/747/702 769/730/686
f 771/731/688 787/748/704 786/746/703 770/729/687
f 772/716/674 788/733/690 787/748/704 771/731/688
f 773/732/689 789/749/705 804/750/706 788/733/690
f 774/734/691 790/751/707 789/749/705 773/732/689
f 775/735/692 791/752/708 790/751/707 774/734/691
f 776/736/693 792/753/709 791/752/708 775/735/692
f 777/737/694 793/754/710 792/753/709 776/736/693
f 778/738/695 794/755/711 793/754/710 777/737/694
f 779/739/696 795/756/712 794/755/711 778/738/695
f 780/740/697 796/757/713 795/756/712 779/739/696
f 781/741/698 797/758/714 796/757/713 780/740/697
f 782/742/699 798/759/715 797/758/714 781/741/698
f 783/743/700 799/760/716 798/759/715 782/742/699
f 784/744/701 800/761/717 799/760/716 783/743/700
f 785/745/702 801/762/718 800/761/717 784/744/701
f 786/746/703 802/763/719 801/764/718 785/747/702
f 787/748/704 803/765/720 802/763/719 786/746/703
f 788/733/690 804/750/706 803/765/720 787/748/704
f 789/749/705 805/766/721 820/767/722 804/750/706
f 790/751/707 806/768/723 805/766/721 789/749/705
f 791/752/708 807/769/724 806/768/723 790/751/707
f 792/753/709 808/770/725 807/769/724 791/752/708
f 793/754/710 809/771/726 808/770/725 792/753/709
f 794/755/711 810/772/727 809/771/726 793/754/710
f 795/756/712 811/773/728 810/772/727 794/755/711
f 796/757/713 812/774/729 811/773/728 795/756/712
f 797/758/714 813/775/730 812/774/729 796/757/713
f 798/759/715 814/776/731 813/775/730 797/758/714
f 799/760/716 815/777/732 814/776/731 798/759/715
f 800/761/717 816/778/733 815/777/732 799/760/716
f 801/762/718 817/779/734 816/778/733 800/761/717
f 802/763/719 818/780/735 817/781/734 801/764/718
f 803/765/720 819/782/736 818/780/735 802/763/719
f 804/750/706 820/767/722 819/782/736 803/765/720
f 805/766/721 821/783/737 836/784/738 820/767/722
f 806/768/723 822/785/739 821/783/737 805/766/721
f 807/769/724 823/786/740 822/785/739 806/768/723
f 808/770/725 824/787/741 823/786/740 807/769/724
f 809/771/726 825/788/742 824/787/741 808/770/725
f 810/772/727 826/789/743 825/788/742 809/771/726
f 811/773/728 827/790/744 826/789/743 810/772/727
f 812/774/729 828/791/745 827/790/744 811/773/728
f 813/775/730 829/792/746 828/791/745 812/774/729
f 814/776/731 830/793/747 829/792/746 813/775/730
f 815/777/732 831/794/748 830/793/747 814/776/731
f 816/778/733 832/795/749 831/794/748 815/777/732
f 817/779/734 833/796/750 832/795/749 816/778/733
f 818/780/735 834/797/751 833/798/750 817/781/734
f 819/782/736 835/799/752 834/797/751 818/780/735
f 820/767/722 836/784/738 835/799/752 819/782/736
f 821/783/737 837/800/753 852/801/754 836/784/738
f 822/785/739 838/802/755 837/800/753 821/783/737
f 823/786/740 839/803/756 838/802/755 822/785/739
f 824/787/741 840/804/757 839/803/756 823/786/740
f 825/788/742 841/805/758 840/804/757 824/787/741
f 826/789/743 842/806/759 841/805/758 825/788/742
f 827/790/744 843/807/760 842/806/759 826/789/743
f 828/791/745 844/808/761 843/807/760 827/790/744
f 829/792/746 845/809/762 844/808/761 828/791/745
f 830/793/747 846/810/763 845/809/762 829/792/746
f 831/794/748 847/811/764 846/810/763 830/793/747
f 832/795/749 848/812/765 847/811/764 831/794/748
f 833/796/750 849/813/766 848/812/765 832/795/749
f 834/797/751 850/814/767 849/815/766 833/798/750
f 835/799/752 851/816/768 850/814/767 834/797/751
f 836/784/738 852/801/754 851/816/768 835/799/752
f 837/800/753 853/817/769 868/818/770 852/801/754
f 838/802/755 854/819/771 853/817/769 837/800/753
f 839/803/756 855/820/772 854/819/771 838/802/755
f 840/804/757 856/821/773 855/820/772 839/803/756
f 841/805/758 857/822/774 856/821/773 840/804/757
f 842/806/759 858/823/775 857/822/774 841/805/758
f 843/807/760 859/824/776 858/823/775 842/806/759
f 844/808/761 860/825/777 859/824/776 843/807/760
f 845/809/762 861/826/778 860/825/777 844/808/761
f 846/810/763 862/827/779 861/826/778 845/809/762
f 847/811/764 863/828/780 862/827/779 846/810/763
f 848/812/765 864/829/781 863/828/780 847/811/764
f 849/813/766 865/830/782 864/829/781 848/812/765
f 850/814/767 866/831/783 865/832/782 849/815/766
f 851/816/768 867/833/784 866/831/783 850/814/767
f 852/801/754 868/818/770 867/833/784 851/816/768
f 853/817/769 869/834/785 884/835/786 868/818/770
f 854/819/771 870/836/787 869/834/785 853/817/769
f 855/820/772 871/837/788 870/836/787 854/819/771
f 856/821/773 872/838/789 871/837/788 855/820/772
f 857/822/774 873/839/790 872/838/789 856/821/773
f 858/823/775 874/840/791 873/839/790 857/822/774
f 859/824/776 875/841/792 874/840/791 858/823/775
f 860/825/777 876/842/793 875/841/792 859/824/776
f 861/826/778 877/843/794 876/842/793 860/825/777
f 862/827/779 878/844/795 877/843/794 861/826/778
f 863/828/780 879/845/796 878/844/795 862/827/779
f 864/829/781 880/846/797 879/845/796 863/828/780
f 865/830/782 881/847/798 880/846/797 864/829/781
f 866/831/783 882/848/799 881/849/798 865/832/782
f 867/833/784 883/850/800 882/848/799 866/831/783
f 868/818/770 884/835/786 883/850/800 867/833/784
f 869/834/785 885/851/801 900/852/802 884/835/786
f 870/836/787 886/853/803 885/851/801 869/834/785
f 871/837/788 887/854/804 886/853/803 870/836/787
f 872/838/789 888/855/805 887/854/804 871/837/788
f 873/839/790 889/856/806 888/855/805 872/838/789
f 874/840/791 890/857/807 889/856/806 873/839/790
f 875/841/792 891/858/808 890/857/807 874/840/791
f 876/842/793 892/859/809 891/858/808 875/841/792
f 877/843/794 893/860/810 892/859/809 876/842/793
f 878/844/795 894/861/811 893/860/810 877/843/794
f 879/845/796 895/862/812 894/861/811 878/844/795
f 880/846/797 896/863/813 895/862/812 879/845/796
f 881/847/798 897/864/814 896/863/813 880/846/797
f 882/848/799 898/865/815 897/866/814 881/849/798
f 883/850/800 899/867/816 898/865/815 882/848/799
f 884/835/786 900/852/802 899/867/816 883/850/800
f 885/851/801 901/868/817 916/869/818 900/852/802
f 886/853/803 902/870/819 901/868/817 885/851/801
f 887/854/804 903/871/820 902/870/819 886/853/803
f 888/855/805 904/872/821 903/871/820 887/854/804
f 889/856/806 905/873/822 904/872/821 888/855/805
f 890/857/807 906/874/823 905/873/822 889/856/806
f 891/858/808 907/875/824 906/874/823 890/857/807
f 892/859/809 908/876/825 907/875/824 891/858/808
f 893/860/810 909/877/826 908/876/825 892/859/809
f 894/861/811 910/878/827 909/877/826 893/860/810
f 895/862/812 911/879/828 910/878/827 894/861/811
f 896/863/813 912/880/829 911/879/828 895/862/812
f 897/864/814 913/881/830 912/880/829 896/863/813
f 898/865/815 914/882/831 913/883/830 897/866/814
f 899/867/816 915/884/832 914/882/831 898/865/815
f 900/852/802 916/869/818 915/884/832 899/867/816
f 901/868/817 917/885/833 932/886/834 916/869/818
f 902/870/819 918/887/835 917/885/833 901/868/817
f 903/871/820 919/888/836 918/887/835 902/870/819
f 904/872/821 920/889/837 919/888/836 903/871/820
f 905/873/822 921/890/838 920/889/837 904/872/821
f 906/874/823 922/891/839 921/890/838 905/873/822
f 907/875/824 923/892/840 922/891/839 906/874/823
f 908/876/825 924/893/841 923/892/840 907/875/824
f 909/877/826 925/894/842 924/893/841 908/876/825
f 910/878/827 926/895/843 925/894/842 909/877/826
f 911/879/828 927/896/844 926/895/843 910/878/827
f 912/880/829 928/897/845 927/896/844 911/879/828
f 913/881/830 929/898/846 928/897/845 912/880/829
f 914/882/831 930/899/847 929/900/846 913/883/830
f 915/884/832 931/901/848 930/899/847 914/882/831
f 916/869/818 932/886/834 931/901/848 915/884/832
f 917/885/833 933/902/849 948/903/850 932/886/834
f 918/887/835 934/904/851 933/902/849 917/885/833
f 919/888/836 935/905/852 934/904/851 918/887/835
f 920/889/837 936/906/853 935/905/852 919/888/836
f 921/890/838 937/907/854 936/906/853 920/889/837
f 922/891/839 938/908/855 937/907/854 921/890/838
f 923/892/840 939/909/856 938/908/855 922/891/839
f 924/893/841 940/910/857 939/909/856 923/892/840
f 925/894/842 941/911/858 940/910/857 924/893/841
f 926/895/843 942/912/859 941/911/858 925/894/842
f 927/896/844 943/913/860 942/912/859 926/895/843
f 928/897/845 944/914/861 943/913/860 927/896/844
f 929/898/846 945/915/862 944/914/861 928/897/845
f 930/899/847 946/916/863 945/917/862 929/900/846
f 931/901/848 947/918/864 946/916/863 930/899/847
f 932/886/834 948/903/850 947/918/864 931/901/848
f 933/902/849 949/919/865 964/920/866 948/903/850
f 934/904/851 950/921/867 949/919/865 933/902/849
f 935/905/852 951/922/868 950/921/867 934/904/851
f 936/906/853 952/923/869 951/922/868 935/905/852
f 937/907/854 953/924/870 952/923/869 936/906/853
f 938/908/855 954/925/871 953/924/870 937/907/854
f 939/909/856 955/926/872 954/925/871 938/908/855
f 940/910/857 956/927/873 955/926/872 939/909/856
f 941/911/858 957/928/874 956/927/873 940/910/857
f 942/912/859 958/929/875 957/928/874 941/911/858
f 943/913/860 959/930/876 958/929/875 942/912/859
f 944/914/861 960/931/877 959/930/876 943/913/860
f 945/915/862 961/932/878 960/931/877 944/914/861
f 946/916/863 962/933/879 961/934/878 945/917/862
f 947/918/864 963/935/880 962/933/879 946/916/863
f 948/903/850 964/920/866 963/935/880 947/918/864
f 949/919/865 965/936/881 980/937/882 964/920/866
f 950/921/867 966/938/883 965/936/881 949/919/865
f 951/922/868 967/939/884 966/938/883 950/921/867
f 952/923/869 968/940/885 967/939/884 951/922/868
f 953/924/870 969/941/886 968/940/885 952/923/869
f 954/925/871 970/942/887 969/941/886 953/924/870
f 955/926/872 971/943/888 970/942/887 954/925/871
f 956/927/873 972/944/889 971/943/888 955/926/872
f 957/928/874 973/945/890 972/944/889 956/927/873
f 958/929/875 974/946/891 973/945/890 957/928/874
f 959/930/876 975/947/892 974/946/891 958/929/875
f 960/931/877 976/948/893 975/947/892 959/930/876
f 961/932/878 977/949/894 976/948/893 960/931/877
f 962/933/879 978/950/895 977/951/894 961/934/878
f 963/935/880 979/952/896 978/950/895 962/933/879
f 964/920/866 980/937/882 979/952/896 963/935/880
f 965/936/881 981/953/897 996/954/898 980/937/882
f 966/938/883 982/955/899 981/953/897 965/936/881
f 967/939/884 983/956/900 982/955/899 966/938/883
f 968/940/885 984/957/901 983/956/900 967/939/884
f 969/941/886 985/958/902 984/957/901 968/940/885
f 970/942/887 986/959/903 985/958/902 969/941/886
f 971/943/888 987/960/904 986/959/903 970/942/887
f 972/944/889 988/961/905 987/960/904 971/943/888
f 973/945/890 989/962/906 988/961/905 972/944/889
f 974/946/891 990/963/907 989/962/906 973/945/890
f 975/947/892 991/964/908 990/963/907 974/946/891
f 976/948/893 992/965/909 991/964/908 975/947/892
f 977/949/894 993/966/910 992/965/909 976/948/893
f 978/950/895 994/967/911 993/968/910 977/951/894
f 979/952/896 995/969/912 994/967/911 978/950/895
f 980/937/882 996/954/898 995/969/912 979/952/896
f 981/953/897 997/970/913 1012/971/914 996/954/898
f 982/955/899 998/972/915 997/970/913 981/953/897
f 983/956/900 999/973/916 998/972/915 982/955/899
f 984/957/901 1000/974/917 999/973/916 983/956/900
f 985/958/902 1001/975/918 1000/974/917 984/957/901
f 986/959/903 1002/976/919 1001/975/918 985/958/902
f 987/960/904 1003/977/920 1002/976/919 986/959/903
f 988/961/905 1004/978/921 1003/977/920 987/960/904
f 989/962/906 1005/979/922 1004/978/921 988/961/905
f 990/963/907 1006/980/923 1005/979/922 989/962/906
f 991/964/908 1007/981/924 1006/980/923 990/963/907
f 992/965/909 1008/982/925 1007/981/924 991/964/908
f 993/966/910 1009/983/926 1008/982/925 992/965/909
f 994/967/911 1010/984/927 1009/985/926 993/968/910
f 995/969/912 1011/986/928 1010/984/927 994/967/911
f 996/954/898 1012/971/914 1011/986/928 995/969/912
f 997/970/913 1013/987/929 1028/988/930 1012/971/914
f 998/972/915 1014/989/931 1013/987/929 997/970/913
f 999/973/916 1015/990/932 1014/989/931 998/972/915
f 1000/974/917 1016/991/933 1015/990/932 999/973/916
f 1001/975/918 1017/992/934 1016/991/933 1000/974/917
f 1002/976/919 1018/993/935 1017/992/934 1001/975/918
f 1003/977/920 1019/994/936 1018/993/935 1002/976/919
f 1004/978/921 1020/995/937 1019/994/936 1003/977/920
f 1005/979/922 1021/996/938 1020/995/937 1004/978/921
f 1006/980/923 1022/997/939 1021/996/938 1005/979/922
f 1007/981/924 1023/998/940 1022/997/939 1006/980/923
f 1008/982/925 1024/999/941 1023/998/940 1007/981/924
f 1009/983/926 1025/1000/942 1024/999/941 1008/982/925
f 1010/984/927 1026/1001/943 1025/1002/942 1009/985/926
f 1011/986/928 1027/1003/944 1026/1001/943 1010/984/927
f 1012/971/914 1028/988/930 1027/1003/944 1011/986/928
f 1013/987/929 1029/1004/945 1044/1005/946 1028/988/930
f 1014/989/931 1030/1006/947 1029/1004/945 1013/987/929
f 1015/990/932 1031/1007/948 1030/1006/947 1014/989/931
f 1016/991/933 1032/1008/949 1031/1007/948 1015/990/932
f 1017/992/934 1033/1009/950 1032/1008/949 1016/991/933
f 1018/993/935 1034/1010/951 1033/1009/950 1017/992/934
f 1019/994/936 1035/1011/952 1034/1010/951 1018/993/935
f 1020/995/937 1036/1012/953 1035/1011/952 1019/994/936
f 1021/996/938 1037/1013/954 1036/1012/953 1020/995/937
f 1022/997/939 1038/1014/955 1037/1013/954 1021/996/938
f 1023/998/940 1039/1015/956 1038/1014/955 1022/997/939
f 1024/999/941 1040/1016/957 1039/1015/956 1023/998/940
f 1025/1000/942 1041/1017/958 1040/1016/957 1024/999/941
f 1026/1001/943 1042/1018/959 1041/1019/958 1025/1002/942
f 1027/1003/944 1043/1020/960 1042/1018/959 1026/1001/943
f 1028/988/930 1044/1005/946 1043/1020/960 1027/1003/944
f 1029/1004/945 1045/1021/961 1060/1022/962 1044/1005/946
f 1030/1006/947 1046/1023/963 1045/1021/961 1029/1004/945
f 1031/1007/948 1047/1024/964 1046/1023/963 1030/1006/947
f 1032/1008/949 1048/1025/965 1047/1024/964 1031/1007/948
f 1033/1009/950 1049/1026/966 1048/1025/965 1032/1008/949
f 1034/1010/951 1050/1027/967 1049/1026/966 1033/1009/950
f 1035/1011/952 1051/1028/968 1050/1027/967 1034/1010/951
f 1036/1012/953 1052/1029/969 1051/1028/968 1035/1011/952
f 1037/1013/954 1053/1030/970 1052/1029/969 1036/1012/953
f 1038/1014/955 1054/1031/971 1053/1030/970 1037/1013/954
f 1039/1015/956 1055/1032/972 1054/1031/971 1038/1014/955
f 1040/1016/957 1056/1033/973 1055/1032/972 1039/1015/956
f 1041/1017/958 1057/1034/974 1056/1033/973 1040/1016/957
f 1042/1018/959 1058/1035/975 1057/1036/974 1041/1019/958
f 1043/1020/960 1059/1037/976 1058/1035/975 1042/1018/959
f 1044/1005/946 1060/1022/962 1059/1037/976 1043/1020/960
usemtl MI_Trim_02
f 70/1038/977 24/1039/978 2/1040/979 26/1041/980
f 34/1042/981 6/1043/982 8/1044/983 38/1045/984
f 38/1045/984 8/1044/983 10/1046/985 42/1047/986
f 42/1047/986 10/1046/985 12/1048/987 46/1049/988
f 46/1049/988 12/1048/987 14/1050/989 50/1051/990
f 50/1051/990 14/1050/989 16/1052/991 54/1053/992
f 54/1053/992 16/1052/991 18/1054/993 58/1055/994
f 58/1055/994 18/1054/993 20/1056/995 62/1057/996
f 62/1057/996 20/1056/995 22/1058/997 66/1059/998
f 66/1059/998 22/1058/997 24/1039/978 70/1038/977
f 20/1056/999 18/1054/999 7/1060/999 5/1061/999
f 3/1062/1000 5/1061/1001 76/1063/1001 75/1064/1000
f 30/1065/1002 4/1066/1003 6/1043/982 34/1042/981
f 26/1067/980 2/1068/979 4/1066/1003 30/1065/1002
f 26/1067/980 30/1065/1002 32/1069/1004 28/1070/1005
f 28/1071/1005 32/1072/1004 31/1073/1006 27/1074/1007
f 27/1074/1007 31/1073/1006 29/1075/1008 25/1076/1009
f 30/1065/1002 34/1042/981 36/1077/1010 32/1078/1004
f 32/1079/1004 36/1080/1010 35/1081/1011 31/1073/1006
f 31/1073/1006 35/1081/1011 33/1082/1012 29/1075/1008
f 34/1042/981 38/1045/984 40/1083/1013 36/1084/1010
f 36/1085/1010 40/1086/1013 39/1087/1014 35/1081/1011
f 35/1081/1011 39/1087/1014 37/1088/1015 33/1082/1012
f 38/1045/984 42/1047/986 44/1089/1016 40/1090/1013
f 40/1091/1013 44/1092/1016 43/1093/1017 39/1087/1014
f 39/1087/1014 43/1093/1017 41/1094/1018 37/1088/1015
f 42/1047/986 46/1049/988 48/1095/1019 44/1096/1016
f 44/1097/1016 48/1098/1019 47/1099/1020 43/1093/1017
f 43/1093/1017 47/1099/1020 45/1100/1021 41/1094/1018
f 46/1049/988 50/1051/990 52/1101/1022 48/1102/1019
f 48/1103/1019 52/1104/1022 51/1105/1023 47/1099/1020
f 47/1099/1020 51/1105/1023 49/1106/1024 45/1100/1021
f 50/1051/990 54/1053/992 56/1107/1025 52/1108/1022
f 52/1109/1022 56/1110/1025 55/1111/1026 51/1105/1023
f 51/1105/1023 55/1111/1026 53/1112/1027 49/1106/1024
f 54/1053/992 58/1055/994 60/1113/1028 56/1114/1025
f 56/1115/1025 60/1116/1028 59/1117/1029 55/1111/1026
f 55/1111/1026 59/1117/1029 57/1118/1030 53/1112/1027
f 58/1055/994 62/1057/996 64/1119/1031 60/1120/1028
f 60/1121/1028 64/1122/1031 63/1123/1032 59/1117/1029
f 59/1117/1029 63/1123/1032 61/1124/1033 57/1118/1030
f 62/1057/996 66/1059/998 68/1125/1034 64/1126/1031
f 64/1127/1031 68/1128/1034 67/1129/1035 63/1123/1032
f 63/1123/1032 67/1129/1035 65/1130/1036 61/1124/1033
f 66/1059/998 70/1038/977 72/1131/1037 68/1132/1034
f 68/1133/1034 72/1134/1037 71/1135/1038 67/1129/1035
f 67/1129/1035 71/1135/1038 69/1136/1039 65/1130/1036
f 70/1038/977 26/1041/980 28/1137/1005 72/1138/1037
f 72/1139/1037 28/1140/1005 27/1074/1007 71/1135/1038
f 71/1135/1038 27/1074/1007 25/1076/1009 69/1136/1039
f 25/1076/1009 29/1075/1008 33/1082/1012 37/1088/1015 41/1094/1018 45/1100/1021 49/1106/1024 53/1112/1027 57/1118/1030 61/1124/1033 65/1130/1036 69/1136/1039
f 18/1054/999 16/1052/999 9/1141/999 7/1060/999
f 16/1052/999 14/1050/999 11/1142/999 9/1141/999
f 14/1050/999 12/1048/999 13/1143/999 11/1142/999
f 12/1048/999 10/1046/999 15/1144/999 13/1143/999
f 10/1046/999 8/1044/999 17/1145/999 15/1144/999
f 2/1040/999 24/1039/999 1/1146/999 21/1147/999
f 4/1066/999 2/1068/999 21/1148/999 23/1149/999
f 8/1044/999 6/1043/999 19/1150/999 17/1145/999
f 24/1039/999 22/1058/999 3/1062/999 1/1146/999
f 6/1043/999 4/1066/999 23/1149/999 19/1150/999
f 22/1058/999 20/1056/999 5/1061/999 3/1062/999
f 84/1151/999 73/1152/999 74/1153/999 75/1154/999 76/1155/999 77/1156/999 78/1157/999 79/1158/999 80/1159/999 81/1160/999 82/1161/999 83/1162/999
f 23/1149/1040 21/1148/1041 73/1163/1041 84/1164/1040
f 21/1147/1041 1/1146/1042 74/1165/1042 73/1166/1041
f 17/1145/1043 19/1150/1044 83/1167/1044 82/1168/1043
f 13/1143/1045 15/1144/1046 81/1169/1046 80/1170/1045
f 9/1141/1047 11/1142/1048 79/1171/1048 78/1172/1047
f 19/1150/1044 23/1149/1040 84/1164/1040 83/1167/1044
f 5/1061/1001 7/1060/1049 77/1173/1049 76/1063/1001
f 15/1144/1046 17/1145/1043 82/1168/1043 81/1169/1046
f 1/1146/1042 3/1062/1000 75/1064/1000 74/1165/1042
f 11/1142/1048 13/1143/1045 80/1170/1045 79/1171/1048
f 7/1060/1049 9/1141/1047 78/1172/1047 77/1173/1049
f 1130/1174/1050 1084/1175/1051 1062/1176/1052 1086/1177/1053
f 1094/1178/1054 1066/1179/1055 1068/1180/1056 1098/1181/1057
f 1098/1181/1057 1068/1180/1056 1070/1182/1058 1102/1183/1059
f 1102/1183/1059 1070/1182/1058 1072/1184/1060 1106/1185/1061
f 1106/1185/1061 1072/1184/1060 1074/1186/1062 1110/1187/1063
f 1110/1187/1063 1074/1186/1062 1076/1188/1064 1114/1189/1065
f 1114/1189/1065 1076/1188/1064 1078/1190/1066 1118/1191/1067
f 1118/1191/1067 1078/1190/1066 1080/1192/1068 1122/1193/1069
f 1122/1193/1069 1080/1192/1068 1082/1194/1070 1126/1195/1071
f 1126/1195/1071 1082/1194/1070 1084/1175/1051 1130/1174/1050
f 1080/1192/1072 1078/1190/1072 1067/1196/1072 1065/1197/1072
f 1063/1198/1073 1065/1197/1074 1136/1199/1074 1135/1200/1073
f 1090/1201/1075 1064/1202/1076 1066/1179/1055 1094/1178/1054
f 1086/1203/1053 1062/1204/1052 1064/1202/1076 1090/1201/1075
f 1086/1203/1053 1090/1201/1075 1092/1205/1077 1088/1206/1078
f 1088/1207/1078 1092/1208/1077 1091/1209/1079 1087/1210/1080
f 1087/1210/1080 1091/1209/1079 1089/1211/1081 1085/1212/1082
f 1090/1201/1075 1094/1178/1054 1096/1213/1083 1092/1214/1077
f 1092/1215/1077 1096/1216/1083 1095/1217/1084 1091/1209/1079
f 1091/1209/1079 1095/1217/1084 1093/1218/1085 1089/1211/1081
f 1094/1178/1054 1098/1181/1057 1100/1219/1086 1096/1220/1083
f 1096/1221/1083 1100/1222/1086 1099/1223/1087 1095/1217/1084
f 1095/1217/1084 1099/1223/1087 1097/1224/1088 1093/1218/1085
f 1098/1181/1057 1102/1183/1059 1104/1225/1089 1100/1226/1086
f 1100/1227/1086 1104/1228/1089 1103/1229/1090 1099/1223/1087
f 1099/1223/1087 1103/1229/1090 1101/1230/1091 1097/1224/1088
f 1102/1183/1059 1106/1185/1061 1108/1231/1092 1104/1232/1089
f 1104/1233/1089 1108/1234/1092 1107/1235/1093 1103/1229/1090
f 1103/1229/1090 1107/1235/1093 1105/1236/1094 1101/1230/1091
f 1106/1185/1061 1110/1187/1063 1112/1237/1095 1108/1238/1092
f 1108/1239/1092 1112/1240/1095 1111/1241/1096 1107/1235/1093
f 1107/1235/1093 1111/1241/1096 1109/1242/1097 1105/1236/1094
f 1110/1187/1063 1114/1189/1065 1116/1243/1098 1112/1244/1095
f 1112/1245/1095 1116/1246/1098 1115/1247/1099 1111/1241/1096
f 1111/1241/1096 1115/1247/1099 1113/1248/1100 1109/1242/1097
f 1114/1189/1065 1118/1191/1067 1120/1249/1101 1116/1250/1098
f 1116/1251/1098 1120/1252/1101 1119/1253/1102 1115/1247/1099
f 1115/1247/1099 1119/1253/1102 1117/1254/1103 1113/1248/1100
f 1118/1191/1067 1122/1193/1069 1124/1255/1104 1120/1256/1101
f 1120/1257/1101 1124/1258/1104 1123/1259/1105 1119/1253/1102
f 1119/1253/1102 1123/1259/1105 1121/1260/1106 1117/1254/1103
f 1122/1193/1069 1126/1195/1071 1128/1261/1107 1124/1262/1104
f 1124/1263/1104 1128/1264/1107 1127/1265/1108 1123/1259/1105
f 1123/1259/1105 1127/1265/1108 1125/1266/1109 1121/1260/1106
f 1126/1195/1071 1130/1174/1050 1132/1267/1110 1128/1268/1107
f 1128/1269/1107 1132/1270/1110 1131/1271/1111 1127/1265/1108
f 1127/1265/1108 1131/1271/1111 1129/1272/1112 1125/1266/1109
f 1130/1174/1050 1086/1177/1053 1088/1273/1078 1132/1274/1110
f 1132/1275/1110 1088/1276/1078 1087/1210/1080 1131/1271/1111
f 1131/1271/1111 1087/1210/1080 1085/1212/1082 1129/1272/1112
f 1085/1212/1082 1089/1211/1081 1093/1218/1085 1097/1224/1088 1101/1230/1091 1105/1236/1094 1109/1242/1097 1113/1248/1100 1117/1254/1103 1121/1260/1106 1125/1266/1109 1129/1272/1112
f 1078/1190/1072 1076/1188/1072 1069/1277/1072 1067/1196/1072
f 1076/1188/1072 1074/1186/1072 1071/1278/1072 1069/1277/1072
f 1074/1186/1072 1072/1184/1072 1073/1279/1072 1071/1278/1072
f 1072/1184/1072 1070/1182/1072 1075/1280/1072 1073/1279/1072
f 1070/1182/1072 1068/1180/1072 1077/1281/1072 1075/1280/1072
f 1062/1176/1072 1084/1175/1072 1061/1282/1072 1081/1283/1072
f 1064/1202/1072 1062/1204/1072 1081/1284/1072 1083/1285/1072
f 1068/1180/1072 1066/1179/1072 1079/1286/1072 1077/1281/1072
f 1084/1175/1072 1082/1194/1072 1063/1198/1072 1061/1282/1072
f 1066/1179/1072 1064/1202/1072 1083/1285/1072 1079/1286/1072
f 1082/1194/1072 1080/1192/1072 1065/1197/1072 1063/1198/1072
f 1144/1287/1072 1133/1288/1072 1134/1289/1072 1135/1290/1072 1136/1291/1072 1137/1292/1072 1138/1293/1072 1139/1294/1072 1140/1295/1072 1141/1296/1072 1142/1297/1072 1143/1298/1072
f 1083/1285/1113 1081/1284/1114 1133/1299/1114 1144/1300/1113
f 1081/1283/1114 1061/1282/1115 1134/1301/1115 1133/1302/1114
f 1077/1281/1116 1079/1286/1117 1143/1303/1117 1142/1304/1116
f 1073/1279/1118 1075/1280/1119 1141/1305/1119 1140/1306/1118
f 1069/1277/1120 1071/1278/1121 1139/1307/1121 1138/1308/1120
f 1079/1286/1117 1083/1285/1113 1144/1300/1113 1143/1303/1117
f 1065/1197/1074 1067/1196/1122 1137/1309/1122 1136/1199/1074
f 1075/1280/1119 1077/1281/1116 1142/1304/1116 1141/1305/1119
f 1061/1282/1115 1063/1198/1073 1135/1200/1073 1134/1301/1115
f 1071/1278/1121 1073/1279/1118 1140/1306/1118 1139/1307/1121
f 1067/1196/1122 1069/1277/1120 1138/1308/1120 1137/1309/1122
