# Blender v3.6.0 OBJ File: 'AllModules_Unreal.blend'
# www.blender.org
mtllib Prop_Pod.mtl
o Prop_Pod_Cylinder.018
v 0.000000 0.356238 -0.638664
v -0.000000 0.515641 -0.666942
v 0.124597 0.356238 -0.626392
v 0.130114 0.515641 -0.654126
v 0.244406 0.356238 -0.590049
v 0.255228 0.515641 -0.616174
v 0.354823 0.356238 -0.531030
v 0.370533 0.515641 -0.554542
v 0.451604 0.356238 -0.451604
v 0.471599 0.515641 -0.471599
v 0.531030 0.356238 -0.354823
v 0.554542 0.515641 -0.370533
v 0.590049 0.356238 -0.244406
v 0.616174 0.515641 -0.255228
v 0.626392 0.356238 -0.124597
v 0.654126 0.515641 -0.130114
v 0.638664 0.356238 0.000000
v 0.666942 0.515641 0.000000
v 0.626392 0.356238 0.124597
v 0.654126 0.515641 0.130114
v 0.590049 0.356238 0.244406
v 0.616174 0.515641 0.255228
v 0.531030 0.356238 0.354823
v 0.554542 0.515641 0.370533
v 0.451604 0.356238 0.451604
v 0.471599 0.515641 0.471599
v 0.354823 0.356238 0.531030
v 0.370533 0.515641 0.554542
v 0.244406 0.356238 0.590049
v 0.255228 0.515641 0.616174
v 0.124597 0.356238 0.626392
v 0.130114 0.515641 0.654126
v 0.000000 0.356238 0.638664
v -0.000000 0.515641 0.666942
v -0.124597 0.356238 0.626392
v -0.130114 0.515641 0.654126
v -0.244406 0.356238 0.590049
v -0.255228 0.515641 0.616174
v -0.354823 0.356238 0.531030
v -0.370533 0.515641 0.554542
v -0.451604 0.356238 0.451604
v -0.471599 0.515641 0.471599
v -0.531030 0.356238 0.354823
v -0.554542 0.515641 0.370533
v -0.590049 0.356238 0.244406
v -0.616174 0.515641 0.255228
v -0.626392 0.356238 0.124597
v -0.654126 0.515641 0.130114
v -0.638664 0.356238 0.000000
v -0.666942 0.515641 0.000000
v -0.626392 0.356238 -0.124597
v -0.654126 0.515641 -0.130114
v -0.590049 0.356238 -0.244406
v -0.616174 0.515641 -0.255228
v -0.531030 0.356238 -0.354823
v -0.554542 0.515641 -0.370533
v -0.451604 0.356238 -0.451604
v -0.471599 0.515641 -0.471599
v -0.354823 0.356238 -0.531030
v -0.370533 0.515641 -0.554542
v -0.244406 0.356238 -0.590049
v -0.255228 0.515641 -0.616174
v -0.124597 0.356238 -0.626392
v -0.130114 0.515641 -0.654126
v 0.148592 0.515641 -0.747025
v -0.000000 0.515641 -0.761660
v 0.291475 0.515641 -0.703682
v 0.423156 0.515641 -0.633297
v 0.538575 0.515641 -0.538575
v 0.633297 0.515641 -0.423156
v 0.703682 0.515641 -0.291475
v 0.747025 0.515641 -0.148592
v 0.761660 0.515641 -0.000000
v 0.747025 0.515641 0.148592
v 0.703682 0.515641 0.291475
v 0.633297 0.515641 0.423156
v 0.538575 0.515641 0.538575
v 0.423156 0.515641 0.633297
v 0.291475 0.515641 0.703682
v 0.148592 0.515641 0.747025
v -0.000000 0.515641 0.761660
v -0.148592 0.515641 0.747025
v -0.291475 0.515641 0.703682
v -0.423156 0.515641 0.633297
v -0.538575 0.515641 0.538575
v -0.633297 0.515641 0.423156
v -0.703682 0.515641 0.291475
v -0.747025 0.515641 0.148592
v -0.761660 0.515641 -0.000000
v -0.747025 0.515641 -0.148592
v -0.703682 0.515641 -0.291475
v -0.633297 0.515641 -0.423156
v -0.538575 0.515641 -0.538575
v -0.423156 0.515641 -0.633297
v -0.291475 0.515641 -0.703682
v -0.148592 0.515641 -0.747025
v 0.148592 0.704794 -0.747025
v -0.000000 0.704794 -0.761660
v 0.291475 0.704794 -0.703682
v 0.423156 0.704794 -0.633297
v 0.538575 0.704794 -0.538575
v 0.633297 0.704794 -0.423156
v 0.703682 0.704794 -0.291475
v 0.747025 0.704794 -0.148592
v 0.761660 0.704794 -0.000000
v 0.747025 0.704794 0.148592
v 0.703682 0.704794 0.291475
v 0.633297 0.704794 0.423156
v 0.538575 0.704794 0.538575
v 0.423156 0.704794 0.633297
v 0.291475 0.704794 0.703682
v 0.148592 0.704794 0.747025
v -0.000000 0.704794 0.761660
v -0.148592 0.704794 0.747025
v -0.291475 0.704794 0.703682
v -0.423156 0.704794 0.633297
v -0.538575 0.704794 0.538575
v -0.633297 0.704794 0.423156
v -0.703682 0.704794 0.291475
v -0.747025 0.704794 0.148592
v -0.761660 0.704794 -0.000000
v -0.747025 0.704794 -0.148592
v -0.703682 0.704794 -0.291475
v -0.633297 0.704794 -0.423156
v -0.538575 0.704794 -0.538575
v -0.423156 0.704794 -0.633297
v -0.291475 0.704794 -0.703682
v -0.148592 0.704794 -0.747025
v -0.000000 0.050373 -0.932550
v 0.181931 0.050373 -0.914631
v 0.356871 0.050373 -0.861564
v 0.518097 0.050373 -0.775387
v 0.659412 0.050373 -0.659412
v 0.775387 0.050373 -0.518097
v 0.861564 0.050373 -0.356871
v 0.914631 0.050373 -0.181931
v 0.932550 0.050373 0.000000
v 0.914631 0.050373 0.181931
v 0.861564 0.050373 0.356871
v 0.775387 0.050373 0.518097
v 0.659412 0.050373 0.659412
v 0.518097 0.050373 0.775387
v 0.356871 0.050373 0.861564
v 0.181931 0.050373 0.914631
v -0.000000 0.050373 0.932550
v -0.181931 0.050373 0.914631
v -0.356871 0.050373 0.861564
v -0.518097 0.050373 0.775387
v -0.659412 0.050373 0.659412
v -0.775387 0.050373 0.518097
v -0.861564 0.050373 0.356871
v -0.914631 0.050373 0.181931
v -0.932550 0.050373 0.000000
v -0.914631 0.050373 -0.181931
v -0.861564 0.050373 -0.356871
v -0.775387 0.050373 -0.518097
v -0.659412 0.050373 -0.659412
v -0.518097 0.050373 -0.775387
v -0.356871 0.050373 -0.861564
v -0.181931 0.050373 -0.914631
v -0.000000 0.050373 -1.012662
v 0.197561 0.050373 -0.993204
v 0.387529 0.050373 -0.935578
v 0.562605 0.050373 -0.841998
v 0.716061 0.050373 -0.716061
v 0.841998 0.050373 -0.562605
v 0.935578 0.050373 -0.387529
v 0.993204 0.050373 -0.197561
v 1.012662 0.050373 0.000000
v 0.993204 0.050373 0.197561
v 0.935578 0.050373 0.387529
v 0.841998 0.050373 0.562605
v 0.716061 0.050373 0.716061
v 0.562605 0.050373 0.841998
v 0.387529 0.050373 0.935578
v 0.197561 0.050373 0.993204
v -0.000000 0.050373 1.012662
v -0.197561 0.050373 0.993204
v -0.387529 0.050373 0.935578
v -0.562605 0.050373 0.841998
v -0.716061 0.050373 0.716061
v -0.841998 0.050373 0.562605
v -0.935578 0.050373 0.387529
v -0.993204 0.050373 0.197561
v -1.012662 0.050373 0.000000
v -0.993204 0.050373 -0.197561
v -0.935578 0.050373 -0.387529
v -0.841998 0.050373 -0.562605
v -0.716061 0.050373 -0.716061
v -0.562605 0.050373 -0.841998
v -0.387529 0.050373 -0.935578
v -0.197561 0.050373 -0.993204
v -0.000000 -0.001232 -1.063836
v 0.207544 -0.001232 -1.043395
v 0.407113 -0.001232 -0.982857
v 0.591036 -0.001232 -0.884547
v 0.752246 -0.001232 -0.752246
v 0.884547 -0.001232 -0.591036
v 0.982857 -0.001232 -0.407113
v 1.043395 -0.001232 -0.207544
v 1.063836 -0.001232 0.000000
v 1.043395 -0.001232 0.207544
v 0.982857 -0.001232 0.407113
v 0.884547 -0.001232 0.591036
v 0.752246 -0.001232 0.752246
v 0.591036 -0.001232 0.884547
v 0.407113 -0.001232 0.982857
v 0.207544 -0.001232 1.043395
v -0.000000 -0.001232 1.063836
v -0.207544 -0.001232 1.043395
v -0.407113 -0.001232 0.982857
v -0.591036 -0.001232 0.884547
v -0.752246 -0.001232 0.752246
v -0.884547 -0.001232 0.591036
v -0.982857 -0.001232 0.407113
v -1.043395 -0.001232 0.207544
v -1.063836 -0.001232 0.000000
v -1.043395 -0.001232 -0.207544
v -0.982857 -0.001232 -0.407113
v -0.884547 -0.001232 -0.591036
v -0.752246 -0.001232 -0.752246
v -0.591036 -0.001232 -0.884547
v -0.407113 -0.001232 -0.982857
v -0.207544 -0.001232 -1.043395
v 0.137288 0.704794 -0.690192
v -0.000000 0.704794 -0.703714
v 0.269300 0.704794 -0.650147
v 0.390963 0.704794 -0.585117
v 0.497601 0.704794 -0.497601
v 0.585117 0.704794 -0.390963
v 0.650147 0.704794 -0.269300
v 0.690192 0.704794 -0.137288
v 0.703714 0.704794 -0.000000
v 0.690192 0.704794 0.137288
v 0.650147 0.704794 0.269300
v 0.585117 0.704794 0.390963
v 0.497601 0.704794 0.497601
v 0.390963 0.704794 0.585117
v 0.269300 0.704794 0.650147
v 0.137288 0.704794 0.690192
v -0.000000 0.704794 0.703714
v -0.137288 0.704794 0.690192
v -0.269300 0.704794 0.650147
v -0.390963 0.704794 0.585117
v -0.497601 0.704794 0.497601
v -0.585117 0.704794 0.390963
v -0.650147 0.704794 0.269300
v -0.690192 0.704794 0.137288
v -0.703714 0.704794 -0.000000
v -0.690192 0.704794 -0.137288
v -0.650147 0.704794 -0.269300
v -0.585117 0.704794 -0.390963
v -0.497601 0.704794 -0.497601
v -0.390963 0.704794 -0.585117
v -0.269300 0.704794 -0.650147
v -0.137288 0.704794 -0.690192
v 0.129352 0.594056 -0.650297
v -0.000000 0.594056 -0.663037
v 0.253733 0.594056 -0.612566
v 0.368364 0.594056 -0.551295
v 0.468838 0.594056 -0.468838
v 0.551295 0.594056 -0.368364
v 0.612566 0.594056 -0.253733
v 0.650297 0.594056 -0.129352
v 0.663037 0.594056 -0.000000
v 0.650297 0.594056 0.129352
v 0.612566 0.594056 0.253733
v 0.551295 0.594056 0.368364
v 0.468838 0.594056 0.468838
v 0.368364 0.594056 0.551295
v 0.253733 0.594056 0.612566
v 0.129352 0.594056 0.650297
v -0.000000 0.594056 0.663037
v -0.129352 0.594056 0.650297
v -0.253733 0.594056 0.612566
v -0.368364 0.594056 0.551295
v -0.468838 0.594056 0.468838
v -0.551295 0.594056 0.368364
v -0.612566 0.594056 0.253733
v -0.650297 0.594056 0.129352
v -0.663037 0.594056 -0.000000
v -0.650297 0.594056 -0.129352
v -0.612566 0.594056 -0.253733
v -0.551295 0.594056 -0.368364
v -0.468838 0.594056 -0.468838
v -0.368364 0.594056 -0.551295
v -0.253733 0.594056 -0.612566
v -0.129352 0.594056 -0.650297
v 0.121032 0.594056 -0.608468
v -0.000000 0.594056 -0.620388
v 0.237412 0.594056 -0.573164
v 0.344669 0.594056 -0.515834
v 0.438681 0.594056 -0.438681
v 0.515834 0.594056 -0.344669
v 0.573164 0.594056 -0.237412
v 0.608468 0.594056 -0.121032
v 0.620388 0.594056 -0.000000
v 0.608468 0.594056 0.121032
v 0.573164 0.594056 0.237412
v 0.515834 0.594056 0.344669
v 0.438681 0.594056 0.438681
v 0.344669 0.594056 0.515834
v 0.237412 0.594056 0.573164
v 0.121032 0.594056 0.608468
v -0.000000 0.594056 0.620388
v -0.121032 0.594056 0.608468
v -0.237412 0.594056 0.573164
v -0.344669 0.594056 0.515834
v -0.438681 0.594056 0.438681
v -0.515834 0.594056 0.344669
v -0.573164 0.594056 0.237412
v -0.608468 0.594056 0.121032
v -0.620388 0.594056 -0.000000
v -0.608468 0.594056 -0.121032
v -0.573164 0.594056 -0.237412
v -0.515834 0.594056 -0.344669
v -0.438681 0.594056 -0.438681
v -0.344669 0.594056 -0.515834
v -0.237412 0.594056 -0.573164
v -0.121032 0.594056 -0.608468
v 0.760010 0.459187 -0.000000
v 0.754021 0.481541 -0.000000
v 0.737657 0.497904 -0.000000
v 0.715304 0.503894 -0.000000
v 0.692951 0.497904 -0.000000
v 0.676587 0.481541 -0.000000
v 0.670597 0.459187 -0.000000
v 0.676587 0.436834 -0.000000
v 0.692951 0.420471 -0.000000
v 0.715304 0.414481 -0.000000
v 0.737657 0.420471 -0.000000
v 0.754021 0.436834 -0.000000
v 0.745407 0.459187 -0.148271
v 0.739533 0.481541 -0.147102
v 0.723483 0.497904 -0.143910
v 0.701560 0.503894 -0.139549
v 0.679636 0.497904 -0.135188
v 0.663587 0.481541 -0.131996
v 0.657712 0.459187 -0.130827
v 0.663587 0.436834 -0.131996
v 0.679636 0.420471 -0.135188
v 0.701560 0.414481 -0.139549
v 0.723483 0.420471 -0.143910
v 0.739533 0.436834 -0.147102
v 0.702158 0.459187 -0.290843
v 0.696624 0.481541 -0.288551
v 0.681506 0.497904 -0.282289
v 0.660855 0.503894 -0.273735
v 0.640203 0.497904 -0.265181
v 0.625085 0.481541 -0.258919
v 0.619551 0.459187 -0.256626
v 0.625085 0.436834 -0.258919
v 0.640203 0.420471 -0.265181
v 0.660855 0.414481 -0.273735
v 0.681506 0.420471 -0.282289
v 0.696624 0.436834 -0.288551
v 0.631926 0.459187 -0.422239
v 0.626945 0.481541 -0.418912
v 0.613340 0.497904 -0.409820
v 0.594754 0.503894 -0.397402
v 0.576167 0.497904 -0.384983
v 0.562562 0.481541 -0.375892
v 0.557581 0.459187 -0.372564
v 0.562562 0.436834 -0.375892
v 0.576167 0.420471 -0.384983
v 0.594754 0.414481 -0.397402
v 0.613340 0.420471 -0.409820
v 0.626945 0.436834 -0.418912
v 0.537409 0.459187 -0.537409
v 0.533173 0.481541 -0.533173
v 0.521602 0.497904 -0.521602
v 0.505796 0.503894 -0.505796
v 0.489990 0.497904 -0.489990
v 0.478419 0.481541 -0.478419
v 0.474184 0.459187 -0.474184
v 0.478419 0.436834 -0.478419
v 0.489990 0.420471 -0.489990
v 0.505796 0.414481 -0.505796
v 0.521602 0.420471 -0.521602
v 0.533173 0.436834 -0.533173
v 0.422239 0.459187 -0.631926
v 0.418911 0.481541 -0.626946
v 0.409820 0.497904 -0.613340
v 0.397401 0.503894 -0.594754
v 0.384983 0.497904 -0.576168
v 0.375892 0.481541 -0.562562
v 0.372564 0.459187 -0.557581
v 0.375892 0.436834 -0.562562
v 0.384983 0.420471 -0.576168
v 0.397401 0.414481 -0.594754
v 0.409820 0.420471 -0.613340
v 0.418911 0.436834 -0.626946
v 0.290844 0.459187 -0.702158
v 0.288551 0.481541 -0.696624
v 0.282289 0.497904 -0.681506
v 0.273735 0.503894 -0.660855
v 0.265181 0.497904 -0.640203
v 0.258919 0.481541 -0.625085
v 0.256627 0.459187 -0.619551
v 0.258919 0.436834 -0.625085
v 0.265181 0.420471 -0.640203
v 0.273735 0.414481 -0.660855
v 0.282289 0.420471 -0.681506
v 0.288551 0.436834 -0.696624
v 0.148271 0.394005 -0.745407
v 0.147102 0.416358 -0.739533
v 0.143910 0.432722 -0.723483
v 0.139549 0.438711 -0.701560
v 0.135188 0.432722 -0.679636
v 0.131996 0.416358 -0.663587
v 0.130827 0.394005 -0.657712
v 0.131996 0.371651 -0.663587
v 0.135188 0.355288 -0.679636
v 0.139549 0.349298 -0.701560
v 0.143910 0.355288 -0.723483
v 0.147102 0.371651 -0.739533
v 0.000000 0.394005 -0.760010
v 0.000000 0.416358 -0.754021
v 0.000000 0.432722 -0.737657
v 0.000000 0.438711 -0.715304
v 0.000000 0.432722 -0.692951
v 0.000000 0.416358 -0.676587
v 0.000000 0.394005 -0.670597
v 0.000000 0.371651 -0.676587
v 0.000000 0.355288 -0.692951
v 0.000000 0.349298 -0.715304
v 0.000000 0.355288 -0.737657
v 0.000000 0.371651 -0.754021
v -0.148271 0.394005 -0.745407
v -0.147102 0.416358 -0.739533
v -0.143910 0.432722 -0.723483
v -0.139549 0.438711 -0.701560
v -0.135188 0.432722 -0.679636
v -0.131996 0.416358 -0.663587
v -0.130827 0.394005 -0.657712
v -0.131996 0.371651 -0.663587
v -0.135188 0.355288 -0.679636
v -0.139549 0.349298 -0.701560
v -0.143910 0.355288 -0.723483
v -0.147102 0.371651 -0.739533
v -0.290843 0.459187 -0.702158
v -0.288551 0.481541 -0.696624
v -0.282289 0.497904 -0.681506
v -0.273735 0.503894 -0.660855
v -0.265181 0.497904 -0.640203
v -0.258919 0.481541 -0.625085
v -0.256627 0.459187 -0.619551
v -0.258919 0.436834 -0.625085
v -0.265181 0.420471 -0.640203
v -0.273735 0.414481 -0.660855
v -0.282289 0.420471 -0.681506
v -0.288551 0.436834 -0.696624
v -0.422239 0.459187 -0.631926
v -0.418911 0.481541 -0.626946
v -0.409820 0.497904 -0.613340
v -0.397401 0.503894 -0.594754
v -0.384983 0.497904 -0.576168
v -0.375891 0.481541 -0.562562
v -0.372564 0.459187 -0.557581
v -0.375891 0.436834 -0.562562
v -0.384983 0.420471 -0.576168
v -0.397401 0.414481 -0.594754
v -0.409820 0.420471 -0.613340
v -0.418911 0.436834 -0.626946
v -0.537409 0.459187 -0.537408
v -0.533173 0.481541 -0.533173
v -0.521603 0.497904 -0.521602
v -0.505796 0.503894 -0.505796
v -0.489990 0.497904 -0.489990
v -0.478419 0.481541 -0.478419
v -0.474184 0.459187 -0.474184
v -0.478419 0.436834 -0.478419
v -0.489990 0.420471 -0.489990
v -0.505796 0.414481 -0.505796
v -0.521603 0.420471 -0.521602
v -0.533173 0.436834 -0.533173
v -0.631926 0.459187 -0.422239
v -0.626945 0.481541 -0.418912
v -0.613339 0.497904 -0.409820
v -0.594753 0.503894 -0.397402
v -0.576167 0.497904 -0.384983
v -0.562562 0.481541 -0.375892
v -0.557581 0.459187 -0.372564
v -0.562562 0.436834 -0.375892
v -0.576167 0.420471 -0.384983
v -0.594753 0.414481 -0.397402
v -0.613339 0.420471 -0.409820
v -0.626945 0.436834 -0.418912
v -0.702158 0.459187 -0.290843
v -0.696624 0.481541 -0.288551
v -0.681506 0.497904 -0.282289
v -0.660855 0.503894 -0.273735
v -0.640203 0.497904 -0.265181
v -0.625085 0.481541 -0.258919
v -0.619551 0.459187 -0.256627
v -0.625085 0.436834 -0.258919
v -0.640203 0.420471 -0.265181
v -0.660855 0.414481 -0.273735
v -0.681506 0.420471 -0.282289
v -0.696624 0.436834 -0.288551
v -0.745407 0.459187 -0.148271
v -0.739533 0.481541 -0.147102
v -0.723483 0.497904 -0.143910
v -0.701560 0.503894 -0.139549
v -0.679636 0.497904 -0.135188
v -0.663587 0.481541 -0.131996
v -0.657712 0.459187 -0.130827
v -0.663587 0.436834 -0.131996
v -0.679636 0.420471 -0.135188
v -0.701560 0.414481 -0.139549
v -0.723483 0.420471 -0.143910
v -0.739533 0.436834 -0.147102
v -0.760010 0.459187 -0.000000
v -0.754021 0.481541 -0.000000
v -0.737657 0.497904 -0.000000
v -0.715304 0.503894 -0.000000
v -0.692951 0.497904 -0.000000
v -0.676587 0.481541 -0.000000
v -0.670597 0.459187 -0.000000
v -0.676587 0.436834 -0.000000
v -0.692951 0.420471 -0.000000
v -0.715304 0.414481 -0.000000
v -0.737657 0.420471 -0.000000
v -0.754021 0.436834 -0.000000
v -0.745407 0.459187 0.148271
v -0.739533 0.481541 0.147102
v -0.723483 0.497904 0.143910
v -0.701560 0.503894 0.139549
v -0.679636 0.497904 0.135188
v -0.663587 0.481541 0.131996
v -0.657712 0.459187 0.130827
v -0.663587 0.436834 0.131996
v -0.679636 0.420471 0.135188
v -0.701560 0.414481 0.139549
v -0.723483 0.420471 0.143910
v -0.739533 0.436834 0.147102
v -0.702158 0.459187 0.290843
v -0.696625 0.481541 0.288551
v -0.681506 0.497904 0.282289
v -0.660855 0.503894 0.273735
v -0.640203 0.497904 0.265180
v -0.625085 0.481541 0.258918
v -0.619551 0.459187 0.256626
v -0.625085 0.436834 0.258918
v -0.640203 0.420471 0.265180
v -0.660855 0.414481 0.273735
v -0.681506 0.420471 0.282289
v -0.696625 0.436834 0.288551
v -0.631926 0.459187 0.422239
v -0.626945 0.481541 0.418912
v -0.613339 0.497904 0.409820
v -0.594753 0.503894 0.397402
v -0.576167 0.497904 0.384983
v -0.562562 0.481541 0.375892
v -0.557581 0.459187 0.372564
v -0.562562 0.436834 0.375892
v -0.576167 0.420471 0.384983
v -0.594753 0.414481 0.397402
v -0.613339 0.420471 0.409820
v -0.626945 0.436834 0.418912
v -0.537409 0.459187 0.537408
v -0.533173 0.481541 0.533173
v -0.521603 0.497904 0.521602
v -0.505796 0.503894 0.505796
v -0.489990 0.497904 0.489990
v -0.478419 0.481541 0.478419
v -0.474184 0.459187 0.474184
v -0.478419 0.436834 0.478419
v -0.489990 0.420471 0.489990
v -0.505796 0.414481 0.505796
v -0.521603 0.420471 0.521602
v -0.533173 0.436834 0.533173
v -0.422240 0.459187 0.631925
v -0.418912 0.481541 0.626945
v -0.409821 0.497904 0.613339
v -0.397402 0.503894 0.594753
v -0.384983 0.497904 0.576167
v -0.375892 0.481541 0.562561
v -0.372564 0.459187 0.557581
v -0.375892 0.436834 0.562561
v -0.384983 0.420471 0.576167
v -0.397402 0.414481 0.594753
v -0.409821 0.420471 0.613339
v -0.418912 0.436834 0.626945
v -0.290843 0.459187 0.702158
v -0.288551 0.481541 0.696624
v -0.282289 0.497904 0.681506
v -0.273735 0.503894 0.660855
v -0.265181 0.497904 0.640203
v -0.258919 0.481541 0.625085
v -0.256627 0.459187 0.619551
v -0.258919 0.436834 0.625085
v -0.265181 0.420471 0.640203
v -0.273735 0.414481 0.660855
v -0.282289 0.420471 0.681506
v -0.288551 0.436834 0.696624
v -0.148271 0.401650 0.745407
v -0.147103 0.424003 0.739533
v -0.143910 0.440367 0.723483
v -0.139549 0.446357 0.701559
v -0.135188 0.440367 0.679636
v -0.131996 0.424003 0.663587
v -0.130827 0.401650 0.657712
v -0.131996 0.379297 0.663587
v -0.135188 0.362933 0.679636
v -0.139549 0.356944 0.701559
v -0.143910 0.362933 0.723483
v -0.147103 0.379297 0.739533
v 0.000000 0.401650 0.760010
v 0.000000 0.424003 0.754021
v 0.000000 0.440367 0.737657
v 0.000000 0.446357 0.715304
v 0.000000 0.440367 0.692951
v 0.000000 0.424003 0.676587
v 0.000000 0.401650 0.670597
v 0.000000 0.379297 0.676587
v 0.000000 0.362933 0.692951
v 0.000000 0.356944 0.715304
v 0.000000 0.362933 0.737657
v 0.000000 0.379297 0.754021
v 0.148270 0.401650 0.745407
v 0.147102 0.424003 0.739533
v 0.143910 0.440367 0.723483
v 0.139549 0.446357 0.701560
v 0.135188 0.440367 0.679636
v 0.131995 0.424003 0.663587
v 0.130827 0.401650 0.657712
v 0.131995 0.379297 0.663587
v 0.135188 0.362933 0.679636
v 0.139549 0.356944 0.701560
v 0.143910 0.362933 0.723483
v 0.147102 0.379297 0.739533
v 0.290844 0.459187 0.702158
v 0.288551 0.481541 0.696624
v 0.282289 0.497904 0.681506
v 0.273735 0.503894 0.660855
v 0.265181 0.497904 0.640203
v 0.258919 0.481541 0.625085
v 0.256627 0.459187 0.619551
v 0.258919 0.436834 0.625085
v 0.265181 0.420471 0.640203
v 0.273735 0.414481 0.660855
v 0.282289 0.420471 0.681506
v 0.288551 0.436834 0.696624
v 0.422239 0.459187 0.631926
v 0.418911 0.481541 0.626946
v 0.409820 0.497904 0.613340
v 0.397401 0.503894 0.594754
v 0.384983 0.497904 0.576168
v 0.375892 0.481541 0.562562
v 0.372564 0.459187 0.557581
v 0.375892 0.436834 0.562562
v 0.384983 0.420471 0.576168
v 0.397401 0.414481 0.594754
v 0.409820 0.420471 0.613340
v 0.418911 0.436834 0.626946
v 0.537408 0.459187 0.537409
v 0.533173 0.481541 0.533174
v 0.521602 0.497904 0.521603
v 0.505796 0.503894 0.505797
v 0.489990 0.497904 0.489990
v 0.478419 0.481541 0.478420
v 0.474184 0.459187 0.474184
v 0.478419 0.436834 0.478420
v 0.489990 0.420471 0.489990
v 0.505796 0.414481 0.505797
v 0.521602 0.420471 0.521603
v 0.533173 0.436834 0.533174
v 0.631926 0.459187 0.422239
v 0.626945 0.481541 0.418912
v 0.613340 0.497904 0.409820
v 0.594754 0.503894 0.397402
v 0.576167 0.497904 0.384983
v 0.562562 0.481541 0.375892
v 0.557581 0.459187 0.372564
v 0.562562 0.436834 0.375892
v 0.576167 0.420471 0.384983
v 0.594754 0.414481 0.397402
v 0.613340 0.420471 0.409820
v 0.626945 0.436834 0.418912
v 0.702158 0.459187 0.290844
v 0.696624 0.481541 0.288552
v 0.681506 0.497904 0.282289
v 0.660855 0.503894 0.273735
v 0.640203 0.497904 0.265181
v 0.625085 0.481541 0.258919
v 0.619551 0.459187 0.256627
v 0.625085 0.436834 0.258919
v 0.640203 0.420471 0.265181
v 0.660855 0.414481 0.273735
v 0.681506 0.420471 0.282289
v 0.696624 0.436834 0.288552
v 0.745407 0.459187 0.148271
v 0.739533 0.481541 0.147102
v 0.723483 0.497904 0.143910
v 0.701560 0.503894 0.139549
v 0.679636 0.497904 0.135188
v 0.663587 0.481541 0.131995
v 0.657712 0.459187 0.130827
v 0.663587 0.436834 0.131995
v 0.679636 0.420471 0.135188
v 0.701560 0.414481 0.139549
v 0.723483 0.420471 0.143910
v 0.739533 0.436834 0.147102
v -0.000000 0.309907 -0.905286
v 0.000000 0.310949 -0.842277
v 0.164320 0.310949 -0.826093
v 0.176613 0.309907 -0.887891
v 0.322326 0.310949 -0.778163
v 0.346438 0.309907 -0.836375
v 0.467944 0.310949 -0.700328
v 0.502950 0.309907 -0.752718
v 0.595580 0.310949 -0.595580
v 0.640134 0.309907 -0.640134
v 0.700328 0.310949 -0.467944
v 0.752718 0.309907 -0.502950
v 0.778163 0.310949 -0.322326
v 0.836375 0.309907 -0.346438
v 0.826093 0.310949 -0.164320
v 0.887891 0.309907 -0.176613
v 0.842277 0.310949 0.000000
v 0.905286 0.309907 0.000000
v 0.826093 0.310949 0.164320
v 0.887891 0.309907 0.176613
v 0.778163 0.310949 0.322326
v 0.836375 0.309907 0.346438
v 0.700328 0.310949 0.467944
v 0.752718 0.309907 0.502950
v 0.595580 0.310949 0.595580
v 0.640134 0.309907 0.640134
v 0.467944 0.310949 0.700328
v 0.502950 0.309907 0.752718
v 0.322326 0.310949 0.778163
v 0.346438 0.309907 0.836375
v 0.164320 0.310949 0.826093
v 0.176613 0.309907 0.887891
v 0.000000 0.310949 0.842277
v -0.000000 0.309907 0.905286
v -0.164320 0.310949 0.826093
v -0.176612 0.309907 0.887891
v -0.322326 0.310949 0.778163
v -0.346438 0.309907 0.836375
v -0.467944 0.310949 0.700328
v -0.502950 0.309907 0.752718
v -0.595580 0.310949 0.595580
v -0.640134 0.309907 0.640134
v -0.700328 0.310949 0.467944
v -0.752718 0.309907 0.502950
v -0.778163 0.310949 0.322326
v -0.836375 0.309907 0.346438
v -0.826093 0.310949 0.164320
v -0.887891 0.309907 0.176613
v -0.842277 0.310949 0.000000
v -0.905286 0.309907 0.000000
v -0.826093 0.310949 -0.164320
v -0.887891 0.309907 -0.176613
v -0.778163 0.310949 -0.322326
v -0.836375 0.309907 -0.346438
v -0.700328 0.310949 -0.467944
v -0.752718 0.309907 -0.502950
v -0.595580 0.310949 -0.595580
v -0.640134 0.309907 -0.640134
v -0.467944 0.310949 -0.700328
v -0.502950 0.309907 -0.752718
v -0.322326 0.310949 -0.778163
v -0.346438 0.309907 -0.836375
v -0.164320 0.310949 -0.826093
v -0.176612 0.309907 -0.887891
v -0.000000 3.734262 -0.667985
v -0.000000 3.708918 -0.697560
v 0.130317 3.734262 -0.655150
v 0.136087 3.708918 -0.684157
v 0.255627 3.734262 -0.617138
v 0.266945 3.708918 -0.644462
v 0.371113 3.734262 -0.555409
v 0.387544 3.708918 -0.580000
v 0.472337 3.734262 -0.472337
v 0.493250 3.708918 -0.493250
v 0.555409 3.734262 -0.371113
v 0.580000 3.708918 -0.387544
v 0.617138 3.734262 -0.255627
v 0.644462 3.708918 -0.266945
v 0.655150 3.734262 -0.130317
v 0.684157 3.708918 -0.136087
v 0.667985 3.734262 0.000000
v 0.697560 3.708918 0.000000
v 0.655150 3.734262 0.130317
v 0.684157 3.708918 0.136087
v 0.617138 3.734262 0.255627
v 0.644462 3.708918 0.266945
v 0.555409 3.734262 0.371113
v 0.580000 3.708918 0.387544
v 0.472337 3.734262 0.472337
v 0.493250 3.708918 0.493250
v 0.371113 3.734262 0.555409
v 0.387544 3.708918 0.580000
v 0.255627 3.734262 0.617138
v 0.266945 3.708918 0.644462
v 0.130317 3.734262 0.655150
v 0.136087 3.708918 0.684157
v -0.000000 3.734262 0.667985
v -0.000000 3.708918 0.697560
v -0.130317 3.734262 0.655150
v -0.136087 3.708918 0.684157
v -0.255627 3.734262 0.617138
v -0.266945 3.708918 0.644462
v -0.371113 3.734262 0.555409
v -0.387544 3.708918 0.580000
v -0.472337 3.734262 0.472337
v -0.493250 3.708918 0.493250
v -0.555409 3.734262 0.371113
v -0.580000 3.708918 0.387544
v -0.617138 3.734262 0.255627
v -0.644462 3.708918 0.266945
v -0.655150 3.734262 0.130317
v -0.684157 3.708918 0.136087
v -0.667985 3.734262 0.000000
v -0.697560 3.708918 0.000000
v -0.655150 3.734262 -0.130317
v -0.684157 3.708918 -0.136087
v -0.617138 3.734262 -0.255627
v -0.644462 3.708918 -0.266945
v -0.555409 3.734262 -0.371113
v -0.580000 3.708918 -0.387544
v -0.472337 3.734262 -0.472337
v -0.493250 3.708918 -0.493250
v -0.371113 3.734262 -0.555409
v -0.387544 3.708918 -0.580000
v -0.255627 3.734262 -0.617138
v -0.266945 3.708918 -0.644462
v -0.130317 3.734262 -0.655150
v -0.136087 3.708918 -0.684157
v 0.148592 3.696541 -0.747025
v -0.000000 3.696541 -0.761660
v 0.291475 3.696541 -0.703682
v 0.423156 3.696541 -0.633297
v 0.538575 3.696541 -0.538575
v 0.633297 3.696541 -0.423156
v 0.703682 3.696541 -0.291475
v 0.747025 3.696541 -0.148592
v 0.761660 3.696541 -0.000000
v 0.747025 3.696541 0.148592
v 0.703682 3.696541 0.291475
v 0.633297 3.696541 0.423156
v 0.538575 3.696541 0.538575
v 0.423156 3.696541 0.633297
v 0.291475 3.696541 0.703682
v 0.148592 3.696541 0.747025
v -0.000000 3.696541 0.761660
v -0.148592 3.696541 0.747025
v -0.291475 3.696541 0.703682
v -0.423156 3.696541 0.633297
v -0.538575 3.696541 0.538575
v -0.633297 3.696541 0.423156
v -0.703682 3.696541 0.291475
v -0.747025 3.696541 0.148592
v -0.761660 3.696541 -0.000000
v -0.747025 3.696541 -0.148592
v -0.703682 3.696541 -0.291475
v -0.633297 3.696541 -0.423156
v -0.538575 3.696541 -0.538575
v -0.423156 3.696541 -0.633297
v -0.291475 3.696541 -0.703682
v -0.148592 3.696541 -0.747025
v 0.148592 3.644832 -0.747025
v -0.000000 3.644832 -0.761660
v 0.291475 3.644832 -0.703682
v 0.423156 3.644832 -0.633297
v 0.538575 3.644832 -0.538575
v 0.633297 3.644832 -0.423156
v 0.703682 3.644832 -0.291475
v 0.747025 3.644832 -0.148592
v 0.761660 3.644832 -0.000000
v 0.747025 3.644832 0.148592
v 0.703682 3.644832 0.291475
v 0.633297 3.644832 0.423156
v 0.538575 3.644832 0.538575
v 0.423156 3.644832 0.633297
v 0.291475 3.644832 0.703682
v 0.148592 3.644832 0.747025
v -0.000000 3.644832 0.761660
v -0.148592 3.644832 0.747025
v -0.291475 3.644832 0.703682
v -0.423156 3.644832 0.633297
v -0.538575 3.644832 0.538575
v -0.633297 3.644832 0.423156
v -0.703682 3.644832 0.291475
v -0.747025 3.644832 0.148592
v -0.761660 3.644832 -0.000000
v -0.747025 3.644832 -0.148592
v -0.703682 3.644832 -0.291475
v -0.633297 3.644832 -0.423156
v -0.538575 3.644832 -0.538575
v -0.423156 3.644832 -0.633297
v -0.291475 3.644832 -0.703682
v -0.148592 3.644832 -0.747025
v -0.000000 3.843378 -0.714937
v 0.137439 3.843378 -0.701200
v 0.269597 3.843378 -0.660516
v 0.391394 3.843378 -0.594448
v 0.498150 3.843378 -0.505537
v 0.585763 3.843378 -0.397198
v 0.650865 3.843378 -0.273595
v 0.690954 3.843378 -0.139477
v 0.704491 3.843378 0.000000
v 0.690954 3.843378 0.139477
v 0.650865 3.843378 0.273595
v 0.585763 3.843378 0.397198
v 0.498150 3.843378 0.505537
v 0.391394 3.843378 0.594448
v 0.269597 3.843378 0.660516
v 0.137439 3.843378 0.701200
v -0.000000 3.843378 0.714937
v -0.137439 3.843378 0.701200
v -0.269597 3.843378 0.660516
v -0.391394 3.843378 0.594448
v -0.498150 3.843378 0.505537
v -0.585763 3.843378 0.397198
v -0.650865 3.843378 0.273595
v -0.690954 3.843378 0.139477
v -0.704491 3.843378 0.000000
v -0.690954 3.843378 -0.139477
v -0.650865 3.843378 -0.273595
v -0.585763 3.843378 -0.397198
v -0.498150 3.843378 -0.505537
v -0.391394 3.843378 -0.594448
v -0.269597 3.843378 -0.660516
v -0.137439 3.843378 -0.701200
v 0.110021 3.644832 -0.553112
v -0.000000 3.644832 -0.563948
v 0.215814 3.644832 -0.521020
v 0.313313 3.644832 -0.468906
v 0.398772 3.644832 -0.398772
v 0.468906 3.644832 -0.313313
v 0.521020 3.644832 -0.215814
v 0.553112 3.644832 -0.110021
v 0.563948 3.644832 -0.000000
v 0.553112 3.644832 0.110021
v 0.521020 3.644832 0.215814
v 0.468906 3.644832 0.313313
v 0.398772 3.644832 0.398772
v 0.313313 3.644832 0.468906
v 0.215814 3.644832 0.521020
v 0.110021 3.644832 0.553112
v -0.000000 3.644832 0.563948
v -0.110021 3.644832 0.553112
v -0.215814 3.644832 0.521020
v -0.313313 3.644832 0.468906
v -0.398772 3.644832 0.398772
v -0.468906 3.644832 0.313313
v -0.521020 3.644832 0.215814
v -0.553112 3.644832 0.110021
v -0.563948 3.644832 -0.000000
v -0.553112 3.644832 -0.110021
v -0.521020 3.644832 -0.215814
v -0.468906 3.644832 -0.313313
v -0.398772 3.644832 -0.398772
v -0.313313 3.644832 -0.468906
v -0.215814 3.644832 -0.521020
v -0.110021 3.644832 -0.553112
v 0.103661 3.755570 -0.521140
v -0.000000 3.755570 -0.531350
v 0.203339 3.755570 -0.490903
v 0.295202 3.755570 -0.441801
v 0.375721 3.755570 -0.375721
v 0.441801 3.755570 -0.295202
v 0.490903 3.755570 -0.203339
v 0.521140 3.755570 -0.103661
v 0.531350 3.755570 -0.000000
v 0.521140 3.755570 0.103661
v 0.490903 3.755570 0.203339
v 0.441801 3.755570 0.295202
v 0.375721 3.755570 0.375721
v 0.295202 3.755570 0.441801
v 0.203339 3.755570 0.490903
v 0.103661 3.755570 0.521140
v -0.000000 3.755570 0.531350
v -0.103661 3.755570 0.521140
v -0.203339 3.755570 0.490903
v -0.295202 3.755570 0.441801
v -0.375721 3.755570 0.375721
v -0.441801 3.755570 0.295202
v -0.490903 3.755570 0.203339
v -0.521140 3.755570 0.103661
v -0.531350 3.755570 -0.000000
v -0.521140 3.755570 -0.103661
v -0.490903 3.755570 -0.203339
v -0.441801 3.755570 -0.295202
v -0.375721 3.755570 -0.375721
v -0.295202 3.755570 -0.441801
v -0.203339 3.755570 -0.490903
v -0.103661 3.755570 -0.521140
v 0.121032 3.755570 -0.608468
v -0.000000 3.755570 -0.620388
v 0.237412 3.755570 -0.573164
v 0.344669 3.755570 -0.515834
v 0.438681 3.755570 -0.438681
v 0.515834 3.755570 -0.344669
v 0.573164 3.755570 -0.237412
v 0.608468 3.755570 -0.121032
v 0.620388 3.755570 -0.000000
v 0.608468 3.755570 0.121032
v 0.573164 3.755570 0.237412
v 0.515834 3.755570 0.344669
v 0.438681 3.755570 0.438681
v 0.344669 3.755570 0.515834
v 0.237412 3.755570 0.573164
v 0.121032 3.755570 0.608468
v -0.000000 3.755570 0.620388
v -0.121032 3.755570 0.608468
v -0.237412 3.755570 0.573164
v -0.344669 3.755570 0.515834
v -0.438681 3.755570 0.438681
v -0.515834 3.755570 0.344669
v -0.573164 3.755570 0.237412
v -0.608468 3.755570 0.121032
v -0.620388 3.755570 -0.000000
v -0.608468 3.755570 -0.121032
v -0.573164 3.755570 -0.237412
v -0.515834 3.755570 -0.344669
v -0.438681 3.755570 -0.438681
v -0.344669 3.755570 -0.515834
v -0.237412 3.755570 -0.573164
v -0.121032 3.755570 -0.608468
v -0.000000 3.745882 -0.727815
v 0.139915 3.745882 -0.713830
v 0.274453 3.745882 -0.672413
v 0.398444 3.745882 -0.605156
v 0.507123 3.745882 -0.514643
v 0.596314 3.745882 -0.404352
v 0.662588 3.745882 -0.278523
v 0.703400 3.745882 -0.141990
v 0.717180 3.745882 0.000000
v 0.703400 3.745882 0.141990
v 0.662588 3.745882 0.278523
v 0.596314 3.745882 0.404352
v 0.507123 3.745882 0.514643
v 0.398444 3.745882 0.605156
v 0.274453 3.745882 0.672413
v 0.139915 3.745882 0.713830
v -0.000000 3.745882 0.727815
v -0.139915 3.745882 0.713830
v -0.274453 3.745882 0.672413
v -0.398444 3.745882 0.605156
v -0.507123 3.745882 0.514643
v -0.596314 3.745882 0.404352
v -0.662588 3.745882 0.278523
v -0.703400 3.745882 0.141990
v -0.717180 3.745882 0.000000
v -0.703400 3.745882 -0.141990
v -0.662588 3.745882 -0.278523
v -0.596314 3.745882 -0.404352
v -0.507123 3.745882 -0.514643
v -0.398444 3.745882 -0.605156
v -0.274453 3.745882 -0.672413
v -0.139915 3.745882 -0.713830
v -0.000000 3.843378 -0.770341
v 0.148090 3.843378 -0.755539
v 0.290490 3.843378 -0.711703
v 0.421725 3.843378 -0.640515
v 0.536755 3.843378 -0.544714
v 0.631157 3.843378 -0.427979
v 0.701304 3.843378 -0.294797
v 0.744500 3.843378 -0.150286
v 0.759086 3.843378 0.000000
v 0.744500 3.843378 0.150286
v 0.701304 3.843378 0.294797
v 0.631157 3.843378 0.427979
v 0.536755 3.843378 0.544714
v 0.421725 3.843378 0.640515
v 0.290490 3.843378 0.711703
v 0.148090 3.843378 0.755539
v -0.000000 3.843378 0.770341
v -0.148090 3.843378 0.755539
v -0.290490 3.843378 0.711703
v -0.421725 3.843378 0.640515
v -0.536755 3.843378 0.544714
v -0.631157 3.843378 0.427979
v -0.701304 3.843378 0.294797
v -0.744500 3.843378 0.150286
v -0.759086 3.843378 0.000000
v -0.744500 3.843378 -0.150286
v -0.701304 3.843378 -0.294797
v -0.631157 3.843378 -0.427979
v -0.536755 3.843378 -0.544714
v -0.421725 3.843378 -0.640515
v -0.290490 3.843378 -0.711703
v -0.148090 3.843378 -0.755539
v -0.000000 4.126051 -0.770341
v 0.148090 4.126051 -0.755539
v 0.290489 4.126051 -0.711703
v 0.421725 4.126051 -0.640515
v 0.536755 4.126051 -0.544714
v 0.631157 4.126051 -0.427979
v 0.701304 4.126051 -0.294797
v 0.744500 4.126051 -0.150286
v 0.759086 4.126051 0.000000
v 0.744500 4.126051 0.150286
v 0.701304 4.126051 0.294797
v 0.631157 4.126051 0.427979
v 0.536755 4.126051 0.544714
v 0.421725 4.126051 0.640515
v 0.290489 4.126051 0.711703
v 0.148090 4.126051 0.755539
v -0.000000 4.126051 0.770341
v -0.148090 4.126051 0.755539
v -0.290490 4.126051 0.711703
v -0.421725 4.126051 0.640515
v -0.536755 4.126051 0.544714
v -0.631157 4.126051 0.427979
v -0.701304 4.126051 0.294797
v -0.744500 4.126051 0.150286
v -0.759086 4.126051 0.000000
v -0.744500 4.126051 -0.150286
v -0.701304 4.126051 -0.294797
v -0.631157 4.126051 -0.427979
v -0.536755 4.126051 -0.544714
v -0.421725 4.126051 -0.640515
v -0.290490 4.126051 -0.711703
v -0.148090 4.126051 -0.755539
v 0.000000 0.169776 -0.638664
v 0.124597 0.169776 -0.626392
v 0.244406 0.169776 -0.590049
v 0.354823 0.169776 -0.531030
v 0.451604 0.169776 -0.451604
v 0.531030 0.169776 -0.354823
v 0.590049 0.169776 -0.244406
v 0.626392 0.169776 -0.124597
v 0.638664 0.169776 0.000000
v 0.626392 0.169776 0.124597
v 0.590049 0.169776 0.244406
v 0.531030 0.169776 0.354823
v 0.451604 0.169776 0.451604
v 0.354823 0.169776 0.531030
v 0.244406 0.169776 0.590049
v 0.124597 0.169776 0.626392
v 0.000000 0.169776 0.638664
v -0.124597 0.169776 0.626392
v -0.244406 0.169776 0.590049
v -0.354823 0.169776 0.531030
v -0.451604 0.169776 0.451604
v -0.531030 0.169776 0.354823
v -0.590049 0.169776 0.244406
v -0.626392 0.169776 0.124597
v -0.638664 0.169776 0.000000
v -0.626392 0.169776 -0.124597
v -0.590049 0.169776 -0.244406
v -0.531030 0.169776 -0.354823
v -0.451604 0.169776 -0.451604
v -0.354823 0.169776 -0.531030
v -0.244406 0.169776 -0.590049
v -0.124597 0.169776 -0.626392
v 0.000000 0.265223 -0.842277
v 0.164320 0.265223 -0.826093
v 0.322326 0.265223 -0.778163
v 0.467944 0.265223 -0.700328
v 0.595580 0.265223 -0.595580
v 0.700328 0.265223 -0.467944
v 0.778163 0.265223 -0.322326
v 0.826093 0.265223 -0.164320
v 0.842277 0.265223 0.000000
v 0.826093 0.265223 0.164320
v 0.778163 0.265223 0.322326
v 0.700328 0.265223 0.467944
v 0.595580 0.265223 0.595580
v 0.467944 0.265223 0.700328
v 0.322326 0.265223 0.778163
v 0.164320 0.265223 0.826093
v 0.000000 0.265223 0.842277
v -0.164320 0.265223 0.826093
v -0.322326 0.265223 0.778163
v -0.467944 0.265223 0.700328
v -0.595580 0.265223 0.595580
v -0.700328 0.265223 0.467944
v -0.778163 0.265223 0.322326
v -0.826093 0.265223 0.164320
v -0.842277 0.265223 0.000000
v -0.826093 0.265223 -0.164320
v -0.778163 0.265223 -0.322326
v -0.700328 0.265223 -0.467944
v -0.595580 0.265223 -0.595580
v -0.467944 0.265223 -0.700328
v -0.322326 0.265223 -0.778163
v -0.164320 0.265223 -0.826093
v -0.134140 0.169775 -0.674370
v 0.000000 0.169775 -0.687581
v 0.134140 0.169775 -0.674370
v 0.263126 0.169775 -0.635242
v 0.382000 0.169775 -0.571703
v 0.486194 0.169775 -0.486194
v 0.571703 0.169775 -0.382000
v 0.635242 0.169775 -0.263126
v 0.674370 0.169775 -0.134140
v 0.687581 0.169775 0.000000
v 0.674370 0.169775 0.134140
v 0.635242 0.169775 0.263126
v 0.571703 0.169775 0.382000
v 0.486194 0.169775 0.486194
v 0.382000 0.169775 0.571703
v 0.263126 0.169775 0.635242
v 0.134140 0.169775 0.674370
v 0.000000 0.169775 0.687581
v -0.134140 0.169775 0.674370
v -0.263126 0.169775 0.635242
v -0.382000 0.169775 0.571703
v -0.486194 0.169775 0.486194
v -0.571703 0.169775 0.382000
v -0.635242 0.169775 0.263126
v -0.674370 0.169775 0.134140
v -0.687581 0.169775 0.000000
v -0.674370 0.169775 -0.134140
v -0.635242 0.169775 -0.263126
v -0.571703 0.169775 -0.382000
v -0.486194 0.169775 -0.486194
v -0.382000 0.169775 -0.571703
v -0.263126 0.169775 -0.635242
v -0.616082 2.788771 0.351370
v -0.121705 2.927196 0.703688
v -0.258812 2.919318 0.664082
v -0.385559 2.891623 0.598489
v 0.000000 2.925898 0.715784
v -0.497074 2.862743 0.509429
v -0.589071 2.833787 0.400325
v -0.607289 2.817748 0.367306
v -0.625058 2.740276 0.335102
v -0.497074 1.481159 0.509429
v -0.589071 1.506873 0.400325
v -0.607289 1.524783 0.367306
v -0.616082 1.548120 0.351370
v -0.385559 1.451056 0.598489
v -0.258812 1.423831 0.664082
v -0.121705 1.424222 0.703688
v 0.000000 1.421268 0.715784
v -0.625058 1.598824 0.335101
v 0.625218 2.788771 0.334844
v 0.140395 2.927196 0.700198
v 0.276400 2.919318 0.656956
v 0.401356 2.891623 0.588012
v 0.510460 2.862743 0.496015
v 0.599519 2.833787 0.384501
v 0.616852 2.817748 0.351008
v 0.633757 2.740276 0.318342
v 0.510460 1.481159 0.496015
v 0.599519 1.506873 0.384501
v 0.616852 1.524783 0.351008
v 0.625218 1.548120 0.334844
v 0.401356 1.451056 0.588012
v 0.276400 1.423831 0.656956
v 0.140395 1.424222 0.700198
v 0.633757 1.598824 0.318342
v 0.616082 2.788771 -0.351370
v 0.121705 2.927196 -0.703688
v 0.258813 2.919318 -0.664082
v 0.385559 2.891623 -0.598489
v 0.497074 2.862743 -0.509429
v 0.589071 2.833787 -0.400325
v 0.607289 2.817748 -0.367306
v 0.625058 2.740276 -0.335102
v 0.497074 1.481159 -0.509429
v 0.589071 1.506873 -0.400325
v 0.607289 1.524783 -0.367306
v 0.616082 1.548120 -0.351370
v 0.385559 1.451056 -0.598489
v 0.258813 1.423831 -0.664082
v 0.121705 1.424222 -0.703688
v 0.000000 1.421268 -0.715785
v 0.625058 1.598824 -0.335101
v -0.625218 2.788771 -0.334844
v -0.140395 2.927196 -0.700199
v -0.276400 2.919318 -0.656956
v -0.401356 2.891623 -0.588012
v 0.000000 2.925898 -0.716076
v -0.510460 2.862743 -0.496015
v -0.599520 2.833787 -0.384501
v -0.616852 2.817748 -0.351008
v -0.633757 2.740276 -0.318343
v -0.510460 1.481159 -0.496015
v -0.599520 1.506873 -0.384501
v -0.616852 1.524783 -0.351008
v -0.625218 1.548120 -0.334844
v -0.401356 1.451056 -0.588012
v -0.276400 1.423831 -0.656956
v -0.140395 1.424222 -0.700199
v -0.633757 1.598824 -0.318342
v 0.009691 0.642683 0.727939
v 0.009691 3.675181 0.727939
v -0.132509 0.642683 0.715842
v -0.132509 3.675181 0.715842
v -0.269616 0.642683 0.676236
v -0.269616 3.675181 0.676236
v -0.396363 0.642683 0.610643
v -0.396363 3.675181 0.610643
v -0.507878 0.642683 0.521583
v -0.507878 3.675181 0.521583
v -0.599875 0.642683 0.412479
v -0.599875 3.675181 0.412479
v -0.668819 0.642683 0.287524
v -0.668819 3.675181 0.287524
v -0.712061 0.642683 0.151519
v -0.712061 3.675181 0.151519
v -0.727939 0.642683 0.009691
v -0.727939 3.675181 0.009691
v -0.626886 0.642683 0.363524
v -0.626886 3.675181 0.363524
v -0.626886 2.788771 0.363524
v -0.132509 2.927196 0.715842
v -0.269616 2.919318 0.676236
v -0.396363 2.891623 0.610643
v 0.009691 2.925898 0.727939
v -0.507878 2.862743 0.521583
v -0.599875 2.833787 0.412479
v -0.618093 3.675181 0.379460
v -0.618093 0.642683 0.379460
v -0.618093 2.817748 0.379460
v -0.635861 3.675181 0.347257
v -0.635862 0.642683 0.347255
v -0.635862 2.740276 0.347256
v -0.507878 1.481159 0.521583
v -0.599875 1.506873 0.412479
v -0.618093 1.524783 0.379460
v -0.626886 1.548120 0.363524
v -0.396363 1.451056 0.610643
v -0.269616 1.423831 0.676236
v -0.132509 1.424222 0.715842
v 0.009691 1.421268 0.727939
v -0.635862 1.598824 0.347256
v -0.507878 3.256730 0.521583
v 0.009691 3.256731 0.727939
v -0.599875 3.256731 0.412479
v -0.712061 3.256731 0.151519
v -0.626886 3.256731 0.363524
v -0.132509 3.256730 0.715842
v -0.635861 3.256731 0.347256
v -0.269616 3.256731 0.676236
v -0.727939 3.256731 0.009691
v -0.668819 3.256730 0.287524
v -0.618093 3.256731 0.379460
v -0.396363 3.256731 0.610643
v 0.151519 0.642683 0.712061
v 0.151519 3.675181 0.712061
v 0.287524 0.642683 0.668819
v 0.287524 3.675181 0.668819
v 0.412479 0.642683 0.599875
v 0.412479 3.675181 0.599875
v 0.521583 0.642683 0.507878
v 0.521583 3.675181 0.507878
v 0.610643 0.642683 0.396363
v 0.610643 3.675181 0.396363
v 0.676236 0.642683 0.269616
v 0.676236 3.675181 0.269616
v 0.715842 0.642683 0.132509
v 0.715842 3.675181 0.132509
v 0.727939 0.642683 -0.009691
v 0.727939 3.675181 -0.009691
v 0.636341 0.642683 0.346706
v 0.636341 3.675181 0.346706
v 0.636341 2.788771 0.346706
v 0.151519 2.927196 0.712061
v 0.287524 2.919318 0.668819
v 0.412479 2.891623 0.599875
v 0.521583 2.862743 0.507878
v 0.610643 2.833787 0.396363
v 0.627976 3.675181 0.362870
v 0.627976 0.642683 0.362870
v 0.627976 2.817748 0.362870
v 0.644881 3.675181 0.330205
v 0.644881 0.642683 0.330204
v 0.644881 2.740276 0.330205
v 0.521583 1.481159 0.507878
v 0.610643 1.506873 0.396363
v 0.627976 1.524783 0.362870
v 0.636341 1.548120 0.346706
v 0.412479 1.451056 0.599875
v 0.287524 1.423831 0.668819
v 0.151519 1.424222 0.712061
v 0.644881 1.598824 0.330204
v 0.521583 3.256730 0.507878
v 0.610643 3.256731 0.396363
v 0.715842 3.256731 0.132509
v 0.636341 3.256731 0.346706
v 0.151519 3.256730 0.712061
v 0.644881 3.256731 0.330205
v 0.287524 3.256731 0.668819
v 0.727939 3.256731 -0.009691
v 0.676236 3.256730 0.269616
v 0.627976 3.256731 0.362870
v 0.412479 3.256731 0.599875
v -0.009691 0.642683 -0.727939
v -0.009691 3.675181 -0.727939
v -0.151519 0.642683 -0.712061
v -0.151519 3.675181 -0.712061
v -0.287524 0.642683 -0.668819
v -0.287524 3.675181 -0.668819
v -0.412479 0.642683 -0.599875
v -0.412479 3.675181 -0.599875
v -0.521583 0.642683 -0.507878
v -0.521583 3.675181 -0.507878
v -0.610643 0.642683 -0.396363
v -0.610643 3.675181 -0.396363
v -0.676236 0.642683 -0.269616
v -0.676236 3.675181 -0.269616
v -0.715842 0.642683 -0.132509
v -0.715842 3.675181 -0.132509
v -0.636341 0.642683 -0.346706
v -0.636341 3.675181 -0.346706
v -0.636341 2.788771 -0.346706
v -0.151519 2.927196 -0.712061
v -0.287524 2.919318 -0.668819
v -0.412479 2.891623 -0.599875
v -0.009691 2.925898 -0.727939
v -0.521583 2.862743 -0.507878
v -0.610643 2.833787 -0.396363
v -0.627976 3.675181 -0.362870
v -0.627976 0.642683 -0.362870
v -0.627976 2.817748 -0.362870
v -0.644881 3.675181 -0.330205
v -0.644881 0.642683 -0.330204
v -0.644881 2.740276 -0.330205
v -0.521583 1.481159 -0.507878
v -0.610643 1.506873 -0.396363
v -0.627976 1.524783 -0.362870
v -0.636341 1.548120 -0.346706
v -0.412479 1.451056 -0.599875
v -0.287524 1.423831 -0.668819
v -0.151519 1.424222 -0.712061
v -0.009691 1.421268 -0.727939
v -0.644881 1.598824 -0.330204
v -0.521583 3.256730 -0.507878
v -0.009691 3.256731 -0.727939
v -0.610643 3.256731 -0.396363
v -0.715842 3.256731 -0.132509
v -0.636341 3.256731 -0.346706
v -0.151519 3.256730 -0.712061
v -0.644881 3.256731 -0.330205
v -0.287524 3.256731 -0.668819
v -0.676236 3.256730 -0.269616
v -0.627976 3.256731 -0.362870
v -0.412479 3.256731 -0.599875
v 0.132509 0.642683 -0.715842
v 0.132509 3.675181 -0.715842
v 0.269616 0.642683 -0.676236
v 0.269616 3.675181 -0.676236
v 0.396363 0.642683 -0.610643
v 0.396363 3.675181 -0.610643
v 0.507878 0.642683 -0.521583
v 0.507878 3.675181 -0.521583
v 0.599875 0.642683 -0.412479
v 0.599875 3.675181 -0.412479
v 0.668819 0.642683 -0.287524
v 0.668819 3.675181 -0.287524
v 0.712061 0.642683 -0.151519
v 0.712061 3.675181 -0.151519
v 0.626886 0.642683 -0.363524
v 0.626886 3.675181 -0.363524
v 0.626886 2.788771 -0.363524
v 0.132509 2.927196 -0.715842
v 0.269616 2.919318 -0.676236
v 0.396363 2.891623 -0.610643
v 0.507878 2.862743 -0.521583
v 0.599875 2.833787 -0.412479
v 0.618093 3.675181 -0.379460
v 0.618093 0.642683 -0.379460
v 0.618093 2.817748 -0.379460
v 0.635861 3.675181 -0.347257
v 0.635862 0.642683 -0.347255
v 0.635862 2.740276 -0.347256
v 0.507878 1.481159 -0.521583
v 0.599875 1.506873 -0.412479
v 0.618093 1.524783 -0.379460
v 0.626886 1.548120 -0.363524
v 0.396363 1.451056 -0.610643
v 0.269616 1.423831 -0.676236
v 0.132509 1.424222 -0.715842
v 0.635862 1.598824 -0.347256
v 0.507878 3.256730 -0.521583
v 0.599875 3.256731 -0.412479
v 0.712061 3.256731 -0.151519
v 0.626886 3.256731 -0.363524
v 0.132509 3.256730 -0.715842
v 0.635861 3.256731 -0.347256
v 0.269616 3.256731 -0.676236
v 0.668819 3.256730 -0.287524
v 0.618093 3.256731 -0.379460
v 0.396363 3.256731 -0.610643
v 0.009096 0.642683 0.683236
v 0.009096 3.675181 0.683236
v -0.124371 0.642683 0.671883
v -0.124371 3.675181 0.671883
v -0.253059 0.642683 0.634709
v -0.253059 3.675181 0.634709
v -0.372022 0.642683 0.573144
v -0.372022 3.675181 0.573144
v -0.476689 0.642683 0.489553
v -0.476689 3.675181 0.489553
v -0.563036 0.642683 0.387149
v -0.563037 3.675181 0.387149
v -0.627747 0.642683 0.269867
v -0.627747 3.675181 0.269867
v -0.668333 0.642683 0.142214
v -0.668333 3.675181 0.142214
v -0.683236 0.642683 0.009096
v -0.683236 3.675181 0.009096
v -0.587742 0.642683 0.341927
v -0.587742 3.675181 0.341927
v -0.587742 2.788771 0.341927
v -0.124309 2.927196 0.671894
v -0.252752 2.919318 0.634833
v -0.371565 2.891623 0.573444
v 0.009096 2.925898 0.683236
v -0.476290 2.862743 0.489946
v -0.562593 2.833787 0.387807
v -0.578949 3.675181 0.357862
v -0.578949 0.642683 0.357863
v -0.578949 2.817748 0.357862
v -0.596718 3.675181 0.325659
v -0.596718 0.642683 0.325658
v -0.596718 2.740276 0.325659
v -0.476300 1.481159 0.489937
v -0.562587 1.506873 0.387815
v -0.578949 1.524783 0.357863
v -0.587742 1.548120 0.341927
v -0.371561 1.451056 0.573447
v -0.252832 1.423831 0.634800
v -0.124346 1.424222 0.671887
v 0.009096 1.421268 0.683236
v -0.596718 1.598824 0.325658
v -0.476689 3.256730 0.489553
v 0.009096 3.256731 0.683236
v -0.563036 3.256731 0.387149
v -0.668333 3.256731 0.142214
v -0.587742 3.256731 0.341927
v -0.124371 3.256730 0.671883
v -0.596718 3.256731 0.325659
v -0.253059 3.256731 0.634709
v -0.683236 3.256731 0.009096
v -0.627747 3.256730 0.269867
v -0.578949 3.256731 0.357862
v -0.372022 3.256731 0.573144
v 0.142214 0.642683 0.668333
v 0.142214 3.675181 0.668333
v 0.269867 0.642683 0.627747
v 0.269867 3.675181 0.627747
v 0.387149 0.642683 0.563037
v 0.387149 3.675181 0.563037
v 0.489553 0.642683 0.476689
v 0.489553 3.675181 0.476689
v 0.573144 0.642683 0.372022
v 0.573144 3.675181 0.372022
v 0.634709 0.642683 0.253059
v 0.634709 3.675181 0.253059
v 0.671883 0.642683 0.124371
v 0.671883 3.675181 0.124371
v 0.683236 0.642683 -0.009096
v 0.683236 3.675181 -0.009096
v 0.596637 0.642683 0.326158
v 0.596637 3.675181 0.326158
v 0.596637 2.788771 0.326158
v 0.142152 2.927196 0.668347
v 0.269563 2.919318 0.627879
v 0.386700 2.891623 0.563349
v 0.489165 2.862743 0.477093
v 0.572718 2.833787 0.372692
v 0.588271 3.675181 0.342323
v 0.588271 0.642683 0.342323
v 0.588271 2.817748 0.342323
v 0.605176 3.675181 0.309658
v 0.605177 0.642683 0.309656
v 0.605176 2.740276 0.309657
v 0.489174 1.481159 0.477083
v 0.572712 1.506873 0.372700
v 0.588271 1.524783 0.342323
v 0.596637 1.548120 0.326158
v 0.386696 1.451056 0.563352
v 0.269642 1.423831 0.627844
v 0.142189 1.424222 0.668339
v 0.605176 1.598824 0.309657
v 0.489553 3.256730 0.476689
v 0.573144 3.256731 0.372022
v 0.671883 3.256731 0.124371
v 0.596637 3.256731 0.326158
v 0.142214 3.256730 0.668333
v 0.605176 3.256731 0.309657
v 0.269867 3.256731 0.627747
v 0.683236 3.256731 -0.009096
v 0.634709 3.256730 0.253059
v 0.588271 3.256731 0.342323
v 0.387149 3.256731 0.563037
v -0.009096 0.642683 -0.683236
v -0.009096 3.675181 -0.683236
v -0.142214 0.642683 -0.668333
v -0.142214 3.675181 -0.668333
v -0.269867 0.642683 -0.627747
v -0.269867 3.675181 -0.627747
v -0.387149 0.642683 -0.563037
v -0.387149 3.675181 -0.563037
v -0.489553 0.642683 -0.476689
v -0.489553 3.675181 -0.476689
v -0.573144 0.642683 -0.372022
v -0.573144 3.675181 -0.372022
v -0.634709 0.642683 -0.253059
v -0.634709 3.675181 -0.253059
v -0.671883 0.642683 -0.124371
v -0.671883 3.675181 -0.124371
v -0.596637 0.642683 -0.326158
v -0.596637 3.675181 -0.326158
v -0.596637 2.788771 -0.326158
v -0.142152 2.927196 -0.668347
v -0.269563 2.919318 -0.627879
v -0.386700 2.891623 -0.563349
v -0.009096 2.925898 -0.683236
v -0.489165 2.862743 -0.477093
v -0.572718 2.833787 -0.372692
v -0.588271 3.675181 -0.342323
v -0.588271 0.642683 -0.342323
v -0.588271 2.817748 -0.342323
v -0.605176 3.675181 -0.309658
v -0.605177 0.642683 -0.309656
v -0.605176 2.740276 -0.309657
v -0.489174 1.481159 -0.477083
v -0.572712 1.506873 -0.372700
v -0.588271 1.524783 -0.342323
v -0.596637 1.548120 -0.326158
v -0.386696 1.451056 -0.563352
v -0.269642 1.423831 -0.627844
v -0.142189 1.424222 -0.668339
v -0.009096 1.421268 -0.683236
v -0.605176 1.598824 -0.309657
v -0.489553 3.256730 -0.476689
v -0.009096 3.256731 -0.683236
v -0.573144 3.256731 -0.372022
v -0.671883 3.256731 -0.124371
v -0.596637 3.256731 -0.326158
v -0.142214 3.256730 -0.668333
v -0.605176 3.256731 -0.309657
v -0.269867 3.256731 -0.627747
v -0.634709 3.256730 -0.253059
v -0.588271 3.256731 -0.342323
v -0.387149 3.256731 -0.563037
v 0.124371 0.642683 -0.671883
v 0.124371 3.675181 -0.671883
v 0.253059 0.642683 -0.634709
v 0.253059 3.675181 -0.634709
v 0.372022 0.642683 -0.573144
v 0.372022 3.675181 -0.573144
v 0.476689 0.642683 -0.489553
v 0.476689 3.675181 -0.489553
v 0.563036 0.642683 -0.387149
v 0.563037 3.675181 -0.387149
v 0.627747 0.642683 -0.269867
v 0.627747 3.675181 -0.269867
v 0.668333 0.642683 -0.142214
v 0.668333 3.675181 -0.142214
v 0.587742 0.642683 -0.341927
v 0.587742 3.675181 -0.341927
v 0.587742 2.788771 -0.341927
v 0.124309 2.927196 -0.671894
v 0.252752 2.919318 -0.634833
v 0.371565 2.891623 -0.573444
v 0.476290 2.862743 -0.489946
v 0.562593 2.833787 -0.387807
v 0.578949 3.675181 -0.357862
v 0.578949 0.642683 -0.357863
v 0.578949 2.817748 -0.357862
v 0.596718 3.675181 -0.325659
v 0.596718 0.642683 -0.325658
v 0.596718 2.740276 -0.325659
v 0.476300 1.481159 -0.489937
v 0.562587 1.506873 -0.387815
v 0.578949 1.524783 -0.357863
v 0.587742 1.548120 -0.341927
v 0.371561 1.451056 -0.573447
v 0.252832 1.423831 -0.634800
v 0.124346 1.424222 -0.671887
v 0.596718 1.598824 -0.325658
v 0.476689 3.256730 -0.489553
v 0.563036 3.256731 -0.387149
v 0.668333 3.256731 -0.142214
v 0.587742 3.256731 -0.341927
v 0.124371 3.256730 -0.671883
v 0.596718 3.256731 -0.325659
v 0.253059 3.256731 -0.634709
v 0.627747 3.256730 -0.269867
v 0.578949 3.256731 -0.357862
v 0.372022 3.256731 -0.573144
v 0.397339 0.955965 0.576845
v 0.580489 0.955965 0.393696
v 0.404578 0.599073 0.608759
v 0.612403 0.599074 0.400935
v 0.474038 0.863747 0.647876
v 0.448493 0.930006 0.603306
v 0.606949 0.930006 0.444849
v 0.651520 0.863747 0.470394
v 0.420177 0.955965 0.554007
v 0.557651 0.955965 0.416533
v 0.584340 0.599073 0.428998
v 0.432642 0.599073 0.580696
v 0.491434 0.863747 0.630480
v 0.634124 0.863747 0.487791
v 0.592792 0.930006 0.459006
v 0.462650 0.930006 0.589148
v 0.475582 0.835595 0.649420
v 0.653064 0.835595 0.471939
v 0.599741 0.829902 0.388273
v 0.642774 0.617566 0.459822
v 0.463465 0.617566 0.639130
v 0.616473 0.617566 0.486123
v 0.489767 0.617566 0.612829
v 0.598097 0.859879 0.386629
v 0.390273 0.859879 0.594453
v 0.617330 0.883630 0.483544
v 0.630624 0.866922 0.487931
v 0.620842 0.878120 0.485863
v 0.625708 0.872004 0.487468
v 0.473000 0.883687 0.627813
v 0.475130 0.866958 0.643386
v 0.475028 0.878153 0.631642
v 0.475807 0.872030 0.637342
v 0.584527 0.882349 0.397734
v 0.593938 0.863797 0.390358
v 0.585993 0.876125 0.396951
v 0.589438 0.869334 0.394251
v 0.491574 0.866922 0.626980
v 0.487188 0.883630 0.613686
v 0.491112 0.872004 0.622064
v 0.489506 0.878120 0.617198
v 0.401377 0.882348 0.580883
v 0.394001 0.863797 0.590295
v 0.400594 0.876125 0.582349
v 0.397894 0.869334 0.585794
v 0.647030 0.866958 0.471486
v 0.631457 0.883687 0.469356
v 0.640985 0.872030 0.472163
v 0.635285 0.878153 0.471384
v 0.494069 0.815719 0.633114
v 0.506643 0.835595 0.618360
v 0.491955 0.854255 0.631001
v 0.479744 0.835595 0.645259
v 0.622004 0.835595 0.502999
v 0.636758 0.815719 0.490425
v 0.648902 0.835595 0.476100
v 0.634644 0.854255 0.488311
v 0.490647 0.820679 0.589666
v 0.478073 0.800803 0.604420
v 0.608064 0.800803 0.474429
v 0.593310 0.820679 0.487003
v 0.474421 0.769654 0.649121
v 0.476271 0.806925 0.650109
v 0.475916 0.788252 0.650006
v 0.653753 0.806925 0.472627
v 0.652765 0.769654 0.470777
v 0.653650 0.788252 0.472272
v 0.633552 0.769536 0.488051
v 0.636576 0.806837 0.489922
v 0.635531 0.788163 0.488936
v 0.493566 0.806837 0.632932
v 0.491695 0.769536 0.629908
v 0.492580 0.788163 0.631888
v 0.600408 0.693094 0.543328
v 0.607861 0.694376 0.549042
v 0.616430 0.692238 0.552459
v 0.624311 0.687108 0.552940
v 0.629911 0.680043 0.550483
v 0.632197 0.672472 0.545611
v 0.630802 0.665887 0.539258
v 0.626038 0.661564 0.532625
v 0.618829 0.660331 0.526973
v 0.610546 0.662427 0.523403
v 0.602763 0.667449 0.522651
v 0.596988 0.674423 0.524938
v 0.594395 0.681990 0.529876
v 0.595595 0.688663 0.536471
v 0.602189 0.699585 0.538698
v 0.609839 0.701483 0.543882
v 0.619053 0.701135 0.545844
v 0.627963 0.698567 0.544224
v 0.634758 0.694269 0.539407
v 0.638122 0.689136 0.532394
v 0.637466 0.684224 0.524558
v 0.632968 0.680503 0.517388
v 0.625505 0.678691 0.512238
v 0.616490 0.679130 0.510113
v 0.607646 0.681728 0.511482
v 0.600714 0.685962 0.516161
v 0.597126 0.690989 0.523265
v 0.597649 0.695838 0.531330
v 0.601802 0.709681 0.534541
v 0.609427 0.712142 0.539436
v 0.618666 0.713401 0.540648
v 0.627669 0.713155 0.537933
v 0.634613 0.711431 0.531862
v 0.638129 0.708599 0.523688
v 0.637576 0.705261 0.515032
v 0.633106 0.702094 0.507558
v 0.625591 0.699717 0.502686
v 0.616462 0.698576 0.501369
v 0.607482 0.698880 0.503916
v 0.600444 0.700561 0.509890
v 0.596797 0.703284 0.518122
v 0.597290 0.706527 0.526935
v 0.599232 0.721348 0.531788
v 0.606708 0.724170 0.536543
v 0.615698 0.726526 0.537485
v 0.624445 0.727939 0.534366
v 0.631161 0.728114 0.527771
v 0.634469 0.727023 0.519049
v 0.633747 0.724898 0.509983
v 0.629200 0.722161 0.502345
v 0.621723 0.719334 0.497590
v 0.612736 0.716966 0.496652
v 0.603994 0.715543 0.499773
v 0.597278 0.715368 0.506368
v 0.593966 0.716471 0.515088
v 0.594686 0.718607 0.524153
v 0.595959 0.689323 0.549506
v 0.602950 0.690232 0.555905
v 0.610064 0.686991 0.561237
v 0.615835 0.680333 0.564475
v 0.619148 0.671633 0.565039
v 0.619410 0.662610 0.562854
v 0.616615 0.655010 0.558347
v 0.611329 0.650295 0.552387
v 0.604581 0.649370 0.546121
v 0.597665 0.652414 0.540769
v 0.591902 0.658851 0.537382
v 0.588408 0.667463 0.536653
v 0.587907 0.676595 0.538773
v 0.590580 0.684428 0.543365
v 0.540526 0.693094 0.603211
v 0.546239 0.694376 0.610663
v 0.549656 0.692238 0.619233
v 0.550138 0.687108 0.627113
v 0.547680 0.680043 0.632714
v 0.542808 0.672472 0.635000
v 0.536456 0.665887 0.633605
v 0.529822 0.661564 0.628841
v 0.524170 0.660331 0.621632
v 0.520600 0.662427 0.613348
v 0.519848 0.667449 0.605566
v 0.522135 0.674423 0.599791
v 0.527073 0.681990 0.597198
v 0.533668 0.688663 0.598397
v 0.535895 0.699585 0.604991
v 0.541079 0.701483 0.612642
v 0.543041 0.701135 0.621856
v 0.541421 0.698567 0.630766
v 0.536604 0.694268 0.637561
v 0.529592 0.689136 0.640925
v 0.521756 0.684224 0.640269
v 0.514585 0.680503 0.635771
v 0.509436 0.678691 0.628307
v 0.507311 0.679130 0.619293
v 0.508680 0.681728 0.610448
v 0.513359 0.685962 0.603517
v 0.520463 0.690989 0.599929
v 0.528527 0.695838 0.600451
v 0.531739 0.709681 0.604605
v 0.536633 0.712142 0.612230
v 0.537845 0.713401 0.621469
v 0.535130 0.713155 0.630472
v 0.529060 0.711431 0.637416
v 0.520885 0.708599 0.640932
v 0.512229 0.705261 0.640378
v 0.504755 0.702094 0.635909
v 0.499883 0.699716 0.628393
v 0.498566 0.698576 0.619264
v 0.501113 0.698880 0.610285
v 0.507087 0.700561 0.603247
v 0.515319 0.703284 0.599600
v 0.524132 0.706527 0.600093
v 0.528985 0.721348 0.602034
v 0.533741 0.724170 0.609511
v 0.534683 0.726526 0.618501
v 0.531564 0.727939 0.627248
v 0.524968 0.728114 0.633964
v 0.516247 0.727023 0.637272
v 0.507180 0.724898 0.636550
v 0.499543 0.722161 0.632002
v 0.494788 0.719334 0.624525
v 0.493850 0.716966 0.615539
v 0.496970 0.715543 0.606797
v 0.503565 0.715368 0.600080
v 0.512285 0.716471 0.596769
v 0.521350 0.718607 0.597489
v 0.546703 0.689323 0.598761
v 0.553102 0.690232 0.605752
v 0.558434 0.686991 0.612867
v 0.561672 0.680333 0.618638
v 0.562237 0.671633 0.621951
v 0.560051 0.662610 0.622213
v 0.555545 0.655010 0.619417
v 0.549584 0.650295 0.614132
v 0.543319 0.649370 0.607384
v 0.537966 0.652414 0.600468
v 0.534580 0.658851 0.594704
v 0.533850 0.667463 0.591211
v 0.535970 0.676595 0.590710
v 0.540562 0.684428 0.593382
v 0.490285 0.838408 0.611643
v 0.498565 0.839633 0.609127
v 0.497339 0.831418 0.574805
v 0.489005 0.829291 0.573536
v 0.481944 0.836294 0.610361
v 0.504123 0.834006 0.579540
v 0.475163 0.833713 0.605616
v 0.471206 0.831151 0.598339
v 0.508091 0.836563 0.586816
v 0.470849 0.829101 0.589892
v 0.508460 0.838600 0.595273
v 0.474236 0.827986 0.581917
v 0.505075 0.839703 0.603263
v 0.480737 0.828055 0.576059
v 0.608840 0.838408 0.493088
v 0.606324 0.839633 0.501368
v 0.572002 0.831418 0.500142
v 0.570734 0.829291 0.491808
v 0.607558 0.836294 0.484747
v 0.576737 0.834006 0.506925
v 0.602813 0.833713 0.477966
v 0.595536 0.831151 0.474009
v 0.584013 0.836563 0.510894
v 0.587089 0.829101 0.473652
v 0.592471 0.838600 0.511262
v 0.579114 0.827986 0.477038
v 0.600460 0.839703 0.507877
v 0.573256 0.828055 0.483540
v 0.576845 0.955965 -0.397340
v 0.393695 0.955965 -0.580489
v 0.608759 0.599073 -0.404579
v 0.400935 0.599073 -0.612403
v 0.647876 0.863747 -0.474038
v 0.603305 0.930006 -0.448493
v 0.444849 0.930006 -0.606950
v 0.470394 0.863747 -0.651520
v 0.554007 0.955965 -0.420177
v 0.416533 0.955965 -0.557651
v 0.428998 0.599073 -0.584340
v 0.580696 0.599073 -0.432642
v 0.630480 0.863747 -0.491435
v 0.487790 0.863747 -0.634124
v 0.459006 0.930006 -0.592792
v 0.589148 0.930006 -0.462650
v 0.649420 0.835595 -0.475583
v 0.471938 0.835595 -0.653064
v 0.388273 0.829902 -0.599742
v 0.459821 0.617566 -0.642774
v 0.639130 0.617566 -0.463466
v 0.486123 0.617566 -0.616473
v 0.612829 0.617566 -0.489767
v 0.386629 0.859879 -0.598097
v 0.594453 0.859879 -0.390273
v 0.483544 0.883630 -0.617330
v 0.487930 0.866922 -0.630624
v 0.485862 0.878120 -0.620842
v 0.487468 0.872004 -0.625708
v 0.627813 0.883687 -0.473000
v 0.643386 0.866958 -0.475130
v 0.631641 0.878153 -0.475028
v 0.637342 0.872030 -0.475807
v 0.397733 0.882348 -0.584527
v 0.390357 0.863797 -0.593939
v 0.396950 0.876125 -0.585993
v 0.394251 0.869334 -0.589438
v 0.626980 0.866922 -0.491575
v 0.613686 0.883630 -0.487188
v 0.622064 0.872004 -0.491112
v 0.617198 0.878120 -0.489507
v 0.580883 0.882348 -0.401378
v 0.590294 0.863797 -0.394002
v 0.582349 0.876125 -0.400594
v 0.585794 0.869334 -0.397895
v 0.471486 0.866958 -0.647030
v 0.469356 0.883687 -0.631457
v 0.472163 0.872030 -0.640986
v 0.471384 0.878153 -0.635286
v 0.633114 0.815719 -0.494069
v 0.618360 0.835595 -0.506643
v 0.631000 0.854255 -0.491955
v 0.645258 0.835595 -0.479744
v 0.502999 0.835595 -0.622004
v 0.490425 0.815719 -0.636758
v 0.476100 0.835595 -0.648903
v 0.488311 0.854255 -0.634645
v 0.589666 0.820679 -0.490647
v 0.604420 0.800803 -0.478073
v 0.474429 0.800803 -0.608064
v 0.487003 0.820679 -0.593310
v 0.649121 0.769654 -0.474422
v 0.650109 0.806925 -0.476271
v 0.650006 0.788252 -0.475916
v 0.472627 0.806925 -0.653753
v 0.470777 0.769654 -0.652765
v 0.472272 0.788252 -0.653650
v 0.488051 0.769536 -0.633552
v 0.489922 0.806837 -0.636576
v 0.488936 0.788163 -0.635532
v 0.632932 0.806837 -0.493566
v 0.629908 0.769536 -0.491695
v 0.631888 0.788163 -0.492580
v 0.543328 0.693094 -0.600408
v 0.549042 0.694376 -0.607861
v 0.552459 0.692238 -0.616431
v 0.552940 0.687108 -0.624311
v 0.550483 0.680043 -0.629911
v 0.545611 0.672472 -0.632197
v 0.539258 0.665887 -0.630802
v 0.532625 0.661564 -0.626038
v 0.526973 0.660331 -0.618829
v 0.523403 0.662427 -0.610546
v 0.522651 0.667449 -0.602764
v 0.524938 0.674423 -0.596988
v 0.529876 0.681990 -0.594395
v 0.536471 0.688663 -0.595595
v 0.538697 0.699585 -0.602189
v 0.543881 0.701483 -0.609839
v 0.545844 0.701135 -0.619053
v 0.544224 0.698566 -0.627963
v 0.539407 0.694268 -0.634758
v 0.532394 0.689136 -0.638122
v 0.524558 0.684223 -0.637466
v 0.517387 0.680503 -0.632968
v 0.512238 0.678691 -0.625505
v 0.510113 0.679130 -0.616490
v 0.511482 0.681728 -0.607646
v 0.516161 0.685962 -0.600714
v 0.523265 0.690989 -0.597126
v 0.531329 0.695838 -0.597649
v 0.534541 0.709681 -0.601802
v 0.539436 0.712142 -0.609427
v 0.540648 0.713400 -0.618667
v 0.537933 0.713155 -0.627669
v 0.531862 0.711431 -0.634613
v 0.523687 0.708599 -0.638129
v 0.515032 0.705261 -0.637576
v 0.507558 0.702094 -0.633106
v 0.502686 0.699716 -0.625591
v 0.501368 0.698576 -0.616462
v 0.503915 0.698880 -0.607482
v 0.509889 0.700561 -0.600444
v 0.518122 0.703284 -0.596798
v 0.526934 0.706527 -0.597290
v 0.531788 0.721348 -0.599232
v 0.536543 0.724170 -0.606708
v 0.537485 0.726526 -0.615698
v 0.534366 0.727939 -0.624445
v 0.527771 0.728114 -0.631161
v 0.519049 0.727023 -0.634469
v 0.509983 0.724898 -0.633747
v 0.502345 0.722161 -0.629200
v 0.497590 0.719334 -0.621723
v 0.496652 0.716966 -0.612736
v 0.499773 0.715543 -0.603994
v 0.506368 0.715368 -0.597278
v 0.515088 0.716470 -0.593966
v 0.524153 0.718607 -0.594686
v 0.549506 0.689323 -0.595959
v 0.555905 0.690232 -0.602950
v 0.561237 0.686991 -0.610064
v 0.564475 0.680333 -0.615835
v 0.565039 0.671633 -0.619148
v 0.562854 0.662610 -0.619410
v 0.558347 0.655009 -0.616615
v 0.552387 0.650295 -0.611329
v 0.546121 0.649370 -0.604581
v 0.540769 0.652414 -0.597665
v 0.537382 0.658851 -0.591902
v 0.536653 0.667463 -0.588408
v 0.538773 0.676595 -0.587907
v 0.543365 0.684428 -0.590580
v 0.603210 0.693094 -0.540526
v 0.610663 0.694376 -0.546239
v 0.619233 0.692238 -0.549656
v 0.627113 0.687108 -0.550138
v 0.632714 0.680043 -0.547680
v 0.635000 0.672472 -0.542808
v 0.633604 0.665887 -0.536456
v 0.628841 0.661564 -0.529822
v 0.621632 0.660331 -0.524170
v 0.613348 0.662427 -0.520600
v 0.605566 0.667448 -0.519849
v 0.599791 0.674423 -0.522136
v 0.597198 0.681990 -0.527073
v 0.598397 0.688663 -0.533668
v 0.604991 0.699585 -0.535895
v 0.612642 0.701483 -0.541079
v 0.621856 0.701135 -0.543041
v 0.630765 0.698566 -0.541421
v 0.637561 0.694268 -0.536604
v 0.640925 0.689136 -0.529592
v 0.640268 0.684223 -0.521756
v 0.635771 0.680503 -0.514585
v 0.628307 0.678691 -0.509436
v 0.619293 0.679130 -0.507311
v 0.610448 0.681728 -0.508680
v 0.603517 0.685962 -0.513359
v 0.599929 0.690989 -0.520463
v 0.600451 0.695838 -0.528527
v 0.604605 0.709681 -0.531739
v 0.612230 0.712142 -0.536633
v 0.621469 0.713400 -0.537845
v 0.630472 0.713155 -0.535130
v 0.637416 0.711431 -0.529060
v 0.640932 0.708599 -0.520885
v 0.640378 0.705261 -0.512229
v 0.635908 0.702094 -0.504755
v 0.628393 0.699716 -0.499883
v 0.619264 0.698576 -0.498566
v 0.610285 0.698880 -0.501113
v 0.603247 0.700561 -0.507087
v 0.599600 0.703284 -0.515319
v 0.600093 0.706527 -0.524132
v 0.602034 0.721348 -0.528985
v 0.609511 0.724170 -0.533741
v 0.618501 0.726526 -0.534683
v 0.627247 0.727939 -0.531564
v 0.633963 0.728114 -0.524968
v 0.637271 0.727023 -0.516247
v 0.636550 0.724898 -0.507180
v 0.632002 0.722161 -0.499543
v 0.624525 0.719334 -0.494788
v 0.615539 0.716966 -0.493850
v 0.606797 0.715543 -0.496970
v 0.600080 0.715368 -0.503565
v 0.596769 0.716470 -0.512286
v 0.597488 0.718607 -0.521350
v 0.598761 0.689323 -0.546703
v 0.605752 0.690232 -0.553103
v 0.612867 0.686991 -0.558435
v 0.618638 0.680333 -0.561672
v 0.621951 0.671633 -0.562237
v 0.622212 0.662610 -0.560051
v 0.619417 0.655009 -0.555545
v 0.614132 0.650295 -0.549584
v 0.607384 0.649370 -0.543319
v 0.600468 0.652414 -0.537966
v 0.594704 0.658851 -0.534580
v 0.591211 0.667463 -0.533850
v 0.590710 0.676595 -0.535970
v 0.593382 0.684428 -0.540562
v 0.611642 0.838408 -0.490285
v 0.609127 0.839633 -0.498565
v 0.574805 0.831418 -0.497339
v 0.573536 0.829291 -0.489005
v 0.610361 0.836294 -0.481944
v 0.579540 0.834006 -0.504123
v 0.605616 0.833713 -0.475164
v 0.598339 0.831151 -0.471206
v 0.586816 0.836563 -0.508091
v 0.589892 0.829101 -0.470849
v 0.595273 0.838600 -0.508460
v 0.581916 0.827986 -0.474236
v 0.603263 0.839703 -0.505075
v 0.576058 0.828055 -0.480737
v 0.493088 0.838408 -0.608840
v 0.501368 0.839633 -0.606324
v 0.500142 0.831418 -0.572002
v 0.491808 0.829291 -0.570734
v 0.484747 0.836294 -0.607559
v 0.506925 0.834006 -0.576737
v 0.477966 0.833713 -0.602814
v 0.474009 0.831151 -0.595536
v 0.510893 0.836563 -0.584013
v 0.473651 0.829101 -0.587089
v 0.511262 0.838600 -0.592471
v 0.477038 0.827986 -0.579114
v 0.507877 0.839703 -0.600460
v 0.483540 0.828055 -0.573256
v -0.397339 0.955965 0.576845
v -0.580489 0.955965 0.393696
v -0.404578 0.599073 0.608759
v -0.612403 0.599074 0.400935
v -0.474038 0.863747 0.647876
v -0.448493 0.930006 0.603306
v -0.606949 0.930006 0.444849
v -0.651520 0.863747 0.470394
v -0.420177 0.955965 0.554007
v -0.557651 0.955965 0.416533
v -0.584340 0.599073 0.428998
v -0.432642 0.599073 0.580696
v -0.491434 0.863747 0.630480
v -0.634124 0.863747 0.487791
v -0.592792 0.930006 0.459006
v -0.462650 0.930006 0.589148
v -0.475582 0.835595 0.649420
v -0.653064 0.835595 0.471939
v -0.599741 0.829902 0.388273
v -0.642774 0.617566 0.459822
v -0.463465 0.617566 0.639130
v -0.616473 0.617566 0.486123
v -0.489767 0.617566 0.612829
v -0.598097 0.859879 0.386629
v -0.390273 0.859879 0.594453
v -0.617330 0.883630 0.483544
v -0.630624 0.866922 0.487931
v -0.620842 0.878120 0.485863
v -0.625708 0.872004 0.487468
v -0.473000 0.883687 0.627813
v -0.475130 0.866958 0.643386
v -0.475028 0.878153 0.631642
v -0.475807 0.872030 0.637342
v -0.584527 0.882349 0.397734
v -0.593938 0.863797 0.390358
v -0.585993 0.876125 0.396951
v -0.589438 0.869334 0.394251
v -0.491574 0.866922 0.626980
v -0.487188 0.883630 0.613686
v -0.491112 0.872004 0.622064
v -0.489506 0.878120 0.617198
v -0.401377 0.882348 0.580883
v -0.394001 0.863797 0.590295
v -0.400594 0.876125 0.582349
v -0.397894 0.869334 0.585794
v -0.647030 0.866958 0.471486
v -0.631457 0.883687 0.469356
v -0.640985 0.872030 0.472163
v -0.635285 0.878153 0.471384
v -0.494069 0.815719 0.633114
v -0.506643 0.835595 0.618360
v -0.491955 0.854255 0.631001
v -0.479744 0.835595 0.645259
v -0.622004 0.835595 0.502999
v -0.636758 0.815719 0.490425
v -0.648902 0.835595 0.476100
v -0.634644 0.854255 0.488311
v -0.490647 0.820679 0.589666
v -0.478073 0.800803 0.604420
v -0.608064 0.800803 0.474429
v -0.593310 0.820679 0.487003
v -0.474421 0.769654 0.649121
v -0.476271 0.806925 0.650109
v -0.475916 0.788252 0.650006
v -0.653753 0.806925 0.472627
v -0.652765 0.769654 0.470777
v -0.653650 0.788252 0.472272
v -0.633552 0.769536 0.488051
v -0.636576 0.806837 0.489922
v -0.635531 0.788163 0.488936
v -0.493566 0.806837 0.632932
v -0.491695 0.769536 0.629908
v -0.492580 0.788163 0.631888
v -0.600408 0.693094 0.543328
v -0.607861 0.694376 0.549042
v -0.616430 0.692238 0.552459
v -0.624311 0.687108 0.552940
v -0.629911 0.680043 0.550483
v -0.632197 0.672472 0.545611
v -0.630802 0.665887 0.539258
v -0.626038 0.661564 0.532625
v -0.618829 0.660331 0.526973
v -0.610546 0.662427 0.523403
v -0.602763 0.667449 0.522651
v -0.596988 0.674423 0.524938
v -0.594395 0.681990 0.529876
v -0.595595 0.688663 0.536471
v -0.602189 0.699585 0.538698
v -0.609839 0.701483 0.543882
v -0.619053 0.701135 0.545844
v -0.627963 0.698567 0.544224
v -0.634758 0.694269 0.539407
v -0.638122 0.689136 0.532394
v -0.637466 0.684224 0.524558
v -0.632968 0.680503 0.517388
v -0.625505 0.678691 0.512238
v -0.616490 0.679130 0.510113
v -0.607646 0.681728 0.511482
v -0.600714 0.685962 0.516161
v -0.597126 0.690989 0.523265
v -0.597649 0.695838 0.531330
v -0.601802 0.709681 0.534541
v -0.609427 0.712142 0.539436
v -0.618666 0.713401 0.540648
v -0.627669 0.713155 0.537933
v -0.634613 0.711431 0.531862
v -0.638129 0.708599 0.523688
v -0.637576 0.705261 0.515032
v -0.633106 0.702094 0.507558
v -0.625591 0.699717 0.502686
v -0.616462 0.698576 0.501369
v -0.607482 0.698880 0.503916
v -0.600444 0.700561 0.509890
v -0.596797 0.703284 0.518122
v -0.597290 0.706527 0.526935
v -0.599232 0.721348 0.531788
v -0.606708 0.724170 0.536543
v -0.615698 0.726526 0.537485
v -0.624445 0.727939 0.534366
v -0.631161 0.728114 0.527771
v -0.634469 0.727023 0.519049
v -0.633747 0.724898 0.509983
v -0.629200 0.722161 0.502345
v -0.621723 0.719334 0.497590
v -0.612736 0.716966 0.496652
v -0.603994 0.715543 0.499773
v -0.597278 0.715368 0.506368
v -0.593966 0.716471 0.515088
v -0.594686 0.718607 0.524153
v -0.595959 0.689323 0.549506
v -0.602950 0.690232 0.555905
v -0.610064 0.686991 0.561237
v -0.615835 0.680333 0.564475
v -0.619148 0.671633 0.565039
v -0.619410 0.662610 0.562854
v -0.616615 0.655010 0.558347
v -0.611329 0.650295 0.552387
v -0.604581 0.649370 0.546121
v -0.597665 0.652414 0.540769
v -0.591902 0.658851 0.537382
v -0.588408 0.667463 0.536653
v -0.587907 0.676595 0.538773
v -0.590580 0.684428 0.543365
v -0.540526 0.693094 0.603211
v -0.546239 0.694376 0.610663
v -0.549656 0.692238 0.619233
v -0.550138 0.687108 0.627113
v -0.547680 0.680043 0.632714
v -0.542808 0.672472 0.635000
v -0.536456 0.665887 0.633605
v -0.529822 0.661564 0.628841
v -0.524170 0.660331 0.621632
v -0.520600 0.662427 0.613348
v -0.519848 0.667449 0.605566
v -0.522135 0.674423 0.599791
v -0.527073 0.681990 0.597198
v -0.533668 0.688663 0.598397
v -0.535895 0.699585 0.604991
v -0.541079 0.701483 0.612642
v -0.543041 0.701135 0.621856
v -0.541421 0.698567 0.630766
v -0.536604 0.694268 0.637561
v -0.529592 0.689136 0.640925
v -0.521756 0.684224 0.640269
v -0.514585 0.680503 0.635771
v -0.509436 0.678691 0.628307
v -0.507311 0.679130 0.619293
v -0.508680 0.681728 0.610448
v -0.513359 0.685962 0.603517
v -0.520463 0.690989 0.599929
v -0.528527 0.695838 0.600451
v -0.531739 0.709681 0.604605
v -0.536633 0.712142 0.612230
v -0.537845 0.713401 0.621469
v -0.535130 0.713155 0.630472
v -0.529060 0.711431 0.637416
v -0.520885 0.708599 0.640932
v -0.512229 0.705261 0.640378
v -0.504755 0.702094 0.635909
v -0.499883 0.699716 0.628393
v -0.498566 0.698576 0.619264
v -0.501113 0.698880 0.610285
v -0.507087 0.700561 0.603247
v -0.515319 0.703284 0.599600
v -0.524132 0.706527 0.600093
v -0.528985 0.721348 0.602034
v -0.533741 0.724170 0.609511
v -0.534683 0.726526 0.618501
v -0.531564 0.727939 0.627248
v -0.524968 0.728114 0.633964
v -0.516247 0.727023 0.637272
v -0.507180 0.724898 0.636550
v -0.499543 0.722161 0.632002
v -0.494788 0.719334 0.624525
v -0.493850 0.716966 0.615539
v -0.496970 0.715543 0.606797
v -0.503565 0.715368 0.600080
v -0.512285 0.716471 0.596769
v -0.521350 0.718607 0.597489
v -0.546703 0.689323 0.598761
v -0.553102 0.690232 0.605752
v -0.558434 0.686991 0.612867
v -0.561672 0.680333 0.618638
v -0.562237 0.671633 0.621951
v -0.560051 0.662610 0.622213
v -0.555545 0.655010 0.619417
v -0.549584 0.650295 0.614132
v -0.543319 0.649370 0.607384
v -0.537966 0.652414 0.600468
v -0.534580 0.658851 0.594704
v -0.533850 0.667463 0.591211
v -0.535970 0.676595 0.590710
v -0.540562 0.684428 0.593382
v -0.490285 0.838408 0.611643
v -0.498565 0.839633 0.609127
v -0.497339 0.831418 0.574805
v -0.489005 0.829291 0.573536
v -0.481944 0.836294 0.610361
v -0.504123 0.834006 0.579540
v -0.475163 0.833713 0.605616
v -0.471206 0.831151 0.598339
v -0.508091 0.836563 0.586816
v -0.470849 0.829101 0.589892
v -0.508460 0.838600 0.595273
v -0.474236 0.827986 0.581917
v -0.505075 0.839703 0.603263
v -0.480737 0.828055 0.576059
v -0.608840 0.838408 0.493088
v -0.606324 0.839633 0.501368
v -0.572002 0.831418 0.500142
v -0.570734 0.829291 0.491808
v -0.607558 0.836294 0.484747
v -0.576737 0.834006 0.506925
v -0.602813 0.833713 0.477966
v -0.595536 0.831151 0.474009
v -0.584013 0.836563 0.510894
v -0.587089 0.829101 0.473652
v -0.592471 0.838600 0.511262
v -0.579114 0.827986 0.477038
v -0.600460 0.839703 0.507877
v -0.573256 0.828055 0.483540
v -0.576845 0.955965 -0.397340
v -0.393695 0.955965 -0.580489
v -0.608759 0.599073 -0.404579
v -0.400935 0.599073 -0.612403
v -0.647876 0.863747 -0.474038
v -0.603305 0.930006 -0.448493
v -0.444849 0.930006 -0.606950
v -0.470394 0.863747 -0.651520
v -0.554007 0.955965 -0.420177
v -0.416533 0.955965 -0.557651
v -0.428998 0.599073 -0.584340
v -0.580696 0.599073 -0.432642
v -0.630480 0.863747 -0.491435
v -0.487790 0.863747 -0.634124
v -0.459006 0.930006 -0.592792
v -0.589148 0.930006 -0.462650
v -0.649420 0.835595 -0.475583
v -0.471938 0.835595 -0.653064
v -0.388273 0.829902 -0.599742
v -0.459821 0.617566 -0.642774
v -0.639130 0.617566 -0.463466
v -0.486123 0.617566 -0.616473
v -0.612829 0.617566 -0.489767
v -0.386629 0.859879 -0.598097
v -0.594453 0.859879 -0.390273
v -0.483544 0.883630 -0.617330
v -0.487930 0.866922 -0.630624
v -0.485862 0.878120 -0.620842
v -0.487468 0.872004 -0.625708
v -0.627813 0.883687 -0.473000
v -0.643386 0.866958 -0.475130
v -0.631641 0.878153 -0.475028
v -0.637342 0.872030 -0.475807
v -0.397733 0.882348 -0.584527
v -0.390357 0.863797 -0.593939
v -0.396950 0.876125 -0.585993
v -0.394251 0.869334 -0.589438
v -0.626980 0.866922 -0.491575
v -0.613686 0.883630 -0.487188
v -0.622064 0.872004 -0.491112
v -0.617198 0.878120 -0.489507
v -0.580883 0.882348 -0.401378
v -0.590294 0.863797 -0.394002
v -0.582349 0.876125 -0.400594
v -0.585794 0.869334 -0.397895
v -0.471486 0.866958 -0.647030
v -0.469356 0.883687 -0.631457
v -0.472163 0.872030 -0.640986
v -0.471384 0.878153 -0.635286
v -0.633114 0.815719 -0.494069
v -0.618360 0.835595 -0.506643
v -0.631000 0.854255 -0.491955
v -0.645258 0.835595 -0.479744
v -0.502999 0.835595 -0.622004
v -0.490425 0.815719 -0.636758
v -0.476100 0.835595 -0.648903
v -0.488311 0.854255 -0.634645
v -0.589666 0.820679 -0.490647
v -0.604420 0.800803 -0.478073
v -0.474429 0.800803 -0.608064
v -0.487003 0.820679 -0.593310
v -0.649121 0.769654 -0.474422
v -0.650109 0.806925 -0.476271
v -0.650006 0.788252 -0.475916
v -0.472627 0.806925 -0.653753
v -0.470777 0.769654 -0.652765
v -0.472272 0.788252 -0.653650
v -0.488051 0.769536 -0.633552
v -0.489922 0.806837 -0.636576
v -0.488936 0.788163 -0.635532
v -0.632932 0.806837 -0.493566
v -0.629908 0.769536 -0.491695
v -0.631888 0.788163 -0.492580
v -0.543328 0.693094 -0.600408
v -0.549042 0.694376 -0.607861
v -0.552459 0.692238 -0.616431
v -0.552940 0.687108 -0.624311
v -0.550483 0.680043 -0.629911
v -0.545611 0.672472 -0.632197
v -0.539258 0.665887 -0.630802
v -0.532625 0.661564 -0.626038
v -0.526973 0.660331 -0.618829
v -0.523403 0.662427 -0.610546
v -0.522651 0.667449 -0.602764
v -0.524938 0.674423 -0.596988
v -0.529876 0.681990 -0.594395
v -0.536471 0.688663 -0.595595
v -0.538697 0.699585 -0.602189
v -0.543881 0.701483 -0.609839
v -0.545844 0.701135 -0.619053
v -0.544224 0.698566 -0.627963
v -0.539407 0.694268 -0.634758
v -0.532394 0.689136 -0.638122
v -0.524558 0.684223 -0.637466
v -0.517387 0.680503 -0.632968
v -0.512238 0.678691 -0.625505
v -0.510113 0.679130 -0.616490
v -0.511482 0.681728 -0.607646
v -0.516161 0.685962 -0.600714
v -0.523265 0.690989 -0.597126
v -0.531329 0.695838 -0.597649
v -0.534541 0.709681 -0.601802
v -0.539436 0.712142 -0.609427
v -0.540648 0.713400 -0.618667
v -0.537933 0.713155 -0.627669
v -0.531862 0.711431 -0.634613
v -0.523687 0.708599 -0.638129
v -0.515032 0.705261 -0.637576
v -0.507558 0.702094 -0.633106
v -0.502686 0.699716 -0.625591
v -0.501368 0.698576 -0.616462
v -0.503915 0.698880 -0.607482
v -0.509889 0.700561 -0.600444
v -0.518122 0.703284 -0.596798
v -0.526934 0.706527 -0.597290
v -0.531788 0.721348 -0.599232
v -0.536543 0.724170 -0.606708
v -0.537485 0.726526 -0.615698
v -0.534366 0.727939 -0.624445
v -0.527771 0.728114 -0.631161
v -0.519049 0.727023 -0.634469
v -0.509983 0.724898 -0.633747
v -0.502345 0.722161 -0.629200
v -0.497590 0.719334 -0.621723
v -0.496652 0.716966 -0.612736
v -0.499773 0.715543 -0.603994
v -0.506368 0.715368 -0.597278
v -0.515088 0.716470 -0.593966
v -0.524153 0.718607 -0.594686
v -0.549506 0.689323 -0.595959
v -0.555905 0.690232 -0.602950
v -0.561237 0.686991 -0.610064
v -0.564475 0.680333 -0.615835
v -0.565039 0.671633 -0.619148
v -0.562854 0.662610 -0.619410
v -0.558347 0.655009 -0.616615
v -0.552387 0.650295 -0.611329
v -0.546121 0.649370 -0.604581
v -0.540769 0.652414 -0.597665
v -0.537382 0.658851 -0.591902
v -0.536653 0.667463 -0.588408
v -0.538773 0.676595 -0.587907
v -0.543365 0.684428 -0.590580
v -0.603210 0.693094 -0.540526
v -0.610663 0.694376 -0.546239
v -0.619233 0.692238 -0.549656
v -0.627113 0.687108 -0.550138
v -0.632714 0.680043 -0.547680
v -0.635000 0.672472 -0.542808
v -0.633604 0.665887 -0.536456
v -0.628841 0.661564 -0.529822
v -0.621632 0.660331 -0.524170
v -0.613348 0.662427 -0.520600
v -0.605566 0.667448 -0.519849
v -0.599791 0.674423 -0.522136
v -0.597198 0.681990 -0.527073
v -0.598397 0.688663 -0.533668
v -0.604991 0.699585 -0.535895
v -0.612642 0.701483 -0.541079
v -0.621856 0.701135 -0.543041
v -0.630765 0.698566 -0.541421
v -0.637561 0.694268 -0.536604
v -0.640925 0.689136 -0.529592
v -0.640268 0.684223 -0.521756
v -0.635771 0.680503 -0.514585
v -0.628307 0.678691 -0.509436
v -0.619293 0.679130 -0.507311
v -0.610448 0.681728 -0.508680
v -0.603517 0.685962 -0.513359
v -0.599929 0.690989 -0.520463
v -0.600451 0.695838 -0.528527
v -0.604605 0.709681 -0.531739
v -0.612230 0.712142 -0.536633
v -0.621469 0.713400 -0.537845
v -0.630472 0.713155 -0.535130
v -0.637416 0.711431 -0.529060
v -0.640932 0.708599 -0.520885
v -0.640378 0.705261 -0.512229
v -0.635908 0.702094 -0.504755
v -0.628393 0.699716 -0.499883
v -0.619264 0.698576 -0.498566
v -0.610285 0.698880 -0.501113
v -0.603247 0.700561 -0.507087
v -0.599600 0.703284 -0.515319
v -0.600093 0.706527 -0.524132
v -0.602034 0.721348 -0.528985
v -0.609511 0.724170 -0.533741
v -0.618501 0.726526 -0.534683
v -0.627247 0.727939 -0.531564
v -0.633963 0.728114 -0.524968
v -0.637271 0.727023 -0.516247
v -0.636550 0.724898 -0.507180
v -0.632002 0.722161 -0.499543
v -0.624525 0.719334 -0.494788
v -0.615539 0.716966 -0.493850
v -0.606797 0.715543 -0.496970
v -0.600080 0.715368 -0.503565
v -0.596769 0.716470 -0.512286
v -0.597488 0.718607 -0.521350
v -0.598761 0.689323 -0.546703
v -0.605752 0.690232 -0.553103
v -0.612867 0.686991 -0.558435
v -0.618638 0.680333 -0.561672
v -0.621951 0.671633 -0.562237
v -0.622212 0.662610 -0.560051
v -0.619417 0.655009 -0.555545
v -0.614132 0.650295 -0.549584
v -0.607384 0.649370 -0.543319
v -0.600468 0.652414 -0.537966
v -0.594704 0.658851 -0.534580
v -0.591211 0.667463 -0.533850
v -0.590710 0.676595 -0.535970
v -0.593382 0.684428 -0.540562
v -0.611642 0.838408 -0.490285
v -0.609127 0.839633 -0.498565
v -0.574805 0.831418 -0.497339
v -0.573536 0.829291 -0.489005
v -0.610361 0.836294 -0.481944
v -0.579540 0.834006 -0.504123
v -0.605616 0.833713 -0.475164
v -0.598339 0.831151 -0.471206
v -0.586816 0.836563 -0.508091
v -0.589892 0.829101 -0.470849
v -0.595273 0.838600 -0.508460
v -0.581916 0.827986 -0.474236
v -0.603263 0.839703 -0.505075
v -0.576058 0.828055 -0.480737
v -0.493088 0.838408 -0.608840
v -0.501368 0.839633 -0.606324
v -0.500142 0.831418 -0.572002
v -0.491808 0.829291 -0.570734
v -0.484747 0.836294 -0.607559
v -0.506925 0.834006 -0.576737
v -0.477966 0.833713 -0.602814
v -0.474009 0.831151 -0.595536
v -0.510893 0.836563 -0.584013
v -0.473651 0.829101 -0.587089
v -0.511262 0.838600 -0.592471
v -0.477038 0.827986 -0.579114
v -0.507877 0.839703 -0.600460
v -0.483540 0.828055 -0.573256
v 0.397339 3.066705 0.576845
v 0.580489 3.066705 0.393696
v 0.404578 3.423596 0.608759
v 0.612403 3.423596 0.400935
v 0.474038 3.158922 0.647876
v 0.448493 3.092663 0.603306
v 0.606949 3.092663 0.444849
v 0.651520 3.158922 0.470394
v 0.420177 3.066704 0.554007
v 0.557651 3.066704 0.416533
v 0.584340 3.423596 0.428998
v 0.432642 3.423596 0.580696
v 0.491434 3.158922 0.630480
v 0.634124 3.158922 0.487791
v 0.592792 3.092663 0.459006
v 0.462650 3.092663 0.589148
v 0.475582 3.187074 0.649420
v 0.653064 3.187074 0.471939
v 0.599741 3.192768 0.388273
v 0.642774 3.405104 0.459822
v 0.463465 3.405104 0.639130
v 0.616473 3.405104 0.486123
v 0.489767 3.405104 0.612829
v 0.598097 3.162791 0.386629
v 0.390273 3.162791 0.594453
v 0.617330 3.139039 0.483544
v 0.630624 3.155747 0.487931
v 0.620842 3.144549 0.485863
v 0.625708 3.150665 0.487468
v 0.473000 3.138982 0.627813
v 0.475130 3.155711 0.643386
v 0.475028 3.144516 0.631642
v 0.475807 3.150639 0.637342
v 0.584527 3.140321 0.397734
v 0.593938 3.158872 0.390358
v 0.585993 3.146544 0.396951
v 0.589438 3.153335 0.394251
v 0.491574 3.155747 0.626980
v 0.487188 3.139039 0.613686
v 0.491112 3.150665 0.622064
v 0.489506 3.144549 0.617198
v 0.401377 3.140321 0.580883
v 0.394001 3.158872 0.590295
v 0.400594 3.146544 0.582349
v 0.397894 3.153335 0.585794
v 0.647030 3.155711 0.471486
v 0.631457 3.138982 0.469356
v 0.640985 3.150639 0.472163
v 0.635285 3.144516 0.471384
v 0.494069 3.206950 0.633114
v 0.506643 3.187074 0.618360
v 0.491955 3.168414 0.631001
v 0.479744 3.187074 0.645259
v 0.622004 3.187074 0.502999
v 0.636758 3.206951 0.490425
v 0.648902 3.187074 0.476100
v 0.634644 3.168414 0.488311
v 0.490647 3.201990 0.589666
v 0.478073 3.221867 0.604420
v 0.608064 3.221867 0.474429
v 0.593310 3.201990 0.487003
v 0.474421 3.253015 0.649121
v 0.476271 3.215744 0.650109
v 0.475916 3.234417 0.650006
v 0.653753 3.215744 0.472627
v 0.652765 3.253015 0.470777
v 0.653650 3.234417 0.472272
v 0.633552 3.253133 0.488051
v 0.636576 3.215832 0.489922
v 0.635531 3.234506 0.488936
v 0.493566 3.215832 0.632932
v 0.491695 3.253133 0.629908
v 0.492580 3.234506 0.631888
v 0.600408 3.329575 0.543328
v 0.607861 3.328294 0.549042
v 0.616430 3.330431 0.552459
v 0.624311 3.335561 0.552940
v 0.629911 3.342627 0.550483
v 0.632197 3.350198 0.545611
v 0.630802 3.356782 0.539258
v 0.626038 3.361106 0.532625
v 0.618829 3.362339 0.526973
v 0.610546 3.360243 0.523403
v 0.602763 3.355221 0.522651
v 0.596988 3.348246 0.524938
v 0.594395 3.340679 0.529876
v 0.595595 3.334007 0.536471
v 0.602189 3.323084 0.538698
v 0.609839 3.321187 0.543882
v 0.619053 3.321534 0.545844
v 0.627963 3.324103 0.544224
v 0.634758 3.328401 0.539407
v 0.638122 3.333533 0.532394
v 0.637466 3.338446 0.524558
v 0.632968 3.342167 0.517388
v 0.625505 3.343978 0.512238
v 0.616490 3.343539 0.510113
v 0.607646 3.340942 0.511482
v 0.600714 3.336707 0.516161
v 0.597126 3.331680 0.523265
v 0.597649 3.326832 0.531330
v 0.601802 3.312989 0.534541
v 0.609427 3.310528 0.539436
v 0.618666 3.309269 0.540648
v 0.627669 3.309514 0.537933
v 0.634613 3.311238 0.531862
v 0.638129 3.314070 0.523688
v 0.637576 3.317409 0.515032
v 0.633106 3.320575 0.507558
v 0.625591 3.322953 0.502686
v 0.616462 3.324094 0.501369
v 0.607482 3.323789 0.503916
v 0.600444 3.322109 0.509890
v 0.596797 3.319385 0.518122
v 0.597290 3.316142 0.526935
v 0.599232 3.301321 0.531788
v 0.606708 3.298499 0.536543
v 0.615698 3.296143 0.537485
v 0.624445 3.294730 0.534366
v 0.631161 3.294555 0.527771
v 0.634469 3.295647 0.519049
v 0.633747 3.297771 0.509983
v 0.629200 3.300508 0.502345
v 0.621723 3.303335 0.497590
v 0.612736 3.305703 0.496652
v 0.603994 3.307126 0.499773
v 0.597278 3.307301 0.506368
v 0.593966 3.306199 0.515088
v 0.594686 3.304062 0.524153
v 0.595959 3.333346 0.549506
v 0.602950 3.332438 0.555905
v 0.610064 3.335679 0.561237
v 0.615835 3.342336 0.564475
v 0.619148 3.351036 0.565039
v 0.619410 3.360060 0.562854
v 0.616615 3.367660 0.558347
v 0.611329 3.372375 0.552387
v 0.604581 3.373299 0.546121
v 0.597665 3.370255 0.540769
v 0.591902 3.363818 0.537382
v 0.588408 3.355206 0.536653
v 0.587907 3.346074 0.538773
v 0.590580 3.338242 0.543365
v 0.540526 3.329575 0.603211
v 0.546239 3.328294 0.610663
v 0.549656 3.330431 0.619233
v 0.550138 3.335561 0.627113
v 0.547680 3.342627 0.632714
v 0.542808 3.350198 0.635000
v 0.536456 3.356782 0.633605
v 0.529822 3.361106 0.628841
v 0.524170 3.362339 0.621632
v 0.520600 3.360243 0.613348
v 0.519848 3.355221 0.605566
v 0.522135 3.348246 0.599791
v 0.527073 3.340679 0.597198
v 0.533668 3.334007 0.598397
v 0.535895 3.323084 0.604991
v 0.541079 3.321187 0.612642
v 0.543041 3.321534 0.621856
v 0.541421 3.324103 0.630766
v 0.536604 3.328401 0.637561
v 0.529592 3.333533 0.640925
v 0.521756 3.338446 0.640269
v 0.514585 3.342167 0.635771
v 0.509436 3.343978 0.628307
v 0.507311 3.343539 0.619293
v 0.508680 3.340942 0.610448
v 0.513359 3.336707 0.603517
v 0.520463 3.331680 0.599929
v 0.528527 3.326832 0.600451
v 0.531739 3.312989 0.604605
v 0.536633 3.310528 0.612230
v 0.537845 3.309269 0.621469
v 0.535130 3.309514 0.630472
v 0.529060 3.311238 0.637416
v 0.520885 3.314070 0.640932
v 0.512229 3.317409 0.640378
v 0.504755 3.320575 0.635909
v 0.499883 3.322953 0.628393
v 0.498566 3.324094 0.619264
v 0.501113 3.323789 0.610285
v 0.507087 3.322109 0.603247
v 0.515319 3.319385 0.599600
v 0.524132 3.316142 0.600093
v 0.528985 3.301321 0.602034
v 0.533741 3.298499 0.609511
v 0.534683 3.296143 0.618501
v 0.531564 3.294730 0.627248
v 0.524968 3.294555 0.633964
v 0.516247 3.295647 0.637272
v 0.507180 3.297771 0.636550
v 0.499543 3.300508 0.632002
v 0.494788 3.303335 0.624525
v 0.493850 3.305703 0.615539
v 0.496970 3.307127 0.606797
v 0.503565 3.307301 0.600080
v 0.512285 3.306199 0.596769
v 0.521350 3.304062 0.597489
v 0.546703 3.333346 0.598761
v 0.553102 3.332438 0.605752
v 0.558434 3.335679 0.612867
v 0.561672 3.342336 0.618638
v 0.562237 3.351036 0.621951
v 0.560051 3.360060 0.622213
v 0.555545 3.367660 0.619417
v 0.549584 3.372375 0.614132
v 0.543319 3.373299 0.607384
v 0.537966 3.370255 0.600468
v 0.534580 3.363818 0.594704
v 0.533850 3.355206 0.591211
v 0.535970 3.346074 0.590710
v 0.540562 3.338242 0.593382
v 0.490285 3.184261 0.611643
v 0.498565 3.183036 0.609127
v 0.497339 3.191251 0.574805
v 0.489005 3.193378 0.573536
v 0.481944 3.186375 0.610361
v 0.504123 3.188663 0.579540
v 0.475163 3.188956 0.605616
v 0.471206 3.191518 0.598339
v 0.508091 3.186106 0.586816
v 0.470849 3.193568 0.589892
v 0.508460 3.184069 0.595273
v 0.474236 3.194683 0.581917
v 0.505075 3.182966 0.603263
v 0.480737 3.194614 0.576059
v 0.608840 3.184261 0.493088
v 0.606324 3.183036 0.501368
v 0.572002 3.191251 0.500142
v 0.570734 3.193378 0.491808
v 0.607558 3.186375 0.484747
v 0.576737 3.188663 0.506925
v 0.602813 3.188956 0.477966
v 0.595536 3.191518 0.474009
v 0.584013 3.186106 0.510894
v 0.587089 3.193568 0.473652
v 0.592471 3.184069 0.511262
v 0.579114 3.194683 0.477038
v 0.600460 3.182966 0.507877
v 0.573256 3.194614 0.483540
v 0.576845 3.066705 -0.397340
v 0.393695 3.066705 -0.580489
v 0.608759 3.423596 -0.404579
v 0.400935 3.423596 -0.612403
v 0.647876 3.158922 -0.474038
v 0.603305 3.092663 -0.448493
v 0.444849 3.092663 -0.606950
v 0.470394 3.158922 -0.651520
v 0.554007 3.066705 -0.420177
v 0.416533 3.066705 -0.557651
v 0.428998 3.423596 -0.584340
v 0.580696 3.423596 -0.432642
v 0.630480 3.158922 -0.491435
v 0.487790 3.158922 -0.634124
v 0.459006 3.092663 -0.592792
v 0.589148 3.092663 -0.462650
v 0.649420 3.187074 -0.475583
v 0.471938 3.187074 -0.653064
v 0.388273 3.192768 -0.599742
v 0.459821 3.405104 -0.642774
v 0.639130 3.405104 -0.463466
v 0.486123 3.405104 -0.616473
v 0.612829 3.405104 -0.489767
v 0.386629 3.162791 -0.598097
v 0.594453 3.162791 -0.390273
v 0.483544 3.139039 -0.617330
v 0.487930 3.155747 -0.630624
v 0.485862 3.144549 -0.620842
v 0.487468 3.150665 -0.625708
v 0.627813 3.138982 -0.473000
v 0.643386 3.155711 -0.475130
v 0.631641 3.144516 -0.475028
v 0.637342 3.150639 -0.475807
v 0.397733 3.140321 -0.584527
v 0.390357 3.158872 -0.593939
v 0.396950 3.146544 -0.585993
v 0.394251 3.153335 -0.589438
v 0.626980 3.155747 -0.491575
v 0.613686 3.139039 -0.487188
v 0.622064 3.150665 -0.491112
v 0.617198 3.144549 -0.489507
v 0.580883 3.140321 -0.401378
v 0.590294 3.158872 -0.394002
v 0.582349 3.146544 -0.400594
v 0.585794 3.153335 -0.397895
v 0.471486 3.155711 -0.647030
v 0.469356 3.138982 -0.631457
v 0.472163 3.150639 -0.640986
v 0.471384 3.144516 -0.635286
v 0.633114 3.206951 -0.494069
v 0.618360 3.187074 -0.506643
v 0.631000 3.168414 -0.491955
v 0.645258 3.187074 -0.479744
v 0.502999 3.187074 -0.622004
v 0.490425 3.206951 -0.636758
v 0.476100 3.187074 -0.648903
v 0.488311 3.168414 -0.634645
v 0.589666 3.201990 -0.490647
v 0.604420 3.221867 -0.478073
v 0.474429 3.221867 -0.608064
v 0.487003 3.201990 -0.593310
v 0.649121 3.253015 -0.474422
v 0.650109 3.215744 -0.476271
v 0.650006 3.234417 -0.475916
v 0.472627 3.215744 -0.653753
v 0.470777 3.253015 -0.652765
v 0.472272 3.234417 -0.653650
v 0.488051 3.253133 -0.633552
v 0.489922 3.215833 -0.636576
v 0.488936 3.234506 -0.635532
v 0.632932 3.215833 -0.493566
v 0.629908 3.253133 -0.491695
v 0.631888 3.234506 -0.492580
v 0.543328 3.329575 -0.600408
v 0.549042 3.328294 -0.607861
v 0.552459 3.330431 -0.616431
v 0.552940 3.335561 -0.624311
v 0.550483 3.342627 -0.629911
v 0.545611 3.350198 -0.632197
v 0.539258 3.356782 -0.630802
v 0.532625 3.361106 -0.626038
v 0.526973 3.362339 -0.618829
v 0.523403 3.360243 -0.610546
v 0.522651 3.355221 -0.602764
v 0.524938 3.348246 -0.596988
v 0.529876 3.340679 -0.594395
v 0.536471 3.334007 -0.595595
v 0.538697 3.323084 -0.602189
v 0.543881 3.321187 -0.609839
v 0.545844 3.321534 -0.619053
v 0.544224 3.324103 -0.627963
v 0.539407 3.328401 -0.634758
v 0.532394 3.333533 -0.638122
v 0.524558 3.338446 -0.637466
v 0.517387 3.342167 -0.632968
v 0.512238 3.343978 -0.625505
v 0.510113 3.343539 -0.616490
v 0.511482 3.340942 -0.607646
v 0.516161 3.336707 -0.600714
v 0.523265 3.331680 -0.597126
v 0.531329 3.326832 -0.597649
v 0.534541 3.312989 -0.601802
v 0.539436 3.310528 -0.609427
v 0.540648 3.309269 -0.618667
v 0.537933 3.309514 -0.627669
v 0.531862 3.311238 -0.634613
v 0.523687 3.314070 -0.638129
v 0.515032 3.317409 -0.637576
v 0.507558 3.320575 -0.633106
v 0.502686 3.322953 -0.625591
v 0.501368 3.324094 -0.616462
v 0.503915 3.323789 -0.607482
v 0.509889 3.322109 -0.600444
v 0.518122 3.319385 -0.596798
v 0.526934 3.316142 -0.597290
v 0.531788 3.301321 -0.599232
v 0.536543 3.298499 -0.606708
v 0.537485 3.296143 -0.615698
v 0.534366 3.294730 -0.624445
v 0.527771 3.294555 -0.631161
v 0.519049 3.295647 -0.634469
v 0.509983 3.297771 -0.633747
v 0.502345 3.300508 -0.629200
v 0.497590 3.303335 -0.621723
v 0.496652 3.305703 -0.612736
v 0.499773 3.307127 -0.603994
v 0.506368 3.307301 -0.597278
v 0.515088 3.306199 -0.593966
v 0.524153 3.304062 -0.594686
v 0.549506 3.333346 -0.595959
v 0.555905 3.332438 -0.602950
v 0.561237 3.335679 -0.610064
v 0.564475 3.342336 -0.615835
v 0.565039 3.351036 -0.619148
v 0.562854 3.360060 -0.619410
v 0.558347 3.367660 -0.616615
v 0.552387 3.372375 -0.611329
v 0.546121 3.373299 -0.604581
v 0.540769 3.370255 -0.597665
v 0.537382 3.363818 -0.591902
v 0.536653 3.355206 -0.588408
v 0.538773 3.346074 -0.587907
v 0.543365 3.338242 -0.590580
v 0.603210 3.329575 -0.540526
v 0.610663 3.328294 -0.546239
v 0.619233 3.330431 -0.549656
v 0.627113 3.335561 -0.550138
v 0.632714 3.342627 -0.547680
v 0.635000 3.350198 -0.542808
v 0.633604 3.356782 -0.536456
v 0.628841 3.361106 -0.529822
v 0.621632 3.362339 -0.524170
v 0.613348 3.360243 -0.520600
v 0.605566 3.355221 -0.519849
v 0.599791 3.348246 -0.522136
v 0.597198 3.340679 -0.527073
v 0.598397 3.334007 -0.533668
v 0.604991 3.323084 -0.535895
v 0.612642 3.321187 -0.541079
v 0.621856 3.321535 -0.543041
v 0.630765 3.324103 -0.541421
v 0.637561 3.328401 -0.536604
v 0.640925 3.333533 -0.529592
v 0.640268 3.338446 -0.521756
v 0.635771 3.342167 -0.514585
v 0.628307 3.343978 -0.509436
v 0.619293 3.343539 -0.507311
v 0.610448 3.340942 -0.508680
v 0.603517 3.336707 -0.513359
v 0.599929 3.331680 -0.520463
v 0.600451 3.326832 -0.528527
v 0.604605 3.312989 -0.531739
v 0.612230 3.310528 -0.536633
v 0.621469 3.309269 -0.537845
v 0.630472 3.309515 -0.535130
v 0.637416 3.311238 -0.529060
v 0.640932 3.314070 -0.520885
v 0.640378 3.317409 -0.512229
v 0.635908 3.320575 -0.504755
v 0.628393 3.322953 -0.499883
v 0.619264 3.324094 -0.498566
v 0.610285 3.323789 -0.501113
v 0.603247 3.322109 -0.507087
v 0.599600 3.319385 -0.515319
v 0.600093 3.316142 -0.524132
v 0.602034 3.301321 -0.528985
v 0.609511 3.298499 -0.533741
v 0.618501 3.296143 -0.534683
v 0.627247 3.294730 -0.531564
v 0.633963 3.294555 -0.524968
v 0.637271 3.295647 -0.516247
v 0.636550 3.297771 -0.507180
v 0.632002 3.300508 -0.499543
v 0.624525 3.303335 -0.494788
v 0.615539 3.305703 -0.493850
v 0.606797 3.307127 -0.496970
v 0.600080 3.307301 -0.503565
v 0.596769 3.306199 -0.512286
v 0.597488 3.304062 -0.521350
v 0.598761 3.333346 -0.546703
v 0.605752 3.332438 -0.553103
v 0.612867 3.335679 -0.558435
v 0.618638 3.342336 -0.561672
v 0.621951 3.351036 -0.562237
v 0.622212 3.360060 -0.560051
v 0.619417 3.367660 -0.555545
v 0.614132 3.372375 -0.549584
v 0.607384 3.373299 -0.543319
v 0.600468 3.370255 -0.537966
v 0.594704 3.363818 -0.534580
v 0.591211 3.355206 -0.533850
v 0.590710 3.346074 -0.535970
v 0.593382 3.338242 -0.540562
v 0.611642 3.184261 -0.490285
v 0.609127 3.183037 -0.498565
v 0.574805 3.191251 -0.497339
v 0.573536 3.193379 -0.489005
v 0.610361 3.186375 -0.481944
v 0.579540 3.188663 -0.504123
v 0.605616 3.188956 -0.475164
v 0.598339 3.191518 -0.471206
v 0.586816 3.186106 -0.508091
v 0.589892 3.193568 -0.470849
v 0.595273 3.184069 -0.508460
v 0.581916 3.194683 -0.474236
v 0.603263 3.182966 -0.505075
v 0.576058 3.194614 -0.480737
v 0.493088 3.184261 -0.608840
v 0.501368 3.183037 -0.606324
v 0.500142 3.191251 -0.572002
v 0.491808 3.193379 -0.570734
v 0.484747 3.186375 -0.607559
v 0.506925 3.188663 -0.576737
v 0.477966 3.188956 -0.602814
v 0.474009 3.191518 -0.595536
v 0.510893 3.186106 -0.584013
v 0.473651 3.193568 -0.587089
v 0.511262 3.184069 -0.592471
v 0.477038 3.194683 -0.579114
v 0.507877 3.182966 -0.600460
v 0.483540 3.194614 -0.573256
v -0.397339 3.066705 0.576845
v -0.580489 3.066705 0.393696
v -0.404578 3.423596 0.608759
v -0.612403 3.423596 0.400935
v -0.474038 3.158922 0.647876
v -0.448493 3.092663 0.603306
v -0.606949 3.092663 0.444849
v -0.651520 3.158922 0.470394
v -0.420177 3.066704 0.554007
v -0.557651 3.066704 0.416533
v -0.584340 3.423596 0.428998
v -0.432642 3.423596 0.580696
v -0.491434 3.158922 0.630480
v -0.634124 3.158922 0.487791
v -0.592792 3.092663 0.459006
v -0.462650 3.092663 0.589148
v -0.475582 3.187074 0.649420
v -0.653064 3.187074 0.471939
v -0.599741 3.192768 0.388273
v -0.642774 3.405104 0.459822
v -0.463465 3.405104 0.639130
v -0.616473 3.405104 0.486123
v -0.489767 3.405104 0.612829
v -0.598097 3.162791 0.386629
v -0.390273 3.162791 0.594453
v -0.617330 3.139039 0.483544
v -0.630624 3.155747 0.487931
v -0.620842 3.144549 0.485863
v -0.625708 3.150665 0.487468
v -0.473000 3.138982 0.627813
v -0.475130 3.155711 0.643386
v -0.475028 3.144516 0.631642
v -0.475807 3.150639 0.637342
v -0.584527 3.140321 0.397734
v -0.593938 3.158872 0.390358
v -0.585993 3.146544 0.396951
v -0.589438 3.153335 0.394251
v -0.491574 3.155747 0.626980
v -0.487188 3.139039 0.613686
v -0.491112 3.150665 0.622064
v -0.489506 3.144549 0.617198
v -0.401377 3.140321 0.580883
v -0.394001 3.158872 0.590295
v -0.400594 3.146544 0.582349
v -0.397894 3.153335 0.585794
v -0.647030 3.155711 0.471486
v -0.631457 3.138982 0.469356
v -0.640985 3.150639 0.472163
v -0.635285 3.144516 0.471384
v -0.494069 3.206950 0.633114
v -0.506643 3.187074 0.618360
v -0.491955 3.168414 0.631001
v -0.479744 3.187074 0.645259
v -0.622004 3.187074 0.502999
v -0.636758 3.206951 0.490425
v -0.648902 3.187074 0.476100
v -0.634644 3.168414 0.488311
v -0.490647 3.201990 0.589666
v -0.478073 3.221867 0.604420
v -0.608064 3.221867 0.474429
v -0.593310 3.201990 0.487003
v -0.474421 3.253015 0.649121
v -0.476271 3.215744 0.650109
v -0.475916 3.234417 0.650006
v -0.653753 3.215744 0.472627
v -0.652765 3.253015 0.470777
v -0.653650 3.234417 0.472272
v -0.633552 3.253133 0.488051
v -0.636576 3.215832 0.489922
v -0.635531 3.234506 0.488936
v -0.493566 3.215832 0.632932
v -0.491695 3.253133 0.629908
v -0.492580 3.234506 0.631888
v -0.600408 3.329575 0.543328
v -0.607861 3.328294 0.549042
v -0.616430 3.330431 0.552459
v -0.624311 3.335561 0.552940
v -0.629911 3.342627 0.550483
v -0.632197 3.350198 0.545611
v -0.630802 3.356782 0.539258
v -0.626038 3.361106 0.532625
v -0.618829 3.362339 0.526973
v -0.610546 3.360243 0.523403
v -0.602763 3.355221 0.522651
v -0.596988 3.348246 0.524938
v -0.594395 3.340679 0.529876
v -0.595595 3.334007 0.536471
v -0.602189 3.323084 0.538698
v -0.609839 3.321187 0.543882
v -0.619053 3.321534 0.545844
v -0.627963 3.324103 0.544224
v -0.634758 3.328401 0.539407
v -0.638122 3.333533 0.532394
v -0.637466 3.338446 0.524558
v -0.632968 3.342167 0.517388
v -0.625505 3.343978 0.512238
v -0.616490 3.343539 0.510113
v -0.607646 3.340942 0.511482
v -0.600714 3.336707 0.516161
v -0.597126 3.331680 0.523265
v -0.597649 3.326832 0.531330
v -0.601802 3.312989 0.534541
v -0.609427 3.310528 0.539436
v -0.618666 3.309269 0.540648
v -0.627669 3.309514 0.537933
v -0.634613 3.311238 0.531862
v -0.638129 3.314070 0.523688
v -0.637576 3.317409 0.515032
v -0.633106 3.320575 0.507558
v -0.625591 3.322953 0.502686
v -0.616462 3.324094 0.501369
v -0.607482 3.323789 0.503916
v -0.600444 3.322109 0.509890
v -0.596797 3.319385 0.518122
v -0.597290 3.316142 0.526935
v -0.599232 3.301321 0.531788
v -0.606708 3.298499 0.536543
v -0.615698 3.296143 0.537485
v -0.624445 3.294730 0.534366
v -0.631161 3.294555 0.527771
v -0.634469 3.295647 0.519049
v -0.633747 3.297771 0.509983
v -0.629200 3.300508 0.502345
v -0.621723 3.303335 0.497590
v -0.612736 3.305703 0.496652
v -0.603994 3.307126 0.499773
v -0.597278 3.307301 0.506368
v -0.593966 3.306199 0.515088
v -0.594686 3.304062 0.524153
v -0.595959 3.333346 0.549506
v -0.602950 3.332438 0.555905
v -0.610064 3.335679 0.561237
v -0.615835 3.342336 0.564475
v -0.619148 3.351036 0.565039
v -0.619410 3.360060 0.562854
v -0.616615 3.367660 0.558347
v -0.611329 3.372375 0.552387
v -0.604581 3.373299 0.546121
v -0.597665 3.370255 0.540769
v -0.591902 3.363818 0.537382
v -0.588408 3.355206 0.536653
v -0.587907 3.346074 0.538773
v -0.590580 3.338242 0.543365
v -0.540526 3.329575 0.603211
v -0.546239 3.328294 0.610663
v -0.549656 3.330431 0.619233
v -0.550138 3.335561 0.627113
v -0.547680 3.342627 0.632714
v -0.542808 3.350198 0.635000
v -0.536456 3.356782 0.633605
v -0.529822 3.361106 0.628841
v -0.524170 3.362339 0.621632
v -0.520600 3.360243 0.613348
v -0.519848 3.355221 0.605566
v -0.522135 3.348246 0.599791
v -0.527073 3.340679 0.597198
v -0.533668 3.334007 0.598397
v -0.535895 3.323084 0.604991
v -0.541079 3.321187 0.612642
v -0.543041 3.321534 0.621856
v -0.541421 3.324103 0.630766
v -0.536604 3.328401 0.637561
v -0.529592 3.333533 0.640925
v -0.521756 3.338446 0.640269
v -0.514585 3.342167 0.635771
v -0.509436 3.343978 0.628307
v -0.507311 3.343539 0.619293
v -0.508680 3.340942 0.610448
v -0.513359 3.336707 0.603517
v -0.520463 3.331680 0.599929
v -0.528527 3.326832 0.600451
v -0.531739 3.312989 0.604605
v -0.536633 3.310528 0.612230
v -0.537845 3.309269 0.621469
v -0.535130 3.309514 0.630472
v -0.529060 3.311238 0.637416
v -0.520885 3.314070 0.640932
v -0.512229 3.317409 0.640378
v -0.504755 3.320575 0.635909
v -0.499883 3.322953 0.628393
v -0.498566 3.324094 0.619264
v -0.501113 3.323789 0.610285
v -0.507087 3.322109 0.603247
v -0.515319 3.319385 0.599600
v -0.524132 3.316142 0.600093
v -0.528985 3.301321 0.602034
v -0.533741 3.298499 0.609511
v -0.534683 3.296143 0.618501
v -0.531564 3.294730 0.627248
v -0.524968 3.294555 0.633964
v -0.516247 3.295647 0.637272
v -0.507180 3.297771 0.636550
v -0.499543 3.300508 0.632002
v -0.494788 3.303335 0.624525
v -0.493850 3.305703 0.615539
v -0.496970 3.307127 0.606797
v -0.503565 3.307301 0.600080
v -0.512285 3.306199 0.596769
v -0.521350 3.304062 0.597489
v -0.546703 3.333346 0.598761
v -0.553102 3.332438 0.605752
v -0.558434 3.335679 0.612867
v -0.561672 3.342336 0.618638
v -0.562237 3.351036 0.621951
v -0.560051 3.360060 0.622213
v -0.555545 3.367660 0.619417
v -0.549584 3.372375 0.614132
v -0.543319 3.373299 0.607384
v -0.537966 3.370255 0.600468
v -0.534580 3.363818 0.594704
v -0.533850 3.355206 0.591211
v -0.535970 3.346074 0.590710
v -0.540562 3.338242 0.593382
v -0.490285 3.184261 0.611643
v -0.498565 3.183036 0.609127
v -0.497339 3.191251 0.574805
v -0.489005 3.193378 0.573536
v -0.481944 3.186375 0.610361
v -0.504123 3.188663 0.579540
v -0.475163 3.188956 0.605616
v -0.471206 3.191518 0.598339
v -0.508091 3.186106 0.586816
v -0.470849 3.193568 0.589892
v -0.508460 3.184069 0.595273
v -0.474236 3.194683 0.581917
v -0.505075 3.182966 0.603263
v -0.480737 3.194614 0.576059
v -0.608840 3.184261 0.493088
v -0.606324 3.183036 0.501368
v -0.572002 3.191251 0.500142
v -0.570734 3.193378 0.491808
v -0.607558 3.186375 0.484747
v -0.576737 3.188663 0.506925
v -0.602813 3.188956 0.477966
v -0.595536 3.191518 0.474009
v -0.584013 3.186106 0.510894
v -0.587089 3.193568 0.473652
v -0.592471 3.184069 0.511262
v -0.579114 3.194683 0.477038
v -0.600460 3.182966 0.507877
v -0.573256 3.194614 0.483540
v -0.576845 3.066705 -0.397340
v -0.393695 3.066705 -0.580489
v -0.608759 3.423596 -0.404579
v -0.400935 3.423596 -0.612403
v -0.647876 3.158922 -0.474038
v -0.603305 3.092663 -0.448493
v -0.444849 3.092663 -0.606950
v -0.470394 3.158922 -0.651520
v -0.554007 3.066705 -0.420177
v -0.416533 3.066705 -0.557651
v -0.428998 3.423596 -0.584340
v -0.580696 3.423596 -0.432642
v -0.630480 3.158922 -0.491435
v -0.487790 3.158922 -0.634124
v -0.459006 3.092663 -0.592792
v -0.589148 3.092663 -0.462650
v -0.649420 3.187074 -0.475583
v -0.471938 3.187074 -0.653064
v -0.388273 3.192768 -0.599742
v -0.459821 3.405104 -0.642774
v -0.639130 3.405104 -0.463466
v -0.486123 3.405104 -0.616473
v -0.612829 3.405104 -0.489767
v -0.386629 3.162791 -0.598097
v -0.594453 3.162791 -0.390273
v -0.483544 3.139039 -0.617330
v -0.487930 3.155747 -0.630624
v -0.485862 3.144549 -0.620842
v -0.487468 3.150665 -0.625708
v -0.627813 3.138982 -0.473000
v -0.643386 3.155711 -0.475130
v -0.631641 3.144516 -0.475028
v -0.637342 3.150639 -0.475807
v -0.397733 3.140321 -0.584527
v -0.390357 3.158872 -0.593939
v -0.396950 3.146544 -0.585993
v -0.394251 3.153335 -0.589438
v -0.626980 3.155747 -0.491575
v -0.613686 3.139039 -0.487188
v -0.622064 3.150665 -0.491112
v -0.617198 3.144549 -0.489507
v -0.580883 3.140321 -0.401378
v -0.590294 3.158872 -0.394002
v -0.582349 3.146544 -0.400594
v -0.585794 3.153335 -0.397895
v -0.471486 3.155711 -0.647030
v -0.469356 3.138982 -0.631457
v -0.472163 3.150639 -0.640986
v -0.471384 3.144516 -0.635286
v -0.633114 3.206951 -0.494069
v -0.618360 3.187074 -0.506643
v -0.631000 3.168414 -0.491955
v -0.645258 3.187074 -0.479744
v -0.502999 3.187074 -0.622004
v -0.490425 3.206951 -0.636758
v -0.476100 3.187074 -0.648903
v -0.488311 3.168414 -0.634645
v -0.589666 3.201990 -0.490647
v -0.604420 3.221867 -0.478073
v -0.474429 3.221867 -0.608064
v -0.487003 3.201990 -0.593310
v -0.649121 3.253015 -0.474422
v -0.650109 3.215744 -0.476271
v -0.650006 3.234417 -0.475916
v -0.472627 3.215744 -0.653753
v -0.470777 3.253015 -0.652765
v -0.472272 3.234417 -0.653650
v -0.488051 3.253133 -0.633552
v -0.489922 3.215833 -0.636576
v -0.488936 3.234506 -0.635532
v -0.632932 3.215833 -0.493566
v -0.629908 3.253133 -0.491695
v -0.631888 3.234506 -0.492580
v -0.543328 3.329575 -0.600408
v -0.549042 3.328294 -0.607861
v -0.552459 3.330431 -0.616431
v -0.552940 3.335561 -0.624311
v -0.550483 3.342627 -0.629911
v -0.545611 3.350198 -0.632197
v -0.539258 3.356782 -0.630802
v -0.532625 3.361106 -0.626038
v -0.526973 3.362339 -0.618829
v -0.523403 3.360243 -0.610546
v -0.522651 3.355221 -0.602764
v -0.524938 3.348246 -0.596988
v -0.529876 3.340679 -0.594395
v -0.536471 3.334007 -0.595595
v -0.538697 3.323084 -0.602189
v -0.543881 3.321187 -0.609839
v -0.545844 3.321534 -0.619053
v -0.544224 3.324103 -0.627963
v -0.539407 3.328401 -0.634758
v -0.532394 3.333533 -0.638122
v -0.524558 3.338446 -0.637466
v -0.517387 3.342167 -0.632968
v -0.512238 3.343978 -0.625505
v -0.510113 3.343539 -0.616490
v -0.511482 3.340942 -0.607646
v -0.516161 3.336707 -0.600714
v -0.523265 3.331680 -0.597126
v -0.531329 3.326832 -0.597649
v -0.534541 3.312989 -0.601802
v -0.539436 3.310528 -0.609427
v -0.540648 3.309269 -0.618667
v -0.537933 3.309514 -0.627669
v -0.531862 3.311238 -0.634613
v -0.523687 3.314070 -0.638129
v -0.515032 3.317409 -0.637576
v -0.507558 3.320575 -0.633106
v -0.502686 3.322953 -0.625591
v -0.501368 3.324094 -0.616462
v -0.503915 3.323789 -0.607482
v -0.509889 3.322109 -0.600444
v -0.518122 3.319385 -0.596798
v -0.526934 3.316142 -0.597290
v -0.531788 3.301321 -0.599232
v -0.536543 3.298499 -0.606708
v -0.537485 3.296143 -0.615698
v -0.534366 3.294730 -0.624445
v -0.527771 3.294555 -0.631161
v -0.519049 3.295647 -0.634469
v -0.509983 3.297771 -0.633747
v -0.502345 3.300508 -0.629200
v -0.497590 3.303335 -0.621723
v -0.496652 3.305703 -0.612736
v -0.499773 3.307127 -0.603994
v -0.506368 3.307301 -0.597278
v -0.515088 3.306199 -0.593966
v -0.524153 3.304062 -0.594686
v -0.549506 3.333346 -0.595959
v -0.555905 3.332438 -0.602950
v -0.561237 3.335679 -0.610064
v -0.564475 3.342336 -0.615835
v -0.565039 3.351036 -0.619148
v -0.562854 3.360060 -0.619410
v -0.558347 3.367660 -0.616615
v -0.552387 3.372375 -0.611329
v -0.546121 3.373299 -0.604581
v -0.540769 3.370255 -0.597665
v -0.537382 3.363818 -0.591902
v -0.536653 3.355206 -0.588408
v -0.538773 3.346074 -0.587907
v -0.543365 3.338242 -0.590580
v -0.603210 3.329575 -0.540526
v -0.610663 3.328294 -0.546239
v -0.619233 3.330431 -0.549656
v -0.627113 3.335561 -0.550138
v -0.632714 3.342627 -0.547680
v -0.635000 3.350198 -0.542808
v -0.633604 3.356782 -0.536456
v -0.628841 3.361106 -0.529822
v -0.621632 3.362339 -0.524170
v -0.613348 3.360243 -0.520600
v -0.605566 3.355221 -0.519849
v -0.599791 3.348246 -0.522136
v -0.597198 3.340679 -0.527073
v -0.598397 3.334007 -0.533668
v -0.604991 3.323084 -0.535895
v -0.612642 3.321187 -0.541079
v -0.621856 3.321535 -0.543041
v -0.630765 3.324103 -0.541421
v -0.637561 3.328401 -0.536604
v -0.640925 3.333533 -0.529592
v -0.640268 3.338446 -0.521756
v -0.635771 3.342167 -0.514585
v -0.628307 3.343978 -0.509436
v -0.619293 3.343539 -0.507311
v -0.610448 3.340942 -0.508680
v -0.603517 3.336707 -0.513359
v -0.599929 3.331680 -0.520463
v -0.600451 3.326832 -0.528527
v -0.604605 3.312989 -0.531739
v -0.612230 3.310528 -0.536633
v -0.621469 3.309269 -0.537845
v -0.630472 3.309515 -0.535130
v -0.637416 3.311238 -0.529060
v -0.640932 3.314070 -0.520885
v -0.640378 3.317409 -0.512229
v -0.635908 3.320575 -0.504755
v -0.628393 3.322953 -0.499883
v -0.619264 3.324094 -0.498566
v -0.610285 3.323789 -0.501113
v -0.603247 3.322109 -0.507087
v -0.599600 3.319385 -0.515319
v -0.600093 3.316142 -0.524132
v -0.602034 3.301321 -0.528985
v -0.609511 3.298499 -0.533741
v -0.618501 3.296143 -0.534683
v -0.627247 3.294730 -0.531564
v -0.633963 3.294555 -0.524968
v -0.637271 3.295647 -0.516247
v -0.636550 3.297771 -0.507180
v -0.632002 3.300508 -0.499543
v -0.624525 3.303335 -0.494788
v -0.615539 3.305703 -0.493850
v -0.606797 3.307127 -0.496970
v -0.600080 3.307301 -0.503565
v -0.596769 3.306199 -0.512286
v -0.597488 3.304062 -0.521350
v -0.598761 3.333346 -0.546703
v -0.605752 3.332438 -0.553103
v -0.612867 3.335679 -0.558435
v -0.618638 3.342336 -0.561672
v -0.621951 3.351036 -0.562237
v -0.622212 3.360060 -0.560051
v -0.619417 3.367660 -0.555545
v -0.614132 3.372375 -0.549584
v -0.607384 3.373299 -0.543319
v -0.600468 3.370255 -0.537966
v -0.594704 3.363818 -0.534580
v -0.591211 3.355206 -0.533850
v -0.590710 3.346074 -0.535970
v -0.593382 3.338242 -0.540562
v -0.611642 3.184261 -0.490285
v -0.609127 3.183037 -0.498565
v -0.574805 3.191251 -0.497339
v -0.573536 3.193379 -0.489005
v -0.610361 3.186375 -0.481944
v -0.579540 3.188663 -0.504123
v -0.605616 3.188956 -0.475164
v -0.598339 3.191518 -0.471206
v -0.586816 3.186106 -0.508091
v -0.589892 3.193568 -0.470849
v -0.595273 3.184069 -0.508460
v -0.581916 3.194683 -0.474236
v -0.603263 3.182966 -0.505075
v -0.576058 3.194614 -0.480737
v -0.493088 3.184261 -0.608840
v -0.501368 3.183037 -0.606324
v -0.500142 3.191251 -0.572002
v -0.491808 3.193379 -0.570734
v -0.484747 3.186375 -0.607559
v -0.506925 3.188663 -0.576737
v -0.477966 3.188956 -0.602814
v -0.474009 3.191518 -0.595536
v -0.510893 3.186106 -0.584013
v -0.473651 3.193568 -0.587089
v -0.511262 3.184069 -0.592471
v -0.477038 3.194683 -0.579114
v -0.507877 3.182966 -0.600460
v -0.483540 3.194614 -0.573256
vt 1.000000 0.665079
vt 1.000000 0.707421
vt 0.968750 0.707421
vt 0.968750 0.665079
vt 0.937500 0.707421
vt 0.937500 0.665079
vt 0.906250 0.707421
vt 0.906250 0.665079
vt 0.875000 0.707421
vt 0.875000 0.665079
vt 0.843750 0.707421
vt 0.843750 0.665079
vt 0.812500 0.707421
vt 0.812500 0.665079
vt 0.781250 0.707421
vt 0.781250 0.665079
vt 0.750000 0.707421
vt 0.750000 0.665079
vt 0.718750 0.707421
vt 0.718750 0.665079
vt 0.687500 0.707421
vt 0.687500 0.665079
vt 0.656250 0.707421
vt 0.656250 0.665079
vt 0.625000 0.707421
vt 0.625000 0.665079
vt 0.593750 0.707421
vt 0.593750 0.665079
vt 0.562500 0.707421
vt 0.562500 0.665079
vt 0.531250 0.707421
vt 0.531250 0.665079
vt 0.500000 0.707421
vt 0.500000 0.665079
vt 0.468750 0.707421
vt 0.468750 0.665079
vt 0.437500 0.707421
vt 0.437500 0.665079
vt 0.406250 0.707421
vt 0.406250 0.665079
vt 0.375000 0.707421
vt 0.375000 0.665079
vt 0.343750 0.707421
vt 0.343750 0.665079
vt 0.312500 0.707421
vt 0.312500 0.665079
vt 0.281250 0.707421
vt 0.281250 0.665079
vt 0.250000 0.707421
vt 0.250000 0.665079
vt 0.218750 0.707421
vt 0.218750 0.665079
vt 0.187500 0.707421
vt 0.187500 0.665079
vt 0.156250 0.707421
vt 0.156250 0.665079
vt 0.125000 0.707421
vt 0.125000 0.665079
vt 0.093750 0.707421
vt 0.093750 0.665079
vt 0.062500 0.707421
vt 0.062500 0.665079
vt 0.031250 0.707421
vt 0.031250 0.665079
vt -0.011274 0.604538
vt -0.050636 0.604538
vt -0.050636 0.531205
vt -0.011274 0.531205
vt 0.468750 0.665079
vt 0.500000 0.665079
vt 0.966191 0.062814
vt 0.935161 0.062814
vt 0.935161 0.027538
vt 0.966191 0.027538
vt 0.531775 0.062814
vt 0.500745 0.062814
vt 0.500745 0.027538
vt 0.531775 0.027539
vt 0.458517 0.889170
vt 0.448153 0.878805
vt 0.452550 0.875196
vt 0.462126 0.884773
vt 0.577505 0.809665
vt 0.580365 0.824041
vt 0.574704 0.824598
vt 0.572062 0.811316
vt 0.562804 0.062814
vt 0.562804 0.027538
vt 0.997221 0.062814
vt 0.997221 0.027538
vt 0.593834 0.062814
vt 0.593834 0.027539
vt 0.035299 0.062814
vt 0.004269 0.062814
vt 0.004269 0.027539
vt 0.035299 0.027539
vt 0.624864 0.062814
vt 0.624864 0.027539
vt 0.066329 0.062814
vt 0.066329 0.027539
vt 0.655894 0.062814
vt 0.655894 0.027538
vt 0.097359 0.062814
vt 0.097359 0.027539
vt 0.686923 0.062814
vt 0.686923 0.027538
vt 0.283537 0.062814
vt 0.252507 0.062814
vt 0.252507 0.027539
vt 0.283537 0.027539
vt 0.128388 0.062814
vt 0.128388 0.027539
vt 0.717953 0.062814
vt 0.717953 0.027538
vt 0.314567 0.062814
vt 0.314567 0.027539
vt 0.159418 0.062814
vt 0.159418 0.027539
vt 0.748983 0.062814
vt 0.748983 0.027538
vt 0.345596 0.062814
vt 0.345596 0.027539
vt 0.190448 0.062814
vt 0.190448 0.027539
vt 0.780013 0.062814
vt 0.780012 0.027538
vt 0.376626 0.062814
vt 0.376626 0.027539
vt 0.221477 0.062814
vt 0.221477 0.027539
vt 0.811042 0.062814
vt 0.811042 0.027538
vt 0.407656 0.062814
vt 0.407656 0.027539
vt 0.842072 0.062814
vt 0.842072 0.027538
vt 0.438686 0.062814
vt 0.438686 0.027539
vt 0.873102 0.062814
vt 0.873102 0.027538
vt 0.469715 0.062814
vt 0.469715 0.027538
vt 0.904131 0.062814
vt 0.904131 0.027538
vt 0.815326 0.604538
vt 0.775964 0.604538
vt 0.775964 0.531205
vt 0.815326 0.531205
vt 0.303621 0.604538
vt 0.264259 0.604538
vt 0.264259 0.531205
vt 0.303621 0.531205
vt 0.500431 0.604538
vt 0.461069 0.604538
vt 0.461069 0.531205
vt 0.500431 0.531205
vt 0.146174 0.604538
vt 0.106812 0.604538
vt 0.106812 0.531205
vt 0.146174 0.531205
vt 1.012136 0.604538
vt 0.972774 0.604538
vt 0.972774 0.531205
vt 1.012136 0.531205
vt 0.657879 0.604538
vt 0.618517 0.604538
vt 0.618517 0.531205
vt 0.657879 0.531205
vt 0.342983 0.604538
vt 0.342983 0.531205
vt -0.089998 0.604538
vt -0.089998 0.531205
vt 0.854688 0.604538
vt 0.854688 0.531205
vt 0.421707 0.604538
vt 0.421707 0.531205
vt 0.067450 0.604538
vt 0.067450 0.531205
vt 0.933412 0.604538
vt 0.933412 0.531205
vt 0.579155 0.604538
vt 0.579155 0.531205
vt 0.224897 0.604538
vt 0.224897 0.531205
vt 0.736602 0.604538
vt 0.736602 0.531205
vt 0.382345 0.604538
vt 0.382345 0.531205
vt 0.028088 0.604538
vt 0.028088 0.531205
vt 0.894050 0.604538
vt 0.894050 0.531205
vt 0.539793 0.604538
vt 0.539793 0.531205
vt 0.185536 0.604538
vt 0.185536 0.531205
vt -0.129360 0.604538
vt -0.129360 0.531205
vt 0.062500 0.665079
vt 0.093750 0.665079
vt 0.697241 0.604538
vt 0.697241 0.531205
vt 1.051498 0.604538
vt 1.051498 0.531205
vt 0.906250 0.665079
vt 0.937500 0.665079
vt 0.531250 0.665079
vt 0.125000 0.665079
vt 0.968750 0.665079
vt 0.562500 0.665079
vt 0.156250 0.665079
vt 1.000000 0.665079
vt 0.593750 0.665079
vt 0.187500 0.665079
vt 0.625000 0.665079
vt 0.218750 0.665079
vt 0.656250 0.665079
vt 0.250000 0.665079
vt 1.090860 0.604538
vt 1.090860 0.531205
vt 0.687500 0.665079
vt 0.281250 0.665079
vt 0.750000 0.490000
vt 0.796822 0.485388
vt 0.841844 0.471731
vt 0.883337 0.449553
vt 0.919706 0.419706
vt 0.949553 0.383337
vt 0.971731 0.341844
vt 0.985388 0.296822
vt 0.990000 0.250000
vt 0.510000 0.250000
vt 0.514612 0.296822
vt 0.528269 0.341844
vt 0.550447 0.383337
vt 0.580294 0.419706
vt 0.616663 0.449553
vt 0.658156 0.471731
vt 0.703178 0.485388
vt 0.985388 0.203178
vt 0.971731 0.158156
vt 0.949553 0.116663
vt 0.919706 0.080294
vt 0.883337 0.050447
vt 0.841844 0.028269
vt 0.796822 0.014612
vt 0.750000 0.010000
vt 0.703178 0.014612
vt 0.658156 0.028269
vt 0.616663 0.050447
vt 0.580294 0.080294
vt 0.550447 0.116663
vt 0.528269 0.158156
vt 0.514612 0.203178
vt 0.812433 0.024081
vt 0.781563 0.024081
vt 0.781563 0.000493
vt 0.812433 0.000493
vt 0.225903 0.024081
vt 0.195033 0.024081
vt 0.195033 0.000493
vt 0.225903 0.000493
vt 0.431540 0.824041
vt 0.434400 0.809665
vt 0.439843 0.811316
vt 0.437201 0.824599
vt 0.571896 0.796122
vt 0.566879 0.798804
vt 0.470705 0.897313
vt 0.473387 0.892297
vt 0.431540 0.838699
vt 0.437201 0.838141
vt 0.563752 0.783935
vt 0.559355 0.787544
vt 0.484247 0.902923
vt 0.485899 0.897479
vt 0.434400 0.853075
vt 0.439843 0.851424
vt 0.553388 0.773570
vt 0.549779 0.777967
vt 0.498624 0.905782
vt 0.499181 0.900121
vt 0.541200 0.765426
vt 0.538518 0.770443
vt 0.513282 0.905782
vt 0.512724 0.900121
vt 0.527658 0.759817
vt 0.526006 0.765261
vt 0.527658 0.902923
vt 0.526007 0.897479
vt 0.513281 0.756958
vt 0.512724 0.762619
vt 0.541200 0.897313
vt 0.538518 0.892296
vt 0.498624 0.756958
vt 0.499181 0.762619
vt 0.553388 0.889170
vt 0.549779 0.884772
vt 0.484247 0.759817
vt 0.485899 0.765261
vt 0.563752 0.878805
vt 0.559355 0.875196
vt 0.470705 0.765427
vt 0.473387 0.770443
vt 0.571896 0.866617
vt 0.566879 0.863936
vt 0.458517 0.773570
vt 0.462126 0.777967
vt 0.577505 0.853075
vt 0.572062 0.851424
vt 0.448153 0.783935
vt 0.452550 0.787544
vt 0.580365 0.838699
vt 0.574704 0.838141
vt 0.440009 0.866617
vt 0.445026 0.863936
vt 0.440009 0.796122
vt 0.445026 0.798804
vt 0.500224 0.733369
vt 0.500224 0.733369
vt 0.500224 0.733369
vt 0.500224 0.733369
vt 0.500224 0.733369
vt 0.500224 0.733369
vt 0.500224 0.733369
vt 0.500224 0.733369
vt 0.411123 0.024081
vt 0.380253 0.024081
vt 0.380253 0.000493
vt 0.411123 0.000493
vt 0.256773 0.024081
vt 0.256773 0.000493
vt 0.843304 0.024081
vt 0.843304 0.000493
vt 0.441993 0.024081
vt 0.441993 0.000493
vt 0.874174 0.024081
vt 0.874174 0.000493
vt 0.472863 0.024081
vt 0.472863 0.000493
vt 0.905043 0.024081
vt 0.905043 0.000493
vt 0.503733 0.024081
vt 0.503733 0.000493
vt 0.935914 0.024081
vt 0.935914 0.000493
vt 0.534603 0.024081
vt 0.534603 0.000493
vt 0.966784 0.024081
vt 0.966784 0.000493
vt 0.565473 0.024081
vt 0.565473 0.000493
vt 1.000000 0.024081
vt 1.000000 0.000493
vt 0.596343 0.024081
vt 0.596343 0.000493
vt 0.040683 0.024081
vt 0.012046 0.024081
vt 0.012046 0.000493
vt 0.040683 0.000493
vt 0.627213 0.024081
vt 0.627213 0.000493
vt 0.071553 0.024081
vt 0.071553 0.000493
vt 0.658083 0.024081
vt 0.658083 0.000493
vt 0.102423 0.024081
vt 0.102423 0.000493
vt 0.688954 0.024081
vt 0.688954 0.000493
vt 0.287643 0.024081
vt 0.287643 0.000493
vt 0.133293 0.024081
vt 0.133293 0.000493
vt 0.719823 0.024081
vt 0.719823 0.000493
vt 0.318513 0.024081
vt 0.318513 0.000493
vt 0.164163 0.024081
vt 0.164163 0.000493
vt 0.750693 0.024081
vt 0.750693 0.000493
vt 0.349383 0.024081
vt 0.349383 0.000493
vt 0.500224 0.733369
vt 0.500224 0.733369
vt 0.500224 0.733369
vt 0.500224 0.733369
vt 0.500224 0.733369
vt 0.500224 0.733369
vt 0.500224 0.733369
vt 0.500224 0.733369
vt 0.500224 0.733369
vt 0.500224 0.733369
vt 0.500224 0.733369
vt 0.500224 0.733369
vt 0.500224 0.733369
vt 0.500224 0.733369
vt 0.500224 0.733369
vt 0.500224 0.733369
vt 0.500224 0.733369
vt 0.500224 0.733369
vt 0.500224 0.733369
vt 0.500224 0.733369
vt 0.500224 0.733369
vt 0.500224 0.733369
vt 0.500224 0.733369
vt 0.500224 0.733369
vt 0.500224 0.733369
vt 0.500224 0.733369
vt 0.500224 0.733369
vt 0.500224 0.733369
vt 0.500224 0.733369
vt 0.500224 0.733369
vt 0.500224 0.733369
vt 0.500224 0.733369
vt 0.500224 0.733369
vt 0.500224 0.733369
vt 0.500224 0.733369
vt 0.500224 0.733369
vt 0.500224 0.733369
vt 0.500224 0.733369
vt 0.500224 0.733369
vt 0.500224 0.733369
vt 0.500224 0.733369
vt 0.500224 0.733369
vt 0.500224 0.733369
vt 0.500224 0.733369
vt 0.500224 0.733369
vt 0.500224 0.733369
vt 0.500224 0.733369
vt 0.500224 0.733369
vt 0.500224 0.733369
vt 0.500224 0.733369
vt 0.500224 0.733369
vt 0.500224 0.733369
vt 0.500224 0.733369
vt 0.500224 0.733369
vt 0.500224 0.733369
vt 0.500224 0.733369
vt 0.000000 0.707421
vt 0.000000 0.665079
vt 0.999474 0.822367
vt 1.065122 0.822367
vt 1.065122 0.831570
vt 0.999474 0.831570
vt 1.065122 0.840773
vt 0.999474 0.840773
vt 1.065122 0.849975
vt 0.999474 0.849975
vt 1.065122 0.859178
vt 0.999474 0.859178
vt 1.065122 0.868381
vt 0.999474 0.868381
vt 1.065122 0.877584
vt 0.999474 0.877584
vt 1.065122 0.886786
vt 0.999474 0.886787
vt 0.999474 0.776353
vt 1.065122 0.776353
vt 1.065122 0.785556
vt 0.999474 0.785556
vt 1.065122 0.794759
vt 0.999474 0.794759
vt 1.065122 0.803962
vt 0.999474 0.803962
vt 1.065122 0.813164
vt 0.999474 0.813164
vt 1.130770 0.822367
vt 1.130770 0.831570
vt 1.130770 0.840773
vt 1.130770 0.849975
vt 1.130770 0.859178
vt 1.130770 0.868381
vt 1.130770 0.877584
vt 1.130770 0.886786
vt 1.130770 0.776353
vt 1.130770 0.785556
vt 1.130770 0.794759
vt 1.130770 0.803962
vt 1.130770 0.813164
vt 1.196418 0.822367
vt 1.196418 0.831570
vt 1.196418 0.840773
vt 1.196418 0.849975
vt 1.196418 0.859178
vt 1.196418 0.868381
vt 1.196418 0.877584
vt 1.196418 0.886786
vt 1.196418 0.776353
vt 1.196418 0.785556
vt 1.196418 0.794759
vt 1.196418 0.803962
vt 1.196418 0.813164
vt 1.262066 0.822367
vt 1.262066 0.831570
vt 1.262066 0.840773
vt 1.262066 0.849975
vt 1.262066 0.859178
vt 1.262066 0.868381
vt 1.262066 0.877584
vt 1.262066 0.886786
vt 1.262066 0.776353
vt 1.262066 0.785556
vt 1.262066 0.794759
vt 1.262066 0.803962
vt 1.262066 0.813164
vt 1.327714 0.822367
vt 1.327714 0.831570
vt 1.327714 0.840773
vt 1.327714 0.849975
vt 1.327714 0.859178
vt 1.327714 0.868381
vt 1.327714 0.877584
vt 1.327714 0.886786
vt 1.327714 0.776353
vt 1.327714 0.785556
vt 1.327714 0.794759
vt 1.327714 0.803962
vt 1.327714 0.813164
vt 1.393362 0.822367
vt 1.393362 0.831570
vt 1.393362 0.840773
vt 1.393362 0.849975
vt 1.393362 0.859178
vt 1.393362 0.868381
vt 1.393362 0.877584
vt 1.393362 0.886786
vt 1.393362 0.776353
vt 1.393362 0.785556
vt 1.393362 0.794759
vt 1.393362 0.803962
vt 1.393362 0.813164
vt 1.459010 0.822367
vt 1.459010 0.831570
vt 1.459010 0.840773
vt 1.459010 0.849975
vt 1.459010 0.859178
vt 1.459010 0.868381
vt 1.459010 0.877584
vt 1.459010 0.886786
vt 1.459010 0.776353
vt 1.459010 0.785556
vt 1.459010 0.794759
vt 1.459010 0.803962
vt 1.459010 0.813164
vt 1.524658 0.822367
vt 1.524658 0.831570
vt 1.524658 0.840773
vt 1.524658 0.849975
vt 1.524658 0.859178
vt 1.524658 0.868381
vt 1.524658 0.877584
vt 1.524658 0.886786
vt 1.524658 0.776353
vt 1.524658 0.785556
vt 1.524658 0.794759
vt 1.524658 0.803962
vt 1.524658 0.813164
vt 1.590306 0.822367
vt 1.590306 0.831570
vt 1.590306 0.840773
vt 1.590306 0.849975
vt 1.590306 0.859178
vt 1.590306 0.868381
vt 1.590306 0.877584
vt 1.590306 0.886786
vt 1.590306 0.776353
vt 1.590306 0.785556
vt 1.590306 0.794759
vt 1.590306 0.803962
vt 1.590306 0.813164
vt 1.655953 0.822367
vt 1.655953 0.831570
vt 1.655953 0.840773
vt 1.655953 0.849975
vt 1.655953 0.859178
vt 1.655953 0.868381
vt 1.655953 0.877584
vt 1.655953 0.886786
vt 1.655953 0.776353
vt 1.655953 0.785556
vt 1.655953 0.794759
vt 1.655953 0.803961
vt 1.655953 0.813164
vt 1.721601 0.822367
vt 1.721601 0.831570
vt 1.721601 0.840773
vt 1.721601 0.849975
vt 1.721601 0.859178
vt 1.721601 0.868381
vt 1.721601 0.877584
vt 1.721601 0.886786
vt 1.721601 0.776353
vt 1.721601 0.785556
vt 1.721601 0.794759
vt 1.721601 0.803961
vt 1.721601 0.813164
vt 1.787249 0.822367
vt 1.787249 0.831570
vt 1.787249 0.840773
vt 1.787249 0.849975
vt 1.787249 0.859178
vt 1.787249 0.868381
vt 1.787249 0.877584
vt 1.787249 0.886786
vt 1.787249 0.776353
vt 1.787249 0.785556
vt 1.787249 0.794759
vt 1.787249 0.803961
vt 1.787249 0.813164
vt 1.852897 0.822367
vt 1.852897 0.831570
vt 1.852897 0.840773
vt 1.852897 0.849975
vt 1.852897 0.859178
vt 1.852897 0.868381
vt 1.852897 0.877584
vt 1.852897 0.886786
vt 1.852897 0.776353
vt 1.852897 0.785556
vt 1.852897 0.794759
vt 1.852897 0.803961
vt 1.852897 0.813164
vt -0.247838 0.822367
vt -0.182190 0.822367
vt -0.182190 0.831570
vt -0.247838 0.831570
vt -0.182190 0.840773
vt -0.247838 0.840773
vt -0.182190 0.849975
vt -0.247838 0.849975
vt -0.182190 0.859178
vt -0.247838 0.859178
vt -0.182190 0.868381
vt -0.247838 0.868381
vt -0.182190 0.877584
vt -0.247838 0.877584
vt -0.182190 0.886787
vt -0.247838 0.886787
vt -0.247838 0.776353
vt -0.182190 0.776353
vt -0.182190 0.785556
vt -0.247838 0.785556
vt -0.182190 0.794759
vt -0.247838 0.794759
vt -0.182190 0.803962
vt -0.247838 0.803962
vt -0.182190 0.813164
vt -0.247838 0.813164
vt -0.116542 0.822367
vt -0.116542 0.831570
vt -0.116542 0.840773
vt -0.116542 0.849975
vt -0.116542 0.859178
vt -0.116542 0.868381
vt -0.116542 0.877584
vt -0.116542 0.886787
vt -0.116542 0.776353
vt -0.116542 0.785556
vt -0.116542 0.794759
vt -0.116542 0.803962
vt -0.116542 0.813164
vt -0.050894 0.822367
vt -0.050894 0.831570
vt -0.050894 0.840773
vt -0.050894 0.849975
vt -0.050894 0.859178
vt -0.050894 0.868381
vt -0.050894 0.877584
vt -0.050894 0.886787
vt -0.050894 0.776353
vt -0.050894 0.785556
vt -0.050894 0.794759
vt -0.050894 0.803962
vt -0.050894 0.813164
vt 0.014754 0.822367
vt 0.014754 0.831570
vt 0.014754 0.840773
vt 0.014754 0.849975
vt 0.014754 0.859178
vt 0.014754 0.868381
vt 0.014754 0.877584
vt 0.014754 0.886787
vt 0.014754 0.776353
vt 0.014754 0.785556
vt 0.014754 0.794759
vt 0.014754 0.803962
vt 0.014754 0.813164
vt 0.080402 0.822367
vt 0.080402 0.831570
vt 0.080402 0.840773
vt 0.080402 0.849975
vt 0.080402 0.859178
vt 0.080402 0.868381
vt 0.080402 0.877584
vt 0.080402 0.886787
vt 0.080402 0.776353
vt 0.080402 0.785556
vt 0.080402 0.794759
vt 0.080402 0.803962
vt 0.080402 0.813164
vt 0.146050 0.822367
vt 0.146050 0.831570
vt 0.146050 0.840773
vt 0.146050 0.849975
vt 0.146050 0.859178
vt 0.146050 0.868381
vt 0.146050 0.877584
vt 0.146050 0.886787
vt 0.146050 0.776353
vt 0.146050 0.785556
vt 0.146050 0.794759
vt 0.146050 0.803962
vt 0.146050 0.813164
vt 0.211698 0.822367
vt 0.211698 0.831570
vt 0.211698 0.840773
vt 0.211698 0.849975
vt 0.211698 0.859178
vt 0.211698 0.868381
vt 0.211698 0.877584
vt 0.211698 0.886787
vt 0.211698 0.776353
vt 0.211698 0.785556
vt 0.211698 0.794759
vt 0.211698 0.803962
vt 0.211698 0.813164
vt 0.277346 0.822367
vt 0.277346 0.831570
vt 0.277346 0.840773
vt 0.277346 0.849975
vt 0.277346 0.859178
vt 0.277346 0.868381
vt 0.277346 0.877584
vt 0.277346 0.886787
vt 0.277346 0.776353
vt 0.277346 0.785556
vt 0.277346 0.794759
vt 0.277346 0.803962
vt 0.277346 0.813164
vt 0.342994 0.822367
vt 0.342994 0.831570
vt 0.342994 0.840773
vt 0.342994 0.849975
vt 0.342994 0.859178
vt 0.342994 0.868381
vt 0.342994 0.877584
vt 0.342994 0.886787
vt 0.342994 0.776353
vt 0.342994 0.785556
vt 0.342994 0.794759
vt 0.342994 0.803962
vt 0.342994 0.813164
vt 0.408642 0.822367
vt 0.408642 0.831570
vt 0.408642 0.840773
vt 0.408642 0.849975
vt 0.408642 0.859178
vt 0.408642 0.868381
vt 0.408642 0.877584
vt 0.408642 0.886787
vt 0.408642 0.776353
vt 0.408642 0.785556
vt 0.408642 0.794759
vt 0.408642 0.803962
vt 0.408642 0.813164
vt 0.474290 0.822367
vt 0.474290 0.831570
vt 0.474290 0.840773
vt 0.474290 0.849975
vt 0.474290 0.859178
vt 0.474290 0.868381
vt 0.474290 0.877584
vt 0.474290 0.886787
vt 0.474290 0.776353
vt 0.474290 0.785556
vt 0.474290 0.794759
vt 0.474290 0.803962
vt 0.474290 0.813164
vt 0.539938 0.822367
vt 0.539938 0.831570
vt 0.539938 0.840773
vt 0.539938 0.849975
vt 0.539938 0.859178
vt 0.539938 0.868381
vt 0.539938 0.877584
vt 0.539938 0.886787
vt 0.539938 0.776353
vt 0.539938 0.785556
vt 0.539938 0.794759
vt 0.539938 0.803962
vt 0.539938 0.813164
vt 0.605586 0.822367
vt 0.605586 0.831570
vt 0.605586 0.840773
vt 0.605586 0.849975
vt 0.605586 0.859178
vt 0.605586 0.868381
vt 0.605586 0.877584
vt 0.605586 0.886787
vt 0.605586 0.776353
vt 0.605586 0.785556
vt 0.605586 0.794759
vt 0.605586 0.803962
vt 0.605586 0.813164
vt 0.671234 0.822367
vt 0.671234 0.831570
vt 0.671234 0.840773
vt 0.671234 0.849975
vt 0.671234 0.859178
vt 0.671234 0.868381
vt 0.671234 0.877584
vt 0.671234 0.886787
vt 0.671234 0.776353
vt 0.671234 0.785556
vt 0.671234 0.794759
vt 0.671234 0.803962
vt 0.671234 0.813164
vt 0.736882 0.822367
vt 0.736882 0.831570
vt 0.736882 0.840773
vt 0.736882 0.849975
vt 0.736882 0.859178
vt 0.736882 0.868381
vt 0.736882 0.877584
vt 0.736882 0.886787
vt 0.736882 0.776353
vt 0.736882 0.785556
vt 0.736882 0.794759
vt 0.736882 0.803962
vt 0.736882 0.813164
vt 0.802530 0.822367
vt 0.802530 0.831570
vt 0.802530 0.840773
vt 0.802530 0.849975
vt 0.802530 0.859178
vt 0.802530 0.868381
vt 0.802530 0.877584
vt 0.802530 0.886787
vt 0.802530 0.776353
vt 0.802530 0.785556
vt 0.802530 0.794759
vt 0.802530 0.803962
vt 0.802530 0.813164
vt 0.868178 0.822367
vt 0.868178 0.831570
vt 0.868178 0.840773
vt 0.868178 0.849975
vt 0.868178 0.859178
vt 0.868178 0.868381
vt 0.868178 0.877584
vt 0.868178 0.886787
vt 0.868178 0.776353
vt 0.868178 0.785556
vt 0.868178 0.794759
vt 0.868178 0.803962
vt 0.868178 0.813164
vt 0.933826 0.822367
vt 0.933826 0.831570
vt 0.933826 0.840773
vt 0.933826 0.849975
vt 0.933826 0.859178
vt 0.933826 0.868381
vt 0.933826 0.877584
vt 0.933826 0.886787
vt 0.933826 0.776353
vt 0.933826 0.785556
vt 0.933826 0.794759
vt 0.933826 0.803962
vt 0.933826 0.813164
vt 1.130222 0.604538
vt 1.130222 0.531205
vt 1.000000 0.665079
vt 0.968750 0.665079
vt 0.968750 0.707421
vt 1.000000 0.707421
vt 0.937500 0.665079
vt 0.937500 0.707421
vt 0.906250 0.665079
vt 0.906250 0.707421
vt 0.875000 0.665079
vt 0.875000 0.707421
vt 0.843750 0.665079
vt 0.843750 0.707421
vt 0.812500 0.665079
vt 0.812500 0.707421
vt 0.781250 0.665079
vt 0.781250 0.707421
vt 0.750000 0.665079
vt 0.750000 0.707421
vt 0.718750 0.665079
vt 0.718750 0.707421
vt 0.687500 0.665079
vt 0.687500 0.707421
vt 0.656250 0.665079
vt 0.656250 0.707421
vt 0.625000 0.665079
vt 0.625000 0.707421
vt 0.593750 0.665079
vt 0.593750 0.707421
vt 0.562500 0.665079
vt 0.562500 0.707421
vt 0.531250 0.665079
vt 0.531250 0.707421
vt 0.500000 0.665079
vt 0.500000 0.707421
vt 0.468750 0.665079
vt 0.468750 0.707421
vt 0.437500 0.665079
vt 0.437500 0.707421
vt 0.406250 0.665079
vt 0.406250 0.707421
vt 0.375000 0.665079
vt 0.375000 0.707421
vt 0.343750 0.665079
vt 0.343750 0.707421
vt 0.312500 0.665079
vt 0.312500 0.707421
vt 0.281250 0.665079
vt 0.281250 0.707421
vt 0.250000 0.665079
vt 0.250000 0.707421
vt 0.218750 0.665079
vt 0.218750 0.707421
vt 0.187500 0.665079
vt 0.187500 0.707421
vt 0.156250 0.665079
vt 0.156250 0.707421
vt 0.125000 0.665079
vt 0.125000 0.707421
vt 0.093750 0.665079
vt 0.093750 0.707421
vt 0.062500 0.665079
vt 0.062500 0.707421
vt 0.031250 0.665079
vt 0.031250 0.707421
vt 0.458517 0.889170
vt 0.462126 0.884773
vt 0.452550 0.875196
vt 0.448153 0.878805
vt 0.577505 0.809665
vt 0.572062 0.811316
vt 0.574704 0.824598
vt 0.580365 0.824041
vt 1.051498 0.603979
vt 1.090860 0.603979
vt 1.090860 0.603979
vt 1.051498 0.603979
vt 0.812433 0.024081
vt 0.812433 0.000493
vt 0.781563 0.000493
vt 0.781563 0.024081
vt 0.225903 0.024081
vt 0.225903 0.000493
vt 0.195033 0.000493
vt 0.195033 0.024081
vt 0.431540 0.824041
vt 0.437201 0.824599
vt 0.439843 0.811316
vt 0.434400 0.809665
vt 0.571896 0.796122
vt 0.566879 0.798804
vt 0.470705 0.897313
vt 0.473387 0.892297
vt 0.431540 0.838699
vt 0.437201 0.838141
vt 0.563752 0.783935
vt 0.559355 0.787544
vt 0.484247 0.902923
vt 0.485899 0.897479
vt 0.434400 0.853075
vt 0.439843 0.851424
vt 0.553388 0.773570
vt 0.549779 0.777967
vt 0.498624 0.905782
vt 0.499181 0.900121
vt 0.541200 0.765426
vt 0.538518 0.770443
vt 0.513282 0.905782
vt 0.512724 0.900121
vt 0.527658 0.759817
vt 0.526006 0.765261
vt 0.527658 0.902923
vt 0.526007 0.897479
vt 0.513281 0.756958
vt 0.512724 0.762619
vt 0.541200 0.897313
vt 0.538518 0.892296
vt 0.498624 0.756958
vt 0.499181 0.762619
vt 0.553388 0.889170
vt 0.549779 0.884772
vt 0.484247 0.759817
vt 0.485899 0.765261
vt 0.563752 0.878805
vt 0.559355 0.875196
vt 0.470705 0.765427
vt 0.473387 0.770443
vt 0.571896 0.866617
vt 0.566879 0.863936
vt 0.458517 0.773570
vt 0.462126 0.777967
vt 0.577505 0.853075
vt 0.572062 0.851424
vt 0.448153 0.783935
vt 0.452550 0.787544
vt 0.580365 0.838699
vt 0.574704 0.838141
vt 0.440009 0.866617
vt 0.445026 0.863936
vt 0.440009 0.796122
vt 0.445026 0.798804
vt 0.500224 0.733369
vt 0.500224 0.733369
vt 0.500224 0.733369
vt 0.500224 0.733369
vt 0.500224 0.733369
vt 0.500224 0.733369
vt 0.500224 0.733369
vt 0.500224 0.733369
vt 0.411123 0.024081
vt 0.411123 0.000493
vt 0.380253 0.000493
vt 0.380253 0.024081
vt 0.256773 0.024081
vt 0.256773 0.000493
vt 0.843304 0.024081
vt 0.843304 0.000493
vt 0.441993 0.024081
vt 0.441993 0.000493
vt 0.874174 0.024081
vt 0.874174 0.000493
vt 0.472863 0.024081
vt 0.472863 0.000493
vt 0.905043 0.024081
vt 0.905043 0.000493
vt 0.503733 0.024081
vt 0.503733 0.000493
vt 0.935914 0.024081
vt 0.935914 0.000493
vt 0.534603 0.024081
vt 0.534603 0.000493
vt 0.966784 0.024081
vt 0.966784 0.000493
vt 0.565473 0.024081
vt 0.565473 0.000493
vt 1.000000 0.024081
vt 1.000000 0.000493
vt 0.596343 0.024081
vt 0.596343 0.000493
vt 0.040683 0.024081
vt 0.040683 0.000493
vt 0.012046 0.000493
vt 0.012046 0.024081
vt 0.627213 0.024081
vt 0.627213 0.000493
vt 0.071553 0.024081
vt 0.071553 0.000493
vt 0.658083 0.024081
vt 0.658083 0.000493
vt 0.102423 0.024081
vt 0.102423 0.000493
vt 0.688954 0.024081
vt 0.688954 0.000493
vt 0.287643 0.024081
vt 0.287643 0.000493
vt 0.133293 0.024081
vt 0.133293 0.000493
vt 0.719823 0.024081
vt 0.719823 0.000493
vt 0.318513 0.024081
vt 0.318513 0.000493
vt 0.164163 0.024081
vt 0.164163 0.000493
vt 0.750693 0.024081
vt 0.750693 0.000493
vt 0.349383 0.024081
vt 0.349383 0.000493
vt 0.500224 0.733369
vt 0.500224 0.733369
vt 0.500224 0.733369
vt 0.500224 0.733369
vt 0.500224 0.733369
vt 0.500224 0.733369
vt 0.500224 0.733369
vt 0.500224 0.733369
vt 0.500224 0.733369
vt 0.500224 0.733369
vt 0.500224 0.733369
vt 0.500224 0.733369
vt 0.500224 0.733369
vt 0.500224 0.733369
vt 0.500224 0.733369
vt 0.500224 0.733369
vt 0.500224 0.733369
vt 0.500224 0.733369
vt 0.500224 0.733369
vt 0.500224 0.733369
vt 0.500224 0.733369
vt 0.500224 0.733369
vt 0.500224 0.733369
vt 0.500224 0.733369
vt 0.500224 0.733369
vt 0.500224 0.733369
vt 0.500224 0.733369
vt 0.500224 0.733369
vt 0.500224 0.733369
vt 0.500224 0.733369
vt 0.500224 0.733369
vt 0.500224 0.733369
vt 0.500224 0.733369
vt 0.500224 0.733369
vt 0.500224 0.733369
vt 0.500224 0.733369
vt 0.500224 0.733369
vt 0.500224 0.733369
vt 0.500224 0.733369
vt 0.500224 0.733369
vt 0.500224 0.733369
vt 0.500224 0.733369
vt 0.500224 0.733369
vt 0.500224 0.733369
vt 0.500224 0.733369
vt 0.500224 0.733369
vt 0.500224 0.733369
vt 0.500224 0.733369
vt 0.500224 0.733369
vt 0.500224 0.733369
vt 0.500224 0.733369
vt 0.500224 0.733369
vt 0.500224 0.733369
vt 0.500224 0.733369
vt 0.500224 0.733369
vt 0.500224 0.733369
vt 0.000000 0.665079
vt 0.000000 0.707421
vt 0.500000 0.956664
vt 1.130222 0.603979
vt 0.449597 0.956664
vt -0.011274 0.603979
vt 0.028088 0.603979
vt 0.028088 0.603979
vt -0.011274 0.603979
vt 0.500431 0.603979
vt 0.539793 0.603979
vt 0.539793 0.603979
vt 0.500431 0.603979
vt 1.012136 0.603979
vt 1.012136 0.603979
vt -0.050636 0.603979
vt -0.050636 0.603979
vt 0.461069 0.603979
vt 0.461069 0.603979
vt 0.972774 0.603979
vt 0.972774 0.603979
vt -0.089998 0.603979
vt -0.089998 0.603979
vt 0.421707 0.603979
vt 0.421707 0.603979
vt 0.933412 0.603979
vt 0.933412 0.603979
vt -0.129360 0.603979
vt -0.129360 0.603979
vt 0.382345 0.603979
vt 0.382345 0.603979
vt 0.894050 0.603979
vt 0.894050 0.603979
vt 0.342983 0.603979
vt 0.342983 0.603979
vt 0.854688 0.603979
vt 0.854688 0.603979
vt 0.303621 0.603979
vt 0.303621 0.603979
vt 0.815326 0.603979
vt 0.815326 0.603979
vt 0.264259 0.603979
vt 0.264259 0.603979
vt 0.775964 0.603979
vt 0.775964 0.603979
vt 0.224897 0.603979
vt 0.224897 0.603979
vt 0.736602 0.603979
vt 0.736602 0.603979
vt 0.185536 0.603979
vt 0.185536 0.603979
vt 0.697241 0.603979
vt 0.697241 0.603979
vt 0.146174 0.603979
vt 0.146174 0.603979
vt 0.657879 0.603979
vt 0.657879 0.603979
vt 0.106812 0.603979
vt 0.106812 0.603979
vt 0.618517 0.603979
vt 0.618517 0.603979
vt 0.067450 0.603979
vt 0.067450 0.603979
vt 0.579155 0.603979
vt 0.579155 0.603979
vt 1.130222 0.603979
vt 0.875000 0.665079
vt 0.031250 0.665079
vt 0.437500 0.665079
vt 0.843750 0.665079
vt 0.000000 0.665079
vt 0.406250 0.665079
vt 0.812500 0.665079
vt 0.375000 0.665079
vt 0.781250 0.665079
vt 0.343750 0.665079
vt 0.750000 0.665079
vt 0.312500 0.665079
vt 0.718750 0.665079
vt 0.500048 0.661275
vt 0.500048 0.747176
vt 0.469265 0.747501
vt 0.469265 0.661275
vt 0.438483 0.747458
vt 0.438483 0.661275
vt 0.407700 0.750462
vt 0.407700 0.661275
vt 0.376918 0.753784
vt 0.376918 0.661275
vt 0.346135 0.756620
vt 0.346135 0.661275
vt 0.334075 0.661275
vt 0.334075 0.761171
vt 0.330067 0.766765
vt 0.330067 0.661275
vt 0.315352 0.661275
vt 0.315352 0.949681
vt 0.284570 0.949681
vt 0.284570 0.661275
vt 0.253787 0.949681
vt 0.253787 0.661275
vt 0.338001 0.661275
vt 0.338001 0.758596
vt 0.334075 0.898052
vt 0.338001 0.901249
vt 0.338001 0.949681
vt 0.334075 0.949681
vt 0.346135 0.903018
vt 0.346135 0.949681
vt 0.376918 0.906213
vt 0.407700 0.909399
vt 0.407700 0.949681
vt 0.376918 0.949681
vt 0.469265 0.913324
vt 0.500048 0.913181
vt 0.500048 0.949681
vt 0.469265 0.949681
vt 0.438483 0.912455
vt 0.438483 0.949681
vt 0.330067 0.892701
vt 0.330067 0.949682
vt 0.291799 0.529683
vt 0.297682 0.529683
vt 0.297682 0.598867
vt 0.291799 0.598867
vt 0.217613 0.529683
vt 0.263743 0.529683
vt 0.263743 0.598867
vt 0.217613 0.598867
vt 0.309872 0.529683
vt 0.356001 0.529683
vt 0.356001 0.598867
vt 0.309872 0.598867
vt 0.285794 0.529683
vt 0.285794 0.598867
vt 0.171484 0.529683
vt 0.171484 0.598867
vt 0.448259 0.529683
vt 0.494388 0.529683
vt 0.494388 0.598867
vt 0.448259 0.598867
vt 0.402130 0.529683
vt 0.402130 0.598867
vt 0.540518 0.529683
vt 0.540518 0.598867
vt 0.469265 0.661275
vt 0.469265 0.747501
vt 0.438483 0.661275
vt 0.438483 0.747458
vt 0.407700 0.661275
vt 0.407700 0.750462
vt 0.376918 0.661275
vt 0.376918 0.753784
vt 0.346135 0.661275
vt 0.346135 0.756620
vt 0.334075 0.661275
vt 0.330067 0.661275
vt 0.330067 0.766765
vt 0.334075 0.761171
vt 0.315352 0.661275
vt 0.284570 0.661275
vt 0.284570 0.949681
vt 0.315352 0.949681
vt 0.253787 0.661275
vt 0.253787 0.949681
vt 0.338001 0.661275
vt 0.338001 0.758596
vt 0.334075 0.898052
vt 0.334075 0.949681
vt 0.338001 0.949681
vt 0.338001 0.901249
vt 0.346135 0.949681
vt 0.346135 0.903018
vt 0.376918 0.906213
vt 0.376918 0.949681
vt 0.407700 0.949681
vt 0.407700 0.909399
vt 0.469265 0.913324
vt 0.469265 0.949681
vt 0.438483 0.912455
vt 0.438483 0.949681
vt 0.330067 0.949682
vt 0.330067 0.892701
vt 0.291799 0.529683
vt 0.291799 0.598867
vt 0.297682 0.598867
vt 0.297682 0.529683
vt 0.217613 0.529683
vt 0.217613 0.598867
vt 0.263743 0.598867
vt 0.263743 0.529683
vt 0.309872 0.529683
vt 0.309872 0.598867
vt 0.356001 0.598867
vt 0.356001 0.529683
vt 0.285794 0.598867
vt 0.285794 0.529683
vt 0.171484 0.529683
vt 0.171484 0.598867
vt 0.448259 0.529683
vt 0.448259 0.598867
vt 0.494388 0.598867
vt 0.494388 0.529683
vt 0.402130 0.598867
vt 0.402130 0.529683
vt 0.500048 0.661275
vt 0.469265 0.661275
vt 0.469265 0.747501
vt 0.500048 0.747176
vt 0.438483 0.661275
vt 0.438483 0.747458
vt 0.407700 0.661275
vt 0.407700 0.750462
vt 0.376918 0.661275
vt 0.376918 0.753784
vt 0.346135 0.661275
vt 0.346135 0.756620
vt 0.334075 0.661275
vt 0.330067 0.661275
vt 0.330067 0.766765
vt 0.334075 0.761171
vt 0.315352 0.661275
vt 0.284570 0.661275
vt 0.284570 0.949681
vt 0.315352 0.949681
vt 0.338001 0.661275
vt 0.338001 0.758596
vt 0.334075 0.898052
vt 0.334075 0.949681
vt 0.338001 0.949681
vt 0.338001 0.901249
vt 0.346135 0.949681
vt 0.346135 0.903018
vt 0.376918 0.906213
vt 0.376918 0.949681
vt 0.407700 0.949681
vt 0.407700 0.909399
vt 0.469265 0.913324
vt 0.469265 0.949681
vt 0.500048 0.949681
vt 0.500048 0.913181
vt 0.438483 0.912455
vt 0.438483 0.949681
vt 0.330067 0.949682
vt 0.330067 0.892701
vt 0.291799 0.529683
vt 0.291799 0.598867
vt 0.297682 0.598867
vt 0.297682 0.529683
vt 0.217613 0.529683
vt 0.217613 0.598867
vt 0.263743 0.598867
vt 0.263743 0.529683
vt 0.309872 0.529683
vt 0.309872 0.598867
vt 0.356001 0.598867
vt 0.356001 0.529683
vt 0.285794 0.598867
vt 0.285794 0.529683
vt 0.448259 0.529683
vt 0.448259 0.598867
vt 0.494388 0.598867
vt 0.494388 0.529683
vt 0.402130 0.598867
vt 0.402130 0.529683
vt 0.540518 0.598867
vt 0.540518 0.529683
vt 0.469265 0.747501
vt 0.469265 0.661275
vt 0.438483 0.747458
vt 0.438483 0.661275
vt 0.407700 0.750462
vt 0.407700 0.661275
vt 0.376918 0.753784
vt 0.376918 0.661275
vt 0.346135 0.756620
vt 0.346135 0.661275
vt 0.334075 0.661275
vt 0.334075 0.761171
vt 0.330067 0.766765
vt 0.330067 0.661275
vt 0.315352 0.661275
vt 0.315352 0.949681
vt 0.284570 0.949681
vt 0.284570 0.661275
vt 0.338001 0.661275
vt 0.338001 0.758596
vt 0.334075 0.898052
vt 0.338001 0.901249
vt 0.338001 0.949681
vt 0.334075 0.949681
vt 0.346135 0.903018
vt 0.346135 0.949681
vt 0.376918 0.906213
vt 0.407700 0.909399
vt 0.407700 0.949681
vt 0.376918 0.949681
vt 0.469265 0.913324
vt 0.469265 0.949681
vt 0.438483 0.912455
vt 0.438483 0.949681
vt 0.330067 0.892701
vt 0.330067 0.949682
vt 0.291799 0.529683
vt 0.297682 0.529683
vt 0.297682 0.598867
vt 0.291799 0.598867
vt 0.217613 0.529683
vt 0.263743 0.529683
vt 0.263743 0.598867
vt 0.217613 0.598867
vt 0.309872 0.529683
vt 0.356001 0.529683
vt 0.356001 0.598867
vt 0.309872 0.598867
vt 0.285794 0.529683
vt 0.285794 0.598867
vt 0.448259 0.529683
vt 0.494388 0.529683
vt 0.494388 0.598867
vt 0.448259 0.598867
vt 0.402130 0.529683
vt 0.402130 0.598867
vt 0.500048 0.661275
vt 0.469265 0.661275
vt 0.469265 0.747501
vt 0.500048 0.747176
vt 0.438483 0.661275
vt 0.438483 0.747458
vt 0.407700 0.661275
vt 0.407700 0.750462
vt 0.376918 0.661275
vt 0.376918 0.753784
vt 0.346135 0.661275
vt 0.346135 0.756620
vt 0.334075 0.661275
vt 0.330067 0.661275
vt 0.330067 0.766765
vt 0.334075 0.761171
vt 0.315352 0.661275
vt 0.284570 0.661275
vt 0.284570 0.949681
vt 0.315352 0.949681
vt 0.253787 0.661275
vt 0.253787 0.949681
vt 0.338001 0.661275
vt 0.338001 0.758596
vt 0.334075 0.898052
vt 0.334075 0.949681
vt 0.338001 0.949681
vt 0.338001 0.901249
vt 0.346135 0.949681
vt 0.346135 0.903018
vt 0.376918 0.906213
vt 0.376918 0.949681
vt 0.407700 0.949681
vt 0.407700 0.909399
vt 0.469265 0.913324
vt 0.469265 0.949681
vt 0.500048 0.949681
vt 0.500048 0.913181
vt 0.438483 0.912455
vt 0.438483 0.949681
vt 0.330067 0.949682
vt 0.330067 0.892701
vt 0.291799 0.529683
vt 0.291799 0.598867
vt 0.297682 0.598867
vt 0.297682 0.529683
vt 0.217613 0.529683
vt 0.217613 0.598867
vt 0.263743 0.598867
vt 0.263743 0.529683
vt 0.309872 0.529683
vt 0.309872 0.598867
vt 0.356001 0.598867
vt 0.356001 0.529683
vt 0.285794 0.598867
vt 0.285794 0.529683
vt 0.171484 0.529683
vt 0.171484 0.598867
vt 0.448259 0.529683
vt 0.448259 0.598867
vt 0.494388 0.598867
vt 0.494388 0.529683
vt 0.402130 0.598867
vt 0.402130 0.529683
vt 0.540518 0.598867
vt 0.540518 0.529683
vt 0.469265 0.747501
vt 0.469265 0.661275
vt 0.438483 0.747458
vt 0.438483 0.661275
vt 0.407700 0.750462
vt 0.407700 0.661275
vt 0.376918 0.753784
vt 0.376918 0.661275
vt 0.346135 0.756620
vt 0.346135 0.661275
vt 0.334075 0.661275
vt 0.334075 0.761171
vt 0.330067 0.766765
vt 0.330067 0.661275
vt 0.315352 0.661275
vt 0.315352 0.949681
vt 0.284570 0.949681
vt 0.284570 0.661275
vt 0.253787 0.949681
vt 0.253787 0.661275
vt 0.338001 0.661275
vt 0.338001 0.758596
vt 0.334075 0.898052
vt 0.338001 0.901249
vt 0.338001 0.949681
vt 0.334075 0.949681
vt 0.346135 0.903018
vt 0.346135 0.949681
vt 0.376918 0.906213
vt 0.407700 0.909399
vt 0.407700 0.949681
vt 0.376918 0.949681
vt 0.469265 0.913324
vt 0.469265 0.949681
vt 0.438483 0.912455
vt 0.438483 0.949681
vt 0.330067 0.892701
vt 0.330067 0.949682
vt 0.291799 0.529683
vt 0.297682 0.529683
vt 0.297682 0.598867
vt 0.291799 0.598867
vt 0.217613 0.529683
vt 0.263743 0.529683
vt 0.263743 0.598867
vt 0.217613 0.598867
vt 0.309872 0.529683
vt 0.356001 0.529683
vt 0.356001 0.598867
vt 0.309872 0.598867
vt 0.285794 0.529683
vt 0.285794 0.598867
vt 0.171484 0.529683
vt 0.171484 0.598867
vt 0.448259 0.529683
vt 0.494388 0.529683
vt 0.494388 0.598867
vt 0.448259 0.598867
vt 0.402130 0.529683
vt 0.402130 0.598867
vt 0.500048 0.661275
vt 0.500048 0.747176
vt 0.469265 0.747501
vt 0.469265 0.661275
vt 0.438483 0.747458
vt 0.438483 0.661275
vt 0.407700 0.750462
vt 0.407700 0.661275
vt 0.376918 0.753784
vt 0.376918 0.661275
vt 0.346135 0.756620
vt 0.346135 0.661275
vt 0.334075 0.661275
vt 0.334075 0.761171
vt 0.330067 0.766765
vt 0.330067 0.661275
vt 0.315352 0.661275
vt 0.315352 0.949681
vt 0.284570 0.949681
vt 0.284570 0.661275
vt 0.338001 0.661275
vt 0.338001 0.758596
vt 0.334075 0.898052
vt 0.338001 0.901249
vt 0.338001 0.949681
vt 0.334075 0.949681
vt 0.346135 0.903018
vt 0.346135 0.949681
vt 0.376918 0.906213
vt 0.407700 0.909399
vt 0.407700 0.949681
vt 0.376918 0.949681
vt 0.469265 0.913324
vt 0.500048 0.913181
vt 0.500048 0.949681
vt 0.469265 0.949681
vt 0.438483 0.912455
vt 0.438483 0.949681
vt 0.330067 0.892701
vt 0.330067 0.949682
vt 0.291799 0.529683
vt 0.297682 0.529683
vt 0.297682 0.598867
vt 0.291799 0.598867
vt 0.217613 0.529683
vt 0.263743 0.529683
vt 0.263743 0.598867
vt 0.217613 0.598867
vt 0.309872 0.529683
vt 0.356001 0.529683
vt 0.356001 0.598867
vt 0.309872 0.598867
vt 0.285794 0.529683
vt 0.285794 0.598867
vt 0.448259 0.529683
vt 0.494388 0.529683
vt 0.494388 0.598867
vt 0.448259 0.598867
vt 0.402130 0.529683
vt 0.402130 0.598867
vt 0.540518 0.529683
vt 0.540518 0.598867
vt 0.469265 0.661275
vt 0.469265 0.747501
vt 0.438483 0.661275
vt 0.438483 0.747458
vt 0.407700 0.661275
vt 0.407700 0.750462
vt 0.376918 0.661275
vt 0.376918 0.753784
vt 0.346135 0.661275
vt 0.346135 0.756620
vt 0.334075 0.661275
vt 0.330067 0.661275
vt 0.330067 0.766765
vt 0.334075 0.761171
vt 0.315352 0.661275
vt 0.284570 0.661275
vt 0.284570 0.949681
vt 0.315352 0.949681
vt 0.338001 0.661275
vt 0.338001 0.758596
vt 0.334075 0.898052
vt 0.334075 0.949681
vt 0.338001 0.949681
vt 0.338001 0.901249
vt 0.346135 0.949681
vt 0.346135 0.903018
vt 0.376918 0.906213
vt 0.376918 0.949681
vt 0.407700 0.949681
vt 0.407700 0.909399
vt 0.469265 0.913324
vt 0.469265 0.949681
vt 0.438483 0.912455
vt 0.438483 0.949681
vt 0.330067 0.949682
vt 0.330067 0.892701
vt 0.291799 0.529683
vt 0.291799 0.598867
vt 0.297682 0.598867
vt 0.297682 0.529683
vt 0.217613 0.529683
vt 0.217613 0.598867
vt 0.263743 0.598867
vt 0.263743 0.529683
vt 0.309872 0.529683
vt 0.309872 0.598867
vt 0.356001 0.598867
vt 0.356001 0.529683
vt 0.285794 0.598867
vt 0.285794 0.529683
vt 0.448259 0.529683
vt 0.448259 0.598867
vt 0.494388 0.598867
vt 0.494388 0.529683
vt 0.402130 0.598867
vt 0.402130 0.529683
vt -0.692562 0.991644
vt -0.777745 0.991644
vt -0.777746 0.946345
vt -0.692562 0.946345
vt 1.266648 0.991644
vt 1.181464 0.991644
vt 1.181464 0.946345
vt 1.266648 0.946345
vt 0.074085 0.991644
vt -0.011098 0.991644
vt -0.011098 0.946345
vt 0.074085 0.946345
vt 0.925916 0.991644
vt 0.840733 0.991644
vt 0.840733 0.946345
vt 0.925916 0.946345
vt 1.692563 0.991644
vt 1.607380 0.991644
vt 1.607380 0.946345
vt 1.692563 0.946345
vt -0.266647 0.991644
vt -0.351830 0.991644
vt -0.351830 0.946345
vt -0.266647 0.946345
vt 0.585183 0.991644
vt 0.500000 0.991644
vt 0.500000 0.946345
vt 0.585183 0.946345
vt 0.414817 0.991644
vt 0.414817 0.946345
vt 1.351831 0.991644
vt 1.351831 0.946345
vt -0.607379 0.991644
vt -0.607379 0.946345
vt 0.159268 0.991644
vt 0.159268 0.946345
vt 1.011098 0.991644
vt 1.011098 0.946345
vt 1.777746 0.991644
vt 1.777746 0.946345
vt -0.181464 0.991644
vt -0.181464 0.946345
vt 0.670366 0.991644
vt 0.670366 0.946345
vt 1.437014 0.991644
vt 1.437014 0.946345
vt -0.522196 0.991644
vt -0.522196 0.946345
vt 0.244451 0.991644
vt 0.244451 0.946345
vt 1.096282 0.991644
vt 1.096282 0.946345
vt 1.862929 0.991644
vt 1.862929 0.946345
vt -0.096281 0.991644
vt -0.096281 0.946345
vt 0.755549 0.991644
vt 0.755549 0.946345
vt 1.522197 0.991644
vt 1.522197 0.946345
vt -0.437013 0.991644
vt -0.437013 0.946345
vt 0.329634 0.991644
vt 0.329634 0.946345
vt -0.862928 0.991644
vt -0.862929 0.946345
vt 0.096779 0.956664
vt 0.147182 0.956664
vt 0.147182 0.956664
vt 0.096779 0.956664
vt 0.830709 0.991956
vt 0.732237 0.991956
vt 0.732237 0.946210
vt 0.830709 0.946210
vt 2.701671 0.991956
vt 2.603199 0.991956
vt 2.603199 0.946210
vt 2.701671 0.946210
vt 0.852818 0.956664
vt 0.903220 0.956664
vt 0.903220 0.956664
vt 0.852818 0.956664
vt -0.306441 0.956664
vt -0.256038 0.956664
vt -0.256038 0.956664
vt -0.306441 0.956664
vt 0.197584 0.956664
vt 0.197584 0.956664
vt 0.953623 0.956664
vt 0.953623 0.956664
vt -0.205636 0.956664
vt -0.205636 0.956664
vt 0.247987 0.956664
vt 0.247987 0.956664
vt 0.500000 0.956664
vt 0.550402 0.956664
vt 0.550402 0.956664
vt 0.500000 0.956664
vt 1.004025 0.956664
vt 1.004025 0.956664
vt -0.155233 0.956664
vt -0.155233 0.956664
vt 0.298390 0.956664
vt 0.298390 0.956664
vt 0.600805 0.956664
vt 0.600805 0.956664
vt 1.054428 0.956664
vt 1.054428 0.956664
vt -0.104831 0.956664
vt -0.104831 0.956664
vt 0.348792 0.956664
vt 0.348792 0.956664
vt 1.091413 0.365402
vt 1.153503 0.365402
vt 1.153503 0.408903
vt 1.091413 0.408903
vt -0.088301 0.365402
vt -0.026210 0.365402
vt -0.026210 0.408903
vt -0.088301 0.408903
vt 2.504727 0.991956
vt 2.504727 0.946210
vt 0.633765 0.991956
vt 0.633765 0.946210
vt 2.406256 0.991956
vt 2.406256 0.946210
vt 0.535293 0.991956
vt 0.535293 0.946210
vt 2.307784 0.991956
vt 2.307784 0.946210
vt 0.436822 0.991956
vt 0.436822 0.946210
vt 2.209312 0.991956
vt 2.209312 0.946210
vt 0.338350 0.991956
vt 0.338350 0.946210
vt 2.110841 0.991956
vt 2.110841 0.946210
vt 0.239878 0.991956
vt 0.239878 0.946210
vt 2.012369 0.991956
vt 2.012369 0.946210
vt 0.141406 0.991956
vt 0.141406 0.946210
vt 1.520011 0.991956
vt 1.421539 0.991956
vt 1.421539 0.946210
vt 1.520011 0.946210
vt 1.913898 0.991956
vt 1.913898 0.946210
vt 0.042935 0.991956
vt 0.042935 0.946210
vt 1.323068 0.991956
vt 1.323068 0.946210
vt 1.815426 0.991956
vt 1.815426 0.946210
vt -0.055537 0.991956
vt -0.055537 0.946210
vt 1.224596 0.991956
vt 1.224596 0.946210
vt 1.716954 0.991956
vt 1.716954 0.946210
vt 3.095557 0.991956
vt 2.997086 0.991956
vt 2.997086 0.946210
vt 3.095557 0.946210
vt 1.126124 0.991956
vt 1.126124 0.946210
vt 1.618483 0.991956
vt 1.618483 0.946210
vt 2.898614 0.991956
vt 2.898614 0.946210
vt 1.027652 0.991956
vt 1.027652 0.946210
vt 2.800142 0.991956
vt 2.800142 0.946210
vt 0.929181 0.991956
vt 0.929181 0.946210
vt 0.035880 0.365402
vt 0.035880 0.408903
vt 1.215594 0.365402
vt 1.215594 0.408903
vt 0.097970 0.365402
vt 0.097970 0.408903
vt 1.277684 0.365402
vt 1.277684 0.408903
vt 0.160060 0.365402
vt 0.160060 0.408903
vt 1.339774 0.365402
vt 1.339774 0.408903
vt 0.470511 0.365402
vt 0.532601 0.365402
vt 0.532601 0.408903
vt 0.470511 0.408903
vt 0.222150 0.365402
vt 0.222150 0.408903
vt 1.401864 0.365402
vt 1.401864 0.408903
vt 0.594691 0.365402
vt 0.594691 0.408903
vt 0.284240 0.365402
vt 0.284240 0.408903
vt 1.463954 0.365402
vt 1.463954 0.408903
vt 0.656782 0.365402
vt 0.656782 0.408903
vt 0.346331 0.365402
vt 0.346331 0.408903
vt -0.522932 0.365402
vt -0.460842 0.365402
vt -0.460842 0.408903
vt -0.522932 0.408903
vt 0.718872 0.365402
vt 0.718872 0.408903
vt 0.408421 0.365402
vt 0.408421 0.408903
vt -0.398751 0.365402
vt -0.398751 0.408903
vt 0.780962 0.365402
vt 0.780962 0.408903
vt -0.336661 0.365402
vt -0.336661 0.408903
vt 0.843052 0.365402
vt 0.843052 0.408903
vt -0.274571 0.365402
vt -0.274571 0.408903
vt 0.905142 0.365402
vt 0.905142 0.408903
vt -0.212481 0.365402
vt -0.212481 0.408903
vt 0.967233 0.365402
vt 0.967233 0.408903
vt -0.150391 0.365402
vt -0.150391 0.408903
vt 1.029323 0.365402
vt 1.029323 0.408903
vt 0.853332 0.689750
vt 0.836584 0.706497
vt 0.816891 0.719656
vt 0.795009 0.728720
vt 0.771779 0.733340
vt 0.748095 0.733340
vt 0.724865 0.728720
vt 0.702983 0.719656
vt 0.683290 0.706497
vt 0.666542 0.689750
vt 0.853332 0.536455
vt 0.866490 0.556148
vt 0.875554 0.578030
vt 0.880175 0.601260
vt 0.880175 0.624945
vt 0.875554 0.648174
vt 0.866490 0.670056
vt 0.653384 0.670056
vt 0.644320 0.648174
vt 0.639699 0.624945
vt 0.639699 0.601260
vt 0.644320 0.578030
vt 0.653383 0.556148
vt 0.666542 0.536455
vt 0.683290 0.519707
vt 0.702983 0.506549
vt 0.724865 0.497485
vt 0.748095 0.492864
vt 0.771779 0.492864
vt 0.795009 0.497485
vt 0.816891 0.506549
vt 0.836584 0.519707
vt 0.449597 0.956664
vt 0.449597 0.946227
vt 0.500000 0.946227
vt 0.399195 0.956664
vt 0.399195 0.946227
vt 0.348792 0.946227
vt 0.298390 0.946227
vt 0.247987 0.946227
vt 0.197584 0.946227
vt 0.147182 0.946227
vt 0.096779 0.946227
vt 0.046377 0.956664
vt 0.046377 0.946227
vt -0.004026 0.956664
vt -0.004026 0.946227
vt -0.054428 0.956664
vt -0.054428 0.946227
vt -0.104831 0.946227
vt -0.155233 0.946227
vt -0.205636 0.946227
vt -0.256038 0.946227
vt -0.306441 0.946227
vt 1.306441 0.956664
vt 1.256038 0.956664
vt 1.256038 0.946227
vt 1.306441 0.946227
vt 1.205636 0.956664
vt 1.205636 0.946227
vt 1.155233 0.956664
vt 1.155233 0.946227
vt 1.104831 0.956664
vt 1.104831 0.946227
vt 1.054428 0.946227
vt 1.004025 0.946227
vt 0.953623 0.946227
vt 0.903220 0.946227
vt 0.852818 0.946227
vt 0.802415 0.956664
vt 0.802415 0.946227
vt 0.752013 0.956664
vt 0.752013 0.946227
vt 0.701610 0.956664
vt 0.701610 0.946227
vt 0.651207 0.956664
vt 0.651207 0.946227
vt 0.600805 0.946227
vt 0.550402 0.946227
vt -0.692562 0.991644
vt -0.692562 0.946345
vt -0.777746 0.946345
vt -0.777745 0.991644
vt 0.600805 0.956664
vt 0.550402 0.956664
vt 1.104831 0.991761
vt 1.104831 0.956664
vt 1.054428 0.956664
vt 1.054428 0.991761
vt 1.266648 0.991644
vt 1.266648 0.946345
vt 1.181464 0.946345
vt 1.181464 0.991644
vt 1.314256 0.999850
vt 1.314256 0.938138
vt 1.259973 0.938138
vt 1.259973 0.999850
vt 0.554284 0.999850
vt 0.554284 0.938138
vt 0.500000 0.938138
vt 0.500000 0.999850
vt 0.074085 0.991644
vt 0.074085 0.946345
vt -0.011098 0.946345
vt -0.011098 0.991644
vt 0.925916 0.991644
vt 0.925916 0.946345
vt 0.840733 0.946345
vt 0.840733 0.991644
vt 1.692563 0.991644
vt 1.692563 0.946345
vt 1.607380 0.946345
vt 1.607380 0.991644
vt -0.266647 0.991644
vt -0.266647 0.946345
vt -0.351830 0.946345
vt -0.351830 0.991644
vt 0.585183 0.991644
vt 0.585183 0.946345
vt 0.500000 0.946345
vt 0.500000 0.991644
vt 0.414817 0.946345
vt 0.414817 0.991644
vt 1.351831 0.991644
vt 1.351831 0.946345
vt -0.607379 0.991644
vt -0.607379 0.946345
vt 0.159268 0.991644
vt 0.159268 0.946345
vt 1.011098 0.991644
vt 1.011098 0.946345
vt 1.777746 0.991644
vt 1.777746 0.946345
vt -0.181464 0.991644
vt -0.181464 0.946345
vt 0.670366 0.991644
vt 0.670366 0.946345
vt 1.437014 0.991644
vt 1.437014 0.946345
vt -0.522196 0.991644
vt -0.522196 0.946345
vt 0.244451 0.991644
vt 0.244451 0.946345
vt 1.096282 0.991644
vt 1.096282 0.946345
vt 1.862929 0.991644
vt 1.862929 0.946345
vt -0.096281 0.991644
vt -0.096281 0.946345
vt 0.755549 0.991644
vt 0.755549 0.946345
vt 1.522197 0.991644
vt 1.522197 0.946345
vt -0.437013 0.991644
vt -0.437013 0.946345
vt 0.329634 0.991644
vt 0.329634 0.946345
vt -0.862929 0.946345
vt -0.862928 0.991644
vt 0.608568 0.999850
vt 0.608568 0.938138
vt 1.368540 0.999850
vt 1.368540 0.938138
vt 0.662851 0.999850
vt 0.662851 0.938138
vt -0.314256 0.999850
vt -0.314256 0.938139
vt -0.368540 0.938138
vt -0.368540 0.999850
vt 0.717135 0.999850
vt 0.717135 0.938138
vt -0.259973 0.999850
vt -0.259973 0.938138
vt 0.771419 0.999850
vt 0.771419 0.938138
vt -0.205689 0.999850
vt -0.205689 0.938138
vt 0.825702 0.999850
vt 0.825702 0.938138
vt 0.120014 0.999850
vt 0.120014 0.938138
vt 0.065730 0.938138
vt 0.065730 0.999850
vt -0.151405 0.999850
vt -0.151405 0.938138
vt 0.879986 0.999850
vt 0.879986 0.938138
vt 0.174298 0.999850
vt 0.174298 0.938138
vt -0.097121 0.999850
vt -0.097121 0.938138
vt 0.934270 0.999850
vt 0.934270 0.938138
vt 0.228581 0.999850
vt 0.228581 0.938138
vt -0.042837 0.999850
vt -0.042837 0.938138
vt 0.988554 0.999850
vt 0.988554 0.938138
vt 0.282865 0.999850
vt 0.282865 0.938138
vt 0.011446 0.999850
vt 0.011446 0.938138
vt 1.042837 0.999850
vt 1.042837 0.938138
vt 0.337149 0.999850
vt 0.337149 0.938138
vt 1.097121 0.999850
vt 1.097121 0.938138
vt 0.391432 0.999850
vt 0.391432 0.938138
vt 1.151405 0.999850
vt 1.151405 0.938138
vt 0.445716 0.999850
vt 0.445716 0.938138
vt 1.205689 0.999850
vt 1.205689 0.938138
vt 0.046377 0.956664
vt -0.004026 0.956664
vt 1.004025 0.956664
vt 0.953623 0.956664
vt 0.147182 0.991761
vt 0.147182 0.956664
vt 0.096779 0.956664
vt 0.096779 0.991761
vt 1.256038 0.956664
vt 1.205636 0.956664
vt 0.802415 0.956664
vt 0.752013 0.956664
vt 0.298390 0.956664
vt 0.247987 0.956664
vt -0.155233 0.956664
vt -0.205636 0.956664
vt 1.155233 0.956664
vt 0.701610 0.956664
vt 0.197584 0.956664
vt -0.256038 0.956664
vt 0.903220 0.956664
vt -0.054428 0.956664
vt 0.651207 0.956664
vt -0.306441 0.956664
vt 0.852818 0.956664
vt 0.500000 0.991761
vt 0.449597 0.991761
vt -0.104831 0.956664
vt 1.306441 0.956664
vt 0.348792 0.956664
vt 1.004025 0.991761
vt 0.046377 0.991761
vt 0.953623 0.991761
vt -0.004026 0.991761
vt 0.903220 0.991761
vt -0.054428 0.991761
vt 0.852818 0.991761
vt -0.104831 0.991761
vt 0.802415 0.991761
vt -0.155233 0.991761
vt 0.752013 0.991761
vt -0.205636 0.991761
vt 0.550402 0.991761
vt 0.701610 0.991761
vt -0.256038 0.991761
vt 0.399195 0.956664
vt 0.399195 0.991761
vt 0.651207 0.991761
vt -0.306441 0.991761
vt 0.348792 0.991761
vt 0.600805 0.991761
vt 1.306441 0.991761
vt 1.256038 0.991761
vt 0.298390 0.991761
vt 1.205636 0.991761
vt 0.247987 0.991761
vt 1.155233 0.991761
vt 0.197584 0.991761
vt 0.853332 0.689750
vt 0.866490 0.670056
vt 0.875554 0.648174
vt 0.880175 0.624945
vt 0.880175 0.601260
vt 0.875554 0.578030
vt 0.866490 0.556148
vt 0.853332 0.536455
vt 0.666542 0.689750
vt 0.683290 0.706497
vt 0.702983 0.719656
vt 0.724865 0.728720
vt 0.748095 0.733340
vt 0.771779 0.733340
vt 0.795009 0.728720
vt 0.816891 0.719656
vt 0.836584 0.706497
vt 0.836584 0.519707
vt 0.816891 0.506549
vt 0.795009 0.497485
vt 0.771779 0.492864
vt 0.748095 0.492864
vt 0.724865 0.497485
vt 0.702983 0.506549
vt 0.683290 0.519707
vt 0.666542 0.536455
vt 0.653383 0.556148
vt 0.644320 0.578030
vt 0.639699 0.601260
vt 0.639699 0.624945
vt 0.644320 0.648174
vt 0.653384 0.670056
vt 0.252580 0.483426
vt 0.285404 0.483426
vt 0.285404 0.410965
vt 0.252580 0.410965
vt 0.174981 0.621476
vt 0.174981 0.598566
vt 0.179386 0.576084
vt 0.188027 0.554894
vt 0.200573 0.535809
vt 0.216540 0.519564
vt 0.235316 0.506782
vt 0.256178 0.497955
vt 0.278325 0.493422
vt 0.300906 0.493357
vt 0.323054 0.497763
vt 0.343916 0.506470
vt 0.362691 0.519144
vt 0.378659 0.535298
vt 0.391204 0.554310
vt 0.399846 0.575451
vt 0.404251 0.597908
vt 0.404251 0.620817
vt 0.399846 0.643300
vt 0.391204 0.664490
vt 0.378659 0.683575
vt 0.362691 0.699820
vt 0.343916 0.712602
vt 0.323054 0.721429
vt 0.300906 0.725962
vt 0.278325 0.726027
vt 0.256178 0.721621
vt 0.235316 0.712914
vt 0.216540 0.700240
vt 0.200573 0.684086
vt 0.188027 0.665074
vt 0.179386 0.643933
vt 0.654978 0.483426
vt 0.687137 0.483426
vt 0.687137 0.410966
vt 0.654978 0.410966
vt 0.219757 0.483426
vt 0.219757 0.410965
vt 0.623393 0.483426
vt 0.623393 0.410966
vt 0.187166 0.483426
vt 0.187166 0.410965
vt 0.592443 0.483426
vt 0.592443 0.410966
vt 0.155007 0.483426
vt 0.155007 0.410965
vt 0.562089 0.483426
vt 0.562089 0.410966
vt 0.972903 0.483426
vt 1.002537 0.483426
vt 1.002537 0.410966
vt 0.972903 0.410966
vt 0.123423 0.483426
vt 0.123423 0.410965
vt 0.532200 0.483426
vt 0.532200 0.410966
vt 0.943014 0.483426
vt 0.943014 0.410966
vt 0.092472 0.483426
vt 0.092472 0.410965
vt 0.502566 0.483426
vt 0.502566 0.410966
vt 0.912660 0.483426
vt 0.912660 0.410966
vt 0.062118 0.483426
vt 0.062118 0.410965
vt 0.472932 0.483426
vt 0.472932 0.410966
vt 0.881709 0.483426
vt 0.881709 0.410966
vt 0.032229 0.483426
vt 0.032229 0.410965
vt 0.443043 0.483426
vt 0.443043 0.410966
vt 0.850125 0.483426
vt 0.850125 0.410966
vt 0.002595 0.483426
vt 0.002595 0.410965
vt 0.412689 0.483426
vt 0.412689 0.410965
vt 0.817966 0.483426
vt 0.817966 0.410966
vt 0.381738 0.483426
vt 0.381738 0.410965
vt 0.785374 0.483426
vt 0.785374 0.410966
vt 0.350154 0.483426
vt 0.350154 0.410965
vt 0.752551 0.483426
vt 0.752551 0.410966
vt 0.317995 0.483426
vt 0.317995 0.410965
vt 0.719728 0.483426
vt 0.719728 0.410966
vt 0.502041 0.733394
vt 0.502041 0.733394
vt 0.502041 0.733394
vt 0.502041 0.733394
vt 0.502041 0.733394
vt 0.502041 0.733394
vt 0.502041 0.733394
vt 0.502041 0.733394
vt 0.502041 0.733394
vt 0.502041 0.733394
vt 0.502041 0.733394
vt 0.502041 0.733394
vt 0.502041 0.733394
vt 0.502041 0.733394
vt 0.502041 0.733394
vt 0.502041 0.733394
vt 0.502041 0.733394
vt 0.502041 0.733394
vt 0.502041 0.733394
vt 0.502041 0.733394
vt 0.502041 0.733394
vt 0.502041 0.733394
vt 0.502041 0.733394
vt 0.502041 0.733394
vt 0.502041 0.733394
vt 0.502041 0.733394
vt 0.502041 0.733394
vt 0.502041 0.733394
vt 0.502041 0.733394
vt 0.502041 0.733394
vt 0.502041 0.733394
vt 0.502041 0.733394
vt 0.502041 0.733394
vt 0.502041 0.733394
vt 0.502041 0.733394
vt 0.502041 0.733394
vt 0.502041 0.733394
vt 0.502041 0.733394
vt 0.502041 0.733394
vt 0.502041 0.733394
vt 0.502041 0.733394
vt 0.502041 0.733394
vt 0.502041 0.733394
vt 0.502041 0.733394
vt 0.502041 0.733394
vt 0.502041 0.733394
vt 0.502041 0.733394
vt 0.502041 0.733394
vt 0.502041 0.733394
vt 0.502041 0.733394
vt 0.502041 0.733394
vt 0.502041 0.733394
vt 0.502041 0.733394
vt 0.502041 0.733394
vt 0.502041 0.733394
vt 0.502041 0.733394
vt 0.502041 0.733394
vt 0.502041 0.733394
vt 0.502041 0.733394
vt 0.502041 0.733394
vt 0.502041 0.733394
vt 0.502041 0.733394
vt 0.502041 0.733394
vt 0.502041 0.733394
vt 1.306441 0.956664
vt 1.256038 0.956664
vt 0.802415 0.956664
vt 0.046377 0.956664
vt 1.205636 0.956664
vt 0.752013 0.956664
vt 0.449597 0.956664
vt -0.004026 0.956664
vt 1.155233 0.956664
vt 0.701610 0.956664
vt 0.399195 0.956664
vt -0.054428 0.956664
vt 1.104831 0.956664
vt 0.651207 0.956664
vt 0.197584 0.991761
vt 0.147182 0.991761
vt 0.147182 0.963354
vt 0.197584 0.963354
vt 1.155233 0.991761
vt 1.104831 0.991761
vt 1.104831 0.963354
vt 1.155233 0.963354
vt 0.247987 0.991761
vt 0.247987 0.963354
vt 1.205636 0.991761
vt 1.205636 0.963354
vt 0.298390 0.991761
vt 0.298390 0.963354
vt 1.256038 0.991761
vt 1.256038 0.963354
vt 0.600805 0.991761
vt 0.550402 0.991761
vt 0.550402 0.963354
vt 0.600805 0.963354
vt 0.348792 0.991761
vt 0.348792 0.963354
vt 1.306441 0.991761
vt 1.306441 0.963354
vt 0.651207 0.991761
vt 0.651207 0.963354
vt 0.399195 0.991761
vt 0.399195 0.963354
vt -0.256038 0.991761
vt -0.306441 0.991761
vt -0.306441 0.963354
vt -0.256038 0.963354
vt 0.701610 0.991761
vt 0.701610 0.963354
vt 0.449597 0.991761
vt 0.449597 0.963354
vt -0.205636 0.991761
vt -0.205636 0.963354
vt 0.752013 0.991761
vt 0.752013 0.963354
vt 0.500000 0.991761
vt 0.500000 0.963354
vt -0.155233 0.991761
vt -0.155233 0.963354
vt 0.802415 0.991761
vt 0.802415 0.963354
vt -0.104831 0.991761
vt -0.104831 0.963354
vt 0.852818 0.991761
vt 0.852818 0.963354
vt -0.054428 0.991761
vt -0.054428 0.963354
vt 0.903220 0.991761
vt 0.903220 0.963354
vt -0.004026 0.991761
vt -0.004026 0.963354
vt 0.953623 0.991761
vt 0.953623 0.963354
vt 0.046377 0.991761
vt 0.046377 0.963354
vt 1.004025 0.991761
vt 1.004025 0.963354
vt 0.096779 0.991761
vt 0.096779 0.963354
vt 1.054428 0.991761
vt 1.054428 0.963354
vt 0.328011 0.119687
vt 0.415876 0.119688
vt 0.415862 0.149006
vt 0.404985 0.148553
vt 0.397927 0.147891
vt 0.390938 0.146710
vt 0.333792 0.136719
vt 0.326151 0.199596
vt 0.331141 0.198683
vt 0.331141 0.202207
vt 0.326151 0.205279
vt 0.340910 0.144909
vt 0.341504 0.147981
vt 0.332906 0.147981
vt 0.327916 0.144909
vt 0.429802 0.120299
vt 0.428685 0.148657
vt 0.426578 0.149004
vt 0.427287 0.119687
vt 0.388213 0.144808
vt 0.361730 0.145507
vt 0.358490 0.145583
vt 0.355218 0.145614
vt 0.350175 0.145614
vt 0.345206 0.145614
vt 0.344876 0.141838
vt 0.390910 0.141838
vt 0.339750 0.198683
vt 0.339739 0.202207
vt 0.344610 0.146309
vt 0.344184 0.142820
vt 0.326151 0.184123
vt 0.331141 0.185036
vt 0.382037 0.122993
vt 0.384733 0.120292
vt 0.384733 0.139304
vt 0.382037 0.136603
vt 0.348410 0.196844
vt 0.348410 0.186875
vt 0.350597 0.188455
vt 0.350597 0.195264
vt 0.326151 0.178439
vt 0.331141 0.181512
vt 0.345116 0.200245
vt 0.348410 0.203538
vt 0.348410 0.204574
vt 0.343441 0.204574
vt 0.343441 0.200245
vt 0.386449 0.205380
vt 0.359966 0.204681
vt 0.359968 0.200141
vt 0.386449 0.198665
vt 0.353470 0.200285
vt 0.353454 0.204574
vt 0.351919 0.200245
vt 0.343441 0.183474
vt 0.345116 0.183474
vt 0.389145 0.182353
vt 0.386449 0.185054
vt 0.386449 0.178339
vt 0.389145 0.175369
vt 0.389145 0.208350
vt 0.389145 0.201366
vt 0.339739 0.181512
vt 0.339750 0.185036
vt 0.342852 0.199792
vt 0.342852 0.183927
vt 0.466302 0.121001
vt 0.455820 0.134368
vt 0.436972 0.145627
vt 0.438286 0.121593
vt 0.342845 0.203880
vt 0.343441 0.179145
vt 0.342845 0.179839
vt 0.340767 0.181288
vt 0.340773 0.184887
vt 0.341904 0.180676
vt 0.341908 0.184481
vt 0.342008 0.144629
vt 0.342532 0.147757
vt 0.343207 0.143864
vt 0.343668 0.147145
vt 0.340773 0.198832
vt 0.340767 0.202431
vt 0.341908 0.199238
vt 0.341904 0.203043
vt 0.434594 0.146834
vt 0.435848 0.121420
vt 0.431605 0.147944
vt 0.432818 0.120947
vt 0.359968 0.183578
vt 0.359966 0.179038
vt 0.356727 0.200277
vt 0.354106 0.198665
vt 0.354106 0.185054
vt 0.351919 0.183474
vt 0.353470 0.183434
vt 0.356727 0.183442
vt 0.348410 0.180181
vt 0.348410 0.179145
vt 0.349694 0.136603
vt 0.346185 0.133202
vt 0.346185 0.126394
vt 0.349694 0.122993
vt 0.356726 0.204606
vt 0.353454 0.179145
vt 0.356726 0.179113
vt 0.328011 0.119687
vt 0.415876 0.119688
vt 0.415862 0.149006
vt 0.404985 0.148553
vt 0.397927 0.147891
vt 0.390938 0.146710
vt 0.333792 0.136719
vt 0.326151 0.199596
vt 0.331141 0.198683
vt 0.331141 0.202207
vt 0.326151 0.205279
vt 0.340910 0.144909
vt 0.341504 0.147981
vt 0.332906 0.147981
vt 0.327916 0.144909
vt 0.429802 0.120299
vt 0.428685 0.148657
vt 0.426578 0.149004
vt 0.427287 0.119687
vt 0.388213 0.144808
vt 0.361730 0.145507
vt 0.358490 0.145583
vt 0.355218 0.145614
vt 0.350175 0.145614
vt 0.345206 0.145614
vt 0.344876 0.141838
vt 0.390910 0.141838
vt 0.339750 0.198683
vt 0.339739 0.202207
vt 0.344610 0.146309
vt 0.344184 0.142820
vt 0.326151 0.184123
vt 0.331141 0.185036
vt 0.382037 0.122993
vt 0.384733 0.120292
vt 0.384733 0.139304
vt 0.382037 0.136603
vt 0.348410 0.196844
vt 0.348410 0.186875
vt 0.350597 0.188455
vt 0.350597 0.195264
vt 0.326151 0.178439
vt 0.331141 0.181512
vt 0.345116 0.200245
vt 0.348410 0.203538
vt 0.348410 0.204574
vt 0.343441 0.204574
vt 0.343441 0.200245
vt 0.386449 0.205380
vt 0.359966 0.204681
vt 0.359968 0.200141
vt 0.386449 0.198665
vt 0.353470 0.200285
vt 0.353454 0.204574
vt 0.351919 0.200245
vt 0.343441 0.183474
vt 0.345116 0.183474
vt 0.389145 0.182353
vt 0.386449 0.185054
vt 0.386449 0.178339
vt 0.389145 0.175369
vt 0.389145 0.208350
vt 0.389145 0.201366
vt 0.339739 0.181512
vt 0.339750 0.185036
vt 0.342852 0.199792
vt 0.342852 0.183927
vt 0.466302 0.121001
vt 0.455820 0.134368
vt 0.436972 0.145627
vt 0.438286 0.121593
vt 0.342845 0.203880
vt 0.343441 0.179145
vt 0.342845 0.179839
vt 0.340767 0.181288
vt 0.340773 0.184887
vt 0.341904 0.180676
vt 0.341908 0.184481
vt 0.342008 0.144629
vt 0.342532 0.147757
vt 0.343207 0.143864
vt 0.343668 0.147145
vt 0.340773 0.198832
vt 0.340767 0.202431
vt 0.341908 0.199238
vt 0.341904 0.203043
vt 0.434594 0.146834
vt 0.435848 0.121420
vt 0.431605 0.147944
vt 0.432818 0.120947
vt 0.359968 0.183578
vt 0.359966 0.179038
vt 0.356727 0.200277
vt 0.354106 0.198665
vt 0.354106 0.185054
vt 0.351919 0.183474
vt 0.353470 0.183434
vt 0.356727 0.183442
vt 0.348410 0.180181
vt 0.348410 0.179145
vt 0.349694 0.136603
vt 0.346185 0.133202
vt 0.346185 0.126394
vt 0.349694 0.122993
vt 0.356726 0.204606
vt 0.353454 0.179145
vt 0.356726 0.179113
vt 0.328011 0.119687
vt 0.333792 0.136719
vt 0.390938 0.146710
vt 0.397927 0.147891
vt 0.404985 0.148553
vt 0.415862 0.149006
vt 0.415876 0.119688
vt 0.326151 0.199596
vt 0.326151 0.205279
vt 0.331141 0.202207
vt 0.331141 0.198683
vt 0.340910 0.144909
vt 0.327916 0.144909
vt 0.332906 0.147981
vt 0.341504 0.147981
vt 0.429802 0.120299
vt 0.427287 0.119687
vt 0.426578 0.149004
vt 0.428685 0.148657
vt 0.388213 0.144808
vt 0.390910 0.141838
vt 0.344876 0.141838
vt 0.345206 0.145614
vt 0.350175 0.145614
vt 0.355218 0.145614
vt 0.358490 0.145583
vt 0.361730 0.145507
vt 0.339750 0.198683
vt 0.339739 0.202207
vt 0.344184 0.142820
vt 0.344610 0.146309
vt 0.331141 0.185036
vt 0.326151 0.184123
vt 0.382037 0.122993
vt 0.382037 0.136603
vt 0.384733 0.139304
vt 0.384733 0.120292
vt 0.348410 0.196844
vt 0.350597 0.195264
vt 0.350597 0.188455
vt 0.348410 0.186875
vt 0.326151 0.178439
vt 0.331141 0.181512
vt 0.345116 0.200245
vt 0.343441 0.200245
vt 0.343441 0.204574
vt 0.348410 0.204574
vt 0.348410 0.203538
vt 0.386449 0.205380
vt 0.386449 0.198665
vt 0.359968 0.200141
vt 0.359966 0.204681
vt 0.353470 0.200285
vt 0.351919 0.200245
vt 0.353454 0.204574
vt 0.343441 0.183474
vt 0.345116 0.183474
vt 0.389145 0.182353
vt 0.389145 0.175369
vt 0.386449 0.178339
vt 0.386449 0.185054
vt 0.389145 0.208350
vt 0.389145 0.201366
vt 0.339739 0.181512
vt 0.339750 0.185036
vt 0.342852 0.183927
vt 0.342852 0.199792
vt 0.466302 0.121001
vt 0.438286 0.121593
vt 0.436972 0.145627
vt 0.455820 0.134368
vt 0.342845 0.203880
vt 0.343441 0.179145
vt 0.342845 0.179839
vt 0.340773 0.184887
vt 0.340767 0.181288
vt 0.341908 0.184481
vt 0.341904 0.180676
vt 0.342532 0.147757
vt 0.342008 0.144629
vt 0.343668 0.147145
vt 0.343207 0.143864
vt 0.340767 0.202431
vt 0.340773 0.198832
vt 0.341904 0.203043
vt 0.341908 0.199238
vt 0.435848 0.121420
vt 0.434594 0.146834
vt 0.432818 0.120947
vt 0.431605 0.147944
vt 0.359966 0.179038
vt 0.359968 0.183578
vt 0.354106 0.198665
vt 0.356727 0.200277
vt 0.356727 0.183442
vt 0.353470 0.183434
vt 0.351919 0.183474
vt 0.354106 0.185054
vt 0.348410 0.180181
vt 0.348410 0.179145
vt 0.349694 0.122993
vt 0.346185 0.126394
vt 0.346185 0.133202
vt 0.349694 0.136603
vt 0.356726 0.204606
vt 0.356726 0.179113
vt 0.353454 0.179145
vt 0.328011 0.119687
vt 0.333792 0.136719
vt 0.390938 0.146710
vt 0.397927 0.147891
vt 0.404985 0.148553
vt 0.415862 0.149006
vt 0.415876 0.119688
vt 0.326151 0.199596
vt 0.326151 0.205279
vt 0.331141 0.202207
vt 0.331141 0.198683
vt 0.340910 0.144909
vt 0.327916 0.144909
vt 0.332906 0.147981
vt 0.341504 0.147981
vt 0.429802 0.120299
vt 0.427287 0.119687
vt 0.426578 0.149004
vt 0.428685 0.148657
vt 0.388213 0.144808
vt 0.390910 0.141838
vt 0.344876 0.141838
vt 0.345206 0.145614
vt 0.350175 0.145614
vt 0.355218 0.145614
vt 0.358490 0.145583
vt 0.361730 0.145507
vt 0.339750 0.198683
vt 0.339739 0.202207
vt 0.344184 0.142820
vt 0.344610 0.146309
vt 0.331141 0.185036
vt 0.326151 0.184123
vt 0.382037 0.122993
vt 0.382037 0.136603
vt 0.384733 0.139304
vt 0.384733 0.120292
vt 0.348410 0.196844
vt 0.350597 0.195264
vt 0.350597 0.188455
vt 0.348410 0.186875
vt 0.326151 0.178439
vt 0.331141 0.181512
vt 0.345116 0.200245
vt 0.343441 0.200245
vt 0.343441 0.204574
vt 0.348410 0.204574
vt 0.348410 0.203538
vt 0.386449 0.205380
vt 0.386449 0.198665
vt 0.359968 0.200141
vt 0.359966 0.204681
vt 0.353470 0.200285
vt 0.351919 0.200245
vt 0.353454 0.204574
vt 0.343441 0.183474
vt 0.345116 0.183474
vt 0.389145 0.182353
vt 0.389145 0.175369
vt 0.386449 0.178339
vt 0.386449 0.185054
vt 0.389145 0.208350
vt 0.389145 0.201366
vt 0.339739 0.181512
vt 0.339750 0.185036
vt 0.342852 0.183927
vt 0.342852 0.199792
vt 0.466302 0.121001
vt 0.438286 0.121593
vt 0.436972 0.145627
vt 0.455820 0.134368
vt 0.342845 0.203880
vt 0.343441 0.179145
vt 0.342845 0.179839
vt 0.340773 0.184887
vt 0.340767 0.181288
vt 0.341908 0.184481
vt 0.341904 0.180676
vt 0.342532 0.147757
vt 0.342008 0.144629
vt 0.343668 0.147145
vt 0.343207 0.143864
vt 0.340767 0.202431
vt 0.340773 0.198832
vt 0.341904 0.203043
vt 0.341908 0.199238
vt 0.435848 0.121420
vt 0.434594 0.146834
vt 0.432818 0.120947
vt 0.431605 0.147944
vt 0.359966 0.179038
vt 0.359968 0.183578
vt 0.354106 0.198665
vt 0.356727 0.200277
vt 0.356727 0.183442
vt 0.353470 0.183434
vt 0.351919 0.183474
vt 0.354106 0.185054
vt 0.348410 0.180181
vt 0.348410 0.179145
vt 0.349694 0.122993
vt 0.346185 0.126394
vt 0.346185 0.133202
vt 0.349694 0.136603
vt 0.356726 0.204606
vt 0.356726 0.179113
vt 0.353454 0.179145
vt 0.328011 0.119687
vt 0.333792 0.136719
vt 0.390938 0.146710
vt 0.397927 0.147891
vt 0.404985 0.148553
vt 0.415862 0.149006
vt 0.415876 0.119688
vt 0.326151 0.199596
vt 0.326151 0.205279
vt 0.331141 0.202207
vt 0.331141 0.198683
vt 0.340910 0.144909
vt 0.327916 0.144909
vt 0.332906 0.147981
vt 0.341504 0.147981
vt 0.429802 0.120299
vt 0.427287 0.119687
vt 0.426578 0.149004
vt 0.428685 0.148657
vt 0.388213 0.144808
vt 0.390910 0.141838
vt 0.344876 0.141838
vt 0.345206 0.145614
vt 0.350175 0.145614
vt 0.355218 0.145614
vt 0.358490 0.145583
vt 0.361730 0.145507
vt 0.339750 0.198683
vt 0.339739 0.202207
vt 0.344184 0.142820
vt 0.344610 0.146309
vt 0.331141 0.185036
vt 0.326151 0.184123
vt 0.382037 0.122993
vt 0.382037 0.136603
vt 0.384733 0.139304
vt 0.384733 0.120292
vt 0.348410 0.196844
vt 0.350597 0.195264
vt 0.350597 0.188455
vt 0.348410 0.186875
vt 0.326151 0.178439
vt 0.331141 0.181512
vt 0.345116 0.200245
vt 0.343441 0.200245
vt 0.343441 0.204574
vt 0.348410 0.204574
vt 0.348410 0.203538
vt 0.386449 0.205380
vt 0.386449 0.198665
vt 0.359968 0.200141
vt 0.359966 0.204681
vt 0.353470 0.200285
vt 0.351919 0.200245
vt 0.353454 0.204574
vt 0.343441 0.183474
vt 0.345116 0.183474
vt 0.389145 0.182353
vt 0.389145 0.175369
vt 0.386449 0.178339
vt 0.386449 0.185054
vt 0.389145 0.208350
vt 0.389145 0.201366
vt 0.339739 0.181512
vt 0.339750 0.185036
vt 0.342852 0.183927
vt 0.342852 0.199792
vt 0.466302 0.121001
vt 0.438286 0.121593
vt 0.436972 0.145627
vt 0.455820 0.134368
vt 0.342845 0.203880
vt 0.343441 0.179145
vt 0.342845 0.179839
vt 0.340773 0.184887
vt 0.340767 0.181288
vt 0.341908 0.184481
vt 0.341904 0.180676
vt 0.342532 0.147757
vt 0.342008 0.144629
vt 0.343668 0.147145
vt 0.343207 0.143864
vt 0.340767 0.202431
vt 0.340773 0.198832
vt 0.341904 0.203043
vt 0.341908 0.199238
vt 0.435848 0.121420
vt 0.434594 0.146834
vt 0.432818 0.120947
vt 0.431605 0.147944
vt 0.359966 0.179038
vt 0.359968 0.183578
vt 0.354106 0.198665
vt 0.356727 0.200277
vt 0.356727 0.183442
vt 0.353470 0.183434
vt 0.351919 0.183474
vt 0.354106 0.185054
vt 0.348410 0.180181
vt 0.348410 0.179145
vt 0.349694 0.122993
vt 0.346185 0.126394
vt 0.346185 0.133202
vt 0.349694 0.136603
vt 0.356726 0.204606
vt 0.356726 0.179113
vt 0.353454 0.179145
vt 0.328011 0.119687
vt 0.333792 0.136719
vt 0.390938 0.146710
vt 0.397927 0.147891
vt 0.404985 0.148553
vt 0.415862 0.149006
vt 0.415876 0.119688
vt 0.326151 0.199596
vt 0.326151 0.205279
vt 0.331141 0.202207
vt 0.331141 0.198683
vt 0.340910 0.144909
vt 0.327916 0.144909
vt 0.332906 0.147981
vt 0.341504 0.147981
vt 0.429802 0.120299
vt 0.427287 0.119687
vt 0.426578 0.149004
vt 0.428685 0.148657
vt 0.388213 0.144808
vt 0.390910 0.141838
vt 0.344876 0.141838
vt 0.345206 0.145614
vt 0.350175 0.145614
vt 0.355218 0.145614
vt 0.358490 0.145583
vt 0.361730 0.145507
vt 0.339750 0.198683
vt 0.339739 0.202207
vt 0.344184 0.142820
vt 0.344610 0.146309
vt 0.331141 0.185036
vt 0.326151 0.184123
vt 0.382037 0.122993
vt 0.382037 0.136603
vt 0.384733 0.139304
vt 0.384733 0.120292
vt 0.348410 0.196844
vt 0.350597 0.195264
vt 0.350597 0.188455
vt 0.348410 0.186875
vt 0.326151 0.178439
vt 0.331141 0.181512
vt 0.345116 0.200245
vt 0.343441 0.200245
vt 0.343441 0.204574
vt 0.348410 0.204574
vt 0.348410 0.203538
vt 0.386449 0.205380
vt 0.386449 0.198665
vt 0.359968 0.200141
vt 0.359966 0.204681
vt 0.353470 0.200285
vt 0.351919 0.200245
vt 0.353454 0.204574
vt 0.343441 0.183474
vt 0.345116 0.183474
vt 0.389145 0.182353
vt 0.389145 0.175369
vt 0.386449 0.178339
vt 0.386449 0.185054
vt 0.389145 0.208350
vt 0.389145 0.201366
vt 0.339739 0.181512
vt 0.339750 0.185036
vt 0.342852 0.183927
vt 0.342852 0.199792
vt 0.466302 0.121001
vt 0.438286 0.121593
vt 0.436972 0.145627
vt 0.455820 0.134368
vt 0.342845 0.203880
vt 0.343441 0.179145
vt 0.342845 0.179839
vt 0.340773 0.184887
vt 0.340767 0.181288
vt 0.341908 0.184481
vt 0.341904 0.180676
vt 0.342532 0.147757
vt 0.342008 0.144629
vt 0.343668 0.147145
vt 0.343207 0.143864
vt 0.340767 0.202431
vt 0.340773 0.198832
vt 0.341904 0.203043
vt 0.341908 0.199238
vt 0.435848 0.121420
vt 0.434594 0.146834
vt 0.432818 0.120947
vt 0.431605 0.147944
vt 0.359966 0.179038
vt 0.359968 0.183578
vt 0.354106 0.198665
vt 0.356727 0.200277
vt 0.356727 0.183442
vt 0.353470 0.183434
vt 0.351919 0.183474
vt 0.354106 0.185054
vt 0.348410 0.180181
vt 0.348410 0.179145
vt 0.349694 0.122993
vt 0.346185 0.126394
vt 0.346185 0.133202
vt 0.349694 0.136603
vt 0.356726 0.204606
vt 0.356726 0.179113
vt 0.353454 0.179145
vt 0.328011 0.119687
vt 0.415876 0.119688
vt 0.415862 0.149006
vt 0.404985 0.148553
vt 0.397927 0.147891
vt 0.390938 0.146710
vt 0.333792 0.136719
vt 0.326151 0.199596
vt 0.331141 0.198683
vt 0.331141 0.202207
vt 0.326151 0.205279
vt 0.340910 0.144909
vt 0.341504 0.147981
vt 0.332906 0.147981
vt 0.327916 0.144909
vt 0.429802 0.120299
vt 0.428685 0.148657
vt 0.426578 0.149004
vt 0.427287 0.119687
vt 0.388213 0.144808
vt 0.361730 0.145507
vt 0.358490 0.145583
vt 0.355218 0.145614
vt 0.350175 0.145614
vt 0.345206 0.145614
vt 0.344876 0.141838
vt 0.390910 0.141838
vt 0.339750 0.198683
vt 0.339739 0.202207
vt 0.344610 0.146309
vt 0.344184 0.142820
vt 0.326151 0.184123
vt 0.331141 0.185036
vt 0.382037 0.122993
vt 0.384733 0.120292
vt 0.384733 0.139304
vt 0.382037 0.136603
vt 0.348410 0.196844
vt 0.348410 0.186875
vt 0.350597 0.188455
vt 0.350597 0.195264
vt 0.326151 0.178439
vt 0.331141 0.181512
vt 0.345116 0.200245
vt 0.348410 0.203538
vt 0.348410 0.204574
vt 0.343441 0.204574
vt 0.343441 0.200245
vt 0.386449 0.205380
vt 0.359966 0.204681
vt 0.359968 0.200141
vt 0.386449 0.198665
vt 0.353470 0.200285
vt 0.353454 0.204574
vt 0.351919 0.200245
vt 0.343441 0.183474
vt 0.345116 0.183474
vt 0.389145 0.182353
vt 0.386449 0.185054
vt 0.386449 0.178339
vt 0.389145 0.175369
vt 0.389145 0.208350
vt 0.389145 0.201366
vt 0.339739 0.181512
vt 0.339750 0.185036
vt 0.342852 0.199792
vt 0.342852 0.183927
vt 0.466302 0.121001
vt 0.455820 0.134368
vt 0.436972 0.145627
vt 0.438286 0.121593
vt 0.342845 0.203880
vt 0.343441 0.179145
vt 0.342845 0.179839
vt 0.340767 0.181288
vt 0.340773 0.184887
vt 0.341904 0.180676
vt 0.341908 0.184481
vt 0.342008 0.144629
vt 0.342532 0.147757
vt 0.343207 0.143864
vt 0.343668 0.147145
vt 0.340773 0.198832
vt 0.340767 0.202431
vt 0.341908 0.199238
vt 0.341904 0.203043
vt 0.434594 0.146834
vt 0.435848 0.121420
vt 0.431605 0.147944
vt 0.432818 0.120947
vt 0.359968 0.183578
vt 0.359966 0.179038
vt 0.356727 0.200277
vt 0.354106 0.198665
vt 0.354106 0.185054
vt 0.351919 0.183474
vt 0.353470 0.183434
vt 0.356727 0.183442
vt 0.348410 0.180181
vt 0.348410 0.179145
vt 0.349694 0.136603
vt 0.346185 0.133202
vt 0.346185 0.126394
vt 0.349694 0.122993
vt 0.356726 0.204606
vt 0.353454 0.179145
vt 0.356726 0.179113
vt 0.328011 0.119687
vt 0.415876 0.119688
vt 0.415862 0.149006
vt 0.404985 0.148553
vt 0.397927 0.147891
vt 0.390938 0.146710
vt 0.333792 0.136719
vt 0.326151 0.199596
vt 0.331141 0.198683
vt 0.331141 0.202207
vt 0.326151 0.205279
vt 0.340910 0.144909
vt 0.341504 0.147981
vt 0.332906 0.147981
vt 0.327916 0.144909
vt 0.429802 0.120299
vt 0.428685 0.148657
vt 0.426578 0.149004
vt 0.427287 0.119687
vt 0.388213 0.144808
vt 0.361730 0.145507
vt 0.358490 0.145583
vt 0.355218 0.145614
vt 0.350175 0.145614
vt 0.345206 0.145614
vt 0.344876 0.141838
vt 0.390910 0.141838
vt 0.339750 0.198683
vt 0.339739 0.202207
vt 0.344610 0.146309
vt 0.344184 0.142820
vt 0.326151 0.184123
vt 0.331141 0.185036
vt 0.382037 0.122993
vt 0.384733 0.120292
vt 0.384733 0.139304
vt 0.382037 0.136603
vt 0.348410 0.196844
vt 0.348410 0.186875
vt 0.350597 0.188455
vt 0.350597 0.195264
vt 0.326151 0.178439
vt 0.331141 0.181512
vt 0.345116 0.200245
vt 0.348410 0.203538
vt 0.348410 0.204574
vt 0.343441 0.204574
vt 0.343441 0.200245
vt 0.386449 0.205380
vt 0.359966 0.204681
vt 0.359968 0.200141
vt 0.386449 0.198665
vt 0.353470 0.200285
vt 0.353454 0.204574
vt 0.351919 0.200245
vt 0.343441 0.183474
vt 0.345116 0.183474
vt 0.389145 0.182353
vt 0.386449 0.185054
vt 0.386449 0.178339
vt 0.389145 0.175369
vt 0.389145 0.208350
vt 0.389145 0.201366
vt 0.339739 0.181512
vt 0.339750 0.185036
vt 0.342852 0.199792
vt 0.342852 0.183927
vt 0.466302 0.121001
vt 0.455820 0.134368
vt 0.436972 0.145627
vt 0.438286 0.121593
vt 0.342845 0.203880
vt 0.343441 0.179145
vt 0.342845 0.179839
vt 0.340767 0.181288
vt 0.340773 0.184887
vt 0.341904 0.180676
vt 0.341908 0.184481
vt 0.342008 0.144629
vt 0.342532 0.147757
vt 0.343207 0.143864
vt 0.343668 0.147145
vt 0.340773 0.198832
vt 0.340767 0.202431
vt 0.341908 0.199238
vt 0.341904 0.203043
vt 0.434594 0.146834
vt 0.435848 0.121420
vt 0.431605 0.147944
vt 0.432818 0.120947
vt 0.359968 0.183578
vt 0.359966 0.179038
vt 0.356727 0.200277
vt 0.354106 0.198665
vt 0.354106 0.185054
vt 0.351919 0.183474
vt 0.353470 0.183434
vt 0.356727 0.183442
vt 0.348410 0.180181
vt 0.348410 0.179145
vt 0.349694 0.136603
vt 0.346185 0.133202
vt 0.346185 0.126394
vt 0.349694 0.122993
vt 0.356726 0.204606
vt 0.353454 0.179145
vt 0.356726 0.179113
vt 0.011920 0.080577
vt 0.023462 0.065779
vt 0.023462 0.885671
vt 0.011920 0.867297
vt 0.047375 0.054422
vt 0.047375 0.895842
vt 0.137873 0.038116
vt 0.137873 0.914204
vt 0.228370 0.019027
vt 0.228370 0.932517
vt 0.318867 0.001763
vt 0.318867 0.950079
vt 0.409365 0.002011
vt 0.409365 0.955074
vt 0.499862 0.000138
vt 0.499862 0.954251
vt 0.000138 0.112730
vt 0.000139 0.836545
vt 0.988080 0.080577
vt 0.988080 0.867296
vt 0.976539 0.885671
vt 0.976538 0.065778
vt 0.952625 0.895841
vt 0.952624 0.054421
vt 0.862128 0.914203
vt 0.862127 0.038116
vt 0.771630 0.932517
vt 0.771630 0.019027
vt 0.681133 0.950078
vt 0.681133 0.001763
vt 0.590636 0.955074
vt 0.590635 0.002011
vt 0.500139 0.954251
vt 0.500138 0.000138
vt 0.999862 0.112729
vt 0.999862 0.836544
vt 0.011920 0.080577
vt 0.023462 0.065779
vt 0.023462 0.885671
vt 0.011920 0.867297
vt 0.047375 0.054422
vt 0.047375 0.895842
vt 0.137873 0.038116
vt 0.137873 0.914204
vt 0.228370 0.019027
vt 0.228370 0.932517
vt 0.318867 0.001763
vt 0.318867 0.950079
vt 0.409365 0.002011
vt 0.409365 0.955074
vt 0.499862 0.000138
vt 0.499862 0.954251
vt 0.000138 0.112730
vt 0.000139 0.836545
vt 0.988080 0.080577
vt 0.988080 0.867296
vt 0.976539 0.885671
vt 0.976538 0.065778
vt 0.952625 0.895841
vt 0.952624 0.054421
vt 0.862128 0.914203
vt 0.862127 0.038116
vt 0.771630 0.932517
vt 0.771630 0.019027
vt 0.681133 0.950078
vt 0.681133 0.001763
vt 0.590636 0.955074
vt 0.590635 0.002011
vt 0.500139 0.954251
vt 0.500138 0.000138
vt 0.999862 0.112729
vt 0.999862 0.836544
vt 0.035655 0.719785
vt 0.065786 0.719785
vt 0.065786 0.719785
vt 0.035655 0.719785
vt 0.336966 0.719785
vt 0.367097 0.719785
vt 0.367097 0.719785
vt 0.336966 0.719785
vt 0.397228 0.719785
vt 0.427359 0.719785
vt 0.427359 0.719785
vt 0.397228 0.719785
vt 0.186311 0.719785
vt 0.216442 0.719785
vt 0.216442 0.719785
vt 0.186311 0.719785
vt 0.336966 0.719785
vt 0.367097 0.719785
vt 0.126049 0.719785
vt 0.156180 0.719785
vt 0.156180 0.719785
vt 0.126049 0.719785
vt 0.276704 0.719785
vt 0.306835 0.719785
vt 0.306835 0.719785
vt 0.276704 0.719785
vt 0.457490 0.719785
vt 0.457490 0.719785
vt 0.095918 0.719785
vt 0.095918 0.719785
vt 0.246573 0.719785
vt 0.246573 0.719785
vt 0.156180 0.719785
vt 0.186311 0.719785
vt 0.186311 0.719785
vt 0.156180 0.719785
vt 0.126049 0.719785
vt 0.397228 0.719785
vt 0.427359 0.719785
vt 0.216442 0.719785
vt 0.457490 0.719785
vt 0.246573 0.719785
vt 0.276704 0.719785
vt 0.065786 0.719785
vt 0.035655 0.719785
vt 0.306835 0.719785
vt 0.095918 0.719785
vt 0.427359 0.719785
vt 0.397228 0.719785
vt 0.216442 0.719785
vt 0.457490 0.719785
vt 0.246573 0.719785
vt 0.276704 0.719785
vt 0.065786 0.719785
vt 0.035655 0.719785
vt 0.306835 0.719785
vt 0.095918 0.719785
vt 0.336966 0.719785
vt 0.126049 0.719785
vt 0.367097 0.719785
vt 0.306835 0.719785
vt 0.336966 0.719785
vt 0.095918 0.719785
vt 0.126049 0.719785
vt 0.367097 0.719785
vt 0.156180 0.719785
vt 0.397228 0.719785
vt 0.186311 0.719785
vt 0.427359 0.719785
vt 0.216442 0.719785
vt 0.457490 0.719785
vt 0.246573 0.719785
vt 0.276704 0.719785
vt 0.035655 0.719785
vt 0.065786 0.719785
vt 0.276704 0.719785
vt 0.306835 0.719785
vt 0.035655 0.719785
vt 0.065786 0.719785
vt 0.246573 0.719785
vt 0.216442 0.719785
vt 0.427359 0.719785
vt 0.457490 0.719785
vt 0.186311 0.719785
vt 0.397228 0.719785
vt 0.156180 0.719785
vt 0.367097 0.719785
vt 0.126049 0.719785
vt 0.336966 0.719785
vt 0.095918 0.719785
vt 0.035655 0.719785
vt 0.035655 0.719785
vt 0.065786 0.719785
vt 0.065786 0.719785
vt 0.336966 0.719785
vt 0.336966 0.719785
vt 0.367097 0.719785
vt 0.367097 0.719785
vt 0.397228 0.719785
vt 0.397228 0.719785
vt 0.427359 0.719785
vt 0.427359 0.719785
vt 0.186311 0.719785
vt 0.186311 0.719785
vt 0.216442 0.719785
vt 0.216442 0.719785
vt 0.336966 0.719785
vt 0.367097 0.719785
vt 0.126049 0.719785
vt 0.126049 0.719785
vt 0.156180 0.719785
vt 0.156180 0.719785
vt 0.276704 0.719785
vt 0.276704 0.719785
vt 0.306835 0.719785
vt 0.306835 0.719785
vt 0.457490 0.719785
vt 0.457490 0.719785
vt 0.095918 0.719785
vt 0.095918 0.719785
vt 0.246573 0.719785
vt 0.246573 0.719785
vt 0.156180 0.719785
vt 0.156180 0.719785
vt 0.186311 0.719785
vt 0.186311 0.719785
vt 0.126049 0.719785
vt 0.397228 0.719785
vt 0.427359 0.719785
vt 0.216442 0.719785
vt 0.457490 0.719785
vt 0.246573 0.719785
vt 0.276704 0.719785
vt 0.035655 0.719785
vt 0.065786 0.719785
vt 0.306835 0.719785
vt 0.095918 0.719785
vt 0.397228 0.719785
vt 0.427359 0.719785
vt 0.216442 0.719785
vt 0.457490 0.719785
vt 0.246573 0.719785
vt 0.276704 0.719785
vt 0.035655 0.719785
vt 0.065786 0.719785
vt 0.306835 0.719785
vt 0.095918 0.719785
vt 0.336966 0.719785
vt 0.126049 0.719785
vt 0.367097 0.719785
vt 0.216442 0.719785
vt 0.246573 0.719785
vt 0.427359 0.719785
vt 0.457490 0.719785
vt 0.186311 0.719785
vt 0.397228 0.719785
vt 0.156180 0.719785
vt 0.367097 0.719785
vt 0.126049 0.719785
vt 0.336966 0.719784
vt 0.095918 0.719785
vt 0.306835 0.719785
vt 0.065786 0.719785
vt 0.276704 0.719785
vt 0.035655 0.719785
vt 0.065786 0.719785
vt 0.035655 0.719785
vt 0.246573 0.719785
vt 0.216442 0.719785
vt 0.457490 0.719785
vt 0.427359 0.719785
vt 0.186311 0.719785
vt 0.397228 0.719785
vt 0.156180 0.719785
vt 0.367097 0.719785
vt 0.126049 0.719785
vt 0.336966 0.719785
vt 0.095918 0.719784
vt 0.306835 0.719785
vt 0.276704 0.719785
vt 0.035655 0.719785
vt 0.065786 0.719785
vt 0.065786 0.719785
vt 0.035655 0.719785
vt 0.336966 0.719785
vt 0.367097 0.719785
vt 0.367097 0.719785
vt 0.336966 0.719785
vt 0.397228 0.719785
vt 0.427359 0.719785
vt 0.427359 0.719785
vt 0.397228 0.719785
vt 0.186311 0.719785
vt 0.216442 0.719785
vt 0.216442 0.719785
vt 0.186311 0.719785
vt 0.336966 0.719785
vt 0.367097 0.719785
vt 0.126049 0.719785
vt 0.156180 0.719785
vt 0.156180 0.719785
vt 0.126049 0.719785
vt 0.276704 0.719785
vt 0.306835 0.719785
vt 0.306835 0.719785
vt 0.276704 0.719785
vt 0.457490 0.719785
vt 0.457490 0.719785
vt 0.095918 0.719785
vt 0.095918 0.719785
vt 0.246573 0.719785
vt 0.246573 0.719785
vt 0.156180 0.719785
vt 0.186311 0.719785
vt 0.186311 0.719785
vt 0.156180 0.719785
vt 0.126049 0.719785
vt 0.397228 0.719785
vt 0.427359 0.719785
vt 0.216442 0.719785
vt 0.457490 0.719785
vt 0.246573 0.719785
vt 0.276704 0.719785
vt 0.065786 0.719785
vt 0.035655 0.719785
vt 0.306835 0.719785
vt 0.095918 0.719785
vt 0.427359 0.719785
vt 0.397228 0.719785
vt 0.216442 0.719785
vt 0.457490 0.719785
vt 0.246573 0.719785
vt 0.276704 0.719785
vt 0.065786 0.719785
vt 0.035655 0.719785
vt 0.306835 0.719785
vt 0.095918 0.719785
vt 0.336966 0.719785
vt 0.126049 0.719785
vt 0.367097 0.719785
vt 0.306835 0.719785
vt 0.336966 0.719785
vt 0.095918 0.719785
vt 0.126049 0.719785
vt 0.367097 0.719785
vt 0.156180 0.719785
vt 0.397228 0.719785
vt 0.186311 0.719785
vt 0.427359 0.719785
vt 0.216442 0.719785
vt 0.457490 0.719785
vt 0.246573 0.719785
vt 0.276704 0.719785
vt 0.035655 0.719785
vt 0.065786 0.719785
vt 0.276704 0.719785
vt 0.306835 0.719785
vt 0.035655 0.719785
vt 0.065786 0.719785
vt 0.246573 0.719785
vt 0.216442 0.719785
vt 0.427359 0.719785
vt 0.457490 0.719785
vt 0.186311 0.719785
vt 0.397228 0.719785
vt 0.156180 0.719785
vt 0.367097 0.719785
vt 0.126049 0.719785
vt 0.336966 0.719785
vt 0.095918 0.719785
vt 0.035655 0.719785
vt 0.035655 0.719785
vt 0.065786 0.719785
vt 0.065786 0.719785
vt 0.336966 0.719785
vt 0.336966 0.719785
vt 0.367097 0.719785
vt 0.367097 0.719785
vt 0.397228 0.719785
vt 0.397228 0.719785
vt 0.427359 0.719785
vt 0.427359 0.719785
vt 0.186311 0.719785
vt 0.186311 0.719785
vt 0.216442 0.719785
vt 0.216442 0.719785
vt 0.336966 0.719785
vt 0.367097 0.719785
vt 0.126049 0.719785
vt 0.126049 0.719785
vt 0.156180 0.719785
vt 0.156180 0.719785
vt 0.276704 0.719785
vt 0.276704 0.719785
vt 0.306835 0.719785
vt 0.306835 0.719785
vt 0.457490 0.719785
vt 0.457490 0.719785
vt 0.095918 0.719785
vt 0.095918 0.719785
vt 0.246573 0.719785
vt 0.246573 0.719785
vt 0.156180 0.719785
vt 0.156180 0.719785
vt 0.186311 0.719785
vt 0.186311 0.719785
vt 0.126049 0.719785
vt 0.397228 0.719785
vt 0.427359 0.719785
vt 0.216442 0.719785
vt 0.457490 0.719785
vt 0.246573 0.719785
vt 0.276704 0.719785
vt 0.035655 0.719785
vt 0.065786 0.719785
vt 0.306835 0.719785
vt 0.095918 0.719785
vt 0.397228 0.719785
vt 0.427359 0.719785
vt 0.216442 0.719785
vt 0.457490 0.719785
vt 0.246573 0.719785
vt 0.276704 0.719785
vt 0.035655 0.719785
vt 0.065786 0.719785
vt 0.306835 0.719785
vt 0.095918 0.719785
vt 0.336966 0.719785
vt 0.126049 0.719785
vt 0.367097 0.719785
vt 0.216442 0.719785
vt 0.246573 0.719785
vt 0.427359 0.719785
vt 0.457490 0.719785
vt 0.186311 0.719785
vt 0.397228 0.719785
vt 0.156180 0.719785
vt 0.367097 0.719785
vt 0.126049 0.719785
vt 0.336966 0.719784
vt 0.095918 0.719785
vt 0.306835 0.719785
vt 0.065786 0.719785
vt 0.276704 0.719785
vt 0.035655 0.719785
vt 0.065786 0.719785
vt 0.035655 0.719785
vt 0.246573 0.719785
vt 0.216442 0.719785
vt 0.457490 0.719785
vt 0.427359 0.719785
vt 0.186311 0.719785
vt 0.397228 0.719785
vt 0.156180 0.719785
vt 0.367097 0.719785
vt 0.126049 0.719785
vt 0.336966 0.719785
vt 0.095918 0.719784
vt 0.306835 0.719785
vt 0.276704 0.719785
vt 0.035655 0.719785
vt 0.035655 0.719785
vt 0.065786 0.719785
vt 0.065786 0.719785
vt 0.336966 0.719785
vt 0.336966 0.719785
vt 0.367097 0.719785
vt 0.367097 0.719785
vt 0.397228 0.719785
vt 0.397228 0.719785
vt 0.427359 0.719785
vt 0.427359 0.719785
vt 0.186311 0.719785
vt 0.186311 0.719785
vt 0.216442 0.719785
vt 0.216442 0.719785
vt 0.336966 0.719785
vt 0.367097 0.719785
vt 0.126049 0.719785
vt 0.126049 0.719785
vt 0.156180 0.719785
vt 0.156180 0.719785
vt 0.276704 0.719785
vt 0.276704 0.719785
vt 0.306835 0.719785
vt 0.306835 0.719785
vt 0.457490 0.719785
vt 0.457490 0.719785
vt 0.095918 0.719785
vt 0.095918 0.719785
vt 0.246573 0.719785
vt 0.246573 0.719785
vt 0.156180 0.719785
vt 0.156180 0.719785
vt 0.186311 0.719785
vt 0.186311 0.719785
vt 0.126049 0.719785
vt 0.397228 0.719785
vt 0.427359 0.719785
vt 0.216442 0.719785
vt 0.457490 0.719785
vt 0.246573 0.719785
vt 0.276704 0.719785
vt 0.035655 0.719785
vt 0.065786 0.719785
vt 0.306835 0.719785
vt 0.095918 0.719785
vt 0.397228 0.719785
vt 0.427359 0.719785
vt 0.216442 0.719785
vt 0.457490 0.719785
vt 0.246573 0.719785
vt 0.276704 0.719785
vt 0.035655 0.719785
vt 0.065786 0.719785
vt 0.306835 0.719785
vt 0.095918 0.719785
vt 0.336966 0.719785
vt 0.126049 0.719785
vt 0.367097 0.719785
vt 0.336966 0.719785
vt 0.306835 0.719785
vt 0.126049 0.719785
vt 0.095918 0.719785
vt 0.367097 0.719785
vt 0.156180 0.719785
vt 0.397228 0.719785
vt 0.186311 0.719785
vt 0.427359 0.719785
vt 0.216442 0.719785
vt 0.457490 0.719785
vt 0.246573 0.719785
vt 0.276704 0.719785
vt 0.065786 0.719785
vt 0.035655 0.719785
vt 0.306835 0.719785
vt 0.276704 0.719785
vt 0.065786 0.719785
vt 0.035655 0.719785
vt 0.246573 0.719785
vt 0.216442 0.719785
vt 0.457490 0.719785
vt 0.427359 0.719785
vt 0.186311 0.719785
vt 0.397228 0.719785
vt 0.156180 0.719785
vt 0.367097 0.719785
vt 0.126049 0.719785
vt 0.336966 0.719785
vt 0.095918 0.719785
vt 0.035655 0.719785
vt 0.065786 0.719785
vt 0.065786 0.719785
vt 0.035655 0.719785
vt 0.336966 0.719785
vt 0.367097 0.719785
vt 0.367097 0.719785
vt 0.336966 0.719785
vt 0.397228 0.719785
vt 0.427359 0.719785
vt 0.427359 0.719785
vt 0.397228 0.719785
vt 0.186311 0.719785
vt 0.216442 0.719785
vt 0.216442 0.719785
vt 0.186311 0.719785
vt 0.336966 0.719785
vt 0.367097 0.719785
vt 0.126049 0.719785
vt 0.156180 0.719785
vt 0.156180 0.719785
vt 0.126049 0.719785
vt 0.276704 0.719785
vt 0.306835 0.719785
vt 0.306835 0.719785
vt 0.276704 0.719785
vt 0.457490 0.719785
vt 0.457490 0.719785
vt 0.095918 0.719785
vt 0.095918 0.719785
vt 0.246573 0.719785
vt 0.246573 0.719785
vt 0.156180 0.719785
vt 0.186311 0.719785
vt 0.186311 0.719785
vt 0.156180 0.719785
vt 0.126049 0.719785
vt 0.397228 0.719785
vt 0.427359 0.719785
vt 0.216442 0.719785
vt 0.457490 0.719785
vt 0.246573 0.719785
vt 0.276704 0.719785
vt 0.065786 0.719785
vt 0.035655 0.719785
vt 0.306835 0.719785
vt 0.095918 0.719785
vt 0.427359 0.719785
vt 0.397228 0.719785
vt 0.216442 0.719785
vt 0.457490 0.719785
vt 0.246573 0.719785
vt 0.276704 0.719785
vt 0.065786 0.719785
vt 0.035655 0.719785
vt 0.306835 0.719785
vt 0.095918 0.719785
vt 0.336966 0.719785
vt 0.126049 0.719785
vt 0.367097 0.719785
vt 0.246573 0.719785
vt 0.216442 0.719785
vt 0.457490 0.719785
vt 0.427359 0.719785
vt 0.186311 0.719785
vt 0.397228 0.719785
vt 0.156180 0.719785
vt 0.367097 0.719785
vt 0.126049 0.719785
vt 0.336966 0.719784
vt 0.095918 0.719785
vt 0.306835 0.719785
vt 0.065786 0.719785
vt 0.276704 0.719785
vt 0.035655 0.719785
vt 0.035655 0.719785
vt 0.065786 0.719785
vt 0.216442 0.719785
vt 0.246573 0.719785
vt 0.427359 0.719785
vt 0.457490 0.719785
vt 0.186311 0.719785
vt 0.397228 0.719785
vt 0.156180 0.719785
vt 0.367097 0.719785
vt 0.126049 0.719785
vt 0.336966 0.719785
vt 0.095918 0.719784
vt 0.306835 0.719785
vt 0.276704 0.719785
vt 0.035655 0.719785
vt 0.035655 0.719785
vt 0.065786 0.719785
vt 0.065786 0.719785
vt 0.336966 0.719785
vt 0.336966 0.719785
vt 0.367097 0.719785
vt 0.367097 0.719785
vt 0.397228 0.719785
vt 0.397228 0.719785
vt 0.427359 0.719785
vt 0.427359 0.719785
vt 0.186311 0.719785
vt 0.186311 0.719785
vt 0.216442 0.719785
vt 0.216442 0.719785
vt 0.336966 0.719785
vt 0.367097 0.719785
vt 0.126049 0.719785
vt 0.126049 0.719785
vt 0.156180 0.719785
vt 0.156180 0.719785
vt 0.276704 0.719785
vt 0.276704 0.719785
vt 0.306835 0.719785
vt 0.306835 0.719785
vt 0.457490 0.719785
vt 0.457490 0.719785
vt 0.095918 0.719785
vt 0.095918 0.719785
vt 0.246573 0.719785
vt 0.246573 0.719785
vt 0.156180 0.719785
vt 0.156180 0.719785
vt 0.186311 0.719785
vt 0.186311 0.719785
vt 0.126049 0.719785
vt 0.397228 0.719785
vt 0.427359 0.719785
vt 0.216442 0.719785
vt 0.457490 0.719785
vt 0.246573 0.719785
vt 0.276704 0.719785
vt 0.035655 0.719785
vt 0.065786 0.719785
vt 0.306835 0.719785
vt 0.095918 0.719785
vt 0.397228 0.719785
vt 0.427359 0.719785
vt 0.216442 0.719785
vt 0.457490 0.719785
vt 0.246573 0.719785
vt 0.276704 0.719785
vt 0.035655 0.719785
vt 0.065786 0.719785
vt 0.306835 0.719785
vt 0.095918 0.719785
vt 0.336966 0.719785
vt 0.126049 0.719785
vt 0.367097 0.719785
vt 0.336966 0.719785
vt 0.306835 0.719785
vt 0.126049 0.719785
vt 0.095918 0.719785
vt 0.367097 0.719785
vt 0.156180 0.719785
vt 0.397228 0.719785
vt 0.186311 0.719785
vt 0.427359 0.719785
vt 0.216442 0.719785
vt 0.457490 0.719785
vt 0.246573 0.719785
vt 0.276704 0.719785
vt 0.065786 0.719785
vt 0.035655 0.719785
vt 0.306835 0.719785
vt 0.276704 0.719785
vt 0.065786 0.719785
vt 0.035655 0.719785
vt 0.246573 0.719785
vt 0.216442 0.719785
vt 0.457490 0.719785
vt 0.427359 0.719785
vt 0.186311 0.719785
vt 0.397228 0.719785
vt 0.156180 0.719785
vt 0.367097 0.719785
vt 0.126049 0.719785
vt 0.336966 0.719785
vt 0.095918 0.719785
vt 0.035655 0.719785
vt 0.065786 0.719785
vt 0.065786 0.719785
vt 0.035655 0.719785
vt 0.336966 0.719785
vt 0.367097 0.719785
vt 0.367097 0.719785
vt 0.336966 0.719785
vt 0.397228 0.719785
vt 0.427359 0.719785
vt 0.427359 0.719785
vt 0.397228 0.719785
vt 0.186311 0.719785
vt 0.216442 0.719785
vt 0.216442 0.719785
vt 0.186311 0.719785
vt 0.336966 0.719785
vt 0.367097 0.719785
vt 0.126049 0.719785
vt 0.156180 0.719785
vt 0.156180 0.719785
vt 0.126049 0.719785
vt 0.276704 0.719785
vt 0.306835 0.719785
vt 0.306835 0.719785
vt 0.276704 0.719785
vt 0.457490 0.719785
vt 0.457490 0.719785
vt 0.095918 0.719785
vt 0.095918 0.719785
vt 0.246573 0.719785
vt 0.246573 0.719785
vt 0.156180 0.719785
vt 0.186311 0.719785
vt 0.186311 0.719785
vt 0.156180 0.719785
vt 0.126049 0.719785
vt 0.397228 0.719785
vt 0.427359 0.719785
vt 0.216442 0.719785
vt 0.457490 0.719785
vt 0.246573 0.719785
vt 0.276704 0.719785
vt 0.065786 0.719785
vt 0.035655 0.719785
vt 0.306835 0.719785
vt 0.095918 0.719785
vt 0.427359 0.719785
vt 0.397228 0.719785
vt 0.216442 0.719785
vt 0.457490 0.719785
vt 0.246573 0.719785
vt 0.276704 0.719785
vt 0.065786 0.719785
vt 0.035655 0.719785
vt 0.306835 0.719785
vt 0.095918 0.719785
vt 0.336966 0.719785
vt 0.126049 0.719785
vt 0.367097 0.719785
vt 0.246573 0.719785
vt 0.216442 0.719785
vt 0.457490 0.719785
vt 0.427359 0.719785
vt 0.186311 0.719785
vt 0.397228 0.719785
vt 0.156180 0.719785
vt 0.367097 0.719785
vt 0.126049 0.719785
vt 0.336966 0.719784
vt 0.095918 0.719785
vt 0.306835 0.719785
vt 0.065786 0.719785
vt 0.276704 0.719785
vt 0.035655 0.719785
vt 0.035655 0.719785
vt 0.065786 0.719785
vt 0.216442 0.719785
vt 0.246573 0.719785
vt 0.427359 0.719785
vt 0.457490 0.719785
vt 0.186311 0.719785
vt 0.397228 0.719785
vt 0.156180 0.719785
vt 0.367097 0.719785
vt 0.126049 0.719785
vt 0.336966 0.719785
vt 0.095918 0.719784
vt 0.306835 0.719785
vt 0.276704 0.719785
vt 0.035655 0.719785
vt 0.035655 0.719785
vt 0.065786 0.719785
vt 0.065786 0.719785
vt 0.336966 0.719785
vt 0.336966 0.719785
vt 0.367097 0.719785
vt 0.367097 0.719785
vt 0.397228 0.719785
vt 0.397228 0.719785
vt 0.427359 0.719785
vt 0.427359 0.719785
vt 0.186311 0.719785
vt 0.186311 0.719785
vt 0.216442 0.719785
vt 0.216442 0.719785
vt 0.336966 0.719785
vt 0.367097 0.719785
vt 0.126049 0.719785
vt 0.126049 0.719785
vt 0.156180 0.719785
vt 0.156180 0.719785
vt 0.276704 0.719785
vt 0.276704 0.719785
vt 0.306835 0.719785
vt 0.306835 0.719785
vt 0.457490 0.719785
vt 0.457490 0.719785
vt 0.095918 0.719785
vt 0.095918 0.719785
vt 0.246573 0.719785
vt 0.246573 0.719785
vt 0.156180 0.719785
vt 0.156180 0.719785
vt 0.186311 0.719785
vt 0.186311 0.719785
vt 0.126049 0.719785
vt 0.397228 0.719785
vt 0.427359 0.719785
vt 0.216442 0.719785
vt 0.457490 0.719785
vt 0.246573 0.719785
vt 0.276704 0.719785
vt 0.035655 0.719785
vt 0.065786 0.719785
vt 0.306835 0.719785
vt 0.095918 0.719785
vt 0.397228 0.719785
vt 0.427359 0.719785
vt 0.216442 0.719785
vt 0.457490 0.719785
vt 0.246573 0.719785
vt 0.276704 0.719785
vt 0.035655 0.719785
vt 0.065786 0.719785
vt 0.306835 0.719785
vt 0.095918 0.719785
vt 0.336966 0.719785
vt 0.126049 0.719785
vt 0.367097 0.719785
vt 0.336966 0.719785
vt 0.306835 0.719785
vt 0.126049 0.719785
vt 0.095918 0.719785
vt 0.367097 0.719785
vt 0.156180 0.719785
vt 0.397228 0.719785
vt 0.186311 0.719785
vt 0.427359 0.719785
vt 0.216442 0.719785
vt 0.457490 0.719785
vt 0.246573 0.719785
vt 0.276704 0.719785
vt 0.065786 0.719785
vt 0.035655 0.719785
vt 0.306835 0.719785
vt 0.276704 0.719785
vt 0.065786 0.719785
vt 0.035655 0.719785
vt 0.246573 0.719785
vt 0.216442 0.719785
vt 0.457490 0.719785
vt 0.427359 0.719785
vt 0.186311 0.719785
vt 0.397228 0.719785
vt 0.156180 0.719785
vt 0.367097 0.719785
vt 0.126049 0.719785
vt 0.336966 0.719785
vt 0.095918 0.719785
vt 0.035655 0.719785
vt 0.065786 0.719785
vt 0.065786 0.719785
vt 0.035655 0.719785
vt 0.336966 0.719785
vt 0.367097 0.719785
vt 0.367097 0.719785
vt 0.336966 0.719785
vt 0.397228 0.719785
vt 0.427359 0.719785
vt 0.427359 0.719785
vt 0.397228 0.719785
vt 0.186311 0.719785
vt 0.216442 0.719785
vt 0.216442 0.719785
vt 0.186311 0.719785
vt 0.336966 0.719785
vt 0.367097 0.719785
vt 0.126049 0.719785
vt 0.156180 0.719785
vt 0.156180 0.719785
vt 0.126049 0.719785
vt 0.276704 0.719785
vt 0.306835 0.719785
vt 0.306835 0.719785
vt 0.276704 0.719785
vt 0.457490 0.719785
vt 0.457490 0.719785
vt 0.095918 0.719785
vt 0.095918 0.719785
vt 0.246573 0.719785
vt 0.246573 0.719785
vt 0.156180 0.719785
vt 0.186311 0.719785
vt 0.186311 0.719785
vt 0.156180 0.719785
vt 0.126049 0.719785
vt 0.397228 0.719785
vt 0.427359 0.719785
vt 0.216442 0.719785
vt 0.457490 0.719785
vt 0.246573 0.719785
vt 0.276704 0.719785
vt 0.065786 0.719785
vt 0.035655 0.719785
vt 0.306835 0.719785
vt 0.095918 0.719785
vt 0.427359 0.719785
vt 0.397228 0.719785
vt 0.216442 0.719785
vt 0.457490 0.719785
vt 0.246573 0.719785
vt 0.276704 0.719785
vt 0.065786 0.719785
vt 0.035655 0.719785
vt 0.306835 0.719785
vt 0.095918 0.719785
vt 0.336966 0.719785
vt 0.126049 0.719785
vt 0.367097 0.719785
vt 0.246573 0.719785
vt 0.216442 0.719785
vt 0.457490 0.719785
vt 0.427359 0.719785
vt 0.186311 0.719785
vt 0.397228 0.719785
vt 0.156180 0.719785
vt 0.367097 0.719785
vt 0.126049 0.719785
vt 0.336966 0.719784
vt 0.095918 0.719785
vt 0.306835 0.719785
vt 0.065786 0.719785
vt 0.276704 0.719785
vt 0.035655 0.719785
vt 0.035655 0.719785
vt 0.065786 0.719785
vt 0.216442 0.719785
vt 0.246573 0.719785
vt 0.427359 0.719785
vt 0.457490 0.719785
vt 0.186311 0.719785
vt 0.397228 0.719785
vt 0.156180 0.719785
vt 0.367097 0.719785
vt 0.126049 0.719785
vt 0.336966 0.719785
vt 0.095918 0.719784
vt 0.306835 0.719785
vt 0.276704 0.719785
vt 0.035655 0.719785
vt 0.035655 0.719785
vt 0.065786 0.719785
vt 0.065786 0.719785
vt 0.336966 0.719785
vt 0.336966 0.719785
vt 0.367097 0.719785
vt 0.367097 0.719785
vt 0.397228 0.719785
vt 0.397228 0.719785
vt 0.427359 0.719785
vt 0.427359 0.719785
vt 0.186311 0.719785
vt 0.186311 0.719785
vt 0.216442 0.719785
vt 0.216442 0.719785
vt 0.336966 0.719785
vt 0.367097 0.719785
vt 0.126049 0.719785
vt 0.126049 0.719785
vt 0.156180 0.719785
vt 0.156180 0.719785
vt 0.276704 0.719785
vt 0.276704 0.719785
vt 0.306835 0.719785
vt 0.306835 0.719785
vt 0.457490 0.719785
vt 0.457490 0.719785
vt 0.095918 0.719785
vt 0.095918 0.719785
vt 0.246573 0.719785
vt 0.246573 0.719785
vt 0.156180 0.719785
vt 0.156180 0.719785
vt 0.186311 0.719785
vt 0.186311 0.719785
vt 0.126049 0.719785
vt 0.397228 0.719785
vt 0.427359 0.719785
vt 0.216442 0.719785
vt 0.457490 0.719785
vt 0.246573 0.719785
vt 0.276704 0.719785
vt 0.035655 0.719785
vt 0.065786 0.719785
vt 0.306835 0.719785
vt 0.095918 0.719785
vt 0.397228 0.719785
vt 0.427359 0.719785
vt 0.216442 0.719785
vt 0.457490 0.719785
vt 0.246573 0.719785
vt 0.276704 0.719785
vt 0.035655 0.719785
vt 0.065786 0.719785
vt 0.306835 0.719785
vt 0.095918 0.719785
vt 0.336966 0.719785
vt 0.126049 0.719785
vt 0.367097 0.719785
vt 0.336966 0.719785
vt 0.306835 0.719785
vt 0.126049 0.719785
vt 0.095918 0.719785
vt 0.367097 0.719785
vt 0.156180 0.719785
vt 0.397228 0.719785
vt 0.186311 0.719785
vt 0.427359 0.719785
vt 0.216442 0.719785
vt 0.457490 0.719785
vt 0.246573 0.719785
vt 0.276704 0.719785
vt 0.065786 0.719785
vt 0.035655 0.719785
vt 0.306835 0.719785
vt 0.276704 0.719785
vt 0.065786 0.719785
vt 0.035655 0.719785
vt 0.246573 0.719785
vt 0.216442 0.719785
vt 0.457490 0.719785
vt 0.427359 0.719785
vt 0.186311 0.719785
vt 0.397228 0.719785
vt 0.156180 0.719785
vt 0.367097 0.719785
vt 0.126049 0.719785
vt 0.336966 0.719785
vt 0.095918 0.719785
vt 0.035655 0.719785
vt 0.065786 0.719785
vt 0.065786 0.719785
vt 0.035655 0.719785
vt 0.336966 0.719785
vt 0.367097 0.719785
vt 0.367097 0.719785
vt 0.336966 0.719785
vt 0.397228 0.719785
vt 0.427359 0.719785
vt 0.427359 0.719785
vt 0.397228 0.719785
vt 0.186311 0.719785
vt 0.216442 0.719785
vt 0.216442 0.719785
vt 0.186311 0.719785
vt 0.336966 0.719785
vt 0.367097 0.719785
vt 0.126049 0.719785
vt 0.156180 0.719785
vt 0.156180 0.719785
vt 0.126049 0.719785
vt 0.276704 0.719785
vt 0.306835 0.719785
vt 0.306835 0.719785
vt 0.276704 0.719785
vt 0.457490 0.719785
vt 0.457490 0.719785
vt 0.095918 0.719785
vt 0.095918 0.719785
vt 0.246573 0.719785
vt 0.246573 0.719785
vt 0.156180 0.719785
vt 0.186311 0.719785
vt 0.186311 0.719785
vt 0.156180 0.719785
vt 0.126049 0.719785
vt 0.397228 0.719785
vt 0.427359 0.719785
vt 0.216442 0.719785
vt 0.457490 0.719785
vt 0.246573 0.719785
vt 0.276704 0.719785
vt 0.065786 0.719785
vt 0.035655 0.719785
vt 0.306835 0.719785
vt 0.095918 0.719785
vt 0.427359 0.719785
vt 0.397228 0.719785
vt 0.216442 0.719785
vt 0.457490 0.719785
vt 0.246573 0.719785
vt 0.276704 0.719785
vt 0.065786 0.719785
vt 0.035655 0.719785
vt 0.306835 0.719785
vt 0.095918 0.719785
vt 0.336966 0.719785
vt 0.126049 0.719785
vt 0.367097 0.719785
vt 0.246573 0.719785
vt 0.216442 0.719785
vt 0.457490 0.719785
vt 0.427359 0.719785
vt 0.186311 0.719785
vt 0.397228 0.719785
vt 0.156180 0.719785
vt 0.367097 0.719785
vt 0.126049 0.719785
vt 0.336966 0.719784
vt 0.095918 0.719785
vt 0.306835 0.719785
vt 0.065786 0.719785
vt 0.276704 0.719785
vt 0.035655 0.719785
vt 0.035655 0.719785
vt 0.065786 0.719785
vt 0.216442 0.719785
vt 0.246573 0.719785
vt 0.427359 0.719785
vt 0.457490 0.719785
vt 0.186311 0.719785
vt 0.397228 0.719785
vt 0.156180 0.719785
vt 0.367097 0.719785
vt 0.126049 0.719785
vt 0.336966 0.719785
vt 0.095918 0.719784
vt 0.306835 0.719785
vt 0.276704 0.719785
vt 0.035655 0.719785
vt 0.065786 0.719785
vt 0.065786 0.719785
vt 0.035655 0.719785
vt 0.336966 0.719785
vt 0.367097 0.719785
vt 0.367097 0.719785
vt 0.336966 0.719785
vt 0.397228 0.719785
vt 0.427359 0.719785
vt 0.427359 0.719785
vt 0.397228 0.719785
vt 0.186311 0.719785
vt 0.216442 0.719785
vt 0.216442 0.719785
vt 0.186311 0.719785
vt 0.336966 0.719785
vt 0.367097 0.719785
vt 0.126049 0.719785
vt 0.156180 0.719785
vt 0.156180 0.719785
vt 0.126049 0.719785
vt 0.276704 0.719785
vt 0.306835 0.719785
vt 0.306835 0.719785
vt 0.276704 0.719785
vt 0.457490 0.719785
vt 0.457490 0.719785
vt 0.095918 0.719785
vt 0.095918 0.719785
vt 0.246573 0.719785
vt 0.246573 0.719785
vt 0.156180 0.719785
vt 0.186311 0.719785
vt 0.186311 0.719785
vt 0.156180 0.719785
vt 0.126049 0.719785
vt 0.397228 0.719785
vt 0.427359 0.719785
vt 0.216442 0.719785
vt 0.457490 0.719785
vt 0.246573 0.719785
vt 0.276704 0.719785
vt 0.065786 0.719785
vt 0.035655 0.719785
vt 0.306835 0.719785
vt 0.095918 0.719785
vt 0.427359 0.719785
vt 0.397228 0.719785
vt 0.216442 0.719785
vt 0.457490 0.719785
vt 0.246573 0.719785
vt 0.276704 0.719785
vt 0.065786 0.719785
vt 0.035655 0.719785
vt 0.306835 0.719785
vt 0.095918 0.719785
vt 0.336966 0.719785
vt 0.126049 0.719785
vt 0.367097 0.719785
vt 0.306835 0.719785
vt 0.336966 0.719785
vt 0.095918 0.719785
vt 0.126049 0.719785
vt 0.367097 0.719785
vt 0.156180 0.719785
vt 0.397228 0.719785
vt 0.186311 0.719785
vt 0.427359 0.719785
vt 0.216442 0.719785
vt 0.457490 0.719785
vt 0.246573 0.719785
vt 0.276704 0.719785
vt 0.035655 0.719785
vt 0.065786 0.719785
vt 0.276704 0.719785
vt 0.306835 0.719785
vt 0.035655 0.719785
vt 0.065786 0.719785
vt 0.246573 0.719785
vt 0.216442 0.719785
vt 0.427359 0.719785
vt 0.457490 0.719785
vt 0.186311 0.719785
vt 0.397228 0.719785
vt 0.156180 0.719785
vt 0.367097 0.719785
vt 0.126049 0.719785
vt 0.336966 0.719785
vt 0.095918 0.719785
vt 0.035655 0.719785
vt 0.035655 0.719785
vt 0.065786 0.719785
vt 0.065786 0.719785
vt 0.336966 0.719785
vt 0.336966 0.719785
vt 0.367097 0.719785
vt 0.367097 0.719785
vt 0.397228 0.719785
vt 0.397228 0.719785
vt 0.427359 0.719785
vt 0.427359 0.719785
vt 0.186311 0.719785
vt 0.186311 0.719785
vt 0.216442 0.719785
vt 0.216442 0.719785
vt 0.336966 0.719785
vt 0.367097 0.719785
vt 0.126049 0.719785
vt 0.126049 0.719785
vt 0.156180 0.719785
vt 0.156180 0.719785
vt 0.276704 0.719785
vt 0.276704 0.719785
vt 0.306835 0.719785
vt 0.306835 0.719785
vt 0.457490 0.719785
vt 0.457490 0.719785
vt 0.095918 0.719785
vt 0.095918 0.719785
vt 0.246573 0.719785
vt 0.246573 0.719785
vt 0.156180 0.719785
vt 0.156180 0.719785
vt 0.186311 0.719785
vt 0.186311 0.719785
vt 0.126049 0.719785
vt 0.397228 0.719785
vt 0.427359 0.719785
vt 0.216442 0.719785
vt 0.457490 0.719785
vt 0.246573 0.719785
vt 0.276704 0.719785
vt 0.035655 0.719785
vt 0.065786 0.719785
vt 0.306835 0.719785
vt 0.095918 0.719785
vt 0.397228 0.719785
vt 0.427359 0.719785
vt 0.216442 0.719785
vt 0.457490 0.719785
vt 0.246573 0.719785
vt 0.276704 0.719785
vt 0.035655 0.719785
vt 0.065786 0.719785
vt 0.306835 0.719785
vt 0.095918 0.719785
vt 0.336966 0.719785
vt 0.126049 0.719785
vt 0.367097 0.719785
vt 0.216442 0.719785
vt 0.246573 0.719785
vt 0.427359 0.719785
vt 0.457490 0.719785
vt 0.186311 0.719785
vt 0.397228 0.719785
vt 0.156180 0.719785
vt 0.367097 0.719785
vt 0.126049 0.719785
vt 0.336966 0.719784
vt 0.095918 0.719785
vt 0.306835 0.719785
vt 0.065786 0.719785
vt 0.276704 0.719785
vt 0.035655 0.719785
vt 0.065786 0.719785
vt 0.035655 0.719785
vt 0.246573 0.719785
vt 0.216442 0.719785
vt 0.457490 0.719785
vt 0.427359 0.719785
vt 0.186311 0.719785
vt 0.397228 0.719785
vt 0.156180 0.719785
vt 0.367097 0.719785
vt 0.126049 0.719785
vt 0.336966 0.719785
vt 0.095918 0.719784
vt 0.306835 0.719785
vt 0.276704 0.719785
vt 0.035655 0.719785
vt 0.065786 0.719785
vt 0.065786 0.719785
vt 0.035655 0.719785
vt 0.336966 0.719785
vt 0.367097 0.719785
vt 0.367097 0.719785
vt 0.336966 0.719785
vt 0.397228 0.719785
vt 0.427359 0.719785
vt 0.427359 0.719785
vt 0.397228 0.719785
vt 0.186311 0.719785
vt 0.216442 0.719785
vt 0.216442 0.719785
vt 0.186311 0.719785
vt 0.336966 0.719785
vt 0.367097 0.719785
vt 0.126049 0.719785
vt 0.156180 0.719785
vt 0.156180 0.719785
vt 0.126049 0.719785
vt 0.276704 0.719785
vt 0.306835 0.719785
vt 0.306835 0.719785
vt 0.276704 0.719785
vt 0.457490 0.719785
vt 0.457490 0.719785
vt 0.095918 0.719785
vt 0.095918 0.719785
vt 0.246573 0.719785
vt 0.246573 0.719785
vt 0.156180 0.719785
vt 0.186311 0.719785
vt 0.186311 0.719785
vt 0.156180 0.719785
vt 0.126049 0.719785
vt 0.397228 0.719785
vt 0.427359 0.719785
vt 0.216442 0.719785
vt 0.457490 0.719785
vt 0.246573 0.719785
vt 0.276704 0.719785
vt 0.065786 0.719785
vt 0.035655 0.719785
vt 0.306835 0.719785
vt 0.095918 0.719785
vt 0.427359 0.719785
vt 0.397228 0.719785
vt 0.216442 0.719785
vt 0.457490 0.719785
vt 0.246573 0.719785
vt 0.276704 0.719785
vt 0.065786 0.719785
vt 0.035655 0.719785
vt 0.306835 0.719785
vt 0.095918 0.719785
vt 0.336966 0.719785
vt 0.126049 0.719785
vt 0.367097 0.719785
vt 0.306835 0.719785
vt 0.336966 0.719785
vt 0.095918 0.719785
vt 0.126049 0.719785
vt 0.367097 0.719785
vt 0.156180 0.719785
vt 0.397228 0.719785
vt 0.186311 0.719785
vt 0.427359 0.719785
vt 0.216442 0.719785
vt 0.457490 0.719785
vt 0.246573 0.719785
vt 0.276704 0.719785
vt 0.035655 0.719785
vt 0.065786 0.719785
vt 0.276704 0.719785
vt 0.306835 0.719785
vt 0.035655 0.719785
vt 0.065786 0.719785
vt 0.246573 0.719785
vt 0.216442 0.719785
vt 0.427359 0.719785
vt 0.457490 0.719785
vt 0.186311 0.719785
vt 0.397228 0.719785
vt 0.156180 0.719785
vt 0.367097 0.719785
vt 0.126049 0.719785
vt 0.336966 0.719785
vt 0.095918 0.719785
vt 0.035655 0.719785
vt 0.035655 0.719785
vt 0.065786 0.719785
vt 0.065786 0.719785
vt 0.336966 0.719785
vt 0.336966 0.719785
vt 0.367097 0.719785
vt 0.367097 0.719785
vt 0.397228 0.719785
vt 0.397228 0.719785
vt 0.427359 0.719785
vt 0.427359 0.719785
vt 0.186311 0.719785
vt 0.186311 0.719785
vt 0.216442 0.719785
vt 0.216442 0.719785
vt 0.336966 0.719785
vt 0.367097 0.719785
vt 0.126049 0.719785
vt 0.126049 0.719785
vt 0.156180 0.719785
vt 0.156180 0.719785
vt 0.276704 0.719785
vt 0.276704 0.719785
vt 0.306835 0.719785
vt 0.306835 0.719785
vt 0.457490 0.719785
vt 0.457490 0.719785
vt 0.095918 0.719785
vt 0.095918 0.719785
vt 0.246573 0.719785
vt 0.246573 0.719785
vt 0.156180 0.719785
vt 0.156180 0.719785
vt 0.186311 0.719785
vt 0.186311 0.719785
vt 0.126049 0.719785
vt 0.397228 0.719785
vt 0.427359 0.719785
vt 0.216442 0.719785
vt 0.457490 0.719785
vt 0.246573 0.719785
vt 0.276704 0.719785
vt 0.035655 0.719785
vt 0.065786 0.719785
vt 0.306835 0.719785
vt 0.095918 0.719785
vt 0.397228 0.719785
vt 0.427359 0.719785
vt 0.216442 0.719785
vt 0.457490 0.719785
vt 0.246573 0.719785
vt 0.276704 0.719785
vt 0.035655 0.719785
vt 0.065786 0.719785
vt 0.306835 0.719785
vt 0.095918 0.719785
vt 0.336966 0.719785
vt 0.126049 0.719785
vt 0.367097 0.719785
vt 0.216442 0.719785
vt 0.246573 0.719785
vt 0.427359 0.719785
vt 0.457490 0.719785
vt 0.186311 0.719785
vt 0.397228 0.719785
vt 0.156180 0.719785
vt 0.367097 0.719785
vt 0.126049 0.719785
vt 0.336966 0.719784
vt 0.095918 0.719785
vt 0.306835 0.719785
vt 0.065786 0.719785
vt 0.276704 0.719785
vt 0.035655 0.719785
vt 0.065786 0.719785
vt 0.035655 0.719785
vt 0.246573 0.719785
vt 0.216442 0.719785
vt 0.457490 0.719785
vt 0.427359 0.719785
vt 0.186311 0.719785
vt 0.397228 0.719785
vt 0.156180 0.719785
vt 0.367097 0.719785
vt 0.126049 0.719785
vt 0.336966 0.719785
vt 0.095918 0.719784
vt 0.306835 0.719785
vt 0.276704 0.719785
vn -0.0000 -0.0882 -0.9961
vn 0.0000 -0.1747 -0.9846
vn 0.1921 -0.1747 -0.9657
vn 0.1943 -0.0882 -0.9770
vn 0.3768 -0.1747 -0.9097
vn 0.3812 -0.0882 -0.9203
vn 0.5470 -0.1747 -0.8187
vn 0.5534 -0.0882 -0.8282
vn 0.6962 -0.1747 -0.6962
vn 0.7044 -0.0882 -0.7044
vn 0.8187 -0.1747 -0.5470
vn 0.8282 -0.0882 -0.5534
vn 0.9097 -0.1747 -0.3768
vn 0.9203 -0.0882 -0.3812
vn 0.9657 -0.1747 -0.1921
vn 0.9770 -0.0882 -0.1943
vn 0.9846 -0.1747 0.0000
vn 0.9961 -0.0882 0.0000
vn 0.9657 -0.1747 0.1921
vn 0.9770 -0.0882 0.1943
vn 0.9097 -0.1747 0.3768
vn 0.9203 -0.0882 0.3812
vn 0.8187 -0.1747 0.5470
vn 0.8282 -0.0882 0.5534
vn 0.6962 -0.1747 0.6962
vn 0.7044 -0.0882 0.7044
vn 0.5470 -0.1747 0.8187
vn 0.5534 -0.0882 0.8282
vn 0.3768 -0.1747 0.9097
vn 0.3812 -0.0882 0.9203
vn 0.1921 -0.1747 0.9657
vn 0.1943 -0.0882 0.9770
vn 0.0000 -0.1747 0.9846
vn 0.0000 -0.0882 0.9961
vn -0.1921 -0.1747 0.9657
vn -0.1943 -0.0882 0.9770
vn -0.3768 -0.1747 0.9097
vn -0.3812 -0.0882 0.9203
vn -0.5470 -0.1747 0.8187
vn -0.5534 -0.0882 0.8282
vn -0.6962 -0.1747 0.6962
vn -0.7044 -0.0882 0.7044
vn -0.8187 -0.1747 0.5470
vn -0.8282 -0.0882 0.5534
vn -0.9097 -0.1747 0.3768
vn -0.9203 -0.0882 0.3812
vn -0.9657 -0.1747 0.1921
vn -0.9770 -0.0882 0.1943
vn -0.9846 -0.1747 0.0000
vn -0.9961 -0.0882 0.0000
vn -0.9657 -0.1747 -0.1921
vn -0.9770 -0.0882 -0.1943
vn -0.9097 -0.1747 -0.3768
vn -0.9203 -0.0882 -0.3812
vn -0.8187 -0.1747 -0.5470
vn -0.8282 -0.0882 -0.5534
vn -0.6962 -0.1747 -0.6962
vn -0.7044 -0.0882 -0.7044
vn -0.5470 -0.1747 -0.8187
vn -0.5534 -0.0882 -0.8282
vn -0.3768 -0.1747 -0.9097
vn -0.3812 -0.0882 -0.9203
vn -0.1921 -0.1747 -0.9657
vn -0.1943 -0.0882 -0.9770
vn -0.5525 0.1045 -0.8269
vn -0.3806 0.1045 -0.9188
vn -0.1951 0.0000 0.9808
vn 0.0000 0.0000 1.0000
vn -0.9808 0.0000 0.1951
vn -0.9239 0.0000 0.3827
vn 0.9808 0.0000 0.1951
vn 1.0000 0.0000 0.0000
vn 0.0000 1.0000 -0.0000
vn 0.9239 0.0000 0.3827
vn -1.0000 0.0000 0.0000
vn 0.8315 0.0000 0.5556
vn -0.9808 0.0000 -0.1951
vn 0.7071 0.0000 0.7071
vn -0.9239 0.0000 -0.3827
vn 0.5556 0.0000 0.8315
vn -0.8315 0.0000 -0.5556
vn 0.3827 0.0000 0.9239
vn 0.1951 0.0000 -0.9808
vn 0.0000 0.0000 -1.0000
vn -0.7071 0.0000 -0.7071
vn 0.1951 0.0000 0.9808
vn 0.3827 0.0000 -0.9239
vn -0.5556 0.0000 -0.8315
vn 0.5556 0.0000 -0.8315
vn -0.3827 0.0000 -0.9239
vn 0.7071 0.0000 -0.7071
vn -0.1951 0.0000 -0.9808
vn -0.3827 0.0000 0.9239
vn 0.8315 0.0000 -0.5556
vn -0.5556 0.0000 0.8315
vn 0.9239 0.0000 -0.3827
vn -0.7071 0.0000 0.7071
vn 0.9808 0.0000 -0.1951
vn -0.8315 0.0000 0.5556
vn 0.9945 0.1045 -0.0000
vn 0.9754 0.1045 0.1940
vn -0.8269 0.1045 0.5525
vn -0.9188 0.1045 0.3806
vn -0.0000 0.1045 0.9945
vn -0.1940 0.1045 0.9754
vn -0.9754 0.1045 -0.1940
vn -0.9188 0.1045 -0.3806
vn 0.5525 0.1045 -0.8269
vn 0.7032 0.1045 -0.7032
vn 0.7032 0.1045 0.7032
vn 0.5525 0.1045 0.8269
vn -0.7032 0.1045 0.7032
vn -0.1940 0.1045 -0.9754
vn 0.9754 0.1045 -0.1940
vn -0.3806 0.1045 0.9188
vn -0.8269 0.1045 -0.5525
vn 0.8269 0.1045 -0.5525
vn 0.3806 0.1045 0.9188
vn -0.9754 0.1045 0.1940
vn 0.9188 0.1045 0.3806
vn -0.5525 0.1045 0.8269
vn -0.7032 0.1045 -0.7032
vn 0.9188 0.1045 -0.3806
vn 0.1940 0.1045 0.9754
vn -0.9945 0.1045 0.0000
vn -0.0000 0.1045 -0.9945
vn 0.8269 0.1045 0.5525
vn 0.3806 0.1045 -0.9188
vn 0.1940 0.1045 -0.9754
vn 0.0000 -1.0000 0.0000
vn 0.3592 0.3448 -0.8672
vn 0.1831 0.3448 -0.9206
vn 0.1831 0.3448 0.9206
vn 0.3592 0.3448 0.8672
vn -0.7805 0.3448 0.5215
vn -0.6637 0.3448 0.6637
vn 0.0000 0.3448 0.9387
vn 0.5215 0.3448 -0.7805
vn -0.8672 0.3448 0.3592
vn 0.6637 0.3448 -0.6637
vn -0.9206 0.3448 0.1831
vn 0.7805 0.3448 -0.5215
vn -0.9387 0.3448 0.0000
vn 0.8672 0.3448 -0.3592
vn -0.9206 0.3448 -0.1831
vn 0.9206 0.3448 -0.1831
vn -0.8672 0.3448 -0.3592
vn 0.9387 0.3448 0.0000
vn -0.7805 0.3448 -0.5215
vn 0.9206 0.3448 0.1831
vn -0.6637 0.3448 -0.6637
vn 0.8672 0.3448 0.3592
vn -0.5215 0.3448 -0.7805
vn 0.7805 0.3448 0.5215
vn -0.3592 0.3448 -0.8672
vn -0.1831 0.3448 0.9206
vn 0.6637 0.3448 0.6637
vn -0.1831 0.3448 -0.9206
vn -0.3592 0.3448 0.8672
vn 0.5215 0.3448 0.7805
vn 0.0000 0.3448 -0.9387
vn -0.5215 0.3448 0.7805
vn 0.8532 0.4931 -0.1697
vn 0.8700 0.4931 0.0000
vn 0.6935 0.7071 -0.1379
vn 0.7071 0.7071 -0.0000
vn 0.2588 0.9659 -0.0000
vn 0.2538 0.9659 -0.0505
vn -0.2588 0.9659 0.0000
vn -0.2538 0.9659 0.0505
vn -0.7071 0.7071 0.0000
vn -0.6935 0.7071 0.1379
vn -0.8453 0.5071 0.1681
vn -0.8619 0.5071 0.0000
vn -0.8453 -0.5071 0.1681
vn -0.8619 -0.5071 0.0000
vn -0.6935 -0.7071 0.1379
vn -0.7071 -0.7071 0.0000
vn -0.2588 -0.9659 -0.0000
vn -0.2538 -0.9659 0.0505
vn 0.2588 -0.9659 -0.0000
vn 0.2538 -0.9659 -0.0505
vn 0.7071 -0.7071 -0.0000
vn 0.6935 -0.7071 -0.1379
vn 0.8532 -0.4931 -0.1697
vn 0.8700 -0.4931 -0.0000
vn 0.8037 0.4931 -0.3329
vn 0.6533 0.7071 -0.2706
vn 0.2391 0.9659 -0.0990
vn -0.2391 0.9659 0.0990
vn -0.6533 0.7071 0.2706
vn -0.7963 0.5071 0.3298
vn -0.7963 -0.5071 0.3298
vn -0.6533 -0.7071 0.2706
vn -0.2391 -0.9659 0.0990
vn 0.2391 -0.9659 -0.0990
vn 0.6533 -0.7071 -0.2706
vn 0.8037 -0.4931 -0.3329
vn 0.7233 0.4931 -0.4833
vn 0.5879 0.7071 -0.3928
vn 0.2152 0.9659 -0.1438
vn -0.2152 0.9659 0.1438
vn -0.5879 0.7071 0.3928
vn -0.7166 0.5071 0.4788
vn -0.7166 -0.5071 0.4788
vn -0.5879 -0.7071 0.3928
vn -0.2152 -0.9659 0.1438
vn 0.2152 -0.9659 -0.1438
vn 0.5879 -0.7071 -0.3928
vn 0.7233 -0.4931 -0.4833
vn 0.6152 0.4931 -0.6152
vn 0.5000 0.7071 -0.5000
vn 0.1830 0.9659 -0.1830
vn -0.1830 0.9659 0.1830
vn -0.5000 0.7071 0.5000
vn -0.6094 0.5071 0.6094
vn -0.6094 -0.5071 0.6094
vn -0.5000 -0.7071 0.5000
vn -0.1830 -0.9659 0.1830
vn 0.1830 -0.9659 -0.1830
vn 0.5000 -0.7071 -0.5000
vn 0.6152 -0.4931 -0.6152
vn 0.4833 0.4931 -0.7233
vn 0.3928 0.7071 -0.5879
vn 0.1438 0.9659 -0.2152
vn -0.1438 0.9659 0.2152
vn -0.3928 0.7071 0.5879
vn -0.4788 0.5071 0.7166
vn -0.4788 -0.5071 0.7166
vn -0.3928 -0.7071 0.5879
vn -0.1438 -0.9659 0.2152
vn 0.1438 -0.9659 -0.2152
vn 0.3928 -0.7071 -0.5879
vn 0.4833 -0.4931 -0.7233
vn 0.3688 0.0344 -0.9289
vn 0.2207 0.5186 -0.8261
vn 0.0179 0.8602 -0.5097
vn -0.1934 0.9782 -0.0753
vn -0.3635 0.8556 0.3685
vn -0.4448 0.5216 0.7281
vn -0.3995 0.0370 0.9160
vn -0.2299 -0.4789 0.8473
vn 0.0018 -0.8538 0.5206
vn 0.2197 -0.9742 0.0511
vn 0.3716 -0.8272 -0.4214
vn 0.4249 -0.4597 -0.7798
vn 0.2094 -0.0344 -0.9772
vn 0.0800 0.4597 -0.8845
vn -0.0749 0.8272 -0.5569
vn -0.2111 0.9742 -0.0796
vn -0.2907 0.8538 0.4318
vn -0.2796 0.4789 0.8322
vn -0.1767 -0.0370 0.9836
vn -0.0347 -0.5216 0.8525
vn 0.0975 -0.8556 0.5084
vn 0.2026 -0.9782 0.0448
vn 0.2683 -0.8602 -0.4337
vn 0.2754 -0.5186 -0.8095
vn 0.0000 0.4931 -0.8700
vn -0.0000 0.7071 -0.7071
vn 0.0000 0.9659 -0.2588
vn -0.0000 0.9659 0.2588
vn -0.0000 0.7071 0.7071
vn 0.0000 0.5071 0.8619
vn 0.0000 -0.5071 0.8619
vn -0.0000 -0.7071 0.7071
vn 0.0000 -0.9659 0.2588
vn -0.0000 -0.9659 -0.2588
vn -0.0000 -0.7071 -0.7071
vn 0.0000 -0.4931 -0.8700
vn -0.2094 -0.0344 -0.9772
vn -0.0800 0.4597 -0.8845
vn 0.0749 0.8272 -0.5569
vn 0.2111 0.9742 -0.0796
vn 0.2907 0.8538 0.4318
vn 0.2796 0.4789 0.8322
vn 0.1767 -0.0370 0.9836
vn 0.0347 -0.5216 0.8525
vn -0.0975 -0.8556 0.5084
vn -0.2026 -0.9782 0.0448
vn -0.2683 -0.8602 -0.4337
vn -0.2754 -0.5186 -0.8095
vn -0.3688 0.0344 -0.9289
vn -0.2207 0.5186 -0.8261
vn -0.0179 0.8602 -0.5097
vn 0.1934 0.9782 -0.0753
vn 0.3635 0.8556 0.3685
vn 0.4448 0.5216 0.7281
vn 0.3995 0.0370 0.9160
vn 0.2299 -0.4789 0.8473
vn -0.0018 -0.8538 0.5206
vn -0.2197 -0.9742 0.0511
vn -0.3716 -0.8272 -0.4214
vn -0.4249 -0.4597 -0.7798
vn -0.4833 0.4931 -0.7233
vn -0.3928 0.7071 -0.5879
vn -0.1438 0.9659 -0.2152
vn 0.1438 0.9659 0.2152
vn 0.3928 0.7071 0.5879
vn 0.4788 0.5071 0.7166
vn 0.4788 -0.5071 0.7166
vn 0.3928 -0.7071 0.5879
vn 0.1438 -0.9659 0.2152
vn -0.1438 -0.9659 -0.2152
vn -0.3928 -0.7071 -0.5879
vn -0.4833 -0.4931 -0.7233
vn -0.6152 0.4931 -0.6152
vn -0.5000 0.7071 -0.5000
vn -0.1830 0.9659 -0.1830
vn 0.1830 0.9659 0.1830
vn 0.5000 0.7071 0.5000
vn 0.6094 0.5071 0.6094
vn 0.6094 -0.5071 0.6094
vn 0.5000 -0.7071 0.5000
vn 0.1830 -0.9659 0.1830
vn -0.1830 -0.9659 -0.1830
vn -0.5000 -0.7071 -0.5000
vn -0.6152 -0.4931 -0.6152
vn -0.7233 0.4931 -0.4833
vn -0.5879 0.7071 -0.3928
vn -0.2152 0.9659 -0.1438
vn 0.2152 0.9659 0.1438
vn 0.5879 0.7071 0.3928
vn 0.7166 0.5071 0.4788
vn 0.7166 -0.5071 0.4788
vn 0.5879 -0.7071 0.3928
vn 0.2152 -0.9659 0.1438
vn -0.2152 -0.9659 -0.1438
vn -0.5879 -0.7071 -0.3928
vn -0.7233 -0.4931 -0.4833
vn -0.8037 0.4931 -0.3329
vn -0.6533 0.7071 -0.2706
vn -0.2391 0.9659 -0.0990
vn 0.2391 0.9659 0.0990
vn 0.6533 0.7071 0.2706
vn 0.7963 0.5071 0.3298
vn 0.7963 -0.5071 0.3298
vn 0.6533 -0.7071 0.2706
vn 0.2391 -0.9659 0.0990
vn -0.2391 -0.9659 -0.0990
vn -0.6533 -0.7071 -0.2706
vn -0.8037 -0.4931 -0.3329
vn -0.8532 0.4931 -0.1697
vn -0.6935 0.7071 -0.1379
vn -0.2538 0.9659 -0.0505
vn 0.2538 0.9659 0.0505
vn 0.6935 0.7071 0.1379
vn 0.8453 0.5071 0.1681
vn 0.8453 -0.5071 0.1681
vn 0.6935 -0.7071 0.1379
vn 0.2538 -0.9659 0.0505
vn -0.2538 -0.9659 -0.0505
vn -0.6935 -0.7071 -0.1379
vn -0.8532 -0.4931 -0.1697
vn -0.8700 0.4931 -0.0000
vn 0.8619 0.5071 0.0000
vn 0.8619 -0.5071 -0.0000
vn -0.8700 -0.4931 -0.0000
vn -0.8532 0.4931 0.1697
vn 0.8453 0.5071 -0.1681
vn 0.8453 -0.5071 -0.1681
vn -0.8532 -0.4931 0.1697
vn -0.8037 0.4931 0.3329
vn 0.7963 0.5071 -0.3298
vn 0.7963 -0.5071 -0.3298
vn -0.8037 -0.4931 0.3329
vn -0.7233 0.4931 0.4833
vn 0.7166 0.5071 -0.4788
vn 0.7166 -0.5071 -0.4788
vn -0.7233 -0.4931 0.4833
vn -0.6152 0.4931 0.6152
vn 0.6094 0.5071 -0.6094
vn 0.6094 -0.5071 -0.6094
vn -0.6152 -0.4931 0.6152
vn -0.4833 0.4931 0.7233
vn 0.4788 0.5071 -0.7166
vn 0.4788 -0.5071 -0.7166
vn -0.4833 -0.4931 0.7233
vn -0.3717 0.0308 0.9278
vn -0.2342 0.5165 0.8237
vn -0.0370 0.8616 0.5062
vn 0.1732 0.9824 0.0693
vn 0.3453 0.8592 -0.3775
vn 0.4315 0.5211 -0.7364
vn 0.3960 0.0332 -0.9176
vn 0.2404 -0.4822 -0.8424
vn 0.0188 -0.8576 -0.5140
vn -0.1969 -0.9794 -0.0440
vn -0.3529 -0.8321 0.4279
vn -0.4155 -0.4635 0.7827
vn -0.2064 -0.0308 0.9780
vn -0.0894 0.4635 0.8816
vn 0.0557 0.8321 0.5519
vn 0.1882 0.9794 0.0728
vn 0.2699 0.8576 -0.4379
vn 0.2682 0.4822 -0.8340
vn 0.1805 -0.0332 -0.9830
vn 0.0504 -0.5211 -0.8520
vn -0.0774 -0.8592 -0.5058
vn -0.1825 -0.9824 -0.0386
vn -0.2505 -0.8616 0.4415
vn -0.2628 -0.5165 0.8150
vn -0.0000 0.4931 0.8700
vn -0.0000 0.5071 -0.8619
vn 0.0000 -0.5071 -0.8619
vn -0.0000 -0.4931 0.8700
vn 0.2064 -0.0308 0.9780
vn 0.0894 0.4635 0.8816
vn -0.0557 0.8321 0.5519
vn -0.1882 0.9794 0.0728
vn -0.2699 0.8576 -0.4379
vn -0.2682 0.4822 -0.8340
vn -0.1805 -0.0332 -0.9830
vn -0.0504 -0.5211 -0.8520
vn 0.0774 -0.8592 -0.5058
vn 0.1825 -0.9824 -0.0386
vn 0.2505 -0.8616 0.4415
vn 0.2628 -0.5165 0.8150
vn 0.3717 0.0308 0.9278
vn 0.2342 0.5165 0.8237
vn 0.0370 0.8616 0.5062
vn -0.1732 0.9824 0.0693
vn -0.3453 0.8592 -0.3775
vn -0.4315 0.5211 -0.7364
vn -0.3960 0.0332 -0.9176
vn -0.2404 -0.4822 -0.8424
vn -0.0188 -0.8576 -0.5140
vn 0.1969 -0.9794 -0.0440
vn 0.3529 -0.8321 0.4279
vn 0.4155 -0.4635 0.7827
vn 0.4833 0.4931 0.7233
vn -0.4788 0.5071 -0.7166
vn -0.4788 -0.5071 -0.7166
vn 0.4833 -0.4931 0.7233
vn 0.6152 0.4931 0.6152
vn -0.6094 0.5071 -0.6094
vn -0.6094 -0.5071 -0.6094
vn 0.6152 -0.4931 0.6152
vn 0.7233 0.4931 0.4833
vn -0.7166 0.5071 -0.4788
vn -0.7166 -0.5071 -0.4788
vn 0.7233 -0.4931 0.4833
vn 0.8037 0.4931 0.3329
vn -0.7963 0.5071 -0.3298
vn -0.7963 -0.5071 -0.3298
vn 0.8037 -0.4931 0.3329
vn 0.8532 0.4931 0.1697
vn -0.6935 0.7071 -0.1380
vn -0.8453 0.5071 -0.1681
vn -0.8453 -0.5071 -0.1681
vn 0.8532 -0.4931 0.1697
vn 0.0000 0.7593 -0.6507
vn 0.1269 0.7593 -0.6382
vn 0.0822 0.9068 -0.4134
vn 0.0000 0.9068 -0.4215
vn 0.2490 0.7593 -0.6012
vn 0.1613 0.9068 -0.3894
vn 0.3615 0.7593 -0.5410
vn 0.2342 0.9068 -0.3504
vn 0.4601 0.7593 -0.4601
vn 0.2980 0.9068 -0.2980
vn 0.5410 0.7593 -0.3615
vn 0.3504 0.9068 -0.2342
vn 0.6012 0.7593 -0.2490
vn 0.3894 0.9068 -0.1613
vn 0.6382 0.7593 -0.1269
vn 0.4134 0.9068 -0.0822
vn 0.6507 0.7593 0.0000
vn 0.4215 0.9068 0.0000
vn 0.6382 0.7593 0.1269
vn 0.4134 0.9068 0.0822
vn 0.6012 0.7593 0.2490
vn 0.3894 0.9068 0.1613
vn 0.5410 0.7593 0.3615
vn 0.3504 0.9068 0.2342
vn 0.4601 0.7593 0.4601
vn 0.2980 0.9068 0.2980
vn 0.3615 0.7593 0.5410
vn 0.2342 0.9068 0.3504
vn 0.2490 0.7593 0.6012
vn 0.1613 0.9068 0.3894
vn 0.1269 0.7593 0.6382
vn 0.0822 0.9068 0.4134
vn 0.0000 0.7593 0.6507
vn 0.0000 0.9068 0.4215
vn -0.1269 0.7593 0.6382
vn -0.0822 0.9068 0.4134
vn -0.2490 0.7593 0.6012
vn -0.1613 0.9068 0.3894
vn -0.3615 0.7593 0.5410
vn -0.2342 0.9068 0.3504
vn -0.4601 0.7593 0.4601
vn -0.2980 0.9068 0.2980
vn -0.5410 0.7593 0.3615
vn -0.3504 0.9068 0.2342
vn -0.6012 0.7593 0.2490
vn -0.3894 0.9068 0.1613
vn -0.6382 0.7593 0.1269
vn -0.4134 0.9068 0.0822
vn -0.6507 0.7593 -0.0000
vn -0.4215 0.9068 -0.0000
vn -0.6382 0.7593 -0.1269
vn -0.4134 0.9068 -0.0822
vn -0.6012 0.7593 -0.2490
vn -0.3894 0.9068 -0.1613
vn -0.5410 0.7593 -0.3615
vn -0.3504 0.9068 -0.2342
vn -0.4601 0.7593 -0.4601
vn -0.2980 0.9068 -0.2980
vn -0.3615 0.7593 -0.5410
vn -0.2342 0.9068 -0.3504
vn -0.2490 0.7593 -0.6012
vn -0.1613 0.9068 -0.3894
vn -0.1269 0.7593 -0.6382
vn -0.0822 0.9068 -0.4134
vn 0.3671 -0.2824 -0.8863
vn 0.1872 -0.2824 -0.9409
vn 0.1872 -0.2824 0.9409
vn 0.3671 -0.2824 0.8863
vn -0.7976 -0.2824 0.5330
vn -0.6783 -0.2824 0.6783
vn -0.0000 -0.2824 0.9593
vn 0.5330 -0.2824 -0.7976
vn -0.8863 -0.2824 0.3671
vn 0.6783 -0.2824 -0.6783
vn -0.9409 -0.2824 0.1872
vn 0.7976 -0.2824 -0.5330
vn -0.9593 -0.2824 0.0000
vn 0.8863 -0.2824 -0.3671
vn -0.9409 -0.2824 -0.1872
vn 0.9409 -0.2824 -0.1872
vn -0.8863 -0.2824 -0.3671
vn 0.9593 -0.2824 -0.0000
vn -0.7976 -0.2824 -0.5330
vn 0.9409 -0.2824 0.1872
vn -0.6783 -0.2824 -0.6783
vn 0.8863 -0.2824 0.3671
vn -0.5330 -0.2824 -0.7976
vn 0.7976 -0.2824 0.5330
vn -0.3671 -0.2824 -0.8863
vn -0.1872 -0.2824 0.9409
vn 0.6783 -0.2824 0.6783
vn -0.1872 -0.2824 -0.9409
vn -0.3671 -0.2824 0.8863
vn 0.5330 -0.2824 0.7976
vn -0.0000 -0.2824 -0.9593
vn -0.5330 -0.2824 0.7976
vn -0.0000 0.1309 -0.9914
vn 0.1962 0.1309 -0.9718
vn 0.1961 0.1309 -0.9718
vn 0.0133 0.0000 0.9999
vn -0.1826 0.0000 0.9832
vn -0.1820 0.0000 0.9833
vn -0.3754 0.0000 0.9268
vn -0.3704 0.0000 0.9289
vn -0.5548 0.0000 0.8320
vn -0.5445 0.0000 0.8388
vn -0.7063 0.0000 0.7079
vn -0.6976 0.0000 0.7165
vn -0.8340 0.0000 0.5517
vn -0.8240 0.0000 0.5666
vn -0.8756 -0.0000 0.4831
vn -0.9187 -0.0000 0.3949
vn -0.9781 0.0000 0.2081
vn -0.9999 0.0000 0.0133
vn -0.8339 0.0000 0.5519
vn -0.7066 0.0000 0.7077
vn -0.5547 0.0000 0.8321
vn -0.1834 0.0000 0.9830
vn -0.3772 0.0000 0.9261
vn 0.2081 0.0000 0.9781
vn 0.2087 0.0000 0.9780
vn 0.3949 0.0000 0.9187
vn 0.4000 0.0000 0.9165
vn 0.5666 0.0000 0.8240
vn 0.5767 0.0000 0.8169
vn 0.7165 0.0000 0.6976
vn 0.7249 0.0000 0.6888
vn 0.8388 0.0000 0.5445
vn 0.8484 0.0000 0.5293
vn 0.8881 0.0000 0.4596
vn 0.9289 0.0000 0.3704
vn 0.9833 0.0000 0.1820
vn 0.9999 0.0000 -0.0133
vn 0.8483 0.0000 0.5295
vn 0.7251 0.0000 0.6886
vn 0.5766 0.0000 0.8170
vn 0.2095 0.0000 0.9778
vn 0.4018 0.0000 0.9157
vn -0.0133 0.0000 -0.9999
vn -0.2081 0.0000 -0.9781
vn -0.2087 0.0000 -0.9780
vn -0.3949 0.0000 -0.9187
vn -0.4000 0.0000 -0.9165
vn -0.5666 0.0000 -0.8240
vn -0.5767 0.0000 -0.8169
vn -0.7165 0.0000 -0.6976
vn -0.7249 0.0000 -0.6888
vn -0.8388 0.0000 -0.5445
vn -0.8484 0.0000 -0.5293
vn -0.8881 0.0000 -0.4596
vn -0.9289 0.0000 -0.3704
vn -0.9833 0.0000 -0.1820
vn -0.8483 0.0000 -0.5295
vn -0.7251 0.0000 -0.6886
vn -0.5766 0.0000 -0.8170
vn -0.2095 0.0000 -0.9778
vn -0.4018 0.0000 -0.9157
vn 0.1826 0.0000 -0.9832
vn 0.1820 0.0000 -0.9833
vn 0.3754 0.0000 -0.9268
vn 0.3704 0.0000 -0.9289
vn 0.5548 0.0000 -0.8320
vn 0.5445 0.0000 -0.8388
vn 0.7063 0.0000 -0.7079
vn 0.6976 0.0000 -0.7165
vn 0.8340 0.0000 -0.5517
vn 0.8240 0.0000 -0.5666
vn 0.8756 -0.0000 -0.4831
vn 0.9187 -0.0000 -0.3949
vn 0.9781 0.0000 -0.2081
vn 0.8339 0.0000 -0.5519
vn 0.7066 0.0000 -0.7077
vn 0.5547 0.0000 -0.8321
vn 0.1834 0.0000 -0.9830
vn 0.3772 0.0000 -0.9261
vn 0.3702 0.0000 -0.9290
vn 0.3756 0.0000 -0.9268
vn 0.5442 0.0000 -0.8390
vn 0.5551 0.0000 -0.8318
vn 0.6973 0.0000 -0.7167
vn 0.7065 0.0000 -0.7077
vn 0.8254 -0.0000 -0.5646
vn 0.8364 -0.0000 -0.5481
vn 0.8748 0.0000 -0.4846
vn 0.8741 0.0000 -0.4857
vn 0.9180 0.0000 -0.3965
vn 0.8768 -0.0000 -0.4808
vn 0.8763 -0.0000 -0.4817
vn 0.8770 0.0000 -0.4805
vn 0.8256 0.0000 -0.5642
vn 0.8362 0.0000 -0.5484
vn 0.7067 -0.0000 -0.7075
vn 0.6975 -0.0000 -0.7166
vn 0.5443 -0.0000 -0.8389
vn 0.5549 -0.0000 -0.8319
vn 0.3774 -0.0000 -0.9261
vn 0.3703 -0.0000 -0.9289
vn 0.8771 0.0000 -0.4803
vn 0.8258 0.0000 -0.5639
vn -0.4001 0.0000 -0.9165
vn -0.3948 0.0000 -0.9188
vn -0.5770 0.0000 -0.8167
vn -0.5663 0.0000 -0.8242
vn -0.7162 0.0000 -0.6979
vn -0.8507 -0.0000 -0.5257
vn -0.8401 -0.0000 -0.5424
vn -0.8867 -0.0000 -0.4623
vn -0.8873 -0.0000 -0.4611
vn -0.9283 0.0000 -0.3719
vn -0.8893 -0.0000 -0.4573
vn -0.8889 -0.0000 -0.4582
vn -0.8895 0.0000 -0.4570
vn -0.8505 0.0000 -0.5259
vn -0.8404 0.0000 -0.5420
vn -0.7253 -0.0000 -0.6884
vn -0.5769 -0.0000 -0.8168
vn -0.5665 -0.0000 -0.8241
vn -0.7163 -0.0000 -0.6978
vn -0.4019 -0.0000 -0.9157
vn -0.8896 -0.0000 -0.4567
vn -0.8405 0.0000 -0.5417
vn 0.4001 0.0000 0.9165
vn 0.3948 0.0000 0.9188
vn 0.5770 0.0000 0.8167
vn 0.5663 0.0000 0.8242
vn 0.7162 0.0000 0.6979
vn 0.8507 -0.0000 0.5257
vn 0.8401 -0.0000 0.5424
vn 0.8867 -0.0000 0.4623
vn 0.8873 -0.0000 0.4611
vn 0.9283 0.0000 0.3719
vn 0.8893 -0.0000 0.4573
vn 0.8889 -0.0000 0.4582
vn 0.8895 0.0000 0.4570
vn 0.8505 0.0000 0.5259
vn 0.8404 0.0000 0.5420
vn 0.7253 -0.0000 0.6884
vn 0.5769 -0.0000 0.8168
vn 0.5665 -0.0000 0.8241
vn 0.7163 -0.0000 0.6978
vn 0.4019 -0.0000 0.9157
vn 0.8896 -0.0000 0.4567
vn 0.8405 0.0000 0.5417
vn -0.3702 0.0000 0.9290
vn -0.3756 0.0000 0.9268
vn -0.5442 0.0000 0.8390
vn -0.5551 0.0000 0.8318
vn -0.6973 0.0000 0.7167
vn -0.7065 0.0000 0.7077
vn -0.8254 -0.0000 0.5646
vn -0.8364 -0.0000 0.5481
vn -0.8748 0.0000 0.4846
vn -0.8741 0.0000 0.4857
vn -0.9180 0.0000 0.3965
vn -0.8768 -0.0000 0.4808
vn -0.8763 -0.0000 0.4817
vn -0.8770 0.0000 0.4805
vn -0.8256 0.0000 0.5642
vn -0.8362 0.0000 0.5484
vn -0.7067 -0.0000 0.7075
vn -0.6975 -0.0000 0.7166
vn -0.5443 -0.0000 0.8389
vn -0.5549 -0.0000 0.8319
vn -0.3774 -0.0000 0.9261
vn -0.3703 -0.0000 0.9289
vn -0.8771 0.0000 0.4803
vn -0.8258 0.0000 0.5639
vn 0.1721 -0.9510 0.2567
vn 0.2113 -0.9130 0.3491
vn 0.1711 -0.9519 0.2543
vn 0.1658 -0.9799 0.1109
vn 0.1439 -0.9790 0.1443
vn 0.1441 -0.9790 0.1441
vn 0.1659 -0.9799 0.1106
vn -0.0000 -1.0000 -0.0009
vn 0.0227 -0.9997 0.0076
vn 0.0226 -0.9997 0.0076
vn 0.1147 -0.9919 0.0544
vn 0.1141 -0.9920 0.0540
vn 0.4091 -0.5319 0.7414
vn 0.4322 -0.4470 0.7832
vn 0.4750 -0.1819 0.8610
vn 0.4224 0.4854 0.7655
vn 0.3139 0.7741 0.5498
vn 0.3139 0.7739 0.5500
vn 0.1761 0.9477 0.2661
vn 0.1745 0.9489 0.2630
vn 0.1400 0.9805 0.1382
vn 0.1404 0.9804 0.1382
vn 0.1677 0.9794 0.1128
vn 0.1678 0.9794 0.1124
vn 0.0849 0.9954 0.0452
vn 0.0841 0.9954 0.0448
vn 0.0093 1.0000 0.0005
vn 0.0000 1.0000 0.0021
vn 0.4757 0.1747 0.8621
vn -0.2020 -0.9130 0.3546
vn -0.1652 -0.9510 0.2612
vn -0.1643 -0.9519 0.2588
vn -0.1400 -0.9790 0.1481
vn -0.1628 -0.9799 0.1153
vn -0.1629 -0.9799 0.1150
vn -0.1402 -0.9790 0.1478
vn -0.0225 -0.9997 0.0082
vn -0.0224 -0.9997 0.0082
vn -0.1132 -0.9919 0.0574
vn -0.1126 -0.9920 0.0570
vn -0.4112 -0.4470 0.7945
vn -0.3892 -0.5319 0.7521
vn -0.4519 -0.1819 0.8733
vn -0.2991 0.7741 0.5580
vn -0.4018 0.4854 0.7765
vn -0.2992 0.7739 0.5582
vn -0.1689 0.9477 0.2707
vn -0.1675 0.9489 0.2675
vn -0.1363 0.9805 0.1419
vn -0.1367 0.9804 0.1419
vn -0.1647 0.9794 0.1172
vn -0.1647 0.9794 0.1168
vn -0.0836 0.9954 0.0475
vn -0.0829 0.9954 0.0470
vn -0.0093 1.0000 0.0008
vn -0.4525 0.1747 0.8745
vn 0.2020 -0.9130 -0.3546
vn 0.1652 -0.9510 -0.2612
vn 0.1643 -0.9519 -0.2588
vn 0.1400 -0.9790 -0.1481
vn 0.1628 -0.9799 -0.1153
vn 0.1629 -0.9799 -0.1150
vn 0.1402 -0.9790 -0.1478
vn 0.0225 -0.9997 -0.0082
vn 0.0000 -1.0000 0.0009
vn 0.0224 -0.9997 -0.0082
vn 0.1132 -0.9919 -0.0574
vn 0.1126 -0.9920 -0.0570
vn 0.4112 -0.4470 -0.7945
vn 0.3892 -0.5319 -0.7521
vn 0.4519 -0.1819 -0.8733
vn 0.2991 0.7741 -0.5580
vn 0.4018 0.4854 -0.7765
vn 0.2992 0.7739 -0.5582
vn 0.1689 0.9477 -0.2707
vn 0.1675 0.9489 -0.2675
vn 0.1363 0.9805 -0.1419
vn 0.1367 0.9804 -0.1419
vn 0.1647 0.9794 -0.1172
vn 0.1647 0.9794 -0.1168
vn 0.0836 0.9954 -0.0475
vn 0.0829 0.9954 -0.0470
vn 0.0093 1.0000 -0.0008
vn -0.0000 1.0000 -0.0021
vn 0.4525 0.1747 -0.8745
vn -0.1721 -0.9510 -0.2567
vn -0.2113 -0.9130 -0.3491
vn -0.1711 -0.9519 -0.2543
vn -0.1658 -0.9799 -0.1109
vn -0.1439 -0.9790 -0.1443
vn -0.1441 -0.9790 -0.1441
vn -0.1659 -0.9799 -0.1106
vn -0.0227 -0.9997 -0.0076
vn -0.0226 -0.9997 -0.0076
vn -0.1147 -0.9919 -0.0544
vn -0.1141 -0.9920 -0.0540
vn -0.4091 -0.5319 -0.7414
vn -0.4322 -0.4470 -0.7832
vn -0.4750 -0.1819 -0.8610
vn -0.4224 0.4854 -0.7655
vn -0.3139 0.7741 -0.5498
vn -0.3139 0.7739 -0.5500
vn -0.1761 0.9477 -0.2661
vn -0.1745 0.9489 -0.2630
vn -0.1400 0.9805 -0.1382
vn -0.1404 0.9804 -0.1382
vn -0.1677 0.9794 -0.1128
vn -0.1678 0.9794 -0.1124
vn -0.0849 0.9954 -0.0452
vn -0.0841 0.9954 -0.0448
vn -0.0093 1.0000 -0.0005
vn -0.4757 0.1747 -0.8621
vn 0.6560 0.7041 0.2717
vn 0.5904 0.7041 0.3945
vn -0.6964 0.7041 0.1385
vn -0.7101 0.7041 -0.0000
vn -0.6964 0.7041 -0.1385
vn 0.5021 0.7041 0.5021
vn -0.6560 0.7041 -0.2717
vn 0.3945 0.7041 0.5904
vn -0.5904 0.7041 -0.3945
vn 0.2717 0.7041 0.6560
vn 0.0000 0.7041 -0.7101
vn 0.1385 0.7041 -0.6964
vn -0.5021 0.7041 -0.5021
vn 0.1385 0.7041 0.6964
vn 0.2717 0.7041 -0.6560
vn -0.3945 0.7041 -0.5904
vn 0.0000 0.7041 0.7101
vn 0.3945 0.7041 -0.5904
vn -0.2717 0.7041 -0.6560
vn -0.1385 0.7041 0.6964
vn 0.5021 0.7041 -0.5021
vn -0.1385 0.7041 -0.6964
vn -0.2717 0.7041 0.6560
vn 0.5904 0.7041 -0.3945
vn -0.3945 0.7041 0.5904
vn 0.6560 0.7041 -0.2717
vn -0.5021 0.7041 0.5021
vn 0.6964 0.7041 -0.1385
vn -0.5904 0.7041 0.3945
vn 0.7101 0.7041 0.0000
vn -0.6560 0.7041 0.2717
vn 0.6964 0.7041 0.1385
vn -0.0000 0.9999 -0.0165
vn 0.0032 0.9999 -0.0162
vn 0.0063 0.9999 -0.0153
vn 0.0092 0.9999 -0.0137
vn 0.0117 0.9999 -0.0117
vn 0.0137 0.9999 -0.0092
vn 0.0153 0.9999 -0.0063
vn 0.0162 0.9999 -0.0032
vn 0.0165 0.9999 -0.0000
vn 0.0162 0.9999 0.0032
vn 0.0153 0.9999 0.0063
vn 0.0137 0.9999 0.0092
vn 0.0117 0.9999 0.0117
vn 0.0092 0.9999 0.0137
vn 0.0063 0.9999 0.0153
vn 0.0032 0.9999 0.0162
vn -0.0000 0.9999 0.0165
vn -0.0032 0.9999 0.0162
vn -0.0063 0.9999 0.0153
vn -0.0092 0.9999 0.0137
vn -0.0117 0.9999 0.0117
vn -0.0137 0.9999 0.0092
vn -0.0153 0.9999 0.0063
vn -0.0162 0.9999 0.0032
vn -0.0165 0.9999 0.0000
vn -0.0162 0.9999 -0.0032
vn -0.0153 0.9999 -0.0063
vn -0.0137 0.9999 -0.0092
vn -0.0117 0.9999 -0.0117
vn -0.0092 0.9999 -0.0137
vn -0.0063 0.9999 -0.0153
vn -0.0032 0.9999 -0.0162
vn -0.0726 0.9819 0.1752
vn -0.0370 0.9819 0.1860
vn -0.3840 0.1307 -0.9140
vn -0.3842 0.1307 -0.9140
vn -0.1962 0.1309 -0.9718
vn -0.1961 0.1309 -0.9718
vn -0.1493 -0.9779 0.1460
vn -0.1471 -0.9781 0.1475
vn -0.1794 -0.9764 0.1202
vn -0.1812 -0.9763 0.1183
vn 0.1860 0.9819 0.0370
vn 0.1896 0.9819 0.0000
vn -0.1576 0.9819 -0.1053
vn -0.1752 0.9819 -0.0726
vn 0.1576 0.9819 -0.1053
vn 0.1341 0.9819 -0.1341
vn 0.0726 0.9819 0.1752
vn 0.1053 0.9819 0.1576
vn -0.1860 0.9819 0.0370
vn -0.1752 0.9819 0.0726
vn 0.0370 0.9819 -0.1860
vn 0.0000 0.9819 -0.1896
vn -0.0370 0.9819 -0.1860
vn 0.1752 0.9819 0.0726
vn -0.1053 0.9819 0.1576
vn -0.1341 0.9819 -0.1341
vn 0.1752 0.9819 -0.0726
vn 0.0370 0.9819 0.1860
vn -0.1896 0.9819 -0.0000
vn 0.0726 0.9819 -0.1752
vn 0.1576 0.9819 0.1053
vn -0.1341 0.9819 0.1341
vn -0.1053 0.9819 -0.1576
vn 0.1860 0.9819 -0.0370
vn 0.0000 0.9819 0.1896
vn -0.1860 0.9819 -0.0370
vn 0.1053 0.9819 -0.1576
vn 0.1341 0.9819 0.1341
vn -0.1576 0.9819 0.1053
vn -0.0726 0.9819 -0.1752
vn 0.9731 0.1291 0.1908
vn 0.9731 0.1291 0.1907
vn 0.9181 0.1293 0.3747
vn 0.9180 0.1293 0.3749
vn -0.9180 0.1293 0.3749
vn -0.9181 0.1293 0.3747
vn -0.9731 0.1291 0.1907
vn -0.9731 0.1291 0.1908
vn 0.2236 -0.9737 -0.0434
vn 0.2233 -0.9737 -0.0446
vn 0.2294 -0.9733 0.0000
vn -0.1961 0.1309 0.9718
vn -0.1962 0.1309 0.9718
vn -0.3842 0.1307 0.9140
vn -0.3840 0.1307 0.9140
vn -0.9180 0.1293 -0.3749
vn -0.9181 0.1293 -0.3747
vn -0.8282 0.1296 -0.5453
vn -0.8280 0.1296 -0.5455
vn 0.7061 0.1300 -0.6961
vn 0.7062 0.1300 -0.6959
vn 0.8282 0.1296 -0.5453
vn 0.8280 0.1296 -0.5455
vn 0.5562 0.1304 0.8207
vn 0.5564 0.1304 0.8206
vn 0.3842 0.1307 0.9140
vn 0.3840 0.1307 0.9140
vn -0.8280 0.1296 0.5455
vn -0.8282 0.1296 0.5453
vn 0.9916 0.1291 0.0000
vn -0.5564 0.1304 0.8206
vn -0.5562 0.1304 0.8207
vn -0.7062 0.1300 -0.6959
vn -0.7061 0.1300 -0.6961
vn 0.9181 0.1293 -0.3747
vn 0.9180 0.1293 -0.3749
vn 0.1962 0.1309 0.9718
vn 0.1961 0.1309 0.9718
vn -0.9916 0.1291 0.0000
vn 0.8282 0.1296 0.5453
vn 0.8280 0.1296 0.5455
vn -0.7062 0.1300 0.6959
vn -0.7061 0.1300 0.6961
vn -0.5564 0.1304 -0.8206
vn -0.5562 0.1304 -0.8207
vn 0.9731 0.1291 -0.1907
vn 0.9731 0.1291 -0.1908
vn 0.0000 0.1309 0.9914
vn -0.9731 0.1291 -0.1907
vn -0.9731 0.1291 -0.1908
vn 0.0000 -0.9816 -0.1910
vn 0.0374 -0.9814 -0.1885
vn 0.0383 -0.9813 -0.1884
vn 0.7062 0.1300 0.6959
vn 0.7061 0.1300 0.6961
vn 0.5562 0.1304 -0.8207
vn 0.5564 0.1304 -0.8206
vn -0.2058 -0.9749 0.0855
vn -0.2068 -0.9748 0.0837
vn 0.2233 -0.9737 0.0446
vn 0.2236 -0.9737 0.0434
vn -0.2233 -0.9737 0.0446
vn -0.2236 -0.9737 0.0434
vn 0.2058 -0.9749 0.0855
vn 0.2068 -0.9748 0.0837
vn -0.2294 -0.9733 -0.0000
vn 0.1794 -0.9764 0.1202
vn 0.1812 -0.9763 0.1183
vn -0.2233 -0.9737 -0.0446
vn -0.2236 -0.9737 -0.0434
vn 0.1471 -0.9781 0.1475
vn 0.1493 -0.9779 0.1460
vn -0.2058 -0.9749 -0.0855
vn -0.2068 -0.9748 -0.0837
vn 0.1117 -0.9795 0.1675
vn 0.1137 -0.9794 0.1666
vn -0.1794 -0.9764 -0.1202
vn -0.1812 -0.9763 -0.1183
vn 0.0748 -0.9807 0.1809
vn 0.0764 -0.9806 0.1805
vn -0.0383 -0.9813 -0.1884
vn -0.0374 -0.9814 -0.1885
vn -0.1471 -0.9781 -0.1475
vn -0.1493 -0.9779 -0.1460
vn 0.0374 -0.9814 0.1885
vn 0.0383 -0.9813 0.1884
vn 0.0748 -0.9807 -0.1809
vn 0.0764 -0.9806 -0.1805
vn -0.1117 -0.9795 -0.1675
vn -0.1137 -0.9794 -0.1666
vn -0.0000 -0.9816 0.1910
vn 0.1117 -0.9795 -0.1675
vn 0.1137 -0.9794 -0.1666
vn -0.0748 -0.9807 -0.1809
vn -0.0764 -0.9806 -0.1805
vn -0.0374 -0.9814 0.1885
vn -0.0383 -0.9813 0.1884
vn 0.1471 -0.9781 -0.1475
vn 0.1493 -0.9779 -0.1460
vn -0.0748 -0.9807 0.1809
vn -0.0764 -0.9806 0.1805
vn 0.1794 -0.9764 -0.1202
vn 0.1812 -0.9763 -0.1183
vn 0.3840 0.1307 -0.9140
vn 0.3842 0.1307 -0.9140
vn -0.1117 -0.9795 0.1675
vn -0.1137 -0.9794 0.1666
vn 0.2058 -0.9749 -0.0855
vn 0.2068 -0.9748 -0.0837
vn -0.9813 0.0000 0.1924
vn 0.8351 0.0000 0.5500
vn 0.9258 0.0000 0.3780
vn -0.9813 0.0000 -0.1924
vn 0.7122 0.0000 0.7020
vn -0.9258 0.0000 -0.3780
vn 0.5611 0.0000 0.8277
vn -0.8351 0.0000 -0.5500
vn 0.3874 0.0000 0.9219
vn 0.1978 0.0000 -0.9802
vn -0.7122 0.0000 -0.7020
vn 0.1978 0.0000 0.9802
vn 0.3874 0.0000 -0.9219
vn -0.5611 0.0000 -0.8277
vn 0.5611 0.0000 -0.8277
vn -0.3874 0.0000 -0.9219
vn -0.1978 -0.0000 0.9802
vn 0.7122 0.0000 -0.7020
vn -0.1978 -0.0000 -0.9802
vn -0.3874 0.0000 0.9219
vn 0.8351 0.0000 -0.5500
vn -0.5611 0.0000 0.8277
vn 0.9258 0.0000 -0.3780
vn -0.7122 0.0000 0.7020
vn 0.9813 0.0000 -0.1924
vn -0.8351 0.0000 0.5500
vn -0.9258 0.0000 0.3780
vn 0.9813 0.0000 0.1924
vn 0.3713 0.8510 -0.3713
vn 0.4366 0.8510 -0.2917
vn -0.5150 0.8510 0.1024
vn -0.5251 0.8510 0.0000
vn 0.0000 0.8510 0.5251
vn -0.1024 0.8510 0.5150
vn 0.4851 0.8510 -0.2009
vn -0.5150 0.8510 -0.1024
vn 0.5150 0.8510 -0.1024
vn -0.4851 0.8510 -0.2009
vn 0.5251 0.8510 -0.0000
vn -0.4366 0.8510 -0.2917
vn 0.5150 0.8510 0.1024
vn -0.3713 0.8510 -0.3713
vn 0.4851 0.8510 0.2009
vn -0.2917 0.8510 -0.4366
vn 0.4366 0.8510 0.2917
vn -0.2009 0.8510 -0.4851
vn 0.1024 0.8510 0.5150
vn 0.3713 0.8510 0.3713
vn -0.1024 0.8510 -0.5150
vn -0.2009 0.8510 0.4851
vn 0.2917 0.8510 0.4366
vn 0.0000 0.8510 -0.5251
vn -0.2917 0.8510 0.4366
vn 0.2009 0.8510 0.4851
vn 0.1024 0.8510 -0.5150
vn -0.3713 0.8510 0.3713
vn 0.2009 0.8510 -0.4851
vn -0.4366 0.8510 0.2917
vn 0.2917 0.8510 -0.4366
vn -0.4851 0.8510 0.2009
vn 0.8586 0.0041 -0.5127
vn 0.8506 0.0105 -0.5257
vn 0.8507 0.0104 -0.5255
vn 0.3023 0.9040 0.3023
vn 0.4474 0.7743 0.4474
vn 0.4362 0.7870 0.4362
vn -0.5169 0.1929 0.8340
vn -0.5227 0.2358 0.8193
vn -0.4983 0.0867 0.8627
vn 0.5162 0.7736 -0.3675
vn 0.5115 0.7781 -0.3646
vn 0.4766 0.8097 -0.3424
vn -0.5161 0.0058 0.8565
vn 0.5662 0.5991 0.5662
vn -0.3424 0.8097 0.4766
vn -0.3646 0.7781 0.5115
vn -0.3675 0.7736 0.5162
vn 0.1988 -0.9597 0.1988
vn 0.3018 -0.9043 0.3018
vn 0.7050 0.0773 0.7050
vn 0.7124 0.0563 0.6995
vn 0.7149 0.0489 0.6975
vn 0.6888 -0.0918 0.7192
vn 0.6793 -0.0952 0.7276
vn 0.6797 -0.0951 0.7273
vn 0.7091 -0.0132 0.7050
vn 0.7090 -0.0134 0.7051
vn 0.7170 0.0428 0.6958
vn 0.5661 0.5991 0.5661
vn 0.5662 0.5991 0.5661
vn 0.5661 0.5991 0.5662
vn 0.8627 0.0867 -0.4983
vn 0.8193 0.2358 -0.5227
vn 0.8340 0.1929 -0.5169
vn 0.8427 0.0167 -0.5382
vn -0.5047 0.4350 0.7457
vn -0.4950 0.4743 0.7280
vn -0.4339 0.6505 0.6234
vn -0.4261 0.6676 0.6105
vn 0.7280 0.4743 -0.4950
vn 0.7457 0.4350 -0.5047
vn 0.6105 0.6676 -0.4261
vn 0.6234 0.6505 -0.4339
vn 0.7192 -0.0918 0.6888
vn 0.7273 -0.0951 0.6797
vn 0.7277 -0.0952 0.6793
vn -0.4431 0.0258 0.8961
vn 0.8961 0.0258 -0.4431
vn 0.6958 0.0428 0.7170
vn 0.6995 0.0563 0.7124
vn -0.1305 -0.5974 0.7912
vn 0.7912 -0.5974 -0.1305
vn 0.6975 0.0489 0.7149
vn 0.6813 -0.0734 0.7283
vn 0.6814 -0.0731 0.7282
vn 0.7050 -0.0132 0.7091
vn 0.7051 -0.0134 0.7090
vn 0.7282 -0.0731 0.6814
vn 0.7283 -0.0734 0.6813
vn -0.5127 0.0041 -0.8586
vn -0.5257 0.0105 -0.8506
vn -0.5255 0.0104 -0.8507
vn 0.3023 0.9040 -0.3023
vn 0.4474 0.7743 -0.4474
vn 0.4362 0.7870 -0.4362
vn 0.8340 0.1929 0.5169
vn 0.8193 0.2358 0.5227
vn 0.8627 0.0867 0.4983
vn -0.3675 0.7736 -0.5162
vn -0.3646 0.7781 -0.5115
vn -0.3424 0.8097 -0.4766
vn 0.8565 0.0058 0.5161
vn 0.5662 0.5991 -0.5662
vn 0.4766 0.8097 0.3424
vn 0.5115 0.7781 0.3646
vn 0.5162 0.7736 0.3675
vn 0.1988 -0.9597 -0.1988
vn 0.3018 -0.9043 -0.3018
vn 0.7050 0.0773 -0.7050
vn 0.6995 0.0563 -0.7124
vn 0.6975 0.0489 -0.7149
vn 0.7192 -0.0918 -0.6888
vn 0.7277 -0.0952 -0.6793
vn 0.7273 -0.0951 -0.6797
vn 0.7050 -0.0132 -0.7091
vn 0.7051 -0.0134 -0.7090
vn 0.6958 0.0428 -0.7170
vn 0.5661 0.5991 -0.5661
vn -0.4983 0.0867 -0.8627
vn -0.5227 0.2357 -0.8193
vn -0.5169 0.1929 -0.8340
vn 0.5662 0.5991 -0.5661
vn -0.5382 0.0167 -0.8427
vn 0.7457 0.4350 0.5047
vn 0.7280 0.4743 0.4950
vn 0.6234 0.6505 0.4339
vn 0.6105 0.6676 0.4261
vn -0.4950 0.4743 -0.7280
vn -0.5047 0.4350 -0.7457
vn -0.4261 0.6676 -0.6105
vn -0.4339 0.6505 -0.6234
vn 0.6888 -0.0918 -0.7192
vn 0.6797 -0.0951 -0.7273
vn 0.6793 -0.0952 -0.7277
vn 0.8961 0.0258 0.4431
vn -0.4431 0.0258 -0.8961
vn 0.7170 0.0428 -0.6958
vn 0.7124 0.0563 -0.6995
vn 0.7912 -0.5974 0.1305
vn -0.1305 -0.5974 -0.7912
vn 0.7149 0.0489 -0.6975
vn 0.7283 -0.0734 -0.6813
vn 0.7282 -0.0731 -0.6814
vn 0.7091 -0.0132 -0.7050
vn 0.7090 -0.0134 -0.7051
vn 0.6814 -0.0731 -0.7282
vn 0.6813 -0.0734 -0.7283
vn -0.8586 0.0041 -0.5127
vn -0.8507 0.0104 -0.5255
vn -0.8506 0.0105 -0.5257
vn -0.3023 0.9040 0.3023
vn -0.4362 0.7870 0.4362
vn -0.4474 0.7743 0.4474
vn 0.5169 0.1929 0.8340
vn 0.4983 0.0867 0.8627
vn 0.5227 0.2358 0.8193
vn -0.5162 0.7736 -0.3675
vn -0.4766 0.8097 -0.3424
vn -0.5115 0.7781 -0.3646
vn 0.5161 0.0058 0.8565
vn -0.5662 0.5991 0.5662
vn 0.3424 0.8097 0.4766
vn 0.3675 0.7736 0.5162
vn 0.3646 0.7781 0.5115
vn -0.1988 -0.9597 0.1988
vn -0.3018 -0.9043 0.3018
vn -0.7050 0.0773 0.7050
vn -0.7149 0.0489 0.6975
vn -0.7124 0.0563 0.6995
vn -0.6888 -0.0918 0.7192
vn -0.6797 -0.0951 0.7273
vn -0.6793 -0.0952 0.7277
vn -0.7091 -0.0132 0.7050
vn -0.7170 0.0428 0.6958
vn -0.7090 -0.0134 0.7051
vn -0.5661 0.5991 0.5661
vn -0.5661 0.5991 0.5662
vn -0.5662 0.5991 0.5661
vn -0.8627 0.0867 -0.4983
vn -0.8340 0.1929 -0.5169
vn -0.8193 0.2358 -0.5227
vn -0.8427 0.0167 -0.5382
vn 0.4950 0.4743 0.7280
vn 0.5047 0.4350 0.7457
vn 0.4261 0.6676 0.6105
vn 0.4339 0.6505 0.6234
vn -0.7457 0.4350 -0.5047
vn -0.7280 0.4743 -0.4950
vn -0.6234 0.6505 -0.4339
vn -0.6105 0.6676 -0.4261
vn -0.7192 -0.0918 0.6888
vn -0.7277 -0.0952 0.6793
vn -0.7273 -0.0951 0.6797
vn 0.4431 0.0258 0.8961
vn -0.8961 0.0258 -0.4431
vn -0.6958 0.0428 0.7170
vn -0.6995 0.0563 0.7124
vn 0.1305 -0.5974 0.7912
vn -0.7912 -0.5974 -0.1305
vn -0.6975 0.0489 0.7149
vn -0.6814 -0.0731 0.7282
vn -0.6813 -0.0734 0.7283
vn -0.7050 -0.0132 0.7091
vn -0.7283 -0.0734 0.6813
vn -0.7282 -0.0731 0.6814
vn -0.7051 -0.0134 0.7090
vn 0.5127 0.0041 -0.8586
vn 0.5255 0.0104 -0.8507
vn 0.5257 0.0105 -0.8506
vn -0.3023 0.9040 -0.3023
vn -0.4362 0.7870 -0.4362
vn -0.4474 0.7743 -0.4474
vn -0.8340 0.1929 0.5169
vn -0.8627 0.0867 0.4983
vn -0.8193 0.2358 0.5227
vn 0.3675 0.7736 -0.5162
vn 0.3424 0.8097 -0.4766
vn 0.3646 0.7781 -0.5115
vn -0.8565 0.0058 0.5161
vn -0.5662 0.5991 -0.5661
vn -0.5662 0.5991 -0.5662
vn -0.4766 0.8097 0.3424
vn -0.5162 0.7736 0.3675
vn -0.5115 0.7781 0.3646
vn -0.1988 -0.9597 -0.1988
vn -0.3018 -0.9043 -0.3018
vn -0.7050 0.0773 -0.7050
vn -0.6975 0.0489 -0.7149
vn -0.6995 0.0563 -0.7124
vn -0.7192 -0.0918 -0.6888
vn -0.7273 -0.0951 -0.6797
vn -0.7277 -0.0952 -0.6793
vn -0.7050 -0.0132 -0.7091
vn -0.6958 0.0428 -0.7170
vn -0.7051 -0.0134 -0.7090
vn -0.5661 0.5991 -0.5661
vn 0.4983 0.0867 -0.8627
vn 0.5169 0.1929 -0.8340
vn 0.5227 0.2357 -0.8193
vn -0.5661 0.5991 -0.5662
vn 0.5382 0.0167 -0.8427
vn -0.7280 0.4743 0.4950
vn -0.7457 0.4350 0.5047
vn -0.6105 0.6676 0.4261
vn -0.6234 0.6505 0.4339
vn 0.5047 0.4350 -0.7457
vn 0.4950 0.4743 -0.7280
vn 0.4339 0.6505 -0.6234
vn 0.4261 0.6676 -0.6105
vn -0.6888 -0.0918 -0.7192
vn -0.6793 -0.0952 -0.7277
vn -0.6797 -0.0951 -0.7273
vn -0.8961 0.0258 0.4431
vn 0.4431 0.0258 -0.8961
vn -0.7170 0.0428 -0.6958
vn -0.7124 0.0563 -0.6995
vn -0.7912 -0.5974 0.1305
vn 0.1305 -0.5974 -0.7912
vn -0.7149 0.0489 -0.6975
vn -0.7282 -0.0731 -0.6814
vn -0.7283 -0.0734 -0.6813
vn -0.7091 -0.0132 -0.7050
vn -0.6813 -0.0734 -0.7283
vn -0.6814 -0.0731 -0.7282
vn -0.7090 -0.0134 -0.7051
vn 0.8586 -0.0041 -0.5127
vn 0.8507 -0.0104 -0.5255
vn 0.8506 -0.0105 -0.5257
vn 0.3023 -0.9040 0.3023
vn 0.3024 -0.9040 0.3023
vn 0.4362 -0.7870 0.4362
vn 0.4474 -0.7743 0.4474
vn -0.5169 -0.1929 0.8340
vn -0.4983 -0.0867 0.8627
vn -0.5227 -0.2358 0.8193
vn 0.5162 -0.7736 -0.3675
vn 0.4766 -0.8097 -0.3424
vn 0.5115 -0.7781 -0.3646
vn -0.5161 -0.0058 0.8565
vn 0.5662 -0.5991 0.5662
vn -0.3424 -0.8097 0.4766
vn -0.3675 -0.7736 0.5161
vn -0.3646 -0.7781 0.5115
vn 0.3023 -0.9040 0.3024
vn 0.1988 0.9597 0.1988
vn 0.3018 0.9043 0.3018
vn 0.7050 -0.0773 0.7050
vn 0.7149 -0.0489 0.6975
vn 0.7124 -0.0563 0.6995
vn 0.6888 0.0918 0.7192
vn 0.6797 0.0951 0.7273
vn 0.6793 0.0952 0.7277
vn 0.7091 0.0132 0.7050
vn 0.7170 -0.0428 0.6958
vn 0.7090 0.0134 0.7051
vn 0.5662 -0.5991 0.5661
vn 0.5661 -0.5991 0.5662
vn 0.8627 -0.0867 -0.4983
vn 0.8340 -0.1929 -0.5169
vn 0.8193 -0.2358 -0.5227
vn 0.8427 -0.0167 -0.5382
vn -0.4950 -0.4743 0.7280
vn -0.5047 -0.4350 0.7457
vn -0.4261 -0.6676 0.6105
vn -0.4339 -0.6505 0.6234
vn 0.7457 -0.4350 -0.5047
vn 0.7280 -0.4743 -0.4949
vn 0.6234 -0.6505 -0.4339
vn 0.6105 -0.6676 -0.4261
vn 0.7192 0.0918 0.6888
vn 0.7277 0.0952 0.6793
vn 0.7273 0.0951 0.6797
vn -0.4431 -0.0258 0.8961
vn 0.8961 -0.0258 -0.4431
vn 0.6958 -0.0428 0.7170
vn 0.6995 -0.0563 0.7124
vn -0.1305 0.5974 0.7912
vn 0.7912 0.5974 -0.1305
vn 0.6975 -0.0489 0.7149
vn 0.6814 0.0731 0.7282
vn 0.6813 0.0734 0.7283
vn 0.7050 0.0132 0.7091
vn 0.7283 0.0734 0.6813
vn 0.7282 0.0731 0.6814
vn 0.7051 0.0134 0.7090
vn -0.5127 -0.0041 -0.8586
vn -0.5255 -0.0104 -0.8507
vn -0.5257 -0.0105 -0.8506
vn 0.3023 -0.9040 -0.3023
vn 0.4362 -0.7870 -0.4362
vn 0.4474 -0.7744 -0.4474
vn 0.8340 -0.1929 0.5169
vn 0.8627 -0.0867 0.4983
vn 0.8193 -0.2358 0.5227
vn -0.3675 -0.7736 -0.5161
vn -0.3424 -0.8097 -0.4766
vn -0.3646 -0.7781 -0.5115
vn 0.8565 -0.0058 0.5161
vn 0.5662 -0.5991 -0.5662
vn 0.5661 -0.5991 -0.5662
vn 0.4766 -0.8097 0.3424
vn 0.5162 -0.7736 0.3675
vn 0.5115 -0.7781 0.3646
vn 0.1988 0.9597 -0.1988
vn 0.3018 0.9043 -0.3018
vn 0.7050 -0.0773 -0.7050
vn 0.6975 -0.0489 -0.7149
vn 0.6995 -0.0563 -0.7124
vn 0.7192 0.0918 -0.6888
vn 0.7273 0.0951 -0.6797
vn 0.7277 0.0952 -0.6793
vn 0.7050 0.0132 -0.7091
vn 0.6958 -0.0428 -0.7170
vn 0.7051 0.0134 -0.7090
vn 0.5662 -0.5991 -0.5661
vn -0.4983 -0.0867 -0.8627
vn -0.5169 -0.1929 -0.8340
vn -0.5227 -0.2357 -0.8193
vn -0.5382 -0.0167 -0.8427
vn 0.7280 -0.4743 0.4950
vn 0.7457 -0.4350 0.5047
vn 0.6105 -0.6676 0.4261
vn 0.6234 -0.6505 0.4339
vn -0.5047 -0.4350 -0.7457
vn -0.4950 -0.4743 -0.7280
vn -0.4339 -0.6505 -0.6234
vn -0.4261 -0.6676 -0.6105
vn 0.6888 0.0918 -0.7192
vn 0.6793 0.0952 -0.7277
vn 0.6797 0.0951 -0.7273
vn 0.8961 -0.0258 0.4431
vn -0.4431 -0.0258 -0.8961
vn 0.7170 -0.0428 -0.6958
vn 0.7124 -0.0563 -0.6995
vn 0.7912 0.5974 0.1305
vn -0.1305 0.5974 -0.7912
vn 0.7149 -0.0489 -0.6975
vn 0.7282 0.0731 -0.6814
vn 0.7283 0.0734 -0.6813
vn 0.7091 0.0132 -0.7050
vn 0.6813 0.0734 -0.7283
vn 0.6814 0.0731 -0.7282
vn 0.7090 0.0134 -0.7051
vn -0.8586 -0.0041 -0.5127
vn -0.8506 -0.0105 -0.5257
vn -0.8507 -0.0104 -0.5255
vn -0.3023 -0.9040 0.3023
vn -0.4474 -0.7743 0.4474
vn -0.4362 -0.7870 0.4362
vn -0.3024 -0.9040 0.3023
vn 0.5169 -0.1929 0.8340
vn 0.5227 -0.2358 0.8193
vn 0.4983 -0.0867 0.8627
vn -0.5162 -0.7736 -0.3675
vn -0.5115 -0.7781 -0.3646
vn -0.4766 -0.8097 -0.3424
vn 0.5161 -0.0058 0.8565
vn -0.5662 -0.5991 0.5662
vn 0.3424 -0.8097 0.4766
vn 0.3646 -0.7781 0.5115
vn 0.3675 -0.7736 0.5162
vn -0.3023 -0.9040 0.3024
vn -0.1988 0.9597 0.1988
vn -0.3018 0.9043 0.3018
vn -0.7050 -0.0773 0.7050
vn -0.7124 -0.0563 0.6995
vn -0.7149 -0.0489 0.6975
vn -0.6888 0.0918 0.7192
vn -0.6793 0.0952 0.7276
vn -0.6797 0.0951 0.7273
vn -0.7091 0.0132 0.7050
vn -0.7090 0.0134 0.7051
vn -0.7170 -0.0428 0.6958
vn -0.5661 -0.5991 0.5662
vn -0.8627 -0.0867 -0.4983
vn -0.8193 -0.2358 -0.5227
vn -0.8340 -0.1929 -0.5169
vn -0.5662 -0.5991 0.5661
vn -0.8427 -0.0167 -0.5382
vn 0.5047 -0.4350 0.7457
vn 0.4950 -0.4743 0.7280
vn 0.4339 -0.6505 0.6234
vn 0.4261 -0.6676 0.6105
vn -0.7280 -0.4743 -0.4949
vn -0.7457 -0.4350 -0.5047
vn -0.6105 -0.6676 -0.4261
vn -0.6234 -0.6505 -0.4338
vn -0.7192 0.0918 0.6888
vn -0.7273 0.0951 0.6797
vn -0.7277 0.0952 0.6793
vn 0.4431 -0.0258 0.8961
vn -0.8961 -0.0258 -0.4431
vn -0.6958 -0.0428 0.7170
vn -0.6995 -0.0563 0.7124
vn 0.1305 0.5974 0.7912
vn -0.7912 0.5974 -0.1305
vn -0.6975 -0.0489 0.7149
vn -0.6813 0.0734 0.7283
vn -0.6814 0.0731 0.7282
vn -0.7050 0.0132 0.7091
vn -0.7051 0.0134 0.7090
vn -0.7282 0.0731 0.6814
vn -0.7283 0.0734 0.6813
vn 0.5127 -0.0041 -0.8586
vn 0.5257 -0.0105 -0.8506
vn 0.5255 -0.0104 -0.8507
vn -0.3023 -0.9040 -0.3023
vn -0.4474 -0.7744 -0.4474
vn -0.4362 -0.7870 -0.4362
vn -0.8340 -0.1929 0.5169
vn -0.8193 -0.2358 0.5227
vn -0.8627 -0.0867 0.4983
vn 0.3675 -0.7736 -0.5162
vn 0.3646 -0.7781 -0.5115
vn 0.3424 -0.8097 -0.4766
vn -0.8565 -0.0058 0.5161
vn -0.5662 -0.5991 -0.5662
vn -0.5661 -0.5991 -0.5662
vn -0.4766 -0.8097 0.3424
vn -0.5115 -0.7781 0.3646
vn -0.5162 -0.7736 0.3675
vn -0.1988 0.9597 -0.1988
vn -0.3018 0.9043 -0.3018
vn -0.7050 -0.0773 -0.7050
vn -0.6995 -0.0563 -0.7124
vn -0.6975 -0.0489 -0.7149
vn -0.7192 0.0918 -0.6888
vn -0.7277 0.0952 -0.6793
vn -0.7273 0.0951 -0.6797
vn -0.7050 0.0132 -0.7091
vn -0.7051 0.0134 -0.7090
vn -0.6958 -0.0428 -0.7170
vn -0.5662 -0.5991 -0.5661
vn 0.4983 -0.0867 -0.8627
vn 0.5227 -0.2357 -0.8193
vn 0.5169 -0.1929 -0.8340
vn 0.5382 -0.0167 -0.8427
vn -0.7457 -0.4350 0.5047
vn -0.7280 -0.4743 0.4950
vn -0.6234 -0.6505 0.4339
vn -0.6105 -0.6676 0.4261
vn 0.4950 -0.4743 -0.7280
vn 0.5047 -0.4350 -0.7457
vn 0.4261 -0.6676 -0.6105
vn 0.4339 -0.6505 -0.6234
vn -0.6888 0.0918 -0.7192
vn -0.6797 0.0951 -0.7273
vn -0.6793 0.0952 -0.7277
vn -0.8961 -0.0258 0.4431
vn 0.4431 -0.0258 -0.8961
vn -0.7170 -0.0428 -0.6958
vn -0.7124 -0.0563 -0.6995
vn -0.7912 0.5974 0.1305
vn 0.1305 0.5974 -0.7912
vn -0.7149 -0.0489 -0.6975
vn -0.7283 0.0734 -0.6813
vn -0.7282 0.0731 -0.6814
vn -0.7091 0.0132 -0.7050
vn -0.7090 0.0134 -0.7051
vn -0.6814 0.0731 -0.7282
vn -0.6813 0.0734 -0.7283
vn -0.8118 0.0000 0.5840
vn -0.8124 0.0000 0.5831
vn -0.6890 0.0000 0.7248
vn -0.6886 0.0000 0.7251
vn -0.5339 0.0000 0.8455
vn -0.5341 0.0000 0.8454
vn -0.3646 0.0000 0.9312
vn -0.3628 0.0000 0.9319
vn -0.1884 0.0000 0.9821
vn -0.1877 0.0000 0.9822
vn 0.0059 0.0000 1.0000
vn 0.0057 0.0000 1.0000
vn 0.8276 0.0000 0.5613
vn 0.8270 0.0000 0.5622
vn 0.7077 0.0000 0.7066
vn 0.7080 0.0000 0.7062
vn 0.5564 0.0000 0.8309
vn 0.5562 0.0000 0.8310
vn 0.3875 0.0000 0.9219
vn 0.3892 0.0000 0.9211
vn 0.2062 0.0000 0.9785
vn 0.2071 0.0000 0.9783
vn 0.8118 0.0000 -0.5840
vn 0.8124 0.0000 -0.5831
vn 0.6890 0.0000 -0.7248
vn 0.6886 0.0000 -0.7251
vn 0.5339 0.0000 -0.8455
vn 0.5341 0.0000 -0.8454
vn 0.3646 0.0000 -0.9312
vn 0.3628 0.0000 -0.9319
vn 0.1890 -0.0000 -0.9820
vn 0.1883 -0.0000 -0.9821
vn -0.0058 -0.0001 -1.0000
vn -0.0056 -0.0001 -1.0000
vn -0.8276 0.0000 -0.5613
vn -0.8270 0.0000 -0.5622
vn -0.7077 0.0000 -0.7066
vn -0.7080 0.0000 -0.7062
vn -0.5564 0.0000 -0.8309
vn -0.5562 0.0000 -0.8310
vn -0.3875 0.0000 -0.9219
vn -0.3892 0.0000 -0.9211
vn -0.2067 -0.0000 -0.9784
vn -0.2076 -0.0000 -0.9782
vn -0.6419 0.7038 0.3043
vn -0.2675 0.7720 0.5765
vn -0.3694 0.4842 0.7932
vn -0.7427 0.3834 0.5490
vn -0.4510 -0.4064 -0.7946
vn -0.7906 -0.2233 -0.5701
vn -0.7981 -0.2731 -0.5371
vn -0.4591 -0.3339 -0.8233
vn -0.9113 0.1737 -0.3733
vn -0.8714 0.4888 -0.0405
vn -0.9597 0.2119 0.1847
vn -0.9756 -0.0024 -0.2194
vn 0.9086 -0.2420 0.3403
vn 0.8396 -0.5418 0.0400
vn 0.9454 -0.2698 -0.1831
vn 0.9816 -0.0465 0.1855
vn -0.4771 -0.4917 -0.7284
vn -0.7665 -0.1764 -0.6176
vn 0.5437 0.4336 0.7186
vn 0.8068 0.1053 0.5813
vn 0.8304 0.1864 0.5250
vn 0.5114 0.3790 0.7712
vn 0.2835 -0.8005 -0.5281
vn -0.1040 -0.7129 -0.6935
vn -0.0306 -0.5148 -0.8568
vn 0.3895 -0.5270 -0.7554
vn 0.1608 0.6744 0.7206
vn 0.0816 0.4861 0.8701
vn 0.6175 -0.7397 -0.2675
vn 0.7349 -0.4402 -0.5159
vn 0.8257 0.2605 0.5003
vn 0.9848 0.1369 0.1071
vn 0.9708 0.2272 0.0776
vn 0.8182 0.2946 0.4937
vn 0.5009 0.3278 0.8010
vn -0.9769 -0.1641 -0.1365
vn -0.9553 -0.0264 0.2945
vn 0.9535 -0.0135 -0.3010
vn -0.7384 0.1180 0.6639
vn 0.7432 -0.1592 -0.6499
vn 0.3934 -0.2727 -0.8780
vn -0.3714 0.2437 0.8959
vn -0.0336 -0.3342 -0.9419
vn 0.0722 0.3212 0.9443
vn -0.9310 -0.1176 0.3457
vn -0.9711 -0.2232 -0.0844
vn 0.9298 0.1159 -0.3492
vn -0.7096 0.0118 0.7045
vn 0.7089 -0.0153 -0.7052
vn 0.3511 -0.1418 -0.9255
vn -0.3507 0.1417 0.9257
vn -0.0781 -0.2403 -0.9676
vn 0.0800 0.2463 0.9659
vn -0.4964 -0.2917 -0.8176
vn 0.4990 0.3018 0.8124
vn -0.8168 -0.2855 -0.5014
vn -0.2659 -0.8378 -0.4768
vn -0.5455 -0.5465 -0.6354
vn 0.3142 0.7988 0.5130
vn 0.5923 0.4721 0.6529
vn -0.7261 -0.1459 -0.6719
vn 0.7458 0.0581 0.6636
vn -0.7668 0.2919 -0.5717
vn 0.7534 -0.3613 0.5494
vn -0.6482 0.6774 -0.3479
vn 0.6201 -0.7097 0.3343
vn -0.3859 0.9214 -0.0459
vn 0.3738 -0.9257 0.0579
vn 0.0598 -0.9713 -0.2300
vn -0.0373 0.9638 0.2642
vn -0.2300 -0.9713 0.0598
vn -0.4768 -0.8378 -0.2659
vn -0.0459 0.9214 -0.3859
vn 0.2642 0.9638 -0.0373
vn 0.0579 -0.9257 0.3738
vn 0.3343 -0.7097 0.6201
vn -0.3479 0.6774 -0.6482
vn 0.5494 -0.3613 0.7534
vn -0.5717 0.2919 -0.7668
vn 0.6636 0.0581 0.7458
vn -0.6719 -0.1459 -0.7261
vn 0.6529 0.4721 0.5923
vn -0.6354 -0.5465 -0.5455
vn 0.5130 0.7988 0.3142
vn 0.3043 0.7038 -0.6419
vn 0.5490 0.3834 -0.7427
vn 0.7931 0.4842 -0.3694
vn 0.5765 0.7720 -0.2675
vn -0.7946 -0.4064 -0.4510
vn -0.8233 -0.3339 -0.4591
vn -0.5371 -0.2731 -0.7981
vn -0.5701 -0.2233 -0.7906
vn -0.3733 0.1737 -0.9113
vn -0.2194 -0.0024 -0.9756
vn 0.1847 0.2119 -0.9597
vn -0.0405 0.4888 -0.8714
vn 0.3403 -0.2420 0.9086
vn 0.1855 -0.0465 0.9816
vn -0.1831 -0.2698 0.9454
vn 0.0400 -0.5418 0.8396
vn -0.7284 -0.4917 -0.4771
vn -0.6176 -0.1764 -0.7665
vn 0.7186 0.4336 0.5437
vn 0.7712 0.3790 0.5114
vn 0.5250 0.1864 0.8304
vn 0.5813 0.1053 0.8068
vn -0.5281 -0.8005 0.2835
vn -0.7554 -0.5270 0.3895
vn -0.8568 -0.5148 -0.0306
vn -0.6935 -0.7129 -0.1040
vn 0.8701 0.4861 0.0816
vn 0.7206 0.6744 0.1608
vn -0.5159 -0.4402 0.7349
vn -0.2675 -0.7397 0.6175
vn 0.5003 0.2605 0.8257
vn 0.4937 0.2946 0.8182
vn 0.0776 0.2272 0.9708
vn 0.1071 0.1369 0.9848
vn 0.8010 0.3278 0.5009
vn -0.1365 -0.1641 -0.9769
vn 0.2945 -0.0264 -0.9553
vn -0.3010 -0.0135 0.9535
vn 0.6639 0.1180 -0.7384
vn -0.6499 -0.1592 0.7432
vn -0.8780 -0.2727 0.3934
vn 0.8959 0.2437 -0.3714
vn -0.9419 -0.3342 -0.0336
vn 0.9442 0.3212 0.0722
vn -0.0844 -0.2232 -0.9711
vn 0.3457 -0.1176 -0.9310
vn -0.3492 0.1159 0.9298
vn 0.7045 0.0118 -0.7096
vn -0.7052 -0.0153 0.7089
vn -0.9255 -0.1418 0.3511
vn 0.9257 0.1417 -0.3507
vn -0.9676 -0.2403 -0.0781
vn 0.9659 0.2463 0.0800
vn -0.8176 -0.2917 -0.4964
vn 0.8124 0.3018 0.4990
vn -0.5014 -0.2855 -0.8168
vn -0.3682 0.1329 0.9202
vn -0.7222 0.0057 0.6916
vn 0.3635 -0.1087 -0.9252
vn 0.7180 0.0195 -0.6958
vn 0.0599 0.2371 0.9696
vn -0.0657 -0.2142 -0.9746
vn 0.4793 0.2975 0.8257
vn -0.4859 -0.2752 -0.8295
vn 0.8033 0.3008 0.5140
vn -0.8098 -0.2780 -0.5167
vn 0.9641 0.2463 0.0997
vn -0.9697 -0.2222 -0.1019
vn 0.9321 0.1458 -0.3315
vn -0.9367 -0.1206 0.3286
vn -0.3315 0.1458 0.9321
vn -0.6958 0.0195 0.7180
vn 0.6916 0.0057 -0.7222
vn 0.9202 0.1329 -0.3682
vn -0.9252 -0.1087 0.3635
vn 0.9696 0.2371 0.0599
vn -0.9746 -0.2142 -0.0657
vn 0.8257 0.2975 0.4793
vn -0.8295 -0.2752 -0.4859
vn 0.5141 0.3008 0.8033
vn -0.5167 -0.2780 -0.8098
vn 0.0997 0.2463 0.9641
vn -0.1019 -0.2222 -0.9697
vn 0.3286 -0.1207 -0.9367
vn 0.3043 0.7038 0.6419
vn 0.5765 0.7720 0.2675
vn 0.7932 0.4842 0.3694
vn 0.5490 0.3834 0.7427
vn -0.7946 -0.4064 0.4510
vn -0.5701 -0.2233 0.7906
vn -0.5371 -0.2731 0.7981
vn -0.8233 -0.3339 0.4591
vn -0.3733 0.1737 0.9113
vn -0.0406 0.4888 0.8714
vn 0.1847 0.2119 0.9597
vn -0.2194 -0.0024 0.9756
vn 0.3403 -0.2420 -0.9086
vn 0.0400 -0.5418 -0.8396
vn -0.1830 -0.2698 -0.9454
vn 0.1855 -0.0465 -0.9816
vn -0.7284 -0.4917 0.4771
vn -0.6176 -0.1764 0.7665
vn 0.7186 0.4336 -0.5437
vn 0.5813 0.1053 -0.8068
vn 0.5250 0.1864 -0.8304
vn 0.7712 0.3790 -0.5115
vn -0.5281 -0.8005 -0.2835
vn -0.6935 -0.7129 0.1040
vn -0.8568 -0.5148 0.0306
vn -0.7554 -0.5270 -0.3895
vn 0.7206 0.6744 -0.1608
vn 0.8701 0.4861 -0.0816
vn -0.2675 -0.7397 -0.6175
vn -0.5159 -0.4402 -0.7349
vn 0.5003 0.2605 -0.8257
vn 0.1071 0.1369 -0.9848
vn 0.0776 0.2272 -0.9708
vn 0.4937 0.2946 -0.8182
vn 0.8010 0.3278 -0.5009
vn -0.1365 -0.1641 0.9769
vn 0.2945 -0.0264 0.9553
vn -0.3010 -0.0135 -0.9535
vn 0.6639 0.1180 0.7384
vn -0.6499 -0.1592 -0.7432
vn -0.8780 -0.2727 -0.3934
vn 0.8959 0.2437 0.3714
vn -0.9419 -0.3342 0.0336
vn 0.9442 0.3212 -0.0722
vn 0.3457 -0.1176 0.9310
vn -0.0844 -0.2232 0.9711
vn -0.3492 0.1159 -0.9298
vn 0.7045 0.0118 0.7096
vn -0.7052 -0.0153 -0.7089
vn -0.9255 -0.1418 -0.3511
vn 0.9257 0.1417 0.3507
vn -0.9676 -0.2403 0.0781
vn 0.9659 0.2463 -0.0800
vn -0.8176 -0.2917 0.4964
vn 0.8124 0.3018 -0.4990
vn -0.5014 -0.2855 0.8168
vn -0.4768 -0.8378 0.2659
vn -0.6354 -0.5465 0.5455
vn 0.5130 0.7988 -0.3142
vn 0.6529 0.4721 -0.5923
vn -0.6719 -0.1459 0.7261
vn 0.6636 0.0581 -0.7458
vn -0.5717 0.2919 0.7668
vn 0.5494 -0.3613 -0.7534
vn -0.3479 0.6774 0.6482
vn 0.3343 -0.7097 -0.6201
vn -0.0459 0.9214 0.3859
vn 0.0579 -0.9257 -0.3738
vn -0.2300 -0.9713 -0.0598
vn 0.2642 0.9638 0.0373
vn 0.0598 -0.9713 0.2300
vn -0.2659 -0.8379 0.4768
vn -0.3859 0.9214 0.0459
vn -0.0373 0.9638 -0.2642
vn 0.3738 -0.9257 -0.0579
vn 0.6201 -0.7097 -0.3343
vn -0.6482 0.6774 0.3479
vn 0.7534 -0.3613 -0.5494
vn -0.7668 0.2919 0.5717
vn 0.7458 0.0581 -0.6636
vn -0.7261 -0.1459 0.6719
vn 0.5923 0.4721 -0.6529
vn -0.5455 -0.5465 0.6354
vn 0.3142 0.7988 -0.5130
vn -0.6419 0.7038 -0.3043
vn -0.7427 0.3834 -0.5490
vn -0.3694 0.4842 -0.7932
vn -0.2675 0.7720 -0.5765
vn -0.4510 -0.4064 0.7946
vn -0.4591 -0.3339 0.8233
vn -0.7981 -0.2731 0.5371
vn -0.7906 -0.2233 0.5701
vn -0.9113 0.1737 0.3733
vn -0.9756 -0.0024 0.2194
vn -0.9597 0.2119 -0.1847
vn -0.8714 0.4888 0.0406
vn 0.9086 -0.2420 -0.3403
vn 0.9816 -0.0465 -0.1855
vn 0.9454 -0.2698 0.1831
vn 0.8396 -0.5418 -0.0400
vn -0.4771 -0.4917 0.7284
vn -0.7665 -0.1764 0.6176
vn 0.5437 0.4336 -0.7186
vn 0.5114 0.3790 -0.7712
vn 0.8304 0.1864 -0.5250
vn 0.8068 0.1053 -0.5813
vn 0.2835 -0.8005 0.5281
vn 0.3895 -0.5270 0.7554
vn -0.0306 -0.5148 0.8568
vn -0.1040 -0.7129 0.6935
vn 0.0816 0.4861 -0.8701
vn 0.1608 0.6744 -0.7206
vn 0.7349 -0.4402 0.5159
vn 0.6175 -0.7397 0.2675
vn 0.8257 0.2605 -0.5003
vn 0.8182 0.2946 -0.4937
vn 0.9708 0.2272 -0.0776
vn 0.9848 0.1369 -0.1071
vn 0.5009 0.3278 -0.8010
vn -0.9769 -0.1641 0.1365
vn -0.9553 -0.0264 -0.2945
vn 0.9535 -0.0135 0.3010
vn -0.7384 0.1180 -0.6639
vn 0.7432 -0.1592 0.6499
vn 0.3934 -0.2727 0.8780
vn -0.3714 0.2437 -0.8959
vn -0.0336 -0.3342 0.9419
vn 0.0722 0.3212 -0.9443
vn -0.9711 -0.2232 0.0844
vn -0.9310 -0.1176 -0.3457
vn 0.9298 0.1159 0.3492
vn -0.7096 0.0118 -0.7045
vn 0.7089 -0.0153 0.7052
vn 0.3511 -0.1418 0.9255
vn -0.3507 0.1417 -0.9257
vn -0.0781 -0.2403 0.9676
vn 0.0800 0.2463 -0.9659
vn -0.4964 -0.2917 0.8176
vn 0.4990 0.3018 -0.8124
vn -0.8168 -0.2855 0.5014
vn 0.9202 0.1329 0.3682
vn 0.6916 0.0057 0.7222
vn -0.9252 -0.1087 -0.3635
vn -0.6958 0.0195 -0.7180
vn 0.9696 0.2371 -0.0599
vn -0.9746 -0.2142 0.0657
vn 0.8257 0.2975 -0.4793
vn -0.8295 -0.2752 0.4859
vn 0.5141 0.3008 -0.8033
vn -0.5167 -0.2780 0.8098
vn 0.0997 0.2463 -0.9641
vn -0.1019 -0.2222 0.9697
vn -0.3315 0.1458 -0.9321
vn 0.3286 -0.1207 0.9367
vn 0.9321 0.1458 0.3315
vn 0.7180 0.0195 0.6958
vn -0.7222 0.0057 -0.6916
vn -0.3683 0.1329 -0.9202
vn 0.3635 -0.1087 0.9252
vn 0.0599 0.2371 -0.9696
vn -0.0657 -0.2142 0.9746
vn 0.4793 0.2975 -0.8257
vn -0.4859 -0.2752 0.8295
vn 0.8033 0.3008 -0.5140
vn -0.8098 -0.2780 0.5167
vn 0.9641 0.2463 -0.0997
vn -0.9697 -0.2222 0.1019
vn -0.9367 -0.1206 -0.3286
vn 0.6419 0.7038 0.3043
vn 0.7427 0.3834 0.5490
vn 0.3694 0.4842 0.7932
vn 0.2675 0.7720 0.5765
vn 0.4510 -0.4064 -0.7946
vn 0.4591 -0.3339 -0.8233
vn 0.7981 -0.2731 -0.5371
vn 0.7906 -0.2233 -0.5701
vn 0.9113 0.1737 -0.3733
vn 0.9756 -0.0024 -0.2194
vn 0.9597 0.2119 0.1847
vn 0.8714 0.4888 -0.0405
vn -0.9086 -0.2420 0.3403
vn -0.9816 -0.0465 0.1855
vn -0.9454 -0.2698 -0.1831
vn -0.8396 -0.5418 0.0400
vn 0.4771 -0.4917 -0.7284
vn 0.7665 -0.1764 -0.6176
vn -0.5437 0.4336 0.7186
vn -0.5114 0.3790 0.7712
vn -0.8304 0.1864 0.5250
vn -0.8068 0.1053 0.5813
vn -0.2835 -0.8005 -0.5281
vn -0.3895 -0.5270 -0.7554
vn 0.0306 -0.5148 -0.8568
vn 0.1040 -0.7129 -0.6935
vn -0.0816 0.4861 0.8701
vn -0.1608 0.6744 0.7206
vn -0.7349 -0.4402 -0.5159
vn -0.6175 -0.7397 -0.2675
vn -0.8257 0.2605 0.5003
vn -0.8182 0.2946 0.4937
vn -0.9708 0.2272 0.0776
vn -0.9848 0.1369 0.1071
vn -0.5009 0.3278 0.8010
vn 0.9769 -0.1641 -0.1365
vn 0.9553 -0.0264 0.2945
vn -0.9535 -0.0135 -0.3010
vn 0.7384 0.1180 0.6639
vn -0.7432 -0.1592 -0.6499
vn -0.3934 -0.2727 -0.8780
vn 0.3714 0.2437 0.8959
vn 0.0336 -0.3342 -0.9419
vn -0.0722 0.3212 0.9443
vn 0.9711 -0.2232 -0.0844
vn 0.9310 -0.1176 0.3457
vn -0.9298 0.1159 -0.3492
vn 0.7096 0.0118 0.7045
vn -0.7089 -0.0153 -0.7052
vn -0.3511 -0.1418 -0.9255
vn 0.3507 0.1417 0.9257
vn 0.0781 -0.2403 -0.9676
vn -0.0800 0.2463 0.9659
vn 0.4964 -0.2917 -0.8176
vn -0.4990 0.3018 0.8124
vn 0.8168 -0.2855 -0.5014
vn 0.5455 -0.5465 -0.6354
vn 0.2659 -0.8378 -0.4768
vn -0.5923 0.4721 0.6529
vn -0.3142 0.7988 0.5130
vn 0.7261 -0.1459 -0.6719
vn -0.7458 0.0581 0.6636
vn 0.7668 0.2919 -0.5717
vn -0.7534 -0.3613 0.5494
vn 0.6482 0.6774 -0.3479
vn -0.6201 -0.7097 0.3343
vn 0.3859 0.9214 -0.0459
vn -0.3738 -0.9257 0.0579
vn -0.0598 -0.9713 -0.2300
vn 0.0373 0.9638 0.2642
vn 0.4768 -0.8378 -0.2659
vn 0.2300 -0.9713 0.0598
vn -0.2642 0.9638 -0.0373
vn 0.0459 0.9214 -0.3859
vn -0.0579 -0.9257 0.3738
vn -0.3343 -0.7097 0.6201
vn 0.3479 0.6774 -0.6482
vn -0.5494 -0.3613 0.7534
vn 0.5717 0.2919 -0.7668
vn -0.6636 0.0581 0.7458
vn 0.6719 -0.1459 -0.7261
vn -0.6529 0.4721 0.5923
vn 0.6354 -0.5465 -0.5455
vn -0.5130 0.7988 0.3142
vn -0.3043 0.7038 -0.6419
vn -0.5765 0.7720 -0.2675
vn -0.7932 0.4842 -0.3694
vn -0.5490 0.3834 -0.7427
vn 0.7946 -0.4064 -0.4510
vn 0.5701 -0.2233 -0.7906
vn 0.5371 -0.2731 -0.7981
vn 0.8233 -0.3339 -0.4591
vn 0.3733 0.1737 -0.9113
vn 0.0405 0.4888 -0.8714
vn -0.1847 0.2119 -0.9597
vn 0.2194 -0.0024 -0.9756
vn -0.3403 -0.2420 0.9086
vn -0.0400 -0.5418 0.8396
vn 0.1831 -0.2698 0.9454
vn -0.1855 -0.0465 0.9816
vn 0.7284 -0.4917 -0.4771
vn 0.6176 -0.1764 -0.7665
vn -0.7186 0.4336 0.5437
vn -0.5813 0.1053 0.8068
vn -0.5250 0.1864 0.8304
vn -0.7712 0.3790 0.5114
vn 0.5281 -0.8005 0.2835
vn 0.6935 -0.7129 -0.1040
vn 0.8568 -0.5148 -0.0306
vn 0.7554 -0.5270 0.3895
vn -0.7206 0.6744 0.1608
vn -0.8701 0.4861 0.0816
vn 0.2675 -0.7397 0.6175
vn 0.5159 -0.4402 0.7349
vn -0.5003 0.2605 0.8257
vn -0.1071 0.1369 0.9848
vn -0.0776 0.2272 0.9708
vn -0.4937 0.2946 0.8182
vn -0.8010 0.3278 0.5009
vn 0.1365 -0.1641 -0.9769
vn -0.2945 -0.0264 -0.9553
vn 0.3010 -0.0135 0.9535
vn -0.6639 0.1180 -0.7384
vn 0.6499 -0.1592 0.7432
vn 0.8780 -0.2727 0.3934
vn -0.8959 0.2437 -0.3714
vn 0.9419 -0.3342 -0.0336
vn -0.9442 0.3212 0.0722
vn -0.3457 -0.1176 -0.9310
vn 0.0844 -0.2232 -0.9711
vn 0.3492 0.1159 0.9298
vn -0.7045 0.0118 -0.7096
vn 0.7052 -0.0153 0.7089
vn 0.9255 -0.1418 0.3511
vn -0.9257 0.1417 -0.3507
vn 0.9676 -0.2403 -0.0781
vn -0.9659 0.2463 0.0800
vn 0.8176 -0.2917 -0.4964
vn -0.8124 0.3018 0.4990
vn 0.5014 -0.2855 -0.8168
vn 0.7222 0.0057 0.6916
vn 0.3683 0.1329 0.9202
vn -0.7180 0.0195 -0.6958
vn -0.3635 -0.1087 -0.9252
vn -0.0599 0.2371 0.9696
vn 0.0657 -0.2142 -0.9746
vn -0.4793 0.2975 0.8257
vn 0.4859 -0.2752 -0.8295
vn -0.8033 0.3008 0.5140
vn 0.8098 -0.2780 -0.5167
vn -0.9641 0.2463 0.0997
vn 0.9697 -0.2222 -0.1019
vn -0.9321 0.1458 -0.3315
vn 0.9367 -0.1206 0.3286
vn 0.6958 0.0195 0.7180
vn 0.3315 0.1458 0.9321
vn -0.9202 0.1329 -0.3682
vn -0.6916 0.0057 -0.7222
vn 0.9252 -0.1087 0.3635
vn -0.9696 0.2371 0.0599
vn 0.9746 -0.2142 -0.0657
vn -0.8257 0.2975 0.4793
vn 0.8295 -0.2752 -0.4859
vn -0.5141 0.3008 0.8033
vn 0.5167 -0.2780 -0.8098
vn -0.0997 0.2463 0.9641
vn 0.1019 -0.2222 -0.9697
vn -0.3286 -0.1207 -0.9367
vn -0.3043 0.7038 0.6419
vn -0.5490 0.3834 0.7427
vn -0.7932 0.4842 0.3694
vn -0.5765 0.7720 0.2675
vn 0.7946 -0.4064 0.4510
vn 0.8233 -0.3339 0.4591
vn 0.5371 -0.2731 0.7981
vn 0.5701 -0.2233 0.7906
vn 0.3733 0.1737 0.9113
vn 0.2194 -0.0024 0.9756
vn -0.1847 0.2119 0.9597
vn 0.0406 0.4888 0.8714
vn -0.3403 -0.2420 -0.9086
vn -0.1855 -0.0465 -0.9816
vn 0.1830 -0.2698 -0.9454
vn -0.0400 -0.5418 -0.8396
vn 0.7284 -0.4917 0.4771
vn 0.6176 -0.1764 0.7665
vn -0.7186 0.4336 -0.5437
vn -0.7712 0.3790 -0.5115
vn -0.5250 0.1864 -0.8304
vn -0.5813 0.1053 -0.8068
vn 0.5281 -0.8005 -0.2835
vn 0.7554 -0.5270 -0.3895
vn 0.8568 -0.5148 0.0306
vn 0.6935 -0.7129 0.1040
vn -0.8701 0.4861 -0.0816
vn -0.7206 0.6744 -0.1608
vn 0.5159 -0.4402 -0.7349
vn 0.2675 -0.7397 -0.6175
vn -0.5003 0.2605 -0.8257
vn -0.4937 0.2946 -0.8182
vn -0.0776 0.2272 -0.9708
vn -0.1071 0.1369 -0.9848
vn -0.8010 0.3278 -0.5009
vn 0.1365 -0.1641 0.9769
vn -0.2945 -0.0264 0.9553
vn 0.3010 -0.0135 -0.9535
vn -0.6639 0.1180 0.7384
vn 0.6499 -0.1592 -0.7432
vn 0.8780 -0.2727 -0.3934
vn -0.8959 0.2437 0.3714
vn 0.9419 -0.3342 0.0336
vn -0.9442 0.3212 -0.0722
vn 0.0844 -0.2232 0.9711
vn -0.3457 -0.1176 0.9310
vn 0.3492 0.1159 -0.9298
vn -0.7045 0.0118 0.7096
vn 0.7052 -0.0153 -0.7089
vn 0.9255 -0.1418 -0.3511
vn -0.9257 0.1417 0.3507
vn 0.9676 -0.2403 0.0781
vn -0.9659 0.2463 -0.0800
vn 0.8176 -0.2917 0.4964
vn -0.8124 0.3018 -0.4990
vn 0.5014 -0.2855 0.8168
vn 0.6354 -0.5465 0.5455
vn 0.4768 -0.8378 0.2659
vn -0.6529 0.4721 -0.5923
vn -0.5130 0.7988 -0.3142
vn 0.6719 -0.1459 0.7261
vn -0.6636 0.0581 -0.7458
vn 0.5717 0.2919 0.7668
vn -0.5494 -0.3613 -0.7534
vn 0.3479 0.6774 0.6482
vn -0.3343 -0.7097 -0.6201
vn 0.0459 0.9214 0.3859
vn -0.0579 -0.9257 -0.3738
vn 0.2300 -0.9713 -0.0598
vn -0.2642 0.9638 0.0373
vn 0.2659 -0.8379 0.4768
vn -0.0598 -0.9713 0.2300
vn 0.0373 0.9638 -0.2642
vn 0.3859 0.9214 0.0459
vn -0.3738 -0.9257 -0.0579
vn -0.6201 -0.7097 -0.3343
vn 0.6482 0.6774 0.3479
vn -0.7534 -0.3613 -0.5494
vn 0.7668 0.2919 0.5717
vn -0.7458 0.0581 -0.6636
vn 0.7261 -0.1459 0.6719
vn -0.5923 0.4721 -0.6529
vn 0.5455 -0.5465 0.6354
vn -0.3142 0.7988 -0.5130
vn 0.6419 0.7038 -0.3043
vn 0.2675 0.7720 -0.5765
vn 0.3694 0.4842 -0.7932
vn 0.7427 0.3834 -0.5490
vn 0.4510 -0.4064 0.7946
vn 0.7906 -0.2233 0.5701
vn 0.7981 -0.2731 0.5371
vn 0.4591 -0.3339 0.8233
vn 0.9113 0.1737 0.3733
vn 0.8714 0.4888 0.0406
vn 0.9597 0.2119 -0.1847
vn 0.9756 -0.0024 0.2194
vn -0.9086 -0.2420 -0.3403
vn -0.8396 -0.5418 -0.0400
vn -0.9454 -0.2698 0.1830
vn -0.9816 -0.0465 -0.1855
vn 0.4771 -0.4917 0.7284
vn 0.7665 -0.1764 0.6176
vn -0.5437 0.4336 -0.7186
vn -0.8068 0.1053 -0.5813
vn -0.8304 0.1864 -0.5250
vn -0.5114 0.3790 -0.7712
vn -0.2835 -0.8005 0.5281
vn 0.1040 -0.7129 0.6935
vn 0.0306 -0.5148 0.8568
vn -0.3895 -0.5270 0.7554
vn -0.1608 0.6744 -0.7206
vn -0.0816 0.4861 -0.8701
vn -0.6175 -0.7397 0.2675
vn -0.7349 -0.4402 0.5159
vn -0.8257 0.2605 -0.5003
vn -0.9848 0.1369 -0.1071
vn -0.9708 0.2272 -0.0776
vn -0.8182 0.2946 -0.4937
vn -0.5009 0.3278 -0.8010
vn 0.9769 -0.1641 0.1365
vn 0.9553 -0.0264 -0.2945
vn -0.9535 -0.0135 0.3010
vn 0.7384 0.1180 -0.6639
vn -0.7432 -0.1592 0.6499
vn -0.3934 -0.2727 0.8780
vn 0.3714 0.2437 -0.8959
vn 0.0336 -0.3342 0.9419
vn -0.0722 0.3212 -0.9443
vn 0.9310 -0.1176 -0.3457
vn 0.9711 -0.2232 0.0844
vn -0.9298 0.1159 0.3492
vn 0.7096 0.0118 -0.7045
vn -0.7089 -0.0153 0.7052
vn -0.3511 -0.1418 0.9255
vn 0.3507 0.1417 -0.9257
vn 0.0781 -0.2403 0.9676
vn -0.0800 0.2463 -0.9659
vn 0.4964 -0.2917 0.8176
vn -0.4990 0.3018 -0.8124
vn 0.8168 -0.2855 0.5014
vn -0.6916 0.0057 0.7222
vn -0.9202 0.1329 0.3682
vn 0.6958 0.0195 -0.7180
vn 0.9252 -0.1087 -0.3635
vn -0.9696 0.2371 -0.0599
vn 0.9746 -0.2142 0.0657
vn -0.8257 0.2975 -0.4793
vn 0.8295 -0.2752 0.4859
vn -0.5141 0.3008 -0.8033
vn 0.5167 -0.2780 0.8098
vn -0.0997 0.2463 -0.9641
vn 0.1019 -0.2222 0.9697
vn 0.3315 0.1458 -0.9321
vn -0.3286 -0.1206 0.9367
vn -0.7180 0.0195 0.6958
vn -0.9321 0.1458 0.3315
vn 0.3683 0.1329 -0.9202
vn 0.7222 0.0057 -0.6916
vn -0.3635 -0.1087 0.9252
vn -0.0599 0.2371 -0.9696
vn 0.0657 -0.2142 0.9746
vn -0.4793 0.2975 -0.8257
vn 0.4859 -0.2752 0.8295
vn -0.8033 0.3008 -0.5140
vn 0.8098 -0.2780 0.5167
vn -0.9641 0.2463 -0.0997
vn 0.9697 -0.2222 0.1019
vn 0.9367 -0.1206 -0.3286
vn -0.6419 -0.7038 0.3044
vn -0.7427 -0.3834 0.5490
vn -0.3694 -0.4842 0.7932
vn -0.2675 -0.7720 0.5765
vn -0.4510 0.4064 -0.7946
vn -0.4591 0.3339 -0.8233
vn -0.7981 0.2731 -0.5371
vn -0.7906 0.2233 -0.5701
vn -0.9113 -0.1737 -0.3733
vn -0.9756 0.0024 -0.2194
vn -0.9597 -0.2119 0.1847
vn -0.8714 -0.4888 -0.0405
vn 0.9086 0.2420 0.3403
vn 0.9816 0.0465 0.1855
vn 0.9454 0.2698 -0.1831
vn 0.8396 0.5418 0.0400
vn -0.4771 0.4917 -0.7284
vn -0.7665 0.1764 -0.6176
vn 0.5437 -0.4336 0.7186
vn 0.5114 -0.3790 0.7712
vn 0.8304 -0.1864 0.5250
vn 0.8068 -0.1053 0.5813
vn 0.2835 0.8005 -0.5281
vn 0.3895 0.5270 -0.7554
vn -0.0306 0.5148 -0.8568
vn -0.1040 0.7129 -0.6935
vn 0.0816 -0.4861 0.8701
vn 0.1608 -0.6744 0.7206
vn 0.7349 0.4402 -0.5159
vn 0.6175 0.7397 -0.2675
vn 0.8257 -0.2605 0.5003
vn 0.8182 -0.2946 0.4937
vn 0.9708 -0.2272 0.0776
vn 0.9848 -0.1369 0.1071
vn 0.5009 -0.3278 0.8010
vn -0.9769 0.1641 -0.1365
vn -0.9553 0.0264 0.2945
vn 0.9535 0.0135 -0.3010
vn -0.7384 -0.1180 0.6639
vn 0.7432 0.1592 -0.6499
vn 0.3934 0.2727 -0.8780
vn -0.3714 -0.2437 0.8959
vn -0.0336 0.3342 -0.9419
vn 0.0722 -0.3212 0.9442
vn -0.9711 0.2232 -0.0844
vn -0.9310 0.1176 0.3457
vn 0.9298 -0.1159 -0.3492
vn -0.7096 -0.0118 0.7045
vn 0.7089 0.0153 -0.7052
vn 0.3511 0.1418 -0.9255
vn -0.3507 -0.1417 0.9257
vn -0.0781 0.2403 -0.9676
vn 0.0800 -0.2463 0.9659
vn -0.4964 0.2917 -0.8177
vn 0.4990 -0.3018 0.8124
vn -0.8168 0.2855 -0.5014
vn -0.5455 0.5465 -0.6354
vn -0.2659 0.8379 -0.4768
vn 0.5923 -0.4721 0.6529
vn 0.3142 -0.7988 0.5130
vn -0.7261 0.1459 -0.6719
vn 0.7458 -0.0581 0.6636
vn -0.7668 -0.2919 -0.5717
vn 0.7534 0.3613 0.5494
vn -0.6482 -0.6774 -0.3479
vn 0.6201 0.7097 0.3343
vn -0.3859 -0.9214 -0.0459
vn 0.3738 0.9257 0.0579
vn 0.0598 0.9713 -0.2300
vn -0.0373 -0.9638 0.2642
vn -0.4768 0.8378 -0.2659
vn -0.2300 0.9713 0.0598
vn 0.2642 -0.9638 -0.0372
vn -0.0459 -0.9214 -0.3858
vn 0.0579 0.9257 0.3738
vn 0.3343 0.7097 0.6201
vn -0.3479 -0.6774 -0.6482
vn 0.5494 0.3613 0.7534
vn -0.5717 -0.2918 -0.7668
vn 0.6636 -0.0581 0.7458
vn -0.6719 0.1459 -0.7261
vn 0.6529 -0.4721 0.5923
vn -0.6354 0.5465 -0.5455
vn 0.5130 -0.7988 0.3142
vn 0.3043 -0.7038 -0.6419
vn 0.5765 -0.7720 -0.2675
vn 0.7932 -0.4842 -0.3694
vn 0.5490 -0.3834 -0.7427
vn -0.7946 0.4064 -0.4510
vn -0.5701 0.2233 -0.7906
vn -0.5371 0.2731 -0.7981
vn -0.8233 0.3339 -0.4591
vn -0.3733 -0.1737 -0.9113
vn -0.0405 -0.4888 -0.8714
vn 0.1847 -0.2119 -0.9597
vn -0.2194 0.0024 -0.9756
vn 0.3403 0.2420 0.9086
vn 0.0400 0.5418 0.8396
vn -0.1831 0.2698 0.9454
vn 0.1855 0.0465 0.9816
vn -0.7284 0.4917 -0.4771
vn -0.6176 0.1764 -0.7665
vn 0.7186 -0.4336 0.5437
vn 0.5813 -0.1053 0.8068
vn 0.5250 -0.1864 0.8304
vn 0.7712 -0.3790 0.5114
vn -0.5281 0.8005 0.2835
vn -0.6935 0.7129 -0.1040
vn -0.8568 0.5148 -0.0306
vn -0.7554 0.5270 0.3895
vn 0.7206 -0.6744 0.1608
vn 0.8701 -0.4861 0.0816
vn -0.2675 0.7397 0.6175
vn -0.5159 0.4402 0.7349
vn 0.5003 -0.2605 0.8257
vn 0.1071 -0.1369 0.9848
vn 0.0776 -0.2272 0.9708
vn 0.4937 -0.2946 0.8182
vn 0.8010 -0.3278 0.5009
vn -0.1365 0.1641 -0.9769
vn 0.2945 0.0264 -0.9553
vn -0.3010 0.0135 0.9535
vn 0.6639 -0.1180 -0.7384
vn -0.6499 0.1592 0.7432
vn -0.8780 0.2727 0.3934
vn 0.8959 -0.2437 -0.3714
vn -0.9419 0.3342 -0.0335
vn 0.9442 -0.3212 0.0722
vn 0.3457 0.1176 -0.9310
vn -0.0844 0.2232 -0.9711
vn -0.3492 -0.1159 0.9298
vn 0.7045 -0.0118 -0.7096
vn -0.7052 0.0153 0.7089
vn -0.9255 0.1418 0.3511
vn 0.9257 -0.1417 -0.3507
vn -0.9676 0.2403 -0.0781
vn 0.9659 -0.2463 0.0800
vn -0.8176 0.2917 -0.4964
vn 0.8124 -0.3018 0.4990
vn -0.5014 0.2855 -0.8168
vn -0.7222 -0.0057 0.6916
vn -0.3682 -0.1329 0.9202
vn 0.7180 -0.0195 -0.6958
vn 0.3635 0.1087 -0.9252
vn 0.0599 -0.2371 0.9696
vn -0.0657 0.2142 -0.9746
vn 0.4793 -0.2975 0.8257
vn -0.4859 0.2752 -0.8296
vn 0.8033 -0.3008 0.5141
vn -0.8098 0.2780 -0.5167
vn 0.9641 -0.2463 0.0997
vn -0.9697 0.2222 -0.1019
vn 0.9321 -0.1458 -0.3315
vn -0.9367 0.1206 0.3286
vn -0.6958 -0.0195 0.7180
vn -0.3315 -0.1458 0.9321
vn 0.9202 -0.1329 -0.3682
vn 0.6916 -0.0057 -0.7222
vn -0.9252 0.1087 0.3635
vn 0.9696 -0.2371 0.0599
vn -0.9746 0.2142 -0.0657
vn 0.8257 -0.2975 0.4793
vn -0.8295 0.2752 -0.4859
vn 0.5141 -0.3008 0.8033
vn -0.5167 0.2780 -0.8098
vn 0.0997 -0.2463 0.9641
vn -0.1019 0.2222 -0.9697
vn 0.3286 0.1207 -0.9367
vn 0.3043 -0.7038 0.6419
vn 0.5491 -0.3834 0.7427
vn 0.7932 -0.4842 0.3694
vn 0.5765 -0.7720 0.2675
vn -0.7946 0.4064 0.4510
vn -0.8233 0.3339 0.4591
vn -0.5371 0.2731 0.7981
vn -0.5701 0.2233 0.7906
vn -0.3733 -0.1737 0.9113
vn -0.2194 0.0024 0.9756
vn 0.1847 -0.2119 0.9597
vn -0.0405 -0.4888 0.8714
vn 0.3403 0.2420 -0.9086
vn 0.1855 0.0465 -0.9816
vn -0.1830 0.2698 -0.9454
vn 0.0400 0.5418 -0.8396
vn -0.7284 0.4917 0.4771
vn -0.6176 0.1764 0.7665
vn 0.7186 -0.4336 -0.5437
vn 0.7712 -0.3790 -0.5115
vn 0.5250 -0.1864 -0.8304
vn 0.5813 -0.1053 -0.8068
vn -0.5281 0.8005 -0.2835
vn -0.7554 0.5270 -0.3895
vn -0.8568 0.5148 0.0306
vn -0.6935 0.7129 0.1040
vn 0.8701 -0.4861 -0.0816
vn 0.7206 -0.6744 -0.1608
vn -0.5159 0.4402 -0.7349
vn -0.2675 0.7397 -0.6175
vn 0.5003 -0.2605 -0.8257
vn 0.4937 -0.2946 -0.8182
vn 0.0776 -0.2272 -0.9708
vn 0.1071 -0.1369 -0.9848
vn 0.8010 -0.3278 -0.5009
vn -0.1365 0.1641 0.9769
vn 0.2945 0.0264 0.9553
vn -0.3010 0.0135 -0.9535
vn 0.6639 -0.1180 0.7384
vn -0.6499 0.1592 -0.7432
vn -0.8780 0.2727 -0.3934
vn 0.8959 -0.2437 0.3714
vn -0.9419 0.3342 0.0336
vn 0.9443 -0.3212 -0.0722
vn -0.0844 0.2232 0.9711
vn 0.3457 0.1176 0.9310
vn -0.3492 -0.1159 -0.9298
vn 0.7045 -0.0118 0.7096
vn -0.7052 0.0153 -0.7089
vn -0.9255 0.1418 -0.3511
vn 0.9257 -0.1417 0.3507
vn -0.9676 0.2403 0.0781
vn 0.9659 -0.2463 -0.0800
vn -0.8176 0.2917 0.4964
vn 0.8124 -0.3018 -0.4990
vn -0.5014 0.2855 0.8168
vn -0.6354 0.5465 0.5455
vn -0.4768 0.8379 0.2659
vn 0.6529 -0.4721 -0.5923
vn 0.5130 -0.7988 -0.3142
vn -0.6719 0.1459 0.7261
vn 0.6636 -0.0581 -0.7458
vn -0.5717 -0.2918 0.7668
vn 0.5494 0.3613 -0.7534
vn -0.3479 -0.6774 0.6482
vn 0.3343 0.7097 -0.6201
vn -0.0459 -0.9214 0.3859
vn 0.0579 0.9257 -0.3738
vn -0.2300 0.9713 -0.0599
vn 0.2642 -0.9638 0.0373
vn -0.2659 0.8379 0.4768
vn 0.0598 0.9713 0.2300
vn -0.0373 -0.9638 -0.2642
vn -0.3859 -0.9214 0.0459
vn 0.3738 0.9257 -0.0579
vn 0.6201 0.7097 -0.3343
vn -0.6482 -0.6774 0.3479
vn 0.7534 0.3613 -0.5494
vn -0.7668 -0.2919 0.5717
vn 0.7458 -0.0581 -0.6636
vn -0.7261 0.1459 0.6719
vn 0.5923 -0.4721 -0.6529
vn -0.5455 0.5465 0.6354
vn 0.3142 -0.7988 -0.5130
vn -0.6419 -0.7038 -0.3043
vn -0.2675 -0.7720 -0.5765
vn -0.3694 -0.4842 -0.7932
vn -0.7427 -0.3834 -0.5490
vn -0.4510 0.4064 0.7946
vn -0.7906 0.2233 0.5701
vn -0.7981 0.2731 0.5371
vn -0.4591 0.3339 0.8233
vn -0.9113 -0.1737 0.3733
vn -0.8714 -0.4888 0.0405
vn -0.9597 -0.2119 -0.1847
vn -0.9756 0.0024 0.2194
vn 0.9086 0.2420 -0.3403
vn 0.8396 0.5418 -0.0400
vn 0.9454 0.2698 0.1831
vn 0.9816 0.0465 -0.1855
vn -0.4771 0.4917 0.7284
vn -0.7665 0.1764 0.6176
vn 0.5437 -0.4336 -0.7186
vn 0.8068 -0.1053 -0.5813
vn 0.8304 -0.1864 -0.5250
vn 0.5114 -0.3790 -0.7712
vn 0.2835 0.8005 0.5281
vn -0.1040 0.7129 0.6935
vn -0.0306 0.5148 0.8568
vn 0.3895 0.5270 0.7554
vn 0.1608 -0.6744 -0.7206
vn 0.0816 -0.4861 -0.8701
vn 0.6175 0.7397 0.2675
vn 0.7349 0.4402 0.5159
vn 0.8257 -0.2605 -0.5003
vn 0.9848 -0.1369 -0.1071
vn 0.9708 -0.2272 -0.0776
vn 0.8182 -0.2946 -0.4937
vn 0.5009 -0.3278 -0.8010
vn -0.9769 0.1641 0.1365
vn -0.9553 0.0264 -0.2945
vn 0.9535 0.0135 0.3010
vn -0.7384 -0.1180 -0.6639
vn 0.7432 0.1592 0.6499
vn 0.3934 0.2727 0.8780
vn -0.3714 -0.2437 -0.8959
vn -0.0335 0.3342 0.9419
vn 0.0722 -0.3212 -0.9443
vn -0.9310 0.1176 -0.3457
vn -0.9711 0.2232 0.0844
vn 0.9298 -0.1159 0.3492
vn -0.7096 -0.0118 -0.7045
vn 0.7089 0.0153 0.7052
vn 0.3511 0.1418 0.9255
vn -0.3507 -0.1417 -0.9257
vn -0.0781 0.2403 0.9676
vn 0.0800 -0.2463 -0.9659
vn -0.4964 0.2917 0.8177
vn 0.4990 -0.3018 -0.8124
vn -0.8168 0.2855 0.5014
vn 0.6916 -0.0057 0.7222
vn 0.9202 -0.1329 0.3683
vn -0.6958 -0.0195 -0.7180
vn -0.9252 0.1087 -0.3635
vn 0.9696 -0.2371 -0.0599
vn -0.9746 0.2142 0.0657
vn 0.8257 -0.2975 -0.4793
vn -0.8295 0.2752 0.4859
vn 0.5141 -0.3008 -0.8033
vn -0.5167 0.2780 0.8098
vn 0.0997 -0.2463 -0.9641
vn -0.1019 0.2222 0.9697
vn -0.3315 -0.1458 -0.9321
vn 0.3286 0.1206 0.9367
vn 0.7180 -0.0195 0.6958
vn 0.9321 -0.1458 0.3315
vn -0.3682 -0.1329 -0.9202
vn -0.7222 -0.0057 -0.6916
vn 0.3635 0.1087 0.9252
vn 0.0599 -0.2371 -0.9696
vn -0.0657 0.2142 0.9746
vn 0.4793 -0.2975 -0.8257
vn -0.4859 0.2752 0.8295
vn 0.8033 -0.3008 -0.5141
vn -0.8098 0.2780 0.5167
vn 0.9641 -0.2463 -0.0997
vn -0.9697 0.2222 0.1019
vn -0.9367 0.1206 -0.3286
vn 0.6419 -0.7038 0.3044
vn 0.2675 -0.7720 0.5765
vn 0.3694 -0.4842 0.7932
vn 0.7427 -0.3834 0.5490
vn 0.4510 0.4064 -0.7946
vn 0.7906 0.2233 -0.5701
vn 0.7981 0.2731 -0.5371
vn 0.4591 0.3339 -0.8233
vn 0.9113 -0.1737 -0.3733
vn 0.8714 -0.4888 -0.0405
vn 0.9597 -0.2119 0.1847
vn 0.9756 0.0024 -0.2194
vn -0.9086 0.2420 0.3403
vn -0.8396 0.5418 0.0400
vn -0.9454 0.2698 -0.1831
vn -0.9816 0.0465 0.1855
vn 0.4771 0.4917 -0.7284
vn 0.7665 0.1764 -0.6176
vn -0.5437 -0.4336 0.7186
vn -0.8068 -0.1053 0.5813
vn -0.8304 -0.1864 0.5250
vn -0.5115 -0.3790 0.7712
vn -0.2835 0.8005 -0.5281
vn 0.1040 0.7129 -0.6935
vn 0.0306 0.5148 -0.8568
vn -0.3895 0.5270 -0.7554
vn -0.1608 -0.6744 0.7206
vn -0.0816 -0.4861 0.8701
vn -0.6175 0.7397 -0.2675
vn -0.7349 0.4402 -0.5159
vn -0.8257 -0.2605 0.5003
vn -0.9848 -0.1369 0.1071
vn -0.9708 -0.2272 0.0776
vn -0.8182 -0.2946 0.4937
vn -0.5009 -0.3278 0.8010
vn 0.9769 0.1641 -0.1365
vn 0.9553 0.0264 0.2945
vn -0.9535 0.0135 -0.3010
vn 0.7384 -0.1180 0.6639
vn -0.7432 0.1592 -0.6499
vn -0.3934 0.2727 -0.8780
vn 0.3714 -0.2437 0.8959
vn 0.0336 0.3342 -0.9419
vn -0.0722 -0.3212 0.9443
vn 0.9310 0.1176 0.3457
vn 0.9711 0.2232 -0.0844
vn -0.9298 -0.1159 -0.3492
vn 0.7096 -0.0118 0.7045
vn -0.7089 0.0153 -0.7052
vn -0.3511 0.1418 -0.9255
vn 0.3507 -0.1417 0.9257
vn 0.0781 0.2403 -0.9676
vn -0.0800 -0.2463 0.9659
vn 0.4964 0.2917 -0.8177
vn -0.4990 -0.3018 0.8124
vn 0.8168 0.2855 -0.5014
vn 0.2659 0.8378 -0.4768
vn 0.5455 0.5465 -0.6354
vn -0.3142 -0.7988 0.5130
vn -0.5923 -0.4721 0.6529
vn 0.7261 0.1459 -0.6719
vn -0.7458 -0.0581 0.6636
vn 0.7668 -0.2919 -0.5717
vn -0.7534 0.3613 0.5494
vn 0.6482 -0.6774 -0.3479
vn -0.6201 0.7097 0.3343
vn 0.3859 -0.9214 -0.0459
vn -0.3738 0.9257 0.0579
vn -0.0598 0.9713 -0.2300
vn 0.0373 -0.9638 0.2642
vn 0.2300 0.9713 0.0598
vn 0.4768 0.8378 -0.2659
vn 0.0459 -0.9214 -0.3858
vn -0.2642 -0.9638 -0.0372
vn -0.0579 0.9257 0.3738
vn -0.3343 0.7097 0.6201
vn 0.3479 -0.6774 -0.6482
vn -0.5494 0.3613 0.7534
vn 0.5717 -0.2918 -0.7668
vn -0.6636 -0.0581 0.7458
vn 0.6719 0.1459 -0.7261
vn -0.6529 -0.4721 0.5923
vn 0.6354 0.5465 -0.5455
vn -0.5130 -0.7988 0.3142
vn -0.3043 -0.7038 -0.6419
vn -0.5490 -0.3834 -0.7427
vn -0.7932 -0.4842 -0.3694
vn -0.5765 -0.7720 -0.2675
vn 0.7946 0.4064 -0.4510
vn 0.8233 0.3339 -0.4591
vn 0.5371 0.2731 -0.7981
vn 0.5701 0.2233 -0.7906
vn 0.3733 -0.1737 -0.9113
vn 0.2194 0.0024 -0.9756
vn -0.1847 -0.2119 -0.9597
vn 0.0405 -0.4888 -0.8714
vn -0.3403 0.2420 0.9086
vn -0.1855 0.0465 0.9816
vn 0.1830 0.2698 0.9454
vn -0.0400 0.5418 0.8396
vn 0.7284 0.4917 -0.4771
vn 0.6176 0.1764 -0.7665
vn -0.7186 -0.4336 0.5437
vn -0.7712 -0.3790 0.5114
vn -0.5250 -0.1864 0.8304
vn -0.5813 -0.1053 0.8068
vn 0.5281 0.8005 0.2835
vn 0.7554 0.5270 0.3895
vn 0.8568 0.5148 -0.0306
vn 0.6935 0.7129 -0.1040
vn -0.8701 -0.4861 0.0816
vn -0.7206 -0.6744 0.1608
vn 0.5159 0.4402 0.7349
vn 0.2675 0.7397 0.6175
vn -0.5003 -0.2605 0.8257
vn -0.4937 -0.2946 0.8182
vn -0.0776 -0.2272 0.9708
vn -0.1071 -0.1369 0.9848
vn -0.8010 -0.3278 0.5009
vn 0.1365 0.1641 -0.9769
vn -0.2945 0.0264 -0.9553
vn 0.3010 0.0135 0.9535
vn -0.6639 -0.1180 -0.7384
vn 0.6499 0.1592 0.7432
vn 0.8780 0.2727 0.3934
vn -0.8959 -0.2437 -0.3714
vn 0.9419 0.3342 -0.0336
vn -0.9443 -0.3212 0.0722
vn 0.0844 0.2232 -0.9711
vn -0.3457 0.1176 -0.9310
vn 0.3492 -0.1159 0.9298
vn -0.7045 -0.0118 -0.7096
vn 0.7052 0.0153 0.7089
vn 0.9255 0.1418 0.3511
vn -0.9257 -0.1417 -0.3507
vn 0.9676 0.2403 -0.0781
vn -0.9659 -0.2463 0.0800
vn 0.8176 0.2917 -0.4964
vn -0.8124 -0.3018 0.4990
vn 0.5014 0.2855 -0.8168
vn 0.3682 -0.1329 0.9202
vn 0.7222 -0.0057 0.6916
vn -0.3635 0.1087 -0.9252
vn -0.7180 -0.0195 -0.6958
vn -0.0599 -0.2371 0.9696
vn 0.0657 0.2142 -0.9746
vn -0.4793 -0.2975 0.8257
vn 0.4859 0.2752 -0.8296
vn -0.8033 -0.3008 0.5141
vn 0.8098 0.2780 -0.5167
vn -0.9641 -0.2463 0.0997
vn 0.9697 0.2222 -0.1019
vn -0.9321 -0.1458 -0.3315
vn 0.9367 0.1206 0.3286
vn 0.3315 -0.1458 0.9321
vn 0.6958 -0.0195 0.7180
vn -0.6916 -0.0057 -0.7222
vn -0.9202 -0.1329 -0.3682
vn 0.9252 0.1087 0.3635
vn -0.9696 -0.2371 0.0599
vn 0.9746 0.2142 -0.0657
vn -0.8257 -0.2975 0.4793
vn 0.8295 0.2752 -0.4859
vn -0.5140 -0.3008 0.8033
vn 0.5167 0.2780 -0.8098
vn -0.0997 -0.2463 0.9641
vn 0.1019 0.2222 -0.9697
vn -0.3286 0.1207 -0.9367
vn -0.3043 -0.7038 0.6419
vn -0.5765 -0.7720 0.2675
vn -0.7932 -0.4842 0.3694
vn -0.5491 -0.3834 0.7427
vn 0.7946 0.4064 0.4510
vn 0.5701 0.2233 0.7906
vn 0.5371 0.2731 0.7981
vn 0.8233 0.3339 0.4591
vn 0.3733 -0.1737 0.9113
vn 0.0405 -0.4888 0.8714
vn -0.1847 -0.2119 0.9597
vn 0.2194 0.0024 0.9756
vn -0.3403 0.2420 -0.9086
vn -0.0400 0.5418 -0.8396
vn 0.1830 0.2698 -0.9454
vn -0.1855 0.0465 -0.9816
vn 0.7284 0.4917 0.4771
vn 0.6176 0.1764 0.7665
vn -0.7186 -0.4336 -0.5437
vn -0.5813 -0.1053 -0.8068
vn -0.5250 -0.1864 -0.8304
vn -0.7712 -0.3790 -0.5115
vn 0.5281 0.8005 -0.2835
vn 0.6935 0.7129 0.1040
vn 0.8568 0.5148 0.0306
vn 0.7554 0.5270 -0.3895
vn -0.7206 -0.6744 -0.1608
vn -0.8701 -0.4861 -0.0816
vn 0.2675 0.7397 -0.6175
vn 0.5159 0.4402 -0.7349
vn -0.5003 -0.2605 -0.8257
vn -0.1071 -0.1369 -0.9848
vn -0.0776 -0.2271 -0.9708
vn -0.4937 -0.2946 -0.8182
vn -0.8010 -0.3278 -0.5009
vn 0.1365 0.1641 0.9769
vn -0.2945 0.0264 0.9553
vn 0.3010 0.0135 -0.9535
vn -0.6639 -0.1180 0.7384
vn 0.6499 0.1592 -0.7432
vn 0.8780 0.2727 -0.3934
vn -0.8959 -0.2437 0.3714
vn 0.9419 0.3342 0.0336
vn -0.9443 -0.3212 -0.0722
vn -0.3457 0.1176 0.9310
vn 0.0844 0.2232 0.9711
vn 0.3492 -0.1159 -0.9298
vn -0.7045 -0.0118 0.7096
vn 0.7052 0.0153 -0.7089
vn 0.9255 0.1418 -0.3511
vn -0.9257 -0.1417 0.3507
vn 0.9676 0.2403 0.0781
vn -0.9659 -0.2463 -0.0800
vn 0.8176 0.2917 0.4964
vn -0.8124 -0.3018 -0.4990
vn 0.5014 0.2855 0.8168
vn 0.4768 0.8378 0.2659
vn 0.6354 0.5465 0.5455
vn -0.5130 -0.7988 -0.3142
vn -0.6529 -0.4721 -0.5923
vn 0.6719 0.1459 0.7261
vn -0.6636 -0.0581 -0.7458
vn 0.5717 -0.2919 0.7668
vn -0.5494 0.3613 -0.7534
vn 0.3479 -0.6774 0.6482
vn -0.3343 0.7097 -0.6201
vn 0.0459 -0.9214 0.3859
vn -0.0579 0.9257 -0.3738
vn 0.2300 0.9713 -0.0599
vn -0.2642 -0.9638 0.0373
vn -0.0598 0.9713 0.2300
vn 0.2659 0.8379 0.4768
vn 0.3859 -0.9214 0.0459
vn 0.0373 -0.9638 -0.2642
vn -0.3738 0.9257 -0.0579
vn -0.6201 0.7097 -0.3343
vn 0.6482 -0.6774 0.3479
vn -0.7534 0.3613 -0.5494
vn 0.7668 -0.2919 0.5717
vn -0.7458 -0.0581 -0.6636
vn 0.7261 0.1459 0.6719
vn -0.5923 -0.4721 -0.6529
vn 0.5455 0.5465 0.6354
vn -0.3142 -0.7988 -0.5130
vn 0.6419 -0.7038 -0.3043
vn 0.7427 -0.3834 -0.5490
vn 0.3694 -0.4842 -0.7932
vn 0.2675 -0.7720 -0.5765
vn 0.4510 0.4064 0.7946
vn 0.4591 0.3339 0.8233
vn 0.7981 0.2731 0.5371
vn 0.7906 0.2233 0.5701
vn 0.9113 -0.1737 0.3733
vn 0.9756 0.0024 0.2194
vn 0.9597 -0.2119 -0.1847
vn 0.8714 -0.4888 0.0405
vn -0.9086 0.2420 -0.3403
vn -0.9816 0.0465 -0.1855
vn -0.9454 0.2698 0.1831
vn -0.8396 0.5418 -0.0400
vn 0.4771 0.4917 0.7284
vn 0.7665 0.1764 0.6176
vn -0.5437 -0.4336 -0.7186
vn -0.5114 -0.3790 -0.7712
vn -0.8304 -0.1864 -0.5250
vn -0.8068 -0.1053 -0.5813
vn -0.2835 0.8005 0.5281
vn -0.3895 0.5270 0.7554
vn 0.0306 0.5148 0.8568
vn 0.1040 0.7129 0.6935
vn -0.0816 -0.4861 -0.8701
vn -0.1608 -0.6744 -0.7206
vn -0.7349 0.4402 0.5159
vn -0.6175 0.7397 0.2675
vn -0.8257 -0.2605 -0.5003
vn -0.8182 -0.2946 -0.4937
vn -0.9708 -0.2272 -0.0776
vn -0.9848 -0.1369 -0.1071
vn -0.5009 -0.3278 -0.8010
vn 0.9769 0.1641 0.1365
vn 0.9553 0.0264 -0.2945
vn -0.9535 0.0135 0.3010
vn 0.7384 -0.1180 -0.6639
vn -0.7432 0.1592 0.6499
vn -0.3934 0.2727 0.8780
vn 0.3714 -0.2437 -0.8959
vn 0.0335 0.3342 0.9419
vn -0.0722 -0.3212 -0.9443
vn 0.9711 0.2232 0.0844
vn 0.9310 0.1176 -0.3457
vn -0.9298 -0.1159 0.3492
vn 0.7096 -0.0118 -0.7045
vn -0.7089 0.0153 0.7052
vn -0.3511 0.1418 0.9255
vn 0.3507 -0.1417 -0.9257
vn 0.0781 0.2403 0.9676
vn -0.0800 -0.2463 -0.9659
vn 0.4964 0.2917 0.8177
vn -0.4990 -0.3018 -0.8124
vn 0.8168 0.2855 0.5014
vn -0.9202 -0.1329 0.3683
vn -0.6916 -0.0057 0.7222
vn 0.9252 0.1087 -0.3635
vn 0.6958 -0.0195 -0.7180
vn -0.9696 -0.2371 -0.0599
vn 0.9746 0.2142 0.0657
vn -0.8257 -0.2975 -0.4793
vn 0.8295 0.2752 0.4859
vn -0.5141 -0.3008 -0.8033
vn 0.5167 0.2780 0.8098
vn -0.0997 -0.2463 -0.9641
vn 0.1019 0.2222 0.9697
vn 0.3315 -0.1458 -0.9321
vn -0.3286 0.1206 0.9367
vn -0.9321 -0.1458 0.3315
vn -0.7180 -0.0195 0.6958
vn 0.7222 -0.0057 -0.6916
vn 0.3683 -0.1329 -0.9202
vn -0.3635 0.1087 0.9252
vn -0.0599 -0.2371 -0.9696
vn 0.0657 0.2142 0.9746
vn -0.4793 -0.2975 -0.8257
vn 0.4859 0.2752 0.8295
vn -0.8033 -0.3008 -0.5141
vn 0.8098 0.2780 0.5167
vn -0.9641 -0.2463 -0.0997
vn 0.9697 0.2222 0.1019
vn 0.9367 0.1206 -0.3286
usemtl MI_Trim_01
s 1
f 1/1/1 2/2/2 4/3/3 3/4/4
f 3/4/4 4/3/3 6/5/5 5/6/6
f 5/6/6 6/5/5 8/7/7 7/8/8
f 7/8/8 8/7/7 10/9/9 9/10/10
f 9/10/10 10/9/9 12/11/11 11/12/12
f 11/12/12 12/11/11 14/13/13 13/14/14
f 13/14/14 14/13/13 16/15/15 15/16/16
f 15/16/16 16/15/15 18/17/17 17/18/18
f 17/18/18 18/17/17 20/19/19 19/20/20
f 19/20/20 20/19/19 22/21/21 21/22/22
f 21/22/22 22/21/21 24/23/23 23/24/24
f 23/24/24 24/23/23 26/25/25 25/26/26
f 25/26/26 26/25/25 28/27/27 27/28/28
f 27/28/28 28/27/27 30/29/29 29/30/30
f 29/30/30 30/29/29 32/31/31 31/32/32
f 31/32/32 32/31/31 34/33/33 33/34/34
f 33/34/34 34/33/33 36/35/35 35/36/36
f 35/36/36 36/35/35 38/37/37 37/38/38
f 37/38/38 38/37/37 40/39/39 39/40/40
f 39/40/40 40/39/39 42/41/41 41/42/42
f 41/42/42 42/41/41 44/43/43 43/44/44
f 43/44/44 44/43/43 46/45/45 45/46/46
f 45/46/46 46/45/45 48/47/47 47/48/48
f 47/48/48 48/47/47 50/49/49 49/50/50
f 49/50/50 50/49/49 52/51/51 51/52/52
f 51/52/52 52/51/51 54/53/53 53/54/54
f 53/54/54 54/53/53 56/55/55 55/56/56
f 55/56/56 56/55/55 58/57/57 57/58/58
f 57/58/58 58/57/57 60/59/59 59/60/60
f 59/60/60 60/59/59 62/61/61 61/62/62
f 61/62/62 62/61/61 64/63/63 63/64/64
f 764/65/65 766/66/66 159/67/66 158/68/65
f 33/34/34 35/36/36 1138/69/67 1137/70/68
f 88/71/69 87/72/70 119/73/70 120/74/69
f 74/75/71 73/76/72 105/77/72 106/78/71
f 100/79/73 99/80/73 227/81/73 228/82/73
f 113/83/73 112/84/73 240/85/73 241/86/73
f 75/87/74 74/75/71 106/78/71 107/88/74
f 89/89/75 88/71/69 120/74/69 121/90/75
f 76/91/76 75/87/74 107/88/74 108/92/76
f 90/93/77 89/94/75 121/95/75 122/96/77
f 77/97/78 76/91/76 108/92/76 109/98/78
f 91/99/79 90/93/77 122/96/77 123/100/79
f 78/101/80 77/97/78 109/98/78 110/102/80
f 92/103/81 91/99/79 123/100/79 124/104/81
f 79/105/82 78/101/80 110/102/80 111/106/82
f 65/107/83 66/108/84 98/109/84 97/110/83
f 93/111/85 92/103/81 124/104/81 125/112/85
f 80/113/86 79/105/82 111/106/82 112/114/86
f 67/115/87 65/107/83 97/110/83 99/116/87
f 94/117/88 93/111/85 125/112/85 126/118/88
f 81/119/68 80/113/86 112/114/86 113/120/68
f 68/121/89 67/115/87 99/116/87 100/122/89
f 95/123/90 94/117/88 126/118/88 127/124/90
f 82/125/67 81/119/68 113/120/68 114/126/67
f 69/127/91 68/121/89 100/122/89 101/128/91
f 96/129/92 95/123/90 127/124/90 128/130/92
f 83/131/93 82/125/67 114/126/67 115/132/93
f 70/133/94 69/127/91 101/128/91 102/134/94
f 66/108/84 96/129/92 128/130/92 98/109/84
f 84/135/95 83/131/93 115/132/93 116/136/95
f 71/137/96 70/133/94 102/134/94 103/138/96
f 85/139/97 84/135/95 116/136/95 117/140/97
f 72/141/98 71/137/96 103/138/96 104/142/98
f 86/143/99 85/139/97 117/140/97 118/144/99
f 73/76/72 72/141/98 104/142/98 105/77/72
f 87/72/70 86/143/99 118/144/99 119/73/70
f 722/145/100 724/146/101 138/147/101 137/148/100
f 748/149/102 750/150/103 151/151/103 150/152/102
f 738/153/104 740/154/105 146/155/105 145/156/104
f 756/157/106 758/158/107 155/159/107 154/160/106
f 712/161/108 714/162/109 133/163/109 132/164/108
f 730/165/110 732/166/111 142/167/111 141/168/110
f 746/169/112 748/149/102 150/152/102 149/170/112
f 766/66/66 768/171/113 160/172/113 159/67/66
f 720/173/114 722/145/100 137/148/100 136/174/114
f 740/154/105 742/175/115 147/176/115 146/155/105
f 758/158/107 760/177/116 156/178/116 155/159/107
f 714/162/109 716/179/117 134/180/117 133/163/109
f 732/166/111 734/181/118 143/182/118 142/167/111
f 750/150/103 752/183/119 152/184/119 151/151/103
f 724/146/101 726/185/120 139/186/120 138/147/101
f 742/175/115 744/187/121 148/188/121 147/176/115
f 760/177/116 762/189/122 157/190/122 156/178/116
f 716/179/117 718/191/123 135/192/123 134/180/117
f 734/181/118 736/193/124 144/194/124 143/182/118
f 752/183/119 754/195/125 153/196/125 152/184/119
f 768/171/113 705/197/126 129/198/126 160/172/113
f 59/60/60 61/62/62 1151/199/90 1150/200/88
f 726/185/120 728/201/127 140/202/127 139/186/120
f 744/187/121 746/169/112 149/170/112 148/188/121
f 762/189/122 764/65/65 158/68/65 157/190/122
f 718/191/123 720/173/114 136/174/114 135/192/123
f 736/193/124 738/153/104 145/156/104 144/194/124
f 754/195/125 756/157/106 154/160/106 153/196/125
f 710/203/128 712/161/108 132/164/108 131/204/128
f 728/201/127 730/165/110 141/168/110 140/202/127
f 5/6/6 7/8/8 1124/205/89 1123/206/87
f 31/32/32 33/34/34 1137/70/68 1136/207/86
f 57/58/58 59/60/60 1150/200/88 1149/208/85
f 3/4/4 5/6/6 1123/206/87 1122/209/83
f 29/30/30 31/32/32 1136/207/86 1135/210/82
f 55/56/56 57/58/58 1149/208/85 1148/211/81
f 1/1/1 3/4/4 1122/209/83 1121/212/84
f 27/28/28 29/30/30 1135/210/82 1134/213/80
f 53/54/54 55/56/56 1148/211/81 1147/214/79
f 25/26/26 27/28/28 1134/213/80 1133/215/78
f 51/52/52 53/54/54 1147/214/79 1146/216/77
f 23/24/24 25/26/26 1133/215/78 1132/217/76
f 49/50/50 51/52/52 1146/216/77 1145/218/75
f 708/219/129 710/203/128 131/204/128 130/220/129
f 21/22/22 23/24/24 1132/217/76 1131/221/74
f 47/48/48 49/50/50 1145/218/75 1144/222/69
f 193/223/130 194/224/130 195/225/130 196/226/130 197/227/130 198/228/130 199/229/130 200/230/130 201/231/130 217/232/130 218/233/130 219/234/130 220/235/130 221/236/130 222/237/130 223/238/130 224/239/130
f 217/232/130 201/231/130 202/240/130 203/241/130 204/242/130 205/243/130 206/244/130 207/245/130 208/246/130 209/247/130 210/248/130 211/249/130 212/250/130 213/251/130 214/252/130 215/253/130 216/254/130
f 243/255/131 242/256/132 274/257/132 275/258/131
f 256/259/133 255/260/134 287/261/134 288/262/133
f 127/263/73 126/264/73 254/265/73 255/266/73
f 114/267/73 113/83/73 241/86/73 242/268/73
f 101/269/73 100/79/73 228/82/73 229/270/73
f 128/271/73 127/263/73 255/266/73 256/272/73
f 115/273/73 114/267/73 242/268/73 243/274/73
f 102/275/73 101/269/73 229/270/73 230/276/73
f 98/277/73 128/271/73 256/272/73 226/278/73
f 116/279/73 115/273/73 243/274/73 244/280/73
f 103/281/73 102/275/73 230/276/73 231/282/73
f 117/283/73 116/279/73 244/280/73 245/284/73
f 104/285/73 103/281/73 231/282/73 232/286/73
f 118/287/73 117/283/73 245/284/73 246/288/73
f 105/289/73 104/285/73 232/286/73 233/290/73
f 119/291/73 118/287/73 246/288/73 247/292/73
f 106/293/73 105/289/73 233/290/73 234/294/73
f 120/295/73 119/291/73 247/292/73 248/296/73
f 107/297/73 106/293/73 234/294/73 235/298/73
f 121/299/73 120/295/73 248/296/73 249/300/73
f 108/301/73 107/297/73 235/298/73 236/302/73
f 122/303/73 121/299/73 249/300/73 250/304/73
f 109/305/73 108/301/73 236/302/73 237/306/73
f 123/307/73 122/303/73 250/304/73 251/308/73
f 110/309/73 109/305/73 237/306/73 238/310/73
f 124/311/73 123/307/73 251/308/73 252/312/73
f 111/313/73 110/309/73 238/310/73 239/314/73
f 97/315/73 98/277/73 226/278/73 225/316/73
f 125/317/73 124/311/73 252/312/73 253/318/73
f 112/84/73 111/313/73 239/314/73 240/85/73
f 99/80/73 97/315/73 225/316/73 227/81/73
f 126/264/73 125/317/73 253/318/73 254/265/73
f 267/319/73 266/320/73 298/321/73 299/322/73
f 280/323/73 279/324/73 311/325/73 312/326/73
f 230/327/135 229/328/136 261/329/136 262/330/135
f 226/331/137 256/259/133 288/262/133 258/332/137
f 244/333/138 243/255/131 275/258/131 276/334/138
f 231/335/139 230/327/135 262/330/135 263/336/139
f 245/337/140 244/333/138 276/334/138 277/338/140
f 232/339/141 231/335/139 263/336/139 264/340/141
f 246/341/142 245/337/140 277/338/140 278/342/142
f 233/343/143 232/339/141 264/340/141 265/344/143
f 247/345/144 246/341/142 278/342/142 279/346/144
f 234/347/145 233/343/143 265/344/143 266/348/145
f 248/349/146 247/345/144 279/346/144 280/350/146
f 235/351/147 234/347/145 266/348/145 267/352/147
f 249/353/148 248/349/146 280/350/146 281/354/148
f 236/355/149 235/351/147 267/352/147 268/356/149
f 250/357/150 249/358/148 281/359/148 282/360/150
f 237/361/151 236/355/149 268/356/149 269/362/151
f 251/363/152 250/357/150 282/360/150 283/364/152
f 238/365/153 237/361/151 269/362/151 270/366/153
f 252/367/154 251/363/152 283/364/152 284/368/154
f 239/369/155 238/365/153 270/366/153 271/370/155
f 225/371/156 226/331/137 258/332/137 257/372/156
f 253/373/157 252/367/154 284/368/154 285/374/157
f 240/375/158 239/369/155 271/370/155 272/376/158
f 227/377/159 225/371/156 257/372/156 259/378/159
f 254/379/160 253/373/157 285/374/157 286/380/160
f 241/381/161 240/375/158 272/376/158 273/382/161
f 228/383/162 227/377/159 259/378/159 260/384/162
f 255/260/134 254/379/160 286/380/160 287/261/134
f 242/256/132 241/381/161 273/382/161 274/257/132
f 229/328/136 228/383/162 260/384/162 261/329/136
f 281/385/73 280/323/73 312/326/73 313/386/73
f 268/387/73 267/319/73 299/322/73 300/388/73
f 282/389/73 281/385/73 313/386/73 314/390/73
f 269/391/73 268/387/73 300/388/73 301/392/73
f 283/393/73 282/389/73 314/390/73 315/394/73
f 270/395/73 269/391/73 301/392/73 302/396/73
f 284/397/73 283/393/73 315/394/73 316/398/73
f 271/399/73 270/395/73 302/396/73 303/400/73
f 257/401/73 258/402/73 290/403/73 289/404/73
f 285/405/73 284/397/73 316/398/73 317/406/73
f 272/407/73 271/399/73 303/400/73 304/408/73
f 259/409/73 257/401/73 289/404/73 291/410/73
f 286/411/73 285/405/73 317/406/73 318/412/73
f 273/413/73 272/407/73 304/408/73 305/414/73
f 260/415/73 259/409/73 291/410/73 292/416/73
f 287/417/73 286/411/73 318/412/73 319/418/73
f 274/419/73 273/413/73 305/414/73 306/420/73
f 261/421/73 260/415/73 292/416/73 293/422/73
f 288/423/73 287/417/73 319/418/73 320/424/73
f 275/425/73 274/419/73 306/420/73 307/426/73
f 262/427/73 261/421/73 293/422/73 294/428/73
f 258/402/73 288/423/73 320/424/73 290/403/73
f 276/429/73 275/425/73 307/426/73 308/430/73
f 263/431/73 262/427/73 294/428/73 295/432/73
f 277/433/73 276/429/73 308/430/73 309/434/73
f 264/435/73 263/431/73 295/432/73 296/436/73
f 278/437/73 277/433/73 309/434/73 310/438/73
f 265/439/73 264/435/73 296/436/73 297/440/73
f 279/324/73 278/437/73 310/438/73 311/325/73
f 266/320/73 265/439/73 297/440/73 298/321/73
f 63/64/64 64/63/63 2/441/2 1/442/1
f 321/443/72 333/444/98 334/445/163 322/446/164
f 322/446/164 334/445/163 335/447/165 323/448/166
f 323/448/167 335/447/168 336/449/168 324/450/167
f 324/450/169 336/449/170 337/451/170 325/452/169
f 325/452/171 337/451/172 338/453/173 326/454/174
f 326/454/174 338/453/173 339/455/69 327/456/75
f 327/456/75 339/455/69 340/457/175 328/458/176
f 328/459/176 340/460/175 341/461/177 329/462/178
f 329/462/179 341/461/180 342/463/180 330/464/179
f 330/464/181 342/463/182 343/465/182 331/466/181
f 331/466/183 343/465/184 344/467/185 332/468/186
f 332/468/186 344/467/185 333/444/98 321/443/72
f 333/444/98 345/469/96 346/470/187 334/445/163
f 334/445/163 346/470/187 347/471/188 335/447/165
f 335/447/168 347/471/189 348/472/189 336/449/168
f 336/449/170 348/472/190 349/473/190 337/451/170
f 337/451/172 349/473/191 350/474/192 338/453/173
f 338/453/173 350/474/192 351/475/70 339/455/69
f 339/455/69 351/475/70 352/476/193 340/457/175
f 340/460/175 352/477/193 353/478/194 341/461/177
f 341/461/180 353/478/195 354/479/195 342/463/180
f 342/463/182 354/479/196 355/480/196 343/465/182
f 343/465/184 355/480/197 356/481/198 344/467/185
f 344/467/185 356/481/198 345/469/96 333/444/98
f 345/469/96 357/482/94 358/483/199 346/470/187
f 346/470/187 358/483/199 359/484/200 347/471/188
f 347/471/189 359/484/201 360/485/201 348/472/189
f 348/472/190 360/485/202 361/486/202 349/473/190
f 349/473/191 361/486/203 362/487/204 350/474/192
f 350/474/192 362/487/204 363/488/99 351/475/70
f 351/475/70 363/488/99 364/489/205 352/476/193
f 352/477/193 364/490/205 365/491/206 353/478/194
f 353/478/195 365/491/207 366/492/207 354/479/195
f 354/479/196 366/492/208 367/493/208 355/480/196
f 355/480/197 367/493/209 368/494/210 356/481/198
f 356/481/198 368/494/210 357/482/94 345/469/96
f 357/482/94 369/495/91 370/496/211 358/483/199
f 358/483/199 370/496/211 371/497/212 359/484/200
f 359/484/201 371/497/213 372/498/213 360/485/201
f 360/485/202 372/498/214 373/499/214 361/486/202
f 361/486/203 373/499/215 374/500/216 362/487/204
f 362/487/204 374/500/216 375/501/97 363/488/99
f 363/488/99 375/501/97 376/502/217 364/489/205
f 364/490/205 376/503/217 377/504/218 365/491/206
f 365/491/207 377/504/219 378/505/219 366/492/207
f 366/492/208 378/505/220 379/506/220 367/493/208
f 367/493/209 379/506/221 380/507/222 368/494/210
f 368/494/210 380/507/222 369/495/91 357/482/94
f 369/495/91 381/508/89 382/509/223 370/496/211
f 370/496/211 382/509/223 383/510/224 371/497/212
f 371/497/213 383/510/225 384/511/225 372/498/213
f 372/498/214 384/511/226 385/512/226 373/499/214
f 373/499/215 385/512/227 386/513/228 374/500/216
f 374/500/216 386/513/228 387/514/95 375/501/97
f 375/501/97 387/514/95 388/515/229 376/502/217
f 376/503/217 388/516/229 389/517/230 377/504/218
f 377/504/219 389/517/231 390/518/231 378/505/219
f 378/505/220 390/518/232 391/519/232 379/506/220
f 379/506/221 391/519/233 392/520/234 380/507/222
f 380/507/222 392/520/234 381/508/89 369/495/91
f 381/508/89 393/521/235 394/522/236 382/509/223
f 382/509/223 394/522/236 395/523/237 383/510/224
f 383/510/225 395/523/237 396/524/238 384/511/225
f 384/511/226 396/524/238 397/525/239 385/512/226
f 385/512/227 397/525/239 398/526/240 386/513/228
f 386/513/228 398/526/240 399/527/241 387/514/95
f 387/514/95 399/527/241 400/528/242 388/515/229
f 388/516/229 400/529/242 401/530/243 389/517/230
f 389/517/231 401/530/243 402/531/244 390/518/231
f 390/518/232 402/531/244 403/532/245 391/519/232
f 391/519/233 403/532/245 404/533/246 392/520/234
f 392/520/234 404/533/246 393/521/235 381/508/89
f 393/521/235 405/534/247 406/535/248 394/522/236
f 394/522/236 406/535/248 407/536/249 395/523/237
f 395/523/237 407/536/249 408/537/250 396/524/238
f 396/524/238 408/537/250 409/538/251 397/525/239
f 397/525/239 409/538/251 410/539/252 398/526/240
f 398/526/240 410/539/252 411/540/253 399/527/241
f 399/527/241 411/540/253 412/541/254 400/528/242
f 400/529/242 412/542/254 413/543/255 401/530/243
f 401/530/243 413/543/255 414/544/256 402/531/244
f 402/531/244 414/544/256 415/545/257 403/532/245
f 403/532/245 415/545/257 416/546/258 404/533/246
f 404/533/246 416/546/258 405/534/247 393/521/235
f 405/534/247 417/547/84 418/548/259 406/535/248
f 406/535/248 418/548/259 419/549/260 407/536/249
f 407/536/249 419/549/261 420/550/261 408/537/250
f 408/537/250 420/550/262 421/551/262 409/538/251
f 409/538/251 421/551/263 422/552/264 410/539/252
f 410/539/252 422/552/264 423/553/68 411/540/253
f 411/540/253 423/553/68 424/554/265 412/541/254
f 412/542/254 424/555/265 425/556/266 413/543/255
f 413/543/255 425/556/267 426/557/267 414/544/256
f 414/544/256 426/557/268 427/558/268 415/545/257
f 415/545/257 427/558/269 428/559/270 416/546/258
f 416/546/258 428/559/270 417/547/84 405/534/247
f 417/547/84 429/560/271 430/561/272 418/548/259
f 418/548/259 430/561/272 431/562/273 419/549/260
f 419/549/261 431/562/273 432/563/274 420/550/261
f 420/550/262 432/563/274 433/564/275 421/551/262
f 421/551/263 433/564/275 434/565/276 422/552/264
f 422/552/264 434/565/276 435/566/277 423/553/68
f 423/553/68 435/566/277 436/567/278 424/554/265
f 424/555/265 436/568/278 437/569/279 425/556/266
f 425/556/267 437/569/279 438/570/280 426/557/267
f 426/557/268 438/570/280 439/571/281 427/558/268
f 427/558/269 439/571/281 440/572/282 428/559/270
f 428/559/270 440/572/282 429/560/271 417/547/84
f 429/560/271 441/573/283 442/574/284 430/561/272
f 430/561/272 442/574/284 443/575/285 431/562/273
f 431/562/273 443/575/285 444/576/286 432/563/274
f 432/563/274 444/576/286 445/577/287 433/564/275
f 433/564/275 445/577/287 446/578/288 434/565/276
f 434/565/276 446/578/288 447/579/289 435/566/277
f 435/566/277 447/579/289 448/580/290 436/567/278
f 436/568/278 448/581/290 449/582/291 437/569/279
f 437/569/279 449/582/291 450/583/292 438/570/280
f 438/570/280 450/583/292 451/584/293 439/571/281
f 439/571/281 451/584/293 452/585/294 440/572/282
f 440/572/282 452/585/294 441/573/283 429/560/271
f 441/573/283 453/586/88 454/587/295 442/574/284
f 442/574/284 454/587/295 455/588/296 443/575/285
f 443/575/285 455/588/297 456/589/297 444/576/286
f 444/576/286 456/589/298 457/590/298 445/577/287
f 445/577/287 457/590/299 458/591/300 446/578/288
f 446/578/288 458/591/300 459/592/80 447/579/289
f 447/579/289 459/592/80 460/593/301 448/580/290
f 448/581/290 460/594/301 461/595/302 449/582/291
f 449/582/291 461/595/303 462/596/303 450/583/292
f 450/583/292 462/596/304 463/597/304 451/584/293
f 451/584/293 463/597/305 464/598/306 452/585/294
f 452/585/294 464/598/306 453/586/88 441/573/283
f 453/586/88 465/599/85 466/600/307 454/587/295
f 454/587/295 466/600/307 467/601/308 455/588/296
f 455/588/297 467/601/309 468/602/309 456/589/297
f 456/589/298 468/602/310 469/603/310 457/590/298
f 457/590/299 469/603/311 470/604/312 458/591/300
f 458/591/300 470/604/312 471/605/78 459/592/80
f 459/592/80 471/605/78 472/606/313 460/593/301
f 460/594/301 472/607/313 473/608/314 461/595/302
f 461/595/303 473/608/315 474/609/315 462/596/303
f 462/596/304 474/609/316 475/610/316 463/597/304
f 463/597/305 475/610/317 476/611/318 464/598/306
f 464/598/306 476/611/318 465/599/85 453/586/88
f 465/599/85 477/612/81 478/613/319 466/600/307
f 466/600/307 478/613/319 479/614/320 467/601/308
f 467/601/309 479/614/321 480/615/321 468/602/309
f 468/602/310 480/615/322 481/616/322 469/603/310
f 469/603/311 481/616/323 482/617/324 470/604/312
f 470/604/312 482/617/324 483/618/76 471/605/78
f 471/605/78 483/618/76 484/619/325 472/606/313
f 472/607/313 484/620/325 485/621/326 473/608/314
f 473/608/315 485/621/327 486/622/327 474/609/315
f 474/609/316 486/622/328 487/623/328 475/610/316
f 475/610/317 487/623/329 488/624/330 476/611/318
f 476/611/318 488/624/330 477/612/81 465/599/85
f 477/625/81 489/626/79 490/627/331 478/628/319
f 478/628/319 490/627/331 491/629/332 479/630/320
f 479/630/321 491/629/333 492/631/333 480/632/321
f 480/632/322 492/631/334 493/633/334 481/634/322
f 481/634/323 493/633/335 494/635/336 482/636/324
f 482/636/324 494/635/336 495/637/74 483/638/76
f 483/638/76 495/637/74 496/639/337 484/640/325
f 484/641/325 496/642/337 497/643/338 485/644/326
f 485/644/327 497/643/339 498/645/339 486/646/327
f 486/646/328 498/645/340 499/647/340 487/648/328
f 487/648/329 499/647/341 500/649/342 488/650/330
f 488/650/330 500/649/342 489/626/79 477/625/81
f 489/626/79 501/651/77 502/652/343 490/627/331
f 490/627/331 502/652/343 503/653/344 491/629/332
f 491/629/333 503/653/345 504/654/345 492/631/333
f 492/631/334 504/654/346 505/655/346 493/633/334
f 493/633/335 505/655/347 506/656/348 494/635/336
f 494/635/336 506/656/348 507/657/71 495/637/74
f 495/637/74 507/657/71 508/658/349 496/639/337
f 496/642/337 508/659/349 509/660/350 497/643/338
f 497/643/339 509/660/351 510/661/351 498/645/339
f 498/645/340 510/661/352 511/662/352 499/647/340
f 499/647/341 511/662/353 512/663/354 500/649/342
f 500/649/342 512/663/354 501/651/77 489/626/79
f 501/651/77 513/664/75 514/665/355 502/652/343
f 502/652/343 514/665/355 515/666/171 503/653/344
f 503/653/345 515/666/169 516/667/169 504/654/345
f 504/654/346 516/667/167 517/668/167 505/655/346
f 505/655/347 517/668/166 518/669/356 506/656/348
f 506/656/348 518/669/356 519/670/72 507/657/71
f 507/657/71 519/670/72 520/671/357 508/658/349
f 508/659/349 520/672/357 521/673/183 509/660/350
f 509/660/351 521/673/181 522/674/181 510/661/351
f 510/661/352 522/674/179 523/675/179 511/662/352
f 511/662/353 523/675/178 524/676/358 512/663/354
f 512/663/354 524/676/358 513/664/75 501/651/77
f 513/664/75 525/677/69 526/678/359 514/665/355
f 514/665/355 526/678/359 527/679/172 515/666/171
f 515/666/169 527/679/170 528/680/170 516/667/169
f 516/667/167 528/680/168 529/681/168 517/668/167
f 517/668/166 529/681/165 530/682/360 518/669/356
f 518/669/356 530/682/360 531/683/98 519/670/72
f 519/670/72 531/683/98 532/684/361 520/671/357
f 520/672/357 532/685/361 533/686/184 521/673/183
f 521/673/181 533/686/182 534/687/182 522/674/181
f 522/674/179 534/687/180 535/688/180 523/675/179
f 523/675/178 535/688/177 536/689/362 524/676/358
f 524/676/358 536/689/362 525/677/69 513/664/75
f 525/677/69 537/690/70 538/691/363 526/678/359
f 526/678/359 538/691/363 539/692/191 527/679/172
f 527/679/170 539/692/190 540/693/190 528/680/170
f 528/680/168 540/693/189 541/694/189 529/681/168
f 529/681/165 541/694/188 542/695/364 530/682/360
f 530/682/360 542/695/364 543/696/96 531/683/98
f 531/683/98 543/696/96 544/697/365 532/684/361
f 532/685/361 544/698/365 545/699/197 533/686/184
f 533/686/182 545/699/196 546/700/196 534/687/182
f 534/687/180 546/700/195 547/701/195 535/688/180
f 535/688/177 547/701/194 548/702/366 536/689/362
f 536/689/362 548/702/366 537/690/70 525/677/69
f 537/690/70 549/703/99 550/704/367 538/691/363
f 538/691/363 550/704/367 551/705/203 539/692/191
f 539/692/190 551/705/202 552/706/202 540/693/190
f 540/693/189 552/706/201 553/707/201 541/694/189
f 541/694/188 553/707/200 554/708/368 542/695/364
f 542/695/364 554/708/368 555/709/94 543/696/96
f 543/696/96 555/709/94 556/710/369 544/697/365
f 544/698/365 556/711/369 557/712/209 545/699/197
f 545/699/196 557/712/208 558/713/208 546/700/196
f 546/700/195 558/713/207 559/714/207 547/701/195
f 547/701/194 559/714/206 560/715/370 548/702/366
f 548/702/366 560/715/370 549/703/99 537/690/70
f 549/703/99 561/716/97 562/717/371 550/704/367
f 550/704/367 562/717/371 563/718/215 551/705/203
f 551/705/202 563/718/214 564/719/214 552/706/202
f 552/706/201 564/719/213 565/720/213 553/707/201
f 553/707/200 565/720/212 566/721/372 554/708/368
f 554/708/368 566/721/372 567/722/91 555/709/94
f 555/709/94 567/722/91 568/723/373 556/710/369
f 556/711/369 568/724/373 569/725/221 557/712/209
f 557/712/208 569/725/220 570/726/220 558/713/208
f 558/713/207 570/726/219 571/727/219 559/714/207
f 559/714/206 571/727/218 572/728/374 560/715/370
f 560/715/370 572/728/374 561/716/97 549/703/99
f 561/716/97 573/729/95 574/730/375 562/717/371
f 562/717/371 574/730/375 575/731/227 563/718/215
f 563/718/214 575/731/226 576/732/226 564/719/214
f 564/719/213 576/732/225 577/733/225 565/720/213
f 565/720/212 577/733/224 578/734/376 566/721/372
f 566/721/372 578/734/376 579/735/89 567/722/91
f 567/722/91 579/735/89 580/736/377 568/723/373
f 568/724/373 580/737/377 581/738/233 569/725/221
f 569/725/220 581/738/232 582/739/232 570/726/220
f 570/726/219 582/739/231 583/740/231 571/727/219
f 571/727/218 583/740/230 584/741/378 572/728/374
f 572/728/374 584/741/378 573/729/95 561/716/97
f 573/729/95 585/742/379 586/743/380 574/730/375
f 574/730/375 586/743/380 587/744/381 575/731/227
f 575/731/226 587/744/381 588/745/382 576/732/226
f 576/732/225 588/745/382 589/746/383 577/733/225
f 577/733/224 589/746/383 590/747/384 578/734/376
f 578/734/376 590/747/384 591/748/385 579/735/89
f 579/735/89 591/748/385 592/749/386 580/736/377
f 580/737/377 592/750/386 593/751/387 581/738/233
f 581/738/232 593/751/387 594/752/388 582/739/232
f 582/739/231 594/752/388 595/753/389 583/740/231
f 583/740/230 595/753/389 596/754/390 584/741/378
f 584/741/378 596/754/390 585/742/379 573/729/95
f 585/742/379 597/755/391 598/756/392 586/743/380
f 586/743/380 598/756/392 599/757/393 587/744/381
f 587/744/381 599/757/393 600/758/394 588/745/382
f 588/745/382 600/758/394 601/759/395 589/746/383
f 589/746/383 601/759/395 602/760/396 590/747/384
f 590/747/384 602/760/396 603/761/397 591/748/385
f 591/748/385 603/761/397 604/762/398 592/749/386
f 592/750/386 604/763/398 605/764/399 593/751/387
f 593/751/387 605/764/399 606/765/400 594/752/388
f 594/752/388 606/765/400 607/766/401 595/753/389
f 595/753/389 607/766/401 608/767/402 596/754/390
f 596/754/390 608/767/402 597/755/391 585/742/379
f 597/755/391 609/768/68 610/769/403 598/756/392
f 598/756/392 610/769/403 611/770/263 599/757/393
f 599/757/393 611/770/262 612/771/262 600/758/394
f 600/758/394 612/771/261 613/772/261 601/759/395
f 601/759/395 613/772/260 614/773/404 602/760/396
f 602/760/396 614/773/404 615/774/84 603/761/397
f 603/761/397 615/774/84 616/775/405 604/762/398
f 604/763/398 616/776/405 617/777/269 605/764/399
f 605/764/399 617/777/268 618/778/268 606/765/400
f 606/765/400 618/778/267 619/779/267 607/766/401
f 607/766/401 619/779/266 620/780/406 608/767/402
f 608/767/402 620/780/406 609/768/68 597/755/391
f 609/768/68 621/781/407 622/782/408 610/769/403
f 610/769/403 622/782/408 623/783/409 611/770/263
f 611/770/262 623/783/409 624/784/410 612/771/262
f 612/771/261 624/784/410 625/785/411 613/772/261
f 613/772/260 625/785/411 626/786/412 614/773/404
f 614/773/404 626/786/412 627/787/413 615/774/84
f 615/774/84 627/787/413 628/788/414 616/775/405
f 616/776/405 628/789/414 629/790/415 617/777/269
f 617/777/268 629/790/415 630/791/416 618/778/268
f 618/778/267 630/791/416 631/792/417 619/779/267
f 619/779/266 631/792/417 632/793/418 620/780/406
f 620/780/406 632/793/418 621/781/407 609/768/68
f 621/781/407 633/794/419 634/795/420 622/782/408
f 622/782/408 634/795/420 635/796/421 623/783/409
f 623/783/409 635/796/421 636/797/422 624/784/410
f 624/784/410 636/797/422 637/798/423 625/785/411
f 625/785/411 637/798/423 638/799/424 626/786/412
f 626/786/412 638/799/424 639/800/425 627/787/413
f 627/787/413 639/800/425 640/801/426 628/788/414
f 628/789/414 640/802/426 641/803/427 629/790/415
f 629/790/415 641/803/427 642/804/428 630/791/416
f 630/791/416 642/804/428 643/805/429 631/792/417
f 631/792/417 643/805/429 644/806/430 632/793/418
f 632/793/418 644/806/430 633/794/419 621/781/407
f 633/794/419 645/807/80 646/808/431 634/795/420
f 634/795/420 646/808/431 647/809/299 635/796/421
f 635/796/421 647/809/298 648/810/298 636/797/422
f 636/797/422 648/810/297 649/811/297 637/798/423
f 637/798/423 649/811/296 650/812/432 638/799/424
f 638/799/424 650/812/432 651/813/88 639/800/425
f 639/800/425 651/813/88 652/814/433 640/801/426
f 640/802/426 652/815/433 653/816/305 641/803/427
f 641/803/427 653/816/304 654/817/304 642/804/428
f 642/804/428 654/817/303 655/818/303 643/805/429
f 643/805/429 655/818/302 656/819/434 644/806/430
f 644/806/430 656/819/434 645/807/80 633/794/419
f 645/807/80 657/820/78 658/821/435 646/808/431
f 646/808/431 658/821/435 659/822/311 647/809/299
f 647/809/298 659/822/310 660/823/310 648/810/298
f 648/810/297 660/823/309 661/824/309 649/811/297
f 649/811/296 661/824/308 662/825/436 650/812/432
f 650/812/432 662/825/436 663/826/85 651/813/88
f 651/813/88 663/826/85 664/827/437 652/814/433
f 652/815/433 664/828/437 665/829/317 653/816/305
f 653/816/304 665/829/316 666/830/316 654/817/304
f 654/817/303 666/830/315 667/831/315 655/818/303
f 655/818/302 667/831/314 668/832/438 656/819/434
f 656/819/434 668/832/438 657/820/78 645/807/80
f 657/820/78 669/833/76 670/834/439 658/821/435
f 658/821/435 670/834/439 671/835/323 659/822/311
f 659/822/310 671/835/322 672/836/322 660/823/310
f 660/823/309 672/836/321 673/837/321 661/824/309
f 661/824/308 673/837/320 674/838/440 662/825/436
f 662/825/436 674/838/440 675/839/81 663/826/85
f 663/826/85 675/839/81 676/840/441 664/827/437
f 664/828/437 676/841/441 677/842/329 665/829/317
f 665/829/316 677/842/328 678/843/328 666/830/316
f 666/830/315 678/843/327 679/844/327 667/831/315
f 667/831/314 679/844/326 680/845/442 668/832/438
f 668/832/438 680/845/442 669/833/76 657/820/78
f 669/833/76 681/846/74 682/847/443 670/834/439
f 670/834/439 682/847/443 683/848/335 671/835/323
f 671/835/322 683/848/334 684/849/334 672/836/322
f 672/836/321 684/849/333 685/850/333 673/837/321
f 673/837/320 685/850/332 686/851/444 674/838/440
f 674/838/440 686/851/444 687/852/79 675/839/81
f 675/839/81 687/852/79 688/853/445 676/840/441
f 676/841/441 688/854/445 689/855/341 677/842/329
f 677/842/328 689/855/340 690/856/340 678/843/328
f 678/843/327 690/856/339 691/857/339 679/844/327
f 679/844/326 691/857/338 692/858/446 680/845/442
f 680/845/442 692/858/446 681/846/74 669/833/76
f 681/846/74 693/859/71 694/860/447 682/847/443
f 682/847/443 694/860/447 695/861/347 683/848/335
f 683/848/334 695/861/346 696/862/346 684/849/334
f 684/849/333 696/862/345 697/863/345 685/850/333
f 685/850/332 697/863/448 698/864/449 686/851/444
f 686/851/444 698/864/449 699/865/77 687/852/79
f 687/852/79 699/865/77 700/866/450 688/853/445
f 688/854/445 700/867/450 701/868/353 689/855/341
f 689/855/340 701/868/352 702/869/352 690/856/340
f 690/856/339 702/869/351 703/870/351 691/857/339
f 691/857/338 703/870/350 704/871/451 692/858/446
f 692/858/446 704/871/451 693/859/71 681/846/74
f 693/859/71 321/443/72 322/446/164 694/860/447
f 694/860/447 322/446/164 323/448/166 695/861/347
f 695/861/346 323/448/167 324/450/167 696/862/346
f 696/862/345 324/450/169 325/452/169 697/863/345
f 697/863/448 325/452/171 326/454/174 698/864/449
f 698/864/449 326/454/174 327/456/75 699/865/77
f 699/865/77 327/456/75 328/458/176 700/866/450
f 700/867/450 328/459/176 329/462/178 701/868/353
f 701/868/352 329/462/179 330/464/179 702/869/352
f 702/869/351 330/464/181 331/466/181 703/870/351
f 703/870/350 331/466/183 332/468/186 704/871/451
f 704/871/451 332/468/186 321/443/72 693/859/71
f 705/872/126 708/219/129 130/220/129 129/873/126
f 769/874/452 771/875/453 772/876/454 770/877/455
f 771/875/453 773/878/456 774/879/457 772/876/454
f 773/878/456 775/880/458 776/881/459 774/879/457
f 775/880/458 777/882/460 778/883/461 776/881/459
f 777/882/460 779/884/462 780/885/463 778/883/461
f 779/884/462 781/886/464 782/887/465 780/885/463
f 781/886/464 783/888/466 784/889/467 782/887/465
f 783/888/466 785/890/468 786/891/469 784/889/467
f 785/890/468 787/892/470 788/893/471 786/891/469
f 787/892/470 789/894/472 790/895/473 788/893/471
f 789/894/472 791/896/474 792/897/475 790/895/473
f 791/896/474 793/898/476 794/899/477 792/897/475
f 793/898/476 795/900/478 796/901/479 794/899/477
f 795/900/478 797/902/480 798/903/481 796/901/479
f 797/902/480 799/904/482 800/905/483 798/903/481
f 799/904/482 801/906/484 802/907/485 800/905/483
f 801/906/484 803/908/486 804/909/487 802/907/485
f 803/908/486 805/910/488 806/911/489 804/909/487
f 805/910/488 807/912/490 808/913/491 806/911/489
f 807/912/490 809/914/492 810/915/493 808/913/491
f 809/914/492 811/916/494 812/917/495 810/915/493
f 811/916/494 813/918/496 814/919/497 812/917/495
f 813/918/496 815/920/498 816/921/499 814/919/497
f 815/920/498 817/922/500 818/923/501 816/921/499
f 817/922/500 819/924/502 820/925/503 818/923/501
f 819/924/502 821/926/504 822/927/505 820/925/503
f 821/926/504 823/928/506 824/929/507 822/927/505
f 823/928/506 825/930/508 826/931/509 824/929/507
f 825/930/508 827/932/510 828/933/511 826/931/509
f 827/932/510 829/934/512 830/935/513 828/933/511
f 829/934/512 831/936/514 832/937/515 830/935/513
f 868/938/130 932/939/130 931/940/130 867/941/130
f 881/942/130 945/943/130 944/944/130 880/945/130
f 899/946/130 898/947/130 1058/948/130 1059/949/130
f 947/950/516 979/951/516 978/952/517 946/953/517
f 960/954/518 992/955/518 991/956/519 959/957/519
f 895/958/130 959/959/130 958/960/130 894/961/130
f 882/962/130 946/963/130 945/943/130 881/942/130
f 869/964/130 933/965/130 932/939/130 868/938/130
f 896/966/130 960/967/130 959/959/130 895/958/130
f 883/968/130 947/969/130 946/963/130 882/962/130
f 870/970/130 934/971/130 933/965/130 869/964/130
f 866/972/130 930/973/130 960/967/130 896/966/130
f 884/974/130 948/975/130 947/969/130 883/968/130
f 871/976/130 935/977/130 934/971/130 870/970/130
f 885/978/130 949/979/130 948/975/130 884/974/130
f 872/980/130 936/981/130 935/977/130 871/976/130
f 886/982/130 950/983/130 949/979/130 885/978/130
f 873/984/130 937/985/130 936/981/130 872/980/130
f 887/986/130 951/987/130 950/983/130 886/982/130
f 874/988/130 938/989/130 937/985/130 873/984/130
f 888/990/130 952/991/130 951/987/130 887/986/130
f 875/992/130 939/993/130 938/989/130 874/988/130
f 889/994/130 953/995/130 952/991/130 888/990/130
f 876/996/130 940/997/130 939/993/130 875/992/130
f 890/998/130 954/999/130 953/995/130 889/994/130
f 877/1000/130 941/1001/130 940/997/130 876/996/130
f 891/1002/130 955/1003/130 954/999/130 890/998/130
f 878/1004/130 942/1005/130 941/1001/130 877/1000/130
f 892/1006/130 956/1007/130 955/1003/130 891/1002/130
f 879/1008/130 943/1009/130 942/1005/130 878/1004/130
f 865/1010/130 929/1011/130 930/973/130 866/972/130
f 893/1012/130 957/1013/130 956/1007/130 892/1006/130
f 880/945/130 944/944/130 943/1009/130 879/1008/130
f 867/941/130 931/940/130 929/1011/130 865/1010/130
f 894/961/130 958/960/130 957/1013/130 893/1012/130
f 971/1014/73 1003/1015/73 1002/1016/73 970/1017/73
f 984/1018/73 1016/1019/73 1015/1020/73 983/1021/73
f 934/1022/520 966/1023/520 965/1024/521 933/1025/521
f 930/1026/522 962/1027/522 992/955/518 960/954/518
f 948/1028/523 980/1029/523 979/951/516 947/950/516
f 935/1030/524 967/1031/524 966/1023/520 934/1022/520
f 949/1032/525 981/1033/525 980/1029/523 948/1028/523
f 936/1034/526 968/1035/526 967/1031/524 935/1030/524
f 950/1036/527 982/1037/527 981/1033/525 949/1032/525
f 937/1038/528 969/1039/528 968/1035/526 936/1034/526
f 951/1040/529 983/1041/529 982/1037/527 950/1036/527
f 938/1042/530 970/1043/530 969/1039/528 937/1038/528
f 952/1044/531 984/1045/531 983/1041/529 951/1040/529
f 939/1046/532 971/1047/532 970/1043/530 938/1042/530
f 953/1048/533 985/1049/533 984/1045/531 952/1044/531
f 940/1050/534 972/1051/534 971/1047/532 939/1046/532
f 954/1052/535 986/1053/535 985/1054/533 953/1055/533
f 941/1056/536 973/1057/536 972/1051/534 940/1050/534
f 955/1058/537 987/1059/537 986/1053/535 954/1052/535
f 942/1060/538 974/1061/538 973/1057/536 941/1056/536
f 956/1062/539 988/1063/539 987/1059/537 955/1058/537
f 943/1064/540 975/1065/540 974/1061/538 942/1060/538
f 929/1066/541 961/1067/541 962/1027/522 930/1026/522
f 957/1068/542 989/1069/542 988/1063/539 956/1062/539
f 944/1070/543 976/1071/543 975/1065/540 943/1064/540
f 931/1072/544 963/1073/544 961/1067/541 929/1066/541
f 958/1074/545 990/1075/545 989/1069/542 957/1068/542
f 945/1076/546 977/1077/546 976/1071/543 944/1070/543
f 932/1078/547 964/1079/547 963/1073/544 931/1072/544
f 959/957/519 991/956/519 990/1075/545 958/1074/545
f 946/953/517 978/952/517 977/1077/546 945/1076/546
f 933/1025/521 965/1024/521 964/1079/547 932/1078/547
f 985/1080/73 1017/1081/73 1016/1019/73 984/1018/73
f 972/1082/73 1004/1083/73 1003/1015/73 971/1014/73
f 986/1084/73 1018/1085/73 1017/1081/73 985/1080/73
f 973/1086/73 1005/1087/73 1004/1083/73 972/1082/73
f 987/1088/73 1019/1089/73 1018/1085/73 986/1084/73
f 974/1090/73 1006/1091/73 1005/1087/73 973/1086/73
f 988/1092/73 1020/1093/73 1019/1089/73 987/1088/73
f 975/1094/73 1007/1095/73 1006/1091/73 974/1090/73
f 961/1096/73 993/1097/73 994/1098/73 962/1099/73
f 989/1100/73 1021/1101/73 1020/1093/73 988/1092/73
f 976/1102/73 1008/1103/73 1007/1095/73 975/1094/73
f 963/1104/73 995/1105/73 993/1097/73 961/1096/73
f 990/1106/73 1022/1107/73 1021/1101/73 989/1100/73
f 977/1108/73 1009/1109/73 1008/1103/73 976/1102/73
f 964/1110/73 996/1111/73 995/1105/73 963/1104/73
f 991/1112/73 1023/1113/73 1022/1107/73 990/1106/73
f 978/1114/73 1010/1115/73 1009/1109/73 977/1108/73
f 965/1116/73 997/1117/73 996/1111/73 964/1110/73
f 992/1118/73 1024/1119/73 1023/1113/73 991/1112/73
f 979/1120/73 1011/1121/73 1010/1115/73 978/1114/73
f 966/1122/73 998/1123/73 997/1117/73 965/1116/73
f 962/1099/73 994/1098/73 1024/1119/73 992/1118/73
f 980/1124/73 1012/1125/73 1011/1121/73 979/1120/73
f 967/1126/73 999/1127/73 998/1123/73 966/1122/73
f 981/1128/73 1013/1129/73 1012/1125/73 980/1124/73
f 968/1130/73 1000/1131/73 999/1127/73 967/1126/73
f 982/1132/73 1014/1133/73 1013/1129/73 981/1128/73
f 969/1134/73 1001/1135/73 1000/1131/73 968/1130/73
f 983/1021/73 1015/1020/73 1014/1133/73 982/1132/73
f 970/1017/73 1002/1016/73 1001/1135/73 969/1134/73
f 831/936/514 769/1136/452 770/1137/455 832/937/515
f 1025/1138/548 897/1139/548 898/947/549 1026/1140/550
f 926/1141/130 925/1142/130 1085/1143/130 1086/1144/130
f 913/1145/130 912/1146/130 1072/1147/130 1073/1148/130
f 900/1149/130 899/946/130 1059/949/130 1060/1150/130
f 927/1151/130 926/1141/130 1086/1144/130 1087/1152/130
f 914/1153/130 913/1145/130 1073/1148/130 1074/1154/130
f 901/1155/130 900/1149/130 1060/1150/130 1061/1156/130
f 928/1157/130 927/1151/130 1087/1152/130 1088/1158/130
f 915/1159/130 914/1153/130 1074/1154/130 1075/1160/130
f 902/1161/130 901/1155/130 1061/1156/130 1062/1162/130
f 897/1163/130 928/1157/130 1088/1158/130 1057/1164/130
f 916/1165/130 915/1159/130 1075/1160/130 1076/1166/130
f 903/1167/130 902/1161/130 1062/1162/130 1063/1168/130
f 917/1169/130 916/1165/130 1076/1166/130 1077/1170/130
f 904/1171/130 903/1167/130 1063/1168/130 1064/1172/130
f 918/1173/130 917/1169/130 1077/1170/130 1078/1174/130
f 905/1175/130 904/1171/130 1064/1172/130 1065/1176/130
f 919/1177/130 918/1173/130 1078/1174/130 1079/1178/130
f 906/1179/130 905/1175/130 1065/1176/130 1066/1180/130
f 920/1181/130 919/1177/130 1079/1178/130 1080/1182/130
f 907/1183/130 906/1179/130 1066/1180/130 1067/1184/130
f 921/1185/130 920/1181/130 1080/1182/130 1081/1186/130
f 908/1187/130 907/1183/130 1067/1184/130 1068/1188/130
f 922/1189/130 921/1185/130 1081/1186/130 1082/1190/130
f 909/1191/130 908/1187/130 1068/1188/130 1069/1192/130
f 923/1193/130 922/1189/130 1082/1190/130 1083/1194/130
f 910/1195/130 909/1191/130 1069/1192/130 1070/1196/130
f 924/1197/130 923/1193/130 1083/1194/130 1084/1198/130
f 911/1199/130 910/1195/130 1070/1196/130 1071/1200/130
f 898/947/130 897/1139/130 1057/1201/130 1058/948/130
f 925/1142/130 924/1197/130 1084/1198/130 1085/1143/130
f 912/1146/130 911/1199/130 1071/1200/130 1072/1147/130
f 7/8/8 9/10/10 1125/1202/91 1124/205/89
f 61/62/62 63/64/64 1152/1203/92 1151/199/90
f 35/36/36 37/38/38 1139/1204/93 1138/69/67
f 9/10/10 11/12/12 1126/1205/94 1125/1202/91
f 63/64/64 1/442/1 1121/1206/84 1152/1203/92
f 37/38/38 39/40/40 1140/1207/95 1139/1204/93
f 11/12/12 13/14/14 1127/1208/96 1126/1205/94
f 39/40/40 41/42/42 1141/1209/97 1140/1207/95
f 13/14/14 15/16/16 1128/1210/98 1127/1208/96
f 41/42/42 43/44/44 1142/1211/99 1141/1209/97
f 15/16/16 17/18/18 1129/1212/72 1128/1210/98
f 43/44/44 45/46/46 1143/1213/70 1142/1211/99
f 17/18/18 19/20/20 1130/1214/71 1129/1212/72
f 45/46/46 47/48/48 1144/222/69 1143/1213/70
f 19/20/20 21/22/22 1131/221/74 1130/1214/71
f 1285/1215/551 1325/1216/551 1324/1217/552 1287/1218/553
f 1287/1218/553 1324/1217/552 1323/1219/554 1289/1220/555
f 1289/1220/555 1323/1219/554 1322/1221/556 1291/1222/557
f 1291/1222/557 1322/1221/556 1318/1223/558 1293/1224/559
f 1293/1224/559 1318/1223/558 1319/1225/560 1295/1226/561
f 1303/1227/562 1321/1228/562 1326/1229/562 1316/1230/562
f 1297/1231/563 1336/1232/563 1330/1233/564 1299/1234/564
f 1299/1234/564 1330/1233/564 1335/1235/565 1301/1236/565
f 1313/1237/562 1320/1238/562 1321/1228/562 1303/1227/562
f 1305/1239/562 1314/1240/562 1337/1241/562 1331/1242/562
f 1314/1240/562 1311/1243/566 1329/1244/561 1337/1241/562
f 1310/1245/567 1308/1246/568 1338/1247/557 1327/1248/559
f 1306/1249/569 1309/1250/551 1328/1251/551 1332/1252/553
f 1311/1243/566 1310/1245/567 1327/1248/559 1329/1244/561
f 1307/1253/570 1306/1249/569 1332/1252/553 1334/1254/555
f 1308/1246/568 1307/1253/570 1334/1254/555 1338/1247/557
f 1295/1226/561 1319/1225/560 1320/1238/562 1313/1237/562
f 1316/1230/562 1326/1229/562 1317/1255/562 1333/1256/562 1336/1232/563 1297/1231/563
f 1317/1255/562 1305/1239/562 1331/1242/562 1333/1256/562
f 1331/1257/562 1337/1258/562 1312/1259/562 1304/1260/562
f 1330/1261/564 1336/1262/563 1298/1263/563 1300/1264/564
f 1329/1265/561 1327/1266/559 1294/1267/559 1296/1268/561
f 1337/1258/562 1329/1265/561 1296/1268/561 1312/1259/562
f 1336/1262/563 1333/1269/562 1315/1270/562 1298/1263/563
f 1335/1271/565 1330/1261/564 1300/1264/564 1302/1272/565
f 1334/1273/555 1332/1274/553 1288/1275/553 1290/1276/555
f 1327/1266/559 1338/1277/557 1292/1278/557 1294/1267/559
f 1333/1269/562 1331/1257/562 1304/1260/562 1315/1270/562
f 1338/1277/557 1334/1273/555 1290/1276/555 1292/1278/557
f 1332/1274/553 1328/1279/551 1286/1280/551 1288/1275/553
f 1285/1215/551 1339/1281/571 1375/1282/572 1325/1216/551
f 1339/1281/571 1341/1283/573 1374/1284/574 1375/1282/572
f 1341/1283/573 1343/1285/575 1373/1286/576 1374/1284/574
f 1343/1285/575 1345/1287/577 1369/1288/578 1373/1286/576
f 1345/1287/577 1347/1289/579 1370/1290/580 1369/1288/578
f 1355/1291/581 1367/1292/581 1376/1293/581 1372/1294/581
f 1349/1295/582 1351/1296/583 1379/1297/583 1385/1298/582
f 1351/1296/583 1353/1299/584 1384/1300/584 1379/1297/583
f 1364/1301/581 1355/1291/581 1372/1294/581 1371/1302/581
f 1357/1303/581 1380/1304/581 1386/1305/581 1365/1306/581
f 1365/1306/581 1386/1305/581 1378/1307/579 1362/1308/585
f 1361/1309/586 1377/1310/577 1387/1311/575 1360/1312/587
f 1358/1313/588 1381/1314/571 1328/1251/551 1309/1250/551
f 1362/1308/585 1378/1307/579 1377/1310/577 1361/1309/586
f 1359/1315/589 1383/1316/573 1381/1314/571 1358/1313/588
f 1360/1312/587 1387/1311/575 1383/1316/573 1359/1315/589
f 1347/1289/579 1364/1301/581 1371/1302/581 1370/1290/580
f 1367/1292/581 1349/1295/582 1385/1298/582 1382/1317/581 1368/1318/581 1376/1293/581
f 1368/1318/581 1382/1317/581 1380/1304/581 1357/1303/581
f 1380/1319/581 1356/1320/581 1363/1321/581 1386/1322/581
f 1379/1323/583 1352/1324/583 1350/1325/582 1385/1326/582
f 1378/1327/579 1348/1328/579 1346/1329/577 1377/1330/577
f 1386/1322/581 1363/1321/581 1348/1328/579 1378/1327/579
f 1385/1326/582 1350/1325/582 1366/1331/581 1382/1332/581
f 1384/1333/584 1354/1334/584 1352/1324/583 1379/1323/583
f 1383/1335/573 1342/1336/573 1340/1337/571 1381/1338/571
f 1377/1330/577 1346/1329/577 1344/1339/575 1387/1340/575
f 1382/1332/581 1366/1331/581 1356/1320/581 1380/1319/581
f 1387/1340/575 1344/1339/575 1342/1336/573 1383/1335/573
f 1381/1338/571 1340/1337/571 1286/1280/551 1328/1279/551
f 1388/1341/590 1390/1342/591 1425/1343/592 1426/1344/590
f 1390/1342/591 1392/1345/593 1424/1346/594 1425/1343/592
f 1392/1345/593 1394/1347/595 1423/1348/596 1424/1346/594
f 1394/1347/595 1396/1349/597 1419/1350/598 1423/1348/596
f 1396/1349/597 1398/1351/599 1420/1352/600 1419/1350/598
f 1404/1353/601 1417/1354/601 1427/1355/601 1422/1356/601
f 1400/1357/602 1402/1358/603 1431/1359/603 1436/1360/602
f 1402/1358/603 1301/1236/565 1335/1235/565 1431/1359/603
f 1414/1361/601 1404/1353/601 1422/1356/601 1421/1362/601
f 1406/1363/601 1432/1364/601 1437/1365/601 1415/1366/601
f 1415/1366/601 1437/1365/601 1430/1367/599 1412/1368/604
f 1411/1369/605 1428/1370/597 1438/1371/595 1409/1372/606
f 1407/1373/607 1433/1374/591 1429/1375/590 1410/1376/590
f 1412/1368/604 1430/1367/599 1428/1370/597 1411/1369/605
f 1408/1377/608 1435/1378/593 1433/1374/591 1407/1373/607
f 1409/1372/606 1438/1371/595 1435/1378/593 1408/1377/608
f 1398/1351/599 1414/1361/601 1421/1362/601 1420/1352/600
f 1417/1354/601 1400/1357/602 1436/1360/602 1434/1379/601 1418/1380/601 1427/1355/601
f 1418/1380/601 1434/1379/601 1432/1364/601 1406/1363/601
f 1432/1381/601 1405/1382/601 1413/1383/601 1437/1384/601
f 1431/1385/603 1403/1386/603 1401/1387/602 1436/1388/602
f 1430/1389/599 1399/1390/599 1397/1391/597 1428/1392/597
f 1437/1384/601 1413/1383/601 1399/1390/599 1430/1389/599
f 1436/1388/602 1401/1387/602 1416/1393/601 1434/1394/601
f 1335/1271/565 1302/1272/565 1403/1386/603 1431/1385/603
f 1435/1395/593 1393/1396/593 1391/1397/591 1433/1398/591
f 1428/1392/597 1397/1391/597 1395/1399/595 1438/1400/595
f 1434/1394/601 1416/1393/601 1405/1382/601 1432/1381/601
f 1438/1400/595 1395/1399/595 1393/1396/593 1435/1395/593
f 1433/1398/591 1391/1397/591 1389/1401/590 1429/1402/590
f 1388/1341/590 1426/1344/590 1473/1403/609 1439/1404/610
f 1439/1404/610 1473/1403/609 1472/1405/611 1441/1406/612
f 1441/1406/612 1472/1405/611 1471/1407/613 1443/1408/614
f 1443/1408/614 1471/1407/613 1467/1409/615 1445/1410/616
f 1445/1410/616 1467/1409/615 1468/1411/617 1447/1412/618
f 1453/1413/619 1470/1414/619 1474/1415/619 1465/1416/619
f 1449/1417/620 1482/1418/620 1477/1419/621 1451/1420/621
f 1451/1420/621 1477/1419/621 1384/1300/584 1353/1299/584
f 1462/1421/619 1469/1422/619 1470/1414/619 1453/1413/619
f 1455/1423/619 1463/1424/619 1483/1425/619 1478/1426/619
f 1463/1424/619 1460/1427/622 1476/1428/618 1483/1425/619
f 1459/1429/623 1458/1430/624 1484/1431/614 1475/1432/616
f 1456/1433/625 1410/1376/590 1429/1375/590 1479/1434/610
f 1460/1427/622 1459/1429/623 1475/1432/616 1476/1428/618
f 1457/1435/626 1456/1433/625 1479/1434/610 1481/1436/612
f 1458/1430/624 1457/1435/626 1481/1436/612 1484/1431/614
f 1447/1412/618 1468/1411/617 1469/1422/619 1462/1421/619
f 1465/1416/619 1474/1415/619 1466/1437/619 1480/1438/619 1482/1418/620 1449/1417/620
f 1466/1437/619 1455/1423/619 1478/1426/619 1480/1438/619
f 1478/1439/619 1483/1440/619 1461/1441/619 1454/1442/619
f 1477/1443/621 1482/1444/620 1450/1445/620 1452/1446/621
f 1476/1447/618 1475/1448/616 1446/1449/616 1448/1450/618
f 1483/1440/619 1476/1447/618 1448/1450/618 1461/1441/619
f 1482/1444/620 1480/1451/619 1464/1452/619 1450/1445/620
f 1384/1333/584 1477/1443/621 1452/1446/621 1354/1334/584
f 1481/1453/612 1479/1454/610 1440/1455/610 1442/1456/612
f 1475/1448/616 1484/1457/614 1444/1458/614 1446/1449/616
f 1480/1451/619 1478/1439/619 1454/1442/619 1464/1452/619
f 1484/1457/614 1481/1453/612 1442/1456/612 1444/1458/614
f 1479/1454/610 1429/1402/590 1389/1401/590 1440/1455/610
f 1485/1459/590 1487/1460/610 1524/1461/609 1525/1462/590
f 1487/1460/610 1489/1463/627 1523/1464/628 1524/1461/609
f 1489/1463/627 1491/1465/629 1522/1466/630 1523/1464/628
f 1491/1465/629 1493/1467/631 1518/1468/632 1522/1466/630
f 1493/1467/631 1495/1469/633 1519/1470/634 1518/1468/632
f 1503/1471/619 1516/1472/635 1526/1473/636 1521/1474/619
f 1497/1475/637 1499/1476/621 1530/1477/621 1536/1478/637
f 1499/1476/621 1501/1479/584 1535/1480/584 1530/1477/621
f 1513/1481/638 1503/1471/619 1521/1474/619 1520/1482/639
f 1505/1483/619 1531/1484/619 1537/1485/640 1514/1486/639
f 1514/1486/639 1537/1485/640 1529/1487/641 1511/1488/642
f 1510/1489/643 1527/1490/644 1538/1491/645 1508/1492/646
f 1506/1493/625 1532/1494/610 1528/1495/590 1509/1496/590
f 1511/1488/642 1529/1487/641 1527/1490/644 1510/1489/643
f 1507/1497/647 1534/1498/648 1532/1494/610 1506/1493/625
f 1508/1492/646 1538/1491/645 1534/1498/648 1507/1497/647
f 1495/1469/633 1513/1481/638 1520/1482/639 1519/1470/634
f 1516/1472/635 1497/1475/637 1536/1478/637 1533/1499/635 1517/1500/636 1526/1473/636
f 1517/1500/636 1533/1499/635 1531/1484/619 1505/1483/619
f 1531/1501/619 1504/1502/619 1512/1503/649 1537/1504/640
f 1530/1505/621 1500/1506/621 1498/1507/637 1536/1508/637
f 1529/1509/641 1496/1510/650 1494/1511/616 1527/1512/644
f 1537/1504/640 1512/1503/649 1496/1510/650 1529/1509/641
f 1536/1508/637 1498/1507/637 1515/1513/635 1533/1514/635
f 1535/1515/584 1502/1516/584 1500/1506/621 1530/1505/621
f 1534/1517/648 1490/1518/612 1488/1519/610 1532/1520/610
f 1527/1512/644 1494/1511/616 1492/1521/614 1538/1522/645
f 1533/1514/635 1515/1513/635 1504/1502/619 1531/1501/619
f 1538/1522/645 1492/1521/614 1490/1518/612 1534/1517/648
f 1532/1520/610 1488/1519/610 1486/1523/590 1528/1524/590
f 1485/1459/590 1525/1462/590 1575/1525/592 1539/1526/591
f 1539/1526/591 1575/1525/592 1574/1527/651 1541/1528/652
f 1541/1528/652 1574/1527/651 1573/1529/653 1543/1530/654
f 1543/1530/654 1573/1529/653 1569/1531/605 1545/1532/655
f 1545/1532/655 1569/1531/605 1570/1533/656 1547/1534/657
f 1555/1535/601 1572/1536/601 1576/1537/658 1567/1538/659
f 1549/1539/660 1585/1540/660 1579/1541/603 1551/1542/603
f 1551/1542/603 1579/1541/603 1584/1543/565 1553/1544/565
f 1564/1545/661 1571/1546/662 1572/1536/601 1555/1535/601
f 1557/1547/601 1565/1548/662 1586/1549/663 1580/1550/601
f 1565/1548/662 1562/1551/664 1578/1552/665 1586/1549/663
f 1561/1553/666 1560/1554/667 1587/1555/668 1577/1556/669
f 1558/1557/607 1509/1496/590 1528/1495/590 1581/1558/591
f 1562/1551/664 1561/1553/666 1577/1556/669 1578/1552/665
f 1559/1559/670 1558/1557/607 1581/1558/591 1583/1560/593
f 1560/1554/667 1559/1559/670 1583/1560/593 1587/1555/668
f 1547/1534/657 1570/1533/656 1571/1546/662 1564/1545/661
f 1567/1538/659 1576/1537/658 1568/1561/658 1582/1562/659 1585/1540/660 1549/1539/660
f 1568/1561/658 1557/1547/601 1580/1550/601 1582/1562/659
f 1580/1563/601 1586/1564/663 1563/1565/671 1556/1566/601
f 1579/1567/603 1585/1568/660 1550/1569/660 1552/1570/603
f 1578/1571/665 1577/1572/669 1546/1573/597 1548/1574/672
f 1586/1564/663 1578/1571/665 1548/1574/672 1563/1565/671
f 1585/1568/660 1582/1575/659 1566/1576/659 1550/1569/660
f 1584/1577/565 1579/1567/603 1552/1570/603 1554/1578/565
f 1583/1579/593 1581/1580/591 1540/1581/591 1542/1582/593
f 1577/1572/669 1587/1583/668 1544/1584/595 1546/1573/597
f 1582/1575/659 1580/1563/601 1556/1566/601 1566/1576/659
f 1587/1583/668 1583/1579/593 1542/1582/593 1544/1584/595
f 1581/1580/591 1528/1524/590 1486/1523/590 1540/1581/591
f 1588/1585/551 1626/1586/551 1625/1587/572 1590/1588/571
f 1590/1588/571 1625/1587/572 1624/1589/673 1592/1590/674
f 1592/1590/674 1624/1589/673 1623/1591/675 1594/1592/676
f 1594/1592/676 1623/1591/675 1619/1593/586 1596/1594/677
f 1596/1594/677 1619/1593/586 1620/1595/678 1598/1596/679
f 1604/1597/581 1622/1598/581 1627/1599/680 1617/1600/681
f 1600/1601/682 1636/1602/682 1631/1603/583 1602/1604/583
f 1602/1604/583 1631/1603/583 1535/1480/584 1501/1479/584
f 1614/1605/683 1621/1606/684 1622/1598/581 1604/1597/581
f 1606/1607/581 1615/1608/684 1637/1609/685 1632/1610/581
f 1615/1608/684 1612/1611/686 1630/1612/687 1637/1609/685
f 1611/1613/688 1609/1614/689 1638/1615/690 1628/1616/691
f 1607/1617/588 1610/1618/551 1629/1619/551 1633/1620/571
f 1612/1611/686 1611/1613/688 1628/1616/691 1630/1612/687
f 1608/1621/692 1607/1617/588 1633/1620/571 1635/1622/573
f 1609/1614/689 1608/1621/692 1635/1622/573 1638/1615/690
f 1598/1596/679 1620/1595/678 1621/1606/684 1614/1605/683
f 1617/1600/681 1627/1599/680 1618/1623/680 1634/1624/681 1636/1602/682 1600/1601/682
f 1618/1623/680 1606/1607/581 1632/1610/581 1634/1624/681
f 1632/1625/581 1637/1626/685 1613/1627/693 1605/1628/581
f 1631/1629/583 1636/1630/682 1601/1631/682 1603/1632/583
f 1630/1633/687 1628/1634/691 1597/1635/577 1599/1636/694
f 1637/1626/685 1630/1633/687 1599/1636/694 1613/1627/693
f 1636/1630/682 1634/1637/681 1616/1638/681 1601/1631/682
f 1535/1515/584 1631/1629/583 1603/1632/583 1502/1516/584
f 1635/1639/573 1633/1640/571 1591/1641/571 1593/1642/573
f 1628/1634/691 1638/1643/690 1595/1644/575 1597/1635/577
f 1634/1637/681 1632/1625/581 1605/1628/581 1616/1638/681
f 1638/1643/690 1635/1639/573 1593/1642/573 1595/1644/575
f 1633/1640/571 1629/1645/551 1589/1646/551 1591/1641/571
f 1588/1585/551 1639/1647/553 1673/1648/552 1626/1586/551
f 1639/1647/553 1641/1649/695 1672/1650/696 1673/1648/552
f 1641/1649/695 1643/1651/697 1671/1652/698 1672/1650/696
f 1643/1651/697 1645/1653/699 1667/1654/700 1671/1652/698
f 1645/1653/699 1647/1655/701 1668/1656/702 1667/1654/700
f 1653/1657/562 1665/1658/703 1674/1659/704 1670/1660/562
f 1649/1661/705 1651/1662/564 1677/1663/564 1682/1664/705
f 1651/1662/564 1553/1544/565 1584/1543/565 1677/1663/564
f 1662/1665/706 1653/1657/562 1670/1660/562 1669/1666/707
f 1655/1667/562 1678/1668/562 1683/1669/708 1663/1670/707
f 1663/1670/707 1683/1669/708 1676/1671/709 1660/1672/710
f 1659/1673/711 1675/1674/712 1684/1675/713 1658/1676/714
f 1656/1677/569 1679/1678/553 1629/1619/551 1610/1618/551
f 1660/1672/710 1676/1671/709 1675/1674/712 1659/1673/711
f 1657/1679/715 1681/1680/716 1679/1678/553 1656/1677/569
f 1658/1676/714 1684/1675/713 1681/1680/716 1657/1679/715
f 1647/1655/701 1662/1665/706 1669/1666/707 1668/1656/702
f 1665/1658/703 1649/1661/705 1682/1664/705 1680/1681/703 1666/1682/704 1674/1659/704
f 1666/1682/704 1680/1681/703 1678/1668/562 1655/1667/562
f 1678/1683/562 1654/1684/562 1661/1685/717 1683/1686/708
f 1677/1687/564 1652/1688/564 1650/1689/705 1682/1690/705
f 1676/1691/709 1648/1692/718 1646/1693/559 1675/1694/712
f 1683/1686/708 1661/1685/717 1648/1692/718 1676/1691/709
f 1682/1690/705 1650/1689/705 1664/1695/703 1680/1696/703
f 1584/1577/565 1554/1578/565 1652/1688/564 1677/1687/564
f 1681/1697/716 1642/1698/555 1640/1699/553 1679/1700/553
f 1675/1694/712 1646/1693/559 1644/1701/557 1684/1702/713
f 1680/1696/703 1664/1695/703 1654/1684/562 1678/1683/562
f 1684/1702/713 1644/1701/557 1642/1698/555 1681/1697/716
f 1679/1700/553 1640/1699/553 1589/1646/551 1629/1645/551
f 1285/1215/130 1287/1218/130 1487/1460/130 1485/1459/130
f 1288/1275/73 1286/1280/73 1486/1523/73 1488/1519/73
f 1287/1218/130 1289/1220/130 1489/1463/130 1487/1460/130
f 1290/1276/73 1288/1275/73 1488/1519/73 1490/1518/73
f 1289/1220/130 1291/1222/130 1491/1465/130 1489/1463/130
f 1292/1278/73 1290/1276/73 1490/1518/73 1492/1521/73
f 1291/1222/130 1293/1224/130 1493/1467/130 1491/1465/130
f 1294/1267/73 1292/1278/73 1492/1521/73 1494/1511/73
f 1293/1224/130 1295/1226/130 1495/1469/130 1493/1467/130
f 1296/1268/73 1294/1267/73 1494/1511/73 1496/1510/73
f 1316/1230/130 1297/1231/130 1497/1475/130 1516/1472/130
f 1312/1259/73 1296/1268/73 1496/1510/73 1512/1503/73
f 1297/1231/130 1299/1234/130 1499/1476/130 1497/1475/130
f 1300/1264/73 1298/1263/73 1498/1507/73 1500/1506/73
f 1299/1234/130 1301/1236/130 1501/1479/130 1499/1476/130
f 1302/1272/73 1300/1264/73 1500/1506/73 1502/1516/73
f 1313/1237/130 1303/1227/130 1503/1471/130 1513/1481/130
f 1315/1270/73 1304/1260/73 1504/1502/73 1515/1513/73
f 1311/1243/719 1314/1240/720 1514/1486/720 1511/1488/721
f 1308/1246/722 1310/1245/723 1510/1489/724 1508/1492/725
f 1309/1250/726 1306/1249/727 1506/1493/728 1509/1496/726
f 1310/1245/723 1311/1243/719 1511/1488/721 1510/1489/724
f 1306/1249/727 1307/1253/729 1507/1497/730 1506/1493/728
f 1307/1253/729 1308/1246/722 1508/1492/725 1507/1497/730
f 1304/1260/73 1312/1259/73 1512/1503/73 1504/1502/73
f 1295/1226/130 1313/1237/130 1513/1481/130 1495/1469/130
f 1314/1240/731 1305/1239/732 1505/1483/732 1514/1486/731
f 1298/1263/73 1315/1270/73 1515/1513/73 1498/1507/73
f 1303/1227/130 1316/1230/130 1516/1472/130 1503/1471/130
f 1305/1239/732 1317/1255/733 1517/1500/733 1505/1483/732
f 1321/1228/734 1320/1238/735 1520/1482/736 1521/1474/734
f 1320/1238/735 1319/1225/737 1519/1470/738 1520/1482/736
f 1319/1225/737 1318/1223/739 1518/1468/740 1519/1470/738
f 1318/1223/739 1322/1221/741 1522/1466/742 1518/1468/740
f 1322/1221/741 1323/1219/743 1523/1464/744 1522/1466/742
f 1323/1219/743 1324/1217/745 1524/1461/745 1523/1464/744
f 1324/1217/745 1325/1216/746 1525/1462/746 1524/1461/745
f 1317/1255/733 1326/1229/747 1526/1473/747 1517/1500/733
f 1326/1229/747 1321/1228/734 1521/1474/734 1526/1473/747
f 1339/1281/130 1285/1215/130 1485/1459/130 1539/1526/130
f 1286/1280/73 1340/1337/73 1540/1581/73 1486/1523/73
f 1341/1283/130 1339/1281/130 1539/1526/130 1541/1528/130
f 1340/1337/73 1342/1336/73 1542/1582/73 1540/1581/73
f 1343/1285/130 1341/1283/130 1541/1528/130 1543/1530/130
f 1342/1336/73 1344/1339/73 1544/1584/73 1542/1582/73
f 1345/1287/130 1343/1285/130 1543/1530/130 1545/1532/130
f 1344/1339/73 1346/1329/73 1546/1573/73 1544/1584/73
f 1347/1289/130 1345/1287/130 1545/1532/130 1547/1534/130
f 1346/1329/73 1348/1328/73 1548/1574/73 1546/1573/73
f 1349/1295/130 1367/1292/130 1567/1538/130 1549/1539/130
f 1348/1328/73 1363/1321/73 1563/1565/73 1548/1574/73
f 1351/1296/130 1349/1295/130 1549/1539/130 1551/1542/130
f 1350/1325/73 1352/1324/73 1552/1570/73 1550/1569/73
f 1353/1299/130 1351/1296/130 1551/1542/130 1553/1544/130
f 1352/1324/73 1354/1334/73 1554/1578/73 1552/1570/73
f 1355/1291/130 1364/1301/130 1564/1545/130 1555/1535/130
f 1356/1320/73 1366/1331/73 1566/1576/73 1556/1566/73
f 1365/1306/748 1362/1308/749 1562/1551/750 1565/1548/748
f 1361/1309/751 1360/1312/752 1560/1554/753 1561/1553/754
f 1358/1313/755 1309/1250/726 1509/1496/726 1558/1557/756
f 1362/1308/749 1361/1309/751 1561/1553/754 1562/1551/750
f 1359/1315/757 1358/1313/755 1558/1557/756 1559/1559/758
f 1360/1312/752 1359/1315/757 1559/1559/758 1560/1554/753
f 1363/1321/73 1356/1320/73 1556/1566/73 1563/1565/73
f 1364/1301/130 1347/1289/130 1547/1534/130 1564/1545/130
f 1357/1303/759 1365/1306/760 1565/1548/760 1557/1547/759
f 1366/1331/73 1350/1325/73 1550/1569/73 1566/1576/73
f 1367/1292/130 1355/1291/130 1555/1535/130 1567/1538/130
f 1368/1318/761 1357/1303/759 1557/1547/759 1568/1561/761
f 1371/1302/762 1372/1294/763 1572/1536/763 1571/1546/764
f 1370/1290/765 1371/1302/762 1571/1546/764 1570/1533/766
f 1369/1288/767 1370/1290/765 1570/1533/766 1569/1531/768
f 1373/1286/769 1369/1288/767 1569/1531/768 1573/1529/770
f 1374/1284/771 1373/1286/769 1573/1529/770 1574/1527/772
f 1375/1282/773 1374/1284/771 1574/1527/772 1575/1525/773
f 1325/1216/746 1375/1282/773 1575/1525/773 1525/1462/746
f 1376/1293/774 1368/1318/761 1568/1561/761 1576/1537/774
f 1372/1294/763 1376/1293/774 1576/1537/774 1572/1536/763
f 1390/1342/130 1388/1341/130 1588/1585/130 1590/1588/130
f 1389/1401/73 1391/1397/73 1591/1641/73 1589/1646/73
f 1392/1345/130 1390/1342/130 1590/1588/130 1592/1590/130
f 1391/1397/73 1393/1396/73 1593/1642/73 1591/1641/73
f 1394/1347/130 1392/1345/130 1592/1590/130 1594/1592/130
f 1393/1396/73 1395/1399/73 1595/1644/73 1593/1642/73
f 1396/1349/130 1394/1347/130 1594/1592/130 1596/1594/130
f 1395/1399/73 1397/1391/73 1597/1635/73 1595/1644/73
f 1398/1351/130 1396/1349/130 1596/1594/130 1598/1596/130
f 1397/1391/73 1399/1390/73 1599/1636/73 1597/1635/73
f 1400/1357/130 1417/1354/130 1617/1600/130 1600/1601/130
f 1399/1390/73 1413/1383/73 1613/1627/73 1599/1636/73
f 1402/1358/130 1400/1357/130 1600/1601/130 1602/1604/130
f 1401/1387/73 1403/1386/73 1603/1632/73 1601/1631/73
f 1301/1236/130 1402/1358/130 1602/1604/130 1501/1479/130
f 1403/1386/73 1302/1272/73 1502/1516/73 1603/1632/73
f 1404/1353/130 1414/1361/130 1614/1605/130 1604/1597/130
f 1405/1382/73 1416/1393/73 1616/1638/73 1605/1628/73
f 1415/1366/775 1412/1368/776 1612/1611/777 1615/1608/775
f 1411/1369/778 1409/1372/779 1609/1614/780 1611/1613/781
f 1407/1373/782 1410/1376/783 1610/1618/783 1607/1617/784
f 1412/1368/776 1411/1369/778 1611/1613/781 1612/1611/777
f 1408/1377/785 1407/1373/782 1607/1617/784 1608/1621/786
f 1409/1372/779 1408/1377/785 1608/1621/786 1609/1614/780
f 1413/1383/73 1405/1382/73 1605/1628/73 1613/1627/73
f 1414/1361/130 1398/1351/130 1598/1596/130 1614/1605/130
f 1406/1363/787 1415/1366/788 1615/1608/788 1606/1607/787
f 1416/1393/73 1401/1387/73 1601/1631/73 1616/1638/73
f 1417/1354/130 1404/1353/130 1604/1597/130 1617/1600/130
f 1418/1380/789 1406/1363/787 1606/1607/787 1618/1623/789
f 1421/1362/790 1422/1356/791 1622/1598/791 1621/1606/792
f 1420/1352/793 1421/1362/790 1621/1606/792 1620/1595/794
f 1419/1350/795 1420/1352/793 1620/1595/794 1619/1593/796
f 1423/1348/797 1419/1350/795 1619/1593/796 1623/1591/798
f 1424/1346/799 1423/1348/797 1623/1591/798 1624/1589/800
f 1425/1343/801 1424/1346/799 1624/1589/800 1625/1587/801
f 1426/1344/802 1425/1343/801 1625/1587/801 1626/1586/802
f 1427/1355/803 1418/1380/789 1618/1623/789 1627/1599/803
f 1422/1356/791 1427/1355/803 1627/1599/803 1622/1598/791
f 1388/1341/130 1439/1404/130 1639/1647/130 1588/1585/130
f 1440/1455/73 1389/1401/73 1589/1646/73 1640/1699/73
f 1439/1404/130 1441/1406/130 1641/1649/130 1639/1647/130
f 1442/1456/73 1440/1455/73 1640/1699/73 1642/1698/73
f 1441/1406/130 1443/1408/130 1643/1651/130 1641/1649/130
f 1444/1458/73 1442/1456/73 1642/1698/73 1644/1701/73
f 1443/1408/130 1445/1410/130 1645/1653/130 1643/1651/130
f 1446/1449/73 1444/1458/73 1644/1701/73 1646/1693/73
f 1445/1410/130 1447/1412/130 1647/1655/130 1645/1653/130
f 1448/1450/73 1446/1449/73 1646/1693/73 1648/1692/73
f 1465/1416/130 1449/1417/130 1649/1661/130 1665/1658/130
f 1461/1441/73 1448/1450/73 1648/1692/73 1661/1685/73
f 1449/1417/130 1451/1420/130 1651/1662/130 1649/1661/130
f 1452/1446/73 1450/1445/73 1650/1689/73 1652/1688/73
f 1451/1420/130 1353/1299/130 1553/1544/130 1651/1662/130
f 1354/1334/73 1452/1446/73 1652/1688/73 1554/1578/73
f 1462/1421/130 1453/1413/130 1653/1657/130 1662/1665/130
f 1464/1452/73 1454/1442/73 1654/1684/73 1664/1695/73
f 1460/1427/804 1463/1424/805 1663/1670/805 1660/1672/806
f 1458/1430/807 1459/1429/808 1659/1673/809 1658/1676/810
f 1410/1376/783 1456/1433/811 1656/1677/812 1610/1618/783
f 1459/1429/808 1460/1427/804 1660/1672/806 1659/1673/809
f 1456/1433/811 1457/1435/813 1657/1679/814 1656/1677/812
f 1457/1435/813 1458/1430/807 1658/1676/810 1657/1679/814
f 1454/1442/73 1461/1441/73 1661/1685/73 1654/1684/73
f 1447/1412/130 1462/1421/130 1662/1665/130 1647/1655/130
f 1463/1424/815 1455/1423/816 1655/1667/816 1663/1670/815
f 1450/1445/73 1464/1452/73 1664/1695/73 1650/1689/73
f 1453/1413/130 1465/1416/130 1665/1658/130 1653/1657/130
f 1455/1423/816 1466/1437/817 1666/1682/817 1655/1667/816
f 1470/1414/818 1469/1422/819 1669/1666/820 1670/1660/818
f 1469/1422/819 1468/1411/821 1668/1656/822 1669/1666/820
f 1468/1411/821 1467/1409/823 1667/1654/824 1668/1656/822
f 1467/1409/823 1471/1407/825 1671/1652/826 1667/1654/824
f 1471/1407/825 1472/1405/827 1672/1650/828 1671/1652/826
f 1472/1405/827 1473/1403/829 1673/1648/829 1672/1650/828
f 1473/1403/829 1426/1344/802 1626/1586/802 1673/1648/829
f 1466/1437/817 1474/1415/830 1674/1659/830 1666/1682/817
f 1474/1415/830 1470/1414/818 1670/1660/818 1674/1659/830
usemtl MI_Trim_02
f 38/1703/130 36/1704/130 82/1705/130 83/1706/130
f 20/1707/130 18/1708/130 73/1709/130 74/1710/130
f 56/1711/130 54/1712/130 91/1713/130 92/1714/130
f 12/1715/130 10/1716/130 69/1717/130 70/1718/130
f 30/1719/130 28/1720/130 78/1721/130 79/1722/130
f 48/1723/130 46/1724/130 87/1725/130 88/1726/130
f 4/1727/130 2/1728/130 66/1729/130 65/1730/130
f 2/1728/130 64/1731/130 96/1732/130 66/1729/130
f 22/1733/130 20/1707/130 74/1710/130 75/1734/130
f 40/1735/130 38/1703/130 83/1706/130 84/1736/130
f 58/1737/130 56/1711/130 92/1714/130 93/1738/130
f 14/1739/130 12/1715/130 70/1718/130 71/1740/130
f 32/1741/130 30/1719/130 79/1722/130 80/1742/130
f 50/1743/130 48/1723/130 88/1726/130 89/1744/130
f 6/1745/130 4/1727/130 65/1730/130 67/1746/130
f 24/1747/130 22/1733/130 75/1734/130 76/1748/130
f 42/1749/130 40/1735/130 84/1736/130 85/1750/130
f 60/1751/130 58/1737/130 93/1738/130 94/1752/130
f 16/1753/130 14/1739/130 71/1740/130 72/1754/130
f 34/1755/130 32/1741/130 80/1742/130 81/1756/130
f 52/1757/130 50/1743/130 89/1744/130 90/1758/130
f 8/1759/130 6/1745/130 67/1746/130 68/1760/130
f 26/1761/130 24/1747/130 76/1748/130 77/1762/130
f 44/1763/130 42/1749/130 85/1750/130 86/1764/130
f 62/1765/130 60/1751/130 94/1752/130 95/1766/130
f 18/1708/130 16/1753/130 72/1754/130 73/1709/130
f 36/1704/130 34/1767/130 81/1768/130 82/1705/130
f 54/1712/130 52/1757/130 90/1758/130 91/1713/130
f 10/1716/130 8/1759/130 68/1760/130 69/1717/130
f 28/1720/130 26/1761/130 77/1762/130 78/1721/130
f 46/1724/130 44/1763/130 86/1764/130 87/1725/130
f 64/1731/130 62/1765/130 95/1766/130 96/1732/130
f 721/1769/75 719/1770/69 1160/1771/69 1161/1772/75
f 136/1773/73 137/1774/73 169/1775/73 168/1776/73
f 149/1777/73 150/1778/73 182/1779/73 181/1780/73
f 755/1781/71 753/1782/72 1177/1783/72 1178/1784/71
f 737/1785/84 735/1786/92 1168/1787/92 1169/1788/84
f 719/1770/69 717/1789/70 1159/1790/70 1160/1771/69
f 753/1782/72 751/1791/98 1176/1792/98 1177/1783/72
f 735/1786/92 733/1793/90 1167/1794/90 1168/1787/92
f 717/1789/70 715/1795/99 1158/1796/99 1159/1790/70
f 706/1797/68 767/1798/86 1184/1799/86 1153/1800/68
f 751/1791/98 749/1801/96 1175/1802/96 1176/1792/98
f 733/1793/90 731/1803/88 1166/1804/88 1167/1794/90
f 715/1795/99 713/1805/97 1157/1806/97 1158/1796/99
f 767/1798/86 765/1807/82 1183/1808/82 1184/1799/86
f 749/1801/96 747/1809/94 1174/1810/94 1175/1802/96
f 731/1803/88 729/1811/85 1165/1812/85 1166/1804/88
f 713/1805/97 711/1813/95 1156/1814/95 1157/1806/97
f 171/1815/831 172/1816/832 204/1817/832 203/1818/831
f 184/1819/833 185/1820/834 217/1821/834 216/1822/833
f 150/1778/73 151/1823/73 183/1824/73 182/1779/73
f 137/1774/73 138/1825/73 170/1826/73 169/1775/73
f 151/1823/73 152/1827/73 184/1828/73 183/1824/73
f 138/1825/73 139/1829/73 171/1830/73 170/1826/73
f 152/1827/73 153/1831/73 185/1832/73 184/1828/73
f 139/1829/73 140/1833/73 172/1834/73 171/1830/73
f 153/1831/73 154/1835/73 186/1836/73 185/1832/73
f 140/1833/73 141/1837/73 173/1838/73 172/1834/73
f 154/1835/73 155/1839/73 187/1840/73 186/1836/73
f 141/1837/73 142/1841/73 174/1842/73 173/1838/73
f 155/1839/73 156/1843/73 188/1844/73 187/1840/73
f 142/1841/73 143/1845/73 175/1846/73 174/1842/73
f 129/1847/73 130/1848/73 162/1849/73 161/1850/73
f 156/1843/73 157/1851/73 189/1852/73 188/1844/73
f 143/1845/73 144/1853/73 176/1854/73 175/1846/73
f 130/1848/73 131/1855/73 163/1856/73 162/1849/73
f 157/1851/73 158/1857/73 190/1858/73 189/1852/73
f 144/1853/73 145/1859/73 177/1860/73 176/1854/73
f 131/1855/73 132/1861/73 164/1862/73 163/1856/73
f 158/1857/73 159/1863/73 191/1864/73 190/1858/73
f 145/1865/73 146/1866/73 178/1867/73 177/1868/73
f 132/1861/73 133/1869/73 165/1870/73 164/1862/73
f 159/1863/73 160/1871/73 192/1872/73 191/1864/73
f 146/1866/73 147/1873/73 179/1874/73 178/1867/73
f 133/1869/73 134/1875/73 166/1876/73 165/1870/73
f 160/1871/73 129/1847/73 161/1850/73 192/1872/73
f 147/1873/73 148/1877/73 180/1878/73 179/1874/73
f 134/1875/73 135/1879/73 167/1880/73 166/1876/73
f 148/1877/73 149/1777/73 181/1780/73 180/1878/73
f 135/1879/73 136/1773/73 168/1776/73 167/1880/73
f 185/1820/834 186/1881/835 218/1882/835 217/1821/834
f 172/1816/832 173/1883/836 205/1884/836 204/1817/832
f 186/1881/835 187/1885/837 219/1886/837 218/1882/835
f 173/1883/836 174/1887/838 206/1888/838 205/1884/836
f 187/1885/837 188/1889/839 220/1890/839 219/1886/837
f 174/1887/838 175/1891/840 207/1892/840 206/1888/838
f 161/1893/841 162/1894/842 194/1895/842 193/1896/841
f 188/1889/839 189/1897/843 221/1898/843 220/1890/839
f 175/1891/840 176/1899/844 208/1900/844 207/1892/840
f 162/1894/842 163/1901/845 195/1902/845 194/1895/842
f 189/1897/843 190/1903/846 222/1904/846 221/1898/843
f 176/1899/844 177/1905/847 209/1906/847 208/1900/844
f 163/1901/845 164/1907/848 196/1908/848 195/1902/845
f 190/1903/846 191/1909/849 223/1910/849 222/1904/846
f 177/1911/847 178/1912/850 210/1913/850 209/1914/847
f 164/1907/848 165/1915/851 197/1916/851 196/1908/848
f 191/1909/849 192/1917/852 224/1918/852 223/1910/849
f 178/1912/850 179/1919/853 211/1920/853 210/1913/850
f 165/1915/851 166/1921/854 198/1922/854 197/1916/851
f 192/1917/852 161/1893/841 193/1896/841 224/1918/852
f 179/1919/853 180/1923/855 212/1924/855 211/1920/853
f 166/1921/854 167/1925/856 199/1926/856 198/1922/854
f 180/1923/855 181/1927/857 213/1928/857 212/1924/855
f 167/1925/856 168/1929/858 200/1930/858 199/1926/856
f 181/1927/857 182/1931/859 214/1932/859 213/1928/857
f 168/1929/858 169/1933/860 201/1934/860 200/1930/858
f 182/1931/859 183/1935/861 215/1936/861 214/1932/859
f 169/1933/860 170/1937/862 202/1938/862 201/1934/860
f 183/1935/861 184/1819/833 216/1822/833 215/1936/861
f 170/1937/862 171/1815/831 203/1818/831 202/1938/862
f 289/1939/73 290/1940/73 320/1941/73 319/1942/73 318/1943/73 317/1944/73 316/1945/73 315/1946/73 314/1947/73 313/1948/73 297/1949/73 296/1950/73 295/1951/73 294/1952/73 293/1953/73 292/1954/73 291/1955/73
f 297/1949/73 313/1948/73 312/1956/73 311/1957/73 310/1958/73 309/1959/73 308/1960/73 307/1961/73 306/1962/73 305/1963/73 304/1964/73 303/1965/73 302/1966/73 301/1967/73 300/1968/73 299/1969/73 298/1970/73
f 706/1797/863 707/1971/864 708/1972/864 705/1973/863
f 707/1971/864 709/1974/865 710/1975/865 708/1972/864
f 709/1974/865 711/1813/866 712/1976/866 710/1975/865
f 711/1813/866 713/1805/867 714/1977/867 712/1976/866
f 713/1805/867 715/1795/868 716/1978/868 714/1977/867
f 715/1795/868 717/1789/869 718/1979/869 716/1978/868
f 717/1789/869 719/1770/870 720/1980/870 718/1979/869
f 719/1770/870 721/1769/871 722/1981/871 720/1980/870
f 721/1769/871 723/1982/872 724/1983/872 722/1981/871
f 723/1982/872 725/1984/873 726/1985/873 724/1983/872
f 725/1984/873 727/1986/874 728/1987/874 726/1985/873
f 727/1986/874 729/1811/875 730/1988/875 728/1987/874
f 729/1811/875 731/1803/876 732/1989/876 730/1988/875
f 731/1803/876 733/1793/877 734/1990/877 732/1989/876
f 733/1793/877 735/1786/878 736/1991/878 734/1990/877
f 735/1786/878 737/1785/879 738/1992/879 736/1991/878
f 737/1993/879 739/1994/880 740/1995/880 738/1996/879
f 739/1994/880 741/1997/881 742/1998/881 740/1995/880
f 741/1997/881 743/1999/882 744/2000/882 742/1998/881
f 743/1999/882 745/2001/883 746/2002/883 744/2000/882
f 745/2001/883 747/1809/884 748/2003/884 746/2002/883
f 747/1809/884 749/1801/885 750/2004/885 748/2003/884
f 749/1801/885 751/1791/886 752/2005/886 750/2004/885
f 751/1791/886 753/1782/887 754/2006/887 752/2005/886
f 753/1782/887 755/1781/888 756/2007/888 754/2006/887
f 755/1781/888 757/2008/889 758/2009/889 756/2007/888
f 757/2008/889 759/2010/890 760/2011/890 758/2009/889
f 759/2010/890 761/2012/891 762/2013/891 760/2011/890
f 761/2012/891 763/2014/892 764/2015/892 762/2013/891
f 763/2014/892 765/1807/893 766/2016/893 764/2015/892
f 765/1807/893 767/1798/894 768/2017/894 766/2016/893
f 767/1798/894 706/1797/863 705/1973/863 768/2017/894
f 806/2018/489 851/2019/895 850/2020/896 804/2021/487
f 1055/2022/897 927/1151/898 928/1157/899 1056/2023/900
f 809/2024/901 1045/2025/902 1046/2026/903 811/2027/904
f 788/2028/471 842/2029/905 841/2030/906 786/2031/469
f 856/2032/69 888/2033/69 887/2034/70 855/2035/70
f 842/2036/71 874/2037/71 873/2038/72 841/2039/72
f 824/2040/507 860/2041/907 859/2042/908 822/2043/505
f 780/2044/463 838/2045/909 837/2046/910 778/2047/461
f 798/2048/481 847/2049/911 846/2050/912 796/2051/479
f 816/2052/499 856/2053/913 855/2054/914 814/2055/497
f 772/2056/454 833/2057/915 834/2058/916 770/2059/455
f 770/2059/455 834/2058/916 864/2060/917 832/2061/515
f 790/2062/473 843/2063/918 842/2029/905 788/2028/471
f 808/2064/491 852/2065/919 851/2019/895 806/2018/489
f 826/2066/509 861/2067/920 860/2041/907 824/2040/507
f 782/2068/465 839/2069/921 838/2045/909 780/2044/463
f 800/2070/483 848/2071/922 847/2049/911 798/2048/481
f 818/2072/501 857/2073/923 856/2053/913 816/2052/499
f 774/2074/457 835/2075/924 833/2057/915 772/2056/454
f 792/2076/475 844/2077/925 843/2063/918 790/2062/473
f 810/2078/493 853/2079/926 852/2065/919 808/2064/491
f 828/2080/511 862/2081/927 861/2067/920 826/2066/509
f 784/2082/467 840/2083/928 839/2069/921 782/2068/465
f 802/2084/485 849/2085/929 848/2071/922 800/2070/483
f 820/2086/503 858/2087/930 857/2073/923 818/2072/501
f 776/2088/459 836/2089/931 835/2075/924 774/2074/457
f 794/2090/477 845/2091/932 844/2077/925 792/2076/475
f 812/2092/495 854/2093/933 853/2079/926 810/2078/493
f 830/2094/513 863/2095/934 862/2081/927 828/2080/511
f 786/2031/469 841/2030/906 840/2083/928 784/2082/467
f 804/2021/487 850/2020/896 849/2096/929 802/2097/485
f 822/2043/505 859/2042/908 858/2087/930 820/2086/503
f 778/2047/461 837/2046/910 836/2089/931 776/2088/459
f 796/2051/479 846/2050/912 845/2091/932 794/2090/477
f 814/2055/497 855/2054/914 854/2093/933 812/2092/495
f 832/2061/515 864/2060/917 863/2095/934 830/2094/513
f 843/2098/74 875/2099/74 874/2037/71 842/2036/71
f 857/2100/75 889/2101/75 888/2033/69 856/2032/69
f 844/2102/76 876/2103/76 875/2099/74 843/2098/74
f 858/2104/77 890/2105/77 889/2106/75 857/2107/75
f 845/2108/78 877/2109/78 876/2103/76 844/2102/76
f 859/2110/79 891/2111/79 890/2105/77 858/2104/77
f 846/2112/80 878/2113/80 877/2109/78 845/2108/78
f 860/2114/81 892/2115/81 891/2111/79 859/2110/79
f 847/2116/82 879/2117/82 878/2113/80 846/2112/80
f 833/2118/83 865/2119/83 866/2120/84 834/2121/84
f 861/2122/85 893/2123/85 892/2115/81 860/2114/81
f 848/2124/86 880/2125/86 879/2117/82 847/2116/82
f 835/2126/87 867/2127/87 865/2119/83 833/2118/83
f 862/2128/88 894/2129/88 893/2123/85 861/2122/85
f 849/2130/68 881/2131/68 880/2125/86 848/2124/86
f 836/2132/89 868/2133/89 867/2127/87 835/2126/87
f 863/2134/90 895/2135/90 894/2129/88 862/2128/88
f 850/2136/67 882/2137/67 881/2131/68 849/2130/68
f 837/2138/91 869/2139/91 868/2133/89 836/2132/89
f 864/2140/92 896/2141/92 895/2135/90 863/2134/90
f 851/2142/93 883/2143/93 882/2137/67 850/2136/67
f 838/2144/94 870/2145/94 869/2139/91 837/2138/91
f 834/2121/84 866/2120/84 896/2141/92 864/2140/92
f 852/2146/95 884/2147/95 883/2143/93 851/2142/93
f 839/2148/96 871/2149/96 870/2145/94 838/2144/94
f 853/2150/97 885/2151/97 884/2147/95 852/2146/95
f 840/2152/98 872/2153/98 871/2149/96 839/2148/96
f 854/2154/99 886/2155/99 885/2151/97 853/2150/97
f 841/2039/72 873/2038/72 872/2153/98 840/2152/98
f 855/2035/70 887/2034/70 886/2155/99 854/2154/99
f 1034/2156/935 906/1179/936 907/1183/937 1035/2157/938
f 1047/2158/939 919/1177/940 920/1181/941 1048/2159/942
f 783/2160/943 1032/2161/944 1033/2162/945 785/2163/945
f 1042/2164/946 914/1153/947 915/1159/948 1043/2165/949
f 1051/2166/950 923/1193/951 924/1197/952 1052/2167/953
f 1029/2168/954 901/1155/955 902/1161/956 1030/2169/957
f 1038/2170/958 910/1195/959 911/1199/960 1039/2171/961
f 1046/2026/962 918/1173/963 919/1177/940 1047/2158/939
f 1056/2023/900 928/1157/899 897/1163/548 1025/1138/548
f 1033/2162/964 905/1175/964 906/1179/936 1034/2156/935
f 1043/2165/949 915/1159/948 916/1165/965 1044/2172/966
f 1052/2167/953 924/1197/952 925/1142/967 1053/2173/968
f 1030/2169/957 902/1161/956 903/1167/969 1031/2174/970
f 1039/2171/961 911/1199/960 912/1146/971 1040/2175/972
f 1048/2159/942 920/1181/941 921/1185/973 1049/2176/973
f 1035/2157/938 907/1183/937 908/1187/974 1036/2177/975
f 1044/2172/966 916/1165/965 917/1169/976 1045/2025/977
f 1053/2173/968 925/1142/967 926/1141/978 1054/2178/979
f 1031/2174/970 903/1167/969 904/1171/980 1032/2161/981
f 1040/2175/972 912/1146/971 913/1145/982 1041/2179/982
f 1049/2176/973 921/1185/973 922/1189/983 1050/2180/984
f 769/2181/985 1025/1138/985 1026/1140/986 771/2182/987
f 1036/2177/975 908/1187/974 909/1191/988 1037/2183/989
f 1045/2025/977 917/1169/976 918/1173/963 1046/2026/962
f 1054/2178/979 926/1141/978 927/1151/898 1055/2022/897
f 1032/2161/981 904/1171/980 905/1175/964 1033/2162/964
f 1041/2184/982 913/1145/982 914/1153/947 1042/2164/946
f 1050/2180/984 922/1189/983 923/1193/951 1051/2166/950
f 1028/2185/990 900/1149/991 901/1155/955 1029/2168/954
f 1037/2183/989 909/1191/988 910/1195/959 1038/2170/958
f 811/2027/904 1046/2026/903 1047/2158/992 813/2186/993
f 785/2163/945 1033/2162/945 1034/2156/994 787/2187/995
f 813/2186/993 1047/2158/992 1048/2159/996 815/2188/997
f 787/2187/995 1034/2156/994 1035/2157/998 789/2189/999
f 815/2188/997 1048/2159/996 1049/2176/1000 817/2190/1000
f 789/2189/999 1035/2157/998 1036/2177/1001 791/2191/1002
f 817/2190/1000 1049/2176/1000 1050/2180/1003 819/2192/1004
f 791/2191/1002 1036/2177/1001 1037/2183/1005 793/2193/1006
f 819/2192/1004 1050/2180/1003 1051/2166/1007 821/2194/1008
f 793/2193/1006 1037/2183/1005 1038/2170/1009 795/2195/1010
f 821/2194/1008 1051/2166/1007 1052/2167/1011 823/2196/1012
f 795/2195/1010 1038/2170/1009 1039/2171/1013 797/2197/1014
f 831/2198/1015 1056/2023/1016 1025/1138/985 769/2181/985
f 823/2196/1012 1052/2167/1011 1053/2173/1017 825/2199/1018
f 797/2197/1014 1039/2171/1013 1040/2175/1019 799/2200/1020
f 771/2182/987 1026/1140/986 1027/2201/1021 773/2202/1022
f 825/2199/1018 1053/2173/1017 1054/2178/1023 827/2203/1024
f 799/2200/1020 1040/2175/1019 1041/2179/1025 801/2204/1025
f 773/2202/1022 1027/2201/1021 1028/2185/1026 775/2205/1027
f 827/2203/1024 1054/2178/1023 1055/2022/1028 829/2206/1029
f 801/2207/1025 1041/2184/1025 1042/2164/1030 803/2208/1031
f 775/2205/1027 1028/2185/1026 1029/2168/1032 777/2209/1033
f 829/2206/1029 1055/2022/1028 1056/2023/1016 831/2198/1015
f 803/2208/1031 1042/2164/1030 1043/2165/1034 805/2210/1035
f 777/2209/1033 1029/2168/1032 1030/2169/1036 779/2211/1037
f 1027/2201/1038 899/946/1039 900/1149/991 1028/2185/990
f 805/2210/1035 1043/2165/1034 1044/2172/1040 807/2212/1041
f 779/2211/1037 1030/2169/1036 1031/2174/1042 781/2213/1043
f 807/2212/1041 1044/2172/1040 1045/2025/902 809/2024/901
f 781/2213/1043 1031/2174/1042 1032/2161/944 783/2160/943
f 993/2214/130 995/2215/130 996/2216/130 997/2217/130 998/2218/130 999/2219/130 1000/2220/130 1001/2221/130 1017/2222/130 1018/2223/130 1019/2224/130 1020/2225/130 1021/2226/130 1022/2227/130 1023/2228/130 1024/2229/130 994/2230/130
f 1001/2221/130 1002/2231/130 1003/2232/130 1004/2233/130 1005/2234/130 1006/2235/130 1007/2236/130 1008/2237/130 1009/2238/130 1010/2239/130 1011/2240/130 1012/2241/130 1013/2242/130 1014/2243/130 1015/2244/130 1016/2245/130 1017/2222/130
f 1026/1140/550 898/947/549 899/946/1039 1027/2201/1038
f 1081/2246/75 1080/2247/1044 1112/2248/1044 1113/2249/75
f 1114/2250/73 1113/2251/73 1112/2252/73 1111/2253/73 1110/2254/73 1109/2255/73 1108/2256/73 1107/2257/73 1106/2258/73 1105/2259/73 1104/2260/73 1103/2261/73 1102/2262/73 1101/2263/73 1100/2264/73 1099/2265/73 1098/2266/73 1097/2267/73 1096/2268/73 1095/2269/73 1094/2270/73 1093/2271/73 1092/2272/73 1091/2273/73 1090/2274/73 1089/2275/73 1120/2276/73 1119/2277/73 1118/2278/73 1117/2279/73 1116/2280/73 1115/2281/73
f 1068/2282/1045 1067/2283/1046 1099/2284/1046 1100/2285/1045
f 1082/2286/1047 1081/2246/75 1113/2249/75 1114/2287/1047
f 1069/2288/1048 1068/2282/1045 1100/2285/1045 1101/2289/1048
f 1083/2290/1049 1082/2286/1047 1114/2287/1047 1115/2291/1049
f 1070/2292/1050 1069/2288/1048 1101/2289/1048 1102/2293/1050
f 1084/2294/1051 1083/2290/1049 1115/2291/1049 1116/2295/1051
f 1071/2296/1052 1070/2292/1050 1102/2293/1050 1103/2297/1052
f 1058/2298/1053 1057/2299/84 1089/2300/84 1090/2301/1053
f 1085/2302/1054 1084/2294/1051 1116/2295/1051 1117/2303/1054
f 1072/2304/1055 1071/2296/1052 1103/2297/1052 1104/2305/1055
f 1059/2306/1056 1058/2298/1053 1090/2301/1053 1091/2307/1056
f 1086/2308/1057 1085/2302/1054 1117/2303/1054 1118/2309/1057
f 1073/2310/68 1072/2304/1055 1104/2305/1055 1105/2311/68
f 1060/2312/1058 1059/2306/1056 1091/2307/1056 1092/2313/1058
f 1087/2314/1059 1086/2308/1057 1118/2309/1057 1119/2315/1059
f 1074/2316/1060 1073/2310/68 1105/2311/68 1106/2317/1060
f 1061/2318/1061 1060/2312/1058 1092/2313/1058 1093/2319/1061
f 1088/2320/1062 1087/2314/1059 1119/2315/1059 1120/2321/1062
f 1075/2322/1063 1074/2316/1060 1106/2317/1060 1107/2323/1063
f 1062/2324/1064 1061/2318/1061 1093/2319/1061 1094/2325/1064
f 1057/2326/84 1088/2320/1062 1120/2321/1062 1089/2327/84
f 1076/2328/1065 1075/2322/1063 1107/2323/1063 1108/2329/1065
f 1063/2330/1066 1062/2324/1064 1094/2325/1064 1095/2331/1066
f 1077/2332/1067 1076/2328/1065 1108/2329/1065 1109/2333/1067
f 1064/2334/1068 1063/2330/1066 1095/2331/1066 1096/2335/1068
f 1078/2336/1069 1077/2332/1067 1109/2333/1067 1110/2337/1069
f 1065/2338/72 1064/2334/1068 1096/2335/1068 1097/2339/72
f 1079/2340/1070 1078/2336/1069 1110/2337/1069 1111/2341/1070
f 1066/2342/1071 1065/2338/72 1097/2339/72 1098/2343/1071
f 1080/2247/1044 1079/2340/1070 1111/2341/1070 1112/2248/1044
f 1067/2283/1046 1066/2342/1071 1098/2343/1071 1099/2284/1046
f 1206/2344/1072 1207/2345/1073 1174/2346/1073 1173/2347/1072
f 1193/2348/1074 1194/2349/1075 1161/2350/1075 1160/2351/1074
f 1186/2352/1076 1187/2353/1077 1154/2354/1077 1153/2355/1076
f 1207/2345/1073 1208/2356/1078 1175/2357/1078 1174/2346/1073
f 1194/2349/1075 1195/2358/1079 1162/2359/1079 1161/2350/1075
f 1208/2356/1078 1209/2360/1080 1176/2361/1080 1175/2357/1078
f 1195/2358/1079 1196/2362/1081 1163/2363/1081 1162/2359/1079
f 1209/2360/1080 1210/2364/1082 1177/2365/1082 1176/2361/1080
f 1196/2362/1081 1197/2366/1083 1164/2367/1083 1163/2363/1081
f 1210/2364/1082 1211/2368/1084 1178/2369/1084 1177/2365/1082
f 1197/2366/1083 1198/2370/1085 1165/2371/1085 1164/2367/1083
f 1211/2368/1084 1212/2372/1086 1179/2373/1086 1178/2369/1084
f 1198/2370/1085 1199/2374/1087 1166/2375/1087 1165/2371/1085
f 1212/2372/1086 1213/2376/1088 1180/2377/1088 1179/2373/1086
f 1199/2374/1087 1200/2378/1089 1167/2379/1089 1166/2375/1087
f 1185/2380/1090 1186/2352/1076 1153/2355/1076 1184/2381/1090
f 1213/2376/1088 1214/2382/1091 1181/2383/1091 1180/2377/1088
f 1200/2378/1089 1201/2384/1092 1168/2385/1092 1167/2379/1089
f 1187/2353/1077 1188/2386/1093 1155/2387/1093 1154/2354/1077
f 1214/2382/1091 1215/2388/1094 1182/2389/1094 1181/2383/1091
f 1201/2384/1092 1202/2390/1095 1169/2391/1095 1168/2385/1092
f 1188/2386/1093 1189/2392/1096 1156/2393/1096 1155/2387/1093
f 1215/2388/1094 1216/2394/1097 1183/2395/1097 1182/2389/1094
f 1202/2390/1095 1203/2396/1098 1170/2397/1098 1169/2391/1095
f 1189/2392/1096 1190/2398/1099 1157/2399/1099 1156/2393/1096
f 1216/2394/1097 1185/2380/1090 1184/2381/1090 1183/2395/1097
f 1203/2396/1098 1204/2400/1100 1171/2401/1100 1170/2397/1098
f 1190/2398/1099 1191/2402/1101 1158/2403/1101 1157/2399/1099
f 1204/2400/1100 1205/2404/1102 1172/2405/1102 1171/2401/1100
f 1191/2402/1101 1192/2406/1103 1159/2407/1103 1158/2403/1101
f 1205/2404/1102 1206/2344/1072 1173/2347/1072 1172/2405/1102
f 1192/2406/1103 1193/2348/1074 1160/2351/1074 1159/2407/1103
f 739/1994/83 737/1993/84 1169/2408/84 1170/2409/83
f 757/2008/74 755/1781/71 1178/1784/71 1179/2410/74
f 723/1982/77 721/1769/75 1161/1772/75 1162/2411/77
f 741/1997/87 739/1994/83 1170/2409/83 1171/2412/87
f 759/2010/76 757/2008/74 1179/2410/74 1180/2413/76
f 707/1971/67 706/1797/68 1153/1800/68 1154/2414/67
f 725/1984/79 723/1982/77 1162/2411/77 1163/2415/79
f 743/1999/89 741/1997/87 1171/2412/87 1172/2416/89
f 761/2012/78 759/2010/76 1180/2413/76 1181/2417/78
f 709/1974/93 707/1971/67 1154/2414/67 1155/2418/93
f 727/1986/81 725/1984/79 1163/2415/79 1164/2419/81
f 745/2001/91 743/1999/89 1172/2416/89 1173/2420/91
f 763/2014/80 761/2012/78 1181/2417/78 1182/2421/80
f 711/1813/95 709/1974/93 1155/2418/93 1156/1814/95
f 729/1811/85 727/1986/81 1164/2419/81 1165/1812/85
f 747/1809/94 745/2001/91 1173/2420/91 1174/1810/94
f 765/1807/82 763/2014/80 1182/2421/80 1183/1808/82
f 1127/2422/73 1128/2423/73 1193/2424/73 1192/2425/73
f 1140/2426/73 1141/2427/73 1206/2428/73 1205/2429/73
f 1126/2430/73 1127/2422/73 1192/2425/73 1191/2431/73
f 1139/2432/73 1140/2426/73 1205/2429/73 1204/2433/73
f 1125/2434/73 1126/2430/73 1191/2431/73 1190/2435/73
f 1138/2436/73 1139/2432/73 1204/2433/73 1203/2437/73
f 1151/2438/73 1152/2439/73 1185/2440/73 1216/2441/73
f 1124/2442/73 1125/2434/73 1190/2435/73 1189/2443/73
f 1137/2444/73 1138/2436/73 1203/2437/73 1202/2445/73
f 1150/2446/73 1151/2438/73 1216/2441/73 1215/2447/73
f 1123/2448/73 1124/2442/73 1189/2443/73 1188/2449/73
f 1136/2450/73 1137/2451/73 1202/2452/73 1201/2453/73
f 1149/2454/73 1150/2446/73 1215/2447/73 1214/2455/73
f 1122/2456/73 1123/2448/73 1188/2449/73 1187/2457/73
f 1135/2458/73 1136/2450/73 1201/2453/73 1200/2459/73
f 1148/2460/73 1149/2454/73 1214/2455/73 1213/2461/73
f 1152/2439/73 1121/2462/73 1186/2463/73 1185/2440/73
f 1134/2464/73 1135/2458/73 1200/2459/73 1199/2465/73
f 1147/2466/73 1148/2460/73 1213/2461/73 1212/2467/73
f 1133/2468/73 1134/2464/73 1199/2465/73 1198/2469/73
f 1146/2470/73 1147/2466/73 1212/2467/73 1211/2471/73
f 1132/2472/73 1133/2468/73 1198/2469/73 1197/2473/73
f 1145/2474/73 1146/2470/73 1211/2471/73 1210/2475/73
f 1131/2476/73 1132/2472/73 1197/2473/73 1196/2477/73
f 1144/2478/73 1145/2474/73 1210/2475/73 1209/2479/73
f 1130/2480/73 1131/2476/73 1196/2477/73 1195/2481/73
f 1143/2482/73 1144/2478/73 1209/2479/73 1208/2483/73
f 1129/2484/73 1130/2480/73 1195/2481/73 1194/2485/73
f 1142/2486/73 1143/2482/73 1208/2483/73 1207/2487/73
f 1121/2462/73 1122/2456/73 1187/2457/73 1186/2463/73
f 1128/2423/73 1129/2484/73 1194/2485/73 1193/2424/73
f 1141/2427/73 1142/2486/73 1207/2487/73 1206/2428/73
f 1688/2488/1104 1703/2489/1105 1702/2490/1106 1749/2491/1104 1751/2492/1104 1750/2493/1104 1704/2494/1104
f 1694/2495/1107 1699/2496/1108 1691/2497/1109 1686/2498/1107
f 1726/2499/1110 1714/2500/1111 1690/2501/1112 1685/2502/1112
f 1719/2503/1113 1730/2504/1114 1692/2505/1115 1708/2506/1115
f 1705/2507/1116 1746/2508/1116 1748/2509/1116 1747/2510/1116 1701/2511/1116 1689/2512/1116 1709/2513/1116 1687/2514/1116
f 1710/2515/1117 1731/2516/1117 1691/2497/1109 1699/2496/1108
f 1709/2513/1118 1689/2512/1118 1715/2517/1119 1727/2518/1120
f 1699/2496/1108 1694/2495/1107 1693/2519/1107 1700/2520/1108
f 1707/2521/1121 1696/2522/1121 1695/2523/1121 1706/2524/1121
f 1738/2525/1122 1735/2526/1122 1742/2527/1122 1745/2528/1122
f 1685/2529/1107 1690/2530/1109 1700/2520/1108 1693/2519/1107
f 1741/2531/1123 1740/2532/1124 1702/2533/1125 1692/2534/1123 1698/2535/1123
f 1704/2536/1126 1750/2537/1127 1752/2538/1128 1706/2539/1126
f 1753/2540/1129 1749/2541/1130 1702/2533/1125 1740/2532/1124 1739/2542/1131
f 1697/2543/1123 1736/2544/1123 1735/2526/1123 1738/2525/1123 1741/2531/1123 1698/2535/1123
f 1696/2545/1121 1707/2546/1121 1705/2547/1121 1687/2548/1121
f 1688/2549/1121 1704/2536/1121 1706/2539/1121 1695/2550/1121
f 1714/2551/1117 1723/2552/1117 1700/2520/1108 1690/2530/1109
f 1698/2535/1132 1711/2553/1133 1722/2554/1117 1697/2543/1134
f 1686/2555/1135 1691/2556/1135 1731/2557/1136 1718/2558/1137
f 1698/2535/1132 1692/2534/1132 1730/2559/1133 1711/2553/1133
f 1708/2506/1138 1692/2505/1138 1702/2490/1106 1703/2489/1105
f 1689/2560/1134 1697/2543/1134 1722/2554/1117 1715/2561/1134
f 1723/2552/1117 1714/2551/1117 1716/2562/1117 1725/2563/1117
f 1725/2563/1117 1716/2562/1117 1717/2564/1117 1724/2565/1117
f 1724/2565/1117 1717/2564/1117 1715/2561/1134 1722/2554/1117
f 1714/2500/1111 1726/2499/1110 1728/2566/1139 1716/2567/1140
f 1716/2567/1140 1728/2566/1139 1729/2568/1141 1717/2569/1142
f 1717/2569/1142 1729/2568/1141 1727/2518/1120 1715/2517/1119
f 1731/2516/1117 1710/2515/1117 1712/2570/1117 1733/2571/1133
f 1733/2571/1133 1712/2570/1117 1713/2572/1117 1732/2573/1133
f 1732/2573/1133 1713/2572/1117 1711/2553/1133 1730/2559/1133
f 1718/2558/1137 1731/2557/1136 1733/2574/1143 1720/2575/1144
f 1720/2575/1144 1733/2574/1143 1732/2576/1145 1721/2577/1146
f 1721/2577/1146 1732/2576/1145 1730/2504/1114 1719/2503/1113
f 1710/2515/1117 1723/2552/1117 1725/2563/1117 1712/2570/1117
f 1712/2570/1117 1725/2563/1117 1724/2565/1117 1713/2572/1117
f 1713/2572/1117 1724/2565/1117 1722/2554/1117 1711/2553/1133
f 1723/2552/1117 1710/2515/1117 1699/2496/1108 1700/2520/1108
f 1707/2546/1147 1756/2578/1148 1746/2579/1149 1705/2547/1147
f 1706/2539/1150 1752/2538/1150 1754/2580/1150 1753/2540/1150 1739/2542/1150 1744/2581/1150
f 1707/2546/1151 1743/2582/1151 1734/2583/1151 1755/2584/1151 1757/2585/1151 1756/2578/1151
f 1734/2583/1152 1735/2526/1123 1736/2544/1123 1737/2586/1153
f 1738/2525/1123 1739/2542/1131 1740/2532/1124 1741/2531/1123
f 1738/2525/1154 1745/2528/1154 1744/2581/1154 1739/2542/1154
f 1734/2583/1155 1743/2582/1155 1742/2527/1155 1735/2526/1155
f 1701/2587/1156 1737/2586/1153 1736/2544/1123 1697/2543/1123 1689/2560/1123
f 1707/2521/1123 1706/2524/1123 1744/2588/1123 1745/2589/1123 1742/2590/1123 1743/2591/1123
f 1749/2541/1130 1753/2540/1129 1754/2580/1157 1751/2592/1158
f 1751/2592/1158 1754/2580/1157 1752/2538/1128 1750/2537/1127
f 1755/2584/1159 1747/2593/1160 1748/2594/1161 1757/2585/1162
f 1757/2585/1162 1748/2594/1161 1746/2579/1149 1756/2578/1148
f 1747/2593/1160 1755/2584/1159 1734/2583/1152 1737/2586/1153 1701/2587/1156
f 1929/2595/1163 1944/2596/1164 1943/2597/1165 1990/2598/1163 1992/2599/1163 1991/2600/1163 1945/2601/1163
f 1935/2602/1166 1940/2603/1167 1932/2604/1168 1927/2605/1166
f 1967/2606/1169 1955/2607/1170 1931/2608/1171 1926/2609/1171
f 1960/2610/1172 1971/2611/1173 1933/2612/1174 1949/2613/1174
f 1946/2614/1175 1987/2615/1175 1989/2616/1175 1988/2617/1175 1942/2618/1175 1930/2619/1175 1950/2620/1175 1928/2621/1175
f 1951/2622/1176 1972/2623/1176 1932/2604/1168 1940/2603/1167
f 1950/2620/1177 1930/2619/1177 1956/2624/1178 1968/2625/1179
f 1940/2603/1167 1935/2602/1166 1934/2626/1166 1941/2627/1167
f 1948/2628/1180 1937/2629/1180 1936/2630/1180 1947/2631/1180
f 1979/2632/1181 1976/2633/1181 1983/2634/1181 1986/2635/1181
f 1926/2636/1166 1931/2637/1168 1941/2627/1167 1934/2626/1166
f 1982/2638/1182 1981/2639/1183 1943/2640/1184 1933/2641/1182 1939/2642/1182
f 1945/2643/1185 1991/2644/1186 1993/2645/1187 1947/2646/1185
f 1994/2647/1188 1990/2648/1189 1943/2640/1184 1981/2639/1183 1980/2649/1190
f 1938/2650/1182 1977/2651/1182 1976/2633/1182 1979/2632/1182 1982/2638/1182 1939/2642/1182
f 1937/2652/1180 1948/2653/1180 1946/2654/1180 1928/2655/1180
f 1929/2656/1180 1945/2643/1180 1947/2646/1180 1936/2657/1180
f 1955/2658/1176 1964/2659/1176 1941/2627/1167 1931/2637/1168
f 1939/2642/1191 1952/2660/1176 1963/2661/1176 1938/2650/1176
f 1927/2662/1192 1932/2663/1192 1972/2664/1193 1959/2665/1194
f 1939/2642/1191 1933/2641/1191 1971/2666/1195 1952/2660/1176
f 1949/2613/1196 1933/2612/1196 1943/2597/1165 1944/2596/1164
f 1930/2667/1176 1938/2650/1176 1963/2661/1176 1956/2668/1176
f 1964/2659/1176 1955/2658/1176 1957/2669/1176 1966/2670/1176
f 1966/2670/1176 1957/2669/1176 1958/2671/1176 1965/2672/1176
f 1965/2672/1176 1958/2671/1176 1956/2668/1176 1963/2661/1176
f 1955/2607/1170 1967/2606/1169 1969/2673/1197 1957/2674/1198
f 1957/2674/1198 1969/2673/1197 1970/2675/1199 1958/2676/1200
f 1958/2676/1200 1970/2675/1199 1968/2625/1179 1956/2624/1178
f 1972/2623/1176 1951/2622/1176 1953/2677/1176 1974/2678/1176
f 1974/2678/1176 1953/2677/1176 1954/2679/1176 1973/2680/1176
f 1973/2680/1176 1954/2679/1176 1952/2660/1176 1971/2666/1195
f 1959/2665/1194 1972/2664/1193 1974/2681/1201 1961/2682/1202
f 1961/2682/1202 1974/2681/1201 1973/2683/1203 1962/2684/1204
f 1962/2684/1204 1973/2683/1203 1971/2611/1173 1960/2610/1172
f 1951/2622/1176 1964/2659/1176 1966/2670/1176 1953/2677/1176
f 1953/2677/1176 1966/2670/1176 1965/2672/1176 1954/2679/1176
f 1954/2679/1176 1965/2672/1176 1963/2661/1176 1952/2660/1176
f 1964/2659/1176 1951/2622/1176 1940/2603/1167 1941/2627/1167
f 1948/2653/1205 1997/2685/1206 1987/2686/1207 1946/2654/1205
f 1947/2646/1208 1993/2645/1208 1995/2687/1208 1994/2647/1208 1980/2649/1208 1985/2688/1208
f 1948/2653/1209 1984/2689/1209 1975/2690/1209 1996/2691/1209 1998/2692/1209 1997/2685/1209
f 1975/2690/1210 1976/2633/1182 1977/2651/1182 1978/2693/1211
f 1979/2632/1182 1980/2649/1190 1981/2639/1183 1982/2638/1182
f 1979/2632/1212 1986/2635/1212 1985/2688/1212 1980/2649/1212
f 1975/2690/1213 1984/2689/1213 1983/2634/1213 1976/2633/1213
f 1942/2694/1214 1978/2693/1211 1977/2651/1182 1938/2650/1182 1930/2667/1182
f 1948/2628/1182 1947/2631/1182 1985/2695/1182 1986/2696/1182 1983/2697/1182 1984/2698/1182
f 1990/2648/1189 1994/2647/1188 1995/2687/1215 1992/2699/1216
f 1992/2699/1216 1995/2687/1215 1993/2645/1187 1991/2644/1186
f 1996/2691/1217 1988/2700/1218 1989/2701/1219 1998/2692/1220
f 1998/2692/1220 1989/2701/1219 1987/2686/1207 1997/2685/1206
f 1988/2700/1218 1996/2691/1217 1975/2690/1210 1978/2693/1211 1942/2694/1214
f 2170/2702/1221 2186/2703/1221 2232/2704/1221 2233/2705/1221 2231/2706/1221 2184/2707/1222 2185/2708/1223
f 2176/2709/1224 2168/2710/1224 2173/2711/1225 2181/2712/1226
f 2208/2713/1227 2167/2714/1228 2172/2715/1228 2196/2716/1229
f 2201/2717/1230 2190/2718/1231 2174/2719/1231 2212/2720/1232
f 2187/2721/1233 2169/2722/1233 2191/2723/1233 2171/2724/1233 2183/2725/1233 2229/2726/1233 2230/2727/1233 2228/2728/1233
f 2192/2729/1234 2181/2712/1226 2173/2711/1225 2213/2730/1234
f 2191/2723/1235 2209/2731/1236 2197/2732/1237 2171/2724/1235
f 2181/2712/1226 2182/2733/1226 2175/2734/1224 2176/2709/1224
f 2189/2735/1238 2188/2736/1238 2177/2737/1238 2178/2738/1238
f 2220/2739/1239 2227/2740/1239 2224/2741/1239 2217/2742/1239
f 2167/2743/1224 2175/2734/1224 2182/2733/1226 2172/2744/1225
f 2223/2745/1240 2180/2746/1240 2174/2747/1240 2184/2748/1241 2222/2749/1242
f 2186/2750/1243 2188/2751/1243 2234/2752/1244 2232/2753/1245
f 2235/2754/1246 2221/2755/1247 2222/2749/1242 2184/2748/1241 2231/2756/1248
f 2179/2757/1240 2180/2746/1240 2223/2745/1240 2220/2739/1240 2217/2742/1240 2218/2758/1240
f 2178/2759/1238 2169/2760/1238 2187/2761/1238 2189/2762/1238
f 2170/2763/1238 2177/2764/1238 2188/2751/1238 2186/2750/1238
f 2196/2765/1234 2172/2744/1225 2182/2733/1226 2205/2766/1234
f 2180/2746/1249 2179/2757/1250 2204/2767/1234 2193/2768/1251
f 2168/2769/1252 2200/2770/1253 2213/2771/1254 2173/2772/1252
f 2180/2746/1249 2193/2768/1251 2212/2773/1251 2174/2747/1249
f 2190/2718/1255 2185/2708/1223 2184/2707/1222 2174/2719/1255
f 2171/2774/1250 2197/2775/1250 2204/2767/1234 2179/2757/1250
f 2205/2766/1234 2207/2776/1234 2198/2777/1234 2196/2765/1234
f 2207/2776/1234 2206/2778/1234 2199/2779/1234 2198/2777/1234
f 2206/2778/1234 2204/2767/1234 2197/2775/1250 2199/2779/1234
f 2196/2716/1229 2198/2780/1256 2210/2781/1257 2208/2713/1227
f 2198/2780/1256 2199/2782/1258 2211/2783/1259 2210/2781/1257
f 2199/2782/1258 2197/2732/1237 2209/2731/1236 2211/2783/1259
f 2213/2730/1234 2215/2784/1251 2194/2785/1234 2192/2729/1234
f 2215/2784/1251 2214/2786/1234 2195/2787/1234 2194/2785/1234
f 2214/2786/1234 2212/2773/1251 2193/2768/1251 2195/2787/1234
f 2200/2770/1253 2202/2788/1260 2215/2789/1261 2213/2771/1254
f 2202/2788/1260 2203/2790/1262 2214/2791/1263 2215/2789/1261
f 2203/2790/1262 2201/2717/1230 2212/2720/1232 2214/2791/1263
f 2192/2729/1234 2194/2785/1234 2207/2776/1234 2205/2766/1234
f 2194/2785/1234 2195/2787/1234 2206/2778/1234 2207/2776/1234
f 2195/2787/1234 2193/2768/1251 2204/2767/1234 2206/2778/1234
f 2205/2766/1234 2182/2733/1226 2181/2712/1226 2192/2729/1234
f 2189/2762/1264 2187/2761/1264 2228/2792/1265 2238/2793/1266
f 2188/2751/1267 2226/2794/1267 2221/2755/1267 2235/2754/1267 2236/2795/1267 2234/2752/1267
f 2189/2762/1268 2238/2793/1268 2239/2796/1268 2237/2797/1268 2216/2798/1268 2225/2799/1268
f 2216/2798/1269 2219/2800/1270 2218/2758/1240 2217/2742/1240
f 2220/2739/1240 2223/2745/1240 2222/2749/1242 2221/2755/1247
f 2220/2739/1271 2221/2755/1271 2226/2794/1271 2227/2740/1271
f 2216/2798/1272 2217/2742/1272 2224/2741/1272 2225/2799/1272
f 2183/2801/1273 2171/2774/1240 2179/2757/1240 2218/2758/1240 2219/2800/1270
f 2189/2735/1240 2225/2802/1240 2224/2803/1240 2227/2804/1240 2226/2805/1240 2188/2736/1240
f 2231/2756/1248 2233/2806/1274 2236/2795/1275 2235/2754/1246
f 2233/2806/1274 2232/2753/1245 2234/2752/1244 2236/2795/1275
f 2237/2797/1276 2239/2796/1277 2230/2807/1278 2229/2808/1279
f 2239/2796/1277 2238/2793/1266 2228/2792/1265 2230/2807/1278
f 2229/2808/1279 2183/2801/1273 2219/2800/1270 2216/2798/1269 2237/2797/1276
f 2411/2809/1280 2427/2810/1280 2473/2811/1280 2474/2812/1280 2472/2813/1280 2425/2814/1281 2426/2815/1282
f 2417/2816/1283 2409/2817/1283 2414/2818/1284 2422/2819/1285
f 2449/2820/1286 2408/2821/1287 2413/2822/1287 2437/2823/1288
f 2442/2824/1289 2431/2825/1290 2415/2826/1290 2453/2827/1291
f 2428/2828/1292 2410/2829/1292 2432/2830/1292 2412/2831/1292 2424/2832/1292 2470/2833/1292 2471/2834/1292 2469/2835/1292
f 2433/2836/1293 2422/2819/1285 2414/2818/1284 2454/2837/1294
f 2432/2830/1295 2450/2838/1296 2438/2839/1297 2412/2831/1295
f 2422/2819/1285 2423/2840/1285 2416/2841/1283 2417/2816/1283
f 2430/2842/1298 2429/2843/1298 2418/2844/1298 2419/2845/1298
f 2461/2846/1299 2468/2847/1299 2465/2848/1299 2458/2849/1299
f 2408/2850/1283 2416/2841/1283 2423/2840/1285 2413/2851/1284
f 2464/2852/1300 2421/2853/1300 2415/2854/1300 2425/2855/1301 2463/2856/1302
f 2427/2857/1303 2429/2858/1303 2475/2859/1304 2473/2860/1305
f 2476/2861/1306 2462/2862/1307 2463/2856/1302 2425/2855/1301 2472/2863/1308
f 2420/2864/1300 2421/2853/1300 2464/2852/1300 2461/2846/1300 2458/2849/1300 2459/2865/1300
f 2419/2866/1298 2410/2867/1298 2428/2868/1298 2430/2869/1298
f 2411/2870/1298 2418/2871/1298 2429/2858/1298 2427/2857/1298
f 2437/2872/1294 2413/2851/1284 2423/2840/1285 2446/2873/1294
f 2421/2853/1309 2420/2864/1293 2445/2874/1294 2434/2875/1294
f 2409/2876/1310 2441/2877/1311 2454/2878/1312 2414/2879/1310
f 2421/2853/1309 2434/2875/1294 2453/2880/1294 2415/2854/1313
f 2431/2825/1314 2426/2815/1282 2425/2814/1281 2415/2826/1314
f 2412/2881/1294 2438/2882/1294 2445/2874/1294 2420/2864/1293
f 2446/2873/1294 2448/2883/1294 2439/2884/1294 2437/2872/1294
f 2448/2883/1294 2447/2885/1294 2440/2886/1294 2439/2884/1294
f 2447/2885/1294 2445/2874/1294 2438/2882/1294 2440/2886/1294
f 2437/2823/1288 2439/2887/1315 2451/2888/1316 2449/2820/1286
f 2439/2887/1315 2440/2889/1317 2452/2890/1318 2451/2888/1316
f 2440/2889/1317 2438/2839/1297 2450/2838/1296 2452/2890/1318
f 2454/2837/1294 2456/2891/1294 2435/2892/1294 2433/2836/1293
f 2456/2891/1294 2455/2893/1294 2436/2894/1294 2435/2892/1294
f 2455/2893/1294 2453/2880/1294 2434/2875/1294 2436/2894/1294
f 2441/2877/1311 2443/2895/1319 2456/2896/1320 2454/2878/1312
f 2443/2895/1319 2444/2897/1321 2455/2898/1322 2456/2896/1320
f 2444/2897/1321 2442/2824/1289 2453/2827/1291 2455/2898/1322
f 2433/2836/1293 2435/2892/1294 2448/2883/1294 2446/2873/1294
f 2435/2892/1294 2436/2894/1294 2447/2885/1294 2448/2883/1294
f 2436/2894/1294 2434/2875/1294 2445/2874/1294 2447/2885/1294
f 2446/2873/1294 2423/2840/1285 2422/2819/1285 2433/2836/1293
f 2430/2869/1323 2428/2868/1323 2469/2899/1324 2479/2900/1325
f 2429/2858/1326 2467/2901/1326 2462/2862/1326 2476/2861/1326 2477/2902/1326 2475/2859/1326
f 2430/2869/1327 2479/2900/1327 2480/2903/1327 2478/2904/1327 2457/2905/1327 2466/2906/1327
f 2457/2905/1328 2460/2907/1329 2459/2865/1300 2458/2849/1300
f 2461/2846/1300 2464/2852/1300 2463/2856/1302 2462/2862/1307
f 2461/2846/1330 2462/2862/1330 2467/2901/1330 2468/2847/1330
f 2457/2905/1331 2458/2849/1331 2465/2848/1331 2466/2906/1331
f 2424/2908/1332 2412/2881/1300 2420/2864/1300 2459/2865/1300 2460/2907/1329
f 2430/2842/1300 2466/2909/1300 2465/2910/1300 2468/2911/1300 2467/2912/1300 2429/2843/1300
f 2472/2863/1308 2474/2913/1333 2477/2902/1334 2476/2861/1306
f 2474/2913/1333 2473/2860/1305 2475/2859/1304 2477/2902/1334
f 2478/2904/1335 2480/2903/1336 2471/2914/1337 2470/2915/1338
f 2480/2903/1336 2479/2900/1325 2469/2899/1324 2471/2914/1337
f 2470/2915/1338 2424/2908/1332 2460/2907/1329 2457/2905/1328 2478/2904/1335
f 2652/2916/1339 2668/2917/1339 2714/2918/1339 2715/2919/1339 2713/2920/1339 2666/2921/1340 2667/2922/1341
f 2658/2923/1342 2650/2924/1343 2655/2925/1344 2663/2926/1345
f 2690/2927/1346 2649/2928/1347 2654/2929/1347 2678/2930/1348
f 2683/2931/1349 2672/2932/1350 2656/2933/1350 2694/2934/1351
f 2669/2935/1352 2651/2936/1352 2673/2937/1352 2653/2938/1352 2665/2939/1352 2711/2940/1352 2712/2941/1352 2710/2942/1352
f 2674/2943/1353 2663/2926/1345 2655/2925/1344 2695/2944/1353
f 2673/2937/1354 2691/2945/1355 2679/2946/1356 2653/2938/1354
f 2663/2926/1345 2664/2947/1345 2657/2948/1357 2658/2923/1342
f 2671/2949/1358 2670/2950/1358 2659/2951/1358 2660/2952/1358
f 2702/2953/1359 2709/2954/1359 2706/2955/1359 2699/2956/1359
f 2649/2957/1357 2657/2948/1357 2664/2947/1345 2654/2958/1344
f 2705/2959/1360 2662/2960/1360 2656/2961/1360 2666/2962/1361 2704/2963/1362
f 2668/2964/1363 2670/2965/1363 2716/2966/1364 2714/2967/1365
f 2717/2968/1366 2703/2969/1367 2704/2963/1362 2666/2962/1361 2713/2970/1368
f 2661/2971/1360 2662/2960/1360 2705/2959/1360 2702/2953/1360 2699/2956/1360 2700/2972/1360
f 2660/2973/1358 2651/2974/1358 2669/2975/1358 2671/2976/1358
f 2652/2977/1358 2659/2978/1358 2670/2965/1358 2668/2964/1358
f 2678/2979/1353 2654/2958/1344 2664/2947/1345 2687/2980/1353
f 2662/2960/1369 2661/2971/1370 2686/2981/1353 2675/2982/1353
f 2650/2983/1371 2682/2984/1372 2695/2985/1373 2655/2986/1371
f 2662/2960/1369 2675/2982/1353 2694/2987/1369 2656/2961/1369
f 2672/2932/1374 2667/2922/1341 2666/2921/1340 2656/2933/1374
f 2653/2988/1353 2679/2989/1353 2686/2981/1353 2661/2971/1370
f 2687/2980/1353 2689/2990/1353 2680/2991/1369 2678/2979/1353
f 2689/2990/1353 2688/2992/1353 2681/2993/1353 2680/2991/1369
f 2688/2992/1353 2686/2981/1353 2679/2989/1353 2681/2993/1353
f 2678/2930/1348 2680/2994/1375 2692/2995/1376 2690/2927/1346
f 2680/2994/1375 2681/2996/1377 2693/2997/1378 2692/2995/1376
f 2681/2996/1377 2679/2946/1356 2691/2945/1355 2693/2997/1378
f 2695/2944/1353 2697/2998/1353 2676/2999/1353 2674/2943/1353
f 2697/2998/1353 2696/3000/1370 2677/3001/1353 2676/2999/1353
f 2696/3000/1370 2694/2987/1369 2675/2982/1353 2677/3001/1353
f 2682/2984/1372 2684/3002/1379 2697/3003/1380 2695/2985/1373
f 2684/3002/1379 2685/3004/1381 2696/3005/1382 2697/3003/1380
f 2685/3004/1381 2683/2931/1349 2694/2934/1351 2696/3005/1382
f 2674/2943/1353 2676/2999/1353 2689/2990/1353 2687/2980/1353
f 2676/2999/1353 2677/3001/1353 2688/2992/1353 2689/2990/1353
f 2677/3001/1353 2675/2982/1353 2686/2981/1353 2688/2992/1353
f 2687/2980/1353 2664/2947/1345 2663/2926/1345 2674/2943/1353
f 2671/2976/1383 2669/2975/1383 2710/3006/1384 2720/3007/1385
f 2670/2965/1386 2708/3008/1386 2703/2969/1386 2717/2968/1386 2718/3009/1386 2716/2966/1386
f 2671/2976/1387 2720/3007/1387 2721/3010/1387 2719/3011/1387 2698/3012/1387 2707/3013/1387
f 2698/3012/1388 2701/3014/1389 2700/2972/1360 2699/2956/1360
f 2702/2953/1360 2705/2959/1360 2704/2963/1362 2703/2969/1367
f 2702/2953/1390 2703/2969/1390 2708/3008/1390 2709/2954/1390
f 2698/3012/1391 2699/2956/1391 2706/2955/1391 2707/3013/1391
f 2665/3015/1392 2653/2988/1360 2661/2971/1360 2700/2972/1360 2701/3014/1389
f 2671/2949/1360 2707/3016/1360 2706/3017/1360 2709/3018/1360 2708/3019/1360 2670/2950/1360
f 2713/2970/1368 2715/3020/1393 2718/3009/1394 2717/2968/1366
f 2715/3020/1393 2714/2967/1365 2716/2966/1364 2718/3009/1394
f 2719/3011/1395 2721/3010/1396 2712/3021/1397 2711/3022/1398
f 2721/3010/1396 2720/3007/1385 2710/3006/1384 2712/3021/1397
f 2711/3022/1398 2665/3015/1392 2701/3014/1389 2698/3012/1388 2719/3011/1395
f 2893/3023/1399 2909/3024/1399 2955/3025/1399 2956/3026/1399 2954/3027/1399 2907/3028/1400 2908/3029/1401
f 2899/3030/1402 2891/3031/1402 2896/3032/1403 2904/3033/1404
f 2931/3034/1405 2890/3035/1406 2895/3036/1406 2919/3037/1407
f 2924/3038/1408 2913/3039/1409 2897/3040/1409 2935/3041/1410
f 2910/3042/1411 2892/3043/1411 2914/3044/1411 2894/3045/1411 2906/3046/1411 2952/3047/1411 2953/3048/1411 2951/3049/1411
f 2915/3050/1412 2904/3033/1404 2896/3032/1403 2936/3051/1413
f 2914/3044/1414 2932/3052/1415 2920/3053/1416 2894/3045/1414
f 2904/3033/1404 2905/3054/1404 2898/3055/1402 2899/3030/1402
f 2912/3056/1417 2911/3057/1417 2900/3058/1417 2901/3059/1417
f 2943/3060/1418 2950/3061/1418 2947/3062/1418 2940/3063/1418
f 2890/3064/1402 2898/3055/1402 2905/3054/1404 2895/3065/1403
f 2946/3066/1419 2903/3067/1419 2897/3068/1419 2907/3069/1420 2945/3070/1421
f 2909/3071/1422 2911/3072/1422 2957/3073/1423 2955/3074/1424
f 2958/3075/1425 2944/3076/1426 2945/3070/1421 2907/3069/1420 2954/3077/1427
f 2902/3078/1419 2903/3067/1419 2946/3066/1419 2943/3060/1419 2940/3063/1419 2941/3079/1419
f 2901/3080/1417 2892/3081/1417 2910/3082/1417 2912/3083/1417
f 2893/3084/1417 2900/3085/1417 2911/3072/1417 2909/3071/1417
f 2919/3086/1412 2895/3065/1403 2905/3054/1404 2928/3087/1412
f 2903/3067/1428 2902/3078/1412 2927/3088/1428 2916/3089/1412
f 2891/3090/1429 2923/3091/1430 2936/3092/1431 2896/3093/1429
f 2903/3067/1428 2916/3089/1412 2935/3094/1428 2897/3068/1428
f 2913/3039/1432 2908/3029/1401 2907/3028/1400 2897/3040/1432
f 2894/3095/1412 2920/3096/1428 2927/3088/1428 2902/3078/1412
f 2928/3087/1412 2930/3097/1412 2921/3098/1412 2919/3086/1412
f 2930/3097/1412 2929/3099/1428 2922/3100/1428 2921/3098/1412
f 2929/3099/1428 2927/3088/1428 2920/3096/1428 2922/3100/1428
f 2919/3037/1407 2921/3101/1433 2933/3102/1434 2931/3034/1405
f 2921/3101/1433 2922/3103/1435 2934/3104/1436 2933/3102/1434
f 2922/3103/1435 2920/3053/1416 2932/3052/1415 2934/3104/1436
f 2936/3051/1413 2938/3105/1412 2917/3106/1412 2915/3050/1412
f 2938/3105/1412 2937/3107/1412 2918/3108/1412 2917/3106/1412
f 2937/3107/1412 2935/3094/1428 2916/3089/1412 2918/3108/1412
f 2923/3091/1430 2925/3109/1437 2938/3110/1438 2936/3092/1431
f 2925/3109/1437 2926/3111/1439 2937/3112/1440 2938/3110/1438
f 2926/3111/1439 2924/3038/1408 2935/3041/1410 2937/3112/1440
f 2915/3050/1412 2917/3106/1412 2930/3097/1412 2928/3087/1412
f 2917/3106/1412 2918/3108/1412 2929/3099/1428 2930/3097/1412
f 2918/3108/1412 2916/3089/1412 2927/3088/1428 2929/3099/1428
f 2928/3087/1412 2905/3054/1404 2904/3033/1404 2915/3050/1412
f 2912/3083/1441 2910/3082/1441 2951/3113/1442 2961/3114/1443
f 2911/3072/1444 2949/3115/1444 2944/3076/1444 2958/3075/1444 2959/3116/1444 2957/3073/1444
f 2912/3083/1445 2961/3114/1445 2962/3117/1445 2960/3118/1445 2939/3119/1445 2948/3120/1445
f 2939/3119/1446 2942/3121/1447 2941/3079/1419 2940/3063/1419
f 2943/3060/1419 2946/3066/1419 2945/3070/1421 2944/3076/1426
f 2943/3060/1448 2944/3076/1448 2949/3115/1448 2950/3061/1448
f 2939/3119/1449 2940/3063/1449 2947/3062/1449 2948/3120/1449
f 2906/3122/1450 2894/3095/1419 2902/3078/1419 2941/3079/1419 2942/3121/1447
f 2912/3056/1419 2948/3123/1419 2947/3124/1419 2950/3125/1419 2949/3126/1419 2911/3057/1419
f 2954/3077/1427 2956/3127/1451 2959/3116/1452 2958/3075/1425
f 2956/3127/1451 2955/3074/1424 2957/3073/1423 2959/3116/1452
f 2960/3118/1453 2962/3117/1454 2953/3128/1455 2952/3129/1456
f 2962/3117/1454 2961/3114/1443 2951/3113/1442 2953/3128/1455
f 2952/3129/1456 2906/3122/1450 2942/3121/1447 2939/3119/1446 2960/3118/1453
f 3134/3130/1457 3149/3131/1458 3148/3132/1459 3195/3133/1457 3197/3134/1457 3196/3135/1457 3150/3136/1457
f 3140/3137/1460 3145/3138/1461 3137/3139/1462 3132/3140/1463
f 3172/3141/1464 3160/3142/1465 3136/3143/1466 3131/3144/1466
f 3165/3145/1467 3176/3146/1468 3138/3147/1469 3154/3148/1469
f 3151/3149/1470 3192/3150/1470 3194/3151/1470 3193/3152/1470 3147/3153/1470 3135/3154/1470 3155/3155/1470 3133/3156/1470
f 3156/3157/1471 3177/3158/1471 3137/3139/1462 3145/3138/1461
f 3155/3155/1472 3135/3154/1472 3161/3159/1473 3173/3160/1474
f 3145/3138/1461 3140/3137/1460 3139/3161/1475 3146/3162/1461
f 3153/3163/1476 3142/3164/1476 3141/3165/1476 3152/3166/1476
f 3184/3167/1477 3181/3168/1477 3188/3169/1477 3191/3170/1477
f 3131/3171/1475 3136/3172/1462 3146/3162/1461 3139/3161/1475
f 3187/3173/1478 3186/3174/1479 3148/3175/1480 3138/3176/1478 3144/3177/1478
f 3150/3178/1481 3196/3179/1482 3198/3180/1483 3152/3181/1481
f 3199/3182/1484 3195/3183/1485 3148/3175/1480 3186/3174/1479 3185/3184/1486
f 3143/3185/1478 3182/3186/1478 3181/3168/1478 3184/3167/1478 3187/3173/1478 3144/3177/1478
f 3142/3187/1476 3153/3188/1476 3151/3189/1476 3133/3190/1476
f 3134/3191/1476 3150/3178/1476 3152/3181/1476 3141/3192/1476
f 3160/3193/1471 3169/3194/1471 3146/3162/1461 3136/3172/1462
f 3144/3177/1471 3157/3195/1487 3168/3196/1471 3143/3185/1471
f 3132/3197/1488 3137/3198/1488 3177/3199/1489 3164/3200/1490
f 3144/3177/1471 3138/3176/1491 3176/3201/1471 3157/3195/1487
f 3154/3148/1492 3138/3147/1492 3148/3132/1459 3149/3131/1458
f 3135/3202/1491 3143/3185/1471 3168/3196/1471 3161/3203/1471
f 3169/3194/1471 3160/3193/1471 3162/3204/1491 3171/3205/1471
f 3171/3205/1471 3162/3204/1491 3163/3206/1471 3170/3207/1491
f 3170/3207/1491 3163/3206/1471 3161/3203/1471 3168/3196/1471
f 3160/3142/1465 3172/3141/1464 3174/3208/1493 3162/3209/1494
f 3162/3209/1494 3174/3208/1493 3175/3210/1495 3163/3211/1496
f 3163/3211/1496 3175/3210/1495 3173/3160/1474 3161/3159/1473
f 3177/3158/1471 3156/3157/1471 3158/3212/1471 3179/3213/1491
f 3179/3213/1491 3158/3212/1471 3159/3214/1471 3178/3215/1487
f 3178/3215/1487 3159/3214/1471 3157/3195/1487 3176/3201/1471
f 3164/3200/1490 3177/3199/1489 3179/3216/1497 3166/3217/1498
f 3166/3217/1498 3179/3216/1497 3178/3218/1499 3167/3219/1500
f 3167/3219/1500 3178/3218/1499 3176/3146/1468 3165/3145/1467
f 3156/3157/1471 3169/3194/1471 3171/3205/1471 3158/3212/1471
f 3158/3212/1471 3171/3205/1471 3170/3207/1491 3159/3214/1471
f 3159/3214/1471 3170/3207/1491 3168/3196/1471 3157/3195/1487
f 3169/3194/1471 3156/3157/1471 3145/3138/1461 3146/3162/1461
f 3153/3188/1501 3202/3220/1502 3192/3221/1503 3151/3189/1501
f 3152/3181/1504 3198/3180/1504 3200/3222/1504 3199/3182/1504 3185/3184/1504 3190/3223/1504
f 3153/3188/1505 3189/3224/1505 3180/3225/1505 3201/3226/1505 3203/3227/1505 3202/3220/1505
f 3180/3225/1506 3181/3168/1478 3182/3186/1478 3183/3228/1507
f 3184/3167/1478 3185/3184/1486 3186/3174/1479 3187/3173/1478
f 3184/3167/1508 3191/3170/1508 3190/3223/1508 3185/3184/1508
f 3180/3225/1509 3189/3224/1509 3188/3169/1509 3181/3168/1509
f 3147/3229/1510 3183/3228/1507 3182/3186/1478 3143/3185/1478 3135/3202/1478
f 3153/3163/1478 3152/3166/1478 3190/3230/1478 3191/3231/1478 3188/3232/1478 3189/3233/1478
f 3195/3183/1485 3199/3182/1484 3200/3222/1511 3197/3234/1512
f 3197/3234/1512 3200/3222/1511 3198/3180/1483 3196/3179/1482
f 3201/3226/1513 3193/3235/1514 3194/3236/1515 3203/3227/1516
f 3203/3227/1516 3194/3236/1515 3192/3221/1503 3202/3220/1502
f 3193/3235/1514 3201/3226/1513 3180/3225/1506 3183/3228/1507 3147/3229/1510
f 3375/3237/1517 3390/3238/1518 3389/3239/1519 3436/3240/1517 3438/3241/1517 3437/3242/1517 3391/3243/1517
f 3381/3244/1520 3386/3245/1521 3378/3246/1522 3373/3247/1520
f 3413/3248/1523 3401/3249/1524 3377/3250/1525 3372/3251/1525
f 3406/3252/1526 3417/3253/1527 3379/3254/1528 3395/3255/1528
f 3392/3256/1529 3433/3257/1529 3435/3258/1529 3434/3259/1529 3388/3260/1529 3376/3261/1529 3396/3262/1529 3374/3263/1529
f 3397/3264/1530 3418/3265/1531 3378/3246/1522 3386/3245/1521
f 3396/3262/1532 3376/3261/1532 3402/3266/1533 3414/3267/1534
f 3386/3245/1521 3381/3244/1520 3380/3268/1520 3387/3269/1521
f 3394/3270/1535 3383/3271/1535 3382/3272/1535 3393/3273/1535
f 3425/3274/1536 3422/3275/1536 3429/3276/1536 3432/3277/1536
f 3372/3278/1520 3377/3279/1522 3387/3269/1521 3380/3268/1520
f 3428/3280/1537 3427/3281/1538 3389/3282/1539 3379/3283/1537 3385/3284/1537
f 3391/3285/1540 3437/3286/1541 3439/3287/1542 3393/3288/1540
f 3440/3289/1543 3436/3290/1544 3389/3282/1539 3427/3281/1538 3426/3291/1545
f 3384/3292/1537 3423/3293/1537 3422/3275/1537 3425/3274/1537 3428/3280/1537 3385/3284/1537
f 3383/3294/1535 3394/3295/1535 3392/3296/1535 3374/3297/1535
f 3375/3298/1535 3391/3285/1535 3393/3288/1535 3382/3299/1535
f 3401/3300/1530 3410/3301/1530 3387/3269/1521 3377/3279/1522
f 3385/3284/1546 3398/3302/1531 3409/3303/1530 3384/3292/1530
f 3373/3304/1547 3378/3305/1547 3418/3306/1548 3405/3307/1549
f 3385/3284/1546 3379/3283/1546 3417/3308/1546 3398/3302/1531
f 3395/3255/1550 3379/3254/1550 3389/3239/1519 3390/3238/1518
f 3376/3309/1530 3384/3292/1530 3409/3303/1530 3402/3310/1530
f 3410/3301/1530 3401/3300/1530 3403/3311/1530 3412/3312/1530
f 3412/3312/1530 3403/3311/1530 3404/3313/1546 3411/3314/1546
f 3411/3314/1546 3404/3313/1546 3402/3310/1530 3409/3303/1530
f 3401/3249/1524 3413/3248/1523 3415/3315/1551 3403/3316/1552
f 3403/3316/1552 3415/3315/1551 3416/3317/1553 3404/3318/1554
f 3404/3318/1554 3416/3317/1553 3414/3267/1534 3402/3266/1533
f 3418/3265/1531 3397/3264/1530 3399/3319/1530 3420/3320/1530
f 3420/3320/1530 3399/3319/1530 3400/3321/1530 3419/3322/1530
f 3419/3322/1530 3400/3321/1530 3398/3302/1531 3417/3308/1546
f 3405/3307/1549 3418/3306/1548 3420/3323/1555 3407/3324/1556
f 3407/3324/1556 3420/3323/1555 3419/3325/1557 3408/3326/1558
f 3408/3326/1558 3419/3325/1557 3417/3253/1527 3406/3252/1526
f 3397/3264/1530 3410/3301/1530 3412/3312/1530 3399/3319/1530
f 3399/3319/1530 3412/3312/1530 3411/3314/1546 3400/3321/1530
f 3400/3321/1530 3411/3314/1546 3409/3303/1530 3398/3302/1531
f 3410/3301/1530 3397/3264/1530 3386/3245/1521 3387/3269/1521
f 3394/3295/1559 3443/3327/1560 3433/3328/1561 3392/3296/1559
f 3393/3288/1562 3439/3287/1562 3441/3329/1562 3440/3289/1562 3426/3291/1562 3431/3330/1562
f 3394/3295/1563 3430/3331/1563 3421/3332/1563 3442/3333/1563 3444/3334/1563 3443/3327/1563
f 3421/3332/1564 3422/3275/1537 3423/3293/1537 3424/3335/1565
f 3425/3274/1537 3426/3291/1545 3427/3281/1538 3428/3280/1537
f 3425/3274/1566 3432/3277/1566 3431/3330/1566 3426/3291/1566
f 3421/3332/1567 3430/3331/1567 3429/3276/1567 3422/3275/1567
f 3388/3336/1568 3424/3335/1565 3423/3293/1537 3384/3292/1537 3376/3309/1537
f 3394/3270/1537 3393/3273/1537 3431/3337/1537 3432/3338/1537 3429/3339/1537 3430/3340/1537
f 3436/3290/1544 3440/3289/1543 3441/3329/1569 3438/3341/1570
f 3438/3341/1570 3441/3329/1569 3439/3287/1542 3437/3286/1541
f 3442/3333/1571 3434/3342/1572 3435/3343/1573 3444/3334/1574
f 3444/3334/1574 3435/3343/1573 3433/3328/1561 3443/3327/1560
f 3434/3342/1572 3442/3333/1571 3421/3332/1564 3424/3335/1565 3388/3336/1568
usemtl M_Glass
f 1229/3344/562 1228/3345/562 1224/3346/562 1217/3347/562
f 1228/3345/562 1227/3348/1575 1223/3349/1576 1224/3346/562
f 1227/3348/1575 1226/3350/1577 1222/3351/1578 1223/3349/1576
f 1226/3350/1577 1230/3352/1579 1220/3353/1580 1222/3351/1578
f 1230/3352/1579 1231/3354/1581 1219/3355/1582 1220/3353/1580
f 1231/3354/1581 1232/3356/1583 1218/3357/1584 1219/3355/1582
f 1232/3356/1583 1233/3358/1585 1221/3359/1586 1218/3357/1584
f 1234/3360/562 1229/3344/562 1217/3347/562 1225/3361/562
f 1246/3362/581 1235/3363/581 1241/3364/581 1245/3365/581
f 1245/3365/581 1241/3364/581 1240/3366/1587 1244/3367/1588
f 1244/3367/1588 1240/3366/1587 1239/3368/1589 1243/3369/1590
f 1243/3369/1590 1239/3368/1589 1238/3370/1591 1247/3371/1592
f 1247/3371/1592 1238/3370/1591 1237/3372/1593 1248/3373/1594
f 1248/3373/1594 1237/3372/1593 1236/3374/1595 1249/3375/1596
f 1249/3375/1596 1236/3374/1595 1221/3376/1586 1233/3377/1585
f 1250/3378/581 1242/3379/581 1235/3363/581 1246/3362/581
f 1262/3380/619 1261/3381/619 1257/3382/619 1251/3383/619
f 1261/3381/619 1260/3384/1597 1256/3385/1598 1257/3382/619
f 1260/3384/1597 1259/3386/1599 1255/3387/1600 1256/3385/1598
f 1259/3386/1599 1263/3388/1601 1254/3389/1602 1255/3387/1600
f 1263/3388/1601 1264/3390/1603 1253/3391/1604 1254/3389/1602
f 1264/3390/1603 1265/3392/1605 1252/3393/1606 1253/3391/1604
f 1265/3392/1605 1266/3394/1607 1272/3395/1608 1252/3393/1606
f 1267/3396/619 1262/3380/619 1251/3383/619 1258/3397/619
f 1280/3398/601 1268/3399/601 1275/3400/601 1279/3401/601
f 1279/3401/601 1275/3400/601 1274/3402/1609 1278/3403/1610
f 1278/3403/1610 1274/3402/1609 1273/3404/1611 1277/3405/1612
f 1277/3405/1612 1273/3404/1611 1271/3406/1613 1281/3407/1614
f 1281/3407/1614 1271/3406/1613 1270/3408/1615 1282/3409/1616
f 1282/3409/1616 1270/3408/1615 1269/3410/1617 1283/3411/1618
f 1283/3411/1618 1269/3410/1617 1272/3412/1608 1266/3413/1607
f 1284/3414/601 1276/3415/601 1268/3399/601 1280/3398/601
usemtl MI_Trim_02_Rails
f 1758/3416/1619 1759/3417/1620 1773/3418/1621 1772/3419/1622
f 1782/3420/1623 1783/3421/1624 1797/3422/1625 1796/3423/1626
f 1770/3424/1627 1771/3425/1628 1785/3426/1629 1784/3427/1630
f 1763/3428/1631 1764/3429/1632 1778/3430/1633 1777/3431/1634
f 1768/3432/1635 1769/3433/1636 1783/3421/1624 1782/3420/1623
f 1761/3434/1637 1762/3435/1638 1776/3436/1639 1775/3437/1640
f 1766/3438/1641 1767/3439/1642 1781/3440/1643 1780/3441/1644
f 1771/3425/1628 1758/3442/1619 1772/3443/1622 1785/3426/1629
f 1759/3417/1620 1760/3444/1645 1774/3445/1646 1773/3418/1621
f 1764/3429/1632 1765/3446/1647 1779/3447/1648 1778/3430/1633
f 1769/3433/1636 1770/3424/1627 1784/3427/1630 1783/3421/1624
f 1762/3435/1638 1763/3428/1631 1777/3431/1634 1776/3436/1639
f 1767/3439/1642 1768/3432/1635 1782/3420/1623 1781/3440/1643
f 1760/3444/1645 1761/3434/1637 1775/3437/1640 1774/3445/1646
f 1765/3446/1647 1766/3438/1641 1780/3441/1644 1779/3447/1648
f 1790/3448/1649 1791/3449/1650 1805/3450/1651 1804/3451/1652
f 1775/3437/1640 1776/3436/1639 1790/3448/1649 1789/3452/1653
f 1783/3421/1624 1784/3427/1630 1798/3453/1654 1797/3422/1625
f 1776/3436/1639 1777/3431/1634 1791/3449/1650 1790/3448/1649
f 1784/3427/1630 1785/3426/1629 1799/3454/1655 1798/3453/1654
f 1777/3431/1634 1778/3430/1633 1792/3455/1656 1791/3449/1650
f 1785/3426/1629 1772/3443/1622 1786/3456/1657 1799/3454/1655
f 1778/3430/1633 1779/3447/1648 1793/3457/1658 1792/3455/1656
f 1779/3447/1648 1780/3441/1644 1794/3458/1659 1793/3457/1658
f 1772/3419/1622 1773/3418/1621 1787/3459/1660 1786/3460/1657
f 1780/3441/1644 1781/3440/1643 1795/3461/1661 1794/3458/1659
f 1773/3418/1621 1774/3445/1646 1788/3462/1662 1787/3459/1660
f 1781/3440/1643 1782/3420/1623 1796/3423/1626 1795/3461/1661
f 1774/3445/1646 1775/3437/1640 1789/3452/1653 1788/3462/1662
f 1798/3453/1654 1799/3454/1655 1813/3463/1663 1812/3464/1664
f 1791/3449/1650 1792/3455/1656 1806/3465/1665 1805/3450/1651
f 1799/3454/1655 1786/3456/1657 1800/3466/1666 1813/3463/1663
f 1792/3455/1656 1793/3457/1658 1807/3467/1667 1806/3465/1665
f 1793/3457/1658 1794/3458/1659 1808/3468/1668 1807/3467/1667
f 1786/3460/1657 1787/3459/1660 1801/3469/1669 1800/3470/1666
f 1794/3458/1659 1795/3461/1661 1809/3471/1670 1808/3468/1668
f 1787/3459/1660 1788/3462/1662 1802/3472/1671 1801/3469/1669
f 1795/3461/1661 1796/3423/1626 1810/3473/1672 1809/3471/1670
f 1788/3462/1662 1789/3452/1653 1803/3474/1673 1802/3472/1671
f 1796/3423/1626 1797/3422/1625 1811/3475/1674 1810/3473/1672
f 1789/3452/1653 1790/3448/1649 1804/3451/1652 1803/3474/1673
f 1797/3422/1625 1798/3453/1654 1812/3464/1664 1811/3475/1674
f 1768/3432/1635 1767/3439/1642 1823/3476/1675 1824/3477/1676
f 1761/3434/1637 1760/3444/1645 1816/3478/1677 1817/3479/1678
f 1769/3433/1636 1768/3432/1635 1824/3477/1676 1825/3480/1679
f 1762/3435/1638 1761/3434/1637 1817/3479/1678 1818/3481/1680
f 1770/3424/1627 1769/3433/1636 1825/3480/1679 1826/3482/1681
f 1763/3428/1631 1762/3435/1638 1818/3481/1680 1819/3483/1682
f 1771/3425/1628 1770/3424/1627 1826/3482/1681 1827/3484/1683
f 1764/3429/1632 1763/3428/1631 1819/3483/1682 1820/3485/1684
f 1758/3442/1619 1771/3425/1628 1827/3484/1683 1814/3486/1685
f 1765/3446/1647 1764/3429/1632 1820/3485/1684 1821/3487/1686
f 1766/3438/1641 1765/3446/1647 1821/3487/1686 1822/3488/1687
f 1759/3417/1620 1758/3416/1619 1814/3489/1685 1815/3490/1688
f 1767/3439/1642 1766/3438/1641 1822/3488/1687 1823/3476/1675
f 1760/3444/1645 1759/3417/1620 1815/3490/1688 1816/3478/1677
f 1822/3488/1687 1892/3491/1689 1893/3492/1690 1823/3476/1675
f 1814/3489/1685 1884/3493/1691 1885/3494/1692 1815/3490/1688
f 1821/3487/1686 1891/3495/1693 1892/3491/1689 1822/3488/1687
f 1820/3485/1684 1890/3496/1694 1891/3495/1693 1821/3487/1686
f 1827/3484/1683 1897/3497/1695 1884/3498/1691 1814/3486/1685
f 1819/3483/1682 1889/3499/1696 1890/3496/1694 1820/3485/1684
f 1826/3482/1681 1896/3500/1697 1897/3497/1695 1827/3484/1683
f 1818/3481/1680 1888/3501/1698 1889/3499/1696 1819/3483/1682
f 1825/3480/1679 1895/3502/1699 1896/3500/1697 1826/3482/1681
f 1817/3479/1678 1887/3503/1700 1888/3501/1698 1818/3481/1680
f 1824/3477/1676 1894/3504/1701 1895/3502/1699 1825/3480/1679
f 1816/3478/1677 1886/3505/1702 1887/3503/1700 1817/3479/1678
f 1823/3476/1675 1893/3492/1690 1894/3504/1701 1824/3477/1676
f 1828/3506/1703 1842/3507/1704 1843/3508/1705 1829/3509/1706
f 1852/3510/1707 1866/3511/1708 1867/3512/1709 1853/3513/1710
f 1840/3514/1711 1854/3515/1712 1855/3516/1713 1841/3517/1714
f 1833/3518/1715 1847/3519/1716 1848/3520/1717 1834/3521/1718
f 1838/3522/1719 1852/3510/1707 1853/3513/1710 1839/3523/1720
f 1831/3524/1721 1845/3525/1722 1846/3526/1723 1832/3527/1724
f 1836/3528/1725 1850/3529/1726 1851/3530/1727 1837/3531/1728
f 1841/3517/1714 1855/3516/1713 1842/3532/1704 1828/3533/1703
f 1829/3509/1706 1843/3508/1705 1844/3534/1729 1830/3535/1730
f 1834/3521/1718 1848/3520/1717 1849/3536/1731 1835/3537/1732
f 1839/3523/1720 1853/3513/1710 1854/3515/1712 1840/3514/1711
f 1832/3527/1724 1846/3526/1723 1847/3519/1716 1833/3518/1715
f 1837/3531/1728 1851/3530/1727 1852/3510/1707 1838/3522/1719
f 1830/3535/1730 1844/3534/1729 1845/3525/1722 1831/3524/1721
f 1835/3537/1732 1849/3536/1731 1850/3529/1726 1836/3528/1725
f 1860/3538/1733 1874/3539/1734 1875/3540/1735 1861/3541/1736
f 1845/3525/1722 1859/3542/1737 1860/3538/1733 1846/3526/1723
f 1853/3513/1710 1867/3512/1709 1868/3543/1738 1854/3515/1712
f 1846/3526/1723 1860/3538/1733 1861/3541/1736 1847/3519/1716
f 1854/3515/1712 1868/3543/1738 1869/3544/1739 1855/3516/1713
f 1847/3519/1716 1861/3541/1736 1862/3545/1740 1848/3520/1717
f 1855/3516/1713 1869/3544/1739 1856/3546/1741 1842/3532/1704
f 1848/3520/1717 1862/3545/1740 1863/3547/1742 1849/3536/1731
f 1849/3536/1731 1863/3547/1742 1864/3548/1743 1850/3529/1726
f 1842/3507/1704 1856/3549/1741 1857/3550/1744 1843/3508/1705
f 1850/3529/1726 1864/3548/1743 1865/3551/1745 1851/3530/1727
f 1843/3508/1705 1857/3550/1744 1858/3552/1746 1844/3534/1729
f 1851/3530/1727 1865/3551/1745 1866/3511/1708 1852/3510/1707
f 1844/3534/1729 1858/3552/1746 1859/3542/1737 1845/3525/1722
f 1868/3543/1738 1882/3553/1747 1883/3554/1748 1869/3544/1739
f 1861/3541/1736 1875/3540/1735 1876/3555/1749 1862/3545/1740
f 1869/3544/1739 1883/3554/1748 1870/3556/1750 1856/3546/1741
f 1862/3545/1740 1876/3555/1749 1877/3557/1751 1863/3547/1742
f 1863/3547/1742 1877/3557/1751 1878/3558/1752 1864/3548/1743
f 1856/3549/1741 1870/3559/1750 1871/3560/1753 1857/3550/1744
f 1864/3548/1743 1878/3558/1752 1879/3561/1754 1865/3551/1745
f 1857/3550/1744 1871/3560/1753 1872/3562/1755 1858/3552/1746
f 1865/3551/1745 1879/3561/1754 1880/3563/1756 1866/3511/1708
f 1858/3552/1746 1872/3562/1755 1873/3564/1757 1859/3542/1737
f 1866/3511/1708 1880/3563/1756 1881/3565/1758 1867/3512/1709
f 1859/3542/1737 1873/3564/1757 1874/3539/1734 1860/3538/1733
f 1867/3512/1709 1881/3565/1758 1882/3553/1747 1868/3543/1738
f 1838/3522/1719 1894/3504/1701 1893/3492/1690 1837/3531/1728
f 1831/3524/1721 1887/3503/1700 1886/3505/1702 1830/3535/1730
f 1839/3523/1720 1895/3502/1699 1894/3504/1701 1838/3522/1719
f 1832/3527/1724 1888/3501/1698 1887/3503/1700 1831/3524/1721
f 1840/3514/1711 1896/3500/1697 1895/3502/1699 1839/3523/1720
f 1833/3518/1715 1889/3499/1696 1888/3501/1698 1832/3527/1724
f 1841/3517/1714 1897/3497/1695 1896/3500/1697 1840/3514/1711
f 1834/3521/1718 1890/3496/1694 1889/3499/1696 1833/3518/1715
f 1828/3533/1703 1884/3498/1691 1897/3497/1695 1841/3517/1714
f 1835/3537/1732 1891/3495/1693 1890/3496/1694 1834/3521/1718
f 1836/3528/1725 1892/3491/1689 1891/3495/1693 1835/3537/1732
f 1829/3509/1706 1885/3494/1692 1884/3493/1691 1828/3506/1703
f 1837/3531/1728 1893/3492/1690 1892/3491/1689 1836/3528/1725
f 1830/3535/1730 1886/3505/1702 1885/3494/1692 1829/3509/1706
f 1815/3490/1688 1885/3494/1692 1886/3505/1702 1816/3478/1677
f 1876/3555/1749 1902/3566/1759 1904/3567/1760 1877/3557/1751
f 1883/3554/1748 1900/3568/1761 1903/3569/1762 1870/3556/1750
f 1875/3540/1735 1898/3570/1763 1902/3566/1759 1876/3555/1749
f 1882/3553/1747 1901/3571/1764 1900/3568/1761 1883/3554/1748
f 1874/3539/1734 1899/3572/1765 1898/3570/1763 1875/3540/1735
f 1881/3565/1758 1911/3573/1766 1901/3571/1764 1882/3553/1747
f 1873/3564/1757 1910/3574/1767 1899/3572/1765 1874/3539/1734
f 1880/3563/1756 1909/3575/1768 1911/3573/1766 1881/3565/1758
f 1872/3562/1755 1908/3576/1769 1910/3574/1767 1873/3564/1757
f 1879/3561/1754 1907/3577/1770 1909/3575/1768 1880/3563/1756
f 1871/3560/1753 1906/3578/1771 1908/3576/1769 1872/3562/1755
f 1878/3558/1752 1905/3579/1772 1907/3577/1770 1879/3561/1754
f 1877/3557/1751 1904/3567/1760 1905/3579/1772 1878/3558/1752
f 1870/3559/1750 1903/3580/1762 1906/3578/1771 1871/3560/1753
f 1801/3469/1669 1920/3581/1773 1917/3582/1774 1800/3470/1666
f 1807/3467/1667 1918/3583/1775 1916/3584/1776 1806/3465/1665
f 1800/3466/1666 1917/3585/1774 1914/3586/1777 1813/3463/1663
f 1806/3465/1665 1916/3584/1776 1912/3587/1778 1805/3450/1651
f 1813/3463/1663 1914/3586/1777 1915/3588/1779 1812/3464/1664
f 1805/3450/1651 1912/3587/1778 1913/3589/1780 1804/3451/1652
f 1812/3464/1664 1915/3588/1779 1925/3590/1781 1811/3475/1674
f 1804/3451/1652 1913/3589/1780 1924/3591/1782 1803/3474/1673
f 1811/3475/1674 1925/3590/1781 1923/3592/1783 1810/3473/1672
f 1803/3474/1673 1924/3591/1782 1922/3593/1784 1802/3472/1671
f 1810/3473/1672 1923/3592/1783 1921/3594/1785 1809/3471/1670
f 1802/3472/1671 1922/3593/1784 1920/3581/1773 1801/3469/1669
f 1809/3471/1670 1921/3594/1785 1919/3595/1786 1808/3468/1668
f 1808/3468/1668 1919/3595/1786 1918/3583/1775 1807/3467/1667
f 1999/3596/1787 2000/3597/1788 2014/3598/1789 2013/3599/1790
f 2023/3600/1791 2024/3601/1792 2038/3602/1793 2037/3603/1794
f 2011/3604/1795 2012/3605/1796 2026/3606/1797 2025/3607/1798
f 2004/3608/1799 2005/3609/1800 2019/3610/1801 2018/3611/1802
f 2009/3612/1803 2010/3613/1804 2024/3601/1792 2023/3600/1791
f 2002/3614/1805 2003/3615/1806 2017/3616/1807 2016/3617/1808
f 2007/3618/1809 2008/3619/1810 2022/3620/1811 2021/3621/1812
f 2012/3605/1796 1999/3622/1787 2013/3623/1790 2026/3606/1797
f 2000/3597/1788 2001/3624/1813 2015/3625/1814 2014/3598/1789
f 2005/3609/1800 2006/3626/1815 2020/3627/1816 2019/3610/1801
f 2010/3613/1804 2011/3604/1795 2025/3607/1798 2024/3601/1792
f 2003/3615/1806 2004/3608/1799 2018/3611/1802 2017/3616/1807
f 2008/3619/1810 2009/3612/1803 2023/3600/1791 2022/3620/1811
f 2001/3624/1813 2002/3614/1805 2016/3617/1808 2015/3625/1814
f 2006/3626/1815 2007/3618/1809 2021/3621/1812 2020/3627/1816
f 2031/3628/1817 2032/3629/1818 2046/3630/1819 2045/3631/1820
f 2016/3617/1808 2017/3616/1807 2031/3628/1817 2030/3632/1821
f 2024/3601/1792 2025/3607/1798 2039/3633/1822 2038/3602/1793
f 2017/3616/1807 2018/3611/1802 2032/3629/1818 2031/3628/1817
f 2025/3607/1798 2026/3606/1797 2040/3634/1823 2039/3633/1822
f 2018/3611/1802 2019/3610/1801 2033/3635/1824 2032/3629/1818
f 2026/3606/1797 2013/3623/1790 2027/3636/1825 2040/3634/1823
f 2019/3610/1801 2020/3627/1816 2034/3637/1826 2033/3635/1824
f 2020/3627/1816 2021/3621/1812 2035/3638/1827 2034/3637/1826
f 2013/3599/1790 2014/3598/1789 2028/3639/1828 2027/3640/1825
f 2021/3621/1812 2022/3620/1811 2036/3641/1829 2035/3638/1827
f 2014/3598/1789 2015/3625/1814 2029/3642/1830 2028/3639/1828
f 2022/3620/1811 2023/3600/1791 2037/3603/1794 2036/3641/1829
f 2015/3625/1814 2016/3617/1808 2030/3632/1821 2029/3642/1830
f 2039/3633/1822 2040/3634/1823 2054/3643/1831 2053/3644/1832
f 2032/3629/1818 2033/3635/1824 2047/3645/1833 2046/3630/1819
f 2040/3634/1823 2027/3636/1825 2041/3646/1834 2054/3643/1831
f 2033/3635/1824 2034/3637/1826 2048/3647/1835 2047/3645/1833
f 2034/3637/1826 2035/3638/1827 2049/3648/1836 2048/3647/1835
f 2027/3640/1825 2028/3639/1828 2042/3649/1837 2041/3650/1834
f 2035/3638/1827 2036/3641/1829 2050/3651/1838 2049/3648/1836
f 2028/3639/1828 2029/3642/1830 2043/3652/1839 2042/3649/1837
f 2036/3641/1829 2037/3603/1794 2051/3653/1840 2050/3651/1838
f 2029/3642/1830 2030/3632/1821 2044/3654/1841 2043/3652/1839
f 2037/3603/1794 2038/3602/1793 2052/3655/1842 2051/3653/1840
f 2030/3632/1821 2031/3628/1817 2045/3631/1820 2044/3654/1841
f 2038/3602/1793 2039/3633/1822 2053/3644/1832 2052/3655/1842
f 2009/3612/1803 2008/3619/1810 2064/3656/1843 2065/3657/1844
f 2002/3614/1805 2001/3624/1813 2057/3658/1845 2058/3659/1846
f 2010/3613/1804 2009/3612/1803 2065/3657/1844 2066/3660/1847
f 2003/3615/1806 2002/3614/1805 2058/3659/1846 2059/3661/1848
f 2011/3604/1795 2010/3613/1804 2066/3660/1847 2067/3662/1849
f 2004/3608/1799 2003/3615/1806 2059/3661/1848 2060/3663/1850
f 2012/3605/1796 2011/3604/1795 2067/3662/1849 2068/3664/1851
f 2005/3609/1800 2004/3608/1799 2060/3663/1850 2061/3665/1852
f 1999/3622/1787 2012/3605/1796 2068/3664/1851 2055/3666/1853
f 2006/3626/1815 2005/3609/1800 2061/3665/1852 2062/3667/1854
f 2007/3618/1809 2006/3626/1815 2062/3667/1854 2063/3668/1855
f 2000/3597/1788 1999/3596/1787 2055/3669/1853 2056/3670/1856
f 2008/3619/1810 2007/3618/1809 2063/3668/1855 2064/3656/1843
f 2001/3624/1813 2000/3597/1788 2056/3670/1856 2057/3658/1845
f 2063/3668/1855 2133/3671/1857 2134/3672/1858 2064/3656/1843
f 2055/3669/1853 2125/3673/1859 2126/3674/1860 2056/3670/1856
f 2062/3667/1854 2132/3675/1861 2133/3671/1857 2063/3668/1855
f 2061/3665/1852 2131/3676/1862 2132/3675/1861 2062/3667/1854
f 2068/3664/1851 2138/3677/1863 2125/3678/1859 2055/3666/1853
f 2060/3663/1850 2130/3679/1864 2131/3676/1862 2061/3665/1852
f 2067/3662/1849 2137/3680/1865 2138/3677/1863 2068/3664/1851
f 2059/3661/1848 2129/3681/1866 2130/3679/1864 2060/3663/1850
f 2066/3660/1847 2136/3682/1867 2137/3680/1865 2067/3662/1849
f 2058/3659/1846 2128/3683/1868 2129/3681/1866 2059/3661/1848
f 2065/3657/1844 2135/3684/1869 2136/3682/1867 2066/3660/1847
f 2057/3658/1845 2127/3685/1870 2128/3683/1868 2058/3659/1846
f 2064/3656/1843 2134/3672/1858 2135/3684/1869 2065/3657/1844
f 2069/3686/1871 2083/3687/1872 2084/3688/1873 2070/3689/1874
f 2093/3690/1875 2107/3691/1876 2108/3692/1877 2094/3693/1878
f 2081/3694/1879 2095/3695/1880 2096/3696/1881 2082/3697/1882
f 2074/3698/1883 2088/3699/1884 2089/3700/1885 2075/3701/1886
f 2079/3702/1887 2093/3690/1875 2094/3693/1878 2080/3703/1888
f 2072/3704/1889 2086/3705/1890 2087/3706/1891 2073/3707/1892
f 2077/3708/1893 2091/3709/1894 2092/3710/1895 2078/3711/1896
f 2082/3697/1882 2096/3696/1881 2083/3712/1872 2069/3713/1871
f 2070/3689/1874 2084/3688/1873 2085/3714/1897 2071/3715/1898
f 2075/3701/1886 2089/3700/1885 2090/3716/1899 2076/3717/1900
f 2080/3703/1888 2094/3693/1878 2095/3695/1880 2081/3694/1879
f 2073/3707/1892 2087/3706/1891 2088/3699/1884 2074/3698/1883
f 2078/3711/1896 2092/3710/1895 2093/3690/1875 2079/3702/1887
f 2071/3715/1898 2085/3714/1897 2086/3705/1890 2072/3704/1889
f 2076/3717/1900 2090/3716/1899 2091/3709/1894 2077/3708/1893
f 2101/3718/1901 2115/3719/1902 2116/3720/1903 2102/3721/1904
f 2086/3705/1890 2100/3722/1905 2101/3718/1901 2087/3706/1891
f 2094/3693/1878 2108/3692/1877 2109/3723/1906 2095/3695/1880
f 2087/3706/1891 2101/3718/1901 2102/3721/1904 2088/3699/1884
f 2095/3695/1880 2109/3723/1906 2110/3724/1907 2096/3696/1881
f 2088/3699/1884 2102/3721/1904 2103/3725/1908 2089/3700/1885
f 2096/3696/1881 2110/3724/1907 2097/3726/1909 2083/3712/1872
f 2089/3700/1885 2103/3725/1908 2104/3727/1910 2090/3716/1899
f 2090/3716/1899 2104/3727/1910 2105/3728/1911 2091/3709/1894
f 2083/3687/1872 2097/3729/1909 2098/3730/1912 2084/3688/1873
f 2091/3709/1894 2105/3728/1911 2106/3731/1913 2092/3710/1895
f 2084/3688/1873 2098/3730/1912 2099/3732/1914 2085/3714/1897
f 2092/3710/1895 2106/3731/1913 2107/3691/1876 2093/3690/1875
f 2085/3714/1897 2099/3732/1914 2100/3722/1905 2086/3705/1890
f 2109/3723/1906 2123/3733/1915 2124/3734/1916 2110/3724/1907
f 2102/3721/1904 2116/3720/1903 2117/3735/1917 2103/3725/1908
f 2110/3724/1907 2124/3734/1916 2111/3736/1918 2097/3726/1909
f 2103/3725/1908 2117/3735/1917 2118/3737/1919 2104/3727/1910
f 2104/3727/1910 2118/3737/1919 2119/3738/1920 2105/3728/1911
f 2097/3729/1909 2111/3739/1918 2112/3740/1921 2098/3730/1912
f 2105/3728/1911 2119/3738/1920 2120/3741/1922 2106/3731/1913
f 2098/3730/1912 2112/3740/1921 2113/3742/1923 2099/3732/1914
f 2106/3731/1913 2120/3741/1922 2121/3743/1924 2107/3691/1876
f 2099/3732/1914 2113/3742/1923 2114/3744/1925 2100/3722/1905
f 2107/3691/1876 2121/3743/1924 2122/3745/1926 2108/3692/1877
f 2100/3722/1905 2114/3744/1925 2115/3719/1902 2101/3718/1901
f 2108/3692/1877 2122/3745/1926 2123/3733/1915 2109/3723/1906
f 2079/3702/1887 2135/3684/1869 2134/3672/1858 2078/3711/1896
f 2072/3704/1889 2128/3683/1868 2127/3685/1870 2071/3715/1898
f 2080/3703/1888 2136/3682/1867 2135/3684/1869 2079/3702/1887
f 2073/3707/1892 2129/3681/1866 2128/3683/1868 2072/3704/1889
f 2081/3694/1879 2137/3680/1865 2136/3682/1867 2080/3703/1888
f 2074/3698/1883 2130/3679/1864 2129/3681/1866 2073/3707/1892
f 2082/3697/1882 2138/3677/1863 2137/3680/1865 2081/3694/1879
f 2075/3701/1886 2131/3676/1862 2130/3679/1864 2074/3698/1883
f 2069/3713/1871 2125/3678/1859 2138/3677/1863 2082/3697/1882
f 2076/3717/1900 2132/3675/1861 2131/3676/1862 2075/3701/1886
f 2077/3708/1893 2133/3671/1857 2132/3675/1861 2076/3717/1900
f 2070/3689/1874 2126/3674/1860 2125/3673/1859 2069/3686/1871
f 2078/3711/1896 2134/3672/1858 2133/3671/1857 2077/3708/1893
f 2071/3715/1898 2127/3685/1870 2126/3674/1860 2070/3689/1874
f 2056/3670/1856 2126/3674/1860 2127/3685/1870 2057/3658/1845
f 2117/3735/1917 2143/3746/1927 2145/3747/1928 2118/3737/1919
f 2124/3734/1916 2141/3748/1929 2144/3749/1930 2111/3736/1918
f 2116/3720/1903 2139/3750/1931 2143/3746/1927 2117/3735/1917
f 2123/3733/1915 2142/3751/1932 2141/3748/1929 2124/3734/1916
f 2115/3719/1902 2140/3752/1933 2139/3750/1931 2116/3720/1903
f 2122/3745/1926 2152/3753/1934 2142/3751/1932 2123/3733/1915
f 2114/3744/1925 2151/3754/1935 2140/3752/1933 2115/3719/1902
f 2121/3743/1924 2150/3755/1936 2152/3753/1934 2122/3745/1926
f 2113/3742/1923 2149/3756/1937 2151/3754/1935 2114/3744/1925
f 2120/3741/1922 2148/3757/1938 2150/3755/1936 2121/3743/1924
f 2112/3740/1921 2147/3758/1939 2149/3756/1937 2113/3742/1923
f 2119/3738/1920 2146/3759/1940 2148/3757/1938 2120/3741/1922
f 2118/3737/1919 2145/3747/1928 2146/3759/1940 2119/3738/1920
f 2111/3739/1918 2144/3760/1930 2147/3758/1939 2112/3740/1921
f 2042/3649/1837 2161/3761/1941 2158/3762/1942 2041/3650/1834
f 2048/3647/1835 2159/3763/1943 2157/3764/1944 2047/3645/1833
f 2041/3646/1834 2158/3765/1942 2155/3766/1945 2054/3643/1831
f 2047/3645/1833 2157/3764/1944 2153/3767/1946 2046/3630/1819
f 2054/3643/1831 2155/3766/1945 2156/3768/1947 2053/3644/1832
f 2046/3630/1819 2153/3767/1946 2154/3769/1948 2045/3631/1820
f 2053/3644/1832 2156/3768/1947 2166/3770/1949 2052/3655/1842
f 2045/3631/1820 2154/3769/1948 2165/3771/1950 2044/3654/1841
f 2052/3655/1842 2166/3770/1949 2164/3772/1951 2051/3653/1840
f 2044/3654/1841 2165/3771/1950 2163/3773/1952 2043/3652/1839
f 2051/3653/1840 2164/3772/1951 2162/3774/1953 2050/3651/1838
f 2043/3652/1839 2163/3773/1952 2161/3761/1941 2042/3649/1837
f 2050/3651/1838 2162/3774/1953 2160/3775/1954 2049/3648/1836
f 2049/3648/1836 2160/3775/1954 2159/3763/1943 2048/3647/1835
f 2240/3776/1955 2254/3777/1956 2255/3778/1957 2241/3779/1958
f 2264/3780/1959 2278/3781/1960 2279/3782/1961 2265/3783/1962
f 2252/3784/1963 2266/3785/1964 2267/3786/1965 2253/3787/1966
f 2245/3788/1967 2259/3789/1968 2260/3790/1969 2246/3791/1970
f 2250/3792/1971 2264/3780/1959 2265/3783/1962 2251/3793/1972
f 2243/3794/1973 2257/3795/1974 2258/3796/1975 2244/3797/1976
f 2248/3798/1977 2262/3799/1978 2263/3800/1979 2249/3801/1980
f 2253/3787/1966 2267/3786/1965 2254/3802/1956 2240/3803/1955
f 2241/3779/1958 2255/3778/1957 2256/3804/1981 2242/3805/1982
f 2246/3791/1970 2260/3790/1969 2261/3806/1983 2247/3807/1984
f 2251/3793/1972 2265/3783/1962 2266/3785/1964 2252/3784/1963
f 2244/3797/1976 2258/3796/1975 2259/3789/1968 2245/3788/1967
f 2249/3801/1980 2263/3800/1979 2264/3780/1959 2250/3792/1971
f 2242/3805/1982 2256/3804/1981 2257/3795/1974 2243/3794/1973
f 2247/3807/1984 2261/3806/1983 2262/3799/1978 2248/3798/1977
f 2272/3808/1985 2286/3809/1986 2287/3810/1987 2273/3811/1988
f 2257/3795/1974 2271/3812/1989 2272/3808/1985 2258/3796/1975
f 2265/3783/1962 2279/3782/1961 2280/3813/1990 2266/3785/1964
f 2258/3796/1975 2272/3808/1985 2273/3811/1988 2259/3789/1968
f 2266/3785/1964 2280/3813/1990 2281/3814/1991 2267/3786/1965
f 2259/3789/1968 2273/3811/1988 2274/3815/1992 2260/3790/1969
f 2267/3786/1965 2281/3814/1991 2268/3816/1993 2254/3802/1956
f 2260/3790/1969 2274/3815/1992 2275/3817/1994 2261/3806/1983
f 2261/3806/1983 2275/3817/1994 2276/3818/1995 2262/3799/1978
f 2254/3777/1956 2268/3819/1993 2269/3820/1996 2255/3778/1957
f 2262/3799/1978 2276/3818/1995 2277/3821/1997 2263/3800/1979
f 2255/3778/1957 2269/3820/1996 2270/3822/1998 2256/3804/1981
f 2263/3800/1979 2277/3821/1997 2278/3781/1960 2264/3780/1959
f 2256/3804/1981 2270/3822/1998 2271/3812/1989 2257/3795/1974
f 2280/3813/1990 2294/3823/1999 2295/3824/2000 2281/3814/1991
f 2273/3811/1988 2287/3810/1987 2288/3825/2001 2274/3815/1992
f 2281/3814/1991 2295/3824/2000 2282/3826/2002 2268/3816/1993
f 2274/3815/1992 2288/3825/2001 2289/3827/2003 2275/3817/1994
f 2275/3817/1994 2289/3827/2003 2290/3828/2004 2276/3818/1995
f 2268/3819/1993 2282/3829/2002 2283/3830/2005 2269/3820/1996
f 2276/3818/1995 2290/3828/2004 2291/3831/2006 2277/3821/1997
f 2269/3820/1996 2283/3830/2005 2284/3832/2007 2270/3822/1998
f 2277/3821/1997 2291/3831/2006 2292/3833/2008 2278/3781/1960
f 2270/3822/1998 2284/3832/2007 2285/3834/2009 2271/3812/1989
f 2278/3781/1960 2292/3833/2008 2293/3835/2010 2279/3782/1961
f 2271/3812/1989 2285/3834/2009 2286/3809/1986 2272/3808/1985
f 2279/3782/1961 2293/3835/2010 2294/3823/1999 2280/3813/1990
f 2250/3792/1971 2306/3836/2011 2305/3837/2012 2249/3801/1980
f 2243/3794/1973 2299/3838/2013 2298/3839/2014 2242/3805/1982
f 2251/3793/1972 2307/3840/2015 2306/3836/2011 2250/3792/1971
f 2244/3797/1976 2300/3841/2016 2299/3838/2013 2243/3794/1973
f 2252/3784/1963 2308/3842/2017 2307/3840/2015 2251/3793/1972
f 2245/3788/1967 2301/3843/2018 2300/3841/2016 2244/3797/1976
f 2253/3787/1966 2309/3844/2019 2308/3842/2017 2252/3784/1963
f 2246/3791/1970 2302/3845/2020 2301/3843/2018 2245/3788/1967
f 2240/3803/1955 2296/3846/2021 2309/3844/2019 2253/3787/1966
f 2247/3807/1984 2303/3847/2022 2302/3845/2020 2246/3791/1970
f 2248/3798/1977 2304/3848/2023 2303/3847/2022 2247/3807/1984
f 2241/3779/1958 2297/3849/2024 2296/3850/2021 2240/3776/1955
f 2249/3801/1980 2305/3837/2012 2304/3848/2023 2248/3798/1977
f 2242/3805/1982 2298/3839/2014 2297/3849/2024 2241/3779/1958
f 2304/3848/2023 2305/3837/2012 2375/3851/2025 2374/3852/2026
f 2296/3850/2021 2297/3849/2024 2367/3853/2027 2366/3854/2028
f 2303/3847/2022 2304/3848/2023 2374/3852/2026 2373/3855/2029
f 2302/3845/2020 2303/3847/2022 2373/3855/2029 2372/3856/2030
f 2309/3844/2019 2296/3846/2021 2366/3857/2028 2379/3858/2031
f 2301/3843/2018 2302/3845/2020 2372/3856/2030 2371/3859/2032
f 2308/3842/2017 2309/3844/2019 2379/3858/2031 2378/3860/2033
f 2300/3841/2016 2301/3843/2018 2371/3859/2032 2370/3861/2034
f 2307/3840/2015 2308/3842/2017 2378/3860/2033 2377/3862/2035
f 2299/3838/2013 2300/3841/2016 2370/3861/2034 2369/3863/2036
f 2306/3836/2011 2307/3840/2015 2377/3862/2035 2376/3864/2037
f 2298/3839/2014 2299/3838/2013 2369/3863/2036 2368/3865/2038
f 2305/3837/2012 2306/3836/2011 2376/3864/2037 2375/3851/2025
f 2310/3866/2039 2311/3867/2040 2325/3868/2041 2324/3869/2042
f 2334/3870/2043 2335/3871/2044 2349/3872/2045 2348/3873/2046
f 2322/3874/2047 2323/3875/2048 2337/3876/2049 2336/3877/2050
f 2315/3878/2051 2316/3879/2052 2330/3880/2053 2329/3881/2054
f 2320/3882/2055 2321/3883/2056 2335/3871/2044 2334/3870/2043
f 2313/3884/2057 2314/3885/2058 2328/3886/2059 2327/3887/2060
f 2318/3888/2061 2319/3889/2062 2333/3890/2063 2332/3891/2064
f 2323/3875/2048 2310/3892/2039 2324/3893/2042 2337/3876/2049
f 2311/3867/2040 2312/3894/2065 2326/3895/2066 2325/3868/2041
f 2316/3879/2052 2317/3896/2067 2331/3897/2068 2330/3880/2053
f 2321/3883/2056 2322/3874/2047 2336/3877/2050 2335/3871/2044
f 2314/3885/2058 2315/3878/2051 2329/3881/2054 2328/3886/2059
f 2319/3889/2062 2320/3882/2055 2334/3870/2043 2333/3890/2063
f 2312/3894/2065 2313/3884/2057 2327/3887/2060 2326/3895/2066
f 2317/3896/2067 2318/3888/2061 2332/3891/2064 2331/3897/2068
f 2342/3898/2069 2343/3899/2070 2357/3900/2071 2356/3901/2072
f 2327/3887/2060 2328/3886/2059 2342/3898/2069 2341/3902/2073
f 2335/3871/2044 2336/3877/2050 2350/3903/2074 2349/3872/2045
f 2328/3886/2059 2329/3881/2054 2343/3899/2070 2342/3898/2069
f 2336/3877/2050 2337/3876/2049 2351/3904/2075 2350/3903/2074
f 2329/3881/2054 2330/3880/2053 2344/3905/2076 2343/3899/2070
f 2337/3876/2049 2324/3893/2042 2338/3906/2077 2351/3904/2075
f 2330/3880/2053 2331/3897/2068 2345/3907/2078 2344/3905/2076
f 2331/3897/2068 2332/3891/2064 2346/3908/2079 2345/3907/2078
f 2324/3869/2042 2325/3868/2041 2339/3909/2080 2338/3910/2077
f 2332/3891/2064 2333/3890/2063 2347/3911/2081 2346/3908/2079
f 2325/3868/2041 2326/3895/2066 2340/3912/2082 2339/3909/2080
f 2333/3890/2063 2334/3870/2043 2348/3873/2046 2347/3911/2081
f 2326/3895/2066 2327/3887/2060 2341/3902/2073 2340/3912/2082
f 2350/3903/2074 2351/3904/2075 2365/3913/2083 2364/3914/2084
f 2343/3899/2070 2344/3905/2076 2358/3915/2085 2357/3900/2071
f 2351/3904/2075 2338/3906/2077 2352/3916/2086 2365/3913/2083
f 2344/3905/2076 2345/3907/2078 2359/3917/2087 2358/3915/2085
f 2345/3907/2078 2346/3908/2079 2360/3918/2088 2359/3917/2087
f 2338/3910/2077 2339/3909/2080 2353/3919/2089 2352/3920/2086
f 2346/3908/2079 2347/3911/2081 2361/3921/2090 2360/3918/2088
f 2339/3909/2080 2340/3912/2082 2354/3922/2091 2353/3919/2089
f 2347/3911/2081 2348/3873/2046 2362/3923/2092 2361/3921/2090
f 2340/3912/2082 2341/3902/2073 2355/3924/2093 2354/3922/2091
f 2348/3873/2046 2349/3872/2045 2363/3925/2094 2362/3923/2092
f 2341/3902/2073 2342/3898/2069 2356/3901/2072 2355/3924/2093
f 2349/3872/2045 2350/3903/2074 2364/3914/2084 2363/3925/2094
f 2320/3882/2055 2319/3889/2062 2375/3851/2025 2376/3864/2037
f 2313/3884/2057 2312/3894/2065 2368/3865/2038 2369/3863/2036
f 2321/3883/2056 2320/3882/2055 2376/3864/2037 2377/3862/2035
f 2314/3885/2058 2313/3884/2057 2369/3863/2036 2370/3861/2034
f 2322/3874/2047 2321/3883/2056 2377/3862/2035 2378/3860/2033
f 2315/3878/2051 2314/3885/2058 2370/3861/2034 2371/3859/2032
f 2323/3875/2048 2322/3874/2047 2378/3860/2033 2379/3858/2031
f 2316/3879/2052 2315/3878/2051 2371/3859/2032 2372/3856/2030
f 2310/3892/2039 2323/3875/2048 2379/3858/2031 2366/3857/2028
f 2317/3896/2067 2316/3879/2052 2372/3856/2030 2373/3855/2029
f 2318/3888/2061 2317/3896/2067 2373/3855/2029 2374/3852/2026
f 2311/3867/2040 2310/3866/2039 2366/3854/2028 2367/3853/2027
f 2319/3889/2062 2318/3888/2061 2374/3852/2026 2375/3851/2025
f 2312/3894/2065 2311/3867/2040 2367/3853/2027 2368/3865/2038
f 2297/3849/2024 2298/3839/2014 2368/3865/2038 2367/3853/2027
f 2358/3915/2085 2359/3917/2087 2386/3926/2095 2384/3927/2096
f 2365/3913/2083 2352/3916/2086 2385/3928/2097 2382/3929/2098
f 2357/3900/2071 2358/3915/2085 2384/3927/2096 2380/3930/2099
f 2364/3914/2084 2365/3913/2083 2382/3929/2098 2383/3931/2100
f 2356/3901/2072 2357/3900/2071 2380/3930/2099 2381/3932/2101
f 2363/3925/2094 2364/3914/2084 2383/3931/2100 2393/3933/2102
f 2355/3924/2093 2356/3901/2072 2381/3932/2101 2392/3934/2103
f 2362/3923/2092 2363/3925/2094 2393/3933/2102 2391/3935/2104
f 2354/3922/2091 2355/3924/2093 2392/3934/2103 2390/3936/2105
f 2361/3921/2090 2362/3923/2092 2391/3935/2104 2389/3937/2106
f 2353/3919/2089 2354/3922/2091 2390/3936/2105 2388/3938/2107
f 2360/3918/2088 2361/3921/2090 2389/3937/2106 2387/3939/2108
f 2359/3917/2087 2360/3918/2088 2387/3939/2108 2386/3926/2095
f 2352/3920/2086 2353/3919/2089 2388/3938/2107 2385/3940/2097
f 2283/3830/2005 2282/3829/2002 2399/3941/2109 2402/3942/2110
f 2289/3827/2003 2288/3825/2001 2398/3943/2111 2400/3944/2112
f 2282/3826/2002 2295/3824/2000 2396/3945/2113 2399/3946/2109
f 2288/3825/2001 2287/3810/1987 2394/3947/2114 2398/3943/2111
f 2295/3824/2000 2294/3823/1999 2397/3948/2115 2396/3945/2113
f 2287/3810/1987 2286/3809/1986 2395/3949/2116 2394/3947/2114
f 2294/3823/1999 2293/3835/2010 2407/3950/2117 2397/3948/2115
f 2286/3809/1986 2285/3834/2009 2406/3951/2118 2395/3949/2116
f 2293/3835/2010 2292/3833/2008 2405/3952/2119 2407/3950/2117
f 2285/3834/2009 2284/3832/2007 2404/3953/2120 2406/3951/2118
f 2292/3833/2008 2291/3831/2006 2403/3954/2121 2405/3952/2119
f 2284/3832/2007 2283/3830/2005 2402/3942/2110 2404/3953/2120
f 2291/3831/2006 2290/3828/2004 2401/3955/2122 2403/3954/2121
f 2290/3828/2004 2289/3827/2003 2400/3944/2112 2401/3955/2122
f 2481/3956/2123 2495/3957/2124 2496/3958/2125 2482/3959/2126
f 2505/3960/2127 2519/3961/2128 2520/3962/2129 2506/3963/2130
f 2493/3964/2131 2507/3965/2132 2508/3966/2133 2494/3967/2134
f 2486/3968/2135 2500/3969/2136 2501/3970/2137 2487/3971/2138
f 2491/3972/2139 2505/3960/2127 2506/3963/2130 2492/3973/2140
f 2484/3974/2141 2498/3975/2142 2499/3976/2143 2485/3977/2144
f 2489/3978/2145 2503/3979/2146 2504/3980/2147 2490/3981/2148
f 2494/3967/2134 2508/3966/2133 2495/3982/2124 2481/3983/2123
f 2482/3959/2126 2496/3958/2125 2497/3984/2149 2483/3985/2150
f 2487/3971/2138 2501/3970/2137 2502/3986/2151 2488/3987/2152
f 2492/3973/2140 2506/3963/2130 2507/3965/2132 2493/3964/2131
f 2485/3977/2144 2499/3976/2143 2500/3969/2136 2486/3968/2135
f 2490/3981/2148 2504/3980/2147 2505/3960/2127 2491/3972/2139
f 2483/3985/2150 2497/3984/2149 2498/3975/2142 2484/3974/2141
f 2488/3987/2152 2502/3986/2151 2503/3979/2146 2489/3978/2145
f 2513/3988/2153 2527/3989/2154 2528/3990/2155 2514/3991/2156
f 2498/3975/2142 2512/3992/2157 2513/3988/2153 2499/3976/2143
f 2506/3963/2130 2520/3962/2129 2521/3993/2158 2507/3965/2132
f 2499/3976/2143 2513/3988/2153 2514/3991/2156 2500/3969/2136
f 2507/3965/2132 2521/3993/2158 2522/3994/2159 2508/3966/2133
f 2500/3969/2136 2514/3991/2156 2515/3995/2160 2501/3970/2137
f 2508/3966/2133 2522/3994/2159 2509/3996/2161 2495/3982/2124
f 2501/3970/2137 2515/3995/2160 2516/3997/2162 2502/3986/2151
f 2502/3986/2151 2516/3997/2162 2517/3998/2163 2503/3979/2146
f 2495/3957/2124 2509/3999/2161 2510/4000/2164 2496/3958/2125
f 2503/3979/2146 2517/3998/2163 2518/4001/2165 2504/3980/2147
f 2496/3958/2125 2510/4000/2164 2511/4002/2166 2497/3984/2149
f 2504/3980/2147 2518/4001/2165 2519/3961/2128 2505/3960/2127
f 2497/3984/2149 2511/4002/2166 2512/3992/2157 2498/3975/2142
f 2521/3993/2158 2535/4003/2167 2536/4004/2168 2522/3994/2159
f 2514/3991/2156 2528/3990/2155 2529/4005/2169 2515/3995/2160
f 2522/3994/2159 2536/4004/2168 2523/4006/2170 2509/3996/2161
f 2515/3995/2160 2529/4005/2169 2530/4007/2171 2516/3997/2162
f 2516/3997/2162 2530/4007/2171 2531/4008/2172 2517/3998/2163
f 2509/3999/2161 2523/4009/2170 2524/4010/2173 2510/4000/2164
f 2517/3998/2163 2531/4008/2172 2532/4011/2174 2518/4001/2165
f 2510/4000/2164 2524/4010/2173 2525/4012/2175 2511/4002/2166
f 2518/4001/2165 2532/4011/2174 2533/4013/2176 2519/3961/2128
f 2511/4002/2166 2525/4012/2175 2526/4014/2177 2512/3992/2157
f 2519/3961/2128 2533/4013/2176 2534/4015/2178 2520/3962/2129
f 2512/3992/2157 2526/4014/2177 2527/3989/2154 2513/3988/2153
f 2520/3962/2129 2534/4015/2178 2535/4003/2167 2521/3993/2158
f 2491/3972/2139 2547/4016/2179 2546/4017/2180 2490/3981/2148
f 2484/3974/2141 2540/4018/2181 2539/4019/2182 2483/3985/2150
f 2492/3973/2140 2548/4020/2183 2547/4016/2179 2491/3972/2139
f 2485/3977/2144 2541/4021/2184 2540/4018/2181 2484/3974/2141
f 2493/3964/2131 2549/4022/2185 2548/4020/2183 2492/3973/2140
f 2486/3968/2135 2542/4023/2186 2541/4021/2184 2485/3977/2144
f 2494/3967/2134 2550/4024/2187 2549/4022/2185 2493/3964/2131
f 2487/3971/2138 2543/4025/2188 2542/4023/2186 2486/3968/2135
f 2481/3983/2123 2537/4026/2189 2550/4024/2187 2494/3967/2134
f 2488/3987/2152 2544/4027/2190 2543/4025/2188 2487/3971/2138
f 2489/3978/2145 2545/4028/2191 2544/4027/2190 2488/3987/2152
f 2482/3959/2126 2538/4029/2192 2537/4030/2189 2481/3956/2123
f 2490/3981/2148 2546/4017/2180 2545/4028/2191 2489/3978/2145
f 2483/3985/2150 2539/4019/2182 2538/4029/2192 2482/3959/2126
f 2545/4028/2191 2546/4017/2180 2616/4031/2193 2615/4032/2194
f 2537/4030/2189 2538/4029/2192 2608/4033/2195 2607/4034/2196
f 2544/4027/2190 2545/4028/2191 2615/4032/2194 2614/4035/2197
f 2543/4025/2188 2544/4027/2190 2614/4035/2197 2613/4036/2198
f 2550/4024/2187 2537/4026/2189 2607/4037/2196 2620/4038/2199
f 2542/4023/2186 2543/4025/2188 2613/4036/2198 2612/4039/2200
f 2549/4022/2185 2550/4024/2187 2620/4038/2199 2619/4040/2201
f 2541/4021/2184 2542/4023/2186 2612/4039/2200 2611/4041/2202
f 2548/4020/2183 2549/4022/2185 2619/4040/2201 2618/4042/2203
f 2540/4018/2181 2541/4021/2184 2611/4041/2202 2610/4043/2204
f 2547/4016/2179 2548/4020/2183 2618/4042/2203 2617/4044/2205
f 2539/4019/2182 2540/4018/2181 2610/4043/2204 2609/4045/2206
f 2546/4017/2180 2547/4016/2179 2617/4044/2205 2616/4031/2193
f 2551/4046/2207 2552/4047/2208 2566/4048/2209 2565/4049/2210
f 2575/4050/2211 2576/4051/2212 2590/4052/2213 2589/4053/2214
f 2563/4054/2215 2564/4055/2216 2578/4056/2217 2577/4057/2218
f 2556/4058/2219 2557/4059/2220 2571/4060/2221 2570/4061/2222
f 2561/4062/2223 2562/4063/2224 2576/4051/2212 2575/4050/2211
f 2554/4064/2225 2555/4065/2226 2569/4066/2227 2568/4067/2228
f 2559/4068/2229 2560/4069/2230 2574/4070/2231 2573/4071/2232
f 2564/4055/2216 2551/4072/2207 2565/4073/2210 2578/4056/2217
f 2552/4047/2208 2553/4074/2233 2567/4075/2234 2566/4048/2209
f 2557/4059/2220 2558/4076/2235 2572/4077/2236 2571/4060/2221
f 2562/4063/2224 2563/4054/2215 2577/4057/2218 2576/4051/2212
f 2555/4065/2226 2556/4058/2219 2570/4061/2222 2569/4066/2227
f 2560/4069/2230 2561/4062/2223 2575/4050/2211 2574/4070/2231
f 2553/4074/2233 2554/4064/2225 2568/4067/2228 2567/4075/2234
f 2558/4076/2235 2559/4068/2229 2573/4071/2232 2572/4077/2236
f 2583/4078/2237 2584/4079/2238 2598/4080/2239 2597/4081/2240
f 2568/4067/2228 2569/4066/2227 2583/4078/2237 2582/4082/2241
f 2576/4051/2212 2577/4057/2218 2591/4083/2242 2590/4052/2213
f 2569/4066/2227 2570/4061/2222 2584/4079/2238 2583/4078/2237
f 2577/4057/2218 2578/4056/2217 2592/4084/2243 2591/4083/2242
f 2570/4061/2222 2571/4060/2221 2585/4085/2244 2584/4079/2238
f 2578/4056/2217 2565/4073/2210 2579/4086/2245 2592/4084/2243
f 2571/4060/2221 2572/4077/2236 2586/4087/2246 2585/4085/2244
f 2572/4077/2236 2573/4071/2232 2587/4088/2247 2586/4087/2246
f 2565/4049/2210 2566/4048/2209 2580/4089/2248 2579/4090/2245
f 2573/4071/2232 2574/4070/2231 2588/4091/2249 2587/4088/2247
f 2566/4048/2209 2567/4075/2234 2581/4092/2250 2580/4089/2248
f 2574/4070/2231 2575/4050/2211 2589/4053/2214 2588/4091/2249
f 2567/4075/2234 2568/4067/2228 2582/4082/2241 2581/4092/2250
f 2591/4083/2242 2592/4084/2243 2606/4093/2251 2605/4094/2252
f 2584/4079/2238 2585/4085/2244 2599/4095/2253 2598/4080/2239
f 2592/4084/2243 2579/4086/2245 2593/4096/2254 2606/4093/2251
f 2585/4085/2244 2586/4087/2246 2600/4097/2255 2599/4095/2253
f 2586/4087/2246 2587/4088/2247 2601/4098/2256 2600/4097/2255
f 2579/4090/2245 2580/4089/2248 2594/4099/2257 2593/4100/2254
f 2587/4088/2247 2588/4091/2249 2602/4101/2258 2601/4098/2256
f 2580/4089/2248 2581/4092/2250 2595/4102/2259 2594/4099/2257
f 2588/4091/2249 2589/4053/2214 2603/4103/2260 2602/4101/2258
f 2581/4092/2250 2582/4082/2241 2596/4104/2261 2595/4102/2259
f 2589/4053/2214 2590/4052/2213 2604/4105/2262 2603/4103/2260
f 2582/4082/2241 2583/4078/2237 2597/4081/2240 2596/4104/2261
f 2590/4052/2213 2591/4083/2242 2605/4094/2252 2604/4105/2262
f 2561/4062/2223 2560/4069/2230 2616/4031/2193 2617/4044/2205
f 2554/4064/2225 2553/4074/2233 2609/4045/2206 2610/4043/2204
f 2562/4063/2224 2561/4062/2223 2617/4044/2205 2618/4042/2203
f 2555/4065/2226 2554/4064/2225 2610/4043/2204 2611/4041/2202
f 2563/4054/2215 2562/4063/2224 2618/4042/2203 2619/4040/2201
f 2556/4058/2219 2555/4065/2226 2611/4041/2202 2612/4039/2200
f 2564/4055/2216 2563/4054/2215 2619/4040/2201 2620/4038/2199
f 2557/4059/2220 2556/4058/2219 2612/4039/2200 2613/4036/2198
f 2551/4072/2207 2564/4055/2216 2620/4038/2199 2607/4037/2196
f 2558/4076/2235 2557/4059/2220 2613/4036/2198 2614/4035/2197
f 2559/4068/2229 2558/4076/2235 2614/4035/2197 2615/4032/2194
f 2552/4047/2208 2551/4046/2207 2607/4034/2196 2608/4033/2195
f 2560/4069/2230 2559/4068/2229 2615/4032/2194 2616/4031/2193
f 2553/4074/2233 2552/4047/2208 2608/4033/2195 2609/4045/2206
f 2538/4029/2192 2539/4019/2182 2609/4045/2206 2608/4033/2195
f 2599/4095/2253 2600/4097/2255 2627/4106/2263 2625/4107/2264
f 2606/4093/2251 2593/4096/2254 2626/4108/2265 2623/4109/2266
f 2598/4080/2239 2599/4095/2253 2625/4107/2264 2621/4110/2267
f 2605/4094/2252 2606/4093/2251 2623/4109/2266 2624/4111/2268
f 2597/4081/2240 2598/4080/2239 2621/4110/2267 2622/4112/2269
f 2604/4105/2262 2605/4094/2252 2624/4111/2268 2634/4113/2270
f 2596/4104/2261 2597/4081/2240 2622/4112/2269 2633/4114/2271
f 2603/4103/2260 2604/4105/2262 2634/4113/2270 2632/4115/2272
f 2595/4102/2259 2596/4104/2261 2633/4114/2271 2631/4116/2273
f 2602/4101/2258 2603/4103/2260 2632/4115/2272 2630/4117/2274
f 2594/4099/2257 2595/4102/2259 2631/4116/2273 2629/4118/2275
f 2601/4098/2256 2602/4101/2258 2630/4117/2274 2628/4119/2276
f 2600/4097/2255 2601/4098/2256 2628/4119/2276 2627/4106/2263
f 2593/4100/2254 2594/4099/2257 2629/4118/2275 2626/4120/2265
f 2524/4010/2173 2523/4009/2170 2640/4121/2277 2643/4122/2278
f 2530/4007/2171 2529/4005/2169 2639/4123/2279 2641/4124/2280
f 2523/4006/2170 2536/4004/2168 2637/4125/2281 2640/4126/2277
f 2529/4005/2169 2528/3990/2155 2635/4127/2282 2639/4123/2279
f 2536/4004/2168 2535/4003/2167 2638/4128/2283 2637/4125/2281
f 2528/3990/2155 2527/3989/2154 2636/4129/2284 2635/4127/2282
f 2535/4003/2167 2534/4015/2178 2648/4130/2285 2638/4128/2283
f 2527/3989/2154 2526/4014/2177 2647/4131/2286 2636/4129/2284
f 2534/4015/2178 2533/4013/2176 2646/4132/2287 2648/4130/2285
f 2526/4014/2177 2525/4012/2175 2645/4133/2288 2647/4131/2286
f 2533/4013/2176 2532/4011/2174 2644/4134/2289 2646/4132/2287
f 2525/4012/2175 2524/4010/2173 2643/4122/2278 2645/4133/2288
f 2532/4011/2174 2531/4008/2172 2642/4135/2290 2644/4134/2289
f 2531/4008/2172 2530/4007/2171 2641/4124/2280 2642/4135/2290
f 2722/4136/2291 2736/4137/2292 2737/4138/2293 2723/4139/2294
f 2746/4140/2295 2760/4141/2296 2761/4142/2297 2747/4143/2298
f 2734/4144/2299 2748/4145/2300 2749/4146/2301 2735/4147/2302
f 2727/4148/2303 2741/4149/2304 2742/4150/2305 2728/4151/2306
f 2732/4152/2307 2746/4140/2295 2747/4143/2298 2733/4153/2308
f 2725/4154/2309 2739/4155/2310 2740/4156/2311 2726/4157/2312
f 2730/4158/2313 2744/4159/2314 2745/4160/2315 2731/4161/2316
f 2735/4147/2302 2749/4146/2301 2736/4162/2292 2722/4163/2291
f 2723/4139/2294 2737/4138/2293 2738/4164/2317 2724/4165/2318
f 2728/4151/2306 2742/4150/2305 2743/4166/2319 2729/4167/2320
f 2733/4153/2308 2747/4143/2298 2748/4145/2300 2734/4144/2299
f 2726/4157/2312 2740/4156/2311 2741/4149/2304 2727/4148/2303
f 2731/4161/2316 2745/4160/2315 2746/4140/2295 2732/4152/2307
f 2724/4165/2318 2738/4164/2317 2739/4155/2310 2725/4154/2309
f 2729/4167/2320 2743/4166/2319 2744/4159/2314 2730/4158/2313
f 2754/4168/2321 2768/4169/2322 2769/4170/2323 2755/4171/2324
f 2739/4155/2310 2753/4172/2325 2754/4168/2321 2740/4156/2311
f 2747/4143/2298 2761/4142/2297 2762/4173/2326 2748/4145/2300
f 2740/4156/2311 2754/4168/2321 2755/4171/2324 2741/4149/2304
f 2748/4145/2300 2762/4173/2326 2763/4174/2327 2749/4146/2301
f 2741/4149/2304 2755/4171/2324 2756/4175/2328 2742/4150/2305
f 2749/4146/2301 2763/4174/2327 2750/4176/2329 2736/4162/2292
f 2742/4150/2305 2756/4175/2328 2757/4177/2330 2743/4166/2319
f 2743/4166/2319 2757/4177/2330 2758/4178/2331 2744/4159/2314
f 2736/4137/2292 2750/4179/2329 2751/4180/2332 2737/4138/2293
f 2744/4159/2314 2758/4178/2331 2759/4181/2333 2745/4160/2315
f 2737/4138/2293 2751/4180/2332 2752/4182/2334 2738/4164/2317
f 2745/4160/2315 2759/4181/2333 2760/4141/2296 2746/4140/2295
f 2738/4164/2317 2752/4182/2334 2753/4172/2325 2739/4155/2310
f 2762/4173/2326 2776/4183/2335 2777/4184/2336 2763/4174/2327
f 2755/4171/2324 2769/4170/2323 2770/4185/2337 2756/4175/2328
f 2763/4174/2327 2777/4184/2336 2764/4186/2338 2750/4176/2329
f 2756/4175/2328 2770/4185/2337 2771/4187/2339 2757/4177/2330
f 2757/4177/2330 2771/4187/2339 2772/4188/2340 2758/4178/2331
f 2750/4179/2329 2764/4189/2338 2765/4190/2341 2751/4180/2332
f 2758/4178/2331 2772/4188/2340 2773/4191/2342 2759/4181/2333
f 2751/4180/2332 2765/4190/2341 2766/4192/2343 2752/4182/2334
f 2759/4181/2333 2773/4191/2342 2774/4193/2344 2760/4141/2296
f 2752/4182/2334 2766/4192/2343 2767/4194/2345 2753/4172/2325
f 2760/4141/2296 2774/4193/2344 2775/4195/2346 2761/4142/2297
f 2753/4172/2325 2767/4194/2345 2768/4169/2322 2754/4168/2321
f 2761/4142/2297 2775/4195/2346 2776/4183/2335 2762/4173/2326
f 2732/4152/2307 2788/4196/2347 2787/4197/2348 2731/4161/2316
f 2725/4154/2309 2781/4198/2349 2780/4199/2350 2724/4165/2318
f 2733/4153/2308 2789/4200/2351 2788/4196/2347 2732/4152/2307
f 2726/4157/2312 2782/4201/2352 2781/4198/2349 2725/4154/2309
f 2734/4144/2299 2790/4202/2353 2789/4200/2351 2733/4153/2308
f 2727/4148/2303 2783/4203/2354 2782/4201/2352 2726/4157/2312
f 2735/4147/2302 2791/4204/2355 2790/4202/2353 2734/4144/2299
f 2728/4151/2306 2784/4205/2356 2783/4203/2354 2727/4148/2303
f 2722/4163/2291 2778/4206/2357 2791/4204/2355 2735/4147/2302
f 2729/4167/2320 2785/4207/2358 2784/4205/2356 2728/4151/2306
f 2730/4158/2313 2786/4208/2359 2785/4207/2358 2729/4167/2320
f 2723/4139/2294 2779/4209/2360 2778/4210/2357 2722/4136/2291
f 2731/4161/2316 2787/4197/2348 2786/4208/2359 2730/4158/2313
f 2724/4165/2318 2780/4199/2350 2779/4209/2360 2723/4139/2294
f 2786/4208/2359 2787/4197/2348 2857/4211/2361 2856/4212/2362
f 2778/4210/2357 2779/4209/2360 2849/4213/2363 2848/4214/2364
f 2785/4207/2358 2786/4208/2359 2856/4212/2362 2855/4215/2365
f 2784/4205/2356 2785/4207/2358 2855/4215/2365 2854/4216/2366
f 2791/4204/2355 2778/4206/2357 2848/4217/2364 2861/4218/2367
f 2783/4203/2354 2784/4205/2356 2854/4216/2366 2853/4219/2368
f 2790/4202/2353 2791/4204/2355 2861/4218/2367 2860/4220/2369
f 2782/4201/2352 2783/4203/2354 2853/4219/2368 2852/4221/2370
f 2789/4200/2351 2790/4202/2353 2860/4220/2369 2859/4222/2371
f 2781/4198/2349 2782/4201/2352 2852/4221/2370 2851/4223/2372
f 2788/4196/2347 2789/4200/2351 2859/4222/2371 2858/4224/2373
f 2780/4199/2350 2781/4198/2349 2851/4223/2372 2850/4225/2374
f 2787/4197/2348 2788/4196/2347 2858/4224/2373 2857/4211/2361
f 2792/4226/2375 2793/4227/2376 2807/4228/2377 2806/4229/2378
f 2816/4230/2379 2817/4231/2380 2831/4232/2381 2830/4233/2382
f 2804/4234/2383 2805/4235/2384 2819/4236/2385 2818/4237/2386
f 2797/4238/2387 2798/4239/2388 2812/4240/2389 2811/4241/2390
f 2802/4242/2391 2803/4243/2392 2817/4231/2380 2816/4230/2379
f 2795/4244/2393 2796/4245/2394 2810/4246/2395 2809/4247/2396
f 2800/4248/2397 2801/4249/2398 2815/4250/2399 2814/4251/2400
f 2805/4235/2384 2792/4252/2375 2806/4253/2378 2819/4236/2385
f 2793/4227/2376 2794/4254/2401 2808/4255/2402 2807/4228/2377
f 2798/4239/2388 2799/4256/2403 2813/4257/2404 2812/4240/2389
f 2803/4243/2392 2804/4234/2383 2818/4237/2386 2817/4231/2380
f 2796/4245/2394 2797/4238/2387 2811/4241/2390 2810/4246/2395
f 2801/4249/2398 2802/4242/2391 2816/4230/2379 2815/4250/2399
f 2794/4254/2401 2795/4244/2393 2809/4247/2396 2808/4255/2402
f 2799/4256/2403 2800/4248/2397 2814/4251/2400 2813/4257/2404
f 2824/4258/2405 2825/4259/2406 2839/4260/2407 2838/4261/2408
f 2809/4247/2396 2810/4246/2395 2824/4258/2405 2823/4262/2409
f 2817/4231/2380 2818/4237/2386 2832/4263/2410 2831/4232/2381
f 2810/4246/2395 2811/4241/2390 2825/4259/2406 2824/4258/2405
f 2818/4237/2386 2819/4236/2385 2833/4264/2411 2832/4263/2410
f 2811/4241/2390 2812/4240/2389 2826/4265/2412 2825/4259/2406
f 2819/4236/2385 2806/4253/2378 2820/4266/2413 2833/4264/2411
f 2812/4240/2389 2813/4257/2404 2827/4267/2414 2826/4265/2412
f 2813/4257/2404 2814/4251/2400 2828/4268/2415 2827/4267/2414
f 2806/4229/2378 2807/4228/2377 2821/4269/2416 2820/4270/2413
f 2814/4251/2400 2815/4250/2399 2829/4271/2417 2828/4268/2415
f 2807/4228/2377 2808/4255/2402 2822/4272/2418 2821/4269/2416
f 2815/4250/2399 2816/4230/2379 2830/4233/2382 2829/4271/2417
f 2808/4255/2402 2809/4247/2396 2823/4262/2409 2822/4272/2418
f 2832/4263/2410 2833/4264/2411 2847/4273/2419 2846/4274/2420
f 2825/4259/2406 2826/4265/2412 2840/4275/2421 2839/4260/2407
f 2833/4264/2411 2820/4266/2413 2834/4276/2422 2847/4273/2419
f 2826/4265/2412 2827/4267/2414 2841/4277/2423 2840/4275/2421
f 2827/4267/2414 2828/4268/2415 2842/4278/2424 2841/4277/2423
f 2820/4270/2413 2821/4269/2416 2835/4279/2425 2834/4280/2422
f 2828/4268/2415 2829/4271/2417 2843/4281/2426 2842/4278/2424
f 2821/4269/2416 2822/4272/2418 2836/4282/2427 2835/4279/2425
f 2829/4271/2417 2830/4233/2382 2844/4283/2428 2843/4281/2426
f 2822/4272/2418 2823/4262/2409 2837/4284/2429 2836/4282/2427
f 2830/4233/2382 2831/4232/2381 2845/4285/2430 2844/4283/2428
f 2823/4262/2409 2824/4258/2405 2838/4261/2408 2837/4284/2429
f 2831/4232/2381 2832/4263/2410 2846/4274/2420 2845/4285/2430
f 2802/4242/2391 2801/4249/2398 2857/4211/2361 2858/4224/2373
f 2795/4244/2393 2794/4254/2401 2850/4225/2374 2851/4223/2372
f 2803/4243/2392 2802/4242/2391 2858/4224/2373 2859/4222/2371
f 2796/4245/2394 2795/4244/2393 2851/4223/2372 2852/4221/2370
f 2804/4234/2383 2803/4243/2392 2859/4222/2371 2860/4220/2369
f 2797/4238/2387 2796/4245/2394 2852/4221/2370 2853/4219/2368
f 2805/4235/2384 2804/4234/2383 2860/4220/2369 2861/4218/2367
f 2798/4239/2388 2797/4238/2387 2853/4219/2368 2854/4216/2366
f 2792/4252/2375 2805/4235/2384 2861/4218/2367 2848/4217/2364
f 2799/4256/2403 2798/4239/2388 2854/4216/2366 2855/4215/2365
f 2800/4248/2397 2799/4256/2403 2855/4215/2365 2856/4212/2362
f 2793/4227/2376 2792/4226/2375 2848/4214/2364 2849/4213/2363
f 2801/4249/2398 2800/4248/2397 2856/4212/2362 2857/4211/2361
f 2794/4254/2401 2793/4227/2376 2849/4213/2363 2850/4225/2374
f 2779/4209/2360 2780/4199/2350 2850/4225/2374 2849/4213/2363
f 2840/4275/2421 2841/4277/2423 2868/4286/2431 2866/4287/2432
f 2847/4273/2419 2834/4276/2422 2867/4288/2433 2864/4289/2434
f 2839/4260/2407 2840/4275/2421 2866/4287/2432 2862/4290/2435
f 2846/4274/2420 2847/4273/2419 2864/4289/2434 2865/4291/2436
f 2838/4261/2408 2839/4260/2407 2862/4290/2435 2863/4292/2437
f 2845/4285/2430 2846/4274/2420 2865/4291/2436 2875/4293/2438
f 2837/4284/2429 2838/4261/2408 2863/4292/2437 2874/4294/2439
f 2844/4283/2428 2845/4285/2430 2875/4293/2438 2873/4295/2440
f 2836/4282/2427 2837/4284/2429 2874/4294/2439 2872/4296/2441
f 2843/4281/2426 2844/4283/2428 2873/4295/2440 2871/4297/2442
f 2835/4279/2425 2836/4282/2427 2872/4296/2441 2870/4298/2443
f 2842/4278/2424 2843/4281/2426 2871/4297/2442 2869/4299/2444
f 2841/4277/2423 2842/4278/2424 2869/4299/2444 2868/4286/2431
f 2834/4280/2422 2835/4279/2425 2870/4298/2443 2867/4300/2433
f 2765/4190/2341 2764/4189/2338 2881/4301/2445 2884/4302/2446
f 2771/4187/2339 2770/4185/2337 2880/4303/2447 2882/4304/2448
f 2764/4186/2338 2777/4184/2336 2878/4305/2449 2881/4306/2445
f 2770/4185/2337 2769/4170/2323 2876/4307/2450 2880/4303/2447
f 2777/4184/2336 2776/4183/2335 2879/4308/2451 2878/4305/2449
f 2769/4170/2323 2768/4169/2322 2877/4309/2452 2876/4307/2450
f 2776/4183/2335 2775/4195/2346 2889/4310/2453 2879/4308/2451
f 2768/4169/2322 2767/4194/2345 2888/4311/2454 2877/4309/2452
f 2775/4195/2346 2774/4193/2344 2887/4312/2455 2889/4310/2453
f 2767/4194/2345 2766/4192/2343 2886/4313/2456 2888/4311/2454
f 2774/4193/2344 2773/4191/2342 2885/4314/2457 2887/4312/2455
f 2766/4192/2343 2765/4190/2341 2884/4302/2446 2886/4313/2456
f 2773/4191/2342 2772/4188/2340 2883/4315/2458 2885/4314/2457
f 2772/4188/2340 2771/4187/2339 2882/4304/2448 2883/4315/2458
f 2963/4316/2459 2977/4317/2460 2978/4318/2461 2964/4319/2462
f 2987/4320/2463 3001/4321/2464 3002/4322/2465 2988/4323/2466
f 2975/4324/2467 2989/4325/2468 2990/4326/2469 2976/4327/2470
f 2968/4328/2471 2982/4329/2472 2983/4330/2473 2969/4331/2474
f 2973/4332/2475 2987/4320/2463 2988/4323/2466 2974/4333/2476
f 2966/4334/2477 2980/4335/2478 2981/4336/2479 2967/4337/2480
f 2971/4338/2481 2985/4339/2482 2986/4340/2483 2972/4341/2484
f 2976/4327/2470 2990/4326/2469 2977/4342/2460 2963/4343/2459
f 2964/4319/2462 2978/4318/2461 2979/4344/2485 2965/4345/2486
f 2969/4331/2474 2983/4330/2473 2984/4346/2487 2970/4347/2488
f 2974/4333/2476 2988/4323/2466 2989/4325/2468 2975/4324/2467
f 2967/4337/2480 2981/4336/2479 2982/4329/2472 2968/4328/2471
f 2972/4341/2484 2986/4340/2483 2987/4320/2463 2973/4332/2475
f 2965/4345/2486 2979/4344/2485 2980/4335/2478 2966/4334/2477
f 2970/4347/2488 2984/4346/2487 2985/4339/2482 2971/4338/2481
f 2995/4348/2489 3009/4349/2490 3010/4350/2491 2996/4351/2492
f 2980/4335/2478 2994/4352/2493 2995/4348/2489 2981/4336/2479
f 2988/4323/2466 3002/4322/2465 3003/4353/2494 2989/4325/2468
f 2981/4336/2479 2995/4348/2489 2996/4351/2492 2982/4329/2472
f 2989/4325/2468 3003/4353/2494 3004/4354/2495 2990/4326/2469
f 2982/4329/2472 2996/4351/2492 2997/4355/2496 2983/4330/2473
f 2990/4326/2469 3004/4354/2495 2991/4356/2497 2977/4342/2460
f 2983/4330/2473 2997/4355/2496 2998/4357/2498 2984/4346/2487
f 2984/4346/2487 2998/4357/2498 2999/4358/2499 2985/4339/2482
f 2977/4317/2460 2991/4359/2497 2992/4360/2500 2978/4318/2461
f 2985/4339/2482 2999/4358/2499 3000/4361/2501 2986/4340/2483
f 2978/4318/2461 2992/4360/2500 2993/4362/2502 2979/4344/2485
f 2986/4340/2483 3000/4361/2501 3001/4321/2464 2987/4320/2463
f 2979/4344/2485 2993/4362/2502 2994/4352/2493 2980/4335/2478
f 3003/4353/2494 3017/4363/2503 3018/4364/2504 3004/4354/2495
f 2996/4351/2492 3010/4350/2491 3011/4365/2505 2997/4355/2496
f 3004/4354/2495 3018/4364/2504 3005/4366/2506 2991/4356/2497
f 2997/4355/2496 3011/4365/2505 3012/4367/2507 2998/4357/2498
f 2998/4357/2498 3012/4367/2507 3013/4368/2508 2999/4358/2499
f 2991/4359/2497 3005/4369/2506 3006/4370/2509 2992/4360/2500
f 2999/4358/2499 3013/4368/2508 3014/4371/2510 3000/4361/2501
f 2992/4360/2500 3006/4370/2509 3007/4372/2511 2993/4362/2502
f 3000/4361/2501 3014/4371/2510 3015/4373/2512 3001/4321/2464
f 2993/4362/2502 3007/4372/2511 3008/4374/2513 2994/4352/2493
f 3001/4321/2464 3015/4373/2512 3016/4375/2514 3002/4322/2465
f 2994/4352/2493 3008/4374/2513 3009/4349/2490 2995/4348/2489
f 3002/4322/2465 3016/4375/2514 3017/4363/2503 3003/4353/2494
f 2973/4332/2475 3029/4376/2515 3028/4377/2516 2972/4341/2484
f 2966/4334/2477 3022/4378/2517 3021/4379/2518 2965/4345/2486
f 2974/4333/2476 3030/4380/2519 3029/4376/2515 2973/4332/2475
f 2967/4337/2480 3023/4381/2520 3022/4378/2517 2966/4334/2477
f 2975/4324/2467 3031/4382/2521 3030/4380/2519 2974/4333/2476
f 2968/4328/2471 3024/4383/2522 3023/4381/2520 2967/4337/2480
f 2976/4327/2470 3032/4384/2523 3031/4382/2521 2975/4324/2467
f 2969/4331/2474 3025/4385/2524 3024/4383/2522 2968/4328/2471
f 2963/4343/2459 3019/4386/2525 3032/4384/2523 2976/4327/2470
f 2970/4347/2488 3026/4387/2526 3025/4385/2524 2969/4331/2474
f 2971/4338/2481 3027/4388/2527 3026/4387/2526 2970/4347/2488
f 2964/4319/2462 3020/4389/2528 3019/4390/2525 2963/4316/2459
f 2972/4341/2484 3028/4377/2516 3027/4388/2527 2971/4338/2481
f 2965/4345/2486 3021/4379/2518 3020/4389/2528 2964/4319/2462
f 3027/4388/2527 3028/4377/2516 3098/4391/2529 3097/4392/2530
f 3019/4390/2525 3020/4389/2528 3090/4393/2531 3089/4394/2532
f 3026/4387/2526 3027/4388/2527 3097/4392/2530 3096/4395/2533
f 3025/4385/2524 3026/4387/2526 3096/4395/2533 3095/4396/2534
f 3032/4384/2523 3019/4386/2525 3089/4397/2532 3102/4398/2535
f 3024/4383/2522 3025/4385/2524 3095/4396/2534 3094/4399/2536
f 3031/4382/2521 3032/4384/2523 3102/4398/2535 3101/4400/2537
f 3023/4381/2520 3024/4383/2522 3094/4399/2536 3093/4401/2538
f 3030/4380/2519 3031/4382/2521 3101/4400/2537 3100/4402/2539
f 3022/4378/2517 3023/4381/2520 3093/4401/2538 3092/4403/2540
f 3029/4376/2515 3030/4380/2519 3100/4402/2539 3099/4404/2541
f 3021/4379/2518 3022/4378/2517 3092/4403/2540 3091/4405/2542
f 3028/4377/2516 3029/4376/2515 3099/4404/2541 3098/4391/2529
f 3033/4406/2543 3034/4407/2544 3048/4408/2545 3047/4409/2546
f 3057/4410/2547 3058/4411/2548 3072/4412/2549 3071/4413/2550
f 3045/4414/2551 3046/4415/2552 3060/4416/2553 3059/4417/2554
f 3038/4418/2555 3039/4419/2556 3053/4420/2557 3052/4421/2558
f 3043/4422/2559 3044/4423/2560 3058/4411/2548 3057/4410/2547
f 3036/4424/2561 3037/4425/2562 3051/4426/2563 3050/4427/2564
f 3041/4428/2565 3042/4429/2566 3056/4430/2567 3055/4431/2568
f 3046/4415/2552 3033/4432/2543 3047/4433/2546 3060/4416/2553
f 3034/4407/2544 3035/4434/2569 3049/4435/2570 3048/4408/2545
f 3039/4419/2556 3040/4436/2571 3054/4437/2572 3053/4420/2557
f 3044/4423/2560 3045/4414/2551 3059/4417/2554 3058/4411/2548
f 3037/4425/2562 3038/4418/2555 3052/4421/2558 3051/4426/2563
f 3042/4429/2566 3043/4422/2559 3057/4410/2547 3056/4430/2567
f 3035/4434/2569 3036/4424/2561 3050/4427/2564 3049/4435/2570
f 3040/4436/2571 3041/4428/2565 3055/4431/2568 3054/4437/2572
f 3065/4438/2573 3066/4439/2574 3080/4440/2575 3079/4441/2576
f 3050/4427/2564 3051/4426/2563 3065/4438/2573 3064/4442/2577
f 3058/4411/2548 3059/4417/2554 3073/4443/2578 3072/4412/2549
f 3051/4426/2563 3052/4421/2558 3066/4439/2574 3065/4438/2573
f 3059/4417/2554 3060/4416/2553 3074/4444/2579 3073/4443/2578
f 3052/4421/2558 3053/4420/2557 3067/4445/2580 3066/4439/2574
f 3060/4416/2553 3047/4433/2546 3061/4446/2581 3074/4444/2579
f 3053/4420/2557 3054/4437/2572 3068/4447/2582 3067/4445/2580
f 3054/4437/2572 3055/4431/2568 3069/4448/2583 3068/4447/2582
f 3047/4409/2546 3048/4408/2545 3062/4449/2584 3061/4450/2581
f 3055/4431/2568 3056/4430/2567 3070/4451/2585 3069/4448/2583
f 3048/4408/2545 3049/4435/2570 3063/4452/2586 3062/4449/2584
f 3056/4430/2567 3057/4410/2547 3071/4413/2550 3070/4451/2585
f 3049/4435/2570 3050/4427/2564 3064/4442/2577 3063/4452/2586
f 3073/4443/2578 3074/4444/2579 3088/4453/2587 3087/4454/2588
f 3066/4439/2574 3067/4445/2580 3081/4455/2589 3080/4440/2575
f 3074/4444/2579 3061/4446/2581 3075/4456/2590 3088/4453/2587
f 3067/4445/2580 3068/4447/2582 3082/4457/2591 3081/4455/2589
f 3068/4447/2582 3069/4448/2583 3083/4458/2592 3082/4457/2591
f 3061/4450/2581 3062/4449/2584 3076/4459/2593 3075/4460/2590
f 3069/4448/2583 3070/4451/2585 3084/4461/2594 3083/4458/2592
f 3062/4449/2584 3063/4452/2586 3077/4462/2595 3076/4459/2593
f 3070/4451/2585 3071/4413/2550 3085/4463/2596 3084/4461/2594
f 3063/4452/2586 3064/4442/2577 3078/4464/2597 3077/4462/2595
f 3071/4413/2550 3072/4412/2549 3086/4465/2598 3085/4463/2596
f 3064/4442/2577 3065/4438/2573 3079/4441/2576 3078/4464/2597
f 3072/4412/2549 3073/4443/2578 3087/4454/2588 3086/4465/2598
f 3043/4422/2559 3042/4429/2566 3098/4391/2529 3099/4404/2541
f 3036/4424/2561 3035/4434/2569 3091/4405/2542 3092/4403/2540
f 3044/4423/2560 3043/4422/2559 3099/4404/2541 3100/4402/2539
f 3037/4425/2562 3036/4424/2561 3092/4403/2540 3093/4401/2538
f 3045/4414/2551 3044/4423/2560 3100/4402/2539 3101/4400/2537
f 3038/4418/2555 3037/4425/2562 3093/4401/2538 3094/4399/2536
f 3046/4415/2552 3045/4414/2551 3101/4400/2537 3102/4398/2535
f 3039/4419/2556 3038/4418/2555 3094/4399/2536 3095/4396/2534
f 3033/4432/2543 3046/4415/2552 3102/4398/2535 3089/4397/2532
f 3040/4436/2571 3039/4419/2556 3095/4396/2534 3096/4395/2533
f 3041/4428/2565 3040/4436/2571 3096/4395/2533 3097/4392/2530
f 3034/4407/2544 3033/4406/2543 3089/4394/2532 3090/4393/2531
f 3042/4429/2566 3041/4428/2565 3097/4392/2530 3098/4391/2529
f 3035/4434/2569 3034/4407/2544 3090/4393/2531 3091/4405/2542
f 3020/4389/2528 3021/4379/2518 3091/4405/2542 3090/4393/2531
f 3081/4455/2589 3082/4457/2591 3109/4466/2599 3107/4467/2600
f 3088/4453/2587 3075/4456/2590 3108/4468/2601 3105/4469/2602
f 3080/4440/2575 3081/4455/2589 3107/4467/2600 3103/4470/2603
f 3087/4454/2588 3088/4453/2587 3105/4469/2602 3106/4471/2604
f 3079/4441/2576 3080/4440/2575 3103/4470/2603 3104/4472/2605
f 3086/4465/2598 3087/4454/2588 3106/4471/2604 3116/4473/2606
f 3078/4464/2597 3079/4441/2576 3104/4472/2605 3115/4474/2607
f 3085/4463/2596 3086/4465/2598 3116/4473/2606 3114/4475/2608
f 3077/4462/2595 3078/4464/2597 3115/4474/2607 3113/4476/2609
f 3084/4461/2594 3085/4463/2596 3114/4475/2608 3112/4477/2610
f 3076/4459/2593 3077/4462/2595 3113/4476/2609 3111/4478/2611
f 3083/4458/2592 3084/4461/2594 3112/4477/2610 3110/4479/2612
f 3082/4457/2591 3083/4458/2592 3110/4479/2612 3109/4466/2599
f 3075/4460/2590 3076/4459/2593 3111/4478/2611 3108/4480/2601
f 3006/4370/2509 3005/4369/2506 3122/4481/2613 3125/4482/2614
f 3012/4367/2507 3011/4365/2505 3121/4483/2615 3123/4484/2616
f 3005/4366/2506 3018/4364/2504 3119/4485/2617 3122/4486/2613
f 3011/4365/2505 3010/4350/2491 3117/4487/2618 3121/4483/2615
f 3018/4364/2504 3017/4363/2503 3120/4488/2619 3119/4485/2617
f 3010/4350/2491 3009/4349/2490 3118/4489/2620 3117/4487/2618
f 3017/4363/2503 3016/4375/2514 3130/4490/2621 3120/4488/2619
f 3009/4349/2490 3008/4374/2513 3129/4491/2622 3118/4489/2620
f 3016/4375/2514 3015/4373/2512 3128/4492/2623 3130/4490/2621
f 3008/4374/2513 3007/4372/2511 3127/4493/2624 3129/4491/2622
f 3015/4373/2512 3014/4371/2510 3126/4494/2625 3128/4492/2623
f 3007/4372/2511 3006/4370/2509 3125/4482/2614 3127/4493/2624
f 3014/4371/2510 3013/4368/2508 3124/4495/2626 3126/4494/2625
f 3013/4368/2508 3012/4367/2507 3123/4484/2616 3124/4495/2626
f 3204/4496/2627 3205/4497/2628 3219/4498/2629 3218/4499/2630
f 3228/4500/2631 3229/4501/2632 3243/4502/2633 3242/4503/2634
f 3216/4504/2635 3217/4505/2636 3231/4506/2637 3230/4507/2638
f 3209/4508/2639 3210/4509/2640 3224/4510/2641 3223/4511/2642
f 3214/4512/2643 3215/4513/2644 3229/4501/2632 3228/4500/2631
f 3207/4514/2645 3208/4515/2646 3222/4516/2647 3221/4517/2648
f 3212/4518/2649 3213/4519/2650 3227/4520/2651 3226/4521/2652
f 3217/4505/2636 3204/4522/2627 3218/4523/2630 3231/4506/2637
f 3205/4497/2628 3206/4524/2653 3220/4525/2654 3219/4498/2629
f 3210/4509/2640 3211/4526/2655 3225/4527/2656 3224/4510/2641
f 3215/4513/2644 3216/4504/2635 3230/4507/2638 3229/4501/2632
f 3208/4515/2646 3209/4508/2639 3223/4511/2642 3222/4516/2647
f 3213/4519/2650 3214/4512/2643 3228/4500/2631 3227/4520/2651
f 3206/4524/2653 3207/4514/2645 3221/4517/2648 3220/4525/2654
f 3211/4526/2655 3212/4518/2649 3226/4521/2652 3225/4527/2656
f 3236/4528/2657 3237/4529/2658 3251/4530/2659 3250/4531/2660
f 3221/4517/2648 3222/4516/2647 3236/4528/2657 3235/4532/2661
f 3229/4501/2632 3230/4507/2638 3244/4533/2662 3243/4502/2633
f 3222/4516/2647 3223/4511/2642 3237/4529/2658 3236/4528/2657
f 3230/4507/2638 3231/4506/2637 3245/4534/2663 3244/4533/2662
f 3223/4511/2642 3224/4510/2641 3238/4535/2664 3237/4529/2658
f 3231/4506/2637 3218/4523/2630 3232/4536/2665 3245/4534/2663
f 3224/4510/2641 3225/4527/2656 3239/4537/2666 3238/4535/2664
f 3225/4527/2656 3226/4521/2652 3240/4538/2667 3239/4537/2666
f 3218/4499/2630 3219/4498/2629 3233/4539/2668 3232/4540/2665
f 3226/4521/2652 3227/4520/2651 3241/4541/2669 3240/4538/2667
f 3219/4498/2629 3220/4525/2654 3234/4542/2670 3233/4539/2668
f 3227/4520/2651 3228/4500/2631 3242/4503/2634 3241/4541/2669
f 3220/4525/2654 3221/4517/2648 3235/4532/2661 3234/4542/2670
f 3244/4533/2662 3245/4534/2663 3259/4543/2671 3258/4544/2672
f 3237/4529/2658 3238/4535/2664 3252/4545/2673 3251/4530/2659
f 3245/4534/2663 3232/4536/2665 3246/4546/2674 3259/4543/2671
f 3238/4535/2664 3239/4537/2666 3253/4547/2675 3252/4545/2673
f 3239/4537/2666 3240/4538/2667 3254/4548/2676 3253/4547/2675
f 3232/4540/2665 3233/4539/2668 3247/4549/2677 3246/4550/2674
f 3240/4538/2667 3241/4541/2669 3255/4551/2678 3254/4548/2676
f 3233/4539/2668 3234/4542/2670 3248/4552/2679 3247/4549/2677
f 3241/4541/2669 3242/4503/2634 3256/4553/2680 3255/4551/2678
f 3234/4542/2670 3235/4532/2661 3249/4554/2681 3248/4552/2679
f 3242/4503/2634 3243/4502/2633 3257/4555/2682 3256/4553/2680
f 3235/4532/2661 3236/4528/2657 3250/4531/2660 3249/4554/2681
f 3243/4502/2633 3244/4533/2662 3258/4544/2672 3257/4555/2682
f 3214/4512/2643 3213/4519/2650 3269/4556/2683 3270/4557/2684
f 3207/4514/2645 3206/4524/2653 3262/4558/2685 3263/4559/2686
f 3215/4513/2644 3214/4512/2643 3270/4557/2684 3271/4560/2687
f 3208/4515/2646 3207/4514/2645 3263/4559/2686 3264/4561/2688
f 3216/4504/2635 3215/4513/2644 3271/4560/2687 3272/4562/2689
f 3209/4508/2639 3208/4515/2646 3264/4561/2688 3265/4563/2690
f 3217/4505/2636 3216/4504/2635 3272/4562/2689 3273/4564/2691
f 3210/4509/2640 3209/4508/2639 3265/4563/2690 3266/4565/2692
f 3204/4522/2627 3217/4505/2636 3273/4564/2691 3260/4566/2693
f 3211/4526/2655 3210/4509/2640 3266/4565/2692 3267/4567/2694
f 3212/4518/2649 3211/4526/2655 3267/4567/2694 3268/4568/2695
f 3205/4497/2628 3204/4496/2627 3260/4569/2693 3261/4570/2696
f 3213/4519/2650 3212/4518/2649 3268/4568/2695 3269/4556/2683
f 3206/4524/2653 3205/4497/2628 3261/4570/2696 3262/4558/2685
f 3268/4568/2695 3338/4571/2697 3339/4572/2698 3269/4556/2683
f 3260/4569/2693 3330/4573/2699 3331/4574/2700 3261/4570/2696
f 3267/4567/2694 3337/4575/2701 3338/4571/2697 3268/4568/2695
f 3266/4565/2692 3336/4576/2702 3337/4575/2701 3267/4567/2694
f 3273/4564/2691 3343/4577/2703 3330/4578/2699 3260/4566/2693
f 3265/4563/2690 3335/4579/2704 3336/4576/2702 3266/4565/2692
f 3272/4562/2689 3342/4580/2705 3343/4577/2703 3273/4564/2691
f 3264/4561/2688 3334/4581/2706 3335/4579/2704 3265/4563/2690
f 3271/4560/2687 3341/4582/2707 3342/4580/2705 3272/4562/2689
f 3263/4559/2686 3333/4583/2708 3334/4581/2706 3264/4561/2688
f 3270/4557/2684 3340/4584/2709 3341/4582/2707 3271/4560/2687
f 3262/4558/2685 3332/4585/2710 3333/4583/2708 3263/4559/2686
f 3269/4556/2683 3339/4572/2698 3340/4584/2709 3270/4557/2684
f 3274/4586/2711 3288/4587/2712 3289/4588/2713 3275/4589/2714
f 3298/4590/2715 3312/4591/2716 3313/4592/2717 3299/4593/2718
f 3286/4594/2719 3300/4595/2720 3301/4596/2721 3287/4597/2722
f 3279/4598/2723 3293/4599/2724 3294/4600/2725 3280/4601/2726
f 3284/4602/2727 3298/4590/2715 3299/4593/2718 3285/4603/2728
f 3277/4604/2729 3291/4605/2730 3292/4606/2731 3278/4607/2732
f 3282/4608/2733 3296/4609/2734 3297/4610/2735 3283/4611/2736
f 3287/4597/2722 3301/4596/2721 3288/4612/2712 3274/4613/2711
f 3275/4589/2714 3289/4588/2713 3290/4614/2737 3276/4615/2738
f 3280/4601/2726 3294/4600/2725 3295/4616/2739 3281/4617/2740
f 3285/4603/2728 3299/4593/2718 3300/4595/2720 3286/4594/2719
f 3278/4607/2732 3292/4606/2731 3293/4599/2724 3279/4598/2723
f 3283/4611/2736 3297/4610/2735 3298/4590/2715 3284/4602/2727
f 3276/4615/2738 3290/4614/2737 3291/4605/2730 3277/4604/2729
f 3281/4617/2740 3295/4616/2739 3296/4609/2734 3282/4608/2733
f 3306/4618/2741 3320/4619/2742 3321/4620/2743 3307/4621/2744
f 3291/4605/2730 3305/4622/2745 3306/4618/2741 3292/4606/2731
f 3299/4593/2718 3313/4592/2717 3314/4623/2746 3300/4595/2720
f 3292/4606/2731 3306/4618/2741 3307/4621/2744 3293/4599/2724
f 3300/4595/2720 3314/4623/2746 3315/4624/2747 3301/4596/2721
f 3293/4599/2724 3307/4621/2744 3308/4625/2748 3294/4600/2725
f 3301/4596/2721 3315/4624/2747 3302/4626/2749 3288/4612/2712
f 3294/4600/2725 3308/4625/2748 3309/4627/2750 3295/4616/2739
f 3295/4616/2739 3309/4627/2750 3310/4628/2751 3296/4609/2734
f 3288/4587/2712 3302/4629/2749 3303/4630/2752 3289/4588/2713
f 3296/4609/2734 3310/4628/2751 3311/4631/2753 3297/4610/2735
f 3289/4588/2713 3303/4630/2752 3304/4632/2754 3290/4614/2737
f 3297/4610/2735 3311/4631/2753 3312/4591/2716 3298/4590/2715
f 3290/4614/2737 3304/4632/2754 3305/4622/2745 3291/4605/2730
f 3314/4623/2746 3328/4633/2755 3329/4634/2756 3315/4624/2747
f 3307/4621/2744 3321/4620/2743 3322/4635/2757 3308/4625/2748
f 3315/4624/2747 3329/4634/2756 3316/4636/2758 3302/4626/2749
f 3308/4625/2748 3322/4635/2757 3323/4637/2759 3309/4627/2750
f 3309/4627/2750 3323/4637/2759 3324/4638/2760 3310/4628/2751
f 3302/4629/2749 3316/4639/2758 3317/4640/2761 3303/4630/2752
f 3310/4628/2751 3324/4638/2760 3325/4641/2762 3311/4631/2753
f 3303/4630/2752 3317/4640/2761 3318/4642/2763 3304/4632/2754
f 3311/4631/2753 3325/4641/2762 3326/4643/2764 3312/4591/2716
f 3304/4632/2754 3318/4642/2763 3319/4644/2765 3305/4622/2745
f 3312/4591/2716 3326/4643/2764 3327/4645/2766 3313/4592/2717
f 3305/4622/2745 3319/4644/2765 3320/4619/2742 3306/4618/2741
f 3313/4592/2717 3327/4645/2766 3328/4633/2755 3314/4623/2746
f 3284/4602/2727 3340/4584/2709 3339/4572/2698 3283/4611/2736
f 3277/4604/2729 3333/4583/2708 3332/4585/2710 3276/4615/2738
f 3285/4603/2728 3341/4582/2707 3340/4584/2709 3284/4602/2727
f 3278/4607/2732 3334/4581/2706 3333/4583/2708 3277/4604/2729
f 3286/4594/2719 3342/4580/2705 3341/4582/2707 3285/4603/2728
f 3279/4598/2723 3335/4579/2704 3334/4581/2706 3278/4607/2732
f 3287/4597/2722 3343/4577/2703 3342/4580/2705 3286/4594/2719
f 3280/4601/2726 3336/4576/2702 3335/4579/2704 3279/4598/2723
f 3274/4613/2711 3330/4578/2699 3343/4577/2703 3287/4597/2722
f 3281/4617/2740 3337/4575/2701 3336/4576/2702 3280/4601/2726
f 3282/4608/2733 3338/4571/2697 3337/4575/2701 3281/4617/2740
f 3275/4589/2714 3331/4574/2700 3330/4573/2699 3274/4586/2711
f 3283/4611/2736 3339/4572/2698 3338/4571/2697 3282/4608/2733
f 3276/4615/2738 3332/4585/2710 3331/4574/2700 3275/4589/2714
f 3261/4570/2696 3331/4574/2700 3332/4585/2710 3262/4558/2685
f 3322/4635/2757 3348/4646/2767 3350/4647/2768 3323/4637/2759
f 3329/4634/2756 3346/4648/2769 3349/4649/2770 3316/4636/2758
f 3321/4620/2743 3344/4650/2771 3348/4646/2767 3322/4635/2757
f 3328/4633/2755 3347/4651/2772 3346/4648/2769 3329/4634/2756
f 3320/4619/2742 3345/4652/2773 3344/4650/2771 3321/4620/2743
f 3327/4645/2766 3357/4653/2774 3347/4651/2772 3328/4633/2755
f 3319/4644/2765 3356/4654/2775 3345/4652/2773 3320/4619/2742
f 3326/4643/2764 3355/4655/2776 3357/4653/2774 3327/4645/2766
f 3318/4642/2763 3354/4656/2777 3356/4654/2775 3319/4644/2765
f 3325/4641/2762 3353/4657/2778 3355/4655/2776 3326/4643/2764
f 3317/4640/2761 3352/4658/2779 3354/4656/2777 3318/4642/2763
f 3324/4638/2760 3351/4659/2780 3353/4657/2778 3325/4641/2762
f 3323/4637/2759 3350/4647/2768 3351/4659/2780 3324/4638/2760
f 3316/4639/2758 3349/4660/2770 3352/4658/2779 3317/4640/2761
f 3247/4549/2677 3366/4661/2781 3363/4662/2782 3246/4550/2674
f 3253/4547/2675 3364/4663/2783 3362/4664/2784 3252/4545/2673
f 3246/4546/2674 3363/4665/2782 3360/4666/2785 3259/4543/2671
f 3252/4545/2673 3362/4664/2784 3358/4667/2786 3251/4530/2659
f 3259/4543/2671 3360/4666/2785 3361/4668/2787 3258/4544/2672
f 3251/4530/2659 3358/4667/2786 3359/4669/2788 3250/4531/2660
f 3258/4544/2672 3361/4668/2787 3371/4670/2789 3257/4555/2682
f 3250/4531/2660 3359/4669/2788 3370/4671/2790 3249/4554/2681
f 3257/4555/2682 3371/4670/2789 3369/4672/2791 3256/4553/2680
f 3249/4554/2681 3370/4671/2790 3368/4673/2792 3248/4552/2679
f 3256/4553/2680 3369/4672/2791 3367/4674/2793 3255/4551/2678
f 3248/4552/2679 3368/4673/2792 3366/4661/2781 3247/4549/2677
f 3255/4551/2678 3367/4674/2793 3365/4675/2794 3254/4548/2676
f 3254/4548/2676 3365/4675/2794 3364/4663/2783 3253/4547/2675
f 3445/4676/2795 3446/4677/2796 3460/4678/2797 3459/4679/2798
f 3469/4680/2799 3470/4681/2800 3484/4682/2801 3483/4683/2802
f 3457/4684/2803 3458/4685/2804 3472/4686/2805 3471/4687/2806
f 3450/4688/2807 3451/4689/2808 3465/4690/2809 3464/4691/2810
f 3455/4692/2811 3456/4693/2812 3470/4681/2800 3469/4680/2799
f 3448/4694/2813 3449/4695/2814 3463/4696/2815 3462/4697/2816
f 3453/4698/2817 3454/4699/2818 3468/4700/2819 3467/4701/2820
f 3458/4685/2804 3445/4702/2795 3459/4703/2798 3472/4686/2805
f 3446/4677/2796 3447/4704/2821 3461/4705/2822 3460/4678/2797
f 3451/4689/2808 3452/4706/2823 3466/4707/2824 3465/4690/2809
f 3456/4693/2812 3457/4684/2803 3471/4687/2806 3470/4681/2800
f 3449/4695/2814 3450/4688/2807 3464/4691/2810 3463/4696/2815
f 3454/4699/2818 3455/4692/2811 3469/4680/2799 3468/4700/2819
f 3447/4704/2821 3448/4694/2813 3462/4697/2816 3461/4705/2822
f 3452/4706/2823 3453/4698/2817 3467/4701/2820 3466/4707/2824
f 3477/4708/2825 3478/4709/2826 3492/4710/2827 3491/4711/2828
f 3462/4697/2816 3463/4696/2815 3477/4708/2825 3476/4712/2829
f 3470/4681/2800 3471/4687/2806 3485/4713/2830 3484/4682/2801
f 3463/4696/2815 3464/4691/2810 3478/4709/2826 3477/4708/2825
f 3471/4687/2806 3472/4686/2805 3486/4714/2831 3485/4713/2830
f 3464/4691/2810 3465/4690/2809 3479/4715/2832 3478/4709/2826
f 3472/4686/2805 3459/4703/2798 3473/4716/2833 3486/4714/2831
f 3465/4690/2809 3466/4707/2824 3480/4717/2834 3479/4715/2832
f 3466/4707/2824 3467/4701/2820 3481/4718/2835 3480/4717/2834
f 3459/4679/2798 3460/4678/2797 3474/4719/2836 3473/4720/2833
f 3467/4701/2820 3468/4700/2819 3482/4721/2837 3481/4718/2835
f 3460/4678/2797 3461/4705/2822 3475/4722/2838 3474/4719/2836
f 3468/4700/2819 3469/4680/2799 3483/4683/2802 3482/4721/2837
f 3461/4705/2822 3462/4697/2816 3476/4712/2829 3475/4722/2838
f 3485/4713/2830 3486/4714/2831 3500/4723/2839 3499/4724/2840
f 3478/4709/2826 3479/4715/2832 3493/4725/2841 3492/4710/2827
f 3486/4714/2831 3473/4716/2833 3487/4726/2842 3500/4723/2839
f 3479/4715/2832 3480/4717/2834 3494/4727/2843 3493/4725/2841
f 3480/4717/2834 3481/4718/2835 3495/4728/2844 3494/4727/2843
f 3473/4720/2833 3474/4719/2836 3488/4729/2845 3487/4730/2842
f 3481/4718/2835 3482/4721/2837 3496/4731/2846 3495/4728/2844
f 3474/4719/2836 3475/4722/2838 3489/4732/2847 3488/4729/2845
f 3482/4721/2837 3483/4683/2802 3497/4733/2848 3496/4731/2846
f 3475/4722/2838 3476/4712/2829 3490/4734/2849 3489/4732/2847
f 3483/4683/2802 3484/4682/2801 3498/4735/2850 3497/4733/2848
f 3476/4712/2829 3477/4708/2825 3491/4711/2828 3490/4734/2849
f 3484/4682/2801 3485/4713/2830 3499/4724/2840 3498/4735/2850
f 3455/4692/2811 3454/4699/2818 3510/4736/2851 3511/4737/2852
f 3448/4694/2813 3447/4704/2821 3503/4738/2853 3504/4739/2854
f 3456/4693/2812 3455/4692/2811 3511/4737/2852 3512/4740/2855
f 3449/4695/2814 3448/4694/2813 3504/4739/2854 3505/4741/2856
f 3457/4684/2803 3456/4693/2812 3512/4740/2855 3513/4742/2857
f 3450/4688/2807 3449/4695/2814 3505/4741/2856 3506/4743/2858
f 3458/4685/2804 3457/4684/2803 3513/4742/2857 3514/4744/2859
f 3451/4689/2808 3450/4688/2807 3506/4743/2858 3507/4745/2860
f 3445/4702/2795 3458/4685/2804 3514/4744/2859 3501/4746/2861
f 3452/4706/2823 3451/4689/2808 3507/4745/2860 3508/4747/2862
f 3453/4698/2817 3452/4706/2823 3508/4747/2862 3509/4748/2863
f 3446/4677/2796 3445/4676/2795 3501/4749/2861 3502/4750/2864
f 3454/4699/2818 3453/4698/2817 3509/4748/2863 3510/4736/2851
f 3447/4704/2821 3446/4677/2796 3502/4750/2864 3503/4738/2853
f 3509/4748/2863 3579/4751/2865 3580/4752/2866 3510/4736/2851
f 3501/4749/2861 3571/4753/2867 3572/4754/2868 3502/4750/2864
f 3508/4747/2862 3578/4755/2869 3579/4751/2865 3509/4748/2863
f 3507/4745/2860 3577/4756/2870 3578/4755/2869 3508/4747/2862
f 3514/4744/2859 3584/4757/2871 3571/4758/2867 3501/4746/2861
f 3506/4743/2858 3576/4759/2872 3577/4756/2870 3507/4745/2860
f 3513/4742/2857 3583/4760/2873 3584/4757/2871 3514/4744/2859
f 3505/4741/2856 3575/4761/2874 3576/4759/2872 3506/4743/2858
f 3512/4740/2855 3582/4762/2875 3583/4760/2873 3513/4742/2857
f 3504/4739/2854 3574/4763/2876 3575/4761/2874 3505/4741/2856
f 3511/4737/2852 3581/4764/2877 3582/4762/2875 3512/4740/2855
f 3503/4738/2853 3573/4765/2878 3574/4763/2876 3504/4739/2854
f 3510/4736/2851 3580/4752/2866 3581/4764/2877 3511/4737/2852
f 3515/4766/2879 3529/4767/2880 3530/4768/2881 3516/4769/2882
f 3539/4770/2883 3553/4771/2884 3554/4772/2885 3540/4773/2886
f 3527/4774/2887 3541/4775/2888 3542/4776/2889 3528/4777/2890
f 3520/4778/2891 3534/4779/2892 3535/4780/2893 3521/4781/2894
f 3525/4782/2895 3539/4770/2883 3540/4773/2886 3526/4783/2896
f 3518/4784/2897 3532/4785/2898 3533/4786/2899 3519/4787/2900
f 3523/4788/2901 3537/4789/2902 3538/4790/2903 3524/4791/2904
f 3528/4777/2890 3542/4776/2889 3529/4792/2880 3515/4793/2879
f 3516/4769/2882 3530/4768/2881 3531/4794/2905 3517/4795/2906
f 3521/4781/2894 3535/4780/2893 3536/4796/2907 3522/4797/2908
f 3526/4783/2896 3540/4773/2886 3541/4775/2888 3527/4774/2887
f 3519/4787/2900 3533/4786/2899 3534/4779/2892 3520/4778/2891
f 3524/4791/2904 3538/4790/2903 3539/4770/2883 3525/4782/2895
f 3517/4795/2906 3531/4794/2905 3532/4785/2898 3518/4784/2897
f 3522/4797/2908 3536/4796/2907 3537/4789/2902 3523/4788/2901
f 3547/4798/2909 3561/4799/2910 3562/4800/2911 3548/4801/2912
f 3532/4785/2898 3546/4802/2913 3547/4798/2909 3533/4786/2899
f 3540/4773/2886 3554/4772/2885 3555/4803/2914 3541/4775/2888
f 3533/4786/2899 3547/4798/2909 3548/4801/2912 3534/4779/2892
f 3541/4775/2888 3555/4803/2914 3556/4804/2915 3542/4776/2889
f 3534/4779/2892 3548/4801/2912 3549/4805/2916 3535/4780/2893
f 3542/4776/2889 3556/4804/2915 3543/4806/2917 3529/4792/2880
f 3535/4780/2893 3549/4805/2916 3550/4807/2918 3536/4796/2907
f 3536/4796/2907 3550/4807/2918 3551/4808/2919 3537/4789/2902
f 3529/4767/2880 3543/4809/2917 3544/4810/2920 3530/4768/2881
f 3537/4789/2902 3551/4808/2919 3552/4811/2921 3538/4790/2903
f 3530/4768/2881 3544/4810/2920 3545/4812/2922 3531/4794/2905
f 3538/4790/2903 3552/4811/2921 3553/4771/2884 3539/4770/2883
f 3531/4794/2905 3545/4812/2922 3546/4802/2913 3532/4785/2898
f 3555/4803/2914 3569/4813/2923 3570/4814/2924 3556/4804/2915
f 3548/4801/2912 3562/4800/2911 3563/4815/2925 3549/4805/2916
f 3556/4804/2915 3570/4814/2924 3557/4816/2926 3543/4806/2917
f 3549/4805/2916 3563/4815/2925 3564/4817/2927 3550/4807/2918
f 3550/4807/2918 3564/4817/2927 3565/4818/2928 3551/4808/2919
f 3543/4809/2917 3557/4819/2926 3558/4820/2929 3544/4810/2920
f 3551/4808/2919 3565/4818/2928 3566/4821/2930 3552/4811/2921
f 3544/4810/2920 3558/4820/2929 3559/4822/2931 3545/4812/2922
f 3552/4811/2921 3566/4821/2930 3567/4823/2932 3553/4771/2884
f 3545/4812/2922 3559/4822/2931 3560/4824/2933 3546/4802/2913
f 3553/4771/2884 3567/4823/2932 3568/4825/2934 3554/4772/2885
f 3546/4802/2913 3560/4824/2933 3561/4799/2910 3547/4798/2909
f 3554/4772/2885 3568/4825/2934 3569/4813/2923 3555/4803/2914
f 3525/4782/2895 3581/4764/2877 3580/4752/2866 3524/4791/2904
f 3518/4784/2897 3574/4763/2876 3573/4765/2878 3517/4795/2906
f 3526/4783/2896 3582/4762/2875 3581/4764/2877 3525/4782/2895
f 3519/4787/2900 3575/4761/2874 3574/4763/2876 3518/4784/2897
f 3527/4774/2887 3583/4760/2873 3582/4762/2875 3526/4783/2896
f 3520/4778/2891 3576/4759/2872 3575/4761/2874 3519/4787/2900
f 3528/4777/2890 3584/4757/2871 3583/4760/2873 3527/4774/2887
f 3521/4781/2894 3577/4756/2870 3576/4759/2872 3520/4778/2891
f 3515/4793/2879 3571/4758/2867 3584/4757/2871 3528/4777/2890
f 3522/4797/2908 3578/4755/2869 3577/4756/2870 3521/4781/2894
f 3523/4788/2901 3579/4751/2865 3578/4755/2869 3522/4797/2908
f 3516/4769/2882 3572/4754/2868 3571/4753/2867 3515/4766/2879
f 3524/4791/2904 3580/4752/2866 3579/4751/2865 3523/4788/2901
f 3517/4795/2906 3573/4765/2878 3572/4754/2868 3516/4769/2882
f 3502/4750/2864 3572/4754/2868 3573/4765/2878 3503/4738/2853
f 3563/4815/2925 3589/4826/2935 3591/4827/2936 3564/4817/2927
f 3570/4814/2924 3587/4828/2937 3590/4829/2938 3557/4816/2926
f 3562/4800/2911 3585/4830/2939 3589/4826/2935 3563/4815/2925
f 3569/4813/2923 3588/4831/2940 3587/4828/2937 3570/4814/2924
f 3561/4799/2910 3586/4832/2941 3585/4830/2939 3562/4800/2911
f 3568/4825/2934 3598/4833/2942 3588/4831/2940 3569/4813/2923
f 3560/4824/2933 3597/4834/2943 3586/4832/2941 3561/4799/2910
f 3567/4823/2932 3596/4835/2944 3598/4833/2942 3568/4825/2934
f 3559/4822/2931 3595/4836/2945 3597/4834/2943 3560/4824/2933
f 3566/4821/2930 3594/4837/2946 3596/4835/2944 3567/4823/2932
f 3558/4820/2929 3593/4838/2947 3595/4836/2945 3559/4822/2931
f 3565/4818/2928 3592/4839/2948 3594/4837/2946 3566/4821/2930
f 3564/4817/2927 3591/4827/2936 3592/4839/2948 3565/4818/2928
f 3557/4819/2926 3590/4840/2938 3593/4838/2947 3558/4820/2929
f 3488/4729/2845 3607/4841/2949 3604/4842/2950 3487/4730/2842
f 3494/4727/2843 3605/4843/2951 3603/4844/2952 3493/4725/2841
f 3487/4726/2842 3604/4845/2950 3601/4846/2953 3500/4723/2839
f 3493/4725/2841 3603/4844/2952 3599/4847/2954 3492/4710/2827
f 3500/4723/2839 3601/4846/2953 3602/4848/2955 3499/4724/2840
f 3492/4710/2827 3599/4847/2954 3600/4849/2956 3491/4711/2828
f 3499/4724/2840 3602/4848/2955 3612/4850/2957 3498/4735/2850
f 3491/4711/2828 3600/4849/2956 3611/4851/2958 3490/4734/2849
f 3498/4735/2850 3612/4850/2957 3610/4852/2959 3497/4733/2848
f 3490/4734/2849 3611/4851/2958 3609/4853/2960 3489/4732/2847
f 3497/4733/2848 3610/4852/2959 3608/4854/2961 3496/4731/2846
f 3489/4732/2847 3609/4853/2960 3607/4841/2949 3488/4729/2845
f 3496/4731/2846 3608/4854/2961 3606/4855/2962 3495/4728/2844
f 3495/4728/2844 3606/4855/2962 3605/4843/2951 3494/4727/2843
