# Blender v3.6.0 OBJ File: 'AllModules_Unreal.blend'
# www.blender.org
mtllib Prop_Cable_4.mtl
o Prop_Cable_4_BezierCurve.009
v -0.008301 0.022710 1.233941
v -0.006498 0.031722 1.234195
v -0.001583 0.039084 1.234888
v 0.005706 0.044047 1.235915
v 0.014631 0.045868 1.237173
v 0.023555 0.044047 1.238430
v 0.030844 0.039084 1.239457
v 0.035760 0.031722 1.240150
v 0.037562 0.022710 1.240404
v 0.035760 0.013697 1.240150
v 0.030844 0.006336 1.239457
v 0.023555 0.001372 1.238430
v 0.014631 -0.000448 1.237173
v 0.005706 0.001372 1.235915
v -0.001583 0.006336 1.234888
v -0.006498 0.013697 1.234195
v 0.001119 0.023841 1.156503
v 0.002900 0.032851 1.156936
v 0.007813 0.040212 1.157647
v 0.015118 0.045178 1.158538
v 0.024077 0.047002 1.159513
v 0.033048 0.045187 1.160388
v 0.040387 0.040229 1.161008
v 0.045349 0.032873 1.161316
v 0.047190 0.023865 1.161257
v 0.045409 0.014855 1.160823
v 0.040496 0.007494 1.160113
v 0.033191 0.002528 1.159221
v 0.024232 0.000704 1.158247
v 0.015261 0.002519 1.157371
v 0.007922 0.007477 1.156751
v 0.002960 0.014833 1.156443
v 0.007620 0.026968 1.079790
v 0.009388 0.035972 1.080375
v 0.014301 0.043333 1.081086
v 0.021619 0.048305 1.081835
v 0.030601 0.050140 1.082534
v 0.039603 0.048339 1.083045
v 0.046975 0.043396 1.083285
v 0.051967 0.036054 1.083240
v 0.053832 0.027057 1.082899
v 0.052064 0.018053 1.082314
v 0.047151 0.010692 1.081603
v 0.039833 0.005721 1.080854
v 0.030851 0.003886 1.080155
v 0.021849 0.005686 1.079644
v 0.014477 0.010629 1.079404
v 0.009485 0.017971 1.079449
v 0.011355 0.031693 1.004559
v 0.013117 0.040689 1.005263
v 0.018031 0.048052 1.005953
v 0.025357 0.053032 1.006549
v 0.034353 0.054885 1.006975
v 0.043372 0.053105 1.007140
v 0.050761 0.048184 1.007026
v 0.055769 0.040862 1.006662
v 0.057646 0.031880 1.006077
v 0.055884 0.022884 1.005372
v 0.050970 0.015521 1.004683
v 0.043645 0.010540 1.004086
v 0.034649 0.008688 1.003660
v 0.025629 0.010467 1.003495
v 0.018240 0.015389 1.003609
v 0.013232 0.022711 1.003973
v 0.012476 0.037613 0.931579
v 0.014237 0.046603 0.932372
v 0.019152 0.053969 0.933015
v 0.026480 0.058963 0.933443
v 0.035480 0.060838 0.933592
v 0.044504 0.059085 0.933420
v 0.051898 0.054191 0.932973
v 0.056911 0.046892 0.932318
v 0.058791 0.037927 0.931520
v 0.057031 0.028938 0.930728
v 0.052116 0.021572 0.930085
v 0.044788 0.016577 0.929656
v 0.035788 0.014703 0.929507
v 0.026763 0.016455 0.929679
v 0.019369 0.021350 0.930126
v 0.014357 0.028648 0.930782
v 0.011139 0.044328 0.861625
v 0.012901 0.053312 0.862473
v 0.017814 0.060685 0.863040
v 0.025138 0.065697 0.863279
v 0.034133 0.067599 0.863139
v 0.043151 0.065879 0.862630
v 0.050539 0.061015 0.861862
v 0.055546 0.053742 0.860937
v 0.057423 0.044794 0.859958
v 0.055661 0.035810 0.859110
v 0.050748 0.028437 0.858542
v 0.043424 0.023425 0.858304
v 0.034429 0.021523 0.858444
v 0.025411 0.023243 0.858952
v 0.018023 0.028107 0.859721
v 0.013016 0.035380 0.860645
v 0.007503 0.051431 0.795474
v 0.009265 0.060414 0.796342
v 0.014173 0.067799 0.796799
v 0.021485 0.072834 0.796816
v 0.030462 0.074770 0.796364
v 0.039460 0.073086 0.795507
v 0.046831 0.068256 0.794422
v 0.051824 0.061010 0.793245
v 0.053692 0.052079 0.792113
v 0.051929 0.043097 0.791244
v 0.047022 0.035712 0.790788
v 0.039710 0.030676 0.790771
v 0.030733 0.028741 0.791223
v 0.021734 0.030424 0.792079
v 0.014364 0.035254 0.793164
v 0.009371 0.042500 0.794342
v 0.001732 0.058519 0.733917
v 0.003493 0.067504 0.734763
v 0.008385 0.074907 0.735063
v 0.015672 0.079973 0.734812
v 0.024616 0.081949 0.734009
v 0.033579 0.080308 0.732780
v 0.040918 0.075515 0.731371
v 0.045889 0.068296 0.729952
v 0.047745 0.059379 0.728695
v 0.045984 0.050394 0.727849
v 0.041092 0.042991 0.727549
v 0.033805 0.037925 0.727800
v 0.024861 0.035950 0.728603
v 0.015898 0.037590 0.729832
v 0.008559 0.042384 0.731241
v 0.003588 0.049602 0.732660
v -0.005997 0.065185 0.677760
v -0.004247 0.074178 0.678533
v 0.000614 0.081607 0.678611
v 0.007854 0.086713 0.678026
v 0.016740 0.088736 0.676808
v 0.025645 0.087145 0.675161
v 0.032936 0.082392 0.673407
v 0.037873 0.075201 0.671751
v 0.039717 0.066295 0.670400
v 0.037966 0.057302 0.669628
v 0.033105 0.049873 0.669550
v 0.025865 0.044767 0.670135
v 0.016979 0.042743 0.671353
v 0.008074 0.044335 0.672999
v 0.000783 0.049088 0.674754
v -0.004154 0.056279 0.676409
v -0.015489 0.071019 0.627845
v -0.013767 0.080029 0.628470
v -0.008967 0.087495 0.628234
v -0.001812 0.092651 0.627211
v 0.006974 0.094733 0.625479
v 0.015783 0.093199 0.623336
v 0.022999 0.088491 0.621194
v 0.027890 0.081328 0.619296
v 0.029722 0.072428 0.617888
v 0.028000 0.063418 0.617263
v 0.023200 0.055953 0.617500
v 0.016045 0.050797 0.618522
v 0.007258 0.048714 0.620255
v -0.001551 0.050249 0.622397
v -0.008767 0.054957 0.624540
v -0.013657 0.062120 0.626437
v -0.026499 0.075617 0.585075
v -0.024844 0.084654 0.585445
v -0.020166 0.092168 0.584747
v -0.013169 0.097386 0.583122
v -0.004562 0.099540 0.580711
v 0.004081 0.098071 0.577939
v 0.011174 0.093412 0.575330
v 0.015996 0.086276 0.573173
v 0.017826 0.077377 0.571757
v 0.016172 0.068340 0.571387
v 0.011493 0.060827 0.572085
v 0.004497 0.055608 0.573710
v -0.004111 0.053454 0.576121
v -0.012754 0.054923 0.578893
v -0.019847 0.059583 0.581502
v -0.024669 0.066719 0.583659
v -0.038655 0.078590 0.550476
v -0.037158 0.087661 0.550413
v -0.032735 0.095231 0.549011
v -0.026059 0.100521 0.546506
v -0.017800 0.102752 0.543135
v -0.009470 0.101352 0.539504
v -0.002598 0.096741 0.536289
v 0.002116 0.089629 0.533834
v 0.003970 0.080725 0.532482
v 0.002472 0.071653 0.532545
v -0.001950 0.064084 0.533946
v -0.008627 0.058794 0.536451
v -0.016885 0.056563 0.539822
v -0.025215 0.057963 0.543454
v -0.032088 0.062574 0.546669
v -0.036801 0.069686 0.549124
v -0.051961 0.079661 0.524050
v -0.050762 0.088752 0.523376
v -0.046749 0.096349 0.521137
v -0.040539 0.101669 0.517679
v -0.032752 0.103930 0.513345
v -0.024806 0.102556 0.508927
v -0.018166 0.097960 0.505237
v -0.013514 0.090852 0.502656
v -0.011534 0.081940 0.501562
v -0.012733 0.072849 0.502236
v -0.016746 0.065252 0.504474
v -0.022956 0.059932 0.507933
v -0.030743 0.057670 0.512266
v -0.038689 0.059045 0.516685
v -0.045329 0.063641 0.520374
v -0.049981 0.070749 0.522956
v -0.067650 0.078544 0.498481
v -0.066760 0.087616 0.497275
v -0.063060 0.095192 0.494494
v -0.057134 0.100494 0.490544
v -0.049563 0.102742 0.485835
v -0.041724 0.101361 0.481233
v -0.035065 0.096766 0.477576
v -0.030278 0.089667 0.475229
v -0.028056 0.080770 0.474554
v -0.028946 0.071699 0.475760
v -0.032646 0.064122 0.478541
v -0.038573 0.058821 0.482491
v -0.046143 0.056573 0.487200
v -0.053982 0.057954 0.491802
v -0.060641 0.062549 0.495459
v -0.065428 0.069648 0.497806
v -0.085692 0.075343 0.467781
v -0.084978 0.084385 0.466273
v -0.081386 0.091943 0.463307
v -0.075490 0.097240 0.459307
v -0.067864 0.099497 0.454693
v -0.059890 0.098139 0.450321
v -0.053044 0.093576 0.446983
v -0.048044 0.086512 0.445000
v -0.045607 0.077652 0.444693
v -0.046321 0.068610 0.446202
v -0.049913 0.061051 0.449167
v -0.055809 0.055754 0.453168
v -0.063435 0.053497 0.457782
v -0.071409 0.054856 0.462153
v -0.078255 0.059419 0.465492
v -0.083254 0.066483 0.467475
v -0.104891 0.070487 0.432900
v -0.104263 0.079507 0.431234
v -0.100691 0.087061 0.428233
v -0.094749 0.092369 0.424314
v -0.087015 0.094653 0.419898
v -0.078888 0.093332 0.415807
v -0.071873 0.088810 0.412776
v -0.066710 0.081787 0.411092
v -0.064133 0.072961 0.411039
v -0.064761 0.063940 0.412705
v -0.068334 0.056387 0.415706
v -0.074275 0.051079 0.419625
v -0.082009 0.048795 0.424042
v -0.090137 0.050116 0.428133
v -0.097151 0.054637 0.431163
v -0.102315 0.061661 0.432847
v -0.124586 0.064384 0.393872
v -0.123985 0.073396 0.392154
v -0.120375 0.080961 0.389227
v -0.114341 0.086298 0.385493
v -0.106466 0.088624 0.381356
v -0.098175 0.087353 0.377590
v -0.091005 0.082879 0.374869
v -0.085712 0.075895 0.373444
v -0.083048 0.067096 0.373565
v -0.083649 0.058083 0.375283
v -0.087259 0.050518 0.378210
v -0.093293 0.045182 0.381944
v -0.101168 0.042856 0.386081
v -0.109459 0.044127 0.389847
v -0.116629 0.048601 0.392568
v -0.121923 0.055584 0.393993
v -0.144127 0.057446 0.350716
v -0.143512 0.066464 0.349028
v -0.139828 0.074055 0.346264
v -0.133672 0.079434 0.342801
v -0.125639 0.081816 0.339015
v -0.117182 0.080603 0.335618
v -0.109868 0.076180 0.333215
v -0.104469 0.069233 0.332023
v -0.101753 0.060452 0.332260
v -0.102369 0.051435 0.333947
v -0.106052 0.043844 0.336712
v -0.112208 0.038465 0.340175
v -0.120241 0.036082 0.343961
v -0.128699 0.037295 0.347358
v -0.136012 0.041719 0.349761
v -0.141411 0.048665 0.350953
v -0.162865 0.050088 0.303444
v -0.162211 0.059121 0.301854
v -0.158433 0.066749 0.299331
v -0.152140 0.072181 0.296214
v -0.143942 0.074628 0.292846
v -0.135321 0.073478 0.289862
v -0.127877 0.069106 0.287789
v -0.122392 0.062192 0.286814
v -0.119649 0.053422 0.287121
v -0.120303 0.044389 0.288710
v -0.124081 0.036762 0.291234
v -0.130374 0.031329 0.294350
v -0.138573 0.028883 0.297718
v -0.147193 0.030032 0.300703
v -0.154637 0.034405 0.302775
v -0.160122 0.041318 0.303750
v -0.180155 0.042724 0.252065
v -0.179448 0.051779 0.250633
v -0.175566 0.059450 0.248419
v -0.169133 0.064942 0.245720
v -0.160774 0.067457 0.242833
v -0.152001 0.066372 0.240303
v -0.144440 0.062048 0.238578
v -0.138886 0.055164 0.237809
v -0.136133 0.046398 0.238147
v -0.136840 0.037343 0.239579
v -0.140722 0.029672 0.241793
v -0.147155 0.024180 0.244492
v -0.155514 0.021665 0.247379
v -0.164287 0.022750 0.249909
v -0.171847 0.027074 0.251633
v -0.177401 0.033958 0.252402
v -0.195351 0.035768 0.196590
v -0.194586 0.044849 0.195369
v -0.190603 0.052567 0.193527
v -0.184038 0.058118 0.191310
v -0.175531 0.060700 0.188963
v -0.166623 0.059677 0.186930
v -0.158963 0.055399 0.185570
v -0.153355 0.048539 0.185000
v -0.150602 0.039773 0.185336
v -0.151366 0.030692 0.186556
v -0.155350 0.022974 0.188398
v -0.161914 0.017423 0.190616
v -0.170421 0.014841 0.192963
v -0.179329 0.015864 0.194995
v -0.186989 0.020142 0.196355
v -0.192597 0.027001 0.196926
v -0.207806 0.029636 0.137034
v -0.206988 0.038743 0.136072
v -0.202915 0.046505 0.134659
v -0.196238 0.052112 0.132982
v -0.187608 0.054754 0.131229
v -0.178588 0.053785 0.129731
v -0.170848 0.049546 0.128753
v -0.165200 0.042706 0.128375
v -0.162453 0.033937 0.128681
v -0.163271 0.024829 0.129643
v -0.167344 0.017068 0.131056
v -0.174021 0.011461 0.132732
v -0.182652 0.008819 0.134486
v -0.191672 0.009788 0.135983
v -0.199411 0.014027 0.136962
v -0.205059 0.020867 0.137339
v -0.216877 0.024744 0.073418
v -0.216017 0.033875 0.072755
v -0.211876 0.041672 0.071820
v -0.205115 0.047324 0.070735
v -0.196394 0.050015 0.069622
v -0.187293 0.049090 0.068692
v -0.179498 0.044880 0.068109
v -0.173823 0.038055 0.067919
v -0.171084 0.029281 0.068169
v -0.171945 0.020151 0.068832
v -0.176085 0.012353 0.069767
v -0.182846 0.006702 0.070852
v -0.191567 0.004011 0.071965
v -0.200668 0.004936 0.072895
v -0.208463 0.009145 0.073478
v -0.214138 0.015971 0.073668
v -0.221922 0.021507 0.005769
v -0.221036 0.030653 0.005440
v -0.216857 0.038476 0.005023
v -0.210050 0.044157 0.004569
v -0.201278 0.046880 0.004132
v -0.192134 0.045982 0.003796
v -0.184308 0.041792 0.003618
v -0.178620 0.034975 0.003610
v -0.175887 0.026198 0.003782
v -0.176772 0.017052 0.004111
v -0.180951 0.009230 0.004529
v -0.187759 0.003549 0.004982
v -0.196530 0.000826 0.005420
v -0.205675 0.001723 0.005756
v -0.213500 0.005913 0.005933
v -0.219188 0.012730 0.005942
v -0.222301 0.020330 -0.065921
v -0.221414 0.029481 -0.065967
v -0.217233 0.037314 -0.065895
v -0.210423 0.043007 -0.065720
v -0.201649 0.045744 -0.065457
v -0.192503 0.044860 -0.065153
v -0.184675 0.040679 -0.064864
v -0.178986 0.033867 -0.064624
v -0.176253 0.025090 -0.064463
v -0.177139 0.015938 -0.064417
v -0.181320 0.008106 -0.064489
v -0.188130 0.002412 -0.064664
v -0.196904 -0.000325 -0.064926
v -0.206051 0.000560 -0.065231
v -0.213878 0.004740 -0.065519
v -0.219567 0.011552 -0.065760
v -0.217016 0.020323 -0.141018
v -0.216139 0.029475 -0.140927
v -0.211983 0.037309 -0.140495
v -0.205209 0.043005 -0.139791
v -0.196479 0.045744 -0.138884
v -0.187376 0.044863 -0.137938
v -0.179584 0.040684 -0.137128
v -0.173919 0.033873 -0.136539
v -0.171194 0.025097 -0.136256
v -0.172071 0.015944 -0.136347
v -0.176227 0.008111 -0.136779
v -0.183001 0.002415 -0.137483
v -0.191731 -0.000325 -0.138390
v -0.200834 0.000557 -0.139336
v -0.208626 0.004736 -0.140146
v -0.214291 0.011546 -0.140735
v -0.206294 0.020323 -0.218958
v -0.205424 0.029475 -0.218817
v -0.201298 0.037309 -0.218152
v -0.194574 0.043005 -0.217069
v -0.185909 0.045744 -0.215672
v -0.176874 0.044863 -0.214216
v -0.169140 0.040684 -0.212969
v -0.163517 0.033873 -0.212063
v -0.160812 0.025097 -0.211627
v -0.161682 0.015944 -0.211767
v -0.165808 0.008111 -0.212432
v -0.172532 0.002415 -0.213516
v -0.181197 -0.000325 -0.214912
v -0.190232 0.000557 -0.216369
v -0.197966 0.004736 -0.217615
v -0.203590 0.011546 -0.218522
v -0.191322 0.020323 -0.299965
v -0.190457 0.029475 -0.299793
v -0.186359 0.037309 -0.298975
v -0.179680 0.043005 -0.297643
v -0.171073 0.045744 -0.295927
v -0.162097 0.044863 -0.294137
v -0.154415 0.040684 -0.292604
v -0.148829 0.033873 -0.291490
v -0.146142 0.025097 -0.290955
v -0.147007 0.015944 -0.291127
v -0.151105 0.008111 -0.291944
v -0.157784 0.002415 -0.293276
v -0.166391 -0.000325 -0.294993
v -0.175367 0.000557 -0.296783
v -0.183049 0.004736 -0.298315
v -0.188635 0.011546 -0.299429
v -0.173246 0.020323 -0.384406
v -0.172385 0.029475 -0.384216
v -0.168305 0.037309 -0.383316
v -0.161654 0.043005 -0.381848
v -0.153084 0.045744 -0.379957
v -0.144147 0.044863 -0.377985
v -0.136497 0.040684 -0.376297
v -0.130935 0.033873 -0.375069
v -0.128260 0.025097 -0.374479
v -0.129121 0.015944 -0.374669
v -0.133201 0.008111 -0.375569
v -0.139852 0.002415 -0.377037
v -0.148422 -0.000325 -0.378928
v -0.157360 0.000557 -0.380901
v -0.165009 0.004736 -0.382589
v -0.170571 0.011546 -0.383816
v -0.153191 0.020323 -0.472641
v -0.152331 0.029475 -0.472446
v -0.148256 0.037309 -0.471521
v -0.141614 0.043005 -0.470014
v -0.133055 0.045744 -0.468071
v -0.124130 0.044863 -0.466046
v -0.116490 0.040684 -0.464312
v -0.110936 0.033873 -0.463052
v -0.108264 0.025097 -0.462445
v -0.109124 0.015944 -0.462641
v -0.113199 0.008111 -0.463565
v -0.119841 0.002415 -0.465073
v -0.128400 -0.000325 -0.467015
v -0.137325 0.000557 -0.469040
v -0.144965 0.004736 -0.470774
v -0.150519 0.011546 -0.472034
v -0.132263 0.020323 -0.565016
v -0.131402 0.029475 -0.564827
v -0.127321 0.037309 -0.563928
v -0.120669 0.043005 -0.562464
v -0.112098 0.045744 -0.560577
v -0.103160 0.044863 -0.558609
v -0.095509 0.040684 -0.556925
v -0.089946 0.033873 -0.555701
v -0.087271 0.025097 -0.555112
v -0.088132 0.015944 -0.555301
v -0.092213 0.008111 -0.556200
v -0.098864 0.002415 -0.557664
v -0.107436 -0.000325 -0.559551
v -0.116374 0.000557 -0.561518
v -0.124024 0.004736 -0.563203
v -0.129587 0.011546 -0.564427
v -0.111560 0.020323 -0.661872
v -0.110695 0.029475 -0.661698
v -0.106600 0.037309 -0.660869
v -0.099924 0.043005 -0.659520
v -0.091321 0.045744 -0.657781
v -0.082351 0.044863 -0.655967
v -0.074672 0.040684 -0.654415
v -0.069089 0.033873 -0.653286
v -0.066404 0.025097 -0.652743
v -0.067268 0.015944 -0.652918
v -0.071364 0.008111 -0.653746
v -0.078040 0.002415 -0.655095
v -0.086642 -0.000325 -0.656835
v -0.095613 0.000557 -0.658648
v -0.103291 0.004736 -0.660201
v -0.108875 0.011546 -0.661329
v -0.092175 0.020323 -0.763542
v -0.091306 0.029475 -0.763390
v -0.087190 0.037309 -0.762671
v -0.080481 0.043005 -0.761499
v -0.071835 0.045744 -0.759988
v -0.062820 0.044863 -0.758412
v -0.055103 0.040684 -0.757064
v -0.049492 0.033873 -0.756084
v -0.046793 0.025097 -0.755612
v -0.047662 0.015944 -0.755764
v -0.051778 0.008111 -0.756483
v -0.058487 0.002415 -0.757655
v -0.067133 -0.000325 -0.759166
v -0.076149 0.000557 -0.760742
v -0.083865 0.004736 -0.762090
v -0.089476 0.011546 -0.763070
v -0.075199 0.020323 -0.870355
v -0.074326 0.029475 -0.870233
v -0.070187 0.037309 -0.869656
v -0.063442 0.043005 -0.868716
v -0.054749 0.045744 -0.867504
v -0.045684 0.044863 -0.866240
v -0.037926 0.040684 -0.865159
v -0.032284 0.033873 -0.864372
v -0.029571 0.025097 -0.863994
v -0.030444 0.015944 -0.864116
v -0.034583 0.008111 -0.864693
v -0.041328 0.002415 -0.865633
v -0.050021 -0.000325 -0.866845
v -0.059086 0.000557 -0.868109
v -0.066844 0.004736 -0.869190
v -0.072486 0.011546 -0.869977
v -0.061721 0.020323 -0.982640
v -0.060843 0.029475 -0.982554
v -0.056685 0.037309 -0.982149
v -0.049906 0.043005 -0.981487
v -0.041171 0.045744 -0.980634
v -0.032062 0.044863 -0.979746
v -0.024265 0.040684 -0.978985
v -0.018596 0.033873 -0.978431
v -0.015870 0.025097 -0.978165
v -0.016747 0.015944 -0.978251
v -0.020906 0.008111 -0.978657
v -0.027684 0.002415 -0.979318
v -0.036420 -0.000325 -0.980171
v -0.045529 0.000557 -0.981060
v -0.053325 0.004736 -0.981821
v -0.058995 0.011546 -0.982374
v -0.052832 0.020323 -1.100726
v -0.051951 0.029475 -1.100682
v -0.047778 0.037309 -1.100471
v -0.040976 0.043005 -1.100127
v -0.032210 0.045744 -1.099685
v -0.023070 0.044863 -1.099223
v -0.015246 0.040684 -1.098828
v -0.009557 0.033873 -1.098540
v -0.006821 0.025097 -1.098402
v -0.007702 0.015944 -1.098447
v -0.011875 0.008111 -1.098658
v -0.018677 0.002415 -1.099001
v -0.027443 -0.000325 -1.099444
v -0.036584 0.000557 -1.099905
v -0.044407 0.004736 -1.100301
v -0.050096 0.011546 -1.100588
v -0.049622 0.020323 -1.225342
v -0.048740 0.029475 -1.225327
v -0.044562 0.037309 -1.225258
v -0.037752 0.043005 -1.225146
v -0.028977 0.045744 -1.225001
v -0.019826 0.044863 -1.224850
v -0.011993 0.040684 -1.224721
v -0.006298 0.033873 -1.224627
v -0.003559 0.025097 -1.224582
v -0.004440 0.015944 -1.224597
v -0.008619 0.008111 -1.224665
v -0.015428 0.002415 -1.224778
v -0.024204 -0.000325 -1.224922
v -0.033355 0.000557 -1.225073
v -0.041187 0.004736 -1.225202
v -0.046883 0.011546 -1.225296
v -0.048717 0.020323 -1.351608
v -0.047835 0.029475 -1.351599
v -0.043657 0.037309 -1.351553
v -0.036847 0.043005 -1.351480
v -0.028070 0.045744 -1.351386
v -0.018918 0.044863 -1.351287
v -0.011085 0.040684 -1.351203
v -0.005390 0.033873 -1.351141
v -0.002650 0.025097 -1.351112
v -0.003532 0.015944 -1.351121
v -0.007710 0.008111 -1.351166
v -0.014520 0.002415 -1.351240
v -0.023297 -0.000325 -1.351334
v -0.032449 0.000557 -1.351433
v -0.040282 0.004736 -1.351517
v -0.045977 0.011546 -1.351578
v -0.046964 0.020323 -1.473609
v -0.046082 0.029475 -1.473599
v -0.041904 0.037309 -1.473548
v -0.035094 0.043005 -1.473466
v -0.026318 0.045744 -1.473360
v -0.017166 0.044863 -1.473250
v -0.009333 0.040684 -1.473155
v -0.003637 0.033873 -1.473087
v -0.000898 0.025097 -1.473054
v -0.001780 0.015944 -1.473064
v -0.005958 0.008111 -1.473115
v -0.012768 0.002415 -1.473197
v -0.021544 -0.000325 -1.473303
v -0.030696 0.000557 -1.473413
v -0.038529 0.004736 -1.473508
v -0.044225 0.011546 -1.473576
v -0.045818 0.020323 -1.590911
v -0.044937 0.029475 -1.590910
v -0.040758 0.037309 -1.590907
v -0.033947 0.043005 -1.590901
v -0.025171 0.045744 -1.590893
v -0.016018 0.044863 -1.590885
v -0.008185 0.040684 -1.590879
v -0.002489 0.033873 -1.590874
v 0.000251 0.025097 -1.590871
v -0.000631 0.015944 -1.590872
v -0.004810 0.008111 -1.590876
v -0.011620 0.002415 -1.590882
v -0.020397 -0.000325 -1.590889
v -0.029549 0.000557 -1.590897
v -0.037383 0.004736 -1.590904
v -0.043079 0.011546 -1.590909
v -0.046721 0.020323 -1.703494
v -0.045839 0.029475 -1.703515
v -0.041662 0.037309 -1.703617
v -0.034853 0.043005 -1.703782
v -0.026079 0.045744 -1.703996
v -0.016930 0.044863 -1.704218
v -0.009098 0.040684 -1.704409
v -0.003404 0.033873 -1.704547
v -0.000665 0.025097 -1.704614
v -0.001547 0.015944 -1.704592
v -0.005724 0.008111 -1.704491
v -0.012533 0.002415 -1.704325
v -0.021307 -0.000325 -1.704112
v -0.030457 0.000557 -1.703889
v -0.038288 0.004736 -1.703699
v -0.043982 0.011546 -1.703560
v -0.051096 0.020323 -1.811336
v -0.050216 0.029475 -1.811393
v -0.046046 0.037309 -1.811665
v -0.039250 0.043005 -1.812108
v -0.030492 0.045744 -1.812678
v -0.021359 0.044863 -1.813273
v -0.013542 0.040684 -1.813783
v -0.007858 0.033873 -1.814153
v -0.005124 0.025097 -1.814331
v -0.006004 0.015944 -1.814274
v -0.010174 0.008111 -1.814002
v -0.016970 0.002415 -1.813559
v -0.025728 -0.000325 -1.812989
v -0.034861 0.000557 -1.812393
v -0.042678 0.004736 -1.811884
v -0.048362 0.011546 -1.811514
v -0.060347 0.020323 -1.914418
v -0.059471 0.029475 -1.914526
v -0.055324 0.037309 -1.915039
v -0.048565 0.043005 -1.915875
v -0.039855 0.045744 -1.916952
v -0.030772 0.044863 -1.918075
v -0.022997 0.040684 -1.919036
v -0.017344 0.033873 -1.919735
v -0.014625 0.025097 -1.920071
v -0.015501 0.015944 -1.919963
v -0.019648 0.008111 -1.919451
v -0.026407 0.002415 -1.918615
v -0.035117 -0.000325 -1.917538
v -0.044200 0.000557 -1.916415
v -0.051975 0.004736 -1.915453
v -0.057628 0.011546 -1.914754
v -0.075851 0.020323 -2.012741
v -0.074986 0.029475 -2.012916
v -0.070890 0.037309 -2.013744
v -0.064215 0.043005 -2.015092
v -0.055612 0.045744 -2.016830
v -0.046641 0.044863 -2.018642
v -0.038962 0.040684 -2.020194
v -0.033379 0.033873 -2.021322
v -0.030694 0.025097 -2.021864
v -0.031558 0.015944 -2.021690
v -0.035654 0.008111 -2.020862
v -0.042329 0.002415 -2.019513
v -0.050933 -0.000325 -2.017776
v -0.059904 0.000557 -2.015963
v -0.067582 0.004736 -2.014412
v -0.073165 0.011546 -2.013284
v -0.098965 0.020323 -2.106343
v -0.098121 0.029475 -2.106599
v -0.094122 0.037309 -2.107810
v -0.087604 0.043005 -2.109785
v -0.079204 0.045744 -2.112330
v -0.070445 0.044863 -2.114983
v -0.062948 0.040684 -2.117254
v -0.057496 0.033873 -2.118906
v -0.054874 0.025097 -2.119700
v -0.055718 0.015944 -2.119445
v -0.059717 0.008111 -2.118233
v -0.066235 0.002415 -2.116259
v -0.074635 -0.000325 -2.113714
v -0.083394 0.000557 -2.111060
v -0.090891 0.004736 -2.108789
v -0.096343 0.011546 -2.107137
v -0.131044 0.020323 -2.195325
v -0.130234 0.029475 -2.195673
v -0.126394 0.037309 -2.197323
v -0.120137 0.043005 -2.200011
v -0.112072 0.045744 -2.203475
v -0.103663 0.044863 -2.207087
v -0.096465 0.040684 -2.210178
v -0.091232 0.033873 -2.212426
v -0.088715 0.025097 -2.213508
v -0.089525 0.015944 -2.213160
v -0.093364 0.008111 -2.211510
v -0.099622 0.002415 -2.208822
v -0.107686 -0.000325 -2.205359
v -0.116096 0.000557 -2.201746
v -0.123293 0.004736 -2.198655
v -0.128527 0.011546 -2.196407
v -0.173480 0.020323 -2.279861
v -0.172719 0.029475 -2.280307
v -0.169113 0.037309 -2.282418
v -0.163237 0.043005 -2.285860
v -0.155663 0.045744 -2.290295
v -0.147765 0.044863 -2.294920
v -0.141005 0.040684 -2.298879
v -0.136090 0.033873 -2.301757
v -0.133726 0.025097 -2.303141
v -0.134487 0.015944 -2.302696
v -0.138093 0.008111 -2.300584
v -0.143970 0.002415 -2.297143
v -0.151543 -0.000325 -2.292707
v -0.159441 0.000557 -2.288083
v -0.166201 0.004736 -2.284124
v -0.171116 0.011546 -2.281246
v -0.227742 0.020323 -2.360172
v -0.227045 0.029475 -2.360713
v -0.223743 0.037309 -2.363274
v -0.218362 0.043005 -2.367448
v -0.211427 0.045744 -2.372828
v -0.204196 0.044863 -2.378438
v -0.198006 0.040684 -2.383240
v -0.193506 0.033873 -2.386731
v -0.191341 0.025097 -2.388410
v -0.192038 0.015944 -2.387869
v -0.195340 0.008111 -2.385308
v -0.200721 0.002415 -2.381134
v -0.207656 -0.000325 -2.375754
v -0.214887 0.000557 -2.370144
v -0.221077 0.004736 -2.365343
v -0.225577 0.011546 -2.361851
v -0.295376 0.020323 -2.436454
v -0.294755 0.029475 -2.437080
v -0.291810 0.037309 -2.440045
v -0.287012 0.043005 -2.444878
v -0.280828 0.045744 -2.451106
v -0.274379 0.044863 -2.457601
v -0.268860 0.040684 -2.463160
v -0.264847 0.033873 -2.467202
v -0.262917 0.025097 -2.469146
v -0.263538 0.015944 -2.468520
v -0.266482 0.008111 -2.465555
v -0.271281 0.002415 -2.460722
v -0.277465 -0.000325 -2.454494
v -0.283913 0.000557 -2.447999
v -0.289432 0.004736 -2.442440
v -0.293446 0.011546 -2.438398
v -0.007093 0.022710 2.438891
v -0.004633 0.035010 2.439238
v 0.002075 0.045056 2.440184
v 0.012023 0.051831 2.441586
v 0.024203 0.054315 2.443302
v 0.036383 0.051831 2.445018
v 0.046331 0.045056 2.446420
v 0.053039 0.035010 2.447366
v 0.055499 0.022710 2.447712
v 0.053039 0.010410 2.447366
v 0.046331 0.000363 2.446420
v 0.036383 -0.006411 2.445018
v 0.024203 -0.008896 2.443302
v 0.012023 -0.006411 2.441586
v 0.002075 0.000363 2.440184
v -0.004633 0.010410 2.439238
v 0.002774 0.022710 2.363166
v 0.005241 0.035010 2.363460
v 0.011968 0.045056 2.364262
v 0.021944 0.051831 2.365450
v 0.034157 0.054315 2.366906
v 0.046371 0.051831 2.368361
v 0.056347 0.045056 2.369550
v 0.063074 0.035010 2.370351
v 0.065541 0.022710 2.370645
v 0.063074 0.010410 2.370351
v 0.056347 0.000363 2.369550
v 0.046371 -0.006411 2.368361
v 0.034157 -0.008896 2.366906
v 0.021944 -0.006411 2.365450
v 0.011968 0.000363 2.364262
v 0.005241 0.010410 2.363460
v 0.010529 0.022710 2.291395
v 0.013002 0.035010 2.291633
v 0.019745 0.045056 2.292282
v 0.029745 0.051831 2.293245
v 0.041989 0.054315 2.294425
v 0.054232 0.051831 2.295604
v 0.064232 0.045056 2.296567
v 0.070975 0.035010 2.297216
v 0.073448 0.022710 2.297454
v 0.070975 0.010410 2.297216
v 0.064232 0.000363 2.296567
v 0.054232 -0.006411 2.295604
v 0.041989 -0.008896 2.294425
v 0.029745 -0.006411 2.293245
v 0.019745 0.000363 2.292282
v 0.013002 0.010410 2.291633
v 0.016283 0.022710 2.223377
v 0.018761 0.035010 2.223557
v 0.025518 0.045056 2.224045
v 0.035538 0.051831 2.224769
v 0.047806 0.054315 2.225655
v 0.060074 0.051831 2.226542
v 0.070094 0.045056 2.227266
v 0.076851 0.035010 2.227754
v 0.079329 0.022710 2.227933
v 0.076851 0.010410 2.227754
v 0.070094 0.000363 2.227266
v 0.060074 -0.006411 2.226542
v 0.047806 -0.008896 2.225655
v 0.035538 -0.006411 2.224769
v 0.025518 0.000363 2.224045
v 0.018761 0.010410 2.223557
v 0.020147 0.022710 2.158909
v 0.022629 0.035010 2.159026
v 0.029396 0.045056 2.159344
v 0.039431 0.051831 2.159816
v 0.051718 0.054315 2.160394
v 0.064004 0.051831 2.160972
v 0.074039 0.045056 2.161444
v 0.080806 0.035010 2.161762
v 0.083288 0.022710 2.161879
v 0.080806 0.010410 2.161762
v 0.074039 0.000363 2.161444
v 0.064004 -0.006411 2.160972
v 0.051718 -0.008896 2.160394
v 0.039431 -0.006411 2.159816
v 0.029396 0.000363 2.159344
v 0.022629 0.010410 2.159026
v 0.022234 0.022710 2.097784
v 0.024718 0.035010 2.097836
v 0.031491 0.045056 2.097976
v 0.041535 0.051831 2.098183
v 0.053832 0.054315 2.098438
v 0.066130 0.051831 2.098692
v 0.076174 0.045056 2.098900
v 0.082947 0.035010 2.099040
v 0.085431 0.022710 2.099091
v 0.082947 0.010410 2.099040
v 0.076174 0.000363 2.098900
v 0.066130 -0.006411 2.098692
v 0.053832 -0.008896 2.098438
v 0.041535 -0.006411 2.098183
v 0.031491 0.000363 2.097976
v 0.024718 0.010410 2.097836
v 0.022654 0.022710 2.039794
v 0.025138 0.035010 2.039778
v 0.031913 0.045056 2.039732
v 0.041959 0.051831 2.039665
v 0.054259 0.054315 2.039583
v 0.066558 0.051831 2.039501
v 0.076604 0.045056 2.039434
v 0.083379 0.035010 2.039389
v 0.085863 0.022710 2.039372
v 0.083379 0.010410 2.039389
v 0.076604 0.000363 2.039434
v 0.066558 -0.006411 2.039501
v 0.054259 -0.008896 2.039583
v 0.041959 -0.006411 2.039665
v 0.031913 0.000363 2.039732
v 0.025138 0.010410 2.039778
v 0.021519 0.022710 1.984730
v 0.024002 0.035010 1.984643
v 0.030772 0.045056 1.984407
v 0.040812 0.051831 1.984056
v 0.053105 0.054315 1.983627
v 0.065398 0.051831 1.983197
v 0.075438 0.045056 1.982846
v 0.082208 0.035010 1.982610
v 0.084691 0.022710 1.982523
v 0.082208 0.010410 1.982610
v 0.075438 0.000363 1.982846
v 0.065398 -0.006411 1.983197
v 0.053105 -0.008896 1.983627
v 0.040812 -0.006411 1.984056
v 0.030772 0.000363 1.984407
v 0.024002 0.010410 1.984643
v 0.018939 0.022710 1.932380
v 0.021419 0.035010 1.932222
v 0.028179 0.045056 1.931790
v 0.038205 0.051831 1.931149
v 0.050480 0.054315 1.930365
v 0.062755 0.051831 1.929580
v 0.072781 0.045056 1.928940
v 0.079542 0.035010 1.928508
v 0.082021 0.022710 1.928349
v 0.079542 0.010410 1.928508
v 0.072781 0.000363 1.928940
v 0.062755 -0.006411 1.929580
v 0.050480 -0.008896 1.930365
v 0.038205 -0.006411 1.931149
v 0.028179 0.000363 1.931790
v 0.021419 0.010410 1.932222
v 0.015024 0.022710 1.882531
v 0.017498 0.035010 1.882300
v 0.024243 0.045056 1.881670
v 0.034246 0.051831 1.880737
v 0.046493 0.054315 1.879595
v 0.058740 0.051831 1.878452
v 0.068743 0.045056 1.877519
v 0.075488 0.035010 1.876889
v 0.077961 0.022710 1.876658
v 0.075488 0.010410 1.876889
v 0.068743 0.000363 1.877519
v 0.058740 -0.006411 1.878452
v 0.046493 -0.008896 1.879595
v 0.034246 -0.006411 1.880737
v 0.024243 0.000363 1.881670
v 0.017498 0.010410 1.882300
v 0.009882 0.022710 1.834966
v 0.012348 0.035010 1.834663
v 0.019072 0.045056 1.833837
v 0.029043 0.051831 1.832612
v 0.041251 0.054315 1.831112
v 0.053460 0.051831 1.829612
v 0.063431 0.045056 1.828387
v 0.070155 0.035010 1.827561
v 0.072621 0.022710 1.827258
v 0.070155 0.010410 1.827561
v 0.063431 0.000363 1.828387
v 0.053460 -0.006411 1.829612
v 0.041251 -0.008896 1.831112
v 0.029043 -0.006411 1.832612
v 0.019072 0.000363 1.833837
v 0.012348 0.010410 1.834663
v 0.003619 0.022710 1.789470
v 0.006075 0.035010 1.789096
v 0.012772 0.045056 1.788077
v 0.022704 0.051831 1.786566
v 0.034864 0.054315 1.784715
v 0.047024 0.051831 1.782864
v 0.056956 0.045056 1.781353
v 0.063654 0.035010 1.780334
v 0.066110 0.022710 1.779960
v 0.063654 0.010410 1.780334
v 0.056956 0.000363 1.781353
v 0.047024 -0.006411 1.782864
v 0.034864 -0.008896 1.784715
v 0.022704 -0.006411 1.786566
v 0.012772 0.000363 1.788077
v 0.006075 0.010410 1.789096
v -0.003359 0.022710 1.747292
v -0.000938 0.035010 1.746735
v 0.005664 0.045056 1.745214
v 0.015454 0.051831 1.742959
v 0.027440 0.054315 1.740199
v 0.039427 0.051831 1.737438
v 0.049217 0.045056 1.735183
v 0.055818 0.035010 1.733663
v 0.058239 0.022710 1.733105
v 0.055818 0.010410 1.733663
v 0.049217 0.000363 1.735183
v 0.039427 -0.006411 1.737438
v 0.027440 -0.008896 1.740199
v 0.015454 -0.006411 1.742959
v 0.005664 0.000363 1.745214
v -0.000938 0.010410 1.746735
v -0.015430 0.022710 1.706346
v -0.013109 0.035010 1.705461
v -0.006779 0.045056 1.703047
v 0.002608 0.051831 1.699466
v 0.014100 0.054315 1.695083
v 0.025593 0.051831 1.690699
v 0.034979 0.045056 1.687119
v 0.041309 0.035010 1.684705
v 0.043630 0.022710 1.683819
v 0.041309 0.010410 1.684705
v 0.034979 0.000363 1.687119
v 0.025593 -0.006411 1.690699
v 0.014100 -0.008896 1.695083
v 0.002608 -0.006411 1.699466
v -0.006779 0.000363 1.703047
v -0.013109 0.010410 1.705461
v -0.036384 0.022710 1.662131
v -0.034188 0.035010 1.660970
v -0.028198 0.045056 1.657805
v -0.019315 0.051831 1.653112
v -0.008440 0.054315 1.647365
v 0.002435 0.051831 1.641619
v 0.011318 0.045056 1.636925
v 0.017308 0.035010 1.633760
v 0.019504 0.022710 1.632600
v 0.017308 0.010410 1.633760
v 0.011318 0.000363 1.636925
v 0.002435 -0.006411 1.641619
v -0.008440 -0.008896 1.647365
v -0.019315 -0.006411 1.653112
v -0.028198 0.000363 1.657805
v -0.034188 0.010410 1.660970
v -0.064558 0.022710 1.614191
v -0.062445 0.035010 1.612884
v -0.056684 0.045056 1.609320
v -0.048140 0.051831 1.604035
v -0.037680 0.054315 1.597564
v -0.027219 0.051831 1.591094
v -0.018676 0.045056 1.585808
v -0.012914 0.035010 1.582244
v -0.010802 0.022710 1.580937
v -0.012914 0.010410 1.582244
v -0.018676 0.000363 1.585808
v -0.027219 -0.006411 1.591094
v -0.037680 -0.008896 1.597564
v -0.048140 -0.006411 1.604035
v -0.056684 0.000363 1.609320
v -0.062445 0.010410 1.612884
v -0.097489 0.022710 1.563617
v -0.095416 0.035010 1.562248
v -0.089764 0.045056 1.558514
v -0.081382 0.051831 1.552976
v -0.071119 0.054315 1.546196
v -0.060856 0.051831 1.539417
v -0.052473 0.045056 1.533879
v -0.046821 0.035010 1.530145
v -0.044748 0.022710 1.528776
v -0.046821 0.010410 1.530145
v -0.052473 0.000363 1.533879
v -0.060856 -0.006411 1.539417
v -0.071119 -0.008896 1.546196
v -0.081382 -0.006411 1.552976
v -0.089764 0.000363 1.558514
v -0.095416 0.010410 1.562248
v -0.132642 0.022710 1.511177
v -0.130568 0.035010 1.509809
v -0.124912 0.045056 1.506080
v -0.116524 0.051831 1.500550
v -0.106256 0.054315 1.493779
v -0.095987 0.051831 1.487009
v -0.087599 0.045056 1.481479
v -0.081944 0.035010 1.477750
v -0.079869 0.022710 1.476382
v -0.081944 0.010410 1.477750
v -0.087599 0.000363 1.481479
v -0.095987 -0.006411 1.487009
v -0.106256 -0.008896 1.493779
v -0.116524 -0.006411 1.500550
v -0.124912 0.000363 1.506080
v -0.130568 0.010410 1.509809
v -0.167491 0.022710 1.457421
v -0.165376 0.035010 1.456117
v -0.159610 0.045056 1.452561
v -0.151059 0.051831 1.447287
v -0.140590 0.054315 1.440831
v -0.130121 0.051831 1.434374
v -0.121570 0.045056 1.429100
v -0.115804 0.035010 1.425544
v -0.113689 0.022710 1.424240
v -0.115804 0.010410 1.425544
v -0.121570 0.000363 1.429100
v -0.130121 -0.006411 1.434374
v -0.140590 -0.008896 1.440831
v -0.151059 -0.006411 1.447287
v -0.159610 0.000363 1.452561
v -0.165376 0.010410 1.456117
v -0.199521 0.022710 1.402717
v -0.197328 0.035010 1.401550
v -0.191348 0.045056 1.398367
v -0.182479 0.051831 1.393646
v -0.171621 0.054315 1.387867
v -0.160763 0.051831 1.382088
v -0.151895 0.045056 1.377368
v -0.145915 0.035010 1.374185
v -0.143722 0.022710 1.373018
v -0.145915 0.010410 1.374185
v -0.151895 0.000363 1.377368
v -0.160763 -0.006411 1.382088
v -0.171621 -0.008896 1.387867
v -0.182479 -0.006411 1.393646
v -0.191348 0.000363 1.398367
v -0.197328 0.010410 1.401550
v -0.226164 0.022710 1.347219
v -0.223859 0.035010 1.346290
v -0.217576 0.045056 1.343758
v -0.208257 0.051831 1.340004
v -0.196848 0.054315 1.335407
v -0.185440 0.051831 1.330810
v -0.176121 0.045056 1.327055
v -0.169838 0.035010 1.324523
v -0.167533 0.022710 1.323595
v -0.169838 0.010410 1.324523
v -0.176121 0.000363 1.327055
v -0.185440 -0.006411 1.330810
v -0.196848 -0.008896 1.335407
v -0.208257 -0.006411 1.340004
v -0.217576 0.000363 1.343758
v -0.223859 0.010410 1.346290
v -0.244615 0.022710 1.290860
v -0.242191 0.035010 1.290318
v -0.235579 0.045056 1.288841
v -0.225775 0.051831 1.286649
v -0.213771 0.054315 1.283966
v -0.201767 0.051831 1.281283
v -0.191963 0.045056 1.279092
v -0.185352 0.035010 1.277614
v -0.182927 0.022710 1.277072
v -0.185352 0.010410 1.277614
v -0.191963 0.000363 1.279092
v -0.201767 -0.006411 1.281283
v -0.213771 -0.008896 1.283966
v -0.225775 -0.006411 1.286649
v -0.235579 0.000363 1.288841
v -0.242191 0.010410 1.290318
v -0.251491 0.022710 1.233634
v -0.249007 0.035010 1.233668
v -0.242233 0.045056 1.233760
v -0.232187 0.051831 1.233896
v -0.219888 0.054315 1.234063
v -0.207590 0.051831 1.234230
v -0.197544 0.045056 1.234366
v -0.190770 0.035010 1.234458
v -0.188286 0.022710 1.234492
v -0.190770 0.010410 1.234458
v -0.197544 0.000363 1.234366
v -0.207590 -0.006411 1.234230
v -0.219888 -0.008896 1.234063
v -0.232187 -0.006411 1.233896
v -0.242233 0.000363 1.233760
v -0.249007 0.010410 1.233668
v -0.242803 0.022710 1.176587
v -0.240437 0.035010 1.177344
v -0.233984 0.045056 1.179408
v -0.224415 0.051831 1.182468
v -0.212700 0.054315 1.186214
v -0.200984 0.051831 1.189961
v -0.191415 0.045056 1.193022
v -0.184963 0.035010 1.195085
v -0.182596 0.022710 1.195842
v -0.184963 0.010410 1.195085
v -0.191415 0.000363 1.193022
v -0.200984 -0.006411 1.189961
v -0.212700 -0.008896 1.186214
v -0.224415 -0.006411 1.182468
v -0.233984 0.000363 1.179408
v -0.240437 0.010410 1.177344
v -0.217342 0.022710 1.125607
v -0.215170 0.035010 1.126812
v -0.209246 0.045056 1.130098
v -0.200460 0.051831 1.134971
v -0.189704 0.054315 1.140938
v -0.178948 0.051831 1.146904
v -0.170163 0.045056 1.151777
v -0.164239 0.035010 1.155063
v -0.162066 0.022710 1.156269
v -0.164239 0.010410 1.155063
v -0.170163 0.000363 1.151777
v -0.178948 -0.006411 1.146904
v -0.189704 -0.008896 1.140938
v -0.200460 -0.006411 1.134971
v -0.209246 0.000363 1.130098
v -0.215170 0.010410 1.126812
v -0.187708 0.022710 1.076590
v -0.185502 0.035010 1.077733
v -0.179486 0.045056 1.080848
v -0.170565 0.051831 1.085468
v -0.159643 0.054315 1.091123
v -0.148720 0.051831 1.096779
v -0.139799 0.045056 1.101399
v -0.133783 0.035010 1.104514
v -0.131577 0.022710 1.105656
v -0.133783 0.010410 1.104514
v -0.139799 0.000363 1.101399
v -0.148720 -0.006411 1.096779
v -0.159643 -0.008896 1.091123
v -0.170565 -0.006411 1.085468
v -0.179486 0.000363 1.080848
v -0.185502 0.010410 1.077733
v -0.162357 0.022710 1.018598
v -0.160036 0.035010 1.019486
v -0.153710 0.045056 1.021908
v -0.144327 0.051831 1.025500
v -0.132840 0.054315 1.029897
v -0.121353 0.051831 1.034294
v -0.111970 0.045056 1.037885
v -0.105643 0.035010 1.040307
v -0.103323 0.022710 1.041195
v -0.105643 0.010410 1.040307
v -0.111970 0.000363 1.037885
v -0.121353 -0.006411 1.034294
v -0.132840 -0.008896 1.029897
v -0.144327 -0.006411 1.025500
v -0.153710 0.000363 1.021908
v -0.160036 0.010410 1.019486
v -0.139518 0.022710 0.949288
v -0.137133 0.035010 0.949983
v -0.130628 0.045056 0.951878
v -0.120983 0.051831 0.954687
v -0.109174 0.054315 0.958127
v -0.097364 0.051831 0.961567
v -0.087719 0.045056 0.964376
v -0.081215 0.035010 0.966271
v -0.078829 0.022710 0.966966
v -0.081215 0.010410 0.966271
v -0.087719 0.000363 0.964376
v -0.097364 -0.006411 0.961567
v -0.109174 -0.008896 0.958127
v -0.120983 -0.006411 0.954687
v -0.130628 0.000363 0.951878
v -0.137133 0.010410 0.949983
v -0.119355 0.022710 0.869744
v -0.116931 0.035010 0.870290
v -0.110322 0.045056 0.871777
v -0.100521 0.051831 0.873983
v -0.088521 0.054315 0.876683
v -0.076521 0.051831 0.879383
v -0.066719 0.045056 0.881589
v -0.060110 0.035010 0.883076
v -0.057686 0.022710 0.883622
v -0.060110 0.010410 0.883076
v -0.066719 0.000363 0.881589
v -0.076521 -0.006411 0.879383
v -0.088521 -0.008896 0.876683
v -0.100521 -0.006411 0.873983
v -0.110322 0.000363 0.871777
v -0.116931 0.010410 0.870290
v -0.101892 0.022710 0.780995
v -0.099444 0.035010 0.781423
v -0.092771 0.045056 0.782589
v -0.082874 0.051831 0.784318
v -0.070758 0.054315 0.786434
v -0.058641 0.051831 0.788551
v -0.048745 0.045056 0.790280
v -0.042071 0.035010 0.791446
v -0.039624 0.022710 0.791873
v -0.042071 0.010410 0.791446
v -0.048745 0.000363 0.790280
v -0.058641 -0.006411 0.788551
v -0.070758 -0.008896 0.786434
v -0.082874 -0.006411 0.784318
v -0.092771 0.000363 0.782589
v -0.099444 0.010410 0.781423
v -0.087084 0.022710 0.684022
v -0.084622 0.035010 0.684354
v -0.077908 0.045056 0.685260
v -0.067952 0.051831 0.686604
v -0.055762 0.054315 0.688250
v -0.043573 0.051831 0.689895
v -0.033617 0.045056 0.691239
v -0.026903 0.035010 0.692146
v -0.024441 0.022710 0.692478
v -0.026903 0.010410 0.692146
v -0.033617 0.000363 0.691239
v -0.043573 -0.006411 0.689895
v -0.055762 -0.008896 0.688250
v -0.067952 -0.006411 0.686604
v -0.077908 0.000363 0.685260
v -0.084622 0.010410 0.684354
v -0.074851 0.022710 0.579768
v -0.072380 0.035010 0.580022
v -0.065641 0.045056 0.580715
v -0.055647 0.051831 0.581741
v -0.043411 0.054315 0.582999
v -0.031176 0.051831 0.584256
v -0.021182 0.045056 0.585283
v -0.014443 0.035010 0.585975
v -0.011972 0.022710 0.586229
v -0.014443 0.010410 0.585975
v -0.021182 0.000363 0.585283
v -0.031176 -0.006411 0.584256
v -0.043411 -0.008896 0.582999
v -0.055647 -0.006411 0.581741
v -0.065641 0.000363 0.580715
v -0.072380 0.010410 0.580022
v -0.065096 0.022710 0.469158
v -0.062619 0.035010 0.469346
v -0.055864 0.045056 0.469859
v -0.045847 0.051831 0.470619
v -0.033582 0.054315 0.471550
v -0.021317 0.051831 0.472481
v -0.011299 0.045056 0.473242
v -0.004544 0.035010 0.473755
v -0.002067 0.022710 0.473943
v -0.004544 0.010410 0.473755
v -0.011299 0.000363 0.473242
v -0.021317 -0.006411 0.472481
v -0.033582 -0.008896 0.471550
v -0.045847 -0.006411 0.470619
v -0.055864 0.000363 0.469859
v -0.062619 0.010410 0.469346
v -0.057711 0.022710 0.353099
v -0.055230 0.035010 0.353231
v -0.048466 0.045056 0.353590
v -0.038433 0.051831 0.354122
v -0.026151 0.054315 0.354774
v -0.013868 0.051831 0.355426
v -0.003836 0.045056 0.355958
v 0.002929 0.035010 0.356317
v 0.005410 0.022710 0.356449
v 0.002929 0.010410 0.356317
v -0.003836 0.000363 0.355958
v -0.013868 -0.006411 0.355426
v -0.026151 -0.008896 0.354774
v -0.038433 -0.006411 0.354122
v -0.048466 0.000363 0.353590
v -0.055230 0.010410 0.353231
v -0.052583 0.022710 0.232487
v -0.050100 0.035010 0.232570
v -0.043329 0.045056 0.232795
v -0.033288 0.051831 0.233129
v -0.020995 0.054315 0.233539
v -0.008702 0.051831 0.233948
v 0.001339 0.045056 0.234282
v 0.008110 0.035010 0.234507
v 0.010593 0.022710 0.234590
v 0.008110 0.010410 0.234507
v 0.001339 0.000363 0.234282
v -0.008702 -0.006411 0.233948
v -0.020995 -0.008896 0.233539
v -0.033288 -0.006411 0.233129
v -0.043329 0.000363 0.232795
v -0.050100 0.010410 0.232570
v -0.049593 0.022710 0.108213
v -0.047109 0.035010 0.108252
v -0.040335 0.045056 0.108359
v -0.030290 0.051831 0.108518
v -0.017992 0.054315 0.108713
v -0.005693 0.051831 0.108908
v 0.004352 0.045056 0.109067
v 0.011126 0.035010 0.109175
v 0.013610 0.022710 0.109214
v 0.011126 0.010410 0.109175
v 0.004352 0.000363 0.109067
v -0.005693 -0.006411 0.108908
v -0.017992 -0.008896 0.108713
v -0.030290 -0.006411 0.108518
v -0.040335 0.000363 0.108359
v -0.047109 0.010410 0.108252
v -0.048623 0.022708 -0.018887
v -0.046139 0.035008 -0.018800
v -0.039365 0.045055 -0.018720
v -0.029320 0.051829 -0.018657
v -0.017020 0.054314 -0.018619
v -0.004719 0.051831 -0.018614
v 0.005327 0.045057 -0.018643
v 0.012102 0.035011 -0.018699
v 0.014587 0.022711 -0.018778
v 0.012104 0.010411 -0.018865
v 0.005330 0.000365 -0.018945
v -0.004716 -0.006410 -0.019008
v -0.017016 -0.008895 -0.019046
v -0.029316 -0.006411 -0.019051
v -0.039363 0.000363 -0.019022
v -0.046138 0.010409 -0.018966
v -0.048883 0.023548 -0.080992
v -0.046398 0.035844 -0.080687
v -0.039624 0.045888 -0.080480
v -0.029578 0.052663 -0.080390
v -0.017278 0.055149 -0.080434
v -0.004979 0.052668 -0.080611
v 0.005067 0.045898 -0.080882
v 0.011841 0.035857 -0.081210
v 0.014325 0.023562 -0.081560
v 0.011841 0.011266 -0.081865
v 0.005067 0.001221 -0.082072
v -0.004979 -0.005553 -0.082162
v -0.017279 -0.008039 -0.082117
v -0.029579 -0.005559 -0.081941
v -0.039624 0.001211 -0.081670
v -0.046399 0.011252 -0.081342
v -0.049689 0.025871 -0.139433
v -0.047201 0.038156 -0.138845
v -0.040424 0.048193 -0.138458
v -0.030377 0.054965 -0.138304
v -0.018078 0.057454 -0.138416
v -0.005782 0.054981 -0.138786
v 0.004260 0.048222 -0.139333
v 0.011030 0.038193 -0.139986
v 0.013509 0.025911 -0.140671
v 0.011021 0.013626 -0.141259
v 0.004244 0.003589 -0.141646
v -0.005803 -0.003183 -0.141800
v -0.018102 -0.005672 -0.141688
v -0.030399 -0.003199 -0.141318
v -0.040441 0.003560 -0.140771
v -0.047210 0.013589 -0.140118
v -0.051084 0.029374 -0.194231
v -0.048589 0.041644 -0.193395
v -0.041809 0.051672 -0.192866
v -0.031761 0.058442 -0.192686
v -0.019465 0.060938 -0.192899
v -0.007174 0.058478 -0.193482
v 0.002861 0.051737 -0.194311
v 0.009622 0.041728 -0.195279
v 0.012093 0.029466 -0.196275
v 0.009598 0.017196 -0.197111
v 0.002818 0.007168 -0.197640
v -0.007230 0.000398 -0.197820
v -0.019526 -0.002097 -0.197607
v -0.031817 0.000362 -0.197024
v -0.041852 0.007103 -0.196195
v -0.048613 0.017112 -0.195227
v -0.053108 0.033757 -0.245467
v -0.050604 0.046009 -0.244427
v -0.043820 0.056030 -0.243803
v -0.033773 0.062801 -0.243643
v -0.021483 0.065309 -0.243994
v -0.009201 0.062869 -0.244814
v 0.000822 0.056152 -0.245930
v 0.007571 0.046169 -0.247199
v 0.010031 0.033930 -0.248476
v 0.007528 0.021678 -0.249516
v 0.000743 0.011658 -0.250140
v -0.009303 0.004886 -0.250300
v -0.021594 0.002379 -0.249948
v -0.033876 0.004819 -0.249129
v -0.043899 0.011536 -0.248013
v -0.050648 0.021519 -0.246744
v -0.055798 0.038718 -0.293221
v -0.053286 0.050955 -0.292029
v -0.046500 0.060971 -0.291369
v -0.036457 0.067751 -0.291283
v -0.024177 0.070277 -0.291819
v -0.011911 0.067864 -0.292902
v -0.001904 0.061178 -0.294308
v 0.004829 0.051224 -0.295860
v 0.007275 0.039010 -0.297379
v 0.004763 0.026773 -0.298570
v -0.002023 0.016757 -0.299231
v -0.012066 0.009977 -0.299316
v -0.024346 0.007451 -0.298780
v -0.036613 0.009864 -0.297698
v -0.046619 0.016551 -0.296291
v -0.053352 0.026505 -0.294739
v -0.059192 0.043957 -0.337567
v -0.056674 0.056184 -0.336291
v -0.049890 0.066204 -0.335663
v -0.039858 0.073000 -0.335719
v -0.027597 0.075554 -0.336493
v -0.015353 0.073176 -0.337870
v -0.005369 0.066523 -0.339570
v 0.001343 0.056599 -0.341382
v 0.003775 0.044408 -0.343093
v 0.001256 0.032181 -0.344369
v -0.005528 0.022161 -0.344996
v -0.015559 0.015365 -0.344941
v -0.027821 0.012811 -0.344167
v -0.040065 0.015189 -0.342790
v -0.050048 0.021842 -0.341089
v -0.056761 0.031766 -0.339277
v -0.063324 0.049173 -0.378578
v -0.060805 0.061400 -0.377298
v -0.054033 0.071435 -0.376790
v -0.044024 0.078259 -0.377067
v -0.031793 0.080851 -0.378144
v -0.019583 0.078514 -0.379852
v -0.009630 0.071898 -0.381848
v -0.002940 0.062004 -0.383890
v -0.000523 0.049829 -0.385732
v -0.003041 0.037603 -0.387012
v -0.009813 0.027567 -0.387520
v -0.019822 0.020743 -0.387243
v -0.032053 0.018152 -0.386166
v -0.044263 0.020488 -0.384459
v -0.054216 0.027104 -0.382462
v -0.060906 0.036999 -0.380420
v -0.068221 0.054070 -0.416321
v -0.065715 0.066308 -0.415138
v -0.058973 0.076372 -0.414854
v -0.049006 0.083237 -0.415451
v -0.036825 0.085877 -0.416909
v -0.024664 0.083588 -0.418990
v -0.014749 0.077011 -0.421283
v -0.008085 0.067140 -0.423516
v -0.005675 0.054973 -0.425414
v -0.008181 0.042734 -0.426597
v -0.014923 0.032670 -0.426881
v -0.024890 0.025806 -0.426284
v -0.037071 0.023165 -0.424826
v -0.049232 0.025454 -0.422745
v -0.059146 0.032032 -0.420451
v -0.065811 0.041902 -0.418219
v -0.073908 0.058353 -0.450856
v -0.071438 0.070619 -0.449894
v -0.064755 0.080726 -0.449964
v -0.054861 0.087643 -0.451000
v -0.042759 0.090342 -0.452934
v -0.030669 0.088104 -0.455439
v -0.020803 0.081562 -0.458029
v -0.014163 0.071709 -0.460403
v -0.011746 0.059537 -0.462262
v -0.014215 0.047272 -0.463225
v -0.020899 0.037165 -0.463155
v -0.030793 0.030247 -0.462119
v -0.042894 0.027548 -0.460184
v -0.054985 0.029786 -0.457680
v -0.064850 0.036328 -0.455090
v -0.071490 0.046181 -0.452715
v -0.080395 0.061738 -0.482241
v -0.078004 0.074043 -0.481653
v -0.071428 0.084203 -0.482236
v -0.061656 0.091182 -0.483856
v -0.049678 0.093942 -0.486381
v -0.037688 0.091755 -0.489368
v -0.027884 0.085244 -0.492250
v -0.021259 0.075399 -0.494703
v -0.018810 0.063210 -0.496405
v -0.021201 0.050906 -0.496994
v -0.027777 0.040745 -0.496411
v -0.037549 0.033766 -0.494790
v -0.049527 0.031006 -0.492266
v -0.061517 0.033193 -0.489278
v -0.071321 0.039705 -0.486396
v -0.077945 0.049550 -0.483943
v -0.087685 0.063953 -0.510532
v -0.085440 0.076299 -0.510504
v -0.079047 0.086512 -0.511791
v -0.069472 0.093547 -0.514170
v -0.057683 0.096360 -0.517420
v -0.045836 0.094214 -0.520957
v -0.036106 0.087724 -0.524122
v -0.029481 0.077879 -0.526573
v -0.026952 0.065667 -0.527972
v -0.029198 0.053321 -0.527999
v -0.035591 0.043109 -0.526712
v -0.045165 0.036074 -0.524333
v -0.056954 0.033260 -0.521084
v -0.068801 0.035407 -0.517546
v -0.078532 0.041897 -0.514382
v -0.085156 0.051742 -0.511930
v -0.095799 0.064746 -0.535891
v -0.093785 0.077113 -0.536584
v -0.087669 0.087350 -0.538734
v -0.078383 0.094410 -0.542011
v -0.066859 0.097248 -0.546088
v -0.055204 0.095118 -0.550220
v -0.045557 0.088635 -0.553647
v -0.038907 0.078788 -0.556018
v -0.036239 0.066564 -0.556983
v -0.038253 0.054198 -0.556290
v -0.044369 0.043961 -0.554140
v -0.053654 0.036900 -0.550863
v -0.065178 0.034063 -0.546786
v -0.076834 0.036193 -0.542654
v -0.086480 0.042676 -0.539227
v -0.093131 0.052523 -0.536856
v -0.106756 0.063935 -0.564026
v -0.104976 0.076288 -0.565330
v -0.099138 0.086509 -0.568207
v -0.090141 0.093553 -0.572239
v -0.078883 0.096375 -0.577008
v -0.067416 0.094234 -0.581635
v -0.057852 0.087747 -0.585276
v -0.051173 0.077901 -0.587574
v -0.048363 0.065686 -0.588168
v -0.050143 0.053333 -0.586864
v -0.055981 0.043112 -0.583987
v -0.064978 0.036068 -0.579955
v -0.076236 0.033246 -0.575185
v -0.087703 0.035386 -0.570559
v -0.097267 0.041874 -0.566918
v -0.103946 0.051720 -0.564620
v -0.122187 0.061659 -0.599458
v -0.120557 0.073991 -0.601109
v -0.114907 0.084186 -0.604420
v -0.106111 0.091202 -0.608917
v -0.095043 0.093997 -0.614129
v -0.083721 0.091837 -0.619088
v -0.074229 0.085339 -0.622899
v -0.067548 0.075494 -0.625190
v -0.064656 0.063290 -0.625594
v -0.066286 0.050958 -0.623943
v -0.071936 0.040763 -0.620632
v -0.080732 0.033747 -0.616135
v -0.091800 0.030951 -0.610923
v -0.103122 0.033112 -0.605964
v -0.112613 0.039609 -0.602154
v -0.119295 0.049455 -0.599862
v -0.141503 0.058190 -0.640627
v -0.139967 0.070506 -0.642479
v -0.134445 0.080678 -0.646064
v -0.125795 0.087669 -0.650874
v -0.114875 0.090438 -0.656401
v -0.103674 0.088256 -0.661619
v -0.094255 0.081746 -0.665585
v -0.087593 0.071897 -0.667918
v -0.084661 0.059700 -0.668237
v -0.086197 0.047384 -0.666385
v -0.091719 0.037212 -0.662800
v -0.100369 0.030222 -0.657990
v -0.111289 0.027452 -0.652462
v -0.122491 0.029634 -0.647245
v -0.131909 0.036144 -0.643279
v -0.138571 0.045993 -0.640946
v -0.164129 0.053826 -0.686089
v -0.162654 0.066130 -0.688063
v -0.157229 0.076284 -0.691843
v -0.148698 0.083251 -0.696894
v -0.137907 0.085996 -0.702680
v -0.126820 0.083793 -0.708128
v -0.117480 0.077267 -0.712253
v -0.110856 0.067412 -0.714661
v -0.107912 0.055217 -0.714955
v -0.109387 0.042913 -0.712981
v -0.114812 0.032759 -0.709201
v -0.123342 0.025791 -0.704150
v -0.134133 0.023046 -0.698364
v -0.145220 0.025250 -0.692916
v -0.154560 0.031775 -0.688791
v -0.161185 0.041631 -0.686383
v -0.189510 0.048866 -0.734477
v -0.188074 0.061162 -0.736526
v -0.182728 0.071301 -0.740456
v -0.174305 0.078248 -0.745711
v -0.163638 0.080969 -0.751735
v -0.152669 0.078742 -0.757408
v -0.143421 0.072199 -0.761706
v -0.136851 0.062333 -0.764218
v -0.133917 0.050136 -0.764532
v -0.135352 0.037840 -0.762482
v -0.140699 0.027701 -0.758552
v -0.149122 0.020754 -0.753297
v -0.159788 0.018033 -0.747274
v -0.170758 0.020260 -0.741601
v -0.180006 0.026803 -0.737302
v -0.186576 0.036669 -0.734790
v -0.217101 0.043611 -0.784451
v -0.215688 0.055903 -0.786541
v -0.210410 0.066029 -0.790596
v -0.202092 0.072956 -0.796040
v -0.191555 0.075652 -0.802299
v -0.180717 0.073401 -0.808209
v -0.171578 0.066837 -0.812705
v -0.165083 0.056957 -0.815353
v -0.162179 0.044754 -0.815721
v -0.163592 0.032462 -0.813630
v -0.168869 0.022337 -0.809576
v -0.177188 0.015409 -0.804132
v -0.187725 0.012713 -0.797873
v -0.198563 0.014964 -0.791962
v -0.207702 0.021528 -0.787467
v -0.214197 0.031408 -0.784819
v -0.246354 0.038361 -0.834679
v -0.244948 0.050651 -0.836783
v -0.239735 0.060766 -0.840948
v -0.231527 0.067673 -0.846581
v -0.221136 0.070344 -0.853089
v -0.210452 0.068065 -0.859265
v -0.201447 0.061478 -0.863991
v -0.195053 0.051579 -0.866812
v -0.192202 0.039367 -0.867270
v -0.193607 0.027077 -0.865166
v -0.198820 0.016962 -0.861001
v -0.207029 0.010055 -0.855368
v -0.217420 0.007384 -0.848860
v -0.228103 0.009663 -0.842685
v -0.237108 0.016251 -0.837958
v -0.243502 0.026149 -0.835137
v -0.276713 0.033416 -0.883827
v -0.275300 0.045708 -0.885919
v -0.270152 0.055812 -0.890189
v -0.262068 0.062699 -0.896023
v -0.251850 0.065342 -0.902811
v -0.241358 0.063032 -0.909295
v -0.232526 0.056417 -0.914301
v -0.226269 0.046496 -0.917342
v -0.223498 0.034272 -0.917930
v -0.224910 0.021980 -0.915838
v -0.230059 0.011876 -0.911568
v -0.238142 0.004989 -0.905734
v -0.248360 0.002346 -0.898946
v -0.258852 0.004655 -0.892462
v -0.267684 0.011271 -0.887456
v -0.273942 0.021191 -0.884415
v -0.307606 0.029075 -0.930547
v -0.306169 0.041370 -0.932602
v -0.301090 0.051465 -0.936977
v -0.293158 0.058331 -0.943040
v -0.283160 0.060943 -0.950158
v -0.272917 0.058600 -0.957017
v -0.264316 0.051952 -0.962371
v -0.258246 0.042006 -0.965694
v -0.255594 0.029765 -0.966462
v -0.257031 0.017470 -0.964407
v -0.262110 0.007375 -0.960032
v -0.270042 0.000509 -0.953970
v -0.280040 -0.002103 -0.946851
v -0.290284 0.000240 -0.939992
v -0.298884 0.006888 -0.934639
v -0.304954 0.016834 -0.931315
v -0.338428 0.025635 -0.973471
v -0.336942 0.037936 -0.975458
v -0.331946 0.048021 -0.979947
v -0.324212 0.054866 -0.986283
v -0.314509 0.057446 -0.993811
v -0.304607 0.055065 -1.001142
v -0.296329 0.048383 -1.006942
v -0.290527 0.038407 -1.010636
v -0.288053 0.026147 -1.011651
v -0.289539 0.013846 -1.009664
v -0.294535 0.003761 -1.005174
v -0.302270 -0.003084 -0.998838
v -0.311972 -0.005664 -0.991311
v -0.321874 -0.003283 -0.983980
v -0.330153 0.003399 -0.978180
v -0.335955 0.013374 -0.974485
v -0.368504 0.023383 -1.011190
v -0.366930 0.035689 -1.013068
v -0.362041 0.045767 -1.017690
v -0.354585 0.052593 -1.024372
v -0.345308 0.055143 -1.032428
v -0.335905 0.052727 -1.040378
v -0.328104 0.046011 -1.046771
v -0.322705 0.036007 -1.050965
v -0.320506 0.023727 -1.052320
v -0.322080 0.011420 -1.050441
v -0.326968 0.001342 -1.045819
v -0.334425 -0.005483 -1.039138
v -0.343701 -0.008033 -1.031082
v -0.353105 -0.005617 -1.023131
v -0.360905 0.001099 -1.016739
v -0.366305 0.011103 -1.012545
v -0.397139 0.022579 -1.042366
v -0.395424 0.034889 -1.044093
v -0.390680 0.044964 -1.048871
v -0.383622 0.051780 -1.055980
v -0.374963 0.054315 -1.064701
v -0.366289 0.051881 -1.073437
v -0.359191 0.045148 -1.080586
v -0.354389 0.035130 -1.085423
v -0.352603 0.022840 -1.087222
v -0.354317 0.010530 -1.085495
v -0.359061 0.000456 -1.080717
v -0.366120 -0.006360 -1.073608
v -0.374779 -0.008895 -1.064887
v -0.383452 -0.006462 -1.056151
v -0.390550 0.000271 -1.049002
v -0.395353 0.010290 -1.044165
v -0.422725 0.053232 -1.134164
v -0.431429 0.068133 -1.124521
v -0.416293 0.043692 -1.141168
v -0.445122 0.063195 -1.111742
v -0.414363 0.030692 -1.144123
v -0.455593 0.049572 -1.102801
v -0.417453 0.017717 -1.142240
v -0.460036 0.030914 -1.100092
v -0.424734 0.008243 -1.136021
v -0.457261 0.012222 -1.104343
v -0.434257 0.004809 -1.127135
v -0.448011 -0.001497 -1.114413
v -0.443469 0.008334 -1.117961
v -0.434765 -0.006566 -1.127604
v -0.449901 0.017875 -1.110957
v -0.421072 -0.001628 -1.140383
v -0.451831 0.030875 -1.108002
v -0.410601 0.011995 -1.149324
v -0.448741 0.043850 -1.109885
v -0.406158 0.030652 -1.152033
v -0.431937 0.056758 -1.124990
v -0.408933 0.049345 -1.147782
v -0.441459 0.053324 -1.116103
v -0.418183 0.063064 -1.137712
v -0.362465 0.041696 -1.052852
v -0.375179 0.063211 -1.066148
v -0.363836 0.052018 -1.054326
v -0.368490 0.059893 -1.059193
v -0.368707 0.039445 -1.047026
v -0.388872 0.058273 -1.053370
v -0.373804 0.048423 -1.045024
v -0.381185 0.055314 -1.047346
v -0.373481 0.033235 -1.042950
v -0.399343 0.044650 -1.044428
v -0.381426 0.038506 -1.038515
v -0.390892 0.042684 -1.039056
v -0.375506 0.024729 -1.041715
v -0.403786 0.025993 -1.041720
v -0.384660 0.024925 -1.036544
v -0.395011 0.025387 -1.036545
v -0.374241 0.016208 -1.043653
v -0.401011 0.007300 -1.045970
v -0.382640 0.011318 -1.039638
v -0.392438 0.008057 -1.040486
v -0.370024 0.009954 -1.048244
v -0.391761 -0.006419 -1.056040
v -0.375907 0.001332 -1.046968
v -0.383863 -0.004661 -1.049822
v -0.363986 0.007643 -1.054257
v -0.378515 -0.011488 -1.069232
v -0.366265 -0.002359 -1.056571
v -0.371583 -0.009361 -1.062052
v -0.357744 0.009895 -1.060083
v -0.364823 -0.006550 -1.082010
v -0.356297 0.001236 -1.065873
v -0.358888 -0.004783 -1.073899
v -0.352971 0.016105 -1.064159
v -0.354352 0.007073 -1.090952
v -0.348675 0.011153 -1.072381
v -0.349181 0.007847 -1.082188
v -0.350945 0.024610 -1.065393
v -0.349909 0.025731 -1.093660
v -0.345441 0.024734 -1.074353
v -0.345062 0.025144 -1.084699
v -0.352210 0.033131 -1.063456
v -0.352684 0.044423 -1.089410
v -0.347461 0.038341 -1.071259
v -0.347634 0.042474 -1.080759
v -0.356427 0.039385 -1.058865
v -0.361933 0.058142 -1.079340
v -0.354194 0.048327 -1.063929
v -0.356210 0.055193 -1.071423
v -0.393377 0.049783 -1.084957
v -0.385437 0.046745 -1.092865
v -0.379893 0.038521 -1.098900
v -0.378229 0.027317 -1.101448
v -0.380893 0.016133 -1.099825
v -0.387169 0.007968 -1.094465
v -0.395377 0.005007 -1.086805
v -0.403316 0.008046 -1.078898
v -0.408861 0.016270 -1.072862
v -0.410524 0.027474 -1.070314
v -0.407861 0.038657 -1.071938
v -0.401585 0.046823 -1.077298
v -0.002043 0.053232 2.524530
v 0.010906 0.068133 2.525571
v -0.011514 0.043692 2.523685
v 0.029378 0.063195 2.528665
v -0.015034 0.030692 2.523951
v 0.042844 0.049572 2.531535
v -0.011659 0.017717 2.525258
v 0.047697 0.030914 2.533414
v -0.002294 0.008243 2.527254
v 0.042636 0.012222 2.533797
v 0.010552 0.004809 2.529406
v 0.029016 -0.001497 2.532582
v 0.023437 0.008334 2.531136
v 0.010488 -0.006566 2.530095
v 0.032909 0.017875 2.531981
v -0.007984 -0.001628 2.527001
v 0.036428 0.030875 2.531714
v -0.021450 0.011995 2.524130
v 0.033054 0.043850 2.530408
v -0.026303 0.030652 2.522252
v 0.010842 0.056758 2.526260
v -0.021241 0.049345 2.521868
v 0.023689 0.053324 2.528411
v -0.007622 0.063064 2.523083
v 0.025833 0.041696 2.427237
v 0.023015 0.063211 2.445416
v 0.025497 0.052018 2.429222
v 0.024465 0.059893 2.435876
v 0.034254 0.039445 2.428647
v 0.041486 0.058273 2.448510
v 0.038943 0.048423 2.431474
v 0.041591 0.055314 2.438744
v 0.040393 0.033235 2.429956
v 0.054953 0.044650 2.451381
v 0.048746 0.038506 2.433563
v 0.054075 0.042684 2.441406
v 0.042605 0.024729 2.430812
v 0.059805 0.025993 2.453260
v 0.052278 0.024925 2.434931
v 0.058574 0.025387 2.443147
v 0.040298 0.016208 2.430987
v 0.054744 0.007300 2.453643
v 0.048594 0.011318 2.435210
v 0.053882 0.008057 2.443503
v 0.034089 0.009954 2.430433
v 0.041125 -0.006419 2.452428
v 0.038680 0.001332 2.434325
v 0.041255 -0.004661 2.442376
v 0.025643 0.007643 2.429299
v 0.022597 -0.011488 2.449940
v 0.025193 -0.002359 2.432515
v 0.024078 -0.009361 2.440070
v 0.017222 0.009895 2.427889
v 0.004125 -0.006550 2.446846
v 0.011747 0.001236 2.430263
v 0.006953 -0.004783 2.437202
v 0.011083 0.016105 2.426580
v -0.009342 0.007073 2.443976
v 0.001944 0.011153 2.428173
v -0.005532 0.007847 2.434541
v 0.008871 0.024610 2.425724
v -0.014194 0.025731 2.442097
v -0.001588 0.024734 2.426805
v -0.010031 0.025144 2.432799
v 0.011178 0.033131 2.425549
v -0.009133 0.044423 2.441714
v 0.002096 0.038341 2.426527
v -0.005338 0.042474 2.432443
v 0.017387 0.039385 2.426103
v 0.004487 0.058142 2.442929
v 0.012010 0.048327 2.427411
v 0.007288 0.055193 2.433570
v 0.019157 0.049783 2.471302
v 0.008051 0.046745 2.469811
v -0.000112 0.038521 2.469082
v -0.003146 0.027317 2.469312
v -0.000237 0.016133 2.470438
v 0.007834 0.007968 2.472159
v 0.018907 0.005007 2.474013
v 0.030013 0.008046 2.475504
v 0.038177 0.016270 2.476233
v 0.041210 0.027474 2.476003
v 0.038302 0.038657 2.474877
v 0.030230 0.046823 2.473156
v -0.005634 0.051762 1.307876
v 0.005070 0.064080 1.308737
v -0.013463 0.043875 1.307178
v 0.020340 0.059997 1.311294
v -0.016373 0.033129 1.307398
v 0.031472 0.048736 1.313667
v -0.013583 0.022403 1.308478
v 0.035484 0.033313 1.315220
v -0.005842 0.014572 1.310128
v 0.031300 0.017861 1.315537
v 0.004778 0.011733 1.311907
v 0.020041 0.006520 1.314533
v 0.015429 0.014647 1.313337
v 0.004725 0.002329 1.312476
v 0.023259 0.022534 1.314035
v -0.010545 0.006412 1.309919
v 0.026168 0.033280 1.313815
v -0.021677 0.017673 1.307546
v 0.023379 0.044006 1.312735
v -0.025688 0.033096 1.305993
v 0.005018 0.054676 1.309306
v -0.021504 0.048548 1.305676
v 0.015637 0.051837 1.311085
v -0.010246 0.059889 1.306680
v 0.017410 0.042226 1.227448
v 0.015080 0.060011 1.242477
v 0.017132 0.050758 1.229089
v 0.016279 0.057268 1.234590
v 0.024371 0.040365 1.228614
v 0.030350 0.055929 1.245034
v 0.028247 0.047786 1.230951
v 0.030436 0.053483 1.236961
v 0.029445 0.035231 1.229696
v 0.041482 0.044667 1.247407
v 0.036351 0.039588 1.232678
v 0.040756 0.043042 1.239161
v 0.031274 0.028200 1.230404
v 0.045493 0.029244 1.248960
v 0.039271 0.028361 1.233809
v 0.044475 0.028744 1.240601
v 0.029367 0.021156 1.230548
v 0.041309 0.013792 1.249277
v 0.036225 0.017113 1.234040
v 0.040596 0.014418 1.240895
v 0.024234 0.015986 1.230090
v 0.030051 0.002451 1.248273
v 0.028030 0.008858 1.233308
v 0.030158 0.003904 1.239964
v 0.017252 0.014076 1.229153
v 0.014734 -0.001739 1.246216
v 0.016881 0.005807 1.231812
v 0.015959 0.000019 1.238057
v 0.010291 0.015937 1.227987
v -0.000535 0.002343 1.243659
v 0.005765 0.008779 1.229950
v 0.001802 0.003803 1.235686
v 0.005217 0.021070 1.226905
v -0.011668 0.013604 1.241286
v -0.002338 0.016977 1.228222
v -0.008518 0.014244 1.233486
v 0.003388 0.028101 1.226197
v -0.015679 0.029027 1.239733
v -0.005258 0.028204 1.227092
v -0.012237 0.028543 1.232046
v 0.005295 0.035145 1.226053
v -0.011495 0.044480 1.239416
v -0.002213 0.039452 1.226861
v -0.008358 0.042868 1.231752
v 0.010428 0.040315 1.226511
v -0.000236 0.055820 1.240420
v 0.005983 0.047707 1.227592
v 0.002080 0.053382 1.232684
v 0.011891 0.048911 1.263875
v 0.002710 0.046399 1.262642
v -0.004038 0.039601 1.262040
v -0.006546 0.030339 1.262230
v -0.004141 0.021094 1.263161
v 0.002531 0.014344 1.264583
v 0.011684 0.011897 1.266116
v 0.020865 0.014409 1.267349
v 0.027613 0.021207 1.267951
v 0.030121 0.030469 1.267761
v 0.027717 0.039714 1.266830
v 0.021044 0.046464 1.265408
v -0.322745 0.051762 -2.513649
v -0.329735 0.064080 -2.505497
v -0.317577 0.043875 -2.519571
v -0.340782 0.059997 -2.494649
v -0.316044 0.033129 -2.522054
v -0.349247 0.048736 -2.487040
v -0.318558 0.022403 -2.520433
v -0.352862 0.033313 -2.484708
v -0.324445 0.014572 -2.515141
v -0.350658 0.017861 -2.488279
v -0.332127 0.011733 -2.507597
v -0.343226 0.006520 -2.496795
v -0.339547 0.014647 -2.499822
v -0.332557 0.002329 -2.507975
v -0.344716 0.022534 -2.493900
v -0.321510 0.006412 -2.518822
v -0.346248 0.033280 -2.491417
v -0.313045 0.017673 -2.526431
v -0.343734 0.044006 -2.493038
v -0.309430 0.033096 -2.528763
v -0.330165 0.054676 -2.505874
v -0.311634 0.048548 -2.525192
v -0.337847 0.051837 -2.498330
v -0.319066 0.059889 -2.516676
v -0.271239 0.042226 -2.447719
v -0.282025 0.060011 -2.458440
v -0.272403 0.050758 -2.448909
v -0.276351 0.057268 -2.452833
v -0.276275 0.040365 -2.442774
v -0.293072 0.055929 -2.447593
v -0.280444 0.047786 -2.441013
v -0.286592 0.053483 -2.442776
v -0.280134 0.035231 -2.439306
v -0.301537 0.044667 -2.439984
v -0.286606 0.039588 -2.435473
v -0.294440 0.043042 -2.435722
v -0.281781 0.028200 -2.438242
v -0.305152 0.029244 -2.437652
v -0.289237 0.028361 -2.433776
v -0.297792 0.028744 -2.433560
v -0.280777 0.021156 -2.439870
v -0.302948 0.013792 -2.441223
v -0.287633 0.017113 -2.436376
v -0.295748 0.014418 -2.436871
v -0.277389 0.015986 -2.443753
v -0.295515 0.002451 -2.449739
v -0.282223 0.008858 -2.442575
v -0.288858 0.003904 -2.444766
v -0.272525 0.014076 -2.448849
v -0.284846 -0.001739 -2.460919
v -0.274457 0.005807 -2.450713
v -0.278967 0.000019 -2.455131
v -0.267489 0.015937 -2.453794
v -0.273799 0.002343 -2.471766
v -0.266415 0.008779 -2.458609
v -0.268725 0.003803 -2.465188
v -0.263630 0.021070 -2.457263
v -0.265334 0.013604 -2.479375
v -0.260253 0.016977 -2.464148
v -0.260877 0.014244 -2.472242
v -0.261982 0.028101 -2.458326
v -0.261720 0.029027 -2.481707
v -0.257622 0.028204 -2.465845
v -0.257526 0.028543 -2.474403
v -0.262987 0.035145 -2.456698
v -0.263923 0.044480 -2.478136
v -0.259226 0.039452 -2.463246
v -0.259569 0.042868 -2.471093
v -0.266375 0.040315 -2.452816
v -0.271356 0.055820 -2.469620
v -0.264636 0.047707 -2.457047
v -0.266459 0.053382 -2.463198
v -0.297458 0.048911 -2.473601
v -0.291063 0.046399 -2.480303
v -0.286608 0.039601 -2.485407
v -0.285287 0.030339 -2.487548
v -0.287454 0.021094 -2.486150
v -0.292528 0.014344 -2.481589
v -0.299150 0.011897 -2.475087
v -0.305545 0.014409 -2.468385
v -0.310000 0.021207 -2.463281
v -0.311321 0.030469 -2.461140
v -0.309154 0.039714 -2.462538
v -0.304080 0.046464 -2.467099
vt 1.187735 0.810511
vt 1.156875 0.810424
vt 1.156876 0.806772
vt 1.187814 0.806905
vt 1.187689 0.814115
vt 1.156876 0.814085
vt 1.187683 0.817594
vt 1.156880 0.817621
vt 1.187715 0.821074
vt 1.156887 0.821155
vt 1.187786 0.824679
vt 1.156893 0.824807
vt 1.187882 0.828286
vt 1.156901 0.828446
vt 1.187985 0.831772
vt 1.156911 0.831946
vt 1.188084 0.835260
vt 1.156921 0.835433
vt 1.188168 0.838876
vt 1.156932 0.839033
vt 1.188222 0.842493
vt 1.156943 0.842625
vt 1.188240 0.845985
vt 1.156952 0.846090
vt 1.188224 0.849476
vt 1.156959 0.849559
vt 1.188176 0.853092
vt 1.156963 0.853162
vt 1.188014 0.799932
vt 1.156885 0.799753
vt 1.156892 0.796140
vt 1.188112 0.796323
vt 1.187911 0.803420
vt 1.156880 0.803256
vt 1.126182 0.810481
vt 1.126173 0.806831
vt 1.126191 0.814137
vt 1.126199 0.817671
vt 1.126206 0.821201
vt 1.126212 0.824845
vt 1.126216 0.828479
vt 1.126220 0.831976
vt 1.126224 0.835459
vt 1.126228 0.839056
vt 1.126231 0.842645
vt 1.126234 0.846109
vt 1.126235 0.849576
vt 1.126235 0.853172
vt 1.126155 0.799818
vt 1.126146 0.796209
vt 1.126164 0.803319
vt 1.096156 0.810556
vt 1.096145 0.806913
vt 1.096166 0.814206
vt 1.096175 0.817733
vt 1.096183 0.821255
vt 1.096191 0.824893
vt 1.096196 0.828519
vt 1.096200 0.832007
vt 1.096204 0.835483
vt 1.096208 0.839073
vt 1.096211 0.842657
vt 1.096213 0.846115
vt 1.096214 0.849578
vt 1.096214 0.853164
vt 1.096123 0.799910
vt 1.096112 0.796305
vt 1.096134 0.803405
vt 1.067064 0.810633
vt 1.067053 0.806993
vt 1.067074 0.814279
vt 1.067083 0.817800
vt 1.067092 0.821316
vt 1.067100 0.824948
vt 1.067107 0.828561
vt 1.067112 0.832042
vt 1.067117 0.835511
vt 1.067122 0.839094
vt 1.067126 0.842671
vt 1.067129 0.846125
vt 1.067131 0.849583
vt 1.067133 0.853172
vt 1.067034 0.799996
vt 1.067024 0.796398
vt 1.067044 0.803488
vt 1.039155 0.810699
vt 1.039146 0.807059
vt 1.039164 0.814345
vt 1.039174 0.817864
vt 1.039183 0.821376
vt 1.039191 0.825002
vt 1.039199 0.828614
vt 1.039206 0.832083
vt 1.039211 0.835545
vt 1.039217 0.839122
vt 1.039221 0.842694
vt 1.039225 0.846143
vt 1.039227 0.849599
vt 1.039230 0.853187
vt 1.039131 0.800064
vt 1.039125 0.796463
vt 1.039138 0.803553
vt 1.012679 0.810758
vt 1.012670 0.807112
vt 1.012688 0.814407
vt 1.012698 0.817927
vt 1.012708 0.821438
vt 1.012719 0.825061
vt 1.012728 0.828666
vt 1.012735 0.832133
vt 1.012742 0.835586
vt 1.012748 0.839155
vt 1.012753 0.842720
vt 1.012756 0.846165
vt 1.012759 0.849618
vt 1.012761 0.853207
vt 1.012659 0.800103
vt 1.012655 0.796499
vt 1.012663 0.803601
vt 0.987894 0.810815
vt 0.987885 0.807157
vt 0.987906 0.814473
vt 0.987919 0.817999
vt 0.987932 0.821512
vt 0.987946 0.825132
vt 0.987958 0.828731
vt 0.987968 0.832188
vt 0.987976 0.835628
vt 0.987983 0.839186
vt 0.987987 0.842741
vt 0.987990 0.846180
vt 0.987991 0.849631
vt 0.987992 0.853221
vt 0.987876 0.800131
vt 0.987875 0.796519
vt 0.987879 0.803639
vt 0.965067 0.810885
vt 0.965053 0.807208
vt 0.965084 0.814559
vt 0.965104 0.818095
vt 0.965125 0.821611
vt 0.965147 0.825226
vt 0.965165 0.828813
vt 0.965179 0.832254
vt 0.965188 0.835679
vt 0.965195 0.839217
vt 0.965198 0.842757
vt 0.965197 0.846184
vt 0.965193 0.849629
vt 0.965189 0.853222
vt 0.965047 0.800142
vt 0.965049 0.796517
vt 0.965048 0.803666
vt 0.944461 0.810984
vt 0.944438 0.807272
vt 0.944491 0.814687
vt 0.944526 0.818240
vt 0.944563 0.821759
vt 0.944599 0.825364
vt 0.944629 0.828928
vt 0.944649 0.832339
vt 0.944660 0.835729
vt 0.944666 0.839233
vt 0.944662 0.842741
vt 0.944651 0.846148
vt 0.944634 0.849583
vt 0.944616 0.853181
vt 0.944429 0.800143
vt 0.944435 0.796497
vt 0.944430 0.803696
vt 0.926352 0.811140
vt 0.926309 0.807372
vt 0.926406 0.814887
vt 0.926464 0.818463
vt 0.926523 0.821983
vt 0.926577 0.825564
vt 0.926618 0.829085
vt 0.926643 0.832440
vt 0.926650 0.835769
vt 0.926648 0.839210
vt 0.926632 0.842664
vt 0.926603 0.846034
vt 0.926567 0.849454
vt 0.926529 0.853063
vt 0.926285 0.800139
vt 0.926290 0.796459
vt 0.926291 0.803740
vt 0.911106 0.811362
vt 0.911033 0.807540
vt 0.911176 0.815145
vt 0.911233 0.818725
vt 0.911266 0.822240
vt 0.911287 0.825786
vt 0.911293 0.829247
vt 0.911285 0.832526
vt 0.911268 0.835768
vt 0.911251 0.839119
vt 0.911227 0.842501
vt 0.911199 0.845824
vt 0.911169 0.849246
vt 0.911144 0.852888
vt 0.910917 0.800187
vt 0.910864 0.796454
vt 0.910973 0.803847
vt 0.898882 0.811548
vt 0.898830 0.807798
vt 0.898884 0.815260
vt 0.898857 0.818778
vt 0.898808 0.822201
vt 0.898747 0.825672
vt 0.898685 0.829083
vt 0.898633 0.832344
vt 0.898597 0.835597
vt 0.898582 0.838985
vt 0.898581 0.842431
vt 0.898606 0.845824
vt 0.898658 0.849270
vt 0.898724 0.852917
vt 0.898642 0.800533
vt 0.898522 0.796833
vt 0.898748 0.804157
vt 0.886908 0.811545
vt 0.886921 0.807939
vt 0.886876 0.815100
vt 0.886825 0.818495
vt 0.886764 0.821859
vt 0.886700 0.825323
vt 0.886645 0.828783
vt 0.886605 0.832140
vt 0.886589 0.835524
vt 0.886602 0.839068
vt 0.886656 0.842645
vt 0.886733 0.846137
vt 0.886827 0.849658
vt 0.886927 0.853325
vt 0.886865 0.800900
vt 0.886804 0.797245
vt 0.886906 0.804428
vt 0.873088 0.811411
vt 0.873117 0.807856
vt 0.873055 0.814939
vt 0.873024 0.818329
vt 0.872995 0.821712
vt 0.872974 0.825220
vt 0.872963 0.828744
vt 0.872967 0.832169
vt 0.872987 0.835622
vt 0.873025 0.839230
vt 0.873077 0.842866
vt 0.873137 0.846396
vt 0.873201 0.849933
vt 0.873266 0.853596
vt 0.873157 0.800906
vt 0.873168 0.797268
vt 0.873140 0.804394
vt 0.857667 0.811275
vt 0.857694 0.807723
vt 0.857642 0.814812
vt 0.857622 0.818224
vt 0.857607 0.821640
vt 0.857599 0.825194
vt 0.857599 0.828771
vt 0.857613 0.832243
vt 0.857637 0.835748
vt 0.857671 0.839401
vt 0.857713 0.843071
vt 0.857759 0.846620
vt 0.857807 0.850163
vt 0.857856 0.853821
vt 0.857749 0.800802
vt 0.857774 0.797174
vt 0.857722 0.804272
vt 0.840668 0.811159
vt 0.840690 0.807597
vt 0.840650 0.814713
vt 0.840636 0.818148
vt 0.840627 0.821596
vt 0.840623 0.825188
vt 0.840626 0.828806
vt 0.840637 0.832325
vt 0.840657 0.835868
vt 0.840685 0.839554
vt 0.840719 0.843248
vt 0.840754 0.846812
vt 0.840792 0.850363
vt 0.840831 0.854021
vt 0.840739 0.800668
vt 0.840766 0.797041
vt 0.840714 0.804144
vt 0.822160 0.811060
vt 0.822177 0.807486
vt 0.822146 0.814633
vt 0.822136 0.818091
vt 0.822130 0.821566
vt 0.822128 0.825190
vt 0.822130 0.828842
vt 0.822138 0.832395
vt 0.822155 0.835968
vt 0.822178 0.839681
vt 0.822204 0.843397
vt 0.822233 0.846975
vt 0.822263 0.850535
vt 0.822295 0.854198
vt 0.822218 0.800541
vt 0.822241 0.796910
vt 0.822196 0.804023
vt 0.802218 0.810976
vt 0.802231 0.807388
vt 0.802207 0.814566
vt 0.802199 0.818045
vt 0.802195 0.821544
vt 0.802193 0.825194
vt 0.802195 0.828875
vt 0.802201 0.832455
vt 0.802215 0.836053
vt 0.802234 0.839790
vt 0.802256 0.843524
vt 0.802280 0.847117
vt 0.802305 0.850688
vt 0.802332 0.854359
vt 0.802265 0.800425
vt 0.802286 0.796786
vt 0.802246 0.803915
vt 0.780899 0.810902
vt 0.780909 0.807300
vt 0.780890 0.814509
vt 0.780884 0.818006
vt 0.780880 0.821525
vt 0.780879 0.825199
vt 0.780880 0.828904
vt 0.780885 0.832507
vt 0.780897 0.836128
vt 0.780913 0.839885
vt 0.780932 0.843637
vt 0.780953 0.847244
vt 0.780975 0.850826
vt 0.780999 0.854506
vt 0.780940 0.800316
vt 0.780959 0.796667
vt 0.780922 0.803816
vt 0.758232 0.810835
vt 0.758241 0.807219
vt 0.758225 0.814458
vt 0.758220 0.817972
vt 0.758217 0.821510
vt 0.758216 0.825205
vt 0.758217 0.828931
vt 0.758220 0.832555
vt 0.758231 0.836195
vt 0.758245 0.839971
vt 0.758262 0.843739
vt 0.758280 0.847360
vt 0.758299 0.850954
vt 0.758320 0.854645
vt 0.758268 0.800210
vt 0.758286 0.796551
vt 0.758252 0.803722
vt 0.734213 0.810773
vt 0.734220 0.807142
vt 0.734207 0.814412
vt 0.734203 0.817943
vt 0.734200 0.821498
vt 0.734199 0.825211
vt 0.734200 0.828956
vt 0.734203 0.832598
vt 0.734212 0.836256
vt 0.734224 0.840048
vt 0.734238 0.843831
vt 0.734253 0.847465
vt 0.734270 0.851072
vt 0.734288 0.854774
vt 0.734244 0.800109
vt 0.734259 0.796438
vt 0.734229 0.803633
vt 0.708800 0.810720
vt 0.708805 0.807075
vt 0.708797 0.814373
vt 0.708795 0.817919
vt 0.708794 0.821489
vt 0.708792 0.825218
vt 0.708792 0.828978
vt 0.708793 0.832634
vt 0.708800 0.836305
vt 0.708809 0.840111
vt 0.708819 0.843907
vt 0.708830 0.847553
vt 0.708841 0.851172
vt 0.708854 0.854888
vt 0.708822 0.800016
vt 0.708834 0.796333
vt 0.708811 0.803552
vt 0.681932 0.810680
vt 0.681930 0.807025
vt 0.681935 0.814346
vt 0.681938 0.817907
vt 0.681941 0.821493
vt 0.681941 0.825228
vt 0.681940 0.828994
vt 0.681937 0.832654
vt 0.681936 0.836326
vt 0.681934 0.840136
vt 0.681931 0.843941
vt 0.681929 0.847599
vt 0.681927 0.851233
vt 0.681928 0.854957
vt 0.681928 0.799954
vt 0.681928 0.796260
vt 0.681928 0.803498
vt 0.653560 0.810763
vt 0.653552 0.807116
vt 0.653568 0.814413
vt 0.653576 0.817950
vt 0.653582 0.821507
vt 0.653587 0.825228
vt 0.653589 0.828978
vt 0.653587 0.832623
vt 0.653579 0.836280
vt 0.653567 0.840076
vt 0.653552 0.843869
vt 0.653536 0.847518
vt 0.653519 0.851144
vt 0.653502 0.854880
vt 0.653532 0.800034
vt 0.653521 0.796327
vt 0.653543 0.803587
vt 0.623815 0.810863
vt 0.623808 0.807213
vt 0.623820 0.814509
vt 0.623826 0.818035
vt 0.623832 0.821575
vt 0.623837 0.825260
vt 0.623841 0.828970
vt 0.623843 0.832576
vt 0.623840 0.836204
vt 0.623834 0.839970
vt 0.623821 0.843735
vt 0.623805 0.847364
vt 0.623786 0.850976
vt 0.623766 0.854696
vt 0.623795 0.800130
vt 0.623788 0.796436
vt 0.623801 0.803677
vt 0.592676 0.810882
vt 0.592675 0.807223
vt 0.592677 0.814539
vt 0.592680 0.818075
vt 0.592683 0.821620
vt 0.592687 0.825303
vt 0.592691 0.829002
vt 0.592694 0.832589
vt 0.592694 0.836188
vt 0.592692 0.839922
vt 0.592685 0.843658
vt 0.592675 0.847260
vt 0.592664 0.850853
vt 0.592650 0.854558
vt 0.592675 0.800135
vt 0.592676 0.796445
vt 0.592674 0.803684
vt 0.559934 0.810882
vt 0.559934 0.807212
vt 0.559933 0.814552
vt 0.559934 0.818097
vt 0.559935 0.821647
vt 0.559938 0.825331
vt 0.559940 0.829024
vt 0.559942 0.832599
vt 0.559942 0.836180
vt 0.559941 0.839893
vt 0.559937 0.843607
vt 0.559931 0.847190
vt 0.559923 0.850768
vt 0.559915 0.854464
vt 0.559939 0.800112
vt 0.559942 0.796424
vt 0.559936 0.803665
vt 0.525470 0.810870
vt 0.525472 0.807190
vt 0.525469 0.814550
vt 0.525468 0.818105
vt 0.525469 0.821661
vt 0.525470 0.825347
vt 0.525471 0.829037
vt 0.525472 0.832604
vt 0.525472 0.836173
vt 0.525471 0.839872
vt 0.525468 0.843571
vt 0.525464 0.847141
vt 0.525460 0.850709
vt 0.525454 0.854400
vt 0.525479 0.800077
vt 0.525483 0.796389
vt 0.525475 0.803635
vt 0.489223 0.810849
vt 0.489226 0.807159
vt 0.489221 0.814539
vt 0.489220 0.818102
vt 0.489220 0.821665
vt 0.489220 0.825354
vt 0.489221 0.829044
vt 0.489221 0.832606
vt 0.489221 0.836168
vt 0.489220 0.839857
vt 0.489218 0.843546
vt 0.489216 0.847108
vt 0.489213 0.850670
vt 0.489210 0.854359
vt 0.489234 0.800035
vt 0.489239 0.796346
vt 0.489230 0.803597
vt 0.451153 0.810822
vt 0.451156 0.807123
vt 0.451150 0.814521
vt 0.451149 0.818092
vt 0.451148 0.821661
vt 0.451148 0.825355
vt 0.451147 0.829045
vt 0.451147 0.832605
vt 0.451147 0.836164
vt 0.451146 0.839847
vt 0.451145 0.843531
vt 0.451144 0.847088
vt 0.451143 0.850647
vt 0.451141 0.854335
vt 0.451165 0.799985
vt 0.451170 0.796294
vt 0.451160 0.803553
vt 0.411218 0.810789
vt 0.411222 0.807081
vt 0.411216 0.814497
vt 0.411214 0.818075
vt 0.411213 0.821651
vt 0.411213 0.825349
vt 0.411212 0.829042
vt 0.411211 0.832603
vt 0.411211 0.836160
vt 0.411210 0.839841
vt 0.411210 0.843522
vt 0.411210 0.847078
vt 0.411210 0.850636
vt 0.411209 0.854325
vt 0.411232 0.799931
vt 0.411237 0.796236
vt 0.411227 0.803504
vt 0.369366 0.810751
vt 0.369371 0.807035
vt 0.369364 0.814467
vt 0.369362 0.818054
vt 0.369361 0.821636
vt 0.369360 0.825339
vt 0.369359 0.829036
vt 0.369358 0.832598
vt 0.369357 0.836156
vt 0.369356 0.839838
vt 0.369357 0.843519
vt 0.369357 0.847075
vt 0.369358 0.850635
vt 0.369358 0.854327
vt 0.369380 0.799872
vt 0.369386 0.796172
vt 0.369375 0.803451
vt 0.325514 0.810710
vt 0.325519 0.806986
vt 0.325512 0.814434
vt 0.325510 0.818028
vt 0.325509 0.821617
vt 0.325507 0.825326
vt 0.325506 0.829027
vt 0.325505 0.832593
vt 0.325505 0.836154
vt 0.325504 0.839838
vt 0.325505 0.843521
vt 0.325506 0.847079
vt 0.325507 0.850642
vt 0.325508 0.854338
vt 0.325529 0.799810
vt 0.325534 0.796105
vt 0.325524 0.803395
vt 0.279545 0.810668
vt 0.279549 0.806937
vt 0.279543 0.814400
vt 0.279541 0.818001
vt 0.279540 0.821596
vt 0.279539 0.825311
vt 0.279538 0.829017
vt 0.279537 0.832588
vt 0.279536 0.836152
vt 0.279535 0.839840
vt 0.279536 0.843527
vt 0.279537 0.847089
vt 0.279539 0.850656
vt 0.279540 0.854356
vt 0.279558 0.799746
vt 0.279563 0.796036
vt 0.279554 0.803338
vt 0.231306 0.810636
vt 0.231306 0.806898
vt 0.231306 0.814374
vt 0.231305 0.817982
vt 0.231303 0.821584
vt 0.231302 0.825306
vt 0.231300 0.829018
vt 0.231298 0.832593
vt 0.231297 0.836160
vt 0.231297 0.839848
vt 0.231297 0.843534
vt 0.231297 0.847098
vt 0.231298 0.850669
vt 0.231299 0.854377
vt 0.231305 0.799693
vt 0.231304 0.795975
vt 0.231306 0.803292
vt 0.180667 0.810660
vt 0.180665 0.806942
vt 0.180668 0.814378
vt 0.180668 0.817967
vt 0.180668 0.821554
vt 0.180666 0.825266
vt 0.180664 0.828974
vt 0.180663 0.832552
vt 0.180662 0.836128
vt 0.180661 0.839830
vt 0.180661 0.843532
vt 0.180661 0.847107
vt 0.180662 0.850684
vt 0.180663 0.854389
vt 0.180657 0.799769
vt 0.180652 0.796059
vt 0.180661 0.803354
vt 0.129688 0.810674
vt 0.129688 0.806973
vt 0.129688 0.814375
vt 0.129688 0.817950
vt 0.129687 0.821527
vt 0.129686 0.825233
vt 0.129685 0.828941
vt 0.129684 0.832523
vt 0.129683 0.836107
vt 0.129683 0.839821
vt 0.129682 0.843534
vt 0.129682 0.847119
vt 0.129681 0.850703
vt 0.129681 0.854412
vt 0.129687 0.799821
vt 0.129687 0.796115
vt 0.129688 0.803398
vt 0.080501 0.810658
vt 0.080503 0.806948
vt 0.080499 0.814368
vt 0.080498 0.817951
vt 0.080498 0.821532
vt 0.080497 0.825241
vt 0.080497 0.828948
vt 0.080497 0.832527
vt 0.080496 0.836106
vt 0.080495 0.839812
vt 0.080494 0.843519
vt 0.080493 0.847097
vt 0.080491 0.850676
vt 0.080489 0.854383
vt 0.080509 0.799786
vt 0.080513 0.796079
vt 0.080506 0.803367
vt 0.033077 0.810627
vt 0.033081 0.806908
vt 0.033075 0.814347
vt 0.033074 0.817938
vt 0.033073 0.821526
vt 0.033073 0.825239
vt 0.033073 0.828948
vt 0.033073 0.832526
vt 0.033073 0.836102
vt 0.033072 0.839803
vt 0.033072 0.843505
vt 0.033072 0.847080
vt 0.033071 0.850656
vt 0.033069 0.854363
vt 0.033090 0.799733
vt 0.033095 0.796022
vt 0.033085 0.803319
vt -0.012614 0.810588
vt -0.012609 0.806856
vt -0.012616 0.814321
vt -0.012618 0.817923
vt -0.012618 0.821521
vt -0.012618 0.825240
vt -0.012617 0.828952
vt -0.012616 0.832531
vt -0.012616 0.836104
vt -0.012616 0.839802
vt -0.012615 0.843500
vt -0.012615 0.847071
vt -0.012615 0.850647
vt -0.012615 0.854354
vt -0.012597 0.799662
vt -0.012590 0.795947
vt -0.012604 0.803256
vt -0.056636 0.810540
vt -0.056630 0.806791
vt -0.056639 0.814290
vt -0.056640 0.817908
vt -0.056640 0.821518
vt -0.056639 0.825247
vt -0.056638 0.828965
vt -0.056637 0.832544
vt -0.056635 0.836117
vt -0.056635 0.839811
vt -0.056633 0.843505
vt -0.056631 0.847074
vt -0.056630 0.850649
vt -0.056629 0.854360
vt -0.056614 0.799572
vt -0.056604 0.795850
vt -0.056623 0.803177
vt -0.099118 0.810482
vt -0.099110 0.806712
vt -0.099121 0.814254
vt -0.099122 0.817892
vt -0.099122 0.821519
vt -0.099120 0.825260
vt -0.099117 0.828985
vt -0.099115 0.832568
vt -0.099114 0.836140
vt -0.099112 0.839832
vt -0.099109 0.843523
vt -0.099106 0.847091
vt -0.099103 0.850666
vt -0.099101 0.854381
vt -0.099089 0.799461
vt -0.099077 0.795729
vt -0.099100 0.803080
vt -0.140284 0.810414
vt -0.140274 0.806618
vt -0.140288 0.814213
vt -0.140289 0.817874
vt -0.140288 0.821522
vt -0.140286 0.825278
vt -0.140283 0.829013
vt -0.140280 0.832600
vt -0.140278 0.836173
vt -0.140276 0.839864
vt -0.140270 0.843555
vt -0.140266 0.847122
vt -0.140262 0.850700
vt -0.140258 0.854422
vt -0.140249 0.799328
vt -0.140234 0.795584
vt -0.140263 0.802964
vt -0.180498 0.810337
vt -0.180486 0.806512
vt -0.180502 0.814165
vt -0.180504 0.817852
vt -0.180503 0.821522
vt -0.180500 0.825296
vt -0.180497 0.829043
vt -0.180494 0.832637
vt -0.180491 0.836214
vt -0.180489 0.839908
vt -0.180482 0.843600
vt -0.180476 0.847170
vt -0.180470 0.850754
vt -0.180464 0.854486
vt -0.180458 0.799177
vt -0.180441 0.795419
vt -0.180473 0.802834
vt -0.220292 0.810252
vt -0.220280 0.806399
vt -0.220297 0.814108
vt -0.220299 0.817822
vt -0.220298 0.821514
vt -0.220296 0.825308
vt -0.220293 0.829069
vt -0.220291 0.832674
vt -0.220288 0.836259
vt -0.220286 0.839960
vt -0.220278 0.843658
vt -0.220271 0.847236
vt -0.220263 0.850829
vt -0.220256 0.854573
vt -0.220250 0.799018
vt -0.220233 0.795242
vt -0.220266 0.802696
vt -0.260391 0.810169
vt -0.260380 0.806293
vt -0.260394 0.814050
vt -0.260396 0.817785
vt -0.260396 0.821498
vt -0.260395 0.825309
vt -0.260393 0.829087
vt -0.260392 0.832705
vt -0.260391 0.836303
vt -0.260390 0.840016
vt -0.260382 0.843727
vt -0.260373 0.847317
vt -0.260365 0.850923
vt -0.260357 0.854683
vt -0.260356 0.798869
vt -0.260342 0.795074
vt -0.260369 0.802567
vt -0.301661 0.810127
vt -0.301668 0.806238
vt -0.301660 0.814016
vt -0.301663 0.817764
vt -0.301668 0.821491
vt -0.301676 0.825319
vt -0.301683 0.829113
vt -0.301690 0.832745
vt -0.301694 0.836354
vt -0.301695 0.840075
vt -0.301692 0.843791
vt -0.301687 0.847393
vt -0.301678 0.851015
vt -0.301666 0.854798
vt -0.301691 0.798783
vt -0.301705 0.794968
vt -0.301679 0.802498
vt -0.344355 0.810225
vt -0.344438 0.806454
vt -0.344375 0.813997
vt -0.344490 0.817640
vt -0.344684 0.821284
vt -0.344937 0.825061
vt -0.345203 0.828845
vt -0.345433 0.832509
vt -0.345603 0.836184
vt -0.345690 0.839999
vt -0.345668 0.843818
vt -0.345552 0.847498
vt -0.345361 0.851169
vt -0.345117 0.854957
vt -0.344842 0.799168
vt -0.345117 0.795390
vt -0.344608 0.802812
vt 0.035204 0.856762
vt 0.065475 0.856656
vt 0.065484 0.861637
vt 0.035210 0.861723
vt 0.035175 0.851801
vt 0.065461 0.851674
vt 0.035126 0.847011
vt 0.065445 0.846867
vt 0.035061 0.842220
vt 0.065429 0.842069
vt 0.034986 0.837258
vt 0.065413 0.837113
vt 0.034912 0.832294
vt 0.065399 0.832170
vt 0.034853 0.827500
vt 0.065388 0.827409
vt 0.034812 0.822703
vt 0.065382 0.822657
vt 0.034797 0.817734
vt 0.065381 0.817742
vt 0.034815 0.812764
vt 0.065381 0.812827
vt 0.034858 0.807968
vt 0.065387 0.808076
vt 0.034921 0.803173
vt 0.065397 0.803318
vt 0.034999 0.798210
vt 0.065411 0.798380
vt 0.035078 0.793248
vt 0.065427 0.793429
vt 0.035149 0.788454
vt 0.065443 0.788636
vt 0.065492 0.866439
vt 0.035194 0.866513
vt 0.094188 0.856620
vt 0.094190 0.861607
vt 0.094182 0.851631
vt 0.094176 0.846821
vt 0.094168 0.842021
vt 0.094161 0.837066
vt 0.094154 0.832128
vt 0.094148 0.827375
vt 0.094144 0.822633
vt 0.094141 0.817729
vt 0.094137 0.812825
vt 0.094135 0.808084
vt 0.094134 0.803333
vt 0.094133 0.798398
vt 0.094134 0.793446
vt 0.094133 0.788649
vt 0.094191 0.866417
vt 0.121389 0.856613
vt 0.121386 0.861609
vt 0.121386 0.851616
vt 0.121383 0.846798
vt 0.121377 0.841992
vt 0.121372 0.837034
vt 0.121366 0.832096
vt 0.121361 0.827344
vt 0.121356 0.822605
vt 0.121352 0.817704
vt 0.121346 0.812804
vt 0.121341 0.808066
vt 0.121336 0.803315
vt 0.121331 0.798378
vt 0.121327 0.793422
vt 0.121320 0.788616
vt 0.121383 0.866428
vt 0.147178 0.856619
vt 0.147174 0.861626
vt 0.147178 0.851611
vt 0.147175 0.846783
vt 0.147171 0.841971
vt 0.147165 0.837007
vt 0.147160 0.832065
vt 0.147154 0.827313
vt 0.147149 0.822574
vt 0.147145 0.817675
vt 0.147137 0.812776
vt 0.147131 0.808038
vt 0.147125 0.803285
vt 0.147118 0.798345
vt 0.147111 0.793382
vt 0.147103 0.788568
vt 0.147168 0.866455
vt 0.171659 0.856630
vt 0.171653 0.861650
vt 0.171659 0.851611
vt 0.171656 0.846773
vt 0.171652 0.841952
vt 0.171647 0.836982
vt 0.171641 0.832036
vt 0.171636 0.827281
vt 0.171630 0.822542
vt 0.171626 0.817644
vt 0.171618 0.812745
vt 0.171610 0.808006
vt 0.171603 0.803252
vt 0.171596 0.798306
vt 0.171588 0.793337
vt 0.171578 0.788514
vt 0.171646 0.866490
vt 0.194929 0.856645
vt 0.194923 0.861677
vt 0.194928 0.851613
vt 0.194926 0.846764
vt 0.194921 0.841934
vt 0.194916 0.836957
vt 0.194910 0.832007
vt 0.194904 0.827251
vt 0.194899 0.822511
vt 0.194894 0.817613
vt 0.194886 0.812714
vt 0.194879 0.807974
vt 0.194872 0.803217
vt 0.194865 0.798267
vt 0.194856 0.793289
vt 0.194846 0.788456
vt 0.194916 0.866528
vt 0.217085 0.856655
vt 0.217081 0.861700
vt 0.217082 0.851611
vt 0.217078 0.846753
vt 0.217072 0.841915
vt 0.217065 0.836932
vt 0.217058 0.831979
vt 0.217052 0.827221
vt 0.217048 0.822482
vt 0.217044 0.817585
vt 0.217037 0.812687
vt 0.217032 0.807947
vt 0.217026 0.803187
vt 0.217021 0.798231
vt 0.217015 0.793245
vt 0.217006 0.788401
vt 0.217075 0.866563
vt 0.238219 0.856652
vt 0.238222 0.861707
vt 0.238211 0.851597
vt 0.238201 0.846731
vt 0.238190 0.841888
vt 0.238180 0.836903
vt 0.238171 0.831950
vt 0.238165 0.827195
vt 0.238161 0.822460
vt 0.238160 0.817567
vt 0.238157 0.812673
vt 0.238157 0.807935
vt 0.238158 0.803174
vt 0.238160 0.798213
vt 0.238162 0.793218
vt 0.238161 0.788361
vt 0.238224 0.866581
vt 0.258412 0.856606
vt 0.258432 0.861664
vt 0.258391 0.851554
vt 0.258370 0.846687
vt 0.258350 0.841844
vt 0.258333 0.836861
vt 0.258319 0.831913
vt 0.258311 0.827167
vt 0.258308 0.822445
vt 0.258310 0.817570
vt 0.258316 0.812692
vt 0.258328 0.807963
vt 0.258344 0.803207
vt 0.258365 0.798243
vt 0.258389 0.793239
vt 0.258413 0.788369
vt 0.258453 0.866549
vt 0.277733 0.856480
vt 0.277776 0.861537
vt 0.277692 0.851430
vt 0.277652 0.846572
vt 0.277614 0.841744
vt 0.277577 0.836782
vt 0.277548 0.831862
vt 0.277528 0.827145
vt 0.277520 0.822452
vt 0.277525 0.817604
vt 0.277546 0.812754
vt 0.277580 0.808056
vt 0.277625 0.803328
vt 0.277683 0.798391
vt 0.277749 0.793407
vt 0.277819 0.788548
vt 0.277819 0.866413
vt 0.296286 0.856289
vt 0.296334 0.861352
vt 0.296225 0.851228
vt 0.296149 0.846369
vt 0.296062 0.841553
vt 0.295969 0.836621
vt 0.295884 0.831745
vt 0.295820 0.827082
vt 0.295781 0.822451
vt 0.295775 0.817668
vt 0.295817 0.812884
vt 0.295891 0.808252
vt 0.295994 0.803587
vt 0.296124 0.798707
vt 0.296269 0.793767
vt 0.296415 0.788927
vt 0.296367 0.866215
vt 0.313833 0.856098
vt 0.313841 0.861273
vt 0.313777 0.850911
vt 0.313706 0.845947
vt 0.313623 0.841071
vt 0.313535 0.836140
vt 0.313461 0.831332
vt 0.313410 0.826792
vt 0.313387 0.822324
vt 0.313396 0.817738
vt 0.313416 0.813154
vt 0.313468 0.808693
vt 0.313550 0.804165
vt 0.313660 0.799377
vt 0.313788 0.794475
vt 0.313914 0.789626
vt 0.313837 0.866199
vt 0.331682 0.856066
vt 0.331676 0.861268
vt 0.331699 0.850857
vt 0.331726 0.845866
vt 0.331758 0.840969
vt 0.331794 0.836029
vt 0.331827 0.831230
vt 0.331852 0.826717
vt 0.331869 0.822294
vt 0.331877 0.817774
vt 0.331876 0.813258
vt 0.331866 0.808844
vt 0.331848 0.804346
vt 0.331823 0.799570
vt 0.331796 0.794661
vt 0.331771 0.789804
vt 0.331676 0.866251
vt 0.351982 0.856188
vt 0.351958 0.861299
vt 0.352039 0.851072
vt 0.352113 0.846168
vt 0.352198 0.841326
vt 0.352288 0.836399
vt 0.352367 0.831562
vt 0.352425 0.826968
vt 0.352458 0.822430
vt 0.352460 0.817762
vt 0.352441 0.813095
vt 0.352393 0.808564
vt 0.352318 0.803981
vt 0.352219 0.799161
vt 0.352108 0.794255
vt 0.352002 0.789427
vt 0.351951 0.866194
vt 0.374568 0.856411
vt 0.374524 0.861450
vt 0.374629 0.851371
vt 0.374697 0.846522
vt 0.374770 0.841705
vt 0.374844 0.836760
vt 0.374907 0.831861
vt 0.374951 0.827171
vt 0.374972 0.822509
vt 0.374968 0.817698
vt 0.374939 0.812888
vt 0.374884 0.808231
vt 0.374807 0.803547
vt 0.374708 0.798658
vt 0.374597 0.793725
vt 0.374487 0.788913
vt 0.374490 0.866296
vt 0.398749 0.856677
vt 0.398694 0.861678
vt 0.398811 0.851674
vt 0.398874 0.846848
vt 0.398937 0.842030
vt 0.398997 0.837053
vt 0.399047 0.832090
vt 0.399079 0.827308
vt 0.399091 0.822536
vt 0.399080 0.817598
vt 0.399044 0.812662
vt 0.398987 0.807893
vt 0.398909 0.803117
vt 0.398813 0.798162
vt 0.398705 0.793195
vt 0.398597 0.788385
vt 0.398645 0.866499
vt 0.423861 0.856989
vt 0.423791 0.861973
vt 0.423931 0.852001
vt 0.424000 0.847177
vt 0.424067 0.842343
vt 0.424130 0.837323
vt 0.424179 0.832289
vt 0.424210 0.827414
vt 0.424219 0.822529
vt 0.424203 0.817466
vt 0.424158 0.812404
vt 0.424090 0.807525
vt 0.424001 0.802657
vt 0.423892 0.797633
vt 0.423771 0.792627
vt 0.423649 0.787808
vt 0.423726 0.866783
vt 0.449239 0.857392
vt 0.449143 0.862370
vt 0.449331 0.852408
vt 0.449421 0.847577
vt 0.449508 0.842714
vt 0.449590 0.837637
vt 0.449657 0.832515
vt 0.449698 0.827527
vt 0.449712 0.822509
vt 0.449691 0.817295
vt 0.449630 0.812083
vt 0.449539 0.807071
vt 0.449421 0.802094
vt 0.449276 0.796988
vt 0.449118 0.791931
vt 0.448958 0.787093
vt 0.449052 0.867177
vt 0.474270 0.857945
vt 0.474137 0.862919
vt 0.474396 0.852963
vt 0.474521 0.848120
vt 0.474646 0.843221
vt 0.474768 0.838072
vt 0.474871 0.832834
vt 0.474939 0.827696
vt 0.474966 0.822496
vt 0.474944 0.817075
vt 0.474860 0.811657
vt 0.474731 0.806465
vt 0.474561 0.801340
vt 0.474355 0.796121
vt 0.474131 0.790996
vt 0.473907 0.786131
vt 0.474013 0.867727
vt 0.498466 0.858670
vt 0.498301 0.863635
vt 0.498624 0.853699
vt 0.498786 0.848855
vt 0.498956 0.843924
vt 0.499131 0.838693
vt 0.499288 0.833312
vt 0.499401 0.827976
vt 0.499457 0.822526
vt 0.499444 0.816814
vt 0.499332 0.811104
vt 0.499155 0.805658
vt 0.498920 0.800327
vt 0.498637 0.794956
vt 0.498332 0.789737
vt 0.498032 0.784832
vt 0.498149 0.868448
vt 0.521589 0.859475
vt 0.521430 0.864422
vt 0.521736 0.854537
vt 0.521896 0.849716
vt 0.522077 0.844778
vt 0.522278 0.839482
vt 0.522473 0.833956
vt 0.522626 0.828394
vt 0.522720 0.822641
vt 0.522732 0.816560
vt 0.522610 0.810474
vt 0.522409 0.804706
vt 0.522144 0.799120
vt 0.521826 0.793563
vt 0.521492 0.788230
vt 0.521169 0.783265
vt 0.521289 0.869246
vt 0.543832 0.860075
vt 0.543760 0.865003
vt 0.543875 0.855181
vt 0.543933 0.850404
vt 0.544013 0.845491
vt 0.544118 0.840174
vt 0.544234 0.834555
vt 0.544336 0.828819
vt 0.544412 0.822811
vt 0.544457 0.816407
vt 0.544382 0.809988
vt 0.544274 0.803934
vt 0.544135 0.798124
vt 0.543970 0.792402
vt 0.543803 0.786957
vt 0.543644 0.781913
vt 0.543706 0.869855
vt 0.565999 0.859995
vt 0.566121 0.864928
vt 0.565857 0.855134
vt 0.565694 0.850370
vt 0.565505 0.845461
vt 0.565291 0.840141
vt 0.565075 0.834519
vt 0.564892 0.828787
vt 0.564767 0.822794
vt 0.564734 0.816439
vt 0.564858 0.810072
vt 0.565075 0.804030
vt 0.565358 0.798213
vt 0.565688 0.792468
vt 0.566029 0.786987
vt 0.566351 0.781913
vt 0.566221 0.869866
vt 0.588468 0.858868
vt 0.588702 0.863998
vt 0.588193 0.853741
vt 0.587877 0.848765
vt 0.587522 0.843730
vt 0.587141 0.838429
vt 0.586787 0.833027
vt 0.586517 0.827719
vt 0.586362 0.822339
vt 0.586352 0.816721
vt 0.586513 0.811106
vt 0.586818 0.805730
vt 0.587248 0.800429
vt 0.587784 0.795040
vt 0.588370 0.789757
vt 0.588952 0.784735
vt 0.588894 0.868949
vt 0.612275 0.857703
vt 0.612454 0.863005
vt 0.612079 0.852385
vt 0.611882 0.847254
vt 0.611689 0.842160
vt 0.611509 0.836946
vt 0.611366 0.831802
vt 0.611275 0.826898
vt 0.611241 0.822044
vt 0.611271 0.817057
vt 0.611340 0.812080
vt 0.611471 0.807252
vt 0.611661 0.802391
vt 0.611909 0.797313
vt 0.612198 0.792191
vt 0.612500 0.787217
vt 0.612618 0.868065
vt 0.639038 0.857135
vt 0.639127 0.862356
vt 0.638972 0.851902
vt 0.638923 0.846866
vt 0.638888 0.841874
vt 0.638865 0.836764
vt 0.638853 0.831720
vt 0.638848 0.826905
vt 0.638849 0.822133
vt 0.638853 0.817216
vt 0.638875 0.812303
vt 0.638900 0.807544
vt 0.638927 0.802753
vt 0.638959 0.797743
vt 0.638995 0.792678
vt 0.639036 0.787727
vt 0.639222 0.867361
vt 0.669406 0.856895
vt 0.669444 0.862055
vt 0.669384 0.851732
vt 0.669370 0.846763
vt 0.669363 0.841826
vt 0.669362 0.836757
vt 0.669363 0.831735
vt 0.669363 0.826926
vt 0.669360 0.822146
vt 0.669352 0.817213
vt 0.669348 0.812282
vt 0.669338 0.807507
vt 0.669325 0.802706
vt 0.669307 0.797695
vt 0.669289 0.792640
vt 0.669275 0.787710
vt 0.669485 0.867019
vt 0.703163 0.856766
vt 0.703185 0.861888
vt 0.703150 0.851644
vt 0.703141 0.846710
vt 0.703136 0.841798
vt 0.703132 0.836743
vt 0.703128 0.831721
vt 0.703123 0.826899
vt 0.703114 0.822098
vt 0.703101 0.817137
vt 0.703088 0.812177
vt 0.703072 0.807377
vt 0.703051 0.802557
vt 0.703028 0.797538
vt 0.703003 0.792486
vt 0.702981 0.787572
vt 0.703210 0.866825
vt 0.740111 0.856650
vt 0.740130 0.861748
vt 0.740098 0.851552
vt 0.740087 0.846639
vt 0.740079 0.841741
vt 0.740070 0.836691
vt 0.740062 0.831665
vt 0.740052 0.826831
vt 0.740040 0.822013
vt 0.740025 0.817030
vt 0.740010 0.812048
vt 0.739993 0.807230
vt 0.739974 0.802397
vt 0.739952 0.797371
vt 0.739930 0.792322
vt 0.739909 0.787421
vt 0.740150 0.866666
vt 0.780001 0.856523
vt 0.780020 0.861605
vt 0.779986 0.851441
vt 0.779974 0.846540
vt 0.779962 0.841652
vt 0.779951 0.836605
vt 0.779939 0.831576
vt 0.779926 0.826735
vt 0.779913 0.821905
vt 0.779897 0.816908
vt 0.779882 0.811912
vt 0.779866 0.807082
vt 0.779848 0.802241
vt 0.779829 0.797212
vt 0.779809 0.792166
vt 0.779791 0.787274
vt 0.780039 0.866508
vt 0.822550 0.856381
vt 0.822569 0.861452
vt 0.822535 0.851311
vt 0.822521 0.846420
vt 0.822508 0.841538
vt 0.822494 0.836494
vt 0.822480 0.831464
vt 0.822466 0.826619
vt 0.822452 0.821781
vt 0.822436 0.816776
vt 0.822421 0.811772
vt 0.822405 0.806934
vt 0.822389 0.802089
vt 0.822371 0.797059
vt 0.822353 0.792015
vt 0.822336 0.787130
vt 0.822587 0.866345
vt 0.867457 0.856229
vt 0.867476 0.861291
vt 0.867441 0.851167
vt 0.867426 0.846283
vt 0.867412 0.841406
vt 0.867397 0.836366
vt 0.867383 0.831336
vt 0.867368 0.826488
vt 0.867353 0.821646
vt 0.867337 0.816636
vt 0.867322 0.811626
vt 0.867307 0.806785
vt 0.867291 0.801937
vt 0.867274 0.796907
vt 0.867257 0.791866
vt 0.867241 0.786987
vt 0.867494 0.866177
vt 0.914407 0.856069
vt 0.914426 0.861124
vt 0.914391 0.851014
vt 0.914376 0.846135
vt 0.914361 0.841263
vt 0.914346 0.836224
vt 0.914331 0.831195
vt 0.914316 0.826346
vt 0.914301 0.821502
vt 0.914284 0.816489
vt 0.914269 0.811476
vt 0.914254 0.806632
vt 0.914238 0.801783
vt 0.914222 0.796754
vt 0.914205 0.791716
vt 0.914190 0.786841
vt 0.914443 0.866004
vt 0.963080 0.855905
vt 0.963097 0.860955
vt 0.963065 0.850854
vt 0.963050 0.845980
vt 0.963035 0.841111
vt 0.963020 0.836074
vt 0.963005 0.831045
vt 0.962989 0.826195
vt 0.962973 0.821350
vt 0.962957 0.816335
vt 0.962941 0.811320
vt 0.962925 0.806475
vt 0.962909 0.801625
vt 0.962892 0.796596
vt 0.962875 0.791561
vt 0.962859 0.786690
vt 0.963114 0.865831
vt 1.013156 0.855752
vt 1.013166 0.860800
vt 1.013146 0.850702
vt 1.013136 0.845827
vt 1.013124 0.840956
vt 1.013110 0.835918
vt 1.013094 0.830886
vt 1.013078 0.826035
vt 1.013061 0.821187
vt 1.013041 0.816169
vt 1.013021 0.811150
vt 1.013001 0.806303
vt 1.012980 0.801451
vt 1.012959 0.796422
vt 1.012938 0.791387
vt 1.012918 0.786521
vt 1.013176 0.865672
vt 1.064407 0.855709
vt 1.064401 0.860769
vt 1.064409 0.850638
vt 1.064407 0.845736
vt 1.064397 0.840831
vt 1.064380 0.835754
vt 1.064357 0.830688
vt 1.064328 0.825804
vt 1.064296 0.820931
vt 1.064260 0.815897
vt 1.064225 0.810872
vt 1.064194 0.806026
vt 1.064165 0.801181
vt 1.064139 0.796161
vt 1.064115 0.791137
vt 1.064093 0.786276
vt 1.064394 0.865645
vt 1.089551 0.855749
vt 1.089555 0.860827
vt 1.089545 0.850652
vt 1.089536 0.845718
vt 1.089523 0.840778
vt 1.089507 0.835666
vt 1.089483 0.830564
vt 1.089458 0.825653
vt 1.089432 0.820757
vt 1.089405 0.815710
vt 1.089378 0.810684
vt 1.089354 0.805848
vt 1.089331 0.801020
vt 1.089310 0.796022
vt 1.089289 0.791010
vt 1.089272 0.786153
vt 1.089557 0.865710
vt 1.113289 0.855667
vt 1.113314 0.860746
vt 1.113263 0.850566
vt 1.113237 0.845626
vt 1.113211 0.840680
vt 1.113184 0.835561
vt 1.113158 0.830456
vt 1.113135 0.825545
vt 1.113116 0.820657
vt 1.113098 0.815621
vt 1.113082 0.810607
vt 1.113069 0.805780
vt 1.113057 0.800960
vt 1.113048 0.795965
vt 1.113039 0.790956
vt 1.113034 0.786100
vt 1.113337 0.865628
vt 1.135587 0.855529
vt 1.135624 0.860608
vt 1.135550 0.850430
vt 1.135514 0.845492
vt 1.135479 0.840552
vt 1.135446 0.835442
vt 1.135416 0.830348
vt 1.135392 0.825452
vt 1.135374 0.820580
vt 1.135360 0.815561
vt 1.135349 0.810563
vt 1.135343 0.805750
vt 1.135340 0.800941
vt 1.135339 0.795954
vt 1.135340 0.790950
vt 1.135343 0.786097
vt 1.135659 0.865489
vt 1.156476 0.855359
vt 1.156524 0.860437
vt 1.156429 0.850263
vt 1.156384 0.845332
vt 1.156341 0.840403
vt 1.156302 0.835310
vt 1.156268 0.830237
vt 1.156243 0.825364
vt 1.156226 0.820517
vt 1.156215 0.815522
vt 1.156209 0.810546
vt 1.156210 0.805751
vt 1.156214 0.800955
vt 1.156222 0.795977
vt 1.156231 0.790978
vt 1.156242 0.786125
vt 1.156568 0.865319
vt 1.175991 0.855161
vt 1.176050 0.860239
vt 1.175932 0.850069
vt 1.175877 0.845148
vt 1.175825 0.840235
vt 1.175779 0.835166
vt 1.175741 0.830123
vt 1.175715 0.825281
vt 1.175699 0.820466
vt 1.175692 0.815503
vt 1.175693 0.810556
vt 1.175702 0.805782
vt 1.175715 0.801001
vt 1.175732 0.796032
vt 1.175752 0.791037
vt 1.175771 0.786182
vt 1.176104 0.865123
vt 1.194164 0.854933
vt 1.194236 0.860013
vt 1.194091 0.849845
vt 1.194024 0.844938
vt 1.193962 0.840047
vt 1.193907 0.835010
vt 1.193865 0.830006
vt 1.193838 0.825206
vt 1.193825 0.820433
vt 1.193823 0.815510
vt 1.193833 0.810596
vt 1.193852 0.805848
vt 1.193877 0.801084
vt 1.193907 0.796122
vt 1.193938 0.791126
vt 1.193967 0.786265
vt 1.194303 0.864903
vt 1.211027 0.854672
vt 1.211115 0.859757
vt 1.210938 0.849589
vt 1.210856 0.844699
vt 1.210781 0.839837
vt 1.210717 0.834841
vt 1.210671 0.829887
vt 1.210645 0.825139
vt 1.210635 0.820419
vt 1.210641 0.815546
vt 1.210662 0.810673
vt 1.210694 0.805954
vt 1.210733 0.801206
vt 1.210778 0.796250
vt 1.210823 0.791249
vt 1.210863 0.786375
vt 1.211196 0.864658
vt 1.226610 0.854381
vt 1.226715 0.859474
vt 1.226505 0.849303
vt 1.226407 0.844432
vt 1.226320 0.839606
vt 1.226247 0.834663
vt 1.226197 0.829772
vt 1.226175 0.825083
vt 1.226169 0.820427
vt 1.226184 0.815615
vt 1.226218 0.810790
vt 1.226264 0.806102
vt 1.226320 0.801370
vt 1.226381 0.796415
vt 1.226440 0.791402
vt 1.226491 0.786506
vt 1.226808 0.864390
vt 1.240949 0.854071
vt 1.241064 0.859177
vt 1.240832 0.848995
vt 1.240724 0.844145
vt 1.240629 0.839361
vt 1.240552 0.834477
vt 1.240503 0.829658
vt 1.240478 0.825049
vt 1.240479 0.820465
vt 1.240503 0.815717
vt 1.240549 0.810943
vt 1.240608 0.806285
vt 1.240675 0.801565
vt 1.240747 0.796603
vt 1.240814 0.791571
vt 1.240864 0.786658
vt 1.241164 0.864114
vt 1.254083 0.853777
vt 1.254190 0.858902
vt 1.253972 0.848699
vt 1.253869 0.843870
vt 1.253780 0.839127
vt 1.253711 0.834306
vt 1.253670 0.829562
vt 1.253649 0.825031
vt 1.253652 0.820520
vt 1.253679 0.815837
vt 1.253726 0.811109
vt 1.253786 0.806474
vt 1.253851 0.801756
vt 1.253916 0.796776
vt 1.253970 0.791713
vt 1.254000 0.786769
vt 1.254280 0.863863
vt 1.266060 0.853564
vt 1.266122 0.858709
vt 1.265996 0.848480
vt 1.265938 0.843663
vt 1.265890 0.838952
vt 1.265855 0.834181
vt 1.265838 0.829498
vt 1.265824 0.825029
vt 1.265824 0.820575
vt 1.265835 0.815939
vt 1.265858 0.811240
vt 1.265884 0.806613
vt 1.265911 0.801881
vt 1.265932 0.796870
vt 1.265942 0.791767
vt 1.265924 0.786788
vt 1.266170 0.863691
vt 1.276973 0.853545
vt 1.276936 0.858691
vt 1.277019 0.848459
vt 1.277065 0.843642
vt 1.277109 0.838932
vt 1.277145 0.834164
vt 1.277167 0.829487
vt 1.277164 0.825035
vt 1.277156 0.820590
vt 1.277128 0.815949
vt 1.277082 0.811234
vt 1.277023 0.806585
vt 1.276954 0.801829
vt 1.276876 0.796793
vt 1.276800 0.791670
vt 1.276727 0.786683
vt 1.276910 0.863664
vt 1.289295 0.853749
vt 1.289201 0.858855
vt 1.289401 0.848693
vt 1.289504 0.843883
vt 1.289597 0.839151
vt 1.289671 0.834330
vt 1.289715 0.829573
vt 1.289723 0.825018
vt 1.289704 0.820472
vt 1.289649 0.815746
vt 1.289562 0.810970
vt 1.289455 0.806290
vt 1.289336 0.801532
vt 1.289210 0.796521
vt 1.289094 0.791438
vt 1.289000 0.786478
vt 1.289127 0.863813
vt 1.304974 0.854036
vt 1.304897 0.859113
vt 1.305055 0.848994
vt 1.305132 0.844169
vt 1.305199 0.839394
vt 1.305252 0.834500
vt 1.305282 0.829649
vt 1.305287 0.824992
vt 1.305269 0.820345
vt 1.305225 0.815524
vt 1.305159 0.810675
vt 1.305079 0.805952
vt 1.304991 0.801180
vt 1.304897 0.796184
vt 1.304808 0.791137
vt 1.304733 0.786222
vt 1.304833 0.864035
vt 1.323379 0.854253
vt 1.323333 0.859315
vt 1.323425 0.849209
vt 1.323467 0.844366
vt 1.323503 0.839554
vt 1.323530 0.834605
vt 1.323543 0.829687
vt 1.323544 0.824963
vt 1.323530 0.820245
vt 1.323501 0.815358
vt 1.323460 0.810458
vt 1.323411 0.805702
vt 1.323357 0.800916
vt 1.323299 0.795924
vt 1.323243 0.790897
vt 1.323196 0.786015
vt 1.323294 0.864213
vt 1.343929 0.854378
vt 1.343905 0.859435
vt 1.343952 0.849329
vt 1.343972 0.844470
vt 1.343987 0.839632
vt 1.343997 0.834648
vt 1.344000 0.829694
vt 1.343994 0.824923
vt 1.343982 0.820164
vt 1.343962 0.815240
vt 1.343935 0.810309
vt 1.343905 0.805534
vt 1.343872 0.800738
vt 1.343837 0.795746
vt 1.343802 0.790734
vt 1.343771 0.785865
vt 1.343885 0.864321
vt 1.366061 0.854439
vt 1.366049 0.859498
vt 1.366071 0.849382
vt 1.366079 0.844510
vt 1.366083 0.839654
vt 1.366083 0.834653
vt 1.366078 0.829668
vt 1.366068 0.824873
vt 1.366056 0.820091
vt 1.366039 0.815146
vt 1.366019 0.810200
vt 1.365998 0.805415
vt 1.365976 0.800614
vt 1.365951 0.795627
vt 1.365927 0.790612
vt 1.365905 0.785748
vt 1.366038 0.864380
vt 1.389217 0.854467
vt 1.389210 0.859533
vt 1.389222 0.849400
vt 1.389224 0.844514
vt 1.389222 0.839647
vt 1.389215 0.834622
vt 1.389204 0.829620
vt 1.389192 0.824810
vt 1.389178 0.820017
vt 1.389162 0.815062
vt 1.389145 0.810109
vt 1.389127 0.805320
vt 1.389109 0.800522
vt 1.389090 0.795530
vt 1.389072 0.790516
vt 1.389054 0.785651
vt 1.389202 0.864417
vt 1.412849 0.854485
vt 1.412842 0.859562
vt 1.412852 0.849403
vt 1.412852 0.844500
vt 1.412844 0.839612
vt 1.412832 0.834570
vt 1.412818 0.829555
vt 1.412802 0.824735
vt 1.412785 0.819935
vt 1.412767 0.814978
vt 1.412751 0.810026
vt 1.412735 0.805239
vt 1.412719 0.800440
vt 1.412702 0.795450
vt 1.412687 0.790435
vt 1.412672 0.785567
vt 1.412833 0.864453
vt 1.436411 0.854504
vt 1.436400 0.859600
vt 1.436417 0.849398
vt 1.436415 0.844474
vt 1.436405 0.839562
vt 1.436389 0.834500
vt 1.436369 0.829470
vt 1.436348 0.824642
vt 1.436327 0.819840
vt 1.436307 0.814885
vt 1.436288 0.809939
vt 1.436271 0.805162
vt 1.436255 0.800370
vt 1.436241 0.795384
vt 1.436228 0.790369
vt 1.436214 0.785495
vt 1.436386 0.864502
vt 1.459370 0.854548
vt 1.459348 0.859672
vt 1.459383 0.849408
vt 1.459381 0.844446
vt 1.459370 0.839501
vt 1.459350 0.834412
vt 1.459326 0.829363
vt 1.459299 0.824528
vt 1.459273 0.819726
vt 1.459248 0.814780
vt 1.459226 0.809846
vt 1.459203 0.805081
vt 1.459184 0.800302
vt 1.459167 0.795324
vt 1.459153 0.790309
vt 1.459137 0.785427
vt 1.459323 0.864592
vt 1.481184 0.854634
vt 1.481148 0.859797
vt 1.481210 0.849446
vt 1.481217 0.844434
vt 1.481212 0.839444
vt 1.481199 0.834316
vt 1.481178 0.829241
vt 1.481154 0.824393
vt 1.481129 0.819590
vt 1.481103 0.814653
vt 1.481077 0.809733
vt 1.481044 0.804983
vt 1.481012 0.800216
vt 1.480979 0.795246
vt 1.480946 0.790229
vt 1.480911 0.785334
vt 1.481108 0.864741
vt 1.501255 0.854764
vt 1.501232 0.859961
vt 1.501291 0.849537
vt 1.501319 0.844486
vt 1.501359 0.839456
vt 1.501406 0.834289
vt 1.501452 0.829179
vt 1.501491 0.824303
vt 1.501515 0.819478
vt 1.501522 0.814523
vt 1.501506 0.809591
vt 1.501448 0.804828
vt 1.501367 0.800046
vt 1.501263 0.795058
vt 1.501142 0.790019
vt 1.501013 0.785101
vt 1.501218 0.864931
vt 1.518716 0.854777
vt 1.518875 0.859881
vt 1.518682 0.849679
vt 1.518797 0.844755
vt 1.519032 0.839825
vt 1.519366 0.834715
vt 1.519740 0.829598
vt 1.520084 0.824650
vt 1.520360 0.819696
vt 1.520530 0.814560
vt 1.520553 0.809427
vt 1.520447 0.804473
vt 1.520206 0.799520
vt 1.519839 0.794391
vt 1.519396 0.789268
vt 1.518947 0.784327
vt 1.519109 0.864823
vt 0.083333 0.480254
vt 0.083333 0.509198
vt 0.000000 0.509198
vt 0.000000 0.480254
vt 0.833333 0.480254
vt 0.833333 0.509198
vt 0.750000 0.509198
vt 0.750000 0.480254
vt 0.666667 0.509198
vt 0.666667 0.480254
vt 0.583333 0.509198
vt 0.583333 0.480254
vt 0.500000 0.509198
vt 0.500000 0.480254
vt 0.416667 0.509198
vt 0.416667 0.480254
vt 0.333333 0.509198
vt 0.333333 0.480254
vt 0.250000 0.509198
vt 0.250000 0.480254
vt 0.166667 0.509198
vt 0.166667 0.480254
vt 0.333333 0.509198
vt 0.250000 0.509198
vt 0.166667 0.509198
vt 0.250000 0.509198
vt 0.166667 0.509198
vt 0.916667 0.480254
vt 0.916667 0.509198
vt 1.000000 0.480254
vt 1.000000 0.509198
vt 0.919704 0.469936
vt 0.996962 0.469936
vt 0.673694 0.718768
vt 0.704306 0.710565
vt 0.696526 0.694683
vt 0.672490 0.701123
vt 0.687543 0.679123
vt 0.672490 0.683156
vt 0.836371 0.469936
vt 0.913629 0.469936
vt 0.706391 0.709361
vt 0.728801 0.686952
vt 0.714122 0.677087
vt 0.698562 0.668104
vt 0.753038 0.469936
vt 0.830296 0.469936
vt 0.730004 0.684867
vt 0.738207 0.654255
vt 0.720562 0.653051
vt 0.702595 0.653051
vt 0.669704 0.469936
vt 0.746963 0.469936
vt 0.738207 0.651848
vt 0.730004 0.621235
vt 0.714122 0.629015
vt 0.698562 0.637999
vt 0.586371 0.469936
vt 0.663629 0.469936
vt 0.728801 0.619151
vt 0.706391 0.596741
vt 0.696526 0.611420
vt 0.687543 0.626979
vt 0.503038 0.469936
vt 0.580296 0.469936
vt 0.704306 0.595537
vt 0.673694 0.587335
vt 0.672490 0.604979
vt 0.672490 0.622946
vt 0.419704 0.469936
vt 0.496963 0.469936
vt 0.671287 0.587335
vt 0.640674 0.595537
vt 0.648454 0.611420
vt 0.657438 0.626979
vt 0.336371 0.469936
vt 0.413629 0.469936
vt 0.638590 0.596741
vt 0.616180 0.619151
vt 0.630859 0.629015
vt 0.646419 0.637999
vt 0.253038 0.469936
vt 0.330296 0.469936
vt 0.614976 0.621235
vt 0.606774 0.651848
vt 0.624418 0.653051
vt 0.642385 0.653051
vt 0.169704 0.469936
vt 0.246963 0.469936
vt 0.606774 0.654255
vt 0.614976 0.684867
vt 0.630859 0.677087
vt 0.646419 0.668104
vt 0.086371 0.469936
vt 0.163629 0.469936
vt 0.616180 0.686952
vt 0.638590 0.709361
vt 0.648454 0.694683
vt 0.657438 0.679123
vt 0.003038 0.469936
vt 0.080296 0.469936
vt 0.640674 0.710565
vt 0.671287 0.718768
vt 0.416667 0.509198
vt 0.500000 0.509198
vt 0.583333 0.509198
vt 0.666667 0.509198
vt 0.750000 0.509198
vt 0.083333 0.509198
vt 0.000000 0.509198
vt 1.000000 0.509198
vt 0.916667 0.509198
vt 0.833333 0.509198
vt 0.293700 0.681739
vt 0.265502 0.689295
vt 0.237304 0.681739
vt 0.216661 0.661097
vt 0.209106 0.632898
vt 0.216661 0.604700
vt 0.237304 0.584058
vt 0.265502 0.576502
vt 0.293700 0.584058
vt 0.314343 0.604700
vt 0.321898 0.632898
vt 0.314343 0.661097
vt 1.000000 0.509198
vt 0.916667 0.509198
vt 0.083333 0.509198
vt 0.000000 0.509198
vt 0.833333 0.509198
vt 0.750000 0.509198
vt 0.666667 0.509198
vt 0.583333 0.509198
vt 0.500000 0.509198
vt 0.416667 0.509198
vt 0.333333 0.509198
vt 0.083333 0.480254
vt 0.083333 0.509198
vt 0.000000 0.509198
vt 0.000000 0.480254
vt 0.833333 0.480254
vt 0.833333 0.509198
vt 0.750000 0.509198
vt 0.750000 0.480254
vt 0.666667 0.509198
vt 0.666667 0.480254
vt 0.583333 0.509198
vt 0.583333 0.480254
vt 0.500000 0.509198
vt 0.500000 0.480254
vt 0.416667 0.509198
vt 0.416667 0.480254
vt 0.333333 0.509198
vt 0.333333 0.480254
vt 0.250000 0.509198
vt 0.250000 0.480254
vt 0.166667 0.509198
vt 0.166667 0.480254
vt 0.333333 0.509198
vt 0.250000 0.509198
vt 0.166667 0.509198
vt 0.250000 0.509198
vt 0.166667 0.509198
vt 0.916667 0.480254
vt 0.916667 0.509198
vt 1.000000 0.480254
vt 1.000000 0.509198
vt 0.919704 0.469936
vt 0.996962 0.469936
vt 0.673694 0.718768
vt 0.704306 0.710565
vt 0.696526 0.694683
vt 0.672490 0.701123
vt 0.687543 0.679123
vt 0.672490 0.683156
vt 0.836371 0.469936
vt 0.913629 0.469936
vt 0.706391 0.709361
vt 0.728801 0.686952
vt 0.714122 0.677087
vt 0.698562 0.668104
vt 0.753038 0.469936
vt 0.830296 0.469936
vt 0.730004 0.684867
vt 0.738207 0.654255
vt 0.720562 0.653051
vt 0.702595 0.653051
vt 0.669704 0.469936
vt 0.746963 0.469936
vt 0.738207 0.651848
vt 0.730004 0.621235
vt 0.714122 0.629015
vt 0.698562 0.637999
vt 0.586371 0.469936
vt 0.663629 0.469936
vt 0.728801 0.619151
vt 0.706391 0.596741
vt 0.696526 0.611420
vt 0.687543 0.626979
vt 0.503038 0.469936
vt 0.580296 0.469936
vt 0.704306 0.595537
vt 0.673694 0.587335
vt 0.672490 0.604979
vt 0.672490 0.622946
vt 0.419704 0.469936
vt 0.496963 0.469936
vt 0.671287 0.587335
vt 0.640674 0.595537
vt 0.648454 0.611420
vt 0.657438 0.626979
vt 0.336371 0.469936
vt 0.413629 0.469936
vt 0.638590 0.596741
vt 0.616180 0.619151
vt 0.630859 0.629015
vt 0.646419 0.637999
vt 0.253038 0.469936
vt 0.330296 0.469936
vt 0.614976 0.621235
vt 0.606774 0.651848
vt 0.624418 0.653051
vt 0.642385 0.653051
vt 0.169704 0.469936
vt 0.246963 0.469936
vt 0.606774 0.654255
vt 0.614976 0.684867
vt 0.630859 0.677087
vt 0.646419 0.668104
vt 0.086371 0.469936
vt 0.163629 0.469936
vt 0.616180 0.686952
vt 0.638590 0.709361
vt 0.648454 0.694683
vt 0.657438 0.679123
vt 0.003038 0.469936
vt 0.080296 0.469936
vt 0.640674 0.710565
vt 0.671287 0.718768
vt 0.416667 0.509198
vt 0.500000 0.509198
vt 0.583333 0.509198
vt 0.666667 0.509198
vt 0.750000 0.509198
vt 0.083333 0.509198
vt 0.000000 0.509198
vt 1.000000 0.509198
vt 0.916667 0.509198
vt 0.833333 0.509198
vt 0.293700 0.681739
vt 0.265502 0.689295
vt 0.237304 0.681739
vt 0.216661 0.661097
vt 0.209106 0.632898
vt 0.216661 0.604700
vt 0.237304 0.584058
vt 0.265502 0.576502
vt 0.293700 0.584058
vt 0.314343 0.604700
vt 0.321898 0.632898
vt 0.314343 0.661097
vt 1.000000 0.509198
vt 0.916667 0.509198
vt 0.083333 0.509198
vt 0.000000 0.509198
vt 0.833333 0.509198
vt 0.750000 0.509198
vt 0.666667 0.509198
vt 0.583333 0.509198
vt 0.500000 0.509198
vt 0.416667 0.509198
vt 0.333333 0.509198
vt 0.083333 0.480254
vt 0.083333 0.509198
vt 0.000000 0.509198
vt 0.000000 0.480254
vt 0.833333 0.480254
vt 0.833333 0.509198
vt 0.750000 0.509198
vt 0.750000 0.480254
vt 0.666667 0.509198
vt 0.666667 0.480254
vt 0.583333 0.509198
vt 0.583333 0.480254
vt 0.500000 0.509198
vt 0.500000 0.480254
vt 0.416667 0.509198
vt 0.416667 0.480254
vt 0.333333 0.509198
vt 0.333333 0.480254
vt 0.250000 0.509198
vt 0.250000 0.480254
vt 0.166667 0.509198
vt 0.166667 0.480254
vt 0.333333 0.509198
vt 0.250000 0.509198
vt 0.166667 0.509198
vt 0.250000 0.509198
vt 0.166667 0.509198
vt 0.916667 0.480254
vt 0.916667 0.509198
vt 1.000000 0.480254
vt 1.000000 0.509198
vt 0.919704 0.469936
vt 0.996962 0.469936
vt 0.673694 0.718768
vt 0.704306 0.710565
vt 0.696526 0.694683
vt 0.672490 0.701123
vt 0.687543 0.679123
vt 0.672490 0.683156
vt 0.836371 0.469936
vt 0.913629 0.469936
vt 0.706391 0.709361
vt 0.728801 0.686952
vt 0.714122 0.677087
vt 0.698562 0.668104
vt 0.753038 0.469936
vt 0.830296 0.469936
vt 0.730004 0.684867
vt 0.738207 0.654255
vt 0.720562 0.653051
vt 0.702595 0.653051
vt 0.669704 0.469936
vt 0.746963 0.469936
vt 0.738207 0.651848
vt 0.730004 0.621235
vt 0.714122 0.629015
vt 0.698562 0.637999
vt 0.586371 0.469936
vt 0.663629 0.469936
vt 0.728801 0.619151
vt 0.706391 0.596741
vt 0.696526 0.611420
vt 0.687543 0.626979
vt 0.503038 0.469936
vt 0.580296 0.469936
vt 0.704306 0.595537
vt 0.673694 0.587335
vt 0.672490 0.604979
vt 0.672490 0.622946
vt 0.419704 0.469936
vt 0.496963 0.469936
vt 0.671287 0.587335
vt 0.640674 0.595537
vt 0.648454 0.611420
vt 0.657438 0.626979
vt 0.336371 0.469936
vt 0.413629 0.469936
vt 0.638590 0.596741
vt 0.616180 0.619151
vt 0.630859 0.629015
vt 0.646419 0.637999
vt 0.253038 0.469936
vt 0.330296 0.469936
vt 0.614976 0.621235
vt 0.606774 0.651848
vt 0.624418 0.653051
vt 0.642385 0.653051
vt 0.169704 0.469936
vt 0.246963 0.469936
vt 0.606774 0.654255
vt 0.614976 0.684867
vt 0.630859 0.677087
vt 0.646419 0.668104
vt 0.086371 0.469936
vt 0.163629 0.469936
vt 0.616180 0.686952
vt 0.638590 0.709361
vt 0.648454 0.694683
vt 0.657438 0.679123
vt 0.003038 0.469936
vt 0.080296 0.469936
vt 0.640674 0.710565
vt 0.671287 0.718768
vt 0.416667 0.509198
vt 0.500000 0.509198
vt 0.583333 0.509198
vt 0.666667 0.509198
vt 0.750000 0.509198
vt 0.083333 0.509198
vt 0.000000 0.509198
vt 1.000000 0.509198
vt 0.916667 0.509198
vt 0.833333 0.509198
vt 0.293700 0.681739
vt 0.265502 0.689295
vt 0.237304 0.681739
vt 0.216661 0.661097
vt 0.209106 0.632898
vt 0.216661 0.604700
vt 0.237304 0.584058
vt 0.265502 0.576502
vt 0.293700 0.584058
vt 0.314343 0.604700
vt 0.321898 0.632898
vt 0.314343 0.661097
vt 1.000000 0.509198
vt 0.916667 0.509198
vt 0.083333 0.509198
vt 0.000000 0.509198
vt 0.833333 0.509198
vt 0.750000 0.509198
vt 0.666667 0.509198
vt 0.583333 0.509198
vt 0.500000 0.509198
vt 0.416667 0.509198
vt 0.333333 0.509198
vt 0.083333 0.480254
vt 0.083333 0.509198
vt 0.000000 0.509198
vt 0.000000 0.480254
vt 0.833333 0.480254
vt 0.833333 0.509198
vt 0.750000 0.509198
vt 0.750000 0.480254
vt 0.666667 0.509198
vt 0.666667 0.480254
vt 0.583333 0.509198
vt 0.583333 0.480254
vt 0.500000 0.509198
vt 0.500000 0.480254
vt 0.416667 0.509198
vt 0.416667 0.480254
vt 0.333333 0.509198
vt 0.333333 0.480254
vt 0.250000 0.509198
vt 0.250000 0.480254
vt 0.166667 0.509198
vt 0.166667 0.480254
vt 0.333333 0.509198
vt 0.250000 0.509198
vt 0.166667 0.509198
vt 0.250000 0.509198
vt 0.166667 0.509198
vt 0.916667 0.480254
vt 0.916667 0.509198
vt 1.000000 0.480254
vt 1.000000 0.509198
vt 0.919704 0.469936
vt 0.996962 0.469936
vt 0.673694 0.718768
vt 0.704306 0.710565
vt 0.696526 0.694683
vt 0.672490 0.701123
vt 0.687543 0.679123
vt 0.672490 0.683156
vt 0.836371 0.469936
vt 0.913629 0.469936
vt 0.706391 0.709361
vt 0.728801 0.686952
vt 0.714122 0.677087
vt 0.698562 0.668104
vt 0.753038 0.469936
vt 0.830296 0.469936
vt 0.730004 0.684867
vt 0.738207 0.654255
vt 0.720562 0.653051
vt 0.702595 0.653051
vt 0.669704 0.469936
vt 0.746963 0.469936
vt 0.738207 0.651848
vt 0.730004 0.621235
vt 0.714122 0.629015
vt 0.698562 0.637999
vt 0.586371 0.469936
vt 0.663629 0.469936
vt 0.728801 0.619151
vt 0.706391 0.596741
vt 0.696526 0.611420
vt 0.687543 0.626979
vt 0.503038 0.469936
vt 0.580296 0.469936
vt 0.704306 0.595537
vt 0.673694 0.587335
vt 0.672490 0.604979
vt 0.672490 0.622946
vt 0.419704 0.469936
vt 0.496963 0.469936
vt 0.671287 0.587335
vt 0.640674 0.595537
vt 0.648454 0.611420
vt 0.657438 0.626979
vt 0.336371 0.469936
vt 0.413629 0.469936
vt 0.638590 0.596741
vt 0.616180 0.619151
vt 0.630859 0.629015
vt 0.646419 0.637999
vt 0.253038 0.469936
vt 0.330296 0.469936
vt 0.614976 0.621235
vt 0.606774 0.651848
vt 0.624418 0.653051
vt 0.642385 0.653051
vt 0.169704 0.469936
vt 0.246963 0.469936
vt 0.606774 0.654255
vt 0.614976 0.684867
vt 0.630859 0.677087
vt 0.646419 0.668104
vt 0.086371 0.469936
vt 0.163629 0.469936
vt 0.616180 0.686952
vt 0.638590 0.709361
vt 0.648454 0.694683
vt 0.657438 0.679123
vt 0.003038 0.469936
vt 0.080296 0.469936
vt 0.640674 0.710565
vt 0.671287 0.718768
vt 0.416667 0.509198
vt 0.500000 0.509198
vt 0.583333 0.509198
vt 0.666667 0.509198
vt 0.750000 0.509198
vt 0.083333 0.509198
vt 0.000000 0.509198
vt 1.000000 0.509198
vt 0.916667 0.509198
vt 0.833333 0.509198
vt 0.293700 0.681739
vt 0.265502 0.689295
vt 0.237304 0.681739
vt 0.216661 0.661097
vt 0.209106 0.632898
vt 0.216661 0.604700
vt 0.237304 0.584058
vt 0.265502 0.576502
vt 0.293700 0.584058
vt 0.314343 0.604700
vt 0.321898 0.632898
vt 0.314343 0.661097
vt 1.000000 0.509198
vt 0.916667 0.509198
vt 0.083333 0.509198
vt 0.000000 0.509198
vt 0.833333 0.509198
vt 0.750000 0.509198
vt 0.666667 0.509198
vt 0.583333 0.509198
vt 0.500000 0.509198
vt 0.416667 0.509198
vt 0.333333 0.509198
vn -0.9927 -0.0018 -0.1208
vn -0.9947 -0.0022 -0.1027
vn -0.9154 -0.3885 -0.1052
vn -0.9141 -0.3884 -0.1169
vn -0.9167 0.3852 -0.1059
vn -0.9192 0.3848 -0.0842
vn -0.7030 0.7072 -0.0752
vn -0.7054 0.7068 -0.0532
vn -0.3837 0.9229 -0.0332
vn -0.3857 0.9225 -0.0142
vn 0.0004 0.9999 0.0146
vn -0.0010 0.9996 0.0276
vn 0.3840 0.9214 0.0602
vn 0.3834 0.9213 0.0651
vn 0.7026 0.7051 0.0958
vn 0.7029 0.7053 0.0921
vn 0.9161 0.3836 0.1170
vn 0.9173 0.3841 0.1053
vn 0.9927 -0.0018 0.1207
vn 0.9947 -0.0011 0.1026
vn 0.9162 -0.3866 0.1058
vn 0.9187 -0.3860 0.0841
vn 0.7036 -0.7066 0.0753
vn 0.7060 -0.7062 0.0533
vn 0.3864 -0.9217 0.0336
vn 0.3884 -0.9214 0.0146
vn 0.0044 -0.9999 -0.0141
vn 0.0056 -0.9996 -0.0271
vn -0.3787 -0.9236 -0.0596
vn -0.3784 -0.9234 -0.0646
vn -0.6986 -0.7091 -0.0953
vn -0.6991 -0.7091 -0.0918
vn -0.9977 -0.0033 -0.0672
vn -0.9175 -0.3892 -0.0818
vn -0.9227 0.3833 -0.0421
vn -0.7089 0.7052 -0.0111
vn -0.3887 0.9211 0.0216
vn -0.0032 0.9987 0.0515
vn 0.3825 0.9210 0.0734
vn 0.7034 0.7058 0.0838
vn 0.9192 0.3853 0.0817
vn 0.9977 0.0005 0.0671
vn 0.9223 -0.3841 0.0421
vn 0.7097 -0.7044 0.0112
vn 0.3914 -0.9200 -0.0213
vn 0.0076 -0.9987 -0.0512
vn -0.3778 -0.9230 -0.0732
vn -0.7000 -0.7092 -0.0838
vn -0.9994 -0.0052 -0.0329
vn -0.9188 -0.3905 -0.0580
vn -0.9246 0.3810 -0.0026
vn -0.7108 0.7029 0.0275
vn -0.3903 0.9191 0.0535
vn -0.0042 0.9974 0.0716
vn 0.3821 0.9208 0.0787
vn 0.7038 0.7066 0.0737
vn 0.9203 0.3870 0.0578
vn 0.9995 0.0029 0.0327
vn 0.9244 -0.3815 0.0026
vn 0.7117 -0.7019 -0.0274
vn 0.3931 -0.9180 -0.0533
vn 0.0085 -0.9974 -0.0715
vn -0.3777 -0.9226 -0.0787
vn -0.7006 -0.7097 -0.0738
vn -1.0000 -0.0077 0.0012
vn -0.9193 -0.3923 -0.0330
vn -0.9251 0.3782 0.0352
vn -0.7112 0.7001 0.0633
vn -0.3906 0.9169 0.0819
vn -0.0045 0.9961 0.0882
vn 0.3820 0.9206 0.0808
vn 0.7039 0.7077 0.0613
vn 0.9206 0.3892 0.0327
vn 1.0000 0.0058 -0.0014
vn 0.9250 -0.3783 -0.0352
vn 0.7124 -0.6990 -0.0632
vn 0.3936 -0.9156 -0.0818
vn 0.0088 -0.9961 -0.0882
vn -0.3777 -0.9224 -0.0810
vn -0.7009 -0.7106 -0.0616
vn -0.9993 -0.0108 0.0359
vn -0.9188 -0.3947 -0.0061
vn -0.9242 0.3749 0.0723
vn -0.7104 0.6971 0.0972
vn -0.3900 0.9145 0.1074
vn -0.0041 0.9948 0.1013
vn 0.3820 0.9207 0.0795
vn 0.7035 0.7092 0.0460
vn 0.9200 0.3919 0.0058
vn 0.9993 0.0094 -0.0361
vn 0.9244 -0.3745 -0.0723
vn 0.7119 -0.6956 -0.0971
vn 0.3932 -0.9131 -0.1074
vn 0.0086 -0.9948 -0.1015
vn -0.3777 -0.9225 -0.0798
vn -0.7007 -0.7120 -0.0464
vn -0.9973 -0.0145 0.0725
vn -0.9172 -0.3978 0.0239
vn -0.9221 0.3711 0.1098
vn -0.7084 0.6938 0.1298
vn -0.3885 0.9122 0.1304
vn -0.0034 0.9938 0.1108
vn 0.3817 0.9213 0.0741
vn 0.7024 0.7112 0.0269
vn 0.9182 0.3953 -0.0243
vn 0.9973 0.0135 -0.0726
vn 0.9224 -0.3703 -0.1098
vn 0.7102 -0.6919 -0.1298
vn 0.3922 -0.9106 -0.1304
vn 0.0083 -0.9938 -0.1112
vn -0.3773 -0.9231 -0.0746
vn -0.6996 -0.7140 -0.0274
vn -0.9935 -0.0188 0.1127
vn -0.9139 -0.4016 0.0587
vn -0.9182 0.3670 0.1491
vn -0.7050 0.6904 0.1622
vn -0.3862 0.9100 0.1510
vn -0.0026 0.9932 0.1164
vn 0.3809 0.9224 0.0638
vn 0.7001 0.7140 0.0025
vn 0.9149 0.3993 -0.0592
vn 0.9935 0.0183 -0.1128
vn 0.9188 -0.3655 -0.1490
vn 0.7074 -0.6879 -0.1622
vn 0.3905 -0.9081 -0.1513
vn 0.0080 -0.9931 -0.1170
vn -0.3762 -0.9243 -0.0645
vn -0.6973 -0.7168 -0.0032
vn -0.9870 -0.0239 0.1589
vn -0.9081 -0.4064 0.1009
vn -0.9120 0.3624 0.1921
vn -0.7000 0.6868 0.1956
vn -0.3830 0.9080 0.1697
vn -0.0020 0.9931 0.1173
vn 0.3789 0.9243 0.0467
vn 0.6958 0.7177 -0.0295
vn 0.9089 0.4044 -0.1014
vn 0.9870 0.0241 -0.1589
vn 0.9130 -0.3600 -0.1920
vn 0.7031 -0.6836 -0.1957
vn 0.3884 -0.9056 -0.1703
vn 0.0083 -0.9929 -0.1183
vn -0.3736 -0.9264 -0.0479
vn -0.6928 -0.7206 0.0286
vn -0.9762 -0.0299 0.2149
vn -0.8978 -0.4125 0.1544
vn -0.9021 0.3573 0.2418
vn -0.6924 0.6833 0.2315
vn -0.3789 0.9064 0.1864
vn -0.0022 0.9937 0.1119
vn 0.3743 0.9271 0.0202
vn 0.6875 0.7225 -0.0729
vn 0.8985 0.4107 -0.1551
vn 0.9761 0.0310 -0.2150
vn 0.9036 -0.3535 -0.2419
vn 0.6967 -0.6788 -0.2320
vn 0.3859 -0.9032 -0.1876
vn 0.0100 -0.9935 -0.1137
vn -0.3680 -0.9295 -0.0220
vn -0.6843 -0.7257 0.0716
vn -0.9571 -0.0368 0.2872
vn -0.8789 -0.4199 0.2264
vn -0.8855 0.3520 0.3032
vn -0.6806 0.6800 0.2727
vn -0.3736 0.9055 0.2011
vn -0.0045 0.9952 0.0974
vn 0.3644 0.9310 -0.0212
vn 0.6717 0.7285 -0.1344
vn 0.8793 0.4183 -0.2276
vn 0.9569 0.0393 -0.2878
vn 0.8877 -0.3459 -0.3038
vn 0.6867 -0.6733 -0.2741
vn 0.3832 -0.9009 -0.2037
vn 0.0149 -0.9948 -0.1007
vn -0.3566 -0.9341 0.0180
vn -0.6680 -0.7323 0.1321
vn -0.9203 -0.0434 0.3888
vn -0.8410 -0.4283 0.3305
vn -0.8546 0.3479 0.3856
vn -0.6598 0.6782 0.3236
vn -0.3662 0.9058 0.2130
vn -0.0124 0.9976 0.0682
vn 0.3422 0.9356 -0.0866
vn 0.6391 0.7353 -0.2255
vn 0.8416 0.4268 -0.3310
vn 0.9203 0.0483 -0.3883
vn 0.8583 -0.3378 -0.3863
vn 0.6690 -0.6676 -0.3267
vn 0.3802 -0.8987 -0.2186
vn 0.0271 -0.9968 -0.0748
vn -0.3314 -0.9400 0.0812
vn -0.6341 -0.7405 0.2226
vn -0.8727 -0.0446 0.4863
vn -0.7888 -0.4290 0.4401
vn -0.8199 0.3459 0.4562
vn -0.6439 0.6763 0.3577
vn -0.3719 0.9051 0.2060
vn -0.0388 0.9990 0.0207
vn 0.2997 0.9393 -0.1672
vn 0.5874 0.7404 -0.3267
vn 0.7882 0.4323 -0.4379
vn 0.8730 0.0532 -0.4848
vn 0.8239 -0.3346 -0.4575
vn 0.6519 -0.6664 -0.3619
vn 0.3823 -0.8994 -0.2120
vn 0.0484 -0.9985 -0.0261
vn -0.2939 -0.9416 0.1646
vn -0.5858 -0.7415 0.3272
vn -0.8549 -0.0451 0.5168
vn -0.7611 -0.4261 0.4889
vn -0.8165 0.3426 0.4647
vn -0.6560 0.6719 0.3439
vn -0.3979 0.9012 0.1720
vn -0.0745 0.9968 -0.0289
vn 0.2604 0.9388 -0.2253
vn 0.5506 0.7409 -0.3847
vn 0.7589 0.4324 -0.4869
vn 0.8548 0.0518 -0.5164
vn 0.8180 -0.3375 -0.4658
vn 0.6577 -0.6695 -0.3452
vn 0.3984 -0.9008 -0.1724
vn 0.0730 -0.9969 0.0302
vn -0.2635 -0.9373 0.2281
vn -0.5539 -0.7368 0.3877
vn -0.8657 -0.0478 0.4983
vn -0.7625 -0.4271 0.4859
vn -0.8350 0.3386 0.4338
vn -0.6794 0.6673 0.3052
vn -0.4228 0.8967 0.1313
vn -0.0970 0.9931 -0.0658
vn 0.2440 0.9362 -0.2529
vn 0.5426 0.7392 -0.3988
vn 0.7604 0.4316 -0.4853
vn 0.8652 0.0519 -0.4987
vn 0.8356 -0.3362 -0.4344
vn 0.6798 -0.6668 -0.3054
vn 0.4218 -0.8973 -0.1305
vn 0.0942 -0.9933 0.0676
vn -0.2477 -0.9347 0.2550
vn -0.5461 -0.7358 0.4005
vn -0.8801 -0.0522 0.4719
vn -0.7709 -0.4297 0.4701
vn -0.8534 0.3332 0.4008
vn -0.6990 0.6619 0.2708
vn -0.4405 0.8921 0.1004
vn -0.1100 0.9900 -0.0884
vn 0.2379 0.9348 -0.2637
vn 0.5442 0.7394 -0.3964
vn 0.7692 0.4332 -0.4698
vn 0.8798 0.0546 -0.4721
vn 0.8536 -0.3326 -0.4010
vn 0.6983 -0.6628 -0.2702
vn 0.4382 -0.8934 -0.0989
vn 0.1062 -0.9902 0.0905
vn -0.2420 -0.9332 0.2657
vn -0.5474 -0.7364 0.3976
vn -0.8969 -0.0580 0.4384
vn -0.7839 -0.4341 0.4439
vn -0.8716 0.3270 0.3652
vn -0.7158 0.6563 0.2384
vn -0.4534 0.8881 0.0761
vn -0.1167 0.9880 -0.1009
vn 0.2384 0.9350 -0.2624
vn 0.5517 0.7416 -0.3817
vn 0.7825 0.4368 -0.4438
vn 0.8968 0.0591 -0.4385
vn 0.8714 -0.3279 -0.3650
vn 0.7143 -0.6584 -0.2373
vn 0.4500 -0.8899 -0.0741
vn 0.1121 -0.9883 0.1032
vn -0.2429 -0.9334 0.2643
vn -0.5548 -0.7387 0.3827
vn -0.9149 -0.0648 0.3984
vn -0.7996 -0.4399 0.4088
vn -0.8892 0.3203 0.3266
vn -0.7304 0.6509 0.2070
vn -0.4628 0.8847 0.0564
vn -0.1193 0.9872 -0.1056
vn 0.2432 0.9368 -0.2514
vn 0.5630 0.7455 -0.3569
vn 0.7984 0.4421 -0.4088
vn 0.9149 0.0650 -0.3985
vn 0.8887 -0.3223 -0.3261
vn 0.7282 -0.6538 -0.2056
vn 0.4585 -0.8870 -0.0542
vn 0.1138 -0.9876 0.1080
vn -0.2481 -0.9351 0.2532
vn -0.5660 -0.7427 0.3577
vn -0.9330 -0.0723 0.3524
vn -0.8165 -0.4468 0.3657
vn -0.9059 0.3134 0.2849
vn -0.7432 0.6456 0.1756
vn -0.4697 0.8819 0.0402
vn -0.1190 0.9874 -0.1040
vn 0.2506 0.9398 -0.2323
vn 0.5763 0.7506 -0.3232
vn 0.8155 0.4485 -0.3657
vn 0.9331 0.0717 -0.3524
vn 0.9051 -0.3163 -0.2842
vn 0.7403 -0.6494 -0.1740
vn 0.4645 -0.8848 -0.0378
vn 0.1128 -0.9879 0.1064
vn -0.2559 -0.9380 0.2339
vn -0.5793 -0.7480 0.3239
vn -0.9504 -0.0800 0.3005
vn -0.8334 -0.4541 0.3151
vn -0.9212 0.3066 0.2397
vn -0.7541 0.6408 0.1439
vn -0.4746 0.8798 0.0266
vn -0.1170 0.9884 -0.0971
vn 0.2593 0.9436 -0.2058
vn 0.5902 0.7565 -0.2816
vn 0.8326 0.4555 -0.3151
vn 0.9505 0.0787 -0.3005
vn 0.9201 -0.3103 -0.2389
vn 0.7507 -0.6452 -0.1422
vn 0.4687 -0.8830 -0.0243
vn 0.1101 -0.9890 0.0992
vn -0.2650 -0.9417 0.2073
vn -0.5933 -0.7539 0.2822
vn -0.9661 -0.0874 0.2430
vn -0.8490 -0.4614 0.2575
vn -0.9345 0.3002 0.1912
vn -0.7632 0.6365 0.1115
vn -0.4781 0.8782 0.0151
vn -0.1141 0.9898 -0.0854
vn 0.2681 0.9478 -0.1729
vn 0.6036 0.7626 -0.2327
vn 0.8484 0.4626 -0.2575
vn 0.9663 0.0856 -0.2429
vn 0.9332 -0.3046 -0.1904
vn 0.7592 -0.6415 -0.1100
vn 0.4714 -0.8818 -0.0131
vn 0.1065 -0.9905 0.0873
vn -0.2742 -0.9458 0.1741
vn -0.6067 -0.7600 0.2331
vn -0.9791 -0.0940 0.1804
vn -0.8623 -0.4680 0.1935
vn -0.9454 0.2947 0.1396
vn -0.7703 0.6328 0.0784
vn -0.4803 0.8771 0.0056
vn -0.1111 0.9914 -0.0696
vn 0.2761 0.9517 -0.1340
vn 0.6151 0.7683 -0.1771
vn 0.8618 0.4690 -0.1935
vn 0.9793 0.0917 -0.1803
vn 0.9439 -0.2997 -0.1389
vn 0.7658 -0.6384 -0.0772
vn 0.4730 -0.8810 -0.0039
vn 0.1029 -0.9921 0.0711
vn -0.2824 -0.9497 0.1349
vn -0.6183 -0.7656 0.1774
vn -0.9886 -0.0993 0.1134
vn -0.8721 -0.4734 0.1240
vn -0.9531 0.2903 0.0853
vn -0.7752 0.6301 0.0448
vn -0.4817 0.8763 -0.0024
vn -0.1085 0.9928 -0.0501
vn 0.2822 0.9551 -0.0901
vn 0.6238 0.7729 -0.1158
vn 0.8717 0.4741 -0.1241
vn 0.9889 0.0966 -0.1133
vn 0.9515 -0.2958 -0.0847
vn 0.7703 -0.6361 -0.0439
vn 0.4738 -0.8806 0.0035
vn 0.0999 -0.9937 0.0511
vn -0.2888 -0.9531 0.0907
vn -0.6270 -0.7703 0.1160
vn -0.9938 -0.1028 0.0429
vn -0.8775 -0.4769 0.0503
vn -0.9574 0.2874 0.0289
vn -0.7779 0.6283 0.0109
vn -0.4824 0.8759 -0.0089
vn -0.1071 0.9939 -0.0276
vn 0.2856 0.9574 -0.0421
vn 0.6287 0.7760 -0.0500
vn 0.8772 0.4775 -0.0503
vn 0.9941 0.0997 -0.0429
vn 0.9556 -0.2934 -0.0287
vn 0.7727 -0.6347 -0.0105
vn 0.4742 -0.8804 0.0093
vn 0.0981 -0.9948 0.0280
vn -0.2924 -0.9554 0.0423
vn -0.6319 -0.7734 0.0500
vn -0.9942 -0.1033 -0.0315
vn -0.8782 -0.4776 -0.0246
vn -0.9574 0.2869 -0.0335
vn -0.7777 0.6279 -0.0304
vn -0.4823 0.8757 -0.0229
vn -0.1073 0.9942 -0.0116
vn 0.2852 0.9585 0.0015
vn 0.6282 0.7779 0.0141
vn 0.8769 0.4800 0.0246
vn 0.9943 0.1022 0.0315
vn 0.9560 -0.2914 0.0334
vn 0.7731 -0.6336 0.0303
vn 0.4742 -0.8801 0.0226
vn 0.0976 -0.9952 0.0113
vn -0.2932 -0.9560 -0.0017
vn -0.6328 -0.7742 -0.0142
vn -0.9894 -0.1026 -0.1027
vn -0.8740 -0.4773 -0.0908
vn -0.9526 0.2877 -0.0989
vn -0.7736 0.6285 -0.0804
vn -0.4796 0.8761 -0.0498
vn -0.1066 0.9942 -0.0111
vn 0.2836 0.9585 0.0295
vn 0.6247 0.7782 0.0650
vn 0.8721 0.4808 0.0907
vn 0.9893 0.1035 0.1029
vn 0.9519 -0.2900 0.0990
vn 0.7704 -0.6325 0.0801
vn 0.4732 -0.8796 0.0492
vn 0.0983 -0.9951 0.0102
vn -0.2911 -0.9562 -0.0302
vn -0.6295 -0.7742 -0.0654
vn -0.9820 -0.1028 -0.1582
vn -0.8673 -0.4778 -0.1397
vn -0.9454 0.2881 -0.1523
vn -0.7674 0.6291 -0.1237
vn -0.4751 0.8766 -0.0766
vn -0.1046 0.9944 -0.0169
vn 0.2826 0.9582 0.0456
vn 0.6208 0.7776 0.1001
vn 0.8660 0.4802 0.1396
vn 0.9820 0.1034 0.1583
vn 0.9449 -0.2897 0.1524
vn 0.7652 -0.6318 0.1234
vn 0.4707 -0.8790 0.0759
vn 0.0989 -0.9950 0.0159
vn -0.2878 -0.9566 -0.0464
vn -0.6241 -0.7748 -0.1006
vn -0.9755 -0.1029 -0.1945
vn -0.8613 -0.4783 -0.1717
vn -0.9390 0.2884 -0.1872
vn -0.7619 0.6296 -0.1519
vn -0.4711 0.8771 -0.0939
vn -0.1028 0.9945 -0.0205
vn 0.2817 0.9578 0.0562
vn 0.6173 0.7770 0.1231
vn 0.8605 0.4797 0.1716
vn 0.9754 0.1032 0.1946
vn 0.9387 -0.2893 0.1872
vn 0.7606 -0.6313 0.1517
vn 0.4685 -0.8785 0.0934
vn 0.0994 -0.9949 0.0198
vn -0.2849 -0.9569 -0.0568
vn -0.6193 -0.7754 -0.1235
vn -0.9713 -0.1030 -0.2143
vn -0.8574 -0.4787 -0.1892
vn -0.9349 0.2886 -0.2063
vn -0.7583 0.6301 -0.1673
vn -0.4684 0.8775 -0.1034
vn -0.1014 0.9946 -0.0224
vn 0.2814 0.9576 0.0621
vn 0.6152 0.7766 0.1358
vn 0.8570 0.4793 0.1891
vn 0.9713 0.1031 0.2144
vn 0.9348 -0.2891 0.2063
vn 0.7577 -0.6308 0.1672
vn 0.4672 -0.8781 0.1031
vn 0.0999 -0.9948 0.0220
vn -0.2828 -0.9572 -0.0624
vn -0.6161 -0.7758 -0.1360
vn -0.9700 -0.1031 -0.2201
vn -0.8560 -0.4790 -0.1943
vn -0.9336 0.2889 -0.2119
vn -0.7570 0.6305 -0.1718
vn -0.4671 0.8778 -0.1060
vn -0.1005 0.9947 -0.0228
vn 0.2817 0.9574 0.0639
vn 0.6149 0.7762 0.1395
vn 0.8561 0.4790 0.1943
vn 0.9700 0.1031 0.2201
vn 0.9336 -0.2889 0.2119
vn 0.7570 -0.6304 0.1718
vn 0.4672 -0.8778 0.1060
vn 0.1006 -0.9947 0.0228
vn -0.2817 -0.9574 -0.0639
vn -0.6148 -0.7762 -0.1395
vn -0.9714 -0.1031 -0.2138
vn -0.8571 -0.4793 -0.1887
vn -0.9349 0.2891 -0.2058
vn -0.7578 0.6308 -0.1668
vn -0.4672 0.8781 -0.1029
vn -0.0999 0.9948 -0.0220
vn 0.2828 0.9572 0.0623
vn 0.6162 0.7759 0.1356
vn 0.8574 0.4787 0.1888
vn 0.9714 0.1030 0.2138
vn 0.9350 -0.2887 0.2058
vn 0.7584 -0.6301 0.1669
vn 0.4684 -0.8775 0.1031
vn 0.1014 -0.9946 0.0223
vn -0.2814 -0.9576 -0.0620
vn -0.6153 -0.7766 -0.1355
vn -0.9749 -0.1032 -0.1971
vn -0.8601 -0.4796 -0.1739
vn -0.9383 0.2893 -0.1897
vn -0.7603 0.6311 -0.1537
vn -0.4685 0.8784 -0.0947
vn -0.0997 0.9948 -0.0201
vn 0.2844 0.9570 0.0575
vn 0.6188 0.7756 0.1251
vn 0.8607 0.4784 0.1740
vn 0.9750 0.1029 0.1971
vn 0.9385 -0.2885 0.1897
vn 0.7614 -0.6298 0.1539
vn 0.4706 -0.8772 0.0951
vn 0.1024 -0.9945 0.0207
vn -0.2819 -0.9577 -0.0570
vn -0.6172 -0.7769 -0.1248
vn -0.9798 -0.1033 -0.1712
vn -0.8643 -0.4798 -0.1510
vn -0.9429 0.2894 -0.1648
vn -0.7639 0.6314 -0.1335
vn -0.4704 0.8786 -0.0822
vn -0.0996 0.9949 -0.0174
vn 0.2863 0.9568 0.0500
vn 0.6222 0.7753 0.1087
vn 0.8651 0.4782 0.1512
vn 0.9799 0.1029 0.1712
vn 0.9432 -0.2883 0.1648
vn 0.7654 -0.6295 0.1337
vn 0.4733 -0.8770 0.0827
vn 0.1034 -0.9945 0.0181
vn -0.2828 -0.9579 -0.0494
vn -0.6199 -0.7771 -0.1083
vn -0.9851 -0.1033 -0.1374
vn -0.8689 -0.4800 -0.1211
vn -0.9480 0.2895 -0.1322
vn -0.7679 0.6316 -0.1071
vn -0.4726 0.8788 -0.0659
vn -0.0997 0.9949 -0.0139
vn 0.2883 0.9567 0.0402
vn 0.6258 0.7751 0.0872
vn 0.8699 0.4780 0.1213
vn 0.9852 0.1028 0.1373
vn 0.9484 -0.2882 0.1322
vn 0.7697 -0.6293 0.1073
vn 0.4762 -0.8768 0.0664
vn 0.1044 -0.9944 0.0146
vn -0.2839 -0.9580 -0.0396
vn -0.6230 -0.7774 -0.0869
vn -0.9899 -0.1034 -0.0966
vn -0.8730 -0.4802 -0.0852
vn -0.9526 0.2896 -0.0930
vn -0.7715 0.6318 -0.0753
vn -0.4746 0.8790 -0.0463
vn -0.0998 0.9950 -0.0097
vn 0.2900 0.9566 0.0283
vn 0.6291 0.7749 0.0614
vn 0.8743 0.4779 0.0853
vn 0.9900 0.1028 0.0966
vn 0.9531 -0.2881 0.0930
vn 0.7736 -0.6291 0.0755
vn 0.4789 -0.8766 0.0467
vn 0.1053 -0.9944 0.0103
vn -0.2850 -0.9581 -0.0278
vn -0.6259 -0.7775 -0.0611
vn -0.9934 -0.1034 -0.0502
vn -0.8760 -0.4803 -0.0442
vn -0.9559 0.2897 -0.0483
vn -0.7740 0.6320 -0.0391
vn -0.4760 0.8791 -0.0240
vn -0.0999 0.9950 -0.0050
vn 0.2913 0.9565 0.0147
vn 0.6314 0.7748 0.0319
vn 0.8774 0.4778 0.0443
vn 0.9934 0.1028 0.0502
vn 0.9564 -0.2880 0.0483
vn 0.7764 -0.6290 0.0392
vn 0.4807 -0.8765 0.0243
vn 0.1060 -0.9944 0.0054
vn -0.2857 -0.9582 -0.0144
vn -0.6278 -0.7777 -0.0317
vn -0.9945 -0.1032 -0.0164
vn -0.8774 -0.4795 -0.0144
vn -0.9571 0.2892 -0.0158
vn -0.7757 0.6310 -0.0128
vn -0.4781 0.8783 -0.0079
vn -0.1019 0.9948 -0.0017
vn 0.2899 0.9570 0.0048
vn 0.6311 0.7756 0.0104
vn 0.8780 0.4785 0.0145
vn 0.9946 0.1029 0.0164
vn 0.9573 -0.2885 0.0158
vn 0.7766 -0.6299 0.0128
vn 0.4799 -0.8773 0.0079
vn 0.1042 -0.9946 0.0017
vn -0.2878 -0.9577 -0.0047
vn -0.6297 -0.7768 -0.0104
vn -0.9946 -0.1030 -0.0107
vn -0.8779 -0.4788 -0.0095
vn -0.9574 0.2887 -0.0103
vn -0.7763 0.6302 -0.0084
vn -0.4793 0.8776 -0.0052
vn -0.1035 0.9946 -0.0011
vn 0.2884 0.9575 0.0031
vn 0.6302 0.7764 0.0068
vn 0.8777 0.4792 0.0095
vn 0.9946 0.1031 0.0107
vn 0.9573 -0.2890 0.0103
vn 0.7760 -0.6307 0.0084
vn 0.4787 -0.8780 0.0052
vn 0.1026 -0.9947 0.0011
vn -0.2893 -0.9572 -0.0031
vn -0.6307 -0.7760 -0.0068
vn -0.9946 -0.1031 -0.0120
vn -0.8777 -0.4791 -0.0106
vn -0.9573 0.2889 -0.0116
vn -0.7761 0.6306 -0.0094
vn -0.4788 0.8779 -0.0058
vn -0.1028 0.9947 -0.0012
vn 0.2891 0.9573 0.0035
vn 0.6306 0.7761 0.0076
vn 0.8778 0.4789 0.0106
vn 0.9946 0.1030 0.0120
vn 0.9573 -0.2888 0.0115
vn 0.7763 -0.6303 0.0094
vn 0.4792 -0.8777 0.0058
vn 0.1033 -0.9946 0.0012
vn -0.2886 -0.9574 -0.0035
vn -0.6303 -0.7764 -0.0076
vn -0.9947 -0.1032 -0.0009
vn -0.8776 -0.4795 -0.0008
vn -0.9573 0.2892 -0.0008
vn -0.7758 0.6310 -0.0007
vn -0.4782 0.8783 -0.0004
vn -0.1020 0.9948 -0.0001
vn 0.2899 0.9571 0.0002
vn 0.6311 0.7757 0.0005
vn 0.8781 0.4786 0.0007
vn 0.9947 0.1029 0.0008
vn 0.9575 -0.2886 0.0008
vn 0.7767 -0.6299 0.0007
vn 0.4799 -0.8773 0.0004
vn 0.1042 -0.9946 0.0001
vn -0.2879 -0.9577 -0.0002
vn -0.6298 -0.7767 -0.0005
vn -0.9944 -0.1033 0.0242
vn -0.8771 -0.4799 0.0213
vn -0.9569 0.2894 0.0232
vn -0.7752 0.6314 0.0188
vn -0.4773 0.8787 0.0116
vn -0.1010 0.9949 0.0025
vn 0.2906 0.9568 -0.0071
vn 0.6315 0.7752 -0.0154
vn 0.8780 0.4782 -0.0214
vn 0.9944 0.1029 -0.0242
vn 0.9573 -0.2883 -0.0233
vn 0.7768 -0.6295 -0.0189
vn 0.4804 -0.8769 -0.0117
vn 0.1051 -0.9945 -0.0026
vn -0.2869 -0.9579 0.0070
vn -0.6291 -0.7772 0.0153
vn -0.9925 -0.1034 0.0646
vn -0.8753 -0.4803 0.0570
vn -0.9551 0.2897 0.0622
vn -0.7734 0.6319 0.0504
vn -0.4757 0.8791 0.0310
vn -0.0998 0.9950 0.0065
vn 0.2910 0.9565 -0.0190
vn 0.6309 0.7748 -0.0411
vn 0.8766 0.4777 -0.0572
vn 0.9926 0.1027 -0.0647
vn 0.9556 -0.2880 -0.0623
vn 0.7758 -0.6290 -0.0506
vn 0.4804 -0.8765 -0.0313
vn 0.1059 -0.9944 -0.0069
vn -0.2855 -0.9582 0.0186
vn -0.6273 -0.7777 0.0409
vn -0.9871 -0.1035 0.1220
vn -0.8702 -0.4808 0.1075
vn -0.9498 0.2900 0.1174
vn -0.7688 0.6325 0.0950
vn -0.4722 0.8796 0.0584
vn -0.0981 0.9951 0.0121
vn 0.2905 0.9562 -0.0359
vn 0.6281 0.7742 -0.0777
vn 0.8721 0.4773 -0.1079
vn 0.9872 0.1026 -0.1221
vn 0.9505 -0.2877 -0.1176
vn 0.7719 -0.6285 -0.0955
vn 0.4786 -0.8760 -0.0592
vn 0.1064 -0.9942 -0.0132
vn -0.2829 -0.9585 0.0350
vn -0.6233 -0.7782 0.0770
vn -0.9749 -0.1036 0.1969
vn -0.8592 -0.4813 0.1735
vn -0.9380 0.2904 0.1894
vn -0.7588 0.6330 0.1532
vn -0.4655 0.8800 0.0940
vn -0.0958 0.9952 0.0193
vn 0.2879 0.9559 -0.0582
vn 0.6210 0.7737 -0.1255
vn 0.8616 0.4768 -0.1741
vn 0.9750 0.1025 -0.1971
vn 0.9388 -0.2874 -0.1897
vn 0.7629 -0.6279 -0.1542
vn 0.4735 -0.8756 -0.0957
vn 0.1063 -0.9941 -0.0215
vn -0.2783 -0.9588 0.0562
vn -0.6149 -0.7788 0.1242
vn -0.9519 -0.1037 0.2883
vn -0.8387 -0.4818 0.2540
vn -0.9157 0.2907 0.2773
vn -0.7405 0.6336 0.2243
vn -0.4536 0.8805 0.1374
vn -0.0924 0.9953 0.0280
vn 0.2821 0.9556 -0.0855
vn 0.6070 0.7731 -0.1839
vn 0.8415 0.4763 -0.2550
vn 0.9520 0.1024 -0.2885
vn 0.9167 -0.2871 -0.2778
vn 0.7452 -0.6274 -0.2258
vn 0.4632 -0.8751 -0.1403
vn 0.1048 -0.9940 -0.0318
vn -0.2708 -0.9591 0.0820
vn -0.5997 -0.7793 0.1816
vn -0.9139 -0.1038 0.3925
vn -0.8050 -0.4822 0.3457
vn -0.8791 0.2910 0.3775
vn -0.7105 0.6340 0.3052
vn -0.4348 0.8809 0.1868
vn -0.0879 0.9954 0.0377
vn 0.2716 0.9553 -0.1167
vn 0.5832 0.7727 -0.2506
vn 0.8081 0.4759 -0.3472
vn 0.9140 0.1023 -0.3927
vn 0.8802 -0.2868 -0.3782
vn 0.7158 -0.6270 -0.3075
vn 0.4453 -0.8747 -0.1913
vn 0.1015 -0.9939 -0.0436
vn -0.2591 -0.9594 0.1113
vn -0.5752 -0.7798 0.2471
vn -0.8583 -0.1039 0.5026
vn -0.7559 -0.4825 0.4426
vn -0.8256 0.2911 0.4834
vn -0.6671 0.6343 0.3906
vn -0.4080 0.8812 0.2389
vn -0.0820 0.9955 0.0480
vn 0.2556 0.9551 -0.1497
vn 0.5481 0.7724 -0.3210
vn 0.7590 0.4757 -0.4445
vn 0.8584 0.1022 -0.5027
vn 0.8267 -0.2867 -0.4841
vn 0.6724 -0.6267 -0.3938
vn 0.4186 -0.8744 -0.2452
vn 0.0959 -0.9938 -0.0561
vn -0.2429 -0.9596 0.1422
vn -0.5399 -0.7801 0.3162
vn -0.7858 -0.1039 0.6096
vn -0.6921 -0.4825 0.5369
vn -0.7559 0.2912 0.5864
vn -0.6108 0.6344 0.4738
vn -0.3735 0.8812 0.2897
vn -0.0750 0.9955 0.0581
vn 0.2341 0.9551 -0.1816
vn 0.5019 0.7723 -0.3893
vn 0.6950 0.4756 -0.5392
vn 0.7860 0.1022 -0.6097
vn 0.7570 -0.2866 -0.5872
vn 0.6158 -0.6266 -0.4777
vn 0.3834 -0.8744 -0.2974
vn 0.0879 -0.9938 -0.0682
vn -0.2223 -0.9596 0.1724
vn -0.4943 -0.7801 0.3835
vn -0.7442 -0.1037 0.6598
vn -0.6558 -0.4816 0.5814
vn -0.7160 0.2905 0.6348
vn -0.5790 0.6335 0.5133
vn -0.3544 0.8807 0.3142
vn -0.0713 0.9954 0.0632
vn 0.2220 0.9550 -0.1968
vn 0.4758 0.7718 -0.4218
vn 0.6585 0.4749 -0.5838
vn 0.7444 0.1020 -0.6599
vn 0.7170 -0.2862 -0.6356
vn 0.5836 -0.6259 -0.5174
vn 0.3636 -0.8740 -0.3223
vn 0.0832 -0.9938 -0.0738
vn -0.2111 -0.9594 0.1872
vn -0.4688 -0.7794 0.4157
vn -0.9916 -0.0000 -0.1292
vn -0.9930 -0.0000 -0.1183
vn -0.9158 -0.3865 -0.1091
vn -0.9146 -0.3864 -0.1192
vn -0.9146 0.3864 -0.1192
vn -0.9158 0.3865 -0.1091
vn -0.7006 0.7077 -0.0913
vn -0.7015 0.7078 -0.0836
vn -0.3817 0.9230 -0.0497
vn -0.3821 0.9230 -0.0455
vn 0.0013 1.0000 0.0002
vn 0.0014 1.0000 0.0002
vn 0.3839 0.9220 0.0500
vn 0.3844 0.9220 0.0458
vn 0.7018 0.7065 0.0914
vn 0.7028 0.7064 0.0837
vn 0.9150 0.3855 0.1192
vn 0.9162 0.3855 0.1092
vn 0.9916 0.0000 0.1292
vn 0.9930 -0.0000 0.1183
vn 0.9150 -0.3855 0.1192
vn 0.9162 -0.3855 0.1092
vn 0.7018 -0.7065 0.0914
vn 0.7028 -0.7064 0.0837
vn 0.3839 -0.9220 0.0500
vn 0.3844 -0.9220 0.0458
vn 0.0013 -1.0000 0.0002
vn 0.0014 -1.0000 0.0002
vn -0.3817 -0.9230 -0.0497
vn -0.3821 -0.9230 -0.0455
vn -0.7006 -0.7077 -0.0913
vn -0.7015 -0.7078 -0.0836
vn -0.9954 -0.0000 -0.0959
vn -0.9180 -0.3865 -0.0884
vn -0.9180 0.3865 -0.0884
vn -0.7031 0.7078 -0.0677
vn -0.3830 0.9230 -0.0369
vn 0.0015 1.0000 0.0001
vn 0.3854 0.9220 0.0371
vn 0.7046 0.7064 0.0679
vn 0.9185 0.3855 0.0885
vn 0.9954 -0.0000 0.0959
vn 0.9185 -0.3855 0.0885
vn 0.7046 -0.7064 0.0679
vn 0.3854 -0.9220 0.0371
vn 0.0015 -1.0000 0.0001
vn -0.3830 -0.9230 -0.0369
vn -0.7031 -0.7078 -0.0677
vn -0.9974 -0.0000 -0.0721
vn -0.9199 -0.3865 -0.0665
vn -0.9199 0.3865 -0.0665
vn -0.7045 0.7079 -0.0509
vn -0.3837 0.9230 -0.0277
vn 0.3863 0.9220 0.0279
vn 0.7060 0.7064 0.0510
vn 0.9203 0.3855 0.0665
vn 0.9974 0.0000 0.0721
vn 0.9203 -0.3855 0.0665
vn 0.7060 -0.7064 0.0510
vn 0.3863 -0.9220 0.0279
vn -0.3837 -0.9230 -0.0277
vn -0.7045 -0.7079 -0.0509
vn -0.9989 0.0000 -0.0470
vn -0.9212 -0.3866 -0.0433
vn -0.9212 0.3866 -0.0433
vn -0.7055 0.7079 -0.0332
vn -0.3842 0.9231 -0.0181
vn 0.0016 1.0000 0.0001
vn 0.3869 0.9219 0.0182
vn 0.7071 0.7063 0.0333
vn 0.9217 0.3854 0.0433
vn 0.9989 -0.0000 0.0470
vn 0.9217 -0.3854 0.0433
vn 0.7071 -0.7063 0.0333
vn 0.3869 -0.9219 0.0182
vn 0.0016 -1.0000 0.0001
vn -0.3842 -0.9231 -0.0181
vn -0.7055 -0.7079 -0.0332
vn -0.9998 0.0000 -0.0207
vn -0.9221 -0.3866 -0.0191
vn -0.9221 0.3866 -0.0191
vn -0.7061 0.7079 -0.0146
vn -0.3845 0.9231 -0.0080
vn 0.0017 1.0000 0.0000
vn 0.3873 0.9219 0.0080
vn 0.7078 0.7063 0.0146
vn 0.9226 0.3854 0.0191
vn 0.9998 0.0000 0.0207
vn 0.9226 -0.3854 0.0191
vn 0.7078 -0.7063 0.0146
vn 0.3873 -0.9219 0.0080
vn 0.0017 -1.0000 0.0000
vn -0.3845 -0.9231 -0.0080
vn -0.7061 -0.7079 -0.0146
vn -1.0000 -0.0000 0.0067
vn -0.9222 -0.3866 0.0062
vn -0.9222 0.3866 0.0062
vn -0.7062 0.7080 0.0047
vn -0.3845 0.9231 0.0026
vn 0.0018 1.0000 -0.0000
vn 0.3875 0.9219 -0.0026
vn 0.7079 0.7063 -0.0047
vn 0.9227 0.3854 -0.0062
vn 1.0000 0.0000 -0.0067
vn 0.9227 -0.3854 -0.0062
vn 0.7079 -0.7063 -0.0047
vn 0.3875 -0.9219 -0.0026
vn 0.0018 -1.0000 -0.0000
vn -0.3845 -0.9231 0.0026
vn -0.7062 -0.7080 0.0047
vn -0.9994 -0.0000 0.0349
vn -0.9217 -0.3866 0.0322
vn -0.9217 0.3866 0.0322
vn -0.7058 0.7080 0.0247
vn -0.3842 0.9231 0.0134
vn 0.0018 1.0000 -0.0001
vn 0.3873 0.9219 -0.0135
vn 0.7075 0.7062 -0.0247
vn 0.9222 0.3854 -0.0322
vn 0.9994 0.0000 -0.0349
vn 0.9222 -0.3854 -0.0322
vn 0.7075 -0.7062 -0.0247
vn 0.3873 -0.9219 -0.0135
vn 0.0018 -1.0000 -0.0001
vn -0.3842 -0.9231 0.0134
vn -0.7058 -0.7080 0.0247
vn -0.9980 0.0000 0.0638
vn -0.9204 -0.3866 0.0588
vn -0.9204 0.3866 0.0588
vn -0.7048 0.7080 0.0450
vn -0.3837 0.9231 0.0245
vn 0.3868 0.9219 -0.0247
vn 0.7065 0.7062 -0.0451
vn 0.9209 0.3854 -0.0588
vn 0.9980 -0.0000 -0.0638
vn 0.9209 -0.3854 -0.0588
vn 0.7065 -0.7062 -0.0451
vn 0.3868 -0.9219 -0.0247
vn -0.3837 -0.9231 0.0245
vn -0.7048 -0.7080 0.0450
vn -0.9957 0.0000 0.0929
vn -0.9182 -0.3867 0.0857
vn -0.9182 0.3867 0.0857
vn -0.7032 0.7080 0.0656
vn -0.3828 0.9231 0.0357
vn 0.0018 1.0000 -0.0002
vn 0.3859 0.9218 -0.0360
vn 0.7049 0.7062 -0.0658
vn 0.9188 0.3854 -0.0857
vn 0.9957 -0.0000 -0.0929
vn 0.9188 -0.3854 -0.0857
vn 0.7049 -0.7062 -0.0658
vn 0.3859 -0.9218 -0.0360
vn 0.0018 -1.0000 -0.0002
vn -0.3828 -0.9231 0.0357
vn -0.7032 -0.7080 0.0656
vn -0.9925 0.0000 0.1219
vn -0.9153 -0.3866 0.1125
vn -0.9153 0.3866 0.1125
vn -0.7009 0.7080 0.0861
vn -0.3816 0.9231 0.0469
vn 0.3846 0.9219 -0.0473
vn 0.7027 0.7062 -0.0863
vn 0.9159 0.3854 -0.1125
vn 0.9925 -0.0000 -0.1219
vn 0.9159 -0.3854 -0.1125
vn 0.7027 -0.7062 -0.0863
vn 0.3846 -0.9219 -0.0473
vn -0.3816 -0.9231 0.0469
vn -0.7009 -0.7080 0.0861
vn -0.9887 0.0000 0.1498
vn -0.9119 -0.3865 0.1382
vn -0.9119 0.3865 0.1382
vn -0.6984 0.7078 0.1060
vn -0.3803 0.9231 0.0578
vn 0.0018 1.0000 -0.0003
vn 0.3832 0.9218 -0.0584
vn 0.7000 0.7061 -0.1068
vn 0.9122 0.3852 -0.1393
vn 0.9885 0.0000 -0.1510
vn 0.9122 -0.3852 -0.1393
vn 0.7000 -0.7061 -0.1068
vn 0.3832 -0.9218 -0.0584
vn 0.0018 -1.0000 -0.0003
vn -0.3803 -0.9231 0.0578
vn -0.6984 -0.7078 0.1060
vn -0.9747 0.0000 0.2235
vn -0.8980 -0.3888 0.2059
vn -0.8980 0.3888 0.2059
vn -0.6855 0.7109 0.1574
vn -0.3698 0.9252 0.0850
vn 0.0075 1.0000 -0.0018
vn 0.3823 0.9198 -0.0882
vn 0.6925 0.7035 -0.1600
vn 0.8999 0.3834 -0.2080
vn 0.9743 0.0000 -0.2253
vn 0.8999 -0.3834 -0.2080
vn 0.6925 -0.7035 -0.1600
vn 0.3823 -0.9198 -0.0882
vn 0.0075 -1.0000 -0.0018
vn -0.3698 -0.9252 0.0850
vn -0.6855 -0.7109 0.1574
vn -0.9343 0.0000 0.3566
vn -0.8604 -0.3897 0.3284
vn -0.8604 0.3897 0.3284
vn -0.6559 0.7121 0.2503
vn -0.3527 0.9260 0.1346
vn 0.0091 1.0000 -0.0034
vn 0.3680 0.9192 -0.1403
vn 0.6648 0.7027 -0.2534
vn 0.8632 0.3829 -0.3291
vn 0.9344 -0.0000 -0.3562
vn 0.8632 -0.3829 -0.3291
vn 0.6648 -0.7027 -0.2534
vn 0.3680 -0.9192 -0.1403
vn 0.0091 -1.0000 -0.0034
vn -0.3527 -0.9260 0.1346
vn -0.6559 -0.7121 0.2503
vn -0.8838 -0.0000 0.4679
vn -0.8146 -0.3879 0.4312
vn -0.8146 0.3879 0.4312
vn -0.6227 0.7097 0.3295
vn -0.3371 0.9244 0.1783
vn 0.0050 1.0000 -0.0026
vn 0.3456 0.9205 -0.1825
vn 0.6279 0.7043 -0.3313
vn 0.8167 0.3839 -0.4308
vn 0.8845 0.0000 -0.4666
vn 0.8167 -0.3839 -0.4308
vn 0.6279 -0.7043 -0.3313
vn 0.3456 -0.9205 -0.1825
vn 0.0050 -1.0000 -0.0026
vn -0.3371 -0.9244 0.1783
vn -0.6227 -0.7097 0.3295
vn -0.8503 -0.0000 0.5263
vn -0.7841 -0.3870 0.4853
vn -0.7841 0.3870 0.4853
vn -0.6001 0.7085 0.3714
vn -0.3262 0.9235 0.2018
vn 0.0025 1.0000 -0.0015
vn 0.3304 0.9215 -0.2043
vn 0.6026 0.7057 -0.3726
vn 0.7850 0.3849 -0.4854
vn 0.8506 0.0000 -0.5259
vn 0.7850 -0.3849 -0.4854
vn 0.6026 -0.7057 -0.3726
vn 0.3304 -0.9215 -0.2043
vn 0.0025 -1.0000 -0.0015
vn -0.3262 -0.9235 0.2018
vn -0.6001 -0.7085 0.3714
vn -0.8343 0.0000 0.5512
vn -0.7696 -0.3863 0.5085
vn -0.7696 0.3863 0.5085
vn -0.5897 0.7075 0.3896
vn -0.3215 0.9228 0.2124
vn 0.0007 1.0000 -0.0005
vn 0.3227 0.9222 -0.2132
vn 0.5904 0.7067 -0.3900
vn 0.7698 0.3857 -0.5085
vn 0.8344 -0.0000 -0.5511
vn 0.7698 -0.3857 -0.5085
vn 0.5904 -0.7067 -0.3900
vn 0.3227 -0.9222 -0.2132
vn 0.0007 -1.0000 -0.0005
vn -0.3215 -0.9228 0.2124
vn -0.5897 -0.7075 0.3896
vn -0.8349 0.0000 0.5504
vn -0.7703 -0.3856 0.5078
vn -0.7703 0.3856 0.5078
vn -0.5908 0.7066 0.3895
vn -0.3230 0.9222 0.2129
vn -0.0008 1.0000 0.0005
vn 0.3216 0.9228 -0.2120
vn 0.5900 0.7076 -0.3890
vn 0.7700 0.3863 -0.5078
vn 0.8348 -0.0000 -0.5505
vn 0.7700 -0.3863 -0.5078
vn 0.5900 -0.7076 -0.3890
vn 0.3216 -0.9228 -0.2120
vn -0.0008 -1.0000 0.0005
vn -0.3230 -0.9222 0.2129
vn -0.5908 -0.7066 0.3895
vn -0.8512 0.0000 0.5248
vn -0.7856 -0.3850 0.4843
vn -0.7856 0.3850 0.4843
vn -0.6031 0.7057 0.3718
vn -0.3306 0.9215 0.2039
vn -0.0024 1.0000 0.0015
vn 0.3265 0.9235 -0.2014
vn 0.6006 0.7085 -0.3706
vn 0.7847 0.3870 -0.4842
vn 0.8510 -0.0000 -0.5251
vn 0.7847 -0.3870 -0.4842
vn 0.6006 -0.7085 -0.3706
vn 0.3265 -0.9235 -0.2014
vn -0.0024 -1.0000 0.0015
vn -0.3306 -0.9215 0.2039
vn -0.6031 -0.7057 0.3718
vn -0.8830 0.0000 0.4694
vn -0.8152 -0.3841 0.4334
vn -0.8152 0.3841 0.4334
vn -0.6265 0.7046 0.3332
vn -0.3447 0.9207 0.1833
vn -0.0046 1.0000 0.0024
vn 0.3369 0.9243 -0.1794
vn 0.6219 0.7095 -0.3313
vn 0.8135 0.3878 -0.4335
vn 0.8825 0.0000 -0.4703
vn 0.8135 -0.3878 -0.4335
vn 0.6219 -0.7095 -0.3313
vn 0.3369 -0.9243 -0.1794
vn -0.0046 -1.0000 0.0024
vn -0.3447 -0.9207 0.1833
vn -0.6265 -0.7046 0.3332
vn -0.9279 0.0000 0.3728
vn -0.8571 -0.3830 0.3444
vn -0.8571 0.3830 0.3444
vn -0.6598 0.7030 0.2653
vn -0.3646 0.9195 0.1467
vn -0.0076 1.0000 0.0030
vn 0.3516 0.9253 -0.1419
vn 0.6521 0.7109 -0.2634
vn 0.8542 0.3888 -0.3453
vn 0.9271 0.0000 -0.3748
vn 0.8542 -0.3888 -0.3453
vn 0.6521 -0.7109 -0.2634
vn 0.3516 -0.9253 -0.1419
vn -0.0076 -1.0000 0.0030
vn -0.3646 -0.9195 0.1467
vn -0.6598 -0.7030 0.2653
vn -0.9763 -0.0000 0.2163
vn -0.9024 -0.3816 0.2001
vn -0.9024 0.3816 0.2001
vn -0.6962 0.7011 0.1545
vn -0.3870 0.9181 0.0861
vn -0.0121 0.9999 0.0026
vn 0.3666 0.9267 -0.0823
vn 0.6841 0.7129 -0.1541
vn 0.8981 0.3902 -0.2028
vn 0.9754 0.0000 -0.2205
vn 0.8981 -0.3902 -0.2028
vn 0.6841 -0.7129 -0.1541
vn 0.3666 -0.9267 -0.0823
vn -0.0121 -0.9999 0.0026
vn -0.3870 -0.9181 0.0861
vn -0.6962 -0.7011 0.1545
vn -0.9999 0.0000 -0.0157
vn -0.9248 -0.3802 -0.0144
vn -0.9248 0.3802 -0.0144
vn -0.7150 0.6990 -0.0110
vn -0.4001 0.9165 -0.0060
vn -0.0171 0.9999 -0.0003
vn 0.3714 0.9285 0.0047
vn 0.6986 0.7155 0.0081
vn 0.9198 0.3922 0.0100
vn 0.9999 -0.0000 0.0106
vn 0.9198 -0.3922 0.0100
vn 0.6986 -0.7155 0.0081
vn 0.3714 -0.9285 0.0047
vn -0.0171 -0.9999 -0.0003
vn -0.4001 -0.9165 -0.0060
vn -0.7150 -0.6990 -0.0110
vn -0.9532 0.0000 -0.3025
vn -0.8815 -0.3803 -0.2798
vn -0.8815 0.3803 -0.2798
vn -0.6816 0.6989 -0.2166
vn -0.3825 0.9159 -0.1217
vn -0.0192 0.9998 -0.0060
vn 0.3497 0.9301 0.1122
vn 0.6620 0.7186 0.2130
vn 0.8744 0.3949 0.2820
vn 0.9516 -0.0000 0.3072
vn 0.8744 -0.3949 0.2820
vn 0.6620 -0.7186 0.2130
vn 0.3497 -0.9301 0.1122
vn -0.0192 -0.9998 -0.0060
vn -0.3825 -0.9159 -0.1217
vn -0.6816 -0.6989 -0.2166
vn -0.8759 -0.0000 -0.4826
vn -0.8089 -0.3833 -0.4459
vn -0.8089 0.3833 -0.4459
vn -0.6221 0.7037 -0.3433
vn -0.3422 0.9204 -0.1892
vn -0.0041 1.0000 -0.0021
vn 0.3350 0.9236 0.1865
vn 0.6167 0.7079 0.3442
vn 0.8050 0.3863 0.4502
vn 0.8726 0.0000 0.4884
vn 0.8050 -0.3863 0.4502
vn 0.6167 -0.7079 0.3442
vn 0.3350 -0.9236 0.1865
vn -0.0041 -1.0000 -0.0021
vn -0.3422 -0.9204 -0.1892
vn -0.6221 -0.7037 -0.3433
vn -0.8879 0.0000 -0.4600
vn -0.8180 -0.3891 -0.4237
vn -0.8180 0.3891 -0.4237
vn -0.6241 0.7113 -0.3233
vn -0.3364 0.9255 -0.1742
vn 0.0073 1.0000 0.0038
vn 0.3487 0.9197 0.1805
vn 0.6312 0.7034 0.3268
vn 0.8202 0.3833 0.4246
vn 0.8881 0.0000 0.4597
vn 0.8202 -0.3833 0.4246
vn 0.6312 -0.7034 0.3268
vn 0.3487 -0.9197 0.1805
vn 0.0073 -1.0000 0.0038
vn -0.3364 -0.9255 -0.1742
vn -0.6241 -0.7113 -0.3233
vn -0.9340 0.0000 -0.3572
vn -0.8608 -0.3881 -0.3292
vn -0.8608 0.3881 -0.3292
vn -0.6578 0.7099 -0.2516
vn -0.3559 0.9246 -0.1362
vn 0.0055 1.0000 0.0021
vn 0.3651 0.9204 0.1398
vn 0.6630 0.7042 0.2540
vn 0.8623 0.3839 0.3304
vn 0.9338 0.0000 0.3578
vn 0.8623 -0.3839 0.3304
vn 0.6630 -0.7042 0.2540
vn 0.3651 -0.9204 0.1398
vn 0.0055 -1.0000 0.0021
vn -0.3559 -0.9246 -0.1362
vn -0.6578 -0.7099 -0.2516
vn -0.9601 0.0000 -0.2795
vn -0.8851 -0.3875 -0.2577
vn -0.8851 0.3875 -0.2577
vn -0.6769 0.7092 -0.1971
vn -0.3670 0.9240 -0.1069
vn 0.0042 1.0000 0.0012
vn 0.3742 0.9209 0.1090
vn 0.6809 0.7050 0.1984
vn 0.8863 0.3844 0.2583
vn 0.9601 -0.0000 0.2798
vn 0.8863 -0.3844 0.2583
vn 0.6809 -0.7050 0.1984
vn 0.3742 -0.9209 0.1090
vn 0.0042 -1.0000 0.0012
vn -0.3670 -0.9240 -0.1069
vn -0.6769 -0.7092 -0.1971
vn -0.9756 0.0000 -0.2195
vn -0.8995 -0.3872 -0.2024
vn -0.8995 0.3872 -0.2024
vn -0.6883 0.7087 -0.1548
vn -0.3738 0.9237 -0.0841
vn 0.0033 1.0000 0.0008
vn 0.3794 0.9213 0.0854
vn 0.6915 0.7055 0.1556
vn 0.9005 0.3848 0.2027
vn 0.9756 0.0000 0.2196
vn 0.9005 -0.3848 0.2027
vn 0.6915 -0.7055 0.1556
vn 0.3794 -0.9213 0.0854
vn 0.0033 -1.0000 0.0008
vn -0.3738 -0.9237 -0.0841
vn -0.6883 -0.7087 -0.1548
vn -0.9851 0.0000 -0.1721
vn -0.9084 -0.3869 -0.1587
vn -0.9084 0.3869 -0.1587
vn -0.6953 0.7084 -0.1214
vn -0.3780 0.9234 -0.0660
vn 0.0027 1.0000 0.0005
vn 0.3825 0.9215 0.0668
vn 0.6978 0.7058 0.1219
vn 0.9091 0.3851 0.1588
vn 0.9851 0.0000 0.1721
vn 0.9091 -0.3851 0.1588
vn 0.6978 -0.7058 0.1219
vn 0.3825 -0.9215 0.0668
vn 0.0027 -1.0000 0.0005
vn -0.3780 -0.9234 -0.0660
vn -0.6953 -0.7084 -0.1214
vn -0.9910 -0.0000 -0.1338
vn -0.9139 -0.3868 -0.1234
vn -0.9139 0.3868 -0.1234
vn -0.6997 0.7082 -0.0944
vn -0.3807 0.9233 -0.0514
vn 0.0022 1.0000 0.0003
vn 0.3844 0.9217 0.0519
vn 0.7018 0.7060 0.0947
vn 0.9145 0.3852 0.1235
vn 0.9910 0.0000 0.1338
vn 0.9145 -0.3852 0.1235
vn 0.7018 -0.7060 0.0947
vn 0.3844 -0.9217 0.0519
vn 0.0022 -1.0000 0.0003
vn -0.3807 -0.9233 -0.0514
vn -0.6997 -0.7082 -0.0944
vn -0.9948 -0.0000 -0.1022
vn -0.9174 -0.3866 -0.0943
vn -0.9174 0.3866 -0.0943
vn -0.7025 0.7080 -0.0722
vn -0.3825 0.9231 -0.0393
vn 0.0018 1.0000 0.0002
vn 0.3855 0.9219 0.0396
vn 0.7043 0.7062 0.0724
vn 0.9179 0.3854 0.0943
vn 0.9948 -0.0000 0.1022
vn 0.9179 -0.3854 0.0943
vn 0.7043 -0.7062 0.0724
vn 0.3855 -0.9219 0.0396
vn 0.0018 -1.0000 0.0002
vn -0.3825 -0.9231 -0.0393
vn -0.7025 -0.7080 -0.0722
vn -0.9971 0.0000 -0.0757
vn -0.9196 -0.3865 -0.0698
vn -0.9196 0.3865 -0.0698
vn -0.7043 0.7078 -0.0535
vn -0.3836 0.9230 -0.0291
vn 0.3862 0.9220 0.0293
vn 0.7058 0.7064 0.0536
vn 0.9201 0.3855 0.0698
vn 0.9971 -0.0000 0.0757
vn 0.9201 -0.3855 0.0698
vn 0.7058 -0.7064 0.0536
vn 0.3862 -0.9220 0.0293
vn -0.3836 -0.9230 -0.0291
vn -0.7043 -0.7078 -0.0535
vn -0.9986 0.0000 -0.0530
vn -0.9210 -0.3865 -0.0489
vn -0.9210 0.3865 -0.0489
vn -0.7055 0.7077 -0.0374
vn -0.3843 0.9230 -0.0204
vn 0.0013 1.0000 0.0001
vn 0.3866 0.9220 0.0205
vn 0.7068 0.7065 0.0375
vn 0.9214 0.3855 0.0489
vn 0.9986 -0.0000 0.0530
vn 0.9214 -0.3855 0.0489
vn 0.7068 -0.7065 0.0375
vn 0.3866 -0.9220 0.0205
vn 0.0013 -1.0000 0.0001
vn -0.3843 -0.9230 -0.0204
vn -0.7055 -0.7077 -0.0374
vn -0.9994 0.0000 -0.0333
vn -0.9218 -0.3864 -0.0307
vn -0.9218 0.3864 -0.0307
vn -0.7062 0.7077 -0.0235
vn -0.3848 0.9229 -0.0128
vn 0.0012 1.0000 0.0000
vn 0.3868 0.9221 0.0129
vn 0.7073 0.7065 0.0235
vn 0.9222 0.3856 0.0307
vn 0.9994 -0.0000 0.0333
vn 0.9222 -0.3856 0.0307
vn 0.7073 -0.7065 0.0235
vn 0.3868 -0.9221 0.0129
vn 0.0012 -1.0000 0.0000
vn -0.3848 -0.9229 -0.0128
vn -0.7062 -0.7077 -0.0235
vn -0.9999 -0.0000 -0.0158
vn -0.9222 -0.3864 -0.0146
vn -0.9222 0.3864 -0.0146
vn -0.7065 0.7076 -0.0112
vn -0.3851 0.9229 -0.0061
vn 0.0010 1.0000 0.0000
vn 0.3868 0.9221 0.0061
vn 0.7075 0.7066 0.0112
vn 0.9225 0.3856 0.0146
vn 0.9999 0.0000 0.0158
vn 0.9225 -0.3856 0.0146
vn 0.7075 -0.7066 0.0112
vn 0.3868 -0.9221 0.0061
vn 0.0010 -1.0000 0.0000
vn -0.3851 -0.9229 -0.0061
vn -0.7065 -0.7076 -0.0112
vn -1.0000 -0.0009 -0.0017
vn -0.9221 -0.3870 -0.0042
vn -0.9227 0.3855 0.0010
vn -0.7072 0.7070 0.0035
vn -0.3857 0.9226 0.0056
vn 0.0007 1.0000 0.0067
vn 0.3869 0.9221 0.0069
vn 0.7078 0.7064 0.0060
vn 0.9229 0.3851 0.0042
vn 1.0000 -0.0008 0.0017
vn 0.9223 -0.3864 -0.0010
vn 0.7071 -0.7071 -0.0036
vn 0.3864 -0.9223 -0.0056
vn 0.0008 -1.0000 -0.0068
vn -0.3850 -0.9229 -0.0069
vn -0.7063 -0.7079 -0.0060
vn -1.0000 -0.0019 0.0089
vn -0.9218 -0.3877 -0.0020
vn -0.9229 0.3845 0.0185
vn -0.7076 0.7062 0.0252
vn -0.3860 0.9221 0.0280
vn 0.0006 0.9996 0.0266
vn 0.3871 0.9218 0.0211
vn 0.7082 0.7059 0.0124
vn 0.9231 0.3845 0.0019
vn 1.0000 -0.0014 -0.0090
vn 0.9220 -0.3868 -0.0186
vn 0.7066 -0.7072 -0.0252
vn 0.3859 -0.9221 -0.0280
vn 0.0006 -0.9996 -0.0266
vn -0.3849 -0.9227 -0.0211
vn -0.7060 -0.7081 -0.0125
vn -0.9998 -0.0022 0.0195
vn -0.9218 -0.3876 -0.0020
vn -0.9226 0.3839 0.0380
vn -0.7071 0.7053 0.0504
vn -0.3855 0.9210 0.0553
vn 0.0011 0.9987 0.0517
vn 0.3874 0.9210 0.0401
vn 0.7083 0.7055 0.0227
vn 0.9231 0.3845 0.0018
vn 0.9998 -0.0009 -0.0197
vn 0.9218 -0.3859 -0.0381
vn 0.7063 -0.7061 -0.0505
vn 0.3857 -0.9210 -0.0553
vn 0.0004 -0.9987 -0.0518
vn -0.3851 -0.9220 -0.0402
vn -0.7061 -0.7077 -0.0228
vn -0.9995 -0.0028 0.0322
vn -0.9218 -0.3877 0.0010
vn -0.9220 0.3828 0.0585
vn -0.7063 0.7039 0.0755
vn -0.3846 0.9195 0.0812
vn 0.0018 0.9972 0.0745
vn 0.3879 0.9200 0.0562
vn 0.7085 0.7051 0.0297
vn 0.9230 0.3848 -0.0012
vn 0.9995 0.0001 -0.0325
vn 0.9213 -0.3844 -0.0586
vn 0.7058 -0.7043 -0.0755
vn 0.3852 -0.9193 -0.0812
vn -0.0001 -0.9972 -0.0745
vn -0.3855 -0.9210 -0.0563
vn -0.7063 -0.7072 -0.0299
vn -0.9989 -0.0039 0.0475
vn -0.9216 -0.3881 0.0074
vn -0.9210 0.3812 0.0802
vn -0.7051 0.7020 0.1003
vn -0.3835 0.9175 0.1053
vn 0.0028 0.9956 0.0941
vn 0.3885 0.9189 0.0684
vn 0.7086 0.7048 0.0328
vn 0.9227 0.3855 -0.0077
vn 0.9989 0.0016 -0.0477
vn 0.9205 -0.3823 -0.0803
vn 0.7050 -0.7021 -0.1003
vn 0.3844 -0.9171 -0.1053
vn -0.0007 -0.9956 -0.0942
vn -0.3859 -0.9200 -0.0686
vn -0.7065 -0.7069 -0.0331
vn -0.9978 -0.0055 0.0657
vn -0.9210 -0.3891 0.0180
vn -0.9196 0.3791 0.1032
vn -0.7035 0.6997 0.1244
vn -0.3820 0.9154 0.1270
vn 0.0039 0.9939 0.1101
vn 0.3890 0.9181 0.0761
vn 0.7085 0.7050 0.0312
vn 0.9220 0.3867 -0.0183
vn 0.9978 0.0037 -0.0659
vn 0.9193 -0.3797 -0.1032
vn 0.7039 -0.6994 -0.1244
vn 0.3834 -0.9148 -0.1270
vn -0.0014 -0.9939 -0.1102
vn -0.3863 -0.9192 -0.0764
vn -0.7064 -0.7071 -0.0315
vn -0.9961 -0.0077 0.0873
vn -0.9199 -0.3907 0.0336
vn -0.9176 0.3766 0.1275
vn -0.7014 0.6973 0.1477
vn -0.3802 0.9134 0.1457
vn 0.0050 0.9926 0.1213
vn 0.3892 0.9178 0.0780
vn 0.7079 0.7059 0.0238
vn 0.9207 0.3887 -0.0340
vn 0.9961 0.0066 -0.0875
vn 0.9176 -0.3765 -0.1275
vn 0.7023 -0.6964 -0.1476
vn 0.3823 -0.9125 -0.1458
vn -0.0021 -0.9926 -0.1215
vn -0.3863 -0.9190 -0.0785
vn -0.7059 -0.7079 -0.0243
vn -0.9935 -0.0105 0.1131
vn -0.9178 -0.3932 0.0553
vn -0.9147 0.3738 0.1534
vn -0.6988 0.6948 0.1698
vn -0.3783 0.9116 0.1607
vn 0.0059 0.9919 0.1267
vn 0.3888 0.9184 0.0731
vn 0.7063 0.7078 0.0095
vn 0.9184 0.3917 -0.0556
vn 0.9935 0.0102 -0.1132
vn 0.9151 -0.3728 -0.1534
vn 0.7004 -0.6933 -0.1697
vn 0.3812 -0.9104 -0.1608
vn -0.0023 -0.9919 -0.1271
vn -0.3857 -0.9197 -0.0737
vn -0.7045 -0.7096 -0.0100
vn -0.9895 -0.0139 0.1439
vn -0.9141 -0.3966 0.0842
vn -0.9109 0.3708 0.1811
vn -0.6957 0.6926 0.1903
vn -0.3764 0.9105 0.1709
vn 0.0060 0.9921 0.1249
vn 0.3872 0.9201 0.0596
vn 0.7033 0.7108 -0.0135
vn 0.9145 0.3957 -0.0845
vn 0.9895 0.0147 -0.1439
vn 0.9117 -0.3687 -0.1810
vn 0.6981 -0.6902 -0.1903
vn 0.3803 -0.9089 -0.1712
vn -0.0018 -0.9921 -0.1256
vn -0.3839 -0.9214 -0.0604
vn -0.7016 -0.7125 0.0129
vn -0.9834 -0.0177 0.1805
vn -0.9080 -0.4008 0.1221
vn -0.9057 0.3679 0.2108
vn -0.6922 0.6909 0.2086
vn -0.3752 0.9103 0.1751
vn 0.0047 0.9934 0.1142
vn 0.3833 0.9229 0.0356
vn 0.6976 0.7150 -0.0468
vn 0.9080 0.4007 -0.1223
vn 0.9834 0.0197 -0.1804
vn 0.9071 -0.3644 -0.2107
vn 0.6956 -0.6875 -0.2088
vn 0.3801 -0.9081 -0.1758
vn 0.0004 -0.9933 -0.1152
vn -0.3798 -0.9243 -0.0367
vn -0.6962 -0.7164 0.0461
vn -0.9743 -0.0215 0.2241
vn -0.8981 -0.4054 0.1707
vn -0.8987 0.3655 0.2426
vn -0.6883 0.6900 0.2240
vn -0.3751 0.9109 0.1717
vn 0.0006 0.9957 0.0923
vn 0.3757 0.9267 -0.0013
vn 0.6878 0.7199 -0.0930
vn 0.8976 0.4062 -0.1709
vn 0.9743 0.0251 -0.2240
vn 0.9007 -0.3602 -0.2427
vn 0.6929 -0.6852 -0.2246
vn 0.3814 -0.9081 -0.1730
vn 0.0053 -0.9956 -0.0939
vn -0.3720 -0.9282 -0.0001
vn -0.6867 -0.7211 0.0922
vn -0.9609 -0.0243 0.2760
vn -0.8824 -0.4093 0.2321
vn -0.8894 0.3640 0.2767
vn -0.6846 0.6899 0.2354
vn -0.3776 0.9122 0.1589
vn -0.0081 0.9984 0.0568
vn 0.3622 0.9305 -0.0539
vn 0.6716 0.7246 -0.1545
vn 0.8814 0.4114 -0.2321
vn 0.9607 0.0299 -0.2758
vn 0.8922 -0.3566 -0.2771
vn 0.6905 -0.6835 -0.2368
vn 0.3854 -0.9086 -0.1610
vn 0.0151 -0.9981 -0.0591
vn -0.3582 -0.9322 0.0521
vn -0.6709 -0.7255 0.1537
vn -0.9423 -0.0252 0.3338
vn -0.8596 -0.4108 0.3039
vn -0.8779 0.3637 0.3116
vn -0.6818 0.6901 0.2426
vn -0.3841 0.9130 0.1375
vn -0.0230 0.9997 0.0098
vn 0.3411 0.9324 -0.1192
vn 0.6478 0.7269 -0.2281
vn 0.8584 0.4138 -0.3032
vn 0.9422 0.0321 -0.3336
vn 0.8810 -0.3551 -0.3126
vn 0.6883 -0.6828 -0.2449
vn 0.3926 -0.9089 -0.1405
vn 0.0305 -0.9995 -0.0124
vn -0.3370 -0.9341 0.1180
vn -0.6471 -0.7274 0.2282
vn -0.9238 -0.0258 0.3820
vn -0.8362 -0.4103 0.3638
vn -0.8674 0.3625 0.3408
vn -0.6809 0.6888 0.2488
vn -0.3926 0.9119 0.1197
vn -0.0394 0.9988 -0.0297
vn 0.3195 0.9314 -0.1743
vn 0.6240 0.7255 -0.2903
vn 0.8358 0.4118 -0.3631
vn 0.9238 0.0297 -0.3818
vn 0.8693 -0.3573 -0.3416
vn 0.6847 -0.6844 -0.2506
vn 0.3978 -0.9094 -0.1219
vn 0.0442 -0.9986 0.0280
vn -0.3165 -0.9325 0.1738
vn -0.6232 -0.7260 0.2907
vn -0.9102 -0.0248 0.4135
vn -0.8199 -0.4086 0.4011
vn -0.8589 0.3627 0.3615
vn -0.6787 0.6884 0.2559
vn -0.3970 0.9110 0.1120
vn -0.0496 0.9974 -0.0514
vn 0.3051 0.9296 -0.2068
vn 0.6077 0.7232 -0.3283
vn 0.8197 0.4091 -0.4009
vn 0.9101 0.0269 -0.4135
vn 0.8599 -0.3597 -0.3622
vn 0.6810 -0.6856 -0.2571
vn 0.4003 -0.9093 -0.1136
vn 0.0529 -0.9973 0.0500
vn -0.3029 -0.9305 0.2060
vn -0.6069 -0.7238 0.3282
vn -0.8993 -0.0233 0.4368
vn -0.8076 -0.4067 0.4270
vn -0.8511 0.3636 0.3786
vn -0.6752 0.6887 0.2643
vn -0.3982 0.9106 0.1104
vn -0.0554 0.9965 -0.0629
vn 0.2957 0.9280 -0.2265
vn 0.5962 0.7211 -0.3531
vn 0.8077 0.4066 -0.4270
vn 0.8992 0.0245 -0.4368
vn 0.8518 -0.3616 -0.3791
vn 0.6768 -0.6867 -0.2653
vn 0.4007 -0.9094 -0.1118
vn 0.0581 -0.9964 0.0617
vn -0.2938 -0.9288 0.2257
vn -0.5953 -0.7219 0.3528
vn -0.8894 -0.0217 0.4567
vn -0.7973 -0.4050 0.4476
vn -0.8433 0.3648 0.3947
vn -0.6704 0.6894 0.2742
vn -0.3973 0.9107 0.1127
vn -0.0585 0.9959 -0.0689
vn 0.2892 0.9268 -0.2397
vn 0.5871 0.7193 -0.3714
vn 0.7975 0.4045 -0.4477
vn 0.8893 0.0223 -0.4567
vn 0.8437 -0.3634 -0.3951
vn 0.6717 -0.6878 -0.2750
vn 0.3994 -0.9097 -0.1139
vn 0.0609 -0.9958 0.0677
vn -0.2873 -0.9276 0.2388
vn -0.5862 -0.7203 0.3710
vn -0.8795 -0.0200 0.4755
vn -0.7876 -0.4033 0.4658
vn -0.8347 0.3663 0.4112
vn -0.6644 0.6905 0.2859
vn -0.3947 0.9112 0.1178
vn -0.0597 0.9957 -0.0712
vn 0.2843 0.9258 -0.2491
vn 0.5794 0.7176 -0.3864
vn 0.7880 0.4024 -0.4659
vn 0.8795 0.0202 -0.4755
vn 0.8350 -0.3653 -0.4115
vn 0.6655 -0.6891 -0.2867
vn 0.3967 -0.9102 -0.1190
vn 0.0621 -0.9956 0.0699
vn -0.2823 -0.9267 0.2481
vn -0.5782 -0.7188 0.3859
vn -0.8689 -0.0182 0.4947
vn -0.7779 -0.4016 0.4833
vn -0.8248 0.3680 0.4292
vn -0.6567 0.6919 0.2999
vn -0.3903 0.9121 0.1258
vn -0.0593 0.9957 -0.0707
vn 0.2806 0.9250 -0.2561
vn 0.5722 0.7161 -0.3996
vn 0.7784 0.4004 -0.4835
vn 0.8689 0.0180 -0.4947
vn 0.8250 -0.3673 -0.4294
vn 0.6577 -0.6906 -0.3007
vn 0.3923 -0.9110 -0.1270
vn 0.0618 -0.9957 0.0693
vn -0.2784 -0.9260 0.2550
vn -0.5708 -0.7176 0.3990
vn -0.8567 -0.0162 0.5156
vn -0.7673 -0.4000 0.5013
vn -0.8129 0.3701 0.4497
vn -0.6468 0.6937 0.3169
vn -0.3839 0.9132 0.1366
vn -0.0574 0.9961 -0.0677
vn 0.2778 0.9244 -0.2615
vn 0.5651 0.7146 -0.4123
vn 0.7680 0.3983 -0.5016
vn 0.8567 0.0156 -0.5156
vn 0.8131 -0.3695 -0.4499
vn 0.6478 -0.6924 -0.3177
vn 0.3859 -0.9121 -0.1380
vn 0.0602 -0.9960 0.0661
vn -0.2752 -0.9256 0.2600
vn -0.5633 -0.7165 0.4115
vn -0.8418 -0.0141 0.5395
vn -0.7549 -0.3983 0.5211
vn -0.7979 0.3724 0.4740
vn -0.6338 0.6958 0.3378
vn -0.3747 0.9148 0.1510
vn -0.0536 0.9966 -0.0622
vn 0.2756 0.9239 -0.2656
vn 0.5573 0.7131 -0.4253
vn 0.7558 0.3961 -0.5215
vn 0.8419 0.0130 -0.5395
vn 0.7980 -0.3720 -0.4742
vn 0.6349 -0.6944 -0.3387
vn 0.3771 -0.9135 -0.1527
vn 0.0568 -0.9966 0.0601
vn -0.2724 -0.9253 0.2637
vn -0.5552 -0.7154 0.4242
vn -0.8228 -0.0117 0.5682
vn -0.7394 -0.3966 0.5440
vn -0.7781 0.3751 0.5038
vn -0.6162 0.6983 0.3642
vn -0.3618 0.9166 0.1700
vn -0.0474 0.9974 -0.0537
vn 0.2740 0.9234 -0.2689
vn 0.5483 0.7115 -0.4396
vn 0.7406 0.3935 -0.5447
vn 0.8228 0.0101 -0.5682
vn 0.7781 -0.3748 -0.5041
vn 0.6173 -0.6968 -0.3653
vn 0.3645 -0.9151 -0.1721
vn 0.0513 -0.9974 0.0509
vn -0.2701 -0.9253 0.2663
vn -0.5456 -0.7145 0.4380
vn -0.7970 -0.0093 0.6039
vn -0.7189 -0.3950 0.5720
vn -0.7507 0.3780 0.5418
vn -0.5913 0.7012 0.3984
vn -0.3429 0.9188 0.1952
vn -0.0376 0.9984 -0.0415
vn 0.2731 0.9229 -0.2714
vn 0.5369 0.7096 -0.4563
vn 0.7204 0.3907 -0.5730
vn 0.7969 0.0069 -0.6041
vn 0.7506 -0.3778 -0.5421
vn 0.5925 -0.6993 -0.3998
vn 0.3464 -0.9169 -0.1981
vn 0.0426 -0.9984 0.0376
vn -0.2681 -0.9254 0.2678
vn -0.5334 -0.7138 0.4539
vn -0.7595 -0.0072 0.6505
vn -0.6897 -0.3938 0.6076
vn -0.7105 0.3808 0.5918
vn -0.5541 0.7041 0.4440
vn -0.3144 0.9212 0.2294
vn -0.0221 0.9995 -0.0242
vn 0.2730 0.9223 -0.2736
vn 0.5213 0.7076 -0.4771
vn 0.6916 0.3878 -0.6093
vn 0.7592 0.0037 -0.6508
vn 0.7101 -0.3807 -0.5922
vn 0.5557 -0.7016 -0.4461
vn 0.3188 -0.9186 -0.2337
vn 0.0287 -0.9994 0.0184
vn -0.2663 -0.9259 0.2680
vn -0.5167 -0.7135 0.4732
vn -0.7364 -0.0066 0.6765
vn -0.6719 -0.3938 0.6273
vn -0.6856 0.3817 0.6199
vn -0.5312 0.7051 0.4697
vn -0.2965 0.9221 0.2487
vn -0.0121 0.9998 -0.0145
vn 0.2735 0.9217 -0.2750
vn 0.5123 0.7060 -0.4890
vn 0.6743 0.3857 -0.6298
vn 0.7361 0.0018 -0.6769
vn 0.6851 -0.3817 -0.6204
vn 0.5331 -0.7019 -0.4724
vn 0.3021 -0.9187 -0.2544
vn 0.0205 -0.9998 0.0066
vn -0.2651 -0.9264 0.2673
vn -0.5064 -0.7139 0.4836
vn 0.4865 0.8471 -0.2137
vn 0.3986 0.8627 -0.3113
vn 0.0446 0.9982 0.0412
vn 0.1356 0.9814 0.1357
vn -0.5045 0.4897 0.7111
vn -0.6012 0.5021 0.6217
vn -0.7199 0.0035 0.6940
vn -0.6222 -0.0045 0.7828
vn -0.6458 -0.4960 0.5805
vn -0.5487 -0.4997 0.6703
vn -0.3986 -0.8627 0.3113
vn -0.3036 -0.8631 0.4035
vn -0.0446 -0.9982 -0.0412
vn 0.0472 -0.9974 0.0540
vn 0.3214 -0.8662 -0.3827
vn 0.4100 -0.8666 -0.2845
vn 0.6012 -0.5021 -0.6217
vn 0.6874 -0.5057 -0.5213
vn 0.7199 -0.0035 -0.6940
vn 0.8051 -0.0115 -0.5931
vn 0.6458 0.4960 -0.5805
vn 0.7315 0.4837 -0.4805
vn -0.6926 0.0606 -0.7187
vn -0.6889 -0.4911 0.5332
vn -0.7629 0.0074 0.6465
vn -0.2271 0.8506 0.4742
vn -0.3214 0.8662 0.3827
vn 0.0619 0.7237 0.6873
vn 0.3803 0.8385 0.3902
vn 0.4248 0.3983 0.8130
vn 0.6149 0.4669 0.6355
vn 0.6379 0.0673 0.7672
vn 0.6917 0.0867 0.7170
vn -0.1815 0.4070 0.8952
vn 0.2794 0.2091 0.9371
vn 0.5968 0.0138 0.8023
vn -0.2848 -0.0268 0.9582
vn 0.2176 -0.0500 0.9747
vn 0.5794 -0.0594 0.8129
vn -0.2203 -0.4614 0.8594
vn 0.2562 -0.3096 0.9157
vn 0.5903 -0.1328 0.7962
vn -0.0052 -0.7804 0.6253
vn 0.3846 -0.5001 0.7759
vn 0.6266 -0.1867 0.7567
vn 0.3027 -0.8983 0.3185
vn 0.5686 -0.5705 0.5927
vn 0.6786 -0.2066 0.7049
vn 0.6211 -0.7835 0.0214
vn 0.7588 -0.5019 0.4152
vn 0.7323 -0.1872 0.6547
vn 0.8645 -0.4667 -0.1864
vn 0.9042 -0.3127 0.2910
vn 0.7734 -0.1337 0.6196
vn 0.9678 -0.0329 -0.2494
vn 0.9659 -0.0536 0.2534
vn 0.7908 -0.0605 0.6090
vn 0.9033 0.4017 -0.1506
vn 0.9273 0.2060 0.3125
vn 0.7800 0.0129 0.6257
vn 0.6883 0.7206 0.0835
vn 0.7989 0.3965 0.4523
vn 0.7437 0.0668 0.6652
vn -0.6926 0.0606 -0.7188
vn 0.2763 -0.8605 -0.4280
vn -0.0889 -0.9922 -0.0872
vn -0.4422 -0.8570 0.2646
vn 0.6740 0.0004 -0.7387
vn 0.5555 -0.4972 -0.6665
vn 0.3533 0.8648 -0.3568
vn 0.6000 0.4989 -0.6254
vn -0.3651 0.8683 0.3358
vn 0.0001 1.0000 -0.0050
vn -0.6444 0.5050 0.5743
vn -0.4656 0.8471 -0.2561
vn -0.4896 0.8627 -0.1269
vn 0.0056 0.9982 -0.0604
vn 0.0252 0.9814 -0.1902
vn 0.8713 0.4897 -0.0322
vn 0.8591 0.5021 0.0990
vn 0.9888 0.0035 0.1492
vn 0.9998 -0.0045 0.0176
vn 0.8535 -0.4960 0.1594
vn 0.8658 -0.4997 0.0277
vn 0.4896 -0.8627 0.1269
vn 0.5050 -0.8631 -0.0045
vn -0.0056 -0.9982 0.0604
vn 0.0141 -0.9974 -0.0704
vn -0.4992 -0.8662 -0.0222
vn -0.4752 -0.8666 -0.1523
vn -0.8591 -0.5021 -0.0989
vn -0.8319 -0.5057 -0.2284
vn -0.9888 -0.0035 -0.1492
vn -0.9605 -0.0115 -0.2781
vn -0.8535 0.4960 -0.1594
vn -0.8264 0.4837 -0.2883
vn -0.1491 0.0606 0.9870
vn 0.8422 -0.4911 0.2224
vn 0.9772 0.0074 0.2122
vn 0.5145 0.8506 -0.1082
vn 0.4992 0.8662 0.0222
vn 0.5078 0.7237 -0.4673
vn 0.0784 0.8385 -0.5392
vn 0.3868 0.3983 -0.8317
vn 0.1303 0.4669 -0.8747
vn 0.2208 0.0673 -0.9730
vn 0.1483 0.0867 -0.9851
vn 0.8209 0.4070 -0.4006
vn 0.5738 0.2091 -0.7918
vn 0.2737 0.0138 -0.9617
vn 0.9338 -0.0268 -0.3569
vn 0.6412 -0.0500 -0.7657
vn 0.2927 -0.0594 -0.9543
vn 0.8161 -0.4614 -0.3480
vn 0.5709 -0.3096 -0.7604
vn 0.2729 -0.1328 -0.9528
vn 0.4994 -0.7804 -0.3762
vn 0.3818 -0.5001 -0.7773
vn 0.2194 -0.1867 -0.9576
vn 0.0687 -0.8983 -0.4340
vn 0.1245 -0.5705 -0.8118
vn 0.1467 -0.2066 -0.9674
vn -0.3608 -0.7834 -0.5060
vn -0.1321 -0.5019 -0.8548
vn 0.0741 -0.1872 -0.9795
vn -0.6739 -0.4667 -0.5727
vn -0.3191 -0.3127 -0.8947
vn 0.0213 -0.1337 -0.9908
vn -0.7867 -0.0329 -0.6164
vn -0.3864 -0.0536 -0.9208
vn 0.0022 -0.0605 -0.9982
vn -0.6691 0.4017 -0.6253
vn -0.3162 0.2060 -0.9261
vn 0.0221 0.0129 -0.9997
vn -0.3524 0.7206 -0.5971
vn -0.1270 0.3965 -0.9092
vn 0.0756 0.0668 -0.9949
vn -0.5078 -0.8605 0.0411
vn -0.0151 -0.9922 0.1236
vn 0.4790 -0.8570 0.1900
vn -0.9963 0.0004 -0.0855
vn -0.8669 -0.4972 -0.0354
vn -0.4981 0.8648 -0.0634
vn -0.8613 0.4989 -0.0958
vn 0.4887 0.8683 0.0855
vn -0.0040 1.0000 0.0030
vn 0.8478 0.5050 0.1621
vn 0.0687 -0.8983 -0.4341
vn -0.3608 -0.7835 -0.5060
vn -0.1320 -0.5019 -0.8548
vn -0.3865 -0.0536 -0.9208
vn 0.4809 0.8471 -0.2260
vn 0.3905 0.8627 -0.3214
vn 0.0456 0.9982 0.0401
vn 0.1390 0.9814 0.1322
vn -0.4863 0.4897 0.7237
vn -0.5852 0.5021 0.6367
vn -0.7021 0.0035 0.7121
vn -0.6021 -0.0045 0.7984
vn -0.6308 -0.4960 0.5967
vn -0.5315 -0.4997 0.6840
vn -0.3905 -0.8627 0.3214
vn -0.2933 -0.8631 0.4111
vn -0.0456 -0.9982 -0.0401
vn 0.0486 -0.9974 0.0528
vn 0.3115 -0.8662 -0.3907
vn 0.4026 -0.8666 -0.2948
vn 0.5852 -0.5021 -0.6367
vn 0.6739 -0.5057 -0.5386
vn 0.7020 -0.0035 -0.7121
vn 0.7897 -0.0115 -0.6134
vn 0.6308 0.4960 -0.5967
vn 0.7191 0.4837 -0.4989
vn -0.7107 0.0606 -0.7009
vn -0.6751 -0.4911 0.5505
vn -0.7462 0.0074 0.6657
vn -0.2150 0.8506 0.4799
vn -0.3115 0.8662 0.3907
vn 0.0794 0.7237 0.6855
vn 0.3901 0.8385 0.3804
vn 0.4453 0.3983 0.8019
vn 0.6309 0.4669 0.6197
vn 0.6572 0.0673 0.7507
vn 0.7097 0.0867 0.6992
vn -0.1587 0.4070 0.8996
vn 0.3031 0.2091 0.9297
vn 0.6170 0.0138 0.7868
vn -0.2604 -0.0268 0.9651
vn 0.2424 -0.0500 0.9689
vn 0.5998 -0.0594 0.7979
vn -0.1984 -0.4614 0.8647
vn 0.2794 -0.3096 0.9089
vn 0.6103 -0.1328 0.7810
vn 0.0106 -0.7804 0.6252
vn 0.4042 -0.5001 0.7658
vn 0.6456 -0.1867 0.7405
vn 0.3107 -0.8983 0.3107
vn 0.5835 -0.5705 0.5780
vn 0.6963 -0.2066 0.6874
vn 0.6214 -0.7834 0.0056
vn 0.7691 -0.5019 0.3958
vn 0.7487 -0.1872 0.6359
vn 0.8595 -0.4667 -0.2084
vn 0.9113 -0.3127 0.2680
vn 0.7889 -0.1337 0.5998
vn 0.9612 -0.0329 -0.2739
vn 0.9720 -0.0536 0.2288
vn 0.8061 -0.0605 0.5887
vn 0.8992 0.4017 -0.1735
vn 0.9350 0.2060 0.2888
vn 0.7956 0.0129 0.6057
vn 0.6902 0.7206 0.0660
vn 0.8101 0.3965 0.4318
vn 0.7603 0.0668 0.6461
vn -0.7106 0.0606 -0.7009
vn 0.2653 -0.8605 -0.4349
vn -0.0911 -0.9922 -0.0849
vn -0.4353 -0.8570 0.2758
vn 0.6550 0.0004 -0.7556
vn 0.5384 -0.4972 -0.6804
vn 0.3441 0.8648 -0.3657
vn 0.5839 0.4989 -0.6404
vn -0.3565 0.8683 0.3450
vn -0.0001 1.0000 -0.0050
vn -0.6296 0.5050 0.5905
usemtl MI_Trim_03_Cables
s 1
f 1/1/1 17/2/2 32/3/3 16/4/4
f 2/5/5 18/6/6 17/2/2 1/1/1
f 3/7/7 19/8/8 18/6/6 2/5/5
f 4/9/9 20/10/10 19/8/8 3/7/7
f 5/11/11 21/12/12 20/10/10 4/9/9
f 6/13/13 22/14/14 21/12/12 5/11/11
f 7/15/15 23/16/16 22/14/14 6/13/13
f 8/17/17 24/18/18 23/16/16 7/15/15
f 9/19/19 25/20/20 24/18/18 8/17/17
f 10/21/21 26/22/22 25/20/20 9/19/19
f 11/23/23 27/24/24 26/22/22 10/21/21
f 12/25/25 28/26/26 27/24/24 11/23/23
f 13/27/27 29/28/28 28/26/26 12/25/25
f 14/29/29 30/30/30 29/31/28 13/32/27
f 15/33/31 31/34/32 30/30/30 14/29/29
f 16/4/4 32/3/3 31/34/32 15/33/31
f 17/2/2 33/35/33 48/36/34 32/3/3
f 18/6/6 34/37/35 33/35/33 17/2/2
f 19/8/8 35/38/36 34/37/35 18/6/6
f 20/10/10 36/39/37 35/38/36 19/8/8
f 21/12/12 37/40/38 36/39/37 20/10/10
f 22/14/14 38/41/39 37/40/38 21/12/12
f 23/16/16 39/42/40 38/41/39 22/14/14
f 24/18/18 40/43/41 39/42/40 23/16/16
f 25/20/20 41/44/42 40/43/41 24/18/18
f 26/22/22 42/45/43 41/44/42 25/20/20
f 27/24/24 43/46/44 42/45/43 26/22/22
f 28/26/26 44/47/45 43/46/44 27/24/24
f 29/28/28 45/48/46 44/47/45 28/26/26
f 30/30/30 46/49/47 45/50/46 29/31/28
f 31/34/32 47/51/48 46/49/47 30/30/30
f 32/3/3 48/36/34 47/51/48 31/34/32
f 33/35/33 49/52/49 64/53/50 48/36/34
f 34/37/35 50/54/51 49/52/49 33/35/33
f 35/38/36 51/55/52 50/54/51 34/37/35
f 36/39/37 52/56/53 51/55/52 35/38/36
f 37/40/38 53/57/54 52/56/53 36/39/37
f 38/41/39 54/58/55 53/57/54 37/40/38
f 39/42/40 55/59/56 54/58/55 38/41/39
f 40/43/41 56/60/57 55/59/56 39/42/40
f 41/44/42 57/61/58 56/60/57 40/43/41
f 42/45/43 58/62/59 57/61/58 41/44/42
f 43/46/44 59/63/60 58/62/59 42/45/43
f 44/47/45 60/64/61 59/63/60 43/46/44
f 45/48/46 61/65/62 60/64/61 44/47/45
f 46/49/47 62/66/63 61/67/62 45/50/46
f 47/51/48 63/68/64 62/66/63 46/49/47
f 48/36/34 64/53/50 63/68/64 47/51/48
f 49/52/49 65/69/65 80/70/66 64/53/50
f 50/54/51 66/71/67 65/69/65 49/52/49
f 51/55/52 67/72/68 66/71/67 50/54/51
f 52/56/53 68/73/69 67/72/68 51/55/52
f 53/57/54 69/74/70 68/73/69 52/56/53
f 54/58/55 70/75/71 69/74/70 53/57/54
f 55/59/56 71/76/72 70/75/71 54/58/55
f 56/60/57 72/77/73 71/76/72 55/59/56
f 57/61/58 73/78/74 72/77/73 56/60/57
f 58/62/59 74/79/75 73/78/74 57/61/58
f 59/63/60 75/80/76 74/79/75 58/62/59
f 60/64/61 76/81/77 75/80/76 59/63/60
f 61/65/62 77/82/78 76/81/77 60/64/61
f 62/66/63 78/83/79 77/84/78 61/67/62
f 63/68/64 79/85/80 78/83/79 62/66/63
f 64/53/50 80/70/66 79/85/80 63/68/64
f 65/69/65 81/86/81 96/87/82 80/70/66
f 66/71/67 82/88/83 81/86/81 65/69/65
f 67/72/68 83/89/84 82/88/83 66/71/67
f 68/73/69 84/90/85 83/89/84 67/72/68
f 69/74/70 85/91/86 84/90/85 68/73/69
f 70/75/71 86/92/87 85/91/86 69/74/70
f 71/76/72 87/93/88 86/92/87 70/75/71
f 72/77/73 88/94/89 87/93/88 71/76/72
f 73/78/74 89/95/90 88/94/89 72/77/73
f 74/79/75 90/96/91 89/95/90 73/78/74
f 75/80/76 91/97/92 90/96/91 74/79/75
f 76/81/77 92/98/93 91/97/92 75/80/76
f 77/82/78 93/99/94 92/98/93 76/81/77
f 78/83/79 94/100/95 93/101/94 77/84/78
f 79/85/80 95/102/96 94/100/95 78/83/79
f 80/70/66 96/87/82 95/102/96 79/85/80
f 81/86/81 97/103/97 112/104/98 96/87/82
f 82/88/83 98/105/99 97/103/97 81/86/81
f 83/89/84 99/106/100 98/105/99 82/88/83
f 84/90/85 100/107/101 99/106/100 83/89/84
f 85/91/86 101/108/102 100/107/101 84/90/85
f 86/92/87 102/109/103 101/108/102 85/91/86
f 87/93/88 103/110/104 102/109/103 86/92/87
f 88/94/89 104/111/105 103/110/104 87/93/88
f 89/95/90 105/112/106 104/111/105 88/94/89
f 90/96/91 106/113/107 105/112/106 89/95/90
f 91/97/92 107/114/108 106/113/107 90/96/91
f 92/98/93 108/115/109 107/114/108 91/97/92
f 93/99/94 109/116/110 108/115/109 92/98/93
f 94/100/95 110/117/111 109/118/110 93/101/94
f 95/102/96 111/119/112 110/117/111 94/100/95
f 96/87/82 112/104/98 111/119/112 95/102/96
f 97/103/97 113/120/113 128/121/114 112/104/98
f 98/105/99 114/122/115 113/120/113 97/103/97
f 99/106/100 115/123/116 114/122/115 98/105/99
f 100/107/101 116/124/117 115/123/116 99/106/100
f 101/108/102 117/125/118 116/124/117 100/107/101
f 102/109/103 118/126/119 117/125/118 101/108/102
f 103/110/104 119/127/120 118/126/119 102/109/103
f 104/111/105 120/128/121 119/127/120 103/110/104
f 105/112/106 121/129/122 120/128/121 104/111/105
f 106/113/107 122/130/123 121/129/122 105/112/106
f 107/114/108 123/131/124 122/130/123 106/113/107
f 108/115/109 124/132/125 123/131/124 107/114/108
f 109/116/110 125/133/126 124/132/125 108/115/109
f 110/117/111 126/134/127 125/135/126 109/118/110
f 111/119/112 127/136/128 126/134/127 110/117/111
f 112/104/98 128/121/114 127/136/128 111/119/112
f 113/120/113 129/137/129 144/138/130 128/121/114
f 114/122/115 130/139/131 129/137/129 113/120/113
f 115/123/116 131/140/132 130/139/131 114/122/115
f 116/124/117 132/141/133 131/140/132 115/123/116
f 117/125/118 133/142/134 132/141/133 116/124/117
f 118/126/119 134/143/135 133/142/134 117/125/118
f 119/127/120 135/144/136 134/143/135 118/126/119
f 120/128/121 136/145/137 135/144/136 119/127/120
f 121/129/122 137/146/138 136/145/137 120/128/121
f 122/130/123 138/147/139 137/146/138 121/129/122
f 123/131/124 139/148/140 138/147/139 122/130/123
f 124/132/125 140/149/141 139/148/140 123/131/124
f 125/133/126 141/150/142 140/149/141 124/132/125
f 126/134/127 142/151/143 141/152/142 125/135/126
f 127/136/128 143/153/144 142/151/143 126/134/127
f 128/121/114 144/138/130 143/153/144 127/136/128
f 129/137/129 145/154/145 160/155/146 144/138/130
f 130/139/131 146/156/147 145/154/145 129/137/129
f 131/140/132 147/157/148 146/156/147 130/139/131
f 132/141/133 148/158/149 147/157/148 131/140/132
f 133/142/134 149/159/150 148/158/149 132/141/133
f 134/143/135 150/160/151 149/159/150 133/142/134
f 135/144/136 151/161/152 150/160/151 134/143/135
f 136/145/137 152/162/153 151/161/152 135/144/136
f 137/146/138 153/163/154 152/162/153 136/145/137
f 138/147/139 154/164/155 153/163/154 137/146/138
f 139/148/140 155/165/156 154/164/155 138/147/139
f 140/149/141 156/166/157 155/165/156 139/148/140
f 141/150/142 157/167/158 156/166/157 140/149/141
f 142/151/143 158/168/159 157/169/158 141/152/142
f 143/153/144 159/170/160 158/168/159 142/151/143
f 144/138/130 160/155/146 159/170/160 143/153/144
f 145/154/145 161/171/161 176/172/162 160/155/146
f 146/156/147 162/173/163 161/171/161 145/154/145
f 147/157/148 163/174/164 162/173/163 146/156/147
f 148/158/149 164/175/165 163/174/164 147/157/148
f 149/159/150 165/176/166 164/175/165 148/158/149
f 150/160/151 166/177/167 165/176/166 149/159/150
f 151/161/152 167/178/168 166/177/167 150/160/151
f 152/162/153 168/179/169 167/178/168 151/161/152
f 153/163/154 169/180/170 168/179/169 152/162/153
f 154/164/155 170/181/171 169/180/170 153/163/154
f 155/165/156 171/182/172 170/181/171 154/164/155
f 156/166/157 172/183/173 171/182/172 155/165/156
f 157/167/158 173/184/174 172/183/173 156/166/157
f 158/168/159 174/185/175 173/186/174 157/169/158
f 159/170/160 175/187/176 174/185/175 158/168/159
f 160/155/146 176/172/162 175/187/176 159/170/160
f 161/171/161 177/188/177 192/189/178 176/172/162
f 162/173/163 178/190/179 177/188/177 161/171/161
f 163/174/164 179/191/180 178/190/179 162/173/163
f 164/175/165 180/192/181 179/191/180 163/174/164
f 165/176/166 181/193/182 180/192/181 164/175/165
f 166/177/167 182/194/183 181/193/182 165/176/166
f 167/178/168 183/195/184 182/194/183 166/177/167
f 168/179/169 184/196/185 183/195/184 167/178/168
f 169/180/170 185/197/186 184/196/185 168/179/169
f 170/181/171 186/198/187 185/197/186 169/180/170
f 171/182/172 187/199/188 186/198/187 170/181/171
f 172/183/173 188/200/189 187/199/188 171/182/172
f 173/184/174 189/201/190 188/200/189 172/183/173
f 174/185/175 190/202/191 189/203/190 173/186/174
f 175/187/176 191/204/192 190/202/191 174/185/175
f 176/172/162 192/189/178 191/204/192 175/187/176
f 177/188/177 193/205/193 208/206/194 192/189/178
f 178/190/179 194/207/195 193/205/193 177/188/177
f 179/191/180 195/208/196 194/207/195 178/190/179
f 180/192/181 196/209/197 195/208/196 179/191/180
f 181/193/182 197/210/198 196/209/197 180/192/181
f 182/194/183 198/211/199 197/210/198 181/193/182
f 183/195/184 199/212/200 198/211/199 182/194/183
f 184/196/185 200/213/201 199/212/200 183/195/184
f 185/197/186 201/214/202 200/213/201 184/196/185
f 186/198/187 202/215/203 201/214/202 185/197/186
f 187/199/188 203/216/204 202/215/203 186/198/187
f 188/200/189 204/217/205 203/216/204 187/199/188
f 189/201/190 205/218/206 204/217/205 188/200/189
f 190/202/191 206/219/207 205/220/206 189/203/190
f 191/204/192 207/221/208 206/219/207 190/202/191
f 192/189/178 208/206/194 207/221/208 191/204/192
f 193/205/193 209/222/209 224/223/210 208/206/194
f 194/207/195 210/224/211 209/222/209 193/205/193
f 195/208/196 211/225/212 210/224/211 194/207/195
f 196/209/197 212/226/213 211/225/212 195/208/196
f 197/210/198 213/227/214 212/226/213 196/209/197
f 198/211/199 214/228/215 213/227/214 197/210/198
f 199/212/200 215/229/216 214/228/215 198/211/199
f 200/213/201 216/230/217 215/229/216 199/212/200
f 201/214/202 217/231/218 216/230/217 200/213/201
f 202/215/203 218/232/219 217/231/218 201/214/202
f 203/216/204 219/233/220 218/232/219 202/215/203
f 204/217/205 220/234/221 219/233/220 203/216/204
f 205/218/206 221/235/222 220/234/221 204/217/205
f 206/219/207 222/236/223 221/237/222 205/220/206
f 207/221/208 223/238/224 222/236/223 206/219/207
f 208/206/194 224/223/210 223/238/224 207/221/208
f 209/222/209 225/239/225 240/240/226 224/223/210
f 210/224/211 226/241/227 225/239/225 209/222/209
f 211/225/212 227/242/228 226/241/227 210/224/211
f 212/226/213 228/243/229 227/242/228 211/225/212
f 213/227/214 229/244/230 228/243/229 212/226/213
f 214/228/215 230/245/231 229/244/230 213/227/214
f 215/229/216 231/246/232 230/245/231 214/228/215
f 216/230/217 232/247/233 231/246/232 215/229/216
f 217/231/218 233/248/234 232/247/233 216/230/217
f 218/232/219 234/249/235 233/248/234 217/231/218
f 219/233/220 235/250/236 234/249/235 218/232/219
f 220/234/221 236/251/237 235/250/236 219/233/220
f 221/235/222 237/252/238 236/251/237 220/234/221
f 222/236/223 238/253/239 237/254/238 221/237/222
f 223/238/224 239/255/240 238/253/239 222/236/223
f 224/223/210 240/240/226 239/255/240 223/238/224
f 225/239/225 241/256/241 256/257/242 240/240/226
f 226/241/227 242/258/243 241/256/241 225/239/225
f 227/242/228 243/259/244 242/258/243 226/241/227
f 228/243/229 244/260/245 243/259/244 227/242/228
f 229/244/230 245/261/246 244/260/245 228/243/229
f 230/245/231 246/262/247 245/261/246 229/244/230
f 231/246/232 247/263/248 246/262/247 230/245/231
f 232/247/233 248/264/249 247/263/248 231/246/232
f 233/248/234 249/265/250 248/264/249 232/247/233
f 234/249/235 250/266/251 249/265/250 233/248/234
f 235/250/236 251/267/252 250/266/251 234/249/235
f 236/251/237 252/268/253 251/267/252 235/250/236
f 237/252/238 253/269/254 252/268/253 236/251/237
f 238/253/239 254/270/255 253/271/254 237/254/238
f 239/255/240 255/272/256 254/270/255 238/253/239
f 240/240/226 256/257/242 255/272/256 239/255/240
f 241/256/241 257/273/257 272/274/258 256/257/242
f 242/258/243 258/275/259 257/273/257 241/256/241
f 243/259/244 259/276/260 258/275/259 242/258/243
f 244/260/245 260/277/261 259/276/260 243/259/244
f 245/261/246 261/278/262 260/277/261 244/260/245
f 246/262/247 262/279/263 261/278/262 245/261/246
f 247/263/248 263/280/264 262/279/263 246/262/247
f 248/264/249 264/281/265 263/280/264 247/263/248
f 249/265/250 265/282/266 264/281/265 248/264/249
f 250/266/251 266/283/267 265/282/266 249/265/250
f 251/267/252 267/284/268 266/283/267 250/266/251
f 252/268/253 268/285/269 267/284/268 251/267/252
f 253/269/254 269/286/270 268/285/269 252/268/253
f 254/270/255 270/287/271 269/288/270 253/271/254
f 255/272/256 271/289/272 270/287/271 254/270/255
f 256/257/242 272/274/258 271/289/272 255/272/256
f 257/273/257 273/290/273 288/291/274 272/274/258
f 258/275/259 274/292/275 273/290/273 257/273/257
f 259/276/260 275/293/276 274/292/275 258/275/259
f 260/277/261 276/294/277 275/293/276 259/276/260
f 261/278/262 277/295/278 276/294/277 260/277/261
f 262/279/263 278/296/279 277/295/278 261/278/262
f 263/280/264 279/297/280 278/296/279 262/279/263
f 264/281/265 280/298/281 279/297/280 263/280/264
f 265/282/266 281/299/282 280/298/281 264/281/265
f 266/283/267 282/300/283 281/299/282 265/282/266
f 267/284/268 283/301/284 282/300/283 266/283/267
f 268/285/269 284/302/285 283/301/284 267/284/268
f 269/286/270 285/303/286 284/302/285 268/285/269
f 270/287/271 286/304/287 285/305/286 269/288/270
f 271/289/272 287/306/288 286/304/287 270/287/271
f 272/274/258 288/291/274 287/306/288 271/289/272
f 273/290/273 289/307/289 304/308/290 288/291/274
f 274/292/275 290/309/291 289/307/289 273/290/273
f 275/293/276 291/310/292 290/309/291 274/292/275
f 276/294/277 292/311/293 291/310/292 275/293/276
f 277/295/278 293/312/294 292/311/293 276/294/277
f 278/296/279 294/313/295 293/312/294 277/295/278
f 279/297/280 295/314/296 294/313/295 278/296/279
f 280/298/281 296/315/297 295/314/296 279/297/280
f 281/299/282 297/316/298 296/315/297 280/298/281
f 282/300/283 298/317/299 297/316/298 281/299/282
f 283/301/284 299/318/300 298/317/299 282/300/283
f 284/302/285 300/319/301 299/318/300 283/301/284
f 285/303/286 301/320/302 300/319/301 284/302/285
f 286/304/287 302/321/303 301/322/302 285/305/286
f 287/306/288 303/323/304 302/321/303 286/304/287
f 288/291/274 304/308/290 303/323/304 287/306/288
f 289/307/289 305/324/305 320/325/306 304/308/290
f 290/309/291 306/326/307 305/324/305 289/307/289
f 291/310/292 307/327/308 306/326/307 290/309/291
f 292/311/293 308/328/309 307/327/308 291/310/292
f 293/312/294 309/329/310 308/328/309 292/311/293
f 294/313/295 310/330/311 309/329/310 293/312/294
f 295/314/296 311/331/312 310/330/311 294/313/295
f 296/315/297 312/332/313 311/331/312 295/314/296
f 297/316/298 313/333/314 312/332/313 296/315/297
f 298/317/299 314/334/315 313/333/314 297/316/298
f 299/318/300 315/335/316 314/334/315 298/317/299
f 300/319/301 316/336/317 315/335/316 299/318/300
f 301/320/302 317/337/318 316/336/317 300/319/301
f 302/321/303 318/338/319 317/339/318 301/322/302
f 303/323/304 319/340/320 318/338/319 302/321/303
f 304/308/290 320/325/306 319/340/320 303/323/304
f 305/324/305 321/341/321 336/342/322 320/325/306
f 306/326/307 322/343/323 321/341/321 305/324/305
f 307/327/308 323/344/324 322/343/323 306/326/307
f 308/328/309 324/345/325 323/344/324 307/327/308
f 309/329/310 325/346/326 324/345/325 308/328/309
f 310/330/311 326/347/327 325/346/326 309/329/310
f 311/331/312 327/348/328 326/347/327 310/330/311
f 312/332/313 328/349/329 327/348/328 311/331/312
f 313/333/314 329/350/330 328/349/329 312/332/313
f 314/334/315 330/351/331 329/350/330 313/333/314
f 315/335/316 331/352/332 330/351/331 314/334/315
f 316/336/317 332/353/333 331/352/332 315/335/316
f 317/337/318 333/354/334 332/353/333 316/336/317
f 318/338/319 334/355/335 333/356/334 317/339/318
f 319/340/320 335/357/336 334/355/335 318/338/319
f 320/325/306 336/342/322 335/357/336 319/340/320
f 321/341/321 337/358/337 352/359/338 336/342/322
f 322/343/323 338/360/339 337/358/337 321/341/321
f 323/344/324 339/361/340 338/360/339 322/343/323
f 324/345/325 340/362/341 339/361/340 323/344/324
f 325/346/326 341/363/342 340/362/341 324/345/325
f 326/347/327 342/364/343 341/363/342 325/346/326
f 327/348/328 343/365/344 342/364/343 326/347/327
f 328/349/329 344/366/345 343/365/344 327/348/328
f 329/350/330 345/367/346 344/366/345 328/349/329
f 330/351/331 346/368/347 345/367/346 329/350/330
f 331/352/332 347/369/348 346/368/347 330/351/331
f 332/353/333 348/370/349 347/369/348 331/352/332
f 333/354/334 349/371/350 348/370/349 332/353/333
f 334/355/335 350/372/351 349/373/350 333/356/334
f 335/357/336 351/374/352 350/372/351 334/355/335
f 336/342/322 352/359/338 351/374/352 335/357/336
f 337/358/337 353/375/353 368/376/354 352/359/338
f 338/360/339 354/377/355 353/375/353 337/358/337
f 339/361/340 355/378/356 354/377/355 338/360/339
f 340/362/341 356/379/357 355/378/356 339/361/340
f 341/363/342 357/380/358 356/379/357 340/362/341
f 342/364/343 358/381/359 357/380/358 341/363/342
f 343/365/344 359/382/360 358/381/359 342/364/343
f 344/366/345 360/383/361 359/382/360 343/365/344
f 345/367/346 361/384/362 360/383/361 344/366/345
f 346/368/347 362/385/363 361/384/362 345/367/346
f 347/369/348 363/386/364 362/385/363 346/368/347
f 348/370/349 364/387/365 363/386/364 347/369/348
f 349/371/350 365/388/366 364/387/365 348/370/349
f 350/372/351 366/389/367 365/390/366 349/373/350
f 351/374/352 367/391/368 366/389/367 350/372/351
f 352/359/338 368/376/354 367/391/368 351/374/352
f 353/375/353 369/392/369 384/393/370 368/376/354
f 354/377/355 370/394/371 369/392/369 353/375/353
f 355/378/356 371/395/372 370/394/371 354/377/355
f 356/379/357 372/396/373 371/395/372 355/378/356
f 357/380/358 373/397/374 372/396/373 356/379/357
f 358/381/359 374/398/375 373/397/374 357/380/358
f 359/382/360 375/399/376 374/398/375 358/381/359
f 360/383/361 376/400/377 375/399/376 359/382/360
f 361/384/362 377/401/378 376/400/377 360/383/361
f 362/385/363 378/402/379 377/401/378 361/384/362
f 363/386/364 379/403/380 378/402/379 362/385/363
f 364/387/365 380/404/381 379/403/380 363/386/364
f 365/388/366 381/405/382 380/404/381 364/387/365
f 366/389/367 382/406/383 381/407/382 365/390/366
f 367/391/368 383/408/384 382/406/383 366/389/367
f 368/376/354 384/393/370 383/408/384 367/391/368
f 369/392/369 385/409/385 400/410/386 384/393/370
f 370/394/371 386/411/387 385/409/385 369/392/369
f 371/395/372 387/412/388 386/411/387 370/394/371
f 372/396/373 388/413/389 387/412/388 371/395/372
f 373/397/374 389/414/390 388/413/389 372/396/373
f 374/398/375 390/415/391 389/414/390 373/397/374
f 375/399/376 391/416/392 390/415/391 374/398/375
f 376/400/377 392/417/393 391/416/392 375/399/376
f 377/401/378 393/418/394 392/417/393 376/400/377
f 378/402/379 394/419/395 393/418/394 377/401/378
f 379/403/380 395/420/396 394/419/395 378/402/379
f 380/404/381 396/421/397 395/420/396 379/403/380
f 381/405/382 397/422/398 396/421/397 380/404/381
f 382/406/383 398/423/399 397/424/398 381/407/382
f 383/408/384 399/425/400 398/423/399 382/406/383
f 384/393/370 400/410/386 399/425/400 383/408/384
f 385/409/385 401/426/401 416/427/402 400/410/386
f 386/411/387 402/428/403 401/426/401 385/409/385
f 387/412/388 403/429/404 402/428/403 386/411/387
f 388/413/389 404/430/405 403/429/404 387/412/388
f 389/414/390 405/431/406 404/430/405 388/413/389
f 390/415/391 406/432/407 405/431/406 389/414/390
f 391/416/392 407/433/408 406/432/407 390/415/391
f 392/417/393 408/434/409 407/433/408 391/416/392
f 393/418/394 409/435/410 408/434/409 392/417/393
f 394/419/395 410/436/411 409/435/410 393/418/394
f 395/420/396 411/437/412 410/436/411 394/419/395
f 396/421/397 412/438/413 411/437/412 395/420/396
f 397/422/398 413/439/414 412/438/413 396/421/397
f 398/423/399 414/440/415 413/441/414 397/424/398
f 399/425/400 415/442/416 414/440/415 398/423/399
f 400/410/386 416/427/402 415/442/416 399/425/400
f 401/426/401 417/443/417 432/444/418 416/427/402
f 402/428/403 418/445/419 417/443/417 401/426/401
f 403/429/404 419/446/420 418/445/419 402/428/403
f 404/430/405 420/447/421 419/446/420 403/429/404
f 405/431/406 421/448/422 420/447/421 404/430/405
f 406/432/407 422/449/423 421/448/422 405/431/406
f 407/433/408 423/450/424 422/449/423 406/432/407
f 408/434/409 424/451/425 423/450/424 407/433/408
f 409/435/410 425/452/426 424/451/425 408/434/409
f 410/436/411 426/453/427 425/452/426 409/435/410
f 411/437/412 427/454/428 426/453/427 410/436/411
f 412/438/413 428/455/429 427/454/428 411/437/412
f 413/439/414 429/456/430 428/455/429 412/438/413
f 414/440/415 430/457/431 429/458/430 413/441/414
f 415/442/416 431/459/432 430/457/431 414/440/415
f 416/427/402 432/444/418 431/459/432 415/442/416
f 417/443/417 433/460/433 448/461/434 432/444/418
f 418/445/419 434/462/435 433/460/433 417/443/417
f 419/446/420 435/463/436 434/462/435 418/445/419
f 420/447/421 436/464/437 435/463/436 419/446/420
f 421/448/422 437/465/438 436/464/437 420/447/421
f 422/449/423 438/466/439 437/465/438 421/448/422
f 423/450/424 439/467/440 438/466/439 422/449/423
f 424/451/425 440/468/441 439/467/440 423/450/424
f 425/452/426 441/469/442 440/468/441 424/451/425
f 426/453/427 442/470/443 441/469/442 425/452/426
f 427/454/428 443/471/444 442/470/443 426/453/427
f 428/455/429 444/472/445 443/471/444 427/454/428
f 429/456/430 445/473/446 444/472/445 428/455/429
f 430/457/431 446/474/447 445/475/446 429/458/430
f 431/459/432 447/476/448 446/474/447 430/457/431
f 432/444/418 448/461/434 447/476/448 431/459/432
f 433/460/433 449/477/449 464/478/450 448/461/434
f 434/462/435 450/479/451 449/477/449 433/460/433
f 435/463/436 451/480/452 450/479/451 434/462/435
f 436/464/437 452/481/453 451/480/452 435/463/436
f 437/465/438 453/482/454 452/481/453 436/464/437
f 438/466/439 454/483/455 453/482/454 437/465/438
f 439/467/440 455/484/456 454/483/455 438/466/439
f 440/468/441 456/485/457 455/484/456 439/467/440
f 441/469/442 457/486/458 456/485/457 440/468/441
f 442/470/443 458/487/459 457/486/458 441/469/442
f 443/471/444 459/488/460 458/487/459 442/470/443
f 444/472/445 460/489/461 459/488/460 443/471/444
f 445/473/446 461/490/462 460/489/461 444/472/445
f 446/474/447 462/491/463 461/492/462 445/475/446
f 447/476/448 463/493/464 462/491/463 446/474/447
f 448/461/434 464/478/450 463/493/464 447/476/448
f 449/477/449 465/494/465 480/495/466 464/478/450
f 450/479/451 466/496/467 465/494/465 449/477/449
f 451/480/452 467/497/468 466/496/467 450/479/451
f 452/481/453 468/498/469 467/497/468 451/480/452
f 453/482/454 469/499/470 468/498/469 452/481/453
f 454/483/455 470/500/471 469/499/470 453/482/454
f 455/484/456 471/501/472 470/500/471 454/483/455
f 456/485/457 472/502/473 471/501/472 455/484/456
f 457/486/458 473/503/474 472/502/473 456/485/457
f 458/487/459 474/504/475 473/503/474 457/486/458
f 459/488/460 475/505/476 474/504/475 458/487/459
f 460/489/461 476/506/477 475/505/476 459/488/460
f 461/490/462 477/507/478 476/506/477 460/489/461
f 462/491/463 478/508/479 477/509/478 461/492/462
f 463/493/464 479/510/480 478/508/479 462/491/463
f 464/478/450 480/495/466 479/510/480 463/493/464
f 465/494/465 481/511/481 496/512/482 480/495/466
f 466/496/467 482/513/483 481/511/481 465/494/465
f 467/497/468 483/514/484 482/513/483 466/496/467
f 468/498/469 484/515/485 483/514/484 467/497/468
f 469/499/470 485/516/486 484/515/485 468/498/469
f 470/500/471 486/517/487 485/516/486 469/499/470
f 471/501/472 487/518/488 486/517/487 470/500/471
f 472/502/473 488/519/489 487/518/488 471/501/472
f 473/503/474 489/520/490 488/519/489 472/502/473
f 474/504/475 490/521/491 489/520/490 473/503/474
f 475/505/476 491/522/492 490/521/491 474/504/475
f 476/506/477 492/523/493 491/522/492 475/505/476
f 477/507/478 493/524/494 492/523/493 476/506/477
f 478/508/479 494/525/495 493/526/494 477/509/478
f 479/510/480 495/527/496 494/525/495 478/508/479
f 480/495/466 496/512/482 495/527/496 479/510/480
f 481/511/481 497/528/497 512/529/498 496/512/482
f 482/513/483 498/530/499 497/528/497 481/511/481
f 483/514/484 499/531/500 498/530/499 482/513/483
f 484/515/485 500/532/501 499/531/500 483/514/484
f 485/516/486 501/533/502 500/532/501 484/515/485
f 486/517/487 502/534/503 501/533/502 485/516/486
f 487/518/488 503/535/504 502/534/503 486/517/487
f 488/519/489 504/536/505 503/535/504 487/518/488
f 489/520/490 505/537/506 504/536/505 488/519/489
f 490/521/491 506/538/507 505/537/506 489/520/490
f 491/522/492 507/539/508 506/538/507 490/521/491
f 492/523/493 508/540/509 507/539/508 491/522/492
f 493/524/494 509/541/510 508/540/509 492/523/493
f 494/525/495 510/542/511 509/543/510 493/526/494
f 495/527/496 511/544/512 510/542/511 494/525/495
f 496/512/482 512/529/498 511/544/512 495/527/496
f 497/528/497 513/545/513 528/546/514 512/529/498
f 498/530/499 514/547/515 513/545/513 497/528/497
f 499/531/500 515/548/516 514/547/515 498/530/499
f 500/532/501 516/549/517 515/548/516 499/531/500
f 501/533/502 517/550/518 516/549/517 500/532/501
f 502/534/503 518/551/519 517/550/518 501/533/502
f 503/535/504 519/552/520 518/551/519 502/534/503
f 504/536/505 520/553/521 519/552/520 503/535/504
f 505/537/506 521/554/522 520/553/521 504/536/505
f 506/538/507 522/555/523 521/554/522 505/537/506
f 507/539/508 523/556/524 522/555/523 506/538/507
f 508/540/509 524/557/525 523/556/524 507/539/508
f 509/541/510 525/558/526 524/557/525 508/540/509
f 510/542/511 526/559/527 525/560/526 509/543/510
f 511/544/512 527/561/528 526/559/527 510/542/511
f 512/529/498 528/546/514 527/561/528 511/544/512
f 513/545/513 529/562/529 544/563/530 528/546/514
f 514/547/515 530/564/531 529/562/529 513/545/513
f 515/548/516 531/565/532 530/564/531 514/547/515
f 516/549/517 532/566/533 531/565/532 515/548/516
f 517/550/518 533/567/534 532/566/533 516/549/517
f 518/551/519 534/568/535 533/567/534 517/550/518
f 519/552/520 535/569/536 534/568/535 518/551/519
f 520/553/521 536/570/537 535/569/536 519/552/520
f 521/554/522 537/571/538 536/570/537 520/553/521
f 522/555/523 538/572/539 537/571/538 521/554/522
f 523/556/524 539/573/540 538/572/539 522/555/523
f 524/557/525 540/574/541 539/573/540 523/556/524
f 525/558/526 541/575/542 540/574/541 524/557/525
f 526/559/527 542/576/543 541/577/542 525/560/526
f 527/561/528 543/578/544 542/576/543 526/559/527
f 528/546/514 544/563/530 543/578/544 527/561/528
f 529/562/529 545/579/545 560/580/546 544/563/530
f 530/564/531 546/581/547 545/579/545 529/562/529
f 531/565/532 547/582/548 546/581/547 530/564/531
f 532/566/533 548/583/549 547/582/548 531/565/532
f 533/567/534 549/584/550 548/583/549 532/566/533
f 534/568/535 550/585/551 549/584/550 533/567/534
f 535/569/536 551/586/552 550/585/551 534/568/535
f 536/570/537 552/587/553 551/586/552 535/569/536
f 537/571/538 553/588/554 552/587/553 536/570/537
f 538/572/539 554/589/555 553/588/554 537/571/538
f 539/573/540 555/590/556 554/589/555 538/572/539
f 540/574/541 556/591/557 555/590/556 539/573/540
f 541/575/542 557/592/558 556/591/557 540/574/541
f 542/576/543 558/593/559 557/594/558 541/577/542
f 543/578/544 559/595/560 558/593/559 542/576/543
f 544/563/530 560/580/546 559/595/560 543/578/544
f 545/579/545 561/596/561 576/597/562 560/580/546
f 546/581/547 562/598/563 561/596/561 545/579/545
f 547/582/548 563/599/564 562/598/563 546/581/547
f 548/583/549 564/600/565 563/599/564 547/582/548
f 549/584/550 565/601/566 564/600/565 548/583/549
f 550/585/551 566/602/567 565/601/566 549/584/550
f 551/586/552 567/603/568 566/602/567 550/585/551
f 552/587/553 568/604/569 567/603/568 551/586/552
f 553/588/554 569/605/570 568/604/569 552/587/553
f 554/589/555 570/606/571 569/605/570 553/588/554
f 555/590/556 571/607/572 570/606/571 554/589/555
f 556/591/557 572/608/573 571/607/572 555/590/556
f 557/592/558 573/609/574 572/608/573 556/591/557
f 558/593/559 574/610/575 573/611/574 557/594/558
f 559/595/560 575/612/576 574/610/575 558/593/559
f 560/580/546 576/597/562 575/612/576 559/595/560
f 561/596/561 577/613/577 592/614/578 576/597/562
f 562/598/563 578/615/579 577/613/577 561/596/561
f 563/599/564 579/616/580 578/615/579 562/598/563
f 564/600/565 580/617/581 579/616/580 563/599/564
f 565/601/566 581/618/582 580/617/581 564/600/565
f 566/602/567 582/619/583 581/618/582 565/601/566
f 567/603/568 583/620/584 582/619/583 566/602/567
f 568/604/569 584/621/585 583/620/584 567/603/568
f 569/605/570 585/622/586 584/621/585 568/604/569
f 570/606/571 586/623/587 585/622/586 569/605/570
f 571/607/572 587/624/588 586/623/587 570/606/571
f 572/608/573 588/625/589 587/624/588 571/607/572
f 573/609/574 589/626/590 588/625/589 572/608/573
f 574/610/575 590/627/591 589/628/590 573/611/574
f 575/612/576 591/629/592 590/627/591 574/610/575
f 576/597/562 592/614/578 591/629/592 575/612/576
f 577/613/577 593/630/593 608/631/594 592/614/578
f 578/615/579 594/632/595 593/630/593 577/613/577
f 579/616/580 595/633/596 594/632/595 578/615/579
f 580/617/581 596/634/597 595/633/596 579/616/580
f 581/618/582 597/635/598 596/634/597 580/617/581
f 582/619/583 598/636/599 597/635/598 581/618/582
f 583/620/584 599/637/600 598/636/599 582/619/583
f 584/621/585 600/638/601 599/637/600 583/620/584
f 585/622/586 601/639/602 600/638/601 584/621/585
f 586/623/587 602/640/603 601/639/602 585/622/586
f 587/624/588 603/641/604 602/640/603 586/623/587
f 588/625/589 604/642/605 603/641/604 587/624/588
f 589/626/590 605/643/606 604/642/605 588/625/589
f 590/627/591 606/644/607 605/645/606 589/628/590
f 591/629/592 607/646/608 606/644/607 590/627/591
f 592/614/578 608/631/594 607/646/608 591/629/592
f 593/630/593 609/647/609 624/648/610 608/631/594
f 594/632/595 610/649/611 609/647/609 593/630/593
f 595/633/596 611/650/612 610/649/611 594/632/595
f 596/634/597 612/651/613 611/650/612 595/633/596
f 597/635/598 613/652/614 612/651/613 596/634/597
f 598/636/599 614/653/615 613/652/614 597/635/598
f 599/637/600 615/654/616 614/653/615 598/636/599
f 600/638/601 616/655/617 615/654/616 599/637/600
f 601/639/602 617/656/618 616/655/617 600/638/601
f 602/640/603 618/657/619 617/656/618 601/639/602
f 603/641/604 619/658/620 618/657/619 602/640/603
f 604/642/605 620/659/621 619/658/620 603/641/604
f 605/643/606 621/660/622 620/659/621 604/642/605
f 606/644/607 622/661/623 621/662/622 605/645/606
f 607/646/608 623/663/624 622/661/623 606/644/607
f 608/631/594 624/648/610 623/663/624 607/646/608
f 609/647/609 625/664/625 640/665/626 624/648/610
f 610/649/611 626/666/627 625/664/625 609/647/609
f 611/650/612 627/667/628 626/666/627 610/649/611
f 612/651/613 628/668/629 627/667/628 611/650/612
f 613/652/614 629/669/630 628/668/629 612/651/613
f 614/653/615 630/670/631 629/669/630 613/652/614
f 615/654/616 631/671/632 630/670/631 614/653/615
f 616/655/617 632/672/633 631/671/632 615/654/616
f 617/656/618 633/673/634 632/672/633 616/655/617
f 618/657/619 634/674/635 633/673/634 617/656/618
f 619/658/620 635/675/636 634/674/635 618/657/619
f 620/659/621 636/676/637 635/675/636 619/658/620
f 621/660/622 637/677/638 636/676/637 620/659/621
f 622/661/623 638/678/639 637/679/638 621/662/622
f 623/663/624 639/680/640 638/678/639 622/661/623
f 624/648/610 640/665/626 639/680/640 623/663/624
f 625/664/625 641/681/641 656/682/642 640/665/626
f 626/666/627 642/683/643 641/681/641 625/664/625
f 627/667/628 643/684/644 642/683/643 626/666/627
f 628/668/629 644/685/645 643/684/644 627/667/628
f 629/669/630 645/686/646 644/685/645 628/668/629
f 630/670/631 646/687/647 645/686/646 629/669/630
f 631/671/632 647/688/648 646/687/647 630/670/631
f 632/672/633 648/689/649 647/688/648 631/671/632
f 633/673/634 649/690/650 648/689/649 632/672/633
f 634/674/635 650/691/651 649/690/650 633/673/634
f 635/675/636 651/692/652 650/691/651 634/674/635
f 636/676/637 652/693/653 651/692/652 635/675/636
f 637/677/638 653/694/654 652/693/653 636/676/637
f 638/678/639 654/695/655 653/696/654 637/679/638
f 639/680/640 655/697/656 654/695/655 638/678/639
f 640/665/626 656/682/642 655/697/656 639/680/640
f 641/681/641 657/698/657 672/699/658 656/682/642
f 642/683/643 658/700/659 657/698/657 641/681/641
f 643/684/644 659/701/660 658/700/659 642/683/643
f 644/685/645 660/702/661 659/701/660 643/684/644
f 645/686/646 661/703/662 660/702/661 644/685/645
f 646/687/647 662/704/663 661/703/662 645/686/646
f 647/688/648 663/705/664 662/704/663 646/687/647
f 648/689/649 664/706/665 663/705/664 647/688/648
f 649/690/650 665/707/666 664/706/665 648/689/649
f 650/691/651 666/708/667 665/707/666 649/690/650
f 651/692/652 667/709/668 666/708/667 650/691/651
f 652/693/653 668/710/669 667/709/668 651/692/652
f 653/694/654 669/711/670 668/710/669 652/693/653
f 654/695/655 670/712/671 669/713/670 653/696/654
f 655/697/656 671/714/672 670/712/671 654/695/655
f 656/682/642 672/699/658 671/714/672 655/697/656
f 657/698/657 673/715/673 688/716/674 672/699/658
f 658/700/659 674/717/675 673/715/673 657/698/657
f 659/701/660 675/718/676 674/717/675 658/700/659
f 660/702/661 676/719/677 675/718/676 659/701/660
f 661/703/662 677/720/678 676/719/677 660/702/661
f 662/704/663 678/721/679 677/720/678 661/703/662
f 663/705/664 679/722/680 678/721/679 662/704/663
f 664/706/665 680/723/681 679/722/680 663/705/664
f 665/707/666 681/724/682 680/723/681 664/706/665
f 666/708/667 682/725/683 681/724/682 665/707/666
f 667/709/668 683/726/684 682/725/683 666/708/667
f 668/710/669 684/727/685 683/726/684 667/709/668
f 669/711/670 685/728/686 684/727/685 668/710/669
f 670/712/671 686/729/687 685/730/686 669/713/670
f 671/714/672 687/731/688 686/729/687 670/712/671
f 672/699/658 688/716/674 687/731/688 671/714/672
f 673/715/673 689/732/689 704/733/690 688/716/674
f 674/717/675 690/734/691 689/732/689 673/715/673
f 675/718/676 691/735/692 690/734/691 674/717/675
f 676/719/677 692/736/693 691/735/692 675/718/676
f 677/720/678 693/737/694 692/736/693 676/719/677
f 678/721/679 694/738/695 693/737/694 677/720/678
f 679/722/680 695/739/696 694/738/695 678/721/679
f 680/723/681 696/740/697 695/739/696 679/722/680
f 681/724/682 697/741/698 696/740/697 680/723/681
f 682/725/683 698/742/699 697/741/698 681/724/682
f 683/726/684 699/743/700 698/742/699 682/725/683
f 684/727/685 700/744/701 699/743/700 683/726/684
f 685/728/686 701/745/702 700/744/701 684/727/685
f 686/729/687 702/746/703 701/747/702 685/730/686
f 687/731/688 703/748/704 702/746/703 686/729/687
f 688/716/674 704/733/690 703/748/704 687/731/688
f 689/732/689 705/749/705 720/750/706 704/733/690
f 690/734/691 706/751/707 705/749/705 689/732/689
f 691/735/692 707/752/708 706/751/707 690/734/691
f 692/736/693 708/753/709 707/752/708 691/735/692
f 693/737/694 709/754/710 708/753/709 692/736/693
f 694/738/695 710/755/711 709/754/710 693/737/694
f 695/739/696 711/756/712 710/755/711 694/738/695
f 696/740/697 712/757/713 711/756/712 695/739/696
f 697/741/698 713/758/714 712/757/713 696/740/697
f 698/742/699 714/759/715 713/758/714 697/741/698
f 699/743/700 715/760/716 714/759/715 698/742/699
f 700/744/701 716/761/717 715/760/716 699/743/700
f 701/745/702 717/762/718 716/761/717 700/744/701
f 702/746/703 718/763/719 717/764/718 701/747/702
f 703/748/704 719/765/720 718/763/719 702/746/703
f 704/733/690 720/750/706 719/765/720 703/748/704
f 705/749/705 721/766/721 736/767/722 720/750/706
f 706/751/707 722/768/723 721/766/721 705/749/705
f 707/752/708 723/769/724 722/768/723 706/751/707
f 708/753/709 724/770/725 723/769/724 707/752/708
f 709/754/710 725/771/726 724/770/725 708/753/709
f 710/755/711 726/772/727 725/771/726 709/754/710
f 711/756/712 727/773/728 726/772/727 710/755/711
f 712/757/713 728/774/729 727/773/728 711/756/712
f 713/758/714 729/775/730 728/774/729 712/757/713
f 714/759/715 730/776/731 729/775/730 713/758/714
f 715/760/716 731/777/732 730/776/731 714/759/715
f 716/761/717 732/778/733 731/777/732 715/760/716
f 717/762/718 733/779/734 732/778/733 716/761/717
f 718/763/719 734/780/735 733/781/734 717/764/718
f 719/765/720 735/782/736 734/780/735 718/763/719
f 720/750/706 736/767/722 735/782/736 719/765/720
f 721/766/721 737/783/737 752/784/738 736/767/722
f 722/768/723 738/785/739 737/783/737 721/766/721
f 723/769/724 739/786/740 738/785/739 722/768/723
f 724/770/725 740/787/741 739/786/740 723/769/724
f 725/771/726 741/788/742 740/787/741 724/770/725
f 726/772/727 742/789/743 741/788/742 725/771/726
f 727/773/728 743/790/744 742/789/743 726/772/727
f 728/774/729 744/791/745 743/790/744 727/773/728
f 729/775/730 745/792/746 744/791/745 728/774/729
f 730/776/731 746/793/747 745/792/746 729/775/730
f 731/777/732 747/794/748 746/793/747 730/776/731
f 732/778/733 748/795/749 747/794/748 731/777/732
f 733/779/734 749/796/750 748/795/749 732/778/733
f 734/780/735 750/797/751 749/798/750 733/781/734
f 735/782/736 751/799/752 750/797/751 734/780/735
f 736/767/722 752/784/738 751/799/752 735/782/736
f 737/783/737 753/800/753 768/801/754 752/784/738
f 738/785/739 754/802/755 753/800/753 737/783/737
f 739/786/740 755/803/756 754/802/755 738/785/739
f 740/787/741 756/804/757 755/803/756 739/786/740
f 741/788/742 757/805/758 756/804/757 740/787/741
f 742/789/743 758/806/759 757/805/758 741/788/742
f 743/790/744 759/807/760 758/806/759 742/789/743
f 744/791/745 760/808/761 759/807/760 743/790/744
f 745/792/746 761/809/762 760/808/761 744/791/745
f 746/793/747 762/810/763 761/809/762 745/792/746
f 747/794/748 763/811/764 762/810/763 746/793/747
f 748/795/749 764/812/765 763/811/764 747/794/748
f 749/796/750 765/813/766 764/812/765 748/795/749
f 750/797/751 766/814/767 765/815/766 749/798/750
f 751/799/752 767/816/768 766/814/767 750/797/751
f 752/784/738 768/801/754 767/816/768 751/799/752
f 753/800/753 769/817/769 784/818/770 768/801/754
f 754/802/755 770/819/771 769/817/769 753/800/753
f 755/803/756 771/820/772 770/819/771 754/802/755
f 756/804/757 772/821/773 771/820/772 755/803/756
f 757/805/758 773/822/774 772/821/773 756/804/757
f 758/806/759 774/823/775 773/822/774 757/805/758
f 759/807/760 775/824/776 774/823/775 758/806/759
f 760/808/761 776/825/777 775/824/776 759/807/760
f 761/809/762 777/826/778 776/825/777 760/808/761
f 762/810/763 778/827/779 777/826/778 761/809/762
f 763/811/764 779/828/780 778/827/779 762/810/763
f 764/812/765 780/829/781 779/828/780 763/811/764
f 765/813/766 781/830/782 780/829/781 764/812/765
f 766/814/767 782/831/783 781/832/782 765/815/766
f 767/816/768 783/833/784 782/831/783 766/814/767
f 768/801/754 784/818/770 783/833/784 767/816/768
f 785/834/785 801/835/786 816/836/787 800/837/788
f 786/838/789 802/839/790 801/835/786 785/834/785
f 787/840/791 803/841/792 802/839/790 786/838/789
f 788/842/793 804/843/794 803/841/792 787/840/791
f 789/844/795 805/845/796 804/843/794 788/842/793
f 790/846/797 806/847/798 805/845/796 789/844/795
f 791/848/799 807/849/800 806/847/798 790/846/797
f 792/850/801 808/851/802 807/849/800 791/848/799
f 793/852/803 809/853/804 808/851/802 792/850/801
f 794/854/805 810/855/806 809/853/804 793/852/803
f 795/856/807 811/857/808 810/855/806 794/854/805
f 796/858/809 812/859/810 811/857/808 795/856/807
f 797/860/811 813/861/812 812/859/810 796/858/809
f 798/862/813 814/863/814 813/861/812 797/860/811
f 799/864/815 815/865/816 814/863/814 798/862/813
f 800/837/788 816/836/787 815/866/816 799/867/815
f 801/835/786 817/868/817 832/869/818 816/836/787
f 802/839/790 818/870/819 817/868/817 801/835/786
f 803/841/792 819/871/820 818/870/819 802/839/790
f 804/843/794 820/872/821 819/871/820 803/841/792
f 805/845/796 821/873/822 820/872/821 804/843/794
f 806/847/798 822/874/823 821/873/822 805/845/796
f 807/849/800 823/875/824 822/874/823 806/847/798
f 808/851/802 824/876/825 823/875/824 807/849/800
f 809/853/804 825/877/826 824/876/825 808/851/802
f 810/855/806 826/878/827 825/877/826 809/853/804
f 811/857/808 827/879/828 826/878/827 810/855/806
f 812/859/810 828/880/829 827/879/828 811/857/808
f 813/861/812 829/881/830 828/880/829 812/859/810
f 814/863/814 830/882/831 829/881/830 813/861/812
f 815/865/816 831/883/832 830/882/831 814/863/814
f 816/836/787 832/869/818 831/884/832 815/866/816
f 817/868/817 833/885/833 848/886/834 832/869/818
f 818/870/819 834/887/835 833/885/833 817/868/817
f 819/871/820 835/888/836 834/887/835 818/870/819
f 820/872/821 836/889/837 835/888/836 819/871/820
f 821/873/822 837/890/822 836/889/837 820/872/821
f 822/874/823 838/891/838 837/890/822 821/873/822
f 823/875/824 839/892/839 838/891/838 822/874/823
f 824/876/825 840/893/840 839/892/839 823/875/824
f 825/877/826 841/894/841 840/893/840 824/876/825
f 826/878/827 842/895/842 841/894/841 825/877/826
f 827/879/828 843/896/843 842/895/842 826/878/827
f 828/880/829 844/897/844 843/896/843 827/879/828
f 829/881/830 845/898/830 844/897/844 828/880/829
f 830/882/831 846/899/845 845/898/830 829/881/830
f 831/883/832 847/900/846 846/899/845 830/882/831
f 832/869/818 848/886/834 847/901/846 831/884/832
f 833/885/833 849/902/847 864/903/848 848/886/834
f 834/887/835 850/904/849 849/902/847 833/885/833
f 835/888/836 851/905/850 850/904/849 834/887/835
f 836/889/837 852/906/851 851/905/850 835/888/836
f 837/890/822 853/907/852 852/906/851 836/889/837
f 838/891/838 854/908/853 853/907/852 837/890/822
f 839/892/839 855/909/854 854/908/853 838/891/838
f 840/893/840 856/910/855 855/909/854 839/892/839
f 841/894/841 857/911/856 856/910/855 840/893/840
f 842/895/842 858/912/857 857/911/856 841/894/841
f 843/896/843 859/913/858 858/912/857 842/895/842
f 844/897/844 860/914/859 859/913/858 843/896/843
f 845/898/830 861/915/860 860/914/859 844/897/844
f 846/899/845 862/916/861 861/915/860 845/898/830
f 847/900/846 863/917/862 862/916/861 846/899/845
f 848/886/834 864/903/848 863/918/862 847/901/846
f 849/902/847 865/919/863 880/920/864 864/903/848
f 850/904/849 866/921/865 865/919/863 849/902/847
f 851/905/850 867/922/866 866/921/865 850/904/849
f 852/906/851 868/923/867 867/922/866 851/905/850
f 853/907/852 869/924/868 868/923/867 852/906/851
f 854/908/853 870/925/869 869/924/868 853/907/852
f 855/909/854 871/926/870 870/925/869 854/908/853
f 856/910/855 872/927/871 871/926/870 855/909/854
f 857/911/856 873/928/872 872/927/871 856/910/855
f 858/912/857 874/929/873 873/928/872 857/911/856
f 859/913/858 875/930/874 874/929/873 858/912/857
f 860/914/859 876/931/875 875/930/874 859/913/858
f 861/915/860 877/932/876 876/931/875 860/914/859
f 862/916/861 878/933/877 877/932/876 861/915/860
f 863/917/862 879/934/878 878/933/877 862/916/861
f 864/903/848 880/920/864 879/935/878 863/918/862
f 865/919/863 881/936/879 896/937/880 880/920/864
f 866/921/865 882/938/881 881/936/879 865/919/863
f 867/922/866 883/939/882 882/938/881 866/921/865
f 868/923/867 884/940/883 883/939/882 867/922/866
f 869/924/868 885/941/884 884/940/883 868/923/867
f 870/925/869 886/942/885 885/941/884 869/924/868
f 871/926/870 887/943/886 886/942/885 870/925/869
f 872/927/871 888/944/887 887/943/886 871/926/870
f 873/928/872 889/945/888 888/944/887 872/927/871
f 874/929/873 890/946/889 889/945/888 873/928/872
f 875/930/874 891/947/890 890/946/889 874/929/873
f 876/931/875 892/948/891 891/947/890 875/930/874
f 877/932/876 893/949/892 892/948/891 876/931/875
f 878/933/877 894/950/893 893/949/892 877/932/876
f 879/934/878 895/951/894 894/950/893 878/933/877
f 880/920/864 896/937/880 895/952/894 879/935/878
f 881/936/879 897/953/895 912/954/896 896/937/880
f 882/938/881 898/955/897 897/953/895 881/936/879
f 883/939/882 899/956/898 898/955/897 882/938/881
f 884/940/883 900/957/899 899/956/898 883/939/882
f 885/941/884 901/958/900 900/957/899 884/940/883
f 886/942/885 902/959/901 901/958/900 885/941/884
f 887/943/886 903/960/902 902/959/901 886/942/885
f 888/944/887 904/961/903 903/960/902 887/943/886
f 889/945/888 905/962/904 904/961/903 888/944/887
f 890/946/889 906/963/905 905/962/904 889/945/888
f 891/947/890 907/964/906 906/963/905 890/946/889
f 892/948/891 908/965/907 907/964/906 891/947/890
f 893/949/892 909/966/908 908/965/907 892/948/891
f 894/950/893 910/967/909 909/966/908 893/949/892
f 895/951/894 911/968/910 910/967/909 894/950/893
f 896/937/880 912/954/896 911/969/910 895/952/894
f 897/953/895 913/970/911 928/971/912 912/954/896
f 898/955/897 914/972/913 913/970/911 897/953/895
f 899/956/898 915/973/914 914/972/913 898/955/897
f 900/957/899 916/974/915 915/973/914 899/956/898
f 901/958/900 917/975/900 916/974/915 900/957/899
f 902/959/901 918/976/916 917/975/900 901/958/900
f 903/960/902 919/977/917 918/976/916 902/959/901
f 904/961/903 920/978/918 919/977/917 903/960/902
f 905/962/904 921/979/919 920/978/918 904/961/903
f 906/963/905 922/980/920 921/979/919 905/962/904
f 907/964/906 923/981/921 922/980/920 906/963/905
f 908/965/907 924/982/922 923/981/921 907/964/906
f 909/966/908 925/983/908 924/982/922 908/965/907
f 910/967/909 926/984/923 925/983/908 909/966/908
f 911/968/910 927/985/924 926/984/923 910/967/909
f 912/954/896 928/971/912 927/986/924 911/969/910
f 913/970/911 929/987/925 944/988/926 928/971/912
f 914/972/913 930/989/927 929/987/925 913/970/911
f 915/973/914 931/990/928 930/989/927 914/972/913
f 916/974/915 932/991/929 931/990/928 915/973/914
f 917/975/900 933/992/930 932/991/929 916/974/915
f 918/976/916 934/993/931 933/992/930 917/975/900
f 919/977/917 935/994/932 934/993/931 918/976/916
f 920/978/918 936/995/933 935/994/932 919/977/917
f 921/979/919 937/996/934 936/995/933 920/978/918
f 922/980/920 938/997/935 937/996/934 921/979/919
f 923/981/921 939/998/936 938/997/935 922/980/920
f 924/982/922 940/999/937 939/998/936 923/981/921
f 925/983/908 941/1000/938 940/999/937 924/982/922
f 926/984/923 942/1001/939 941/1000/938 925/983/908
f 927/985/924 943/1002/940 942/1001/939 926/984/923
f 928/971/912 944/988/926 943/1003/940 927/986/924
f 929/987/925 945/1004/941 960/1005/942 944/988/926
f 930/989/927 946/1006/943 945/1004/941 929/987/925
f 931/990/928 947/1007/944 946/1006/943 930/989/927
f 932/991/929 948/1008/945 947/1007/944 931/990/928
f 933/992/930 949/1009/930 948/1008/945 932/991/929
f 934/993/931 950/1010/946 949/1009/930 933/992/930
f 935/994/932 951/1011/947 950/1010/946 934/993/931
f 936/995/933 952/1012/948 951/1011/947 935/994/932
f 937/996/934 953/1013/949 952/1012/948 936/995/933
f 938/997/935 954/1014/950 953/1013/949 937/996/934
f 939/998/936 955/1015/951 954/1014/950 938/997/935
f 940/999/937 956/1016/952 955/1015/951 939/998/936
f 941/1000/938 957/1017/938 956/1016/952 940/999/937
f 942/1001/939 958/1018/953 957/1017/938 941/1000/938
f 943/1002/940 959/1019/954 958/1018/953 942/1001/939
f 944/988/926 960/1005/942 959/1020/954 943/1003/940
f 945/1004/941 961/1021/955 976/1022/956 960/1005/942
f 946/1006/943 962/1023/957 961/1021/955 945/1004/941
f 947/1007/944 963/1024/958 962/1023/957 946/1006/943
f 948/1008/945 964/1025/959 963/1024/958 947/1007/944
f 949/1009/930 965/1026/960 964/1025/959 948/1008/945
f 950/1010/946 966/1027/961 965/1026/960 949/1009/930
f 951/1011/947 967/1028/962 966/1027/961 950/1010/946
f 952/1012/948 968/1029/963 967/1028/962 951/1011/947
f 953/1013/949 969/1030/964 968/1029/963 952/1012/948
f 954/1014/950 970/1031/965 969/1030/964 953/1013/949
f 955/1015/951 971/1032/966 970/1031/965 954/1014/950
f 956/1016/952 972/1033/967 971/1032/966 955/1015/951
f 957/1017/938 973/1034/968 972/1033/967 956/1016/952
f 958/1018/953 974/1035/969 973/1034/968 957/1017/938
f 959/1019/954 975/1036/970 974/1035/969 958/1018/953
f 960/1005/942 976/1022/956 975/1037/970 959/1020/954
f 961/1021/955 977/1038/971 992/1039/972 976/1022/956
f 962/1023/957 978/1040/973 977/1038/971 961/1021/955
f 963/1024/958 979/1041/974 978/1040/973 962/1023/957
f 964/1025/959 980/1042/975 979/1041/974 963/1024/958
f 965/1026/960 981/1043/976 980/1042/975 964/1025/959
f 966/1027/961 982/1044/977 981/1043/976 965/1026/960
f 967/1028/962 983/1045/978 982/1044/977 966/1027/961
f 968/1029/963 984/1046/979 983/1045/978 967/1028/962
f 969/1030/964 985/1047/980 984/1046/979 968/1029/963
f 970/1031/965 986/1048/981 985/1047/980 969/1030/964
f 971/1032/966 987/1049/982 986/1048/981 970/1031/965
f 972/1033/967 988/1050/983 987/1049/982 971/1032/966
f 973/1034/968 989/1051/984 988/1050/983 972/1033/967
f 974/1035/969 990/1052/985 989/1051/984 973/1034/968
f 975/1036/970 991/1053/986 990/1052/985 974/1035/969
f 976/1022/956 992/1039/972 991/1054/986 975/1037/970
f 977/1038/971 993/1055/987 1008/1056/988 992/1039/972
f 978/1040/973 994/1057/989 993/1055/987 977/1038/971
f 979/1041/974 995/1058/990 994/1057/989 978/1040/973
f 980/1042/975 996/1059/991 995/1058/990 979/1041/974
f 981/1043/976 997/1060/992 996/1059/991 980/1042/975
f 982/1044/977 998/1061/993 997/1060/992 981/1043/976
f 983/1045/978 999/1062/994 998/1061/993 982/1044/977
f 984/1046/979 1000/1063/995 999/1062/994 983/1045/978
f 985/1047/980 1001/1064/996 1000/1063/995 984/1046/979
f 986/1048/981 1002/1065/997 1001/1064/996 985/1047/980
f 987/1049/982 1003/1066/998 1002/1065/997 986/1048/981
f 988/1050/983 1004/1067/999 1003/1066/998 987/1049/982
f 989/1051/984 1005/1068/1000 1004/1067/999 988/1050/983
f 990/1052/985 1006/1069/1001 1005/1068/1000 989/1051/984
f 991/1053/986 1007/1070/1002 1006/1069/1001 990/1052/985
f 992/1039/972 1008/1056/988 1007/1071/1002 991/1054/986
f 993/1055/987 1009/1072/1003 1024/1073/1004 1008/1056/988
f 994/1057/989 1010/1074/1005 1009/1072/1003 993/1055/987
f 995/1058/990 1011/1075/1006 1010/1074/1005 994/1057/989
f 996/1059/991 1012/1076/1007 1011/1075/1006 995/1058/990
f 997/1060/992 1013/1077/1008 1012/1076/1007 996/1059/991
f 998/1061/993 1014/1078/1009 1013/1077/1008 997/1060/992
f 999/1062/994 1015/1079/1010 1014/1078/1009 998/1061/993
f 1000/1063/995 1016/1080/1011 1015/1079/1010 999/1062/994
f 1001/1064/996 1017/1081/1012 1016/1080/1011 1000/1063/995
f 1002/1065/997 1018/1082/1013 1017/1081/1012 1001/1064/996
f 1003/1066/998 1019/1083/1014 1018/1082/1013 1002/1065/997
f 1004/1067/999 1020/1084/1015 1019/1083/1014 1003/1066/998
f 1005/1068/1000 1021/1085/1016 1020/1084/1015 1004/1067/999
f 1006/1069/1001 1022/1086/1017 1021/1085/1016 1005/1068/1000
f 1007/1070/1002 1023/1087/1018 1022/1086/1017 1006/1069/1001
f 1008/1056/988 1024/1073/1004 1023/1088/1018 1007/1071/1002
f 1009/1072/1003 1025/1089/1019 1040/1090/1020 1024/1073/1004
f 1010/1074/1005 1026/1091/1021 1025/1089/1019 1009/1072/1003
f 1011/1075/1006 1027/1092/1022 1026/1091/1021 1010/1074/1005
f 1012/1076/1007 1028/1093/1023 1027/1092/1022 1011/1075/1006
f 1013/1077/1008 1029/1094/1024 1028/1093/1023 1012/1076/1007
f 1014/1078/1009 1030/1095/1025 1029/1094/1024 1013/1077/1008
f 1015/1079/1010 1031/1096/1026 1030/1095/1025 1014/1078/1009
f 1016/1080/1011 1032/1097/1027 1031/1096/1026 1015/1079/1010
f 1017/1081/1012 1033/1098/1028 1032/1097/1027 1016/1080/1011
f 1018/1082/1013 1034/1099/1029 1033/1098/1028 1017/1081/1012
f 1019/1083/1014 1035/1100/1030 1034/1099/1029 1018/1082/1013
f 1020/1084/1015 1036/1101/1031 1035/1100/1030 1019/1083/1014
f 1021/1085/1016 1037/1102/1032 1036/1101/1031 1020/1084/1015
f 1022/1086/1017 1038/1103/1033 1037/1102/1032 1021/1085/1016
f 1023/1087/1018 1039/1104/1034 1038/1103/1033 1022/1086/1017
f 1024/1073/1004 1040/1090/1020 1039/1105/1034 1023/1088/1018
f 1025/1089/1019 1041/1106/1035 1056/1107/1036 1040/1090/1020
f 1026/1091/1021 1042/1108/1037 1041/1106/1035 1025/1089/1019
f 1027/1092/1022 1043/1109/1038 1042/1108/1037 1026/1091/1021
f 1028/1093/1023 1044/1110/1039 1043/1109/1038 1027/1092/1022
f 1029/1094/1024 1045/1111/1040 1044/1110/1039 1028/1093/1023
f 1030/1095/1025 1046/1112/1041 1045/1111/1040 1029/1094/1024
f 1031/1096/1026 1047/1113/1042 1046/1112/1041 1030/1095/1025
f 1032/1097/1027 1048/1114/1043 1047/1113/1042 1031/1096/1026
f 1033/1098/1028 1049/1115/1044 1048/1114/1043 1032/1097/1027
f 1034/1099/1029 1050/1116/1045 1049/1115/1044 1033/1098/1028
f 1035/1100/1030 1051/1117/1046 1050/1116/1045 1034/1099/1029
f 1036/1101/1031 1052/1118/1047 1051/1117/1046 1035/1100/1030
f 1037/1102/1032 1053/1119/1048 1052/1118/1047 1036/1101/1031
f 1038/1103/1033 1054/1120/1049 1053/1119/1048 1037/1102/1032
f 1039/1104/1034 1055/1121/1050 1054/1120/1049 1038/1103/1033
f 1040/1090/1020 1056/1107/1036 1055/1122/1050 1039/1105/1034
f 1041/1106/1035 1057/1123/1051 1072/1124/1052 1056/1107/1036
f 1042/1108/1037 1058/1125/1053 1057/1123/1051 1041/1106/1035
f 1043/1109/1038 1059/1126/1054 1058/1125/1053 1042/1108/1037
f 1044/1110/1039 1060/1127/1055 1059/1126/1054 1043/1109/1038
f 1045/1111/1040 1061/1128/1056 1060/1127/1055 1044/1110/1039
f 1046/1112/1041 1062/1129/1057 1061/1128/1056 1045/1111/1040
f 1047/1113/1042 1063/1130/1058 1062/1129/1057 1046/1112/1041
f 1048/1114/1043 1064/1131/1059 1063/1130/1058 1047/1113/1042
f 1049/1115/1044 1065/1132/1060 1064/1131/1059 1048/1114/1043
f 1050/1116/1045 1066/1133/1061 1065/1132/1060 1049/1115/1044
f 1051/1117/1046 1067/1134/1062 1066/1133/1061 1050/1116/1045
f 1052/1118/1047 1068/1135/1063 1067/1134/1062 1051/1117/1046
f 1053/1119/1048 1069/1136/1064 1068/1135/1063 1052/1118/1047
f 1054/1120/1049 1070/1137/1065 1069/1136/1064 1053/1119/1048
f 1055/1121/1050 1071/1138/1066 1070/1137/1065 1054/1120/1049
f 1056/1107/1036 1072/1124/1052 1071/1139/1066 1055/1122/1050
f 1057/1123/1051 1073/1140/1067 1088/1141/1068 1072/1124/1052
f 1058/1125/1053 1074/1142/1069 1073/1140/1067 1057/1123/1051
f 1059/1126/1054 1075/1143/1070 1074/1142/1069 1058/1125/1053
f 1060/1127/1055 1076/1144/1071 1075/1143/1070 1059/1126/1054
f 1061/1128/1056 1077/1145/1072 1076/1144/1071 1060/1127/1055
f 1062/1129/1057 1078/1146/1073 1077/1145/1072 1061/1128/1056
f 1063/1130/1058 1079/1147/1074 1078/1146/1073 1062/1129/1057
f 1064/1131/1059 1080/1148/1075 1079/1147/1074 1063/1130/1058
f 1065/1132/1060 1081/1149/1076 1080/1148/1075 1064/1131/1059
f 1066/1133/1061 1082/1150/1077 1081/1149/1076 1065/1132/1060
f 1067/1134/1062 1083/1151/1078 1082/1150/1077 1066/1133/1061
f 1068/1135/1063 1084/1152/1079 1083/1151/1078 1067/1134/1062
f 1069/1136/1064 1085/1153/1080 1084/1152/1079 1068/1135/1063
f 1070/1137/1065 1086/1154/1081 1085/1153/1080 1069/1136/1064
f 1071/1138/1066 1087/1155/1082 1086/1154/1081 1070/1137/1065
f 1072/1124/1052 1088/1141/1068 1087/1156/1082 1071/1139/1066
f 1073/1140/1067 1089/1157/1083 1104/1158/1084 1088/1141/1068
f 1074/1142/1069 1090/1159/1085 1089/1157/1083 1073/1140/1067
f 1075/1143/1070 1091/1160/1086 1090/1159/1085 1074/1142/1069
f 1076/1144/1071 1092/1161/1087 1091/1160/1086 1075/1143/1070
f 1077/1145/1072 1093/1162/1088 1092/1161/1087 1076/1144/1071
f 1078/1146/1073 1094/1163/1089 1093/1162/1088 1077/1145/1072
f 1079/1147/1074 1095/1164/1090 1094/1163/1089 1078/1146/1073
f 1080/1148/1075 1096/1165/1091 1095/1164/1090 1079/1147/1074
f 1081/1149/1076 1097/1166/1092 1096/1165/1091 1080/1148/1075
f 1082/1150/1077 1098/1167/1093 1097/1166/1092 1081/1149/1076
f 1083/1151/1078 1099/1168/1094 1098/1167/1093 1082/1150/1077
f 1084/1152/1079 1100/1169/1095 1099/1168/1094 1083/1151/1078
f 1085/1153/1080 1101/1170/1096 1100/1169/1095 1084/1152/1079
f 1086/1154/1081 1102/1171/1097 1101/1170/1096 1085/1153/1080
f 1087/1155/1082 1103/1172/1098 1102/1171/1097 1086/1154/1081
f 1088/1141/1068 1104/1158/1084 1103/1173/1098 1087/1156/1082
f 1089/1157/1083 1105/1174/1099 1120/1175/1100 1104/1158/1084
f 1090/1159/1085 1106/1176/1101 1105/1174/1099 1089/1157/1083
f 1091/1160/1086 1107/1177/1102 1106/1176/1101 1090/1159/1085
f 1092/1161/1087 1108/1178/1103 1107/1177/1102 1091/1160/1086
f 1093/1162/1088 1109/1179/1104 1108/1178/1103 1092/1161/1087
f 1094/1163/1089 1110/1180/1105 1109/1179/1104 1093/1162/1088
f 1095/1164/1090 1111/1181/1106 1110/1180/1105 1094/1163/1089
f 1096/1165/1091 1112/1182/1107 1111/1181/1106 1095/1164/1090
f 1097/1166/1092 1113/1183/1108 1112/1182/1107 1096/1165/1091
f 1098/1167/1093 1114/1184/1109 1113/1183/1108 1097/1166/1092
f 1099/1168/1094 1115/1185/1110 1114/1184/1109 1098/1167/1093
f 1100/1169/1095 1116/1186/1111 1115/1185/1110 1099/1168/1094
f 1101/1170/1096 1117/1187/1112 1116/1186/1111 1100/1169/1095
f 1102/1171/1097 1118/1188/1113 1117/1187/1112 1101/1170/1096
f 1103/1172/1098 1119/1189/1114 1118/1188/1113 1102/1171/1097
f 1104/1158/1084 1120/1175/1100 1119/1190/1114 1103/1173/1098
f 1105/1174/1099 1121/1191/1115 1136/1192/1116 1120/1175/1100
f 1106/1176/1101 1122/1193/1117 1121/1191/1115 1105/1174/1099
f 1107/1177/1102 1123/1194/1118 1122/1193/1117 1106/1176/1101
f 1108/1178/1103 1124/1195/1119 1123/1194/1118 1107/1177/1102
f 1109/1179/1104 1125/1196/1120 1124/1195/1119 1108/1178/1103
f 1110/1180/1105 1126/1197/1121 1125/1196/1120 1109/1179/1104
f 1111/1181/1106 1127/1198/1122 1126/1197/1121 1110/1180/1105
f 1112/1182/1107 1128/1199/1123 1127/1198/1122 1111/1181/1106
f 1113/1183/1108 1129/1200/1124 1128/1199/1123 1112/1182/1107
f 1114/1184/1109 1130/1201/1125 1129/1200/1124 1113/1183/1108
f 1115/1185/1110 1131/1202/1126 1130/1201/1125 1114/1184/1109
f 1116/1186/1111 1132/1203/1127 1131/1202/1126 1115/1185/1110
f 1117/1187/1112 1133/1204/1128 1132/1203/1127 1116/1186/1111
f 1118/1188/1113 1134/1205/1129 1133/1204/1128 1117/1187/1112
f 1119/1189/1114 1135/1206/1130 1134/1205/1129 1118/1188/1113
f 1120/1175/1100 1136/1192/1116 1135/1207/1130 1119/1190/1114
f 1121/1191/1115 1137/1208/1131 1152/1209/1132 1136/1192/1116
f 1122/1193/1117 1138/1210/1133 1137/1208/1131 1121/1191/1115
f 1123/1194/1118 1139/1211/1134 1138/1210/1133 1122/1193/1117
f 1124/1195/1119 1140/1212/1135 1139/1211/1134 1123/1194/1118
f 1125/1196/1120 1141/1213/1136 1140/1212/1135 1124/1195/1119
f 1126/1197/1121 1142/1214/1137 1141/1213/1136 1125/1196/1120
f 1127/1198/1122 1143/1215/1138 1142/1214/1137 1126/1197/1121
f 1128/1199/1123 1144/1216/1139 1143/1215/1138 1127/1198/1122
f 1129/1200/1124 1145/1217/1140 1144/1216/1139 1128/1199/1123
f 1130/1201/1125 1146/1218/1141 1145/1217/1140 1129/1200/1124
f 1131/1202/1126 1147/1219/1142 1146/1218/1141 1130/1201/1125
f 1132/1203/1127 1148/1220/1143 1147/1219/1142 1131/1202/1126
f 1133/1204/1128 1149/1221/1144 1148/1220/1143 1132/1203/1127
f 1134/1205/1129 1150/1222/1145 1149/1221/1144 1133/1204/1128
f 1135/1206/1130 1151/1223/1146 1150/1222/1145 1134/1205/1129
f 1136/1192/1116 1152/1209/1132 1151/1224/1146 1135/1207/1130
f 1137/1208/1131 1153/1225/1147 1168/1226/1148 1152/1209/1132
f 1138/1210/1133 1154/1227/1149 1153/1225/1147 1137/1208/1131
f 1139/1211/1134 1155/1228/1150 1154/1227/1149 1138/1210/1133
f 1140/1212/1135 1156/1229/1151 1155/1228/1150 1139/1211/1134
f 1141/1213/1136 1157/1230/1152 1156/1229/1151 1140/1212/1135
f 1142/1214/1137 1158/1231/1153 1157/1230/1152 1141/1213/1136
f 1143/1215/1138 1159/1232/1154 1158/1231/1153 1142/1214/1137
f 1144/1216/1139 1160/1233/1155 1159/1232/1154 1143/1215/1138
f 1145/1217/1140 1161/1234/1156 1160/1233/1155 1144/1216/1139
f 1146/1218/1141 1162/1235/1157 1161/1234/1156 1145/1217/1140
f 1147/1219/1142 1163/1236/1158 1162/1235/1157 1146/1218/1141
f 1148/1220/1143 1164/1237/1159 1163/1236/1158 1147/1219/1142
f 1149/1221/1144 1165/1238/1160 1164/1237/1159 1148/1220/1143
f 1150/1222/1145 1166/1239/1161 1165/1238/1160 1149/1221/1144
f 1151/1223/1146 1167/1240/1162 1166/1239/1161 1150/1222/1145
f 1152/1209/1132 1168/1226/1148 1167/1241/1162 1151/1224/1146
f 1153/1225/1147 1169/1242/1163 1184/1243/1164 1168/1226/1148
f 1154/1227/1149 1170/1244/1165 1169/1242/1163 1153/1225/1147
f 1155/1228/1150 1171/1245/1166 1170/1244/1165 1154/1227/1149
f 1156/1229/1151 1172/1246/1167 1171/1245/1166 1155/1228/1150
f 1157/1230/1152 1173/1247/1168 1172/1246/1167 1156/1229/1151
f 1158/1231/1153 1174/1248/1169 1173/1247/1168 1157/1230/1152
f 1159/1232/1154 1175/1249/1170 1174/1248/1169 1158/1231/1153
f 1160/1233/1155 1176/1250/1171 1175/1249/1170 1159/1232/1154
f 1161/1234/1156 1177/1251/1172 1176/1250/1171 1160/1233/1155
f 1162/1235/1157 1178/1252/1173 1177/1251/1172 1161/1234/1156
f 1163/1236/1158 1179/1253/1174 1178/1252/1173 1162/1235/1157
f 1164/1237/1159 1180/1254/1175 1179/1253/1174 1163/1236/1158
f 1165/1238/1160 1181/1255/1176 1180/1254/1175 1164/1237/1159
f 1166/1239/1161 1182/1256/1177 1181/1255/1176 1165/1238/1160
f 1167/1240/1162 1183/1257/1178 1182/1256/1177 1166/1239/1161
f 1168/1226/1148 1184/1243/1164 1183/1258/1178 1167/1241/1162
f 1169/1242/1163 1185/1259/1179 1200/1260/1180 1184/1243/1164
f 1170/1244/1165 1186/1261/1181 1185/1259/1179 1169/1242/1163
f 1171/1245/1166 1187/1262/1182 1186/1261/1181 1170/1244/1165
f 1172/1246/1167 1188/1263/1183 1187/1262/1182 1171/1245/1166
f 1173/1247/1168 1189/1264/1184 1188/1263/1183 1172/1246/1167
f 1174/1248/1169 1190/1265/1185 1189/1264/1184 1173/1247/1168
f 1175/1249/1170 1191/1266/1186 1190/1265/1185 1174/1248/1169
f 1176/1250/1171 1192/1267/1187 1191/1266/1186 1175/1249/1170
f 1177/1251/1172 1193/1268/1188 1192/1267/1187 1176/1250/1171
f 1178/1252/1173 1194/1269/1189 1193/1268/1188 1177/1251/1172
f 1179/1253/1174 1195/1270/1190 1194/1269/1189 1178/1252/1173
f 1180/1254/1175 1196/1271/1191 1195/1270/1190 1179/1253/1174
f 1181/1255/1176 1197/1272/1192 1196/1271/1191 1180/1254/1175
f 1182/1256/1177 1198/1273/1193 1197/1272/1192 1181/1255/1176
f 1183/1257/1178 1199/1274/1194 1198/1273/1193 1182/1256/1177
f 1184/1243/1164 1200/1260/1180 1199/1275/1194 1183/1258/1178
f 1185/1259/1179 1201/1276/1195 1216/1277/1196 1200/1260/1180
f 1186/1261/1181 1202/1278/1197 1201/1276/1195 1185/1259/1179
f 1187/1262/1182 1203/1279/1198 1202/1278/1197 1186/1261/1181
f 1188/1263/1183 1204/1280/1199 1203/1279/1198 1187/1262/1182
f 1189/1264/1184 1205/1281/1200 1204/1280/1199 1188/1263/1183
f 1190/1265/1185 1206/1282/1201 1205/1281/1200 1189/1264/1184
f 1191/1266/1186 1207/1283/1202 1206/1282/1201 1190/1265/1185
f 1192/1267/1187 1208/1284/1203 1207/1283/1202 1191/1266/1186
f 1193/1268/1188 1209/1285/1204 1208/1284/1203 1192/1267/1187
f 1194/1269/1189 1210/1286/1205 1209/1285/1204 1193/1268/1188
f 1195/1270/1190 1211/1287/1206 1210/1286/1205 1194/1269/1189
f 1196/1271/1191 1212/1288/1207 1211/1287/1206 1195/1270/1190
f 1197/1272/1192 1213/1289/1208 1212/1288/1207 1196/1271/1191
f 1198/1273/1193 1214/1290/1209 1213/1289/1208 1197/1272/1192
f 1199/1274/1194 1215/1291/1210 1214/1290/1209 1198/1273/1193
f 1200/1260/1180 1216/1277/1196 1215/1292/1210 1199/1275/1194
f 1201/1276/1195 1217/1293/1211 1232/1294/1212 1216/1277/1196
f 1202/1278/1197 1218/1295/1213 1217/1293/1211 1201/1276/1195
f 1203/1279/1198 1219/1296/1214 1218/1295/1213 1202/1278/1197
f 1204/1280/1199 1220/1297/1215 1219/1296/1214 1203/1279/1198
f 1205/1281/1200 1221/1298/1216 1220/1297/1215 1204/1280/1199
f 1206/1282/1201 1222/1299/1217 1221/1298/1216 1205/1281/1200
f 1207/1283/1202 1223/1300/1218 1222/1299/1217 1206/1282/1201
f 1208/1284/1203 1224/1301/1219 1223/1300/1218 1207/1283/1202
f 1209/1285/1204 1225/1302/1220 1224/1301/1219 1208/1284/1203
f 1210/1286/1205 1226/1303/1221 1225/1302/1220 1209/1285/1204
f 1211/1287/1206 1227/1304/1222 1226/1303/1221 1210/1286/1205
f 1212/1288/1207 1228/1305/1223 1227/1304/1222 1211/1287/1206
f 1213/1289/1208 1229/1306/1224 1228/1305/1223 1212/1288/1207
f 1214/1290/1209 1230/1307/1225 1229/1306/1224 1213/1289/1208
f 1215/1291/1210 1231/1308/1226 1230/1307/1225 1214/1290/1209
f 1216/1277/1196 1232/1294/1212 1231/1309/1226 1215/1292/1210
f 1217/1293/1211 1233/1310/1227 1248/1311/1228 1232/1294/1212
f 1218/1295/1213 1234/1312/1229 1233/1310/1227 1217/1293/1211
f 1219/1296/1214 1235/1313/1230 1234/1312/1229 1218/1295/1213
f 1220/1297/1215 1236/1314/1231 1235/1313/1230 1219/1296/1214
f 1221/1298/1216 1237/1315/1232 1236/1314/1231 1220/1297/1215
f 1222/1299/1217 1238/1316/1233 1237/1315/1232 1221/1298/1216
f 1223/1300/1218 1239/1317/1234 1238/1316/1233 1222/1299/1217
f 1224/1301/1219 1240/1318/1235 1239/1317/1234 1223/1300/1218
f 1225/1302/1220 1241/1319/1236 1240/1318/1235 1224/1301/1219
f 1226/1303/1221 1242/1320/1237 1241/1319/1236 1225/1302/1220
f 1227/1304/1222 1243/1321/1238 1242/1320/1237 1226/1303/1221
f 1228/1305/1223 1244/1322/1239 1243/1321/1238 1227/1304/1222
f 1229/1306/1224 1245/1323/1240 1244/1322/1239 1228/1305/1223
f 1230/1307/1225 1246/1324/1241 1245/1323/1240 1229/1306/1224
f 1231/1308/1226 1247/1325/1242 1246/1324/1241 1230/1307/1225
f 1232/1294/1212 1248/1311/1228 1247/1326/1242 1231/1309/1226
f 1233/1310/1227 1249/1327/1243 1264/1328/1244 1248/1311/1228
f 1234/1312/1229 1250/1329/1245 1249/1327/1243 1233/1310/1227
f 1235/1313/1230 1251/1330/1246 1250/1329/1245 1234/1312/1229
f 1236/1314/1231 1252/1331/1247 1251/1330/1246 1235/1313/1230
f 1237/1315/1232 1253/1332/1248 1252/1331/1247 1236/1314/1231
f 1238/1316/1233 1254/1333/1249 1253/1332/1248 1237/1315/1232
f 1239/1317/1234 1255/1334/1250 1254/1333/1249 1238/1316/1233
f 1240/1318/1235 1256/1335/1251 1255/1334/1250 1239/1317/1234
f 1241/1319/1236 1257/1336/1252 1256/1335/1251 1240/1318/1235
f 1242/1320/1237 1258/1337/1253 1257/1336/1252 1241/1319/1236
f 1243/1321/1238 1259/1338/1254 1258/1337/1253 1242/1320/1237
f 1244/1322/1239 1260/1339/1255 1259/1338/1254 1243/1321/1238
f 1245/1323/1240 1261/1340/1256 1260/1339/1255 1244/1322/1239
f 1246/1324/1241 1262/1341/1257 1261/1340/1256 1245/1323/1240
f 1247/1325/1242 1263/1342/1258 1262/1341/1257 1246/1324/1241
f 1248/1311/1228 1264/1328/1244 1263/1343/1258 1247/1326/1242
f 1249/1327/1243 1265/1344/1259 1280/1345/1260 1264/1328/1244
f 1250/1329/1245 1266/1346/1261 1265/1344/1259 1249/1327/1243
f 1251/1330/1246 1267/1347/1262 1266/1346/1261 1250/1329/1245
f 1252/1331/1247 1268/1348/1263 1267/1347/1262 1251/1330/1246
f 1253/1332/1248 1269/1349/1264 1268/1348/1263 1252/1331/1247
f 1254/1333/1249 1270/1350/1265 1269/1349/1264 1253/1332/1248
f 1255/1334/1250 1271/1351/1266 1270/1350/1265 1254/1333/1249
f 1256/1335/1251 1272/1352/1267 1271/1351/1266 1255/1334/1250
f 1257/1336/1252 1273/1353/1268 1272/1352/1267 1256/1335/1251
f 1258/1337/1253 1274/1354/1269 1273/1353/1268 1257/1336/1252
f 1259/1338/1254 1275/1355/1270 1274/1354/1269 1258/1337/1253
f 1260/1339/1255 1276/1356/1271 1275/1355/1270 1259/1338/1254
f 1261/1340/1256 1277/1357/1272 1276/1356/1271 1260/1339/1255
f 1262/1341/1257 1278/1358/1273 1277/1357/1272 1261/1340/1256
f 1263/1342/1258 1279/1359/1274 1278/1358/1273 1262/1341/1257
f 1264/1328/1244 1280/1345/1260 1279/1360/1274 1263/1343/1258
f 1265/1344/1259 1281/1361/1275 1296/1362/1276 1280/1345/1260
f 1266/1346/1261 1282/1363/1277 1281/1361/1275 1265/1344/1259
f 1267/1347/1262 1283/1364/1278 1282/1363/1277 1266/1346/1261
f 1268/1348/1263 1284/1365/1279 1283/1364/1278 1267/1347/1262
f 1269/1349/1264 1285/1366/1280 1284/1365/1279 1268/1348/1263
f 1270/1350/1265 1286/1367/1281 1285/1366/1280 1269/1349/1264
f 1271/1351/1266 1287/1368/1282 1286/1367/1281 1270/1350/1265
f 1272/1352/1267 1288/1369/1283 1287/1368/1282 1271/1351/1266
f 1273/1353/1268 1289/1370/1284 1288/1369/1283 1272/1352/1267
f 1274/1354/1269 1290/1371/1285 1289/1370/1284 1273/1353/1268
f 1275/1355/1270 1291/1372/1286 1290/1371/1285 1274/1354/1269
f 1276/1356/1271 1292/1373/1287 1291/1372/1286 1275/1355/1270
f 1277/1357/1272 1293/1374/1288 1292/1373/1287 1276/1356/1271
f 1278/1358/1273 1294/1375/1289 1293/1374/1288 1277/1357/1272
f 1279/1359/1274 1295/1376/1290 1294/1375/1289 1278/1358/1273
f 1280/1345/1260 1296/1362/1276 1295/1377/1290 1279/1360/1274
f 1281/1361/1275 1297/1378/1291 1312/1379/1292 1296/1362/1276
f 1282/1363/1277 1298/1380/1293 1297/1378/1291 1281/1361/1275
f 1283/1364/1278 1299/1381/1294 1298/1380/1293 1282/1363/1277
f 1284/1365/1279 1300/1382/1295 1299/1381/1294 1283/1364/1278
f 1285/1366/1280 1301/1383/822 1300/1382/1295 1284/1365/1279
f 1286/1367/1281 1302/1384/1296 1301/1383/822 1285/1366/1280
f 1287/1368/1282 1303/1385/1297 1302/1384/1296 1286/1367/1281
f 1288/1369/1283 1304/1386/1298 1303/1385/1297 1287/1368/1282
f 1289/1370/1284 1305/1387/1299 1304/1386/1298 1288/1369/1283
f 1290/1371/1285 1306/1388/1300 1305/1387/1299 1289/1370/1284
f 1291/1372/1286 1307/1389/1301 1306/1388/1300 1290/1371/1285
f 1292/1373/1287 1308/1390/1302 1307/1389/1301 1291/1372/1286
f 1293/1374/1288 1309/1391/830 1308/1390/1302 1292/1373/1287
f 1294/1375/1289 1310/1392/1303 1309/1391/830 1293/1374/1288
f 1295/1376/1290 1311/1393/1304 1310/1392/1303 1294/1375/1289
f 1296/1362/1276 1312/1379/1292 1311/1394/1304 1295/1377/1290
f 1297/1378/1291 1313/1395/1305 1328/1396/1306 1312/1379/1292
f 1298/1380/1293 1314/1397/1307 1313/1395/1305 1297/1378/1291
f 1299/1381/1294 1315/1398/1308 1314/1397/1307 1298/1380/1293
f 1300/1382/1295 1316/1399/1309 1315/1398/1308 1299/1381/1294
f 1301/1383/822 1317/1400/1310 1316/1399/1309 1300/1382/1295
f 1302/1384/1296 1318/1401/1311 1317/1400/1310 1301/1383/822
f 1303/1385/1297 1319/1402/1312 1318/1401/1311 1302/1384/1296
f 1304/1386/1298 1320/1403/1313 1319/1402/1312 1303/1385/1297
f 1305/1387/1299 1321/1404/1314 1320/1403/1313 1304/1386/1298
f 1306/1388/1300 1322/1405/1315 1321/1404/1314 1305/1387/1299
f 1307/1389/1301 1323/1406/1316 1322/1405/1315 1306/1388/1300
f 1308/1390/1302 1324/1407/1317 1323/1406/1316 1307/1389/1301
f 1309/1391/830 1325/1408/1318 1324/1407/1317 1308/1390/1302
f 1310/1392/1303 1326/1409/1319 1325/1408/1318 1309/1391/830
f 1311/1393/1304 1327/1410/1320 1326/1409/1319 1310/1392/1303
f 1312/1379/1292 1328/1396/1306 1327/1411/1320 1311/1394/1304
f 1313/1395/1305 1329/1412/1321 1344/1413/1322 1328/1396/1306
f 1314/1397/1307 1330/1414/1323 1329/1412/1321 1313/1395/1305
f 1315/1398/1308 1331/1415/1324 1330/1414/1323 1314/1397/1307
f 1316/1399/1309 1332/1416/1325 1331/1415/1324 1315/1398/1308
f 1317/1400/1310 1333/1417/1326 1332/1416/1325 1316/1399/1309
f 1318/1401/1311 1334/1418/1327 1333/1417/1326 1317/1400/1310
f 1319/1402/1312 1335/1419/1328 1334/1418/1327 1318/1401/1311
f 1320/1403/1313 1336/1420/1329 1335/1419/1328 1319/1402/1312
f 1321/1404/1314 1337/1421/1330 1336/1420/1329 1320/1403/1313
f 1322/1405/1315 1338/1422/1331 1337/1421/1330 1321/1404/1314
f 1323/1406/1316 1339/1423/1332 1338/1422/1331 1322/1405/1315
f 1324/1407/1317 1340/1424/1333 1339/1423/1332 1323/1406/1316
f 1325/1408/1318 1341/1425/1334 1340/1424/1333 1324/1407/1317
f 1326/1409/1319 1342/1426/1335 1341/1425/1334 1325/1408/1318
f 1327/1410/1320 1343/1427/1336 1342/1426/1335 1326/1409/1319
f 1328/1396/1306 1344/1413/1322 1343/1428/1336 1327/1411/1320
f 1329/1412/1321 1345/1429/1337 1360/1430/1338 1344/1413/1322
f 1330/1414/1323 1346/1431/1339 1345/1429/1337 1329/1412/1321
f 1331/1415/1324 1347/1432/1340 1346/1431/1339 1330/1414/1323
f 1332/1416/1325 1348/1433/1341 1347/1432/1340 1331/1415/1324
f 1333/1417/1326 1349/1434/1342 1348/1433/1341 1332/1416/1325
f 1334/1418/1327 1350/1435/1343 1349/1434/1342 1333/1417/1326
f 1335/1419/1328 1351/1436/1344 1350/1435/1343 1334/1418/1327
f 1336/1420/1329 1352/1437/1345 1351/1436/1344 1335/1419/1328
f 1337/1421/1330 1353/1438/1346 1352/1437/1345 1336/1420/1329
f 1338/1422/1331 1354/1439/1347 1353/1438/1346 1337/1421/1330
f 1339/1423/1332 1355/1440/1348 1354/1439/1347 1338/1422/1331
f 1340/1424/1333 1356/1441/1349 1355/1440/1348 1339/1423/1332
f 1341/1425/1334 1357/1442/1350 1356/1441/1349 1340/1424/1333
f 1342/1426/1335 1358/1443/1351 1357/1442/1350 1341/1425/1334
f 1343/1427/1336 1359/1444/1352 1358/1443/1351 1342/1426/1335
f 1344/1413/1322 1360/1430/1338 1359/1445/1352 1343/1428/1336
f 1345/1429/1337 1361/1446/1353 1376/1447/1354 1360/1430/1338
f 1346/1431/1339 1362/1448/1355 1361/1446/1353 1345/1429/1337
f 1347/1432/1340 1363/1449/1356 1362/1448/1355 1346/1431/1339
f 1348/1433/1341 1364/1450/1357 1363/1449/1356 1347/1432/1340
f 1349/1434/1342 1365/1451/1358 1364/1450/1357 1348/1433/1341
f 1350/1435/1343 1366/1452/1359 1365/1451/1358 1349/1434/1342
f 1351/1436/1344 1367/1453/1360 1366/1452/1359 1350/1435/1343
f 1352/1437/1345 1368/1454/1361 1367/1453/1360 1351/1436/1344
f 1353/1438/1346 1369/1455/1362 1368/1454/1361 1352/1437/1345
f 1354/1439/1347 1370/1456/1363 1369/1455/1362 1353/1438/1346
f 1355/1440/1348 1371/1457/1364 1370/1456/1363 1354/1439/1347
f 1356/1441/1349 1372/1458/1365 1371/1457/1364 1355/1440/1348
f 1357/1442/1350 1373/1459/1366 1372/1458/1365 1356/1441/1349
f 1358/1443/1351 1374/1460/1367 1373/1459/1366 1357/1442/1350
f 1359/1444/1352 1375/1461/1368 1374/1460/1367 1358/1443/1351
f 1360/1430/1338 1376/1447/1354 1375/1462/1368 1359/1445/1352
f 1361/1446/1353 1377/1463/1369 1392/1464/1370 1376/1447/1354
f 1362/1448/1355 1378/1465/1371 1377/1463/1369 1361/1446/1353
f 1363/1449/1356 1379/1466/1372 1378/1465/1371 1362/1448/1355
f 1364/1450/1357 1380/1467/1373 1379/1466/1372 1363/1449/1356
f 1365/1451/1358 1381/1468/1374 1380/1467/1373 1364/1450/1357
f 1366/1452/1359 1382/1469/1375 1381/1468/1374 1365/1451/1358
f 1367/1453/1360 1383/1470/1376 1382/1469/1375 1366/1452/1359
f 1368/1454/1361 1384/1471/1377 1383/1470/1376 1367/1453/1360
f 1369/1455/1362 1385/1472/1378 1384/1471/1377 1368/1454/1361
f 1370/1456/1363 1386/1473/1379 1385/1472/1378 1369/1455/1362
f 1371/1457/1364 1387/1474/1380 1386/1473/1379 1370/1456/1363
f 1372/1458/1365 1388/1475/1381 1387/1474/1380 1371/1457/1364
f 1373/1459/1366 1389/1476/1382 1388/1475/1381 1372/1458/1365
f 1374/1460/1367 1390/1477/1383 1389/1476/1382 1373/1459/1366
f 1375/1461/1368 1391/1478/1384 1390/1477/1383 1374/1460/1367
f 1376/1447/1354 1392/1464/1370 1391/1479/1384 1375/1462/1368
f 1377/1463/1369 1393/1480/1385 1408/1481/1386 1392/1464/1370
f 1378/1465/1371 1394/1482/1387 1393/1480/1385 1377/1463/1369
f 1379/1466/1372 1395/1483/1388 1394/1482/1387 1378/1465/1371
f 1380/1467/1373 1396/1484/1389 1395/1483/1388 1379/1466/1372
f 1381/1468/1374 1397/1485/1390 1396/1484/1389 1380/1467/1373
f 1382/1469/1375 1398/1486/1391 1397/1485/1390 1381/1468/1374
f 1383/1470/1376 1399/1487/1392 1398/1486/1391 1382/1469/1375
f 1384/1471/1377 1400/1488/1393 1399/1487/1392 1383/1470/1376
f 1385/1472/1378 1401/1489/1394 1400/1488/1393 1384/1471/1377
f 1386/1473/1379 1402/1490/1395 1401/1489/1394 1385/1472/1378
f 1387/1474/1380 1403/1491/1396 1402/1490/1395 1386/1473/1379
f 1388/1475/1381 1404/1492/1397 1403/1491/1396 1387/1474/1380
f 1389/1476/1382 1405/1493/1398 1404/1492/1397 1388/1475/1381
f 1390/1477/1383 1406/1494/1399 1405/1493/1398 1389/1476/1382
f 1391/1478/1384 1407/1495/1400 1406/1494/1399 1390/1477/1383
f 1392/1464/1370 1408/1481/1386 1407/1496/1400 1391/1479/1384
f 1393/1480/1385 1409/1497/1401 1424/1498/1402 1408/1481/1386
f 1394/1482/1387 1410/1499/1403 1409/1497/1401 1393/1480/1385
f 1395/1483/1388 1411/1500/1404 1410/1499/1403 1394/1482/1387
f 1396/1484/1389 1412/1501/1405 1411/1500/1404 1395/1483/1388
f 1397/1485/1390 1413/1502/1406 1412/1501/1405 1396/1484/1389
f 1398/1486/1391 1414/1503/1407 1413/1502/1406 1397/1485/1390
f 1399/1487/1392 1415/1504/1408 1414/1503/1407 1398/1486/1391
f 1400/1488/1393 1416/1505/1409 1415/1504/1408 1399/1487/1392
f 1401/1489/1394 1417/1506/1410 1416/1505/1409 1400/1488/1393
f 1402/1490/1395 1418/1507/1411 1417/1506/1410 1401/1489/1394
f 1403/1491/1396 1419/1508/1412 1418/1507/1411 1402/1490/1395
f 1404/1492/1397 1420/1509/1413 1419/1508/1412 1403/1491/1396
f 1405/1493/1398 1421/1510/1414 1420/1509/1413 1404/1492/1397
f 1406/1494/1399 1422/1511/1415 1421/1510/1414 1405/1493/1398
f 1407/1495/1400 1423/1512/1416 1422/1511/1415 1406/1494/1399
f 1408/1481/1386 1424/1498/1402 1423/1513/1416 1407/1496/1400
f 1409/1497/1401 1425/1514/1417 1440/1515/1418 1424/1498/1402
f 1410/1499/1403 1426/1516/1419 1425/1514/1417 1409/1497/1401
f 1411/1500/1404 1427/1517/1420 1426/1516/1419 1410/1499/1403
f 1412/1501/1405 1428/1518/1421 1427/1517/1420 1411/1500/1404
f 1413/1502/1406 1429/1519/1422 1428/1518/1421 1412/1501/1405
f 1414/1503/1407 1430/1520/1423 1429/1519/1422 1413/1502/1406
f 1415/1504/1408 1431/1521/1424 1430/1520/1423 1414/1503/1407
f 1416/1505/1409 1432/1522/1425 1431/1521/1424 1415/1504/1408
f 1417/1506/1410 1433/1523/1426 1432/1522/1425 1416/1505/1409
f 1418/1507/1411 1434/1524/1427 1433/1523/1426 1417/1506/1410
f 1419/1508/1412 1435/1525/1428 1434/1524/1427 1418/1507/1411
f 1420/1509/1413 1436/1526/1429 1435/1525/1428 1419/1508/1412
f 1421/1510/1414 1437/1527/1430 1436/1526/1429 1420/1509/1413
f 1422/1511/1415 1438/1528/1431 1437/1527/1430 1421/1510/1414
f 1423/1512/1416 1439/1529/1432 1438/1528/1431 1422/1511/1415
f 1424/1498/1402 1440/1515/1418 1439/1530/1432 1423/1513/1416
f 1425/1514/1417 1441/1531/1433 1456/1532/1434 1440/1515/1418
f 1426/1516/1419 1442/1533/1435 1441/1531/1433 1425/1514/1417
f 1427/1517/1420 1443/1534/1436 1442/1533/1435 1426/1516/1419
f 1428/1518/1421 1444/1535/1437 1443/1534/1436 1427/1517/1420
f 1429/1519/1422 1445/1536/1438 1444/1535/1437 1428/1518/1421
f 1430/1520/1423 1446/1537/1439 1445/1536/1438 1429/1519/1422
f 1431/1521/1424 1447/1538/1440 1446/1537/1439 1430/1520/1423
f 1432/1522/1425 1448/1539/1441 1447/1538/1440 1431/1521/1424
f 1433/1523/1426 1449/1540/1442 1448/1539/1441 1432/1522/1425
f 1434/1524/1427 1450/1541/1443 1449/1540/1442 1433/1523/1426
f 1435/1525/1428 1451/1542/1444 1450/1541/1443 1434/1524/1427
f 1436/1526/1429 1452/1543/1445 1451/1542/1444 1435/1525/1428
f 1437/1527/1430 1453/1544/1446 1452/1543/1445 1436/1526/1429
f 1438/1528/1431 1454/1545/1447 1453/1544/1446 1437/1527/1430
f 1439/1529/1432 1455/1546/1448 1454/1545/1447 1438/1528/1431
f 1440/1515/1418 1456/1532/1434 1455/1547/1448 1439/1530/1432
f 1441/1531/1433 1457/1548/1449 1472/1549/1450 1456/1532/1434
f 1442/1533/1435 1458/1550/1451 1457/1548/1449 1441/1531/1433
f 1443/1534/1436 1459/1551/1452 1458/1550/1451 1442/1533/1435
f 1444/1535/1437 1460/1552/1453 1459/1551/1452 1443/1534/1436
f 1445/1536/1438 1461/1553/1454 1460/1552/1453 1444/1535/1437
f 1446/1537/1439 1462/1554/1455 1461/1553/1454 1445/1536/1438
f 1447/1538/1440 1463/1555/1456 1462/1554/1455 1446/1537/1439
f 1448/1539/1441 1464/1556/1457 1463/1555/1456 1447/1538/1440
f 1449/1540/1442 1465/1557/1458 1464/1556/1457 1448/1539/1441
f 1450/1541/1443 1466/1558/1459 1465/1557/1458 1449/1540/1442
f 1451/1542/1444 1467/1559/1460 1466/1558/1459 1450/1541/1443
f 1452/1543/1445 1468/1560/1461 1467/1559/1460 1451/1542/1444
f 1453/1544/1446 1469/1561/1462 1468/1560/1461 1452/1543/1445
f 1454/1545/1447 1470/1562/1463 1469/1561/1462 1453/1544/1446
f 1455/1546/1448 1471/1563/1464 1470/1562/1463 1454/1545/1447
f 1456/1532/1434 1472/1549/1450 1471/1564/1464 1455/1547/1448
f 1457/1548/1449 1473/1565/1465 1488/1566/1466 1472/1549/1450
f 1458/1550/1451 1474/1567/1467 1473/1565/1465 1457/1548/1449
f 1459/1551/1452 1475/1568/1468 1474/1567/1467 1458/1550/1451
f 1460/1552/1453 1476/1569/1469 1475/1568/1468 1459/1551/1452
f 1461/1553/1454 1477/1570/1470 1476/1569/1469 1460/1552/1453
f 1462/1554/1455 1478/1571/1471 1477/1570/1470 1461/1553/1454
f 1463/1555/1456 1479/1572/1472 1478/1571/1471 1462/1554/1455
f 1464/1556/1457 1480/1573/1473 1479/1572/1472 1463/1555/1456
f 1465/1557/1458 1481/1574/1474 1480/1573/1473 1464/1556/1457
f 1466/1558/1459 1482/1575/1475 1481/1574/1474 1465/1557/1458
f 1467/1559/1460 1483/1576/1476 1482/1575/1475 1466/1558/1459
f 1468/1560/1461 1484/1577/1477 1483/1576/1476 1467/1559/1460
f 1469/1561/1462 1485/1578/1478 1484/1577/1477 1468/1560/1461
f 1470/1562/1463 1486/1579/1479 1485/1578/1478 1469/1561/1462
f 1471/1563/1464 1487/1580/1480 1486/1579/1479 1470/1562/1463
f 1472/1549/1450 1488/1566/1466 1487/1581/1480 1471/1564/1464
f 1473/1565/1465 1489/1582/1481 1504/1583/1482 1488/1566/1466
f 1474/1567/1467 1490/1584/1483 1489/1582/1481 1473/1565/1465
f 1475/1568/1468 1491/1585/1484 1490/1584/1483 1474/1567/1467
f 1476/1569/1469 1492/1586/1485 1491/1585/1484 1475/1568/1468
f 1477/1570/1470 1493/1587/1486 1492/1586/1485 1476/1569/1469
f 1478/1571/1471 1494/1588/1487 1493/1587/1486 1477/1570/1470
f 1479/1572/1472 1495/1589/1488 1494/1588/1487 1478/1571/1471
f 1480/1573/1473 1496/1590/1489 1495/1589/1488 1479/1572/1472
f 1481/1574/1474 1497/1591/1490 1496/1590/1489 1480/1573/1473
f 1482/1575/1475 1498/1592/1491 1497/1591/1490 1481/1574/1474
f 1483/1576/1476 1499/1593/1492 1498/1592/1491 1482/1575/1475
f 1484/1577/1477 1500/1594/1493 1499/1593/1492 1483/1576/1476
f 1485/1578/1478 1501/1595/1494 1500/1594/1493 1484/1577/1477
f 1486/1579/1479 1502/1596/1495 1501/1595/1494 1485/1578/1478
f 1487/1580/1480 1503/1597/1496 1502/1596/1495 1486/1579/1479
f 1488/1566/1466 1504/1583/1482 1503/1598/1496 1487/1581/1480
f 1489/1582/1481 1505/1599/1497 1520/1600/1498 1504/1583/1482
f 1490/1584/1483 1506/1601/1499 1505/1599/1497 1489/1582/1481
f 1491/1585/1484 1507/1602/1500 1506/1601/1499 1490/1584/1483
f 1492/1586/1485 1508/1603/1501 1507/1602/1500 1491/1585/1484
f 1493/1587/1486 1509/1604/1502 1508/1603/1501 1492/1586/1485
f 1494/1588/1487 1510/1605/1503 1509/1604/1502 1493/1587/1486
f 1495/1589/1488 1511/1606/1504 1510/1605/1503 1494/1588/1487
f 1496/1590/1489 1512/1607/1505 1511/1606/1504 1495/1589/1488
f 1497/1591/1490 1513/1608/1506 1512/1607/1505 1496/1590/1489
f 1498/1592/1491 1514/1609/1507 1513/1608/1506 1497/1591/1490
f 1499/1593/1492 1515/1610/1508 1514/1609/1507 1498/1592/1491
f 1500/1594/1493 1516/1611/1509 1515/1610/1508 1499/1593/1492
f 1501/1595/1494 1517/1612/1510 1516/1611/1509 1500/1594/1493
f 1502/1596/1495 1518/1613/1511 1517/1612/1510 1501/1595/1494
f 1503/1597/1496 1519/1614/1512 1518/1613/1511 1502/1596/1495
f 1504/1583/1482 1520/1600/1498 1519/1615/1512 1503/1598/1496
f 1505/1599/1497 1521/1616/1513 1536/1617/1514 1520/1600/1498
f 1506/1601/1499 1522/1618/1515 1521/1616/1513 1505/1599/1497
f 1507/1602/1500 1523/1619/1516 1522/1618/1515 1506/1601/1499
f 1508/1603/1501 1524/1620/1517 1523/1619/1516 1507/1602/1500
f 1509/1604/1502 1525/1621/1518 1524/1620/1517 1508/1603/1501
f 1510/1605/1503 1526/1622/1519 1525/1621/1518 1509/1604/1502
f 1511/1606/1504 1527/1623/1520 1526/1622/1519 1510/1605/1503
f 1512/1607/1505 1528/1624/1521 1527/1623/1520 1511/1606/1504
f 1513/1608/1506 1529/1625/1522 1528/1624/1521 1512/1607/1505
f 1514/1609/1507 1530/1626/1523 1529/1625/1522 1513/1608/1506
f 1515/1610/1508 1531/1627/1524 1530/1626/1523 1514/1609/1507
f 1516/1611/1509 1532/1628/1525 1531/1627/1524 1515/1610/1508
f 1517/1612/1510 1533/1629/1526 1532/1628/1525 1516/1611/1509
f 1518/1613/1511 1534/1630/1527 1533/1629/1526 1517/1612/1510
f 1519/1614/1512 1535/1631/1528 1534/1630/1527 1518/1613/1511
f 1520/1600/1498 1536/1617/1514 1535/1632/1528 1519/1615/1512
f 1521/1616/1513 1537/1633/1529 1552/1634/1530 1536/1617/1514
f 1522/1618/1515 1538/1635/1531 1537/1633/1529 1521/1616/1513
f 1523/1619/1516 1539/1636/1532 1538/1635/1531 1522/1618/1515
f 1524/1620/1517 1540/1637/1533 1539/1636/1532 1523/1619/1516
f 1525/1621/1518 1541/1638/1534 1540/1637/1533 1524/1620/1517
f 1526/1622/1519 1542/1639/1535 1541/1638/1534 1525/1621/1518
f 1527/1623/1520 1543/1640/1536 1542/1639/1535 1526/1622/1519
f 1528/1624/1521 1544/1641/1537 1543/1640/1536 1527/1623/1520
f 1529/1625/1522 1545/1642/1538 1544/1641/1537 1528/1624/1521
f 1530/1626/1523 1546/1643/1539 1545/1642/1538 1529/1625/1522
f 1531/1627/1524 1547/1644/1540 1546/1643/1539 1530/1626/1523
f 1532/1628/1525 1548/1645/1541 1547/1644/1540 1531/1627/1524
f 1533/1629/1526 1549/1646/1542 1548/1645/1541 1532/1628/1525
f 1534/1630/1527 1550/1647/1543 1549/1646/1542 1533/1629/1526
f 1535/1631/1528 1551/1648/1544 1550/1647/1543 1534/1630/1527
f 1536/1617/1514 1552/1634/1530 1551/1649/1544 1535/1632/1528
f 1537/1633/1529 1553/1650/1545 1568/1651/1546 1552/1634/1530
f 1538/1635/1531 1554/1652/1547 1553/1650/1545 1537/1633/1529
f 1539/1636/1532 1555/1653/1548 1554/1652/1547 1538/1635/1531
f 1540/1637/1533 1556/1654/1549 1555/1653/1548 1539/1636/1532
f 1541/1638/1534 1557/1655/1550 1556/1654/1549 1540/1637/1533
f 1542/1639/1535 1558/1656/1551 1557/1655/1550 1541/1638/1534
f 1543/1640/1536 1559/1657/1552 1558/1656/1551 1542/1639/1535
f 1544/1641/1537 1560/1658/1553 1559/1657/1552 1543/1640/1536
f 1545/1642/1538 1561/1659/1554 1560/1658/1553 1544/1641/1537
f 1546/1643/1539 1562/1660/1555 1561/1659/1554 1545/1642/1538
f 1547/1644/1540 1563/1661/1556 1562/1660/1555 1546/1643/1539
f 1548/1645/1541 1564/1662/1557 1563/1661/1556 1547/1644/1540
f 1549/1646/1542 1565/1663/1558 1564/1662/1557 1548/1645/1541
f 1550/1647/1543 1566/1664/1559 1565/1663/1558 1549/1646/1542
f 1551/1648/1544 1567/1665/1560 1566/1664/1559 1550/1647/1543
f 1552/1634/1530 1568/1651/1546 1567/1666/1560 1551/1649/1544
f 1553/1650/1545 1569/1667/1561 1584/1668/1562 1568/1651/1546
f 1554/1652/1547 1570/1669/1563 1569/1667/1561 1553/1650/1545
f 1555/1653/1548 1571/1670/1564 1570/1669/1563 1554/1652/1547
f 1556/1654/1549 1572/1671/1565 1571/1670/1564 1555/1653/1548
f 1557/1655/1550 1573/1672/1566 1572/1671/1565 1556/1654/1549
f 1558/1656/1551 1574/1673/1567 1573/1672/1566 1557/1655/1550
f 1559/1657/1552 1575/1674/1568 1574/1673/1567 1558/1656/1551
f 1560/1658/1553 1576/1675/1569 1575/1674/1568 1559/1657/1552
f 1561/1659/1554 1577/1676/1570 1576/1675/1569 1560/1658/1553
f 1562/1660/1555 1578/1677/1571 1577/1676/1570 1561/1659/1554
f 1563/1661/1556 1579/1678/1572 1578/1677/1571 1562/1660/1555
f 1564/1662/1557 1580/1679/1573 1579/1678/1572 1563/1661/1556
f 1565/1663/1558 1581/1680/1574 1580/1679/1573 1564/1662/1557
f 1566/1664/1559 1582/1681/1575 1581/1680/1574 1565/1663/1558
f 1567/1665/1560 1583/1682/1576 1582/1681/1575 1566/1664/1559
f 1568/1651/1546 1584/1668/1562 1583/1683/1576 1567/1666/1560
f 1569/1667/1561 1585/1684/1577 1600/1685/1578 1584/1668/1562
f 1570/1669/1563 1586/1686/1579 1585/1684/1577 1569/1667/1561
f 1571/1670/1564 1587/1687/1580 1586/1686/1579 1570/1669/1563
f 1572/1671/1565 1588/1688/1581 1587/1687/1580 1571/1670/1564
f 1573/1672/1566 1589/1689/1582 1588/1688/1581 1572/1671/1565
f 1574/1673/1567 1590/1690/1583 1589/1689/1582 1573/1672/1566
f 1575/1674/1568 1591/1691/1584 1590/1690/1583 1574/1673/1567
f 1576/1675/1569 1592/1692/1585 1591/1691/1584 1575/1674/1568
f 1577/1676/1570 1593/1693/1586 1592/1692/1585 1576/1675/1569
f 1578/1677/1571 1594/1694/1587 1593/1693/1586 1577/1676/1570
f 1579/1678/1572 1595/1695/1588 1594/1694/1587 1578/1677/1571
f 1580/1679/1573 1596/1696/1589 1595/1695/1588 1579/1678/1572
f 1581/1680/1574 1597/1697/1590 1596/1696/1589 1580/1679/1573
f 1582/1681/1575 1598/1698/1591 1597/1697/1590 1581/1680/1574
f 1583/1682/1576 1599/1699/1592 1598/1698/1591 1582/1681/1575
f 1584/1668/1562 1600/1685/1578 1599/1700/1592 1583/1683/1576
f 1585/1684/1577 1601/1701/1593 1616/1702/1594 1600/1685/1578
f 1586/1686/1579 1602/1703/1595 1601/1701/1593 1585/1684/1577
f 1587/1687/1580 1603/1704/1596 1602/1703/1595 1586/1686/1579
f 1588/1688/1581 1604/1705/1597 1603/1704/1596 1587/1687/1580
f 1589/1689/1582 1605/1706/1598 1604/1705/1597 1588/1688/1581
f 1590/1690/1583 1606/1707/1599 1605/1706/1598 1589/1689/1582
f 1591/1691/1584 1607/1708/1600 1606/1707/1599 1590/1690/1583
f 1592/1692/1585 1608/1709/1601 1607/1708/1600 1591/1691/1584
f 1593/1693/1586 1609/1710/1602 1608/1709/1601 1592/1692/1585
f 1594/1694/1587 1610/1711/1603 1609/1710/1602 1593/1693/1586
f 1595/1695/1588 1611/1712/1604 1610/1711/1603 1594/1694/1587
f 1596/1696/1589 1612/1713/1605 1611/1712/1604 1595/1695/1588
f 1597/1697/1590 1613/1714/1606 1612/1713/1605 1596/1696/1589
f 1598/1698/1591 1614/1715/1607 1613/1714/1606 1597/1697/1590
f 1599/1699/1592 1615/1716/1608 1614/1715/1607 1598/1698/1591
f 1600/1685/1578 1616/1702/1594 1615/1717/1608 1599/1700/1592
f 1601/1701/1593 1617/1718/1609 1632/1719/1610 1616/1702/1594
f 1602/1703/1595 1618/1720/1611 1617/1718/1609 1601/1701/1593
f 1603/1704/1596 1619/1721/1612 1618/1720/1611 1602/1703/1595
f 1604/1705/1597 1620/1722/1613 1619/1721/1612 1603/1704/1596
f 1605/1706/1598 1621/1723/1614 1620/1722/1613 1604/1705/1597
f 1606/1707/1599 1622/1724/1615 1621/1723/1614 1605/1706/1598
f 1607/1708/1600 1623/1725/1616 1622/1724/1615 1606/1707/1599
f 1608/1709/1601 1624/1726/1617 1623/1725/1616 1607/1708/1600
f 1609/1710/1602 1625/1727/1618 1624/1726/1617 1608/1709/1601
f 1610/1711/1603 1626/1728/1619 1625/1727/1618 1609/1710/1602
f 1611/1712/1604 1627/1729/1620 1626/1728/1619 1610/1711/1603
f 1612/1713/1605 1628/1730/1621 1627/1729/1620 1611/1712/1604
f 1613/1714/1606 1629/1731/1622 1628/1730/1621 1612/1713/1605
f 1614/1715/1607 1630/1732/1623 1629/1731/1622 1613/1714/1606
f 1615/1716/1608 1631/1733/1624 1630/1732/1623 1614/1715/1607
f 1616/1702/1594 1632/1719/1610 1631/1734/1624 1615/1717/1608
f 1617/1718/1609 1633/1735/1625 1648/1736/1626 1632/1719/1610
f 1618/1720/1611 1634/1737/1627 1633/1735/1625 1617/1718/1609
f 1619/1721/1612 1635/1738/1628 1634/1737/1627 1618/1720/1611
f 1620/1722/1613 1636/1739/1629 1635/1738/1628 1619/1721/1612
f 1621/1723/1614 1637/1740/1630 1636/1739/1629 1620/1722/1613
f 1622/1724/1615 1638/1741/1631 1637/1740/1630 1621/1723/1614
f 1623/1725/1616 1639/1742/1632 1638/1741/1631 1622/1724/1615
f 1624/1726/1617 1640/1743/1633 1639/1742/1632 1623/1725/1616
f 1625/1727/1618 1641/1744/1634 1640/1743/1633 1624/1726/1617
f 1626/1728/1619 1642/1745/1635 1641/1744/1634 1625/1727/1618
f 1627/1729/1620 1643/1746/1636 1642/1745/1635 1626/1728/1619
f 1628/1730/1621 1644/1747/1637 1643/1746/1636 1627/1729/1620
f 1629/1731/1622 1645/1748/1638 1644/1747/1637 1628/1730/1621
f 1630/1732/1623 1646/1749/1639 1645/1748/1638 1629/1731/1622
f 1631/1733/1624 1647/1750/1640 1646/1749/1639 1630/1732/1623
f 1632/1719/1610 1648/1736/1626 1647/1751/1640 1631/1734/1624
f 1633/1735/1625 1649/1752/1641 1664/1753/1642 1648/1736/1626
f 1634/1737/1627 1650/1754/1643 1649/1752/1641 1633/1735/1625
f 1635/1738/1628 1651/1755/1644 1650/1754/1643 1634/1737/1627
f 1636/1739/1629 1652/1756/1645 1651/1755/1644 1635/1738/1628
f 1637/1740/1630 1653/1757/1646 1652/1756/1645 1636/1739/1629
f 1638/1741/1631 1654/1758/1647 1653/1757/1646 1637/1740/1630
f 1639/1742/1632 1655/1759/1648 1654/1758/1647 1638/1741/1631
f 1640/1743/1633 1656/1760/1649 1655/1759/1648 1639/1742/1632
f 1641/1744/1634 1657/1761/1650 1656/1760/1649 1640/1743/1633
f 1642/1745/1635 1658/1762/1651 1657/1761/1650 1641/1744/1634
f 1643/1746/1636 1659/1763/1652 1658/1762/1651 1642/1745/1635
f 1644/1747/1637 1660/1764/1653 1659/1763/1652 1643/1746/1636
f 1645/1748/1638 1661/1765/1654 1660/1764/1653 1644/1747/1637
f 1646/1749/1639 1662/1766/1655 1661/1765/1654 1645/1748/1638
f 1647/1750/1640 1663/1767/1656 1662/1766/1655 1646/1749/1639
f 1648/1736/1626 1664/1753/1642 1663/1768/1656 1647/1751/1640
f 1649/1752/1641 1665/1769/1657 1680/1770/1658 1664/1753/1642
f 1650/1754/1643 1666/1771/1659 1665/1769/1657 1649/1752/1641
f 1651/1755/1644 1667/1772/1660 1666/1771/1659 1650/1754/1643
f 1652/1756/1645 1668/1773/1661 1667/1772/1660 1651/1755/1644
f 1653/1757/1646 1669/1774/1662 1668/1773/1661 1652/1756/1645
f 1654/1758/1647 1670/1775/1663 1669/1774/1662 1653/1757/1646
f 1655/1759/1648 1671/1776/1664 1670/1775/1663 1654/1758/1647
f 1656/1760/1649 1672/1777/1665 1671/1776/1664 1655/1759/1648
f 1657/1761/1650 1673/1778/1666 1672/1777/1665 1656/1760/1649
f 1658/1762/1651 1674/1779/1667 1673/1778/1666 1657/1761/1650
f 1659/1763/1652 1675/1780/1668 1674/1779/1667 1658/1762/1651
f 1660/1764/1653 1676/1781/1669 1675/1780/1668 1659/1763/1652
f 1661/1765/1654 1677/1782/1670 1676/1781/1669 1660/1764/1653
f 1662/1766/1655 1678/1783/1671 1677/1782/1670 1661/1765/1654
f 1663/1767/1656 1679/1784/1672 1678/1783/1671 1662/1766/1655
f 1664/1753/1642 1680/1770/1658 1679/1785/1672 1663/1768/1656
f 1665/1769/1657 1681/1786/1673 1696/1787/1674 1680/1770/1658
f 1666/1771/1659 1682/1788/1675 1681/1786/1673 1665/1769/1657
f 1667/1772/1660 1683/1789/1676 1682/1788/1675 1666/1771/1659
f 1668/1773/1661 1684/1790/1677 1683/1789/1676 1667/1772/1660
f 1669/1774/1662 1685/1791/1678 1684/1790/1677 1668/1773/1661
f 1670/1775/1663 1686/1792/1679 1685/1791/1678 1669/1774/1662
f 1671/1776/1664 1687/1793/1680 1686/1792/1679 1670/1775/1663
f 1672/1777/1665 1688/1794/1681 1687/1793/1680 1671/1776/1664
f 1673/1778/1666 1689/1795/1682 1688/1794/1681 1672/1777/1665
f 1674/1779/1667 1690/1796/1683 1689/1795/1682 1673/1778/1666
f 1675/1780/1668 1691/1797/1684 1690/1796/1683 1674/1779/1667
f 1676/1781/1669 1692/1798/1685 1691/1797/1684 1675/1780/1668
f 1677/1782/1670 1693/1799/1686 1692/1798/1685 1676/1781/1669
f 1678/1783/1671 1694/1800/1687 1693/1799/1686 1677/1782/1670
f 1679/1784/1672 1695/1801/1688 1694/1800/1687 1678/1783/1671
f 1680/1770/1658 1696/1787/1674 1695/1802/1688 1679/1785/1672
f 1681/1786/1673 1697/1803/1689 1712/1804/1690 1696/1787/1674
f 1682/1788/1675 1698/1805/1691 1697/1803/1689 1681/1786/1673
f 1683/1789/1676 1699/1806/1692 1698/1805/1691 1682/1788/1675
f 1684/1790/1677 1700/1807/1693 1699/1806/1692 1683/1789/1676
f 1685/1791/1678 1701/1808/1694 1700/1807/1693 1684/1790/1677
f 1686/1792/1679 1702/1809/1695 1701/1808/1694 1685/1791/1678
f 1687/1793/1680 1703/1810/1696 1702/1809/1695 1686/1792/1679
f 1688/1794/1681 1704/1811/1697 1703/1810/1696 1687/1793/1680
f 1689/1795/1682 1705/1812/1698 1704/1811/1697 1688/1794/1681
f 1690/1796/1683 1706/1813/1699 1705/1812/1698 1689/1795/1682
f 1691/1797/1684 1707/1814/1700 1706/1813/1699 1690/1796/1683
f 1692/1798/1685 1708/1815/1701 1707/1814/1700 1691/1797/1684
f 1693/1799/1686 1709/1816/1702 1708/1815/1701 1692/1798/1685
f 1694/1800/1687 1710/1817/1703 1709/1816/1702 1693/1799/1686
f 1695/1801/1688 1711/1818/1704 1710/1817/1703 1694/1800/1687
f 1696/1787/1674 1712/1804/1690 1711/1819/1704 1695/1802/1688
f 1697/1803/1689 1713/1820/1705 1728/1821/1706 1712/1804/1690
f 1698/1805/1691 1714/1822/1707 1713/1820/1705 1697/1803/1689
f 1699/1806/1692 1715/1823/1708 1714/1822/1707 1698/1805/1691
f 1700/1807/1693 1716/1824/1709 1715/1823/1708 1699/1806/1692
f 1701/1808/1694 1717/1825/1710 1716/1824/1709 1700/1807/1693
f 1702/1809/1695 1718/1826/1711 1717/1825/1710 1701/1808/1694
f 1703/1810/1696 1719/1827/1712 1718/1826/1711 1702/1809/1695
f 1704/1811/1697 1720/1828/1713 1719/1827/1712 1703/1810/1696
f 1705/1812/1698 1721/1829/1714 1720/1828/1713 1704/1811/1697
f 1706/1813/1699 1722/1830/1715 1721/1829/1714 1705/1812/1698
f 1707/1814/1700 1723/1831/1716 1722/1830/1715 1706/1813/1699
f 1708/1815/1701 1724/1832/1717 1723/1831/1716 1707/1814/1700
f 1709/1816/1702 1725/1833/1718 1724/1832/1717 1708/1815/1701
f 1710/1817/1703 1726/1834/1719 1725/1833/1718 1709/1816/1702
f 1711/1818/1704 1727/1835/1720 1726/1834/1719 1710/1817/1703
f 1712/1804/1690 1728/1821/1706 1727/1836/1720 1711/1819/1704
f 1713/1820/1705 1729/1837/1721 1744/1838/1722 1728/1821/1706
f 1714/1822/1707 1730/1839/1723 1729/1837/1721 1713/1820/1705
f 1715/1823/1708 1731/1840/1724 1730/1839/1723 1714/1822/1707
f 1716/1824/1709 1732/1841/1725 1731/1840/1724 1715/1823/1708
f 1717/1825/1710 1733/1842/1726 1732/1841/1725 1716/1824/1709
f 1718/1826/1711 1734/1843/1727 1733/1842/1726 1717/1825/1710
f 1719/1827/1712 1735/1844/1728 1734/1843/1727 1718/1826/1711
f 1720/1828/1713 1736/1845/1729 1735/1844/1728 1719/1827/1712
f 1721/1829/1714 1737/1846/1730 1736/1845/1729 1720/1828/1713
f 1722/1830/1715 1738/1847/1731 1737/1846/1730 1721/1829/1714
f 1723/1831/1716 1739/1848/1732 1738/1847/1731 1722/1830/1715
f 1724/1832/1717 1740/1849/1733 1739/1848/1732 1723/1831/1716
f 1725/1833/1718 1741/1850/1734 1740/1849/1733 1724/1832/1717
f 1726/1834/1719 1742/1851/1735 1741/1850/1734 1725/1833/1718
f 1727/1835/1720 1743/1852/1736 1742/1851/1735 1726/1834/1719
f 1728/1821/1706 1744/1838/1722 1743/1853/1736 1727/1836/1720
f 1729/1837/1721 1745/1854/1737 1760/1855/1738 1744/1838/1722
f 1730/1839/1723 1746/1856/1739 1745/1854/1737 1729/1837/1721
f 1731/1840/1724 1747/1857/1740 1746/1856/1739 1730/1839/1723
f 1732/1841/1725 1748/1858/1741 1747/1857/1740 1731/1840/1724
f 1733/1842/1726 1749/1859/1742 1748/1858/1741 1732/1841/1725
f 1734/1843/1727 1750/1860/1743 1749/1859/1742 1733/1842/1726
f 1735/1844/1728 1751/1861/1744 1750/1860/1743 1734/1843/1727
f 1736/1845/1729 1752/1862/1745 1751/1861/1744 1735/1844/1728
f 1737/1846/1730 1753/1863/1746 1752/1862/1745 1736/1845/1729
f 1738/1847/1731 1754/1864/1747 1753/1863/1746 1737/1846/1730
f 1739/1848/1732 1755/1865/1748 1754/1864/1747 1738/1847/1731
f 1740/1849/1733 1756/1866/1749 1755/1865/1748 1739/1848/1732
f 1741/1850/1734 1757/1867/1750 1756/1866/1749 1740/1849/1733
f 1742/1851/1735 1758/1868/1751 1757/1867/1750 1741/1850/1734
f 1743/1852/1736 1759/1869/1752 1758/1868/1751 1742/1851/1735
f 1744/1838/1722 1760/1855/1738 1759/1870/1752 1743/1853/1736
usemtl MI_Trim_02
f 1830/1871/1753 1784/1872/1754 1762/1873/1755 1786/1874/1756
f 1794/1875/1757 1766/1876/1758 1768/1877/1759 1798/1878/1760
f 1798/1878/1760 1768/1877/1759 1770/1879/1761 1802/1880/1762
f 1802/1880/1762 1770/1879/1761 1772/1881/1763 1806/1882/1764
f 1806/1882/1764 1772/1881/1763 1774/1883/1765 1810/1884/1766
f 1810/1884/1766 1774/1883/1765 1776/1885/1767 1814/1886/1768
f 1814/1886/1768 1776/1885/1767 1778/1887/1769 1818/1888/1770
f 1818/1888/1770 1778/1887/1769 1780/1889/1771 1822/1890/1772
f 1822/1890/1772 1780/1889/1771 1782/1891/1773 1826/1892/1774
f 1826/1892/1774 1782/1891/1773 1784/1872/1754 1830/1871/1753
f 1780/1889/1775 1778/1887/1775 1767/1893/1775 1765/1894/1775
f 1763/1895/1776 1765/1894/1777 1836/1896/1777 1835/1897/1776
f 1790/1898/1778 1764/1899/1779 1766/1876/1758 1794/1875/1757
f 1786/1900/1756 1762/1901/1755 1764/1899/1779 1790/1898/1778
f 1786/1900/1756 1790/1898/1778 1792/1902/1780 1788/1903/1781
f 1788/1904/1781 1792/1905/1780 1791/1906/1782 1787/1907/1783
f 1787/1907/1783 1791/1906/1782 1789/1908/1784 1785/1909/1785
f 1790/1898/1778 1794/1875/1757 1796/1910/1786 1792/1911/1780
f 1792/1912/1780 1796/1913/1786 1795/1914/1787 1791/1906/1782
f 1791/1906/1782 1795/1914/1787 1793/1915/1788 1789/1908/1784
f 1794/1875/1757 1798/1878/1760 1800/1916/1789 1796/1917/1786
f 1796/1918/1786 1800/1919/1789 1799/1920/1790 1795/1914/1787
f 1795/1914/1787 1799/1920/1790 1797/1921/1791 1793/1915/1788
f 1798/1878/1760 1802/1880/1762 1804/1922/1792 1800/1923/1789
f 1800/1924/1789 1804/1925/1792 1803/1926/1793 1799/1920/1790
f 1799/1920/1790 1803/1926/1793 1801/1927/1794 1797/1921/1791
f 1802/1880/1762 1806/1882/1764 1808/1928/1795 1804/1929/1792
f 1804/1930/1792 1808/1931/1795 1807/1932/1796 1803/1926/1793
f 1803/1926/1793 1807/1932/1796 1805/1933/1797 1801/1927/1794
f 1806/1882/1764 1810/1884/1766 1812/1934/1798 1808/1935/1795
f 1808/1936/1795 1812/1937/1798 1811/1938/1799 1807/1932/1796
f 1807/1932/1796 1811/1938/1799 1809/1939/1800 1805/1933/1797
f 1810/1884/1766 1814/1886/1768 1816/1940/1801 1812/1941/1798
f 1812/1942/1798 1816/1943/1801 1815/1944/1802 1811/1938/1799
f 1811/1938/1799 1815/1944/1802 1813/1945/1803 1809/1939/1800
f 1814/1886/1768 1818/1888/1770 1820/1946/1804 1816/1947/1801
f 1816/1948/1801 1820/1949/1804 1819/1950/1805 1815/1944/1802
f 1815/1944/1802 1819/1950/1805 1817/1951/1806 1813/1945/1803
f 1818/1888/1770 1822/1890/1772 1824/1952/1807 1820/1953/1804
f 1820/1954/1804 1824/1955/1807 1823/1956/1808 1819/1950/1805
f 1819/1950/1805 1823/1956/1808 1821/1957/1809 1817/1951/1806
f 1822/1890/1772 1826/1892/1774 1828/1958/1810 1824/1959/1807
f 1824/1960/1807 1828/1961/1810 1827/1962/1811 1823/1956/1808
f 1823/1956/1808 1827/1962/1811 1825/1963/1812 1821/1957/1809
f 1826/1892/1774 1830/1871/1753 1832/1964/1813 1828/1965/1810
f 1828/1966/1810 1832/1967/1813 1831/1968/1814 1827/1962/1811
f 1827/1962/1811 1831/1968/1814 1829/1969/1815 1825/1963/1812
f 1830/1871/1753 1786/1874/1756 1788/1970/1781 1832/1971/1813
f 1832/1972/1813 1788/1973/1781 1787/1907/1783 1831/1968/1814
f 1831/1968/1814 1787/1907/1783 1785/1909/1785 1829/1969/1815
f 1785/1909/1785 1789/1908/1784 1793/1915/1788 1797/1921/1791 1801/1927/1794 1805/1933/1797 1809/1939/1800 1813/1945/1803 1817/1951/1806 1821/1957/1809 1825/1963/1812 1829/1969/1815
f 1778/1887/1775 1776/1885/1816 1769/1974/1816 1767/1893/1775
f 1776/1885/1816 1774/1883/1816 1771/1975/1816 1769/1974/1816
f 1774/1883/1816 1772/1881/1816 1773/1976/1816 1771/1975/1816
f 1772/1881/1816 1770/1879/1816 1775/1977/1816 1773/1976/1816
f 1770/1879/1816 1768/1877/1816 1777/1978/1816 1775/1977/1816
f 1762/1873/1816 1784/1872/1816 1761/1979/1816 1781/1980/1816
f 1764/1899/1816 1762/1901/1816 1781/1981/1816 1783/1982/1816
f 1768/1877/1816 1766/1876/1816 1779/1983/1816 1777/1978/1816
f 1784/1872/1816 1782/1891/1816 1763/1895/1816 1761/1979/1816
f 1766/1876/1816 1764/1899/1816 1783/1982/1816 1779/1983/1816
f 1782/1891/1816 1780/1889/1775 1765/1894/1775 1763/1895/1816
f 1844/1984/1816 1833/1985/1816 1834/1986/1816 1835/1987/1816 1836/1988/1816 1837/1989/1816 1838/1990/1816 1839/1991/1816 1840/1992/1816 1841/1993/1816 1842/1994/1816 1843/1995/1816
f 1783/1982/1817 1781/1981/1818 1833/1996/1818 1844/1997/1817
f 1781/1980/1818 1761/1979/1819 1834/1998/1819 1833/1999/1818
f 1777/1978/1820 1779/1983/1821 1843/2000/1821 1842/2001/1820
f 1773/1976/1822 1775/1977/1823 1841/2002/1823 1840/2003/1822
f 1769/1974/1824 1771/1975/1825 1839/2004/1825 1838/2005/1824
f 1779/1983/1821 1783/1982/1817 1844/1997/1817 1843/2000/1821
f 1765/1894/1777 1767/1893/1826 1837/2006/1826 1836/1896/1777
f 1775/1977/1823 1777/1978/1820 1842/2001/1820 1841/2002/1823
f 1761/1979/1819 1763/1895/1776 1835/1897/1776 1834/1998/1819
f 1771/1975/1825 1773/1976/1822 1840/2003/1822 1839/2004/1825
f 1767/1893/1826 1769/1974/1824 1838/2005/1824 1837/2006/1826
f 1914/2007/1827 1868/2008/1828 1846/2009/1829 1870/2010/1830
f 1878/2011/1831 1850/2012/1832 1852/2013/1833 1882/2014/1834
f 1882/2014/1834 1852/2013/1833 1854/2015/1835 1886/2016/1836
f 1886/2016/1836 1854/2015/1835 1856/2017/1837 1890/2018/1838
f 1890/2018/1838 1856/2017/1837 1858/2019/1839 1894/2020/1840
f 1894/2020/1840 1858/2019/1839 1860/2021/1841 1898/2022/1842
f 1898/2022/1842 1860/2021/1841 1862/2023/1843 1902/2024/1844
f 1902/2024/1844 1862/2023/1843 1864/2025/1845 1906/2026/1846
f 1906/2026/1846 1864/2025/1845 1866/2027/1847 1910/2028/1848
f 1910/2028/1848 1866/2027/1847 1868/2008/1828 1914/2007/1827
f 1864/2025/1849 1862/2023/1849 1851/2029/1849 1849/2030/1849
f 1847/2031/1850 1849/2030/1851 1920/2032/1851 1919/2033/1850
f 1874/2034/1852 1848/2035/1853 1850/2012/1832 1878/2011/1831
f 1870/2036/1830 1846/2037/1829 1848/2035/1853 1874/2034/1852
f 1870/2036/1830 1874/2034/1852 1876/2038/1854 1872/2039/1855
f 1872/2040/1855 1876/2041/1854 1875/2042/1856 1871/2043/1857
f 1871/2043/1857 1875/2042/1856 1873/2044/1858 1869/2045/1859
f 1874/2034/1852 1878/2011/1831 1880/2046/1860 1876/2047/1854
f 1876/2048/1854 1880/2049/1860 1879/2050/1861 1875/2042/1856
f 1875/2042/1856 1879/2050/1861 1877/2051/1862 1873/2044/1858
f 1878/2011/1831 1882/2014/1834 1884/2052/1863 1880/2053/1860
f 1880/2054/1860 1884/2055/1863 1883/2056/1864 1879/2050/1861
f 1879/2050/1861 1883/2056/1864 1881/2057/1865 1877/2051/1862
f 1882/2014/1834 1886/2016/1836 1888/2058/1866 1884/2059/1863
f 1884/2060/1863 1888/2061/1866 1887/2062/1867 1883/2056/1864
f 1883/2056/1864 1887/2062/1867 1885/2063/1868 1881/2057/1865
f 1886/2016/1836 1890/2018/1838 1892/2064/1869 1888/2065/1866
f 1888/2066/1866 1892/2067/1869 1891/2068/1870 1887/2062/1867
f 1887/2062/1867 1891/2068/1870 1889/2069/1871 1885/2063/1868
f 1890/2018/1838 1894/2020/1840 1896/2070/1872 1892/2071/1869
f 1892/2072/1869 1896/2073/1872 1895/2074/1873 1891/2068/1870
f 1891/2068/1870 1895/2074/1873 1893/2075/1874 1889/2069/1871
f 1894/2020/1840 1898/2022/1842 1900/2076/1875 1896/2077/1872
f 1896/2078/1872 1900/2079/1875 1899/2080/1876 1895/2074/1873
f 1895/2074/1873 1899/2080/1876 1897/2081/1877 1893/2075/1874
f 1898/2022/1842 1902/2024/1844 1904/2082/1878 1900/2083/1875
f 1900/2084/1875 1904/2085/1878 1903/2086/1879 1899/2080/1876
f 1899/2080/1876 1903/2086/1879 1901/2087/1880 1897/2081/1877
f 1902/2024/1844 1906/2026/1846 1908/2088/1881 1904/2089/1878
f 1904/2090/1878 1908/2091/1881 1907/2092/1882 1903/2086/1879
f 1903/2086/1879 1907/2092/1882 1905/2093/1883 1901/2087/1880
f 1906/2026/1846 1910/2028/1848 1912/2094/1884 1908/2095/1881
f 1908/2096/1881 1912/2097/1884 1911/2098/1885 1907/2092/1882
f 1907/2092/1882 1911/2098/1885 1909/2099/1886 1905/2093/1883
f 1910/2028/1848 1914/2007/1827 1916/2100/1887 1912/2101/1884
f 1912/2102/1884 1916/2103/1887 1915/2104/1888 1911/2098/1885
f 1911/2098/1885 1915/2104/1888 1913/2105/1889 1909/2099/1886
f 1914/2007/1827 1870/2010/1830 1872/2106/1855 1916/2107/1887
f 1916/2108/1887 1872/2109/1855 1871/2043/1857 1915/2104/1888
f 1915/2104/1888 1871/2043/1857 1869/2045/1859 1913/2105/1889
f 1869/2045/1859 1873/2044/1858 1877/2051/1862 1881/2057/1865 1885/2063/1868 1889/2069/1871 1893/2075/1874 1897/2081/1877 1901/2087/1880 1905/2093/1883 1909/2099/1886 1913/2105/1889
f 1862/2023/1849 1860/2021/1849 1853/2110/1849 1851/2029/1849
f 1860/2021/1849 1858/2019/1849 1855/2111/1849 1853/2110/1849
f 1858/2019/1849 1856/2017/1849 1857/2112/1849 1855/2111/1849
f 1856/2017/1849 1854/2015/1849 1859/2113/1849 1857/2112/1849
f 1854/2015/1849 1852/2013/1849 1861/2114/1849 1859/2113/1849
f 1846/2009/1849 1868/2008/1849 1845/2115/1849 1865/2116/1849
f 1848/2035/1849 1846/2037/1849 1865/2117/1849 1867/2118/1849
f 1852/2013/1849 1850/2012/1849 1863/2119/1849 1861/2114/1849
f 1868/2008/1849 1866/2027/1849 1847/2031/1849 1845/2115/1849
f 1850/2012/1849 1848/2035/1849 1867/2118/1849 1863/2119/1849
f 1866/2027/1849 1864/2025/1849 1849/2030/1849 1847/2031/1849
f 1928/2120/1849 1917/2121/1849 1918/2122/1849 1919/2123/1849 1920/2124/1849 1921/2125/1849 1922/2126/1849 1923/2127/1849 1924/2128/1849 1925/2129/1849 1926/2130/1849 1927/2131/1849
f 1867/2118/1890 1865/2117/1891 1917/2132/1891 1928/2133/1890
f 1865/2116/1891 1845/2115/1892 1918/2134/1892 1917/2135/1891
f 1861/2114/1893 1863/2119/1894 1927/2136/1894 1926/2137/1893
f 1857/2112/1895 1859/2113/1896 1925/2138/1896 1924/2139/1895
f 1853/2110/1897 1855/2111/1898 1923/2140/1898 1922/2141/1897
f 1863/2119/1894 1867/2118/1890 1928/2133/1890 1927/2136/1894
f 1849/2030/1851 1851/2029/1899 1921/2142/1899 1920/2032/1851
f 1859/2113/1896 1861/2114/1893 1926/2137/1893 1925/2138/1896
f 1845/2115/1892 1847/2031/1850 1919/2033/1850 1918/2134/1892
f 1855/2111/1898 1857/2112/1895 1924/2139/1895 1923/2140/1898
f 1851/2029/1899 1853/2110/1897 1922/2141/1897 1921/2142/1899
f 1998/2143/1827 1952/2144/1828 1930/2145/1829 1954/2146/1830
f 1962/2147/1831 1934/2148/1832 1936/2149/1833 1966/2150/1834
f 1966/2150/1834 1936/2149/1833 1938/2151/1835 1970/2152/1836
f 1970/2152/1836 1938/2151/1835 1940/2153/1837 1974/2154/1838
f 1974/2154/1838 1940/2153/1837 1942/2155/1839 1978/2156/1840
f 1978/2156/1840 1942/2155/1839 1944/2157/1841 1982/2158/1842
f 1982/2158/1842 1944/2157/1841 1946/2159/1843 1986/2160/1844
f 1986/2160/1844 1946/2159/1843 1948/2161/1845 1990/2162/1846
f 1990/2162/1846 1948/2161/1845 1950/2163/1847 1994/2164/1848
f 1994/2164/1848 1950/2163/1847 1952/2144/1828 1998/2143/1827
f 1948/2161/1849 1946/2159/1849 1935/2165/1849 1933/2166/1849
f 1931/2167/1850 1933/2166/1851 2004/2168/1851 2003/2169/1850
f 1958/2170/1852 1932/2171/1853 1934/2148/1832 1962/2147/1831
f 1954/2172/1830 1930/2173/1829 1932/2171/1853 1958/2170/1852
f 1954/2172/1830 1958/2170/1852 1960/2174/1854 1956/2175/1855
f 1956/2176/1855 1960/2177/1854 1959/2178/1856 1955/2179/1857
f 1955/2179/1857 1959/2178/1856 1957/2180/1858 1953/2181/1859
f 1958/2170/1852 1962/2147/1831 1964/2182/1860 1960/2183/1854
f 1960/2184/1854 1964/2185/1860 1963/2186/1861 1959/2178/1856
f 1959/2178/1856 1963/2186/1861 1961/2187/1862 1957/2180/1858
f 1962/2147/1831 1966/2150/1834 1968/2188/1863 1964/2189/1860
f 1964/2190/1860 1968/2191/1863 1967/2192/1864 1963/2186/1861
f 1963/2186/1861 1967/2192/1864 1965/2193/1865 1961/2187/1862
f 1966/2150/1834 1970/2152/1836 1972/2194/1866 1968/2195/1863
f 1968/2196/1863 1972/2197/1866 1971/2198/1867 1967/2192/1864
f 1967/2192/1864 1971/2198/1867 1969/2199/1868 1965/2193/1865
f 1970/2152/1836 1974/2154/1838 1976/2200/1869 1972/2201/1866
f 1972/2202/1866 1976/2203/1869 1975/2204/1870 1971/2198/1867
f 1971/2198/1867 1975/2204/1870 1973/2205/1871 1969/2199/1868
f 1974/2154/1838 1978/2156/1840 1980/2206/1900 1976/2207/1869
f 1976/2208/1869 1980/2209/1900 1979/2210/1873 1975/2204/1870
f 1975/2204/1870 1979/2210/1873 1977/2211/1874 1973/2205/1871
f 1978/2156/1840 1982/2158/1842 1984/2212/1901 1980/2213/1900
f 1980/2214/1900 1984/2215/1901 1983/2216/1902 1979/2210/1873
f 1979/2210/1873 1983/2216/1902 1981/2217/1877 1977/2211/1874
f 1982/2158/1842 1986/2160/1844 1988/2218/1878 1984/2219/1901
f 1984/2220/1901 1988/2221/1878 1987/2222/1879 1983/2216/1902
f 1983/2216/1902 1987/2222/1879 1985/2223/1880 1981/2217/1877
f 1986/2160/1844 1990/2162/1846 1992/2224/1881 1988/2225/1878
f 1988/2226/1878 1992/2227/1881 1991/2228/1903 1987/2222/1879
f 1987/2222/1879 1991/2228/1903 1989/2229/1883 1985/2223/1880
f 1990/2162/1846 1994/2164/1848 1996/2230/1884 1992/2231/1881
f 1992/2232/1881 1996/2233/1884 1995/2234/1885 1991/2228/1903
f 1991/2228/1903 1995/2234/1885 1993/2235/1886 1989/2229/1883
f 1994/2164/1848 1998/2143/1827 2000/2236/1887 1996/2237/1884
f 1996/2238/1884 2000/2239/1887 1999/2240/1888 1995/2234/1885
f 1995/2234/1885 1999/2240/1888 1997/2241/1889 1993/2235/1886
f 1998/2143/1827 1954/2146/1830 1956/2242/1855 2000/2243/1887
f 2000/2244/1887 1956/2245/1855 1955/2179/1857 1999/2240/1888
f 1999/2240/1888 1955/2179/1857 1953/2181/1859 1997/2241/1889
f 1953/2181/1859 1957/2180/1858 1961/2187/1862 1965/2193/1865 1969/2199/1868 1973/2205/1871 1977/2211/1874 1981/2217/1877 1985/2223/1880 1989/2229/1883 1993/2235/1886 1997/2241/1889
f 1946/2159/1849 1944/2157/1849 1937/2246/1849 1935/2165/1849
f 1944/2157/1849 1942/2155/1849 1939/2247/1849 1937/2246/1849
f 1942/2155/1849 1940/2153/1849 1941/2248/1849 1939/2247/1849
f 1940/2153/1849 1938/2151/1849 1943/2249/1849 1941/2248/1849
f 1938/2151/1849 1936/2149/1849 1945/2250/1849 1943/2249/1849
f 1930/2145/1849 1952/2144/1849 1929/2251/1849 1949/2252/1849
f 1932/2171/1849 1930/2173/1849 1949/2253/1849 1951/2254/1849
f 1936/2149/1849 1934/2148/1849 1947/2255/1849 1945/2250/1849
f 1952/2144/1849 1950/2163/1849 1931/2167/1849 1929/2251/1849
f 1934/2148/1849 1932/2171/1849 1951/2254/1849 1947/2255/1849
f 1950/2163/1849 1948/2161/1849 1933/2166/1849 1931/2167/1849
f 2012/2256/1849 2001/2257/1849 2002/2258/1849 2003/2259/1849 2004/2260/1849 2005/2261/1849 2006/2262/1849 2007/2263/1849 2008/2264/1849 2009/2265/1849 2010/2266/1849 2011/2267/1849
f 1951/2254/1890 1949/2253/1891 2001/2268/1891 2012/2269/1890
f 1949/2252/1891 1929/2251/1892 2002/2270/1892 2001/2271/1891
f 1945/2250/1893 1947/2255/1894 2011/2272/1894 2010/2273/1893
f 1941/2248/1895 1943/2249/1896 2009/2274/1896 2008/2275/1895
f 1937/2246/1897 1939/2247/1898 2007/2276/1898 2006/2277/1897
f 1947/2255/1894 1951/2254/1890 2012/2269/1890 2011/2272/1894
f 1933/2166/1851 1935/2165/1899 2005/2278/1899 2004/2168/1851
f 1943/2249/1896 1945/2250/1893 2010/2273/1893 2009/2274/1896
f 1929/2251/1892 1931/2167/1850 2003/2169/1850 2002/2270/1892
f 1939/2247/1898 1941/2248/1895 2008/2275/1895 2007/2276/1898
f 1935/2165/1899 1937/2246/1897 2006/2277/1897 2005/2278/1899
f 2082/2279/1904 2036/2280/1905 2014/2281/1906 2038/2282/1907
f 2046/2283/1908 2018/2284/1909 2020/2285/1910 2050/2286/1911
f 2050/2286/1911 2020/2285/1910 2022/2287/1912 2054/2288/1913
f 2054/2288/1913 2022/2287/1912 2024/2289/1914 2058/2290/1915
f 2058/2290/1915 2024/2289/1914 2026/2291/1916 2062/2292/1917
f 2062/2292/1917 2026/2291/1916 2028/2293/1918 2066/2294/1919
f 2066/2294/1919 2028/2293/1918 2030/2295/1920 2070/2296/1921
f 2070/2296/1921 2030/2295/1920 2032/2297/1922 2074/2298/1923
f 2074/2298/1923 2032/2297/1922 2034/2299/1924 2078/2300/1925
f 2078/2300/1925 2034/2299/1924 2036/2280/1905 2082/2279/1904
f 2032/2297/1926 2030/2295/1926 2019/2301/1926 2017/2302/1926
f 2015/2303/1927 2017/2302/1928 2088/2304/1928 2087/2305/1927
f 2042/2306/1929 2016/2307/1930 2018/2284/1909 2046/2283/1908
f 2038/2308/1907 2014/2309/1906 2016/2307/1930 2042/2306/1929
f 2038/2308/1907 2042/2306/1929 2044/2310/1931 2040/2311/1932
f 2040/2312/1932 2044/2313/1931 2043/2314/1933 2039/2315/1934
f 2039/2315/1934 2043/2314/1933 2041/2316/1935 2037/2317/1936
f 2042/2306/1929 2046/2283/1908 2048/2318/1937 2044/2319/1931
f 2044/2320/1931 2048/2321/1937 2047/2322/1938 2043/2314/1933
f 2043/2314/1933 2047/2322/1938 2045/2323/1939 2041/2316/1935
f 2046/2283/1908 2050/2286/1911 2052/2324/1940 2048/2325/1937
f 2048/2326/1937 2052/2327/1940 2051/2328/1941 2047/2322/1938
f 2047/2322/1938 2051/2328/1941 2049/2329/1942 2045/2323/1939
f 2050/2286/1911 2054/2288/1913 2056/2330/1943 2052/2331/1940
f 2052/2332/1940 2056/2333/1943 2055/2334/1944 2051/2328/1941
f 2051/2328/1941 2055/2334/1944 2053/2335/1945 2049/2329/1942
f 2054/2288/1913 2058/2290/1915 2060/2336/1946 2056/2337/1943
f 2056/2338/1943 2060/2339/1946 2059/2340/1947 2055/2334/1944
f 2055/2334/1944 2059/2340/1947 2057/2341/1948 2053/2335/1945
f 2058/2290/1915 2062/2292/1917 2064/2342/1949 2060/2343/1946
f 2060/2344/1946 2064/2345/1949 2063/2346/1950 2059/2340/1947
f 2059/2340/1947 2063/2346/1950 2061/2347/1951 2057/2341/1948
f 2062/2292/1917 2066/2294/1919 2068/2348/1952 2064/2349/1949
f 2064/2350/1949 2068/2351/1952 2067/2352/1953 2063/2346/1950
f 2063/2346/1950 2067/2352/1953 2065/2353/1954 2061/2347/1951
f 2066/2294/1919 2070/2296/1921 2072/2354/1955 2068/2355/1952
f 2068/2356/1952 2072/2357/1955 2071/2358/1956 2067/2352/1953
f 2067/2352/1953 2071/2358/1956 2069/2359/1957 2065/2353/1954
f 2070/2296/1921 2074/2298/1923 2076/2360/1958 2072/2361/1955
f 2072/2362/1955 2076/2363/1958 2075/2364/1959 2071/2358/1956
f 2071/2358/1956 2075/2364/1959 2073/2365/1960 2069/2359/1957
f 2074/2298/1923 2078/2300/1925 2080/2366/1961 2076/2367/1958
f 2076/2368/1958 2080/2369/1961 2079/2370/1962 2075/2364/1959
f 2075/2364/1959 2079/2370/1962 2077/2371/1963 2073/2365/1960
f 2078/2300/1925 2082/2279/1904 2084/2372/1964 2080/2373/1961
f 2080/2374/1961 2084/2375/1964 2083/2376/1965 2079/2370/1962
f 2079/2370/1962 2083/2376/1965 2081/2377/1966 2077/2371/1963
f 2082/2279/1904 2038/2282/1907 2040/2378/1932 2084/2379/1964
f 2084/2380/1964 2040/2381/1932 2039/2315/1934 2083/2376/1965
f 2083/2376/1965 2039/2315/1934 2037/2317/1936 2081/2377/1966
f 2037/2317/1936 2041/2316/1935 2045/2323/1939 2049/2329/1942 2053/2335/1945 2057/2341/1948 2061/2347/1951 2065/2353/1954 2069/2359/1957 2073/2365/1960 2077/2371/1963 2081/2377/1966
f 2030/2295/1926 2028/2293/1926 2021/2382/1926 2019/2301/1926
f 2028/2293/1926 2026/2291/1926 2023/2383/1926 2021/2382/1926
f 2026/2291/1926 2024/2289/1926 2025/2384/1926 2023/2383/1926
f 2024/2289/1926 2022/2287/1967 2027/2385/1967 2025/2384/1926
f 2022/2287/1967 2020/2285/1926 2029/2386/1926 2027/2385/1967
f 2014/2281/1926 2036/2280/1967 2013/2387/1967 2033/2388/1926
f 2016/2307/1926 2014/2309/1926 2033/2389/1926 2035/2390/1926
f 2020/2285/1926 2018/2284/1926 2031/2391/1926 2029/2386/1926
f 2036/2280/1967 2034/2299/1926 2015/2303/1926 2013/2387/1967
f 2018/2284/1926 2016/2307/1926 2035/2390/1926 2031/2391/1926
f 2034/2299/1926 2032/2297/1926 2017/2302/1926 2015/2303/1926
f 2096/2392/1926 2085/2393/1926 2086/2394/1926 2087/2395/1926 2088/2396/1926 2089/2397/1926 2090/2398/1926 2091/2399/1926 2092/2400/1926 2093/2401/1926 2094/2402/1926 2095/2403/1926
f 2035/2390/1968 2033/2389/1969 2085/2404/1969 2096/2405/1968
f 2033/2388/1969 2013/2387/1970 2086/2406/1970 2085/2407/1969
f 2029/2386/1971 2031/2391/1972 2095/2408/1972 2094/2409/1971
f 2025/2384/1973 2027/2385/1974 2093/2410/1974 2092/2411/1973
f 2021/2382/1975 2023/2383/1976 2091/2412/1976 2090/2413/1975
f 2031/2391/1972 2035/2390/1968 2096/2405/1968 2095/2408/1972
f 2017/2302/1928 2019/2301/1977 2089/2414/1977 2088/2304/1928
f 2027/2385/1974 2029/2386/1971 2094/2409/1971 2093/2410/1974
f 2013/2387/1970 2015/2303/1927 2087/2305/1927 2086/2406/1970
f 2023/2383/1976 2025/2384/1973 2092/2411/1973 2091/2412/1976
f 2019/2301/1977 2021/2382/1975 2090/2413/1975 2089/2414/1977
