# Blender v3.6.0 OBJ File: 'AllModules_Unreal.blend'
# www.blender.org
mtllib Prop_Fan_Big.mtl
o Prop_Fan_Big_Cylinder.020
v 1.497700 -0.014311 0.000000
v 1.484887 -0.014311 0.195489
v 1.446667 -0.014311 0.387633
v 1.383694 -0.014311 0.573145
v 1.297046 -0.014311 0.748850
v 1.188205 -0.014311 0.911742
v 1.059034 -0.014311 1.059034
v 0.911742 -0.014311 1.188205
v 0.748850 -0.014311 1.297046
v 0.573145 -0.014311 1.383694
v 0.387633 -0.014311 1.446667
v 0.195489 -0.014311 1.484887
v 0.000000 -0.014311 1.497700
v 0.000000 0.049537 1.289444
v 0.000000 0.015639 1.421938
v 0.168306 0.049537 1.278413
v 0.185600 0.015639 1.409773
v 0.333732 0.049537 1.245507
v 0.368025 0.015639 1.373487
v 0.493449 0.049537 1.191291
v 0.544152 0.015639 1.313699
v 0.644722 0.049537 1.116691
v 0.710969 0.015639 1.231434
v 0.784964 0.049537 1.022985
v 0.865621 0.015639 1.128099
v 0.911775 0.049537 0.911775
v 1.005462 0.015639 1.005462
v 1.022985 0.049537 0.784964
v 1.128099 0.015639 0.865621
v 1.116691 0.049537 0.644722
v 1.231434 0.015639 0.710969
v 1.191291 0.049537 0.493449
v 1.313699 0.015639 0.544152
v 1.245507 0.049537 0.333732
v 1.373487 0.015639 0.368025
v 1.278413 0.049537 0.168306
v 1.409773 0.015639 0.185600
v 1.289444 0.049537 0.000000
v 1.421938 0.015639 0.000000
v -0.000000 0.384060 0.912416
v 0.119094 0.384060 0.904610
v 0.236150 0.384060 0.881326
v 0.349166 0.384060 0.842962
v 0.456208 0.384060 0.790175
v 0.555443 0.384060 0.723868
v 0.645176 0.384060 0.645175
v 0.723868 0.384060 0.555443
v 0.790175 0.384060 0.456208
v 0.842962 0.384060 0.349166
v 0.881326 0.384060 0.236150
v 0.904610 0.384060 0.119094
v 0.912416 0.384060 -0.000000
v 0.499845 0.387412 0.865757
v 0.382565 0.387412 0.923593
v 0.999690 0.387412 -0.000000
v -0.000000 0.387412 0.999690
v 0.923593 0.387412 0.382565
v 0.865757 0.387412 0.499845
v 0.608572 0.387412 0.793107
v 0.130486 0.387412 0.991138
v 0.965626 0.387412 0.258739
v 0.706887 0.387412 0.706887
v 0.258739 0.387412 0.965626
v 0.991138 0.387412 0.130486
v 0.793107 0.387412 0.608573
v -1.497700 -0.014311 0.000000
v -1.484887 -0.014311 0.195489
v -1.446667 -0.014311 0.387633
v -1.383694 -0.014311 0.573145
v -1.297046 -0.014311 0.748850
v -1.188205 -0.014311 0.911742
v -1.059034 -0.014311 1.059034
v -0.911742 -0.014311 1.188205
v -0.748850 -0.014311 1.297046
v -0.573145 -0.014311 1.383694
v -0.387633 -0.014311 1.446667
v -0.195489 -0.014311 1.484887
v -0.168306 0.049537 1.278413
v -0.185600 0.015639 1.409773
v -0.333732 0.049537 1.245507
v -0.368025 0.015639 1.373487
v -0.493449 0.049537 1.191291
v -0.544152 0.015639 1.313699
v -0.644722 0.049537 1.116691
v -0.710969 0.015639 1.231434
v -0.784964 0.049537 1.022985
v -0.865621 0.015639 1.128099
v -0.911775 0.049537 0.911775
v -1.005462 0.015639 1.005462
v -1.022985 0.049537 0.784964
v -1.128099 0.015639 0.865621
v -1.116691 0.049537 0.644722
v -1.231434 0.015639 0.710969
v -1.191291 0.049537 0.493449
v -1.313699 0.015639 0.544152
v -1.245507 0.049537 0.333732
v -1.373487 0.015639 0.368025
v -1.278413 0.049537 0.168306
v -1.409773 0.015639 0.185600
v -1.289444 0.049537 0.000000
v -1.421938 0.015639 0.000000
v -0.119094 0.384060 0.904610
v -0.236150 0.384060 0.881326
v -0.349166 0.384060 0.842962
v -0.456208 0.384060 0.790175
v -0.555443 0.384060 0.723868
v -0.645175 0.384060 0.645175
v -0.723868 0.384060 0.555443
v -0.790175 0.384060 0.456208
v -0.842962 0.384060 0.349166
v -0.881326 0.384060 0.236150
v -0.904610 0.384060 0.119094
v -0.912416 0.384060 -0.000000
v -0.499845 0.387412 0.865757
v -0.382565 0.387412 0.923593
v -0.999690 0.387412 -0.000000
v -0.923593 0.387412 0.382565
v -0.865757 0.387412 0.499845
v -0.608573 0.387412 0.793107
v -0.130486 0.387412 0.991138
v -0.965626 0.387412 0.258739
v -0.706887 0.387412 0.706887
v -0.258739 0.387412 0.965626
v -0.991138 0.387412 0.130486
v -0.793107 0.387412 0.608573
v 1.484887 -0.014311 -0.195489
v 1.446667 -0.014311 -0.387633
v 1.383694 -0.014311 -0.573145
v 1.297046 -0.014311 -0.748850
v 1.188205 -0.014311 -0.911742
v 1.059034 -0.014311 -1.059034
v 0.911742 -0.014311 -1.188205
v 0.748850 -0.014311 -1.297046
v 0.573145 -0.014311 -1.383694
v 0.387633 -0.014311 -1.446667
v 0.195489 -0.014311 -1.484887
v 0.000000 -0.014311 -1.497700
v 0.000000 0.049537 -1.289444
v 0.000000 0.015639 -1.421938
v 0.168306 0.049537 -1.278413
v 0.185600 0.015639 -1.409773
v 0.333732 0.049537 -1.245507
v 0.368025 0.015639 -1.373487
v 0.493449 0.049537 -1.191291
v 0.544152 0.015639 -1.313699
v 0.644722 0.049537 -1.116691
v 0.710969 0.015639 -1.231434
v 0.784964 0.049537 -1.022985
v 0.865621 0.015639 -1.128099
v 0.911775 0.049537 -0.911775
v 1.005462 0.015639 -1.005462
v 1.022985 0.049537 -0.784964
v 1.128099 0.015639 -0.865621
v 1.116691 0.049537 -0.644722
v 1.231434 0.015639 -0.710969
v 1.191291 0.049537 -0.493449
v 1.313699 0.015639 -0.544152
v 1.245507 0.049537 -0.333732
v 1.373487 0.015639 -0.368025
v 1.278413 0.049537 -0.168306
v 1.409773 0.015639 -0.185600
v -0.000000 0.384060 -0.912416
v 0.119094 0.384060 -0.904610
v 0.236150 0.384060 -0.881326
v 0.349166 0.384060 -0.842962
v 0.456208 0.384060 -0.790175
v 0.555443 0.384060 -0.723868
v 0.645176 0.384060 -0.645175
v 0.723868 0.384060 -0.555443
v 0.790175 0.384060 -0.456208
v 0.842962 0.384060 -0.349166
v 0.881326 0.384060 -0.236150
v 0.904610 0.384060 -0.119094
v 0.499845 0.387412 -0.865757
v 0.382565 0.387412 -0.923593
v -0.000000 0.387412 -0.999690
v 0.923593 0.387412 -0.382565
v 0.865757 0.387412 -0.499845
v 0.608572 0.387412 -0.793107
v 0.130486 0.387412 -0.991138
v 0.965626 0.387412 -0.258739
v 0.706887 0.387412 -0.706887
v 0.258739 0.387412 -0.965626
v 0.991138 0.387412 -0.130486
v 0.793107 0.387412 -0.608573
v -1.484887 -0.014311 -0.195489
v -1.446667 -0.014311 -0.387633
v -1.383694 -0.014311 -0.573145
v -1.297046 -0.014311 -0.748850
v -1.188205 -0.014311 -0.911742
v -1.059034 -0.014311 -1.059034
v -0.911742 -0.014311 -1.188205
v -0.748850 -0.014311 -1.297046
v -0.573145 -0.014311 -1.383694
v -0.387633 -0.014311 -1.446667
v -0.195489 -0.014311 -1.484887
v -0.168306 0.049537 -1.278413
v -0.185600 0.015639 -1.409773
v -0.333732 0.049537 -1.245507
v -0.368025 0.015639 -1.373487
v -0.493449 0.049537 -1.191291
v -0.544152 0.015639 -1.313699
v -0.644722 0.049537 -1.116691
v -0.710969 0.015639 -1.231434
v -0.784964 0.049537 -1.022985
v -0.865621 0.015639 -1.128099
v -0.911775 0.049537 -0.911775
v -1.005462 0.015639 -1.005462
v -1.022985 0.049537 -0.784964
v -1.128099 0.015639 -0.865621
v -1.116691 0.049537 -0.644722
v -1.231434 0.015639 -0.710969
v -1.191291 0.049537 -0.493449
v -1.313699 0.015639 -0.544152
v -1.245507 0.049537 -0.333732
v -1.373487 0.015639 -0.368025
v -1.278413 0.049537 -0.168306
v -1.409773 0.015639 -0.185600
v -0.119094 0.384060 -0.904610
v -0.236150 0.384060 -0.881326
v -0.349166 0.384060 -0.842962
v -0.456208 0.384060 -0.790175
v -0.555443 0.384060 -0.723868
v -0.645175 0.384060 -0.645175
v -0.723868 0.384060 -0.555443
v -0.790175 0.384060 -0.456208
v -0.842962 0.384060 -0.349166
v -0.881326 0.384060 -0.236150
v -0.904610 0.384060 -0.119094
v -0.499845 0.387412 -0.865757
v -0.382565 0.387412 -0.923593
v -0.923593 0.387412 -0.382565
v -0.865757 0.387412 -0.499845
v -0.608573 0.387412 -0.793107
v -0.130486 0.387412 -0.991138
v -0.965626 0.387412 -0.258739
v -0.706887 0.387412 -0.706887
v -0.258739 0.387412 -0.965626
v -0.991138 0.387412 -0.130486
v -0.793107 0.387412 -0.608573
v 0.147269 0.004466 1.118615
v 0.292017 0.004466 1.089823
v 0.431769 0.004466 1.042383
v 0.797806 0.004466 0.797805
v 0.895115 0.004466 0.686846
v 0.977108 0.004466 0.564134
v 1.089823 0.004466 0.292017
v 1.128267 0.004466 0.000000
v -0.292017 0.004466 1.089823
v -0.564134 0.004466 0.977108
v -1.042383 0.004466 0.431769
v -1.128267 0.004466 0.000000
v 0.147269 0.004466 -1.118615
v -0.000000 0.004466 -1.128267
v 0.895115 0.004466 -0.686846
v 1.042383 0.004466 -0.431769
v 1.089823 0.004466 -0.292017
v -0.431769 0.004466 -1.042383
v -0.686846 0.004466 -0.895115
v -0.977108 0.004466 -0.564134
v -1.089823 0.004466 -0.292017
v -0.000000 0.004466 1.128267
v 0.564134 0.004466 0.977108
v 0.686846 0.004466 0.895115
v 1.042383 0.004466 0.431769
v 1.118615 0.004466 0.147269
v -0.000000 0.020391 0.000000
v -0.147269 0.004466 1.118615
v -0.431769 0.004466 1.042383
v -0.686846 0.004466 0.895115
v -0.797805 0.004466 0.797805
v -0.895115 0.004466 0.686846
v -0.977108 0.004466 0.564134
v -1.089823 0.004466 0.292017
v -1.118615 0.004466 0.147269
v 0.292017 0.004466 -1.089823
v 0.431769 0.004466 -1.042383
v 0.564134 0.004466 -0.977108
v 0.686846 0.004466 -0.895115
v 0.797806 0.004466 -0.797805
v 0.977108 0.004466 -0.564134
v 1.118615 0.004466 -0.147269
v -0.147269 0.004466 -1.118615
v -0.292017 0.004466 -1.089823
v -0.564134 0.004466 -0.977108
v -0.797805 0.004466 -0.797805
v -0.895115 0.004466 -0.686846
v -1.042383 0.004466 -0.431769
v -1.118615 0.004466 -0.147269
v -1.624527 0.000779 0.088758
v -1.624527 0.000779 -0.212710
v -1.207890 0.000779 0.109066
v -1.207890 0.000779 -0.233017
v -1.510171 0.087155 0.084094
v -1.591522 0.035586 0.068436
v -1.591522 0.035586 -0.192387
v -1.510171 0.087155 -0.208045
v -1.624527 0.000778 0.051167
v -1.624527 0.000778 -0.175118
v -1.207890 0.000778 -0.186825
v -1.207890 0.000778 0.062873
v -1.510171 0.087155 0.055459
v -1.510171 0.087155 -0.179410
v -1.591523 0.035586 -0.169084
v -1.591523 0.035586 0.045133
v -1.477307 0.087155 0.084094
v -1.477307 0.087155 -0.208045
v -1.477360 0.000779 -0.233017
v -1.225726 0.049142 -0.209548
v -1.225726 0.049142 0.085597
v -1.225726 0.049142 -0.166256
v -1.225726 0.049142 0.042304
v -1.512356 0.000779 -0.233017
v -1.512356 0.000779 0.109066
v -1.534583 0.071680 -0.169084
v -1.514069 0.084684 -0.176415
v -1.527818 0.075968 -0.170066
v -1.520309 0.080728 -0.172749
v -1.534654 0.071635 0.068436
v -1.514114 0.084656 0.079499
v -1.527859 0.075942 0.069918
v -1.520341 0.080708 0.073967
v -1.538587 0.000779 -0.212710
v -1.516930 0.000779 -0.226526
v -1.531322 0.000779 -0.214560
v -1.523394 0.000779 -0.219618
v -1.514069 0.084684 0.052463
v -1.534583 0.071680 0.045133
v -1.520309 0.080728 0.048798
v -1.527818 0.075968 0.046115
v -1.538587 0.000779 0.088758
v -1.516930 0.000779 0.102574
v -1.531322 0.000779 0.090609
v -1.523394 0.000779 0.095666
v -1.514114 0.084656 -0.203451
v -1.534654 0.071635 -0.192387
v -1.520341 0.080708 -0.197919
v -1.527859 0.075942 -0.193869
v -1.454103 0.087155 0.055459
v -1.477307 0.087155 0.032967
v -1.499091 0.087155 0.055459
v -1.477307 0.087155 0.077243
v -1.477307 0.087155 -0.156919
v -1.454103 0.087155 -0.179410
v -1.477307 0.087155 -0.201194
v -1.499091 0.087155 -0.179410
v -1.462842 0.049142 0.022516
v -1.439638 0.049142 0.045008
v -1.439638 0.049142 -0.168959
v -1.462842 0.049142 -0.146468
v -1.400880 0.080021 0.084802
v -1.443950 0.085704 0.084094
v -1.422310 0.083647 0.084301
v -1.443950 0.085704 -0.208045
v -1.400880 0.080021 -0.208754
v -1.422310 0.083647 -0.208253
v -1.400866 0.078419 -0.178726
v -1.443839 0.085793 -0.179674
v -1.422299 0.082446 -0.179626
v -1.443839 0.085793 0.055723
v -1.400866 0.078419 0.054774
v -1.422299 0.082446 0.055675
v -1.329398 0.117152 -0.106666
v -1.332134 0.126660 -0.107960
v -1.331182 0.135814 -0.111796
v -1.326727 0.142747 -0.117304
v -1.319699 0.146126 -0.123303
v -1.311535 0.145360 -0.128632
v -1.303849 0.140642 -0.132322
v -1.298131 0.132895 -0.133714
v -1.295478 0.123605 -0.132555
v -1.296401 0.114556 -0.129046
v -1.300725 0.107512 -0.123812
v -1.307622 0.103892 -0.117810
v -1.315756 0.104481 -0.112204
v -1.323538 0.109220 -0.108187
v -1.335858 0.114075 -0.111439
v -1.339201 0.123246 -0.113275
v -1.340028 0.131533 -0.118673
v -1.338127 0.137291 -0.126512
v -1.333859 0.139395 -0.135157
v -1.328123 0.137479 -0.142882
v -1.322101 0.131961 -0.148226
v -1.316982 0.123924 -0.150216
v -1.313752 0.114904 -0.148494
v -1.313025 0.106630 -0.143365
v -1.314936 0.100731 -0.135762
v -1.319108 0.098434 -0.127118
v -1.324720 0.100269 -0.119159
v -1.330686 0.105865 -0.113544
v -1.345894 0.109209 -0.114245
v -1.349791 0.118063 -0.116278
v -1.352215 0.125574 -0.122254
v -1.352628 0.130244 -0.130977
v -1.350925 0.131147 -0.140665
v -1.347478 0.128140 -0.149369
v -1.343020 0.121857 -0.155400
v -1.338450 0.113534 -0.157637
v -1.334653 0.104765 -0.155669
v -1.332353 0.097239 -0.149854
v -1.331986 0.092454 -0.141273
v -1.333624 0.091417 -0.131586
v -1.336950 0.094386 -0.122743
v -1.341319 0.100754 -0.116549
v -1.357486 0.103530 -0.114382
v -1.361728 0.112118 -0.116407
v -1.365240 0.119081 -0.122399
v -1.367311 0.123015 -0.131232
v -1.367506 0.123077 -0.141142
v -1.365793 0.119253 -0.150097
v -1.362538 0.112361 -0.156309
v -1.358389 0.103795 -0.158609
v -1.354142 0.095208 -0.156583
v -1.350618 0.088252 -0.150591
v -1.348537 0.084324 -0.141760
v -1.348342 0.084261 -0.131851
v -1.350066 0.088080 -0.122894
v -1.353334 0.094968 -0.116681
v -1.325652 0.118993 -0.098754
v -1.328023 0.128722 -0.099195
v -1.325971 0.138381 -0.100522
v -1.319992 0.146020 -0.102407
v -1.311340 0.150186 -0.104453
v -1.301732 0.150127 -0.106275
v -1.293036 0.145891 -0.107549
v -1.286927 0.138314 -0.108052
v -1.284579 0.128865 -0.107693
v -1.286444 0.119367 -0.106528
v -1.292179 0.111657 -0.104759
v -1.300703 0.107249 -0.102701
v -1.310390 0.107068 -0.100750
v -1.319325 0.111242 -0.099321
v -1.329398 0.117152 -0.017505
v -1.332134 0.126660 -0.016210
v -1.331182 0.135814 -0.012374
v -1.326727 0.142747 -0.006866
v -1.319699 0.146126 -0.000867
v -1.311535 0.145360 0.004462
v -1.303849 0.140642 0.008152
v -1.298131 0.132895 0.009544
v -1.295478 0.123605 0.008385
v -1.296401 0.114556 0.004876
v -1.300725 0.107512 -0.000358
v -1.307622 0.103892 -0.006360
v -1.315756 0.104481 -0.011966
v -1.323538 0.109220 -0.015983
v -1.335858 0.114075 -0.012731
v -1.339201 0.123246 -0.010895
v -1.340028 0.131533 -0.005497
v -1.338127 0.137291 0.002342
v -1.333859 0.139395 0.010987
v -1.328123 0.137479 0.018711
v -1.322101 0.131961 0.024056
v -1.316982 0.123924 0.026046
v -1.313752 0.114904 0.024324
v -1.313025 0.106630 0.019195
v -1.314935 0.100731 0.011591
v -1.319108 0.098434 0.002948
v -1.324720 0.100269 -0.005012
v -1.330686 0.105865 -0.010626
v -1.345894 0.109209 -0.009925
v -1.349791 0.118063 -0.007892
v -1.352215 0.125574 -0.001916
v -1.352628 0.130244 0.006807
v -1.350925 0.131147 0.016495
v -1.347478 0.128140 0.025198
v -1.343020 0.121857 0.031230
v -1.338450 0.113534 0.033466
v -1.334653 0.104765 0.031499
v -1.332353 0.097239 0.025683
v -1.331986 0.092454 0.017103
v -1.333624 0.091417 0.007416
v -1.336950 0.094386 -0.001427
v -1.341319 0.100754 -0.007621
v -1.357486 0.103530 -0.009788
v -1.361728 0.112118 -0.007763
v -1.365240 0.119081 -0.001772
v -1.367311 0.123015 0.007062
v -1.367506 0.123077 0.016971
v -1.365793 0.119253 0.025927
v -1.362538 0.112361 0.032139
v -1.358389 0.103795 0.034439
v -1.354142 0.095208 0.032413
v -1.350618 0.088252 0.026421
v -1.348537 0.084324 0.017590
v -1.348342 0.084261 0.007680
v -1.350066 0.088080 -0.001276
v -1.353334 0.094968 -0.007489
v -1.325652 0.118993 -0.025416
v -1.328023 0.128722 -0.024976
v -1.325971 0.138381 -0.023649
v -1.319992 0.146020 -0.021763
v -1.311340 0.150186 -0.019717
v -1.301732 0.150127 -0.017895
v -1.293036 0.145891 -0.016621
v -1.286927 0.138314 -0.016118
v -1.284578 0.128865 -0.016478
v -1.286444 0.119367 -0.017642
v -1.292179 0.111657 -0.019411
v -1.300703 0.107249 -0.021469
v -1.310390 0.107068 -0.023420
v -1.319325 0.111242 -0.024849
v -1.476368 0.064478 -0.150344
v -1.478258 0.068540 -0.142307
v -1.465916 0.043585 -0.117670
v -1.462677 0.036830 -0.122929
v -1.473142 0.057706 -0.155600
v -1.469838 0.051682 -0.116144
v -1.469226 0.049602 -0.157115
v -1.465361 0.041711 -0.154644
v -1.473699 0.059582 -0.118607
v -1.462288 0.035532 -0.148621
v -1.476760 0.065779 -0.124629
v -1.460638 0.032319 -0.140163
v -1.478400 0.069006 -0.133096
v -1.460778 0.032783 -0.130962
v -1.476368 0.064478 0.026174
v -1.478258 0.068540 0.018137
v -1.465916 0.043585 -0.006501
v -1.462677 0.036830 -0.001241
v -1.473142 0.057706 0.031429
v -1.469838 0.051682 -0.008026
v -1.469226 0.049602 0.032945
v -1.465361 0.041711 0.030473
v -1.473699 0.059582 -0.005563
v -1.462288 0.035532 0.024451
v -1.476760 0.065779 0.000459
v -1.460638 0.032319 0.015993
v -1.478400 0.069006 0.008926
v -1.460778 0.032782 0.006792
v 1.624527 0.000779 0.088758
v 1.624527 0.000779 -0.212710
v 1.207890 0.000779 0.109066
v 1.207890 0.000779 -0.233017
v 1.510171 0.087155 0.084094
v 1.591523 0.035586 0.068436
v 1.591523 0.035586 -0.192387
v 1.510171 0.087155 -0.208045
v 1.624527 0.000778 0.051167
v 1.624527 0.000778 -0.175118
v 1.207890 0.000778 -0.186825
v 1.207890 0.000778 0.062873
v 1.510171 0.087155 0.055459
v 1.510171 0.087155 -0.179410
v 1.591523 0.035586 -0.169084
v 1.591523 0.035586 0.045133
v 1.477307 0.087155 0.084094
v 1.477307 0.087155 -0.208045
v 1.477360 0.000779 -0.233017
v 1.225726 0.049142 -0.209548
v 1.225726 0.049142 0.085597
v 1.225726 0.049142 -0.166256
v 1.225726 0.049142 0.042304
v 1.512356 0.000779 -0.233017
v 1.512356 0.000779 0.109066
v 1.534583 0.071680 -0.169084
v 1.514069 0.084684 -0.176415
v 1.527818 0.075968 -0.170066
v 1.520309 0.080728 -0.172749
v 1.534654 0.071635 0.068436
v 1.514114 0.084656 0.079499
v 1.527859 0.075942 0.069918
v 1.520341 0.080708 0.073967
v 1.538587 0.000779 -0.212710
v 1.516930 0.000779 -0.226526
v 1.531322 0.000779 -0.214560
v 1.523395 0.000779 -0.219618
v 1.514069 0.084684 0.052463
v 1.534583 0.071680 0.045133
v 1.520309 0.080728 0.048798
v 1.527818 0.075968 0.046115
v 1.538587 0.000779 0.088758
v 1.516930 0.000779 0.102574
v 1.531322 0.000779 0.090609
v 1.523395 0.000779 0.095666
v 1.514114 0.084656 -0.203451
v 1.534654 0.071635 -0.192387
v 1.520341 0.080708 -0.197919
v 1.527859 0.075942 -0.193869
v 1.454103 0.087155 0.055459
v 1.477307 0.087155 0.032967
v 1.499091 0.087155 0.055459
v 1.477307 0.087155 0.077243
v 1.477307 0.087155 -0.156919
v 1.454103 0.087155 -0.179410
v 1.477307 0.087155 -0.201194
v 1.499091 0.087155 -0.179410
v 1.462842 0.049142 0.022516
v 1.439638 0.049142 0.045008
v 1.439638 0.049142 -0.168959
v 1.462842 0.049142 -0.146468
v 1.400880 0.080021 0.084802
v 1.443950 0.085704 0.084094
v 1.422310 0.083647 0.084301
v 1.443950 0.085704 -0.208045
v 1.400880 0.080021 -0.208754
v 1.422310 0.083647 -0.208253
v 1.400866 0.078419 -0.178726
v 1.443839 0.085793 -0.179674
v 1.422299 0.082446 -0.179626
v 1.443839 0.085793 0.055723
v 1.400866 0.078419 0.054774
v 1.422299 0.082446 0.055675
v 1.329398 0.117152 -0.106666
v 1.332134 0.126660 -0.107960
v 1.331182 0.135814 -0.111796
v 1.326727 0.142747 -0.117304
v 1.319699 0.146126 -0.123303
v 1.311535 0.145360 -0.128632
v 1.303850 0.140642 -0.132322
v 1.298132 0.132895 -0.133714
v 1.295479 0.123605 -0.132555
v 1.296401 0.114556 -0.129046
v 1.300726 0.107512 -0.123812
v 1.307622 0.103892 -0.117810
v 1.315756 0.104481 -0.112204
v 1.323538 0.109220 -0.108187
v 1.335858 0.114075 -0.111439
v 1.339201 0.123246 -0.113275
v 1.340028 0.131533 -0.118673
v 1.338128 0.137291 -0.126512
v 1.333860 0.139395 -0.135157
v 1.328124 0.137479 -0.142882
v 1.322101 0.131961 -0.148226
v 1.316982 0.123924 -0.150216
v 1.313752 0.114904 -0.148494
v 1.313025 0.106630 -0.143365
v 1.314936 0.100731 -0.135762
v 1.319108 0.098434 -0.127118
v 1.324721 0.100269 -0.119159
v 1.330686 0.105865 -0.113544
v 1.345895 0.109209 -0.114245
v 1.349791 0.118063 -0.116278
v 1.352215 0.125574 -0.122254
v 1.352628 0.130244 -0.130977
v 1.350925 0.131147 -0.140665
v 1.347478 0.128140 -0.149369
v 1.343020 0.121857 -0.155400
v 1.338450 0.113534 -0.157637
v 1.334654 0.104765 -0.155669
v 1.332353 0.097239 -0.149854
v 1.331986 0.092454 -0.141273
v 1.333624 0.091417 -0.131586
v 1.336950 0.094386 -0.122743
v 1.341320 0.100754 -0.116549
v 1.357486 0.103530 -0.114382
v 1.361728 0.112118 -0.116407
v 1.365240 0.119081 -0.122399
v 1.367311 0.123015 -0.131232
v 1.367506 0.123077 -0.141142
v 1.365793 0.119253 -0.150097
v 1.362538 0.112361 -0.156309
v 1.358389 0.103795 -0.158609
v 1.354142 0.095208 -0.156583
v 1.350618 0.088252 -0.150591
v 1.348537 0.084324 -0.141760
v 1.348342 0.084261 -0.131851
v 1.350066 0.088080 -0.122894
v 1.353334 0.094968 -0.116681
v 1.325652 0.118993 -0.098754
v 1.328023 0.128722 -0.099195
v 1.325971 0.138381 -0.100522
v 1.319992 0.146020 -0.102407
v 1.311340 0.150186 -0.104453
v 1.301733 0.150127 -0.106275
v 1.293036 0.145891 -0.107549
v 1.286927 0.138314 -0.108052
v 1.284579 0.128865 -0.107693
v 1.286445 0.119367 -0.106528
v 1.292179 0.111657 -0.104759
v 1.300703 0.107249 -0.102701
v 1.310391 0.107068 -0.100750
v 1.319325 0.111242 -0.099321
v 1.329398 0.117152 -0.017505
v 1.332134 0.126660 -0.016210
v 1.331182 0.135814 -0.012374
v 1.326727 0.142747 -0.006866
v 1.319699 0.146126 -0.000867
v 1.311535 0.145360 0.004462
v 1.303850 0.140642 0.008152
v 1.298132 0.132895 0.009544
v 1.295479 0.123605 0.008385
v 1.296401 0.114556 0.004876
v 1.300726 0.107512 -0.000358
v 1.307622 0.103892 -0.006360
v 1.315756 0.104481 -0.011966
v 1.323538 0.109220 -0.015983
v 1.335858 0.114075 -0.012731
v 1.339201 0.123246 -0.010895
v 1.340028 0.131533 -0.005497
v 1.338128 0.137291 0.002342
v 1.333860 0.139395 0.010987
v 1.328123 0.137479 0.018711
v 1.322101 0.131961 0.024056
v 1.316982 0.123924 0.026046
v 1.313752 0.114904 0.024324
v 1.313025 0.106630 0.019195
v 1.314936 0.100731 0.011591
v 1.319108 0.098434 0.002948
v 1.324721 0.100269 -0.005012
v 1.330686 0.105865 -0.010626
v 1.345895 0.109209 -0.009925
v 1.349791 0.118063 -0.007892
v 1.352215 0.125574 -0.001916
v 1.352628 0.130244 0.006807
v 1.350925 0.131147 0.016495
v 1.347478 0.128140 0.025198
v 1.343020 0.121857 0.031230
v 1.338450 0.113534 0.033466
v 1.334654 0.104765 0.031499
v 1.332353 0.097239 0.025683
v 1.331986 0.092454 0.017103
v 1.333624 0.091417 0.007416
v 1.336950 0.094386 -0.001427
v 1.341320 0.100754 -0.007621
v 1.357486 0.103530 -0.009788
v 1.361728 0.112118 -0.007763
v 1.365240 0.119081 -0.001772
v 1.367311 0.123015 0.007062
v 1.367506 0.123077 0.016971
v 1.365793 0.119253 0.025927
v 1.362538 0.112361 0.032139
v 1.358389 0.103795 0.034439
v 1.354142 0.095208 0.032413
v 1.350618 0.088252 0.026421
v 1.348537 0.084324 0.017590
v 1.348342 0.084261 0.007680
v 1.350066 0.088080 -0.001276
v 1.353334 0.094968 -0.007489
v 1.325652 0.118993 -0.025416
v 1.328023 0.128722 -0.024976
v 1.325971 0.138381 -0.023649
v 1.319992 0.146020 -0.021763
v 1.311340 0.150186 -0.019717
v 1.301733 0.150127 -0.017895
v 1.293036 0.145891 -0.016621
v 1.286927 0.138314 -0.016118
v 1.284579 0.128865 -0.016478
v 1.286445 0.119367 -0.017642
v 1.292179 0.111657 -0.019411
v 1.300703 0.107249 -0.021469
v 1.310391 0.107068 -0.023420
v 1.319325 0.111242 -0.024849
v 1.476369 0.064478 -0.150344
v 1.478258 0.068540 -0.142307
v 1.465916 0.043585 -0.117670
v 1.462677 0.036830 -0.122929
v 1.473142 0.057706 -0.155600
v 1.469839 0.051682 -0.116144
v 1.469226 0.049602 -0.157115
v 1.465361 0.041711 -0.154644
v 1.473699 0.059582 -0.118607
v 1.462288 0.035532 -0.148621
v 1.476761 0.065779 -0.124629
v 1.460638 0.032319 -0.140163
v 1.478400 0.069006 -0.133096
v 1.460778 0.032783 -0.130962
v 1.476369 0.064478 0.026174
v 1.478258 0.068540 0.018137
v 1.465916 0.043585 -0.006501
v 1.462677 0.036830 -0.001241
v 1.473142 0.057706 0.031429
v 1.469838 0.051682 -0.008026
v 1.469226 0.049602 0.032945
v 1.465361 0.041711 0.030473
v 1.473699 0.059582 -0.005563
v 1.462288 0.035532 0.024451
v 1.476761 0.065779 0.000459
v 1.460638 0.032319 0.015993
v 1.478400 0.069006 0.008926
v 1.460778 0.032782 0.006792
vt 0.887221 0.712116
vt 0.951989 0.712116
vt 0.951989 0.737182
vt 0.887221 0.737182
vt 0.628148 0.712116
vt 0.692916 0.712116
vt 0.692916 0.737182
vt 0.628148 0.737182
vt 1.211063 0.712116
vt 1.275831 0.712116
vt 1.275831 0.737182
vt 1.211063 0.737182
vt 1.016758 0.712116
vt 1.016758 0.737182
vt 0.757685 0.712116
vt 0.757685 0.737182
vt 1.081526 0.712116
vt 1.081526 0.737182
vt 0.822453 0.712116
vt 0.822453 0.737182
vt 0.498611 0.712116
vt 0.563380 0.712116
vt 0.563380 0.737182
vt 0.498611 0.737183
vt 1.146294 0.712116
vt 1.146294 0.737182
vt -0.282267 0.370078
vt -0.150709 0.370078
vt -0.150709 0.467892
vt -0.282267 0.467892
vt -0.019151 0.370078
vt -0.019151 0.467892
vt 0.112407 0.370078
vt 0.112407 0.467892
vt 0.243965 0.370078
vt 0.243965 0.467892
vt 0.375523 0.370078
vt 0.375523 0.467892
vt 0.507081 0.370078
vt 0.507081 0.467892
vt 0.638639 0.370078
vt 0.638639 0.467892
vt 0.770197 0.370078
vt 0.770197 0.467892
vt 0.901755 0.370078
vt 0.901755 0.467892
vt 1.033313 0.370078
vt 1.033313 0.467892
vt 1.164871 0.370078
vt 1.164871 0.467892
vt 1.296429 0.370078
vt 1.296429 0.467892
vt 0.305660 0.364715
vt 0.370429 0.364715
vt 0.370429 0.409866
vt 0.305660 0.409866
vt 0.629502 0.364715
vt 0.694270 0.364715
vt 0.694270 0.409866
vt 0.629502 0.409866
vt 0.435197 0.364715
vt 0.435197 0.409866
vt 0.111355 0.364715
vt 0.176124 0.364715
vt 0.176124 0.409866
vt 0.111355 0.409866
vt 0.759038 0.364715
vt 0.759038 0.409866
vt 0.499965 0.364715
vt 0.499965 0.409866
vt 0.240892 0.364715
vt 0.240892 0.409866
vt 0.823807 0.364715
vt 0.823807 0.409866
vt 0.564734 0.364715
vt 0.564734 0.409866
vt 0.888575 0.364715
vt 0.888575 0.409866
vt 0.887221 0.712116
vt 0.887221 0.737182
vt 0.951989 0.737182
vt 0.951989 0.712116
vt 0.628148 0.712116
vt 0.628148 0.737182
vt 0.692916 0.737182
vt 0.692916 0.712116
vt 1.211063 0.712116
vt 1.211063 0.737182
vt 1.275831 0.737182
vt 1.275831 0.712116
vt 1.016758 0.737182
vt 1.016758 0.712116
vt 0.757685 0.737182
vt 0.757685 0.712116
vt 1.081526 0.737182
vt 1.081526 0.712116
vt 0.822453 0.737182
vt 0.822453 0.712116
vt 0.563380 0.737182
vt 0.563380 0.712116
vt 1.146294 0.737182
vt 1.146294 0.712116
vt -0.150709 0.467892
vt -0.150709 0.370078
vt -0.019151 0.467892
vt -0.019151 0.370078
vt 0.112407 0.467892
vt 0.112407 0.370078
vt 0.243965 0.467892
vt 0.243965 0.370078
vt 0.375523 0.467892
vt 0.375523 0.370078
vt 0.507081 0.467892
vt 0.507081 0.370078
vt 0.638639 0.467892
vt 0.638639 0.370078
vt 0.770197 0.467892
vt 0.770197 0.370078
vt 0.901755 0.467892
vt 0.901755 0.370078
vt 1.033313 0.467892
vt 1.033313 0.370078
vt 1.164871 0.467892
vt 1.164871 0.370078
vt 1.296429 0.467892
vt 1.296429 0.370078
vt 0.305660 0.364715
vt 0.305660 0.409866
vt 0.370429 0.409866
vt 0.370429 0.364715
vt 0.629502 0.364715
vt 0.629502 0.409866
vt 0.694270 0.409866
vt 0.694270 0.364715
vt 0.435197 0.409866
vt 0.435197 0.364715
vt 0.176124 0.409866
vt 0.176124 0.364715
vt 0.759038 0.409866
vt 0.759038 0.364715
vt 0.499965 0.409866
vt 0.499965 0.364715
vt 0.240892 0.409866
vt 0.240892 0.364715
vt 0.823807 0.409866
vt 0.823807 0.364715
vt 0.564734 0.409866
vt 0.564734 0.364715
vt 0.888575 0.409866
vt 0.888575 0.364715
vt 0.887221 0.712116
vt 0.887221 0.737182
vt 0.951989 0.737182
vt 0.951989 0.712116
vt 0.628148 0.712116
vt 0.628148 0.737182
vt 0.692916 0.737182
vt 0.692916 0.712116
vt 1.211063 0.712116
vt 1.211063 0.737182
vt 1.016758 0.737182
vt 1.016758 0.712116
vt 0.757685 0.737182
vt 0.757685 0.712116
vt 1.081526 0.737182
vt 1.081526 0.712116
vt 0.822453 0.737182
vt 0.822453 0.712116
vt 0.498611 0.712116
vt 0.498611 0.737183
vt 0.563380 0.737182
vt 0.563380 0.712116
vt 1.146294 0.737182
vt 1.146294 0.712116
vt -0.282267 0.370078
vt -0.282267 0.467892
vt -0.150709 0.467892
vt -0.150709 0.370078
vt -0.019151 0.467892
vt -0.019151 0.370078
vt 0.112407 0.467892
vt 0.112407 0.370078
vt 0.243965 0.467892
vt 0.243965 0.370078
vt 0.375523 0.467892
vt 0.375523 0.370078
vt 0.507081 0.467892
vt 0.507081 0.370078
vt 0.638639 0.467892
vt 0.638639 0.370078
vt 0.770197 0.467892
vt 0.770197 0.370078
vt 0.901755 0.467892
vt 0.901755 0.370078
vt 1.033313 0.467892
vt 1.033313 0.370078
vt 1.164871 0.467892
vt 1.164871 0.370078
vt 0.305660 0.364715
vt 0.305660 0.409866
vt 0.370429 0.409866
vt 0.370429 0.364715
vt 0.629502 0.364715
vt 0.629502 0.409866
vt 0.694270 0.409866
vt 0.694270 0.364715
vt 0.435197 0.409866
vt 0.435197 0.364715
vt 0.111355 0.364715
vt 0.111355 0.409866
vt 0.176124 0.409866
vt 0.176124 0.364715
vt 0.759038 0.409866
vt 0.759038 0.364715
vt 0.499965 0.409866
vt 0.499965 0.364715
vt 0.240892 0.409866
vt 0.240892 0.364715
vt 0.823807 0.409866
vt 0.823807 0.364715
vt 0.564734 0.409866
vt 0.564734 0.364715
vt 0.887221 0.712116
vt 0.951989 0.712116
vt 0.951989 0.737182
vt 0.887221 0.737182
vt 0.628148 0.712116
vt 0.692916 0.712116
vt 0.692916 0.737182
vt 0.628148 0.737182
vt 1.211063 0.712116
vt 1.211063 0.737182
vt 1.016758 0.712116
vt 1.016758 0.737182
vt 0.757685 0.712116
vt 0.757685 0.737182
vt 1.081526 0.712116
vt 1.081526 0.737182
vt 0.822453 0.712116
vt 0.822453 0.737182
vt 0.563380 0.712116
vt 0.563380 0.737182
vt 1.146294 0.712116
vt 1.146294 0.737182
vt -0.150709 0.370078
vt -0.150709 0.467892
vt -0.019151 0.370078
vt -0.019151 0.467892
vt 0.112407 0.370078
vt 0.112407 0.467892
vt 0.243965 0.370078
vt 0.243965 0.467892
vt 0.375523 0.370078
vt 0.375523 0.467892
vt 0.507081 0.370078
vt 0.507081 0.467892
vt 0.638639 0.370078
vt 0.638639 0.467892
vt 0.770197 0.370078
vt 0.770197 0.467892
vt 0.901755 0.370078
vt 0.901755 0.467892
vt 1.033313 0.370078
vt 1.033313 0.467892
vt 1.164871 0.370078
vt 1.164871 0.467892
vt 0.305660 0.364715
vt 0.370429 0.364715
vt 0.370429 0.409866
vt 0.305660 0.409866
vt 0.629502 0.364715
vt 0.694270 0.364715
vt 0.694270 0.409866
vt 0.629502 0.409866
vt 0.435197 0.364715
vt 0.435197 0.409866
vt 0.176124 0.364715
vt 0.176124 0.409866
vt 0.759038 0.364715
vt 0.759038 0.409866
vt 0.499965 0.364715
vt 0.499965 0.409866
vt 0.240892 0.364715
vt 0.240892 0.409866
vt 0.823807 0.364715
vt 0.823807 0.409866
vt 0.564734 0.364715
vt 0.564734 0.409866
vt 0.064966 0.750631
vt 0.026178 0.750631
vt 0.026178 0.559263
vt 0.064966 0.559263
vt 0.840725 0.750631
vt 0.801937 0.750631
vt 0.801937 0.559263
vt 0.840725 0.559263
vt 0.375270 0.750631
vt 0.336482 0.750631
vt 0.336482 0.559263
vt 0.375270 0.559263
vt 1.500118 0.750631
vt 1.461330 0.750631
vt 1.461330 0.559263
vt 1.500118 0.559263
vt -0.012609 0.750631
vt -0.012609 0.559263
vt 0.763149 0.750631
vt 0.763149 0.559263
vt 0.414058 0.750631
vt 0.414058 0.559263
vt 1.538906 0.750631
vt 1.538906 0.559263
vt -0.051397 0.750631
vt -0.051397 0.559263
vt 0.724361 0.750631
vt 0.724361 0.559263
vt 0.452846 0.750631
vt 0.452846 0.559263
vt -0.090185 0.750631
vt -0.090185 0.559263
vt 0.685573 0.750631
vt 0.685573 0.559263
vt 0.491634 0.750631
vt 0.491634 0.559263
vt 1.112239 0.750631
vt 1.073452 0.750631
vt 1.073452 0.559263
vt 1.112239 0.559263
vt -0.128973 0.750631
vt -0.128973 0.559263
vt 0.646785 0.750631
vt 0.646785 0.559263
vt 0.530422 0.750631
vt 0.530422 0.559263
vt 1.151027 0.750631
vt 1.151027 0.559263
vt -0.167761 0.750631
vt -0.167761 0.559263
vt 0.607997 0.750631
vt 0.607997 0.559263
vt 0.569210 0.750631
vt 0.569210 0.559263
vt 1.189815 0.750631
vt 1.189815 0.559263
vt -0.206549 0.750631
vt -0.206549 0.559263
vt 1.228603 0.750631
vt 1.228603 0.559263
vt -0.245337 0.750631
vt -0.245337 0.559263
vt 1.034664 0.750631
vt 1.034664 0.559263
vt 1.267391 0.750631
vt 1.267391 0.559263
vt -0.284125 0.750631
vt -0.284125 0.559263
vt 0.995876 0.750631
vt 0.995876 0.559263
vt 0.181330 0.750631
vt 0.142542 0.750631
vt 0.142542 0.559263
vt 0.181330 0.559263
vt 1.306179 0.750631
vt 1.306179 0.559263
vt -0.322913 0.750631
vt -0.322913 0.559263
vt 0.957088 0.750631
vt 0.957088 0.559263
vt 0.220118 0.750631
vt 0.220118 0.559263
vt 1.344966 0.750631
vt 1.344966 0.559263
vt 0.918300 0.750631
vt 0.918300 0.559263
vt 0.258906 0.750631
vt 0.258906 0.559263
vt 1.383754 0.750631
vt 1.383754 0.559263
vt 0.103754 0.750631
vt 0.103754 0.559263
vt 0.879513 0.750631
vt 0.879513 0.559263
vt 0.297694 0.750631
vt 0.297694 0.559263
vt 1.422542 0.750631
vt 1.422542 0.559263
vt 0.328011 0.119687
vt 0.415876 0.119688
vt 0.415862 0.149006
vt 0.404985 0.148553
vt 0.397927 0.147891
vt 0.390938 0.146710
vt 0.333792 0.136719
vt 0.326151 0.199596
vt 0.331141 0.198683
vt 0.331141 0.202207
vt 0.326151 0.205279
vt 0.340910 0.144909
vt 0.341504 0.147981
vt 0.332906 0.147981
vt 0.327916 0.144909
vt 0.429802 0.120299
vt 0.428685 0.148657
vt 0.426578 0.149004
vt 0.427287 0.119687
vt 0.388213 0.144808
vt 0.361730 0.145507
vt 0.358490 0.145583
vt 0.355218 0.145614
vt 0.350175 0.145614
vt 0.345206 0.145614
vt 0.344876 0.141838
vt 0.390910 0.141838
vt 0.339750 0.198683
vt 0.339739 0.202207
vt 0.344610 0.146309
vt 0.344184 0.142820
vt 0.326151 0.184123
vt 0.331141 0.185036
vt 0.382037 0.122993
vt 0.384733 0.120292
vt 0.384733 0.139304
vt 0.382037 0.136603
vt 0.348410 0.196844
vt 0.348410 0.186875
vt 0.350597 0.188455
vt 0.350597 0.195264
vt 0.326151 0.178439
vt 0.331141 0.181512
vt 0.345116 0.200245
vt 0.348410 0.203538
vt 0.348410 0.204574
vt 0.343441 0.204574
vt 0.343441 0.200245
vt 0.386449 0.205380
vt 0.359966 0.204681
vt 0.359968 0.200141
vt 0.386449 0.198665
vt 0.353470 0.200285
vt 0.353454 0.204574
vt 0.351919 0.200245
vt 0.343441 0.183474
vt 0.345116 0.183474
vt 0.389145 0.182353
vt 0.386449 0.185054
vt 0.386449 0.178339
vt 0.389145 0.175369
vt 0.389145 0.208350
vt 0.389145 0.201366
vt 0.339739 0.181512
vt 0.339750 0.185036
vt 0.342852 0.199792
vt 0.342852 0.183927
vt 0.466302 0.121001
vt 0.455820 0.134368
vt 0.436972 0.145627
vt 0.438286 0.121593
vt 0.342845 0.203880
vt 0.343441 0.179145
vt 0.342845 0.179839
vt 0.340767 0.181288
vt 0.340773 0.184887
vt 0.341904 0.180676
vt 0.341908 0.184481
vt 0.342008 0.144629
vt 0.342532 0.147757
vt 0.343207 0.143864
vt 0.343668 0.147145
vt 0.340773 0.198832
vt 0.340767 0.202431
vt 0.341908 0.199238
vt 0.341904 0.203043
vt 0.434594 0.146834
vt 0.435848 0.121420
vt 0.431605 0.147944
vt 0.432818 0.120947
vt 0.359968 0.183578
vt 0.359966 0.179038
vt 0.356727 0.200277
vt 0.354106 0.198665
vt 0.354106 0.185054
vt 0.351919 0.183474
vt 0.353470 0.183434
vt 0.356727 0.183442
vt 0.348410 0.180181
vt 0.348410 0.179145
vt 0.349694 0.136603
vt 0.346185 0.133202
vt 0.346185 0.126394
vt 0.349694 0.122993
vt 0.356726 0.204606
vt 0.353454 0.179145
vt 0.356726 0.179113
vt 0.328011 0.119687
vt 0.333792 0.136719
vt 0.390938 0.146710
vt 0.397927 0.147891
vt 0.404985 0.148553
vt 0.415862 0.149006
vt 0.415876 0.119688
vt 0.326151 0.199596
vt 0.326151 0.205279
vt 0.331141 0.202207
vt 0.331141 0.198683
vt 0.340910 0.144909
vt 0.327916 0.144909
vt 0.332906 0.147981
vt 0.341504 0.147981
vt 0.429802 0.120299
vt 0.427287 0.119687
vt 0.426578 0.149004
vt 0.428685 0.148657
vt 0.388213 0.144808
vt 0.390910 0.141838
vt 0.344876 0.141838
vt 0.345206 0.145614
vt 0.350175 0.145614
vt 0.355218 0.145614
vt 0.358490 0.145583
vt 0.361730 0.145507
vt 0.339750 0.198683
vt 0.339739 0.202207
vt 0.344184 0.142820
vt 0.344610 0.146309
vt 0.331141 0.185036
vt 0.326151 0.184123
vt 0.382037 0.122993
vt 0.382037 0.136603
vt 0.384733 0.139304
vt 0.384733 0.120292
vt 0.348410 0.196844
vt 0.350597 0.195264
vt 0.350597 0.188455
vt 0.348410 0.186875
vt 0.326151 0.178439
vt 0.331141 0.181512
vt 0.345116 0.200245
vt 0.343441 0.200245
vt 0.343441 0.204574
vt 0.348410 0.204574
vt 0.348410 0.203538
vt 0.386449 0.205380
vt 0.386449 0.198665
vt 0.359968 0.200141
vt 0.359966 0.204681
vt 0.353470 0.200285
vt 0.351919 0.200245
vt 0.353454 0.204574
vt 0.343441 0.183474
vt 0.345116 0.183474
vt 0.389145 0.182353
vt 0.389145 0.175369
vt 0.386449 0.178339
vt 0.386449 0.185054
vt 0.389145 0.208350
vt 0.389145 0.201366
vt 0.339739 0.181512
vt 0.339750 0.185036
vt 0.342852 0.183927
vt 0.342852 0.199792
vt 0.466302 0.121001
vt 0.438286 0.121593
vt 0.436972 0.145627
vt 0.455820 0.134368
vt 0.342845 0.203880
vt 0.343441 0.179145
vt 0.342845 0.179839
vt 0.340773 0.184887
vt 0.340767 0.181288
vt 0.341908 0.184481
vt 0.341904 0.180676
vt 0.342532 0.147757
vt 0.342008 0.144629
vt 0.343668 0.147145
vt 0.343207 0.143864
vt 0.340767 0.202431
vt 0.340773 0.198832
vt 0.341904 0.203043
vt 0.341908 0.199238
vt 0.435848 0.121420
vt 0.434594 0.146834
vt 0.432818 0.120947
vt 0.431605 0.147944
vt 0.359966 0.179038
vt 0.359968 0.183578
vt 0.354106 0.198665
vt 0.356727 0.200277
vt 0.356727 0.183442
vt 0.353470 0.183434
vt 0.351919 0.183474
vt 0.354106 0.185054
vt 0.348410 0.180181
vt 0.348410 0.179145
vt 0.349694 0.122993
vt 0.346185 0.126394
vt 0.346185 0.133202
vt 0.349694 0.136603
vt 0.356726 0.204606
vt 0.356726 0.179113
vt 0.353454 0.179145
vt 0.560968 0.664238
vt 0.614855 0.664238
vt 0.614855 0.713352
vt 0.560968 0.713352
vt 0.776515 0.664238
vt 0.830402 0.664238
vt 0.830402 0.713352
vt 0.776515 0.713352
vt 0.291533 0.664238
vt 0.345420 0.664238
vt 0.345420 0.713352
vt 0.291533 0.713352
vt 0.507081 0.664238
vt 0.507081 0.713352
vt 0.722629 0.664238
vt 0.722629 0.713352
vt 0.237646 0.664238
vt 0.237646 0.713352
vt 0.453194 0.664238
vt 0.453194 0.713352
vt 0.668742 0.664238
vt 0.668742 0.713352
vt 0.183759 0.664238
vt 0.183759 0.713352
vt 0.399307 0.664238
vt 0.399307 0.713352
vt 0.560968 0.664238
vt 0.560968 0.713352
vt 0.614855 0.713352
vt 0.614855 0.664238
vt 0.776515 0.664238
vt 0.776515 0.713352
vt 0.830402 0.713352
vt 0.830402 0.664238
vt 0.291533 0.664238
vt 0.291533 0.713352
vt 0.345420 0.713352
vt 0.345420 0.664238
vt 0.507081 0.664238
vt 0.507081 0.713352
vt 0.722629 0.664238
vt 0.722629 0.713352
vt 0.237646 0.664238
vt 0.237646 0.713352
vt 0.453194 0.664238
vt 0.453194 0.713352
vt 0.668742 0.664238
vt 0.668742 0.713352
vt 0.399307 0.664238
vt 0.399307 0.713352
vt 0.560968 0.664238
vt 0.560968 0.713352
vt 0.614855 0.713352
vt 0.614855 0.664238
vt 0.776515 0.664238
vt 0.776515 0.713352
vt 0.291533 0.664238
vt 0.291533 0.713352
vt 0.345420 0.713352
vt 0.345420 0.664238
vt 0.507081 0.664238
vt 0.507081 0.713352
vt 0.722629 0.664238
vt 0.722629 0.713352
vt 0.237646 0.664238
vt 0.237646 0.713352
vt 0.453194 0.664238
vt 0.453194 0.713352
vt 0.668742 0.664238
vt 0.668742 0.713352
vt 0.183759 0.664238
vt 0.183759 0.713352
vt 0.399307 0.664238
vt 0.399307 0.713352
vt 0.560968 0.664238
vt 0.614855 0.664238
vt 0.614855 0.713352
vt 0.560968 0.713352
vt 0.776515 0.664238
vt 0.776515 0.713352
vt 0.291533 0.664238
vt 0.345420 0.664238
vt 0.345420 0.713352
vt 0.291533 0.713352
vt 0.507081 0.664238
vt 0.507081 0.713352
vt 0.722629 0.664238
vt 0.722629 0.713352
vt 0.237646 0.664238
vt 0.237646 0.713352
vt 0.453194 0.664238
vt 0.453194 0.713352
vt 0.668742 0.664238
vt 0.668742 0.713352
vt 0.399307 0.664238
vt 0.399307 0.713352
vt 0.498760 0.548155
vt 0.498760 0.548155
vt 0.498760 0.548155
vt 0.498760 0.548155
vt 0.498760 0.548155
vt 0.498760 0.548155
vt 0.498760 0.548155
vt 0.498760 0.548155
vt 0.498760 0.548155
vt 0.498760 0.548155
vt 0.498760 0.548155
vt 0.498760 0.548155
vt 0.498760 0.548155
vt 0.498760 0.548155
vt 0.498760 0.548155
vt 0.498760 0.548155
vt 0.498760 0.548155
vt 0.498760 0.548155
vt 0.498760 0.548155
vt 0.498760 0.548155
vt 0.498760 0.548155
vt 0.498760 0.548155
vt 0.498760 0.548155
vt 0.498760 0.548155
vt 0.498760 0.548155
vt 0.498760 0.548155
vt 0.498760 0.548155
vt 0.498760 0.548155
vt 0.498760 0.548155
vt 0.498760 0.548155
vt 0.498760 0.548155
vt 0.498760 0.548155
vt 0.498760 0.548155
vt 0.498760 0.548155
vt 0.498760 0.548155
vt 0.498760 0.548155
vt 0.498760 0.548155
vt 0.498760 0.548155
vt 0.498760 0.548155
vt 0.498760 0.548155
vt 0.498760 0.548155
vt 0.498760 0.548155
vt 0.498760 0.548155
vt 0.498760 0.548155
vt 0.498760 0.548155
vt 0.498760 0.548155
vt 0.498760 0.548155
vt 0.498760 0.548155
vt 0.498760 0.548155
vt 0.035655 0.719785
vt 0.065786 0.719785
vt 0.065786 0.719785
vt 0.035655 0.719785
vt 0.336966 0.719785
vt 0.367097 0.719785
vt 0.367097 0.719785
vt 0.336966 0.719785
vt 0.397228 0.719785
vt 0.427359 0.719785
vt 0.427359 0.719785
vt 0.397228 0.719785
vt 0.186311 0.719785
vt 0.216442 0.719785
vt 0.216442 0.719785
vt 0.186311 0.719785
vt 0.336966 0.719785
vt 0.367097 0.719785
vt 0.126049 0.719785
vt 0.156180 0.719785
vt 0.156180 0.719785
vt 0.126049 0.719785
vt 0.276704 0.719785
vt 0.306835 0.719785
vt 0.306835 0.719785
vt 0.276704 0.719785
vt 0.457490 0.719785
vt 0.457490 0.719785
vt 0.095918 0.719785
vt 0.095918 0.719785
vt 0.246573 0.719785
vt 0.246573 0.719785
vt 0.156180 0.719785
vt 0.186311 0.719785
vt 0.186311 0.719785
vt 0.156180 0.719785
vt 0.126049 0.719785
vt 0.397228 0.719785
vt 0.427359 0.719785
vt 0.216442 0.719785
vt 0.457490 0.719785
vt 0.246573 0.719785
vt 0.276704 0.719785
vt 0.065786 0.719785
vt 0.035655 0.719785
vt 0.306835 0.719785
vt 0.095918 0.719785
vt 0.427359 0.719785
vt 0.397228 0.719785
vt 0.216442 0.719785
vt 0.457490 0.719785
vt 0.246573 0.719785
vt 0.276704 0.719785
vt 0.065786 0.719785
vt 0.035655 0.719785
vt 0.306835 0.719785
vt 0.095918 0.719785
vt 0.336966 0.719785
vt 0.126049 0.719785
vt 0.367097 0.719785
vt 0.306835 0.719785
vt 0.336966 0.719785
vt 0.095918 0.719785
vt 0.126049 0.719785
vt 0.367097 0.719785
vt 0.156180 0.719785
vt 0.397228 0.719785
vt 0.186311 0.719785
vt 0.427359 0.719785
vt 0.216442 0.719785
vt 0.457490 0.719785
vt 0.246573 0.719785
vt 0.276704 0.719785
vt 0.035655 0.719785
vt 0.065786 0.719785
vt 0.276704 0.719785
vt 0.306835 0.719785
vt 0.035655 0.719785
vt 0.065786 0.719785
vt 0.246573 0.719785
vt 0.216442 0.719785
vt 0.427359 0.719785
vt 0.457490 0.719785
vt 0.186311 0.719785
vt 0.397228 0.719785
vt 0.156180 0.719785
vt 0.367097 0.719785
vt 0.126049 0.719785
vt 0.336966 0.719785
vt 0.095918 0.719785
vt 0.035655 0.719785
vt 0.035655 0.719785
vt 0.065786 0.719785
vt 0.065786 0.719785
vt 0.336966 0.719785
vt 0.336966 0.719785
vt 0.367097 0.719785
vt 0.367097 0.719785
vt 0.397228 0.719785
vt 0.397228 0.719785
vt 0.427359 0.719785
vt 0.427359 0.719785
vt 0.186311 0.719785
vt 0.186311 0.719785
vt 0.216442 0.719785
vt 0.216442 0.719785
vt 0.336966 0.719785
vt 0.367097 0.719785
vt 0.126049 0.719785
vt 0.126049 0.719785
vt 0.156180 0.719785
vt 0.156180 0.719785
vt 0.276704 0.719785
vt 0.276704 0.719785
vt 0.306835 0.719785
vt 0.306835 0.719785
vt 0.457490 0.719785
vt 0.457490 0.719785
vt 0.095918 0.719785
vt 0.095918 0.719785
vt 0.246573 0.719785
vt 0.246573 0.719785
vt 0.156180 0.719785
vt 0.156180 0.719785
vt 0.186311 0.719785
vt 0.186311 0.719785
vt 0.126049 0.719785
vt 0.397228 0.719785
vt 0.427359 0.719785
vt 0.216442 0.719785
vt 0.457490 0.719785
vt 0.246573 0.719785
vt 0.276704 0.719785
vt 0.035655 0.719785
vt 0.065786 0.719785
vt 0.306835 0.719785
vt 0.095918 0.719785
vt 0.397228 0.719785
vt 0.427359 0.719785
vt 0.216442 0.719785
vt 0.457490 0.719785
vt 0.246573 0.719785
vt 0.276704 0.719785
vt 0.035655 0.719785
vt 0.065786 0.719785
vt 0.306835 0.719785
vt 0.095918 0.719785
vt 0.336966 0.719785
vt 0.126049 0.719785
vt 0.367097 0.719785
vt 0.065786 0.719785
vt 0.035655 0.719785
vt 0.246573 0.719785
vt 0.216442 0.719785
vt 0.457490 0.719785
vt 0.427359 0.719785
vt 0.186311 0.719785
vt 0.397228 0.719785
vt 0.156180 0.719785
vt 0.367097 0.719785
vt 0.126049 0.719785
vt 0.336966 0.719785
vt 0.095918 0.719785
vt 0.306835 0.719785
vt 0.276704 0.719785
vt 0.216442 0.719785
vt 0.246573 0.719785
vt 0.427359 0.719785
vt 0.457490 0.719785
vt 0.186311 0.719785
vt 0.397228 0.719785
vt 0.156180 0.719785
vt 0.367097 0.719785
vt 0.126049 0.719785
vt 0.336966 0.719785
vt 0.095918 0.719785
vt 0.306835 0.719785
vt 0.065786 0.719785
vt 0.276704 0.719785
vt 0.035655 0.719785
vt 0.035655 0.719785
vt 0.035655 0.719785
vt 0.065786 0.719785
vt 0.065786 0.719785
vt 0.336966 0.719785
vt 0.336966 0.719785
vt 0.367097 0.719785
vt 0.367097 0.719785
vt 0.397228 0.719785
vt 0.397228 0.719785
vt 0.427359 0.719785
vt 0.427359 0.719785
vt 0.186311 0.719785
vt 0.186311 0.719785
vt 0.216442 0.719785
vt 0.216442 0.719785
vt 0.336966 0.719785
vt 0.367097 0.719785
vt 0.126049 0.719785
vt 0.126049 0.719785
vt 0.156180 0.719785
vt 0.156180 0.719785
vt 0.276704 0.719785
vt 0.276704 0.719785
vt 0.306835 0.719785
vt 0.306835 0.719785
vt 0.457490 0.719785
vt 0.457490 0.719785
vt 0.095918 0.719785
vt 0.095918 0.719785
vt 0.246573 0.719785
vt 0.246573 0.719785
vt 0.156180 0.719785
vt 0.156180 0.719785
vt 0.186311 0.719785
vt 0.186311 0.719785
vt 0.126049 0.719785
vt 0.397228 0.719785
vt 0.427359 0.719785
vt 0.216442 0.719785
vt 0.457490 0.719785
vt 0.246573 0.719785
vt 0.276704 0.719785
vt 0.035655 0.719785
vt 0.065786 0.719785
vt 0.306835 0.719785
vt 0.095918 0.719785
vt 0.397228 0.719785
vt 0.427359 0.719785
vt 0.216442 0.719785
vt 0.457490 0.719785
vt 0.246573 0.719785
vt 0.276704 0.719785
vt 0.035655 0.719785
vt 0.065786 0.719785
vt 0.306835 0.719785
vt 0.095918 0.719785
vt 0.336966 0.719785
vt 0.126049 0.719785
vt 0.367097 0.719785
vt 0.336966 0.719785
vt 0.306835 0.719785
vt 0.126049 0.719785
vt 0.095918 0.719785
vt 0.367097 0.719785
vt 0.156180 0.719785
vt 0.397228 0.719785
vt 0.186311 0.719785
vt 0.427359 0.719785
vt 0.216442 0.719785
vt 0.457490 0.719785
vt 0.246573 0.719785
vt 0.276704 0.719785
vt 0.065786 0.719785
vt 0.035655 0.719785
vt 0.306835 0.719785
vt 0.276704 0.719785
vt 0.065786 0.719785
vt 0.035655 0.719785
vt 0.246573 0.719785
vt 0.216442 0.719785
vt 0.457490 0.719785
vt 0.427359 0.719785
vt 0.186311 0.719785
vt 0.397228 0.719785
vt 0.156180 0.719785
vt 0.367097 0.719785
vt 0.126049 0.719785
vt 0.336966 0.719785
vt 0.095918 0.719785
vt 0.035655 0.719785
vt 0.065786 0.719785
vt 0.065786 0.719785
vt 0.035655 0.719785
vt 0.336966 0.719785
vt 0.367097 0.719785
vt 0.367097 0.719785
vt 0.336966 0.719785
vt 0.397228 0.719785
vt 0.427359 0.719785
vt 0.427359 0.719785
vt 0.397228 0.719785
vt 0.186311 0.719785
vt 0.216442 0.719785
vt 0.216442 0.719785
vt 0.186311 0.719785
vt 0.336966 0.719785
vt 0.367097 0.719785
vt 0.126049 0.719785
vt 0.156180 0.719785
vt 0.156180 0.719785
vt 0.126049 0.719785
vt 0.276704 0.719785
vt 0.306835 0.719785
vt 0.306835 0.719785
vt 0.276704 0.719785
vt 0.457490 0.719785
vt 0.457490 0.719785
vt 0.095918 0.719785
vt 0.095918 0.719785
vt 0.246573 0.719785
vt 0.246573 0.719785
vt 0.156180 0.719785
vt 0.186311 0.719785
vt 0.186311 0.719785
vt 0.156180 0.719785
vt 0.126049 0.719785
vt 0.397228 0.719785
vt 0.427359 0.719785
vt 0.216442 0.719785
vt 0.457490 0.719785
vt 0.246573 0.719785
vt 0.276704 0.719785
vt 0.065786 0.719785
vt 0.035655 0.719785
vt 0.306835 0.719785
vt 0.095918 0.719785
vt 0.427359 0.719785
vt 0.397228 0.719785
vt 0.216442 0.719785
vt 0.457490 0.719785
vt 0.246573 0.719785
vt 0.276704 0.719785
vt 0.065786 0.719785
vt 0.035655 0.719785
vt 0.306835 0.719785
vt 0.095918 0.719785
vt 0.336966 0.719785
vt 0.126049 0.719785
vt 0.367097 0.719785
vt 0.035655 0.719785
vt 0.065786 0.719785
vt 0.216442 0.719785
vt 0.246573 0.719785
vt 0.427359 0.719785
vt 0.457490 0.719785
vt 0.186311 0.719785
vt 0.397228 0.719785
vt 0.156180 0.719785
vt 0.367097 0.719785
vt 0.126049 0.719785
vt 0.336966 0.719785
vt 0.095918 0.719785
vt 0.306835 0.719785
vt 0.276704 0.719785
vt 0.246573 0.719785
vt 0.216442 0.719785
vt 0.457490 0.719785
vt 0.427359 0.719785
vt 0.186311 0.719785
vt 0.397228 0.719785
vt 0.156180 0.719785
vt 0.367097 0.719785
vt 0.126049 0.719785
vt 0.336966 0.719785
vt 0.095918 0.719785
vt 0.306835 0.719785
vt 0.065786 0.719785
vt 0.276704 0.719785
vt 0.035655 0.719785
vn 0.2600 0.9300 0.2600
vn 0.2917 0.9300 0.2238
vn 0.2465 0.9505 0.1892
vn 0.2197 0.9505 0.2197
vn 0.0952 0.9300 0.3551
vn 0.1407 0.9300 0.3397
vn 0.1189 0.9505 0.2871
vn 0.0804 0.9505 0.3001
vn 0.3645 0.9300 0.0480
vn 0.3676 0.9300 0.0000
vn 0.3107 0.9505 -0.0000
vn 0.3081 0.9505 0.0406
vn 0.3184 0.9300 0.1838
vn 0.2691 0.9505 0.1554
vn 0.1838 0.9300 0.3184
vn 0.1554 0.9505 0.2691
vn 0.3397 0.9300 0.1407
vn 0.2871 0.9505 0.1189
vn 0.2238 0.9300 0.2917
vn 0.1892 0.9505 0.2465
vn 0.0000 0.9300 0.3676
vn 0.0480 0.9300 0.3645
vn 0.0406 0.9505 0.3081
vn 0.0000 0.9505 0.3107
vn 0.3551 0.9300 0.0952
vn 0.3001 0.9505 0.0804
vn 0.0324 0.9688 0.2457
vn 0.0000 0.9688 0.2479
vn 0.0641 0.9688 0.2394
vn 0.0949 0.9688 0.2290
vn 0.1239 0.9688 0.2146
vn 0.1509 0.9688 0.1966
vn 0.1753 0.9688 0.1753
vn 0.1966 0.9688 0.1509
vn 0.2146 0.9688 0.1239
vn 0.2290 0.9688 0.0949
vn 0.2394 0.9688 0.0642
vn 0.2457 0.9688 0.0324
vn 0.2479 0.9688 0.0000
vn -0.0147 0.9993 -0.0355
vn -0.0192 0.9993 -0.0332
vn -0.0332 0.9993 -0.0192
vn -0.0355 0.9993 -0.0147
vn -0.0234 0.9993 -0.0305
vn 0.0000 0.9993 -0.0384
vn -0.0050 0.9993 -0.0381
vn -0.0371 0.9993 -0.0099
vn -0.0271 0.9993 -0.0271
vn -0.0099 0.9993 -0.0371
vn -0.0381 0.9993 -0.0050
vn -0.0305 0.9993 -0.0234
vn -0.0384 0.9993 0.0000
vn -0.2600 0.9300 0.2600
vn -0.2197 0.9505 0.2197
vn -0.2465 0.9505 0.1892
vn -0.2917 0.9300 0.2238
vn -0.0952 0.9300 0.3551
vn -0.0804 0.9505 0.3001
vn -0.1189 0.9505 0.2871
vn -0.1407 0.9300 0.3397
vn -0.3645 0.9300 0.0480
vn -0.3081 0.9505 0.0406
vn -0.3107 0.9505 0.0000
vn -0.3676 0.9300 0.0000
vn -0.2691 0.9505 0.1554
vn -0.3184 0.9300 0.1838
vn -0.1554 0.9505 0.2691
vn -0.1838 0.9300 0.3184
vn -0.2871 0.9505 0.1189
vn -0.3397 0.9300 0.1407
vn -0.1892 0.9505 0.2465
vn -0.2238 0.9300 0.2917
vn -0.0406 0.9505 0.3081
vn -0.0480 0.9300 0.3645
vn -0.3001 0.9505 0.0804
vn -0.3551 0.9300 0.0952
vn -0.0324 0.9688 0.2457
vn -0.0641 0.9688 0.2394
vn -0.0949 0.9688 0.2290
vn -0.1239 0.9688 0.2146
vn -0.1509 0.9688 0.1966
vn -0.1753 0.9688 0.1753
vn -0.1966 0.9688 0.1509
vn -0.2146 0.9688 0.1239
vn -0.2290 0.9688 0.0949
vn -0.2394 0.9688 0.0642
vn -0.2457 0.9688 0.0324
vn -0.2479 0.9688 0.0000
vn 0.0147 0.9993 -0.0355
vn 0.0192 0.9993 -0.0332
vn 0.0332 0.9993 -0.0192
vn 0.0355 0.9993 -0.0147
vn 0.0234 0.9993 -0.0305
vn 0.0050 0.9993 -0.0381
vn 0.0371 0.9993 -0.0099
vn 0.0271 0.9993 -0.0271
vn 0.0099 0.9993 -0.0371
vn 0.0381 0.9993 -0.0050
vn 0.0305 0.9993 -0.0234
vn 0.0384 0.9993 -0.0000
vn 0.2600 0.9300 -0.2600
vn 0.2197 0.9505 -0.2197
vn 0.2465 0.9505 -0.1892
vn 0.2917 0.9300 -0.2238
vn 0.0952 0.9300 -0.3551
vn 0.0804 0.9505 -0.3001
vn 0.1189 0.9505 -0.2871
vn 0.1407 0.9300 -0.3397
vn 0.3645 0.9300 -0.0480
vn 0.3081 0.9505 -0.0406
vn 0.2691 0.9505 -0.1554
vn 0.3184 0.9300 -0.1838
vn 0.1554 0.9505 -0.2691
vn 0.1838 0.9300 -0.3184
vn 0.2871 0.9505 -0.1189
vn 0.3397 0.9300 -0.1407
vn 0.1892 0.9505 -0.2465
vn 0.2238 0.9300 -0.2917
vn -0.0000 0.9300 -0.3676
vn -0.0000 0.9505 -0.3107
vn 0.0406 0.9505 -0.3081
vn 0.0480 0.9300 -0.3645
vn 0.3001 0.9505 -0.0804
vn 0.3551 0.9300 -0.0952
vn 0.0000 0.9688 -0.2479
vn 0.0324 0.9688 -0.2457
vn 0.0641 0.9688 -0.2394
vn 0.0949 0.9688 -0.2290
vn 0.1239 0.9688 -0.2146
vn 0.1509 0.9688 -0.1966
vn 0.1753 0.9688 -0.1753
vn 0.1966 0.9688 -0.1509
vn 0.2146 0.9688 -0.1239
vn 0.2290 0.9688 -0.0949
vn 0.2394 0.9688 -0.0642
vn 0.2457 0.9688 -0.0324
vn -0.0147 0.9993 0.0355
vn -0.0192 0.9993 0.0332
vn -0.0332 0.9993 0.0192
vn -0.0355 0.9993 0.0147
vn -0.0234 0.9993 0.0305
vn 0.0000 0.9993 0.0384
vn -0.0050 0.9993 0.0381
vn -0.0371 0.9993 0.0099
vn -0.0271 0.9993 0.0271
vn -0.0099 0.9993 0.0371
vn -0.0381 0.9993 0.0050
vn -0.0305 0.9993 0.0234
vn -0.2600 0.9300 -0.2600
vn -0.2917 0.9300 -0.2238
vn -0.2465 0.9505 -0.1892
vn -0.2197 0.9505 -0.2197
vn -0.0952 0.9300 -0.3551
vn -0.1407 0.9300 -0.3397
vn -0.1189 0.9505 -0.2871
vn -0.0804 0.9505 -0.3001
vn -0.3645 0.9300 -0.0480
vn -0.3081 0.9505 -0.0406
vn -0.3184 0.9300 -0.1838
vn -0.2691 0.9505 -0.1554
vn -0.1838 0.9300 -0.3184
vn -0.1554 0.9505 -0.2691
vn -0.3397 0.9300 -0.1407
vn -0.2871 0.9505 -0.1189
vn -0.2238 0.9300 -0.2917
vn -0.1892 0.9505 -0.2465
vn -0.0480 0.9300 -0.3645
vn -0.0406 0.9505 -0.3081
vn -0.3551 0.9300 -0.0952
vn -0.3001 0.9505 -0.0804
vn -0.0324 0.9688 -0.2457
vn -0.0641 0.9688 -0.2394
vn -0.0949 0.9688 -0.2290
vn -0.1239 0.9688 -0.2146
vn -0.1509 0.9688 -0.1966
vn -0.1753 0.9688 -0.1753
vn -0.1966 0.9688 -0.1509
vn -0.2146 0.9688 -0.1239
vn -0.2290 0.9688 -0.0949
vn -0.2394 0.9688 -0.0642
vn -0.2457 0.9688 -0.0324
vn 0.0147 0.9993 0.0355
vn 0.0192 0.9993 0.0332
vn 0.0332 0.9993 0.0192
vn 0.0355 0.9993 0.0147
vn 0.0234 0.9993 0.0305
vn 0.0050 0.9993 0.0381
vn 0.0371 0.9993 0.0099
vn 0.0271 0.9993 0.0271
vn 0.0099 0.9993 0.0371
vn 0.0381 0.9993 0.0050
vn 0.0305 0.9993 0.0234
vn -0.8397 -0.4943 0.2250
vn -0.8031 -0.4943 0.3327
vn 0.6147 -0.4943 -0.6147
vn 0.5292 -0.4943 -0.6897
vn -0.6147 -0.4943 -0.6147
vn -0.6897 -0.4943 -0.5292
vn 0.1135 -0.4943 0.8618
vn 0.2250 -0.4943 0.8397
vn -0.7528 -0.4943 0.4346
vn 0.4346 -0.4943 -0.7528
vn -0.5292 -0.4943 -0.6897
vn -0.0000 -0.4943 0.8693
vn -0.6897 -0.4943 0.5292
vn 0.3327 -0.4943 -0.8031
vn -0.4346 -0.4943 -0.7528
vn -0.6147 -0.4943 0.6147
vn 0.2250 -0.4943 -0.8397
vn -0.3327 -0.4943 -0.8031
vn 0.8618 -0.4943 0.1135
vn 0.8693 -0.4943 0.0000
vn -0.5292 -0.4943 0.6897
vn 0.1135 -0.4943 -0.8618
vn -0.2250 -0.4943 -0.8397
vn 0.8397 -0.4943 0.2250
vn -0.4346 -0.4943 0.7528
vn -0.0000 -0.4943 -0.8693
vn -0.1135 -0.4943 -0.8618
vn 0.8031 -0.4943 0.3327
vn -0.3327 -0.4943 0.8031
vn 0.7528 -0.4943 0.4346
vn -0.2250 -0.4943 0.8397
vn 0.8618 -0.4943 -0.1135
vn 0.6897 -0.4943 0.5292
vn -0.1135 -0.4943 0.8618
vn 0.8397 -0.4943 -0.2250
vn -0.8618 -0.4943 -0.1135
vn -0.8693 -0.4943 0.0000
vn 0.6147 -0.4943 0.6147
vn 0.8031 -0.4943 -0.3327
vn -0.8397 -0.4943 -0.2250
vn 0.5292 -0.4943 0.6897
vn 0.7528 -0.4943 -0.4346
vn -0.8031 -0.4943 -0.3327
vn 0.4346 -0.4943 0.7528
vn -0.8618 -0.4943 0.1135
vn 0.6897 -0.4943 -0.5292
vn -0.7528 -0.4943 -0.4346
vn 0.3327 -0.4943 0.8031
vn 0.0211 0.3294 -0.9440
vn 0.0105 0.3037 -0.9527
vn 0.0104 0.3033 -0.9528
vn -0.7257 0.6881 -0.0000
vn -0.6354 0.7722 -0.0000
vn -0.6461 0.7632 -0.0000
vn -0.1991 0.3324 0.9219
vn -0.2371 0.3104 0.9206
vn -0.0977 0.3869 0.9170
vn -0.7643 0.1953 -0.6146
vn -0.7659 0.1949 -0.6127
vn -0.7990 0.1849 -0.5722
vn 0.0182 0.3223 0.9465
vn -0.5354 0.8446 0.0000
vn -0.7990 0.1849 0.5722
vn -0.7659 0.1949 0.6127
vn -0.7643 0.1953 0.6146
vn 0.9382 0.3460 -0.0000
vn 0.9346 0.3556 0.0000
vn 0.0000 1.0000 -0.0000
vn 0.0211 0.9997 -0.0091
vn 0.0285 0.9995 -0.0123
vn 0.1685 0.9855 0.0215
vn 0.1718 0.9845 0.0342
vn 0.1717 0.9846 0.0337
vn 0.0905 0.9959 -0.0029
vn 0.0907 0.9959 -0.0028
vn 0.0346 0.9993 -0.0150
vn -0.0977 0.3869 -0.9170
vn -0.2370 0.3104 -0.9206
vn -0.1990 0.3324 -0.9219
vn 0.0000 0.2777 -0.9607
vn -0.4326 0.2588 0.8637
vn -0.4652 0.2546 0.8478
vn -0.6432 0.2247 0.7320
vn -0.6550 0.2222 0.7222
vn -0.4653 0.2546 -0.8478
vn -0.4326 0.2588 -0.8637
vn -0.6550 0.2222 -0.7222
vn -0.6432 0.2247 -0.7320
vn 0.1685 0.9855 -0.0215
vn 0.1717 0.9846 -0.0337
vn 0.1718 0.9845 -0.0342
vn -0.0009 0.3213 0.9470
vn -0.0009 0.3213 -0.9470
vn 0.0346 0.9993 0.0150
vn 0.0211 0.9997 0.0091
vn 0.6318 0.4196 0.6518
vn 0.6318 0.4196 -0.6518
vn 0.0285 0.9995 0.0123
vn 0.1502 0.9881 0.0333
vn 0.1499 0.9881 0.0331
vn 0.0905 0.9959 0.0029
vn 0.0907 0.9959 0.0028
vn 0.1499 0.9881 -0.0331
vn 0.1502 0.9881 -0.0333
vn -0.0211 0.3294 -0.9440
vn -0.0104 0.3033 -0.9528
vn -0.0105 0.3037 -0.9527
vn 0.7257 0.6881 -0.0000
vn 0.6461 0.7632 -0.0000
vn 0.6354 0.7722 -0.0000
vn 0.1991 0.3324 0.9219
vn 0.0977 0.3869 0.9170
vn 0.2371 0.3104 0.9206
vn 0.7643 0.1953 -0.6146
vn 0.7990 0.1849 -0.5722
vn 0.7659 0.1949 -0.6127
vn -0.0182 0.3223 0.9465
vn 0.5354 0.8446 0.0000
vn 0.7990 0.1849 0.5722
vn 0.7643 0.1953 0.6146
vn 0.7659 0.1949 0.6127
vn -0.9382 0.3460 -0.0000
vn -0.9346 0.3556 0.0000
vn 0.7256 0.6881 0.0000
vn -0.0285 0.9995 -0.0123
vn -0.0211 0.9997 -0.0091
vn -0.1685 0.9855 0.0215
vn -0.1717 0.9846 0.0337
vn -0.1718 0.9845 0.0342
vn -0.0905 0.9959 -0.0029
vn -0.0346 0.9993 -0.0150
vn -0.0907 0.9959 -0.0028
vn 0.0977 0.3869 -0.9170
vn 0.1990 0.3324 -0.9219
vn 0.2370 0.3104 -0.9206
vn 0.4652 0.2546 0.8478
vn 0.4326 0.2588 0.8637
vn 0.6550 0.2222 0.7222
vn 0.6432 0.2247 0.7320
vn 0.4326 0.2588 -0.8637
vn 0.4653 0.2546 -0.8478
vn 0.6432 0.2247 -0.7320
vn 0.6550 0.2222 -0.7222
vn -0.1685 0.9855 -0.0215
vn -0.1718 0.9845 -0.0342
vn -0.1717 0.9846 -0.0337
vn 0.0009 0.3213 0.9470
vn 0.0009 0.3213 -0.9470
vn -0.0346 0.9993 0.0150
vn -0.0211 0.9997 0.0091
vn -0.6318 0.4196 0.6518
vn -0.6318 0.4196 -0.6518
vn -0.0285 0.9995 0.0123
vn -0.1499 0.9881 0.0331
vn -0.1502 0.9881 0.0333
vn -0.0905 0.9959 0.0029
vn -0.1502 0.9881 -0.0333
vn -0.1499 0.9881 -0.0331
vn -0.0907 0.9959 0.0028
vn 0.6022 0.6510 0.4621
vn 0.6574 0.6510 0.3795
vn 0.7526 0.6510 0.0991
vn 0.7591 0.6510 0.0000
vn 0.1965 0.6510 0.7332
vn 0.2905 0.6510 0.7013
vn 0.5368 0.6510 0.5368
vn 0.7332 0.6510 0.1965
vn 0.0991 0.6510 0.7526
vn 0.4621 0.6510 0.6022
vn 0.7013 0.6510 0.2905
vn 0.0000 0.6510 0.7591
vn 0.3795 0.6510 0.6574
vn -0.6022 0.6510 0.4621
vn -0.6574 0.6510 0.3795
vn -0.7526 0.6510 0.0991
vn -0.7591 0.6510 -0.0000
vn -0.1965 0.6510 0.7332
vn -0.2905 0.6510 0.7013
vn -0.5368 0.6510 0.5368
vn -0.7332 0.6510 0.1965
vn -0.0991 0.6510 0.7526
vn -0.4621 0.6510 0.6022
vn -0.7013 0.6510 0.2905
vn -0.3795 0.6510 0.6574
vn 0.6022 0.6510 -0.4621
vn 0.6574 0.6510 -0.3795
vn 0.7526 0.6510 -0.0991
vn 0.1965 0.6510 -0.7332
vn 0.2905 0.6510 -0.7013
vn 0.5368 0.6510 -0.5368
vn 0.7332 0.6510 -0.1965
vn 0.0991 0.6510 -0.7526
vn 0.4621 0.6510 -0.6022
vn 0.7013 0.6510 -0.2905
vn 0.0000 0.6510 -0.7591
vn 0.3795 0.6510 -0.6574
vn -0.6022 0.6510 -0.4621
vn -0.6574 0.6510 -0.3795
vn -0.7526 0.6510 -0.0991
vn -0.1965 0.6510 -0.7332
vn -0.2905 0.6510 -0.7013
vn -0.5368 0.6510 -0.5368
vn -0.7332 0.6510 -0.1965
vn -0.0991 0.6510 -0.7526
vn -0.4621 0.6510 -0.6022
vn -0.7013 0.6510 -0.2905
vn -0.3795 0.6510 -0.6574
vn 0.0136 0.9999 0.0037
vn 0.0140 0.9999 0.0018
vn 0.0037 0.9999 0.0136
vn 0.0054 0.9999 0.0130
vn 0.0130 0.9999 0.0054
vn 0.0018 0.9999 0.0140
vn 0.0122 0.9999 0.0071
vn 0.0000 0.9999 0.0141
vn 0.0112 0.9999 0.0086
vn 0.0100 0.9999 0.0100
vn 0.0086 0.9999 0.0112
vn 0.0071 0.9999 0.0122
vn 0.0141 0.9999 0.0000
vn -0.0136 0.9999 0.0037
vn -0.0140 0.9999 0.0018
vn -0.0037 0.9999 0.0136
vn -0.0054 0.9999 0.0130
vn -0.0130 0.9999 0.0054
vn -0.0018 0.9999 0.0140
vn -0.0122 0.9999 0.0071
vn -0.0112 0.9999 0.0086
vn -0.0100 0.9999 0.0100
vn -0.0086 0.9999 0.0112
vn -0.0071 0.9999 0.0122
vn -0.0141 0.9999 0.0000
vn 0.0136 0.9999 -0.0037
vn 0.0140 0.9999 -0.0018
vn 0.0037 0.9999 -0.0136
vn 0.0054 0.9999 -0.0130
vn 0.0130 0.9999 -0.0054
vn 0.0018 0.9999 -0.0140
vn 0.0122 0.9999 -0.0071
vn 0.0000 0.9999 -0.0141
vn 0.0112 0.9999 -0.0086
vn 0.0100 0.9999 -0.0100
vn 0.0086 0.9999 -0.0112
vn 0.0071 0.9999 -0.0122
vn -0.0136 0.9999 -0.0037
vn -0.0140 0.9999 -0.0018
vn -0.0037 0.9999 -0.0136
vn -0.0054 0.9999 -0.0130
vn -0.0130 0.9999 -0.0054
vn -0.0018 0.9999 -0.0140
vn -0.0122 0.9999 -0.0071
vn -0.0112 0.9999 -0.0086
vn -0.0100 0.9999 -0.0100
vn -0.0086 0.9999 -0.0112
vn -0.0071 0.9999 -0.0122
vn -0.6625 -0.3368 0.6691
vn -0.7953 0.1059 0.5968
vn -0.5221 0.2274 0.8220
vn -0.3599 -0.1903 0.9134
vn 0.5282 -0.8136 -0.2430
vn 0.3585 -0.9204 0.1559
vn 0.4052 -0.8954 0.1846
vn 0.4601 -0.8497 -0.2575
vn -0.0421 -0.9238 0.3805
vn -0.3916 -0.7081 0.5875
vn -0.1314 -0.5726 0.8092
vn 0.1232 -0.8360 0.5348
vn 0.1133 0.9087 -0.4019
vn 0.4473 0.6930 -0.5654
vn 0.1900 0.5721 -0.7979
vn -0.0719 0.8234 -0.5629
vn 0.6085 -0.7734 -0.1777
vn 0.3145 -0.9434 0.1053
vn -0.5567 0.8215 0.1236
vn -0.2445 0.9565 -0.1594
vn -0.3215 0.9220 -0.2159
vn -0.5047 0.8435 0.1837
vn 0.8170 -0.0567 -0.5739
vn 0.7862 -0.4562 -0.4169
vn 0.5992 -0.5475 -0.5842
vn 0.5585 -0.1807 -0.8095
vn -0.7566 0.5204 0.3959
vn -0.5773 0.5965 0.5576
vn 0.6967 0.3507 -0.6258
vn 0.4136 0.2162 -0.8844
vn -0.3919 0.8908 -0.2301
vn -0.2458 0.7446 -0.6206
vn -0.3308 0.7012 -0.6315
vn -0.4242 0.8760 -0.2295
vn -0.4561 0.8643 0.2123
vn 0.2750 -0.7558 0.5943
vn 0.0929 -0.4587 0.8837
vn -0.0526 0.4586 -0.8871
vn -0.1093 -0.0690 0.9916
vn 0.1481 0.0880 -0.9850
vn 0.3189 -0.3002 -0.8990
vn -0.2942 0.3322 0.8962
vn 0.4294 -0.6349 -0.6423
vn -0.4206 0.6655 0.6166
vn 0.1755 -0.3928 0.9027
vn 0.3276 -0.7068 0.6270
vn -0.1734 0.3898 -0.9044
vn -0.0112 -0.0053 0.9999
vn 0.0148 0.0048 -0.9999
vn 0.1984 -0.3817 -0.9027
vn -0.1983 0.3822 0.9026
vn 0.3435 -0.6975 -0.6289
vn -0.3494 0.6968 0.6264
vn 0.4215 -0.8779 -0.2272
vn -0.4313 0.8746 0.2216
vn 0.4158 -0.8817 0.2230
vn 0.9043 -0.4000 -0.1492
vn 0.6603 -0.7483 -0.0636
vn -0.8742 0.4648 0.1405
vn -0.5931 0.8040 0.0429
vn 0.2857 -0.9575 0.0384
vn -0.1999 0.9781 -0.0581
vn -0.1536 -0.9785 0.1379
vn 0.2259 0.9634 -0.1442
vn -0.5698 -0.7939 0.2123
vn 0.6060 0.7694 -0.2021
vn -0.8683 -0.4339 0.2404
vn 0.8726 0.4344 -0.2234
vn 0.9786 0.0197 -0.2050
vn -0.9768 0.0210 0.2131
vn 0.9786 0.0197 0.2050
vn 0.9043 -0.4000 0.1492
vn -0.8683 -0.4338 -0.2404
vn -0.9768 0.0210 -0.2131
vn 0.8726 0.4344 0.2234
vn 0.6060 0.7694 0.2021
vn -0.5698 -0.7939 -0.2123
vn 0.2259 0.9634 0.1442
vn -0.1536 -0.9785 -0.1379
vn -0.1999 0.9781 0.0581
vn 0.2857 -0.9575 -0.0384
vn -0.5931 0.8040 -0.0429
vn 0.6603 -0.7483 0.0636
vn -0.8742 0.4648 -0.1405
vn -0.6625 -0.3368 -0.6691
vn -0.3599 -0.1903 -0.9134
vn -0.5221 0.2274 -0.8220
vn -0.7953 0.1059 -0.5968
vn 0.5282 -0.8136 0.2430
vn 0.4601 -0.8497 0.2575
vn 0.4052 -0.8954 -0.1846
vn 0.3585 -0.9204 -0.1559
vn -0.0421 -0.9238 -0.3805
vn 0.1232 -0.8360 -0.5348
vn -0.1314 -0.5726 -0.8092
vn -0.3916 -0.7081 -0.5875
vn 0.1133 0.9087 0.4019
vn -0.0719 0.8234 0.5629
vn 0.1900 0.5721 0.7979
vn 0.4473 0.6930 0.5654
vn 0.6085 -0.7734 0.1777
vn 0.3145 -0.9434 -0.1053
vn -0.5567 0.8215 -0.1236
vn -0.5047 0.8435 -0.1837
vn -0.3215 0.9220 0.2159
vn -0.2445 0.9565 0.1594
vn 0.8170 -0.0567 0.5739
vn 0.5585 -0.1807 0.8095
vn 0.5992 -0.5475 0.5842
vn 0.7862 -0.4562 0.4169
vn -0.5773 0.5965 -0.5576
vn -0.7566 0.5204 -0.3959
vn 0.4136 0.2162 0.8844
vn 0.6967 0.3507 0.6258
vn -0.3919 0.8908 0.2301
vn -0.4242 0.8760 0.2295
vn -0.3308 0.7012 0.6315
vn -0.2458 0.7446 0.6206
vn -0.4561 0.8643 -0.2123
vn 0.2750 -0.7558 -0.5943
vn 0.0929 -0.4587 -0.8837
vn -0.0526 0.4586 0.8871
vn -0.1093 -0.0690 -0.9916
vn 0.1481 0.0880 0.9850
vn 0.3189 -0.3002 0.8990
vn -0.2942 0.3322 -0.8962
vn 0.4294 -0.6349 0.6423
vn -0.4206 0.6655 -0.6166
vn 0.3276 -0.7068 -0.6270
vn 0.1755 -0.3928 -0.9027
vn -0.1734 0.3898 0.9044
vn -0.0112 -0.0053 -0.9999
vn 0.0148 0.0048 0.9999
vn 0.1984 -0.3817 0.9027
vn -0.1983 0.3822 -0.9026
vn 0.3435 -0.6975 0.6289
vn -0.3494 0.6968 -0.6264
vn 0.4215 -0.8779 0.2272
vn -0.4313 0.8746 -0.2216
vn 0.4158 -0.8817 -0.2230
vn -0.2050 0.3995 0.8935
vn -0.0215 0.0128 0.9997
vn -0.0025 -0.0222 -0.9998
vn -0.1873 0.3673 -0.9111
vn 0.1644 -0.3776 0.9113
vn -0.3387 0.6866 -0.6433
vn 0.3171 -0.6974 0.6427
vn -0.4263 0.8708 -0.2449
vn 0.4053 -0.8813 0.2430
vn -0.4309 0.8789 0.2045
vn 0.4092 -0.8886 -0.2073
vn -0.3513 0.7092 0.6112
vn 0.3282 -0.7182 -0.6136
vn 0.1809 -0.4083 -0.8947
vn -0.1873 0.3673 0.9111
vn -0.0025 -0.0222 0.9998
vn 0.1644 -0.3776 -0.9113
vn -0.0215 0.0128 -0.9997
vn -0.3387 0.6866 0.6433
vn 0.3171 -0.6974 -0.6427
vn -0.4263 0.8708 0.2449
vn 0.4053 -0.8813 -0.2430
vn -0.4309 0.8789 -0.2045
vn 0.4092 -0.8886 0.2073
vn -0.3513 0.7092 -0.6112
vn 0.3282 -0.7182 0.6136
vn -0.2050 0.3995 -0.8935
vn 0.1809 -0.4083 0.8947
vn 0.6625 -0.3368 0.6691
vn 0.3599 -0.1903 0.9134
vn 0.5221 0.2274 0.8220
vn 0.7953 0.1059 0.5968
vn -0.5282 -0.8136 -0.2430
vn -0.4601 -0.8497 -0.2575
vn -0.4052 -0.8954 0.1846
vn -0.3585 -0.9204 0.1559
vn 0.0421 -0.9238 0.3805
vn -0.1232 -0.8360 0.5348
vn 0.1314 -0.5726 0.8092
vn 0.3916 -0.7081 0.5875
vn -0.1133 0.9087 -0.4019
vn 0.0719 0.8234 -0.5629
vn -0.1900 0.5721 -0.7979
vn -0.4473 0.6930 -0.5654
vn -0.6085 -0.7734 -0.1777
vn -0.3145 -0.9434 0.1053
vn 0.5567 0.8215 0.1236
vn 0.5047 0.8435 0.1837
vn 0.3215 0.9220 -0.2159
vn 0.2445 0.9565 -0.1594
vn -0.8170 -0.0567 -0.5739
vn -0.5585 -0.1807 -0.8095
vn -0.5992 -0.5475 -0.5842
vn -0.7862 -0.4562 -0.4169
vn 0.5773 0.5965 0.5576
vn 0.7566 0.5204 0.3959
vn -0.4136 0.2162 -0.8844
vn -0.6967 0.3507 -0.6258
vn 0.3919 0.8908 -0.2301
vn 0.4242 0.8760 -0.2295
vn 0.3308 0.7012 -0.6315
vn 0.2458 0.7446 -0.6206
vn 0.4561 0.8643 0.2123
vn -0.2750 -0.7558 0.5943
vn -0.0929 -0.4587 0.8837
vn 0.0526 0.4586 -0.8871
vn 0.1093 -0.0690 0.9916
vn -0.1481 0.0880 -0.9850
vn -0.3189 -0.3002 -0.8990
vn 0.2942 0.3322 0.8962
vn -0.4294 -0.6349 -0.6423
vn 0.4206 0.6655 0.6166
vn -0.3276 -0.7068 0.6270
vn -0.1755 -0.3928 0.9027
vn 0.1734 0.3898 -0.9044
vn 0.0112 -0.0053 0.9999
vn -0.0148 0.0048 -0.9999
vn -0.1984 -0.3817 -0.9027
vn 0.1983 0.3822 0.9026
vn -0.3435 -0.6975 -0.6289
vn 0.3494 0.6968 0.6264
vn -0.4215 -0.8779 -0.2272
vn 0.4313 0.8746 0.2216
vn -0.4158 -0.8817 0.2230
vn -0.6603 -0.7483 -0.0636
vn -0.9043 -0.4000 -0.1492
vn 0.5931 0.8040 0.0429
vn 0.8742 0.4648 0.1405
vn -0.2857 -0.9575 0.0384
vn 0.1999 0.9781 -0.0581
vn 0.1536 -0.9785 0.1379
vn -0.2259 0.9634 -0.1442
vn 0.5698 -0.7939 0.2123
vn -0.6060 0.7694 -0.2021
vn 0.8683 -0.4339 0.2404
vn -0.8726 0.4344 -0.2234
vn -0.9786 0.0197 -0.2050
vn 0.9768 0.0210 0.2131
vn -0.9043 -0.4000 0.1492
vn -0.9786 0.0197 0.2050
vn 0.9768 0.0211 -0.2131
vn 0.8683 -0.4338 -0.2404
vn -0.8726 0.4344 0.2234
vn -0.6060 0.7694 0.2021
vn 0.5698 -0.7939 -0.2123
vn -0.2259 0.9634 0.1442
vn 0.1536 -0.9785 -0.1379
vn 0.1999 0.9781 0.0581
vn -0.2857 -0.9575 -0.0384
vn 0.5931 0.8040 -0.0429
vn -0.6603 -0.7483 0.0636
vn 0.8742 0.4648 -0.1405
vn 0.6625 -0.3368 -0.6691
vn 0.7953 0.1059 -0.5968
vn 0.5221 0.2274 -0.8220
vn 0.3599 -0.1903 -0.9134
vn -0.5282 -0.8136 0.2430
vn -0.3585 -0.9204 -0.1559
vn -0.4052 -0.8954 -0.1846
vn -0.4601 -0.8497 0.2575
vn 0.0421 -0.9238 -0.3805
vn 0.3916 -0.7081 -0.5875
vn 0.1314 -0.5726 -0.8092
vn -0.1232 -0.8360 -0.5348
vn -0.1133 0.9087 0.4019
vn -0.4473 0.6930 0.5654
vn -0.1900 0.5721 0.7979
vn 0.0719 0.8234 0.5629
vn -0.6085 -0.7734 0.1777
vn -0.3145 -0.9434 -0.1053
vn 0.5567 0.8215 -0.1236
vn 0.2445 0.9565 0.1594
vn 0.3215 0.9220 0.2159
vn 0.5047 0.8435 -0.1837
vn -0.8170 -0.0567 0.5739
vn -0.7862 -0.4562 0.4169
vn -0.5992 -0.5475 0.5842
vn -0.5585 -0.1807 0.8095
vn 0.7566 0.5204 -0.3959
vn 0.5773 0.5965 -0.5576
vn -0.6967 0.3507 0.6258
vn -0.4136 0.2162 0.8844
vn 0.3919 0.8908 0.2301
vn 0.2458 0.7446 0.6206
vn 0.3308 0.7012 0.6315
vn 0.4242 0.8760 0.2295
vn 0.4561 0.8643 -0.2123
vn -0.2750 -0.7558 -0.5943
vn -0.0929 -0.4587 -0.8837
vn 0.0526 0.4586 0.8871
vn 0.1093 -0.0690 -0.9916
vn -0.1481 0.0880 0.9850
vn -0.3189 -0.3002 0.8990
vn 0.2942 0.3322 -0.8962
vn -0.4294 -0.6349 0.6423
vn 0.4206 0.6655 -0.6166
vn -0.1755 -0.3928 -0.9027
vn -0.3276 -0.7068 -0.6270
vn 0.1734 0.3898 0.9044
vn 0.0112 -0.0053 -0.9999
vn -0.0148 0.0048 0.9999
vn -0.1984 -0.3817 0.9027
vn 0.1983 0.3822 -0.9026
vn -0.3435 -0.6975 0.6289
vn 0.3494 0.6968 -0.6264
vn -0.4215 -0.8779 0.2272
vn 0.4313 0.8746 -0.2216
vn -0.4158 -0.8817 -0.2230
vn 0.0215 0.0128 0.9997
vn 0.2050 0.3995 0.8935
vn 0.1873 0.3673 -0.9111
vn 0.0025 -0.0222 -0.9998
vn -0.1644 -0.3776 0.9113
vn 0.3387 0.6866 -0.6433
vn -0.3171 -0.6974 0.6427
vn 0.4263 0.8708 -0.2449
vn -0.4053 -0.8813 0.2430
vn 0.4309 0.8789 0.2045
vn -0.4092 -0.8886 -0.2073
vn 0.3513 0.7092 0.6112
vn -0.3282 -0.7182 -0.6136
vn -0.1809 -0.4083 -0.8947
vn 0.0025 -0.0222 0.9998
vn 0.1873 0.3673 0.9111
vn 0.0215 0.0128 -0.9997
vn -0.1644 -0.3776 -0.9113
vn 0.3387 0.6866 0.6433
vn -0.3171 -0.6974 -0.6427
vn 0.4263 0.8708 0.2449
vn -0.4053 -0.8813 -0.2430
vn 0.4309 0.8789 -0.2045
vn -0.4092 -0.8886 0.2073
vn 0.3513 0.7092 -0.6112
vn -0.3282 -0.7182 0.6136
vn 0.2050 0.3995 -0.8935
vn -0.1809 -0.4083 0.8947
usemtl MI_Trim_02
s 1
f 7/1/1 6/2/2 29/3/3 27/4/4
f 11/5/5 10/6/6 21/7/7 19/8/8
f 2/9/9 1/10/10 39/11/11 37/12/12
f 6/2/2 5/13/13 31/14/14 29/3/3
f 10/6/6 9/15/15 23/16/16 21/7/7
f 5/13/13 4/17/17 33/18/18 31/14/14
f 9/15/15 8/19/19 25/20/20 23/16/16
f 13/21/21 12/22/22 17/23/23 15/24/24
f 4/17/17 3/25/25 35/26/26 33/18/18
f 8/19/19 7/1/1 27/4/4 25/20/20
f 12/22/22 11/5/5 19/8/8 17/23/23
f 3/25/25 2/9/9 37/12/12 35/26/26
f 15/27/24 17/28/23 16/29/27 14/30/28
f 17/28/23 19/31/8 18/32/29 16/29/27
f 19/31/8 21/33/7 20/34/30 18/32/29
f 21/33/7 23/35/16 22/36/31 20/34/30
f 23/35/16 25/37/20 24/38/32 22/36/31
f 25/37/20 27/39/4 26/40/33 24/38/32
f 27/39/4 29/41/3 28/42/34 26/40/33
f 29/41/3 31/43/14 30/44/35 28/42/34
f 31/43/14 33/45/18 32/46/36 30/44/35
f 33/45/18 35/47/26 34/48/37 32/46/36
f 35/47/26 37/49/12 36/50/38 34/48/37
f 37/49/12 39/51/11 38/52/39 36/50/38
f 54/53/40 53/54/41 44/55/41 43/56/40
f 58/57/42 57/58/43 49/59/43 48/60/42
f 53/54/41 59/61/44 45/62/44 44/55/41
f 56/63/45 60/64/46 41/65/46 40/66/45
f 57/58/43 61/67/47 50/68/47 49/59/43
f 59/61/44 62/69/48 46/70/48 45/62/44
f 60/64/46 63/71/49 42/72/49 41/65/46
f 61/67/47 64/73/50 51/74/50 50/68/47
f 62/69/48 65/75/51 47/76/51 46/70/48
f 63/71/49 54/53/40 43/56/40 42/72/49
f 64/73/50 55/77/52 52/78/52 51/74/50
f 65/75/51 58/57/42 48/60/42 47/76/51
f 72/79/53 89/80/54 91/81/55 71/82/56
f 76/83/57 81/84/58 83/85/59 75/86/60
f 67/87/61 99/88/62 101/89/63 66/90/64
f 71/82/56 91/81/55 93/91/65 70/92/66
f 75/86/60 83/85/59 85/93/67 74/94/68
f 70/92/66 93/91/65 95/95/69 69/96/70
f 74/94/68 85/93/67 87/97/71 73/98/72
f 13/21/21 15/24/24 79/99/73 77/100/74
f 69/96/70 95/95/69 97/101/75 68/102/76
f 73/98/72 87/97/71 89/80/54 72/79/53
f 77/100/74 79/99/73 81/84/58 76/83/57
f 68/102/76 97/101/75 99/88/62 67/87/61
f 15/27/24 14/30/28 78/103/77 79/104/73
f 79/104/73 78/103/77 80/105/78 81/106/58
f 81/106/58 80/105/78 82/107/79 83/108/59
f 83/108/59 82/107/79 84/109/80 85/110/67
f 85/110/67 84/109/80 86/111/81 87/112/71
f 87/112/71 86/111/81 88/113/82 89/114/54
f 89/114/54 88/113/82 90/115/83 91/116/55
f 91/116/55 90/115/83 92/117/84 93/118/65
f 93/118/65 92/117/84 94/119/85 95/120/69
f 95/120/69 94/119/85 96/121/86 97/122/75
f 97/122/75 96/121/86 98/123/87 99/124/62
f 99/124/62 98/123/87 100/125/88 101/126/63
f 115/127/89 104/128/89 105/129/90 114/130/90
f 118/131/91 109/132/91 110/133/92 117/134/92
f 114/130/90 105/129/90 106/135/93 119/136/93
f 56/63/45 40/66/45 102/137/94 120/138/94
f 117/134/92 110/133/92 111/139/95 121/140/95
f 119/136/93 106/135/93 107/141/96 122/142/96
f 120/138/94 102/137/94 103/143/97 123/144/97
f 121/140/95 111/139/95 112/145/98 124/146/98
f 122/142/96 107/141/96 108/147/99 125/148/99
f 123/144/97 103/143/97 104/128/89 115/127/89
f 124/146/98 112/145/98 113/149/100 116/150/100
f 125/148/99 108/147/99 109/132/91 118/131/91
f 131/151/101 151/152/102 153/153/103 130/154/104
f 135/155/105 143/156/106 145/157/107 134/158/108
f 126/159/109 161/160/110 39/11/11 1/10/10
f 130/154/104 153/153/103 155/161/111 129/162/112
f 134/158/108 145/157/107 147/163/113 133/164/114
f 129/162/112 155/161/111 157/165/115 128/166/116
f 133/164/114 147/163/113 149/167/117 132/168/118
f 137/169/119 139/170/120 141/171/121 136/172/122
f 128/166/116 157/165/115 159/173/123 127/174/124
f 132/168/118 149/167/117 151/152/102 131/151/101
f 136/172/122 141/171/121 143/156/106 135/155/105
f 127/174/124 159/173/123 161/160/110 126/159/109
f 139/175/120 138/176/125 140/177/126 141/178/121
f 141/178/121 140/177/126 142/179/127 143/180/106
f 143/180/106 142/179/127 144/181/128 145/182/107
f 145/182/107 144/181/128 146/183/129 147/184/113
f 147/184/113 146/183/129 148/185/130 149/186/117
f 149/186/117 148/185/130 150/187/131 151/188/102
f 151/188/102 150/187/131 152/189/132 153/190/103
f 153/190/103 152/189/132 154/191/133 155/192/111
f 155/192/111 154/191/133 156/193/134 157/194/115
f 157/194/115 156/193/134 158/195/135 159/196/123
f 159/196/123 158/195/135 160/197/136 161/198/110
f 161/198/110 160/197/136 38/52/39 39/51/11
f 175/199/137 165/200/137 166/201/138 174/202/138
f 178/203/139 170/204/139 171/205/140 177/206/140
f 174/202/138 166/201/138 167/207/141 179/208/141
f 176/209/142 162/210/142 163/211/143 180/212/143
f 177/206/140 171/205/140 172/213/144 181/214/144
f 179/208/141 167/207/141 168/215/145 182/216/145
f 180/212/143 163/211/143 164/217/146 183/218/146
f 181/214/144 172/213/144 173/219/147 184/220/147
f 182/216/145 168/215/145 169/221/148 185/222/148
f 183/218/146 164/217/146 165/200/137 175/199/137
f 184/220/147 173/219/147 52/78/52 55/77/52
f 185/222/148 169/221/148 170/204/139 178/203/139
f 191/223/149 190/224/150 210/225/151 208/226/152
f 195/227/153 194/228/154 202/229/155 200/230/156
f 186/231/157 66/90/64 101/89/63 218/232/158
f 190/224/150 189/233/159 212/234/160 210/225/151
f 194/228/154 193/235/161 204/236/162 202/229/155
f 189/233/159 188/237/163 214/238/164 212/234/160
f 193/235/161 192/239/165 206/240/166 204/236/162
f 137/169/119 196/241/167 198/242/168 139/170/120
f 188/237/163 187/243/169 216/244/170 214/238/164
f 192/239/165 191/223/149 208/226/152 206/240/166
f 196/241/167 195/227/153 200/230/156 198/242/168
f 187/243/169 186/231/157 218/232/158 216/244/170
f 139/175/120 198/245/168 197/246/171 138/176/125
f 198/245/168 200/247/156 199/248/172 197/246/171
f 200/247/156 202/249/155 201/250/173 199/248/172
f 202/249/155 204/251/162 203/252/174 201/250/173
f 204/251/162 206/253/166 205/254/175 203/252/174
f 206/253/166 208/255/152 207/256/176 205/254/175
f 208/255/152 210/257/151 209/258/177 207/256/176
f 210/257/151 212/259/160 211/260/178 209/258/177
f 212/259/160 214/261/164 213/262/179 211/260/178
f 214/261/164 216/263/170 215/264/180 213/262/179
f 216/263/170 218/265/158 217/266/181 215/264/180
f 218/265/158 101/126/63 100/125/88 217/266/181
f 231/267/182 230/268/183 222/269/183 221/270/182
f 233/271/184 232/272/185 227/273/185 226/274/184
f 230/268/183 234/275/186 223/276/186 222/269/183
f 176/209/142 235/277/187 219/278/187 162/210/142
f 232/272/185 236/279/188 228/280/188 227/273/185
f 234/275/186 237/281/189 224/282/189 223/276/186
f 235/277/187 238/283/190 220/284/190 219/278/187
f 236/279/188 239/285/191 229/286/191 228/280/188
f 237/281/189 240/287/192 225/288/192 224/282/189
f 238/283/190 231/267/182 221/270/182 220/284/190
f 239/285/191 116/150/100 113/149/100 229/286/191
f 240/287/192 233/271/184 226/274/184 225/288/192
f 172/289/193 171/290/194 256/291/194 257/292/193
f 107/293/195 106/294/196 270/295/196 271/296/195
f 46/297/197 47/298/198 245/299/198 244/300/197
f 219/301/199 220/302/200 284/303/200 283/304/199
f 171/290/194 170/305/201 281/306/201 256/291/194
f 106/294/196 105/307/202 250/308/202 270/295/196
f 45/309/203 46/297/197 244/300/197 264/310/203
f 162/311/204 219/301/199 283/304/199 254/312/204
f 170/305/201 169/313/205 255/314/205 281/306/201
f 105/307/202 104/315/206 269/316/206 250/308/202
f 44/317/207 45/309/203 264/310/203 263/318/207
f 169/313/205 168/319/208 280/320/208 255/314/205
f 104/315/206 103/321/209 249/322/209 269/316/206
f 43/323/210 44/317/207 263/318/207 243/324/210
f 229/325/211 113/326/212 252/327/212 289/328/211
f 168/319/208 167/329/213 279/330/213 280/320/208
f 103/321/209 102/331/214 268/332/214 249/322/209
f 42/333/215 43/323/210 243/324/210 242/334/215
f 228/335/216 229/325/211 289/328/211 261/336/216
f 167/329/213 166/337/217 278/338/217 279/330/213
f 102/331/214 40/339/218 262/340/218 268/332/214
f 41/341/219 42/333/215 242/334/215 241/342/219
f 227/343/220 228/335/216 261/336/216 288/344/220
f 166/337/217 165/345/221 277/346/221 278/338/217
f 40/339/218 41/341/219 241/342/219 262/340/218
f 226/347/222 227/343/220 288/344/220 260/348/222
f 165/345/221 164/349/223 276/350/223 277/346/221
f 113/326/212 112/351/224 275/352/224 252/327/212
f 225/353/225 226/347/222 260/348/222 287/354/225
f 164/349/223 163/355/226 253/356/226 276/350/223
f 112/351/224 111/357/227 274/358/227 275/352/224
f 51/359/228 52/360/229 248/361/229 266/362/228
f 224/363/230 225/353/225 287/354/225 286/364/230
f 163/355/226 162/365/204 254/366/204 253/356/226
f 111/357/227 110/367/231 251/368/231 274/358/227
f 50/369/232 51/359/228 266/362/228 247/370/232
f 223/371/233 224/363/230 286/364/230 259/372/233
f 110/367/231 109/373/234 273/374/234 251/368/231
f 49/375/235 50/369/232 247/370/232 265/376/235
f 222/377/236 223/371/233 259/372/233 285/378/236
f 52/360/229 173/379/237 282/380/237 248/361/229
f 109/373/234 108/381/238 272/382/238 273/374/234
f 48/383/239 49/375/235 265/376/235 246/384/239
f 221/385/240 222/377/236 285/378/236 258/386/240
f 173/379/237 172/289/193 257/292/193 282/380/237
f 108/381/238 107/293/195 271/296/195 272/382/238
f 47/298/198 48/383/239 246/384/239 245/299/198
f 220/302/200 221/385/240 258/386/240 284/303/200
f 293/387/241 308/388/242 307/389/243 354/390/241 356/391/241 355/392/241 309/393/241
f 299/394/244 304/395/245 296/396/246 291/397/244
f 331/398/247 319/399/248 295/400/249 290/401/249
f 324/402/250 335/403/251 297/404/252 313/405/252
f 310/406/253 351/407/253 353/408/253 352/409/253 306/410/253 294/411/253 314/412/253 292/413/253
f 315/414/254 336/415/254 296/396/246 304/395/245
f 314/412/255 294/411/255 320/416/256 332/417/257
f 304/395/245 299/394/244 298/418/244 305/419/245
f 312/420/258 301/421/258 300/422/258 311/423/258
f 343/424/259 340/425/259 347/426/259 350/427/259
f 290/428/244 295/429/246 305/419/245 298/418/244
f 346/430/260 345/431/261 307/432/262 297/433/260 303/434/260
f 309/435/263 355/436/264 357/437/265 311/438/263
f 358/439/266 354/440/267 307/432/262 345/431/261 344/441/268
f 302/442/260 341/443/260 340/425/260 343/424/260 346/430/260 303/434/260
f 301/444/258 312/445/258 310/446/258 292/447/258
f 293/448/258 309/435/258 311/438/258 300/449/258
f 319/450/254 328/451/254 305/419/245 295/429/246
f 303/434/254 316/452/254 327/453/254 302/442/254
f 291/454/269 296/455/269 336/456/270 323/457/271
f 303/434/254 297/433/254 335/458/254 316/452/254
f 313/405/272 297/404/272 307/389/243 308/388/242
f 294/459/254 302/442/254 327/453/254 320/460/254
f 328/451/254 319/450/254 321/461/254 330/462/254
f 330/462/254 321/461/254 322/463/254 329/464/254
f 329/464/254 322/463/254 320/460/254 327/453/254
f 319/399/248 331/398/247 333/465/273 321/466/274
f 321/466/274 333/465/273 334/467/275 322/468/276
f 322/468/276 334/467/275 332/417/257 320/416/256
f 336/415/254 315/414/254 317/469/254 338/470/254
f 338/470/254 317/469/254 318/471/254 337/472/254
f 337/472/254 318/471/254 316/452/254 335/458/254
f 323/457/271 336/456/270 338/473/277 325/474/278
f 325/474/278 338/473/277 337/475/279 326/476/280
f 326/476/280 337/475/279 335/403/251 324/402/250
f 315/414/254 328/451/254 330/462/254 317/469/254
f 317/469/254 330/462/254 329/464/254 318/471/254
f 318/471/254 329/464/254 327/453/254 316/452/254
f 328/451/254 315/414/254 304/395/245 305/419/245
f 312/445/281 361/477/282 351/478/283 310/446/281
f 311/438/284 357/437/284 359/479/284 358/439/284 344/441/284 349/480/284
f 312/445/285 348/481/285 339/482/285 360/483/285 362/484/285 361/477/285
f 339/482/286 340/425/260 341/443/260 342/485/287
f 343/424/260 344/441/268 345/431/261 346/430/260
f 343/424/288 350/427/288 349/480/288 344/441/288
f 339/482/289 348/481/289 347/426/289 340/425/289
f 306/486/290 342/485/287 341/443/260 302/442/260 294/459/260
f 312/420/260 311/423/260 349/487/260 350/488/260 347/489/260 348/490/260
f 354/440/267 358/439/266 359/479/291 356/491/292
f 356/491/292 359/479/291 357/437/265 355/436/264
f 360/483/293 352/492/294 353/493/295 362/484/296
f 362/484/296 353/493/295 351/478/283 361/477/282
f 352/492/294 360/483/293 339/482/286 342/485/287 306/486/290
f 534/494/297 550/495/297 596/496/297 597/497/297 595/498/297 548/499/298 549/500/299
f 540/501/300 532/502/300 537/503/301 545/504/302
f 572/505/303 531/506/304 536/507/304 560/508/305
f 565/509/306 554/510/307 538/511/307 576/512/308
f 551/513/309 533/514/309 555/515/309 535/516/309 547/517/309 593/518/309 594/519/309 592/520/309
f 556/521/310 545/504/302 537/503/301 577/522/310
f 555/515/311 573/523/312 561/524/313 535/516/311
f 545/504/302 546/525/302 539/526/300 540/501/300
f 553/527/314 552/528/314 541/529/314 542/530/314
f 584/531/315 591/532/315 588/533/315 581/534/315
f 531/535/316 539/526/300 546/525/302 536/536/301
f 587/537/260 544/538/260 538/539/260 548/540/317 586/541/318
f 550/542/319 552/543/319 598/544/320 596/545/321
f 599/546/322 585/547/323 586/541/318 548/540/317 595/548/324
f 543/549/260 544/538/260 587/537/260 584/531/260 581/534/260 582/550/260
f 542/551/314 533/552/314 551/553/314 553/554/314
f 534/555/314 541/556/314 552/543/314 550/542/314
f 560/557/310 536/536/301 546/525/302 569/558/310
f 544/538/310 543/549/310 568/559/310 557/560/310
f 532/561/325 564/562/326 577/563/327 537/564/325
f 544/538/310 557/560/310 576/565/310 538/539/310
f 554/510/272 549/500/299 548/499/298 538/511/272
f 535/566/310 561/567/310 568/559/310 543/549/310
f 569/558/310 571/568/310 562/569/310 560/557/310
f 571/568/310 570/570/310 563/571/310 562/569/310
f 570/570/310 568/559/310 561/567/310 563/571/310
f 560/508/305 562/572/328 574/573/329 572/505/303
f 562/572/328 563/574/330 575/575/331 574/573/329
f 563/574/330 561/524/313 573/523/312 575/575/331
f 577/522/310 579/576/310 558/577/310 556/521/310
f 579/576/310 578/578/310 559/579/310 558/577/310
f 578/578/310 576/565/310 557/560/310 559/579/310
f 564/562/326 566/580/332 579/581/333 577/563/327
f 566/580/332 567/582/334 578/583/335 579/581/333
f 567/582/334 565/509/306 576/512/308 578/583/335
f 556/521/310 558/577/310 571/568/310 569/558/310
f 558/577/310 559/579/310 570/570/310 571/568/310
f 559/579/310 557/560/310 568/559/310 570/570/310
f 569/558/310 546/525/302 545/504/302 556/521/310
f 553/554/336 551/553/336 592/584/337 602/585/338
f 552/543/339 590/586/339 585/547/339 599/546/339 600/587/339 598/544/339
f 553/554/340 602/585/340 603/588/340 601/589/340 580/590/340 589/591/340
f 580/590/341 583/592/342 582/550/260 581/534/260
f 584/531/260 587/537/260 586/541/318 585/547/323
f 584/531/343 585/547/343 590/586/343 591/532/343
f 580/590/344 581/534/344 588/533/344 589/591/344
f 547/593/345 535/566/260 543/549/260 582/550/260 583/592/342
f 553/527/260 589/594/260 588/595/260 591/596/260 590/597/260 552/528/260
f 595/548/324 597/598/346 600/587/347 599/546/322
f 597/598/346 596/545/321 598/544/320 600/587/347
f 601/589/348 603/588/349 594/599/350 593/600/351
f 603/588/349 602/585/338 592/584/337 594/599/350
f 593/600/351 547/593/345 583/592/342 580/590/341 601/589/348
usemtl MI_Trim_01
f 28/601/352 30/602/353 58/603/353 65/604/352
f 36/605/354 38/606/355 55/607/355 64/608/354
f 18/609/356 20/610/357 54/611/357 63/612/356
f 26/613/358 28/601/352 65/604/352 62/614/358
f 34/615/359 36/605/354 64/608/354 61/616/359
f 16/617/360 18/609/356 63/612/356 60/618/360
f 24/619/361 26/613/358 62/614/358 59/620/361
f 32/621/362 34/615/359 61/616/359 57/622/362
f 14/623/363 16/617/360 60/618/360 56/624/363
f 22/625/364 24/619/361 59/620/361 53/626/364
f 30/602/353 32/621/362 57/622/362 58/603/353
f 20/610/357 22/625/364 53/626/364 54/611/357
f 90/627/365 125/628/365 118/629/366 92/630/366
f 98/631/367 124/632/367 116/633/368 100/634/368
f 80/635/369 123/636/369 115/637/370 82/638/370
f 88/639/371 122/640/371 125/628/365 90/627/365
f 96/641/372 121/642/372 124/632/367 98/631/367
f 78/643/373 120/644/373 123/636/369 80/635/369
f 86/645/374 119/646/374 122/640/371 88/639/371
f 94/647/375 117/648/375 121/642/372 96/641/372
f 14/623/363 56/624/363 120/644/373 78/643/373
f 84/649/376 114/650/376 119/646/374 86/645/374
f 92/630/366 118/629/366 117/648/375 94/647/375
f 82/638/370 115/637/370 114/650/376 84/649/376
f 152/651/377 185/652/377 178/653/378 154/654/378
f 160/655/379 184/656/379 55/607/355 38/606/355
f 142/657/380 183/658/380 175/659/381 144/660/381
f 150/661/382 182/662/382 185/652/377 152/651/377
f 158/663/383 181/664/383 184/656/379 160/655/379
f 140/665/384 180/666/384 183/658/380 142/657/380
f 148/667/385 179/668/385 182/662/382 150/661/382
f 156/669/386 177/670/386 181/664/383 158/663/383
f 138/671/387 176/672/387 180/666/384 140/665/384
f 146/673/388 174/674/388 179/668/385 148/667/385
f 154/654/378 178/653/378 177/670/386 156/669/386
f 144/660/381 175/659/381 174/674/388 146/673/388
f 209/675/389 211/676/390 233/677/390 240/678/389
f 217/679/391 100/634/368 116/633/368 239/680/391
f 199/681/392 201/682/393 231/683/393 238/684/392
f 207/685/394 209/675/389 240/678/389 237/686/394
f 215/687/395 217/679/391 239/680/391 236/688/395
f 197/689/396 199/681/392 238/684/392 235/690/396
f 205/691/397 207/685/394 237/686/394 234/692/397
f 213/693/398 215/687/395 236/688/395 232/694/398
f 138/671/387 197/689/396 235/690/396 176/672/387
f 203/695/399 205/691/397 234/692/397 230/696/399
f 211/676/390 213/693/398 232/694/398 233/677/390
f 201/682/393 203/695/399 230/696/399 231/683/393
usemtl M_Black
f 247/697/400 266/698/401 267/699/260
f 242/700/402 243/701/403 267/699/260
f 265/702/404 247/697/400 267/699/260
f 241/703/405 242/700/402 267/699/260
f 246/704/406 265/702/404 267/699/260
f 262/705/407 241/703/405 267/699/260
f 245/706/408 246/704/406 267/699/260
f 244/707/409 245/706/408 267/699/260
f 264/708/410 244/707/409 267/699/260
f 263/709/411 264/708/410 267/699/260
f 266/698/401 248/710/412 267/699/260
f 243/701/403 263/709/411 267/699/260
f 274/711/413 267/699/260 275/712/414
f 249/713/415 267/699/260 269/714/416
f 251/715/417 267/699/260 274/711/413
f 268/716/418 267/699/260 249/713/415
f 273/717/419 267/699/260 251/715/417
f 262/705/407 267/699/260 268/716/418
f 272/718/420 267/699/260 273/717/419
f 271/719/421 267/699/260 272/718/420
f 270/720/422 267/699/260 271/719/421
f 250/721/423 267/699/260 270/720/422
f 275/712/414 267/699/260 252/722/424
f 269/714/416 267/699/260 250/721/423
f 257/723/425 267/699/260 282/724/426
f 276/725/427 267/699/260 277/726/428
f 256/727/429 267/699/260 257/723/425
f 253/728/430 267/699/260 276/725/427
f 281/729/431 267/699/260 256/727/429
f 254/730/432 267/699/260 253/728/430
f 255/731/433 267/699/260 281/729/431
f 280/732/434 267/699/260 255/731/433
f 279/733/435 267/699/260 280/732/434
f 278/734/436 267/699/260 279/733/435
f 282/724/426 267/699/260 248/710/412
f 277/726/428 267/699/260 278/734/436
f 261/735/437 289/736/438 267/699/260
f 284/737/439 258/738/440 267/699/260
f 288/739/441 261/735/437 267/699/260
f 283/740/442 284/737/439 267/699/260
f 260/741/443 288/739/441 267/699/260
f 254/730/432 283/740/442 267/699/260
f 287/742/444 260/741/443 267/699/260
f 286/743/445 287/742/444 267/699/260
f 259/744/446 286/743/445 267/699/260
f 285/745/447 259/744/446 267/699/260
f 289/736/438 252/722/424 267/699/260
f 258/738/440 285/745/447 267/699/260
usemtl MI_Trim_02_Rails
f 363/746/448 364/747/449 378/748/450 377/749/451
f 387/750/452 388/751/453 402/752/454 401/753/455
f 375/754/456 376/755/457 390/756/458 389/757/459
f 368/758/460 369/759/461 383/760/462 382/761/463
f 373/762/464 374/763/465 388/751/453 387/750/452
f 366/764/466 367/765/467 381/766/468 380/767/469
f 371/768/470 372/769/471 386/770/472 385/771/473
f 376/755/457 363/772/448 377/773/451 390/756/458
f 364/747/449 365/774/474 379/775/475 378/748/450
f 369/759/461 370/776/476 384/777/477 383/760/462
f 374/763/465 375/754/456 389/757/459 388/751/453
f 367/765/467 368/758/460 382/761/463 381/766/468
f 372/769/471 373/762/464 387/750/452 386/770/472
f 365/774/474 366/764/466 380/767/469 379/775/475
f 370/776/476 371/768/470 385/771/473 384/777/477
f 395/778/478 396/779/479 410/780/480 409/781/481
f 380/767/469 381/766/468 395/778/478 394/782/482
f 388/751/453 389/757/459 403/783/483 402/752/454
f 381/766/468 382/761/463 396/779/479 395/778/478
f 389/757/459 390/756/458 404/784/484 403/783/483
f 382/761/463 383/760/462 397/785/485 396/779/479
f 390/756/458 377/773/451 391/786/486 404/784/484
f 383/760/462 384/777/477 398/787/487 397/785/485
f 384/777/477 385/771/473 399/788/488 398/787/487
f 377/749/451 378/748/450 392/789/489 391/790/486
f 385/771/473 386/770/472 400/791/490 399/788/488
f 378/748/450 379/775/475 393/792/491 392/789/489
f 386/770/472 387/750/452 401/753/455 400/791/490
f 379/775/475 380/767/469 394/782/482 393/792/491
f 403/783/483 404/784/484 418/793/492 417/794/493
f 396/779/479 397/785/485 411/795/494 410/780/480
f 404/784/484 391/786/486 405/796/495 418/793/492
f 397/785/485 398/787/487 412/797/496 411/795/494
f 398/787/487 399/788/488 413/798/497 412/797/496
f 391/790/486 392/789/489 406/799/498 405/800/495
f 399/788/488 400/791/490 414/801/499 413/798/497
f 392/789/489 393/792/491 407/802/500 406/799/498
f 400/791/490 401/753/455 415/803/501 414/801/499
f 393/792/491 394/782/482 408/804/502 407/802/500
f 401/753/455 402/752/454 416/805/503 415/803/501
f 394/782/482 395/778/478 409/781/481 408/804/502
f 402/752/454 403/783/483 417/794/493 416/805/503
f 373/762/464 372/769/471 428/806/504 429/807/505
f 366/764/466 365/774/474 421/808/506 422/809/507
f 374/763/465 373/762/464 429/807/505 430/810/508
f 367/765/467 366/764/466 422/809/507 423/811/509
f 375/754/456 374/763/465 430/810/508 431/812/510
f 368/758/460 367/765/467 423/811/509 424/813/511
f 376/755/457 375/754/456 431/812/510 432/814/512
f 369/759/461 368/758/460 424/813/511 425/815/513
f 363/772/448 376/755/457 432/814/512 419/816/514
f 370/776/476 369/759/461 425/815/513 426/817/515
f 371/768/470 370/776/476 426/817/515 427/818/516
f 364/747/449 363/746/448 419/819/514 420/820/517
f 372/769/471 371/768/470 427/818/516 428/806/504
f 365/774/474 364/747/449 420/820/517 421/808/506
f 427/818/516 497/821/518 498/822/519 428/806/504
f 419/819/514 489/823/520 490/824/521 420/820/517
f 426/817/515 496/825/522 497/821/518 427/818/516
f 425/815/513 495/826/523 496/825/522 426/817/515
f 432/814/512 502/827/524 489/828/520 419/816/514
f 424/813/511 494/829/525 495/826/523 425/815/513
f 431/812/510 501/830/526 502/827/524 432/814/512
f 423/811/509 493/831/527 494/829/525 424/813/511
f 430/810/508 500/832/528 501/830/526 431/812/510
f 422/809/507 492/833/529 493/831/527 423/811/509
f 429/807/505 499/834/530 500/832/528 430/810/508
f 421/808/506 491/835/531 492/833/529 422/809/507
f 428/806/504 498/822/519 499/834/530 429/807/505
f 433/836/532 447/837/533 448/838/534 434/839/535
f 457/840/536 471/841/537 472/842/538 458/843/539
f 445/844/540 459/845/541 460/846/542 446/847/543
f 438/848/544 452/849/545 453/850/546 439/851/547
f 443/852/548 457/840/536 458/843/539 444/853/549
f 436/854/550 450/855/551 451/856/552 437/857/553
f 441/858/554 455/859/555 456/860/556 442/861/557
f 446/847/543 460/846/542 447/862/533 433/863/532
f 434/839/535 448/838/534 449/864/558 435/865/559
f 439/851/547 453/850/546 454/866/560 440/867/561
f 444/853/549 458/843/539 459/845/541 445/844/540
f 437/857/553 451/856/552 452/849/545 438/848/544
f 442/861/557 456/860/556 457/840/536 443/852/548
f 435/865/559 449/864/558 450/855/551 436/854/550
f 440/867/561 454/866/560 455/859/555 441/858/554
f 465/868/562 479/869/563 480/870/564 466/871/565
f 450/855/551 464/872/566 465/868/562 451/856/552
f 458/843/539 472/842/538 473/873/567 459/845/541
f 451/856/552 465/868/562 466/871/565 452/849/545
f 459/845/541 473/873/567 474/874/568 460/846/542
f 452/849/545 466/871/565 467/875/569 453/850/546
f 460/846/542 474/874/568 461/876/570 447/862/533
f 453/850/546 467/875/569 468/877/571 454/866/560
f 454/866/560 468/877/571 469/878/572 455/859/555
f 447/837/533 461/879/570 462/880/573 448/838/534
f 455/859/555 469/878/572 470/881/574 456/860/556
f 448/838/534 462/880/573 463/882/575 449/864/558
f 456/860/556 470/881/574 471/841/537 457/840/536
f 449/864/558 463/882/575 464/872/566 450/855/551
f 473/873/567 487/883/576 488/884/577 474/874/568
f 466/871/565 480/870/564 481/885/578 467/875/569
f 474/874/568 488/884/577 475/886/579 461/876/570
f 467/875/569 481/885/578 482/887/580 468/877/571
f 468/877/571 482/887/580 483/888/581 469/878/572
f 461/879/570 475/889/579 476/890/582 462/880/573
f 469/878/572 483/888/581 484/891/583 470/881/574
f 462/880/573 476/890/582 477/892/584 463/882/575
f 470/881/574 484/891/583 485/893/585 471/841/537
f 463/882/575 477/892/584 478/894/586 464/872/566
f 471/841/537 485/893/585 486/895/587 472/842/538
f 464/872/566 478/894/586 479/869/563 465/868/562
f 472/842/538 486/895/587 487/883/576 473/873/567
f 443/852/548 499/834/530 498/822/519 442/861/557
f 436/854/550 492/833/529 491/835/531 435/865/559
f 444/853/549 500/832/528 499/834/530 443/852/548
f 437/857/553 493/831/527 492/833/529 436/854/550
f 445/844/540 501/830/526 500/832/528 444/853/549
f 438/848/544 494/829/525 493/831/527 437/857/553
f 446/847/543 502/827/524 501/830/526 445/844/540
f 439/851/547 495/826/523 494/829/525 438/848/544
f 433/863/532 489/828/520 502/827/524 446/847/543
f 440/867/561 496/825/522 495/826/523 439/851/547
f 441/858/554 497/821/518 496/825/522 440/867/561
f 434/839/535 490/824/521 489/823/520 433/836/532
f 442/861/557 498/822/519 497/821/518 441/858/554
f 435/865/559 491/835/531 490/824/521 434/839/535
f 420/820/517 490/824/521 491/835/531 421/808/506
f 406/799/498 511/896/588 508/897/589 405/800/495
f 412/797/496 509/898/590 507/899/591 411/795/494
f 405/796/495 508/900/589 505/901/592 418/793/492
f 411/795/494 507/899/591 503/902/593 410/780/480
f 418/793/492 505/901/592 506/903/594 417/794/493
f 410/780/480 503/902/593 504/904/595 409/781/481
f 417/794/493 506/903/594 516/905/596 416/805/503
f 409/781/481 504/904/595 515/906/597 408/804/502
f 416/805/503 516/905/596 514/907/598 415/803/501
f 408/804/502 515/906/597 513/908/599 407/802/500
f 415/803/501 514/907/598 512/909/600 414/801/499
f 407/802/500 513/908/599 511/896/588 406/799/498
f 414/801/499 512/909/600 510/910/601 413/798/497
f 413/798/497 510/910/601 509/898/590 412/797/496
f 481/885/578 521/911/602 523/912/603 482/887/580
f 488/884/577 519/913/604 522/914/605 475/886/579
f 480/870/564 517/915/606 521/911/602 481/885/578
f 487/883/576 520/916/607 519/913/604 488/884/577
f 479/869/563 518/917/608 517/915/606 480/870/564
f 486/895/587 530/918/609 520/916/607 487/883/576
f 478/894/586 529/919/610 518/917/608 479/869/563
f 485/893/585 528/920/611 530/918/609 486/895/587
f 477/892/584 527/921/612 529/919/610 478/894/586
f 484/891/583 526/922/613 528/920/611 485/893/585
f 476/890/582 525/923/614 527/921/612 477/892/584
f 483/888/581 524/924/615 526/922/613 484/891/583
f 482/887/580 523/912/603 524/924/615 483/888/581
f 475/889/579 522/925/605 525/923/614 476/890/582
f 604/926/616 618/927/617 619/928/618 605/929/619
f 628/930/620 642/931/621 643/932/622 629/933/623
f 616/934/624 630/935/625 631/936/626 617/937/627
f 609/938/628 623/939/629 624/940/630 610/941/631
f 614/942/632 628/930/620 629/933/623 615/943/633
f 607/944/634 621/945/635 622/946/636 608/947/637
f 612/948/638 626/949/639 627/950/640 613/951/641
f 617/937/627 631/936/626 618/952/617 604/953/616
f 605/929/619 619/928/618 620/954/642 606/955/643
f 610/941/631 624/940/630 625/956/644 611/957/645
f 615/943/633 629/933/623 630/935/625 616/934/624
f 608/947/637 622/946/636 623/939/629 609/938/628
f 613/951/641 627/950/640 628/930/620 614/942/632
f 606/955/643 620/954/642 621/945/635 607/944/634
f 611/957/645 625/956/644 626/949/639 612/948/638
f 636/958/646 650/959/647 651/960/648 637/961/649
f 621/945/635 635/962/650 636/958/646 622/946/636
f 629/933/623 643/932/622 644/963/651 630/935/625
f 622/946/636 636/958/646 637/961/649 623/939/629
f 630/935/625 644/963/651 645/964/652 631/936/626
f 623/939/629 637/961/649 638/965/653 624/940/630
f 631/936/626 645/964/652 632/966/654 618/952/617
f 624/940/630 638/965/653 639/967/655 625/956/644
f 625/956/644 639/967/655 640/968/656 626/949/639
f 618/927/617 632/969/654 633/970/657 619/928/618
f 626/949/639 640/968/656 641/971/658 627/950/640
f 619/928/618 633/970/657 634/972/659 620/954/642
f 627/950/640 641/971/658 642/931/621 628/930/620
f 620/954/642 634/972/659 635/962/650 621/945/635
f 644/963/651 658/973/660 659/974/661 645/964/652
f 637/961/649 651/960/648 652/975/662 638/965/653
f 645/964/652 659/974/661 646/976/663 632/966/654
f 638/965/653 652/975/662 653/977/664 639/967/655
f 639/967/655 653/977/664 654/978/665 640/968/656
f 632/969/654 646/979/663 647/980/666 633/970/657
f 640/968/656 654/978/665 655/981/667 641/971/658
f 633/970/657 647/980/666 648/982/668 634/972/659
f 641/971/658 655/981/667 656/983/669 642/931/621
f 634/972/659 648/982/668 649/984/670 635/962/650
f 642/931/621 656/983/669 657/985/671 643/932/622
f 635/962/650 649/984/670 650/959/647 636/958/646
f 643/932/622 657/985/671 658/973/660 644/963/651
f 614/942/632 670/986/672 669/987/673 613/951/641
f 607/944/634 663/988/674 662/989/675 606/955/643
f 615/943/633 671/990/676 670/986/672 614/942/632
f 608/947/637 664/991/677 663/988/674 607/944/634
f 616/934/624 672/992/678 671/990/676 615/943/633
f 609/938/628 665/993/679 664/991/677 608/947/637
f 617/937/627 673/994/680 672/992/678 616/934/624
f 610/941/631 666/995/681 665/993/679 609/938/628
f 604/953/616 660/996/682 673/994/680 617/937/627
f 611/957/645 667/997/683 666/995/681 610/941/631
f 612/948/638 668/998/684 667/997/683 611/957/645
f 605/929/619 661/999/685 660/1000/682 604/926/616
f 613/951/641 669/987/673 668/998/684 612/948/638
f 606/955/643 662/989/675 661/999/685 605/929/619
f 668/998/684 669/987/673 739/1001/686 738/1002/687
f 660/1000/682 661/999/685 731/1003/688 730/1004/689
f 667/997/683 668/998/684 738/1002/687 737/1005/690
f 666/995/681 667/997/683 737/1005/690 736/1006/691
f 673/994/680 660/996/682 730/1007/689 743/1008/692
f 665/993/679 666/995/681 736/1006/691 735/1009/693
f 672/992/678 673/994/680 743/1008/692 742/1010/694
f 664/991/677 665/993/679 735/1009/693 734/1011/695
f 671/990/676 672/992/678 742/1010/694 741/1012/696
f 663/988/674 664/991/677 734/1011/695 733/1013/697
f 670/986/672 671/990/676 741/1012/696 740/1014/698
f 662/989/675 663/988/674 733/1013/697 732/1015/699
f 669/987/673 670/986/672 740/1014/698 739/1001/686
f 674/1016/700 675/1017/701 689/1018/702 688/1019/703
f 698/1020/704 699/1021/705 713/1022/706 712/1023/707
f 686/1024/708 687/1025/709 701/1026/710 700/1027/711
f 679/1028/712 680/1029/713 694/1030/714 693/1031/715
f 684/1032/716 685/1033/717 699/1021/705 698/1020/704
f 677/1034/718 678/1035/719 692/1036/720 691/1037/721
f 682/1038/722 683/1039/723 697/1040/724 696/1041/725
f 687/1025/709 674/1042/700 688/1043/703 701/1026/710
f 675/1017/701 676/1044/726 690/1045/727 689/1018/702
f 680/1029/713 681/1046/728 695/1047/729 694/1030/714
f 685/1033/717 686/1024/708 700/1027/711 699/1021/705
f 678/1035/719 679/1028/712 693/1031/715 692/1036/720
f 683/1039/723 684/1032/716 698/1020/704 697/1040/724
f 676/1044/726 677/1034/718 691/1037/721 690/1045/727
f 681/1046/728 682/1038/722 696/1041/725 695/1047/729
f 706/1048/730 707/1049/731 721/1050/732 720/1051/733
f 691/1037/721 692/1036/720 706/1048/730 705/1052/734
f 699/1021/705 700/1027/711 714/1053/735 713/1022/706
f 692/1036/720 693/1031/715 707/1049/731 706/1048/730
f 700/1027/711 701/1026/710 715/1054/736 714/1053/735
f 693/1031/715 694/1030/714 708/1055/737 707/1049/731
f 701/1026/710 688/1043/703 702/1056/738 715/1054/736
f 694/1030/714 695/1047/729 709/1057/739 708/1055/737
f 695/1047/729 696/1041/725 710/1058/740 709/1057/739
f 688/1019/703 689/1018/702 703/1059/741 702/1060/738
f 696/1041/725 697/1040/724 711/1061/742 710/1058/740
f 689/1018/702 690/1045/727 704/1062/743 703/1059/741
f 697/1040/724 698/1020/704 712/1023/707 711/1061/742
f 690/1045/727 691/1037/721 705/1052/734 704/1062/743
f 714/1053/735 715/1054/736 729/1063/744 728/1064/745
f 707/1049/731 708/1055/737 722/1065/746 721/1050/732
f 715/1054/736 702/1056/738 716/1066/747 729/1063/744
f 708/1055/737 709/1057/739 723/1067/748 722/1065/746
f 709/1057/739 710/1058/740 724/1068/749 723/1067/748
f 702/1060/738 703/1059/741 717/1069/750 716/1070/747
f 710/1058/740 711/1061/742 725/1071/751 724/1068/749
f 703/1059/741 704/1062/743 718/1072/752 717/1069/750
f 711/1061/742 712/1023/707 726/1073/753 725/1071/751
f 704/1062/743 705/1052/734 719/1074/754 718/1072/752
f 712/1023/707 713/1022/706 727/1075/755 726/1073/753
f 705/1052/734 706/1048/730 720/1051/733 719/1074/754
f 713/1022/706 714/1053/735 728/1064/745 727/1075/755
f 684/1032/716 683/1039/723 739/1001/686 740/1014/698
f 677/1034/718 676/1044/726 732/1015/699 733/1013/697
f 685/1033/717 684/1032/716 740/1014/698 741/1012/696
f 678/1035/719 677/1034/718 733/1013/697 734/1011/695
f 686/1024/708 685/1033/717 741/1012/696 742/1010/694
f 679/1028/712 678/1035/719 734/1011/695 735/1009/693
f 687/1025/709 686/1024/708 742/1010/694 743/1008/692
f 680/1029/713 679/1028/712 735/1009/693 736/1006/691
f 674/1042/700 687/1025/709 743/1008/692 730/1007/689
f 681/1046/728 680/1029/713 736/1006/691 737/1005/690
f 682/1038/722 681/1046/728 737/1005/690 738/1002/687
f 675/1017/701 674/1016/700 730/1004/689 731/1003/688
f 683/1039/723 682/1038/722 738/1002/687 739/1001/686
f 676/1044/726 675/1017/701 731/1003/688 732/1015/699
f 661/999/685 662/989/675 732/1015/699 731/1003/688
f 647/980/666 646/979/663 749/1076/756 752/1077/757
f 653/977/664 652/975/662 748/1078/758 750/1079/759
f 646/976/663 659/974/661 746/1080/760 749/1081/756
f 652/975/662 651/960/648 744/1082/761 748/1078/758
f 659/974/661 658/973/660 747/1083/762 746/1080/760
f 651/960/648 650/959/647 745/1084/763 744/1082/761
f 658/973/660 657/985/671 757/1085/764 747/1083/762
f 650/959/647 649/984/670 756/1086/765 745/1084/763
f 657/985/671 656/983/669 755/1087/766 757/1085/764
f 649/984/670 648/982/668 754/1088/767 756/1086/765
f 656/983/669 655/981/667 753/1089/768 755/1087/766
f 648/982/668 647/980/666 752/1077/757 754/1088/767
f 655/981/667 654/978/665 751/1090/769 753/1089/768
f 654/978/665 653/977/664 750/1079/759 751/1090/769
f 722/1065/746 723/1067/748 764/1091/770 762/1092/771
f 729/1063/744 716/1066/747 763/1093/772 760/1094/773
f 721/1050/732 722/1065/746 762/1092/771 758/1095/774
f 728/1064/745 729/1063/744 760/1094/773 761/1096/775
f 720/1051/733 721/1050/732 758/1095/774 759/1097/776
f 727/1075/755 728/1064/745 761/1096/775 771/1098/777
f 719/1074/754 720/1051/733 759/1097/776 770/1099/778
f 726/1073/753 727/1075/755 771/1098/777 769/1100/779
f 718/1072/752 719/1074/754 770/1099/778 768/1101/780
f 725/1071/751 726/1073/753 769/1100/779 767/1102/781
f 717/1069/750 718/1072/752 768/1101/780 766/1103/782
f 724/1068/749 725/1071/751 767/1102/781 765/1104/783
f 723/1067/748 724/1068/749 765/1104/783 764/1091/770
f 716/1070/747 717/1069/750 766/1103/782 763/1105/772
