# Blender v3.6.0 OBJ File: 'AllModules_Unreal.blend'
# www.blender.org
mtllib Prop_Pod_Short.mtl
o Prop_Pod_Short_Cylinder.082
v 0.000000 0.356238 -0.638664
v -0.000000 0.515641 -0.666942
v 0.124597 0.356238 -0.626392
v 0.130114 0.515641 -0.654126
v 0.244406 0.356238 -0.590049
v 0.255228 0.515641 -0.616174
v 0.354823 0.356238 -0.531030
v 0.370533 0.515641 -0.554542
v 0.451604 0.356238 -0.451604
v 0.471599 0.515641 -0.471599
v 0.531030 0.356238 -0.354823
v 0.554542 0.515641 -0.370533
v 0.590049 0.356238 -0.244406
v 0.616174 0.515641 -0.255228
v 0.626392 0.356238 -0.124597
v 0.654126 0.515641 -0.130114
v 0.638664 0.356238 0.000000
v 0.666942 0.515641 0.000000
v 0.626392 0.356238 0.124597
v 0.654126 0.515641 0.130114
v 0.590049 0.356238 0.244406
v 0.616174 0.515641 0.255228
v 0.531030 0.356238 0.354823
v 0.554542 0.515641 0.370533
v 0.451604 0.356238 0.451604
v 0.471599 0.515641 0.471599
v 0.354823 0.356238 0.531030
v 0.370533 0.515641 0.554542
v 0.244406 0.356238 0.590049
v 0.255228 0.515641 0.616174
v 0.124597 0.356238 0.626392
v 0.130114 0.515641 0.654126
v 0.000000 0.356238 0.638664
v -0.000000 0.515641 0.666942
v -0.124597 0.356238 0.626392
v -0.130114 0.515641 0.654126
v -0.244406 0.356238 0.590049
v -0.255228 0.515641 0.616174
v -0.354823 0.356238 0.531030
v -0.370533 0.515641 0.554542
v -0.451604 0.356238 0.451604
v -0.471599 0.515641 0.471599
v -0.531030 0.356238 0.354823
v -0.554542 0.515641 0.370533
v -0.590049 0.356238 0.244406
v -0.616174 0.515641 0.255228
v -0.626392 0.356238 0.124597
v -0.654126 0.515641 0.130114
v -0.638664 0.356238 0.000000
v -0.666942 0.515641 0.000000
v -0.626392 0.356238 -0.124597
v -0.654126 0.515641 -0.130114
v -0.590049 0.356238 -0.244406
v -0.616174 0.515641 -0.255228
v -0.531030 0.356238 -0.354823
v -0.554542 0.515641 -0.370533
v -0.451604 0.356238 -0.451604
v -0.471599 0.515641 -0.471599
v -0.354823 0.356238 -0.531030
v -0.370533 0.515641 -0.554542
v -0.244406 0.356238 -0.590049
v -0.255228 0.515641 -0.616174
v -0.124597 0.356238 -0.626392
v -0.130114 0.515641 -0.654126
v 0.148592 0.515641 -0.747025
v -0.000000 0.515641 -0.761660
v 0.291475 0.515641 -0.703682
v 0.423156 0.515641 -0.633297
v 0.538575 0.515641 -0.538575
v 0.633297 0.515641 -0.423156
v 0.703682 0.515641 -0.291475
v 0.747025 0.515641 -0.148592
v 0.761660 0.515641 -0.000000
v 0.747025 0.515641 0.148592
v 0.703682 0.515641 0.291475
v 0.633297 0.515641 0.423156
v 0.538575 0.515641 0.538575
v 0.423156 0.515641 0.633297
v 0.291475 0.515641 0.703682
v 0.148592 0.515641 0.747025
v -0.000000 0.515641 0.761660
v -0.148592 0.515641 0.747025
v -0.291475 0.515641 0.703682
v -0.423156 0.515641 0.633297
v -0.538575 0.515641 0.538575
v -0.633297 0.515641 0.423156
v -0.703682 0.515641 0.291475
v -0.747025 0.515641 0.148592
v -0.761660 0.515641 -0.000000
v -0.747025 0.515641 -0.148592
v -0.703682 0.515641 -0.291475
v -0.633297 0.515641 -0.423156
v -0.538575 0.515641 -0.538575
v -0.423156 0.515641 -0.633297
v -0.291475 0.515641 -0.703682
v -0.148592 0.515641 -0.747025
v 0.148592 0.704794 -0.747025
v -0.000000 0.704794 -0.761660
v 0.291475 0.704794 -0.703682
v 0.423156 0.704794 -0.633297
v 0.538575 0.704794 -0.538575
v 0.633297 0.704794 -0.423156
v 0.703682 0.704794 -0.291475
v 0.747025 0.704794 -0.148592
v 0.761660 0.704794 -0.000000
v 0.747025 0.704794 0.148592
v 0.703682 0.704794 0.291475
v 0.633297 0.704794 0.423156
v 0.538575 0.704794 0.538575
v 0.423156 0.704794 0.633297
v 0.291475 0.704794 0.703682
v 0.148592 0.704794 0.747025
v -0.000000 0.704794 0.761660
v -0.148592 0.704794 0.747025
v -0.291475 0.704794 0.703682
v -0.423156 0.704794 0.633297
v -0.538575 0.704794 0.538575
v -0.633297 0.704794 0.423156
v -0.703682 0.704794 0.291475
v -0.747025 0.704794 0.148592
v -0.761660 0.704794 -0.000000
v -0.747025 0.704794 -0.148592
v -0.703682 0.704794 -0.291475
v -0.633297 0.704794 -0.423156
v -0.538575 0.704794 -0.538575
v -0.423156 0.704794 -0.633297
v -0.291475 0.704794 -0.703682
v -0.148592 0.704794 -0.747025
v -0.000000 0.050373 -0.932550
v 0.181931 0.050373 -0.914631
v 0.356871 0.050373 -0.861564
v 0.518097 0.050373 -0.775387
v 0.659412 0.050373 -0.659412
v 0.775387 0.050373 -0.518097
v 0.861564 0.050373 -0.356871
v 0.914631 0.050373 -0.181931
v 0.932550 0.050373 0.000000
v 0.914631 0.050373 0.181931
v 0.861564 0.050373 0.356871
v 0.775387 0.050373 0.518097
v 0.659412 0.050373 0.659412
v 0.518097 0.050373 0.775387
v 0.356871 0.050373 0.861564
v 0.181931 0.050373 0.914631
v -0.000000 0.050373 0.932550
v -0.181931 0.050373 0.914631
v -0.356871 0.050373 0.861564
v -0.518097 0.050373 0.775387
v -0.659412 0.050373 0.659412
v -0.775387 0.050373 0.518097
v -0.861564 0.050373 0.356871
v -0.914631 0.050373 0.181931
v -0.932550 0.050373 0.000000
v -0.914631 0.050373 -0.181931
v -0.861564 0.050373 -0.356871
v -0.775387 0.050373 -0.518097
v -0.659412 0.050373 -0.659412
v -0.518097 0.050373 -0.775387
v -0.356871 0.050373 -0.861564
v -0.181931 0.050373 -0.914631
v -0.000000 0.050373 -1.012662
v 0.197561 0.050373 -0.993204
v 0.387529 0.050373 -0.935578
v 0.562605 0.050373 -0.841998
v 0.716061 0.050373 -0.716061
v 0.841998 0.050373 -0.562605
v 0.935578 0.050373 -0.387529
v 0.993204 0.050373 -0.197561
v 1.012662 0.050373 0.000000
v 0.993204 0.050373 0.197561
v 0.935578 0.050373 0.387529
v 0.841998 0.050373 0.562605
v 0.716061 0.050373 0.716061
v 0.562605 0.050373 0.841998
v 0.387529 0.050373 0.935578
v 0.197561 0.050373 0.993204
v -0.000000 0.050373 1.012662
v -0.197561 0.050373 0.993204
v -0.387529 0.050373 0.935578
v -0.562605 0.050373 0.841998
v -0.716061 0.050373 0.716061
v -0.841998 0.050373 0.562605
v -0.935578 0.050373 0.387529
v -0.993204 0.050373 0.197561
v -1.012662 0.050373 0.000000
v -0.993204 0.050373 -0.197561
v -0.935578 0.050373 -0.387529
v -0.841998 0.050373 -0.562605
v -0.716061 0.050373 -0.716061
v -0.562605 0.050373 -0.841998
v -0.387529 0.050373 -0.935578
v -0.197561 0.050373 -0.993204
v -0.000000 -0.001232 -1.063836
v 0.207544 -0.001232 -1.043395
v 0.407113 -0.001232 -0.982857
v 0.591036 -0.001232 -0.884547
v 0.752246 -0.001232 -0.752246
v 0.884547 -0.001232 -0.591036
v 0.982857 -0.001232 -0.407113
v 1.043395 -0.001232 -0.207544
v 1.063836 -0.001232 0.000000
v 1.043395 -0.001232 0.207544
v 0.982857 -0.001232 0.407113
v 0.884547 -0.001232 0.591036
v 0.752246 -0.001232 0.752246
v 0.591036 -0.001232 0.884547
v 0.407113 -0.001232 0.982857
v 0.207544 -0.001232 1.043395
v -0.000000 -0.001232 1.063836
v -0.207544 -0.001232 1.043395
v -0.407113 -0.001232 0.982857
v -0.591036 -0.001232 0.884547
v -0.752246 -0.001232 0.752246
v -0.884547 -0.001232 0.591036
v -0.982857 -0.001232 0.407113
v -1.043395 -0.001232 0.207544
v -1.063836 -0.001232 0.000000
v -1.043395 -0.001232 -0.207544
v -0.982857 -0.001232 -0.407113
v -0.884547 -0.001232 -0.591036
v -0.752246 -0.001232 -0.752246
v -0.591036 -0.001232 -0.884547
v -0.407113 -0.001232 -0.982857
v -0.207544 -0.001232 -1.043395
v 0.137288 0.704794 -0.690192
v -0.000000 0.704794 -0.703714
v 0.269300 0.704794 -0.650147
v 0.390963 0.704794 -0.585117
v 0.497601 0.704794 -0.497601
v 0.585117 0.704794 -0.390963
v 0.650147 0.704794 -0.269300
v 0.690192 0.704794 -0.137288
v 0.703714 0.704794 -0.000000
v 0.690192 0.704794 0.137288
v 0.650147 0.704794 0.269300
v 0.585117 0.704794 0.390963
v 0.497601 0.704794 0.497601
v 0.390963 0.704794 0.585117
v 0.269300 0.704794 0.650147
v 0.137288 0.704794 0.690192
v -0.000000 0.704794 0.703714
v -0.137288 0.704794 0.690192
v -0.269300 0.704794 0.650147
v -0.390963 0.704794 0.585117
v -0.497601 0.704794 0.497601
v -0.585117 0.704794 0.390963
v -0.650147 0.704794 0.269300
v -0.690192 0.704794 0.137288
v -0.703714 0.704794 -0.000000
v -0.690192 0.704794 -0.137288
v -0.650147 0.704794 -0.269300
v -0.585117 0.704794 -0.390963
v -0.497601 0.704794 -0.497601
v -0.390963 0.704794 -0.585117
v -0.269300 0.704794 -0.650147
v -0.137288 0.704794 -0.690192
v 0.129352 0.594056 -0.650297
v -0.000000 0.594056 -0.663037
v 0.253733 0.594056 -0.612566
v 0.368364 0.594056 -0.551295
v 0.468838 0.594056 -0.468838
v 0.551295 0.594056 -0.368364
v 0.612566 0.594056 -0.253733
v 0.650297 0.594056 -0.129352
v 0.663037 0.594056 -0.000000
v 0.650297 0.594056 0.129352
v 0.612566 0.594056 0.253733
v 0.551295 0.594056 0.368364
v 0.468838 0.594056 0.468838
v 0.368364 0.594056 0.551295
v 0.253733 0.594056 0.612566
v 0.129352 0.594056 0.650297
v -0.000000 0.594056 0.663037
v -0.129352 0.594056 0.650297
v -0.253733 0.594056 0.612566
v -0.368364 0.594056 0.551295
v -0.468838 0.594056 0.468838
v -0.551295 0.594056 0.368364
v -0.612566 0.594056 0.253733
v -0.650297 0.594056 0.129352
v -0.663037 0.594056 -0.000000
v -0.650297 0.594056 -0.129352
v -0.612566 0.594056 -0.253733
v -0.551295 0.594056 -0.368364
v -0.468838 0.594056 -0.468838
v -0.368364 0.594056 -0.551295
v -0.253733 0.594056 -0.612566
v -0.129352 0.594056 -0.650297
v 0.121032 0.594056 -0.608468
v -0.000000 0.594056 -0.620388
v 0.237412 0.594056 -0.573164
v 0.344669 0.594056 -0.515834
v 0.438681 0.594056 -0.438681
v 0.515834 0.594056 -0.344669
v 0.573164 0.594056 -0.237412
v 0.608468 0.594056 -0.121032
v 0.620388 0.594056 -0.000000
v 0.608468 0.594056 0.121032
v 0.573164 0.594056 0.237412
v 0.515834 0.594056 0.344669
v 0.438681 0.594056 0.438681
v 0.344669 0.594056 0.515834
v 0.237412 0.594056 0.573164
v 0.121032 0.594056 0.608468
v -0.000000 0.594056 0.620388
v -0.121032 0.594056 0.608468
v -0.237412 0.594056 0.573164
v -0.344669 0.594056 0.515834
v -0.438681 0.594056 0.438681
v -0.515834 0.594056 0.344669
v -0.573164 0.594056 0.237412
v -0.608468 0.594056 0.121032
v -0.620388 0.594056 -0.000000
v -0.608468 0.594056 -0.121032
v -0.573164 0.594056 -0.237412
v -0.515834 0.594056 -0.344669
v -0.438681 0.594056 -0.438681
v -0.344669 0.594056 -0.515834
v -0.237412 0.594056 -0.573164
v -0.121032 0.594056 -0.608468
v 0.760010 0.459187 -0.000000
v 0.754021 0.481541 -0.000000
v 0.737657 0.497904 -0.000000
v 0.715304 0.503894 -0.000000
v 0.692951 0.497904 -0.000000
v 0.676587 0.481541 -0.000000
v 0.670597 0.459187 -0.000000
v 0.676587 0.436834 -0.000000
v 0.692951 0.420471 -0.000000
v 0.715304 0.414481 -0.000000
v 0.737657 0.420471 -0.000000
v 0.754021 0.436834 -0.000000
v 0.745407 0.459187 -0.148271
v 0.739533 0.481541 -0.147102
v 0.723483 0.497904 -0.143910
v 0.701560 0.503894 -0.139549
v 0.679636 0.497904 -0.135188
v 0.663587 0.481541 -0.131996
v 0.657712 0.459187 -0.130827
v 0.663587 0.436834 -0.131996
v 0.679636 0.420471 -0.135188
v 0.701560 0.414481 -0.139549
v 0.723483 0.420471 -0.143910
v 0.739533 0.436834 -0.147102
v 0.702158 0.459187 -0.290843
v 0.696624 0.481541 -0.288551
v 0.681506 0.497904 -0.282289
v 0.660855 0.503894 -0.273735
v 0.640203 0.497904 -0.265181
v 0.625085 0.481541 -0.258919
v 0.619551 0.459187 -0.256626
v 0.625085 0.436834 -0.258919
v 0.640203 0.420471 -0.265181
v 0.660855 0.414481 -0.273735
v 0.681506 0.420471 -0.282289
v 0.696624 0.436834 -0.288551
v 0.631926 0.459187 -0.422239
v 0.626945 0.481541 -0.418912
v 0.613340 0.497904 -0.409820
v 0.594754 0.503894 -0.397402
v 0.576167 0.497904 -0.384983
v 0.562562 0.481541 -0.375892
v 0.557581 0.459187 -0.372564
v 0.562562 0.436834 -0.375892
v 0.576167 0.420471 -0.384983
v 0.594754 0.414481 -0.397402
v 0.613340 0.420471 -0.409820
v 0.626945 0.436834 -0.418912
v 0.537409 0.459187 -0.537409
v 0.533173 0.481541 -0.533173
v 0.521602 0.497904 -0.521602
v 0.505796 0.503894 -0.505796
v 0.489990 0.497904 -0.489990
v 0.478419 0.481541 -0.478419
v 0.474184 0.459187 -0.474184
v 0.478419 0.436834 -0.478419
v 0.489990 0.420471 -0.489990
v 0.505796 0.414481 -0.505796
v 0.521602 0.420471 -0.521602
v 0.533173 0.436834 -0.533173
v 0.422239 0.459187 -0.631926
v 0.418911 0.481541 -0.626946
v 0.409820 0.497904 -0.613340
v 0.397401 0.503894 -0.594754
v 0.384983 0.497904 -0.576168
v 0.375892 0.481541 -0.562562
v 0.372564 0.459187 -0.557581
v 0.375892 0.436834 -0.562562
v 0.384983 0.420471 -0.576168
v 0.397401 0.414481 -0.594754
v 0.409820 0.420471 -0.613340
v 0.418911 0.436834 -0.626946
v 0.290844 0.459187 -0.702158
v 0.288551 0.481541 -0.696624
v 0.282289 0.497904 -0.681506
v 0.273735 0.503894 -0.660855
v 0.265181 0.497904 -0.640203
v 0.258919 0.481541 -0.625085
v 0.256627 0.459187 -0.619551
v 0.258919 0.436834 -0.625085
v 0.265181 0.420471 -0.640203
v 0.273735 0.414481 -0.660855
v 0.282289 0.420471 -0.681506
v 0.288551 0.436834 -0.696624
v 0.148271 0.394005 -0.745407
v 0.147102 0.416358 -0.739533
v 0.143910 0.432722 -0.723483
v 0.139549 0.438711 -0.701560
v 0.135188 0.432722 -0.679636
v 0.131996 0.416358 -0.663587
v 0.130827 0.394005 -0.657712
v 0.131996 0.371651 -0.663587
v 0.135188 0.355288 -0.679636
v 0.139549 0.349298 -0.701560
v 0.143910 0.355288 -0.723483
v 0.147102 0.371651 -0.739533
v 0.000000 0.394005 -0.760010
v 0.000000 0.416358 -0.754021
v 0.000000 0.432722 -0.737657
v 0.000000 0.438711 -0.715304
v 0.000000 0.432722 -0.692951
v 0.000000 0.416358 -0.676587
v 0.000000 0.394005 -0.670597
v 0.000000 0.371651 -0.676587
v 0.000000 0.355288 -0.692951
v 0.000000 0.349298 -0.715304
v 0.000000 0.355288 -0.737657
v 0.000000 0.371651 -0.754021
v -0.148271 0.394005 -0.745407
v -0.147102 0.416358 -0.739533
v -0.143910 0.432722 -0.723483
v -0.139549 0.438711 -0.701560
v -0.135188 0.432722 -0.679636
v -0.131996 0.416358 -0.663587
v -0.130827 0.394005 -0.657712
v -0.131996 0.371651 -0.663587
v -0.135188 0.355288 -0.679636
v -0.139549 0.349298 -0.701560
v -0.143910 0.355288 -0.723483
v -0.147102 0.371651 -0.739533
v -0.290843 0.459187 -0.702158
v -0.288551 0.481541 -0.696624
v -0.282289 0.497904 -0.681506
v -0.273735 0.503894 -0.660855
v -0.265181 0.497904 -0.640203
v -0.258919 0.481541 -0.625085
v -0.256627 0.459187 -0.619551
v -0.258919 0.436834 -0.625085
v -0.265181 0.420471 -0.640203
v -0.273735 0.414481 -0.660855
v -0.282289 0.420471 -0.681506
v -0.288551 0.436834 -0.696624
v -0.422239 0.459187 -0.631926
v -0.418911 0.481541 -0.626946
v -0.409820 0.497904 -0.613340
v -0.397401 0.503894 -0.594754
v -0.384983 0.497904 -0.576168
v -0.375891 0.481541 -0.562562
v -0.372564 0.459187 -0.557581
v -0.375891 0.436834 -0.562562
v -0.384983 0.420471 -0.576168
v -0.397401 0.414481 -0.594754
v -0.409820 0.420471 -0.613340
v -0.418911 0.436834 -0.626946
v -0.537409 0.459187 -0.537408
v -0.533173 0.481541 -0.533173
v -0.521603 0.497904 -0.521602
v -0.505796 0.503894 -0.505796
v -0.489990 0.497904 -0.489990
v -0.478419 0.481541 -0.478419
v -0.474184 0.459187 -0.474184
v -0.478419 0.436834 -0.478419
v -0.489990 0.420471 -0.489990
v -0.505796 0.414481 -0.505796
v -0.521603 0.420471 -0.521602
v -0.533173 0.436834 -0.533173
v -0.631926 0.459187 -0.422239
v -0.626945 0.481541 -0.418912
v -0.613339 0.497904 -0.409820
v -0.594753 0.503894 -0.397402
v -0.576167 0.497904 -0.384983
v -0.562562 0.481541 -0.375892
v -0.557581 0.459187 -0.372564
v -0.562562 0.436834 -0.375892
v -0.576167 0.420471 -0.384983
v -0.594753 0.414481 -0.397402
v -0.613339 0.420471 -0.409820
v -0.626945 0.436834 -0.418912
v -0.702158 0.459187 -0.290843
v -0.696624 0.481541 -0.288551
v -0.681506 0.497904 -0.282289
v -0.660855 0.503894 -0.273735
v -0.640203 0.497904 -0.265181
v -0.625085 0.481541 -0.258919
v -0.619551 0.459187 -0.256627
v -0.625085 0.436834 -0.258919
v -0.640203 0.420471 -0.265181
v -0.660855 0.414481 -0.273735
v -0.681506 0.420471 -0.282289
v -0.696624 0.436834 -0.288551
v -0.745407 0.459187 -0.148271
v -0.739533 0.481541 -0.147102
v -0.723483 0.497904 -0.143910
v -0.701560 0.503894 -0.139549
v -0.679636 0.497904 -0.135188
v -0.663587 0.481541 -0.131996
v -0.657712 0.459187 -0.130827
v -0.663587 0.436834 -0.131996
v -0.679636 0.420471 -0.135188
v -0.701560 0.414481 -0.139549
v -0.723483 0.420471 -0.143910
v -0.739533 0.436834 -0.147102
v -0.760010 0.459187 -0.000000
v -0.754021 0.481541 -0.000000
v -0.737657 0.497904 -0.000000
v -0.715304 0.503894 -0.000000
v -0.692951 0.497904 -0.000000
v -0.676587 0.481541 -0.000000
v -0.670597 0.459187 -0.000000
v -0.676587 0.436834 -0.000000
v -0.692951 0.420471 -0.000000
v -0.715304 0.414481 -0.000000
v -0.737657 0.420471 -0.000000
v -0.754021 0.436834 -0.000000
v -0.745407 0.459187 0.148271
v -0.739533 0.481541 0.147102
v -0.723483 0.497904 0.143910
v -0.701560 0.503894 0.139549
v -0.679636 0.497904 0.135188
v -0.663587 0.481541 0.131996
v -0.657712 0.459187 0.130827
v -0.663587 0.436834 0.131996
v -0.679636 0.420471 0.135188
v -0.701560 0.414481 0.139549
v -0.723483 0.420471 0.143910
v -0.739533 0.436834 0.147102
v -0.702158 0.459187 0.290843
v -0.696625 0.481541 0.288551
v -0.681506 0.497904 0.282289
v -0.660855 0.503894 0.273735
v -0.640203 0.497904 0.265180
v -0.625085 0.481541 0.258918
v -0.619551 0.459187 0.256626
v -0.625085 0.436834 0.258918
v -0.640203 0.420471 0.265180
v -0.660855 0.414481 0.273735
v -0.681506 0.420471 0.282289
v -0.696625 0.436834 0.288551
v -0.631926 0.459187 0.422239
v -0.626945 0.481541 0.418912
v -0.613339 0.497904 0.409820
v -0.594753 0.503894 0.397402
v -0.576167 0.497904 0.384983
v -0.562562 0.481541 0.375892
v -0.557581 0.459187 0.372564
v -0.562562 0.436834 0.375892
v -0.576167 0.420471 0.384983
v -0.594753 0.414481 0.397402
v -0.613339 0.420471 0.409820
v -0.626945 0.436834 0.418912
v -0.537409 0.459187 0.537408
v -0.533173 0.481541 0.533173
v -0.521603 0.497904 0.521602
v -0.505796 0.503894 0.505796
v -0.489990 0.497904 0.489990
v -0.478419 0.481541 0.478419
v -0.474184 0.459187 0.474184
v -0.478419 0.436834 0.478419
v -0.489990 0.420471 0.489990
v -0.505796 0.414481 0.505796
v -0.521603 0.420471 0.521602
v -0.533173 0.436834 0.533173
v -0.422240 0.459187 0.631925
v -0.418912 0.481541 0.626945
v -0.409821 0.497904 0.613339
v -0.397402 0.503894 0.594753
v -0.384983 0.497904 0.576167
v -0.375892 0.481541 0.562561
v -0.372564 0.459187 0.557581
v -0.375892 0.436834 0.562561
v -0.384983 0.420471 0.576167
v -0.397402 0.414481 0.594753
v -0.409821 0.420471 0.613339
v -0.418912 0.436834 0.626945
v -0.290843 0.459187 0.702158
v -0.288551 0.481541 0.696624
v -0.282289 0.497904 0.681506
v -0.273735 0.503894 0.660855
v -0.265181 0.497904 0.640203
v -0.258919 0.481541 0.625085
v -0.256627 0.459187 0.619551
v -0.258919 0.436834 0.625085
v -0.265181 0.420471 0.640203
v -0.273735 0.414481 0.660855
v -0.282289 0.420471 0.681506
v -0.288551 0.436834 0.696624
v -0.148271 0.401650 0.745407
v -0.147103 0.424003 0.739533
v -0.143910 0.440367 0.723483
v -0.139549 0.446357 0.701559
v -0.135188 0.440367 0.679636
v -0.131996 0.424003 0.663587
v -0.130827 0.401650 0.657712
v -0.131996 0.379297 0.663587
v -0.135188 0.362933 0.679636
v -0.139549 0.356944 0.701559
v -0.143910 0.362933 0.723483
v -0.147103 0.379297 0.739533
v 0.000000 0.401650 0.760010
v 0.000000 0.424003 0.754021
v 0.000000 0.440367 0.737657
v 0.000000 0.446357 0.715304
v 0.000000 0.440367 0.692951
v 0.000000 0.424003 0.676587
v 0.000000 0.401650 0.670597
v 0.000000 0.379297 0.676587
v 0.000000 0.362933 0.692951
v 0.000000 0.356944 0.715304
v 0.000000 0.362933 0.737657
v 0.000000 0.379297 0.754021
v 0.148270 0.401650 0.745407
v 0.147102 0.424003 0.739533
v 0.143910 0.440367 0.723483
v 0.139549 0.446357 0.701560
v 0.135188 0.440367 0.679636
v 0.131995 0.424003 0.663587
v 0.130827 0.401650 0.657712
v 0.131995 0.379297 0.663587
v 0.135188 0.362933 0.679636
v 0.139549 0.356944 0.701560
v 0.143910 0.362933 0.723483
v 0.147102 0.379297 0.739533
v 0.290844 0.459187 0.702158
v 0.288551 0.481541 0.696624
v 0.282289 0.497904 0.681506
v 0.273735 0.503894 0.660855
v 0.265181 0.497904 0.640203
v 0.258919 0.481541 0.625085
v 0.256627 0.459187 0.619551
v 0.258919 0.436834 0.625085
v 0.265181 0.420471 0.640203
v 0.273735 0.414481 0.660855
v 0.282289 0.420471 0.681506
v 0.288551 0.436834 0.696624
v 0.422239 0.459187 0.631926
v 0.418911 0.481541 0.626946
v 0.409820 0.497904 0.613340
v 0.397401 0.503894 0.594754
v 0.384983 0.497904 0.576168
v 0.375892 0.481541 0.562562
v 0.372564 0.459187 0.557581
v 0.375892 0.436834 0.562562
v 0.384983 0.420471 0.576168
v 0.397401 0.414481 0.594754
v 0.409820 0.420471 0.613340
v 0.418911 0.436834 0.626946
v 0.537408 0.459187 0.537409
v 0.533173 0.481541 0.533174
v 0.521602 0.497904 0.521603
v 0.505796 0.503894 0.505797
v 0.489990 0.497904 0.489990
v 0.478419 0.481541 0.478420
v 0.474184 0.459187 0.474184
v 0.478419 0.436834 0.478420
v 0.489990 0.420471 0.489990
v 0.505796 0.414481 0.505797
v 0.521602 0.420471 0.521603
v 0.533173 0.436834 0.533174
v 0.631926 0.459187 0.422239
v 0.626945 0.481541 0.418912
v 0.613340 0.497904 0.409820
v 0.594754 0.503894 0.397402
v 0.576167 0.497904 0.384983
v 0.562562 0.481541 0.375892
v 0.557581 0.459187 0.372564
v 0.562562 0.436834 0.375892
v 0.576167 0.420471 0.384983
v 0.594754 0.414481 0.397402
v 0.613340 0.420471 0.409820
v 0.626945 0.436834 0.418912
v 0.702158 0.459187 0.290844
v 0.696624 0.481541 0.288552
v 0.681506 0.497904 0.282289
v 0.660855 0.503894 0.273735
v 0.640203 0.497904 0.265181
v 0.625085 0.481541 0.258919
v 0.619551 0.459187 0.256627
v 0.625085 0.436834 0.258919
v 0.640203 0.420471 0.265181
v 0.660855 0.414481 0.273735
v 0.681506 0.420471 0.282289
v 0.696624 0.436834 0.288552
v 0.745407 0.459187 0.148271
v 0.739533 0.481541 0.147102
v 0.723483 0.497904 0.143910
v 0.701560 0.503894 0.139549
v 0.679636 0.497904 0.135188
v 0.663587 0.481541 0.131995
v 0.657712 0.459187 0.130827
v 0.663587 0.436834 0.131995
v 0.679636 0.420471 0.135188
v 0.701560 0.414481 0.139549
v 0.723483 0.420471 0.143910
v 0.739533 0.436834 0.147102
v -0.000000 0.309907 -0.905286
v 0.000000 0.310949 -0.842277
v 0.164320 0.310949 -0.826093
v 0.176613 0.309907 -0.887891
v 0.322326 0.310949 -0.778163
v 0.346438 0.309907 -0.836375
v 0.467944 0.310949 -0.700328
v 0.502950 0.309907 -0.752718
v 0.595580 0.310949 -0.595580
v 0.640134 0.309907 -0.640134
v 0.700328 0.310949 -0.467944
v 0.752718 0.309907 -0.502950
v 0.778163 0.310949 -0.322326
v 0.836375 0.309907 -0.346438
v 0.826093 0.310949 -0.164320
v 0.887891 0.309907 -0.176613
v 0.842277 0.310949 0.000000
v 0.905286 0.309907 0.000000
v 0.826093 0.310949 0.164320
v 0.887891 0.309907 0.176613
v 0.778163 0.310949 0.322326
v 0.836375 0.309907 0.346438
v 0.700328 0.310949 0.467944
v 0.752718 0.309907 0.502950
v 0.595580 0.310949 0.595580
v 0.640134 0.309907 0.640134
v 0.467944 0.310949 0.700328
v 0.502950 0.309907 0.752718
v 0.322326 0.310949 0.778163
v 0.346438 0.309907 0.836375
v 0.164320 0.310949 0.826093
v 0.176613 0.309907 0.887891
v 0.000000 0.310949 0.842277
v -0.000000 0.309907 0.905286
v -0.164320 0.310949 0.826093
v -0.176612 0.309907 0.887891
v -0.322326 0.310949 0.778163
v -0.346438 0.309907 0.836375
v -0.467944 0.310949 0.700328
v -0.502950 0.309907 0.752718
v -0.595580 0.310949 0.595580
v -0.640134 0.309907 0.640134
v -0.700328 0.310949 0.467944
v -0.752718 0.309907 0.502950
v -0.778163 0.310949 0.322326
v -0.836375 0.309907 0.346438
v -0.826093 0.310949 0.164320
v -0.887891 0.309907 0.176613
v -0.842277 0.310949 0.000000
v -0.905286 0.309907 0.000000
v -0.826093 0.310949 -0.164320
v -0.887891 0.309907 -0.176613
v -0.778163 0.310949 -0.322326
v -0.836375 0.309907 -0.346438
v -0.700328 0.310949 -0.467944
v -0.752718 0.309907 -0.502950
v -0.595580 0.310949 -0.595580
v -0.640134 0.309907 -0.640134
v -0.467944 0.310949 -0.700328
v -0.502950 0.309907 -0.752718
v -0.322326 0.310949 -0.778163
v -0.346438 0.309907 -0.836375
v -0.164320 0.310949 -0.826093
v -0.176612 0.309907 -0.887891
v -0.000000 3.332153 -0.667985
v -0.000000 3.306810 -0.697560
v 0.130317 3.332153 -0.655150
v 0.136087 3.306810 -0.684157
v 0.255627 3.332153 -0.617138
v 0.266945 3.306810 -0.644462
v 0.371113 3.332153 -0.555409
v 0.387544 3.306810 -0.580000
v 0.472337 3.332153 -0.472337
v 0.493250 3.306810 -0.493250
v 0.555409 3.332153 -0.371113
v 0.580000 3.306810 -0.387544
v 0.617138 3.332153 -0.255627
v 0.644462 3.306810 -0.266945
v 0.655150 3.332153 -0.130317
v 0.684157 3.306810 -0.136087
v 0.667985 3.332153 0.000000
v 0.697560 3.306810 0.000000
v 0.655150 3.332153 0.130317
v 0.684157 3.306810 0.136087
v 0.617138 3.332153 0.255627
v 0.644462 3.306810 0.266945
v 0.555409 3.332153 0.371113
v 0.580000 3.306810 0.387544
v 0.472337 3.332153 0.472337
v 0.493250 3.306810 0.493250
v 0.371113 3.332153 0.555409
v 0.387544 3.306810 0.580000
v 0.255627 3.332153 0.617138
v 0.266945 3.306810 0.644462
v 0.130317 3.332153 0.655150
v 0.136087 3.306810 0.684157
v -0.000000 3.332153 0.667985
v -0.000000 3.306810 0.697560
v -0.130317 3.332153 0.655150
v -0.136087 3.306810 0.684157
v -0.255627 3.332153 0.617138
v -0.266945 3.306810 0.644462
v -0.371113 3.332153 0.555409
v -0.387544 3.306810 0.580000
v -0.472337 3.332153 0.472337
v -0.493250 3.306810 0.493250
v -0.555409 3.332153 0.371113
v -0.580000 3.306810 0.387544
v -0.617138 3.332153 0.255627
v -0.644462 3.306810 0.266945
v -0.655150 3.332153 0.130317
v -0.684157 3.306810 0.136087
v -0.667985 3.332153 0.000000
v -0.697560 3.306810 0.000000
v -0.655150 3.332153 -0.130317
v -0.684157 3.306810 -0.136087
v -0.617138 3.332153 -0.255627
v -0.644462 3.306810 -0.266945
v -0.555409 3.332153 -0.371113
v -0.580000 3.306810 -0.387544
v -0.472337 3.332153 -0.472337
v -0.493250 3.306810 -0.493250
v -0.371113 3.332153 -0.555409
v -0.387544 3.306810 -0.580000
v -0.255627 3.332153 -0.617138
v -0.266945 3.306810 -0.644462
v -0.130317 3.332153 -0.655150
v -0.136087 3.306810 -0.684157
v 0.148592 3.294432 -0.747025
v -0.000000 3.294432 -0.761660
v 0.291475 3.294432 -0.703682
v 0.423156 3.294432 -0.633297
v 0.538575 3.294432 -0.538575
v 0.633297 3.294432 -0.423156
v 0.703682 3.294432 -0.291475
v 0.747025 3.294432 -0.148592
v 0.761660 3.294432 -0.000000
v 0.747025 3.294432 0.148592
v 0.703682 3.294432 0.291475
v 0.633297 3.294432 0.423156
v 0.538575 3.294432 0.538575
v 0.423156 3.294432 0.633297
v 0.291475 3.294432 0.703682
v 0.148592 3.294432 0.747025
v -0.000000 3.294432 0.761660
v -0.148592 3.294432 0.747025
v -0.291475 3.294432 0.703682
v -0.423156 3.294432 0.633297
v -0.538575 3.294432 0.538575
v -0.633297 3.294432 0.423156
v -0.703682 3.294432 0.291475
v -0.747025 3.294432 0.148592
v -0.761660 3.294432 -0.000000
v -0.747025 3.294432 -0.148592
v -0.703682 3.294432 -0.291475
v -0.633297 3.294432 -0.423156
v -0.538575 3.294432 -0.538575
v -0.423156 3.294432 -0.633297
v -0.291475 3.294432 -0.703682
v -0.148592 3.294432 -0.747025
v 0.148592 3.242723 -0.747025
v -0.000000 3.242723 -0.761660
v 0.291475 3.242723 -0.703682
v 0.423156 3.242723 -0.633297
v 0.538575 3.242723 -0.538575
v 0.633297 3.242723 -0.423156
v 0.703682 3.242723 -0.291475
v 0.747025 3.242723 -0.148592
v 0.761660 3.242723 -0.000000
v 0.747025 3.242723 0.148592
v 0.703682 3.242723 0.291475
v 0.633297 3.242723 0.423156
v 0.538575 3.242723 0.538575
v 0.423156 3.242723 0.633297
v 0.291475 3.242723 0.703682
v 0.148592 3.242723 0.747025
v -0.000000 3.242723 0.761660
v -0.148592 3.242723 0.747025
v -0.291475 3.242723 0.703682
v -0.423156 3.242723 0.633297
v -0.538575 3.242723 0.538575
v -0.633297 3.242723 0.423156
v -0.703682 3.242723 0.291475
v -0.747025 3.242723 0.148592
v -0.761660 3.242723 -0.000000
v -0.747025 3.242723 -0.148592
v -0.703682 3.242723 -0.291475
v -0.633297 3.242723 -0.423156
v -0.538575 3.242723 -0.538575
v -0.423156 3.242723 -0.633297
v -0.291475 3.242723 -0.703682
v -0.148592 3.242723 -0.747025
v -0.000000 3.441270 -0.714937
v 0.137439 3.441270 -0.701200
v 0.269597 3.441270 -0.660516
v 0.391394 3.441270 -0.594448
v 0.498150 3.441270 -0.505537
v 0.585763 3.441270 -0.397198
v 0.650865 3.441270 -0.273595
v 0.690954 3.441270 -0.139477
v 0.704491 3.441270 0.000000
v 0.690954 3.441270 0.139477
v 0.650865 3.441270 0.273595
v 0.585763 3.441270 0.397198
v 0.498150 3.441270 0.505537
v 0.391394 3.441270 0.594448
v 0.269597 3.441270 0.660516
v 0.137439 3.441270 0.701200
v -0.000000 3.441270 0.714937
v -0.137439 3.441270 0.701200
v -0.269597 3.441270 0.660516
v -0.391394 3.441270 0.594448
v -0.498150 3.441270 0.505537
v -0.585763 3.441270 0.397198
v -0.650865 3.441270 0.273595
v -0.690954 3.441270 0.139477
v -0.704491 3.441270 0.000000
v -0.690954 3.441270 -0.139477
v -0.650865 3.441270 -0.273595
v -0.585763 3.441270 -0.397198
v -0.498150 3.441270 -0.505537
v -0.391394 3.441270 -0.594448
v -0.269597 3.441270 -0.660516
v -0.137439 3.441270 -0.701200
v 0.110021 3.242723 -0.553112
v -0.000000 3.242723 -0.563948
v 0.215814 3.242723 -0.521020
v 0.313313 3.242723 -0.468906
v 0.398772 3.242723 -0.398772
v 0.468906 3.242723 -0.313313
v 0.521020 3.242723 -0.215814
v 0.553112 3.242723 -0.110021
v 0.563948 3.242723 -0.000000
v 0.553112 3.242723 0.110021
v 0.521020 3.242723 0.215814
v 0.468906 3.242723 0.313313
v 0.398772 3.242723 0.398772
v 0.313313 3.242723 0.468906
v 0.215814 3.242723 0.521020
v 0.110021 3.242723 0.553112
v -0.000000 3.242723 0.563948
v -0.110021 3.242723 0.553112
v -0.215814 3.242723 0.521020
v -0.313313 3.242723 0.468906
v -0.398772 3.242723 0.398772
v -0.468906 3.242723 0.313313
v -0.521020 3.242723 0.215814
v -0.553112 3.242723 0.110021
v -0.563948 3.242723 -0.000000
v -0.553112 3.242723 -0.110021
v -0.521020 3.242723 -0.215814
v -0.468906 3.242723 -0.313313
v -0.398772 3.242723 -0.398772
v -0.313313 3.242723 -0.468906
v -0.215814 3.242723 -0.521020
v -0.110021 3.242723 -0.553112
v 0.103661 3.353461 -0.521140
v -0.000000 3.353461 -0.531350
v 0.203339 3.353461 -0.490903
v 0.295202 3.353461 -0.441801
v 0.375721 3.353461 -0.375721
v 0.441801 3.353461 -0.295202
v 0.490903 3.353461 -0.203339
v 0.521140 3.353461 -0.103661
v 0.531350 3.353461 -0.000000
v 0.521140 3.353461 0.103661
v 0.490903 3.353461 0.203339
v 0.441801 3.353461 0.295202
v 0.375721 3.353461 0.375721
v 0.295202 3.353461 0.441801
v 0.203339 3.353461 0.490903
v 0.103661 3.353461 0.521140
v -0.000000 3.353461 0.531350
v -0.103661 3.353461 0.521140
v -0.203339 3.353461 0.490903
v -0.295202 3.353461 0.441801
v -0.375721 3.353461 0.375721
v -0.441801 3.353461 0.295202
v -0.490903 3.353461 0.203339
v -0.521140 3.353461 0.103661
v -0.531350 3.353461 -0.000000
v -0.521140 3.353461 -0.103661
v -0.490903 3.353461 -0.203339
v -0.441801 3.353461 -0.295202
v -0.375721 3.353461 -0.375721
v -0.295202 3.353461 -0.441801
v -0.203339 3.353461 -0.490903
v -0.103661 3.353461 -0.521140
v 0.121032 3.353461 -0.608468
v -0.000000 3.353461 -0.620388
v 0.237412 3.353461 -0.573164
v 0.344669 3.353461 -0.515834
v 0.438681 3.353461 -0.438681
v 0.515834 3.353461 -0.344669
v 0.573164 3.353461 -0.237412
v 0.608468 3.353461 -0.121032
v 0.620388 3.353461 -0.000000
v 0.608468 3.353461 0.121032
v 0.573164 3.353461 0.237412
v 0.515834 3.353461 0.344669
v 0.438681 3.353461 0.438681
v 0.344669 3.353461 0.515834
v 0.237412 3.353461 0.573164
v 0.121032 3.353461 0.608468
v -0.000000 3.353461 0.620388
v -0.121032 3.353461 0.608468
v -0.237412 3.353461 0.573164
v -0.344669 3.353461 0.515834
v -0.438681 3.353461 0.438681
v -0.515834 3.353461 0.344669
v -0.573164 3.353461 0.237412
v -0.608468 3.353461 0.121032
v -0.620388 3.353461 -0.000000
v -0.608468 3.353461 -0.121032
v -0.573164 3.353461 -0.237412
v -0.515834 3.353461 -0.344669
v -0.438681 3.353461 -0.438681
v -0.344669 3.353461 -0.515834
v -0.237412 3.353461 -0.573164
v -0.121032 3.353461 -0.608468
v -0.000000 3.343774 -0.727815
v 0.139915 3.343774 -0.713830
v 0.274453 3.343774 -0.672413
v 0.398444 3.343774 -0.605156
v 0.507123 3.343774 -0.514643
v 0.596314 3.343774 -0.404352
v 0.662588 3.343774 -0.278523
v 0.703400 3.343774 -0.141990
v 0.717180 3.343774 0.000000
v 0.703400 3.343774 0.141990
v 0.662588 3.343774 0.278523
v 0.596314 3.343774 0.404352
v 0.507123 3.343774 0.514643
v 0.398444 3.343774 0.605156
v 0.274453 3.343774 0.672413
v 0.139915 3.343774 0.713830
v -0.000000 3.343774 0.727815
v -0.139915 3.343774 0.713830
v -0.274453 3.343774 0.672413
v -0.398444 3.343774 0.605156
v -0.507123 3.343774 0.514643
v -0.596314 3.343774 0.404352
v -0.662588 3.343774 0.278523
v -0.703400 3.343774 0.141990
v -0.717180 3.343774 0.000000
v -0.703400 3.343774 -0.141990
v -0.662588 3.343774 -0.278523
v -0.596314 3.343774 -0.404352
v -0.507123 3.343774 -0.514643
v -0.398444 3.343774 -0.605156
v -0.274453 3.343774 -0.672413
v -0.139915 3.343774 -0.713830
v 0.000000 0.169776 -0.638664
v 0.124597 0.169776 -0.626392
v 0.244406 0.169776 -0.590049
v 0.354823 0.169776 -0.531030
v 0.451604 0.169776 -0.451604
v 0.531030 0.169776 -0.354823
v 0.590049 0.169776 -0.244406
v 0.626392 0.169776 -0.124597
v 0.638664 0.169776 0.000000
v 0.626392 0.169776 0.124597
v 0.590049 0.169776 0.244406
v 0.531030 0.169776 0.354823
v 0.451604 0.169776 0.451604
v 0.354823 0.169776 0.531030
v 0.244406 0.169776 0.590049
v 0.124597 0.169776 0.626392
v 0.000000 0.169776 0.638664
v -0.124597 0.169776 0.626392
v -0.244406 0.169776 0.590049
v -0.354823 0.169776 0.531030
v -0.451604 0.169776 0.451604
v -0.531030 0.169776 0.354823
v -0.590049 0.169776 0.244406
v -0.626392 0.169776 0.124597
v -0.638664 0.169776 0.000000
v -0.626392 0.169776 -0.124597
v -0.590049 0.169776 -0.244406
v -0.531030 0.169776 -0.354823
v -0.451604 0.169776 -0.451604
v -0.354823 0.169776 -0.531030
v -0.244406 0.169776 -0.590049
v -0.124597 0.169776 -0.626392
v 0.000000 0.265223 -0.842277
v 0.164320 0.265223 -0.826093
v 0.322326 0.265223 -0.778163
v 0.467944 0.265223 -0.700328
v 0.595580 0.265223 -0.595580
v 0.700328 0.265223 -0.467944
v 0.778163 0.265223 -0.322326
v 0.826093 0.265223 -0.164320
v 0.842277 0.265223 0.000000
v 0.826093 0.265223 0.164320
v 0.778163 0.265223 0.322326
v 0.700328 0.265223 0.467944
v 0.595580 0.265223 0.595580
v 0.467944 0.265223 0.700328
v 0.322326 0.265223 0.778163
v 0.164320 0.265223 0.826093
v 0.000000 0.265223 0.842277
v -0.164320 0.265223 0.826093
v -0.322326 0.265223 0.778163
v -0.467944 0.265223 0.700328
v -0.595580 0.265223 0.595580
v -0.700328 0.265223 0.467944
v -0.778163 0.265223 0.322326
v -0.826093 0.265223 0.164320
v -0.842277 0.265223 0.000000
v -0.826093 0.265223 -0.164320
v -0.778163 0.265223 -0.322326
v -0.700328 0.265223 -0.467944
v -0.595580 0.265223 -0.595580
v -0.467944 0.265223 -0.700328
v -0.322326 0.265223 -0.778163
v -0.164320 0.265223 -0.826093
v -0.134140 0.169775 -0.674370
v 0.000000 0.169775 -0.687581
v 0.134140 0.169775 -0.674370
v 0.263126 0.169775 -0.635242
v 0.382000 0.169775 -0.571703
v 0.486194 0.169775 -0.486194
v 0.571703 0.169775 -0.382000
v 0.635242 0.169775 -0.263126
v 0.674370 0.169775 -0.134140
v 0.687581 0.169775 0.000000
v 0.674370 0.169775 0.134140
v 0.635242 0.169775 0.263126
v 0.571703 0.169775 0.382000
v 0.486194 0.169775 0.486194
v 0.382000 0.169775 0.571703
v 0.263126 0.169775 0.635242
v 0.134140 0.169775 0.674370
v 0.000000 0.169775 0.687581
v -0.134140 0.169775 0.674370
v -0.263126 0.169775 0.635242
v -0.382000 0.169775 0.571703
v -0.486194 0.169775 0.486194
v -0.571703 0.169775 0.382000
v -0.635242 0.169775 0.263126
v -0.674370 0.169775 0.134140
v -0.687581 0.169775 0.000000
v -0.674370 0.169775 -0.134140
v -0.635242 0.169775 -0.263126
v -0.571703 0.169775 -0.382000
v -0.486194 0.169775 -0.486194
v -0.382000 0.169775 -0.571703
v -0.263126 0.169775 -0.635242
v -0.616082 2.788771 0.351370
v -0.121705 2.927196 0.703688
v -0.258812 2.919318 0.664082
v -0.385559 2.891623 0.598489
v 0.000000 2.925898 0.715784
v -0.497074 2.862743 0.509429
v -0.589071 2.833787 0.400325
v -0.607289 2.817748 0.367306
v -0.625058 2.740276 0.335102
v -0.497074 1.481159 0.509429
v -0.589071 1.506873 0.400325
v -0.607289 1.524783 0.367306
v -0.616082 1.548120 0.351370
v -0.385559 1.451056 0.598489
v -0.258812 1.423831 0.664082
v -0.121705 1.424222 0.703688
v 0.000000 1.421268 0.715784
v -0.625058 1.598824 0.335101
v 0.625218 2.788771 0.334844
v 0.140395 2.927196 0.700198
v 0.276400 2.919318 0.656956
v 0.401356 2.891623 0.588012
v 0.510460 2.862743 0.496015
v 0.599519 2.833787 0.384501
v 0.616852 2.817748 0.351008
v 0.633757 2.740276 0.318342
v 0.510460 1.481159 0.496015
v 0.599519 1.506873 0.384501
v 0.616852 1.524783 0.351008
v 0.625218 1.548120 0.334844
v 0.401356 1.451056 0.588012
v 0.276400 1.423831 0.656956
v 0.140395 1.424222 0.700198
v 0.633757 1.598824 0.318342
v 0.616082 2.788771 -0.351370
v 0.121705 2.927196 -0.703688
v 0.258813 2.919318 -0.664082
v 0.385559 2.891623 -0.598489
v 0.497074 2.862743 -0.509429
v 0.589071 2.833787 -0.400325
v 0.607289 2.817748 -0.367306
v 0.625058 2.740276 -0.335102
v 0.497074 1.481159 -0.509429
v 0.589071 1.506873 -0.400325
v 0.607289 1.524783 -0.367306
v 0.616082 1.548120 -0.351370
v 0.385559 1.451056 -0.598489
v 0.258813 1.423831 -0.664082
v 0.121705 1.424222 -0.703688
v 0.000000 1.421268 -0.715785
v 0.625058 1.598824 -0.335101
v -0.625218 2.788771 -0.334844
v -0.140395 2.927196 -0.700199
v -0.276400 2.919318 -0.656956
v -0.401356 2.891623 -0.588012
v 0.000000 2.925898 -0.716076
v -0.510460 2.862743 -0.496015
v -0.599520 2.833787 -0.384501
v -0.616852 2.817748 -0.351008
v -0.633757 2.740276 -0.318343
v -0.510460 1.481159 -0.496015
v -0.599520 1.506873 -0.384501
v -0.616852 1.524783 -0.351008
v -0.625218 1.548120 -0.334844
v -0.401356 1.451056 -0.588012
v -0.276400 1.423831 -0.656956
v -0.140395 1.424222 -0.700199
v -0.633757 1.598824 -0.318342
v 0.009691 0.642683 0.727939
v -0.132509 0.642683 0.715842
v -0.269616 0.642683 0.676236
v -0.396363 0.642683 0.610643
v -0.507878 0.642683 0.521583
v -0.599875 0.642683 0.412479
v -0.668819 0.642683 0.287524
v -0.712061 0.642683 0.151519
v -0.727939 0.642683 0.009691
v -0.626886 0.642683 0.363524
v -0.626886 2.788771 0.363524
v -0.132509 2.927196 0.715842
v -0.269616 2.919318 0.676236
v -0.396363 2.891623 0.610643
v 0.009691 2.925898 0.727939
v -0.507878 2.862743 0.521583
v -0.599875 2.833787 0.412479
v -0.618093 0.642683 0.379460
v -0.618093 2.817748 0.379460
v -0.635862 0.642683 0.347255
v -0.635862 2.740276 0.347256
v -0.507878 1.481159 0.521583
v -0.599875 1.506873 0.412479
v -0.618093 1.524783 0.379460
v -0.626886 1.548120 0.363524
v -0.396363 1.451056 0.610643
v -0.269616 1.423831 0.676236
v -0.132509 1.424222 0.715842
v 0.009691 1.421268 0.727939
v -0.635862 1.598824 0.347256
v -0.507878 3.256730 0.521583
v 0.009691 3.256731 0.727939
v -0.599875 3.256731 0.412479
v -0.712061 3.256731 0.151519
v -0.626886 3.256731 0.363524
v -0.132509 3.256730 0.715842
v -0.635861 3.256731 0.347256
v -0.269616 3.256731 0.676236
v -0.727939 3.256731 0.009691
v -0.668819 3.256730 0.287524
v -0.618093 3.256731 0.379460
v -0.396363 3.256731 0.610643
v 0.151519 0.642683 0.712061
v 0.287524 0.642683 0.668819
v 0.412479 0.642683 0.599875
v 0.521583 0.642683 0.507878
v 0.610643 0.642683 0.396363
v 0.676236 0.642683 0.269616
v 0.715842 0.642683 0.132509
v 0.727939 0.642683 -0.009691
v 0.636341 0.642683 0.346706
v 0.636341 2.788771 0.346706
v 0.151519 2.927196 0.712061
v 0.287524 2.919318 0.668819
v 0.412479 2.891623 0.599875
v 0.521583 2.862743 0.507878
v 0.610643 2.833787 0.396363
v 0.627976 0.642683 0.362870
v 0.627976 2.817748 0.362870
v 0.644881 0.642683 0.330204
v 0.644881 2.740276 0.330205
v 0.521583 1.481159 0.507878
v 0.610643 1.506873 0.396363
v 0.627976 1.524783 0.362870
v 0.636341 1.548120 0.346706
v 0.412479 1.451056 0.599875
v 0.287524 1.423831 0.668819
v 0.151519 1.424222 0.712061
v 0.644881 1.598824 0.330204
v 0.521583 3.256730 0.507878
v 0.610643 3.256731 0.396363
v 0.715842 3.256731 0.132509
v 0.636341 3.256731 0.346706
v 0.151519 3.256730 0.712061
v 0.644881 3.256731 0.330205
v 0.287524 3.256731 0.668819
v 0.727939 3.256731 -0.009691
v 0.676236 3.256730 0.269616
v 0.627976 3.256731 0.362870
v 0.412479 3.256731 0.599875
v -0.009691 0.642683 -0.727939
v -0.151519 0.642683 -0.712061
v -0.287524 0.642683 -0.668819
v -0.412479 0.642683 -0.599875
v -0.521583 0.642683 -0.507878
v -0.610643 0.642683 -0.396363
v -0.676236 0.642683 -0.269616
v -0.715842 0.642683 -0.132509
v -0.636341 0.642683 -0.346706
v -0.636341 2.788771 -0.346706
v -0.151519 2.927196 -0.712061
v -0.287524 2.919318 -0.668819
v -0.412479 2.891623 -0.599875
v -0.009691 2.925898 -0.727939
v -0.521583 2.862743 -0.507878
v -0.610643 2.833787 -0.396363
v -0.627976 0.642683 -0.362870
v -0.627976 2.817748 -0.362870
v -0.644881 0.642683 -0.330204
v -0.644881 2.740276 -0.330205
v -0.521583 1.481159 -0.507878
v -0.610643 1.506873 -0.396363
v -0.627976 1.524783 -0.362870
v -0.636341 1.548120 -0.346706
v -0.412479 1.451056 -0.599875
v -0.287524 1.423831 -0.668819
v -0.151519 1.424222 -0.712061
v -0.009691 1.421268 -0.727939
v -0.644881 1.598824 -0.330204
v -0.521583 3.256730 -0.507878
v -0.009691 3.256731 -0.727939
v -0.610643 3.256731 -0.396363
v -0.715842 3.256731 -0.132509
v -0.636341 3.256731 -0.346706
v -0.151519 3.256730 -0.712061
v -0.644881 3.256731 -0.330205
v -0.287524 3.256731 -0.668819
v -0.676236 3.256730 -0.269616
v -0.627976 3.256731 -0.362870
v -0.412479 3.256731 -0.599875
v 0.132509 0.642683 -0.715842
v 0.269616 0.642683 -0.676236
v 0.396363 0.642683 -0.610643
v 0.507878 0.642683 -0.521583
v 0.599875 0.642683 -0.412479
v 0.668819 0.642683 -0.287524
v 0.712061 0.642683 -0.151519
v 0.626886 0.642683 -0.363524
v 0.626886 2.788771 -0.363524
v 0.132509 2.927196 -0.715842
v 0.269616 2.919318 -0.676236
v 0.396363 2.891623 -0.610643
v 0.507878 2.862743 -0.521583
v 0.599875 2.833787 -0.412479
v 0.618093 0.642683 -0.379460
v 0.618093 2.817748 -0.379460
v 0.635862 0.642683 -0.347255
v 0.635862 2.740276 -0.347256
v 0.507878 1.481159 -0.521583
v 0.599875 1.506873 -0.412479
v 0.618093 1.524783 -0.379460
v 0.626886 1.548120 -0.363524
v 0.396363 1.451056 -0.610643
v 0.269616 1.423831 -0.676236
v 0.132509 1.424222 -0.715842
v 0.635862 1.598824 -0.347256
v 0.507878 3.256730 -0.521583
v 0.599875 3.256731 -0.412479
v 0.712061 3.256731 -0.151519
v 0.626886 3.256731 -0.363524
v 0.132509 3.256730 -0.715842
v 0.635861 3.256731 -0.347256
v 0.269616 3.256731 -0.676236
v 0.668819 3.256730 -0.287524
v 0.618093 3.256731 -0.379460
v 0.396363 3.256731 -0.610643
v 0.009096 0.642683 0.683236
v -0.124371 0.642683 0.671883
v -0.253059 0.642683 0.634709
v -0.372022 0.642683 0.573144
v -0.476689 0.642683 0.489553
v -0.563036 0.642683 0.387149
v -0.627747 0.642683 0.269867
v -0.668333 0.642683 0.142214
v -0.683236 0.642683 0.009096
v -0.587742 0.642683 0.341927
v -0.587742 2.788771 0.341927
v -0.124309 2.927196 0.671894
v -0.252752 2.919318 0.634833
v -0.371565 2.891623 0.573444
v 0.009096 2.925898 0.683236
v -0.476290 2.862743 0.489946
v -0.562593 2.833787 0.387807
v -0.578949 0.642683 0.357863
v -0.578949 2.817748 0.357862
v -0.596718 0.642683 0.325658
v -0.596718 2.740276 0.325659
v -0.476300 1.481159 0.489937
v -0.562587 1.506873 0.387815
v -0.578949 1.524783 0.357863
v -0.587742 1.548120 0.341927
v -0.371561 1.451056 0.573447
v -0.252832 1.423831 0.634800
v -0.124346 1.424222 0.671887
v 0.009096 1.421268 0.683236
v -0.596718 1.598824 0.325658
v -0.476689 3.256730 0.489553
v 0.009096 3.256731 0.683236
v -0.563036 3.256731 0.387149
v -0.668333 3.256731 0.142214
v -0.587742 3.256731 0.341927
v -0.124371 3.256730 0.671883
v -0.596718 3.256731 0.325659
v -0.253059 3.256731 0.634709
v -0.683236 3.256731 0.009096
v -0.627747 3.256730 0.269867
v -0.578949 3.256731 0.357862
v -0.372022 3.256731 0.573144
v 0.142214 0.642683 0.668333
v 0.269867 0.642683 0.627747
v 0.387149 0.642683 0.563037
v 0.489553 0.642683 0.476689
v 0.573144 0.642683 0.372022
v 0.634709 0.642683 0.253059
v 0.671883 0.642683 0.124371
v 0.683236 0.642683 -0.009096
v 0.596637 0.642683 0.326158
v 0.596637 2.788771 0.326158
v 0.142152 2.927196 0.668347
v 0.269563 2.919318 0.627879
v 0.386700 2.891623 0.563349
v 0.489165 2.862743 0.477093
v 0.572718 2.833787 0.372692
v 0.588271 0.642683 0.342323
v 0.588271 2.817748 0.342323
v 0.605177 0.642683 0.309656
v 0.605176 2.740276 0.309657
v 0.489174 1.481159 0.477083
v 0.572712 1.506873 0.372700
v 0.588271 1.524783 0.342323
v 0.596637 1.548120 0.326158
v 0.386696 1.451056 0.563352
v 0.269642 1.423831 0.627844
v 0.142189 1.424222 0.668339
v 0.605176 1.598824 0.309657
v 0.489553 3.256730 0.476689
v 0.573144 3.256731 0.372022
v 0.671883 3.256731 0.124371
v 0.596637 3.256731 0.326158
v 0.142214 3.256730 0.668333
v 0.605176 3.256731 0.309657
v 0.269867 3.256731 0.627747
v 0.683236 3.256731 -0.009096
v 0.634709 3.256730 0.253059
v 0.588271 3.256731 0.342323
v 0.387149 3.256731 0.563037
v -0.009096 0.642683 -0.683236
v -0.142214 0.642683 -0.668333
v -0.269867 0.642683 -0.627747
v -0.387149 0.642683 -0.563037
v -0.489553 0.642683 -0.476689
v -0.573144 0.642683 -0.372022
v -0.634709 0.642683 -0.253059
v -0.671883 0.642683 -0.124371
v -0.596637 0.642683 -0.326158
v -0.596637 2.788771 -0.326158
v -0.142152 2.927196 -0.668347
v -0.269563 2.919318 -0.627879
v -0.386700 2.891623 -0.563349
v -0.009096 2.925898 -0.683236
v -0.489165 2.862743 -0.477093
v -0.572718 2.833787 -0.372692
v -0.588271 0.642683 -0.342323
v -0.588271 2.817748 -0.342323
v -0.605177 0.642683 -0.309656
v -0.605176 2.740276 -0.309657
v -0.489174 1.481159 -0.477083
v -0.572712 1.506873 -0.372700
v -0.588271 1.524783 -0.342323
v -0.596637 1.548120 -0.326158
v -0.386696 1.451056 -0.563352
v -0.269642 1.423831 -0.627844
v -0.142189 1.424222 -0.668339
v -0.009096 1.421268 -0.683236
v -0.605176 1.598824 -0.309657
v -0.489553 3.256730 -0.476689
v -0.009096 3.256731 -0.683236
v -0.573144 3.256731 -0.372022
v -0.671883 3.256731 -0.124371
v -0.596637 3.256731 -0.326158
v -0.142214 3.256730 -0.668333
v -0.605176 3.256731 -0.309657
v -0.269867 3.256731 -0.627747
v -0.634709 3.256730 -0.253059
v -0.588271 3.256731 -0.342323
v -0.387149 3.256731 -0.563037
v 0.124371 0.642683 -0.671883
v 0.253059 0.642683 -0.634709
v 0.372022 0.642683 -0.573144
v 0.476689 0.642683 -0.489553
v 0.563036 0.642683 -0.387149
v 0.627747 0.642683 -0.269867
v 0.668333 0.642683 -0.142214
v 0.587742 0.642683 -0.341927
v 0.587742 2.788771 -0.341927
v 0.124309 2.927196 -0.671894
v 0.252752 2.919318 -0.634833
v 0.371565 2.891623 -0.573444
v 0.476290 2.862743 -0.489946
v 0.562593 2.833787 -0.387807
v 0.578949 0.642683 -0.357863
v 0.578949 2.817748 -0.357862
v 0.596718 0.642683 -0.325658
v 0.596718 2.740276 -0.325659
v 0.476300 1.481159 -0.489937
v 0.562587 1.506873 -0.387815
v 0.578949 1.524783 -0.357863
v 0.587742 1.548120 -0.341927
v 0.371561 1.451056 -0.573447
v 0.252832 1.423831 -0.634800
v 0.124346 1.424222 -0.671887
v 0.596718 1.598824 -0.325658
v 0.476689 3.256730 -0.489553
v 0.563036 3.256731 -0.387149
v 0.668333 3.256731 -0.142214
v 0.587742 3.256731 -0.341927
v 0.124371 3.256730 -0.671883
v 0.596718 3.256731 -0.325659
v 0.253059 3.256731 -0.634709
v 0.627747 3.256730 -0.269867
v 0.578949 3.256731 -0.357862
v 0.372022 3.256731 -0.573144
v 0.397339 0.955965 0.576845
v 0.580489 0.955965 0.393696
v 0.404578 0.599073 0.608759
v 0.612403 0.599074 0.400935
v 0.474038 0.863747 0.647876
v 0.448493 0.930006 0.603306
v 0.606949 0.930006 0.444849
v 0.651520 0.863747 0.470394
v 0.420177 0.955965 0.554007
v 0.557651 0.955965 0.416533
v 0.584340 0.599073 0.428998
v 0.432642 0.599073 0.580696
v 0.491434 0.863747 0.630480
v 0.634124 0.863747 0.487791
v 0.592792 0.930006 0.459006
v 0.462650 0.930006 0.589148
v 0.475582 0.835595 0.649420
v 0.653064 0.835595 0.471939
v 0.599741 0.829902 0.388273
v 0.642774 0.617566 0.459822
v 0.463465 0.617566 0.639130
v 0.616473 0.617566 0.486123
v 0.489767 0.617566 0.612829
v 0.598097 0.859879 0.386629
v 0.390273 0.859879 0.594453
v 0.617330 0.883630 0.483544
v 0.630624 0.866922 0.487931
v 0.620842 0.878120 0.485863
v 0.625708 0.872004 0.487468
v 0.473000 0.883687 0.627813
v 0.475130 0.866958 0.643386
v 0.475028 0.878153 0.631642
v 0.475807 0.872030 0.637342
v 0.584527 0.882349 0.397734
v 0.593938 0.863797 0.390358
v 0.585993 0.876125 0.396951
v 0.589438 0.869334 0.394251
v 0.491574 0.866922 0.626980
v 0.487188 0.883630 0.613686
v 0.491112 0.872004 0.622064
v 0.489506 0.878120 0.617198
v 0.401377 0.882348 0.580883
v 0.394001 0.863797 0.590295
v 0.400594 0.876125 0.582349
v 0.397894 0.869334 0.585794
v 0.647030 0.866958 0.471486
v 0.631457 0.883687 0.469356
v 0.640985 0.872030 0.472163
v 0.635285 0.878153 0.471384
v 0.494069 0.815719 0.633114
v 0.506643 0.835595 0.618360
v 0.491955 0.854255 0.631001
v 0.479744 0.835595 0.645259
v 0.622004 0.835595 0.502999
v 0.636758 0.815719 0.490425
v 0.648902 0.835595 0.476100
v 0.634644 0.854255 0.488311
v 0.490647 0.820679 0.589666
v 0.478073 0.800803 0.604420
v 0.608064 0.800803 0.474429
v 0.593310 0.820679 0.487003
v 0.474421 0.769654 0.649121
v 0.476271 0.806925 0.650109
v 0.475916 0.788252 0.650006
v 0.653753 0.806925 0.472627
v 0.652765 0.769654 0.470777
v 0.653650 0.788252 0.472272
v 0.633552 0.769536 0.488051
v 0.636576 0.806837 0.489922
v 0.635531 0.788163 0.488936
v 0.493566 0.806837 0.632932
v 0.491695 0.769536 0.629908
v 0.492580 0.788163 0.631888
v 0.600408 0.693094 0.543328
v 0.607861 0.694376 0.549042
v 0.616430 0.692238 0.552459
v 0.624311 0.687108 0.552940
v 0.629911 0.680043 0.550483
v 0.632197 0.672472 0.545611
v 0.630802 0.665887 0.539258
v 0.626038 0.661564 0.532625
v 0.618829 0.660331 0.526973
v 0.610546 0.662427 0.523403
v 0.602763 0.667449 0.522651
v 0.596988 0.674423 0.524938
v 0.594395 0.681990 0.529876
v 0.595595 0.688663 0.536471
v 0.602189 0.699585 0.538698
v 0.609839 0.701483 0.543882
v 0.619053 0.701135 0.545844
v 0.627963 0.698567 0.544224
v 0.634758 0.694269 0.539407
v 0.638122 0.689136 0.532394
v 0.637466 0.684224 0.524558
v 0.632968 0.680503 0.517388
v 0.625505 0.678691 0.512238
v 0.616490 0.679130 0.510113
v 0.607646 0.681728 0.511482
v 0.600714 0.685962 0.516161
v 0.597126 0.690989 0.523265
v 0.597649 0.695838 0.531330
v 0.601802 0.709681 0.534541
v 0.609427 0.712142 0.539436
v 0.618666 0.713401 0.540648
v 0.627669 0.713155 0.537933
v 0.634613 0.711431 0.531862
v 0.638129 0.708599 0.523688
v 0.637576 0.705261 0.515032
v 0.633106 0.702094 0.507558
v 0.625591 0.699717 0.502686
v 0.616462 0.698576 0.501369
v 0.607482 0.698880 0.503916
v 0.600444 0.700561 0.509890
v 0.596797 0.703284 0.518122
v 0.597290 0.706527 0.526935
v 0.599232 0.721348 0.531788
v 0.606708 0.724170 0.536543
v 0.615698 0.726526 0.537485
v 0.624445 0.727939 0.534366
v 0.631161 0.728114 0.527771
v 0.634469 0.727023 0.519049
v 0.633747 0.724898 0.509983
v 0.629200 0.722161 0.502345
v 0.621723 0.719334 0.497590
v 0.612736 0.716966 0.496652
v 0.603994 0.715543 0.499773
v 0.597278 0.715368 0.506368
v 0.593966 0.716471 0.515088
v 0.594686 0.718607 0.524153
v 0.595959 0.689323 0.549506
v 0.602950 0.690232 0.555905
v 0.610064 0.686991 0.561237
v 0.615835 0.680333 0.564475
v 0.619148 0.671633 0.565039
v 0.619410 0.662610 0.562854
v 0.616615 0.655010 0.558347
v 0.611329 0.650295 0.552387
v 0.604581 0.649370 0.546121
v 0.597665 0.652414 0.540769
v 0.591902 0.658851 0.537382
v 0.588408 0.667463 0.536653
v 0.587907 0.676595 0.538773
v 0.590580 0.684428 0.543365
v 0.540526 0.693094 0.603211
v 0.546239 0.694376 0.610663
v 0.549656 0.692238 0.619233
v 0.550138 0.687108 0.627113
v 0.547680 0.680043 0.632714
v 0.542808 0.672472 0.635000
v 0.536456 0.665887 0.633605
v 0.529822 0.661564 0.628841
v 0.524170 0.660331 0.621632
v 0.520600 0.662427 0.613348
v 0.519848 0.667449 0.605566
v 0.522135 0.674423 0.599791
v 0.527073 0.681990 0.597198
v 0.533668 0.688663 0.598397
v 0.535895 0.699585 0.604991
v 0.541079 0.701483 0.612642
v 0.543041 0.701135 0.621856
v 0.541421 0.698567 0.630766
v 0.536604 0.694268 0.637561
v 0.529592 0.689136 0.640925
v 0.521756 0.684224 0.640269
v 0.514585 0.680503 0.635771
v 0.509436 0.678691 0.628307
v 0.507311 0.679130 0.619293
v 0.508680 0.681728 0.610448
v 0.513359 0.685962 0.603517
v 0.520463 0.690989 0.599929
v 0.528527 0.695838 0.600451
v 0.531739 0.709681 0.604605
v 0.536633 0.712142 0.612230
v 0.537845 0.713401 0.621469
v 0.535130 0.713155 0.630472
v 0.529060 0.711431 0.637416
v 0.520885 0.708599 0.640932
v 0.512229 0.705261 0.640378
v 0.504755 0.702094 0.635909
v 0.499883 0.699716 0.628393
v 0.498566 0.698576 0.619264
v 0.501113 0.698880 0.610285
v 0.507087 0.700561 0.603247
v 0.515319 0.703284 0.599600
v 0.524132 0.706527 0.600093
v 0.528985 0.721348 0.602034
v 0.533741 0.724170 0.609511
v 0.534683 0.726526 0.618501
v 0.531564 0.727939 0.627248
v 0.524968 0.728114 0.633964
v 0.516247 0.727023 0.637272
v 0.507180 0.724898 0.636550
v 0.499543 0.722161 0.632002
v 0.494788 0.719334 0.624525
v 0.493850 0.716966 0.615539
v 0.496970 0.715543 0.606797
v 0.503565 0.715368 0.600080
v 0.512285 0.716471 0.596769
v 0.521350 0.718607 0.597489
v 0.546703 0.689323 0.598761
v 0.553102 0.690232 0.605752
v 0.558434 0.686991 0.612867
v 0.561672 0.680333 0.618638
v 0.562237 0.671633 0.621951
v 0.560051 0.662610 0.622213
v 0.555545 0.655010 0.619417
v 0.549584 0.650295 0.614132
v 0.543319 0.649370 0.607384
v 0.537966 0.652414 0.600468
v 0.534580 0.658851 0.594704
v 0.533850 0.667463 0.591211
v 0.535970 0.676595 0.590710
v 0.540562 0.684428 0.593382
v 0.490285 0.838408 0.611643
v 0.498565 0.839633 0.609127
v 0.497339 0.831418 0.574805
v 0.489005 0.829291 0.573536
v 0.481944 0.836294 0.610361
v 0.504123 0.834006 0.579540
v 0.475163 0.833713 0.605616
v 0.471206 0.831151 0.598339
v 0.508091 0.836563 0.586816
v 0.470849 0.829101 0.589892
v 0.508460 0.838600 0.595273
v 0.474236 0.827986 0.581917
v 0.505075 0.839703 0.603263
v 0.480737 0.828055 0.576059
v 0.608840 0.838408 0.493088
v 0.606324 0.839633 0.501368
v 0.572002 0.831418 0.500142
v 0.570734 0.829291 0.491808
v 0.607558 0.836294 0.484747
v 0.576737 0.834006 0.506925
v 0.602813 0.833713 0.477966
v 0.595536 0.831151 0.474009
v 0.584013 0.836563 0.510894
v 0.587089 0.829101 0.473652
v 0.592471 0.838600 0.511262
v 0.579114 0.827986 0.477038
v 0.600460 0.839703 0.507877
v 0.573256 0.828055 0.483540
v 0.576845 0.955965 -0.397340
v 0.393695 0.955965 -0.580489
v 0.608759 0.599073 -0.404579
v 0.400935 0.599073 -0.612403
v 0.647876 0.863747 -0.474038
v 0.603305 0.930006 -0.448493
v 0.444849 0.930006 -0.606950
v 0.470394 0.863747 -0.651520
v 0.554007 0.955965 -0.420177
v 0.416533 0.955965 -0.557651
v 0.428998 0.599073 -0.584340
v 0.580696 0.599073 -0.432642
v 0.630480 0.863747 -0.491435
v 0.487790 0.863747 -0.634124
v 0.459006 0.930006 -0.592792
v 0.589148 0.930006 -0.462650
v 0.649420 0.835595 -0.475583
v 0.471938 0.835595 -0.653064
v 0.388273 0.829902 -0.599742
v 0.459821 0.617566 -0.642774
v 0.639130 0.617566 -0.463466
v 0.486123 0.617566 -0.616473
v 0.612829 0.617566 -0.489767
v 0.386629 0.859879 -0.598097
v 0.594453 0.859879 -0.390273
v 0.483544 0.883630 -0.617330
v 0.487930 0.866922 -0.630624
v 0.485862 0.878120 -0.620842
v 0.487468 0.872004 -0.625708
v 0.627813 0.883687 -0.473000
v 0.643386 0.866958 -0.475130
v 0.631641 0.878153 -0.475028
v 0.637342 0.872030 -0.475807
v 0.397733 0.882348 -0.584527
v 0.390357 0.863797 -0.593939
v 0.396950 0.876125 -0.585993
v 0.394251 0.869334 -0.589438
v 0.626980 0.866922 -0.491575
v 0.613686 0.883630 -0.487188
v 0.622064 0.872004 -0.491112
v 0.617198 0.878120 -0.489507
v 0.580883 0.882348 -0.401378
v 0.590294 0.863797 -0.394002
v 0.582349 0.876125 -0.400594
v 0.585794 0.869334 -0.397895
v 0.471486 0.866958 -0.647030
v 0.469356 0.883687 -0.631457
v 0.472163 0.872030 -0.640986
v 0.471384 0.878153 -0.635286
v 0.633114 0.815719 -0.494069
v 0.618360 0.835595 -0.506643
v 0.631000 0.854255 -0.491955
v 0.645258 0.835595 -0.479744
v 0.502999 0.835595 -0.622004
v 0.490425 0.815719 -0.636758
v 0.476100 0.835595 -0.648903
v 0.488311 0.854255 -0.634645
v 0.589666 0.820679 -0.490647
v 0.604420 0.800803 -0.478073
v 0.474429 0.800803 -0.608064
v 0.487003 0.820679 -0.593310
v 0.649121 0.769654 -0.474422
v 0.650109 0.806925 -0.476271
v 0.650006 0.788252 -0.475916
v 0.472627 0.806925 -0.653753
v 0.470777 0.769654 -0.652765
v 0.472272 0.788252 -0.653650
v 0.488051 0.769536 -0.633552
v 0.489922 0.806837 -0.636576
v 0.488936 0.788163 -0.635532
v 0.632932 0.806837 -0.493566
v 0.629908 0.769536 -0.491695
v 0.631888 0.788163 -0.492580
v 0.543328 0.693094 -0.600408
v 0.549042 0.694376 -0.607861
v 0.552459 0.692238 -0.616431
v 0.552940 0.687108 -0.624311
v 0.550483 0.680043 -0.629911
v 0.545611 0.672472 -0.632197
v 0.539258 0.665887 -0.630802
v 0.532625 0.661564 -0.626038
v 0.526973 0.660331 -0.618829
v 0.523403 0.662427 -0.610546
v 0.522651 0.667449 -0.602764
v 0.524938 0.674423 -0.596988
v 0.529876 0.681990 -0.594395
v 0.536471 0.688663 -0.595595
v 0.538697 0.699585 -0.602189
v 0.543881 0.701483 -0.609839
v 0.545844 0.701135 -0.619053
v 0.544224 0.698566 -0.627963
v 0.539407 0.694268 -0.634758
v 0.532394 0.689136 -0.638122
v 0.524558 0.684223 -0.637466
v 0.517387 0.680503 -0.632968
v 0.512238 0.678691 -0.625505
v 0.510113 0.679130 -0.616490
v 0.511482 0.681728 -0.607646
v 0.516161 0.685962 -0.600714
v 0.523265 0.690989 -0.597126
v 0.531329 0.695838 -0.597649
v 0.534541 0.709681 -0.601802
v 0.539436 0.712142 -0.609427
v 0.540648 0.713400 -0.618667
v 0.537933 0.713155 -0.627669
v 0.531862 0.711431 -0.634613
v 0.523687 0.708599 -0.638129
v 0.515032 0.705261 -0.637576
v 0.507558 0.702094 -0.633106
v 0.502686 0.699716 -0.625591
v 0.501368 0.698576 -0.616462
v 0.503915 0.698880 -0.607482
v 0.509889 0.700561 -0.600444
v 0.518122 0.703284 -0.596798
v 0.526934 0.706527 -0.597290
v 0.531788 0.721348 -0.599232
v 0.536543 0.724170 -0.606708
v 0.537485 0.726526 -0.615698
v 0.534366 0.727939 -0.624445
v 0.527771 0.728114 -0.631161
v 0.519049 0.727023 -0.634469
v 0.509983 0.724898 -0.633747
v 0.502345 0.722161 -0.629200
v 0.497590 0.719334 -0.621723
v 0.496652 0.716966 -0.612736
v 0.499773 0.715543 -0.603994
v 0.506368 0.715368 -0.597278
v 0.515088 0.716470 -0.593966
v 0.524153 0.718607 -0.594686
v 0.549506 0.689323 -0.595959
v 0.555905 0.690232 -0.602950
v 0.561237 0.686991 -0.610064
v 0.564475 0.680333 -0.615835
v 0.565039 0.671633 -0.619148
v 0.562854 0.662610 -0.619410
v 0.558347 0.655009 -0.616615
v 0.552387 0.650295 -0.611329
v 0.546121 0.649370 -0.604581
v 0.540769 0.652414 -0.597665
v 0.537382 0.658851 -0.591902
v 0.536653 0.667463 -0.588408
v 0.538773 0.676595 -0.587907
v 0.543365 0.684428 -0.590580
v 0.603210 0.693094 -0.540526
v 0.610663 0.694376 -0.546239
v 0.619233 0.692238 -0.549656
v 0.627113 0.687108 -0.550138
v 0.632714 0.680043 -0.547680
v 0.635000 0.672472 -0.542808
v 0.633604 0.665887 -0.536456
v 0.628841 0.661564 -0.529822
v 0.621632 0.660331 -0.524170
v 0.613348 0.662427 -0.520600
v 0.605566 0.667448 -0.519849
v 0.599791 0.674423 -0.522136
v 0.597198 0.681990 -0.527073
v 0.598397 0.688663 -0.533668
v 0.604991 0.699585 -0.535895
v 0.612642 0.701483 -0.541079
v 0.621856 0.701135 -0.543041
v 0.630765 0.698566 -0.541421
v 0.637561 0.694268 -0.536604
v 0.640925 0.689136 -0.529592
v 0.640268 0.684223 -0.521756
v 0.635771 0.680503 -0.514585
v 0.628307 0.678691 -0.509436
v 0.619293 0.679130 -0.507311
v 0.610448 0.681728 -0.508680
v 0.603517 0.685962 -0.513359
v 0.599929 0.690989 -0.520463
v 0.600451 0.695838 -0.528527
v 0.604605 0.709681 -0.531739
v 0.612230 0.712142 -0.536633
v 0.621469 0.713400 -0.537845
v 0.630472 0.713155 -0.535130
v 0.637416 0.711431 -0.529060
v 0.640932 0.708599 -0.520885
v 0.640378 0.705261 -0.512229
v 0.635908 0.702094 -0.504755
v 0.628393 0.699716 -0.499883
v 0.619264 0.698576 -0.498566
v 0.610285 0.698880 -0.501113
v 0.603247 0.700561 -0.507087
v 0.599600 0.703284 -0.515319
v 0.600093 0.706527 -0.524132
v 0.602034 0.721348 -0.528985
v 0.609511 0.724170 -0.533741
v 0.618501 0.726526 -0.534683
v 0.627247 0.727939 -0.531564
v 0.633963 0.728114 -0.524968
v 0.637271 0.727023 -0.516247
v 0.636550 0.724898 -0.507180
v 0.632002 0.722161 -0.499543
v 0.624525 0.719334 -0.494788
v 0.615539 0.716966 -0.493850
v 0.606797 0.715543 -0.496970
v 0.600080 0.715368 -0.503565
v 0.596769 0.716470 -0.512286
v 0.597488 0.718607 -0.521350
v 0.598761 0.689323 -0.546703
v 0.605752 0.690232 -0.553103
v 0.612867 0.686991 -0.558435
v 0.618638 0.680333 -0.561672
v 0.621951 0.671633 -0.562237
v 0.622212 0.662610 -0.560051
v 0.619417 0.655009 -0.555545
v 0.614132 0.650295 -0.549584
v 0.607384 0.649370 -0.543319
v 0.600468 0.652414 -0.537966
v 0.594704 0.658851 -0.534580
v 0.591211 0.667463 -0.533850
v 0.590710 0.676595 -0.535970
v 0.593382 0.684428 -0.540562
v 0.611642 0.838408 -0.490285
v 0.609127 0.839633 -0.498565
v 0.574805 0.831418 -0.497339
v 0.573536 0.829291 -0.489005
v 0.610361 0.836294 -0.481944
v 0.579540 0.834006 -0.504123
v 0.605616 0.833713 -0.475164
v 0.598339 0.831151 -0.471206
v 0.586816 0.836563 -0.508091
v 0.589892 0.829101 -0.470849
v 0.595273 0.838600 -0.508460
v 0.581916 0.827986 -0.474236
v 0.603263 0.839703 -0.505075
v 0.576058 0.828055 -0.480737
v 0.493088 0.838408 -0.608840
v 0.501368 0.839633 -0.606324
v 0.500142 0.831418 -0.572002
v 0.491808 0.829291 -0.570734
v 0.484747 0.836294 -0.607559
v 0.506925 0.834006 -0.576737
v 0.477966 0.833713 -0.602814
v 0.474009 0.831151 -0.595536
v 0.510893 0.836563 -0.584013
v 0.473651 0.829101 -0.587089
v 0.511262 0.838600 -0.592471
v 0.477038 0.827986 -0.579114
v 0.507877 0.839703 -0.600460
v 0.483540 0.828055 -0.573256
v -0.397339 0.955965 0.576845
v -0.580489 0.955965 0.393696
v -0.404578 0.599073 0.608759
v -0.612403 0.599074 0.400935
v -0.474038 0.863747 0.647876
v -0.448493 0.930006 0.603306
v -0.606949 0.930006 0.444849
v -0.651520 0.863747 0.470394
v -0.420177 0.955965 0.554007
v -0.557651 0.955965 0.416533
v -0.584340 0.599073 0.428998
v -0.432642 0.599073 0.580696
v -0.491434 0.863747 0.630480
v -0.634124 0.863747 0.487791
v -0.592792 0.930006 0.459006
v -0.462650 0.930006 0.589148
v -0.475582 0.835595 0.649420
v -0.653064 0.835595 0.471939
v -0.599741 0.829902 0.388273
v -0.642774 0.617566 0.459822
v -0.463465 0.617566 0.639130
v -0.616473 0.617566 0.486123
v -0.489767 0.617566 0.612829
v -0.598097 0.859879 0.386629
v -0.390273 0.859879 0.594453
v -0.617330 0.883630 0.483544
v -0.630624 0.866922 0.487931
v -0.620842 0.878120 0.485863
v -0.625708 0.872004 0.487468
v -0.473000 0.883687 0.627813
v -0.475130 0.866958 0.643386
v -0.475028 0.878153 0.631642
v -0.475807 0.872030 0.637342
v -0.584527 0.882349 0.397734
v -0.593938 0.863797 0.390358
v -0.585993 0.876125 0.396951
v -0.589438 0.869334 0.394251
v -0.491574 0.866922 0.626980
v -0.487188 0.883630 0.613686
v -0.491112 0.872004 0.622064
v -0.489506 0.878120 0.617198
v -0.401377 0.882348 0.580883
v -0.394001 0.863797 0.590295
v -0.400594 0.876125 0.582349
v -0.397894 0.869334 0.585794
v -0.647030 0.866958 0.471486
v -0.631457 0.883687 0.469356
v -0.640985 0.872030 0.472163
v -0.635285 0.878153 0.471384
v -0.494069 0.815719 0.633114
v -0.506643 0.835595 0.618360
v -0.491955 0.854255 0.631001
v -0.479744 0.835595 0.645259
v -0.622004 0.835595 0.502999
v -0.636758 0.815719 0.490425
v -0.648902 0.835595 0.476100
v -0.634644 0.854255 0.488311
v -0.490647 0.820679 0.589666
v -0.478073 0.800803 0.604420
v -0.608064 0.800803 0.474429
v -0.593310 0.820679 0.487003
v -0.474421 0.769654 0.649121
v -0.476271 0.806925 0.650109
v -0.475916 0.788252 0.650006
v -0.653753 0.806925 0.472627
v -0.652765 0.769654 0.470777
v -0.653650 0.788252 0.472272
v -0.633552 0.769536 0.488051
v -0.636576 0.806837 0.489922
v -0.635531 0.788163 0.488936
v -0.493566 0.806837 0.632932
v -0.491695 0.769536 0.629908
v -0.492580 0.788163 0.631888
v -0.600408 0.693094 0.543328
v -0.607861 0.694376 0.549042
v -0.616430 0.692238 0.552459
v -0.624311 0.687108 0.552940
v -0.629911 0.680043 0.550483
v -0.632197 0.672472 0.545611
v -0.630802 0.665887 0.539258
v -0.626038 0.661564 0.532625
v -0.618829 0.660331 0.526973
v -0.610546 0.662427 0.523403
v -0.602763 0.667449 0.522651
v -0.596988 0.674423 0.524938
v -0.594395 0.681990 0.529876
v -0.595595 0.688663 0.536471
v -0.602189 0.699585 0.538698
v -0.609839 0.701483 0.543882
v -0.619053 0.701135 0.545844
v -0.627963 0.698567 0.544224
v -0.634758 0.694269 0.539407
v -0.638122 0.689136 0.532394
v -0.637466 0.684224 0.524558
v -0.632968 0.680503 0.517388
v -0.625505 0.678691 0.512238
v -0.616490 0.679130 0.510113
v -0.607646 0.681728 0.511482
v -0.600714 0.685962 0.516161
v -0.597126 0.690989 0.523265
v -0.597649 0.695838 0.531330
v -0.601802 0.709681 0.534541
v -0.609427 0.712142 0.539436
v -0.618666 0.713401 0.540648
v -0.627669 0.713155 0.537933
v -0.634613 0.711431 0.531862
v -0.638129 0.708599 0.523688
v -0.637576 0.705261 0.515032
v -0.633106 0.702094 0.507558
v -0.625591 0.699717 0.502686
v -0.616462 0.698576 0.501369
v -0.607482 0.698880 0.503916
v -0.600444 0.700561 0.509890
v -0.596797 0.703284 0.518122
v -0.597290 0.706527 0.526935
v -0.599232 0.721348 0.531788
v -0.606708 0.724170 0.536543
v -0.615698 0.726526 0.537485
v -0.624445 0.727939 0.534366
v -0.631161 0.728114 0.527771
v -0.634469 0.727023 0.519049
v -0.633747 0.724898 0.509983
v -0.629200 0.722161 0.502345
v -0.621723 0.719334 0.497590
v -0.612736 0.716966 0.496652
v -0.603994 0.715543 0.499773
v -0.597278 0.715368 0.506368
v -0.593966 0.716471 0.515088
v -0.594686 0.718607 0.524153
v -0.595959 0.689323 0.549506
v -0.602950 0.690232 0.555905
v -0.610064 0.686991 0.561237
v -0.615835 0.680333 0.564475
v -0.619148 0.671633 0.565039
v -0.619410 0.662610 0.562854
v -0.616615 0.655010 0.558347
v -0.611329 0.650295 0.552387
v -0.604581 0.649370 0.546121
v -0.597665 0.652414 0.540769
v -0.591902 0.658851 0.537382
v -0.588408 0.667463 0.536653
v -0.587907 0.676595 0.538773
v -0.590580 0.684428 0.543365
v -0.540526 0.693094 0.603211
v -0.546239 0.694376 0.610663
v -0.549656 0.692238 0.619233
v -0.550138 0.687108 0.627113
v -0.547680 0.680043 0.632714
v -0.542808 0.672472 0.635000
v -0.536456 0.665887 0.633605
v -0.529822 0.661564 0.628841
v -0.524170 0.660331 0.621632
v -0.520600 0.662427 0.613348
v -0.519848 0.667449 0.605566
v -0.522135 0.674423 0.599791
v -0.527073 0.681990 0.597198
v -0.533668 0.688663 0.598397
v -0.535895 0.699585 0.604991
v -0.541079 0.701483 0.612642
v -0.543041 0.701135 0.621856
v -0.541421 0.698567 0.630766
v -0.536604 0.694268 0.637561
v -0.529592 0.689136 0.640925
v -0.521756 0.684224 0.640269
v -0.514585 0.680503 0.635771
v -0.509436 0.678691 0.628307
v -0.507311 0.679130 0.619293
v -0.508680 0.681728 0.610448
v -0.513359 0.685962 0.603517
v -0.520463 0.690989 0.599929
v -0.528527 0.695838 0.600451
v -0.531739 0.709681 0.604605
v -0.536633 0.712142 0.612230
v -0.537845 0.713401 0.621469
v -0.535130 0.713155 0.630472
v -0.529060 0.711431 0.637416
v -0.520885 0.708599 0.640932
v -0.512229 0.705261 0.640378
v -0.504755 0.702094 0.635909
v -0.499883 0.699716 0.628393
v -0.498566 0.698576 0.619264
v -0.501113 0.698880 0.610285
v -0.507087 0.700561 0.603247
v -0.515319 0.703284 0.599600
v -0.524132 0.706527 0.600093
v -0.528985 0.721348 0.602034
v -0.533741 0.724170 0.609511
v -0.534683 0.726526 0.618501
v -0.531564 0.727939 0.627248
v -0.524968 0.728114 0.633964
v -0.516247 0.727023 0.637272
v -0.507180 0.724898 0.636550
v -0.499543 0.722161 0.632002
v -0.494788 0.719334 0.624525
v -0.493850 0.716966 0.615539
v -0.496970 0.715543 0.606797
v -0.503565 0.715368 0.600080
v -0.512285 0.716471 0.596769
v -0.521350 0.718607 0.597489
v -0.546703 0.689323 0.598761
v -0.553102 0.690232 0.605752
v -0.558434 0.686991 0.612867
v -0.561672 0.680333 0.618638
v -0.562237 0.671633 0.621951
v -0.560051 0.662610 0.622213
v -0.555545 0.655010 0.619417
v -0.549584 0.650295 0.614132
v -0.543319 0.649370 0.607384
v -0.537966 0.652414 0.600468
v -0.534580 0.658851 0.594704
v -0.533850 0.667463 0.591211
v -0.535970 0.676595 0.590710
v -0.540562 0.684428 0.593382
v -0.490285 0.838408 0.611643
v -0.498565 0.839633 0.609127
v -0.497339 0.831418 0.574805
v -0.489005 0.829291 0.573536
v -0.481944 0.836294 0.610361
v -0.504123 0.834006 0.579540
v -0.475163 0.833713 0.605616
v -0.471206 0.831151 0.598339
v -0.508091 0.836563 0.586816
v -0.470849 0.829101 0.589892
v -0.508460 0.838600 0.595273
v -0.474236 0.827986 0.581917
v -0.505075 0.839703 0.603263
v -0.480737 0.828055 0.576059
v -0.608840 0.838408 0.493088
v -0.606324 0.839633 0.501368
v -0.572002 0.831418 0.500142
v -0.570734 0.829291 0.491808
v -0.607558 0.836294 0.484747
v -0.576737 0.834006 0.506925
v -0.602813 0.833713 0.477966
v -0.595536 0.831151 0.474009
v -0.584013 0.836563 0.510894
v -0.587089 0.829101 0.473652
v -0.592471 0.838600 0.511262
v -0.579114 0.827986 0.477038
v -0.600460 0.839703 0.507877
v -0.573256 0.828055 0.483540
v -0.576845 0.955965 -0.397340
v -0.393695 0.955965 -0.580489
v -0.608759 0.599073 -0.404579
v -0.400935 0.599073 -0.612403
v -0.647876 0.863747 -0.474038
v -0.603305 0.930006 -0.448493
v -0.444849 0.930006 -0.606950
v -0.470394 0.863747 -0.651520
v -0.554007 0.955965 -0.420177
v -0.416533 0.955965 -0.557651
v -0.428998 0.599073 -0.584340
v -0.580696 0.599073 -0.432642
v -0.630480 0.863747 -0.491435
v -0.487790 0.863747 -0.634124
v -0.459006 0.930006 -0.592792
v -0.589148 0.930006 -0.462650
v -0.649420 0.835595 -0.475583
v -0.471938 0.835595 -0.653064
v -0.388273 0.829902 -0.599742
v -0.459821 0.617566 -0.642774
v -0.639130 0.617566 -0.463466
v -0.486123 0.617566 -0.616473
v -0.612829 0.617566 -0.489767
v -0.386629 0.859879 -0.598097
v -0.594453 0.859879 -0.390273
v -0.483544 0.883630 -0.617330
v -0.487930 0.866922 -0.630624
v -0.485862 0.878120 -0.620842
v -0.487468 0.872004 -0.625708
v -0.627813 0.883687 -0.473000
v -0.643386 0.866958 -0.475130
v -0.631641 0.878153 -0.475028
v -0.637342 0.872030 -0.475807
v -0.397733 0.882348 -0.584527
v -0.390357 0.863797 -0.593939
v -0.396950 0.876125 -0.585993
v -0.394251 0.869334 -0.589438
v -0.626980 0.866922 -0.491575
v -0.613686 0.883630 -0.487188
v -0.622064 0.872004 -0.491112
v -0.617198 0.878120 -0.489507
v -0.580883 0.882348 -0.401378
v -0.590294 0.863797 -0.394002
v -0.582349 0.876125 -0.400594
v -0.585794 0.869334 -0.397895
v -0.471486 0.866958 -0.647030
v -0.469356 0.883687 -0.631457
v -0.472163 0.872030 -0.640986
v -0.471384 0.878153 -0.635286
v -0.633114 0.815719 -0.494069
v -0.618360 0.835595 -0.506643
v -0.631000 0.854255 -0.491955
v -0.645258 0.835595 -0.479744
v -0.502999 0.835595 -0.622004
v -0.490425 0.815719 -0.636758
v -0.476100 0.835595 -0.648903
v -0.488311 0.854255 -0.634645
v -0.589666 0.820679 -0.490647
v -0.604420 0.800803 -0.478073
v -0.474429 0.800803 -0.608064
v -0.487003 0.820679 -0.593310
v -0.649121 0.769654 -0.474422
v -0.650109 0.806925 -0.476271
v -0.650006 0.788252 -0.475916
v -0.472627 0.806925 -0.653753
v -0.470777 0.769654 -0.652765
v -0.472272 0.788252 -0.653650
v -0.488051 0.769536 -0.633552
v -0.489922 0.806837 -0.636576
v -0.488936 0.788163 -0.635532
v -0.632932 0.806837 -0.493566
v -0.629908 0.769536 -0.491695
v -0.631888 0.788163 -0.492580
v -0.543328 0.693094 -0.600408
v -0.549042 0.694376 -0.607861
v -0.552459 0.692238 -0.616431
v -0.552940 0.687108 -0.624311
v -0.550483 0.680043 -0.629911
v -0.545611 0.672472 -0.632197
v -0.539258 0.665887 -0.630802
v -0.532625 0.661564 -0.626038
v -0.526973 0.660331 -0.618829
v -0.523403 0.662427 -0.610546
v -0.522651 0.667449 -0.602764
v -0.524938 0.674423 -0.596988
v -0.529876 0.681990 -0.594395
v -0.536471 0.688663 -0.595595
v -0.538697 0.699585 -0.602189
v -0.543881 0.701483 -0.609839
v -0.545844 0.701135 -0.619053
v -0.544224 0.698566 -0.627963
v -0.539407 0.694268 -0.634758
v -0.532394 0.689136 -0.638122
v -0.524558 0.684223 -0.637466
v -0.517387 0.680503 -0.632968
v -0.512238 0.678691 -0.625505
v -0.510113 0.679130 -0.616490
v -0.511482 0.681728 -0.607646
v -0.516161 0.685962 -0.600714
v -0.523265 0.690989 -0.597126
v -0.531329 0.695838 -0.597649
v -0.534541 0.709681 -0.601802
v -0.539436 0.712142 -0.609427
v -0.540648 0.713400 -0.618667
v -0.537933 0.713155 -0.627669
v -0.531862 0.711431 -0.634613
v -0.523687 0.708599 -0.638129
v -0.515032 0.705261 -0.637576
v -0.507558 0.702094 -0.633106
v -0.502686 0.699716 -0.625591
v -0.501368 0.698576 -0.616462
v -0.503915 0.698880 -0.607482
v -0.509889 0.700561 -0.600444
v -0.518122 0.703284 -0.596798
v -0.526934 0.706527 -0.597290
v -0.531788 0.721348 -0.599232
v -0.536543 0.724170 -0.606708
v -0.537485 0.726526 -0.615698
v -0.534366 0.727939 -0.624445
v -0.527771 0.728114 -0.631161
v -0.519049 0.727023 -0.634469
v -0.509983 0.724898 -0.633747
v -0.502345 0.722161 -0.629200
v -0.497590 0.719334 -0.621723
v -0.496652 0.716966 -0.612736
v -0.499773 0.715543 -0.603994
v -0.506368 0.715368 -0.597278
v -0.515088 0.716470 -0.593966
v -0.524153 0.718607 -0.594686
v -0.549506 0.689323 -0.595959
v -0.555905 0.690232 -0.602950
v -0.561237 0.686991 -0.610064
v -0.564475 0.680333 -0.615835
v -0.565039 0.671633 -0.619148
v -0.562854 0.662610 -0.619410
v -0.558347 0.655009 -0.616615
v -0.552387 0.650295 -0.611329
v -0.546121 0.649370 -0.604581
v -0.540769 0.652414 -0.597665
v -0.537382 0.658851 -0.591902
v -0.536653 0.667463 -0.588408
v -0.538773 0.676595 -0.587907
v -0.543365 0.684428 -0.590580
v -0.603210 0.693094 -0.540526
v -0.610663 0.694376 -0.546239
v -0.619233 0.692238 -0.549656
v -0.627113 0.687108 -0.550138
v -0.632714 0.680043 -0.547680
v -0.635000 0.672472 -0.542808
v -0.633604 0.665887 -0.536456
v -0.628841 0.661564 -0.529822
v -0.621632 0.660331 -0.524170
v -0.613348 0.662427 -0.520600
v -0.605566 0.667448 -0.519849
v -0.599791 0.674423 -0.522136
v -0.597198 0.681990 -0.527073
v -0.598397 0.688663 -0.533668
v -0.604991 0.699585 -0.535895
v -0.612642 0.701483 -0.541079
v -0.621856 0.701135 -0.543041
v -0.630765 0.698566 -0.541421
v -0.637561 0.694268 -0.536604
v -0.640925 0.689136 -0.529592
v -0.640268 0.684223 -0.521756
v -0.635771 0.680503 -0.514585
v -0.628307 0.678691 -0.509436
v -0.619293 0.679130 -0.507311
v -0.610448 0.681728 -0.508680
v -0.603517 0.685962 -0.513359
v -0.599929 0.690989 -0.520463
v -0.600451 0.695838 -0.528527
v -0.604605 0.709681 -0.531739
v -0.612230 0.712142 -0.536633
v -0.621469 0.713400 -0.537845
v -0.630472 0.713155 -0.535130
v -0.637416 0.711431 -0.529060
v -0.640932 0.708599 -0.520885
v -0.640378 0.705261 -0.512229
v -0.635908 0.702094 -0.504755
v -0.628393 0.699716 -0.499883
v -0.619264 0.698576 -0.498566
v -0.610285 0.698880 -0.501113
v -0.603247 0.700561 -0.507087
v -0.599600 0.703284 -0.515319
v -0.600093 0.706527 -0.524132
v -0.602034 0.721348 -0.528985
v -0.609511 0.724170 -0.533741
v -0.618501 0.726526 -0.534683
v -0.627247 0.727939 -0.531564
v -0.633963 0.728114 -0.524968
v -0.637271 0.727023 -0.516247
v -0.636550 0.724898 -0.507180
v -0.632002 0.722161 -0.499543
v -0.624525 0.719334 -0.494788
v -0.615539 0.716966 -0.493850
v -0.606797 0.715543 -0.496970
v -0.600080 0.715368 -0.503565
v -0.596769 0.716470 -0.512286
v -0.597488 0.718607 -0.521350
v -0.598761 0.689323 -0.546703
v -0.605752 0.690232 -0.553103
v -0.612867 0.686991 -0.558435
v -0.618638 0.680333 -0.561672
v -0.621951 0.671633 -0.562237
v -0.622212 0.662610 -0.560051
v -0.619417 0.655009 -0.555545
v -0.614132 0.650295 -0.549584
v -0.607384 0.649370 -0.543319
v -0.600468 0.652414 -0.537966
v -0.594704 0.658851 -0.534580
v -0.591211 0.667463 -0.533850
v -0.590710 0.676595 -0.535970
v -0.593382 0.684428 -0.540562
v -0.611642 0.838408 -0.490285
v -0.609127 0.839633 -0.498565
v -0.574805 0.831418 -0.497339
v -0.573536 0.829291 -0.489005
v -0.610361 0.836294 -0.481944
v -0.579540 0.834006 -0.504123
v -0.605616 0.833713 -0.475164
v -0.598339 0.831151 -0.471206
v -0.586816 0.836563 -0.508091
v -0.589892 0.829101 -0.470849
v -0.595273 0.838600 -0.508460
v -0.581916 0.827986 -0.474236
v -0.603263 0.839703 -0.505075
v -0.576058 0.828055 -0.480737
v -0.493088 0.838408 -0.608840
v -0.501368 0.839633 -0.606324
v -0.500142 0.831418 -0.572002
v -0.491808 0.829291 -0.570734
v -0.484747 0.836294 -0.607559
v -0.506925 0.834006 -0.576737
v -0.477966 0.833713 -0.602814
v -0.474009 0.831151 -0.595536
v -0.510893 0.836563 -0.584013
v -0.473651 0.829101 -0.587089
v -0.511262 0.838600 -0.592471
v -0.477038 0.827986 -0.579114
v -0.507877 0.839703 -0.600460
v -0.483540 0.828055 -0.573256
v 0.397339 3.066705 0.576845
v 0.580489 3.066705 0.393696
v 0.404578 3.423596 0.608759
v 0.612403 3.423596 0.400935
v 0.474038 3.158922 0.647876
v 0.448493 3.092663 0.603306
v 0.606949 3.092663 0.444849
v 0.651520 3.158922 0.470394
v 0.420177 3.066704 0.554007
v 0.557651 3.066704 0.416533
v 0.584340 3.423596 0.428998
v 0.432642 3.423596 0.580696
v 0.491434 3.158922 0.630480
v 0.634124 3.158922 0.487791
v 0.592792 3.092663 0.459006
v 0.462650 3.092663 0.589148
v 0.475582 3.187074 0.649420
v 0.653064 3.187074 0.471939
v 0.599741 3.192768 0.388273
v 0.642774 3.405104 0.459822
v 0.463465 3.405104 0.639130
v 0.616473 3.405104 0.486123
v 0.489767 3.405104 0.612829
v 0.598097 3.162791 0.386629
v 0.390273 3.162791 0.594453
v 0.617330 3.139039 0.483544
v 0.630624 3.155747 0.487931
v 0.620842 3.144549 0.485863
v 0.625708 3.150665 0.487468
v 0.473000 3.138982 0.627813
v 0.475130 3.155711 0.643386
v 0.475028 3.144516 0.631642
v 0.475807 3.150639 0.637342
v 0.584527 3.140321 0.397734
v 0.593938 3.158872 0.390358
v 0.585993 3.146544 0.396951
v 0.589438 3.153335 0.394251
v 0.491574 3.155747 0.626980
v 0.487188 3.139039 0.613686
v 0.491112 3.150665 0.622064
v 0.489506 3.144549 0.617198
v 0.401377 3.140321 0.580883
v 0.394001 3.158872 0.590295
v 0.400594 3.146544 0.582349
v 0.397894 3.153335 0.585794
v 0.647030 3.155711 0.471486
v 0.631457 3.138982 0.469356
v 0.640985 3.150639 0.472163
v 0.635285 3.144516 0.471384
v 0.494069 3.206950 0.633114
v 0.506643 3.187074 0.618360
v 0.491955 3.168414 0.631001
v 0.479744 3.187074 0.645259
v 0.622004 3.187074 0.502999
v 0.636758 3.206951 0.490425
v 0.648902 3.187074 0.476100
v 0.634644 3.168414 0.488311
v 0.490647 3.201990 0.589666
v 0.478073 3.221867 0.604420
v 0.608064 3.221867 0.474429
v 0.593310 3.201990 0.487003
v 0.474421 3.253015 0.649121
v 0.476271 3.215744 0.650109
v 0.475916 3.234417 0.650006
v 0.653753 3.215744 0.472627
v 0.652765 3.253015 0.470777
v 0.653650 3.234417 0.472272
v 0.633552 3.253133 0.488051
v 0.636576 3.215832 0.489922
v 0.635531 3.234506 0.488936
v 0.493566 3.215832 0.632932
v 0.491695 3.253133 0.629908
v 0.492580 3.234506 0.631888
v 0.600408 3.329575 0.543328
v 0.607861 3.328294 0.549042
v 0.616430 3.330431 0.552459
v 0.624311 3.335561 0.552940
v 0.629911 3.342627 0.550483
v 0.632197 3.350198 0.545611
v 0.630802 3.356782 0.539258
v 0.626038 3.361106 0.532625
v 0.618829 3.362339 0.526973
v 0.610546 3.360243 0.523403
v 0.602763 3.355221 0.522651
v 0.596988 3.348246 0.524938
v 0.594395 3.340679 0.529876
v 0.595595 3.334007 0.536471
v 0.602189 3.323084 0.538698
v 0.609839 3.321187 0.543882
v 0.619053 3.321534 0.545844
v 0.627963 3.324103 0.544224
v 0.634758 3.328401 0.539407
v 0.638122 3.333533 0.532394
v 0.637466 3.338446 0.524558
v 0.632968 3.342167 0.517388
v 0.625505 3.343978 0.512238
v 0.616490 3.343539 0.510113
v 0.607646 3.340942 0.511482
v 0.600714 3.336707 0.516161
v 0.597126 3.331680 0.523265
v 0.597649 3.326832 0.531330
v 0.601802 3.312989 0.534541
v 0.609427 3.310528 0.539436
v 0.618666 3.309269 0.540648
v 0.627669 3.309514 0.537933
v 0.634613 3.311238 0.531862
v 0.638129 3.314070 0.523688
v 0.637576 3.317409 0.515032
v 0.633106 3.320575 0.507558
v 0.625591 3.322953 0.502686
v 0.616462 3.324094 0.501369
v 0.607482 3.323789 0.503916
v 0.600444 3.322109 0.509890
v 0.596797 3.319385 0.518122
v 0.597290 3.316142 0.526935
v 0.599232 3.301321 0.531788
v 0.606708 3.298499 0.536543
v 0.615698 3.296143 0.537485
v 0.624445 3.294730 0.534366
v 0.631161 3.294555 0.527771
v 0.634469 3.295647 0.519049
v 0.633747 3.297771 0.509983
v 0.629200 3.300508 0.502345
v 0.621723 3.303335 0.497590
v 0.612736 3.305703 0.496652
v 0.603994 3.307126 0.499773
v 0.597278 3.307301 0.506368
v 0.593966 3.306199 0.515088
v 0.594686 3.304062 0.524153
v 0.595959 3.333346 0.549506
v 0.602950 3.332438 0.555905
v 0.610064 3.335679 0.561237
v 0.615835 3.342336 0.564475
v 0.619148 3.351036 0.565039
v 0.619410 3.360060 0.562854
v 0.616615 3.367660 0.558347
v 0.611329 3.372375 0.552387
v 0.604581 3.373299 0.546121
v 0.597665 3.370255 0.540769
v 0.591902 3.363818 0.537382
v 0.588408 3.355206 0.536653
v 0.587907 3.346074 0.538773
v 0.590580 3.338242 0.543365
v 0.540526 3.329575 0.603211
v 0.546239 3.328294 0.610663
v 0.549656 3.330431 0.619233
v 0.550138 3.335561 0.627113
v 0.547680 3.342627 0.632714
v 0.542808 3.350198 0.635000
v 0.536456 3.356782 0.633605
v 0.529822 3.361106 0.628841
v 0.524170 3.362339 0.621632
v 0.520600 3.360243 0.613348
v 0.519848 3.355221 0.605566
v 0.522135 3.348246 0.599791
v 0.527073 3.340679 0.597198
v 0.533668 3.334007 0.598397
v 0.535895 3.323084 0.604991
v 0.541079 3.321187 0.612642
v 0.543041 3.321534 0.621856
v 0.541421 3.324103 0.630766
v 0.536604 3.328401 0.637561
v 0.529592 3.333533 0.640925
v 0.521756 3.338446 0.640269
v 0.514585 3.342167 0.635771
v 0.509436 3.343978 0.628307
v 0.507311 3.343539 0.619293
v 0.508680 3.340942 0.610448
v 0.513359 3.336707 0.603517
v 0.520463 3.331680 0.599929
v 0.528527 3.326832 0.600451
v 0.531739 3.312989 0.604605
v 0.536633 3.310528 0.612230
v 0.537845 3.309269 0.621469
v 0.535130 3.309514 0.630472
v 0.529060 3.311238 0.637416
v 0.520885 3.314070 0.640932
v 0.512229 3.317409 0.640378
v 0.504755 3.320575 0.635909
v 0.499883 3.322953 0.628393
v 0.498566 3.324094 0.619264
v 0.501113 3.323789 0.610285
v 0.507087 3.322109 0.603247
v 0.515319 3.319385 0.599600
v 0.524132 3.316142 0.600093
v 0.528985 3.301321 0.602034
v 0.533741 3.298499 0.609511
v 0.534683 3.296143 0.618501
v 0.531564 3.294730 0.627248
v 0.524968 3.294555 0.633964
v 0.516247 3.295647 0.637272
v 0.507180 3.297771 0.636550
v 0.499543 3.300508 0.632002
v 0.494788 3.303335 0.624525
v 0.493850 3.305703 0.615539
v 0.496970 3.307127 0.606797
v 0.503565 3.307301 0.600080
v 0.512285 3.306199 0.596769
v 0.521350 3.304062 0.597489
v 0.546703 3.333346 0.598761
v 0.553102 3.332438 0.605752
v 0.558434 3.335679 0.612867
v 0.561672 3.342336 0.618638
v 0.562237 3.351036 0.621951
v 0.560051 3.360060 0.622213
v 0.555545 3.367660 0.619417
v 0.549584 3.372375 0.614132
v 0.543319 3.373299 0.607384
v 0.537966 3.370255 0.600468
v 0.534580 3.363818 0.594704
v 0.533850 3.355206 0.591211
v 0.535970 3.346074 0.590710
v 0.540562 3.338242 0.593382
v 0.490285 3.184261 0.611643
v 0.498565 3.183036 0.609127
v 0.497339 3.191251 0.574805
v 0.489005 3.193378 0.573536
v 0.481944 3.186375 0.610361
v 0.504123 3.188663 0.579540
v 0.475163 3.188956 0.605616
v 0.471206 3.191518 0.598339
v 0.508091 3.186106 0.586816
v 0.470849 3.193568 0.589892
v 0.508460 3.184069 0.595273
v 0.474236 3.194683 0.581917
v 0.505075 3.182966 0.603263
v 0.480737 3.194614 0.576059
v 0.608840 3.184261 0.493088
v 0.606324 3.183036 0.501368
v 0.572002 3.191251 0.500142
v 0.570734 3.193378 0.491808
v 0.607558 3.186375 0.484747
v 0.576737 3.188663 0.506925
v 0.602813 3.188956 0.477966
v 0.595536 3.191518 0.474009
v 0.584013 3.186106 0.510894
v 0.587089 3.193568 0.473652
v 0.592471 3.184069 0.511262
v 0.579114 3.194683 0.477038
v 0.600460 3.182966 0.507877
v 0.573256 3.194614 0.483540
v 0.576845 3.066705 -0.397340
v 0.393695 3.066705 -0.580489
v 0.608759 3.423596 -0.404579
v 0.400935 3.423596 -0.612403
v 0.647876 3.158922 -0.474038
v 0.603305 3.092663 -0.448493
v 0.444849 3.092663 -0.606950
v 0.470394 3.158922 -0.651520
v 0.554007 3.066705 -0.420177
v 0.416533 3.066705 -0.557651
v 0.428998 3.423596 -0.584340
v 0.580696 3.423596 -0.432642
v 0.630480 3.158922 -0.491435
v 0.487790 3.158922 -0.634124
v 0.459006 3.092663 -0.592792
v 0.589148 3.092663 -0.462650
v 0.649420 3.187074 -0.475583
v 0.471938 3.187074 -0.653064
v 0.388273 3.192768 -0.599742
v 0.459821 3.405104 -0.642774
v 0.639130 3.405104 -0.463466
v 0.486123 3.405104 -0.616473
v 0.612829 3.405104 -0.489767
v 0.386629 3.162791 -0.598097
v 0.594453 3.162791 -0.390273
v 0.483544 3.139039 -0.617330
v 0.487930 3.155747 -0.630624
v 0.485862 3.144549 -0.620842
v 0.487468 3.150665 -0.625708
v 0.627813 3.138982 -0.473000
v 0.643386 3.155711 -0.475130
v 0.631641 3.144516 -0.475028
v 0.637342 3.150639 -0.475807
v 0.397733 3.140321 -0.584527
v 0.390357 3.158872 -0.593939
v 0.396950 3.146544 -0.585993
v 0.394251 3.153335 -0.589438
v 0.626980 3.155747 -0.491575
v 0.613686 3.139039 -0.487188
v 0.622064 3.150665 -0.491112
v 0.617198 3.144549 -0.489507
v 0.580883 3.140321 -0.401378
v 0.590294 3.158872 -0.394002
v 0.582349 3.146544 -0.400594
v 0.585794 3.153335 -0.397895
v 0.471486 3.155711 -0.647030
v 0.469356 3.138982 -0.631457
v 0.472163 3.150639 -0.640986
v 0.471384 3.144516 -0.635286
v 0.633114 3.206951 -0.494069
v 0.618360 3.187074 -0.506643
v 0.631000 3.168414 -0.491955
v 0.645258 3.187074 -0.479744
v 0.502999 3.187074 -0.622004
v 0.490425 3.206951 -0.636758
v 0.476100 3.187074 -0.648903
v 0.488311 3.168414 -0.634645
v 0.589666 3.201990 -0.490647
v 0.604420 3.221867 -0.478073
v 0.474429 3.221867 -0.608064
v 0.487003 3.201990 -0.593310
v 0.649121 3.253015 -0.474422
v 0.650109 3.215744 -0.476271
v 0.650006 3.234417 -0.475916
v 0.472627 3.215744 -0.653753
v 0.470777 3.253015 -0.652765
v 0.472272 3.234417 -0.653650
v 0.488051 3.253133 -0.633552
v 0.489922 3.215833 -0.636576
v 0.488936 3.234506 -0.635532
v 0.632932 3.215833 -0.493566
v 0.629908 3.253133 -0.491695
v 0.631888 3.234506 -0.492580
v 0.543328 3.329575 -0.600408
v 0.549042 3.328294 -0.607861
v 0.552459 3.330431 -0.616431
v 0.552940 3.335561 -0.624311
v 0.550483 3.342627 -0.629911
v 0.545611 3.350198 -0.632197
v 0.539258 3.356782 -0.630802
v 0.532625 3.361106 -0.626038
v 0.526973 3.362339 -0.618829
v 0.523403 3.360243 -0.610546
v 0.522651 3.355221 -0.602764
v 0.524938 3.348246 -0.596988
v 0.529876 3.340679 -0.594395
v 0.536471 3.334007 -0.595595
v 0.538697 3.323084 -0.602189
v 0.543881 3.321187 -0.609839
v 0.545844 3.321534 -0.619053
v 0.544224 3.324103 -0.627963
v 0.539407 3.328401 -0.634758
v 0.532394 3.333533 -0.638122
v 0.524558 3.338446 -0.637466
v 0.517387 3.342167 -0.632968
v 0.512238 3.343978 -0.625505
v 0.510113 3.343539 -0.616490
v 0.511482 3.340942 -0.607646
v 0.516161 3.336707 -0.600714
v 0.523265 3.331680 -0.597126
v 0.531329 3.326832 -0.597649
v 0.534541 3.312989 -0.601802
v 0.539436 3.310528 -0.609427
v 0.540648 3.309269 -0.618667
v 0.537933 3.309514 -0.627669
v 0.531862 3.311238 -0.634613
v 0.523687 3.314070 -0.638129
v 0.515032 3.317409 -0.637576
v 0.507558 3.320575 -0.633106
v 0.502686 3.322953 -0.625591
v 0.501368 3.324094 -0.616462
v 0.503915 3.323789 -0.607482
v 0.509889 3.322109 -0.600444
v 0.518122 3.319385 -0.596798
v 0.526934 3.316142 -0.597290
v 0.531788 3.301321 -0.599232
v 0.536543 3.298499 -0.606708
v 0.537485 3.296143 -0.615698
v 0.534366 3.294730 -0.624445
v 0.527771 3.294555 -0.631161
v 0.519049 3.295647 -0.634469
v 0.509983 3.297771 -0.633747
v 0.502345 3.300508 -0.629200
v 0.497590 3.303335 -0.621723
v 0.496652 3.305703 -0.612736
v 0.499773 3.307127 -0.603994
v 0.506368 3.307301 -0.597278
v 0.515088 3.306199 -0.593966
v 0.524153 3.304062 -0.594686
v 0.549506 3.333346 -0.595959
v 0.555905 3.332438 -0.602950
v 0.561237 3.335679 -0.610064
v 0.564475 3.342336 -0.615835
v 0.565039 3.351036 -0.619148
v 0.562854 3.360060 -0.619410
v 0.558347 3.367660 -0.616615
v 0.552387 3.372375 -0.611329
v 0.546121 3.373299 -0.604581
v 0.540769 3.370255 -0.597665
v 0.537382 3.363818 -0.591902
v 0.536653 3.355206 -0.588408
v 0.538773 3.346074 -0.587907
v 0.543365 3.338242 -0.590580
v 0.603210 3.329575 -0.540526
v 0.610663 3.328294 -0.546239
v 0.619233 3.330431 -0.549656
v 0.627113 3.335561 -0.550138
v 0.632714 3.342627 -0.547680
v 0.635000 3.350198 -0.542808
v 0.633604 3.356782 -0.536456
v 0.628841 3.361106 -0.529822
v 0.621632 3.362339 -0.524170
v 0.613348 3.360243 -0.520600
v 0.605566 3.355221 -0.519849
v 0.599791 3.348246 -0.522136
v 0.597198 3.340679 -0.527073
v 0.598397 3.334007 -0.533668
v 0.604991 3.323084 -0.535895
v 0.612642 3.321187 -0.541079
v 0.621856 3.321535 -0.543041
v 0.630765 3.324103 -0.541421
v 0.637561 3.328401 -0.536604
v 0.640925 3.333533 -0.529592
v 0.640268 3.338446 -0.521756
v 0.635771 3.342167 -0.514585
v 0.628307 3.343978 -0.509436
v 0.619293 3.343539 -0.507311
v 0.610448 3.340942 -0.508680
v 0.603517 3.336707 -0.513359
v 0.599929 3.331680 -0.520463
v 0.600451 3.326832 -0.528527
v 0.604605 3.312989 -0.531739
v 0.612230 3.310528 -0.536633
v 0.621469 3.309269 -0.537845
v 0.630472 3.309515 -0.535130
v 0.637416 3.311238 -0.529060
v 0.640932 3.314070 -0.520885
v 0.640378 3.317409 -0.512229
v 0.635908 3.320575 -0.504755
v 0.628393 3.322953 -0.499883
v 0.619264 3.324094 -0.498566
v 0.610285 3.323789 -0.501113
v 0.603247 3.322109 -0.507087
v 0.599600 3.319385 -0.515319
v 0.600093 3.316142 -0.524132
v 0.602034 3.301321 -0.528985
v 0.609511 3.298499 -0.533741
v 0.618501 3.296143 -0.534683
v 0.627247 3.294730 -0.531564
v 0.633963 3.294555 -0.524968
v 0.637271 3.295647 -0.516247
v 0.636550 3.297771 -0.507180
v 0.632002 3.300508 -0.499543
v 0.624525 3.303335 -0.494788
v 0.615539 3.305703 -0.493850
v 0.606797 3.307127 -0.496970
v 0.600080 3.307301 -0.503565
v 0.596769 3.306199 -0.512286
v 0.597488 3.304062 -0.521350
v 0.598761 3.333346 -0.546703
v 0.605752 3.332438 -0.553103
v 0.612867 3.335679 -0.558435
v 0.618638 3.342336 -0.561672
v 0.621951 3.351036 -0.562237
v 0.622212 3.360060 -0.560051
v 0.619417 3.367660 -0.555545
v 0.614132 3.372375 -0.549584
v 0.607384 3.373299 -0.543319
v 0.600468 3.370255 -0.537966
v 0.594704 3.363818 -0.534580
v 0.591211 3.355206 -0.533850
v 0.590710 3.346074 -0.535970
v 0.593382 3.338242 -0.540562
v 0.611642 3.184261 -0.490285
v 0.609127 3.183037 -0.498565
v 0.574805 3.191251 -0.497339
v 0.573536 3.193379 -0.489005
v 0.610361 3.186375 -0.481944
v 0.579540 3.188663 -0.504123
v 0.605616 3.188956 -0.475164
v 0.598339 3.191518 -0.471206
v 0.586816 3.186106 -0.508091
v 0.589892 3.193568 -0.470849
v 0.595273 3.184069 -0.508460
v 0.581916 3.194683 -0.474236
v 0.603263 3.182966 -0.505075
v 0.576058 3.194614 -0.480737
v 0.493088 3.184261 -0.608840
v 0.501368 3.183037 -0.606324
v 0.500142 3.191251 -0.572002
v 0.491808 3.193379 -0.570734
v 0.484747 3.186375 -0.607559
v 0.506925 3.188663 -0.576737
v 0.477966 3.188956 -0.602814
v 0.474009 3.191518 -0.595536
v 0.510893 3.186106 -0.584013
v 0.473651 3.193568 -0.587089
v 0.511262 3.184069 -0.592471
v 0.477038 3.194683 -0.579114
v 0.507877 3.182966 -0.600460
v 0.483540 3.194614 -0.573256
v -0.397339 3.066705 0.576845
v -0.580489 3.066705 0.393696
v -0.404578 3.423596 0.608759
v -0.612403 3.423596 0.400935
v -0.474038 3.158922 0.647876
v -0.448493 3.092663 0.603306
v -0.606949 3.092663 0.444849
v -0.651520 3.158922 0.470394
v -0.420177 3.066704 0.554007
v -0.557651 3.066704 0.416533
v -0.584340 3.423596 0.428998
v -0.432642 3.423596 0.580696
v -0.491434 3.158922 0.630480
v -0.634124 3.158922 0.487791
v -0.592792 3.092663 0.459006
v -0.462650 3.092663 0.589148
v -0.475582 3.187074 0.649420
v -0.653064 3.187074 0.471939
v -0.599741 3.192768 0.388273
v -0.642774 3.405104 0.459822
v -0.463465 3.405104 0.639130
v -0.616473 3.405104 0.486123
v -0.489767 3.405104 0.612829
v -0.598097 3.162791 0.386629
v -0.390273 3.162791 0.594453
v -0.617330 3.139039 0.483544
v -0.630624 3.155747 0.487931
v -0.620842 3.144549 0.485863
v -0.625708 3.150665 0.487468
v -0.473000 3.138982 0.627813
v -0.475130 3.155711 0.643386
v -0.475028 3.144516 0.631642
v -0.475807 3.150639 0.637342
v -0.584527 3.140321 0.397734
v -0.593938 3.158872 0.390358
v -0.585993 3.146544 0.396951
v -0.589438 3.153335 0.394251
v -0.491574 3.155747 0.626980
v -0.487188 3.139039 0.613686
v -0.491112 3.150665 0.622064
v -0.489506 3.144549 0.617198
v -0.401377 3.140321 0.580883
v -0.394001 3.158872 0.590295
v -0.400594 3.146544 0.582349
v -0.397894 3.153335 0.585794
v -0.647030 3.155711 0.471486
v -0.631457 3.138982 0.469356
v -0.640985 3.150639 0.472163
v -0.635285 3.144516 0.471384
v -0.494069 3.206950 0.633114
v -0.506643 3.187074 0.618360
v -0.491955 3.168414 0.631001
v -0.479744 3.187074 0.645259
v -0.622004 3.187074 0.502999
v -0.636758 3.206951 0.490425
v -0.648902 3.187074 0.476100
v -0.634644 3.168414 0.488311
v -0.490647 3.201990 0.589666
v -0.478073 3.221867 0.604420
v -0.608064 3.221867 0.474429
v -0.593310 3.201990 0.487003
v -0.474421 3.253015 0.649121
v -0.476271 3.215744 0.650109
v -0.475916 3.234417 0.650006
v -0.653753 3.215744 0.472627
v -0.652765 3.253015 0.470777
v -0.653650 3.234417 0.472272
v -0.633552 3.253133 0.488051
v -0.636576 3.215832 0.489922
v -0.635531 3.234506 0.488936
v -0.493566 3.215832 0.632932
v -0.491695 3.253133 0.629908
v -0.492580 3.234506 0.631888
v -0.600408 3.329575 0.543328
v -0.607861 3.328294 0.549042
v -0.616430 3.330431 0.552459
v -0.624311 3.335561 0.552940
v -0.629911 3.342627 0.550483
v -0.632197 3.350198 0.545611
v -0.630802 3.356782 0.539258
v -0.626038 3.361106 0.532625
v -0.618829 3.362339 0.526973
v -0.610546 3.360243 0.523403
v -0.602763 3.355221 0.522651
v -0.596988 3.348246 0.524938
v -0.594395 3.340679 0.529876
v -0.595595 3.334007 0.536471
v -0.602189 3.323084 0.538698
v -0.609839 3.321187 0.543882
v -0.619053 3.321534 0.545844
v -0.627963 3.324103 0.544224
v -0.634758 3.328401 0.539407
v -0.638122 3.333533 0.532394
v -0.637466 3.338446 0.524558
v -0.632968 3.342167 0.517388
v -0.625505 3.343978 0.512238
v -0.616490 3.343539 0.510113
v -0.607646 3.340942 0.511482
v -0.600714 3.336707 0.516161
v -0.597126 3.331680 0.523265
v -0.597649 3.326832 0.531330
v -0.601802 3.312989 0.534541
v -0.609427 3.310528 0.539436
v -0.618666 3.309269 0.540648
v -0.627669 3.309514 0.537933
v -0.634613 3.311238 0.531862
v -0.638129 3.314070 0.523688
v -0.637576 3.317409 0.515032
v -0.633106 3.320575 0.507558
v -0.625591 3.322953 0.502686
v -0.616462 3.324094 0.501369
v -0.607482 3.323789 0.503916
v -0.600444 3.322109 0.509890
v -0.596797 3.319385 0.518122
v -0.597290 3.316142 0.526935
v -0.599232 3.301321 0.531788
v -0.606708 3.298499 0.536543
v -0.615698 3.296143 0.537485
v -0.624445 3.294730 0.534366
v -0.631161 3.294555 0.527771
v -0.634469 3.295647 0.519049
v -0.633747 3.297771 0.509983
v -0.629200 3.300508 0.502345
v -0.621723 3.303335 0.497590
v -0.612736 3.305703 0.496652
v -0.603994 3.307126 0.499773
v -0.597278 3.307301 0.506368
v -0.593966 3.306199 0.515088
v -0.594686 3.304062 0.524153
v -0.595959 3.333346 0.549506
v -0.602950 3.332438 0.555905
v -0.610064 3.335679 0.561237
v -0.615835 3.342336 0.564475
v -0.619148 3.351036 0.565039
v -0.619410 3.360060 0.562854
v -0.616615 3.367660 0.558347
v -0.611329 3.372375 0.552387
v -0.604581 3.373299 0.546121
v -0.597665 3.370255 0.540769
v -0.591902 3.363818 0.537382
v -0.588408 3.355206 0.536653
v -0.587907 3.346074 0.538773
v -0.590580 3.338242 0.543365
v -0.540526 3.329575 0.603211
v -0.546239 3.328294 0.610663
v -0.549656 3.330431 0.619233
v -0.550138 3.335561 0.627113
v -0.547680 3.342627 0.632714
v -0.542808 3.350198 0.635000
v -0.536456 3.356782 0.633605
v -0.529822 3.361106 0.628841
v -0.524170 3.362339 0.621632
v -0.520600 3.360243 0.613348
v -0.519848 3.355221 0.605566
v -0.522135 3.348246 0.599791
v -0.527073 3.340679 0.597198
v -0.533668 3.334007 0.598397
v -0.535895 3.323084 0.604991
v -0.541079 3.321187 0.612642
v -0.543041 3.321534 0.621856
v -0.541421 3.324103 0.630766
v -0.536604 3.328401 0.637561
v -0.529592 3.333533 0.640925
v -0.521756 3.338446 0.640269
v -0.514585 3.342167 0.635771
v -0.509436 3.343978 0.628307
v -0.507311 3.343539 0.619293
v -0.508680 3.340942 0.610448
v -0.513359 3.336707 0.603517
v -0.520463 3.331680 0.599929
v -0.528527 3.326832 0.600451
v -0.531739 3.312989 0.604605
v -0.536633 3.310528 0.612230
v -0.537845 3.309269 0.621469
v -0.535130 3.309514 0.630472
v -0.529060 3.311238 0.637416
v -0.520885 3.314070 0.640932
v -0.512229 3.317409 0.640378
v -0.504755 3.320575 0.635909
v -0.499883 3.322953 0.628393
v -0.498566 3.324094 0.619264
v -0.501113 3.323789 0.610285
v -0.507087 3.322109 0.603247
v -0.515319 3.319385 0.599600
v -0.524132 3.316142 0.600093
v -0.528985 3.301321 0.602034
v -0.533741 3.298499 0.609511
v -0.534683 3.296143 0.618501
v -0.531564 3.294730 0.627248
v -0.524968 3.294555 0.633964
v -0.516247 3.295647 0.637272
v -0.507180 3.297771 0.636550
v -0.499543 3.300508 0.632002
v -0.494788 3.303335 0.624525
v -0.493850 3.305703 0.615539
v -0.496970 3.307127 0.606797
v -0.503565 3.307301 0.600080
v -0.512285 3.306199 0.596769
v -0.521350 3.304062 0.597489
v -0.546703 3.333346 0.598761
v -0.553102 3.332438 0.605752
v -0.558434 3.335679 0.612867
v -0.561672 3.342336 0.618638
v -0.562237 3.351036 0.621951
v -0.560051 3.360060 0.622213
v -0.555545 3.367660 0.619417
v -0.549584 3.372375 0.614132
v -0.543319 3.373299 0.607384
v -0.537966 3.370255 0.600468
v -0.534580 3.363818 0.594704
v -0.533850 3.355206 0.591211
v -0.535970 3.346074 0.590710
v -0.540562 3.338242 0.593382
v -0.490285 3.184261 0.611643
v -0.498565 3.183036 0.609127
v -0.497339 3.191251 0.574805
v -0.489005 3.193378 0.573536
v -0.481944 3.186375 0.610361
v -0.504123 3.188663 0.579540
v -0.475163 3.188956 0.605616
v -0.471206 3.191518 0.598339
v -0.508091 3.186106 0.586816
v -0.470849 3.193568 0.589892
v -0.508460 3.184069 0.595273
v -0.474236 3.194683 0.581917
v -0.505075 3.182966 0.603263
v -0.480737 3.194614 0.576059
v -0.608840 3.184261 0.493088
v -0.606324 3.183036 0.501368
v -0.572002 3.191251 0.500142
v -0.570734 3.193378 0.491808
v -0.607558 3.186375 0.484747
v -0.576737 3.188663 0.506925
v -0.602813 3.188956 0.477966
v -0.595536 3.191518 0.474009
v -0.584013 3.186106 0.510894
v -0.587089 3.193568 0.473652
v -0.592471 3.184069 0.511262
v -0.579114 3.194683 0.477038
v -0.600460 3.182966 0.507877
v -0.573256 3.194614 0.483540
v -0.576845 3.066705 -0.397340
v -0.393695 3.066705 -0.580489
v -0.608759 3.423596 -0.404579
v -0.400935 3.423596 -0.612403
v -0.647876 3.158922 -0.474038
v -0.603305 3.092663 -0.448493
v -0.444849 3.092663 -0.606950
v -0.470394 3.158922 -0.651520
v -0.554007 3.066705 -0.420177
v -0.416533 3.066705 -0.557651
v -0.428998 3.423596 -0.584340
v -0.580696 3.423596 -0.432642
v -0.630480 3.158922 -0.491435
v -0.487790 3.158922 -0.634124
v -0.459006 3.092663 -0.592792
v -0.589148 3.092663 -0.462650
v -0.649420 3.187074 -0.475583
v -0.471938 3.187074 -0.653064
v -0.388273 3.192768 -0.599742
v -0.459821 3.405104 -0.642774
v -0.639130 3.405104 -0.463466
v -0.486123 3.405104 -0.616473
v -0.612829 3.405104 -0.489767
v -0.386629 3.162791 -0.598097
v -0.594453 3.162791 -0.390273
v -0.483544 3.139039 -0.617330
v -0.487930 3.155747 -0.630624
v -0.485862 3.144549 -0.620842
v -0.487468 3.150665 -0.625708
v -0.627813 3.138982 -0.473000
v -0.643386 3.155711 -0.475130
v -0.631641 3.144516 -0.475028
v -0.637342 3.150639 -0.475807
v -0.397733 3.140321 -0.584527
v -0.390357 3.158872 -0.593939
v -0.396950 3.146544 -0.585993
v -0.394251 3.153335 -0.589438
v -0.626980 3.155747 -0.491575
v -0.613686 3.139039 -0.487188
v -0.622064 3.150665 -0.491112
v -0.617198 3.144549 -0.489507
v -0.580883 3.140321 -0.401378
v -0.590294 3.158872 -0.394002
v -0.582349 3.146544 -0.400594
v -0.585794 3.153335 -0.397895
v -0.471486 3.155711 -0.647030
v -0.469356 3.138982 -0.631457
v -0.472163 3.150639 -0.640986
v -0.471384 3.144516 -0.635286
v -0.633114 3.206951 -0.494069
v -0.618360 3.187074 -0.506643
v -0.631000 3.168414 -0.491955
v -0.645258 3.187074 -0.479744
v -0.502999 3.187074 -0.622004
v -0.490425 3.206951 -0.636758
v -0.476100 3.187074 -0.648903
v -0.488311 3.168414 -0.634645
v -0.589666 3.201990 -0.490647
v -0.604420 3.221867 -0.478073
v -0.474429 3.221867 -0.608064
v -0.487003 3.201990 -0.593310
v -0.649121 3.253015 -0.474422
v -0.650109 3.215744 -0.476271
v -0.650006 3.234417 -0.475916
v -0.472627 3.215744 -0.653753
v -0.470777 3.253015 -0.652765
v -0.472272 3.234417 -0.653650
v -0.488051 3.253133 -0.633552
v -0.489922 3.215833 -0.636576
v -0.488936 3.234506 -0.635532
v -0.632932 3.215833 -0.493566
v -0.629908 3.253133 -0.491695
v -0.631888 3.234506 -0.492580
v -0.543328 3.329575 -0.600408
v -0.549042 3.328294 -0.607861
v -0.552459 3.330431 -0.616431
v -0.552940 3.335561 -0.624311
v -0.550483 3.342627 -0.629911
v -0.545611 3.350198 -0.632197
v -0.539258 3.356782 -0.630802
v -0.532625 3.361106 -0.626038
v -0.526973 3.362339 -0.618829
v -0.523403 3.360243 -0.610546
v -0.522651 3.355221 -0.602764
v -0.524938 3.348246 -0.596988
v -0.529876 3.340679 -0.594395
v -0.536471 3.334007 -0.595595
v -0.538697 3.323084 -0.602189
v -0.543881 3.321187 -0.609839
v -0.545844 3.321534 -0.619053
v -0.544224 3.324103 -0.627963
v -0.539407 3.328401 -0.634758
v -0.532394 3.333533 -0.638122
v -0.524558 3.338446 -0.637466
v -0.517387 3.342167 -0.632968
v -0.512238 3.343978 -0.625505
v -0.510113 3.343539 -0.616490
v -0.511482 3.340942 -0.607646
v -0.516161 3.336707 -0.600714
v -0.523265 3.331680 -0.597126
v -0.531329 3.326832 -0.597649
v -0.534541 3.312989 -0.601802
v -0.539436 3.310528 -0.609427
v -0.540648 3.309269 -0.618667
v -0.537933 3.309514 -0.627669
v -0.531862 3.311238 -0.634613
v -0.523687 3.314070 -0.638129
v -0.515032 3.317409 -0.637576
v -0.507558 3.320575 -0.633106
v -0.502686 3.322953 -0.625591
v -0.501368 3.324094 -0.616462
v -0.503915 3.323789 -0.607482
v -0.509889 3.322109 -0.600444
v -0.518122 3.319385 -0.596798
v -0.526934 3.316142 -0.597290
v -0.531788 3.301321 -0.599232
v -0.536543 3.298499 -0.606708
v -0.537485 3.296143 -0.615698
v -0.534366 3.294730 -0.624445
v -0.527771 3.294555 -0.631161
v -0.519049 3.295647 -0.634469
v -0.509983 3.297771 -0.633747
v -0.502345 3.300508 -0.629200
v -0.497590 3.303335 -0.621723
v -0.496652 3.305703 -0.612736
v -0.499773 3.307127 -0.603994
v -0.506368 3.307301 -0.597278
v -0.515088 3.306199 -0.593966
v -0.524153 3.304062 -0.594686
v -0.549506 3.333346 -0.595959
v -0.555905 3.332438 -0.602950
v -0.561237 3.335679 -0.610064
v -0.564475 3.342336 -0.615835
v -0.565039 3.351036 -0.619148
v -0.562854 3.360060 -0.619410
v -0.558347 3.367660 -0.616615
v -0.552387 3.372375 -0.611329
v -0.546121 3.373299 -0.604581
v -0.540769 3.370255 -0.597665
v -0.537382 3.363818 -0.591902
v -0.536653 3.355206 -0.588408
v -0.538773 3.346074 -0.587907
v -0.543365 3.338242 -0.590580
v -0.603210 3.329575 -0.540526
v -0.610663 3.328294 -0.546239
v -0.619233 3.330431 -0.549656
v -0.627113 3.335561 -0.550138
v -0.632714 3.342627 -0.547680
v -0.635000 3.350198 -0.542808
v -0.633604 3.356782 -0.536456
v -0.628841 3.361106 -0.529822
v -0.621632 3.362339 -0.524170
v -0.613348 3.360243 -0.520600
v -0.605566 3.355221 -0.519849
v -0.599791 3.348246 -0.522136
v -0.597198 3.340679 -0.527073
v -0.598397 3.334007 -0.533668
v -0.604991 3.323084 -0.535895
v -0.612642 3.321187 -0.541079
v -0.621856 3.321535 -0.543041
v -0.630765 3.324103 -0.541421
v -0.637561 3.328401 -0.536604
v -0.640925 3.333533 -0.529592
v -0.640268 3.338446 -0.521756
v -0.635771 3.342167 -0.514585
v -0.628307 3.343978 -0.509436
v -0.619293 3.343539 -0.507311
v -0.610448 3.340942 -0.508680
v -0.603517 3.336707 -0.513359
v -0.599929 3.331680 -0.520463
v -0.600451 3.326832 -0.528527
v -0.604605 3.312989 -0.531739
v -0.612230 3.310528 -0.536633
v -0.621469 3.309269 -0.537845
v -0.630472 3.309515 -0.535130
v -0.637416 3.311238 -0.529060
v -0.640932 3.314070 -0.520885
v -0.640378 3.317409 -0.512229
v -0.635908 3.320575 -0.504755
v -0.628393 3.322953 -0.499883
v -0.619264 3.324094 -0.498566
v -0.610285 3.323789 -0.501113
v -0.603247 3.322109 -0.507087
v -0.599600 3.319385 -0.515319
v -0.600093 3.316142 -0.524132
v -0.602034 3.301321 -0.528985
v -0.609511 3.298499 -0.533741
v -0.618501 3.296143 -0.534683
v -0.627247 3.294730 -0.531564
v -0.633963 3.294555 -0.524968
v -0.637271 3.295647 -0.516247
v -0.636550 3.297771 -0.507180
v -0.632002 3.300508 -0.499543
v -0.624525 3.303335 -0.494788
v -0.615539 3.305703 -0.493850
v -0.606797 3.307127 -0.496970
v -0.600080 3.307301 -0.503565
v -0.596769 3.306199 -0.512286
v -0.597488 3.304062 -0.521350
v -0.598761 3.333346 -0.546703
v -0.605752 3.332438 -0.553103
v -0.612867 3.335679 -0.558435
v -0.618638 3.342336 -0.561672
v -0.621951 3.351036 -0.562237
v -0.622212 3.360060 -0.560051
v -0.619417 3.367660 -0.555545
v -0.614132 3.372375 -0.549584
v -0.607384 3.373299 -0.543319
v -0.600468 3.370255 -0.537966
v -0.594704 3.363818 -0.534580
v -0.591211 3.355206 -0.533850
v -0.590710 3.346074 -0.535970
v -0.593382 3.338242 -0.540562
v -0.611642 3.184261 -0.490285
v -0.609127 3.183037 -0.498565
v -0.574805 3.191251 -0.497339
v -0.573536 3.193379 -0.489005
v -0.610361 3.186375 -0.481944
v -0.579540 3.188663 -0.504123
v -0.605616 3.188956 -0.475164
v -0.598339 3.191518 -0.471206
v -0.586816 3.186106 -0.508091
v -0.589892 3.193568 -0.470849
v -0.595273 3.184069 -0.508460
v -0.581916 3.194683 -0.474236
v -0.603263 3.182966 -0.505075
v -0.576058 3.194614 -0.480737
v -0.493088 3.184261 -0.608840
v -0.501368 3.183037 -0.606324
v -0.500142 3.191251 -0.572002
v -0.491808 3.193379 -0.570734
v -0.484747 3.186375 -0.607559
v -0.506925 3.188663 -0.576737
v -0.477966 3.188956 -0.602814
v -0.474009 3.191518 -0.595536
v -0.510893 3.186106 -0.584013
v -0.473651 3.193568 -0.587089
v -0.511262 3.184069 -0.592471
v -0.477038 3.194683 -0.579114
v -0.507877 3.182966 -0.600460
v -0.483540 3.194614 -0.573256
vt 1.000000 0.665079
vt 1.000000 0.707421
vt 0.968750 0.707421
vt 0.968750 0.665079
vt 0.937500 0.707421
vt 0.937500 0.665079
vt 0.906250 0.707421
vt 0.906250 0.665079
vt 0.875000 0.707421
vt 0.875000 0.665079
vt 0.843750 0.707421
vt 0.843750 0.665079
vt 0.812500 0.707421
vt 0.812500 0.665079
vt 0.781250 0.707421
vt 0.781250 0.665079
vt 0.750000 0.707421
vt 0.750000 0.665079
vt 0.718750 0.707421
vt 0.718750 0.665079
vt 0.687500 0.707421
vt 0.687500 0.665079
vt 0.656250 0.707421
vt 0.656250 0.665079
vt 0.625000 0.707421
vt 0.625000 0.665079
vt 0.593750 0.707421
vt 0.593750 0.665079
vt 0.562500 0.707421
vt 0.562500 0.665079
vt 0.531250 0.707421
vt 0.531250 0.665079
vt 0.500000 0.707421
vt 0.500000 0.665079
vt 0.468750 0.707421
vt 0.468750 0.665079
vt 0.437500 0.707421
vt 0.437500 0.665079
vt 0.406250 0.707421
vt 0.406250 0.665079
vt 0.375000 0.707421
vt 0.375000 0.665079
vt 0.343750 0.707421
vt 0.343750 0.665079
vt 0.312500 0.707421
vt 0.312500 0.665079
vt 0.281250 0.707421
vt 0.281250 0.665079
vt 0.250000 0.707421
vt 0.250000 0.665079
vt 0.218750 0.707421
vt 0.218750 0.665079
vt 0.187500 0.707421
vt 0.187500 0.665079
vt 0.156250 0.707421
vt 0.156250 0.665079
vt 0.125000 0.707421
vt 0.125000 0.665079
vt 0.093750 0.707421
vt 0.093750 0.665079
vt 0.062500 0.707421
vt 0.062500 0.665079
vt 0.031250 0.707421
vt 0.031250 0.665079
vt -0.011274 0.604538
vt -0.050636 0.604538
vt -0.050636 0.531205
vt -0.011274 0.531205
vt 0.468750 0.665079
vt 0.500000 0.665079
vt 0.966191 0.062814
vt 0.935161 0.062814
vt 0.935161 0.027538
vt 0.966191 0.027538
vt 0.531775 0.062814
vt 0.500745 0.062814
vt 0.500745 0.027538
vt 0.531775 0.027539
vt 0.458517 0.889170
vt 0.448153 0.878805
vt 0.452550 0.875196
vt 0.462126 0.884773
vt 0.577505 0.809665
vt 0.580365 0.824041
vt 0.574704 0.824598
vt 0.572062 0.811316
vt 0.562804 0.062814
vt 0.562804 0.027538
vt 0.997221 0.062814
vt 0.997221 0.027538
vt 0.593834 0.062814
vt 0.593834 0.027539
vt 0.035299 0.062814
vt 0.004269 0.062814
vt 0.004269 0.027539
vt 0.035299 0.027539
vt 0.624864 0.062814
vt 0.624864 0.027539
vt 0.066329 0.062814
vt 0.066329 0.027539
vt 0.655894 0.062814
vt 0.655894 0.027538
vt 0.097359 0.062814
vt 0.097359 0.027539
vt 0.686923 0.062814
vt 0.686923 0.027538
vt 0.283537 0.062814
vt 0.252507 0.062814
vt 0.252507 0.027539
vt 0.283537 0.027539
vt 0.128388 0.062814
vt 0.128388 0.027539
vt 0.717953 0.062814
vt 0.717953 0.027538
vt 0.314567 0.062814
vt 0.314567 0.027539
vt 0.159418 0.062814
vt 0.159418 0.027539
vt 0.748983 0.062814
vt 0.748983 0.027538
vt 0.345596 0.062814
vt 0.345596 0.027539
vt 0.190448 0.062814
vt 0.190448 0.027539
vt 0.780013 0.062814
vt 0.780012 0.027538
vt 0.376626 0.062814
vt 0.376626 0.027539
vt 0.221477 0.062814
vt 0.221477 0.027539
vt 0.811042 0.062814
vt 0.811042 0.027538
vt 0.407656 0.062814
vt 0.407656 0.027539
vt 0.842072 0.062814
vt 0.842072 0.027538
vt 0.438686 0.062814
vt 0.438686 0.027539
vt 0.873102 0.062814
vt 0.873102 0.027538
vt 0.469715 0.062814
vt 0.469715 0.027538
vt 0.904131 0.062814
vt 0.904131 0.027538
vt 0.815326 0.604538
vt 0.775964 0.604538
vt 0.775964 0.531205
vt 0.815326 0.531205
vt 0.303621 0.604538
vt 0.264259 0.604538
vt 0.264259 0.531205
vt 0.303621 0.531205
vt 0.500431 0.604538
vt 0.461069 0.604538
vt 0.461069 0.531205
vt 0.500431 0.531205
vt 0.146174 0.604538
vt 0.106812 0.604538
vt 0.106812 0.531205
vt 0.146174 0.531205
vt 1.012136 0.604538
vt 0.972774 0.604538
vt 0.972774 0.531205
vt 1.012136 0.531205
vt 0.657879 0.604538
vt 0.618517 0.604538
vt 0.618517 0.531205
vt 0.657879 0.531205
vt 0.342983 0.604538
vt 0.342983 0.531205
vt -0.089998 0.604538
vt -0.089998 0.531205
vt 0.854688 0.604538
vt 0.854688 0.531205
vt 0.421707 0.604538
vt 0.421707 0.531205
vt 0.067450 0.604538
vt 0.067450 0.531205
vt 0.933412 0.604538
vt 0.933412 0.531205
vt 0.579155 0.604538
vt 0.579155 0.531205
vt 0.224897 0.604538
vt 0.224897 0.531205
vt 0.736602 0.604538
vt 0.736602 0.531205
vt 0.382345 0.604538
vt 0.382345 0.531205
vt 0.028088 0.604538
vt 0.028088 0.531205
vt 0.894050 0.604538
vt 0.894050 0.531205
vt 0.539793 0.604538
vt 0.539793 0.531205
vt 0.185536 0.604538
vt 0.185536 0.531205
vt -0.129360 0.604538
vt -0.129360 0.531205
vt 0.062500 0.665079
vt 0.093750 0.665079
vt 0.697241 0.604538
vt 0.697241 0.531205
vt 1.051498 0.604538
vt 1.051498 0.531205
vt 0.906250 0.665079
vt 0.937500 0.665079
vt 0.531250 0.665079
vt 0.125000 0.665079
vt 0.968750 0.665079
vt 0.562500 0.665079
vt 0.156250 0.665079
vt 1.000000 0.665079
vt 0.593750 0.665079
vt 0.187500 0.665079
vt 0.625000 0.665079
vt 0.218750 0.665079
vt 0.656250 0.665079
vt 0.250000 0.665079
vt 1.090860 0.604538
vt 1.090860 0.531205
vt 0.687500 0.665079
vt 0.281250 0.665079
vt 0.750000 0.490000
vt 0.796822 0.485388
vt 0.841844 0.471731
vt 0.883337 0.449553
vt 0.919706 0.419706
vt 0.949553 0.383337
vt 0.971731 0.341844
vt 0.985388 0.296822
vt 0.990000 0.250000
vt 0.510000 0.250000
vt 0.514612 0.296822
vt 0.528269 0.341844
vt 0.550447 0.383337
vt 0.580294 0.419706
vt 0.616663 0.449553
vt 0.658156 0.471731
vt 0.703178 0.485388
vt 0.985388 0.203178
vt 0.971731 0.158156
vt 0.949553 0.116663
vt 0.919706 0.080294
vt 0.883337 0.050447
vt 0.841844 0.028269
vt 0.796822 0.014612
vt 0.750000 0.010000
vt 0.703178 0.014612
vt 0.658156 0.028269
vt 0.616663 0.050447
vt 0.580294 0.080294
vt 0.550447 0.116663
vt 0.528269 0.158156
vt 0.514612 0.203178
vt 0.812433 0.024081
vt 0.781563 0.024081
vt 0.781563 0.000493
vt 0.812433 0.000493
vt 0.225903 0.024081
vt 0.195033 0.024081
vt 0.195033 0.000493
vt 0.225903 0.000493
vt 0.431540 0.824041
vt 0.434400 0.809665
vt 0.439843 0.811316
vt 0.437201 0.824599
vt 0.571896 0.796122
vt 0.566879 0.798804
vt 0.470705 0.897313
vt 0.473387 0.892297
vt 0.431540 0.838699
vt 0.437201 0.838141
vt 0.563752 0.783935
vt 0.559355 0.787544
vt 0.484247 0.902923
vt 0.485899 0.897479
vt 0.434400 0.853075
vt 0.439843 0.851424
vt 0.553388 0.773570
vt 0.549779 0.777967
vt 0.498624 0.905782
vt 0.499181 0.900121
vt 0.541200 0.765426
vt 0.538518 0.770443
vt 0.513282 0.905782
vt 0.512724 0.900121
vt 0.527658 0.759817
vt 0.526006 0.765261
vt 0.527658 0.902923
vt 0.526007 0.897479
vt 0.513281 0.756958
vt 0.512724 0.762619
vt 0.541200 0.897313
vt 0.538518 0.892296
vt 0.498624 0.756958
vt 0.499181 0.762619
vt 0.553388 0.889170
vt 0.549779 0.884772
vt 0.484247 0.759817
vt 0.485899 0.765261
vt 0.563752 0.878805
vt 0.559355 0.875196
vt 0.470705 0.765427
vt 0.473387 0.770443
vt 0.571896 0.866617
vt 0.566879 0.863936
vt 0.458517 0.773570
vt 0.462126 0.777967
vt 0.577505 0.853075
vt 0.572062 0.851424
vt 0.448153 0.783935
vt 0.452550 0.787544
vt 0.580365 0.838699
vt 0.574704 0.838141
vt 0.440009 0.866617
vt 0.445026 0.863936
vt 0.440009 0.796122
vt 0.445026 0.798804
vt 0.500224 0.733369
vt 0.500224 0.733369
vt 0.500224 0.733369
vt 0.500224 0.733369
vt 0.500224 0.733369
vt 0.500224 0.733369
vt 0.500224 0.733369
vt 0.500224 0.733369
vt 0.411123 0.024081
vt 0.380253 0.024081
vt 0.380253 0.000493
vt 0.411123 0.000493
vt 0.256773 0.024081
vt 0.256773 0.000493
vt 0.843304 0.024081
vt 0.843304 0.000493
vt 0.441993 0.024081
vt 0.441993 0.000493
vt 0.874174 0.024081
vt 0.874174 0.000493
vt 0.472863 0.024081
vt 0.472863 0.000493
vt 0.905043 0.024081
vt 0.905043 0.000493
vt 0.503733 0.024081
vt 0.503733 0.000493
vt 0.935914 0.024081
vt 0.935914 0.000493
vt 0.534603 0.024081
vt 0.534603 0.000493
vt 0.966784 0.024081
vt 0.966784 0.000493
vt 0.565473 0.024081
vt 0.565473 0.000493
vt 1.000000 0.024081
vt 1.000000 0.000493
vt 0.596343 0.024081
vt 0.596343 0.000493
vt 0.040683 0.024081
vt 0.012046 0.024081
vt 0.012046 0.000493
vt 0.040683 0.000493
vt 0.627213 0.024081
vt 0.627213 0.000493
vt 0.071553 0.024081
vt 0.071553 0.000493
vt 0.658083 0.024081
vt 0.658083 0.000493
vt 0.102423 0.024081
vt 0.102423 0.000493
vt 0.688954 0.024081
vt 0.688954 0.000493
vt 0.287643 0.024081
vt 0.287643 0.000493
vt 0.133293 0.024081
vt 0.133293 0.000493
vt 0.719823 0.024081
vt 0.719823 0.000493
vt 0.318513 0.024081
vt 0.318513 0.000493
vt 0.164163 0.024081
vt 0.164163 0.000493
vt 0.750693 0.024081
vt 0.750693 0.000493
vt 0.349383 0.024081
vt 0.349383 0.000493
vt 0.500224 0.733369
vt 0.500224 0.733369
vt 0.500224 0.733369
vt 0.500224 0.733369
vt 0.500224 0.733369
vt 0.500224 0.733369
vt 0.500224 0.733369
vt 0.500224 0.733369
vt 0.500224 0.733369
vt 0.500224 0.733369
vt 0.500224 0.733369
vt 0.500224 0.733369
vt 0.500224 0.733369
vt 0.500224 0.733369
vt 0.500224 0.733369
vt 0.500224 0.733369
vt 0.500224 0.733369
vt 0.500224 0.733369
vt 0.500224 0.733369
vt 0.500224 0.733369
vt 0.500224 0.733369
vt 0.500224 0.733369
vt 0.500224 0.733369
vt 0.500224 0.733369
vt 0.500224 0.733369
vt 0.500224 0.733369
vt 0.500224 0.733369
vt 0.500224 0.733369
vt 0.500224 0.733369
vt 0.500224 0.733369
vt 0.500224 0.733369
vt 0.500224 0.733369
vt 0.500224 0.733369
vt 0.500224 0.733369
vt 0.500224 0.733369
vt 0.500224 0.733369
vt 0.500224 0.733369
vt 0.500224 0.733369
vt 0.500224 0.733369
vt 0.500224 0.733369
vt 0.500224 0.733369
vt 0.500224 0.733369
vt 0.500224 0.733369
vt 0.500224 0.733369
vt 0.500224 0.733369
vt 0.500224 0.733369
vt 0.500224 0.733369
vt 0.500224 0.733369
vt 0.500224 0.733369
vt 0.500224 0.733369
vt 0.500224 0.733369
vt 0.500224 0.733369
vt 0.500224 0.733369
vt 0.500224 0.733369
vt 0.500224 0.733369
vt 0.500224 0.733369
vt 0.000000 0.707421
vt 0.000000 0.665079
vt 0.999474 0.822367
vt 1.065122 0.822367
vt 1.065122 0.831570
vt 0.999474 0.831570
vt 1.065122 0.840773
vt 0.999474 0.840773
vt 1.065122 0.849975
vt 0.999474 0.849975
vt 1.065122 0.859178
vt 0.999474 0.859178
vt 1.065122 0.868381
vt 0.999474 0.868381
vt 1.065122 0.877584
vt 0.999474 0.877584
vt 1.065122 0.886786
vt 0.999474 0.886787
vt 0.999474 0.776353
vt 1.065122 0.776353
vt 1.065122 0.785556
vt 0.999474 0.785556
vt 1.065122 0.794759
vt 0.999474 0.794759
vt 1.065122 0.803962
vt 0.999474 0.803962
vt 1.065122 0.813164
vt 0.999474 0.813164
vt 1.130770 0.822367
vt 1.130770 0.831570
vt 1.130770 0.840773
vt 1.130770 0.849975
vt 1.130770 0.859178
vt 1.130770 0.868381
vt 1.130770 0.877584
vt 1.130770 0.886786
vt 1.130770 0.776353
vt 1.130770 0.785556
vt 1.130770 0.794759
vt 1.130770 0.803962
vt 1.130770 0.813164
vt 1.196418 0.822367
vt 1.196418 0.831570
vt 1.196418 0.840773
vt 1.196418 0.849975
vt 1.196418 0.859178
vt 1.196418 0.868381
vt 1.196418 0.877584
vt 1.196418 0.886786
vt 1.196418 0.776353
vt 1.196418 0.785556
vt 1.196418 0.794759
vt 1.196418 0.803962
vt 1.196418 0.813164
vt 1.262066 0.822367
vt 1.262066 0.831570
vt 1.262066 0.840773
vt 1.262066 0.849975
vt 1.262066 0.859178
vt 1.262066 0.868381
vt 1.262066 0.877584
vt 1.262066 0.886786
vt 1.262066 0.776353
vt 1.262066 0.785556
vt 1.262066 0.794759
vt 1.262066 0.803962
vt 1.262066 0.813164
vt 1.327714 0.822367
vt 1.327714 0.831570
vt 1.327714 0.840773
vt 1.327714 0.849975
vt 1.327714 0.859178
vt 1.327714 0.868381
vt 1.327714 0.877584
vt 1.327714 0.886786
vt 1.327714 0.776353
vt 1.327714 0.785556
vt 1.327714 0.794759
vt 1.327714 0.803962
vt 1.327714 0.813164
vt 1.393362 0.822367
vt 1.393362 0.831570
vt 1.393362 0.840773
vt 1.393362 0.849975
vt 1.393362 0.859178
vt 1.393362 0.868381
vt 1.393362 0.877584
vt 1.393362 0.886786
vt 1.393362 0.776353
vt 1.393362 0.785556
vt 1.393362 0.794759
vt 1.393362 0.803962
vt 1.393362 0.813164
vt 1.459010 0.822367
vt 1.459010 0.831570
vt 1.459010 0.840773
vt 1.459010 0.849975
vt 1.459010 0.859178
vt 1.459010 0.868381
vt 1.459010 0.877584
vt 1.459010 0.886786
vt 1.459010 0.776353
vt 1.459010 0.785556
vt 1.459010 0.794759
vt 1.459010 0.803962
vt 1.459010 0.813164
vt 1.524658 0.822367
vt 1.524658 0.831570
vt 1.524658 0.840773
vt 1.524658 0.849975
vt 1.524658 0.859178
vt 1.524658 0.868381
vt 1.524658 0.877584
vt 1.524658 0.886786
vt 1.524658 0.776353
vt 1.524658 0.785556
vt 1.524658 0.794759
vt 1.524658 0.803962
vt 1.524658 0.813164
vt 1.590306 0.822367
vt 1.590306 0.831570
vt 1.590306 0.840773
vt 1.590306 0.849975
vt 1.590306 0.859178
vt 1.590306 0.868381
vt 1.590306 0.877584
vt 1.590306 0.886786
vt 1.590306 0.776353
vt 1.590306 0.785556
vt 1.590306 0.794759
vt 1.590306 0.803962
vt 1.590306 0.813164
vt 1.655953 0.822367
vt 1.655953 0.831570
vt 1.655953 0.840773
vt 1.655953 0.849975
vt 1.655953 0.859178
vt 1.655953 0.868381
vt 1.655953 0.877584
vt 1.655953 0.886786
vt 1.655953 0.776353
vt 1.655953 0.785556
vt 1.655953 0.794759
vt 1.655953 0.803961
vt 1.655953 0.813164
vt 1.721601 0.822367
vt 1.721601 0.831570
vt 1.721601 0.840773
vt 1.721601 0.849975
vt 1.721601 0.859178
vt 1.721601 0.868381
vt 1.721601 0.877584
vt 1.721601 0.886786
vt 1.721601 0.776353
vt 1.721601 0.785556
vt 1.721601 0.794759
vt 1.721601 0.803961
vt 1.721601 0.813164
vt 1.787249 0.822367
vt 1.787249 0.831570
vt 1.787249 0.840773
vt 1.787249 0.849975
vt 1.787249 0.859178
vt 1.787249 0.868381
vt 1.787249 0.877584
vt 1.787249 0.886786
vt 1.787249 0.776353
vt 1.787249 0.785556
vt 1.787249 0.794759
vt 1.787249 0.803961
vt 1.787249 0.813164
vt 1.852897 0.822367
vt 1.852897 0.831570
vt 1.852897 0.840773
vt 1.852897 0.849975
vt 1.852897 0.859178
vt 1.852897 0.868381
vt 1.852897 0.877584
vt 1.852897 0.886786
vt 1.852897 0.776353
vt 1.852897 0.785556
vt 1.852897 0.794759
vt 1.852897 0.803961
vt 1.852897 0.813164
vt -0.247838 0.822367
vt -0.182190 0.822367
vt -0.182190 0.831570
vt -0.247838 0.831570
vt -0.182190 0.840773
vt -0.247838 0.840773
vt -0.182190 0.849975
vt -0.247838 0.849975
vt -0.182190 0.859178
vt -0.247838 0.859178
vt -0.182190 0.868381
vt -0.247838 0.868381
vt -0.182190 0.877584
vt -0.247838 0.877584
vt -0.182190 0.886787
vt -0.247838 0.886787
vt -0.247838 0.776353
vt -0.182190 0.776353
vt -0.182190 0.785556
vt -0.247838 0.785556
vt -0.182190 0.794759
vt -0.247838 0.794759
vt -0.182190 0.803962
vt -0.247838 0.803962
vt -0.182190 0.813164
vt -0.247838 0.813164
vt -0.116542 0.822367
vt -0.116542 0.831570
vt -0.116542 0.840773
vt -0.116542 0.849975
vt -0.116542 0.859178
vt -0.116542 0.868381
vt -0.116542 0.877584
vt -0.116542 0.886787
vt -0.116542 0.776353
vt -0.116542 0.785556
vt -0.116542 0.794759
vt -0.116542 0.803962
vt -0.116542 0.813164
vt -0.050894 0.822367
vt -0.050894 0.831570
vt -0.050894 0.840773
vt -0.050894 0.849975
vt -0.050894 0.859178
vt -0.050894 0.868381
vt -0.050894 0.877584
vt -0.050894 0.886787
vt -0.050894 0.776353
vt -0.050894 0.785556
vt -0.050894 0.794759
vt -0.050894 0.803962
vt -0.050894 0.813164
vt 0.014754 0.822367
vt 0.014754 0.831570
vt 0.014754 0.840773
vt 0.014754 0.849975
vt 0.014754 0.859178
vt 0.014754 0.868381
vt 0.014754 0.877584
vt 0.014754 0.886787
vt 0.014754 0.776353
vt 0.014754 0.785556
vt 0.014754 0.794759
vt 0.014754 0.803962
vt 0.014754 0.813164
vt 0.080402 0.822367
vt 0.080402 0.831570
vt 0.080402 0.840773
vt 0.080402 0.849975
vt 0.080402 0.859178
vt 0.080402 0.868381
vt 0.080402 0.877584
vt 0.080402 0.886787
vt 0.080402 0.776353
vt 0.080402 0.785556
vt 0.080402 0.794759
vt 0.080402 0.803962
vt 0.080402 0.813164
vt 0.146050 0.822367
vt 0.146050 0.831570
vt 0.146050 0.840773
vt 0.146050 0.849975
vt 0.146050 0.859178
vt 0.146050 0.868381
vt 0.146050 0.877584
vt 0.146050 0.886787
vt 0.146050 0.776353
vt 0.146050 0.785556
vt 0.146050 0.794759
vt 0.146050 0.803962
vt 0.146050 0.813164
vt 0.211698 0.822367
vt 0.211698 0.831570
vt 0.211698 0.840773
vt 0.211698 0.849975
vt 0.211698 0.859178
vt 0.211698 0.868381
vt 0.211698 0.877584
vt 0.211698 0.886787
vt 0.211698 0.776353
vt 0.211698 0.785556
vt 0.211698 0.794759
vt 0.211698 0.803962
vt 0.211698 0.813164
vt 0.277346 0.822367
vt 0.277346 0.831570
vt 0.277346 0.840773
vt 0.277346 0.849975
vt 0.277346 0.859178
vt 0.277346 0.868381
vt 0.277346 0.877584
vt 0.277346 0.886787
vt 0.277346 0.776353
vt 0.277346 0.785556
vt 0.277346 0.794759
vt 0.277346 0.803962
vt 0.277346 0.813164
vt 0.342994 0.822367
vt 0.342994 0.831570
vt 0.342994 0.840773
vt 0.342994 0.849975
vt 0.342994 0.859178
vt 0.342994 0.868381
vt 0.342994 0.877584
vt 0.342994 0.886787
vt 0.342994 0.776353
vt 0.342994 0.785556
vt 0.342994 0.794759
vt 0.342994 0.803962
vt 0.342994 0.813164
vt 0.408642 0.822367
vt 0.408642 0.831570
vt 0.408642 0.840773
vt 0.408642 0.849975
vt 0.408642 0.859178
vt 0.408642 0.868381
vt 0.408642 0.877584
vt 0.408642 0.886787
vt 0.408642 0.776353
vt 0.408642 0.785556
vt 0.408642 0.794759
vt 0.408642 0.803962
vt 0.408642 0.813164
vt 0.474290 0.822367
vt 0.474290 0.831570
vt 0.474290 0.840773
vt 0.474290 0.849975
vt 0.474290 0.859178
vt 0.474290 0.868381
vt 0.474290 0.877584
vt 0.474290 0.886787
vt 0.474290 0.776353
vt 0.474290 0.785556
vt 0.474290 0.794759
vt 0.474290 0.803962
vt 0.474290 0.813164
vt 0.539938 0.822367
vt 0.539938 0.831570
vt 0.539938 0.840773
vt 0.539938 0.849975
vt 0.539938 0.859178
vt 0.539938 0.868381
vt 0.539938 0.877584
vt 0.539938 0.886787
vt 0.539938 0.776353
vt 0.539938 0.785556
vt 0.539938 0.794759
vt 0.539938 0.803962
vt 0.539938 0.813164
vt 0.605586 0.822367
vt 0.605586 0.831570
vt 0.605586 0.840773
vt 0.605586 0.849975
vt 0.605586 0.859178
vt 0.605586 0.868381
vt 0.605586 0.877584
vt 0.605586 0.886787
vt 0.605586 0.776353
vt 0.605586 0.785556
vt 0.605586 0.794759
vt 0.605586 0.803962
vt 0.605586 0.813164
vt 0.671234 0.822367
vt 0.671234 0.831570
vt 0.671234 0.840773
vt 0.671234 0.849975
vt 0.671234 0.859178
vt 0.671234 0.868381
vt 0.671234 0.877584
vt 0.671234 0.886787
vt 0.671234 0.776353
vt 0.671234 0.785556
vt 0.671234 0.794759
vt 0.671234 0.803962
vt 0.671234 0.813164
vt 0.736882 0.822367
vt 0.736882 0.831570
vt 0.736882 0.840773
vt 0.736882 0.849975
vt 0.736882 0.859178
vt 0.736882 0.868381
vt 0.736882 0.877584
vt 0.736882 0.886787
vt 0.736882 0.776353
vt 0.736882 0.785556
vt 0.736882 0.794759
vt 0.736882 0.803962
vt 0.736882 0.813164
vt 0.802530 0.822367
vt 0.802530 0.831570
vt 0.802530 0.840773
vt 0.802530 0.849975
vt 0.802530 0.859178
vt 0.802530 0.868381
vt 0.802530 0.877584
vt 0.802530 0.886787
vt 0.802530 0.776353
vt 0.802530 0.785556
vt 0.802530 0.794759
vt 0.802530 0.803962
vt 0.802530 0.813164
vt 0.868178 0.822367
vt 0.868178 0.831570
vt 0.868178 0.840773
vt 0.868178 0.849975
vt 0.868178 0.859178
vt 0.868178 0.868381
vt 0.868178 0.877584
vt 0.868178 0.886787
vt 0.868178 0.776353
vt 0.868178 0.785556
vt 0.868178 0.794759
vt 0.868178 0.803962
vt 0.868178 0.813164
vt 0.933826 0.822367
vt 0.933826 0.831570
vt 0.933826 0.840773
vt 0.933826 0.849975
vt 0.933826 0.859178
vt 0.933826 0.868381
vt 0.933826 0.877584
vt 0.933826 0.886787
vt 0.933826 0.776353
vt 0.933826 0.785556
vt 0.933826 0.794759
vt 0.933826 0.803962
vt 0.933826 0.813164
vt 1.130222 0.604538
vt 1.130222 0.531205
vt 1.000000 0.665079
vt 0.968750 0.665079
vt 0.968750 0.707421
vt 1.000000 0.707421
vt 0.937500 0.665079
vt 0.937500 0.707421
vt 0.906250 0.665079
vt 0.906250 0.707421
vt 0.875000 0.665079
vt 0.875000 0.707421
vt 0.843750 0.665079
vt 0.843750 0.707421
vt 0.812500 0.665079
vt 0.812500 0.707421
vt 0.781250 0.665079
vt 0.781250 0.707421
vt 0.750000 0.665079
vt 0.750000 0.707421
vt 0.718750 0.665079
vt 0.718750 0.707421
vt 0.687500 0.665079
vt 0.687500 0.707421
vt 0.656250 0.665079
vt 0.656250 0.707421
vt 0.625000 0.665079
vt 0.625000 0.707421
vt 0.593750 0.665079
vt 0.593750 0.707421
vt 0.562500 0.665079
vt 0.562500 0.707421
vt 0.531250 0.665079
vt 0.531250 0.707421
vt 0.500000 0.665079
vt 0.500000 0.707421
vt 0.468750 0.665079
vt 0.468750 0.707421
vt 0.437500 0.665079
vt 0.437500 0.707421
vt 0.406250 0.665079
vt 0.406250 0.707421
vt 0.375000 0.665079
vt 0.375000 0.707421
vt 0.343750 0.665079
vt 0.343750 0.707421
vt 0.312500 0.665079
vt 0.312500 0.707421
vt 0.281250 0.665079
vt 0.281250 0.707421
vt 0.250000 0.665079
vt 0.250000 0.707421
vt 0.218750 0.665079
vt 0.218750 0.707421
vt 0.187500 0.665079
vt 0.187500 0.707421
vt 0.156250 0.665079
vt 0.156250 0.707421
vt 0.125000 0.665079
vt 0.125000 0.707421
vt 0.093750 0.665079
vt 0.093750 0.707421
vt 0.062500 0.665079
vt 0.062500 0.707421
vt 0.031250 0.665079
vt 0.031250 0.707421
vt 0.458517 0.889170
vt 0.462126 0.884773
vt 0.452550 0.875196
vt 0.448153 0.878805
vt 0.577505 0.809665
vt 0.572062 0.811316
vt 0.574704 0.824598
vt 0.580365 0.824041
vt 0.812433 0.024081
vt 0.812433 0.000493
vt 0.781563 0.000493
vt 0.781563 0.024081
vt 0.225903 0.024081
vt 0.225903 0.000493
vt 0.195033 0.000493
vt 0.195033 0.024081
vt 0.431540 0.824041
vt 0.437201 0.824599
vt 0.439843 0.811316
vt 0.434400 0.809665
vt 0.571896 0.796122
vt 0.566879 0.798804
vt 0.470705 0.897313
vt 0.473387 0.892297
vt 0.431540 0.838699
vt 0.437201 0.838141
vt 0.563752 0.783935
vt 0.559355 0.787544
vt 0.484247 0.902923
vt 0.485899 0.897479
vt 0.434400 0.853075
vt 0.439843 0.851424
vt 0.553388 0.773570
vt 0.549779 0.777967
vt 0.498624 0.905782
vt 0.499181 0.900121
vt 0.541200 0.765426
vt 0.538518 0.770443
vt 0.513282 0.905782
vt 0.512724 0.900121
vt 0.527658 0.759817
vt 0.526006 0.765261
vt 0.527658 0.902923
vt 0.526007 0.897479
vt 0.513281 0.756958
vt 0.512724 0.762619
vt 0.541200 0.897313
vt 0.538518 0.892296
vt 0.498624 0.756958
vt 0.499181 0.762619
vt 0.553388 0.889170
vt 0.549779 0.884772
vt 0.484247 0.759817
vt 0.485899 0.765261
vt 0.563752 0.878805
vt 0.559355 0.875196
vt 0.470705 0.765427
vt 0.473387 0.770443
vt 0.571896 0.866617
vt 0.566879 0.863936
vt 0.458517 0.773570
vt 0.462126 0.777967
vt 0.577505 0.853075
vt 0.572062 0.851424
vt 0.448153 0.783935
vt 0.452550 0.787544
vt 0.580365 0.838699
vt 0.574704 0.838141
vt 0.440009 0.866617
vt 0.445026 0.863936
vt 0.440009 0.796122
vt 0.445026 0.798804
vt 0.500224 0.733369
vt 0.500224 0.733369
vt 0.500224 0.733369
vt 0.500224 0.733369
vt 0.500224 0.733369
vt 0.500224 0.733369
vt 0.500224 0.733369
vt 0.500224 0.733369
vt 0.411123 0.024081
vt 0.411123 0.000493
vt 0.380253 0.000493
vt 0.380253 0.024081
vt 0.256773 0.024081
vt 0.256773 0.000493
vt 0.843304 0.024081
vt 0.843304 0.000493
vt 0.441993 0.024081
vt 0.441993 0.000493
vt 0.874174 0.024081
vt 0.874174 0.000493
vt 0.472863 0.024081
vt 0.472863 0.000493
vt 0.905043 0.024081
vt 0.905043 0.000493
vt 0.503733 0.024081
vt 0.503733 0.000493
vt 0.935914 0.024081
vt 0.935914 0.000493
vt 0.534603 0.024081
vt 0.534603 0.000493
vt 0.966784 0.024081
vt 0.966784 0.000493
vt 0.565473 0.024081
vt 0.565473 0.000493
vt 1.000000 0.024081
vt 1.000000 0.000493
vt 0.596343 0.024081
vt 0.596343 0.000493
vt 0.040683 0.024081
vt 0.040683 0.000493
vt 0.012046 0.000493
vt 0.012046 0.024081
vt 0.627213 0.024081
vt 0.627213 0.000493
vt 0.071553 0.024081
vt 0.071553 0.000493
vt 0.658083 0.024081
vt 0.658083 0.000493
vt 0.102423 0.024081
vt 0.102423 0.000493
vt 0.688954 0.024081
vt 0.688954 0.000493
vt 0.287643 0.024081
vt 0.287643 0.000493
vt 0.133293 0.024081
vt 0.133293 0.000493
vt 0.719823 0.024081
vt 0.719823 0.000493
vt 0.318513 0.024081
vt 0.318513 0.000493
vt 0.164163 0.024081
vt 0.164163 0.000493
vt 0.750693 0.024081
vt 0.750693 0.000493
vt 0.349383 0.024081
vt 0.349383 0.000493
vt 0.500224 0.733369
vt 0.500224 0.733369
vt 0.500224 0.733369
vt 0.500224 0.733369
vt 0.500224 0.733369
vt 0.500224 0.733369
vt 0.500224 0.733369
vt 0.500224 0.733369
vt 0.500224 0.733369
vt 0.500224 0.733369
vt 0.500224 0.733369
vt 0.500224 0.733369
vt 0.500224 0.733369
vt 0.500224 0.733369
vt 0.500224 0.733369
vt 0.500224 0.733369
vt 0.500224 0.733369
vt 0.500224 0.733369
vt 0.500224 0.733369
vt 0.500224 0.733369
vt 0.500224 0.733369
vt 0.500224 0.733369
vt 0.500224 0.733369
vt 0.500224 0.733369
vt 0.500224 0.733369
vt 0.500224 0.733369
vt 0.500224 0.733369
vt 0.500224 0.733369
vt 0.500224 0.733369
vt 0.500224 0.733369
vt 0.500224 0.733369
vt 0.500224 0.733369
vt 0.500224 0.733369
vt 0.500224 0.733369
vt 0.500224 0.733369
vt 0.500224 0.733369
vt 0.500224 0.733369
vt 0.500224 0.733369
vt 0.500224 0.733369
vt 0.500224 0.733369
vt 0.500224 0.733369
vt 0.500224 0.733369
vt 0.500224 0.733369
vt 0.500224 0.733369
vt 0.500224 0.733369
vt 0.500224 0.733369
vt 0.500224 0.733369
vt 0.500224 0.733369
vt 0.500224 0.733369
vt 0.500224 0.733369
vt 0.500224 0.733369
vt 0.500224 0.733369
vt 0.500224 0.733369
vt 0.500224 0.733369
vt 0.500224 0.733369
vt 0.500224 0.733369
vt 0.000000 0.665079
vt 0.000000 0.707421
vt 0.500000 0.956664
vt 1.130222 0.603979
vt 1.090860 0.603979
vt 0.449597 0.956664
vt 0.875000 0.665079
vt 0.031250 0.665079
vt 0.437500 0.665079
vt 0.843750 0.665079
vt 0.000000 0.665079
vt 0.406250 0.665079
vt 0.812500 0.665079
vt 0.375000 0.665079
vt 0.781250 0.665079
vt 0.343750 0.665079
vt 0.750000 0.665079
vt 0.312500 0.665079
vt 0.718750 0.665079
vt 0.500048 0.661275
vt 0.500048 0.747176
vt 0.469265 0.747501
vt 0.469265 0.661275
vt 0.438483 0.747458
vt 0.438483 0.661275
vt 0.407700 0.750462
vt 0.407700 0.661275
vt 0.376918 0.753784
vt 0.376918 0.661275
vt 0.346135 0.756620
vt 0.346135 0.661275
vt 0.334075 0.661275
vt 0.334075 0.761171
vt 0.330067 0.766765
vt 0.330067 0.661275
vt 0.315352 0.661275
vt 0.315352 0.949681
vt 0.284570 0.949681
vt 0.284570 0.661275
vt 0.253787 0.949681
vt 0.253787 0.661275
vt 0.338001 0.661275
vt 0.338001 0.758596
vt 0.334075 0.898052
vt 0.338001 0.901249
vt 0.338001 0.949681
vt 0.334075 0.949681
vt 0.346135 0.903018
vt 0.346135 0.949681
vt 0.376918 0.906213
vt 0.407700 0.909399
vt 0.407700 0.949681
vt 0.376918 0.949681
vt 0.469265 0.913324
vt 0.500048 0.913181
vt 0.500048 0.949681
vt 0.469265 0.949681
vt 0.438483 0.912455
vt 0.438483 0.949681
vt 0.330067 0.892701
vt 0.330067 0.949682
vt 0.469265 0.661275
vt 0.469265 0.747501
vt 0.438483 0.661275
vt 0.438483 0.747458
vt 0.407700 0.661275
vt 0.407700 0.750462
vt 0.376918 0.661275
vt 0.376918 0.753784
vt 0.346135 0.661275
vt 0.346135 0.756620
vt 0.334075 0.661275
vt 0.330067 0.661275
vt 0.330067 0.766765
vt 0.334075 0.761171
vt 0.315352 0.661275
vt 0.284570 0.661275
vt 0.284570 0.949681
vt 0.315352 0.949681
vt 0.253787 0.661275
vt 0.253787 0.949681
vt 0.338001 0.661275
vt 0.338001 0.758596
vt 0.334075 0.898052
vt 0.334075 0.949681
vt 0.338001 0.949681
vt 0.338001 0.901249
vt 0.346135 0.949681
vt 0.346135 0.903018
vt 0.376918 0.906213
vt 0.376918 0.949681
vt 0.407700 0.949681
vt 0.407700 0.909399
vt 0.469265 0.913324
vt 0.469265 0.949681
vt 0.438483 0.912455
vt 0.438483 0.949681
vt 0.330067 0.949682
vt 0.330067 0.892701
vt 0.500048 0.661275
vt 0.469265 0.661275
vt 0.469265 0.747501
vt 0.500048 0.747176
vt 0.438483 0.661275
vt 0.438483 0.747458
vt 0.407700 0.661275
vt 0.407700 0.750462
vt 0.376918 0.661275
vt 0.376918 0.753784
vt 0.346135 0.661275
vt 0.346135 0.756620
vt 0.334075 0.661275
vt 0.330067 0.661275
vt 0.330067 0.766765
vt 0.334075 0.761171
vt 0.315352 0.661275
vt 0.284570 0.661275
vt 0.284570 0.949681
vt 0.315352 0.949681
vt 0.338001 0.661275
vt 0.338001 0.758596
vt 0.334075 0.898052
vt 0.334075 0.949681
vt 0.338001 0.949681
vt 0.338001 0.901249
vt 0.346135 0.949681
vt 0.346135 0.903018
vt 0.376918 0.906213
vt 0.376918 0.949681
vt 0.407700 0.949681
vt 0.407700 0.909399
vt 0.469265 0.913324
vt 0.469265 0.949681
vt 0.500048 0.949681
vt 0.500048 0.913181
vt 0.438483 0.912455
vt 0.438483 0.949681
vt 0.330067 0.949682
vt 0.330067 0.892701
vt 0.469265 0.747501
vt 0.469265 0.661275
vt 0.438483 0.747458
vt 0.438483 0.661275
vt 0.407700 0.750462
vt 0.407700 0.661275
vt 0.376918 0.753784
vt 0.376918 0.661275
vt 0.346135 0.756620
vt 0.346135 0.661275
vt 0.334075 0.661275
vt 0.334075 0.761171
vt 0.330067 0.766765
vt 0.330067 0.661275
vt 0.315352 0.661275
vt 0.315352 0.949681
vt 0.284570 0.949681
vt 0.284570 0.661275
vt 0.338001 0.661275
vt 0.338001 0.758596
vt 0.334075 0.898052
vt 0.338001 0.901249
vt 0.338001 0.949681
vt 0.334075 0.949681
vt 0.346135 0.903018
vt 0.346135 0.949681
vt 0.376918 0.906213
vt 0.407700 0.909399
vt 0.407700 0.949681
vt 0.376918 0.949681
vt 0.469265 0.913324
vt 0.469265 0.949681
vt 0.438483 0.912455
vt 0.438483 0.949681
vt 0.330067 0.892701
vt 0.330067 0.949682
vt 0.500048 0.661275
vt 0.469265 0.661275
vt 0.469265 0.747501
vt 0.500048 0.747176
vt 0.438483 0.661275
vt 0.438483 0.747458
vt 0.407700 0.661275
vt 0.407700 0.750462
vt 0.376918 0.661275
vt 0.376918 0.753784
vt 0.346135 0.661275
vt 0.346135 0.756620
vt 0.334075 0.661275
vt 0.330067 0.661275
vt 0.330067 0.766765
vt 0.334075 0.761171
vt 0.315352 0.661275
vt 0.284570 0.661275
vt 0.284570 0.949681
vt 0.315352 0.949681
vt 0.253787 0.661275
vt 0.253787 0.949681
vt 0.338001 0.661275
vt 0.338001 0.758596
vt 0.334075 0.898052
vt 0.334075 0.949681
vt 0.338001 0.949681
vt 0.338001 0.901249
vt 0.346135 0.949681
vt 0.346135 0.903018
vt 0.376918 0.906213
vt 0.376918 0.949681
vt 0.407700 0.949681
vt 0.407700 0.909399
vt 0.469265 0.913324
vt 0.469265 0.949681
vt 0.500048 0.949681
vt 0.500048 0.913181
vt 0.438483 0.912455
vt 0.438483 0.949681
vt 0.330067 0.949682
vt 0.330067 0.892701
vt 0.469265 0.747501
vt 0.469265 0.661275
vt 0.438483 0.747458
vt 0.438483 0.661275
vt 0.407700 0.750462
vt 0.407700 0.661275
vt 0.376918 0.753784
vt 0.376918 0.661275
vt 0.346135 0.756620
vt 0.346135 0.661275
vt 0.334075 0.661275
vt 0.334075 0.761171
vt 0.330067 0.766765
vt 0.330067 0.661275
vt 0.315352 0.661275
vt 0.315352 0.949681
vt 0.284570 0.949681
vt 0.284570 0.661275
vt 0.253787 0.949681
vt 0.253787 0.661275
vt 0.338001 0.661275
vt 0.338001 0.758596
vt 0.334075 0.898052
vt 0.338001 0.901249
vt 0.338001 0.949681
vt 0.334075 0.949681
vt 0.346135 0.903018
vt 0.346135 0.949681
vt 0.376918 0.906213
vt 0.407700 0.909399
vt 0.407700 0.949681
vt 0.376918 0.949681
vt 0.469265 0.913324
vt 0.469265 0.949681
vt 0.438483 0.912455
vt 0.438483 0.949681
vt 0.330067 0.892701
vt 0.330067 0.949682
vt 0.500048 0.661275
vt 0.500048 0.747176
vt 0.469265 0.747501
vt 0.469265 0.661275
vt 0.438483 0.747458
vt 0.438483 0.661275
vt 0.407700 0.750462
vt 0.407700 0.661275
vt 0.376918 0.753784
vt 0.376918 0.661275
vt 0.346135 0.756620
vt 0.346135 0.661275
vt 0.334075 0.661275
vt 0.334075 0.761171
vt 0.330067 0.766765
vt 0.330067 0.661275
vt 0.315352 0.661275
vt 0.315352 0.949681
vt 0.284570 0.949681
vt 0.284570 0.661275
vt 0.338001 0.661275
vt 0.338001 0.758596
vt 0.334075 0.898052
vt 0.338001 0.901249
vt 0.338001 0.949681
vt 0.334075 0.949681
vt 0.346135 0.903018
vt 0.346135 0.949681
vt 0.376918 0.906213
vt 0.407700 0.909399
vt 0.407700 0.949681
vt 0.376918 0.949681
vt 0.469265 0.913324
vt 0.500048 0.913181
vt 0.500048 0.949681
vt 0.469265 0.949681
vt 0.438483 0.912455
vt 0.438483 0.949681
vt 0.330067 0.892701
vt 0.330067 0.949682
vt 0.469265 0.661275
vt 0.469265 0.747501
vt 0.438483 0.661275
vt 0.438483 0.747458
vt 0.407700 0.661275
vt 0.407700 0.750462
vt 0.376918 0.661275
vt 0.376918 0.753784
vt 0.346135 0.661275
vt 0.346135 0.756620
vt 0.334075 0.661275
vt 0.330067 0.661275
vt 0.330067 0.766765
vt 0.334075 0.761171
vt 0.315352 0.661275
vt 0.284570 0.661275
vt 0.284570 0.949681
vt 0.315352 0.949681
vt 0.338001 0.661275
vt 0.338001 0.758596
vt 0.334075 0.898052
vt 0.334075 0.949681
vt 0.338001 0.949681
vt 0.338001 0.901249
vt 0.346135 0.949681
vt 0.346135 0.903018
vt 0.376918 0.906213
vt 0.376918 0.949681
vt 0.407700 0.949681
vt 0.407700 0.909399
vt 0.469265 0.913324
vt 0.469265 0.949681
vt 0.438483 0.912455
vt 0.438483 0.949681
vt 0.330067 0.949682
vt 0.330067 0.892701
vt -0.692562 0.991644
vt -0.777745 0.991644
vt -0.777746 0.946345
vt -0.692562 0.946345
vt 1.266648 0.991644
vt 1.181464 0.991644
vt 1.181464 0.946345
vt 1.266648 0.946345
vt 0.074085 0.991644
vt -0.011098 0.991644
vt -0.011098 0.946345
vt 0.074085 0.946345
vt 0.925916 0.991644
vt 0.840733 0.991644
vt 0.840733 0.946345
vt 0.925916 0.946345
vt 1.692563 0.991644
vt 1.607380 0.991644
vt 1.607380 0.946345
vt 1.692563 0.946345
vt -0.266647 0.991644
vt -0.351830 0.991644
vt -0.351830 0.946345
vt -0.266647 0.946345
vt 0.585183 0.991644
vt 0.500000 0.991644
vt 0.500000 0.946345
vt 0.585183 0.946345
vt 0.414817 0.991644
vt 0.414817 0.946345
vt 1.351831 0.991644
vt 1.351831 0.946345
vt -0.607379 0.991644
vt -0.607379 0.946345
vt 0.159268 0.991644
vt 0.159268 0.946345
vt 1.011098 0.991644
vt 1.011098 0.946345
vt 1.777746 0.991644
vt 1.777746 0.946345
vt -0.181464 0.991644
vt -0.181464 0.946345
vt 0.670366 0.991644
vt 0.670366 0.946345
vt 1.437014 0.991644
vt 1.437014 0.946345
vt -0.522196 0.991644
vt -0.522196 0.946345
vt 0.244451 0.991644
vt 0.244451 0.946345
vt 1.096282 0.991644
vt 1.096282 0.946345
vt 1.862929 0.991644
vt 1.862929 0.946345
vt -0.096281 0.991644
vt -0.096281 0.946345
vt 0.755549 0.991644
vt 0.755549 0.946345
vt 1.522197 0.991644
vt 1.522197 0.946345
vt -0.437013 0.991644
vt -0.437013 0.946345
vt 0.329634 0.991644
vt 0.329634 0.946345
vt -0.862928 0.991644
vt -0.862929 0.946345
vt 0.096779 0.956664
vt 0.147182 0.956664
vt 0.147182 0.956664
vt 0.096779 0.956664
vt 0.830709 0.991956
vt 0.732237 0.991956
vt 0.732237 0.946210
vt 0.830709 0.946210
vt 2.701671 0.991956
vt 2.603199 0.991956
vt 2.603199 0.946210
vt 2.701671 0.946210
vt 0.852818 0.956664
vt 0.903220 0.956664
vt 0.903220 0.956664
vt 0.852818 0.956664
vt -0.306441 0.956664
vt -0.256038 0.956664
vt -0.256038 0.956664
vt -0.306441 0.956664
vt 0.197584 0.956664
vt 0.197584 0.956664
vt 0.953623 0.956664
vt 0.953623 0.956664
vt -0.205636 0.956664
vt -0.205636 0.956664
vt 0.247987 0.956664
vt 0.247987 0.956664
vt 0.500000 0.956664
vt 0.550402 0.956664
vt 0.550402 0.956664
vt 0.500000 0.956664
vt 1.004025 0.956664
vt 1.004025 0.956664
vt -0.155233 0.956664
vt -0.155233 0.956664
vt 0.298390 0.956664
vt 0.298390 0.956664
vt 0.600805 0.956664
vt 0.600805 0.956664
vt 1.054428 0.956664
vt 1.054428 0.956664
vt -0.104831 0.956664
vt -0.104831 0.956664
vt 0.348792 0.956664
vt 0.348792 0.956664
vt 1.091413 0.365402
vt 1.153503 0.365402
vt 1.153503 0.408903
vt 1.091413 0.408903
vt -0.088301 0.365402
vt -0.026210 0.365402
vt -0.026210 0.408903
vt -0.088301 0.408903
vt 2.504727 0.991956
vt 2.504727 0.946210
vt 0.633765 0.991956
vt 0.633765 0.946210
vt 2.406256 0.991956
vt 2.406256 0.946210
vt 0.535293 0.991956
vt 0.535293 0.946210
vt 2.307784 0.991956
vt 2.307784 0.946210
vt 0.436822 0.991956
vt 0.436822 0.946210
vt 2.209312 0.991956
vt 2.209312 0.946210
vt 0.338350 0.991956
vt 0.338350 0.946210
vt 2.110841 0.991956
vt 2.110841 0.946210
vt 0.239878 0.991956
vt 0.239878 0.946210
vt 2.012369 0.991956
vt 2.012369 0.946210
vt 0.141406 0.991956
vt 0.141406 0.946210
vt 1.520011 0.991956
vt 1.421539 0.991956
vt 1.421539 0.946210
vt 1.520011 0.946210
vt 1.913898 0.991956
vt 1.913898 0.946210
vt 0.042935 0.991956
vt 0.042935 0.946210
vt 1.323068 0.991956
vt 1.323068 0.946210
vt 1.815426 0.991956
vt 1.815426 0.946210
vt -0.055537 0.991956
vt -0.055537 0.946210
vt 1.224596 0.991956
vt 1.224596 0.946210
vt 1.716954 0.991956
vt 1.716954 0.946210
vt 3.095557 0.991956
vt 2.997086 0.991956
vt 2.997086 0.946210
vt 3.095557 0.946210
vt 1.126124 0.991956
vt 1.126124 0.946210
vt 1.618483 0.991956
vt 1.618483 0.946210
vt 2.898614 0.991956
vt 2.898614 0.946210
vt 1.027652 0.991956
vt 1.027652 0.946210
vt 2.800142 0.991956
vt 2.800142 0.946210
vt 0.929181 0.991956
vt 0.929181 0.946210
vt 0.035880 0.365402
vt 0.035880 0.408903
vt 1.215594 0.365402
vt 1.215594 0.408903
vt 0.097970 0.365402
vt 0.097970 0.408903
vt 1.277684 0.365402
vt 1.277684 0.408903
vt 0.160060 0.365402
vt 0.160060 0.408903
vt 1.339774 0.365402
vt 1.339774 0.408903
vt 0.470511 0.365402
vt 0.532601 0.365402
vt 0.532601 0.408903
vt 0.470511 0.408903
vt 0.222150 0.365402
vt 0.222150 0.408903
vt 1.401864 0.365402
vt 1.401864 0.408903
vt 0.594691 0.365402
vt 0.594691 0.408903
vt 0.284240 0.365402
vt 0.284240 0.408903
vt 1.463954 0.365402
vt 1.463954 0.408903
vt 0.656782 0.365402
vt 0.656782 0.408903
vt 0.346331 0.365402
vt 0.346331 0.408903
vt -0.522932 0.365402
vt -0.460842 0.365402
vt -0.460842 0.408903
vt -0.522932 0.408903
vt 0.718872 0.365402
vt 0.718872 0.408903
vt 0.408421 0.365402
vt 0.408421 0.408903
vt -0.398751 0.365402
vt -0.398751 0.408903
vt 0.780962 0.365402
vt 0.780962 0.408903
vt -0.336661 0.365402
vt -0.336661 0.408903
vt 0.843052 0.365402
vt 0.843052 0.408903
vt -0.274571 0.365402
vt -0.274571 0.408903
vt 0.905142 0.365402
vt 0.905142 0.408903
vt -0.212481 0.365402
vt -0.212481 0.408903
vt 0.967233 0.365402
vt 0.967233 0.408903
vt -0.150391 0.365402
vt -0.150391 0.408903
vt 1.029323 0.365402
vt 1.029323 0.408903
vt 0.853332 0.689750
vt 0.836584 0.706497
vt 0.816891 0.719656
vt 0.795009 0.728720
vt 0.771779 0.733340
vt 0.748095 0.733340
vt 0.724865 0.728720
vt 0.702983 0.719656
vt 0.683290 0.706497
vt 0.666542 0.689750
vt 0.853332 0.536455
vt 0.866490 0.556148
vt 0.875554 0.578030
vt 0.880175 0.601260
vt 0.880175 0.624945
vt 0.875554 0.648174
vt 0.866490 0.670056
vt 0.653384 0.670056
vt 0.644320 0.648174
vt 0.639699 0.624945
vt 0.639699 0.601260
vt 0.644320 0.578030
vt 0.653383 0.556148
vt 0.666542 0.536455
vt 0.683290 0.519707
vt 0.702983 0.506549
vt 0.724865 0.497485
vt 0.748095 0.492864
vt 0.771779 0.492864
vt 0.795009 0.497485
vt 0.816891 0.506549
vt 0.836584 0.519707
vt 0.449597 0.956664
vt 0.449597 0.946227
vt 0.500000 0.946227
vt 0.399195 0.956664
vt 0.399195 0.946227
vt 0.348792 0.946227
vt 0.298390 0.946227
vt 0.247987 0.946227
vt 0.197584 0.946227
vt 0.147182 0.946227
vt 0.096779 0.946227
vt 0.046377 0.956664
vt 0.046377 0.946227
vt -0.004026 0.956664
vt -0.004026 0.946227
vt -0.054428 0.956664
vt -0.054428 0.946227
vt -0.104831 0.946227
vt -0.155233 0.946227
vt -0.205636 0.946227
vt -0.256038 0.946227
vt -0.306441 0.946227
vt 1.306441 0.956664
vt 1.256038 0.956664
vt 1.256038 0.946227
vt 1.306441 0.946227
vt 1.205636 0.956664
vt 1.205636 0.946227
vt 1.155233 0.956664
vt 1.155233 0.946227
vt 1.104831 0.956664
vt 1.104831 0.946227
vt 1.054428 0.946227
vt 1.004025 0.946227
vt 0.953623 0.946227
vt 0.903220 0.946227
vt 0.852818 0.946227
vt 0.802415 0.956664
vt 0.802415 0.946227
vt 0.752013 0.956664
vt 0.752013 0.946227
vt 0.701610 0.956664
vt 0.701610 0.946227
vt 0.651207 0.956664
vt 0.651207 0.946227
vt 0.600805 0.946227
vt 0.550402 0.946227
vt -0.692562 0.991644
vt -0.692562 0.946345
vt -0.777746 0.946345
vt -0.777745 0.991644
vt 0.600805 0.956664
vt -0.050636 0.603979
vt -0.089998 0.603979
vt 0.550402 0.956664
vt 1.104831 0.991761
vt 1.104831 0.956664
vt 1.054428 0.956664
vt 1.054428 0.991761
vt 1.266648 0.991644
vt 1.266648 0.946345
vt 1.181464 0.946345
vt 1.181464 0.991644
vt 1.314256 0.999850
vt 1.314256 0.938138
vt 1.259973 0.938138
vt 1.259973 0.999850
vt 0.554284 0.999850
vt 0.554284 0.938138
vt 0.500000 0.938138
vt 0.500000 0.999850
vt 0.074085 0.991644
vt 0.074085 0.946345
vt -0.011098 0.946345
vt -0.011098 0.991644
vt 0.925916 0.991644
vt 0.925916 0.946345
vt 0.840733 0.946345
vt 0.840733 0.991644
vt 1.692563 0.991644
vt 1.692563 0.946345
vt 1.607380 0.946345
vt 1.607380 0.991644
vt -0.266647 0.991644
vt -0.266647 0.946345
vt -0.351830 0.946345
vt -0.351830 0.991644
vt 0.585183 0.991644
vt 0.585183 0.946345
vt 0.500000 0.946345
vt 0.500000 0.991644
vt 0.414817 0.946345
vt 0.414817 0.991644
vt 1.351831 0.991644
vt 1.351831 0.946345
vt -0.607379 0.991644
vt -0.607379 0.946345
vt 0.159268 0.991644
vt 0.159268 0.946345
vt 1.011098 0.991644
vt 1.011098 0.946345
vt 1.777746 0.991644
vt 1.777746 0.946345
vt -0.181464 0.991644
vt -0.181464 0.946345
vt 0.670366 0.991644
vt 0.670366 0.946345
vt 1.437014 0.991644
vt 1.437014 0.946345
vt -0.522196 0.991644
vt -0.522196 0.946345
vt 0.244451 0.991644
vt 0.244451 0.946345
vt 1.096282 0.991644
vt 1.096282 0.946345
vt 1.862929 0.991644
vt 1.862929 0.946345
vt -0.096281 0.991644
vt -0.096281 0.946345
vt 0.755549 0.991644
vt 0.755549 0.946345
vt 1.522197 0.991644
vt 1.522197 0.946345
vt -0.437013 0.991644
vt -0.437013 0.946345
vt 0.329634 0.991644
vt 0.329634 0.946345
vt -0.862929 0.946345
vt -0.862928 0.991644
vt 0.608568 0.999850
vt 0.608568 0.938138
vt 1.368540 0.999850
vt 1.368540 0.938138
vt 0.662851 0.999850
vt 0.662851 0.938138
vt -0.314256 0.999850
vt -0.314256 0.938139
vt -0.368540 0.938138
vt -0.368540 0.999850
vt 0.717135 0.999850
vt 0.717135 0.938138
vt -0.259973 0.999850
vt -0.259973 0.938138
vt 0.771419 0.999850
vt 0.771419 0.938138
vt -0.205689 0.999850
vt -0.205689 0.938138
vt 0.825702 0.999850
vt 0.825702 0.938138
vt 0.120014 0.999850
vt 0.120014 0.938138
vt 0.065730 0.938138
vt 0.065730 0.999850
vt -0.151405 0.999850
vt -0.151405 0.938138
vt 0.879986 0.999850
vt 0.879986 0.938138
vt 0.174298 0.999850
vt 0.174298 0.938138
vt -0.097121 0.999850
vt -0.097121 0.938138
vt 0.934270 0.999850
vt 0.934270 0.938138
vt 0.228581 0.999850
vt 0.228581 0.938138
vt -0.042837 0.999850
vt -0.042837 0.938138
vt 0.988554 0.999850
vt 0.988554 0.938138
vt 0.282865 0.999850
vt 0.282865 0.938138
vt 0.011446 0.999850
vt 0.011446 0.938138
vt 1.042837 0.999850
vt 1.042837 0.938138
vt 0.337149 0.999850
vt 0.337149 0.938138
vt 1.097121 0.999850
vt 1.097121 0.938138
vt 0.391432 0.999850
vt 0.391432 0.938138
vt 1.151405 0.999850
vt 1.151405 0.938138
vt 0.445716 0.999850
vt 0.445716 0.938138
vt 1.205689 0.999850
vt 1.205689 0.938138
vt 0.046377 0.956664
vt 0.775964 0.603979
vt 0.736602 0.603979
vt -0.004026 0.956664
vt 1.004025 0.956664
vt 0.264259 0.603979
vt 0.224897 0.603979
vt 0.953623 0.956664
vt 0.147182 0.991761
vt 0.147182 0.956664
vt 0.096779 0.956664
vt 0.096779 0.991761
vt 1.256038 0.956664
vt 0.461069 0.603979
vt 0.421707 0.603979
vt 1.205636 0.956664
vt 0.802415 0.956664
vt 0.106812 0.603979
vt 0.067450 0.603979
vt 0.752013 0.956664
vt 0.298390 0.956664
vt 0.972774 0.603979
vt 0.933412 0.603979
vt 0.247987 0.956664
vt -0.155233 0.956664
vt 0.618517 0.603979
vt 0.579155 0.603979
vt -0.205636 0.956664
vt 0.303621 0.603979
vt -0.129360 0.603979
vt 0.815326 0.603979
vt 0.382345 0.603979
vt 1.155233 0.956664
vt 0.028088 0.603979
vt 0.701610 0.956664
vt 0.894050 0.603979
vt 0.197584 0.956664
vt 0.539793 0.603979
vt -0.256038 0.956664
vt 0.185536 0.603979
vt 0.903220 0.956664
vt 0.697241 0.603979
vt -0.054428 0.956664
vt 0.342983 0.603979
vt -0.011274 0.603979
vt 0.651207 0.956664
vt 0.854688 0.603979
vt 0.500431 0.603979
vt -0.306441 0.956664
vt 0.146174 0.603979
vt 0.852818 0.956664
vt 0.500000 0.991761
vt 0.449597 0.991761
vt 0.657879 0.603979
vt -0.104831 0.956664
vt 1.306441 0.956664
vt 0.348792 0.956664
vt 1.012136 0.603979
vt 1.004025 0.991761
vt 0.046377 0.991761
vt 0.953623 0.991761
vt -0.004026 0.991761
vt 0.903220 0.991761
vt -0.054428 0.991761
vt 0.852818 0.991761
vt -0.104831 0.991761
vt 0.802415 0.991761
vt -0.155233 0.991761
vt 0.752013 0.991761
vt -0.205636 0.991761
vt 0.550402 0.991761
vt 0.701610 0.991761
vt -0.256038 0.991761
vt 0.399195 0.956664
vt 0.399195 0.991761
vt 0.651207 0.991761
vt -0.306441 0.991761
vt 0.348792 0.991761
vt 0.600805 0.991761
vt 1.306441 0.991761
vt 1.256038 0.991761
vt 0.298390 0.991761
vt 1.205636 0.991761
vt 0.247987 0.991761
vt 1.051498 0.603979
vt 1.155233 0.991761
vt 0.197584 0.991761
vt 0.853332 0.689750
vt 0.866490 0.670056
vt 0.875554 0.648174
vt 0.880175 0.624945
vt 0.880175 0.601260
vt 0.875554 0.578030
vt 0.866490 0.556148
vt 0.853332 0.536455
vt 0.666542 0.689750
vt 0.683290 0.706497
vt 0.702983 0.719656
vt 0.724865 0.728720
vt 0.748095 0.733340
vt 0.771779 0.733340
vt 0.795009 0.728720
vt 0.816891 0.719656
vt 0.836584 0.706497
vt 0.836584 0.519707
vt 0.816891 0.506549
vt 0.795009 0.497485
vt 0.771779 0.492864
vt 0.748095 0.492864
vt 0.724865 0.497485
vt 0.702983 0.506549
vt 0.683290 0.519707
vt 0.666542 0.536455
vt 0.653383 0.556148
vt 0.644320 0.578030
vt 0.639699 0.601260
vt 0.639699 0.624945
vt 0.644320 0.648174
vt 0.653384 0.670056
vt 0.502041 0.733394
vt 0.502041 0.733394
vt 0.502041 0.733394
vt 0.502041 0.733394
vt 0.502041 0.733394
vt 0.502041 0.733394
vt 0.502041 0.733394
vt 0.502041 0.733394
vt 0.502041 0.733394
vt 0.502041 0.733394
vt 0.502041 0.733394
vt 0.502041 0.733394
vt 0.502041 0.733394
vt 0.502041 0.733394
vt 0.502041 0.733394
vt 0.502041 0.733394
vt 0.502041 0.733394
vt 0.502041 0.733394
vt 0.502041 0.733394
vt 0.502041 0.733394
vt 0.502041 0.733394
vt 0.502041 0.733394
vt 0.502041 0.733394
vt 0.502041 0.733394
vt 0.502041 0.733394
vt 0.502041 0.733394
vt 0.502041 0.733394
vt 0.502041 0.733394
vt 0.502041 0.733394
vt 0.502041 0.733394
vt 0.502041 0.733394
vt 0.502041 0.733394
vt 0.502041 0.733394
vt 0.502041 0.733394
vt 0.502041 0.733394
vt 0.502041 0.733394
vt 0.502041 0.733394
vt 0.502041 0.733394
vt 0.502041 0.733394
vt 0.502041 0.733394
vt 0.502041 0.733394
vt 0.502041 0.733394
vt 0.502041 0.733394
vt 0.502041 0.733394
vt 0.502041 0.733394
vt 0.502041 0.733394
vt 0.502041 0.733394
vt 0.502041 0.733394
vt 0.502041 0.733394
vt 0.502041 0.733394
vt 0.502041 0.733394
vt 0.502041 0.733394
vt 0.502041 0.733394
vt 0.502041 0.733394
vt 0.502041 0.733394
vt 0.502041 0.733394
vt 0.502041 0.733394
vt 0.502041 0.733394
vt 0.502041 0.733394
vt 0.502041 0.733394
vt 0.502041 0.733394
vt 0.502041 0.733394
vt 0.502041 0.733394
vt 0.502041 0.733394
vt 1.306441 0.956664
vt 1.256038 0.956664
vt 0.802415 0.956664
vt 0.046377 0.956664
vt 1.205636 0.956664
vt 0.752013 0.956664
vt 0.449597 0.956664
vt -0.004026 0.956664
vt 1.155233 0.956664
vt 0.701610 0.956664
vt 0.399195 0.956664
vt -0.054428 0.956664
vt 1.104831 0.956664
vt 0.651207 0.956664
vt 0.197584 0.991761
vt 0.147182 0.991761
vt 0.147182 0.963354
vt 0.197584 0.963354
vt 1.155233 0.991761
vt 1.104831 0.991761
vt 1.104831 0.963354
vt 1.155233 0.963354
vt 0.247987 0.991761
vt 0.247987 0.963354
vt 1.205636 0.991761
vt 1.205636 0.963354
vt 0.298390 0.991761
vt 0.298390 0.963354
vt 1.256038 0.991761
vt 1.256038 0.963354
vt 0.600805 0.991761
vt 0.550402 0.991761
vt 0.550402 0.963354
vt 0.600805 0.963354
vt 0.348792 0.991761
vt 0.348792 0.963354
vt 1.306441 0.991761
vt 1.306441 0.963354
vt 0.651207 0.991761
vt 0.651207 0.963354
vt 0.399195 0.991761
vt 0.399195 0.963354
vt -0.256038 0.991761
vt -0.306441 0.991761
vt -0.306441 0.963354
vt -0.256038 0.963354
vt 0.701610 0.991761
vt 0.701610 0.963354
vt 0.449597 0.991761
vt 0.449597 0.963354
vt -0.205636 0.991761
vt -0.205636 0.963354
vt 0.752013 0.991761
vt 0.752013 0.963354
vt 0.500000 0.991761
vt 0.500000 0.963354
vt -0.155233 0.991761
vt -0.155233 0.963354
vt 0.802415 0.991761
vt 0.802415 0.963354
vt -0.104831 0.991761
vt -0.104831 0.963354
vt 0.852818 0.991761
vt 0.852818 0.963354
vt -0.054428 0.991761
vt -0.054428 0.963354
vt 0.903220 0.991761
vt 0.903220 0.963354
vt -0.004026 0.991761
vt -0.004026 0.963354
vt 0.953623 0.991761
vt 0.953623 0.963354
vt 0.046377 0.991761
vt 0.046377 0.963354
vt 1.004025 0.991761
vt 1.004025 0.963354
vt 0.096779 0.991761
vt 0.096779 0.963354
vt 1.054428 0.991761
vt 1.054428 0.963354
vt 0.328011 0.119687
vt 0.415876 0.119688
vt 0.415862 0.149006
vt 0.404985 0.148553
vt 0.397927 0.147891
vt 0.390938 0.146710
vt 0.333792 0.136719
vt 0.326151 0.199596
vt 0.331141 0.198683
vt 0.331141 0.202207
vt 0.326151 0.205279
vt 0.340910 0.144909
vt 0.341504 0.147981
vt 0.332906 0.147981
vt 0.327916 0.144909
vt 0.429802 0.120299
vt 0.428685 0.148657
vt 0.426578 0.149004
vt 0.427287 0.119687
vt 0.388213 0.144808
vt 0.361730 0.145507
vt 0.358490 0.145583
vt 0.355218 0.145614
vt 0.350175 0.145614
vt 0.345206 0.145614
vt 0.344876 0.141838
vt 0.390910 0.141838
vt 0.339750 0.198683
vt 0.339739 0.202207
vt 0.344610 0.146309
vt 0.344184 0.142820
vt 0.326151 0.184123
vt 0.331141 0.185036
vt 0.382037 0.122993
vt 0.384733 0.120292
vt 0.384733 0.139304
vt 0.382037 0.136603
vt 0.348410 0.196844
vt 0.348410 0.186875
vt 0.350597 0.188455
vt 0.350597 0.195264
vt 0.326151 0.178439
vt 0.331141 0.181512
vt 0.345116 0.200245
vt 0.348410 0.203538
vt 0.348410 0.204574
vt 0.343441 0.204574
vt 0.343441 0.200245
vt 0.386449 0.205380
vt 0.359966 0.204681
vt 0.359968 0.200141
vt 0.386449 0.198665
vt 0.353470 0.200285
vt 0.353454 0.204574
vt 0.351919 0.200245
vt 0.343441 0.183474
vt 0.345116 0.183474
vt 0.389145 0.182353
vt 0.386449 0.185054
vt 0.386449 0.178339
vt 0.389145 0.175369
vt 0.389145 0.208350
vt 0.389145 0.201366
vt 0.339739 0.181512
vt 0.339750 0.185036
vt 0.342852 0.199792
vt 0.342852 0.183927
vt 0.466302 0.121001
vt 0.455820 0.134368
vt 0.436972 0.145627
vt 0.438286 0.121593
vt 0.342845 0.203880
vt 0.343441 0.179145
vt 0.342845 0.179839
vt 0.340767 0.181288
vt 0.340773 0.184887
vt 0.341904 0.180676
vt 0.341908 0.184481
vt 0.342008 0.144629
vt 0.342532 0.147757
vt 0.343207 0.143864
vt 0.343668 0.147145
vt 0.340773 0.198832
vt 0.340767 0.202431
vt 0.341908 0.199238
vt 0.341904 0.203043
vt 0.434594 0.146834
vt 0.435848 0.121420
vt 0.431605 0.147944
vt 0.432818 0.120947
vt 0.359968 0.183578
vt 0.359966 0.179038
vt 0.356727 0.200277
vt 0.354106 0.198665
vt 0.354106 0.185054
vt 0.351919 0.183474
vt 0.353470 0.183434
vt 0.356727 0.183442
vt 0.348410 0.180181
vt 0.348410 0.179145
vt 0.349694 0.136603
vt 0.346185 0.133202
vt 0.346185 0.126394
vt 0.349694 0.122993
vt 0.356726 0.204606
vt 0.353454 0.179145
vt 0.356726 0.179113
vt 0.328011 0.119687
vt 0.415876 0.119688
vt 0.415862 0.149006
vt 0.404985 0.148553
vt 0.397927 0.147891
vt 0.390938 0.146710
vt 0.333792 0.136719
vt 0.326151 0.199596
vt 0.331141 0.198683
vt 0.331141 0.202207
vt 0.326151 0.205279
vt 0.340910 0.144909
vt 0.341504 0.147981
vt 0.332906 0.147981
vt 0.327916 0.144909
vt 0.429802 0.120299
vt 0.428685 0.148657
vt 0.426578 0.149004
vt 0.427287 0.119687
vt 0.388213 0.144808
vt 0.361730 0.145507
vt 0.358490 0.145583
vt 0.355218 0.145614
vt 0.350175 0.145614
vt 0.345206 0.145614
vt 0.344876 0.141838
vt 0.390910 0.141838
vt 0.339750 0.198683
vt 0.339739 0.202207
vt 0.344610 0.146309
vt 0.344184 0.142820
vt 0.326151 0.184123
vt 0.331141 0.185036
vt 0.382037 0.122993
vt 0.384733 0.120292
vt 0.384733 0.139304
vt 0.382037 0.136603
vt 0.348410 0.196844
vt 0.348410 0.186875
vt 0.350597 0.188455
vt 0.350597 0.195264
vt 0.326151 0.178439
vt 0.331141 0.181512
vt 0.345116 0.200245
vt 0.348410 0.203538
vt 0.348410 0.204574
vt 0.343441 0.204574
vt 0.343441 0.200245
vt 0.386449 0.205380
vt 0.359966 0.204681
vt 0.359968 0.200141
vt 0.386449 0.198665
vt 0.353470 0.200285
vt 0.353454 0.204574
vt 0.351919 0.200245
vt 0.343441 0.183474
vt 0.345116 0.183474
vt 0.389145 0.182353
vt 0.386449 0.185054
vt 0.386449 0.178339
vt 0.389145 0.175369
vt 0.389145 0.208350
vt 0.389145 0.201366
vt 0.339739 0.181512
vt 0.339750 0.185036
vt 0.342852 0.199792
vt 0.342852 0.183927
vt 0.466302 0.121001
vt 0.455820 0.134368
vt 0.436972 0.145627
vt 0.438286 0.121593
vt 0.342845 0.203880
vt 0.343441 0.179145
vt 0.342845 0.179839
vt 0.340767 0.181288
vt 0.340773 0.184887
vt 0.341904 0.180676
vt 0.341908 0.184481
vt 0.342008 0.144629
vt 0.342532 0.147757
vt 0.343207 0.143864
vt 0.343668 0.147145
vt 0.340773 0.198832
vt 0.340767 0.202431
vt 0.341908 0.199238
vt 0.341904 0.203043
vt 0.434594 0.146834
vt 0.435848 0.121420
vt 0.431605 0.147944
vt 0.432818 0.120947
vt 0.359968 0.183578
vt 0.359966 0.179038
vt 0.356727 0.200277
vt 0.354106 0.198665
vt 0.354106 0.185054
vt 0.351919 0.183474
vt 0.353470 0.183434
vt 0.356727 0.183442
vt 0.348410 0.180181
vt 0.348410 0.179145
vt 0.349694 0.136603
vt 0.346185 0.133202
vt 0.346185 0.126394
vt 0.349694 0.122993
vt 0.356726 0.204606
vt 0.353454 0.179145
vt 0.356726 0.179113
vt 0.328011 0.119687
vt 0.333792 0.136719
vt 0.390938 0.146710
vt 0.397927 0.147891
vt 0.404985 0.148553
vt 0.415862 0.149006
vt 0.415876 0.119688
vt 0.326151 0.199596
vt 0.326151 0.205279
vt 0.331141 0.202207
vt 0.331141 0.198683
vt 0.340910 0.144909
vt 0.327916 0.144909
vt 0.332906 0.147981
vt 0.341504 0.147981
vt 0.429802 0.120299
vt 0.427287 0.119687
vt 0.426578 0.149004
vt 0.428685 0.148657
vt 0.388213 0.144808
vt 0.390910 0.141838
vt 0.344876 0.141838
vt 0.345206 0.145614
vt 0.350175 0.145614
vt 0.355218 0.145614
vt 0.358490 0.145583
vt 0.361730 0.145507
vt 0.339750 0.198683
vt 0.339739 0.202207
vt 0.344184 0.142820
vt 0.344610 0.146309
vt 0.331141 0.185036
vt 0.326151 0.184123
vt 0.382037 0.122993
vt 0.382037 0.136603
vt 0.384733 0.139304
vt 0.384733 0.120292
vt 0.348410 0.196844
vt 0.350597 0.195264
vt 0.350597 0.188455
vt 0.348410 0.186875
vt 0.326151 0.178439
vt 0.331141 0.181512
vt 0.345116 0.200245
vt 0.343441 0.200245
vt 0.343441 0.204574
vt 0.348410 0.204574
vt 0.348410 0.203538
vt 0.386449 0.205380
vt 0.386449 0.198665
vt 0.359968 0.200141
vt 0.359966 0.204681
vt 0.353470 0.200285
vt 0.351919 0.200245
vt 0.353454 0.204574
vt 0.343441 0.183474
vt 0.345116 0.183474
vt 0.389145 0.182353
vt 0.389145 0.175369
vt 0.386449 0.178339
vt 0.386449 0.185054
vt 0.389145 0.208350
vt 0.389145 0.201366
vt 0.339739 0.181512
vt 0.339750 0.185036
vt 0.342852 0.183927
vt 0.342852 0.199792
vt 0.466302 0.121001
vt 0.438286 0.121593
vt 0.436972 0.145627
vt 0.455820 0.134368
vt 0.342845 0.203880
vt 0.343441 0.179145
vt 0.342845 0.179839
vt 0.340773 0.184887
vt 0.340767 0.181288
vt 0.341908 0.184481
vt 0.341904 0.180676
vt 0.342532 0.147757
vt 0.342008 0.144629
vt 0.343668 0.147145
vt 0.343207 0.143864
vt 0.340767 0.202431
vt 0.340773 0.198832
vt 0.341904 0.203043
vt 0.341908 0.199238
vt 0.435848 0.121420
vt 0.434594 0.146834
vt 0.432818 0.120947
vt 0.431605 0.147944
vt 0.359966 0.179038
vt 0.359968 0.183578
vt 0.354106 0.198665
vt 0.356727 0.200277
vt 0.356727 0.183442
vt 0.353470 0.183434
vt 0.351919 0.183474
vt 0.354106 0.185054
vt 0.348410 0.180181
vt 0.348410 0.179145
vt 0.349694 0.122993
vt 0.346185 0.126394
vt 0.346185 0.133202
vt 0.349694 0.136603
vt 0.356726 0.204606
vt 0.356726 0.179113
vt 0.353454 0.179145
vt 0.328011 0.119687
vt 0.333792 0.136719
vt 0.390938 0.146710
vt 0.397927 0.147891
vt 0.404985 0.148553
vt 0.415862 0.149006
vt 0.415876 0.119688
vt 0.326151 0.199596
vt 0.326151 0.205279
vt 0.331141 0.202207
vt 0.331141 0.198683
vt 0.340910 0.144909
vt 0.327916 0.144909
vt 0.332906 0.147981
vt 0.341504 0.147981
vt 0.429802 0.120299
vt 0.427287 0.119687
vt 0.426578 0.149004
vt 0.428685 0.148657
vt 0.388213 0.144808
vt 0.390910 0.141838
vt 0.344876 0.141838
vt 0.345206 0.145614
vt 0.350175 0.145614
vt 0.355218 0.145614
vt 0.358490 0.145583
vt 0.361730 0.145507
vt 0.339750 0.198683
vt 0.339739 0.202207
vt 0.344184 0.142820
vt 0.344610 0.146309
vt 0.331141 0.185036
vt 0.326151 0.184123
vt 0.382037 0.122993
vt 0.382037 0.136603
vt 0.384733 0.139304
vt 0.384733 0.120292
vt 0.348410 0.196844
vt 0.350597 0.195264
vt 0.350597 0.188455
vt 0.348410 0.186875
vt 0.326151 0.178439
vt 0.331141 0.181512
vt 0.345116 0.200245
vt 0.343441 0.200245
vt 0.343441 0.204574
vt 0.348410 0.204574
vt 0.348410 0.203538
vt 0.386449 0.205380
vt 0.386449 0.198665
vt 0.359968 0.200141
vt 0.359966 0.204681
vt 0.353470 0.200285
vt 0.351919 0.200245
vt 0.353454 0.204574
vt 0.343441 0.183474
vt 0.345116 0.183474
vt 0.389145 0.182353
vt 0.389145 0.175369
vt 0.386449 0.178339
vt 0.386449 0.185054
vt 0.389145 0.208350
vt 0.389145 0.201366
vt 0.339739 0.181512
vt 0.339750 0.185036
vt 0.342852 0.183927
vt 0.342852 0.199792
vt 0.466302 0.121001
vt 0.438286 0.121593
vt 0.436972 0.145627
vt 0.455820 0.134368
vt 0.342845 0.203880
vt 0.343441 0.179145
vt 0.342845 0.179839
vt 0.340773 0.184887
vt 0.340767 0.181288
vt 0.341908 0.184481
vt 0.341904 0.180676
vt 0.342532 0.147757
vt 0.342008 0.144629
vt 0.343668 0.147145
vt 0.343207 0.143864
vt 0.340767 0.202431
vt 0.340773 0.198832
vt 0.341904 0.203043
vt 0.341908 0.199238
vt 0.435848 0.121420
vt 0.434594 0.146834
vt 0.432818 0.120947
vt 0.431605 0.147944
vt 0.359966 0.179038
vt 0.359968 0.183578
vt 0.354106 0.198665
vt 0.356727 0.200277
vt 0.356727 0.183442
vt 0.353470 0.183434
vt 0.351919 0.183474
vt 0.354106 0.185054
vt 0.348410 0.180181
vt 0.348410 0.179145
vt 0.349694 0.122993
vt 0.346185 0.126394
vt 0.346185 0.133202
vt 0.349694 0.136603
vt 0.356726 0.204606
vt 0.356726 0.179113
vt 0.353454 0.179145
vt 0.328011 0.119687
vt 0.333792 0.136719
vt 0.390938 0.146710
vt 0.397927 0.147891
vt 0.404985 0.148553
vt 0.415862 0.149006
vt 0.415876 0.119688
vt 0.326151 0.199596
vt 0.326151 0.205279
vt 0.331141 0.202207
vt 0.331141 0.198683
vt 0.340910 0.144909
vt 0.327916 0.144909
vt 0.332906 0.147981
vt 0.341504 0.147981
vt 0.429802 0.120299
vt 0.427287 0.119687
vt 0.426578 0.149004
vt 0.428685 0.148657
vt 0.388213 0.144808
vt 0.390910 0.141838
vt 0.344876 0.141838
vt 0.345206 0.145614
vt 0.350175 0.145614
vt 0.355218 0.145614
vt 0.358490 0.145583
vt 0.361730 0.145507
vt 0.339750 0.198683
vt 0.339739 0.202207
vt 0.344184 0.142820
vt 0.344610 0.146309
vt 0.331141 0.185036
vt 0.326151 0.184123
vt 0.382037 0.122993
vt 0.382037 0.136603
vt 0.384733 0.139304
vt 0.384733 0.120292
vt 0.348410 0.196844
vt 0.350597 0.195264
vt 0.350597 0.188455
vt 0.348410 0.186875
vt 0.326151 0.178439
vt 0.331141 0.181512
vt 0.345116 0.200245
vt 0.343441 0.200245
vt 0.343441 0.204574
vt 0.348410 0.204574
vt 0.348410 0.203538
vt 0.386449 0.205380
vt 0.386449 0.198665
vt 0.359968 0.200141
vt 0.359966 0.204681
vt 0.353470 0.200285
vt 0.351919 0.200245
vt 0.353454 0.204574
vt 0.343441 0.183474
vt 0.345116 0.183474
vt 0.389145 0.182353
vt 0.389145 0.175369
vt 0.386449 0.178339
vt 0.386449 0.185054
vt 0.389145 0.208350
vt 0.389145 0.201366
vt 0.339739 0.181512
vt 0.339750 0.185036
vt 0.342852 0.183927
vt 0.342852 0.199792
vt 0.466302 0.121001
vt 0.438286 0.121593
vt 0.436972 0.145627
vt 0.455820 0.134368
vt 0.342845 0.203880
vt 0.343441 0.179145
vt 0.342845 0.179839
vt 0.340773 0.184887
vt 0.340767 0.181288
vt 0.341908 0.184481
vt 0.341904 0.180676
vt 0.342532 0.147757
vt 0.342008 0.144629
vt 0.343668 0.147145
vt 0.343207 0.143864
vt 0.340767 0.202431
vt 0.340773 0.198832
vt 0.341904 0.203043
vt 0.341908 0.199238
vt 0.435848 0.121420
vt 0.434594 0.146834
vt 0.432818 0.120947
vt 0.431605 0.147944
vt 0.359966 0.179038
vt 0.359968 0.183578
vt 0.354106 0.198665
vt 0.356727 0.200277
vt 0.356727 0.183442
vt 0.353470 0.183434
vt 0.351919 0.183474
vt 0.354106 0.185054
vt 0.348410 0.180181
vt 0.348410 0.179145
vt 0.349694 0.122993
vt 0.346185 0.126394
vt 0.346185 0.133202
vt 0.349694 0.136603
vt 0.356726 0.204606
vt 0.356726 0.179113
vt 0.353454 0.179145
vt 0.328011 0.119687
vt 0.333792 0.136719
vt 0.390938 0.146710
vt 0.397927 0.147891
vt 0.404985 0.148553
vt 0.415862 0.149006
vt 0.415876 0.119688
vt 0.326151 0.199596
vt 0.326151 0.205279
vt 0.331141 0.202207
vt 0.331141 0.198683
vt 0.340910 0.144909
vt 0.327916 0.144909
vt 0.332906 0.147981
vt 0.341504 0.147981
vt 0.429802 0.120299
vt 0.427287 0.119687
vt 0.426578 0.149004
vt 0.428685 0.148657
vt 0.388213 0.144808
vt 0.390910 0.141838
vt 0.344876 0.141838
vt 0.345206 0.145614
vt 0.350175 0.145614
vt 0.355218 0.145614
vt 0.358490 0.145583
vt 0.361730 0.145507
vt 0.339750 0.198683
vt 0.339739 0.202207
vt 0.344184 0.142820
vt 0.344610 0.146309
vt 0.331141 0.185036
vt 0.326151 0.184123
vt 0.382037 0.122993
vt 0.382037 0.136603
vt 0.384733 0.139304
vt 0.384733 0.120292
vt 0.348410 0.196844
vt 0.350597 0.195264
vt 0.350597 0.188455
vt 0.348410 0.186875
vt 0.326151 0.178439
vt 0.331141 0.181512
vt 0.345116 0.200245
vt 0.343441 0.200245
vt 0.343441 0.204574
vt 0.348410 0.204574
vt 0.348410 0.203538
vt 0.386449 0.205380
vt 0.386449 0.198665
vt 0.359968 0.200141
vt 0.359966 0.204681
vt 0.353470 0.200285
vt 0.351919 0.200245
vt 0.353454 0.204574
vt 0.343441 0.183474
vt 0.345116 0.183474
vt 0.389145 0.182353
vt 0.389145 0.175369
vt 0.386449 0.178339
vt 0.386449 0.185054
vt 0.389145 0.208350
vt 0.389145 0.201366
vt 0.339739 0.181512
vt 0.339750 0.185036
vt 0.342852 0.183927
vt 0.342852 0.199792
vt 0.466302 0.121001
vt 0.438286 0.121593
vt 0.436972 0.145627
vt 0.455820 0.134368
vt 0.342845 0.203880
vt 0.343441 0.179145
vt 0.342845 0.179839
vt 0.340773 0.184887
vt 0.340767 0.181288
vt 0.341908 0.184481
vt 0.341904 0.180676
vt 0.342532 0.147757
vt 0.342008 0.144629
vt 0.343668 0.147145
vt 0.343207 0.143864
vt 0.340767 0.202431
vt 0.340773 0.198832
vt 0.341904 0.203043
vt 0.341908 0.199238
vt 0.435848 0.121420
vt 0.434594 0.146834
vt 0.432818 0.120947
vt 0.431605 0.147944
vt 0.359966 0.179038
vt 0.359968 0.183578
vt 0.354106 0.198665
vt 0.356727 0.200277
vt 0.356727 0.183442
vt 0.353470 0.183434
vt 0.351919 0.183474
vt 0.354106 0.185054
vt 0.348410 0.180181
vt 0.348410 0.179145
vt 0.349694 0.122993
vt 0.346185 0.126394
vt 0.346185 0.133202
vt 0.349694 0.136603
vt 0.356726 0.204606
vt 0.356726 0.179113
vt 0.353454 0.179145
vt 0.328011 0.119687
vt 0.415876 0.119688
vt 0.415862 0.149006
vt 0.404985 0.148553
vt 0.397927 0.147891
vt 0.390938 0.146710
vt 0.333792 0.136719
vt 0.326151 0.199596
vt 0.331141 0.198683
vt 0.331141 0.202207
vt 0.326151 0.205279
vt 0.340910 0.144909
vt 0.341504 0.147981
vt 0.332906 0.147981
vt 0.327916 0.144909
vt 0.429802 0.120299
vt 0.428685 0.148657
vt 0.426578 0.149004
vt 0.427287 0.119687
vt 0.388213 0.144808
vt 0.361730 0.145507
vt 0.358490 0.145583
vt 0.355218 0.145614
vt 0.350175 0.145614
vt 0.345206 0.145614
vt 0.344876 0.141838
vt 0.390910 0.141838
vt 0.339750 0.198683
vt 0.339739 0.202207
vt 0.344610 0.146309
vt 0.344184 0.142820
vt 0.326151 0.184123
vt 0.331141 0.185036
vt 0.382037 0.122993
vt 0.384733 0.120292
vt 0.384733 0.139304
vt 0.382037 0.136603
vt 0.348410 0.196844
vt 0.348410 0.186875
vt 0.350597 0.188455
vt 0.350597 0.195264
vt 0.326151 0.178439
vt 0.331141 0.181512
vt 0.345116 0.200245
vt 0.348410 0.203538
vt 0.348410 0.204574
vt 0.343441 0.204574
vt 0.343441 0.200245
vt 0.386449 0.205380
vt 0.359966 0.204681
vt 0.359968 0.200141
vt 0.386449 0.198665
vt 0.353470 0.200285
vt 0.353454 0.204574
vt 0.351919 0.200245
vt 0.343441 0.183474
vt 0.345116 0.183474
vt 0.389145 0.182353
vt 0.386449 0.185054
vt 0.386449 0.178339
vt 0.389145 0.175369
vt 0.389145 0.208350
vt 0.389145 0.201366
vt 0.339739 0.181512
vt 0.339750 0.185036
vt 0.342852 0.199792
vt 0.342852 0.183927
vt 0.466302 0.121001
vt 0.455820 0.134368
vt 0.436972 0.145627
vt 0.438286 0.121593
vt 0.342845 0.203880
vt 0.343441 0.179145
vt 0.342845 0.179839
vt 0.340767 0.181288
vt 0.340773 0.184887
vt 0.341904 0.180676
vt 0.341908 0.184481
vt 0.342008 0.144629
vt 0.342532 0.147757
vt 0.343207 0.143864
vt 0.343668 0.147145
vt 0.340773 0.198832
vt 0.340767 0.202431
vt 0.341908 0.199238
vt 0.341904 0.203043
vt 0.434594 0.146834
vt 0.435848 0.121420
vt 0.431605 0.147944
vt 0.432818 0.120947
vt 0.359968 0.183578
vt 0.359966 0.179038
vt 0.356727 0.200277
vt 0.354106 0.198665
vt 0.354106 0.185054
vt 0.351919 0.183474
vt 0.353470 0.183434
vt 0.356727 0.183442
vt 0.348410 0.180181
vt 0.348410 0.179145
vt 0.349694 0.136603
vt 0.346185 0.133202
vt 0.346185 0.126394
vt 0.349694 0.122993
vt 0.356726 0.204606
vt 0.353454 0.179145
vt 0.356726 0.179113
vt 0.328011 0.119687
vt 0.415876 0.119688
vt 0.415862 0.149006
vt 0.404985 0.148553
vt 0.397927 0.147891
vt 0.390938 0.146710
vt 0.333792 0.136719
vt 0.326151 0.199596
vt 0.331141 0.198683
vt 0.331141 0.202207
vt 0.326151 0.205279
vt 0.340910 0.144909
vt 0.341504 0.147981
vt 0.332906 0.147981
vt 0.327916 0.144909
vt 0.429802 0.120299
vt 0.428685 0.148657
vt 0.426578 0.149004
vt 0.427287 0.119687
vt 0.388213 0.144808
vt 0.361730 0.145507
vt 0.358490 0.145583
vt 0.355218 0.145614
vt 0.350175 0.145614
vt 0.345206 0.145614
vt 0.344876 0.141838
vt 0.390910 0.141838
vt 0.339750 0.198683
vt 0.339739 0.202207
vt 0.344610 0.146309
vt 0.344184 0.142820
vt 0.326151 0.184123
vt 0.331141 0.185036
vt 0.382037 0.122993
vt 0.384733 0.120292
vt 0.384733 0.139304
vt 0.382037 0.136603
vt 0.348410 0.196844
vt 0.348410 0.186875
vt 0.350597 0.188455
vt 0.350597 0.195264
vt 0.326151 0.178439
vt 0.331141 0.181512
vt 0.345116 0.200245
vt 0.348410 0.203538
vt 0.348410 0.204574
vt 0.343441 0.204574
vt 0.343441 0.200245
vt 0.386449 0.205380
vt 0.359966 0.204681
vt 0.359968 0.200141
vt 0.386449 0.198665
vt 0.353470 0.200285
vt 0.353454 0.204574
vt 0.351919 0.200245
vt 0.343441 0.183474
vt 0.345116 0.183474
vt 0.389145 0.182353
vt 0.386449 0.185054
vt 0.386449 0.178339
vt 0.389145 0.175369
vt 0.389145 0.208350
vt 0.389145 0.201366
vt 0.339739 0.181512
vt 0.339750 0.185036
vt 0.342852 0.199792
vt 0.342852 0.183927
vt 0.466302 0.121001
vt 0.455820 0.134368
vt 0.436972 0.145627
vt 0.438286 0.121593
vt 0.342845 0.203880
vt 0.343441 0.179145
vt 0.342845 0.179839
vt 0.340767 0.181288
vt 0.340773 0.184887
vt 0.341904 0.180676
vt 0.341908 0.184481
vt 0.342008 0.144629
vt 0.342532 0.147757
vt 0.343207 0.143864
vt 0.343668 0.147145
vt 0.340773 0.198832
vt 0.340767 0.202431
vt 0.341908 0.199238
vt 0.341904 0.203043
vt 0.434594 0.146834
vt 0.435848 0.121420
vt 0.431605 0.147944
vt 0.432818 0.120947
vt 0.359968 0.183578
vt 0.359966 0.179038
vt 0.356727 0.200277
vt 0.354106 0.198665
vt 0.354106 0.185054
vt 0.351919 0.183474
vt 0.353470 0.183434
vt 0.356727 0.183442
vt 0.348410 0.180181
vt 0.348410 0.179145
vt 0.349694 0.136603
vt 0.346185 0.133202
vt 0.346185 0.126394
vt 0.349694 0.122993
vt 0.356726 0.204606
vt 0.353454 0.179145
vt 0.356726 0.179113
vt 0.251674 0.728463
vt 0.230165 0.728401
vt 0.209069 0.724083
vt 0.189198 0.715675
vt 0.171314 0.703501
vt 0.156105 0.688027
vt 0.144155 0.669848
vt 0.135924 0.649664
vt 0.131727 0.628250
vt 0.131727 0.606428
vt 0.135924 0.585038
vt 0.144155 0.564901
vt 0.156104 0.546791
vt 0.171313 0.531404
vt 0.189197 0.519332
vt 0.209069 0.511038
vt 0.230164 0.506842
vt 0.251673 0.506903
vt 0.272769 0.511221
vt 0.292640 0.519629
vt 0.310524 0.531804
vt 0.325733 0.547278
vt 0.337683 0.565456
vt 0.345914 0.585640
vt 0.350110 0.607055
vt 0.350110 0.628876
vt 0.345914 0.650267
vt 0.337683 0.670404
vt 0.325734 0.688513
vt 0.310525 0.703900
vt 0.292641 0.715972
vt 0.272769 0.724266
vt 0.011920 0.080577
vt 0.023462 0.065779
vt 0.023462 0.885671
vt 0.011920 0.867297
vt 0.047375 0.054422
vt 0.047375 0.895842
vt 0.137873 0.038116
vt 0.137873 0.914204
vt 0.228370 0.019027
vt 0.228370 0.932517
vt 0.318867 0.001763
vt 0.318867 0.950079
vt 0.409365 0.002011
vt 0.409365 0.955074
vt 0.499862 0.000138
vt 0.499862 0.954251
vt 0.000138 0.112730
vt 0.000139 0.836545
vt 0.988080 0.080577
vt 0.988080 0.867296
vt 0.976539 0.885671
vt 0.976538 0.065778
vt 0.952625 0.895841
vt 0.952624 0.054421
vt 0.862128 0.914203
vt 0.862127 0.038116
vt 0.771630 0.932517
vt 0.771630 0.019027
vt 0.681133 0.950078
vt 0.681133 0.001763
vt 0.590636 0.955074
vt 0.590635 0.002011
vt 0.500139 0.954251
vt 0.500138 0.000138
vt 0.999862 0.112729
vt 0.999862 0.836544
vt 0.011920 0.080577
vt 0.023462 0.065779
vt 0.023462 0.885671
vt 0.011920 0.867297
vt 0.047375 0.054422
vt 0.047375 0.895842
vt 0.137873 0.038116
vt 0.137873 0.914204
vt 0.228370 0.019027
vt 0.228370 0.932517
vt 0.318867 0.001763
vt 0.318867 0.950079
vt 0.409365 0.002011
vt 0.409365 0.955074
vt 0.499862 0.000138
vt 0.499862 0.954251
vt 0.000138 0.112730
vt 0.000139 0.836545
vt 0.988080 0.080577
vt 0.988080 0.867296
vt 0.976539 0.885671
vt 0.976538 0.065778
vt 0.952625 0.895841
vt 0.952624 0.054421
vt 0.862128 0.914203
vt 0.862127 0.038116
vt 0.771630 0.932517
vt 0.771630 0.019027
vt 0.681133 0.950078
vt 0.681133 0.001763
vt 0.590636 0.955074
vt 0.590635 0.002011
vt 0.500139 0.954251
vt 0.500138 0.000138
vt 0.999862 0.112729
vt 0.999862 0.836544
vt 0.035655 0.719785
vt 0.065786 0.719785
vt 0.065786 0.719785
vt 0.035655 0.719785
vt 0.336966 0.719785
vt 0.367097 0.719785
vt 0.367097 0.719785
vt 0.336966 0.719785
vt 0.397228 0.719785
vt 0.427359 0.719785
vt 0.427359 0.719785
vt 0.397228 0.719785
vt 0.186311 0.719785
vt 0.216442 0.719785
vt 0.216442 0.719785
vt 0.186311 0.719785
vt 0.336966 0.719785
vt 0.367097 0.719785
vt 0.126049 0.719785
vt 0.156180 0.719785
vt 0.156180 0.719785
vt 0.126049 0.719785
vt 0.276704 0.719785
vt 0.306835 0.719785
vt 0.306835 0.719785
vt 0.276704 0.719785
vt 0.457490 0.719785
vt 0.457490 0.719785
vt 0.095918 0.719785
vt 0.095918 0.719785
vt 0.246573 0.719785
vt 0.246573 0.719785
vt 0.156180 0.719785
vt 0.186311 0.719785
vt 0.186311 0.719785
vt 0.156180 0.719785
vt 0.126049 0.719785
vt 0.397228 0.719785
vt 0.427359 0.719785
vt 0.216442 0.719785
vt 0.457490 0.719785
vt 0.246573 0.719785
vt 0.276704 0.719785
vt 0.065786 0.719785
vt 0.035655 0.719785
vt 0.306835 0.719785
vt 0.095918 0.719785
vt 0.427359 0.719785
vt 0.397228 0.719785
vt 0.216442 0.719785
vt 0.457490 0.719785
vt 0.246573 0.719785
vt 0.276704 0.719785
vt 0.065786 0.719785
vt 0.035655 0.719785
vt 0.306835 0.719785
vt 0.095918 0.719785
vt 0.336966 0.719785
vt 0.126049 0.719785
vt 0.367097 0.719785
vt 0.306835 0.719785
vt 0.336966 0.719785
vt 0.095918 0.719785
vt 0.126049 0.719785
vt 0.367097 0.719785
vt 0.156180 0.719785
vt 0.397228 0.719785
vt 0.186311 0.719785
vt 0.427359 0.719785
vt 0.216442 0.719785
vt 0.457490 0.719785
vt 0.246573 0.719785
vt 0.276704 0.719785
vt 0.035655 0.719785
vt 0.065786 0.719785
vt 0.276704 0.719785
vt 0.306835 0.719785
vt 0.035655 0.719785
vt 0.065786 0.719785
vt 0.246573 0.719785
vt 0.216442 0.719785
vt 0.427359 0.719785
vt 0.457490 0.719785
vt 0.186311 0.719785
vt 0.397228 0.719785
vt 0.156180 0.719785
vt 0.367097 0.719785
vt 0.126049 0.719785
vt 0.336966 0.719785
vt 0.095918 0.719785
vt 0.035655 0.719785
vt 0.035655 0.719785
vt 0.065786 0.719785
vt 0.065786 0.719785
vt 0.336966 0.719785
vt 0.336966 0.719785
vt 0.367097 0.719785
vt 0.367097 0.719785
vt 0.397228 0.719785
vt 0.397228 0.719785
vt 0.427359 0.719785
vt 0.427359 0.719785
vt 0.186311 0.719785
vt 0.186311 0.719785
vt 0.216442 0.719785
vt 0.216442 0.719785
vt 0.336966 0.719785
vt 0.367097 0.719785
vt 0.126049 0.719785
vt 0.126049 0.719785
vt 0.156180 0.719785
vt 0.156180 0.719785
vt 0.276704 0.719785
vt 0.276704 0.719785
vt 0.306835 0.719785
vt 0.306835 0.719785
vt 0.457490 0.719785
vt 0.457490 0.719785
vt 0.095918 0.719785
vt 0.095918 0.719785
vt 0.246573 0.719785
vt 0.246573 0.719785
vt 0.156180 0.719785
vt 0.156180 0.719785
vt 0.186311 0.719785
vt 0.186311 0.719785
vt 0.126049 0.719785
vt 0.397228 0.719785
vt 0.427359 0.719785
vt 0.216442 0.719785
vt 0.457490 0.719785
vt 0.246573 0.719785
vt 0.276704 0.719785
vt 0.035655 0.719785
vt 0.065786 0.719785
vt 0.306835 0.719785
vt 0.095918 0.719785
vt 0.397228 0.719785
vt 0.427359 0.719785
vt 0.216442 0.719785
vt 0.457490 0.719785
vt 0.246573 0.719785
vt 0.276704 0.719785
vt 0.035655 0.719785
vt 0.065786 0.719785
vt 0.306835 0.719785
vt 0.095918 0.719785
vt 0.336966 0.719785
vt 0.126049 0.719785
vt 0.367097 0.719785
vt 0.216442 0.719785
vt 0.246573 0.719785
vt 0.427359 0.719785
vt 0.457490 0.719785
vt 0.186311 0.719785
vt 0.397228 0.719785
vt 0.156180 0.719785
vt 0.367097 0.719785
vt 0.126049 0.719785
vt 0.336966 0.719784
vt 0.095918 0.719785
vt 0.306835 0.719785
vt 0.065786 0.719785
vt 0.276704 0.719785
vt 0.035655 0.719785
vt 0.065786 0.719785
vt 0.035655 0.719785
vt 0.246573 0.719785
vt 0.216442 0.719785
vt 0.457490 0.719785
vt 0.427359 0.719785
vt 0.186311 0.719785
vt 0.397228 0.719785
vt 0.156180 0.719785
vt 0.367097 0.719785
vt 0.126049 0.719785
vt 0.336966 0.719785
vt 0.095918 0.719784
vt 0.306835 0.719785
vt 0.276704 0.719785
vt 0.035655 0.719785
vt 0.065786 0.719785
vt 0.065786 0.719785
vt 0.035655 0.719785
vt 0.336966 0.719785
vt 0.367097 0.719785
vt 0.367097 0.719785
vt 0.336966 0.719785
vt 0.397228 0.719785
vt 0.427359 0.719785
vt 0.427359 0.719785
vt 0.397228 0.719785
vt 0.186311 0.719785
vt 0.216442 0.719785
vt 0.216442 0.719785
vt 0.186311 0.719785
vt 0.336966 0.719785
vt 0.367097 0.719785
vt 0.126049 0.719785
vt 0.156180 0.719785
vt 0.156180 0.719785
vt 0.126049 0.719785
vt 0.276704 0.719785
vt 0.306835 0.719785
vt 0.306835 0.719785
vt 0.276704 0.719785
vt 0.457490 0.719785
vt 0.457490 0.719785
vt 0.095918 0.719785
vt 0.095918 0.719785
vt 0.246573 0.719785
vt 0.246573 0.719785
vt 0.156180 0.719785
vt 0.186311 0.719785
vt 0.186311 0.719785
vt 0.156180 0.719785
vt 0.126049 0.719785
vt 0.397228 0.719785
vt 0.427359 0.719785
vt 0.216442 0.719785
vt 0.457490 0.719785
vt 0.246573 0.719785
vt 0.276704 0.719785
vt 0.065786 0.719785
vt 0.035655 0.719785
vt 0.306835 0.719785
vt 0.095918 0.719785
vt 0.427359 0.719785
vt 0.397228 0.719785
vt 0.216442 0.719785
vt 0.457490 0.719785
vt 0.246573 0.719785
vt 0.276704 0.719785
vt 0.065786 0.719785
vt 0.035655 0.719785
vt 0.306835 0.719785
vt 0.095918 0.719785
vt 0.336966 0.719785
vt 0.126049 0.719785
vt 0.367097 0.719785
vt 0.306835 0.719785
vt 0.336966 0.719785
vt 0.095918 0.719785
vt 0.126049 0.719785
vt 0.367097 0.719785
vt 0.156180 0.719785
vt 0.397228 0.719785
vt 0.186311 0.719785
vt 0.427359 0.719785
vt 0.216442 0.719785
vt 0.457490 0.719785
vt 0.246573 0.719785
vt 0.276704 0.719785
vt 0.035655 0.719785
vt 0.065786 0.719785
vt 0.276704 0.719785
vt 0.306835 0.719785
vt 0.035655 0.719785
vt 0.065786 0.719785
vt 0.246573 0.719785
vt 0.216442 0.719785
vt 0.427359 0.719785
vt 0.457490 0.719785
vt 0.186311 0.719785
vt 0.397228 0.719785
vt 0.156180 0.719785
vt 0.367097 0.719785
vt 0.126049 0.719785
vt 0.336966 0.719785
vt 0.095918 0.719785
vt 0.035655 0.719785
vt 0.035655 0.719785
vt 0.065786 0.719785
vt 0.065786 0.719785
vt 0.336966 0.719785
vt 0.336966 0.719785
vt 0.367097 0.719785
vt 0.367097 0.719785
vt 0.397228 0.719785
vt 0.397228 0.719785
vt 0.427359 0.719785
vt 0.427359 0.719785
vt 0.186311 0.719785
vt 0.186311 0.719785
vt 0.216442 0.719785
vt 0.216442 0.719785
vt 0.336966 0.719785
vt 0.367097 0.719785
vt 0.126049 0.719785
vt 0.126049 0.719785
vt 0.156180 0.719785
vt 0.156180 0.719785
vt 0.276704 0.719785
vt 0.276704 0.719785
vt 0.306835 0.719785
vt 0.306835 0.719785
vt 0.457490 0.719785
vt 0.457490 0.719785
vt 0.095918 0.719785
vt 0.095918 0.719785
vt 0.246573 0.719785
vt 0.246573 0.719785
vt 0.156180 0.719785
vt 0.156180 0.719785
vt 0.186311 0.719785
vt 0.186311 0.719785
vt 0.126049 0.719785
vt 0.397228 0.719785
vt 0.427359 0.719785
vt 0.216442 0.719785
vt 0.457490 0.719785
vt 0.246573 0.719785
vt 0.276704 0.719785
vt 0.035655 0.719785
vt 0.065786 0.719785
vt 0.306835 0.719785
vt 0.095918 0.719785
vt 0.397228 0.719785
vt 0.427359 0.719785
vt 0.216442 0.719785
vt 0.457490 0.719785
vt 0.246573 0.719785
vt 0.276704 0.719785
vt 0.035655 0.719785
vt 0.065786 0.719785
vt 0.306835 0.719785
vt 0.095918 0.719785
vt 0.336966 0.719785
vt 0.126049 0.719785
vt 0.367097 0.719785
vt 0.216442 0.719785
vt 0.246573 0.719785
vt 0.427359 0.719785
vt 0.457490 0.719785
vt 0.186311 0.719785
vt 0.397228 0.719785
vt 0.156180 0.719785
vt 0.367097 0.719785
vt 0.126049 0.719785
vt 0.336966 0.719784
vt 0.095918 0.719785
vt 0.306835 0.719785
vt 0.065786 0.719785
vt 0.276704 0.719785
vt 0.035655 0.719785
vt 0.065786 0.719785
vt 0.035655 0.719785
vt 0.246573 0.719785
vt 0.216442 0.719785
vt 0.457490 0.719785
vt 0.427359 0.719785
vt 0.186311 0.719785
vt 0.397228 0.719785
vt 0.156180 0.719785
vt 0.367097 0.719785
vt 0.126049 0.719785
vt 0.336966 0.719785
vt 0.095918 0.719784
vt 0.306835 0.719785
vt 0.276704 0.719785
vt 0.035655 0.719785
vt 0.035655 0.719785
vt 0.065786 0.719785
vt 0.065786 0.719785
vt 0.336966 0.719785
vt 0.336966 0.719785
vt 0.367097 0.719785
vt 0.367097 0.719785
vt 0.397228 0.719785
vt 0.397228 0.719785
vt 0.427359 0.719785
vt 0.427359 0.719785
vt 0.186311 0.719785
vt 0.186311 0.719785
vt 0.216442 0.719785
vt 0.216442 0.719785
vt 0.336966 0.719785
vt 0.367097 0.719785
vt 0.126049 0.719785
vt 0.126049 0.719785
vt 0.156180 0.719785
vt 0.156180 0.719785
vt 0.276704 0.719785
vt 0.276704 0.719785
vt 0.306835 0.719785
vt 0.306835 0.719785
vt 0.457490 0.719785
vt 0.457490 0.719785
vt 0.095918 0.719785
vt 0.095918 0.719785
vt 0.246573 0.719785
vt 0.246573 0.719785
vt 0.156180 0.719785
vt 0.156180 0.719785
vt 0.186311 0.719785
vt 0.186311 0.719785
vt 0.126049 0.719785
vt 0.397228 0.719785
vt 0.427359 0.719785
vt 0.216442 0.719785
vt 0.457490 0.719785
vt 0.246573 0.719785
vt 0.276704 0.719785
vt 0.035655 0.719785
vt 0.065786 0.719785
vt 0.306835 0.719785
vt 0.095918 0.719785
vt 0.397228 0.719785
vt 0.427359 0.719785
vt 0.216442 0.719785
vt 0.457490 0.719785
vt 0.246573 0.719785
vt 0.276704 0.719785
vt 0.035655 0.719785
vt 0.065786 0.719785
vt 0.306835 0.719785
vt 0.095918 0.719785
vt 0.336966 0.719785
vt 0.126049 0.719785
vt 0.367097 0.719785
vt 0.336966 0.719785
vt 0.306835 0.719785
vt 0.126049 0.719785
vt 0.095918 0.719785
vt 0.367097 0.719785
vt 0.156180 0.719785
vt 0.397228 0.719785
vt 0.186311 0.719785
vt 0.427359 0.719785
vt 0.216442 0.719785
vt 0.457490 0.719785
vt 0.246573 0.719785
vt 0.276704 0.719785
vt 0.065786 0.719785
vt 0.035655 0.719785
vt 0.306835 0.719785
vt 0.276704 0.719785
vt 0.065786 0.719785
vt 0.035655 0.719785
vt 0.246573 0.719785
vt 0.216442 0.719785
vt 0.457490 0.719785
vt 0.427359 0.719785
vt 0.186311 0.719785
vt 0.397228 0.719785
vt 0.156180 0.719785
vt 0.367097 0.719785
vt 0.126049 0.719785
vt 0.336966 0.719785
vt 0.095918 0.719785
vt 0.035655 0.719785
vt 0.065786 0.719785
vt 0.065786 0.719785
vt 0.035655 0.719785
vt 0.336966 0.719785
vt 0.367097 0.719785
vt 0.367097 0.719785
vt 0.336966 0.719785
vt 0.397228 0.719785
vt 0.427359 0.719785
vt 0.427359 0.719785
vt 0.397228 0.719785
vt 0.186311 0.719785
vt 0.216442 0.719785
vt 0.216442 0.719785
vt 0.186311 0.719785
vt 0.336966 0.719785
vt 0.367097 0.719785
vt 0.126049 0.719785
vt 0.156180 0.719785
vt 0.156180 0.719785
vt 0.126049 0.719785
vt 0.276704 0.719785
vt 0.306835 0.719785
vt 0.306835 0.719785
vt 0.276704 0.719785
vt 0.457490 0.719785
vt 0.457490 0.719785
vt 0.095918 0.719785
vt 0.095918 0.719785
vt 0.246573 0.719785
vt 0.246573 0.719785
vt 0.156180 0.719785
vt 0.186311 0.719785
vt 0.186311 0.719785
vt 0.156180 0.719785
vt 0.126049 0.719785
vt 0.397228 0.719785
vt 0.427359 0.719785
vt 0.216442 0.719785
vt 0.457490 0.719785
vt 0.246573 0.719785
vt 0.276704 0.719785
vt 0.065786 0.719785
vt 0.035655 0.719785
vt 0.306835 0.719785
vt 0.095918 0.719785
vt 0.427359 0.719785
vt 0.397228 0.719785
vt 0.216442 0.719785
vt 0.457490 0.719785
vt 0.246573 0.719785
vt 0.276704 0.719785
vt 0.065786 0.719785
vt 0.035655 0.719785
vt 0.306835 0.719785
vt 0.095918 0.719785
vt 0.336966 0.719785
vt 0.126049 0.719785
vt 0.367097 0.719785
vt 0.246573 0.719785
vt 0.216442 0.719785
vt 0.457490 0.719785
vt 0.427359 0.719785
vt 0.186311 0.719785
vt 0.397228 0.719785
vt 0.156180 0.719785
vt 0.367097 0.719785
vt 0.126049 0.719785
vt 0.336966 0.719784
vt 0.095918 0.719785
vt 0.306835 0.719785
vt 0.065786 0.719785
vt 0.276704 0.719785
vt 0.035655 0.719785
vt 0.035655 0.719785
vt 0.065786 0.719785
vt 0.216442 0.719785
vt 0.246573 0.719785
vt 0.427359 0.719785
vt 0.457490 0.719785
vt 0.186311 0.719785
vt 0.397228 0.719785
vt 0.156180 0.719785
vt 0.367097 0.719785
vt 0.126049 0.719785
vt 0.336966 0.719785
vt 0.095918 0.719784
vt 0.306835 0.719785
vt 0.276704 0.719785
vt 0.035655 0.719785
vt 0.035655 0.719785
vt 0.065786 0.719785
vt 0.065786 0.719785
vt 0.336966 0.719785
vt 0.336966 0.719785
vt 0.367097 0.719785
vt 0.367097 0.719785
vt 0.397228 0.719785
vt 0.397228 0.719785
vt 0.427359 0.719785
vt 0.427359 0.719785
vt 0.186311 0.719785
vt 0.186311 0.719785
vt 0.216442 0.719785
vt 0.216442 0.719785
vt 0.336966 0.719785
vt 0.367097 0.719785
vt 0.126049 0.719785
vt 0.126049 0.719785
vt 0.156180 0.719785
vt 0.156180 0.719785
vt 0.276704 0.719785
vt 0.276704 0.719785
vt 0.306835 0.719785
vt 0.306835 0.719785
vt 0.457490 0.719785
vt 0.457490 0.719785
vt 0.095918 0.719785
vt 0.095918 0.719785
vt 0.246573 0.719785
vt 0.246573 0.719785
vt 0.156180 0.719785
vt 0.156180 0.719785
vt 0.186311 0.719785
vt 0.186311 0.719785
vt 0.126049 0.719785
vt 0.397228 0.719785
vt 0.427359 0.719785
vt 0.216442 0.719785
vt 0.457490 0.719785
vt 0.246573 0.719785
vt 0.276704 0.719785
vt 0.035655 0.719785
vt 0.065786 0.719785
vt 0.306835 0.719785
vt 0.095918 0.719785
vt 0.397228 0.719785
vt 0.427359 0.719785
vt 0.216442 0.719785
vt 0.457490 0.719785
vt 0.246573 0.719785
vt 0.276704 0.719785
vt 0.035655 0.719785
vt 0.065786 0.719785
vt 0.306835 0.719785
vt 0.095918 0.719785
vt 0.336966 0.719785
vt 0.126049 0.719785
vt 0.367097 0.719785
vt 0.336966 0.719785
vt 0.306835 0.719785
vt 0.126049 0.719785
vt 0.095918 0.719785
vt 0.367097 0.719785
vt 0.156180 0.719785
vt 0.397228 0.719785
vt 0.186311 0.719785
vt 0.427359 0.719785
vt 0.216442 0.719785
vt 0.457490 0.719785
vt 0.246573 0.719785
vt 0.276704 0.719785
vt 0.065786 0.719785
vt 0.035655 0.719785
vt 0.306835 0.719785
vt 0.276704 0.719785
vt 0.065786 0.719785
vt 0.035655 0.719785
vt 0.246573 0.719785
vt 0.216442 0.719785
vt 0.457490 0.719785
vt 0.427359 0.719785
vt 0.186311 0.719785
vt 0.397228 0.719785
vt 0.156180 0.719785
vt 0.367097 0.719785
vt 0.126049 0.719785
vt 0.336966 0.719785
vt 0.095918 0.719785
vt 0.035655 0.719785
vt 0.065786 0.719785
vt 0.065786 0.719785
vt 0.035655 0.719785
vt 0.336966 0.719785
vt 0.367097 0.719785
vt 0.367097 0.719785
vt 0.336966 0.719785
vt 0.397228 0.719785
vt 0.427359 0.719785
vt 0.427359 0.719785
vt 0.397228 0.719785
vt 0.186311 0.719785
vt 0.216442 0.719785
vt 0.216442 0.719785
vt 0.186311 0.719785
vt 0.336966 0.719785
vt 0.367097 0.719785
vt 0.126049 0.719785
vt 0.156180 0.719785
vt 0.156180 0.719785
vt 0.126049 0.719785
vt 0.276704 0.719785
vt 0.306835 0.719785
vt 0.306835 0.719785
vt 0.276704 0.719785
vt 0.457490 0.719785
vt 0.457490 0.719785
vt 0.095918 0.719785
vt 0.095918 0.719785
vt 0.246573 0.719785
vt 0.246573 0.719785
vt 0.156180 0.719785
vt 0.186311 0.719785
vt 0.186311 0.719785
vt 0.156180 0.719785
vt 0.126049 0.719785
vt 0.397228 0.719785
vt 0.427359 0.719785
vt 0.216442 0.719785
vt 0.457490 0.719785
vt 0.246573 0.719785
vt 0.276704 0.719785
vt 0.065786 0.719785
vt 0.035655 0.719785
vt 0.306835 0.719785
vt 0.095918 0.719785
vt 0.427359 0.719785
vt 0.397228 0.719785
vt 0.216442 0.719785
vt 0.457490 0.719785
vt 0.246573 0.719785
vt 0.276704 0.719785
vt 0.065786 0.719785
vt 0.035655 0.719785
vt 0.306835 0.719785
vt 0.095918 0.719785
vt 0.336966 0.719785
vt 0.126049 0.719785
vt 0.367097 0.719785
vt 0.246573 0.719785
vt 0.216442 0.719785
vt 0.457490 0.719785
vt 0.427359 0.719785
vt 0.186311 0.719785
vt 0.397228 0.719785
vt 0.156180 0.719785
vt 0.367097 0.719785
vt 0.126049 0.719785
vt 0.336966 0.719784
vt 0.095918 0.719785
vt 0.306835 0.719785
vt 0.065786 0.719785
vt 0.276704 0.719785
vt 0.035655 0.719785
vt 0.035655 0.719785
vt 0.065786 0.719785
vt 0.216442 0.719785
vt 0.246573 0.719785
vt 0.427359 0.719785
vt 0.457490 0.719785
vt 0.186311 0.719785
vt 0.397228 0.719785
vt 0.156180 0.719785
vt 0.367097 0.719785
vt 0.126049 0.719785
vt 0.336966 0.719785
vt 0.095918 0.719784
vt 0.306835 0.719785
vt 0.276704 0.719785
vt 0.035655 0.719785
vt 0.035655 0.719785
vt 0.065786 0.719785
vt 0.065786 0.719785
vt 0.336966 0.719785
vt 0.336966 0.719785
vt 0.367097 0.719785
vt 0.367097 0.719785
vt 0.397228 0.719785
vt 0.397228 0.719785
vt 0.427359 0.719785
vt 0.427359 0.719785
vt 0.186311 0.719785
vt 0.186311 0.719785
vt 0.216442 0.719785
vt 0.216442 0.719785
vt 0.336966 0.719785
vt 0.367097 0.719785
vt 0.126049 0.719785
vt 0.126049 0.719785
vt 0.156180 0.719785
vt 0.156180 0.719785
vt 0.276704 0.719785
vt 0.276704 0.719785
vt 0.306835 0.719785
vt 0.306835 0.719785
vt 0.457490 0.719785
vt 0.457490 0.719785
vt 0.095918 0.719785
vt 0.095918 0.719785
vt 0.246573 0.719785
vt 0.246573 0.719785
vt 0.156180 0.719785
vt 0.156180 0.719785
vt 0.186311 0.719785
vt 0.186311 0.719785
vt 0.126049 0.719785
vt 0.397228 0.719785
vt 0.427359 0.719785
vt 0.216442 0.719785
vt 0.457490 0.719785
vt 0.246573 0.719785
vt 0.276704 0.719785
vt 0.035655 0.719785
vt 0.065786 0.719785
vt 0.306835 0.719785
vt 0.095918 0.719785
vt 0.397228 0.719785
vt 0.427359 0.719785
vt 0.216442 0.719785
vt 0.457490 0.719785
vt 0.246573 0.719785
vt 0.276704 0.719785
vt 0.035655 0.719785
vt 0.065786 0.719785
vt 0.306835 0.719785
vt 0.095918 0.719785
vt 0.336966 0.719785
vt 0.126049 0.719785
vt 0.367097 0.719785
vt 0.336966 0.719785
vt 0.306835 0.719785
vt 0.126049 0.719785
vt 0.095918 0.719785
vt 0.367097 0.719785
vt 0.156180 0.719785
vt 0.397228 0.719785
vt 0.186311 0.719785
vt 0.427359 0.719785
vt 0.216442 0.719785
vt 0.457490 0.719785
vt 0.246573 0.719785
vt 0.276704 0.719785
vt 0.065786 0.719785
vt 0.035655 0.719785
vt 0.306835 0.719785
vt 0.276704 0.719785
vt 0.065786 0.719785
vt 0.035655 0.719785
vt 0.246573 0.719785
vt 0.216442 0.719785
vt 0.457490 0.719785
vt 0.427359 0.719785
vt 0.186311 0.719785
vt 0.397228 0.719785
vt 0.156180 0.719785
vt 0.367097 0.719785
vt 0.126049 0.719785
vt 0.336966 0.719785
vt 0.095918 0.719785
vt 0.035655 0.719785
vt 0.065786 0.719785
vt 0.065786 0.719785
vt 0.035655 0.719785
vt 0.336966 0.719785
vt 0.367097 0.719785
vt 0.367097 0.719785
vt 0.336966 0.719785
vt 0.397228 0.719785
vt 0.427359 0.719785
vt 0.427359 0.719785
vt 0.397228 0.719785
vt 0.186311 0.719785
vt 0.216442 0.719785
vt 0.216442 0.719785
vt 0.186311 0.719785
vt 0.336966 0.719785
vt 0.367097 0.719785
vt 0.126049 0.719785
vt 0.156180 0.719785
vt 0.156180 0.719785
vt 0.126049 0.719785
vt 0.276704 0.719785
vt 0.306835 0.719785
vt 0.306835 0.719785
vt 0.276704 0.719785
vt 0.457490 0.719785
vt 0.457490 0.719785
vt 0.095918 0.719785
vt 0.095918 0.719785
vt 0.246573 0.719785
vt 0.246573 0.719785
vt 0.156180 0.719785
vt 0.186311 0.719785
vt 0.186311 0.719785
vt 0.156180 0.719785
vt 0.126049 0.719785
vt 0.397228 0.719785
vt 0.427359 0.719785
vt 0.216442 0.719785
vt 0.457490 0.719785
vt 0.246573 0.719785
vt 0.276704 0.719785
vt 0.065786 0.719785
vt 0.035655 0.719785
vt 0.306835 0.719785
vt 0.095918 0.719785
vt 0.427359 0.719785
vt 0.397228 0.719785
vt 0.216442 0.719785
vt 0.457490 0.719785
vt 0.246573 0.719785
vt 0.276704 0.719785
vt 0.065786 0.719785
vt 0.035655 0.719785
vt 0.306835 0.719785
vt 0.095918 0.719785
vt 0.336966 0.719785
vt 0.126049 0.719785
vt 0.367097 0.719785
vt 0.246573 0.719785
vt 0.216442 0.719785
vt 0.457490 0.719785
vt 0.427359 0.719785
vt 0.186311 0.719785
vt 0.397228 0.719785
vt 0.156180 0.719785
vt 0.367097 0.719785
vt 0.126049 0.719785
vt 0.336966 0.719784
vt 0.095918 0.719785
vt 0.306835 0.719785
vt 0.065786 0.719785
vt 0.276704 0.719785
vt 0.035655 0.719785
vt 0.035655 0.719785
vt 0.065786 0.719785
vt 0.216442 0.719785
vt 0.246573 0.719785
vt 0.427359 0.719785
vt 0.457490 0.719785
vt 0.186311 0.719785
vt 0.397228 0.719785
vt 0.156180 0.719785
vt 0.367097 0.719785
vt 0.126049 0.719785
vt 0.336966 0.719785
vt 0.095918 0.719784
vt 0.306835 0.719785
vt 0.276704 0.719785
vt 0.035655 0.719785
vt 0.035655 0.719785
vt 0.065786 0.719785
vt 0.065786 0.719785
vt 0.336966 0.719785
vt 0.336966 0.719785
vt 0.367097 0.719785
vt 0.367097 0.719785
vt 0.397228 0.719785
vt 0.397228 0.719785
vt 0.427359 0.719785
vt 0.427359 0.719785
vt 0.186311 0.719785
vt 0.186311 0.719785
vt 0.216442 0.719785
vt 0.216442 0.719785
vt 0.336966 0.719785
vt 0.367097 0.719785
vt 0.126049 0.719785
vt 0.126049 0.719785
vt 0.156180 0.719785
vt 0.156180 0.719785
vt 0.276704 0.719785
vt 0.276704 0.719785
vt 0.306835 0.719785
vt 0.306835 0.719785
vt 0.457490 0.719785
vt 0.457490 0.719785
vt 0.095918 0.719785
vt 0.095918 0.719785
vt 0.246573 0.719785
vt 0.246573 0.719785
vt 0.156180 0.719785
vt 0.156180 0.719785
vt 0.186311 0.719785
vt 0.186311 0.719785
vt 0.126049 0.719785
vt 0.397228 0.719785
vt 0.427359 0.719785
vt 0.216442 0.719785
vt 0.457490 0.719785
vt 0.246573 0.719785
vt 0.276704 0.719785
vt 0.035655 0.719785
vt 0.065786 0.719785
vt 0.306835 0.719785
vt 0.095918 0.719785
vt 0.397228 0.719785
vt 0.427359 0.719785
vt 0.216442 0.719785
vt 0.457490 0.719785
vt 0.246573 0.719785
vt 0.276704 0.719785
vt 0.035655 0.719785
vt 0.065786 0.719785
vt 0.306835 0.719785
vt 0.095918 0.719785
vt 0.336966 0.719785
vt 0.126049 0.719785
vt 0.367097 0.719785
vt 0.336966 0.719785
vt 0.306835 0.719785
vt 0.126049 0.719785
vt 0.095918 0.719785
vt 0.367097 0.719785
vt 0.156180 0.719785
vt 0.397228 0.719785
vt 0.186311 0.719785
vt 0.427359 0.719785
vt 0.216442 0.719785
vt 0.457490 0.719785
vt 0.246573 0.719785
vt 0.276704 0.719785
vt 0.065786 0.719785
vt 0.035655 0.719785
vt 0.306835 0.719785
vt 0.276704 0.719785
vt 0.065786 0.719785
vt 0.035655 0.719785
vt 0.246573 0.719785
vt 0.216442 0.719785
vt 0.457490 0.719785
vt 0.427359 0.719785
vt 0.186311 0.719785
vt 0.397228 0.719785
vt 0.156180 0.719785
vt 0.367097 0.719785
vt 0.126049 0.719785
vt 0.336966 0.719785
vt 0.095918 0.719785
vt 0.035655 0.719785
vt 0.065786 0.719785
vt 0.065786 0.719785
vt 0.035655 0.719785
vt 0.336966 0.719785
vt 0.367097 0.719785
vt 0.367097 0.719785
vt 0.336966 0.719785
vt 0.397228 0.719785
vt 0.427359 0.719785
vt 0.427359 0.719785
vt 0.397228 0.719785
vt 0.186311 0.719785
vt 0.216442 0.719785
vt 0.216442 0.719785
vt 0.186311 0.719785
vt 0.336966 0.719785
vt 0.367097 0.719785
vt 0.126049 0.719785
vt 0.156180 0.719785
vt 0.156180 0.719785
vt 0.126049 0.719785
vt 0.276704 0.719785
vt 0.306835 0.719785
vt 0.306835 0.719785
vt 0.276704 0.719785
vt 0.457490 0.719785
vt 0.457490 0.719785
vt 0.095918 0.719785
vt 0.095918 0.719785
vt 0.246573 0.719785
vt 0.246573 0.719785
vt 0.156180 0.719785
vt 0.186311 0.719785
vt 0.186311 0.719785
vt 0.156180 0.719785
vt 0.126049 0.719785
vt 0.397228 0.719785
vt 0.427359 0.719785
vt 0.216442 0.719785
vt 0.457490 0.719785
vt 0.246573 0.719785
vt 0.276704 0.719785
vt 0.065786 0.719785
vt 0.035655 0.719785
vt 0.306835 0.719785
vt 0.095918 0.719785
vt 0.427359 0.719785
vt 0.397228 0.719785
vt 0.216442 0.719785
vt 0.457490 0.719785
vt 0.246573 0.719785
vt 0.276704 0.719785
vt 0.065786 0.719785
vt 0.035655 0.719785
vt 0.306835 0.719785
vt 0.095918 0.719785
vt 0.336966 0.719785
vt 0.126049 0.719785
vt 0.367097 0.719785
vt 0.246573 0.719785
vt 0.216442 0.719785
vt 0.457490 0.719785
vt 0.427359 0.719785
vt 0.186311 0.719785
vt 0.397228 0.719785
vt 0.156180 0.719785
vt 0.367097 0.719785
vt 0.126049 0.719785
vt 0.336966 0.719784
vt 0.095918 0.719785
vt 0.306835 0.719785
vt 0.065786 0.719785
vt 0.276704 0.719785
vt 0.035655 0.719785
vt 0.035655 0.719785
vt 0.065786 0.719785
vt 0.216442 0.719785
vt 0.246573 0.719785
vt 0.427359 0.719785
vt 0.457490 0.719785
vt 0.186311 0.719785
vt 0.397228 0.719785
vt 0.156180 0.719785
vt 0.367097 0.719785
vt 0.126049 0.719785
vt 0.336966 0.719785
vt 0.095918 0.719784
vt 0.306835 0.719785
vt 0.276704 0.719785
vt 0.035655 0.719785
vt 0.065786 0.719785
vt 0.065786 0.719785
vt 0.035655 0.719785
vt 0.336966 0.719785
vt 0.367097 0.719785
vt 0.367097 0.719785
vt 0.336966 0.719785
vt 0.397228 0.719785
vt 0.427359 0.719785
vt 0.427359 0.719785
vt 0.397228 0.719785
vt 0.186311 0.719785
vt 0.216442 0.719785
vt 0.216442 0.719785
vt 0.186311 0.719785
vt 0.336966 0.719785
vt 0.367097 0.719785
vt 0.126049 0.719785
vt 0.156180 0.719785
vt 0.156180 0.719785
vt 0.126049 0.719785
vt 0.276704 0.719785
vt 0.306835 0.719785
vt 0.306835 0.719785
vt 0.276704 0.719785
vt 0.457490 0.719785
vt 0.457490 0.719785
vt 0.095918 0.719785
vt 0.095918 0.719785
vt 0.246573 0.719785
vt 0.246573 0.719785
vt 0.156180 0.719785
vt 0.186311 0.719785
vt 0.186311 0.719785
vt 0.156180 0.719785
vt 0.126049 0.719785
vt 0.397228 0.719785
vt 0.427359 0.719785
vt 0.216442 0.719785
vt 0.457490 0.719785
vt 0.246573 0.719785
vt 0.276704 0.719785
vt 0.065786 0.719785
vt 0.035655 0.719785
vt 0.306835 0.719785
vt 0.095918 0.719785
vt 0.427359 0.719785
vt 0.397228 0.719785
vt 0.216442 0.719785
vt 0.457490 0.719785
vt 0.246573 0.719785
vt 0.276704 0.719785
vt 0.065786 0.719785
vt 0.035655 0.719785
vt 0.306835 0.719785
vt 0.095918 0.719785
vt 0.336966 0.719785
vt 0.126049 0.719785
vt 0.367097 0.719785
vt 0.306835 0.719785
vt 0.336966 0.719785
vt 0.095918 0.719785
vt 0.126049 0.719785
vt 0.367097 0.719785
vt 0.156180 0.719785
vt 0.397228 0.719785
vt 0.186311 0.719785
vt 0.427359 0.719785
vt 0.216442 0.719785
vt 0.457490 0.719785
vt 0.246573 0.719785
vt 0.276704 0.719785
vt 0.035655 0.719785
vt 0.065786 0.719785
vt 0.276704 0.719785
vt 0.306835 0.719785
vt 0.035655 0.719785
vt 0.065786 0.719785
vt 0.246573 0.719785
vt 0.216442 0.719785
vt 0.427359 0.719785
vt 0.457490 0.719785
vt 0.186311 0.719785
vt 0.397228 0.719785
vt 0.156180 0.719785
vt 0.367097 0.719785
vt 0.126049 0.719785
vt 0.336966 0.719785
vt 0.095918 0.719785
vt 0.035655 0.719785
vt 0.035655 0.719785
vt 0.065786 0.719785
vt 0.065786 0.719785
vt 0.336966 0.719785
vt 0.336966 0.719785
vt 0.367097 0.719785
vt 0.367097 0.719785
vt 0.397228 0.719785
vt 0.397228 0.719785
vt 0.427359 0.719785
vt 0.427359 0.719785
vt 0.186311 0.719785
vt 0.186311 0.719785
vt 0.216442 0.719785
vt 0.216442 0.719785
vt 0.336966 0.719785
vt 0.367097 0.719785
vt 0.126049 0.719785
vt 0.126049 0.719785
vt 0.156180 0.719785
vt 0.156180 0.719785
vt 0.276704 0.719785
vt 0.276704 0.719785
vt 0.306835 0.719785
vt 0.306835 0.719785
vt 0.457490 0.719785
vt 0.457490 0.719785
vt 0.095918 0.719785
vt 0.095918 0.719785
vt 0.246573 0.719785
vt 0.246573 0.719785
vt 0.156180 0.719785
vt 0.156180 0.719785
vt 0.186311 0.719785
vt 0.186311 0.719785
vt 0.126049 0.719785
vt 0.397228 0.719785
vt 0.427359 0.719785
vt 0.216442 0.719785
vt 0.457490 0.719785
vt 0.246573 0.719785
vt 0.276704 0.719785
vt 0.035655 0.719785
vt 0.065786 0.719785
vt 0.306835 0.719785
vt 0.095918 0.719785
vt 0.397228 0.719785
vt 0.427359 0.719785
vt 0.216442 0.719785
vt 0.457490 0.719785
vt 0.246573 0.719785
vt 0.276704 0.719785
vt 0.035655 0.719785
vt 0.065786 0.719785
vt 0.306835 0.719785
vt 0.095918 0.719785
vt 0.336966 0.719785
vt 0.126049 0.719785
vt 0.367097 0.719785
vt 0.216442 0.719785
vt 0.246573 0.719785
vt 0.427359 0.719785
vt 0.457490 0.719785
vt 0.186311 0.719785
vt 0.397228 0.719785
vt 0.156180 0.719785
vt 0.367097 0.719785
vt 0.126049 0.719785
vt 0.336966 0.719784
vt 0.095918 0.719785
vt 0.306835 0.719785
vt 0.065786 0.719785
vt 0.276704 0.719785
vt 0.035655 0.719785
vt 0.065786 0.719785
vt 0.035655 0.719785
vt 0.246573 0.719785
vt 0.216442 0.719785
vt 0.457490 0.719785
vt 0.427359 0.719785
vt 0.186311 0.719785
vt 0.397228 0.719785
vt 0.156180 0.719785
vt 0.367097 0.719785
vt 0.126049 0.719785
vt 0.336966 0.719785
vt 0.095918 0.719784
vt 0.306835 0.719785
vt 0.276704 0.719785
vt 0.035655 0.719785
vt 0.065786 0.719785
vt 0.065786 0.719785
vt 0.035655 0.719785
vt 0.336966 0.719785
vt 0.367097 0.719785
vt 0.367097 0.719785
vt 0.336966 0.719785
vt 0.397228 0.719785
vt 0.427359 0.719785
vt 0.427359 0.719785
vt 0.397228 0.719785
vt 0.186311 0.719785
vt 0.216442 0.719785
vt 0.216442 0.719785
vt 0.186311 0.719785
vt 0.336966 0.719785
vt 0.367097 0.719785
vt 0.126049 0.719785
vt 0.156180 0.719785
vt 0.156180 0.719785
vt 0.126049 0.719785
vt 0.276704 0.719785
vt 0.306835 0.719785
vt 0.306835 0.719785
vt 0.276704 0.719785
vt 0.457490 0.719785
vt 0.457490 0.719785
vt 0.095918 0.719785
vt 0.095918 0.719785
vt 0.246573 0.719785
vt 0.246573 0.719785
vt 0.156180 0.719785
vt 0.186311 0.719785
vt 0.186311 0.719785
vt 0.156180 0.719785
vt 0.126049 0.719785
vt 0.397228 0.719785
vt 0.427359 0.719785
vt 0.216442 0.719785
vt 0.457490 0.719785
vt 0.246573 0.719785
vt 0.276704 0.719785
vt 0.065786 0.719785
vt 0.035655 0.719785
vt 0.306835 0.719785
vt 0.095918 0.719785
vt 0.427359 0.719785
vt 0.397228 0.719785
vt 0.216442 0.719785
vt 0.457490 0.719785
vt 0.246573 0.719785
vt 0.276704 0.719785
vt 0.065786 0.719785
vt 0.035655 0.719785
vt 0.306835 0.719785
vt 0.095918 0.719785
vt 0.336966 0.719785
vt 0.126049 0.719785
vt 0.367097 0.719785
vt 0.306835 0.719785
vt 0.336966 0.719785
vt 0.095918 0.719785
vt 0.126049 0.719785
vt 0.367097 0.719785
vt 0.156180 0.719785
vt 0.397228 0.719785
vt 0.186311 0.719785
vt 0.427359 0.719785
vt 0.216442 0.719785
vt 0.457490 0.719785
vt 0.246573 0.719785
vt 0.276704 0.719785
vt 0.035655 0.719785
vt 0.065786 0.719785
vt 0.276704 0.719785
vt 0.306835 0.719785
vt 0.035655 0.719785
vt 0.065786 0.719785
vt 0.246573 0.719785
vt 0.216442 0.719785
vt 0.427359 0.719785
vt 0.457490 0.719785
vt 0.186311 0.719785
vt 0.397228 0.719785
vt 0.156180 0.719785
vt 0.367097 0.719785
vt 0.126049 0.719785
vt 0.336966 0.719785
vt 0.095918 0.719785
vt 0.035655 0.719785
vt 0.035655 0.719785
vt 0.065786 0.719785
vt 0.065786 0.719785
vt 0.336966 0.719785
vt 0.336966 0.719785
vt 0.367097 0.719785
vt 0.367097 0.719785
vt 0.397228 0.719785
vt 0.397228 0.719785
vt 0.427359 0.719785
vt 0.427359 0.719785
vt 0.186311 0.719785
vt 0.186311 0.719785
vt 0.216442 0.719785
vt 0.216442 0.719785
vt 0.336966 0.719785
vt 0.367097 0.719785
vt 0.126049 0.719785
vt 0.126049 0.719785
vt 0.156180 0.719785
vt 0.156180 0.719785
vt 0.276704 0.719785
vt 0.276704 0.719785
vt 0.306835 0.719785
vt 0.306835 0.719785
vt 0.457490 0.719785
vt 0.457490 0.719785
vt 0.095918 0.719785
vt 0.095918 0.719785
vt 0.246573 0.719785
vt 0.246573 0.719785
vt 0.156180 0.719785
vt 0.156180 0.719785
vt 0.186311 0.719785
vt 0.186311 0.719785
vt 0.126049 0.719785
vt 0.397228 0.719785
vt 0.427359 0.719785
vt 0.216442 0.719785
vt 0.457490 0.719785
vt 0.246573 0.719785
vt 0.276704 0.719785
vt 0.035655 0.719785
vt 0.065786 0.719785
vt 0.306835 0.719785
vt 0.095918 0.719785
vt 0.397228 0.719785
vt 0.427359 0.719785
vt 0.216442 0.719785
vt 0.457490 0.719785
vt 0.246573 0.719785
vt 0.276704 0.719785
vt 0.035655 0.719785
vt 0.065786 0.719785
vt 0.306835 0.719785
vt 0.095918 0.719785
vt 0.336966 0.719785
vt 0.126049 0.719785
vt 0.367097 0.719785
vt 0.216442 0.719785
vt 0.246573 0.719785
vt 0.427359 0.719785
vt 0.457490 0.719785
vt 0.186311 0.719785
vt 0.397228 0.719785
vt 0.156180 0.719785
vt 0.367097 0.719785
vt 0.126049 0.719785
vt 0.336966 0.719784
vt 0.095918 0.719785
vt 0.306835 0.719785
vt 0.065786 0.719785
vt 0.276704 0.719785
vt 0.035655 0.719785
vt 0.065786 0.719785
vt 0.035655 0.719785
vt 0.246573 0.719785
vt 0.216442 0.719785
vt 0.457490 0.719785
vt 0.427359 0.719785
vt 0.186311 0.719785
vt 0.397228 0.719785
vt 0.156180 0.719785
vt 0.367097 0.719785
vt 0.126049 0.719785
vt 0.336966 0.719785
vt 0.095918 0.719784
vt 0.306835 0.719785
vt 0.276704 0.719785
vn -0.0000 -0.0882 -0.9961
vn 0.0000 -0.1747 -0.9846
vn 0.1921 -0.1747 -0.9657
vn 0.1943 -0.0882 -0.9770
vn 0.3768 -0.1747 -0.9097
vn 0.3812 -0.0882 -0.9203
vn 0.5470 -0.1747 -0.8187
vn 0.5534 -0.0882 -0.8282
vn 0.6962 -0.1747 -0.6962
vn 0.7044 -0.0882 -0.7044
vn 0.8187 -0.1747 -0.5470
vn 0.8282 -0.0882 -0.5534
vn 0.9097 -0.1747 -0.3768
vn 0.9203 -0.0882 -0.3812
vn 0.9657 -0.1747 -0.1921
vn 0.9770 -0.0882 -0.1943
vn 0.9846 -0.1747 0.0000
vn 0.9961 -0.0882 0.0000
vn 0.9657 -0.1747 0.1921
vn 0.9770 -0.0882 0.1943
vn 0.9097 -0.1747 0.3768
vn 0.9203 -0.0882 0.3812
vn 0.8187 -0.1747 0.5470
vn 0.8282 -0.0882 0.5534
vn 0.6962 -0.1747 0.6962
vn 0.7044 -0.0882 0.7044
vn 0.5470 -0.1747 0.8187
vn 0.5534 -0.0882 0.8282
vn 0.3768 -0.1747 0.9097
vn 0.3812 -0.0882 0.9203
vn 0.1921 -0.1747 0.9657
vn 0.1943 -0.0882 0.9770
vn 0.0000 -0.1747 0.9846
vn 0.0000 -0.0882 0.9961
vn -0.1921 -0.1747 0.9657
vn -0.1943 -0.0882 0.9770
vn -0.3768 -0.1747 0.9097
vn -0.3812 -0.0882 0.9203
vn -0.5470 -0.1747 0.8187
vn -0.5534 -0.0882 0.8282
vn -0.6962 -0.1747 0.6962
vn -0.7044 -0.0882 0.7044
vn -0.8187 -0.1747 0.5470
vn -0.8282 -0.0882 0.5534
vn -0.9097 -0.1747 0.3768
vn -0.9203 -0.0882 0.3812
vn -0.9657 -0.1747 0.1921
vn -0.9770 -0.0882 0.1943
vn -0.9846 -0.1747 0.0000
vn -0.9961 -0.0882 0.0000
vn -0.9657 -0.1747 -0.1921
vn -0.9770 -0.0882 -0.1943
vn -0.9097 -0.1747 -0.3768
vn -0.9203 -0.0882 -0.3812
vn -0.8187 -0.1747 -0.5470
vn -0.8282 -0.0882 -0.5534
vn -0.6962 -0.1747 -0.6962
vn -0.7044 -0.0882 -0.7044
vn -0.5470 -0.1747 -0.8187
vn -0.5534 -0.0882 -0.8282
vn -0.3768 -0.1747 -0.9097
vn -0.3812 -0.0882 -0.9203
vn -0.1921 -0.1747 -0.9657
vn -0.1943 -0.0882 -0.9770
vn -0.5525 0.1045 -0.8269
vn -0.3806 0.1045 -0.9188
vn -0.1951 0.0000 0.9808
vn 0.0000 0.0000 1.0000
vn -0.9808 0.0000 0.1951
vn -0.9239 0.0000 0.3827
vn 0.9808 0.0000 0.1951
vn 1.0000 0.0000 0.0000
vn 0.0000 1.0000 -0.0000
vn 0.9239 0.0000 0.3827
vn -1.0000 0.0000 0.0000
vn 0.8315 0.0000 0.5556
vn -0.9808 0.0000 -0.1951
vn 0.7071 0.0000 0.7071
vn -0.9239 0.0000 -0.3827
vn 0.5556 0.0000 0.8315
vn -0.8315 0.0000 -0.5556
vn 0.3827 0.0000 0.9239
vn 0.1951 0.0000 -0.9808
vn 0.0000 0.0000 -1.0000
vn -0.7071 0.0000 -0.7071
vn 0.1951 0.0000 0.9808
vn 0.3827 0.0000 -0.9239
vn -0.5556 0.0000 -0.8315
vn 0.5556 0.0000 -0.8315
vn -0.3827 0.0000 -0.9239
vn 0.7071 0.0000 -0.7071
vn -0.1951 0.0000 -0.9808
vn -0.3827 0.0000 0.9239
vn 0.8315 0.0000 -0.5556
vn -0.5556 0.0000 0.8315
vn 0.9239 0.0000 -0.3827
vn -0.7071 0.0000 0.7071
vn 0.9808 0.0000 -0.1951
vn -0.8315 0.0000 0.5556
vn 0.9945 0.1045 -0.0000
vn 0.9754 0.1045 0.1940
vn -0.8269 0.1045 0.5525
vn -0.9188 0.1045 0.3806
vn -0.0000 0.1045 0.9945
vn -0.1940 0.1045 0.9754
vn -0.9754 0.1045 -0.1940
vn -0.9188 0.1045 -0.3806
vn 0.5525 0.1045 -0.8269
vn 0.7032 0.1045 -0.7032
vn 0.7032 0.1045 0.7032
vn 0.5525 0.1045 0.8269
vn -0.7032 0.1045 0.7032
vn -0.1940 0.1045 -0.9754
vn 0.9754 0.1045 -0.1940
vn -0.3806 0.1045 0.9188
vn -0.8269 0.1045 -0.5525
vn 0.8269 0.1045 -0.5525
vn 0.3806 0.1045 0.9188
vn -0.9754 0.1045 0.1940
vn 0.9188 0.1045 0.3806
vn -0.5525 0.1045 0.8269
vn -0.7032 0.1045 -0.7032
vn 0.9188 0.1045 -0.3806
vn 0.1940 0.1045 0.9754
vn -0.9945 0.1045 0.0000
vn -0.0000 0.1045 -0.9945
vn 0.8269 0.1045 0.5525
vn 0.3806 0.1045 -0.9188
vn 0.1940 0.1045 -0.9754
vn 0.0000 -1.0000 0.0000
vn 0.3592 0.3448 -0.8672
vn 0.1831 0.3448 -0.9206
vn 0.1831 0.3448 0.9206
vn 0.3592 0.3448 0.8672
vn -0.7805 0.3448 0.5215
vn -0.6637 0.3448 0.6637
vn 0.0000 0.3448 0.9387
vn 0.5215 0.3448 -0.7805
vn -0.8672 0.3448 0.3592
vn 0.6637 0.3448 -0.6637
vn -0.9206 0.3448 0.1831
vn 0.7805 0.3448 -0.5215
vn -0.9387 0.3448 0.0000
vn 0.8672 0.3448 -0.3592
vn -0.9206 0.3448 -0.1831
vn 0.9206 0.3448 -0.1831
vn -0.8672 0.3448 -0.3592
vn 0.9387 0.3448 0.0000
vn -0.7805 0.3448 -0.5215
vn 0.9206 0.3448 0.1831
vn -0.6637 0.3448 -0.6637
vn 0.8672 0.3448 0.3592
vn -0.5215 0.3448 -0.7805
vn 0.7805 0.3448 0.5215
vn -0.3592 0.3448 -0.8672
vn -0.1831 0.3448 0.9206
vn 0.6637 0.3448 0.6637
vn -0.1831 0.3448 -0.9206
vn -0.3592 0.3448 0.8672
vn 0.5215 0.3448 0.7805
vn 0.0000 0.3448 -0.9387
vn -0.5215 0.3448 0.7805
vn 0.8532 0.4931 -0.1697
vn 0.8700 0.4931 0.0000
vn 0.6935 0.7071 -0.1379
vn 0.7071 0.7071 -0.0000
vn 0.2588 0.9659 -0.0000
vn 0.2538 0.9659 -0.0505
vn -0.2588 0.9659 0.0000
vn -0.2538 0.9659 0.0505
vn -0.7071 0.7071 0.0000
vn -0.6935 0.7071 0.1379
vn -0.8453 0.5071 0.1681
vn -0.8619 0.5071 0.0000
vn -0.8453 -0.5071 0.1681
vn -0.8619 -0.5071 0.0000
vn -0.6935 -0.7071 0.1379
vn -0.7071 -0.7071 0.0000
vn -0.2588 -0.9659 -0.0000
vn -0.2538 -0.9659 0.0505
vn 0.2588 -0.9659 -0.0000
vn 0.2538 -0.9659 -0.0505
vn 0.7071 -0.7071 -0.0000
vn 0.6935 -0.7071 -0.1379
vn 0.8532 -0.4931 -0.1697
vn 0.8700 -0.4931 -0.0000
vn 0.8037 0.4931 -0.3329
vn 0.6533 0.7071 -0.2706
vn 0.2391 0.9659 -0.0990
vn -0.2391 0.9659 0.0990
vn -0.6533 0.7071 0.2706
vn -0.7963 0.5071 0.3298
vn -0.7963 -0.5071 0.3298
vn -0.6533 -0.7071 0.2706
vn -0.2391 -0.9659 0.0990
vn 0.2391 -0.9659 -0.0990
vn 0.6533 -0.7071 -0.2706
vn 0.8037 -0.4931 -0.3329
vn 0.7233 0.4931 -0.4833
vn 0.5879 0.7071 -0.3928
vn 0.2152 0.9659 -0.1438
vn -0.2152 0.9659 0.1438
vn -0.5879 0.7071 0.3928
vn -0.7166 0.5071 0.4788
vn -0.7166 -0.5071 0.4788
vn -0.5879 -0.7071 0.3928
vn -0.2152 -0.9659 0.1438
vn 0.2152 -0.9659 -0.1438
vn 0.5879 -0.7071 -0.3928
vn 0.7233 -0.4931 -0.4833
vn 0.6152 0.4931 -0.6152
vn 0.5000 0.7071 -0.5000
vn 0.1830 0.9659 -0.1830
vn -0.1830 0.9659 0.1830
vn -0.5000 0.7071 0.5000
vn -0.6094 0.5071 0.6094
vn -0.6094 -0.5071 0.6094
vn -0.5000 -0.7071 0.5000
vn -0.1830 -0.9659 0.1830
vn 0.1830 -0.9659 -0.1830
vn 0.5000 -0.7071 -0.5000
vn 0.6152 -0.4931 -0.6152
vn 0.4833 0.4931 -0.7233
vn 0.3928 0.7071 -0.5879
vn 0.1438 0.9659 -0.2152
vn -0.1438 0.9659 0.2152
vn -0.3928 0.7071 0.5879
vn -0.4788 0.5071 0.7166
vn -0.4788 -0.5071 0.7166
vn -0.3928 -0.7071 0.5879
vn -0.1438 -0.9659 0.2152
vn 0.1438 -0.9659 -0.2152
vn 0.3928 -0.7071 -0.5879
vn 0.4833 -0.4931 -0.7233
vn 0.3688 0.0344 -0.9289
vn 0.2207 0.5186 -0.8261
vn 0.0179 0.8602 -0.5097
vn -0.1934 0.9782 -0.0753
vn -0.3635 0.8556 0.3685
vn -0.4448 0.5216 0.7281
vn -0.3995 0.0370 0.9160
vn -0.2299 -0.4789 0.8473
vn 0.0018 -0.8538 0.5206
vn 0.2197 -0.9742 0.0511
vn 0.3716 -0.8272 -0.4214
vn 0.4249 -0.4597 -0.7798
vn 0.2094 -0.0344 -0.9772
vn 0.0800 0.4597 -0.8845
vn -0.0749 0.8272 -0.5569
vn -0.2111 0.9742 -0.0796
vn -0.2907 0.8538 0.4318
vn -0.2796 0.4789 0.8322
vn -0.1767 -0.0370 0.9836
vn -0.0347 -0.5216 0.8525
vn 0.0975 -0.8556 0.5084
vn 0.2026 -0.9782 0.0448
vn 0.2683 -0.8602 -0.4337
vn 0.2754 -0.5186 -0.8095
vn 0.0000 0.4931 -0.8700
vn -0.0000 0.7071 -0.7071
vn 0.0000 0.9659 -0.2588
vn -0.0000 0.9659 0.2588
vn -0.0000 0.7071 0.7071
vn 0.0000 0.5071 0.8619
vn 0.0000 -0.5071 0.8619
vn -0.0000 -0.7071 0.7071
vn 0.0000 -0.9659 0.2588
vn -0.0000 -0.9659 -0.2588
vn -0.0000 -0.7071 -0.7071
vn 0.0000 -0.4931 -0.8700
vn -0.2094 -0.0344 -0.9772
vn -0.0800 0.4597 -0.8845
vn 0.0749 0.8272 -0.5569
vn 0.2111 0.9742 -0.0796
vn 0.2907 0.8538 0.4318
vn 0.2796 0.4789 0.8322
vn 0.1767 -0.0370 0.9836
vn 0.0347 -0.5216 0.8525
vn -0.0975 -0.8556 0.5084
vn -0.2026 -0.9782 0.0448
vn -0.2683 -0.8602 -0.4337
vn -0.2754 -0.5186 -0.8095
vn -0.3688 0.0344 -0.9289
vn -0.2207 0.5186 -0.8261
vn -0.0179 0.8602 -0.5097
vn 0.1934 0.9782 -0.0753
vn 0.3635 0.8556 0.3685
vn 0.4448 0.5216 0.7281
vn 0.3995 0.0370 0.9160
vn 0.2299 -0.4789 0.8473
vn -0.0018 -0.8538 0.5206
vn -0.2197 -0.9742 0.0511
vn -0.3716 -0.8272 -0.4214
vn -0.4249 -0.4597 -0.7798
vn -0.4833 0.4931 -0.7233
vn -0.3928 0.7071 -0.5879
vn -0.1438 0.9659 -0.2152
vn 0.1438 0.9659 0.2152
vn 0.3928 0.7071 0.5879
vn 0.4788 0.5071 0.7166
vn 0.4788 -0.5071 0.7166
vn 0.3928 -0.7071 0.5879
vn 0.1438 -0.9659 0.2152
vn -0.1438 -0.9659 -0.2152
vn -0.3928 -0.7071 -0.5879
vn -0.4833 -0.4931 -0.7233
vn -0.6152 0.4931 -0.6152
vn -0.5000 0.7071 -0.5000
vn -0.1830 0.9659 -0.1830
vn 0.1830 0.9659 0.1830
vn 0.5000 0.7071 0.5000
vn 0.6094 0.5071 0.6094
vn 0.6094 -0.5071 0.6094
vn 0.5000 -0.7071 0.5000
vn 0.1830 -0.9659 0.1830
vn -0.1830 -0.9659 -0.1830
vn -0.5000 -0.7071 -0.5000
vn -0.6152 -0.4931 -0.6152
vn -0.7233 0.4931 -0.4833
vn -0.5879 0.7071 -0.3928
vn -0.2152 0.9659 -0.1438
vn 0.2152 0.9659 0.1438
vn 0.5879 0.7071 0.3928
vn 0.7166 0.5071 0.4788
vn 0.7166 -0.5071 0.4788
vn 0.5879 -0.7071 0.3928
vn 0.2152 -0.9659 0.1438
vn -0.2152 -0.9659 -0.1438
vn -0.5879 -0.7071 -0.3928
vn -0.7233 -0.4931 -0.4833
vn -0.8037 0.4931 -0.3329
vn -0.6533 0.7071 -0.2706
vn -0.2391 0.9659 -0.0990
vn 0.2391 0.9659 0.0990
vn 0.6533 0.7071 0.2706
vn 0.7963 0.5071 0.3298
vn 0.7963 -0.5071 0.3298
vn 0.6533 -0.7071 0.2706
vn 0.2391 -0.9659 0.0990
vn -0.2391 -0.9659 -0.0990
vn -0.6533 -0.7071 -0.2706
vn -0.8037 -0.4931 -0.3329
vn -0.8532 0.4931 -0.1697
vn -0.6935 0.7071 -0.1379
vn -0.2538 0.9659 -0.0505
vn 0.2538 0.9659 0.0505
vn 0.6935 0.7071 0.1379
vn 0.8453 0.5071 0.1681
vn 0.8453 -0.5071 0.1681
vn 0.6935 -0.7071 0.1379
vn 0.2538 -0.9659 0.0505
vn -0.2538 -0.9659 -0.0505
vn -0.6935 -0.7071 -0.1379
vn -0.8532 -0.4931 -0.1697
vn -0.8700 0.4931 -0.0000
vn 0.8619 0.5071 0.0000
vn 0.8619 -0.5071 -0.0000
vn -0.8700 -0.4931 -0.0000
vn -0.8532 0.4931 0.1697
vn 0.8453 0.5071 -0.1681
vn 0.8453 -0.5071 -0.1681
vn -0.8532 -0.4931 0.1697
vn -0.8037 0.4931 0.3329
vn 0.7963 0.5071 -0.3298
vn 0.7963 -0.5071 -0.3298
vn -0.8037 -0.4931 0.3329
vn -0.7233 0.4931 0.4833
vn 0.7166 0.5071 -0.4788
vn 0.7166 -0.5071 -0.4788
vn -0.7233 -0.4931 0.4833
vn -0.6152 0.4931 0.6152
vn 0.6094 0.5071 -0.6094
vn 0.6094 -0.5071 -0.6094
vn -0.6152 -0.4931 0.6152
vn -0.4833 0.4931 0.7233
vn 0.4788 0.5071 -0.7166
vn 0.4788 -0.5071 -0.7166
vn -0.4833 -0.4931 0.7233
vn -0.3717 0.0308 0.9278
vn -0.2342 0.5165 0.8237
vn -0.0370 0.8616 0.5062
vn 0.1732 0.9824 0.0693
vn 0.3453 0.8592 -0.3775
vn 0.4315 0.5211 -0.7364
vn 0.3960 0.0332 -0.9176
vn 0.2404 -0.4822 -0.8424
vn 0.0188 -0.8576 -0.5140
vn -0.1969 -0.9794 -0.0440
vn -0.3529 -0.8321 0.4279
vn -0.4155 -0.4635 0.7827
vn -0.2064 -0.0308 0.9780
vn -0.0894 0.4635 0.8816
vn 0.0557 0.8321 0.5519
vn 0.1882 0.9794 0.0728
vn 0.2699 0.8576 -0.4379
vn 0.2682 0.4822 -0.8340
vn 0.1805 -0.0332 -0.9830
vn 0.0504 -0.5211 -0.8520
vn -0.0774 -0.8592 -0.5058
vn -0.1825 -0.9824 -0.0386
vn -0.2505 -0.8616 0.4415
vn -0.2628 -0.5165 0.8150
vn -0.0000 0.4931 0.8700
vn -0.0000 0.5071 -0.8619
vn 0.0000 -0.5071 -0.8619
vn -0.0000 -0.4931 0.8700
vn 0.2064 -0.0308 0.9780
vn 0.0894 0.4635 0.8816
vn -0.0557 0.8321 0.5519
vn -0.1882 0.9794 0.0728
vn -0.2699 0.8576 -0.4379
vn -0.2682 0.4822 -0.8340
vn -0.1805 -0.0332 -0.9830
vn -0.0504 -0.5211 -0.8520
vn 0.0774 -0.8592 -0.5058
vn 0.1825 -0.9824 -0.0386
vn 0.2505 -0.8616 0.4415
vn 0.2628 -0.5165 0.8150
vn 0.3717 0.0308 0.9278
vn 0.2342 0.5165 0.8237
vn 0.0370 0.8616 0.5062
vn -0.1732 0.9824 0.0693
vn -0.3453 0.8592 -0.3775
vn -0.4315 0.5211 -0.7364
vn -0.3960 0.0332 -0.9176
vn -0.2404 -0.4822 -0.8424
vn -0.0188 -0.8576 -0.5140
vn 0.1969 -0.9794 -0.0440
vn 0.3529 -0.8321 0.4279
vn 0.4155 -0.4635 0.7827
vn 0.4833 0.4931 0.7233
vn -0.4788 0.5071 -0.7166
vn -0.4788 -0.5071 -0.7166
vn 0.4833 -0.4931 0.7233
vn 0.6152 0.4931 0.6152
vn -0.6094 0.5071 -0.6094
vn -0.6094 -0.5071 -0.6094
vn 0.6152 -0.4931 0.6152
vn 0.7233 0.4931 0.4833
vn -0.7166 0.5071 -0.4788
vn -0.7166 -0.5071 -0.4788
vn 0.7233 -0.4931 0.4833
vn 0.8037 0.4931 0.3329
vn -0.7963 0.5071 -0.3298
vn -0.7963 -0.5071 -0.3298
vn 0.8037 -0.4931 0.3329
vn 0.8532 0.4931 0.1697
vn -0.6935 0.7071 -0.1380
vn -0.8453 0.5071 -0.1681
vn -0.8453 -0.5071 -0.1681
vn 0.8532 -0.4931 0.1697
vn 0.0000 0.7593 -0.6507
vn 0.1269 0.7593 -0.6382
vn 0.0822 0.9068 -0.4134
vn 0.0000 0.9068 -0.4215
vn 0.2490 0.7593 -0.6012
vn 0.1613 0.9068 -0.3894
vn 0.3615 0.7593 -0.5410
vn 0.2342 0.9068 -0.3504
vn 0.4601 0.7593 -0.4601
vn 0.2980 0.9068 -0.2980
vn 0.5410 0.7593 -0.3615
vn 0.3504 0.9068 -0.2342
vn 0.6012 0.7593 -0.2490
vn 0.3894 0.9068 -0.1613
vn 0.6382 0.7593 -0.1269
vn 0.4134 0.9068 -0.0822
vn 0.6507 0.7593 0.0000
vn 0.4215 0.9068 0.0000
vn 0.6382 0.7593 0.1269
vn 0.4134 0.9068 0.0822
vn 0.6012 0.7593 0.2490
vn 0.3894 0.9068 0.1613
vn 0.5410 0.7593 0.3615
vn 0.3504 0.9068 0.2342
vn 0.4601 0.7593 0.4601
vn 0.2980 0.9068 0.2980
vn 0.3615 0.7593 0.5410
vn 0.2342 0.9068 0.3504
vn 0.2490 0.7593 0.6012
vn 0.1613 0.9068 0.3894
vn 0.1269 0.7593 0.6382
vn 0.0822 0.9068 0.4134
vn 0.0000 0.7593 0.6507
vn -0.0000 0.9068 0.4215
vn -0.1269 0.7593 0.6382
vn -0.0822 0.9068 0.4134
vn -0.2490 0.7593 0.6012
vn -0.1613 0.9068 0.3894
vn -0.3615 0.7593 0.5410
vn -0.2342 0.9068 0.3504
vn -0.4601 0.7593 0.4601
vn -0.2980 0.9068 0.2980
vn -0.5410 0.7593 0.3615
vn -0.3504 0.9068 0.2342
vn -0.6012 0.7593 0.2490
vn -0.3894 0.9068 0.1613
vn -0.6382 0.7593 0.1269
vn -0.4134 0.9068 0.0822
vn -0.6507 0.7593 0.0000
vn -0.4215 0.9068 -0.0000
vn -0.6382 0.7593 -0.1269
vn -0.4134 0.9068 -0.0822
vn -0.6012 0.7593 -0.2490
vn -0.3894 0.9068 -0.1613
vn -0.5410 0.7593 -0.3615
vn -0.3504 0.9068 -0.2342
vn -0.4601 0.7593 -0.4601
vn -0.2980 0.9068 -0.2980
vn -0.3615 0.7593 -0.5410
vn -0.2342 0.9068 -0.3504
vn -0.2490 0.7593 -0.6012
vn -0.1613 0.9068 -0.3894
vn -0.1269 0.7593 -0.6382
vn -0.0822 0.9068 -0.4134
vn 0.3671 -0.2824 -0.8863
vn 0.1871 -0.2824 -0.9409
vn 0.1872 -0.2824 0.9409
vn 0.3671 -0.2824 0.8863
vn -0.7976 -0.2824 0.5330
vn -0.6783 -0.2824 0.6783
vn -0.0000 -0.2824 0.9593
vn 0.5330 -0.2824 -0.7976
vn -0.8863 -0.2824 0.3671
vn 0.6783 -0.2824 -0.6783
vn -0.9409 -0.2824 0.1872
vn 0.7976 -0.2824 -0.5330
vn -0.9593 -0.2824 0.0000
vn 0.8863 -0.2824 -0.3671
vn -0.9409 -0.2824 -0.1871
vn 0.9409 -0.2824 -0.1872
vn -0.8863 -0.2824 -0.3671
vn 0.9593 -0.2824 -0.0000
vn -0.7976 -0.2824 -0.5330
vn 0.9409 -0.2824 0.1871
vn -0.6783 -0.2824 -0.6783
vn 0.8863 -0.2824 0.3671
vn -0.5330 -0.2824 -0.7976
vn 0.7976 -0.2824 0.5330
vn -0.3671 -0.2824 -0.8863
vn -0.1872 -0.2824 0.9409
vn 0.6783 -0.2824 0.6783
vn -0.1872 -0.2824 -0.9409
vn -0.3671 -0.2824 0.8863
vn 0.5330 -0.2824 0.7976
vn -0.0000 -0.2824 -0.9593
vn -0.5330 -0.2824 0.7976
vn 0.0000 0.1309 -0.9914
vn 0.1962 0.1309 -0.9718
vn 0.1961 0.1309 -0.9718
vn 0.0133 0.0000 0.9999
vn -0.1826 0.0000 0.9832
vn -0.1820 0.0000 0.9833
vn -0.3754 0.0000 0.9268
vn -0.3704 0.0000 0.9289
vn -0.5548 0.0000 0.8320
vn -0.5445 0.0000 0.8388
vn -0.7063 0.0000 0.7079
vn -0.6976 0.0000 0.7165
vn -0.8340 0.0000 0.5517
vn -0.8240 0.0000 0.5666
vn -0.8756 -0.0000 0.4831
vn -0.9187 -0.0000 0.3949
vn -0.9781 0.0000 0.2081
vn -0.9999 0.0000 0.0133
vn -0.8339 0.0000 0.5519
vn -0.7066 0.0000 0.7077
vn -0.5547 0.0000 0.8321
vn -0.1834 0.0000 0.9830
vn -0.3772 0.0000 0.9261
vn 0.2081 0.0000 0.9781
vn 0.2087 0.0000 0.9780
vn 0.3949 0.0000 0.9187
vn 0.4000 0.0000 0.9165
vn 0.5666 0.0000 0.8240
vn 0.5767 0.0000 0.8169
vn 0.7165 0.0000 0.6976
vn 0.7249 0.0000 0.6888
vn 0.8388 0.0000 0.5445
vn 0.8484 0.0000 0.5293
vn 0.8881 0.0000 0.4596
vn 0.9289 0.0000 0.3704
vn 0.9833 0.0000 0.1820
vn 0.9999 0.0000 -0.0133
vn 0.8483 0.0000 0.5295
vn 0.7251 0.0000 0.6886
vn 0.5766 0.0000 0.8170
vn 0.2095 0.0000 0.9778
vn 0.4018 0.0000 0.9157
vn -0.0133 0.0000 -0.9999
vn -0.2081 0.0000 -0.9781
vn -0.2087 0.0000 -0.9780
vn -0.3949 0.0000 -0.9187
vn -0.4000 0.0000 -0.9165
vn -0.5666 0.0000 -0.8240
vn -0.5767 0.0000 -0.8169
vn -0.7165 0.0000 -0.6976
vn -0.7249 0.0000 -0.6888
vn -0.8388 0.0000 -0.5445
vn -0.8484 0.0000 -0.5293
vn -0.8881 0.0000 -0.4596
vn -0.9289 0.0000 -0.3704
vn -0.9833 0.0000 -0.1820
vn -0.8483 0.0000 -0.5295
vn -0.7251 0.0000 -0.6886
vn -0.5766 0.0000 -0.8170
vn -0.2095 0.0000 -0.9778
vn -0.4018 0.0000 -0.9157
vn 0.1826 0.0000 -0.9832
vn 0.1820 0.0000 -0.9833
vn 0.3754 0.0000 -0.9268
vn 0.3704 0.0000 -0.9289
vn 0.5548 0.0000 -0.8320
vn 0.5445 0.0000 -0.8388
vn 0.7063 0.0000 -0.7079
vn 0.6976 0.0000 -0.7165
vn 0.8340 0.0000 -0.5517
vn 0.8240 0.0000 -0.5666
vn 0.8756 -0.0000 -0.4831
vn 0.9187 -0.0000 -0.3949
vn 0.9781 0.0000 -0.2081
vn 0.8339 0.0000 -0.5519
vn 0.7066 0.0000 -0.7077
vn 0.5547 0.0000 -0.8321
vn 0.1834 0.0000 -0.9830
vn 0.3772 0.0000 -0.9261
vn 0.3702 0.0000 -0.9290
vn 0.3756 0.0000 -0.9268
vn 0.5442 0.0000 -0.8390
vn 0.5551 0.0000 -0.8318
vn 0.6973 0.0000 -0.7167
vn 0.7065 0.0000 -0.7077
vn 0.8254 -0.0000 -0.5646
vn 0.8364 -0.0000 -0.5481
vn 0.8748 0.0000 -0.4846
vn 0.8741 0.0000 -0.4857
vn 0.9180 0.0000 -0.3965
vn 0.8768 -0.0000 -0.4808
vn 0.8763 -0.0000 -0.4817
vn 0.8254 0.0000 -0.5645
vn 0.8362 0.0000 -0.5484
vn 0.7067 -0.0000 -0.7075
vn 0.6974 -0.0000 -0.7167
vn 0.5442 -0.0000 -0.8389
vn 0.5549 -0.0000 -0.8319
vn 0.1819 -0.0000 -0.9833
vn 0.3774 -0.0000 -0.9261
vn -0.4001 0.0000 -0.9165
vn -0.3948 0.0000 -0.9188
vn -0.5770 0.0000 -0.8167
vn -0.5663 0.0000 -0.8242
vn -0.7162 0.0000 -0.6979
vn -0.8507 -0.0000 -0.5257
vn -0.8401 -0.0000 -0.5424
vn -0.8867 -0.0000 -0.4623
vn -0.8873 -0.0000 -0.4611
vn -0.9283 0.0000 -0.3719
vn -0.8893 -0.0000 -0.4573
vn -0.8889 -0.0000 -0.4582
vn -0.8505 0.0000 -0.5259
vn -0.8402 0.0000 -0.5423
vn -0.7253 -0.0000 -0.6884
vn -0.5769 -0.0000 -0.8168
vn -0.5664 -0.0000 -0.8242
vn -0.4019 -0.0000 -0.9157
vn 0.4001 0.0000 0.9165
vn 0.3948 0.0000 0.9188
vn 0.5770 0.0000 0.8167
vn 0.5663 0.0000 0.8242
vn 0.7162 0.0000 0.6979
vn 0.8507 -0.0000 0.5257
vn 0.8401 -0.0000 0.5424
vn 0.8867 -0.0000 0.4623
vn 0.8873 -0.0000 0.4611
vn 0.9283 0.0000 0.3719
vn 0.8893 -0.0000 0.4573
vn 0.8889 -0.0000 0.4582
vn 0.8505 0.0000 0.5259
vn 0.8402 0.0000 0.5423
vn 0.7253 -0.0000 0.6884
vn 0.5769 -0.0000 0.8168
vn 0.5664 -0.0000 0.8242
vn 0.4019 -0.0000 0.9157
vn -0.3702 0.0000 0.9290
vn -0.3756 0.0000 0.9268
vn -0.5442 0.0000 0.8390
vn -0.5551 0.0000 0.8318
vn -0.6973 0.0000 0.7167
vn -0.7065 0.0000 0.7077
vn -0.8254 -0.0000 0.5646
vn -0.8364 -0.0000 0.5481
vn -0.8748 0.0000 0.4846
vn -0.8741 0.0000 0.4857
vn -0.9180 0.0000 0.3965
vn -0.8768 -0.0000 0.4808
vn -0.8763 -0.0000 0.4817
vn -0.8254 0.0000 0.5645
vn -0.8362 0.0000 0.5484
vn -0.7067 -0.0000 0.7075
vn -0.6974 -0.0000 0.7167
vn -0.5442 -0.0000 0.8389
vn -0.5549 -0.0000 0.8319
vn -0.1819 -0.0000 0.9833
vn -0.3774 -0.0000 0.9261
vn 0.1721 -0.9510 0.2567
vn 0.2113 -0.9130 0.3491
vn 0.1711 -0.9519 0.2543
vn 0.1658 -0.9799 0.1109
vn 0.1439 -0.9790 0.1443
vn 0.1441 -0.9790 0.1441
vn 0.1659 -0.9799 0.1106
vn -0.0000 -1.0000 -0.0009
vn 0.0227 -0.9997 0.0076
vn 0.0226 -0.9997 0.0076
vn 0.1147 -0.9919 0.0544
vn 0.1141 -0.9920 0.0540
vn 0.4091 -0.5319 0.7414
vn 0.4322 -0.4470 0.7832
vn 0.4750 -0.1819 0.8610
vn 0.4224 0.4854 0.7655
vn 0.3139 0.7741 0.5498
vn 0.3139 0.7739 0.5500
vn 0.1761 0.9477 0.2661
vn 0.1745 0.9489 0.2630
vn 0.1400 0.9805 0.1382
vn 0.1404 0.9804 0.1382
vn 0.1677 0.9794 0.1128
vn 0.1678 0.9794 0.1124
vn 0.0849 0.9954 0.0452
vn 0.0841 0.9954 0.0448
vn 0.0093 1.0000 0.0005
vn 0.0000 1.0000 0.0021
vn 0.4757 0.1747 0.8621
vn -0.2020 -0.9130 0.3546
vn -0.1652 -0.9510 0.2612
vn -0.1643 -0.9519 0.2588
vn -0.1400 -0.9790 0.1481
vn -0.1628 -0.9799 0.1153
vn -0.1629 -0.9799 0.1150
vn -0.1402 -0.9790 0.1478
vn -0.0225 -0.9997 0.0082
vn -0.0224 -0.9997 0.0082
vn -0.1132 -0.9919 0.0574
vn -0.1126 -0.9920 0.0570
vn -0.4112 -0.4470 0.7945
vn -0.3892 -0.5319 0.7521
vn -0.4519 -0.1819 0.8733
vn -0.2991 0.7741 0.5580
vn -0.4018 0.4854 0.7765
vn -0.2992 0.7739 0.5582
vn -0.1689 0.9477 0.2707
vn -0.1675 0.9489 0.2675
vn -0.1363 0.9805 0.1419
vn -0.1367 0.9804 0.1419
vn -0.1647 0.9794 0.1172
vn -0.1647 0.9794 0.1168
vn -0.0836 0.9954 0.0475
vn -0.0829 0.9954 0.0470
vn -0.0093 1.0000 0.0008
vn -0.4525 0.1747 0.8745
vn 0.2020 -0.9130 -0.3546
vn 0.1652 -0.9510 -0.2612
vn 0.1643 -0.9519 -0.2588
vn 0.1400 -0.9790 -0.1481
vn 0.1628 -0.9799 -0.1153
vn 0.1629 -0.9799 -0.1150
vn 0.1402 -0.9790 -0.1478
vn 0.0225 -0.9997 -0.0082
vn 0.0000 -1.0000 0.0009
vn 0.0224 -0.9997 -0.0082
vn 0.1132 -0.9919 -0.0574
vn 0.1126 -0.9920 -0.0570
vn 0.4112 -0.4470 -0.7945
vn 0.3892 -0.5319 -0.7521
vn 0.4519 -0.1819 -0.8733
vn 0.2991 0.7741 -0.5580
vn 0.4018 0.4854 -0.7765
vn 0.2992 0.7739 -0.5582
vn 0.1689 0.9477 -0.2707
vn 0.1675 0.9489 -0.2675
vn 0.1363 0.9805 -0.1419
vn 0.1367 0.9804 -0.1419
vn 0.1647 0.9794 -0.1172
vn 0.1647 0.9794 -0.1168
vn 0.0836 0.9954 -0.0475
vn 0.0829 0.9954 -0.0470
vn 0.0093 1.0000 -0.0008
vn -0.0000 1.0000 -0.0021
vn 0.4525 0.1747 -0.8745
vn -0.1721 -0.9510 -0.2567
vn -0.2113 -0.9130 -0.3491
vn -0.1711 -0.9519 -0.2543
vn -0.1658 -0.9799 -0.1109
vn -0.1439 -0.9790 -0.1443
vn -0.1441 -0.9790 -0.1441
vn -0.1659 -0.9799 -0.1106
vn -0.0227 -0.9997 -0.0076
vn -0.0226 -0.9997 -0.0076
vn -0.1147 -0.9919 -0.0544
vn -0.1141 -0.9920 -0.0540
vn -0.4091 -0.5319 -0.7414
vn -0.4322 -0.4470 -0.7832
vn -0.4750 -0.1819 -0.8610
vn -0.4224 0.4854 -0.7655
vn -0.3139 0.7741 -0.5498
vn -0.3139 0.7739 -0.5500
vn -0.1761 0.9477 -0.2661
vn -0.1745 0.9489 -0.2630
vn -0.1400 0.9805 -0.1382
vn -0.1404 0.9804 -0.1382
vn -0.1677 0.9794 -0.1128
vn -0.1678 0.9794 -0.1124
vn -0.0849 0.9954 -0.0452
vn -0.0841 0.9954 -0.0448
vn -0.0093 1.0000 -0.0005
vn -0.4757 0.1747 -0.8621
vn 0.6560 0.7041 0.2717
vn 0.5904 0.7041 0.3945
vn -0.6964 0.7041 0.1385
vn -0.7101 0.7041 -0.0000
vn -0.6964 0.7041 -0.1385
vn 0.5021 0.7041 0.5021
vn -0.6560 0.7041 -0.2717
vn 0.3945 0.7041 0.5904
vn -0.5904 0.7041 -0.3945
vn 0.2717 0.7041 0.6560
vn 0.0000 0.7041 -0.7101
vn 0.1385 0.7041 -0.6964
vn -0.5021 0.7041 -0.5021
vn 0.1385 0.7041 0.6964
vn 0.2717 0.7041 -0.6560
vn -0.3945 0.7041 -0.5904
vn 0.0000 0.7041 0.7101
vn 0.3945 0.7041 -0.5904
vn -0.2717 0.7041 -0.6560
vn -0.1385 0.7041 0.6964
vn 0.5021 0.7041 -0.5021
vn -0.1385 0.7041 -0.6964
vn -0.2717 0.7041 0.6560
vn 0.5904 0.7041 -0.3945
vn -0.3945 0.7041 0.5904
vn 0.6560 0.7041 -0.2717
vn -0.5021 0.7041 0.5021
vn 0.6964 0.7041 -0.1385
vn -0.5904 0.7041 0.3945
vn 0.7101 0.7041 0.0000
vn -0.6560 0.7041 0.2717
vn 0.6964 0.7041 0.1385
vn -0.0000 0.9999 -0.0165
vn 0.0032 0.9999 -0.0162
vn 0.0063 0.9999 -0.0153
vn 0.0092 0.9999 -0.0137
vn 0.0117 0.9999 -0.0117
vn 0.0137 0.9999 -0.0092
vn 0.0153 0.9999 -0.0063
vn 0.0162 0.9999 -0.0032
vn 0.0165 0.9999 -0.0000
vn 0.0162 0.9999 0.0032
vn 0.0153 0.9999 0.0063
vn 0.0137 0.9999 0.0092
vn 0.0117 0.9999 0.0117
vn 0.0092 0.9999 0.0137
vn 0.0063 0.9999 0.0153
vn 0.0032 0.9999 0.0162
vn -0.0000 0.9999 0.0165
vn -0.0032 0.9999 0.0162
vn -0.0063 0.9999 0.0153
vn -0.0092 0.9999 0.0137
vn -0.0117 0.9999 0.0117
vn -0.0137 0.9999 0.0092
vn -0.0153 0.9999 0.0063
vn -0.0162 0.9999 0.0032
vn -0.0165 0.9999 0.0000
vn -0.0162 0.9999 -0.0032
vn -0.0153 0.9999 -0.0063
vn -0.0137 0.9999 -0.0092
vn -0.0117 0.9999 -0.0117
vn -0.0092 0.9999 -0.0137
vn -0.0063 0.9999 -0.0153
vn -0.0032 0.9999 -0.0162
vn -0.0726 0.9819 0.1752
vn -0.0370 0.9819 0.1860
vn -0.3840 0.1307 -0.9140
vn -0.3842 0.1307 -0.9140
vn -0.1962 0.1309 -0.9718
vn -0.1961 0.1309 -0.9718
vn -0.1493 -0.9779 0.1460
vn -0.1471 -0.9781 0.1475
vn -0.1794 -0.9764 0.1202
vn -0.1812 -0.9763 0.1183
vn 0.1860 0.9819 0.0370
vn 0.1896 0.9819 0.0000
vn -0.1576 0.9819 -0.1053
vn -0.1752 0.9819 -0.0726
vn 0.1576 0.9819 -0.1053
vn 0.1341 0.9819 -0.1341
vn 0.0726 0.9819 0.1752
vn 0.1053 0.9819 0.1576
vn -0.1860 0.9819 0.0370
vn -0.1752 0.9819 0.0726
vn 0.0370 0.9819 -0.1860
vn 0.0000 0.9819 -0.1896
vn -0.0370 0.9819 -0.1860
vn 0.1752 0.9819 0.0726
vn -0.1053 0.9819 0.1576
vn -0.1341 0.9819 -0.1341
vn 0.1752 0.9819 -0.0726
vn 0.0370 0.9819 0.1860
vn -0.1896 0.9819 -0.0000
vn 0.0726 0.9819 -0.1752
vn 0.1576 0.9819 0.1053
vn -0.1341 0.9819 0.1341
vn -0.1053 0.9819 -0.1576
vn 0.1860 0.9819 -0.0370
vn -0.0000 0.9819 0.1896
vn -0.1860 0.9819 -0.0370
vn 0.1053 0.9819 -0.1576
vn 0.1341 0.9819 0.1341
vn -0.1576 0.9819 0.1053
vn -0.0726 0.9819 -0.1752
vn 0.9731 0.1291 0.1908
vn 0.9731 0.1291 0.1907
vn 0.9181 0.1293 0.3747
vn 0.9180 0.1293 0.3749
vn -0.9180 0.1293 0.3749
vn -0.9181 0.1293 0.3747
vn -0.9731 0.1291 0.1907
vn -0.9731 0.1291 0.1908
vn 0.2236 -0.9737 -0.0434
vn 0.2233 -0.9737 -0.0446
vn 0.2294 -0.9733 0.0000
vn -0.1961 0.1309 0.9718
vn -0.1962 0.1309 0.9718
vn -0.3842 0.1307 0.9140
vn -0.3840 0.1307 0.9140
vn -0.9180 0.1293 -0.3749
vn -0.9181 0.1293 -0.3747
vn -0.8282 0.1296 -0.5453
vn -0.8280 0.1296 -0.5455
vn 0.7061 0.1300 -0.6961
vn 0.7062 0.1300 -0.6959
vn 0.8282 0.1296 -0.5453
vn 0.8280 0.1296 -0.5455
vn 0.5562 0.1304 0.8207
vn 0.5564 0.1304 0.8206
vn 0.3842 0.1307 0.9140
vn 0.3840 0.1307 0.9140
vn -0.8280 0.1296 0.5455
vn -0.8282 0.1296 0.5453
vn 0.9916 0.1291 -0.0000
vn -0.5564 0.1304 0.8206
vn -0.5562 0.1304 0.8207
vn -0.7062 0.1300 -0.6959
vn -0.7061 0.1300 -0.6961
vn 0.9181 0.1293 -0.3747
vn 0.9180 0.1293 -0.3749
vn 0.1962 0.1309 0.9718
vn 0.1961 0.1309 0.9718
vn -0.9916 0.1291 0.0000
vn 0.8282 0.1296 0.5453
vn 0.8280 0.1296 0.5455
vn -0.7062 0.1300 0.6959
vn -0.7061 0.1300 0.6961
vn -0.5564 0.1304 -0.8206
vn -0.5562 0.1304 -0.8207
vn 0.9731 0.1291 -0.1907
vn 0.9731 0.1291 -0.1908
vn 0.0000 0.1309 0.9914
vn -0.9731 0.1291 -0.1907
vn -0.9731 0.1291 -0.1908
vn 0.0000 -0.9816 -0.1910
vn 0.0374 -0.9814 -0.1885
vn 0.0383 -0.9813 -0.1884
vn 0.7062 0.1300 0.6959
vn 0.7061 0.1300 0.6961
vn 0.5562 0.1304 -0.8207
vn 0.5564 0.1304 -0.8206
vn -0.2058 -0.9749 0.0855
vn -0.2068 -0.9748 0.0837
vn 0.2233 -0.9737 0.0446
vn 0.2236 -0.9737 0.0434
vn -0.2233 -0.9737 0.0446
vn -0.2236 -0.9737 0.0434
vn 0.2058 -0.9749 0.0855
vn 0.2068 -0.9748 0.0837
vn -0.2294 -0.9733 -0.0000
vn 0.1794 -0.9764 0.1202
vn 0.1812 -0.9763 0.1183
vn -0.2233 -0.9737 -0.0446
vn -0.2236 -0.9737 -0.0434
vn 0.1471 -0.9781 0.1475
vn 0.1493 -0.9779 0.1460
vn -0.2058 -0.9749 -0.0855
vn -0.2068 -0.9748 -0.0837
vn 0.1117 -0.9795 0.1675
vn 0.1137 -0.9794 0.1666
vn -0.1794 -0.9764 -0.1202
vn -0.1812 -0.9763 -0.1183
vn 0.0748 -0.9807 0.1809
vn 0.0764 -0.9806 0.1805
vn -0.0383 -0.9813 -0.1884
vn -0.0374 -0.9814 -0.1885
vn -0.1471 -0.9781 -0.1475
vn -0.1493 -0.9779 -0.1460
vn 0.0374 -0.9814 0.1885
vn 0.0383 -0.9813 0.1884
vn 0.0748 -0.9807 -0.1809
vn 0.0764 -0.9806 -0.1805
vn -0.1117 -0.9795 -0.1675
vn -0.1137 -0.9794 -0.1666
vn 0.0000 -0.9816 0.1910
vn 0.1117 -0.9795 -0.1675
vn 0.1137 -0.9794 -0.1666
vn -0.0748 -0.9807 -0.1809
vn -0.0764 -0.9806 -0.1805
vn -0.0374 -0.9814 0.1885
vn -0.0383 -0.9813 0.1884
vn 0.1471 -0.9781 -0.1475
vn 0.1493 -0.9779 -0.1460
vn -0.0748 -0.9807 0.1809
vn -0.0764 -0.9806 0.1805
vn 0.1794 -0.9764 -0.1202
vn 0.1812 -0.9763 -0.1183
vn 0.3840 0.1307 -0.9140
vn 0.3842 0.1307 -0.9140
vn -0.1117 -0.9795 0.1675
vn -0.1137 -0.9794 0.1666
vn 0.2058 -0.9749 -0.0855
vn 0.2068 -0.9748 -0.0837
vn 0.3713 0.8510 -0.3713
vn 0.4366 0.8510 -0.2917
vn -0.5150 0.8510 0.1024
vn -0.5251 0.8510 0.0000
vn 0.0000 0.8510 0.5251
vn -0.1024 0.8510 0.5150
vn 0.4851 0.8510 -0.2009
vn -0.5150 0.8510 -0.1024
vn 0.5150 0.8510 -0.1024
vn -0.4851 0.8510 -0.2009
vn 0.5251 0.8510 -0.0000
vn -0.4366 0.8510 -0.2917
vn 0.5150 0.8510 0.1024
vn -0.3713 0.8510 -0.3713
vn 0.4851 0.8510 0.2009
vn -0.2917 0.8510 -0.4366
vn 0.4366 0.8510 0.2917
vn -0.2009 0.8510 -0.4851
vn 0.1024 0.8510 0.5150
vn 0.3713 0.8510 0.3713
vn -0.1024 0.8510 -0.5150
vn -0.2009 0.8510 0.4851
vn 0.2917 0.8510 0.4366
vn 0.0000 0.8510 -0.5251
vn -0.2917 0.8510 0.4366
vn 0.2009 0.8510 0.4851
vn 0.1024 0.8510 -0.5150
vn -0.3713 0.8510 0.3713
vn 0.2009 0.8510 -0.4851
vn -0.4366 0.8510 0.2917
vn 0.2917 0.8510 -0.4366
vn -0.4851 0.8510 0.2009
vn 0.8586 0.0041 -0.5127
vn 0.8506 0.0105 -0.5257
vn 0.8507 0.0104 -0.5255
vn 0.3023 0.9040 0.3023
vn 0.4474 0.7743 0.4474
vn 0.4362 0.7870 0.4362
vn -0.5169 0.1929 0.8340
vn -0.5227 0.2358 0.8193
vn -0.4983 0.0867 0.8627
vn 0.5162 0.7736 -0.3675
vn 0.5115 0.7781 -0.3646
vn 0.4766 0.8097 -0.3424
vn -0.5161 0.0058 0.8565
vn 0.5662 0.5991 0.5662
vn -0.3424 0.8097 0.4766
vn -0.3646 0.7781 0.5115
vn -0.3675 0.7736 0.5162
vn 0.1988 -0.9597 0.1988
vn 0.3018 -0.9043 0.3018
vn 0.7050 0.0773 0.7050
vn 0.7124 0.0563 0.6995
vn 0.7149 0.0489 0.6975
vn 0.6888 -0.0918 0.7192
vn 0.6793 -0.0952 0.7276
vn 0.6797 -0.0951 0.7273
vn 0.7091 -0.0132 0.7050
vn 0.7090 -0.0134 0.7051
vn 0.7170 0.0428 0.6958
vn 0.5661 0.5991 0.5661
vn 0.5662 0.5991 0.5661
vn 0.5661 0.5991 0.5662
vn 0.8627 0.0867 -0.4983
vn 0.8193 0.2358 -0.5227
vn 0.8340 0.1929 -0.5169
vn 0.8427 0.0167 -0.5382
vn -0.5047 0.4350 0.7457
vn -0.4950 0.4743 0.7280
vn -0.4339 0.6505 0.6234
vn -0.4261 0.6676 0.6105
vn 0.7280 0.4743 -0.4950
vn 0.7457 0.4350 -0.5047
vn 0.6105 0.6676 -0.4261
vn 0.6234 0.6505 -0.4339
vn 0.7192 -0.0918 0.6888
vn 0.7273 -0.0951 0.6797
vn 0.7277 -0.0952 0.6793
vn -0.4431 0.0258 0.8961
vn 0.8961 0.0258 -0.4431
vn 0.6958 0.0428 0.7170
vn 0.6995 0.0563 0.7124
vn -0.1305 -0.5974 0.7912
vn 0.7912 -0.5974 -0.1305
vn 0.6975 0.0489 0.7149
vn 0.6813 -0.0734 0.7283
vn 0.6814 -0.0731 0.7282
vn 0.7050 -0.0132 0.7091
vn 0.7051 -0.0134 0.7090
vn 0.7282 -0.0731 0.6814
vn 0.7283 -0.0734 0.6813
vn -0.5127 0.0041 -0.8586
vn -0.5257 0.0105 -0.8506
vn -0.5255 0.0104 -0.8507
vn 0.3023 0.9040 -0.3023
vn 0.4474 0.7743 -0.4474
vn 0.4362 0.7870 -0.4362
vn 0.8340 0.1929 0.5169
vn 0.8193 0.2358 0.5227
vn 0.8627 0.0867 0.4983
vn -0.3675 0.7736 -0.5162
vn -0.3646 0.7781 -0.5115
vn -0.3424 0.8097 -0.4766
vn 0.8565 0.0058 0.5161
vn 0.5662 0.5991 -0.5662
vn 0.4766 0.8097 0.3424
vn 0.5115 0.7781 0.3646
vn 0.5162 0.7736 0.3675
vn 0.1988 -0.9597 -0.1988
vn 0.3018 -0.9043 -0.3018
vn 0.7050 0.0773 -0.7050
vn 0.6995 0.0563 -0.7124
vn 0.6975 0.0489 -0.7149
vn 0.7192 -0.0918 -0.6888
vn 0.7277 -0.0952 -0.6793
vn 0.7273 -0.0951 -0.6797
vn 0.7050 -0.0132 -0.7091
vn 0.7051 -0.0134 -0.7090
vn 0.6958 0.0428 -0.7170
vn 0.5661 0.5991 -0.5661
vn -0.4983 0.0867 -0.8627
vn -0.5227 0.2357 -0.8193
vn -0.5169 0.1929 -0.8340
vn 0.5662 0.5991 -0.5661
vn -0.5382 0.0167 -0.8427
vn 0.7457 0.4350 0.5047
vn 0.7280 0.4743 0.4950
vn 0.6234 0.6505 0.4339
vn 0.6105 0.6676 0.4261
vn -0.4950 0.4743 -0.7280
vn -0.5047 0.4350 -0.7457
vn -0.4261 0.6676 -0.6105
vn -0.4339 0.6505 -0.6234
vn 0.6888 -0.0918 -0.7192
vn 0.6797 -0.0951 -0.7273
vn 0.6793 -0.0952 -0.7277
vn 0.8961 0.0258 0.4431
vn -0.4431 0.0258 -0.8961
vn 0.7170 0.0428 -0.6958
vn 0.7124 0.0563 -0.6995
vn 0.7912 -0.5974 0.1305
vn -0.1305 -0.5974 -0.7912
vn 0.7149 0.0489 -0.6975
vn 0.7283 -0.0734 -0.6813
vn 0.7282 -0.0731 -0.6814
vn 0.7091 -0.0132 -0.7050
vn 0.7090 -0.0134 -0.7051
vn 0.6814 -0.0731 -0.7282
vn 0.6813 -0.0734 -0.7283
vn -0.8586 0.0041 -0.5127
vn -0.8507 0.0104 -0.5255
vn -0.8506 0.0105 -0.5257
vn -0.3023 0.9040 0.3023
vn -0.4362 0.7870 0.4362
vn -0.4474 0.7743 0.4474
vn 0.5169 0.1929 0.8340
vn 0.4983 0.0867 0.8627
vn 0.5227 0.2358 0.8193
vn -0.5162 0.7736 -0.3675
vn -0.4766 0.8097 -0.3424
vn -0.5115 0.7781 -0.3646
vn 0.5161 0.0058 0.8565
vn -0.5662 0.5991 0.5662
vn 0.3424 0.8097 0.4766
vn 0.3675 0.7736 0.5162
vn 0.3646 0.7781 0.5115
vn -0.1988 -0.9597 0.1988
vn -0.3018 -0.9043 0.3018
vn -0.7050 0.0773 0.7050
vn -0.7149 0.0489 0.6975
vn -0.7124 0.0563 0.6995
vn -0.6888 -0.0918 0.7192
vn -0.6797 -0.0951 0.7273
vn -0.6793 -0.0952 0.7277
vn -0.7091 -0.0132 0.7050
vn -0.7170 0.0428 0.6958
vn -0.7090 -0.0134 0.7051
vn -0.5661 0.5991 0.5661
vn -0.5661 0.5991 0.5662
vn -0.5662 0.5991 0.5661
vn -0.8627 0.0867 -0.4983
vn -0.8340 0.1929 -0.5169
vn -0.8193 0.2358 -0.5227
vn -0.8427 0.0167 -0.5382
vn 0.4950 0.4743 0.7280
vn 0.5047 0.4350 0.7457
vn 0.4261 0.6676 0.6105
vn 0.4339 0.6505 0.6234
vn -0.7457 0.4350 -0.5047
vn -0.7280 0.4743 -0.4950
vn -0.6234 0.6505 -0.4339
vn -0.6105 0.6676 -0.4261
vn -0.7192 -0.0918 0.6888
vn -0.7277 -0.0952 0.6793
vn -0.7273 -0.0951 0.6797
vn 0.4431 0.0258 0.8961
vn -0.8961 0.0258 -0.4431
vn -0.6958 0.0428 0.7170
vn -0.6995 0.0563 0.7124
vn 0.1305 -0.5974 0.7912
vn -0.7912 -0.5974 -0.1305
vn -0.6975 0.0489 0.7149
vn -0.6814 -0.0731 0.7282
vn -0.6813 -0.0734 0.7283
vn -0.7050 -0.0132 0.7091
vn -0.7283 -0.0734 0.6813
vn -0.7282 -0.0731 0.6814
vn -0.7051 -0.0134 0.7090
vn 0.5127 0.0041 -0.8586
vn 0.5255 0.0104 -0.8507
vn 0.5257 0.0105 -0.8506
vn -0.3023 0.9040 -0.3023
vn -0.4362 0.7870 -0.4362
vn -0.4474 0.7743 -0.4474
vn -0.8340 0.1929 0.5169
vn -0.8627 0.0867 0.4983
vn -0.8193 0.2358 0.5227
vn 0.3675 0.7736 -0.5162
vn 0.3424 0.8097 -0.4766
vn 0.3646 0.7781 -0.5115
vn -0.8565 0.0058 0.5161
vn -0.5662 0.5991 -0.5661
vn -0.5662 0.5991 -0.5662
vn -0.4766 0.8097 0.3424
vn -0.5162 0.7736 0.3675
vn -0.5115 0.7781 0.3646
vn -0.1988 -0.9597 -0.1988
vn -0.3018 -0.9043 -0.3018
vn -0.7050 0.0773 -0.7050
vn -0.6975 0.0489 -0.7149
vn -0.6995 0.0563 -0.7124
vn -0.7192 -0.0918 -0.6888
vn -0.7273 -0.0951 -0.6797
vn -0.7277 -0.0952 -0.6793
vn -0.7050 -0.0132 -0.7091
vn -0.6958 0.0428 -0.7170
vn -0.7051 -0.0134 -0.7090
vn -0.5661 0.5991 -0.5661
vn 0.4983 0.0867 -0.8627
vn 0.5169 0.1929 -0.8340
vn 0.5227 0.2357 -0.8193
vn -0.5661 0.5991 -0.5662
vn 0.5382 0.0167 -0.8427
vn -0.7280 0.4743 0.4950
vn -0.7457 0.4350 0.5047
vn -0.6105 0.6676 0.4261
vn -0.6234 0.6505 0.4339
vn 0.5047 0.4350 -0.7457
vn 0.4950 0.4743 -0.7280
vn 0.4339 0.6505 -0.6234
vn 0.4261 0.6676 -0.6105
vn -0.6888 -0.0918 -0.7192
vn -0.6793 -0.0952 -0.7277
vn -0.6797 -0.0951 -0.7273
vn -0.8961 0.0258 0.4431
vn 0.4431 0.0258 -0.8961
vn -0.7170 0.0428 -0.6958
vn -0.7124 0.0563 -0.6995
vn -0.7912 -0.5974 0.1305
vn 0.1305 -0.5974 -0.7912
vn -0.7149 0.0489 -0.6975
vn -0.7282 -0.0731 -0.6814
vn -0.7283 -0.0734 -0.6813
vn -0.7091 -0.0132 -0.7050
vn -0.6813 -0.0734 -0.7283
vn -0.6814 -0.0731 -0.7282
vn -0.7090 -0.0134 -0.7051
vn 0.8586 -0.0041 -0.5127
vn 0.8507 -0.0104 -0.5255
vn 0.8506 -0.0105 -0.5257
vn 0.3023 -0.9040 0.3023
vn 0.3024 -0.9040 0.3023
vn 0.4362 -0.7870 0.4362
vn 0.4474 -0.7743 0.4474
vn -0.5169 -0.1929 0.8340
vn -0.4983 -0.0867 0.8627
vn -0.5227 -0.2358 0.8193
vn 0.5162 -0.7736 -0.3675
vn 0.4766 -0.8097 -0.3424
vn 0.5115 -0.7781 -0.3646
vn -0.5161 -0.0058 0.8565
vn 0.5662 -0.5991 0.5662
vn -0.3424 -0.8097 0.4766
vn -0.3675 -0.7736 0.5161
vn -0.3646 -0.7781 0.5115
vn 0.3023 -0.9040 0.3024
vn 0.1988 0.9597 0.1988
vn 0.3018 0.9043 0.3018
vn 0.7050 -0.0773 0.7050
vn 0.7149 -0.0489 0.6975
vn 0.7124 -0.0563 0.6995
vn 0.6888 0.0918 0.7192
vn 0.6797 0.0951 0.7273
vn 0.6793 0.0952 0.7277
vn 0.7091 0.0132 0.7050
vn 0.7170 -0.0428 0.6958
vn 0.7090 0.0134 0.7051
vn 0.5662 -0.5991 0.5661
vn 0.5661 -0.5991 0.5662
vn 0.8627 -0.0867 -0.4983
vn 0.8340 -0.1929 -0.5169
vn 0.8193 -0.2358 -0.5227
vn 0.8427 -0.0167 -0.5382
vn -0.4950 -0.4743 0.7280
vn -0.5047 -0.4350 0.7457
vn -0.4261 -0.6676 0.6105
vn -0.4339 -0.6505 0.6234
vn 0.7457 -0.4350 -0.5047
vn 0.7280 -0.4743 -0.4949
vn 0.6234 -0.6505 -0.4339
vn 0.6105 -0.6676 -0.4261
vn 0.7192 0.0918 0.6888
vn 0.7277 0.0952 0.6793
vn 0.7273 0.0951 0.6797
vn -0.4431 -0.0258 0.8961
vn 0.8961 -0.0258 -0.4431
vn 0.6958 -0.0428 0.7170
vn 0.6995 -0.0563 0.7124
vn -0.1305 0.5974 0.7912
vn 0.7912 0.5974 -0.1305
vn 0.6975 -0.0489 0.7149
vn 0.6814 0.0731 0.7282
vn 0.6813 0.0734 0.7283
vn 0.7050 0.0132 0.7091
vn 0.7283 0.0734 0.6813
vn 0.7282 0.0731 0.6814
vn 0.7051 0.0134 0.7090
vn -0.5127 -0.0041 -0.8586
vn -0.5255 -0.0104 -0.8507
vn -0.5257 -0.0105 -0.8506
vn 0.3023 -0.9040 -0.3023
vn 0.4362 -0.7870 -0.4362
vn 0.4474 -0.7744 -0.4474
vn 0.8340 -0.1929 0.5169
vn 0.8627 -0.0867 0.4983
vn 0.8193 -0.2358 0.5227
vn -0.3675 -0.7736 -0.5161
vn -0.3424 -0.8097 -0.4766
vn -0.3646 -0.7781 -0.5115
vn 0.8565 -0.0058 0.5161
vn 0.5662 -0.5991 -0.5662
vn 0.5661 -0.5991 -0.5662
vn 0.4766 -0.8097 0.3424
vn 0.5162 -0.7736 0.3675
vn 0.5115 -0.7781 0.3646
vn 0.1988 0.9597 -0.1988
vn 0.3018 0.9043 -0.3018
vn 0.7050 -0.0773 -0.7050
vn 0.6975 -0.0489 -0.7149
vn 0.6995 -0.0563 -0.7124
vn 0.7192 0.0918 -0.6888
vn 0.7273 0.0951 -0.6797
vn 0.7277 0.0952 -0.6793
vn 0.7050 0.0132 -0.7091
vn 0.6958 -0.0428 -0.7170
vn 0.7051 0.0134 -0.7090
vn 0.5662 -0.5991 -0.5661
vn -0.4983 -0.0867 -0.8627
vn -0.5169 -0.1929 -0.8340
vn -0.5227 -0.2357 -0.8193
vn -0.5382 -0.0167 -0.8427
vn 0.7280 -0.4743 0.4950
vn 0.7457 -0.4350 0.5047
vn 0.6105 -0.6676 0.4261
vn 0.6234 -0.6505 0.4339
vn -0.5047 -0.4350 -0.7457
vn -0.4950 -0.4743 -0.7280
vn -0.4339 -0.6505 -0.6234
vn -0.4261 -0.6676 -0.6105
vn 0.6888 0.0918 -0.7192
vn 0.6793 0.0952 -0.7277
vn 0.6797 0.0951 -0.7273
vn 0.8961 -0.0258 0.4431
vn -0.4431 -0.0258 -0.8961
vn 0.7170 -0.0428 -0.6958
vn 0.7124 -0.0563 -0.6995
vn 0.7912 0.5974 0.1305
vn -0.1305 0.5974 -0.7912
vn 0.7149 -0.0489 -0.6975
vn 0.7282 0.0731 -0.6814
vn 0.7283 0.0734 -0.6813
vn 0.7091 0.0132 -0.7050
vn 0.6813 0.0734 -0.7283
vn 0.6814 0.0731 -0.7282
vn 0.7090 0.0134 -0.7051
vn -0.8586 -0.0041 -0.5127
vn -0.8506 -0.0105 -0.5257
vn -0.8507 -0.0104 -0.5255
vn -0.3023 -0.9040 0.3023
vn -0.4474 -0.7743 0.4474
vn -0.4362 -0.7870 0.4362
vn -0.3024 -0.9040 0.3023
vn 0.5169 -0.1929 0.8340
vn 0.5227 -0.2358 0.8193
vn 0.4983 -0.0867 0.8627
vn -0.5162 -0.7736 -0.3675
vn -0.5115 -0.7781 -0.3646
vn -0.4766 -0.8097 -0.3424
vn 0.5161 -0.0058 0.8565
vn -0.5662 -0.5991 0.5662
vn 0.3424 -0.8097 0.4766
vn 0.3646 -0.7781 0.5115
vn 0.3675 -0.7736 0.5162
vn -0.3023 -0.9040 0.3024
vn -0.1988 0.9597 0.1988
vn -0.3018 0.9043 0.3018
vn -0.7050 -0.0773 0.7050
vn -0.7124 -0.0563 0.6995
vn -0.7149 -0.0489 0.6975
vn -0.6888 0.0918 0.7192
vn -0.6793 0.0952 0.7276
vn -0.6797 0.0951 0.7273
vn -0.7091 0.0132 0.7050
vn -0.7090 0.0134 0.7051
vn -0.7170 -0.0428 0.6958
vn -0.5661 -0.5991 0.5662
vn -0.8627 -0.0867 -0.4983
vn -0.8193 -0.2358 -0.5227
vn -0.8340 -0.1929 -0.5169
vn -0.5662 -0.5991 0.5661
vn -0.8427 -0.0167 -0.5382
vn 0.5047 -0.4350 0.7457
vn 0.4950 -0.4743 0.7280
vn 0.4339 -0.6505 0.6234
vn 0.4261 -0.6676 0.6105
vn -0.7280 -0.4743 -0.4949
vn -0.7457 -0.4350 -0.5047
vn -0.6105 -0.6676 -0.4261
vn -0.6234 -0.6505 -0.4338
vn -0.7192 0.0918 0.6888
vn -0.7273 0.0951 0.6797
vn -0.7277 0.0952 0.6793
vn 0.4431 -0.0258 0.8961
vn -0.8961 -0.0258 -0.4431
vn -0.6958 -0.0428 0.7170
vn -0.6995 -0.0563 0.7124
vn 0.1305 0.5974 0.7912
vn -0.7912 0.5974 -0.1305
vn -0.6975 -0.0489 0.7149
vn -0.6813 0.0734 0.7283
vn -0.6814 0.0731 0.7282
vn -0.7050 0.0132 0.7091
vn -0.7051 0.0134 0.7090
vn -0.7282 0.0731 0.6814
vn -0.7283 0.0734 0.6813
vn 0.5127 -0.0041 -0.8586
vn 0.5257 -0.0105 -0.8506
vn 0.5255 -0.0104 -0.8507
vn -0.3023 -0.9040 -0.3023
vn -0.4474 -0.7744 -0.4474
vn -0.4362 -0.7870 -0.4362
vn -0.8340 -0.1929 0.5169
vn -0.8193 -0.2358 0.5227
vn -0.8627 -0.0867 0.4983
vn 0.3675 -0.7736 -0.5162
vn 0.3646 -0.7781 -0.5115
vn 0.3424 -0.8097 -0.4766
vn -0.8565 -0.0058 0.5161
vn -0.5662 -0.5991 -0.5662
vn -0.5661 -0.5991 -0.5662
vn -0.4766 -0.8097 0.3424
vn -0.5115 -0.7781 0.3646
vn -0.5162 -0.7736 0.3675
vn -0.1988 0.9597 -0.1988
vn -0.3018 0.9043 -0.3018
vn -0.7050 -0.0773 -0.7050
vn -0.6995 -0.0563 -0.7124
vn -0.6975 -0.0489 -0.7149
vn -0.7192 0.0918 -0.6888
vn -0.7277 0.0952 -0.6793
vn -0.7273 0.0951 -0.6797
vn -0.7050 0.0132 -0.7091
vn -0.7051 0.0134 -0.7090
vn -0.6958 -0.0428 -0.7170
vn -0.5662 -0.5991 -0.5661
vn 0.4983 -0.0867 -0.8627
vn 0.5227 -0.2357 -0.8193
vn 0.5169 -0.1929 -0.8340
vn 0.5382 -0.0167 -0.8427
vn -0.7457 -0.4350 0.5047
vn -0.7280 -0.4743 0.4950
vn -0.6234 -0.6505 0.4339
vn -0.6105 -0.6676 0.4261
vn 0.4950 -0.4743 -0.7280
vn 0.5047 -0.4350 -0.7457
vn 0.4261 -0.6676 -0.6105
vn 0.4339 -0.6505 -0.6234
vn -0.6888 0.0918 -0.7192
vn -0.6797 0.0951 -0.7273
vn -0.6793 0.0952 -0.7277
vn -0.8961 -0.0258 0.4431
vn 0.4431 -0.0258 -0.8961
vn -0.7170 -0.0428 -0.6958
vn -0.7124 -0.0563 -0.6995
vn -0.7912 0.5974 0.1305
vn 0.1305 0.5974 -0.7912
vn -0.7149 -0.0489 -0.6975
vn -0.7283 0.0734 -0.6813
vn -0.7282 0.0731 -0.6814
vn -0.7091 0.0132 -0.7050
vn -0.7090 0.0134 -0.7051
vn -0.6814 0.0731 -0.7282
vn -0.6813 0.0734 -0.7283
vn -0.8118 0.0000 0.5840
vn -0.8124 0.0000 0.5831
vn -0.6890 0.0000 0.7248
vn -0.6886 0.0000 0.7251
vn -0.5339 0.0000 0.8455
vn -0.5341 0.0000 0.8454
vn -0.3646 0.0000 0.9312
vn -0.3628 0.0000 0.9319
vn -0.1884 0.0000 0.9821
vn -0.1877 0.0000 0.9822
vn 0.0059 0.0000 1.0000
vn 0.0057 0.0000 1.0000
vn 0.8276 0.0000 0.5613
vn 0.8270 0.0000 0.5622
vn 0.7077 0.0000 0.7066
vn 0.7080 0.0000 0.7062
vn 0.5564 0.0000 0.8309
vn 0.5562 0.0000 0.8310
vn 0.3875 0.0000 0.9219
vn 0.3892 0.0000 0.9211
vn 0.2062 0.0000 0.9785
vn 0.2071 0.0000 0.9783
vn 0.8118 0.0000 -0.5840
vn 0.8124 0.0000 -0.5831
vn 0.6890 0.0000 -0.7248
vn 0.6886 0.0000 -0.7251
vn 0.5339 0.0000 -0.8455
vn 0.5341 0.0000 -0.8454
vn 0.3646 0.0000 -0.9312
vn 0.3628 0.0000 -0.9319
vn 0.1890 -0.0000 -0.9820
vn 0.1883 -0.0000 -0.9821
vn -0.0058 -0.0001 -1.0000
vn -0.0056 -0.0001 -1.0000
vn -0.8276 0.0000 -0.5613
vn -0.8270 0.0000 -0.5622
vn -0.7077 0.0000 -0.7066
vn -0.7080 0.0000 -0.7062
vn -0.5564 0.0000 -0.8309
vn -0.5562 0.0000 -0.8310
vn -0.3875 0.0000 -0.9219
vn -0.3892 0.0000 -0.9211
vn -0.2067 -0.0000 -0.9784
vn -0.2076 -0.0000 -0.9782
vn -0.6419 0.7038 0.3043
vn -0.2675 0.7720 0.5765
vn -0.3694 0.4842 0.7932
vn -0.7427 0.3834 0.5490
vn -0.4510 -0.4064 -0.7946
vn -0.7906 -0.2233 -0.5701
vn -0.7981 -0.2731 -0.5371
vn -0.4591 -0.3339 -0.8233
vn -0.9113 0.1737 -0.3733
vn -0.8714 0.4888 -0.0405
vn -0.9597 0.2119 0.1847
vn -0.9756 -0.0024 -0.2194
vn 0.9086 -0.2420 0.3403
vn 0.8396 -0.5418 0.0400
vn 0.9454 -0.2698 -0.1831
vn 0.9816 -0.0465 0.1855
vn -0.4771 -0.4917 -0.7284
vn -0.7665 -0.1764 -0.6176
vn 0.5437 0.4336 0.7186
vn 0.8068 0.1053 0.5813
vn 0.8304 0.1864 0.5250
vn 0.5114 0.3790 0.7712
vn 0.2835 -0.8005 -0.5281
vn -0.1040 -0.7129 -0.6935
vn -0.0306 -0.5148 -0.8568
vn 0.3895 -0.5270 -0.7554
vn 0.1608 0.6744 0.7206
vn 0.0816 0.4861 0.8701
vn 0.6175 -0.7397 -0.2675
vn 0.7349 -0.4402 -0.5159
vn 0.8257 0.2605 0.5003
vn 0.9848 0.1369 0.1071
vn 0.9708 0.2272 0.0776
vn 0.8182 0.2946 0.4937
vn 0.5009 0.3278 0.8010
vn -0.9769 -0.1641 -0.1365
vn -0.9553 -0.0264 0.2945
vn 0.9535 -0.0135 -0.3010
vn -0.7384 0.1180 0.6639
vn 0.7432 -0.1592 -0.6499
vn 0.3934 -0.2727 -0.8780
vn -0.3714 0.2437 0.8959
vn -0.0336 -0.3342 -0.9419
vn 0.0722 0.3212 0.9443
vn -0.9310 -0.1176 0.3457
vn -0.9711 -0.2232 -0.0844
vn 0.9298 0.1159 -0.3492
vn -0.7096 0.0118 0.7045
vn 0.7089 -0.0153 -0.7052
vn 0.3511 -0.1418 -0.9255
vn -0.3507 0.1417 0.9257
vn -0.0781 -0.2403 -0.9676
vn 0.0800 0.2463 0.9659
vn -0.4964 -0.2917 -0.8176
vn 0.4990 0.3018 0.8124
vn -0.8168 -0.2855 -0.5014
vn -0.2659 -0.8378 -0.4768
vn -0.5455 -0.5465 -0.6354
vn 0.3142 0.7988 0.5130
vn 0.5923 0.4721 0.6529
vn -0.7261 -0.1459 -0.6719
vn 0.7458 0.0581 0.6636
vn -0.7668 0.2919 -0.5717
vn 0.7534 -0.3613 0.5494
vn -0.6482 0.6774 -0.3479
vn 0.6201 -0.7097 0.3343
vn -0.3859 0.9214 -0.0459
vn 0.3738 -0.9257 0.0579
vn 0.0598 -0.9713 -0.2300
vn -0.0373 0.9638 0.2642
vn -0.2300 -0.9713 0.0598
vn -0.4768 -0.8378 -0.2659
vn -0.0459 0.9214 -0.3859
vn 0.2642 0.9638 -0.0373
vn 0.0579 -0.9257 0.3738
vn 0.3343 -0.7097 0.6201
vn -0.3479 0.6774 -0.6482
vn 0.5494 -0.3613 0.7534
vn -0.5717 0.2919 -0.7668
vn 0.6636 0.0581 0.7458
vn -0.6719 -0.1459 -0.7261
vn 0.6529 0.4721 0.5923
vn -0.6354 -0.5465 -0.5455
vn 0.5130 0.7988 0.3142
vn 0.3043 0.7038 -0.6419
vn 0.5490 0.3834 -0.7427
vn 0.7931 0.4842 -0.3694
vn 0.5765 0.7720 -0.2675
vn -0.7946 -0.4064 -0.4510
vn -0.8233 -0.3339 -0.4591
vn -0.5371 -0.2731 -0.7981
vn -0.5701 -0.2233 -0.7906
vn -0.3733 0.1737 -0.9113
vn -0.2194 -0.0024 -0.9756
vn 0.1847 0.2119 -0.9597
vn -0.0405 0.4888 -0.8714
vn 0.3403 -0.2420 0.9086
vn 0.1855 -0.0465 0.9816
vn -0.1831 -0.2698 0.9454
vn 0.0400 -0.5418 0.8396
vn -0.7284 -0.4917 -0.4771
vn -0.6176 -0.1764 -0.7665
vn 0.7186 0.4336 0.5437
vn 0.7712 0.3790 0.5114
vn 0.5250 0.1864 0.8304
vn 0.5813 0.1053 0.8068
vn -0.5281 -0.8005 0.2835
vn -0.7554 -0.5270 0.3895
vn -0.8568 -0.5148 -0.0306
vn -0.6935 -0.7129 -0.1040
vn 0.8701 0.4861 0.0816
vn 0.7206 0.6744 0.1608
vn -0.5159 -0.4402 0.7349
vn -0.2675 -0.7397 0.6175
vn 0.5003 0.2605 0.8257
vn 0.4937 0.2946 0.8182
vn 0.0776 0.2272 0.9708
vn 0.1071 0.1369 0.9848
vn 0.8010 0.3278 0.5009
vn -0.1365 -0.1641 -0.9769
vn 0.2945 -0.0264 -0.9553
vn -0.3010 -0.0135 0.9535
vn 0.6639 0.1180 -0.7384
vn -0.6499 -0.1592 0.7432
vn -0.8780 -0.2727 0.3934
vn 0.8959 0.2437 -0.3714
vn -0.9419 -0.3342 -0.0336
vn 0.9442 0.3212 0.0722
vn -0.0844 -0.2232 -0.9711
vn 0.3457 -0.1176 -0.9310
vn -0.3492 0.1159 0.9298
vn 0.7045 0.0118 -0.7096
vn -0.7052 -0.0153 0.7089
vn -0.9255 -0.1418 0.3511
vn 0.9257 0.1417 -0.3507
vn -0.9676 -0.2403 -0.0781
vn 0.9659 0.2463 0.0800
vn -0.8176 -0.2917 -0.4964
vn 0.8124 0.3018 0.4990
vn -0.5014 -0.2855 -0.8168
vn -0.3682 0.1329 0.9202
vn -0.7222 0.0057 0.6916
vn 0.3635 -0.1087 -0.9252
vn 0.7180 0.0195 -0.6958
vn 0.0599 0.2371 0.9696
vn -0.0657 -0.2142 -0.9746
vn 0.4793 0.2975 0.8257
vn -0.4859 -0.2752 -0.8295
vn 0.8033 0.3008 0.5140
vn -0.8098 -0.2780 -0.5167
vn 0.9641 0.2463 0.0997
vn -0.9697 -0.2222 -0.1019
vn 0.9321 0.1458 -0.3315
vn -0.9367 -0.1206 0.3286
vn -0.3315 0.1458 0.9321
vn -0.6958 0.0195 0.7180
vn 0.6916 0.0057 -0.7222
vn 0.9202 0.1329 -0.3682
vn -0.9252 -0.1087 0.3635
vn 0.9696 0.2371 0.0599
vn -0.9746 -0.2142 -0.0657
vn 0.8257 0.2975 0.4793
vn -0.8295 -0.2752 -0.4859
vn 0.5141 0.3008 0.8033
vn -0.5167 -0.2780 -0.8098
vn 0.0997 0.2463 0.9641
vn -0.1019 -0.2222 -0.9697
vn 0.3286 -0.1207 -0.9367
vn 0.3043 0.7038 0.6419
vn 0.5765 0.7720 0.2675
vn 0.7932 0.4842 0.3694
vn 0.5490 0.3834 0.7427
vn -0.7946 -0.4064 0.4510
vn -0.5701 -0.2233 0.7906
vn -0.5371 -0.2731 0.7981
vn -0.8233 -0.3339 0.4591
vn -0.3733 0.1737 0.9113
vn -0.0406 0.4888 0.8714
vn 0.1847 0.2119 0.9597
vn -0.2194 -0.0024 0.9756
vn 0.3403 -0.2420 -0.9086
vn 0.0400 -0.5418 -0.8396
vn -0.1830 -0.2698 -0.9454
vn 0.1855 -0.0465 -0.9816
vn -0.7284 -0.4917 0.4771
vn -0.6176 -0.1764 0.7665
vn 0.7186 0.4336 -0.5437
vn 0.5813 0.1053 -0.8068
vn 0.5250 0.1864 -0.8304
vn 0.7712 0.3790 -0.5115
vn -0.5281 -0.8005 -0.2835
vn -0.6935 -0.7129 0.1040
vn -0.8568 -0.5148 0.0306
vn -0.7554 -0.5270 -0.3895
vn 0.7206 0.6744 -0.1608
vn 0.8701 0.4861 -0.0816
vn -0.2675 -0.7397 -0.6175
vn -0.5159 -0.4402 -0.7349
vn 0.5003 0.2605 -0.8257
vn 0.1071 0.1369 -0.9848
vn 0.0776 0.2272 -0.9708
vn 0.4937 0.2946 -0.8182
vn 0.8010 0.3278 -0.5009
vn -0.1365 -0.1641 0.9769
vn 0.2945 -0.0264 0.9553
vn -0.3010 -0.0135 -0.9535
vn 0.6639 0.1180 0.7384
vn -0.6499 -0.1592 -0.7432
vn -0.8780 -0.2727 -0.3934
vn 0.8959 0.2437 0.3714
vn -0.9419 -0.3342 0.0336
vn 0.9442 0.3212 -0.0722
vn 0.3457 -0.1176 0.9310
vn -0.0844 -0.2232 0.9711
vn -0.3492 0.1159 -0.9298
vn 0.7045 0.0118 0.7096
vn -0.7052 -0.0153 -0.7089
vn -0.9255 -0.1418 -0.3511
vn 0.9257 0.1417 0.3507
vn -0.9676 -0.2403 0.0781
vn 0.9659 0.2463 -0.0800
vn -0.8176 -0.2917 0.4964
vn 0.8124 0.3018 -0.4990
vn -0.5014 -0.2855 0.8168
vn -0.4768 -0.8378 0.2659
vn -0.6354 -0.5465 0.5455
vn 0.5130 0.7988 -0.3142
vn 0.6529 0.4721 -0.5923
vn -0.6719 -0.1459 0.7261
vn 0.6636 0.0581 -0.7458
vn -0.5717 0.2919 0.7668
vn 0.5494 -0.3613 -0.7534
vn -0.3479 0.6774 0.6482
vn 0.3343 -0.7097 -0.6201
vn -0.0459 0.9214 0.3859
vn 0.0579 -0.9257 -0.3738
vn -0.2300 -0.9713 -0.0598
vn 0.2642 0.9638 0.0373
vn 0.0598 -0.9713 0.2300
vn -0.2659 -0.8379 0.4768
vn -0.3859 0.9214 0.0459
vn -0.0373 0.9638 -0.2642
vn 0.3738 -0.9257 -0.0579
vn 0.6201 -0.7097 -0.3343
vn -0.6482 0.6774 0.3479
vn 0.7534 -0.3613 -0.5494
vn -0.7668 0.2919 0.5717
vn 0.7458 0.0581 -0.6636
vn -0.7261 -0.1459 0.6719
vn 0.5923 0.4721 -0.6529
vn -0.5455 -0.5465 0.6354
vn 0.3142 0.7988 -0.5130
vn -0.6419 0.7038 -0.3043
vn -0.7427 0.3834 -0.5490
vn -0.3694 0.4842 -0.7932
vn -0.2675 0.7720 -0.5765
vn -0.4510 -0.4064 0.7946
vn -0.4591 -0.3339 0.8233
vn -0.7981 -0.2731 0.5371
vn -0.7906 -0.2233 0.5701
vn -0.9113 0.1737 0.3733
vn -0.9756 -0.0024 0.2194
vn -0.9597 0.2119 -0.1847
vn -0.8714 0.4888 0.0406
vn 0.9086 -0.2420 -0.3403
vn 0.9816 -0.0465 -0.1855
vn 0.9454 -0.2698 0.1831
vn 0.8396 -0.5418 -0.0400
vn -0.4771 -0.4917 0.7284
vn -0.7665 -0.1764 0.6176
vn 0.5437 0.4336 -0.7186
vn 0.5114 0.3790 -0.7712
vn 0.8304 0.1864 -0.5250
vn 0.8068 0.1053 -0.5813
vn 0.2835 -0.8005 0.5281
vn 0.3895 -0.5270 0.7554
vn -0.0306 -0.5148 0.8568
vn -0.1040 -0.7129 0.6935
vn 0.0816 0.4861 -0.8701
vn 0.1608 0.6744 -0.7206
vn 0.7349 -0.4402 0.5159
vn 0.6175 -0.7397 0.2675
vn 0.8257 0.2605 -0.5003
vn 0.8182 0.2946 -0.4937
vn 0.9708 0.2272 -0.0776
vn 0.9848 0.1369 -0.1071
vn 0.5009 0.3278 -0.8010
vn -0.9769 -0.1641 0.1365
vn -0.9553 -0.0264 -0.2945
vn 0.9535 -0.0135 0.3010
vn -0.7384 0.1180 -0.6639
vn 0.7432 -0.1592 0.6499
vn 0.3934 -0.2727 0.8780
vn -0.3714 0.2437 -0.8959
vn -0.0336 -0.3342 0.9419
vn 0.0722 0.3212 -0.9443
vn -0.9711 -0.2232 0.0844
vn -0.9310 -0.1176 -0.3457
vn 0.9298 0.1159 0.3492
vn -0.7096 0.0118 -0.7045
vn 0.7089 -0.0153 0.7052
vn 0.3511 -0.1418 0.9255
vn -0.3507 0.1417 -0.9257
vn -0.0781 -0.2403 0.9676
vn 0.0800 0.2463 -0.9659
vn -0.4964 -0.2917 0.8176
vn 0.4990 0.3018 -0.8124
vn -0.8168 -0.2855 0.5014
vn 0.9202 0.1329 0.3682
vn 0.6916 0.0057 0.7222
vn -0.9252 -0.1087 -0.3635
vn -0.6958 0.0195 -0.7180
vn 0.9696 0.2371 -0.0599
vn -0.9746 -0.2142 0.0657
vn 0.8257 0.2975 -0.4793
vn -0.8295 -0.2752 0.4859
vn 0.5141 0.3008 -0.8033
vn -0.5167 -0.2780 0.8098
vn 0.0997 0.2463 -0.9641
vn -0.1019 -0.2222 0.9697
vn -0.3315 0.1458 -0.9321
vn 0.3286 -0.1207 0.9367
vn 0.9321 0.1458 0.3315
vn 0.7180 0.0195 0.6958
vn -0.7222 0.0057 -0.6916
vn -0.3683 0.1329 -0.9202
vn 0.3635 -0.1087 0.9252
vn 0.0599 0.2371 -0.9696
vn -0.0657 -0.2142 0.9746
vn 0.4793 0.2975 -0.8257
vn -0.4859 -0.2752 0.8295
vn 0.8033 0.3008 -0.5140
vn -0.8098 -0.2780 0.5167
vn 0.9641 0.2463 -0.0997
vn -0.9697 -0.2222 0.1019
vn -0.9367 -0.1206 -0.3286
vn 0.6419 0.7038 0.3043
vn 0.7427 0.3834 0.5490
vn 0.3694 0.4842 0.7932
vn 0.2675 0.7720 0.5765
vn 0.4510 -0.4064 -0.7946
vn 0.4591 -0.3339 -0.8233
vn 0.7981 -0.2731 -0.5371
vn 0.7906 -0.2233 -0.5701
vn 0.9113 0.1737 -0.3733
vn 0.9756 -0.0024 -0.2194
vn 0.9597 0.2119 0.1847
vn 0.8714 0.4888 -0.0405
vn -0.9086 -0.2420 0.3403
vn -0.9816 -0.0465 0.1855
vn -0.9454 -0.2698 -0.1831
vn -0.8396 -0.5418 0.0400
vn 0.4771 -0.4917 -0.7284
vn 0.7665 -0.1764 -0.6176
vn -0.5437 0.4336 0.7186
vn -0.5114 0.3790 0.7712
vn -0.8304 0.1864 0.5250
vn -0.8068 0.1053 0.5813
vn -0.2835 -0.8005 -0.5281
vn -0.3895 -0.5270 -0.7554
vn 0.0306 -0.5148 -0.8568
vn 0.1040 -0.7129 -0.6935
vn -0.0816 0.4861 0.8701
vn -0.1608 0.6744 0.7206
vn -0.7349 -0.4402 -0.5159
vn -0.6175 -0.7397 -0.2675
vn -0.8257 0.2605 0.5003
vn -0.8182 0.2946 0.4937
vn -0.9708 0.2272 0.0776
vn -0.9848 0.1369 0.1071
vn -0.5009 0.3278 0.8010
vn 0.9769 -0.1641 -0.1365
vn 0.9553 -0.0264 0.2945
vn -0.9535 -0.0135 -0.3010
vn 0.7384 0.1180 0.6639
vn -0.7432 -0.1592 -0.6499
vn -0.3934 -0.2727 -0.8780
vn 0.3714 0.2437 0.8959
vn 0.0336 -0.3342 -0.9419
vn -0.0722 0.3212 0.9443
vn 0.9711 -0.2232 -0.0844
vn 0.9310 -0.1176 0.3457
vn -0.9298 0.1159 -0.3492
vn 0.7096 0.0118 0.7045
vn -0.7089 -0.0153 -0.7052
vn -0.3511 -0.1418 -0.9255
vn 0.3507 0.1417 0.9257
vn 0.0781 -0.2403 -0.9676
vn -0.0800 0.2463 0.9659
vn 0.4964 -0.2917 -0.8176
vn -0.4990 0.3018 0.8124
vn 0.8168 -0.2855 -0.5014
vn 0.5455 -0.5465 -0.6354
vn 0.2659 -0.8378 -0.4768
vn -0.5923 0.4721 0.6529
vn -0.3142 0.7988 0.5130
vn 0.7261 -0.1459 -0.6719
vn -0.7458 0.0581 0.6636
vn 0.7668 0.2919 -0.5717
vn -0.7534 -0.3613 0.5494
vn 0.6482 0.6774 -0.3479
vn -0.6201 -0.7097 0.3343
vn 0.3859 0.9214 -0.0459
vn -0.3738 -0.9257 0.0579
vn -0.0598 -0.9713 -0.2300
vn 0.0373 0.9638 0.2642
vn 0.4768 -0.8378 -0.2659
vn 0.2300 -0.9713 0.0598
vn -0.2642 0.9638 -0.0373
vn 0.0459 0.9214 -0.3859
vn -0.0579 -0.9257 0.3738
vn -0.3343 -0.7097 0.6201
vn 0.3479 0.6774 -0.6482
vn -0.5494 -0.3613 0.7534
vn 0.5717 0.2919 -0.7668
vn -0.6636 0.0581 0.7458
vn 0.6719 -0.1459 -0.7261
vn -0.6529 0.4721 0.5923
vn 0.6354 -0.5465 -0.5455
vn -0.5130 0.7988 0.3142
vn -0.3043 0.7038 -0.6419
vn -0.5765 0.7720 -0.2675
vn -0.7932 0.4842 -0.3694
vn -0.5490 0.3834 -0.7427
vn 0.7946 -0.4064 -0.4510
vn 0.5701 -0.2233 -0.7906
vn 0.5371 -0.2731 -0.7981
vn 0.8233 -0.3339 -0.4591
vn 0.3733 0.1737 -0.9113
vn 0.0405 0.4888 -0.8714
vn -0.1847 0.2119 -0.9597
vn 0.2194 -0.0024 -0.9756
vn -0.3403 -0.2420 0.9086
vn -0.0400 -0.5418 0.8396
vn 0.1831 -0.2698 0.9454
vn -0.1855 -0.0465 0.9816
vn 0.7284 -0.4917 -0.4771
vn 0.6176 -0.1764 -0.7665
vn -0.7186 0.4336 0.5437
vn -0.5813 0.1053 0.8068
vn -0.5250 0.1864 0.8304
vn -0.7712 0.3790 0.5114
vn 0.5281 -0.8005 0.2835
vn 0.6935 -0.7129 -0.1040
vn 0.8568 -0.5148 -0.0306
vn 0.7554 -0.5270 0.3895
vn -0.7206 0.6744 0.1608
vn -0.8701 0.4861 0.0816
vn 0.2675 -0.7397 0.6175
vn 0.5159 -0.4402 0.7349
vn -0.5003 0.2605 0.8257
vn -0.1071 0.1369 0.9848
vn -0.0776 0.2272 0.9708
vn -0.4937 0.2946 0.8182
vn -0.8010 0.3278 0.5009
vn 0.1365 -0.1641 -0.9769
vn -0.2945 -0.0264 -0.9553
vn 0.3010 -0.0135 0.9535
vn -0.6639 0.1180 -0.7384
vn 0.6499 -0.1592 0.7432
vn 0.8780 -0.2727 0.3934
vn -0.8959 0.2437 -0.3714
vn 0.9419 -0.3342 -0.0336
vn -0.9442 0.3212 0.0722
vn -0.3457 -0.1176 -0.9310
vn 0.0844 -0.2232 -0.9711
vn 0.3492 0.1159 0.9298
vn -0.7045 0.0118 -0.7096
vn 0.7052 -0.0153 0.7089
vn 0.9255 -0.1418 0.3511
vn -0.9257 0.1417 -0.3507
vn 0.9676 -0.2403 -0.0781
vn -0.9659 0.2463 0.0800
vn 0.8176 -0.2917 -0.4964
vn -0.8124 0.3018 0.4990
vn 0.5014 -0.2855 -0.8168
vn 0.7222 0.0057 0.6916
vn 0.3683 0.1329 0.9202
vn -0.7180 0.0195 -0.6958
vn -0.3635 -0.1087 -0.9252
vn -0.0599 0.2371 0.9696
vn 0.0657 -0.2142 -0.9746
vn -0.4793 0.2975 0.8257
vn 0.4859 -0.2752 -0.8295
vn -0.8033 0.3008 0.5140
vn 0.8098 -0.2780 -0.5167
vn -0.9641 0.2463 0.0997
vn 0.9697 -0.2222 -0.1019
vn -0.9321 0.1458 -0.3315
vn 0.9367 -0.1206 0.3286
vn 0.6958 0.0195 0.7180
vn 0.3315 0.1458 0.9321
vn -0.9202 0.1329 -0.3682
vn -0.6916 0.0057 -0.7222
vn 0.9252 -0.1087 0.3635
vn -0.9696 0.2371 0.0599
vn 0.9746 -0.2142 -0.0657
vn -0.8257 0.2975 0.4793
vn 0.8295 -0.2752 -0.4859
vn -0.5141 0.3008 0.8033
vn 0.5167 -0.2780 -0.8098
vn -0.0997 0.2463 0.9641
vn 0.1019 -0.2222 -0.9697
vn -0.3286 -0.1207 -0.9367
vn -0.3043 0.7038 0.6419
vn -0.5490 0.3834 0.7427
vn -0.7932 0.4842 0.3694
vn -0.5765 0.7720 0.2675
vn 0.7946 -0.4064 0.4510
vn 0.8233 -0.3339 0.4591
vn 0.5371 -0.2731 0.7981
vn 0.5701 -0.2233 0.7906
vn 0.3733 0.1737 0.9113
vn 0.2194 -0.0024 0.9756
vn -0.1847 0.2119 0.9597
vn 0.0406 0.4888 0.8714
vn -0.3403 -0.2420 -0.9086
vn -0.1855 -0.0465 -0.9816
vn 0.1830 -0.2698 -0.9454
vn -0.0400 -0.5418 -0.8396
vn 0.7284 -0.4917 0.4771
vn 0.6176 -0.1764 0.7665
vn -0.7186 0.4336 -0.5437
vn -0.7712 0.3790 -0.5115
vn -0.5250 0.1864 -0.8304
vn -0.5813 0.1053 -0.8068
vn 0.5281 -0.8005 -0.2835
vn 0.7554 -0.5270 -0.3895
vn 0.8568 -0.5148 0.0306
vn 0.6935 -0.7129 0.1040
vn -0.8701 0.4861 -0.0816
vn -0.7206 0.6744 -0.1608
vn 0.5159 -0.4402 -0.7349
vn 0.2675 -0.7397 -0.6175
vn -0.5003 0.2605 -0.8257
vn -0.4937 0.2946 -0.8182
vn -0.0776 0.2272 -0.9708
vn -0.1071 0.1369 -0.9848
vn -0.8010 0.3278 -0.5009
vn 0.1365 -0.1641 0.9769
vn -0.2945 -0.0264 0.9553
vn 0.3010 -0.0135 -0.9535
vn -0.6639 0.1180 0.7384
vn 0.6499 -0.1592 -0.7432
vn 0.8780 -0.2727 -0.3934
vn -0.8959 0.2437 0.3714
vn 0.9419 -0.3342 0.0336
vn -0.9442 0.3212 -0.0722
vn 0.0844 -0.2232 0.9711
vn -0.3457 -0.1176 0.9310
vn 0.3492 0.1159 -0.9298
vn -0.7045 0.0118 0.7096
vn 0.7052 -0.0153 -0.7089
vn 0.9255 -0.1418 -0.3511
vn -0.9257 0.1417 0.3507
vn 0.9676 -0.2403 0.0781
vn -0.9659 0.2463 -0.0800
vn 0.8176 -0.2917 0.4964
vn -0.8124 0.3018 -0.4990
vn 0.5014 -0.2855 0.8168
vn 0.6354 -0.5465 0.5455
vn 0.4768 -0.8378 0.2659
vn -0.6529 0.4721 -0.5923
vn -0.5130 0.7988 -0.3142
vn 0.6719 -0.1459 0.7261
vn -0.6636 0.0581 -0.7458
vn 0.5717 0.2919 0.7668
vn -0.5494 -0.3613 -0.7534
vn 0.3479 0.6774 0.6482
vn -0.3343 -0.7097 -0.6201
vn 0.0459 0.9214 0.3859
vn -0.0579 -0.9257 -0.3738
vn 0.2300 -0.9713 -0.0598
vn -0.2642 0.9638 0.0373
vn 0.2659 -0.8379 0.4768
vn -0.0598 -0.9713 0.2300
vn 0.0373 0.9638 -0.2642
vn 0.3859 0.9214 0.0459
vn -0.3738 -0.9257 -0.0579
vn -0.6201 -0.7097 -0.3343
vn 0.6482 0.6774 0.3479
vn -0.7534 -0.3613 -0.5494
vn 0.7668 0.2919 0.5717
vn -0.7458 0.0581 -0.6636
vn 0.7261 -0.1459 0.6719
vn -0.5923 0.4721 -0.6529
vn 0.5455 -0.5465 0.6354
vn -0.3142 0.7988 -0.5130
vn 0.6419 0.7038 -0.3043
vn 0.2675 0.7720 -0.5765
vn 0.3694 0.4842 -0.7932
vn 0.7427 0.3834 -0.5490
vn 0.4510 -0.4064 0.7946
vn 0.7906 -0.2233 0.5701
vn 0.7981 -0.2731 0.5371
vn 0.4591 -0.3339 0.8233
vn 0.9113 0.1737 0.3733
vn 0.8714 0.4888 0.0406
vn 0.9597 0.2119 -0.1847
vn 0.9756 -0.0024 0.2194
vn -0.9086 -0.2420 -0.3403
vn -0.8396 -0.5418 -0.0400
vn -0.9454 -0.2698 0.1830
vn -0.9816 -0.0465 -0.1855
vn 0.4771 -0.4917 0.7284
vn 0.7665 -0.1764 0.6176
vn -0.5437 0.4336 -0.7186
vn -0.8068 0.1053 -0.5813
vn -0.8304 0.1864 -0.5250
vn -0.5114 0.3790 -0.7712
vn -0.2835 -0.8005 0.5281
vn 0.1040 -0.7129 0.6935
vn 0.0306 -0.5148 0.8568
vn -0.3895 -0.5270 0.7554
vn -0.1608 0.6744 -0.7206
vn -0.0816 0.4861 -0.8701
vn -0.6175 -0.7397 0.2675
vn -0.7349 -0.4402 0.5159
vn -0.8257 0.2605 -0.5003
vn -0.9848 0.1369 -0.1071
vn -0.9708 0.2272 -0.0776
vn -0.8182 0.2946 -0.4937
vn -0.5009 0.3278 -0.8010
vn 0.9769 -0.1641 0.1365
vn 0.9553 -0.0264 -0.2945
vn -0.9535 -0.0135 0.3010
vn 0.7384 0.1180 -0.6639
vn -0.7432 -0.1592 0.6499
vn -0.3934 -0.2727 0.8780
vn 0.3714 0.2437 -0.8959
vn 0.0336 -0.3342 0.9419
vn -0.0722 0.3212 -0.9443
vn 0.9310 -0.1176 -0.3457
vn 0.9711 -0.2232 0.0844
vn -0.9298 0.1159 0.3492
vn 0.7096 0.0118 -0.7045
vn -0.7089 -0.0153 0.7052
vn -0.3511 -0.1418 0.9255
vn 0.3507 0.1417 -0.9257
vn 0.0781 -0.2403 0.9676
vn -0.0800 0.2463 -0.9659
vn 0.4964 -0.2917 0.8176
vn -0.4990 0.3018 -0.8124
vn 0.8168 -0.2855 0.5014
vn -0.6916 0.0057 0.7222
vn -0.9202 0.1329 0.3682
vn 0.6958 0.0195 -0.7180
vn 0.9252 -0.1087 -0.3635
vn -0.9696 0.2371 -0.0599
vn 0.9746 -0.2142 0.0657
vn -0.8257 0.2975 -0.4793
vn 0.8295 -0.2752 0.4859
vn -0.5141 0.3008 -0.8033
vn 0.5167 -0.2780 0.8098
vn -0.0997 0.2463 -0.9641
vn 0.1019 -0.2222 0.9697
vn 0.3315 0.1458 -0.9321
vn -0.3286 -0.1206 0.9367
vn -0.7180 0.0195 0.6958
vn -0.9321 0.1458 0.3315
vn 0.3683 0.1329 -0.9202
vn 0.7222 0.0057 -0.6916
vn -0.3635 -0.1087 0.9252
vn -0.0599 0.2371 -0.9696
vn 0.0657 -0.2142 0.9746
vn -0.4793 0.2975 -0.8257
vn 0.4859 -0.2752 0.8295
vn -0.8033 0.3008 -0.5140
vn 0.8098 -0.2780 0.5167
vn -0.9641 0.2463 -0.0997
vn 0.9697 -0.2222 0.1019
vn 0.9367 -0.1206 -0.3286
vn -0.6419 -0.7038 0.3044
vn -0.7427 -0.3834 0.5490
vn -0.3694 -0.4842 0.7932
vn -0.2675 -0.7720 0.5765
vn -0.4510 0.4064 -0.7946
vn -0.4591 0.3339 -0.8233
vn -0.7981 0.2731 -0.5371
vn -0.7906 0.2233 -0.5701
vn -0.9113 -0.1737 -0.3733
vn -0.9756 0.0024 -0.2194
vn -0.9597 -0.2119 0.1847
vn -0.8714 -0.4888 -0.0405
vn 0.9086 0.2420 0.3403
vn 0.9816 0.0465 0.1855
vn 0.9454 0.2698 -0.1831
vn 0.8396 0.5418 0.0400
vn -0.4771 0.4917 -0.7284
vn -0.7665 0.1764 -0.6176
vn 0.5437 -0.4336 0.7186
vn 0.5114 -0.3790 0.7712
vn 0.8304 -0.1864 0.5250
vn 0.8068 -0.1053 0.5813
vn 0.2835 0.8005 -0.5281
vn 0.3895 0.5270 -0.7554
vn -0.0306 0.5148 -0.8568
vn -0.1040 0.7129 -0.6935
vn 0.0816 -0.4861 0.8701
vn 0.1608 -0.6744 0.7206
vn 0.7349 0.4402 -0.5159
vn 0.6175 0.7397 -0.2675
vn 0.8257 -0.2605 0.5003
vn 0.8182 -0.2946 0.4937
vn 0.9708 -0.2272 0.0776
vn 0.9848 -0.1369 0.1071
vn 0.5009 -0.3278 0.8010
vn -0.9769 0.1641 -0.1365
vn -0.9553 0.0264 0.2945
vn 0.9535 0.0135 -0.3010
vn -0.7384 -0.1180 0.6639
vn 0.7432 0.1592 -0.6499
vn 0.3934 0.2727 -0.8780
vn -0.3714 -0.2437 0.8959
vn -0.0336 0.3342 -0.9419
vn 0.0722 -0.3212 0.9442
vn -0.9711 0.2232 -0.0844
vn -0.9310 0.1176 0.3457
vn 0.9298 -0.1159 -0.3492
vn -0.7096 -0.0118 0.7045
vn 0.7089 0.0153 -0.7052
vn 0.3511 0.1418 -0.9255
vn -0.3507 -0.1417 0.9257
vn -0.0781 0.2403 -0.9676
vn 0.0800 -0.2463 0.9659
vn -0.4964 0.2917 -0.8177
vn 0.4990 -0.3018 0.8124
vn -0.8168 0.2855 -0.5014
vn -0.5455 0.5465 -0.6354
vn -0.2659 0.8379 -0.4768
vn 0.5923 -0.4721 0.6529
vn 0.3142 -0.7988 0.5130
vn -0.7261 0.1459 -0.6719
vn 0.7458 -0.0581 0.6636
vn -0.7668 -0.2919 -0.5717
vn 0.7534 0.3613 0.5494
vn -0.6482 -0.6774 -0.3479
vn 0.6201 0.7097 0.3343
vn -0.3859 -0.9214 -0.0459
vn 0.3738 0.9257 0.0579
vn 0.0598 0.9713 -0.2300
vn -0.0373 -0.9638 0.2642
vn -0.4768 0.8378 -0.2659
vn -0.2300 0.9713 0.0598
vn 0.2642 -0.9638 -0.0372
vn -0.0459 -0.9214 -0.3858
vn 0.0579 0.9257 0.3738
vn 0.3343 0.7097 0.6201
vn -0.3479 -0.6774 -0.6482
vn 0.5494 0.3613 0.7534
vn -0.5717 -0.2918 -0.7668
vn 0.6636 -0.0581 0.7458
vn -0.6719 0.1459 -0.7261
vn 0.6529 -0.4721 0.5923
vn -0.6354 0.5465 -0.5455
vn 0.5130 -0.7988 0.3142
vn 0.3043 -0.7038 -0.6419
vn 0.5765 -0.7720 -0.2675
vn 0.7932 -0.4842 -0.3694
vn 0.5490 -0.3834 -0.7427
vn -0.7946 0.4064 -0.4510
vn -0.5701 0.2233 -0.7906
vn -0.5371 0.2731 -0.7981
vn -0.8233 0.3339 -0.4591
vn -0.3733 -0.1737 -0.9113
vn -0.0405 -0.4888 -0.8714
vn 0.1847 -0.2119 -0.9597
vn -0.2194 0.0024 -0.9756
vn 0.3403 0.2420 0.9086
vn 0.0400 0.5418 0.8396
vn -0.1831 0.2698 0.9454
vn 0.1855 0.0465 0.9816
vn -0.7284 0.4917 -0.4771
vn -0.6176 0.1764 -0.7665
vn 0.7186 -0.4336 0.5437
vn 0.5813 -0.1053 0.8068
vn 0.5250 -0.1864 0.8304
vn 0.7712 -0.3790 0.5114
vn -0.5281 0.8005 0.2835
vn -0.6935 0.7129 -0.1040
vn -0.8568 0.5148 -0.0306
vn -0.7554 0.5270 0.3895
vn 0.7206 -0.6744 0.1608
vn 0.8701 -0.4861 0.0816
vn -0.2675 0.7397 0.6175
vn -0.5159 0.4402 0.7349
vn 0.5003 -0.2605 0.8257
vn 0.1071 -0.1369 0.9848
vn 0.0776 -0.2272 0.9708
vn 0.4937 -0.2946 0.8182
vn 0.8010 -0.3278 0.5009
vn -0.1365 0.1641 -0.9769
vn 0.2945 0.0264 -0.9553
vn -0.3010 0.0135 0.9535
vn 0.6639 -0.1180 -0.7384
vn -0.6499 0.1592 0.7432
vn -0.8780 0.2727 0.3934
vn 0.8959 -0.2437 -0.3714
vn -0.9419 0.3342 -0.0335
vn 0.9442 -0.3212 0.0722
vn 0.3457 0.1176 -0.9310
vn -0.0844 0.2232 -0.9711
vn -0.3492 -0.1159 0.9298
vn 0.7045 -0.0118 -0.7096
vn -0.7052 0.0153 0.7089
vn -0.9255 0.1418 0.3511
vn 0.9257 -0.1417 -0.3507
vn -0.9676 0.2403 -0.0781
vn 0.9659 -0.2463 0.0800
vn -0.8176 0.2917 -0.4964
vn 0.8124 -0.3018 0.4990
vn -0.5014 0.2855 -0.8168
vn -0.7222 -0.0057 0.6916
vn -0.3682 -0.1329 0.9202
vn 0.7180 -0.0195 -0.6958
vn 0.3635 0.1087 -0.9252
vn 0.0599 -0.2371 0.9696
vn -0.0657 0.2142 -0.9746
vn 0.4793 -0.2975 0.8257
vn -0.4859 0.2752 -0.8296
vn 0.8033 -0.3008 0.5141
vn -0.8098 0.2780 -0.5167
vn 0.9641 -0.2463 0.0997
vn -0.9697 0.2222 -0.1019
vn 0.9321 -0.1458 -0.3315
vn -0.9367 0.1206 0.3286
vn -0.6958 -0.0195 0.7180
vn -0.3315 -0.1458 0.9321
vn 0.9202 -0.1329 -0.3682
vn 0.6916 -0.0057 -0.7222
vn -0.9252 0.1087 0.3635
vn 0.9696 -0.2371 0.0599
vn -0.9746 0.2142 -0.0657
vn 0.8257 -0.2975 0.4793
vn -0.8295 0.2752 -0.4859
vn 0.5141 -0.3008 0.8033
vn -0.5167 0.2780 -0.8098
vn 0.0997 -0.2463 0.9641
vn -0.1019 0.2222 -0.9697
vn 0.3286 0.1207 -0.9367
vn 0.3043 -0.7038 0.6419
vn 0.5491 -0.3834 0.7427
vn 0.7932 -0.4842 0.3694
vn 0.5765 -0.7720 0.2675
vn -0.7946 0.4064 0.4510
vn -0.8233 0.3339 0.4591
vn -0.5371 0.2731 0.7981
vn -0.5701 0.2233 0.7906
vn -0.3733 -0.1737 0.9113
vn -0.2194 0.0024 0.9756
vn 0.1847 -0.2119 0.9597
vn -0.0405 -0.4888 0.8714
vn 0.3403 0.2420 -0.9086
vn 0.1855 0.0465 -0.9816
vn -0.1830 0.2698 -0.9454
vn 0.0400 0.5418 -0.8396
vn -0.7284 0.4917 0.4771
vn -0.6176 0.1764 0.7665
vn 0.7186 -0.4336 -0.5437
vn 0.7712 -0.3790 -0.5115
vn 0.5250 -0.1864 -0.8304
vn 0.5813 -0.1053 -0.8068
vn -0.5281 0.8005 -0.2835
vn -0.7554 0.5270 -0.3895
vn -0.8568 0.5148 0.0306
vn -0.6935 0.7129 0.1040
vn 0.8701 -0.4861 -0.0816
vn 0.7206 -0.6744 -0.1608
vn -0.5159 0.4402 -0.7349
vn -0.2675 0.7397 -0.6175
vn 0.5003 -0.2605 -0.8257
vn 0.4937 -0.2946 -0.8182
vn 0.0776 -0.2272 -0.9708
vn 0.1071 -0.1369 -0.9848
vn 0.8010 -0.3278 -0.5009
vn -0.1365 0.1641 0.9769
vn 0.2945 0.0264 0.9553
vn -0.3010 0.0135 -0.9535
vn 0.6639 -0.1180 0.7384
vn -0.6499 0.1592 -0.7432
vn -0.8780 0.2727 -0.3934
vn 0.8959 -0.2437 0.3714
vn -0.9419 0.3342 0.0336
vn 0.9443 -0.3212 -0.0722
vn -0.0844 0.2232 0.9711
vn 0.3457 0.1176 0.9310
vn -0.3492 -0.1159 -0.9298
vn 0.7045 -0.0118 0.7096
vn -0.7052 0.0153 -0.7089
vn -0.9255 0.1418 -0.3511
vn 0.9257 -0.1417 0.3507
vn -0.9676 0.2403 0.0781
vn 0.9659 -0.2463 -0.0800
vn -0.8176 0.2917 0.4964
vn 0.8124 -0.3018 -0.4990
vn -0.5014 0.2855 0.8168
vn -0.6354 0.5465 0.5455
vn -0.4768 0.8379 0.2659
vn 0.6529 -0.4721 -0.5923
vn 0.5130 -0.7988 -0.3142
vn -0.6719 0.1459 0.7261
vn 0.6636 -0.0581 -0.7458
vn -0.5717 -0.2918 0.7668
vn 0.5494 0.3613 -0.7534
vn -0.3479 -0.6774 0.6482
vn 0.3343 0.7097 -0.6201
vn -0.0459 -0.9214 0.3859
vn 0.0579 0.9257 -0.3738
vn -0.2300 0.9713 -0.0599
vn 0.2642 -0.9638 0.0373
vn -0.2659 0.8379 0.4768
vn 0.0598 0.9713 0.2300
vn -0.0373 -0.9638 -0.2642
vn -0.3859 -0.9214 0.0459
vn 0.3738 0.9257 -0.0579
vn 0.6201 0.7097 -0.3343
vn -0.6482 -0.6774 0.3479
vn 0.7534 0.3613 -0.5494
vn -0.7668 -0.2919 0.5717
vn 0.7458 -0.0581 -0.6636
vn -0.7261 0.1459 0.6719
vn 0.5923 -0.4721 -0.6529
vn -0.5455 0.5465 0.6354
vn 0.3142 -0.7988 -0.5130
vn -0.6419 -0.7038 -0.3043
vn -0.2675 -0.7720 -0.5765
vn -0.3694 -0.4842 -0.7932
vn -0.7427 -0.3834 -0.5490
vn -0.4510 0.4064 0.7946
vn -0.7906 0.2233 0.5701
vn -0.7981 0.2731 0.5371
vn -0.4591 0.3339 0.8233
vn -0.9113 -0.1737 0.3733
vn -0.8714 -0.4888 0.0405
vn -0.9597 -0.2119 -0.1847
vn -0.9756 0.0024 0.2194
vn 0.9086 0.2420 -0.3403
vn 0.8396 0.5418 -0.0400
vn 0.9454 0.2698 0.1831
vn 0.9816 0.0465 -0.1855
vn -0.4771 0.4917 0.7284
vn -0.7665 0.1764 0.6176
vn 0.5437 -0.4336 -0.7186
vn 0.8068 -0.1053 -0.5813
vn 0.8304 -0.1864 -0.5250
vn 0.5114 -0.3790 -0.7712
vn 0.2835 0.8005 0.5281
vn -0.1040 0.7129 0.6935
vn -0.0306 0.5148 0.8568
vn 0.3895 0.5270 0.7554
vn 0.1608 -0.6744 -0.7206
vn 0.0816 -0.4861 -0.8701
vn 0.6175 0.7397 0.2675
vn 0.7349 0.4402 0.5159
vn 0.8257 -0.2605 -0.5003
vn 0.9848 -0.1369 -0.1071
vn 0.9708 -0.2272 -0.0776
vn 0.8182 -0.2946 -0.4937
vn 0.5009 -0.3278 -0.8010
vn -0.9769 0.1641 0.1365
vn -0.9553 0.0264 -0.2945
vn 0.9535 0.0135 0.3010
vn -0.7384 -0.1180 -0.6639
vn 0.7432 0.1592 0.6499
vn 0.3934 0.2727 0.8780
vn -0.3714 -0.2437 -0.8959
vn -0.0335 0.3342 0.9419
vn 0.0722 -0.3212 -0.9443
vn -0.9310 0.1176 -0.3457
vn -0.9711 0.2232 0.0844
vn 0.9298 -0.1159 0.3492
vn -0.7096 -0.0118 -0.7045
vn 0.7089 0.0153 0.7052
vn 0.3511 0.1418 0.9255
vn -0.3507 -0.1417 -0.9257
vn -0.0781 0.2403 0.9676
vn 0.0800 -0.2463 -0.9659
vn -0.4964 0.2917 0.8177
vn 0.4990 -0.3018 -0.8124
vn -0.8168 0.2855 0.5014
vn 0.6916 -0.0057 0.7222
vn 0.9202 -0.1329 0.3683
vn -0.6958 -0.0195 -0.7180
vn -0.9252 0.1087 -0.3635
vn 0.9696 -0.2371 -0.0599
vn -0.9746 0.2142 0.0657
vn 0.8257 -0.2975 -0.4793
vn -0.8295 0.2752 0.4859
vn 0.5141 -0.3008 -0.8033
vn -0.5167 0.2780 0.8098
vn 0.0997 -0.2463 -0.9641
vn -0.1019 0.2222 0.9697
vn -0.3315 -0.1458 -0.9321
vn 0.3286 0.1206 0.9367
vn 0.7180 -0.0195 0.6958
vn 0.9321 -0.1458 0.3315
vn -0.3682 -0.1329 -0.9202
vn -0.7222 -0.0057 -0.6916
vn 0.3635 0.1087 0.9252
vn 0.0599 -0.2371 -0.9696
vn -0.0657 0.2142 0.9746
vn 0.4793 -0.2975 -0.8257
vn -0.4859 0.2752 0.8295
vn 0.8033 -0.3008 -0.5141
vn -0.8098 0.2780 0.5167
vn 0.9641 -0.2463 -0.0997
vn -0.9697 0.2222 0.1019
vn -0.9367 0.1206 -0.3286
vn 0.6419 -0.7038 0.3044
vn 0.2675 -0.7720 0.5765
vn 0.3694 -0.4842 0.7932
vn 0.7427 -0.3834 0.5490
vn 0.4510 0.4064 -0.7946
vn 0.7906 0.2233 -0.5701
vn 0.7981 0.2731 -0.5371
vn 0.4591 0.3339 -0.8233
vn 0.9113 -0.1737 -0.3733
vn 0.8714 -0.4888 -0.0405
vn 0.9597 -0.2119 0.1847
vn 0.9756 0.0024 -0.2194
vn -0.9086 0.2420 0.3403
vn -0.8396 0.5418 0.0400
vn -0.9454 0.2698 -0.1831
vn -0.9816 0.0465 0.1855
vn 0.4771 0.4917 -0.7284
vn 0.7665 0.1764 -0.6176
vn -0.5437 -0.4336 0.7186
vn -0.8068 -0.1053 0.5813
vn -0.8304 -0.1864 0.5250
vn -0.5115 -0.3790 0.7712
vn -0.2835 0.8005 -0.5281
vn 0.1040 0.7129 -0.6935
vn 0.0306 0.5148 -0.8568
vn -0.3895 0.5270 -0.7554
vn -0.1608 -0.6744 0.7206
vn -0.0816 -0.4861 0.8701
vn -0.6175 0.7397 -0.2675
vn -0.7349 0.4402 -0.5159
vn -0.8257 -0.2605 0.5003
vn -0.9848 -0.1369 0.1071
vn -0.9708 -0.2272 0.0776
vn -0.8182 -0.2946 0.4937
vn -0.5009 -0.3278 0.8010
vn 0.9769 0.1641 -0.1365
vn 0.9553 0.0264 0.2945
vn -0.9535 0.0135 -0.3010
vn 0.7384 -0.1180 0.6639
vn -0.7432 0.1592 -0.6499
vn -0.3934 0.2727 -0.8780
vn 0.3714 -0.2437 0.8959
vn 0.0336 0.3342 -0.9419
vn -0.0722 -0.3212 0.9443
vn 0.9310 0.1176 0.3457
vn 0.9711 0.2232 -0.0844
vn -0.9298 -0.1159 -0.3492
vn 0.7096 -0.0118 0.7045
vn -0.7089 0.0153 -0.7052
vn -0.3511 0.1418 -0.9255
vn 0.3507 -0.1417 0.9257
vn 0.0781 0.2403 -0.9676
vn -0.0800 -0.2463 0.9659
vn 0.4964 0.2917 -0.8177
vn -0.4990 -0.3018 0.8124
vn 0.8168 0.2855 -0.5014
vn 0.2659 0.8378 -0.4768
vn 0.5455 0.5465 -0.6354
vn -0.3142 -0.7988 0.5130
vn -0.5923 -0.4721 0.6529
vn 0.7261 0.1459 -0.6719
vn -0.7458 -0.0581 0.6636
vn 0.7668 -0.2919 -0.5717
vn -0.7534 0.3613 0.5494
vn 0.6482 -0.6774 -0.3479
vn -0.6201 0.7097 0.3343
vn 0.3859 -0.9214 -0.0459
vn -0.3738 0.9257 0.0579
vn -0.0598 0.9713 -0.2300
vn 0.0373 -0.9638 0.2642
vn 0.2300 0.9713 0.0598
vn 0.4768 0.8378 -0.2659
vn 0.0459 -0.9214 -0.3858
vn -0.2642 -0.9638 -0.0372
vn -0.0579 0.9257 0.3738
vn -0.3343 0.7097 0.6201
vn 0.3479 -0.6774 -0.6482
vn -0.5494 0.3613 0.7534
vn 0.5717 -0.2918 -0.7668
vn -0.6636 -0.0581 0.7458
vn 0.6719 0.1459 -0.7261
vn -0.6529 -0.4721 0.5923
vn 0.6354 0.5465 -0.5455
vn -0.5130 -0.7988 0.3142
vn -0.3043 -0.7038 -0.6419
vn -0.5490 -0.3834 -0.7427
vn -0.7932 -0.4842 -0.3694
vn -0.5765 -0.7720 -0.2675
vn 0.7946 0.4064 -0.4510
vn 0.8233 0.3339 -0.4591
vn 0.5371 0.2731 -0.7981
vn 0.5701 0.2233 -0.7906
vn 0.3733 -0.1737 -0.9113
vn 0.2194 0.0024 -0.9756
vn -0.1847 -0.2119 -0.9597
vn 0.0405 -0.4888 -0.8714
vn -0.3403 0.2420 0.9086
vn -0.1855 0.0465 0.9816
vn 0.1830 0.2698 0.9454
vn -0.0400 0.5418 0.8396
vn 0.7284 0.4917 -0.4771
vn 0.6176 0.1764 -0.7665
vn -0.7186 -0.4336 0.5437
vn -0.7712 -0.3790 0.5114
vn -0.5250 -0.1864 0.8304
vn -0.5813 -0.1053 0.8068
vn 0.5281 0.8005 0.2835
vn 0.7554 0.5270 0.3895
vn 0.8568 0.5148 -0.0306
vn 0.6935 0.7129 -0.1040
vn -0.8701 -0.4861 0.0816
vn -0.7206 -0.6744 0.1608
vn 0.5159 0.4402 0.7349
vn 0.2675 0.7397 0.6175
vn -0.5003 -0.2605 0.8257
vn -0.4937 -0.2946 0.8182
vn -0.0776 -0.2272 0.9708
vn -0.1071 -0.1369 0.9848
vn -0.8010 -0.3278 0.5009
vn 0.1365 0.1641 -0.9769
vn -0.2945 0.0264 -0.9553
vn 0.3010 0.0135 0.9535
vn -0.6639 -0.1180 -0.7384
vn 0.6499 0.1592 0.7432
vn 0.8780 0.2727 0.3934
vn -0.8959 -0.2437 -0.3714
vn 0.9419 0.3342 -0.0336
vn -0.9443 -0.3212 0.0722
vn 0.0844 0.2232 -0.9711
vn -0.3457 0.1176 -0.9310
vn 0.3492 -0.1159 0.9298
vn -0.7045 -0.0118 -0.7096
vn 0.7052 0.0153 0.7089
vn 0.9255 0.1418 0.3511
vn -0.9257 -0.1417 -0.3507
vn 0.9676 0.2403 -0.0781
vn -0.9659 -0.2463 0.0800
vn 0.8176 0.2917 -0.4964
vn -0.8124 -0.3018 0.4990
vn 0.5014 0.2855 -0.8168
vn 0.3682 -0.1329 0.9202
vn 0.7222 -0.0057 0.6916
vn -0.3635 0.1087 -0.9252
vn -0.7180 -0.0195 -0.6958
vn -0.0599 -0.2371 0.9696
vn 0.0657 0.2142 -0.9746
vn -0.4793 -0.2975 0.8257
vn 0.4859 0.2752 -0.8296
vn -0.8033 -0.3008 0.5141
vn 0.8098 0.2780 -0.5167
vn -0.9641 -0.2463 0.0997
vn 0.9697 0.2222 -0.1019
vn -0.9321 -0.1458 -0.3315
vn 0.9367 0.1206 0.3286
vn 0.3315 -0.1458 0.9321
vn 0.6958 -0.0195 0.7180
vn -0.6916 -0.0057 -0.7222
vn -0.9202 -0.1329 -0.3682
vn 0.9252 0.1087 0.3635
vn -0.9696 -0.2371 0.0599
vn 0.9746 0.2142 -0.0657
vn -0.8257 -0.2975 0.4793
vn 0.8295 0.2752 -0.4859
vn -0.5140 -0.3008 0.8033
vn 0.5167 0.2780 -0.8098
vn -0.0997 -0.2463 0.9641
vn 0.1019 0.2222 -0.9697
vn -0.3286 0.1207 -0.9367
vn -0.3043 -0.7038 0.6419
vn -0.5765 -0.7720 0.2675
vn -0.7932 -0.4842 0.3694
vn -0.5491 -0.3834 0.7427
vn 0.7946 0.4064 0.4510
vn 0.5701 0.2233 0.7906
vn 0.5371 0.2731 0.7981
vn 0.8233 0.3339 0.4591
vn 0.3733 -0.1737 0.9113
vn 0.0405 -0.4888 0.8714
vn -0.1847 -0.2119 0.9597
vn 0.2194 0.0024 0.9756
vn -0.3403 0.2420 -0.9086
vn -0.0400 0.5418 -0.8396
vn 0.1830 0.2698 -0.9454
vn -0.1855 0.0465 -0.9816
vn 0.7284 0.4917 0.4771
vn 0.6176 0.1764 0.7665
vn -0.7186 -0.4336 -0.5437
vn -0.5813 -0.1053 -0.8068
vn -0.5250 -0.1864 -0.8304
vn -0.7712 -0.3790 -0.5115
vn 0.5281 0.8005 -0.2835
vn 0.6935 0.7129 0.1040
vn 0.8568 0.5148 0.0306
vn 0.7554 0.5270 -0.3895
vn -0.7206 -0.6744 -0.1608
vn -0.8701 -0.4861 -0.0816
vn 0.2675 0.7397 -0.6175
vn 0.5159 0.4402 -0.7349
vn -0.5003 -0.2605 -0.8257
vn -0.1071 -0.1369 -0.9848
vn -0.0776 -0.2271 -0.9708
vn -0.4937 -0.2946 -0.8182
vn -0.8010 -0.3278 -0.5009
vn 0.1365 0.1641 0.9769
vn -0.2945 0.0264 0.9553
vn 0.3010 0.0135 -0.9535
vn -0.6639 -0.1180 0.7384
vn 0.6499 0.1592 -0.7432
vn 0.8780 0.2727 -0.3934
vn -0.8959 -0.2437 0.3714
vn 0.9419 0.3342 0.0336
vn -0.9443 -0.3212 -0.0722
vn -0.3457 0.1176 0.9310
vn 0.0844 0.2232 0.9711
vn 0.3492 -0.1159 -0.9298
vn -0.7045 -0.0118 0.7096
vn 0.7052 0.0153 -0.7089
vn 0.9255 0.1418 -0.3511
vn -0.9257 -0.1417 0.3507
vn 0.9676 0.2403 0.0781
vn -0.9659 -0.2463 -0.0800
vn 0.8176 0.2917 0.4964
vn -0.8124 -0.3018 -0.4990
vn 0.5014 0.2855 0.8168
vn 0.4768 0.8378 0.2659
vn 0.6354 0.5465 0.5455
vn -0.5130 -0.7988 -0.3142
vn -0.6529 -0.4721 -0.5923
vn 0.6719 0.1459 0.7261
vn -0.6636 -0.0581 -0.7458
vn 0.5717 -0.2919 0.7668
vn -0.5494 0.3613 -0.7534
vn 0.3479 -0.6774 0.6482
vn -0.3343 0.7097 -0.6201
vn 0.0459 -0.9214 0.3859
vn -0.0579 0.9257 -0.3738
vn 0.2300 0.9713 -0.0599
vn -0.2642 -0.9638 0.0373
vn -0.0598 0.9713 0.2300
vn 0.2659 0.8379 0.4768
vn 0.3859 -0.9214 0.0459
vn 0.0373 -0.9638 -0.2642
vn -0.3738 0.9257 -0.0579
vn -0.6201 0.7097 -0.3343
vn 0.6482 -0.6774 0.3479
vn -0.7534 0.3613 -0.5494
vn 0.7668 -0.2919 0.5717
vn -0.7458 -0.0581 -0.6636
vn 0.7261 0.1459 0.6719
vn -0.5923 -0.4721 -0.6529
vn 0.5455 0.5465 0.6354
vn -0.3142 -0.7988 -0.5130
vn 0.6419 -0.7038 -0.3043
vn 0.7427 -0.3834 -0.5490
vn 0.3694 -0.4842 -0.7932
vn 0.2675 -0.7720 -0.5765
vn 0.4510 0.4064 0.7946
vn 0.4591 0.3339 0.8233
vn 0.7981 0.2731 0.5371
vn 0.7906 0.2233 0.5701
vn 0.9113 -0.1737 0.3733
vn 0.9756 0.0024 0.2194
vn 0.9597 -0.2119 -0.1847
vn 0.8714 -0.4888 0.0405
vn -0.9086 0.2420 -0.3403
vn -0.9816 0.0465 -0.1855
vn -0.9454 0.2698 0.1831
vn -0.8396 0.5418 -0.0400
vn 0.4771 0.4917 0.7284
vn 0.7665 0.1764 0.6176
vn -0.5437 -0.4336 -0.7186
vn -0.5114 -0.3790 -0.7712
vn -0.8304 -0.1864 -0.5250
vn -0.8068 -0.1053 -0.5813
vn -0.2835 0.8005 0.5281
vn -0.3895 0.5270 0.7554
vn 0.0306 0.5148 0.8568
vn 0.1040 0.7129 0.6935
vn -0.0816 -0.4861 -0.8701
vn -0.1608 -0.6744 -0.7206
vn -0.7349 0.4402 0.5159
vn -0.6175 0.7397 0.2675
vn -0.8257 -0.2605 -0.5003
vn -0.8182 -0.2946 -0.4937
vn -0.9708 -0.2272 -0.0776
vn -0.9848 -0.1369 -0.1071
vn -0.5009 -0.3278 -0.8010
vn 0.9769 0.1641 0.1365
vn 0.9553 0.0264 -0.2945
vn -0.9535 0.0135 0.3010
vn 0.7384 -0.1180 -0.6639
vn -0.7432 0.1592 0.6499
vn -0.3934 0.2727 0.8780
vn 0.3714 -0.2437 -0.8959
vn 0.0335 0.3342 0.9419
vn -0.0722 -0.3212 -0.9443
vn 0.9711 0.2232 0.0844
vn 0.9310 0.1176 -0.3457
vn -0.9298 -0.1159 0.3492
vn 0.7096 -0.0118 -0.7045
vn -0.7089 0.0153 0.7052
vn -0.3511 0.1418 0.9255
vn 0.3507 -0.1417 -0.9257
vn 0.0781 0.2403 0.9676
vn -0.0800 -0.2463 -0.9659
vn 0.4964 0.2917 0.8177
vn -0.4990 -0.3018 -0.8124
vn 0.8168 0.2855 0.5014
vn -0.9202 -0.1329 0.3683
vn -0.6916 -0.0057 0.7222
vn 0.9252 0.1087 -0.3635
vn 0.6958 -0.0195 -0.7180
vn -0.9696 -0.2371 -0.0599
vn 0.9746 0.2142 0.0657
vn -0.8257 -0.2975 -0.4793
vn 0.8295 0.2752 0.4859
vn -0.5141 -0.3008 -0.8033
vn 0.5167 0.2780 0.8098
vn -0.0997 -0.2463 -0.9641
vn 0.1019 0.2222 0.9697
vn 0.3315 -0.1458 -0.9321
vn -0.3286 0.1206 0.9367
vn -0.9321 -0.1458 0.3315
vn -0.7180 -0.0195 0.6958
vn 0.7222 -0.0057 -0.6916
vn 0.3683 -0.1329 -0.9202
vn -0.3635 0.1087 0.9252
vn -0.0599 -0.2371 -0.9696
vn 0.0657 0.2142 0.9746
vn -0.4793 -0.2975 -0.8257
vn 0.4859 0.2752 0.8295
vn -0.8033 -0.3008 -0.5141
vn 0.8098 0.2780 0.5167
vn -0.9641 -0.2463 -0.0997
vn 0.9697 0.2222 0.1019
vn 0.9367 0.1206 -0.3286
usemtl MI_Trim_01
s 1
f 1/1/1 2/2/2 4/3/3 3/4/4
f 3/4/4 4/3/3 6/5/5 5/6/6
f 5/6/6 6/5/5 8/7/7 7/8/8
f 7/8/8 8/7/7 10/9/9 9/10/10
f 9/10/10 10/9/9 12/11/11 11/12/12
f 11/12/12 12/11/11 14/13/13 13/14/14
f 13/14/14 14/13/13 16/15/15 15/16/16
f 15/16/16 16/15/15 18/17/17 17/18/18
f 17/18/18 18/17/17 20/19/19 19/20/20
f 19/20/20 20/19/19 22/21/21 21/22/22
f 21/22/22 22/21/21 24/23/23 23/24/24
f 23/24/24 24/23/23 26/25/25 25/26/26
f 25/26/26 26/25/25 28/27/27 27/28/28
f 27/28/28 28/27/27 30/29/29 29/30/30
f 29/30/30 30/29/29 32/31/31 31/32/32
f 31/32/32 32/31/31 34/33/33 33/34/34
f 33/34/34 34/33/33 36/35/35 35/36/36
f 35/36/36 36/35/35 38/37/37 37/38/38
f 37/38/38 38/37/37 40/39/39 39/40/40
f 39/40/40 40/39/39 42/41/41 41/42/42
f 41/42/42 42/41/41 44/43/43 43/44/44
f 43/44/44 44/43/43 46/45/45 45/46/46
f 45/46/46 46/45/45 48/47/47 47/48/48
f 47/48/48 48/47/47 50/49/49 49/50/50
f 49/50/50 50/49/49 52/51/51 51/52/52
f 51/52/52 52/51/51 54/53/53 53/54/54
f 53/54/54 54/53/53 56/55/55 55/56/56
f 55/56/56 56/55/55 58/57/57 57/58/58
f 57/58/58 58/57/57 60/59/59 59/60/60
f 59/60/60 60/59/59 62/61/61 61/62/62
f 61/62/62 62/61/61 64/63/63 63/64/64
f 764/65/65 766/66/66 159/67/66 158/68/65
f 33/34/34 35/36/36 1074/69/67 1073/70/68
f 88/71/69 87/72/70 119/73/70 120/74/69
f 74/75/71 73/76/72 105/77/72 106/78/71
f 100/79/73 99/80/73 227/81/73 228/82/73
f 113/83/73 112/84/73 240/85/73 241/86/73
f 75/87/74 74/75/71 106/78/71 107/88/74
f 89/89/75 88/71/69 120/74/69 121/90/75
f 76/91/76 75/87/74 107/88/74 108/92/76
f 90/93/77 89/94/75 121/95/75 122/96/77
f 77/97/78 76/91/76 108/92/76 109/98/78
f 91/99/79 90/93/77 122/96/77 123/100/79
f 78/101/80 77/97/78 109/98/78 110/102/80
f 92/103/81 91/99/79 123/100/79 124/104/81
f 79/105/82 78/101/80 110/102/80 111/106/82
f 65/107/83 66/108/84 98/109/84 97/110/83
f 93/111/85 92/103/81 124/104/81 125/112/85
f 80/113/86 79/105/82 111/106/82 112/114/86
f 67/115/87 65/107/83 97/110/83 99/116/87
f 94/117/88 93/111/85 125/112/85 126/118/88
f 81/119/68 80/113/86 112/114/86 113/120/68
f 68/121/89 67/115/87 99/116/87 100/122/89
f 95/123/90 94/117/88 126/118/88 127/124/90
f 82/125/67 81/119/68 113/120/68 114/126/67
f 69/127/91 68/121/89 100/122/89 101/128/91
f 96/129/92 95/123/90 127/124/90 128/130/92
f 83/131/93 82/125/67 114/126/67 115/132/93
f 70/133/94 69/127/91 101/128/91 102/134/94
f 66/108/84 96/129/92 128/130/92 98/109/84
f 84/135/95 83/131/93 115/132/93 116/136/95
f 71/137/96 70/133/94 102/134/94 103/138/96
f 85/139/97 84/135/95 116/136/95 117/140/97
f 72/141/98 71/137/96 103/138/96 104/142/98
f 86/143/99 85/139/97 117/140/97 118/144/99
f 73/76/72 72/141/98 104/142/98 105/77/72
f 87/72/70 86/143/99 118/144/99 119/73/70
f 722/145/100 724/146/101 138/147/101 137/148/100
f 748/149/102 750/150/103 151/151/103 150/152/102
f 738/153/104 740/154/105 146/155/105 145/156/104
f 756/157/106 758/158/107 155/159/107 154/160/106
f 712/161/108 714/162/109 133/163/109 132/164/108
f 730/165/110 732/166/111 142/167/111 141/168/110
f 746/169/112 748/149/102 150/152/102 149/170/112
f 766/66/66 768/171/113 160/172/113 159/67/66
f 720/173/114 722/145/100 137/148/100 136/174/114
f 740/154/105 742/175/115 147/176/115 146/155/105
f 758/158/107 760/177/116 156/178/116 155/159/107
f 714/162/109 716/179/117 134/180/117 133/163/109
f 732/166/111 734/181/118 143/182/118 142/167/111
f 750/150/103 752/183/119 152/184/119 151/151/103
f 724/146/101 726/185/120 139/186/120 138/147/101
f 742/175/115 744/187/121 148/188/121 147/176/115
f 760/177/116 762/189/122 157/190/122 156/178/116
f 716/179/117 718/191/123 135/192/123 134/180/117
f 734/181/118 736/193/124 144/194/124 143/182/118
f 752/183/119 754/195/125 153/196/125 152/184/119
f 768/171/113 705/197/126 129/198/126 160/172/113
f 59/60/60 61/62/62 1087/199/90 1086/200/88
f 726/185/120 728/201/127 140/202/127 139/186/120
f 744/187/121 746/169/112 149/170/112 148/188/121
f 762/189/122 764/65/65 158/68/65 157/190/122
f 718/191/123 720/173/114 136/174/114 135/192/123
f 736/193/124 738/153/104 145/156/104 144/194/124
f 754/195/125 756/157/106 154/160/106 153/196/125
f 710/203/128 712/161/108 132/164/108 131/204/128
f 728/201/127 730/165/110 141/168/110 140/202/127
f 5/6/6 7/8/8 1060/205/89 1059/206/87
f 31/32/32 33/34/34 1073/70/68 1072/207/86
f 57/58/58 59/60/60 1086/200/88 1085/208/85
f 3/4/4 5/6/6 1059/206/87 1058/209/83
f 29/30/30 31/32/32 1072/207/86 1071/210/82
f 55/56/56 57/58/58 1085/208/85 1084/211/81
f 1/1/1 3/4/4 1058/209/83 1057/212/84
f 27/28/28 29/30/30 1071/210/82 1070/213/80
f 53/54/54 55/56/56 1084/211/81 1083/214/79
f 25/26/26 27/28/28 1070/213/80 1069/215/78
f 51/52/52 53/54/54 1083/214/79 1082/216/77
f 23/24/24 25/26/26 1069/215/78 1068/217/76
f 49/50/50 51/52/52 1082/216/77 1081/218/75
f 708/219/129 710/203/128 131/204/128 130/220/129
f 21/22/22 23/24/24 1068/217/76 1067/221/74
f 47/48/48 49/50/50 1081/218/75 1080/222/69
f 193/223/130 194/224/130 195/225/130 196/226/130 197/227/130 198/228/130 199/229/130 200/230/130 201/231/130 217/232/130 218/233/130 219/234/130 220/235/130 221/236/130 222/237/130 223/238/130 224/239/130
f 217/232/130 201/231/130 202/240/130 203/241/130 204/242/130 205/243/130 206/244/130 207/245/130 208/246/130 209/247/130 210/248/130 211/249/130 212/250/130 213/251/130 214/252/130 215/253/130 216/254/130
f 243/255/131 242/256/132 274/257/132 275/258/131
f 256/259/133 255/260/134 287/261/134 288/262/133
f 127/263/73 126/264/73 254/265/73 255/266/73
f 114/267/73 113/83/73 241/86/73 242/268/73
f 101/269/73 100/79/73 228/82/73 229/270/73
f 128/271/73 127/263/73 255/266/73 256/272/73
f 115/273/73 114/267/73 242/268/73 243/274/73
f 102/275/73 101/269/73 229/270/73 230/276/73
f 98/277/73 128/271/73 256/272/73 226/278/73
f 116/279/73 115/273/73 243/274/73 244/280/73
f 103/281/73 102/275/73 230/276/73 231/282/73
f 117/283/73 116/279/73 244/280/73 245/284/73
f 104/285/73 103/281/73 231/282/73 232/286/73
f 118/287/73 117/283/73 245/284/73 246/288/73
f 105/289/73 104/285/73 232/286/73 233/290/73
f 119/291/73 118/287/73 246/288/73 247/292/73
f 106/293/73 105/289/73 233/290/73 234/294/73
f 120/295/73 119/291/73 247/292/73 248/296/73
f 107/297/73 106/293/73 234/294/73 235/298/73
f 121/299/73 120/295/73 248/296/73 249/300/73
f 108/301/73 107/297/73 235/298/73 236/302/73
f 122/303/73 121/299/73 249/300/73 250/304/73
f 109/305/73 108/301/73 236/302/73 237/306/73
f 123/307/73 122/303/73 250/304/73 251/308/73
f 110/309/73 109/305/73 237/306/73 238/310/73
f 124/311/73 123/307/73 251/308/73 252/312/73
f 111/313/73 110/309/73 238/310/73 239/314/73
f 97/315/73 98/277/73 226/278/73 225/316/73
f 125/317/73 124/311/73 252/312/73 253/318/73
f 112/84/73 111/313/73 239/314/73 240/85/73
f 99/80/73 97/315/73 225/316/73 227/81/73
f 126/264/73 125/317/73 253/318/73 254/265/73
f 267/319/73 266/320/73 298/321/73 299/322/73
f 280/323/73 279/324/73 311/325/73 312/326/73
f 230/327/135 229/328/136 261/329/136 262/330/135
f 226/331/137 256/259/133 288/262/133 258/332/137
f 244/333/138 243/255/131 275/258/131 276/334/138
f 231/335/139 230/327/135 262/330/135 263/336/139
f 245/337/140 244/333/138 276/334/138 277/338/140
f 232/339/141 231/335/139 263/336/139 264/340/141
f 246/341/142 245/337/140 277/338/140 278/342/142
f 233/343/143 232/339/141 264/340/141 265/344/143
f 247/345/144 246/341/142 278/342/142 279/346/144
f 234/347/145 233/343/143 265/344/143 266/348/145
f 248/349/146 247/345/144 279/346/144 280/350/146
f 235/351/147 234/347/145 266/348/145 267/352/147
f 249/353/148 248/349/146 280/350/146 281/354/148
f 236/355/149 235/351/147 267/352/147 268/356/149
f 250/357/150 249/358/148 281/359/148 282/360/150
f 237/361/151 236/355/149 268/356/149 269/362/151
f 251/363/152 250/357/150 282/360/150 283/364/152
f 238/365/153 237/361/151 269/362/151 270/366/153
f 252/367/154 251/363/152 283/364/152 284/368/154
f 239/369/155 238/365/153 270/366/153 271/370/155
f 225/371/156 226/331/137 258/332/137 257/372/156
f 253/373/157 252/367/154 284/368/154 285/374/157
f 240/375/158 239/369/155 271/370/155 272/376/158
f 227/377/159 225/371/156 257/372/156 259/378/159
f 254/379/160 253/373/157 285/374/157 286/380/160
f 241/381/161 240/375/158 272/376/158 273/382/161
f 228/383/162 227/377/159 259/378/159 260/384/162
f 255/260/134 254/379/160 286/380/160 287/261/134
f 242/256/132 241/381/161 273/382/161 274/257/132
f 229/328/136 228/383/162 260/384/162 261/329/136
f 281/385/73 280/323/73 312/326/73 313/386/73
f 268/387/73 267/319/73 299/322/73 300/388/73
f 282/389/73 281/385/73 313/386/73 314/390/73
f 269/391/73 268/387/73 300/388/73 301/392/73
f 283/393/73 282/389/73 314/390/73 315/394/73
f 270/395/73 269/391/73 301/392/73 302/396/73
f 284/397/73 283/393/73 315/394/73 316/398/73
f 271/399/73 270/395/73 302/396/73 303/400/73
f 257/401/73 258/402/73 290/403/73 289/404/73
f 285/405/73 284/397/73 316/398/73 317/406/73
f 272/407/73 271/399/73 303/400/73 304/408/73
f 259/409/73 257/401/73 289/404/73 291/410/73
f 286/411/73 285/405/73 317/406/73 318/412/73
f 273/413/73 272/407/73 304/408/73 305/414/73
f 260/415/73 259/409/73 291/410/73 292/416/73
f 287/417/73 286/411/73 318/412/73 319/418/73
f 274/419/73 273/413/73 305/414/73 306/420/73
f 261/421/73 260/415/73 292/416/73 293/422/73
f 288/423/73 287/417/73 319/418/73 320/424/73
f 275/425/73 274/419/73 306/420/73 307/426/73
f 262/427/73 261/421/73 293/422/73 294/428/73
f 258/402/73 288/423/73 320/424/73 290/403/73
f 276/429/73 275/425/73 307/426/73 308/430/73
f 263/431/73 262/427/73 294/428/73 295/432/73
f 277/433/73 276/429/73 308/430/73 309/434/73
f 264/435/73 263/431/73 295/432/73 296/436/73
f 278/437/73 277/433/73 309/434/73 310/438/73
f 265/439/73 264/435/73 296/436/73 297/440/73
f 279/324/73 278/437/73 310/438/73 311/325/73
f 266/320/73 265/439/73 297/440/73 298/321/73
f 63/64/64 64/63/63 2/441/2 1/442/1
f 321/443/72 333/444/98 334/445/163 322/446/164
f 322/446/164 334/445/163 335/447/165 323/448/166
f 323/448/167 335/447/168 336/449/168 324/450/167
f 324/450/169 336/449/170 337/451/170 325/452/169
f 325/452/171 337/451/172 338/453/173 326/454/174
f 326/454/174 338/453/173 339/455/69 327/456/75
f 327/456/75 339/455/69 340/457/175 328/458/176
f 328/459/176 340/460/175 341/461/177 329/462/178
f 329/462/179 341/461/180 342/463/180 330/464/179
f 330/464/181 342/463/182 343/465/182 331/466/181
f 331/466/183 343/465/184 344/467/185 332/468/186
f 332/468/186 344/467/185 333/444/98 321/443/72
f 333/444/98 345/469/96 346/470/187 334/445/163
f 334/445/163 346/470/187 347/471/188 335/447/165
f 335/447/168 347/471/189 348/472/189 336/449/168
f 336/449/170 348/472/190 349/473/190 337/451/170
f 337/451/172 349/473/191 350/474/192 338/453/173
f 338/453/173 350/474/192 351/475/70 339/455/69
f 339/455/69 351/475/70 352/476/193 340/457/175
f 340/460/175 352/477/193 353/478/194 341/461/177
f 341/461/180 353/478/195 354/479/195 342/463/180
f 342/463/182 354/479/196 355/480/196 343/465/182
f 343/465/184 355/480/197 356/481/198 344/467/185
f 344/467/185 356/481/198 345/469/96 333/444/98
f 345/469/96 357/482/94 358/483/199 346/470/187
f 346/470/187 358/483/199 359/484/200 347/471/188
f 347/471/189 359/484/201 360/485/201 348/472/189
f 348/472/190 360/485/202 361/486/202 349/473/190
f 349/473/191 361/486/203 362/487/204 350/474/192
f 350/474/192 362/487/204 363/488/99 351/475/70
f 351/475/70 363/488/99 364/489/205 352/476/193
f 352/477/193 364/490/205 365/491/206 353/478/194
f 353/478/195 365/491/207 366/492/207 354/479/195
f 354/479/196 366/492/208 367/493/208 355/480/196
f 355/480/197 367/493/209 368/494/210 356/481/198
f 356/481/198 368/494/210 357/482/94 345/469/96
f 357/482/94 369/495/91 370/496/211 358/483/199
f 358/483/199 370/496/211 371/497/212 359/484/200
f 359/484/201 371/497/213 372/498/213 360/485/201
f 360/485/202 372/498/214 373/499/214 361/486/202
f 361/486/203 373/499/215 374/500/216 362/487/204
f 362/487/204 374/500/216 375/501/97 363/488/99
f 363/488/99 375/501/97 376/502/217 364/489/205
f 364/490/205 376/503/217 377/504/218 365/491/206
f 365/491/207 377/504/219 378/505/219 366/492/207
f 366/492/208 378/505/220 379/506/220 367/493/208
f 367/493/209 379/506/221 380/507/222 368/494/210
f 368/494/210 380/507/222 369/495/91 357/482/94
f 369/495/91 381/508/89 382/509/223 370/496/211
f 370/496/211 382/509/223 383/510/224 371/497/212
f 371/497/213 383/510/225 384/511/225 372/498/213
f 372/498/214 384/511/226 385/512/226 373/499/214
f 373/499/215 385/512/227 386/513/228 374/500/216
f 374/500/216 386/513/228 387/514/95 375/501/97
f 375/501/97 387/514/95 388/515/229 376/502/217
f 376/503/217 388/516/229 389/517/230 377/504/218
f 377/504/219 389/517/231 390/518/231 378/505/219
f 378/505/220 390/518/232 391/519/232 379/506/220
f 379/506/221 391/519/233 392/520/234 380/507/222
f 380/507/222 392/520/234 381/508/89 369/495/91
f 381/508/89 393/521/235 394/522/236 382/509/223
f 382/509/223 394/522/236 395/523/237 383/510/224
f 383/510/225 395/523/237 396/524/238 384/511/225
f 384/511/226 396/524/238 397/525/239 385/512/226
f 385/512/227 397/525/239 398/526/240 386/513/228
f 386/513/228 398/526/240 399/527/241 387/514/95
f 387/514/95 399/527/241 400/528/242 388/515/229
f 388/516/229 400/529/242 401/530/243 389/517/230
f 389/517/231 401/530/243 402/531/244 390/518/231
f 390/518/232 402/531/244 403/532/245 391/519/232
f 391/519/233 403/532/245 404/533/246 392/520/234
f 392/520/234 404/533/246 393/521/235 381/508/89
f 393/521/235 405/534/247 406/535/248 394/522/236
f 394/522/236 406/535/248 407/536/249 395/523/237
f 395/523/237 407/536/249 408/537/250 396/524/238
f 396/524/238 408/537/250 409/538/251 397/525/239
f 397/525/239 409/538/251 410/539/252 398/526/240
f 398/526/240 410/539/252 411/540/253 399/527/241
f 399/527/241 411/540/253 412/541/254 400/528/242
f 400/529/242 412/542/254 413/543/255 401/530/243
f 401/530/243 413/543/255 414/544/256 402/531/244
f 402/531/244 414/544/256 415/545/257 403/532/245
f 403/532/245 415/545/257 416/546/258 404/533/246
f 404/533/246 416/546/258 405/534/247 393/521/235
f 405/534/247 417/547/84 418/548/259 406/535/248
f 406/535/248 418/548/259 419/549/260 407/536/249
f 407/536/249 419/549/261 420/550/261 408/537/250
f 408/537/250 420/550/262 421/551/262 409/538/251
f 409/538/251 421/551/263 422/552/264 410/539/252
f 410/539/252 422/552/264 423/553/68 411/540/253
f 411/540/253 423/553/68 424/554/265 412/541/254
f 412/542/254 424/555/265 425/556/266 413/543/255
f 413/543/255 425/556/267 426/557/267 414/544/256
f 414/544/256 426/557/268 427/558/268 415/545/257
f 415/545/257 427/558/269 428/559/270 416/546/258
f 416/546/258 428/559/270 417/547/84 405/534/247
f 417/547/84 429/560/271 430/561/272 418/548/259
f 418/548/259 430/561/272 431/562/273 419/549/260
f 419/549/261 431/562/273 432/563/274 420/550/261
f 420/550/262 432/563/274 433/564/275 421/551/262
f 421/551/263 433/564/275 434/565/276 422/552/264
f 422/552/264 434/565/276 435/566/277 423/553/68
f 423/553/68 435/566/277 436/567/278 424/554/265
f 424/555/265 436/568/278 437/569/279 425/556/266
f 425/556/267 437/569/279 438/570/280 426/557/267
f 426/557/268 438/570/280 439/571/281 427/558/268
f 427/558/269 439/571/281 440/572/282 428/559/270
f 428/559/270 440/572/282 429/560/271 417/547/84
f 429/560/271 441/573/283 442/574/284 430/561/272
f 430/561/272 442/574/284 443/575/285 431/562/273
f 431/562/273 443/575/285 444/576/286 432/563/274
f 432/563/274 444/576/286 445/577/287 433/564/275
f 433/564/275 445/577/287 446/578/288 434/565/276
f 434/565/276 446/578/288 447/579/289 435/566/277
f 435/566/277 447/579/289 448/580/290 436/567/278
f 436/568/278 448/581/290 449/582/291 437/569/279
f 437/569/279 449/582/291 450/583/292 438/570/280
f 438/570/280 450/583/292 451/584/293 439/571/281
f 439/571/281 451/584/293 452/585/294 440/572/282
f 440/572/282 452/585/294 441/573/283 429/560/271
f 441/573/283 453/586/88 454/587/295 442/574/284
f 442/574/284 454/587/295 455/588/296 443/575/285
f 443/575/285 455/588/297 456/589/297 444/576/286
f 444/576/286 456/589/298 457/590/298 445/577/287
f 445/577/287 457/590/299 458/591/300 446/578/288
f 446/578/288 458/591/300 459/592/80 447/579/289
f 447/579/289 459/592/80 460/593/301 448/580/290
f 448/581/290 460/594/301 461/595/302 449/582/291
f 449/582/291 461/595/303 462/596/303 450/583/292
f 450/583/292 462/596/304 463/597/304 451/584/293
f 451/584/293 463/597/305 464/598/306 452/585/294
f 452/585/294 464/598/306 453/586/88 441/573/283
f 453/586/88 465/599/85 466/600/307 454/587/295
f 454/587/295 466/600/307 467/601/308 455/588/296
f 455/588/297 467/601/309 468/602/309 456/589/297
f 456/589/298 468/602/310 469/603/310 457/590/298
f 457/590/299 469/603/311 470/604/312 458/591/300
f 458/591/300 470/604/312 471/605/78 459/592/80
f 459/592/80 471/605/78 472/606/313 460/593/301
f 460/594/301 472/607/313 473/608/314 461/595/302
f 461/595/303 473/608/315 474/609/315 462/596/303
f 462/596/304 474/609/316 475/610/316 463/597/304
f 463/597/305 475/610/317 476/611/318 464/598/306
f 464/598/306 476/611/318 465/599/85 453/586/88
f 465/599/85 477/612/81 478/613/319 466/600/307
f 466/600/307 478/613/319 479/614/320 467/601/308
f 467/601/309 479/614/321 480/615/321 468/602/309
f 468/602/310 480/615/322 481/616/322 469/603/310
f 469/603/311 481/616/323 482/617/324 470/604/312
f 470/604/312 482/617/324 483/618/76 471/605/78
f 471/605/78 483/618/76 484/619/325 472/606/313
f 472/607/313 484/620/325 485/621/326 473/608/314
f 473/608/315 485/621/327 486/622/327 474/609/315
f 474/609/316 486/622/328 487/623/328 475/610/316
f 475/610/317 487/623/329 488/624/330 476/611/318
f 476/611/318 488/624/330 477/612/81 465/599/85
f 477/625/81 489/626/79 490/627/331 478/628/319
f 478/628/319 490/627/331 491/629/332 479/630/320
f 479/630/321 491/629/333 492/631/333 480/632/321
f 480/632/322 492/631/334 493/633/334 481/634/322
f 481/634/323 493/633/335 494/635/336 482/636/324
f 482/636/324 494/635/336 495/637/74 483/638/76
f 483/638/76 495/637/74 496/639/337 484/640/325
f 484/641/325 496/642/337 497/643/338 485/644/326
f 485/644/327 497/643/339 498/645/339 486/646/327
f 486/646/328 498/645/340 499/647/340 487/648/328
f 487/648/329 499/647/341 500/649/342 488/650/330
f 488/650/330 500/649/342 489/626/79 477/625/81
f 489/626/79 501/651/77 502/652/343 490/627/331
f 490/627/331 502/652/343 503/653/344 491/629/332
f 491/629/333 503/653/345 504/654/345 492/631/333
f 492/631/334 504/654/346 505/655/346 493/633/334
f 493/633/335 505/655/347 506/656/348 494/635/336
f 494/635/336 506/656/348 507/657/71 495/637/74
f 495/637/74 507/657/71 508/658/349 496/639/337
f 496/642/337 508/659/349 509/660/350 497/643/338
f 497/643/339 509/660/351 510/661/351 498/645/339
f 498/645/340 510/661/352 511/662/352 499/647/340
f 499/647/341 511/662/353 512/663/354 500/649/342
f 500/649/342 512/663/354 501/651/77 489/626/79
f 501/651/77 513/664/75 514/665/355 502/652/343
f 502/652/343 514/665/355 515/666/171 503/653/344
f 503/653/345 515/666/169 516/667/169 504/654/345
f 504/654/346 516/667/167 517/668/167 505/655/346
f 505/655/347 517/668/166 518/669/356 506/656/348
f 506/656/348 518/669/356 519/670/72 507/657/71
f 507/657/71 519/670/72 520/671/357 508/658/349
f 508/659/349 520/672/357 521/673/183 509/660/350
f 509/660/351 521/673/181 522/674/181 510/661/351
f 510/661/352 522/674/179 523/675/179 511/662/352
f 511/662/353 523/675/178 524/676/358 512/663/354
f 512/663/354 524/676/358 513/664/75 501/651/77
f 513/664/75 525/677/69 526/678/359 514/665/355
f 514/665/355 526/678/359 527/679/172 515/666/171
f 515/666/169 527/679/170 528/680/170 516/667/169
f 516/667/167 528/680/168 529/681/168 517/668/167
f 517/668/166 529/681/165 530/682/360 518/669/356
f 518/669/356 530/682/360 531/683/98 519/670/72
f 519/670/72 531/683/98 532/684/361 520/671/357
f 520/672/357 532/685/361 533/686/184 521/673/183
f 521/673/181 533/686/182 534/687/182 522/674/181
f 522/674/179 534/687/180 535/688/180 523/675/179
f 523/675/178 535/688/177 536/689/362 524/676/358
f 524/676/358 536/689/362 525/677/69 513/664/75
f 525/677/69 537/690/70 538/691/363 526/678/359
f 526/678/359 538/691/363 539/692/191 527/679/172
f 527/679/170 539/692/190 540/693/190 528/680/170
f 528/680/168 540/693/189 541/694/189 529/681/168
f 529/681/165 541/694/188 542/695/364 530/682/360
f 530/682/360 542/695/364 543/696/96 531/683/98
f 531/683/98 543/696/96 544/697/365 532/684/361
f 532/685/361 544/698/365 545/699/197 533/686/184
f 533/686/182 545/699/196 546/700/196 534/687/182
f 534/687/180 546/700/195 547/701/195 535/688/180
f 535/688/177 547/701/194 548/702/366 536/689/362
f 536/689/362 548/702/366 537/690/70 525/677/69
f 537/690/70 549/703/99 550/704/367 538/691/363
f 538/691/363 550/704/367 551/705/203 539/692/191
f 539/692/190 551/705/202 552/706/202 540/693/190
f 540/693/189 552/706/201 553/707/201 541/694/189
f 541/694/188 553/707/200 554/708/368 542/695/364
f 542/695/364 554/708/368 555/709/94 543/696/96
f 543/696/96 555/709/94 556/710/369 544/697/365
f 544/698/365 556/711/369 557/712/209 545/699/197
f 545/699/196 557/712/208 558/713/208 546/700/196
f 546/700/195 558/713/207 559/714/207 547/701/195
f 547/701/194 559/714/206 560/715/370 548/702/366
f 548/702/366 560/715/370 549/703/99 537/690/70
f 549/703/99 561/716/97 562/717/371 550/704/367
f 550/704/367 562/717/371 563/718/215 551/705/203
f 551/705/202 563/718/214 564/719/214 552/706/202
f 552/706/201 564/719/213 565/720/213 553/707/201
f 553/707/200 565/720/212 566/721/372 554/708/368
f 554/708/368 566/721/372 567/722/91 555/709/94
f 555/709/94 567/722/91 568/723/373 556/710/369
f 556/711/369 568/724/373 569/725/221 557/712/209
f 557/712/208 569/725/220 570/726/220 558/713/208
f 558/713/207 570/726/219 571/727/219 559/714/207
f 559/714/206 571/727/218 572/728/374 560/715/370
f 560/715/370 572/728/374 561/716/97 549/703/99
f 561/716/97 573/729/95 574/730/375 562/717/371
f 562/717/371 574/730/375 575/731/227 563/718/215
f 563/718/214 575/731/226 576/732/226 564/719/214
f 564/719/213 576/732/225 577/733/225 565/720/213
f 565/720/212 577/733/224 578/734/376 566/721/372
f 566/721/372 578/734/376 579/735/89 567/722/91
f 567/722/91 579/735/89 580/736/377 568/723/373
f 568/724/373 580/737/377 581/738/233 569/725/221
f 569/725/220 581/738/232 582/739/232 570/726/220
f 570/726/219 582/739/231 583/740/231 571/727/219
f 571/727/218 583/740/230 584/741/378 572/728/374
f 572/728/374 584/741/378 573/729/95 561/716/97
f 573/729/95 585/742/379 586/743/380 574/730/375
f 574/730/375 586/743/380 587/744/381 575/731/227
f 575/731/226 587/744/381 588/745/382 576/732/226
f 576/732/225 588/745/382 589/746/383 577/733/225
f 577/733/224 589/746/383 590/747/384 578/734/376
f 578/734/376 590/747/384 591/748/385 579/735/89
f 579/735/89 591/748/385 592/749/386 580/736/377
f 580/737/377 592/750/386 593/751/387 581/738/233
f 581/738/232 593/751/387 594/752/388 582/739/232
f 582/739/231 594/752/388 595/753/389 583/740/231
f 583/740/230 595/753/389 596/754/390 584/741/378
f 584/741/378 596/754/390 585/742/379 573/729/95
f 585/742/379 597/755/391 598/756/392 586/743/380
f 586/743/380 598/756/392 599/757/393 587/744/381
f 587/744/381 599/757/393 600/758/394 588/745/382
f 588/745/382 600/758/394 601/759/395 589/746/383
f 589/746/383 601/759/395 602/760/396 590/747/384
f 590/747/384 602/760/396 603/761/397 591/748/385
f 591/748/385 603/761/397 604/762/398 592/749/386
f 592/750/386 604/763/398 605/764/399 593/751/387
f 593/751/387 605/764/399 606/765/400 594/752/388
f 594/752/388 606/765/400 607/766/401 595/753/389
f 595/753/389 607/766/401 608/767/402 596/754/390
f 596/754/390 608/767/402 597/755/391 585/742/379
f 597/755/391 609/768/68 610/769/403 598/756/392
f 598/756/392 610/769/403 611/770/263 599/757/393
f 599/757/393 611/770/262 612/771/262 600/758/394
f 600/758/394 612/771/261 613/772/261 601/759/395
f 601/759/395 613/772/260 614/773/404 602/760/396
f 602/760/396 614/773/404 615/774/84 603/761/397
f 603/761/397 615/774/84 616/775/405 604/762/398
f 604/763/398 616/776/405 617/777/269 605/764/399
f 605/764/399 617/777/268 618/778/268 606/765/400
f 606/765/400 618/778/267 619/779/267 607/766/401
f 607/766/401 619/779/266 620/780/406 608/767/402
f 608/767/402 620/780/406 609/768/68 597/755/391
f 609/768/68 621/781/407 622/782/408 610/769/403
f 610/769/403 622/782/408 623/783/409 611/770/263
f 611/770/262 623/783/409 624/784/410 612/771/262
f 612/771/261 624/784/410 625/785/411 613/772/261
f 613/772/260 625/785/411 626/786/412 614/773/404
f 614/773/404 626/786/412 627/787/413 615/774/84
f 615/774/84 627/787/413 628/788/414 616/775/405
f 616/776/405 628/789/414 629/790/415 617/777/269
f 617/777/268 629/790/415 630/791/416 618/778/268
f 618/778/267 630/791/416 631/792/417 619/779/267
f 619/779/266 631/792/417 632/793/418 620/780/406
f 620/780/406 632/793/418 621/781/407 609/768/68
f 621/781/407 633/794/419 634/795/420 622/782/408
f 622/782/408 634/795/420 635/796/421 623/783/409
f 623/783/409 635/796/421 636/797/422 624/784/410
f 624/784/410 636/797/422 637/798/423 625/785/411
f 625/785/411 637/798/423 638/799/424 626/786/412
f 626/786/412 638/799/424 639/800/425 627/787/413
f 627/787/413 639/800/425 640/801/426 628/788/414
f 628/789/414 640/802/426 641/803/427 629/790/415
f 629/790/415 641/803/427 642/804/428 630/791/416
f 630/791/416 642/804/428 643/805/429 631/792/417
f 631/792/417 643/805/429 644/806/430 632/793/418
f 632/793/418 644/806/430 633/794/419 621/781/407
f 633/794/419 645/807/80 646/808/431 634/795/420
f 634/795/420 646/808/431 647/809/299 635/796/421
f 635/796/421 647/809/298 648/810/298 636/797/422
f 636/797/422 648/810/297 649/811/297 637/798/423
f 637/798/423 649/811/296 650/812/432 638/799/424
f 638/799/424 650/812/432 651/813/88 639/800/425
f 639/800/425 651/813/88 652/814/433 640/801/426
f 640/802/426 652/815/433 653/816/305 641/803/427
f 641/803/427 653/816/304 654/817/304 642/804/428
f 642/804/428 654/817/303 655/818/303 643/805/429
f 643/805/429 655/818/302 656/819/434 644/806/430
f 644/806/430 656/819/434 645/807/80 633/794/419
f 645/807/80 657/820/78 658/821/435 646/808/431
f 646/808/431 658/821/435 659/822/311 647/809/299
f 647/809/298 659/822/310 660/823/310 648/810/298
f 648/810/297 660/823/309 661/824/309 649/811/297
f 649/811/296 661/824/308 662/825/436 650/812/432
f 650/812/432 662/825/436 663/826/85 651/813/88
f 651/813/88 663/826/85 664/827/437 652/814/433
f 652/815/433 664/828/437 665/829/317 653/816/305
f 653/816/304 665/829/316 666/830/316 654/817/304
f 654/817/303 666/830/315 667/831/315 655/818/303
f 655/818/302 667/831/314 668/832/438 656/819/434
f 656/819/434 668/832/438 657/820/78 645/807/80
f 657/820/78 669/833/76 670/834/439 658/821/435
f 658/821/435 670/834/439 671/835/323 659/822/311
f 659/822/310 671/835/322 672/836/322 660/823/310
f 660/823/309 672/836/321 673/837/321 661/824/309
f 661/824/308 673/837/320 674/838/440 662/825/436
f 662/825/436 674/838/440 675/839/81 663/826/85
f 663/826/85 675/839/81 676/840/441 664/827/437
f 664/828/437 676/841/441 677/842/329 665/829/317
f 665/829/316 677/842/328 678/843/328 666/830/316
f 666/830/315 678/843/327 679/844/327 667/831/315
f 667/831/314 679/844/326 680/845/442 668/832/438
f 668/832/438 680/845/442 669/833/76 657/820/78
f 669/833/76 681/846/74 682/847/443 670/834/439
f 670/834/439 682/847/443 683/848/335 671/835/323
f 671/835/322 683/848/334 684/849/334 672/836/322
f 672/836/321 684/849/333 685/850/333 673/837/321
f 673/837/320 685/850/332 686/851/444 674/838/440
f 674/838/440 686/851/444 687/852/79 675/839/81
f 675/839/81 687/852/79 688/853/445 676/840/441
f 676/841/441 688/854/445 689/855/341 677/842/329
f 677/842/328 689/855/340 690/856/340 678/843/328
f 678/843/327 690/856/339 691/857/339 679/844/327
f 679/844/326 691/857/338 692/858/446 680/845/442
f 680/845/442 692/858/446 681/846/74 669/833/76
f 681/846/74 693/859/71 694/860/447 682/847/443
f 682/847/443 694/860/447 695/861/347 683/848/335
f 683/848/334 695/861/346 696/862/346 684/849/334
f 684/849/333 696/862/345 697/863/345 685/850/333
f 685/850/332 697/863/448 698/864/449 686/851/444
f 686/851/444 698/864/449 699/865/77 687/852/79
f 687/852/79 699/865/77 700/866/450 688/853/445
f 688/854/445 700/867/450 701/868/353 689/855/341
f 689/855/340 701/868/352 702/869/352 690/856/340
f 690/856/339 702/869/351 703/870/351 691/857/339
f 691/857/338 703/870/350 704/871/451 692/858/446
f 692/858/446 704/871/451 693/859/71 681/846/74
f 693/859/71 321/443/72 322/446/164 694/860/447
f 694/860/447 322/446/164 323/448/166 695/861/347
f 695/861/346 323/448/167 324/450/167 696/862/346
f 696/862/345 324/450/169 325/452/169 697/863/345
f 697/863/448 325/452/171 326/454/174 698/864/449
f 698/864/449 326/454/174 327/456/75 699/865/77
f 699/865/77 327/456/75 328/458/176 700/866/450
f 700/867/450 328/459/176 329/462/178 701/868/353
f 701/868/352 329/462/179 330/464/179 702/869/352
f 702/869/351 330/464/181 331/466/181 703/870/351
f 703/870/350 331/466/183 332/468/186 704/871/451
f 704/871/451 332/468/186 321/443/72 693/859/71
f 705/872/126 708/219/129 130/220/129 129/873/126
f 769/874/452 771/875/453 772/876/454 770/877/455
f 771/875/453 773/878/456 774/879/457 772/876/454
f 773/878/456 775/880/458 776/881/459 774/879/457
f 775/880/458 777/882/460 778/883/461 776/881/459
f 777/882/460 779/884/462 780/885/463 778/883/461
f 779/884/462 781/886/464 782/887/465 780/885/463
f 781/886/464 783/888/466 784/889/467 782/887/465
f 783/888/466 785/890/468 786/891/469 784/889/467
f 785/890/468 787/892/470 788/893/471 786/891/469
f 787/892/470 789/894/472 790/895/473 788/893/471
f 789/894/472 791/896/474 792/897/475 790/895/473
f 791/896/474 793/898/476 794/899/477 792/897/475
f 793/898/476 795/900/478 796/901/479 794/899/477
f 795/900/478 797/902/480 798/903/481 796/901/479
f 797/902/480 799/904/482 800/905/483 798/903/481
f 799/904/482 801/906/484 802/907/485 800/905/483
f 801/906/484 803/908/486 804/909/487 802/907/485
f 803/908/486 805/910/488 806/911/489 804/909/487
f 805/910/488 807/912/490 808/913/491 806/911/489
f 807/912/490 809/914/492 810/915/493 808/913/491
f 809/914/492 811/916/494 812/917/495 810/915/493
f 811/916/494 813/918/496 814/919/497 812/917/495
f 813/918/496 815/920/498 816/921/499 814/919/497
f 815/920/498 817/922/500 818/923/501 816/921/499
f 817/922/500 819/924/502 820/925/503 818/923/501
f 819/924/502 821/926/504 822/927/505 820/925/503
f 821/926/504 823/928/506 824/929/507 822/927/505
f 823/928/506 825/930/508 826/931/509 824/929/507
f 825/930/508 827/932/510 828/933/511 826/931/509
f 827/932/510 829/934/512 830/935/513 828/933/511
f 829/934/512 831/936/514 832/937/515 830/935/513
f 868/938/130 932/939/130 931/940/130 867/941/130
f 881/942/130 945/943/130 944/944/130 880/945/130
f 947/946/516 979/947/516 978/948/517 946/949/517
f 960/950/518 992/951/518 991/952/519 959/953/519
f 895/954/130 959/955/130 958/956/130 894/957/130
f 882/958/130 946/959/130 945/943/130 881/942/130
f 869/960/130 933/961/130 932/939/130 868/938/130
f 896/962/130 960/963/130 959/955/130 895/954/130
f 883/964/130 947/965/130 946/959/130 882/958/130
f 870/966/130 934/967/130 933/961/130 869/960/130
f 866/968/130 930/969/130 960/963/130 896/962/130
f 884/970/130 948/971/130 947/965/130 883/964/130
f 871/972/130 935/973/130 934/967/130 870/966/130
f 885/974/130 949/975/130 948/971/130 884/970/130
f 872/976/130 936/977/130 935/973/130 871/972/130
f 886/978/130 950/979/130 949/975/130 885/974/130
f 873/980/130 937/981/130 936/977/130 872/976/130
f 887/982/130 951/983/130 950/979/130 886/978/130
f 874/984/130 938/985/130 937/981/130 873/980/130
f 888/986/130 952/987/130 951/983/130 887/982/130
f 875/988/130 939/989/130 938/985/130 874/984/130
f 889/990/130 953/991/130 952/987/130 888/986/130
f 876/992/130 940/993/130 939/989/130 875/988/130
f 890/994/130 954/995/130 953/991/130 889/990/130
f 877/996/130 941/997/130 940/993/130 876/992/130
f 891/998/130 955/999/130 954/995/130 890/994/130
f 878/1000/130 942/1001/130 941/997/130 877/996/130
f 892/1002/130 956/1003/130 955/999/130 891/998/130
f 879/1004/130 943/1005/130 942/1001/130 878/1000/130
f 865/1006/130 929/1007/130 930/969/130 866/968/130
f 893/1008/130 957/1009/130 956/1003/130 892/1002/130
f 880/945/130 944/944/130 943/1005/130 879/1004/130
f 867/941/130 931/940/130 929/1007/130 865/1006/130
f 894/957/130 958/956/130 957/1009/130 893/1008/130
f 971/1010/73 1003/1011/73 1002/1012/73 970/1013/73
f 984/1014/73 1016/1015/73 1015/1016/73 983/1017/73
f 934/1018/520 966/1019/520 965/1020/521 933/1021/521
f 930/1022/522 962/1023/522 992/951/518 960/950/518
f 948/1024/523 980/1025/523 979/947/516 947/946/516
f 935/1026/524 967/1027/524 966/1019/520 934/1018/520
f 949/1028/525 981/1029/525 980/1025/523 948/1024/523
f 936/1030/526 968/1031/526 967/1027/524 935/1026/524
f 950/1032/527 982/1033/527 981/1029/525 949/1028/525
f 937/1034/528 969/1035/528 968/1031/526 936/1030/526
f 951/1036/529 983/1037/529 982/1033/527 950/1032/527
f 938/1038/530 970/1039/530 969/1035/528 937/1034/528
f 952/1040/531 984/1041/531 983/1037/529 951/1036/529
f 939/1042/532 971/1043/532 970/1039/530 938/1038/530
f 953/1044/533 985/1045/533 984/1041/531 952/1040/531
f 940/1046/534 972/1047/534 971/1043/532 939/1042/532
f 954/1048/535 986/1049/535 985/1050/533 953/1051/533
f 941/1052/536 973/1053/536 972/1047/534 940/1046/534
f 955/1054/537 987/1055/537 986/1049/535 954/1048/535
f 942/1056/538 974/1057/538 973/1053/536 941/1052/536
f 956/1058/539 988/1059/539 987/1055/537 955/1054/537
f 943/1060/540 975/1061/540 974/1057/538 942/1056/538
f 929/1062/541 961/1063/541 962/1023/522 930/1022/522
f 957/1064/542 989/1065/542 988/1059/539 956/1058/539
f 944/1066/543 976/1067/543 975/1061/540 943/1060/540
f 931/1068/544 963/1069/544 961/1063/541 929/1062/541
f 958/1070/545 990/1071/545 989/1065/542 957/1064/542
f 945/1072/546 977/1073/546 976/1067/543 944/1066/543
f 932/1074/547 964/1075/547 963/1069/544 931/1068/544
f 959/953/519 991/952/519 990/1071/545 958/1070/545
f 946/949/517 978/948/517 977/1073/546 945/1072/546
f 933/1021/521 965/1020/521 964/1075/547 932/1074/547
f 985/1076/73 1017/1077/73 1016/1015/73 984/1014/73
f 972/1078/73 1004/1079/73 1003/1011/73 971/1010/73
f 986/1080/73 1018/1081/73 1017/1077/73 985/1076/73
f 973/1082/73 1005/1083/73 1004/1079/73 972/1078/73
f 987/1084/73 1019/1085/73 1018/1081/73 986/1080/73
f 974/1086/73 1006/1087/73 1005/1083/73 973/1082/73
f 988/1088/73 1020/1089/73 1019/1085/73 987/1084/73
f 975/1090/73 1007/1091/73 1006/1087/73 974/1086/73
f 961/1092/73 993/1093/73 994/1094/73 962/1095/73
f 989/1096/73 1021/1097/73 1020/1089/73 988/1088/73
f 976/1098/73 1008/1099/73 1007/1091/73 975/1090/73
f 963/1100/73 995/1101/73 993/1093/73 961/1092/73
f 990/1102/73 1022/1103/73 1021/1097/73 989/1096/73
f 977/1104/73 1009/1105/73 1008/1099/73 976/1098/73
f 964/1106/73 996/1107/73 995/1101/73 963/1100/73
f 991/1108/73 1023/1109/73 1022/1103/73 990/1102/73
f 978/1110/73 1010/1111/73 1009/1105/73 977/1104/73
f 965/1112/73 997/1113/73 996/1107/73 964/1106/73
f 992/1114/73 1024/1115/73 1023/1109/73 991/1108/73
f 979/1116/73 1011/1117/73 1010/1111/73 978/1110/73
f 966/1118/73 998/1119/73 997/1113/73 965/1112/73
f 962/1095/73 994/1094/73 1024/1115/73 992/1114/73
f 980/1120/73 1012/1121/73 1011/1117/73 979/1116/73
f 967/1122/73 999/1123/73 998/1119/73 966/1118/73
f 981/1124/73 1013/1125/73 1012/1121/73 980/1120/73
f 968/1126/73 1000/1127/73 999/1123/73 967/1122/73
f 982/1128/73 1014/1129/73 1013/1125/73 981/1124/73
f 969/1130/73 1001/1131/73 1000/1127/73 968/1126/73
f 983/1017/73 1015/1016/73 1014/1129/73 982/1128/73
f 970/1013/73 1002/1012/73 1001/1131/73 969/1130/73
f 831/936/514 769/1132/452 770/1133/455 832/937/515
f 1025/1134/548 897/1135/548 898/1136/549 1026/1137/550
f 7/8/8 9/10/10 1061/1138/91 1060/205/89
f 61/62/62 63/64/64 1088/1139/92 1087/199/90
f 35/36/36 37/38/38 1075/1140/93 1074/69/67
f 9/10/10 11/12/12 1062/1141/94 1061/1138/91
f 63/64/64 1/442/1 1057/1142/84 1088/1139/92
f 37/38/38 39/40/40 1076/1143/95 1075/1140/93
f 11/12/12 13/14/14 1063/1144/96 1062/1141/94
f 39/40/40 41/42/42 1077/1145/97 1076/1143/95
f 13/14/14 15/16/16 1064/1146/98 1063/1144/96
f 41/42/42 43/44/44 1078/1147/99 1077/1145/97
f 15/16/16 17/18/18 1065/1148/72 1064/1146/98
f 43/44/44 45/46/46 1079/1149/70 1078/1147/99
f 17/18/18 19/20/20 1066/1150/71 1065/1148/72
f 45/46/46 47/48/48 1080/222/69 1079/1149/70
f 19/20/20 21/22/22 1067/221/74 1066/1150/71
f 1221/1151/551 1249/1152/551 1248/1153/552 1222/1154/553
f 1222/1154/553 1248/1153/552 1247/1155/554 1223/1156/555
f 1223/1156/555 1247/1155/554 1246/1157/556 1224/1158/557
f 1224/1158/557 1246/1157/556 1242/1159/558 1225/1160/559
f 1225/1160/559 1242/1159/558 1243/1161/560 1226/1162/561
f 1230/1163/562 1245/1164/562 1250/1165/562 1240/1166/562
f 1227/1167/563 1260/1168/563 1254/1169/564 1228/1170/564
f 1228/1170/564 1254/1169/564 1259/1171/565 1229/1172/565
f 1238/1173/562 1244/1174/562 1245/1164/562 1230/1163/562
f 1231/1175/562 1239/1176/562 1261/1177/562 1255/1178/562
f 1239/1176/562 1237/1179/566 1253/1180/561 1261/1177/562
f 1236/1181/567 1234/1182/568 1262/1183/557 1251/1184/559
f 1232/1185/569 1235/1186/551 1252/1187/551 1256/1188/553
f 1237/1179/566 1236/1181/567 1251/1184/559 1253/1180/561
f 1233/1189/570 1232/1185/569 1256/1188/553 1258/1190/555
f 1234/1182/568 1233/1189/570 1258/1190/555 1262/1183/557
f 1226/1162/561 1243/1161/560 1244/1174/562 1238/1173/562
f 1240/1166/562 1250/1165/562 1241/1191/562 1257/1192/562 1260/1168/563 1227/1167/563
f 1241/1191/562 1231/1175/562 1255/1178/562 1257/1192/562
f 1221/1151/551 1263/1193/571 1288/1194/572 1249/1152/551
f 1263/1193/571 1264/1195/573 1287/1196/574 1288/1194/572
f 1264/1195/573 1265/1197/575 1286/1198/576 1287/1196/574
f 1265/1197/575 1266/1199/577 1282/1200/578 1286/1198/576
f 1266/1199/577 1267/1201/579 1283/1202/580 1282/1200/578
f 1271/1203/581 1280/1204/581 1289/1205/581 1285/1206/581
f 1268/1207/582 1269/1208/583 1292/1209/583 1298/1210/582
f 1269/1208/583 1270/1211/584 1297/1212/584 1292/1209/583
f 1278/1213/581 1271/1203/581 1285/1206/581 1284/1214/581
f 1272/1215/581 1293/1216/581 1299/1217/581 1279/1218/581
f 1279/1218/581 1299/1217/581 1291/1219/579 1277/1220/585
f 1276/1221/586 1290/1222/577 1300/1223/575 1275/1224/587
f 1273/1225/588 1294/1226/571 1252/1187/551 1235/1186/551
f 1277/1220/585 1291/1219/579 1290/1222/577 1276/1221/586
f 1274/1227/589 1296/1228/573 1294/1226/571 1273/1225/588
f 1275/1224/587 1300/1223/575 1296/1228/573 1274/1227/589
f 1267/1201/579 1278/1213/581 1284/1214/581 1283/1202/580
f 1280/1204/581 1268/1207/582 1298/1210/582 1295/1229/581 1281/1230/581 1289/1205/581
f 1281/1230/581 1295/1229/581 1293/1216/581 1272/1215/581
f 1301/1231/590 1302/1232/591 1327/1233/592 1328/1234/590
f 1302/1232/591 1303/1235/593 1326/1236/594 1327/1233/592
f 1303/1235/593 1304/1237/595 1325/1238/596 1326/1236/594
f 1304/1237/595 1305/1239/597 1321/1240/598 1325/1238/596
f 1305/1239/597 1306/1241/599 1322/1242/600 1321/1240/598
f 1309/1243/601 1319/1244/601 1329/1245/601 1324/1246/601
f 1307/1247/602 1308/1248/603 1333/1249/603 1338/1250/602
f 1308/1248/603 1229/1172/565 1259/1171/565 1333/1249/603
f 1317/1251/601 1309/1243/601 1324/1246/601 1323/1252/601
f 1310/1253/601 1334/1254/601 1339/1255/601 1318/1256/601
f 1318/1256/601 1339/1255/601 1332/1257/599 1316/1258/604
f 1315/1259/605 1330/1260/597 1340/1261/595 1313/1262/606
f 1311/1263/607 1335/1264/591 1331/1265/590 1314/1266/590
f 1316/1258/604 1332/1257/599 1330/1260/597 1315/1259/605
f 1312/1267/608 1337/1268/593 1335/1264/591 1311/1263/607
f 1313/1262/606 1340/1261/595 1337/1268/593 1312/1267/608
f 1306/1241/599 1317/1251/601 1323/1252/601 1322/1242/600
f 1319/1244/601 1307/1247/602 1338/1250/602 1336/1269/601 1320/1270/601 1329/1245/601
f 1320/1270/601 1336/1269/601 1334/1254/601 1310/1253/601
f 1301/1231/590 1328/1234/590 1365/1271/609 1341/1272/610
f 1341/1272/610 1365/1271/609 1364/1273/611 1342/1274/612
f 1342/1274/612 1364/1273/611 1363/1275/613 1343/1276/614
f 1343/1276/614 1363/1275/613 1359/1277/615 1344/1278/616
f 1344/1278/616 1359/1277/615 1360/1279/617 1345/1280/618
f 1348/1281/619 1362/1282/619 1366/1283/619 1357/1284/619
f 1346/1285/620 1374/1286/620 1369/1287/621 1347/1288/621
f 1347/1288/621 1369/1287/621 1297/1212/584 1270/1211/584
f 1355/1289/619 1361/1290/619 1362/1282/619 1348/1281/619
f 1349/1291/619 1356/1292/619 1375/1293/619 1370/1294/619
f 1356/1292/619 1354/1295/622 1368/1296/618 1375/1293/619
f 1353/1297/623 1352/1298/624 1376/1299/614 1367/1300/616
f 1350/1301/625 1314/1266/590 1331/1265/590 1371/1302/610
f 1354/1295/622 1353/1297/623 1367/1300/616 1368/1296/618
f 1351/1303/626 1350/1301/625 1371/1302/610 1373/1304/612
f 1352/1298/624 1351/1303/626 1373/1304/612 1376/1299/614
f 1345/1280/618 1360/1279/617 1361/1290/619 1355/1289/619
f 1357/1284/619 1366/1283/619 1358/1305/619 1372/1306/619 1374/1286/620 1346/1285/620
f 1358/1305/619 1349/1291/619 1370/1294/619 1372/1306/619
f 1377/1307/590 1378/1308/610 1404/1309/609 1405/1310/590
f 1378/1308/610 1379/1311/627 1403/1312/628 1404/1309/609
f 1379/1311/627 1380/1313/629 1402/1314/630 1403/1312/628
f 1380/1313/629 1381/1315/631 1398/1316/632 1402/1314/630
f 1381/1315/631 1382/1317/633 1399/1318/634 1398/1316/632
f 1386/1319/619 1396/1320/635 1406/1321/636 1401/1322/619
f 1383/1323/637 1384/1324/621 1410/1325/621 1416/1326/637
f 1384/1324/621 1385/1327/584 1415/1328/584 1410/1325/621
f 1394/1329/638 1386/1319/619 1401/1322/619 1400/1330/639
f 1387/1331/619 1411/1332/619 1417/1333/638 1395/1334/639
f 1395/1334/639 1417/1333/638 1409/1335/640 1393/1336/641
f 1392/1337/642 1407/1338/643 1418/1339/644 1390/1340/645
f 1388/1341/625 1412/1342/646 1408/1343/590 1391/1344/590
f 1393/1336/641 1409/1335/640 1407/1338/643 1392/1337/642
f 1389/1345/647 1414/1346/627 1412/1342/646 1388/1341/625
f 1390/1340/645 1418/1339/644 1414/1346/627 1389/1345/647
f 1382/1317/633 1394/1329/638 1400/1330/639 1399/1318/634
f 1396/1320/635 1383/1323/637 1416/1326/637 1413/1347/635 1397/1348/636 1406/1321/636
f 1397/1348/636 1413/1347/635 1411/1332/619 1387/1331/619
f 1377/1307/590 1405/1310/590 1444/1349/592 1419/1350/591
f 1419/1350/591 1444/1349/592 1443/1351/648 1420/1352/649
f 1420/1352/649 1443/1351/648 1442/1353/650 1421/1354/651
f 1421/1354/651 1442/1353/650 1438/1355/605 1422/1356/652
f 1422/1356/652 1438/1355/605 1439/1357/653 1423/1358/654
f 1427/1359/601 1441/1360/601 1445/1361/655 1436/1362/656
f 1424/1363/657 1454/1364/657 1448/1365/603 1425/1366/603
f 1425/1366/603 1448/1365/603 1453/1367/565 1426/1368/565
f 1434/1369/658 1440/1370/659 1441/1360/601 1427/1359/601
f 1428/1371/601 1435/1372/659 1455/1373/658 1449/1374/601
f 1435/1372/659 1433/1375/660 1447/1376/661 1455/1373/658
f 1432/1377/662 1431/1378/663 1456/1379/664 1446/1380/652
f 1429/1381/607 1391/1344/590 1408/1343/590 1450/1382/591
f 1433/1375/660 1432/1377/662 1446/1380/652 1447/1376/661
f 1430/1383/665 1429/1381/607 1450/1382/591 1452/1384/649
f 1431/1378/663 1430/1383/665 1452/1384/649 1456/1379/664
f 1423/1358/654 1439/1357/653 1440/1370/659 1434/1369/658
f 1436/1362/656 1445/1361/655 1437/1385/655 1451/1386/656 1454/1364/657 1424/1363/657
f 1437/1385/655 1428/1371/601 1449/1374/601 1451/1386/656
f 1457/1387/551 1484/1388/551 1483/1389/572 1458/1390/571
f 1458/1390/571 1483/1389/572 1482/1391/666 1459/1392/667
f 1459/1392/667 1482/1391/666 1481/1393/668 1460/1394/669
f 1460/1394/669 1481/1393/668 1477/1395/586 1461/1396/670
f 1461/1396/670 1477/1395/586 1478/1397/671 1462/1398/672
f 1465/1399/581 1480/1400/581 1485/1401/673 1475/1402/674
f 1463/1403/675 1494/1404/675 1489/1405/583 1464/1406/583
f 1464/1406/583 1489/1405/583 1415/1328/584 1385/1327/584
f 1473/1407/676 1479/1408/677 1480/1400/581 1465/1399/581
f 1466/1409/581 1474/1410/677 1495/1411/676 1490/1412/581
f 1474/1410/677 1472/1413/678 1488/1414/679 1495/1411/676
f 1471/1415/680 1469/1416/681 1496/1417/682 1486/1418/670
f 1467/1419/588 1470/1420/551 1487/1421/551 1491/1422/571
f 1472/1413/678 1471/1415/680 1486/1418/670 1488/1414/679
f 1468/1423/683 1467/1419/588 1491/1422/571 1493/1424/667
f 1469/1416/681 1468/1423/683 1493/1424/667 1496/1417/682
f 1462/1398/672 1478/1397/671 1479/1408/677 1473/1407/676
f 1475/1402/674 1485/1401/673 1476/1425/673 1492/1426/674 1494/1404/675 1463/1403/675
f 1476/1425/673 1466/1409/581 1490/1412/581 1492/1426/674
f 1457/1387/551 1497/1427/553 1521/1428/552 1484/1388/551
f 1497/1427/553 1498/1429/684 1520/1430/685 1521/1428/552
f 1498/1429/684 1499/1431/686 1519/1432/687 1520/1430/685
f 1499/1431/686 1500/1433/688 1515/1434/689 1519/1432/687
f 1500/1433/688 1501/1435/690 1516/1436/691 1515/1434/689
f 1504/1437/562 1513/1438/692 1522/1439/693 1518/1440/562
f 1502/1441/694 1503/1442/564 1525/1443/564 1530/1444/694
f 1503/1442/564 1426/1368/565 1453/1367/565 1525/1443/564
f 1511/1445/695 1504/1437/562 1518/1440/562 1517/1446/696
f 1505/1447/562 1526/1448/562 1531/1449/695 1512/1450/696
f 1512/1450/696 1531/1449/695 1524/1451/697 1510/1452/698
f 1509/1453/699 1523/1454/700 1532/1455/701 1508/1456/702
f 1506/1457/569 1527/1458/703 1487/1421/551 1470/1420/551
f 1510/1452/698 1524/1451/697 1523/1454/700 1509/1453/699
f 1507/1459/704 1529/1460/684 1527/1458/703 1506/1457/569
f 1508/1456/702 1532/1455/701 1529/1460/684 1507/1459/704
f 1501/1435/690 1511/1445/695 1517/1446/696 1516/1436/691
f 1513/1438/692 1502/1441/694 1530/1444/694 1528/1461/692 1514/1462/693 1522/1439/693
f 1514/1462/693 1528/1461/692 1526/1448/562 1505/1447/562
f 1221/1151/130 1222/1154/130 1378/1308/130 1377/1307/130
f 1222/1154/130 1223/1156/130 1379/1311/130 1378/1308/130
f 1223/1156/130 1224/1158/130 1380/1313/130 1379/1311/130
f 1224/1158/130 1225/1160/130 1381/1315/130 1380/1313/130
f 1225/1160/130 1226/1162/130 1382/1317/130 1381/1315/130
f 1240/1166/130 1227/1167/130 1383/1323/130 1396/1320/130
f 1227/1167/130 1228/1170/130 1384/1324/130 1383/1323/130
f 1228/1170/130 1229/1172/130 1385/1327/130 1384/1324/130
f 1238/1173/130 1230/1163/130 1386/1319/130 1394/1329/130
f 1237/1179/705 1239/1176/706 1395/1334/706 1393/1336/707
f 1234/1182/708 1236/1181/709 1392/1337/710 1390/1340/711
f 1235/1186/712 1232/1185/713 1388/1341/714 1391/1344/712
f 1236/1181/709 1237/1179/705 1393/1336/707 1392/1337/710
f 1232/1185/713 1233/1189/715 1389/1345/716 1388/1341/714
f 1233/1189/715 1234/1182/708 1390/1340/711 1389/1345/716
f 1226/1162/130 1238/1173/130 1394/1329/130 1382/1317/130
f 1239/1176/717 1231/1175/718 1387/1331/718 1395/1334/717
f 1230/1163/130 1240/1166/130 1396/1320/130 1386/1319/130
f 1231/1175/718 1241/1191/719 1397/1348/719 1387/1331/718
f 1245/1164/720 1244/1174/721 1400/1330/722 1401/1322/720
f 1244/1174/721 1243/1161/723 1399/1318/724 1400/1330/722
f 1243/1161/723 1242/1159/725 1398/1316/726 1399/1318/724
f 1242/1159/725 1246/1157/727 1402/1314/728 1398/1316/726
f 1246/1157/727 1247/1155/729 1403/1312/730 1402/1314/728
f 1247/1155/729 1248/1153/731 1404/1309/731 1403/1312/730
f 1248/1153/731 1249/1152/732 1405/1310/732 1404/1309/731
f 1241/1191/719 1250/1165/733 1406/1321/733 1397/1348/719
f 1250/1165/733 1245/1164/720 1401/1322/720 1406/1321/733
f 1263/1193/130 1221/1151/130 1377/1307/130 1419/1350/130
f 1264/1195/130 1263/1193/130 1419/1350/130 1420/1352/130
f 1265/1197/130 1264/1195/130 1420/1352/130 1421/1354/130
f 1266/1199/130 1265/1197/130 1421/1354/130 1422/1356/130
f 1267/1201/130 1266/1199/130 1422/1356/130 1423/1358/130
f 1268/1207/130 1280/1204/130 1436/1362/130 1424/1363/130
f 1269/1208/130 1268/1207/130 1424/1363/130 1425/1366/130
f 1270/1211/130 1269/1208/130 1425/1366/130 1426/1368/130
f 1271/1203/130 1278/1213/130 1434/1369/130 1427/1359/130
f 1279/1218/734 1277/1220/735 1433/1375/736 1435/1372/734
f 1276/1221/737 1275/1224/738 1431/1378/739 1432/1377/740
f 1273/1225/741 1235/1186/712 1391/1344/712 1429/1381/742
f 1277/1220/735 1276/1221/737 1432/1377/740 1433/1375/736
f 1274/1227/743 1273/1225/741 1429/1381/742 1430/1383/744
f 1275/1224/738 1274/1227/743 1430/1383/744 1431/1378/739
f 1278/1213/130 1267/1201/130 1423/1358/130 1434/1369/130
f 1272/1215/745 1279/1218/746 1435/1372/746 1428/1371/745
f 1280/1204/130 1271/1203/130 1427/1359/130 1436/1362/130
f 1281/1230/747 1272/1215/745 1428/1371/745 1437/1385/747
f 1284/1214/748 1285/1206/749 1441/1360/749 1440/1370/750
f 1283/1202/751 1284/1214/748 1440/1370/750 1439/1357/752
f 1282/1200/753 1283/1202/751 1439/1357/752 1438/1355/754
f 1286/1198/755 1282/1200/753 1438/1355/754 1442/1353/756
f 1287/1196/757 1286/1198/755 1442/1353/756 1443/1351/758
f 1288/1194/759 1287/1196/757 1443/1351/758 1444/1349/759
f 1249/1152/732 1288/1194/759 1444/1349/759 1405/1310/732
f 1289/1205/760 1281/1230/747 1437/1385/747 1445/1361/760
f 1285/1206/749 1289/1205/760 1445/1361/760 1441/1360/749
f 1302/1232/130 1301/1231/130 1457/1387/130 1458/1390/130
f 1303/1235/130 1302/1232/130 1458/1390/130 1459/1392/130
f 1304/1237/130 1303/1235/130 1459/1392/130 1460/1394/130
f 1305/1239/130 1304/1237/130 1460/1394/130 1461/1396/130
f 1306/1241/130 1305/1239/130 1461/1396/130 1462/1398/130
f 1307/1247/130 1319/1244/130 1475/1402/130 1463/1403/130
f 1308/1248/130 1307/1247/130 1463/1403/130 1464/1406/130
f 1229/1172/130 1308/1248/130 1464/1406/130 1385/1327/130
f 1309/1243/130 1317/1251/130 1473/1407/130 1465/1399/130
f 1318/1256/761 1316/1258/762 1472/1413/763 1474/1410/761
f 1315/1259/764 1313/1262/765 1469/1416/766 1471/1415/767
f 1311/1263/768 1314/1266/769 1470/1420/769 1467/1419/770
f 1316/1258/762 1315/1259/764 1471/1415/767 1472/1413/763
f 1312/1267/771 1311/1263/768 1467/1419/770 1468/1423/772
f 1313/1262/765 1312/1267/771 1468/1423/772 1469/1416/766
f 1317/1251/130 1306/1241/130 1462/1398/130 1473/1407/130
f 1310/1253/773 1318/1256/774 1474/1410/774 1466/1409/773
f 1319/1244/130 1309/1243/130 1465/1399/130 1475/1402/130
f 1320/1270/775 1310/1253/773 1466/1409/773 1476/1425/775
f 1323/1252/776 1324/1246/777 1480/1400/777 1479/1408/778
f 1322/1242/779 1323/1252/776 1479/1408/778 1478/1397/780
f 1321/1240/781 1322/1242/779 1478/1397/780 1477/1395/782
f 1325/1238/783 1321/1240/781 1477/1395/782 1481/1393/784
f 1326/1236/785 1325/1238/783 1481/1393/784 1482/1391/786
f 1327/1233/787 1326/1236/785 1482/1391/786 1483/1389/787
f 1328/1234/788 1327/1233/787 1483/1389/787 1484/1388/788
f 1329/1245/789 1320/1270/775 1476/1425/775 1485/1401/789
f 1324/1246/777 1329/1245/789 1485/1401/789 1480/1400/777
f 1301/1231/130 1341/1272/130 1497/1427/130 1457/1387/130
f 1341/1272/130 1342/1274/130 1498/1429/130 1497/1427/130
f 1342/1274/130 1343/1276/130 1499/1431/130 1498/1429/130
f 1343/1276/130 1344/1278/130 1500/1433/130 1499/1431/130
f 1344/1278/130 1345/1280/130 1501/1435/130 1500/1433/130
f 1357/1284/130 1346/1285/130 1502/1441/130 1513/1438/130
f 1346/1285/130 1347/1288/130 1503/1442/130 1502/1441/130
f 1347/1288/130 1270/1211/130 1426/1368/130 1503/1442/130
f 1355/1289/130 1348/1281/130 1504/1437/130 1511/1445/130
f 1354/1295/790 1356/1292/791 1512/1450/791 1510/1452/792
f 1352/1298/793 1353/1297/794 1509/1453/795 1508/1456/796
f 1314/1266/769 1350/1301/797 1506/1457/798 1470/1420/769
f 1353/1297/794 1354/1295/790 1510/1452/792 1509/1453/795
f 1350/1301/797 1351/1303/799 1507/1459/800 1506/1457/798
f 1351/1303/799 1352/1298/793 1508/1456/796 1507/1459/800
f 1345/1280/130 1355/1289/130 1511/1445/130 1501/1435/130
f 1356/1292/801 1349/1291/802 1505/1447/802 1512/1450/801
f 1348/1281/130 1357/1284/130 1513/1438/130 1504/1437/130
f 1349/1291/802 1358/1305/803 1514/1462/803 1505/1447/802
f 1362/1282/804 1361/1290/805 1517/1446/806 1518/1440/804
f 1361/1290/805 1360/1279/807 1516/1436/808 1517/1446/806
f 1360/1279/807 1359/1277/809 1515/1434/810 1516/1436/808
f 1359/1277/809 1363/1275/811 1519/1432/812 1515/1434/810
f 1363/1275/811 1364/1273/813 1520/1430/814 1519/1432/812
f 1364/1273/813 1365/1271/815 1521/1428/815 1520/1430/814
f 1365/1271/815 1328/1234/788 1484/1388/788 1521/1428/815
f 1358/1305/803 1366/1283/816 1522/1439/816 1514/1462/803
f 1366/1283/816 1362/1282/804 1518/1440/804 1522/1439/816
usemtl MI_Trim_02
f 38/1463/130 36/1464/130 82/1465/130 83/1466/130
f 20/1467/130 18/1468/130 73/1469/130 74/1470/130
f 56/1471/130 54/1472/130 91/1473/130 92/1474/130
f 12/1475/130 10/1476/130 69/1477/130 70/1478/130
f 30/1479/130 28/1480/130 78/1481/130 79/1482/130
f 48/1483/130 46/1484/130 87/1485/130 88/1486/130
f 4/1487/130 2/1488/130 66/1489/130 65/1490/130
f 2/1488/130 64/1491/130 96/1492/130 66/1489/130
f 22/1493/130 20/1467/130 74/1470/130 75/1494/130
f 40/1495/130 38/1463/130 83/1466/130 84/1496/130
f 58/1497/130 56/1471/130 92/1474/130 93/1498/130
f 14/1499/130 12/1475/130 70/1478/130 71/1500/130
f 32/1501/130 30/1479/130 79/1482/130 80/1502/130
f 50/1503/130 48/1483/130 88/1486/130 89/1504/130
f 6/1505/130 4/1487/130 65/1490/130 67/1506/130
f 24/1507/130 22/1493/130 75/1494/130 76/1508/130
f 42/1509/130 40/1495/130 84/1496/130 85/1510/130
f 60/1511/130 58/1497/130 93/1498/130 94/1512/130
f 16/1513/130 14/1499/130 71/1500/130 72/1514/130
f 34/1515/130 32/1501/130 80/1502/130 81/1516/130
f 52/1517/130 50/1503/130 89/1504/130 90/1518/130
f 8/1519/130 6/1505/130 67/1506/130 68/1520/130
f 26/1521/130 24/1507/130 76/1508/130 77/1522/130
f 44/1523/130 42/1509/130 85/1510/130 86/1524/130
f 62/1525/130 60/1511/130 94/1512/130 95/1526/130
f 18/1468/130 16/1513/130 72/1514/130 73/1469/130
f 36/1464/130 34/1527/130 81/1528/130 82/1465/130
f 54/1472/130 52/1517/130 90/1518/130 91/1473/130
f 10/1476/130 8/1519/130 68/1520/130 69/1477/130
f 28/1480/130 26/1521/130 77/1522/130 78/1481/130
f 46/1484/130 44/1523/130 86/1524/130 87/1485/130
f 64/1491/130 62/1525/130 95/1526/130 96/1492/130
f 721/1529/75 719/1530/69 1096/1531/69 1097/1532/75
f 136/1533/73 137/1534/73 169/1535/73 168/1536/73
f 149/1537/73 150/1538/73 182/1539/73 181/1540/73
f 755/1541/71 753/1542/72 1113/1543/72 1114/1544/71
f 737/1545/84 735/1546/92 1104/1547/92 1105/1548/84
f 719/1530/69 717/1549/70 1095/1550/70 1096/1531/69
f 753/1542/72 751/1551/98 1112/1552/98 1113/1543/72
f 735/1546/92 733/1553/90 1103/1554/90 1104/1547/92
f 717/1549/70 715/1555/99 1094/1556/99 1095/1550/70
f 706/1557/68 767/1558/86 1120/1559/86 1089/1560/68
f 751/1551/98 749/1561/96 1111/1562/96 1112/1552/98
f 733/1553/90 731/1563/88 1102/1564/88 1103/1554/90
f 715/1555/99 713/1565/97 1093/1566/97 1094/1556/99
f 767/1558/86 765/1567/82 1119/1568/82 1120/1559/86
f 749/1561/96 747/1569/94 1110/1570/94 1111/1562/96
f 731/1563/88 729/1571/85 1101/1572/85 1102/1564/88
f 713/1565/97 711/1573/95 1092/1574/95 1093/1566/97
f 171/1575/817 172/1576/818 204/1577/818 203/1578/817
f 184/1579/819 185/1580/820 217/1581/820 216/1582/819
f 150/1538/73 151/1583/73 183/1584/73 182/1539/73
f 137/1534/73 138/1585/73 170/1586/73 169/1535/73
f 151/1583/73 152/1587/73 184/1588/73 183/1584/73
f 138/1585/73 139/1589/73 171/1590/73 170/1586/73
f 152/1587/73 153/1591/73 185/1592/73 184/1588/73
f 139/1589/73 140/1593/73 172/1594/73 171/1590/73
f 153/1591/73 154/1595/73 186/1596/73 185/1592/73
f 140/1593/73 141/1597/73 173/1598/73 172/1594/73
f 154/1595/73 155/1599/73 187/1600/73 186/1596/73
f 141/1597/73 142/1601/73 174/1602/73 173/1598/73
f 155/1599/73 156/1603/73 188/1604/73 187/1600/73
f 142/1601/73 143/1605/73 175/1606/73 174/1602/73
f 129/1607/73 130/1608/73 162/1609/73 161/1610/73
f 156/1603/73 157/1611/73 189/1612/73 188/1604/73
f 143/1605/73 144/1613/73 176/1614/73 175/1606/73
f 130/1608/73 131/1615/73 163/1616/73 162/1609/73
f 157/1611/73 158/1617/73 190/1618/73 189/1612/73
f 144/1613/73 145/1619/73 177/1620/73 176/1614/73
f 131/1615/73 132/1621/73 164/1622/73 163/1616/73
f 158/1617/73 159/1623/73 191/1624/73 190/1618/73
f 145/1625/73 146/1626/73 178/1627/73 177/1628/73
f 132/1621/73 133/1629/73 165/1630/73 164/1622/73
f 159/1623/73 160/1631/73 192/1632/73 191/1624/73
f 146/1626/73 147/1633/73 179/1634/73 178/1627/73
f 133/1629/73 134/1635/73 166/1636/73 165/1630/73
f 160/1631/73 129/1607/73 161/1610/73 192/1632/73
f 147/1633/73 148/1637/73 180/1638/73 179/1634/73
f 134/1635/73 135/1639/73 167/1640/73 166/1636/73
f 148/1637/73 149/1537/73 181/1540/73 180/1638/73
f 135/1639/73 136/1533/73 168/1536/73 167/1640/73
f 185/1580/820 186/1641/821 218/1642/821 217/1581/820
f 172/1576/818 173/1643/822 205/1644/822 204/1577/818
f 186/1641/821 187/1645/823 219/1646/823 218/1642/821
f 173/1643/822 174/1647/824 206/1648/824 205/1644/822
f 187/1645/823 188/1649/825 220/1650/825 219/1646/823
f 174/1647/824 175/1651/826 207/1652/826 206/1648/824
f 161/1653/827 162/1654/828 194/1655/828 193/1656/827
f 188/1649/825 189/1657/829 221/1658/829 220/1650/825
f 175/1651/826 176/1659/830 208/1660/830 207/1652/826
f 162/1654/828 163/1661/831 195/1662/831 194/1655/828
f 189/1657/829 190/1663/832 222/1664/832 221/1658/829
f 176/1659/830 177/1665/833 209/1666/833 208/1660/830
f 163/1661/831 164/1667/834 196/1668/834 195/1662/831
f 190/1663/832 191/1669/835 223/1670/835 222/1664/832
f 177/1671/833 178/1672/836 210/1673/836 209/1674/833
f 164/1667/834 165/1675/837 197/1676/837 196/1668/834
f 191/1669/835 192/1677/838 224/1678/838 223/1670/835
f 178/1672/836 179/1679/839 211/1680/839 210/1673/836
f 165/1675/837 166/1681/840 198/1682/840 197/1676/837
f 192/1677/838 161/1653/827 193/1656/827 224/1678/838
f 179/1679/839 180/1683/841 212/1684/841 211/1680/839
f 166/1681/840 167/1685/842 199/1686/842 198/1682/840
f 180/1683/841 181/1687/843 213/1688/843 212/1684/841
f 167/1685/842 168/1689/844 200/1690/844 199/1686/842
f 181/1687/843 182/1691/845 214/1692/845 213/1688/843
f 168/1689/844 169/1693/846 201/1694/846 200/1690/844
f 182/1691/845 183/1695/847 215/1696/847 214/1692/845
f 169/1693/846 170/1697/848 202/1698/848 201/1694/846
f 183/1695/847 184/1579/819 216/1582/819 215/1696/847
f 170/1697/848 171/1575/817 203/1578/817 202/1698/848
f 289/1699/73 290/1700/73 320/1701/73 319/1702/73 318/1703/73 317/1704/73 316/1705/73 315/1706/73 314/1707/73 313/1708/73 297/1709/73 296/1710/73 295/1711/73 294/1712/73 293/1713/73 292/1714/73 291/1715/73
f 297/1709/73 313/1708/73 312/1716/73 311/1717/73 310/1718/73 309/1719/73 308/1720/73 307/1721/73 306/1722/73 305/1723/73 304/1724/73 303/1725/73 302/1726/73 301/1727/73 300/1728/73 299/1729/73 298/1730/73
f 706/1557/849 707/1731/850 708/1732/850 705/1733/849
f 707/1731/850 709/1734/851 710/1735/851 708/1732/850
f 709/1734/851 711/1573/852 712/1736/852 710/1735/851
f 711/1573/852 713/1565/853 714/1737/853 712/1736/852
f 713/1565/853 715/1555/854 716/1738/854 714/1737/853
f 715/1555/854 717/1549/855 718/1739/855 716/1738/854
f 717/1549/855 719/1530/856 720/1740/856 718/1739/855
f 719/1530/856 721/1529/857 722/1741/857 720/1740/856
f 721/1529/857 723/1742/858 724/1743/858 722/1741/857
f 723/1742/858 725/1744/859 726/1745/859 724/1743/858
f 725/1744/859 727/1746/860 728/1747/860 726/1745/859
f 727/1746/860 729/1571/861 730/1748/861 728/1747/860
f 729/1571/861 731/1563/862 732/1749/862 730/1748/861
f 731/1563/862 733/1553/863 734/1750/863 732/1749/862
f 733/1553/863 735/1546/864 736/1751/864 734/1750/863
f 735/1546/864 737/1545/865 738/1752/865 736/1751/864
f 737/1753/865 739/1754/866 740/1755/866 738/1756/865
f 739/1754/866 741/1757/867 742/1758/867 740/1755/866
f 741/1757/867 743/1759/868 744/1760/868 742/1758/867
f 743/1759/868 745/1761/869 746/1762/869 744/1760/868
f 745/1761/869 747/1569/870 748/1763/870 746/1762/869
f 747/1569/870 749/1561/871 750/1764/871 748/1763/870
f 749/1561/871 751/1551/872 752/1765/872 750/1764/871
f 751/1551/872 753/1542/873 754/1766/873 752/1765/872
f 753/1542/873 755/1541/874 756/1767/874 754/1766/873
f 755/1541/874 757/1768/875 758/1769/875 756/1767/874
f 757/1768/875 759/1770/876 760/1771/876 758/1769/875
f 759/1770/876 761/1772/877 762/1773/877 760/1771/876
f 761/1772/877 763/1774/878 764/1775/878 762/1773/877
f 763/1774/878 765/1567/879 766/1776/879 764/1775/878
f 765/1567/879 767/1558/880 768/1777/880 766/1776/879
f 767/1558/880 706/1557/849 705/1733/849 768/1777/880
f 806/1778/489 851/1779/881 850/1780/882 804/1781/487
f 1055/1782/883 927/1783/884 928/1784/885 1056/1785/886
f 809/1786/887 1045/1787/888 1046/1788/889 811/1789/890
f 788/1790/471 842/1791/891 841/1792/892 786/1793/469
f 856/1794/69 888/1795/69 887/1796/70 855/1797/70
f 842/1798/71 874/1799/71 873/1800/72 841/1801/72
f 824/1802/507 860/1803/893 859/1804/894 822/1805/505
f 780/1806/463 838/1807/895 837/1808/896 778/1809/461
f 798/1810/481 847/1811/897 846/1812/898 796/1813/479
f 816/1814/499 856/1815/899 855/1816/900 814/1817/497
f 772/1818/454 833/1819/901 834/1820/902 770/1821/455
f 770/1821/455 834/1820/902 864/1822/903 832/1823/515
f 790/1824/473 843/1825/904 842/1791/891 788/1790/471
f 808/1826/491 852/1827/905 851/1779/881 806/1778/489
f 826/1828/509 861/1829/906 860/1803/893 824/1802/507
f 782/1830/465 839/1831/907 838/1807/895 780/1806/463
f 800/1832/483 848/1833/908 847/1811/897 798/1810/481
f 818/1834/501 857/1835/909 856/1815/899 816/1814/499
f 774/1836/457 835/1837/910 833/1819/901 772/1818/454
f 792/1838/475 844/1839/911 843/1825/904 790/1824/473
f 810/1840/493 853/1841/912 852/1827/905 808/1826/491
f 828/1842/511 862/1843/913 861/1829/906 826/1828/509
f 784/1844/467 840/1845/914 839/1831/907 782/1830/465
f 802/1846/485 849/1847/915 848/1833/908 800/1832/483
f 820/1848/503 858/1849/916 857/1835/909 818/1834/501
f 776/1850/459 836/1851/917 835/1837/910 774/1836/457
f 794/1852/477 845/1853/918 844/1839/911 792/1838/475
f 812/1854/495 854/1855/919 853/1841/912 810/1840/493
f 830/1856/513 863/1857/920 862/1843/913 828/1842/511
f 786/1793/469 841/1792/892 840/1845/914 784/1844/467
f 804/1781/487 850/1780/882 849/1858/915 802/1859/485
f 822/1805/505 859/1804/894 858/1849/916 820/1848/503
f 778/1809/461 837/1808/896 836/1851/917 776/1850/459
f 796/1813/479 846/1812/898 845/1853/918 794/1852/477
f 814/1817/497 855/1816/900 854/1855/919 812/1854/495
f 832/1823/515 864/1822/903 863/1857/920 830/1856/513
f 843/1860/74 875/1861/74 874/1799/71 842/1798/71
f 857/1862/75 889/1863/75 888/1795/69 856/1794/69
f 844/1864/76 876/1865/76 875/1861/74 843/1860/74
f 858/1866/77 890/1867/77 889/1868/75 857/1869/75
f 845/1870/78 877/1871/78 876/1865/76 844/1864/76
f 859/1872/79 891/1873/79 890/1867/77 858/1866/77
f 846/1874/80 878/1875/80 877/1871/78 845/1870/78
f 860/1876/81 892/1877/81 891/1873/79 859/1872/79
f 847/1878/82 879/1879/82 878/1875/80 846/1874/80
f 833/1880/83 865/1881/83 866/1882/84 834/1883/84
f 861/1884/85 893/1885/85 892/1877/81 860/1876/81
f 848/1886/86 880/1887/86 879/1879/82 847/1878/82
f 835/1888/87 867/1889/87 865/1881/83 833/1880/83
f 862/1890/88 894/1891/88 893/1885/85 861/1884/85
f 849/1892/68 881/1893/68 880/1887/86 848/1886/86
f 836/1894/89 868/1895/89 867/1889/87 835/1888/87
f 863/1896/90 895/1897/90 894/1891/88 862/1890/88
f 850/1898/67 882/1899/67 881/1893/68 849/1892/68
f 837/1900/91 869/1901/91 868/1895/89 836/1894/89
f 864/1902/92 896/1903/92 895/1897/90 863/1896/90
f 851/1904/93 883/1905/93 882/1899/67 850/1898/67
f 838/1906/94 870/1907/94 869/1901/91 837/1900/91
f 834/1883/84 866/1882/84 896/1903/92 864/1902/92
f 852/1908/95 884/1909/95 883/1905/93 851/1904/93
f 839/1910/96 871/1911/96 870/1907/94 838/1906/94
f 853/1912/97 885/1913/97 884/1909/95 852/1908/95
f 840/1914/98 872/1915/98 871/1911/96 839/1910/96
f 854/1916/99 886/1917/99 885/1913/97 853/1912/97
f 841/1801/72 873/1800/72 872/1915/98 840/1914/98
f 855/1797/70 887/1796/70 886/1917/99 854/1916/99
f 1034/1918/921 906/1919/922 907/1920/923 1035/1921/924
f 1047/1922/925 919/1923/926 920/1924/927 1048/1925/928
f 783/1926/929 1032/1927/930 1033/1928/931 785/1929/931
f 1042/1930/932 914/1931/933 915/1932/934 1043/1933/935
f 1051/1934/936 923/1935/937 924/1936/938 1052/1937/939
f 1029/1938/940 901/1939/941 902/1940/942 1030/1941/943
f 1038/1942/944 910/1943/945 911/1944/946 1039/1945/947
f 1046/1788/948 918/1946/949 919/1923/926 1047/1922/925
f 1056/1785/886 928/1784/885 897/1947/548 1025/1134/548
f 1033/1928/950 905/1948/950 906/1919/922 1034/1918/921
f 1043/1933/935 915/1932/934 916/1949/951 1044/1950/952
f 1052/1937/939 924/1936/938 925/1951/953 1053/1952/954
f 1030/1941/943 902/1940/942 903/1953/955 1031/1954/956
f 1039/1945/947 911/1944/946 912/1955/957 1040/1956/958
f 1048/1925/928 920/1924/927 921/1957/959 1049/1958/959
f 1035/1921/924 907/1920/923 908/1959/960 1036/1960/961
f 1044/1950/952 916/1949/951 917/1961/962 1045/1787/963
f 1053/1952/954 925/1951/953 926/1962/964 1054/1963/965
f 1031/1954/956 903/1953/955 904/1964/966 1032/1927/967
f 1040/1956/958 912/1955/957 913/1965/968 1041/1966/968
f 1049/1958/959 921/1957/959 922/1967/969 1050/1968/970
f 769/1969/971 1025/1134/971 1026/1137/972 771/1970/973
f 1036/1960/961 908/1959/960 909/1971/974 1037/1972/975
f 1045/1787/963 917/1961/962 918/1946/949 1046/1788/948
f 1054/1963/965 926/1962/964 927/1783/884 1055/1782/883
f 1032/1927/967 904/1964/966 905/1948/950 1033/1928/950
f 1041/1973/968 913/1965/968 914/1931/933 1042/1930/932
f 1050/1968/970 922/1967/969 923/1935/937 1051/1934/936
f 1028/1974/976 900/1975/977 901/1939/941 1029/1938/940
f 1037/1972/975 909/1971/974 910/1943/945 1038/1942/944
f 811/1789/890 1046/1788/889 1047/1922/978 813/1976/979
f 785/1929/931 1033/1928/931 1034/1918/980 787/1977/981
f 813/1976/979 1047/1922/978 1048/1925/982 815/1978/983
f 787/1977/981 1034/1918/980 1035/1921/984 789/1979/985
f 815/1978/983 1048/1925/982 1049/1958/986 817/1980/986
f 789/1979/985 1035/1921/984 1036/1960/987 791/1981/988
f 817/1980/986 1049/1958/986 1050/1968/989 819/1982/990
f 791/1981/988 1036/1960/987 1037/1972/991 793/1983/992
f 819/1982/990 1050/1968/989 1051/1934/993 821/1984/994
f 793/1983/992 1037/1972/991 1038/1942/995 795/1985/996
f 821/1984/994 1051/1934/993 1052/1937/997 823/1986/998
f 795/1985/996 1038/1942/995 1039/1945/999 797/1987/1000
f 831/1988/1001 1056/1785/1002 1025/1134/971 769/1969/971
f 823/1986/998 1052/1937/997 1053/1952/1003 825/1989/1004
f 797/1987/1000 1039/1945/999 1040/1956/1005 799/1990/1006
f 771/1970/973 1026/1137/972 1027/1991/1007 773/1992/1008
f 825/1989/1004 1053/1952/1003 1054/1963/1009 827/1993/1010
f 799/1990/1006 1040/1956/1005 1041/1966/1011 801/1994/1011
f 773/1992/1008 1027/1991/1007 1028/1974/1012 775/1995/1013
f 827/1993/1010 1054/1963/1009 1055/1782/1014 829/1996/1015
f 801/1997/1011 1041/1973/1011 1042/1930/1016 803/1998/1017
f 775/1995/1013 1028/1974/1012 1029/1938/1018 777/1999/1019
f 829/1996/1015 1055/1782/1014 1056/1785/1002 831/1988/1001
f 803/1998/1017 1042/1930/1016 1043/1933/1020 805/2000/1021
f 777/1999/1019 1029/1938/1018 1030/1941/1022 779/2001/1023
f 1027/1991/1024 899/2002/1025 900/1975/977 1028/1974/976
f 805/2000/1021 1043/1933/1020 1044/1950/1026 807/2003/1027
f 779/2001/1023 1030/1941/1022 1031/1954/1028 781/2004/1029
f 807/2003/1027 1044/1950/1026 1045/1787/888 809/1786/887
f 781/2004/1029 1031/1954/1028 1032/1927/930 783/1926/929
f 993/2005/130 995/2006/130 996/2007/130 997/2008/130 998/2009/130 999/2010/130 1000/2011/130 1001/2012/130 1017/2013/130 1018/2014/130 1019/2015/130 1020/2016/130 1021/2017/130 1022/2018/130 1023/2019/130 1024/2020/130 994/2021/130
f 1001/2012/130 1002/2022/130 1003/2023/130 1004/2024/130 1005/2025/130 1006/2026/130 1007/2027/130 1008/2028/130 1009/2029/130 1010/2030/130 1011/2031/130 1012/2032/130 1013/2033/130 1014/2034/130 1015/2035/130 1016/2036/130 1017/2013/130
f 1026/1137/550 898/1136/549 899/2002/1025 1027/1991/1024
f 1142/2037/1030 1143/2038/1031 1110/2039/1031 1109/2040/1030
f 1129/2041/1032 1130/2042/1033 1097/2043/1033 1096/2044/1032
f 1122/2045/1034 1123/2046/1035 1090/2047/1035 1089/2048/1034
f 1143/2038/1031 1144/2049/1036 1111/2050/1036 1110/2039/1031
f 1130/2042/1033 1131/2051/1037 1098/2052/1037 1097/2043/1033
f 1144/2049/1036 1145/2053/1038 1112/2054/1038 1111/2050/1036
f 1131/2051/1037 1132/2055/1039 1099/2056/1039 1098/2052/1037
f 1145/2053/1038 1146/2057/1040 1113/2058/1040 1112/2054/1038
f 1132/2055/1039 1133/2059/1041 1100/2060/1041 1099/2056/1039
f 1146/2057/1040 1147/2061/1042 1114/2062/1042 1113/2058/1040
f 1133/2059/1041 1134/2063/1043 1101/2064/1043 1100/2060/1041
f 1147/2061/1042 1148/2065/1044 1115/2066/1044 1114/2062/1042
f 1134/2063/1043 1135/2067/1045 1102/2068/1045 1101/2064/1043
f 1148/2065/1044 1149/2069/1046 1116/2070/1046 1115/2066/1044
f 1135/2067/1045 1136/2071/1047 1103/2072/1047 1102/2068/1045
f 1121/2073/1048 1122/2045/1034 1089/2048/1034 1120/2074/1048
f 1149/2069/1046 1150/2075/1049 1117/2076/1049 1116/2070/1046
f 1136/2071/1047 1137/2077/1050 1104/2078/1050 1103/2072/1047
f 1123/2046/1035 1124/2079/1051 1091/2080/1051 1090/2047/1035
f 1150/2075/1049 1151/2081/1052 1118/2082/1052 1117/2076/1049
f 1137/2077/1050 1138/2083/1053 1105/2084/1053 1104/2078/1050
f 1124/2079/1051 1125/2085/1054 1092/2086/1054 1091/2080/1051
f 1151/2081/1052 1152/2087/1055 1119/2088/1055 1118/2082/1052
f 1138/2083/1053 1139/2089/1056 1106/2090/1056 1105/2084/1053
f 1125/2085/1054 1126/2091/1057 1093/2092/1057 1092/2086/1054
f 1152/2087/1055 1121/2073/1048 1120/2074/1048 1119/2088/1055
f 1139/2089/1056 1140/2093/1058 1107/2094/1058 1106/2090/1056
f 1126/2091/1057 1127/2095/1059 1094/2096/1059 1093/2092/1057
f 1140/2093/1058 1141/2097/1060 1108/2098/1060 1107/2094/1058
f 1127/2095/1059 1128/2099/1061 1095/2100/1061 1094/2096/1059
f 1141/2097/1060 1142/2037/1030 1109/2040/1030 1108/2098/1060
f 1128/2099/1061 1129/2041/1032 1096/2044/1032 1095/2100/1061
f 739/1754/83 737/1753/84 1105/2101/84 1106/2102/83
f 757/1768/74 755/1541/71 1114/1544/71 1115/2103/74
f 723/1742/77 721/1529/75 1097/1532/75 1098/2104/77
f 741/1757/87 739/1754/83 1106/2102/83 1107/2105/87
f 759/1770/76 757/1768/74 1115/2103/74 1116/2106/76
f 707/1731/67 706/1557/68 1089/1560/68 1090/2107/67
f 725/1744/79 723/1742/77 1098/2104/77 1099/2108/79
f 743/1759/89 741/1757/87 1107/2105/87 1108/2109/89
f 761/1772/78 759/1770/76 1116/2106/76 1117/2110/78
f 709/1734/93 707/1731/67 1090/2107/67 1091/2111/93
f 727/1746/81 725/1744/79 1099/2108/79 1100/2112/81
f 745/1761/91 743/1759/89 1108/2109/89 1109/2113/91
f 763/1774/80 761/1772/78 1117/2110/78 1118/2114/80
f 711/1573/95 709/1734/93 1091/2111/93 1092/1574/95
f 729/1571/85 727/1746/81 1100/2112/81 1101/1572/85
f 747/1569/94 745/1761/91 1109/2113/91 1110/1570/94
f 765/1567/82 763/1774/80 1118/2114/80 1119/1568/82
f 1063/2115/73 1064/2116/73 1129/2117/73 1128/2118/73
f 1076/2119/73 1077/2120/73 1142/2121/73 1141/2122/73
f 1062/2123/73 1063/2115/73 1128/2118/73 1127/2124/73
f 1075/2125/73 1076/2119/73 1141/2122/73 1140/2126/73
f 1061/2127/73 1062/2123/73 1127/2124/73 1126/2128/73
f 1074/2129/73 1075/2125/73 1140/2126/73 1139/2130/73
f 1087/2131/73 1088/2132/73 1121/2133/73 1152/2134/73
f 1060/2135/73 1061/2127/73 1126/2128/73 1125/2136/73
f 1073/2137/73 1074/2129/73 1139/2130/73 1138/2138/73
f 1086/2139/73 1087/2131/73 1152/2134/73 1151/2140/73
f 1059/2141/73 1060/2135/73 1125/2136/73 1124/2142/73
f 1072/2143/73 1073/2144/73 1138/2145/73 1137/2146/73
f 1085/2147/73 1086/2139/73 1151/2140/73 1150/2148/73
f 1058/2149/73 1059/2141/73 1124/2142/73 1123/2150/73
f 1071/2151/73 1072/2143/73 1137/2146/73 1136/2152/73
f 1084/2153/73 1085/2147/73 1150/2148/73 1149/2154/73
f 1088/2132/73 1057/2155/73 1122/2156/73 1121/2133/73
f 1070/2157/73 1071/2151/73 1136/2152/73 1135/2158/73
f 1083/2159/73 1084/2153/73 1149/2154/73 1148/2160/73
f 1069/2161/73 1070/2157/73 1135/2158/73 1134/2162/73
f 1082/2163/73 1083/2159/73 1148/2160/73 1147/2164/73
f 1068/2165/73 1069/2161/73 1134/2162/73 1133/2166/73
f 1081/2167/73 1082/2163/73 1147/2164/73 1146/2168/73
f 1067/2169/73 1068/2165/73 1133/2166/73 1132/2170/73
f 1080/2171/73 1081/2167/73 1146/2168/73 1145/2172/73
f 1066/2173/73 1067/2169/73 1132/2170/73 1131/2174/73
f 1079/2175/73 1080/2171/73 1145/2172/73 1144/2176/73
f 1065/2177/73 1066/2173/73 1131/2174/73 1130/2178/73
f 1078/2179/73 1079/2175/73 1144/2176/73 1143/2180/73
f 1057/2155/73 1058/2149/73 1123/2150/73 1122/2156/73
f 1064/2116/73 1065/2177/73 1130/2178/73 1129/2117/73
f 1077/2120/73 1078/2179/73 1143/2180/73 1142/2121/73
f 1536/2181/1062 1551/2182/1063 1550/2183/1064 1597/2184/1062 1599/2185/1062 1598/2186/1062 1552/2187/1062
f 1542/2188/1065 1547/2189/1066 1539/2190/1067 1534/2191/1065
f 1574/2192/1068 1562/2193/1069 1538/2194/1070 1533/2195/1070
f 1567/2196/1071 1578/2197/1072 1540/2198/1073 1556/2199/1073
f 1553/2200/1074 1594/2201/1074 1596/2202/1074 1595/2203/1074 1549/2204/1074 1537/2205/1074 1557/2206/1074 1535/2207/1074
f 1558/2208/1075 1579/2209/1075 1539/2190/1067 1547/2189/1066
f 1557/2206/1076 1537/2205/1076 1563/2210/1077 1575/2211/1078
f 1547/2189/1066 1542/2188/1065 1541/2212/1065 1548/2213/1066
f 1555/2214/1079 1544/2215/1079 1543/2216/1079 1554/2217/1079
f 1586/2218/1080 1583/2219/1080 1590/2220/1080 1593/2221/1080
f 1533/2222/1065 1538/2223/1067 1548/2213/1066 1541/2212/1065
f 1589/2224/1081 1588/2225/1082 1550/2226/1083 1540/2227/1081 1546/2228/1081
f 1552/2229/1084 1598/2230/1085 1600/2231/1086 1554/2232/1084
f 1601/2233/1087 1597/2234/1088 1550/2226/1083 1588/2225/1082 1587/2235/1089
f 1545/2236/1081 1584/2237/1081 1583/2219/1081 1586/2218/1081 1589/2224/1081 1546/2228/1081
f 1544/2238/1079 1555/2239/1079 1553/2240/1079 1535/2241/1079
f 1536/2242/1079 1552/2229/1079 1554/2232/1079 1543/2243/1079
f 1562/2244/1075 1571/2245/1075 1548/2213/1066 1538/2223/1067
f 1546/2228/1090 1559/2246/1091 1570/2247/1075 1545/2236/1092
f 1534/2248/1093 1539/2249/1093 1579/2250/1094 1566/2251/1095
f 1546/2228/1090 1540/2227/1090 1578/2252/1091 1559/2246/1091
f 1556/2199/1096 1540/2198/1096 1550/2183/1064 1551/2182/1063
f 1537/2253/1092 1545/2236/1092 1570/2247/1075 1563/2254/1092
f 1571/2245/1075 1562/2244/1075 1564/2255/1075 1573/2256/1075
f 1573/2256/1075 1564/2255/1075 1565/2257/1075 1572/2258/1075
f 1572/2258/1075 1565/2257/1075 1563/2254/1092 1570/2247/1075
f 1562/2193/1069 1574/2192/1068 1576/2259/1097 1564/2260/1098
f 1564/2260/1098 1576/2259/1097 1577/2261/1099 1565/2262/1100
f 1565/2262/1100 1577/2261/1099 1575/2211/1078 1563/2210/1077
f 1579/2209/1075 1558/2208/1075 1560/2263/1075 1581/2264/1091
f 1581/2264/1091 1560/2263/1075 1561/2265/1075 1580/2266/1091
f 1580/2266/1091 1561/2265/1075 1559/2246/1091 1578/2252/1091
f 1566/2251/1095 1579/2250/1094 1581/2267/1101 1568/2268/1102
f 1568/2268/1102 1581/2267/1101 1580/2269/1103 1569/2270/1104
f 1569/2270/1104 1580/2269/1103 1578/2197/1072 1567/2196/1071
f 1558/2208/1075 1571/2245/1075 1573/2256/1075 1560/2263/1075
f 1560/2263/1075 1573/2256/1075 1572/2258/1075 1561/2265/1075
f 1561/2265/1075 1572/2258/1075 1570/2247/1075 1559/2246/1091
f 1571/2245/1075 1558/2208/1075 1547/2189/1066 1548/2213/1066
f 1555/2239/1105 1604/2271/1106 1594/2272/1107 1553/2240/1105
f 1554/2232/1108 1600/2231/1108 1602/2273/1108 1601/2233/1108 1587/2235/1108 1592/2274/1108
f 1555/2239/1109 1591/2275/1109 1582/2276/1109 1603/2277/1109 1605/2278/1109 1604/2271/1109
f 1582/2276/1110 1583/2219/1081 1584/2237/1081 1585/2279/1111
f 1586/2218/1081 1587/2235/1089 1588/2225/1082 1589/2224/1081
f 1586/2218/1112 1593/2221/1112 1592/2274/1112 1587/2235/1112
f 1582/2276/1113 1591/2275/1113 1590/2220/1113 1583/2219/1113
f 1549/2280/1114 1585/2279/1111 1584/2237/1081 1545/2236/1081 1537/2253/1081
f 1555/2214/1081 1554/2217/1081 1592/2281/1081 1593/2282/1081 1590/2283/1081 1591/2284/1081
f 1597/2234/1088 1601/2233/1087 1602/2273/1115 1599/2285/1116
f 1599/2285/1116 1602/2273/1115 1600/2231/1086 1598/2230/1085
f 1603/2277/1117 1595/2286/1118 1596/2287/1119 1605/2278/1120
f 1605/2278/1120 1596/2287/1119 1594/2272/1107 1604/2271/1106
f 1595/2286/1118 1603/2277/1117 1582/2276/1110 1585/2279/1111 1549/2280/1114
f 1777/2288/1121 1792/2289/1122 1791/2290/1123 1838/2291/1121 1840/2292/1121 1839/2293/1121 1793/2294/1121
f 1783/2295/1124 1788/2296/1125 1780/2297/1126 1775/2298/1124
f 1815/2299/1127 1803/2300/1128 1779/2301/1129 1774/2302/1129
f 1808/2303/1130 1819/2304/1131 1781/2305/1132 1797/2306/1132
f 1794/2307/1133 1835/2308/1133 1837/2309/1133 1836/2310/1133 1790/2311/1133 1778/2312/1133 1798/2313/1133 1776/2314/1133
f 1799/2315/1134 1820/2316/1134 1780/2297/1126 1788/2296/1125
f 1798/2313/1135 1778/2312/1135 1804/2317/1136 1816/2318/1137
f 1788/2296/1125 1783/2295/1124 1782/2319/1124 1789/2320/1125
f 1796/2321/1138 1785/2322/1138 1784/2323/1138 1795/2324/1138
f 1827/2325/1139 1824/2326/1139 1831/2327/1139 1834/2328/1139
f 1774/2329/1124 1779/2330/1126 1789/2320/1125 1782/2319/1124
f 1830/2331/1140 1829/2332/1141 1791/2333/1142 1781/2334/1140 1787/2335/1140
f 1793/2336/1143 1839/2337/1144 1841/2338/1145 1795/2339/1143
f 1842/2340/1146 1838/2341/1147 1791/2333/1142 1829/2332/1141 1828/2342/1148
f 1786/2343/1140 1825/2344/1140 1824/2326/1140 1827/2325/1140 1830/2331/1140 1787/2335/1140
f 1785/2345/1138 1796/2346/1138 1794/2347/1138 1776/2348/1138
f 1777/2349/1138 1793/2336/1138 1795/2339/1138 1784/2350/1138
f 1803/2351/1134 1812/2352/1134 1789/2320/1125 1779/2330/1126
f 1787/2335/1149 1800/2353/1134 1811/2354/1134 1786/2343/1134
f 1775/2355/1150 1780/2356/1150 1820/2357/1151 1807/2358/1152
f 1787/2335/1149 1781/2334/1149 1819/2359/1153 1800/2353/1134
f 1797/2306/1154 1781/2305/1154 1791/2290/1123 1792/2289/1122
f 1778/2360/1134 1786/2343/1134 1811/2354/1134 1804/2361/1134
f 1812/2352/1134 1803/2351/1134 1805/2362/1134 1814/2363/1134
f 1814/2363/1134 1805/2362/1134 1806/2364/1134 1813/2365/1134
f 1813/2365/1134 1806/2364/1134 1804/2361/1134 1811/2354/1134
f 1803/2300/1128 1815/2299/1127 1817/2366/1155 1805/2367/1156
f 1805/2367/1156 1817/2366/1155 1818/2368/1157 1806/2369/1158
f 1806/2369/1158 1818/2368/1157 1816/2318/1137 1804/2317/1136
f 1820/2316/1134 1799/2315/1134 1801/2370/1134 1822/2371/1134
f 1822/2371/1134 1801/2370/1134 1802/2372/1134 1821/2373/1134
f 1821/2373/1134 1802/2372/1134 1800/2353/1134 1819/2359/1153
f 1807/2358/1152 1820/2357/1151 1822/2374/1159 1809/2375/1160
f 1809/2375/1160 1822/2374/1159 1821/2376/1161 1810/2377/1162
f 1810/2377/1162 1821/2376/1161 1819/2304/1131 1808/2303/1130
f 1799/2315/1134 1812/2352/1134 1814/2363/1134 1801/2370/1134
f 1801/2370/1134 1814/2363/1134 1813/2365/1134 1802/2372/1134
f 1802/2372/1134 1813/2365/1134 1811/2354/1134 1800/2353/1134
f 1812/2352/1134 1799/2315/1134 1788/2296/1125 1789/2320/1125
f 1796/2346/1163 1845/2378/1164 1835/2379/1165 1794/2347/1163
f 1795/2339/1166 1841/2338/1166 1843/2380/1166 1842/2340/1166 1828/2342/1166 1833/2381/1166
f 1796/2346/1167 1832/2382/1167 1823/2383/1167 1844/2384/1167 1846/2385/1167 1845/2378/1167
f 1823/2383/1168 1824/2326/1140 1825/2344/1140 1826/2386/1169
f 1827/2325/1140 1828/2342/1148 1829/2332/1141 1830/2331/1140
f 1827/2325/1170 1834/2328/1170 1833/2381/1170 1828/2342/1170
f 1823/2383/1171 1832/2382/1171 1831/2327/1171 1824/2326/1171
f 1790/2387/1172 1826/2386/1169 1825/2344/1140 1786/2343/1140 1778/2360/1140
f 1796/2321/1140 1795/2324/1140 1833/2388/1140 1834/2389/1140 1831/2390/1140 1832/2391/1140
f 1838/2341/1147 1842/2340/1146 1843/2380/1173 1840/2392/1174
f 1840/2392/1174 1843/2380/1173 1841/2338/1145 1839/2337/1144
f 1844/2384/1175 1836/2393/1176 1837/2394/1177 1846/2385/1178
f 1846/2385/1178 1837/2394/1177 1835/2379/1165 1845/2378/1164
f 1836/2393/1176 1844/2384/1175 1823/2383/1168 1826/2386/1169 1790/2387/1172
f 2018/2395/1179 2034/2396/1179 2080/2397/1179 2081/2398/1179 2079/2399/1179 2032/2400/1180 2033/2401/1181
f 2024/2402/1182 2016/2403/1182 2021/2404/1183 2029/2405/1184
f 2056/2406/1185 2015/2407/1186 2020/2408/1186 2044/2409/1187
f 2049/2410/1188 2038/2411/1189 2022/2412/1189 2060/2413/1190
f 2035/2414/1191 2017/2415/1191 2039/2416/1191 2019/2417/1191 2031/2418/1191 2077/2419/1191 2078/2420/1191 2076/2421/1191
f 2040/2422/1192 2029/2405/1184 2021/2404/1183 2061/2423/1192
f 2039/2416/1193 2057/2424/1194 2045/2425/1195 2019/2417/1193
f 2029/2405/1184 2030/2426/1184 2023/2427/1182 2024/2402/1182
f 2037/2428/1196 2036/2429/1196 2025/2430/1196 2026/2431/1196
f 2068/2432/1197 2075/2433/1197 2072/2434/1197 2065/2435/1197
f 2015/2436/1182 2023/2427/1182 2030/2426/1184 2020/2437/1183
f 2071/2438/1198 2028/2439/1198 2022/2440/1198 2032/2441/1199 2070/2442/1200
f 2034/2443/1201 2036/2444/1201 2082/2445/1202 2080/2446/1203
f 2083/2447/1204 2069/2448/1205 2070/2442/1200 2032/2441/1199 2079/2449/1206
f 2027/2450/1198 2028/2439/1198 2071/2438/1198 2068/2432/1198 2065/2435/1198 2066/2451/1198
f 2026/2452/1196 2017/2453/1196 2035/2454/1196 2037/2455/1196
f 2018/2456/1196 2025/2457/1196 2036/2444/1196 2034/2443/1196
f 2044/2458/1192 2020/2437/1183 2030/2426/1184 2053/2459/1192
f 2028/2439/1207 2027/2450/1208 2052/2460/1192 2041/2461/1209
f 2016/2462/1210 2048/2463/1211 2061/2464/1212 2021/2465/1210
f 2028/2439/1207 2041/2461/1209 2060/2466/1209 2022/2440/1207
f 2038/2411/1213 2033/2401/1181 2032/2400/1180 2022/2412/1213
f 2019/2467/1208 2045/2468/1208 2052/2460/1192 2027/2450/1208
f 2053/2459/1192 2055/2469/1192 2046/2470/1192 2044/2458/1192
f 2055/2469/1192 2054/2471/1192 2047/2472/1192 2046/2470/1192
f 2054/2471/1192 2052/2460/1192 2045/2468/1208 2047/2472/1192
f 2044/2409/1187 2046/2473/1214 2058/2474/1215 2056/2406/1185
f 2046/2473/1214 2047/2475/1216 2059/2476/1217 2058/2474/1215
f 2047/2475/1216 2045/2425/1195 2057/2424/1194 2059/2476/1217
f 2061/2423/1192 2063/2477/1209 2042/2478/1192 2040/2422/1192
f 2063/2477/1209 2062/2479/1192 2043/2480/1192 2042/2478/1192
f 2062/2479/1192 2060/2466/1209 2041/2461/1209 2043/2480/1192
f 2048/2463/1211 2050/2481/1218 2063/2482/1219 2061/2464/1212
f 2050/2481/1218 2051/2483/1220 2062/2484/1221 2063/2482/1219
f 2051/2483/1220 2049/2410/1188 2060/2413/1190 2062/2484/1221
f 2040/2422/1192 2042/2478/1192 2055/2469/1192 2053/2459/1192
f 2042/2478/1192 2043/2480/1192 2054/2471/1192 2055/2469/1192
f 2043/2480/1192 2041/2461/1209 2052/2460/1192 2054/2471/1192
f 2053/2459/1192 2030/2426/1184 2029/2405/1184 2040/2422/1192
f 2037/2455/1222 2035/2454/1222 2076/2485/1223 2086/2486/1224
f 2036/2444/1225 2074/2487/1225 2069/2448/1225 2083/2447/1225 2084/2488/1225 2082/2445/1225
f 2037/2455/1226 2086/2486/1226 2087/2489/1226 2085/2490/1226 2064/2491/1226 2073/2492/1226
f 2064/2491/1227 2067/2493/1228 2066/2451/1198 2065/2435/1198
f 2068/2432/1198 2071/2438/1198 2070/2442/1200 2069/2448/1205
f 2068/2432/1229 2069/2448/1229 2074/2487/1229 2075/2433/1229
f 2064/2491/1230 2065/2435/1230 2072/2434/1230 2073/2492/1230
f 2031/2494/1231 2019/2467/1198 2027/2450/1198 2066/2451/1198 2067/2493/1228
f 2037/2428/1198 2073/2495/1198 2072/2496/1198 2075/2497/1198 2074/2498/1198 2036/2429/1198
f 2079/2449/1206 2081/2499/1232 2084/2488/1233 2083/2447/1204
f 2081/2499/1232 2080/2446/1203 2082/2445/1202 2084/2488/1233
f 2085/2490/1234 2087/2489/1235 2078/2500/1236 2077/2501/1237
f 2087/2489/1235 2086/2486/1224 2076/2485/1223 2078/2500/1236
f 2077/2501/1237 2031/2494/1231 2067/2493/1228 2064/2491/1227 2085/2490/1234
f 2259/2502/1238 2275/2503/1238 2321/2504/1238 2322/2505/1238 2320/2506/1238 2273/2507/1239 2274/2508/1240
f 2265/2509/1241 2257/2510/1241 2262/2511/1242 2270/2512/1243
f 2297/2513/1244 2256/2514/1245 2261/2515/1245 2285/2516/1246
f 2290/2517/1247 2279/2518/1248 2263/2519/1248 2301/2520/1249
f 2276/2521/1250 2258/2522/1250 2280/2523/1250 2260/2524/1250 2272/2525/1250 2318/2526/1250 2319/2527/1250 2317/2528/1250
f 2281/2529/1251 2270/2512/1243 2262/2511/1242 2302/2530/1252
f 2280/2523/1253 2298/2531/1254 2286/2532/1255 2260/2524/1253
f 2270/2512/1243 2271/2533/1243 2264/2534/1241 2265/2509/1241
f 2278/2535/1256 2277/2536/1256 2266/2537/1256 2267/2538/1256
f 2309/2539/1257 2316/2540/1257 2313/2541/1257 2306/2542/1257
f 2256/2543/1241 2264/2534/1241 2271/2533/1243 2261/2544/1242
f 2312/2545/1258 2269/2546/1258 2263/2547/1258 2273/2548/1259 2311/2549/1260
f 2275/2550/1261 2277/2551/1261 2323/2552/1262 2321/2553/1263
f 2324/2554/1264 2310/2555/1265 2311/2549/1260 2273/2548/1259 2320/2556/1266
f 2268/2557/1258 2269/2546/1258 2312/2545/1258 2309/2539/1258 2306/2542/1258 2307/2558/1258
f 2267/2559/1256 2258/2560/1256 2276/2561/1256 2278/2562/1256
f 2259/2563/1256 2266/2564/1256 2277/2551/1256 2275/2550/1256
f 2285/2565/1252 2261/2544/1242 2271/2533/1243 2294/2566/1252
f 2269/2546/1267 2268/2557/1251 2293/2567/1252 2282/2568/1252
f 2257/2569/1268 2289/2570/1269 2302/2571/1270 2262/2572/1268
f 2269/2546/1267 2282/2568/1252 2301/2573/1252 2263/2547/1271
f 2279/2518/1272 2274/2508/1240 2273/2507/1239 2263/2519/1272
f 2260/2574/1252 2286/2575/1252 2293/2567/1252 2268/2557/1251
f 2294/2566/1252 2296/2576/1252 2287/2577/1252 2285/2565/1252
f 2296/2576/1252 2295/2578/1252 2288/2579/1252 2287/2577/1252
f 2295/2578/1252 2293/2567/1252 2286/2575/1252 2288/2579/1252
f 2285/2516/1246 2287/2580/1273 2299/2581/1274 2297/2513/1244
f 2287/2580/1273 2288/2582/1275 2300/2583/1276 2299/2581/1274
f 2288/2582/1275 2286/2532/1255 2298/2531/1254 2300/2583/1276
f 2302/2530/1252 2304/2584/1252 2283/2585/1252 2281/2529/1251
f 2304/2584/1252 2303/2586/1252 2284/2587/1252 2283/2585/1252
f 2303/2586/1252 2301/2573/1252 2282/2568/1252 2284/2587/1252
f 2289/2570/1269 2291/2588/1277 2304/2589/1278 2302/2571/1270
f 2291/2588/1277 2292/2590/1279 2303/2591/1280 2304/2589/1278
f 2292/2590/1279 2290/2517/1247 2301/2520/1249 2303/2591/1280
f 2281/2529/1251 2283/2585/1252 2296/2576/1252 2294/2566/1252
f 2283/2585/1252 2284/2587/1252 2295/2578/1252 2296/2576/1252
f 2284/2587/1252 2282/2568/1252 2293/2567/1252 2295/2578/1252
f 2294/2566/1252 2271/2533/1243 2270/2512/1243 2281/2529/1251
f 2278/2562/1281 2276/2561/1281 2317/2592/1282 2327/2593/1283
f 2277/2551/1284 2315/2594/1284 2310/2555/1284 2324/2554/1284 2325/2595/1284 2323/2552/1284
f 2278/2562/1285 2327/2593/1285 2328/2596/1285 2326/2597/1285 2305/2598/1285 2314/2599/1285
f 2305/2598/1286 2308/2600/1287 2307/2558/1258 2306/2542/1258
f 2309/2539/1258 2312/2545/1258 2311/2549/1260 2310/2555/1265
f 2309/2539/1288 2310/2555/1288 2315/2594/1288 2316/2540/1288
f 2305/2598/1289 2306/2542/1289 2313/2541/1289 2314/2599/1289
f 2272/2601/1290 2260/2574/1258 2268/2557/1258 2307/2558/1258 2308/2600/1287
f 2278/2535/1258 2314/2602/1258 2313/2603/1258 2316/2604/1258 2315/2605/1258 2277/2536/1258
f 2320/2556/1266 2322/2606/1291 2325/2595/1292 2324/2554/1264
f 2322/2606/1291 2321/2553/1263 2323/2552/1262 2325/2595/1292
f 2326/2597/1293 2328/2596/1294 2319/2607/1295 2318/2608/1296
f 2328/2596/1294 2327/2593/1283 2317/2592/1282 2319/2607/1295
f 2318/2608/1296 2272/2601/1290 2308/2600/1287 2305/2598/1286 2326/2597/1293
f 2500/2609/1297 2516/2610/1297 2562/2611/1297 2563/2612/1297 2561/2613/1297 2514/2614/1298 2515/2615/1299
f 2506/2616/1300 2498/2617/1301 2503/2618/1302 2511/2619/1303
f 2538/2620/1304 2497/2621/1305 2502/2622/1305 2526/2623/1306
f 2531/2624/1307 2520/2625/1308 2504/2626/1308 2542/2627/1309
f 2517/2628/1310 2499/2629/1310 2521/2630/1310 2501/2631/1310 2513/2632/1310 2559/2633/1310 2560/2634/1310 2558/2635/1310
f 2522/2636/1311 2511/2619/1303 2503/2618/1302 2543/2637/1311
f 2521/2630/1312 2539/2638/1313 2527/2639/1314 2501/2631/1312
f 2511/2619/1303 2512/2640/1303 2505/2641/1315 2506/2616/1300
f 2519/2642/1316 2518/2643/1316 2507/2644/1316 2508/2645/1316
f 2550/2646/1317 2557/2647/1317 2554/2648/1317 2547/2649/1317
f 2497/2650/1315 2505/2641/1315 2512/2640/1303 2502/2651/1302
f 2553/2652/1318 2510/2653/1318 2504/2654/1318 2514/2655/1319 2552/2656/1320
f 2516/2657/1321 2518/2658/1321 2564/2659/1322 2562/2660/1323
f 2565/2661/1324 2551/2662/1325 2552/2656/1320 2514/2655/1319 2561/2663/1326
f 2509/2664/1318 2510/2653/1318 2553/2652/1318 2550/2646/1318 2547/2649/1318 2548/2665/1318
f 2508/2666/1316 2499/2667/1316 2517/2668/1316 2519/2669/1316
f 2500/2670/1316 2507/2671/1316 2518/2658/1316 2516/2657/1316
f 2526/2672/1311 2502/2651/1302 2512/2640/1303 2535/2673/1311
f 2510/2653/1327 2509/2664/1328 2534/2674/1311 2523/2675/1311
f 2498/2676/1329 2530/2677/1330 2543/2678/1331 2503/2679/1329
f 2510/2653/1327 2523/2675/1311 2542/2680/1327 2504/2654/1327
f 2520/2625/1332 2515/2615/1299 2514/2614/1298 2504/2626/1332
f 2501/2681/1311 2527/2682/1311 2534/2674/1311 2509/2664/1328
f 2535/2673/1311 2537/2683/1311 2528/2684/1327 2526/2672/1311
f 2537/2683/1311 2536/2685/1311 2529/2686/1311 2528/2684/1327
f 2536/2685/1311 2534/2674/1311 2527/2682/1311 2529/2686/1311
f 2526/2623/1306 2528/2687/1333 2540/2688/1334 2538/2620/1304
f 2528/2687/1333 2529/2689/1335 2541/2690/1336 2540/2688/1334
f 2529/2689/1335 2527/2639/1314 2539/2638/1313 2541/2690/1336
f 2543/2637/1311 2545/2691/1311 2524/2692/1311 2522/2636/1311
f 2545/2691/1311 2544/2693/1328 2525/2694/1311 2524/2692/1311
f 2544/2693/1328 2542/2680/1327 2523/2675/1311 2525/2694/1311
f 2530/2677/1330 2532/2695/1337 2545/2696/1338 2543/2678/1331
f 2532/2695/1337 2533/2697/1339 2544/2698/1340 2545/2696/1338
f 2533/2697/1339 2531/2624/1307 2542/2627/1309 2544/2698/1340
f 2522/2636/1311 2524/2692/1311 2537/2683/1311 2535/2673/1311
f 2524/2692/1311 2525/2694/1311 2536/2685/1311 2537/2683/1311
f 2525/2694/1311 2523/2675/1311 2534/2674/1311 2536/2685/1311
f 2535/2673/1311 2512/2640/1303 2511/2619/1303 2522/2636/1311
f 2519/2669/1341 2517/2668/1341 2558/2699/1342 2568/2700/1343
f 2518/2658/1344 2556/2701/1344 2551/2662/1344 2565/2661/1344 2566/2702/1344 2564/2659/1344
f 2519/2669/1345 2568/2700/1345 2569/2703/1345 2567/2704/1345 2546/2705/1345 2555/2706/1345
f 2546/2705/1346 2549/2707/1347 2548/2665/1318 2547/2649/1318
f 2550/2646/1318 2553/2652/1318 2552/2656/1320 2551/2662/1325
f 2550/2646/1348 2551/2662/1348 2556/2701/1348 2557/2647/1348
f 2546/2705/1349 2547/2649/1349 2554/2648/1349 2555/2706/1349
f 2513/2708/1350 2501/2681/1318 2509/2664/1318 2548/2665/1318 2549/2707/1347
f 2519/2642/1318 2555/2709/1318 2554/2710/1318 2557/2711/1318 2556/2712/1318 2518/2643/1318
f 2561/2663/1326 2563/2713/1351 2566/2702/1352 2565/2661/1324
f 2563/2713/1351 2562/2660/1323 2564/2659/1322 2566/2702/1352
f 2567/2704/1353 2569/2703/1354 2560/2714/1355 2559/2715/1356
f 2569/2703/1354 2568/2700/1343 2558/2699/1342 2560/2714/1355
f 2559/2715/1356 2513/2708/1350 2549/2707/1347 2546/2705/1346 2567/2704/1353
f 2741/2716/1357 2757/2717/1357 2803/2718/1357 2804/2719/1357 2802/2720/1357 2755/2721/1358 2756/2722/1359
f 2747/2723/1360 2739/2724/1360 2744/2725/1361 2752/2726/1362
f 2779/2727/1363 2738/2728/1364 2743/2729/1364 2767/2730/1365
f 2772/2731/1366 2761/2732/1367 2745/2733/1367 2783/2734/1368
f 2758/2735/1369 2740/2736/1369 2762/2737/1369 2742/2738/1369 2754/2739/1369 2800/2740/1369 2801/2741/1369 2799/2742/1369
f 2763/2743/1370 2752/2726/1362 2744/2725/1361 2784/2744/1371
f 2762/2737/1372 2780/2745/1373 2768/2746/1374 2742/2738/1372
f 2752/2726/1362 2753/2747/1362 2746/2748/1360 2747/2723/1360
f 2760/2749/1375 2759/2750/1375 2748/2751/1375 2749/2752/1375
f 2791/2753/1376 2798/2754/1376 2795/2755/1376 2788/2756/1376
f 2738/2757/1360 2746/2748/1360 2753/2747/1362 2743/2758/1361
f 2794/2759/1377 2751/2760/1377 2745/2761/1377 2755/2762/1378 2793/2763/1379
f 2757/2764/1380 2759/2765/1380 2805/2766/1381 2803/2767/1382
f 2806/2768/1383 2792/2769/1384 2793/2763/1379 2755/2762/1378 2802/2770/1385
f 2750/2771/1377 2751/2760/1377 2794/2759/1377 2791/2753/1377 2788/2756/1377 2789/2772/1377
f 2749/2773/1375 2740/2774/1375 2758/2775/1375 2760/2776/1375
f 2741/2777/1375 2748/2778/1375 2759/2765/1375 2757/2764/1375
f 2767/2779/1370 2743/2758/1361 2753/2747/1362 2776/2780/1370
f 2751/2760/1386 2750/2771/1370 2775/2781/1386 2764/2782/1370
f 2739/2783/1387 2771/2784/1388 2784/2785/1389 2744/2786/1387
f 2751/2760/1386 2764/2782/1370 2783/2787/1386 2745/2761/1386
f 2761/2732/1390 2756/2722/1359 2755/2721/1358 2745/2733/1390
f 2742/2788/1370 2768/2789/1386 2775/2781/1386 2750/2771/1370
f 2776/2780/1370 2778/2790/1370 2769/2791/1370 2767/2779/1370
f 2778/2790/1370 2777/2792/1386 2770/2793/1386 2769/2791/1370
f 2777/2792/1386 2775/2781/1386 2768/2789/1386 2770/2793/1386
f 2767/2730/1365 2769/2794/1391 2781/2795/1392 2779/2727/1363
f 2769/2794/1391 2770/2796/1393 2782/2797/1394 2781/2795/1392
f 2770/2796/1393 2768/2746/1374 2780/2745/1373 2782/2797/1394
f 2784/2744/1371 2786/2798/1370 2765/2799/1370 2763/2743/1370
f 2786/2798/1370 2785/2800/1370 2766/2801/1370 2765/2799/1370
f 2785/2800/1370 2783/2787/1386 2764/2782/1370 2766/2801/1370
f 2771/2784/1388 2773/2802/1395 2786/2803/1396 2784/2785/1389
f 2773/2802/1395 2774/2804/1397 2785/2805/1398 2786/2803/1396
f 2774/2804/1397 2772/2731/1366 2783/2734/1368 2785/2805/1398
f 2763/2743/1370 2765/2799/1370 2778/2790/1370 2776/2780/1370
f 2765/2799/1370 2766/2801/1370 2777/2792/1386 2778/2790/1370
f 2766/2801/1370 2764/2782/1370 2775/2781/1386 2777/2792/1386
f 2776/2780/1370 2753/2747/1362 2752/2726/1362 2763/2743/1370
f 2760/2776/1399 2758/2775/1399 2799/2806/1400 2809/2807/1401
f 2759/2765/1402 2797/2808/1402 2792/2769/1402 2806/2768/1402 2807/2809/1402 2805/2766/1402
f 2760/2776/1403 2809/2807/1403 2810/2810/1403 2808/2811/1403 2787/2812/1403 2796/2813/1403
f 2787/2812/1404 2790/2814/1405 2789/2772/1377 2788/2756/1377
f 2791/2753/1377 2794/2759/1377 2793/2763/1379 2792/2769/1384
f 2791/2753/1406 2792/2769/1406 2797/2808/1406 2798/2754/1406
f 2787/2812/1407 2788/2756/1407 2795/2755/1407 2796/2813/1407
f 2754/2815/1408 2742/2788/1377 2750/2771/1377 2789/2772/1377 2790/2814/1405
f 2760/2749/1377 2796/2816/1377 2795/2817/1377 2798/2818/1377 2797/2819/1377 2759/2750/1377
f 2802/2770/1385 2804/2820/1409 2807/2809/1410 2806/2768/1383
f 2804/2820/1409 2803/2767/1382 2805/2766/1381 2807/2809/1410
f 2808/2811/1411 2810/2810/1412 2801/2821/1413 2800/2822/1414
f 2810/2810/1412 2809/2807/1401 2799/2806/1400 2801/2821/1413
f 2800/2822/1414 2754/2815/1408 2790/2814/1405 2787/2812/1404 2808/2811/1411
f 2982/2823/1415 2997/2824/1416 2996/2825/1417 3043/2826/1415 3045/2827/1415 3044/2828/1415 2998/2829/1415
f 2988/2830/1418 2993/2831/1419 2985/2832/1420 2980/2833/1421
f 3020/2834/1422 3008/2835/1423 2984/2836/1424 2979/2837/1424
f 3013/2838/1425 3024/2839/1426 2986/2840/1427 3002/2841/1427
f 2999/2842/1428 3040/2843/1428 3042/2844/1428 3041/2845/1428 2995/2846/1428 2983/2847/1428 3003/2848/1428 2981/2849/1428
f 3004/2850/1429 3025/2851/1429 2985/2832/1420 2993/2831/1419
f 3003/2848/1430 2983/2847/1430 3009/2852/1431 3021/2853/1432
f 2993/2831/1419 2988/2830/1418 2987/2854/1433 2994/2855/1419
f 3001/2856/1434 2990/2857/1434 2989/2858/1434 3000/2859/1434
f 3032/2860/1435 3029/2861/1435 3036/2862/1435 3039/2863/1435
f 2979/2864/1433 2984/2865/1420 2994/2855/1419 2987/2854/1433
f 3035/2866/1436 3034/2867/1437 2996/2868/1438 2986/2869/1436 2992/2870/1436
f 2998/2871/1439 3044/2872/1440 3046/2873/1441 3000/2874/1439
f 3047/2875/1442 3043/2876/1443 2996/2868/1438 3034/2867/1437 3033/2877/1444
f 2991/2878/1436 3030/2879/1436 3029/2861/1436 3032/2860/1436 3035/2866/1436 2992/2870/1436
f 2990/2880/1434 3001/2881/1434 2999/2882/1434 2981/2883/1434
f 2982/2884/1434 2998/2871/1434 3000/2874/1434 2989/2885/1434
f 3008/2886/1429 3017/2887/1429 2994/2855/1419 2984/2865/1420
f 2992/2870/1429 3005/2888/1445 3016/2889/1429 2991/2878/1429
f 2980/2890/1446 2985/2891/1446 3025/2892/1447 3012/2893/1448
f 2992/2870/1429 2986/2869/1449 3024/2894/1429 3005/2888/1445
f 3002/2841/1450 2986/2840/1450 2996/2825/1417 2997/2824/1416
f 2983/2895/1449 2991/2878/1429 3016/2889/1429 3009/2896/1429
f 3017/2887/1429 3008/2886/1429 3010/2897/1449 3019/2898/1429
f 3019/2898/1429 3010/2897/1449 3011/2899/1429 3018/2900/1449
f 3018/2900/1449 3011/2899/1429 3009/2896/1429 3016/2889/1429
f 3008/2835/1423 3020/2834/1422 3022/2901/1451 3010/2902/1452
f 3010/2902/1452 3022/2901/1451 3023/2903/1453 3011/2904/1454
f 3011/2904/1454 3023/2903/1453 3021/2853/1432 3009/2852/1431
f 3025/2851/1429 3004/2850/1429 3006/2905/1429 3027/2906/1449
f 3027/2906/1449 3006/2905/1429 3007/2907/1429 3026/2908/1445
f 3026/2908/1445 3007/2907/1429 3005/2888/1445 3024/2894/1429
f 3012/2893/1448 3025/2892/1447 3027/2909/1455 3014/2910/1456
f 3014/2910/1456 3027/2909/1455 3026/2911/1457 3015/2912/1458
f 3015/2912/1458 3026/2911/1457 3024/2839/1426 3013/2838/1425
f 3004/2850/1429 3017/2887/1429 3019/2898/1429 3006/2905/1429
f 3006/2905/1429 3019/2898/1429 3018/2900/1449 3007/2907/1429
f 3007/2907/1429 3018/2900/1449 3016/2889/1429 3005/2888/1445
f 3017/2887/1429 3004/2850/1429 2993/2831/1419 2994/2855/1419
f 3001/2881/1459 3050/2913/1460 3040/2914/1461 2999/2882/1459
f 3000/2874/1462 3046/2873/1462 3048/2915/1462 3047/2875/1462 3033/2877/1462 3038/2916/1462
f 3001/2881/1463 3037/2917/1463 3028/2918/1463 3049/2919/1463 3051/2920/1463 3050/2913/1463
f 3028/2918/1464 3029/2861/1436 3030/2879/1436 3031/2921/1465
f 3032/2860/1436 3033/2877/1444 3034/2867/1437 3035/2866/1436
f 3032/2860/1466 3039/2863/1466 3038/2916/1466 3033/2877/1466
f 3028/2918/1467 3037/2917/1467 3036/2862/1467 3029/2861/1467
f 2995/2922/1468 3031/2921/1465 3030/2879/1436 2991/2878/1436 2983/2895/1436
f 3001/2856/1436 3000/2859/1436 3038/2923/1436 3039/2924/1436 3036/2925/1436 3037/2926/1436
f 3043/2876/1443 3047/2875/1442 3048/2915/1469 3045/2927/1470
f 3045/2927/1470 3048/2915/1469 3046/2873/1441 3044/2872/1440
f 3049/2919/1471 3041/2928/1472 3042/2929/1473 3051/2920/1474
f 3051/2920/1474 3042/2929/1473 3040/2914/1461 3050/2913/1460
f 3041/2928/1472 3049/2919/1471 3028/2918/1464 3031/2921/1465 2995/2922/1468
f 3223/2930/1475 3238/2931/1476 3237/2932/1477 3284/2933/1475 3286/2934/1475 3285/2935/1475 3239/2936/1475
f 3229/2937/1478 3234/2938/1479 3226/2939/1480 3221/2940/1478
f 3261/2941/1481 3249/2942/1482 3225/2943/1483 3220/2944/1483
f 3254/2945/1484 3265/2946/1485 3227/2947/1486 3243/2948/1486
f 3240/2949/1487 3281/2950/1487 3283/2951/1487 3282/2952/1487 3236/2953/1487 3224/2954/1487 3244/2955/1487 3222/2956/1487
f 3245/2957/1488 3266/2958/1489 3226/2939/1480 3234/2938/1479
f 3244/2955/1490 3224/2954/1490 3250/2959/1491 3262/2960/1492
f 3234/2938/1479 3229/2937/1478 3228/2961/1478 3235/2962/1479
f 3242/2963/1493 3231/2964/1493 3230/2965/1493 3241/2966/1493
f 3273/2967/1494 3270/2968/1494 3277/2969/1494 3280/2970/1494
f 3220/2971/1478 3225/2972/1480 3235/2962/1479 3228/2961/1478
f 3276/2973/1495 3275/2974/1496 3237/2975/1497 3227/2976/1495 3233/2977/1495
f 3239/2978/1498 3285/2979/1499 3287/2980/1500 3241/2981/1498
f 3288/2982/1501 3284/2983/1502 3237/2975/1497 3275/2974/1496 3274/2984/1503
f 3232/2985/1495 3271/2986/1495 3270/2968/1495 3273/2967/1495 3276/2973/1495 3233/2977/1495
f 3231/2987/1493 3242/2988/1493 3240/2989/1493 3222/2990/1493
f 3223/2991/1493 3239/2978/1493 3241/2981/1493 3230/2992/1493
f 3249/2993/1488 3258/2994/1488 3235/2962/1479 3225/2972/1480
f 3233/2977/1504 3246/2995/1489 3257/2996/1488 3232/2985/1488
f 3221/2997/1505 3226/2998/1505 3266/2999/1506 3253/3000/1507
f 3233/2977/1504 3227/2976/1504 3265/3001/1504 3246/2995/1489
f 3243/2948/1508 3227/2947/1508 3237/2932/1477 3238/2931/1476
f 3224/3002/1488 3232/2985/1488 3257/2996/1488 3250/3003/1488
f 3258/2994/1488 3249/2993/1488 3251/3004/1488 3260/3005/1488
f 3260/3005/1488 3251/3004/1488 3252/3006/1504 3259/3007/1504
f 3259/3007/1504 3252/3006/1504 3250/3003/1488 3257/2996/1488
f 3249/2942/1482 3261/2941/1481 3263/3008/1509 3251/3009/1510
f 3251/3009/1510 3263/3008/1509 3264/3010/1511 3252/3011/1512
f 3252/3011/1512 3264/3010/1511 3262/2960/1492 3250/2959/1491
f 3266/2958/1489 3245/2957/1488 3247/3012/1488 3268/3013/1488
f 3268/3013/1488 3247/3012/1488 3248/3014/1488 3267/3015/1488
f 3267/3015/1488 3248/3014/1488 3246/2995/1489 3265/3001/1504
f 3253/3000/1507 3266/2999/1506 3268/3016/1513 3255/3017/1514
f 3255/3017/1514 3268/3016/1513 3267/3018/1515 3256/3019/1516
f 3256/3019/1516 3267/3018/1515 3265/2946/1485 3254/2945/1484
f 3245/2957/1488 3258/2994/1488 3260/3005/1488 3247/3012/1488
f 3247/3012/1488 3260/3005/1488 3259/3007/1504 3248/3014/1488
f 3248/3014/1488 3259/3007/1504 3257/2996/1488 3246/2995/1489
f 3258/2994/1488 3245/2957/1488 3234/2938/1479 3235/2962/1479
f 3242/2988/1517 3291/3020/1518 3281/3021/1519 3240/2989/1517
f 3241/2981/1520 3287/2980/1520 3289/3022/1520 3288/2982/1520 3274/2984/1520 3279/3023/1520
f 3242/2988/1521 3278/3024/1521 3269/3025/1521 3290/3026/1521 3292/3027/1521 3291/3020/1521
f 3269/3025/1522 3270/2968/1495 3271/2986/1495 3272/3028/1523
f 3273/2967/1495 3274/2984/1503 3275/2974/1496 3276/2973/1495
f 3273/2967/1524 3280/2970/1524 3279/3023/1524 3274/2984/1524
f 3269/3025/1525 3278/3024/1525 3277/2969/1525 3270/2968/1525
f 3236/3029/1526 3272/3028/1523 3271/2986/1495 3232/2985/1495 3224/3002/1495
f 3242/2963/1495 3241/2966/1495 3279/3030/1495 3280/3031/1495 3277/3032/1495 3278/3033/1495
f 3284/2983/1502 3288/2982/1501 3289/3022/1527 3286/3034/1528
f 3286/3034/1528 3289/3022/1527 3287/2980/1500 3285/2979/1499
f 3290/3026/1529 3282/3035/1530 3283/3036/1531 3292/3027/1532
f 3292/3027/1532 3283/3036/1531 3281/3021/1519 3291/3020/1518
f 3282/3035/1530 3290/3026/1529 3269/3025/1522 3272/3028/1523 3236/3029/1526
f 897/3037/73 928/3038/73 927/3039/73 926/3040/73 925/3041/73 924/3042/73 923/3043/73 922/3044/73 921/3045/73 920/3046/73 919/3047/73 918/3048/73 917/3049/73 916/3050/73 915/3051/73 914/3052/73 913/3053/73 912/3054/73 911/3055/73 910/3056/73 909/3057/73 908/3058/73 907/3059/73 906/3060/73 905/3061/73 904/3062/73 903/3063/73 902/3064/73 901/3065/73 900/3066/73 899/3067/73 898/3068/73
usemtl M_Glass
f 1165/3069/562 1164/3070/562 1160/3071/562 1153/3072/562
f 1164/3070/562 1163/3073/1533 1159/3074/1534 1160/3071/562
f 1163/3073/1533 1162/3075/1535 1158/3076/1536 1159/3074/1534
f 1162/3075/1535 1166/3077/1537 1156/3078/1538 1158/3076/1536
f 1166/3077/1537 1167/3079/1539 1155/3080/1540 1156/3078/1538
f 1167/3079/1539 1168/3081/1541 1154/3082/1542 1155/3080/1540
f 1168/3081/1541 1169/3083/1543 1157/3084/1544 1154/3082/1542
f 1170/3085/562 1165/3069/562 1153/3072/562 1161/3086/562
f 1182/3087/581 1171/3088/581 1177/3089/581 1181/3090/581
f 1181/3090/581 1177/3089/581 1176/3091/1545 1180/3092/1546
f 1180/3092/1546 1176/3091/1545 1175/3093/1547 1179/3094/1548
f 1179/3094/1548 1175/3093/1547 1174/3095/1549 1183/3096/1550
f 1183/3096/1550 1174/3095/1549 1173/3097/1551 1184/3098/1552
f 1184/3098/1552 1173/3097/1551 1172/3099/1553 1185/3100/1554
f 1185/3100/1554 1172/3099/1553 1157/3101/1544 1169/3102/1543
f 1186/3103/581 1178/3104/581 1171/3088/581 1182/3087/581
f 1198/3105/619 1197/3106/619 1193/3107/619 1187/3108/619
f 1197/3106/619 1196/3109/1555 1192/3110/1556 1193/3107/619
f 1196/3109/1555 1195/3111/1557 1191/3112/1558 1192/3110/1556
f 1195/3111/1557 1199/3113/1559 1190/3114/1560 1191/3112/1558
f 1199/3113/1559 1200/3115/1561 1189/3116/1562 1190/3114/1560
f 1200/3115/1561 1201/3117/1563 1188/3118/1564 1189/3116/1562
f 1201/3117/1563 1202/3119/1565 1208/3120/1566 1188/3118/1564
f 1203/3121/619 1198/3105/619 1187/3108/619 1194/3122/619
f 1216/3123/601 1204/3124/601 1211/3125/601 1215/3126/601
f 1215/3126/601 1211/3125/601 1210/3127/1567 1214/3128/1568
f 1214/3128/1568 1210/3127/1567 1209/3129/1569 1213/3130/1570
f 1213/3130/1570 1209/3129/1569 1207/3131/1571 1217/3132/1572
f 1217/3132/1572 1207/3131/1571 1206/3133/1573 1218/3134/1574
f 1218/3134/1574 1206/3133/1573 1205/3135/1575 1219/3136/1576
f 1219/3136/1576 1205/3135/1575 1208/3137/1566 1202/3138/1565
f 1220/3139/601 1212/3140/601 1204/3124/601 1216/3123/601
usemtl MI_Trim_02_Rails
f 1606/3141/1577 1607/3142/1578 1621/3143/1579 1620/3144/1580
f 1630/3145/1581 1631/3146/1582 1645/3147/1583 1644/3148/1584
f 1618/3149/1585 1619/3150/1586 1633/3151/1587 1632/3152/1588
f 1611/3153/1589 1612/3154/1590 1626/3155/1591 1625/3156/1592
f 1616/3157/1593 1617/3158/1594 1631/3146/1582 1630/3145/1581
f 1609/3159/1595 1610/3160/1596 1624/3161/1597 1623/3162/1598
f 1614/3163/1599 1615/3164/1600 1629/3165/1601 1628/3166/1602
f 1619/3150/1586 1606/3167/1577 1620/3168/1580 1633/3151/1587
f 1607/3142/1578 1608/3169/1603 1622/3170/1604 1621/3143/1579
f 1612/3154/1590 1613/3171/1605 1627/3172/1606 1626/3155/1591
f 1617/3158/1594 1618/3149/1585 1632/3152/1588 1631/3146/1582
f 1610/3160/1596 1611/3153/1589 1625/3156/1592 1624/3161/1597
f 1615/3164/1600 1616/3157/1593 1630/3145/1581 1629/3165/1601
f 1608/3169/1603 1609/3159/1595 1623/3162/1598 1622/3170/1604
f 1613/3171/1605 1614/3163/1599 1628/3166/1602 1627/3172/1606
f 1638/3173/1607 1639/3174/1608 1653/3175/1609 1652/3176/1610
f 1623/3162/1598 1624/3161/1597 1638/3173/1607 1637/3177/1611
f 1631/3146/1582 1632/3152/1588 1646/3178/1612 1645/3147/1583
f 1624/3161/1597 1625/3156/1592 1639/3174/1608 1638/3173/1607
f 1632/3152/1588 1633/3151/1587 1647/3179/1613 1646/3178/1612
f 1625/3156/1592 1626/3155/1591 1640/3180/1614 1639/3174/1608
f 1633/3151/1587 1620/3168/1580 1634/3181/1615 1647/3179/1613
f 1626/3155/1591 1627/3172/1606 1641/3182/1616 1640/3180/1614
f 1627/3172/1606 1628/3166/1602 1642/3183/1617 1641/3182/1616
f 1620/3144/1580 1621/3143/1579 1635/3184/1618 1634/3185/1615
f 1628/3166/1602 1629/3165/1601 1643/3186/1619 1642/3183/1617
f 1621/3143/1579 1622/3170/1604 1636/3187/1620 1635/3184/1618
f 1629/3165/1601 1630/3145/1581 1644/3148/1584 1643/3186/1619
f 1622/3170/1604 1623/3162/1598 1637/3177/1611 1636/3187/1620
f 1646/3178/1612 1647/3179/1613 1661/3188/1621 1660/3189/1622
f 1639/3174/1608 1640/3180/1614 1654/3190/1623 1653/3175/1609
f 1647/3179/1613 1634/3181/1615 1648/3191/1624 1661/3188/1621
f 1640/3180/1614 1641/3182/1616 1655/3192/1625 1654/3190/1623
f 1641/3182/1616 1642/3183/1617 1656/3193/1626 1655/3192/1625
f 1634/3185/1615 1635/3184/1618 1649/3194/1627 1648/3195/1624
f 1642/3183/1617 1643/3186/1619 1657/3196/1628 1656/3193/1626
f 1635/3184/1618 1636/3187/1620 1650/3197/1629 1649/3194/1627
f 1643/3186/1619 1644/3148/1584 1658/3198/1630 1657/3196/1628
f 1636/3187/1620 1637/3177/1611 1651/3199/1631 1650/3197/1629
f 1644/3148/1584 1645/3147/1583 1659/3200/1632 1658/3198/1630
f 1637/3177/1611 1638/3173/1607 1652/3176/1610 1651/3199/1631
f 1645/3147/1583 1646/3178/1612 1660/3189/1622 1659/3200/1632
f 1616/3157/1593 1615/3164/1600 1671/3201/1633 1672/3202/1634
f 1609/3159/1595 1608/3169/1603 1664/3203/1635 1665/3204/1636
f 1617/3158/1594 1616/3157/1593 1672/3202/1634 1673/3205/1637
f 1610/3160/1596 1609/3159/1595 1665/3204/1636 1666/3206/1638
f 1618/3149/1585 1617/3158/1594 1673/3205/1637 1674/3207/1639
f 1611/3153/1589 1610/3160/1596 1666/3206/1638 1667/3208/1640
f 1619/3150/1586 1618/3149/1585 1674/3207/1639 1675/3209/1641
f 1612/3154/1590 1611/3153/1589 1667/3208/1640 1668/3210/1642
f 1606/3167/1577 1619/3150/1586 1675/3209/1641 1662/3211/1643
f 1613/3171/1605 1612/3154/1590 1668/3210/1642 1669/3212/1644
f 1614/3163/1599 1613/3171/1605 1669/3212/1644 1670/3213/1645
f 1607/3142/1578 1606/3141/1577 1662/3214/1643 1663/3215/1646
f 1615/3164/1600 1614/3163/1599 1670/3213/1645 1671/3201/1633
f 1608/3169/1603 1607/3142/1578 1663/3215/1646 1664/3203/1635
f 1670/3213/1645 1740/3216/1647 1741/3217/1648 1671/3201/1633
f 1662/3214/1643 1732/3218/1649 1733/3219/1650 1663/3215/1646
f 1669/3212/1644 1739/3220/1651 1740/3216/1647 1670/3213/1645
f 1668/3210/1642 1738/3221/1652 1739/3220/1651 1669/3212/1644
f 1675/3209/1641 1745/3222/1653 1732/3223/1649 1662/3211/1643
f 1667/3208/1640 1737/3224/1654 1738/3221/1652 1668/3210/1642
f 1674/3207/1639 1744/3225/1655 1745/3222/1653 1675/3209/1641
f 1666/3206/1638 1736/3226/1656 1737/3224/1654 1667/3208/1640
f 1673/3205/1637 1743/3227/1657 1744/3225/1655 1674/3207/1639
f 1665/3204/1636 1735/3228/1658 1736/3226/1656 1666/3206/1638
f 1672/3202/1634 1742/3229/1659 1743/3227/1657 1673/3205/1637
f 1664/3203/1635 1734/3230/1660 1735/3228/1658 1665/3204/1636
f 1671/3201/1633 1741/3217/1648 1742/3229/1659 1672/3202/1634
f 1676/3231/1661 1690/3232/1662 1691/3233/1663 1677/3234/1664
f 1700/3235/1665 1714/3236/1666 1715/3237/1667 1701/3238/1668
f 1688/3239/1669 1702/3240/1670 1703/3241/1671 1689/3242/1672
f 1681/3243/1673 1695/3244/1674 1696/3245/1675 1682/3246/1676
f 1686/3247/1677 1700/3235/1665 1701/3238/1668 1687/3248/1678
f 1679/3249/1679 1693/3250/1680 1694/3251/1681 1680/3252/1682
f 1684/3253/1683 1698/3254/1684 1699/3255/1685 1685/3256/1686
f 1689/3242/1672 1703/3241/1671 1690/3257/1662 1676/3258/1661
f 1677/3234/1664 1691/3233/1663 1692/3259/1687 1678/3260/1688
f 1682/3246/1676 1696/3245/1675 1697/3261/1689 1683/3262/1690
f 1687/3248/1678 1701/3238/1668 1702/3240/1670 1688/3239/1669
f 1680/3252/1682 1694/3251/1681 1695/3244/1674 1681/3243/1673
f 1685/3256/1686 1699/3255/1685 1700/3235/1665 1686/3247/1677
f 1678/3260/1688 1692/3259/1687 1693/3250/1680 1679/3249/1679
f 1683/3262/1690 1697/3261/1689 1698/3254/1684 1684/3253/1683
f 1708/3263/1691 1722/3264/1692 1723/3265/1693 1709/3266/1694
f 1693/3250/1680 1707/3267/1695 1708/3263/1691 1694/3251/1681
f 1701/3238/1668 1715/3237/1667 1716/3268/1696 1702/3240/1670
f 1694/3251/1681 1708/3263/1691 1709/3266/1694 1695/3244/1674
f 1702/3240/1670 1716/3268/1696 1717/3269/1697 1703/3241/1671
f 1695/3244/1674 1709/3266/1694 1710/3270/1698 1696/3245/1675
f 1703/3241/1671 1717/3269/1697 1704/3271/1699 1690/3257/1662
f 1696/3245/1675 1710/3270/1698 1711/3272/1700 1697/3261/1689
f 1697/3261/1689 1711/3272/1700 1712/3273/1701 1698/3254/1684
f 1690/3232/1662 1704/3274/1699 1705/3275/1702 1691/3233/1663
f 1698/3254/1684 1712/3273/1701 1713/3276/1703 1699/3255/1685
f 1691/3233/1663 1705/3275/1702 1706/3277/1704 1692/3259/1687
f 1699/3255/1685 1713/3276/1703 1714/3236/1666 1700/3235/1665
f 1692/3259/1687 1706/3277/1704 1707/3267/1695 1693/3250/1680
f 1716/3268/1696 1730/3278/1705 1731/3279/1706 1717/3269/1697
f 1709/3266/1694 1723/3265/1693 1724/3280/1707 1710/3270/1698
f 1717/3269/1697 1731/3279/1706 1718/3281/1708 1704/3271/1699
f 1710/3270/1698 1724/3280/1707 1725/3282/1709 1711/3272/1700
f 1711/3272/1700 1725/3282/1709 1726/3283/1710 1712/3273/1701
f 1704/3274/1699 1718/3284/1708 1719/3285/1711 1705/3275/1702
f 1712/3273/1701 1726/3283/1710 1727/3286/1712 1713/3276/1703
f 1705/3275/1702 1719/3285/1711 1720/3287/1713 1706/3277/1704
f 1713/3276/1703 1727/3286/1712 1728/3288/1714 1714/3236/1666
f 1706/3277/1704 1720/3287/1713 1721/3289/1715 1707/3267/1695
f 1714/3236/1666 1728/3288/1714 1729/3290/1716 1715/3237/1667
f 1707/3267/1695 1721/3289/1715 1722/3264/1692 1708/3263/1691
f 1715/3237/1667 1729/3290/1716 1730/3278/1705 1716/3268/1696
f 1686/3247/1677 1742/3229/1659 1741/3217/1648 1685/3256/1686
f 1679/3249/1679 1735/3228/1658 1734/3230/1660 1678/3260/1688
f 1687/3248/1678 1743/3227/1657 1742/3229/1659 1686/3247/1677
f 1680/3252/1682 1736/3226/1656 1735/3228/1658 1679/3249/1679
f 1688/3239/1669 1744/3225/1655 1743/3227/1657 1687/3248/1678
f 1681/3243/1673 1737/3224/1654 1736/3226/1656 1680/3252/1682
f 1689/3242/1672 1745/3222/1653 1744/3225/1655 1688/3239/1669
f 1682/3246/1676 1738/3221/1652 1737/3224/1654 1681/3243/1673
f 1676/3258/1661 1732/3223/1649 1745/3222/1653 1689/3242/1672
f 1683/3262/1690 1739/3220/1651 1738/3221/1652 1682/3246/1676
f 1684/3253/1683 1740/3216/1647 1739/3220/1651 1683/3262/1690
f 1677/3234/1664 1733/3219/1650 1732/3218/1649 1676/3231/1661
f 1685/3256/1686 1741/3217/1648 1740/3216/1647 1684/3253/1683
f 1678/3260/1688 1734/3230/1660 1733/3219/1650 1677/3234/1664
f 1663/3215/1646 1733/3219/1650 1734/3230/1660 1664/3203/1635
f 1724/3280/1707 1750/3291/1717 1752/3292/1718 1725/3282/1709
f 1731/3279/1706 1748/3293/1719 1751/3294/1720 1718/3281/1708
f 1723/3265/1693 1746/3295/1721 1750/3291/1717 1724/3280/1707
f 1730/3278/1705 1749/3296/1722 1748/3293/1719 1731/3279/1706
f 1722/3264/1692 1747/3297/1723 1746/3295/1721 1723/3265/1693
f 1729/3290/1716 1759/3298/1724 1749/3296/1722 1730/3278/1705
f 1721/3289/1715 1758/3299/1725 1747/3297/1723 1722/3264/1692
f 1728/3288/1714 1757/3300/1726 1759/3298/1724 1729/3290/1716
f 1720/3287/1713 1756/3301/1727 1758/3299/1725 1721/3289/1715
f 1727/3286/1712 1755/3302/1728 1757/3300/1726 1728/3288/1714
f 1719/3285/1711 1754/3303/1729 1756/3301/1727 1720/3287/1713
f 1726/3283/1710 1753/3304/1730 1755/3302/1728 1727/3286/1712
f 1725/3282/1709 1752/3292/1718 1753/3304/1730 1726/3283/1710
f 1718/3284/1708 1751/3305/1720 1754/3303/1729 1719/3285/1711
f 1649/3194/1627 1768/3306/1731 1765/3307/1732 1648/3195/1624
f 1655/3192/1625 1766/3308/1733 1764/3309/1734 1654/3190/1623
f 1648/3191/1624 1765/3310/1732 1762/3311/1735 1661/3188/1621
f 1654/3190/1623 1764/3309/1734 1760/3312/1736 1653/3175/1609
f 1661/3188/1621 1762/3311/1735 1763/3313/1737 1660/3189/1622
f 1653/3175/1609 1760/3312/1736 1761/3314/1738 1652/3176/1610
f 1660/3189/1622 1763/3313/1737 1773/3315/1739 1659/3200/1632
f 1652/3176/1610 1761/3314/1738 1772/3316/1740 1651/3199/1631
f 1659/3200/1632 1773/3315/1739 1771/3317/1741 1658/3198/1630
f 1651/3199/1631 1772/3316/1740 1770/3318/1742 1650/3197/1629
f 1658/3198/1630 1771/3317/1741 1769/3319/1743 1657/3196/1628
f 1650/3197/1629 1770/3318/1742 1768/3306/1731 1649/3194/1627
f 1657/3196/1628 1769/3319/1743 1767/3320/1744 1656/3193/1626
f 1656/3193/1626 1767/3320/1744 1766/3308/1733 1655/3192/1625
f 1847/3321/1745 1848/3322/1746 1862/3323/1747 1861/3324/1748
f 1871/3325/1749 1872/3326/1750 1886/3327/1751 1885/3328/1752
f 1859/3329/1753 1860/3330/1754 1874/3331/1755 1873/3332/1756
f 1852/3333/1757 1853/3334/1758 1867/3335/1759 1866/3336/1760
f 1857/3337/1761 1858/3338/1762 1872/3326/1750 1871/3325/1749
f 1850/3339/1763 1851/3340/1764 1865/3341/1765 1864/3342/1766
f 1855/3343/1767 1856/3344/1768 1870/3345/1769 1869/3346/1770
f 1860/3330/1754 1847/3347/1745 1861/3348/1748 1874/3331/1755
f 1848/3322/1746 1849/3349/1771 1863/3350/1772 1862/3323/1747
f 1853/3334/1758 1854/3351/1773 1868/3352/1774 1867/3335/1759
f 1858/3338/1762 1859/3329/1753 1873/3332/1756 1872/3326/1750
f 1851/3340/1764 1852/3333/1757 1866/3336/1760 1865/3341/1765
f 1856/3344/1768 1857/3337/1761 1871/3325/1749 1870/3345/1769
f 1849/3349/1771 1850/3339/1763 1864/3342/1766 1863/3350/1772
f 1854/3351/1773 1855/3343/1767 1869/3346/1770 1868/3352/1774
f 1879/3353/1775 1880/3354/1776 1894/3355/1777 1893/3356/1778
f 1864/3342/1766 1865/3341/1765 1879/3353/1775 1878/3357/1779
f 1872/3326/1750 1873/3332/1756 1887/3358/1780 1886/3327/1751
f 1865/3341/1765 1866/3336/1760 1880/3354/1776 1879/3353/1775
f 1873/3332/1756 1874/3331/1755 1888/3359/1781 1887/3358/1780
f 1866/3336/1760 1867/3335/1759 1881/3360/1782 1880/3354/1776
f 1874/3331/1755 1861/3348/1748 1875/3361/1783 1888/3359/1781
f 1867/3335/1759 1868/3352/1774 1882/3362/1784 1881/3360/1782
f 1868/3352/1774 1869/3346/1770 1883/3363/1785 1882/3362/1784
f 1861/3324/1748 1862/3323/1747 1876/3364/1786 1875/3365/1783
f 1869/3346/1770 1870/3345/1769 1884/3366/1787 1883/3363/1785
f 1862/3323/1747 1863/3350/1772 1877/3367/1788 1876/3364/1786
f 1870/3345/1769 1871/3325/1749 1885/3328/1752 1884/3366/1787
f 1863/3350/1772 1864/3342/1766 1878/3357/1779 1877/3367/1788
f 1887/3358/1780 1888/3359/1781 1902/3368/1789 1901/3369/1790
f 1880/3354/1776 1881/3360/1782 1895/3370/1791 1894/3355/1777
f 1888/3359/1781 1875/3361/1783 1889/3371/1792 1902/3368/1789
f 1881/3360/1782 1882/3362/1784 1896/3372/1793 1895/3370/1791
f 1882/3362/1784 1883/3363/1785 1897/3373/1794 1896/3372/1793
f 1875/3365/1783 1876/3364/1786 1890/3374/1795 1889/3375/1792
f 1883/3363/1785 1884/3366/1787 1898/3376/1796 1897/3373/1794
f 1876/3364/1786 1877/3367/1788 1891/3377/1797 1890/3374/1795
f 1884/3366/1787 1885/3328/1752 1899/3378/1798 1898/3376/1796
f 1877/3367/1788 1878/3357/1779 1892/3379/1799 1891/3377/1797
f 1885/3328/1752 1886/3327/1751 1900/3380/1800 1899/3378/1798
f 1878/3357/1779 1879/3353/1775 1893/3356/1778 1892/3379/1799
f 1886/3327/1751 1887/3358/1780 1901/3369/1790 1900/3380/1800
f 1857/3337/1761 1856/3344/1768 1912/3381/1801 1913/3382/1802
f 1850/3339/1763 1849/3349/1771 1905/3383/1803 1906/3384/1804
f 1858/3338/1762 1857/3337/1761 1913/3382/1802 1914/3385/1805
f 1851/3340/1764 1850/3339/1763 1906/3384/1804 1907/3386/1806
f 1859/3329/1753 1858/3338/1762 1914/3385/1805 1915/3387/1807
f 1852/3333/1757 1851/3340/1764 1907/3386/1806 1908/3388/1808
f 1860/3330/1754 1859/3329/1753 1915/3387/1807 1916/3389/1809
f 1853/3334/1758 1852/3333/1757 1908/3388/1808 1909/3390/1810
f 1847/3347/1745 1860/3330/1754 1916/3389/1809 1903/3391/1811
f 1854/3351/1773 1853/3334/1758 1909/3390/1810 1910/3392/1812
f 1855/3343/1767 1854/3351/1773 1910/3392/1812 1911/3393/1813
f 1848/3322/1746 1847/3321/1745 1903/3394/1811 1904/3395/1814
f 1856/3344/1768 1855/3343/1767 1911/3393/1813 1912/3381/1801
f 1849/3349/1771 1848/3322/1746 1904/3395/1814 1905/3383/1803
f 1911/3393/1813 1981/3396/1815 1982/3397/1816 1912/3381/1801
f 1903/3394/1811 1973/3398/1817 1974/3399/1818 1904/3395/1814
f 1910/3392/1812 1980/3400/1819 1981/3396/1815 1911/3393/1813
f 1909/3390/1810 1979/3401/1820 1980/3400/1819 1910/3392/1812
f 1916/3389/1809 1986/3402/1821 1973/3403/1817 1903/3391/1811
f 1908/3388/1808 1978/3404/1822 1979/3401/1820 1909/3390/1810
f 1915/3387/1807 1985/3405/1823 1986/3402/1821 1916/3389/1809
f 1907/3386/1806 1977/3406/1824 1978/3404/1822 1908/3388/1808
f 1914/3385/1805 1984/3407/1825 1985/3405/1823 1915/3387/1807
f 1906/3384/1804 1976/3408/1826 1977/3406/1824 1907/3386/1806
f 1913/3382/1802 1983/3409/1827 1984/3407/1825 1914/3385/1805
f 1905/3383/1803 1975/3410/1828 1976/3408/1826 1906/3384/1804
f 1912/3381/1801 1982/3397/1816 1983/3409/1827 1913/3382/1802
f 1917/3411/1829 1931/3412/1830 1932/3413/1831 1918/3414/1832
f 1941/3415/1833 1955/3416/1834 1956/3417/1835 1942/3418/1836
f 1929/3419/1837 1943/3420/1838 1944/3421/1839 1930/3422/1840
f 1922/3423/1841 1936/3424/1842 1937/3425/1843 1923/3426/1844
f 1927/3427/1845 1941/3415/1833 1942/3418/1836 1928/3428/1846
f 1920/3429/1847 1934/3430/1848 1935/3431/1849 1921/3432/1850
f 1925/3433/1851 1939/3434/1852 1940/3435/1853 1926/3436/1854
f 1930/3422/1840 1944/3421/1839 1931/3437/1830 1917/3438/1829
f 1918/3414/1832 1932/3413/1831 1933/3439/1855 1919/3440/1856
f 1923/3426/1844 1937/3425/1843 1938/3441/1857 1924/3442/1858
f 1928/3428/1846 1942/3418/1836 1943/3420/1838 1929/3419/1837
f 1921/3432/1850 1935/3431/1849 1936/3424/1842 1922/3423/1841
f 1926/3436/1854 1940/3435/1853 1941/3415/1833 1927/3427/1845
f 1919/3440/1856 1933/3439/1855 1934/3430/1848 1920/3429/1847
f 1924/3442/1858 1938/3441/1857 1939/3434/1852 1925/3433/1851
f 1949/3443/1859 1963/3444/1860 1964/3445/1861 1950/3446/1862
f 1934/3430/1848 1948/3447/1863 1949/3443/1859 1935/3431/1849
f 1942/3418/1836 1956/3417/1835 1957/3448/1864 1943/3420/1838
f 1935/3431/1849 1949/3443/1859 1950/3446/1862 1936/3424/1842
f 1943/3420/1838 1957/3448/1864 1958/3449/1865 1944/3421/1839
f 1936/3424/1842 1950/3446/1862 1951/3450/1866 1937/3425/1843
f 1944/3421/1839 1958/3449/1865 1945/3451/1867 1931/3437/1830
f 1937/3425/1843 1951/3450/1866 1952/3452/1868 1938/3441/1857
f 1938/3441/1857 1952/3452/1868 1953/3453/1869 1939/3434/1852
f 1931/3412/1830 1945/3454/1867 1946/3455/1870 1932/3413/1831
f 1939/3434/1852 1953/3453/1869 1954/3456/1871 1940/3435/1853
f 1932/3413/1831 1946/3455/1870 1947/3457/1872 1933/3439/1855
f 1940/3435/1853 1954/3456/1871 1955/3416/1834 1941/3415/1833
f 1933/3439/1855 1947/3457/1872 1948/3447/1863 1934/3430/1848
f 1957/3448/1864 1971/3458/1873 1972/3459/1874 1958/3449/1865
f 1950/3446/1862 1964/3445/1861 1965/3460/1875 1951/3450/1866
f 1958/3449/1865 1972/3459/1874 1959/3461/1876 1945/3451/1867
f 1951/3450/1866 1965/3460/1875 1966/3462/1877 1952/3452/1868
f 1952/3452/1868 1966/3462/1877 1967/3463/1878 1953/3453/1869
f 1945/3454/1867 1959/3464/1876 1960/3465/1879 1946/3455/1870
f 1953/3453/1869 1967/3463/1878 1968/3466/1880 1954/3456/1871
f 1946/3455/1870 1960/3465/1879 1961/3467/1881 1947/3457/1872
f 1954/3456/1871 1968/3466/1880 1969/3468/1882 1955/3416/1834
f 1947/3457/1872 1961/3467/1881 1962/3469/1883 1948/3447/1863
f 1955/3416/1834 1969/3468/1882 1970/3470/1884 1956/3417/1835
f 1948/3447/1863 1962/3469/1883 1963/3444/1860 1949/3443/1859
f 1956/3417/1835 1970/3470/1884 1971/3458/1873 1957/3448/1864
f 1927/3427/1845 1983/3409/1827 1982/3397/1816 1926/3436/1854
f 1920/3429/1847 1976/3408/1826 1975/3410/1828 1919/3440/1856
f 1928/3428/1846 1984/3407/1825 1983/3409/1827 1927/3427/1845
f 1921/3432/1850 1977/3406/1824 1976/3408/1826 1920/3429/1847
f 1929/3419/1837 1985/3405/1823 1984/3407/1825 1928/3428/1846
f 1922/3423/1841 1978/3404/1822 1977/3406/1824 1921/3432/1850
f 1930/3422/1840 1986/3402/1821 1985/3405/1823 1929/3419/1837
f 1923/3426/1844 1979/3401/1820 1978/3404/1822 1922/3423/1841
f 1917/3438/1829 1973/3403/1817 1986/3402/1821 1930/3422/1840
f 1924/3442/1858 1980/3400/1819 1979/3401/1820 1923/3426/1844
f 1925/3433/1851 1981/3396/1815 1980/3400/1819 1924/3442/1858
f 1918/3414/1832 1974/3399/1818 1973/3398/1817 1917/3411/1829
f 1926/3436/1854 1982/3397/1816 1981/3396/1815 1925/3433/1851
f 1919/3440/1856 1975/3410/1828 1974/3399/1818 1918/3414/1832
f 1904/3395/1814 1974/3399/1818 1975/3410/1828 1905/3383/1803
f 1965/3460/1875 1991/3471/1885 1993/3472/1886 1966/3462/1877
f 1972/3459/1874 1989/3473/1887 1992/3474/1888 1959/3461/1876
f 1964/3445/1861 1987/3475/1889 1991/3471/1885 1965/3460/1875
f 1971/3458/1873 1990/3476/1890 1989/3473/1887 1972/3459/1874
f 1963/3444/1860 1988/3477/1891 1987/3475/1889 1964/3445/1861
f 1970/3470/1884 2000/3478/1892 1990/3476/1890 1971/3458/1873
f 1962/3469/1883 1999/3479/1893 1988/3477/1891 1963/3444/1860
f 1969/3468/1882 1998/3480/1894 2000/3478/1892 1970/3470/1884
f 1961/3467/1881 1997/3481/1895 1999/3479/1893 1962/3469/1883
f 1968/3466/1880 1996/3482/1896 1998/3480/1894 1969/3468/1882
f 1960/3465/1879 1995/3483/1897 1997/3481/1895 1961/3467/1881
f 1967/3463/1878 1994/3484/1898 1996/3482/1896 1968/3466/1880
f 1966/3462/1877 1993/3472/1886 1994/3484/1898 1967/3463/1878
f 1959/3464/1876 1992/3485/1888 1995/3483/1897 1960/3465/1879
f 1890/3374/1795 2009/3486/1899 2006/3487/1900 1889/3375/1792
f 1896/3372/1793 2007/3488/1901 2005/3489/1902 1895/3370/1791
f 1889/3371/1792 2006/3490/1900 2003/3491/1903 1902/3368/1789
f 1895/3370/1791 2005/3489/1902 2001/3492/1904 1894/3355/1777
f 1902/3368/1789 2003/3491/1903 2004/3493/1905 1901/3369/1790
f 1894/3355/1777 2001/3492/1904 2002/3494/1906 1893/3356/1778
f 1901/3369/1790 2004/3493/1905 2014/3495/1907 1900/3380/1800
f 1893/3356/1778 2002/3494/1906 2013/3496/1908 1892/3379/1799
f 1900/3380/1800 2014/3495/1907 2012/3497/1909 1899/3378/1798
f 1892/3379/1799 2013/3496/1908 2011/3498/1910 1891/3377/1797
f 1899/3378/1798 2012/3497/1909 2010/3499/1911 1898/3376/1796
f 1891/3377/1797 2011/3498/1910 2009/3486/1899 1890/3374/1795
f 1898/3376/1796 2010/3499/1911 2008/3500/1912 1897/3373/1794
f 1897/3373/1794 2008/3500/1912 2007/3488/1901 1896/3372/1793
f 2088/3501/1913 2102/3502/1914 2103/3503/1915 2089/3504/1916
f 2112/3505/1917 2126/3506/1918 2127/3507/1919 2113/3508/1920
f 2100/3509/1921 2114/3510/1922 2115/3511/1923 2101/3512/1924
f 2093/3513/1925 2107/3514/1926 2108/3515/1927 2094/3516/1928
f 2098/3517/1929 2112/3505/1917 2113/3508/1920 2099/3518/1930
f 2091/3519/1931 2105/3520/1932 2106/3521/1933 2092/3522/1934
f 2096/3523/1935 2110/3524/1936 2111/3525/1937 2097/3526/1938
f 2101/3512/1924 2115/3511/1923 2102/3527/1914 2088/3528/1913
f 2089/3504/1916 2103/3503/1915 2104/3529/1939 2090/3530/1940
f 2094/3516/1928 2108/3515/1927 2109/3531/1941 2095/3532/1942
f 2099/3518/1930 2113/3508/1920 2114/3510/1922 2100/3509/1921
f 2092/3522/1934 2106/3521/1933 2107/3514/1926 2093/3513/1925
f 2097/3526/1938 2111/3525/1937 2112/3505/1917 2098/3517/1929
f 2090/3530/1940 2104/3529/1939 2105/3520/1932 2091/3519/1931
f 2095/3532/1942 2109/3531/1941 2110/3524/1936 2096/3523/1935
f 2120/3533/1943 2134/3534/1944 2135/3535/1945 2121/3536/1946
f 2105/3520/1932 2119/3537/1947 2120/3533/1943 2106/3521/1933
f 2113/3508/1920 2127/3507/1919 2128/3538/1948 2114/3510/1922
f 2106/3521/1933 2120/3533/1943 2121/3536/1946 2107/3514/1926
f 2114/3510/1922 2128/3538/1948 2129/3539/1949 2115/3511/1923
f 2107/3514/1926 2121/3536/1946 2122/3540/1950 2108/3515/1927
f 2115/3511/1923 2129/3539/1949 2116/3541/1951 2102/3527/1914
f 2108/3515/1927 2122/3540/1950 2123/3542/1952 2109/3531/1941
f 2109/3531/1941 2123/3542/1952 2124/3543/1953 2110/3524/1936
f 2102/3502/1914 2116/3544/1951 2117/3545/1954 2103/3503/1915
f 2110/3524/1936 2124/3543/1953 2125/3546/1955 2111/3525/1937
f 2103/3503/1915 2117/3545/1954 2118/3547/1956 2104/3529/1939
f 2111/3525/1937 2125/3546/1955 2126/3506/1918 2112/3505/1917
f 2104/3529/1939 2118/3547/1956 2119/3537/1947 2105/3520/1932
f 2128/3538/1948 2142/3548/1957 2143/3549/1958 2129/3539/1949
f 2121/3536/1946 2135/3535/1945 2136/3550/1959 2122/3540/1950
f 2129/3539/1949 2143/3549/1958 2130/3551/1960 2116/3541/1951
f 2122/3540/1950 2136/3550/1959 2137/3552/1961 2123/3542/1952
f 2123/3542/1952 2137/3552/1961 2138/3553/1962 2124/3543/1953
f 2116/3544/1951 2130/3554/1960 2131/3555/1963 2117/3545/1954
f 2124/3543/1953 2138/3553/1962 2139/3556/1964 2125/3546/1955
f 2117/3545/1954 2131/3555/1963 2132/3557/1965 2118/3547/1956
f 2125/3546/1955 2139/3556/1964 2140/3558/1966 2126/3506/1918
f 2118/3547/1956 2132/3557/1965 2133/3559/1967 2119/3537/1947
f 2126/3506/1918 2140/3558/1966 2141/3560/1968 2127/3507/1919
f 2119/3537/1947 2133/3559/1967 2134/3534/1944 2120/3533/1943
f 2127/3507/1919 2141/3560/1968 2142/3548/1957 2128/3538/1948
f 2098/3517/1929 2154/3561/1969 2153/3562/1970 2097/3526/1938
f 2091/3519/1931 2147/3563/1971 2146/3564/1972 2090/3530/1940
f 2099/3518/1930 2155/3565/1973 2154/3561/1969 2098/3517/1929
f 2092/3522/1934 2148/3566/1974 2147/3563/1971 2091/3519/1931
f 2100/3509/1921 2156/3567/1975 2155/3565/1973 2099/3518/1930
f 2093/3513/1925 2149/3568/1976 2148/3566/1974 2092/3522/1934
f 2101/3512/1924 2157/3569/1977 2156/3567/1975 2100/3509/1921
f 2094/3516/1928 2150/3570/1978 2149/3568/1976 2093/3513/1925
f 2088/3528/1913 2144/3571/1979 2157/3569/1977 2101/3512/1924
f 2095/3532/1942 2151/3572/1980 2150/3570/1978 2094/3516/1928
f 2096/3523/1935 2152/3573/1981 2151/3572/1980 2095/3532/1942
f 2089/3504/1916 2145/3574/1982 2144/3575/1979 2088/3501/1913
f 2097/3526/1938 2153/3562/1970 2152/3573/1981 2096/3523/1935
f 2090/3530/1940 2146/3564/1972 2145/3574/1982 2089/3504/1916
f 2152/3573/1981 2153/3562/1970 2223/3576/1983 2222/3577/1984
f 2144/3575/1979 2145/3574/1982 2215/3578/1985 2214/3579/1986
f 2151/3572/1980 2152/3573/1981 2222/3577/1984 2221/3580/1987
f 2150/3570/1978 2151/3572/1980 2221/3580/1987 2220/3581/1988
f 2157/3569/1977 2144/3571/1979 2214/3582/1986 2227/3583/1989
f 2149/3568/1976 2150/3570/1978 2220/3581/1988 2219/3584/1990
f 2156/3567/1975 2157/3569/1977 2227/3583/1989 2226/3585/1991
f 2148/3566/1974 2149/3568/1976 2219/3584/1990 2218/3586/1992
f 2155/3565/1973 2156/3567/1975 2226/3585/1991 2225/3587/1993
f 2147/3563/1971 2148/3566/1974 2218/3586/1992 2217/3588/1994
f 2154/3561/1969 2155/3565/1973 2225/3587/1993 2224/3589/1995
f 2146/3564/1972 2147/3563/1971 2217/3588/1994 2216/3590/1996
f 2153/3562/1970 2154/3561/1969 2224/3589/1995 2223/3576/1983
f 2158/3591/1997 2159/3592/1998 2173/3593/1999 2172/3594/2000
f 2182/3595/2001 2183/3596/2002 2197/3597/2003 2196/3598/2004
f 2170/3599/2005 2171/3600/2006 2185/3601/2007 2184/3602/2008
f 2163/3603/2009 2164/3604/2010 2178/3605/2011 2177/3606/2012
f 2168/3607/2013 2169/3608/2014 2183/3596/2002 2182/3595/2001
f 2161/3609/2015 2162/3610/2016 2176/3611/2017 2175/3612/2018
f 2166/3613/2019 2167/3614/2020 2181/3615/2021 2180/3616/2022
f 2171/3600/2006 2158/3617/1997 2172/3618/2000 2185/3601/2007
f 2159/3592/1998 2160/3619/2023 2174/3620/2024 2173/3593/1999
f 2164/3604/2010 2165/3621/2025 2179/3622/2026 2178/3605/2011
f 2169/3608/2014 2170/3599/2005 2184/3602/2008 2183/3596/2002
f 2162/3610/2016 2163/3603/2009 2177/3606/2012 2176/3611/2017
f 2167/3614/2020 2168/3607/2013 2182/3595/2001 2181/3615/2021
f 2160/3619/2023 2161/3609/2015 2175/3612/2018 2174/3620/2024
f 2165/3621/2025 2166/3613/2019 2180/3616/2022 2179/3622/2026
f 2190/3623/2027 2191/3624/2028 2205/3625/2029 2204/3626/2030
f 2175/3612/2018 2176/3611/2017 2190/3623/2027 2189/3627/2031
f 2183/3596/2002 2184/3602/2008 2198/3628/2032 2197/3597/2003
f 2176/3611/2017 2177/3606/2012 2191/3624/2028 2190/3623/2027
f 2184/3602/2008 2185/3601/2007 2199/3629/2033 2198/3628/2032
f 2177/3606/2012 2178/3605/2011 2192/3630/2034 2191/3624/2028
f 2185/3601/2007 2172/3618/2000 2186/3631/2035 2199/3629/2033
f 2178/3605/2011 2179/3622/2026 2193/3632/2036 2192/3630/2034
f 2179/3622/2026 2180/3616/2022 2194/3633/2037 2193/3632/2036
f 2172/3594/2000 2173/3593/1999 2187/3634/2038 2186/3635/2035
f 2180/3616/2022 2181/3615/2021 2195/3636/2039 2194/3633/2037
f 2173/3593/1999 2174/3620/2024 2188/3637/2040 2187/3634/2038
f 2181/3615/2021 2182/3595/2001 2196/3598/2004 2195/3636/2039
f 2174/3620/2024 2175/3612/2018 2189/3627/2031 2188/3637/2040
f 2198/3628/2032 2199/3629/2033 2213/3638/2041 2212/3639/2042
f 2191/3624/2028 2192/3630/2034 2206/3640/2043 2205/3625/2029
f 2199/3629/2033 2186/3631/2035 2200/3641/2044 2213/3638/2041
f 2192/3630/2034 2193/3632/2036 2207/3642/2045 2206/3640/2043
f 2193/3632/2036 2194/3633/2037 2208/3643/2046 2207/3642/2045
f 2186/3635/2035 2187/3634/2038 2201/3644/2047 2200/3645/2044
f 2194/3633/2037 2195/3636/2039 2209/3646/2048 2208/3643/2046
f 2187/3634/2038 2188/3637/2040 2202/3647/2049 2201/3644/2047
f 2195/3636/2039 2196/3598/2004 2210/3648/2050 2209/3646/2048
f 2188/3637/2040 2189/3627/2031 2203/3649/2051 2202/3647/2049
f 2196/3598/2004 2197/3597/2003 2211/3650/2052 2210/3648/2050
f 2189/3627/2031 2190/3623/2027 2204/3626/2030 2203/3649/2051
f 2197/3597/2003 2198/3628/2032 2212/3639/2042 2211/3650/2052
f 2168/3607/2013 2167/3614/2020 2223/3576/1983 2224/3589/1995
f 2161/3609/2015 2160/3619/2023 2216/3590/1996 2217/3588/1994
f 2169/3608/2014 2168/3607/2013 2224/3589/1995 2225/3587/1993
f 2162/3610/2016 2161/3609/2015 2217/3588/1994 2218/3586/1992
f 2170/3599/2005 2169/3608/2014 2225/3587/1993 2226/3585/1991
f 2163/3603/2009 2162/3610/2016 2218/3586/1992 2219/3584/1990
f 2171/3600/2006 2170/3599/2005 2226/3585/1991 2227/3583/1989
f 2164/3604/2010 2163/3603/2009 2219/3584/1990 2220/3581/1988
f 2158/3617/1997 2171/3600/2006 2227/3583/1989 2214/3582/1986
f 2165/3621/2025 2164/3604/2010 2220/3581/1988 2221/3580/1987
f 2166/3613/2019 2165/3621/2025 2221/3580/1987 2222/3577/1984
f 2159/3592/1998 2158/3591/1997 2214/3579/1986 2215/3578/1985
f 2167/3614/2020 2166/3613/2019 2222/3577/1984 2223/3576/1983
f 2160/3619/2023 2159/3592/1998 2215/3578/1985 2216/3590/1996
f 2145/3574/1982 2146/3564/1972 2216/3590/1996 2215/3578/1985
f 2206/3640/2043 2207/3642/2045 2234/3651/2053 2232/3652/2054
f 2213/3638/2041 2200/3641/2044 2233/3653/2055 2230/3654/2056
f 2205/3625/2029 2206/3640/2043 2232/3652/2054 2228/3655/2057
f 2212/3639/2042 2213/3638/2041 2230/3654/2056 2231/3656/2058
f 2204/3626/2030 2205/3625/2029 2228/3655/2057 2229/3657/2059
f 2211/3650/2052 2212/3639/2042 2231/3656/2058 2241/3658/2060
f 2203/3649/2051 2204/3626/2030 2229/3657/2059 2240/3659/2061
f 2210/3648/2050 2211/3650/2052 2241/3658/2060 2239/3660/2062
f 2202/3647/2049 2203/3649/2051 2240/3659/2061 2238/3661/2063
f 2209/3646/2048 2210/3648/2050 2239/3660/2062 2237/3662/2064
f 2201/3644/2047 2202/3647/2049 2238/3661/2063 2236/3663/2065
f 2208/3643/2046 2209/3646/2048 2237/3662/2064 2235/3664/2066
f 2207/3642/2045 2208/3643/2046 2235/3664/2066 2234/3651/2053
f 2200/3645/2044 2201/3644/2047 2236/3663/2065 2233/3665/2055
f 2131/3555/1963 2130/3554/1960 2247/3666/2067 2250/3667/2068
f 2137/3552/1961 2136/3550/1959 2246/3668/2069 2248/3669/2070
f 2130/3551/1960 2143/3549/1958 2244/3670/2071 2247/3671/2067
f 2136/3550/1959 2135/3535/1945 2242/3672/2072 2246/3668/2069
f 2143/3549/1958 2142/3548/1957 2245/3673/2073 2244/3670/2071
f 2135/3535/1945 2134/3534/1944 2243/3674/2074 2242/3672/2072
f 2142/3548/1957 2141/3560/1968 2255/3675/2075 2245/3673/2073
f 2134/3534/1944 2133/3559/1967 2254/3676/2076 2243/3674/2074
f 2141/3560/1968 2140/3558/1966 2253/3677/2077 2255/3675/2075
f 2133/3559/1967 2132/3557/1965 2252/3678/2078 2254/3676/2076
f 2140/3558/1966 2139/3556/1964 2251/3679/2079 2253/3677/2077
f 2132/3557/1965 2131/3555/1963 2250/3667/2068 2252/3678/2078
f 2139/3556/1964 2138/3553/1962 2249/3680/2080 2251/3679/2079
f 2138/3553/1962 2137/3552/1961 2248/3669/2070 2249/3680/2080
f 2329/3681/2081 2343/3682/2082 2344/3683/2083 2330/3684/2084
f 2353/3685/2085 2367/3686/2086 2368/3687/2087 2354/3688/2088
f 2341/3689/2089 2355/3690/2090 2356/3691/2091 2342/3692/2092
f 2334/3693/2093 2348/3694/2094 2349/3695/2095 2335/3696/2096
f 2339/3697/2097 2353/3685/2085 2354/3688/2088 2340/3698/2098
f 2332/3699/2099 2346/3700/2100 2347/3701/2101 2333/3702/2102
f 2337/3703/2103 2351/3704/2104 2352/3705/2105 2338/3706/2106
f 2342/3692/2092 2356/3691/2091 2343/3707/2082 2329/3708/2081
f 2330/3684/2084 2344/3683/2083 2345/3709/2107 2331/3710/2108
f 2335/3696/2096 2349/3695/2095 2350/3711/2109 2336/3712/2110
f 2340/3698/2098 2354/3688/2088 2355/3690/2090 2341/3689/2089
f 2333/3702/2102 2347/3701/2101 2348/3694/2094 2334/3693/2093
f 2338/3706/2106 2352/3705/2105 2353/3685/2085 2339/3697/2097
f 2331/3710/2108 2345/3709/2107 2346/3700/2100 2332/3699/2099
f 2336/3712/2110 2350/3711/2109 2351/3704/2104 2337/3703/2103
f 2361/3713/2111 2375/3714/2112 2376/3715/2113 2362/3716/2114
f 2346/3700/2100 2360/3717/2115 2361/3713/2111 2347/3701/2101
f 2354/3688/2088 2368/3687/2087 2369/3718/2116 2355/3690/2090
f 2347/3701/2101 2361/3713/2111 2362/3716/2114 2348/3694/2094
f 2355/3690/2090 2369/3718/2116 2370/3719/2117 2356/3691/2091
f 2348/3694/2094 2362/3716/2114 2363/3720/2118 2349/3695/2095
f 2356/3691/2091 2370/3719/2117 2357/3721/2119 2343/3707/2082
f 2349/3695/2095 2363/3720/2118 2364/3722/2120 2350/3711/2109
f 2350/3711/2109 2364/3722/2120 2365/3723/2121 2351/3704/2104
f 2343/3682/2082 2357/3724/2119 2358/3725/2122 2344/3683/2083
f 2351/3704/2104 2365/3723/2121 2366/3726/2123 2352/3705/2105
f 2344/3683/2083 2358/3725/2122 2359/3727/2124 2345/3709/2107
f 2352/3705/2105 2366/3726/2123 2367/3686/2086 2353/3685/2085
f 2345/3709/2107 2359/3727/2124 2360/3717/2115 2346/3700/2100
f 2369/3718/2116 2383/3728/2125 2384/3729/2126 2370/3719/2117
f 2362/3716/2114 2376/3715/2113 2377/3730/2127 2363/3720/2118
f 2370/3719/2117 2384/3729/2126 2371/3731/2128 2357/3721/2119
f 2363/3720/2118 2377/3730/2127 2378/3732/2129 2364/3722/2120
f 2364/3722/2120 2378/3732/2129 2379/3733/2130 2365/3723/2121
f 2357/3724/2119 2371/3734/2128 2372/3735/2131 2358/3725/2122
f 2365/3723/2121 2379/3733/2130 2380/3736/2132 2366/3726/2123
f 2358/3725/2122 2372/3735/2131 2373/3737/2133 2359/3727/2124
f 2366/3726/2123 2380/3736/2132 2381/3738/2134 2367/3686/2086
f 2359/3727/2124 2373/3737/2133 2374/3739/2135 2360/3717/2115
f 2367/3686/2086 2381/3738/2134 2382/3740/2136 2368/3687/2087
f 2360/3717/2115 2374/3739/2135 2375/3714/2112 2361/3713/2111
f 2368/3687/2087 2382/3740/2136 2383/3728/2125 2369/3718/2116
f 2339/3697/2097 2395/3741/2137 2394/3742/2138 2338/3706/2106
f 2332/3699/2099 2388/3743/2139 2387/3744/2140 2331/3710/2108
f 2340/3698/2098 2396/3745/2141 2395/3741/2137 2339/3697/2097
f 2333/3702/2102 2389/3746/2142 2388/3743/2139 2332/3699/2099
f 2341/3689/2089 2397/3747/2143 2396/3745/2141 2340/3698/2098
f 2334/3693/2093 2390/3748/2144 2389/3746/2142 2333/3702/2102
f 2342/3692/2092 2398/3749/2145 2397/3747/2143 2341/3689/2089
f 2335/3696/2096 2391/3750/2146 2390/3748/2144 2334/3693/2093
f 2329/3708/2081 2385/3751/2147 2398/3749/2145 2342/3692/2092
f 2336/3712/2110 2392/3752/2148 2391/3750/2146 2335/3696/2096
f 2337/3703/2103 2393/3753/2149 2392/3752/2148 2336/3712/2110
f 2330/3684/2084 2386/3754/2150 2385/3755/2147 2329/3681/2081
f 2338/3706/2106 2394/3742/2138 2393/3753/2149 2337/3703/2103
f 2331/3710/2108 2387/3744/2140 2386/3754/2150 2330/3684/2084
f 2393/3753/2149 2394/3742/2138 2464/3756/2151 2463/3757/2152
f 2385/3755/2147 2386/3754/2150 2456/3758/2153 2455/3759/2154
f 2392/3752/2148 2393/3753/2149 2463/3757/2152 2462/3760/2155
f 2391/3750/2146 2392/3752/2148 2462/3760/2155 2461/3761/2156
f 2398/3749/2145 2385/3751/2147 2455/3762/2154 2468/3763/2157
f 2390/3748/2144 2391/3750/2146 2461/3761/2156 2460/3764/2158
f 2397/3747/2143 2398/3749/2145 2468/3763/2157 2467/3765/2159
f 2389/3746/2142 2390/3748/2144 2460/3764/2158 2459/3766/2160
f 2396/3745/2141 2397/3747/2143 2467/3765/2159 2466/3767/2161
f 2388/3743/2139 2389/3746/2142 2459/3766/2160 2458/3768/2162
f 2395/3741/2137 2396/3745/2141 2466/3767/2161 2465/3769/2163
f 2387/3744/2140 2388/3743/2139 2458/3768/2162 2457/3770/2164
f 2394/3742/2138 2395/3741/2137 2465/3769/2163 2464/3756/2151
f 2399/3771/2165 2400/3772/2166 2414/3773/2167 2413/3774/2168
f 2423/3775/2169 2424/3776/2170 2438/3777/2171 2437/3778/2172
f 2411/3779/2173 2412/3780/2174 2426/3781/2175 2425/3782/2176
f 2404/3783/2177 2405/3784/2178 2419/3785/2179 2418/3786/2180
f 2409/3787/2181 2410/3788/2182 2424/3776/2170 2423/3775/2169
f 2402/3789/2183 2403/3790/2184 2417/3791/2185 2416/3792/2186
f 2407/3793/2187 2408/3794/2188 2422/3795/2189 2421/3796/2190
f 2412/3780/2174 2399/3797/2165 2413/3798/2168 2426/3781/2175
f 2400/3772/2166 2401/3799/2191 2415/3800/2192 2414/3773/2167
f 2405/3784/2178 2406/3801/2193 2420/3802/2194 2419/3785/2179
f 2410/3788/2182 2411/3779/2173 2425/3782/2176 2424/3776/2170
f 2403/3790/2184 2404/3783/2177 2418/3786/2180 2417/3791/2185
f 2408/3794/2188 2409/3787/2181 2423/3775/2169 2422/3795/2189
f 2401/3799/2191 2402/3789/2183 2416/3792/2186 2415/3800/2192
f 2406/3801/2193 2407/3793/2187 2421/3796/2190 2420/3802/2194
f 2431/3803/2195 2432/3804/2196 2446/3805/2197 2445/3806/2198
f 2416/3792/2186 2417/3791/2185 2431/3803/2195 2430/3807/2199
f 2424/3776/2170 2425/3782/2176 2439/3808/2200 2438/3777/2171
f 2417/3791/2185 2418/3786/2180 2432/3804/2196 2431/3803/2195
f 2425/3782/2176 2426/3781/2175 2440/3809/2201 2439/3808/2200
f 2418/3786/2180 2419/3785/2179 2433/3810/2202 2432/3804/2196
f 2426/3781/2175 2413/3798/2168 2427/3811/2203 2440/3809/2201
f 2419/3785/2179 2420/3802/2194 2434/3812/2204 2433/3810/2202
f 2420/3802/2194 2421/3796/2190 2435/3813/2205 2434/3812/2204
f 2413/3774/2168 2414/3773/2167 2428/3814/2206 2427/3815/2203
f 2421/3796/2190 2422/3795/2189 2436/3816/2207 2435/3813/2205
f 2414/3773/2167 2415/3800/2192 2429/3817/2208 2428/3814/2206
f 2422/3795/2189 2423/3775/2169 2437/3778/2172 2436/3816/2207
f 2415/3800/2192 2416/3792/2186 2430/3807/2199 2429/3817/2208
f 2439/3808/2200 2440/3809/2201 2454/3818/2209 2453/3819/2210
f 2432/3804/2196 2433/3810/2202 2447/3820/2211 2446/3805/2197
f 2440/3809/2201 2427/3811/2203 2441/3821/2212 2454/3818/2209
f 2433/3810/2202 2434/3812/2204 2448/3822/2213 2447/3820/2211
f 2434/3812/2204 2435/3813/2205 2449/3823/2214 2448/3822/2213
f 2427/3815/2203 2428/3814/2206 2442/3824/2215 2441/3825/2212
f 2435/3813/2205 2436/3816/2207 2450/3826/2216 2449/3823/2214
f 2428/3814/2206 2429/3817/2208 2443/3827/2217 2442/3824/2215
f 2436/3816/2207 2437/3778/2172 2451/3828/2218 2450/3826/2216
f 2429/3817/2208 2430/3807/2199 2444/3829/2219 2443/3827/2217
f 2437/3778/2172 2438/3777/2171 2452/3830/2220 2451/3828/2218
f 2430/3807/2199 2431/3803/2195 2445/3806/2198 2444/3829/2219
f 2438/3777/2171 2439/3808/2200 2453/3819/2210 2452/3830/2220
f 2409/3787/2181 2408/3794/2188 2464/3756/2151 2465/3769/2163
f 2402/3789/2183 2401/3799/2191 2457/3770/2164 2458/3768/2162
f 2410/3788/2182 2409/3787/2181 2465/3769/2163 2466/3767/2161
f 2403/3790/2184 2402/3789/2183 2458/3768/2162 2459/3766/2160
f 2411/3779/2173 2410/3788/2182 2466/3767/2161 2467/3765/2159
f 2404/3783/2177 2403/3790/2184 2459/3766/2160 2460/3764/2158
f 2412/3780/2174 2411/3779/2173 2467/3765/2159 2468/3763/2157
f 2405/3784/2178 2404/3783/2177 2460/3764/2158 2461/3761/2156
f 2399/3797/2165 2412/3780/2174 2468/3763/2157 2455/3762/2154
f 2406/3801/2193 2405/3784/2178 2461/3761/2156 2462/3760/2155
f 2407/3793/2187 2406/3801/2193 2462/3760/2155 2463/3757/2152
f 2400/3772/2166 2399/3771/2165 2455/3759/2154 2456/3758/2153
f 2408/3794/2188 2407/3793/2187 2463/3757/2152 2464/3756/2151
f 2401/3799/2191 2400/3772/2166 2456/3758/2153 2457/3770/2164
f 2386/3754/2150 2387/3744/2140 2457/3770/2164 2456/3758/2153
f 2447/3820/2211 2448/3822/2213 2475/3831/2221 2473/3832/2222
f 2454/3818/2209 2441/3821/2212 2474/3833/2223 2471/3834/2224
f 2446/3805/2197 2447/3820/2211 2473/3832/2222 2469/3835/2225
f 2453/3819/2210 2454/3818/2209 2471/3834/2224 2472/3836/2226
f 2445/3806/2198 2446/3805/2197 2469/3835/2225 2470/3837/2227
f 2452/3830/2220 2453/3819/2210 2472/3836/2226 2482/3838/2228
f 2444/3829/2219 2445/3806/2198 2470/3837/2227 2481/3839/2229
f 2451/3828/2218 2452/3830/2220 2482/3838/2228 2480/3840/2230
f 2443/3827/2217 2444/3829/2219 2481/3839/2229 2479/3841/2231
f 2450/3826/2216 2451/3828/2218 2480/3840/2230 2478/3842/2232
f 2442/3824/2215 2443/3827/2217 2479/3841/2231 2477/3843/2233
f 2449/3823/2214 2450/3826/2216 2478/3842/2232 2476/3844/2234
f 2448/3822/2213 2449/3823/2214 2476/3844/2234 2475/3831/2221
f 2441/3825/2212 2442/3824/2215 2477/3843/2233 2474/3845/2223
f 2372/3735/2131 2371/3734/2128 2488/3846/2235 2491/3847/2236
f 2378/3732/2129 2377/3730/2127 2487/3848/2237 2489/3849/2238
f 2371/3731/2128 2384/3729/2126 2485/3850/2239 2488/3851/2235
f 2377/3730/2127 2376/3715/2113 2483/3852/2240 2487/3848/2237
f 2384/3729/2126 2383/3728/2125 2486/3853/2241 2485/3850/2239
f 2376/3715/2113 2375/3714/2112 2484/3854/2242 2483/3852/2240
f 2383/3728/2125 2382/3740/2136 2496/3855/2243 2486/3853/2241
f 2375/3714/2112 2374/3739/2135 2495/3856/2244 2484/3854/2242
f 2382/3740/2136 2381/3738/2134 2494/3857/2245 2496/3855/2243
f 2374/3739/2135 2373/3737/2133 2493/3858/2246 2495/3856/2244
f 2381/3738/2134 2380/3736/2132 2492/3859/2247 2494/3857/2245
f 2373/3737/2133 2372/3735/2131 2491/3847/2236 2493/3858/2246
f 2380/3736/2132 2379/3733/2130 2490/3860/2248 2492/3859/2247
f 2379/3733/2130 2378/3732/2129 2489/3849/2238 2490/3860/2248
f 2570/3861/2249 2584/3862/2250 2585/3863/2251 2571/3864/2252
f 2594/3865/2253 2608/3866/2254 2609/3867/2255 2595/3868/2256
f 2582/3869/2257 2596/3870/2258 2597/3871/2259 2583/3872/2260
f 2575/3873/2261 2589/3874/2262 2590/3875/2263 2576/3876/2264
f 2580/3877/2265 2594/3865/2253 2595/3868/2256 2581/3878/2266
f 2573/3879/2267 2587/3880/2268 2588/3881/2269 2574/3882/2270
f 2578/3883/2271 2592/3884/2272 2593/3885/2273 2579/3886/2274
f 2583/3872/2260 2597/3871/2259 2584/3887/2250 2570/3888/2249
f 2571/3864/2252 2585/3863/2251 2586/3889/2275 2572/3890/2276
f 2576/3876/2264 2590/3875/2263 2591/3891/2277 2577/3892/2278
f 2581/3878/2266 2595/3868/2256 2596/3870/2258 2582/3869/2257
f 2574/3882/2270 2588/3881/2269 2589/3874/2262 2575/3873/2261
f 2579/3886/2274 2593/3885/2273 2594/3865/2253 2580/3877/2265
f 2572/3890/2276 2586/3889/2275 2587/3880/2268 2573/3879/2267
f 2577/3892/2278 2591/3891/2277 2592/3884/2272 2578/3883/2271
f 2602/3893/2279 2616/3894/2280 2617/3895/2281 2603/3896/2282
f 2587/3880/2268 2601/3897/2283 2602/3893/2279 2588/3881/2269
f 2595/3868/2256 2609/3867/2255 2610/3898/2284 2596/3870/2258
f 2588/3881/2269 2602/3893/2279 2603/3896/2282 2589/3874/2262
f 2596/3870/2258 2610/3898/2284 2611/3899/2285 2597/3871/2259
f 2589/3874/2262 2603/3896/2282 2604/3900/2286 2590/3875/2263
f 2597/3871/2259 2611/3899/2285 2598/3901/2287 2584/3887/2250
f 2590/3875/2263 2604/3900/2286 2605/3902/2288 2591/3891/2277
f 2591/3891/2277 2605/3902/2288 2606/3903/2289 2592/3884/2272
f 2584/3862/2250 2598/3904/2287 2599/3905/2290 2585/3863/2251
f 2592/3884/2272 2606/3903/2289 2607/3906/2291 2593/3885/2273
f 2585/3863/2251 2599/3905/2290 2600/3907/2292 2586/3889/2275
f 2593/3885/2273 2607/3906/2291 2608/3866/2254 2594/3865/2253
f 2586/3889/2275 2600/3907/2292 2601/3897/2283 2587/3880/2268
f 2610/3898/2284 2624/3908/2293 2625/3909/2294 2611/3899/2285
f 2603/3896/2282 2617/3895/2281 2618/3910/2295 2604/3900/2286
f 2611/3899/2285 2625/3909/2294 2612/3911/2296 2598/3901/2287
f 2604/3900/2286 2618/3910/2295 2619/3912/2297 2605/3902/2288
f 2605/3902/2288 2619/3912/2297 2620/3913/2298 2606/3903/2289
f 2598/3904/2287 2612/3914/2296 2613/3915/2299 2599/3905/2290
f 2606/3903/2289 2620/3913/2298 2621/3916/2300 2607/3906/2291
f 2599/3905/2290 2613/3915/2299 2614/3917/2301 2600/3907/2292
f 2607/3906/2291 2621/3916/2300 2622/3918/2302 2608/3866/2254
f 2600/3907/2292 2614/3917/2301 2615/3919/2303 2601/3897/2283
f 2608/3866/2254 2622/3918/2302 2623/3920/2304 2609/3867/2255
f 2601/3897/2283 2615/3919/2303 2616/3894/2280 2602/3893/2279
f 2609/3867/2255 2623/3920/2304 2624/3908/2293 2610/3898/2284
f 2580/3877/2265 2636/3921/2305 2635/3922/2306 2579/3886/2274
f 2573/3879/2267 2629/3923/2307 2628/3924/2308 2572/3890/2276
f 2581/3878/2266 2637/3925/2309 2636/3921/2305 2580/3877/2265
f 2574/3882/2270 2630/3926/2310 2629/3923/2307 2573/3879/2267
f 2582/3869/2257 2638/3927/2311 2637/3925/2309 2581/3878/2266
f 2575/3873/2261 2631/3928/2312 2630/3926/2310 2574/3882/2270
f 2583/3872/2260 2639/3929/2313 2638/3927/2311 2582/3869/2257
f 2576/3876/2264 2632/3930/2314 2631/3928/2312 2575/3873/2261
f 2570/3888/2249 2626/3931/2315 2639/3929/2313 2583/3872/2260
f 2577/3892/2278 2633/3932/2316 2632/3930/2314 2576/3876/2264
f 2578/3883/2271 2634/3933/2317 2633/3932/2316 2577/3892/2278
f 2571/3864/2252 2627/3934/2318 2626/3935/2315 2570/3861/2249
f 2579/3886/2274 2635/3922/2306 2634/3933/2317 2578/3883/2271
f 2572/3890/2276 2628/3924/2308 2627/3934/2318 2571/3864/2252
f 2634/3933/2317 2635/3922/2306 2705/3936/2319 2704/3937/2320
f 2626/3935/2315 2627/3934/2318 2697/3938/2321 2696/3939/2322
f 2633/3932/2316 2634/3933/2317 2704/3937/2320 2703/3940/2323
f 2632/3930/2314 2633/3932/2316 2703/3940/2323 2702/3941/2324
f 2639/3929/2313 2626/3931/2315 2696/3942/2322 2709/3943/2325
f 2631/3928/2312 2632/3930/2314 2702/3941/2324 2701/3944/2326
f 2638/3927/2311 2639/3929/2313 2709/3943/2325 2708/3945/2327
f 2630/3926/2310 2631/3928/2312 2701/3944/2326 2700/3946/2328
f 2637/3925/2309 2638/3927/2311 2708/3945/2327 2707/3947/2329
f 2629/3923/2307 2630/3926/2310 2700/3946/2328 2699/3948/2330
f 2636/3921/2305 2637/3925/2309 2707/3947/2329 2706/3949/2331
f 2628/3924/2308 2629/3923/2307 2699/3948/2330 2698/3950/2332
f 2635/3922/2306 2636/3921/2305 2706/3949/2331 2705/3936/2319
f 2640/3951/2333 2641/3952/2334 2655/3953/2335 2654/3954/2336
f 2664/3955/2337 2665/3956/2338 2679/3957/2339 2678/3958/2340
f 2652/3959/2341 2653/3960/2342 2667/3961/2343 2666/3962/2344
f 2645/3963/2345 2646/3964/2346 2660/3965/2347 2659/3966/2348
f 2650/3967/2349 2651/3968/2350 2665/3956/2338 2664/3955/2337
f 2643/3969/2351 2644/3970/2352 2658/3971/2353 2657/3972/2354
f 2648/3973/2355 2649/3974/2356 2663/3975/2357 2662/3976/2358
f 2653/3960/2342 2640/3977/2333 2654/3978/2336 2667/3961/2343
f 2641/3952/2334 2642/3979/2359 2656/3980/2360 2655/3953/2335
f 2646/3964/2346 2647/3981/2361 2661/3982/2362 2660/3965/2347
f 2651/3968/2350 2652/3959/2341 2666/3962/2344 2665/3956/2338
f 2644/3970/2352 2645/3963/2345 2659/3966/2348 2658/3971/2353
f 2649/3974/2356 2650/3967/2349 2664/3955/2337 2663/3975/2357
f 2642/3979/2359 2643/3969/2351 2657/3972/2354 2656/3980/2360
f 2647/3981/2361 2648/3973/2355 2662/3976/2358 2661/3982/2362
f 2672/3983/2363 2673/3984/2364 2687/3985/2365 2686/3986/2366
f 2657/3972/2354 2658/3971/2353 2672/3983/2363 2671/3987/2367
f 2665/3956/2338 2666/3962/2344 2680/3988/2368 2679/3957/2339
f 2658/3971/2353 2659/3966/2348 2673/3984/2364 2672/3983/2363
f 2666/3962/2344 2667/3961/2343 2681/3989/2369 2680/3988/2368
f 2659/3966/2348 2660/3965/2347 2674/3990/2370 2673/3984/2364
f 2667/3961/2343 2654/3978/2336 2668/3991/2371 2681/3989/2369
f 2660/3965/2347 2661/3982/2362 2675/3992/2372 2674/3990/2370
f 2661/3982/2362 2662/3976/2358 2676/3993/2373 2675/3992/2372
f 2654/3954/2336 2655/3953/2335 2669/3994/2374 2668/3995/2371
f 2662/3976/2358 2663/3975/2357 2677/3996/2375 2676/3993/2373
f 2655/3953/2335 2656/3980/2360 2670/3997/2376 2669/3994/2374
f 2663/3975/2357 2664/3955/2337 2678/3958/2340 2677/3996/2375
f 2656/3980/2360 2657/3972/2354 2671/3987/2367 2670/3997/2376
f 2680/3988/2368 2681/3989/2369 2695/3998/2377 2694/3999/2378
f 2673/3984/2364 2674/3990/2370 2688/4000/2379 2687/3985/2365
f 2681/3989/2369 2668/3991/2371 2682/4001/2380 2695/3998/2377
f 2674/3990/2370 2675/3992/2372 2689/4002/2381 2688/4000/2379
f 2675/3992/2372 2676/3993/2373 2690/4003/2382 2689/4002/2381
f 2668/3995/2371 2669/3994/2374 2683/4004/2383 2682/4005/2380
f 2676/3993/2373 2677/3996/2375 2691/4006/2384 2690/4003/2382
f 2669/3994/2374 2670/3997/2376 2684/4007/2385 2683/4004/2383
f 2677/3996/2375 2678/3958/2340 2692/4008/2386 2691/4006/2384
f 2670/3997/2376 2671/3987/2367 2685/4009/2387 2684/4007/2385
f 2678/3958/2340 2679/3957/2339 2693/4010/2388 2692/4008/2386
f 2671/3987/2367 2672/3983/2363 2686/3986/2366 2685/4009/2387
f 2679/3957/2339 2680/3988/2368 2694/3999/2378 2693/4010/2388
f 2650/3967/2349 2649/3974/2356 2705/3936/2319 2706/3949/2331
f 2643/3969/2351 2642/3979/2359 2698/3950/2332 2699/3948/2330
f 2651/3968/2350 2650/3967/2349 2706/3949/2331 2707/3947/2329
f 2644/3970/2352 2643/3969/2351 2699/3948/2330 2700/3946/2328
f 2652/3959/2341 2651/3968/2350 2707/3947/2329 2708/3945/2327
f 2645/3963/2345 2644/3970/2352 2700/3946/2328 2701/3944/2326
f 2653/3960/2342 2652/3959/2341 2708/3945/2327 2709/3943/2325
f 2646/3964/2346 2645/3963/2345 2701/3944/2326 2702/3941/2324
f 2640/3977/2333 2653/3960/2342 2709/3943/2325 2696/3942/2322
f 2647/3981/2361 2646/3964/2346 2702/3941/2324 2703/3940/2323
f 2648/3973/2355 2647/3981/2361 2703/3940/2323 2704/3937/2320
f 2641/3952/2334 2640/3951/2333 2696/3939/2322 2697/3938/2321
f 2649/3974/2356 2648/3973/2355 2704/3937/2320 2705/3936/2319
f 2642/3979/2359 2641/3952/2334 2697/3938/2321 2698/3950/2332
f 2627/3934/2318 2628/3924/2308 2698/3950/2332 2697/3938/2321
f 2688/4000/2379 2689/4002/2381 2716/4011/2389 2714/4012/2390
f 2695/3998/2377 2682/4001/2380 2715/4013/2391 2712/4014/2392
f 2687/3985/2365 2688/4000/2379 2714/4012/2390 2710/4015/2393
f 2694/3999/2378 2695/3998/2377 2712/4014/2392 2713/4016/2394
f 2686/3986/2366 2687/3985/2365 2710/4015/2393 2711/4017/2395
f 2693/4010/2388 2694/3999/2378 2713/4016/2394 2723/4018/2396
f 2685/4009/2387 2686/3986/2366 2711/4017/2395 2722/4019/2397
f 2692/4008/2386 2693/4010/2388 2723/4018/2396 2721/4020/2398
f 2684/4007/2385 2685/4009/2387 2722/4019/2397 2720/4021/2399
f 2691/4006/2384 2692/4008/2386 2721/4020/2398 2719/4022/2400
f 2683/4004/2383 2684/4007/2385 2720/4021/2399 2718/4023/2401
f 2690/4003/2382 2691/4006/2384 2719/4022/2400 2717/4024/2402
f 2689/4002/2381 2690/4003/2382 2717/4024/2402 2716/4011/2389
f 2682/4005/2380 2683/4004/2383 2718/4023/2401 2715/4025/2391
f 2613/3915/2299 2612/3914/2296 2729/4026/2403 2732/4027/2404
f 2619/3912/2297 2618/3910/2295 2728/4028/2405 2730/4029/2406
f 2612/3911/2296 2625/3909/2294 2726/4030/2407 2729/4031/2403
f 2618/3910/2295 2617/3895/2281 2724/4032/2408 2728/4028/2405
f 2625/3909/2294 2624/3908/2293 2727/4033/2409 2726/4030/2407
f 2617/3895/2281 2616/3894/2280 2725/4034/2410 2724/4032/2408
f 2624/3908/2293 2623/3920/2304 2737/4035/2411 2727/4033/2409
f 2616/3894/2280 2615/3919/2303 2736/4036/2412 2725/4034/2410
f 2623/3920/2304 2622/3918/2302 2735/4037/2413 2737/4035/2411
f 2615/3919/2303 2614/3917/2301 2734/4038/2414 2736/4036/2412
f 2622/3918/2302 2621/3916/2300 2733/4039/2415 2735/4037/2413
f 2614/3917/2301 2613/3915/2299 2732/4027/2404 2734/4038/2414
f 2621/3916/2300 2620/3913/2298 2731/4040/2416 2733/4039/2415
f 2620/3913/2298 2619/3912/2297 2730/4029/2406 2731/4040/2416
f 2811/4041/2417 2825/4042/2418 2826/4043/2419 2812/4044/2420
f 2835/4045/2421 2849/4046/2422 2850/4047/2423 2836/4048/2424
f 2823/4049/2425 2837/4050/2426 2838/4051/2427 2824/4052/2428
f 2816/4053/2429 2830/4054/2430 2831/4055/2431 2817/4056/2432
f 2821/4057/2433 2835/4045/2421 2836/4048/2424 2822/4058/2434
f 2814/4059/2435 2828/4060/2436 2829/4061/2437 2815/4062/2438
f 2819/4063/2439 2833/4064/2440 2834/4065/2441 2820/4066/2442
f 2824/4052/2428 2838/4051/2427 2825/4067/2418 2811/4068/2417
f 2812/4044/2420 2826/4043/2419 2827/4069/2443 2813/4070/2444
f 2817/4056/2432 2831/4055/2431 2832/4071/2445 2818/4072/2446
f 2822/4058/2434 2836/4048/2424 2837/4050/2426 2823/4049/2425
f 2815/4062/2438 2829/4061/2437 2830/4054/2430 2816/4053/2429
f 2820/4066/2442 2834/4065/2441 2835/4045/2421 2821/4057/2433
f 2813/4070/2444 2827/4069/2443 2828/4060/2436 2814/4059/2435
f 2818/4072/2446 2832/4071/2445 2833/4064/2440 2819/4063/2439
f 2843/4073/2447 2857/4074/2448 2858/4075/2449 2844/4076/2450
f 2828/4060/2436 2842/4077/2451 2843/4073/2447 2829/4061/2437
f 2836/4048/2424 2850/4047/2423 2851/4078/2452 2837/4050/2426
f 2829/4061/2437 2843/4073/2447 2844/4076/2450 2830/4054/2430
f 2837/4050/2426 2851/4078/2452 2852/4079/2453 2838/4051/2427
f 2830/4054/2430 2844/4076/2450 2845/4080/2454 2831/4055/2431
f 2838/4051/2427 2852/4079/2453 2839/4081/2455 2825/4067/2418
f 2831/4055/2431 2845/4080/2454 2846/4082/2456 2832/4071/2445
f 2832/4071/2445 2846/4082/2456 2847/4083/2457 2833/4064/2440
f 2825/4042/2418 2839/4084/2455 2840/4085/2458 2826/4043/2419
f 2833/4064/2440 2847/4083/2457 2848/4086/2459 2834/4065/2441
f 2826/4043/2419 2840/4085/2458 2841/4087/2460 2827/4069/2443
f 2834/4065/2441 2848/4086/2459 2849/4046/2422 2835/4045/2421
f 2827/4069/2443 2841/4087/2460 2842/4077/2451 2828/4060/2436
f 2851/4078/2452 2865/4088/2461 2866/4089/2462 2852/4079/2453
f 2844/4076/2450 2858/4075/2449 2859/4090/2463 2845/4080/2454
f 2852/4079/2453 2866/4089/2462 2853/4091/2464 2839/4081/2455
f 2845/4080/2454 2859/4090/2463 2860/4092/2465 2846/4082/2456
f 2846/4082/2456 2860/4092/2465 2861/4093/2466 2847/4083/2457
f 2839/4084/2455 2853/4094/2464 2854/4095/2467 2840/4085/2458
f 2847/4083/2457 2861/4093/2466 2862/4096/2468 2848/4086/2459
f 2840/4085/2458 2854/4095/2467 2855/4097/2469 2841/4087/2460
f 2848/4086/2459 2862/4096/2468 2863/4098/2470 2849/4046/2422
f 2841/4087/2460 2855/4097/2469 2856/4099/2471 2842/4077/2451
f 2849/4046/2422 2863/4098/2470 2864/4100/2472 2850/4047/2423
f 2842/4077/2451 2856/4099/2471 2857/4074/2448 2843/4073/2447
f 2850/4047/2423 2864/4100/2472 2865/4088/2461 2851/4078/2452
f 2821/4057/2433 2877/4101/2473 2876/4102/2474 2820/4066/2442
f 2814/4059/2435 2870/4103/2475 2869/4104/2476 2813/4070/2444
f 2822/4058/2434 2878/4105/2477 2877/4101/2473 2821/4057/2433
f 2815/4062/2438 2871/4106/2478 2870/4103/2475 2814/4059/2435
f 2823/4049/2425 2879/4107/2479 2878/4105/2477 2822/4058/2434
f 2816/4053/2429 2872/4108/2480 2871/4106/2478 2815/4062/2438
f 2824/4052/2428 2880/4109/2481 2879/4107/2479 2823/4049/2425
f 2817/4056/2432 2873/4110/2482 2872/4108/2480 2816/4053/2429
f 2811/4068/2417 2867/4111/2483 2880/4109/2481 2824/4052/2428
f 2818/4072/2446 2874/4112/2484 2873/4110/2482 2817/4056/2432
f 2819/4063/2439 2875/4113/2485 2874/4112/2484 2818/4072/2446
f 2812/4044/2420 2868/4114/2486 2867/4115/2483 2811/4041/2417
f 2820/4066/2442 2876/4102/2474 2875/4113/2485 2819/4063/2439
f 2813/4070/2444 2869/4104/2476 2868/4114/2486 2812/4044/2420
f 2875/4113/2485 2876/4102/2474 2946/4116/2487 2945/4117/2488
f 2867/4115/2483 2868/4114/2486 2938/4118/2489 2937/4119/2490
f 2874/4112/2484 2875/4113/2485 2945/4117/2488 2944/4120/2491
f 2873/4110/2482 2874/4112/2484 2944/4120/2491 2943/4121/2492
f 2880/4109/2481 2867/4111/2483 2937/4122/2490 2950/4123/2493
f 2872/4108/2480 2873/4110/2482 2943/4121/2492 2942/4124/2494
f 2879/4107/2479 2880/4109/2481 2950/4123/2493 2949/4125/2495
f 2871/4106/2478 2872/4108/2480 2942/4124/2494 2941/4126/2496
f 2878/4105/2477 2879/4107/2479 2949/4125/2495 2948/4127/2497
f 2870/4103/2475 2871/4106/2478 2941/4126/2496 2940/4128/2498
f 2877/4101/2473 2878/4105/2477 2948/4127/2497 2947/4129/2499
f 2869/4104/2476 2870/4103/2475 2940/4128/2498 2939/4130/2500
f 2876/4102/2474 2877/4101/2473 2947/4129/2499 2946/4116/2487
f 2881/4131/2501 2882/4132/2502 2896/4133/2503 2895/4134/2504
f 2905/4135/2505 2906/4136/2506 2920/4137/2507 2919/4138/2508
f 2893/4139/2509 2894/4140/2510 2908/4141/2511 2907/4142/2512
f 2886/4143/2513 2887/4144/2514 2901/4145/2515 2900/4146/2516
f 2891/4147/2517 2892/4148/2518 2906/4136/2506 2905/4135/2505
f 2884/4149/2519 2885/4150/2520 2899/4151/2521 2898/4152/2522
f 2889/4153/2523 2890/4154/2524 2904/4155/2525 2903/4156/2526
f 2894/4140/2510 2881/4157/2501 2895/4158/2504 2908/4141/2511
f 2882/4132/2502 2883/4159/2527 2897/4160/2528 2896/4133/2503
f 2887/4144/2514 2888/4161/2529 2902/4162/2530 2901/4145/2515
f 2892/4148/2518 2893/4139/2509 2907/4142/2512 2906/4136/2506
f 2885/4150/2520 2886/4143/2513 2900/4146/2516 2899/4151/2521
f 2890/4154/2524 2891/4147/2517 2905/4135/2505 2904/4155/2525
f 2883/4159/2527 2884/4149/2519 2898/4152/2522 2897/4160/2528
f 2888/4161/2529 2889/4153/2523 2903/4156/2526 2902/4162/2530
f 2913/4163/2531 2914/4164/2532 2928/4165/2533 2927/4166/2534
f 2898/4152/2522 2899/4151/2521 2913/4163/2531 2912/4167/2535
f 2906/4136/2506 2907/4142/2512 2921/4168/2536 2920/4137/2507
f 2899/4151/2521 2900/4146/2516 2914/4164/2532 2913/4163/2531
f 2907/4142/2512 2908/4141/2511 2922/4169/2537 2921/4168/2536
f 2900/4146/2516 2901/4145/2515 2915/4170/2538 2914/4164/2532
f 2908/4141/2511 2895/4158/2504 2909/4171/2539 2922/4169/2537
f 2901/4145/2515 2902/4162/2530 2916/4172/2540 2915/4170/2538
f 2902/4162/2530 2903/4156/2526 2917/4173/2541 2916/4172/2540
f 2895/4134/2504 2896/4133/2503 2910/4174/2542 2909/4175/2539
f 2903/4156/2526 2904/4155/2525 2918/4176/2543 2917/4173/2541
f 2896/4133/2503 2897/4160/2528 2911/4177/2544 2910/4174/2542
f 2904/4155/2525 2905/4135/2505 2919/4138/2508 2918/4176/2543
f 2897/4160/2528 2898/4152/2522 2912/4167/2535 2911/4177/2544
f 2921/4168/2536 2922/4169/2537 2936/4178/2545 2935/4179/2546
f 2914/4164/2532 2915/4170/2538 2929/4180/2547 2928/4165/2533
f 2922/4169/2537 2909/4171/2539 2923/4181/2548 2936/4178/2545
f 2915/4170/2538 2916/4172/2540 2930/4182/2549 2929/4180/2547
f 2916/4172/2540 2917/4173/2541 2931/4183/2550 2930/4182/2549
f 2909/4175/2539 2910/4174/2542 2924/4184/2551 2923/4185/2548
f 2917/4173/2541 2918/4176/2543 2932/4186/2552 2931/4183/2550
f 2910/4174/2542 2911/4177/2544 2925/4187/2553 2924/4184/2551
f 2918/4176/2543 2919/4138/2508 2933/4188/2554 2932/4186/2552
f 2911/4177/2544 2912/4167/2535 2926/4189/2555 2925/4187/2553
f 2919/4138/2508 2920/4137/2507 2934/4190/2556 2933/4188/2554
f 2912/4167/2535 2913/4163/2531 2927/4166/2534 2926/4189/2555
f 2920/4137/2507 2921/4168/2536 2935/4179/2546 2934/4190/2556
f 2891/4147/2517 2890/4154/2524 2946/4116/2487 2947/4129/2499
f 2884/4149/2519 2883/4159/2527 2939/4130/2500 2940/4128/2498
f 2892/4148/2518 2891/4147/2517 2947/4129/2499 2948/4127/2497
f 2885/4150/2520 2884/4149/2519 2940/4128/2498 2941/4126/2496
f 2893/4139/2509 2892/4148/2518 2948/4127/2497 2949/4125/2495
f 2886/4143/2513 2885/4150/2520 2941/4126/2496 2942/4124/2494
f 2894/4140/2510 2893/4139/2509 2949/4125/2495 2950/4123/2493
f 2887/4144/2514 2886/4143/2513 2942/4124/2494 2943/4121/2492
f 2881/4157/2501 2894/4140/2510 2950/4123/2493 2937/4122/2490
f 2888/4161/2529 2887/4144/2514 2943/4121/2492 2944/4120/2491
f 2889/4153/2523 2888/4161/2529 2944/4120/2491 2945/4117/2488
f 2882/4132/2502 2881/4131/2501 2937/4119/2490 2938/4118/2489
f 2890/4154/2524 2889/4153/2523 2945/4117/2488 2946/4116/2487
f 2883/4159/2527 2882/4132/2502 2938/4118/2489 2939/4130/2500
f 2868/4114/2486 2869/4104/2476 2939/4130/2500 2938/4118/2489
f 2929/4180/2547 2930/4182/2549 2957/4191/2557 2955/4192/2558
f 2936/4178/2545 2923/4181/2548 2956/4193/2559 2953/4194/2560
f 2928/4165/2533 2929/4180/2547 2955/4192/2558 2951/4195/2561
f 2935/4179/2546 2936/4178/2545 2953/4194/2560 2954/4196/2562
f 2927/4166/2534 2928/4165/2533 2951/4195/2561 2952/4197/2563
f 2934/4190/2556 2935/4179/2546 2954/4196/2562 2964/4198/2564
f 2926/4189/2555 2927/4166/2534 2952/4197/2563 2963/4199/2565
f 2933/4188/2554 2934/4190/2556 2964/4198/2564 2962/4200/2566
f 2925/4187/2553 2926/4189/2555 2963/4199/2565 2961/4201/2567
f 2932/4186/2552 2933/4188/2554 2962/4200/2566 2960/4202/2568
f 2924/4184/2551 2925/4187/2553 2961/4201/2567 2959/4203/2569
f 2931/4183/2550 2932/4186/2552 2960/4202/2568 2958/4204/2570
f 2930/4182/2549 2931/4183/2550 2958/4204/2570 2957/4191/2557
f 2923/4185/2548 2924/4184/2551 2959/4203/2569 2956/4205/2559
f 2854/4095/2467 2853/4094/2464 2970/4206/2571 2973/4207/2572
f 2860/4092/2465 2859/4090/2463 2969/4208/2573 2971/4209/2574
f 2853/4091/2464 2866/4089/2462 2967/4210/2575 2970/4211/2571
f 2859/4090/2463 2858/4075/2449 2965/4212/2576 2969/4208/2573
f 2866/4089/2462 2865/4088/2461 2968/4213/2577 2967/4210/2575
f 2858/4075/2449 2857/4074/2448 2966/4214/2578 2965/4212/2576
f 2865/4088/2461 2864/4100/2472 2978/4215/2579 2968/4213/2577
f 2857/4074/2448 2856/4099/2471 2977/4216/2580 2966/4214/2578
f 2864/4100/2472 2863/4098/2470 2976/4217/2581 2978/4215/2579
f 2856/4099/2471 2855/4097/2469 2975/4218/2582 2977/4216/2580
f 2863/4098/2470 2862/4096/2468 2974/4219/2583 2976/4217/2581
f 2855/4097/2469 2854/4095/2467 2973/4207/2572 2975/4218/2582
f 2862/4096/2468 2861/4093/2466 2972/4220/2584 2974/4219/2583
f 2861/4093/2466 2860/4092/2465 2971/4209/2574 2972/4220/2584
f 3052/4221/2585 3053/4222/2586 3067/4223/2587 3066/4224/2588
f 3076/4225/2589 3077/4226/2590 3091/4227/2591 3090/4228/2592
f 3064/4229/2593 3065/4230/2594 3079/4231/2595 3078/4232/2596
f 3057/4233/2597 3058/4234/2598 3072/4235/2599 3071/4236/2600
f 3062/4237/2601 3063/4238/2602 3077/4226/2590 3076/4225/2589
f 3055/4239/2603 3056/4240/2604 3070/4241/2605 3069/4242/2606
f 3060/4243/2607 3061/4244/2608 3075/4245/2609 3074/4246/2610
f 3065/4230/2594 3052/4247/2585 3066/4248/2588 3079/4231/2595
f 3053/4222/2586 3054/4249/2611 3068/4250/2612 3067/4223/2587
f 3058/4234/2598 3059/4251/2613 3073/4252/2614 3072/4235/2599
f 3063/4238/2602 3064/4229/2593 3078/4232/2596 3077/4226/2590
f 3056/4240/2604 3057/4233/2597 3071/4236/2600 3070/4241/2605
f 3061/4244/2608 3062/4237/2601 3076/4225/2589 3075/4245/2609
f 3054/4249/2611 3055/4239/2603 3069/4242/2606 3068/4250/2612
f 3059/4251/2613 3060/4243/2607 3074/4246/2610 3073/4252/2614
f 3084/4253/2615 3085/4254/2616 3099/4255/2617 3098/4256/2618
f 3069/4242/2606 3070/4241/2605 3084/4253/2615 3083/4257/2619
f 3077/4226/2590 3078/4232/2596 3092/4258/2620 3091/4227/2591
f 3070/4241/2605 3071/4236/2600 3085/4254/2616 3084/4253/2615
f 3078/4232/2596 3079/4231/2595 3093/4259/2621 3092/4258/2620
f 3071/4236/2600 3072/4235/2599 3086/4260/2622 3085/4254/2616
f 3079/4231/2595 3066/4248/2588 3080/4261/2623 3093/4259/2621
f 3072/4235/2599 3073/4252/2614 3087/4262/2624 3086/4260/2622
f 3073/4252/2614 3074/4246/2610 3088/4263/2625 3087/4262/2624
f 3066/4224/2588 3067/4223/2587 3081/4264/2626 3080/4265/2623
f 3074/4246/2610 3075/4245/2609 3089/4266/2627 3088/4263/2625
f 3067/4223/2587 3068/4250/2612 3082/4267/2628 3081/4264/2626
f 3075/4245/2609 3076/4225/2589 3090/4228/2592 3089/4266/2627
f 3068/4250/2612 3069/4242/2606 3083/4257/2619 3082/4267/2628
f 3092/4258/2620 3093/4259/2621 3107/4268/2629 3106/4269/2630
f 3085/4254/2616 3086/4260/2622 3100/4270/2631 3099/4255/2617
f 3093/4259/2621 3080/4261/2623 3094/4271/2632 3107/4268/2629
f 3086/4260/2622 3087/4262/2624 3101/4272/2633 3100/4270/2631
f 3087/4262/2624 3088/4263/2625 3102/4273/2634 3101/4272/2633
f 3080/4265/2623 3081/4264/2626 3095/4274/2635 3094/4275/2632
f 3088/4263/2625 3089/4266/2627 3103/4276/2636 3102/4273/2634
f 3081/4264/2626 3082/4267/2628 3096/4277/2637 3095/4274/2635
f 3089/4266/2627 3090/4228/2592 3104/4278/2638 3103/4276/2636
f 3082/4267/2628 3083/4257/2619 3097/4279/2639 3096/4277/2637
f 3090/4228/2592 3091/4227/2591 3105/4280/2640 3104/4278/2638
f 3083/4257/2619 3084/4253/2615 3098/4256/2618 3097/4279/2639
f 3091/4227/2591 3092/4258/2620 3106/4269/2630 3105/4280/2640
f 3062/4237/2601 3061/4244/2608 3117/4281/2641 3118/4282/2642
f 3055/4239/2603 3054/4249/2611 3110/4283/2643 3111/4284/2644
f 3063/4238/2602 3062/4237/2601 3118/4282/2642 3119/4285/2645
f 3056/4240/2604 3055/4239/2603 3111/4284/2644 3112/4286/2646
f 3064/4229/2593 3063/4238/2602 3119/4285/2645 3120/4287/2647
f 3057/4233/2597 3056/4240/2604 3112/4286/2646 3113/4288/2648
f 3065/4230/2594 3064/4229/2593 3120/4287/2647 3121/4289/2649
f 3058/4234/2598 3057/4233/2597 3113/4288/2648 3114/4290/2650
f 3052/4247/2585 3065/4230/2594 3121/4289/2649 3108/4291/2651
f 3059/4251/2613 3058/4234/2598 3114/4290/2650 3115/4292/2652
f 3060/4243/2607 3059/4251/2613 3115/4292/2652 3116/4293/2653
f 3053/4222/2586 3052/4221/2585 3108/4294/2651 3109/4295/2654
f 3061/4244/2608 3060/4243/2607 3116/4293/2653 3117/4281/2641
f 3054/4249/2611 3053/4222/2586 3109/4295/2654 3110/4283/2643
f 3116/4293/2653 3186/4296/2655 3187/4297/2656 3117/4281/2641
f 3108/4294/2651 3178/4298/2657 3179/4299/2658 3109/4295/2654
f 3115/4292/2652 3185/4300/2659 3186/4296/2655 3116/4293/2653
f 3114/4290/2650 3184/4301/2660 3185/4300/2659 3115/4292/2652
f 3121/4289/2649 3191/4302/2661 3178/4303/2657 3108/4291/2651
f 3113/4288/2648 3183/4304/2662 3184/4301/2660 3114/4290/2650
f 3120/4287/2647 3190/4305/2663 3191/4302/2661 3121/4289/2649
f 3112/4286/2646 3182/4306/2664 3183/4304/2662 3113/4288/2648
f 3119/4285/2645 3189/4307/2665 3190/4305/2663 3120/4287/2647
f 3111/4284/2644 3181/4308/2666 3182/4306/2664 3112/4286/2646
f 3118/4282/2642 3188/4309/2667 3189/4307/2665 3119/4285/2645
f 3110/4283/2643 3180/4310/2668 3181/4308/2666 3111/4284/2644
f 3117/4281/2641 3187/4297/2656 3188/4309/2667 3118/4282/2642
f 3122/4311/2669 3136/4312/2670 3137/4313/2671 3123/4314/2672
f 3146/4315/2673 3160/4316/2674 3161/4317/2675 3147/4318/2676
f 3134/4319/2677 3148/4320/2678 3149/4321/2679 3135/4322/2680
f 3127/4323/2681 3141/4324/2682 3142/4325/2683 3128/4326/2684
f 3132/4327/2685 3146/4315/2673 3147/4318/2676 3133/4328/2686
f 3125/4329/2687 3139/4330/2688 3140/4331/2689 3126/4332/2690
f 3130/4333/2691 3144/4334/2692 3145/4335/2693 3131/4336/2694
f 3135/4322/2680 3149/4321/2679 3136/4337/2670 3122/4338/2669
f 3123/4314/2672 3137/4313/2671 3138/4339/2695 3124/4340/2696
f 3128/4326/2684 3142/4325/2683 3143/4341/2697 3129/4342/2698
f 3133/4328/2686 3147/4318/2676 3148/4320/2678 3134/4319/2677
f 3126/4332/2690 3140/4331/2689 3141/4324/2682 3127/4323/2681
f 3131/4336/2694 3145/4335/2693 3146/4315/2673 3132/4327/2685
f 3124/4340/2696 3138/4339/2695 3139/4330/2688 3125/4329/2687
f 3129/4342/2698 3143/4341/2697 3144/4334/2692 3130/4333/2691
f 3154/4343/2699 3168/4344/2700 3169/4345/2701 3155/4346/2702
f 3139/4330/2688 3153/4347/2703 3154/4343/2699 3140/4331/2689
f 3147/4318/2676 3161/4317/2675 3162/4348/2704 3148/4320/2678
f 3140/4331/2689 3154/4343/2699 3155/4346/2702 3141/4324/2682
f 3148/4320/2678 3162/4348/2704 3163/4349/2705 3149/4321/2679
f 3141/4324/2682 3155/4346/2702 3156/4350/2706 3142/4325/2683
f 3149/4321/2679 3163/4349/2705 3150/4351/2707 3136/4337/2670
f 3142/4325/2683 3156/4350/2706 3157/4352/2708 3143/4341/2697
f 3143/4341/2697 3157/4352/2708 3158/4353/2709 3144/4334/2692
f 3136/4312/2670 3150/4354/2707 3151/4355/2710 3137/4313/2671
f 3144/4334/2692 3158/4353/2709 3159/4356/2711 3145/4335/2693
f 3137/4313/2671 3151/4355/2710 3152/4357/2712 3138/4339/2695
f 3145/4335/2693 3159/4356/2711 3160/4316/2674 3146/4315/2673
f 3138/4339/2695 3152/4357/2712 3153/4347/2703 3139/4330/2688
f 3162/4348/2704 3176/4358/2713 3177/4359/2714 3163/4349/2705
f 3155/4346/2702 3169/4345/2701 3170/4360/2715 3156/4350/2706
f 3163/4349/2705 3177/4359/2714 3164/4361/2716 3150/4351/2707
f 3156/4350/2706 3170/4360/2715 3171/4362/2717 3157/4352/2708
f 3157/4352/2708 3171/4362/2717 3172/4363/2718 3158/4353/2709
f 3150/4354/2707 3164/4364/2716 3165/4365/2719 3151/4355/2710
f 3158/4353/2709 3172/4363/2718 3173/4366/2720 3159/4356/2711
f 3151/4355/2710 3165/4365/2719 3166/4367/2721 3152/4357/2712
f 3159/4356/2711 3173/4366/2720 3174/4368/2722 3160/4316/2674
f 3152/4357/2712 3166/4367/2721 3167/4369/2723 3153/4347/2703
f 3160/4316/2674 3174/4368/2722 3175/4370/2724 3161/4317/2675
f 3153/4347/2703 3167/4369/2723 3168/4344/2700 3154/4343/2699
f 3161/4317/2675 3175/4370/2724 3176/4358/2713 3162/4348/2704
f 3132/4327/2685 3188/4309/2667 3187/4297/2656 3131/4336/2694
f 3125/4329/2687 3181/4308/2666 3180/4310/2668 3124/4340/2696
f 3133/4328/2686 3189/4307/2665 3188/4309/2667 3132/4327/2685
f 3126/4332/2690 3182/4306/2664 3181/4308/2666 3125/4329/2687
f 3134/4319/2677 3190/4305/2663 3189/4307/2665 3133/4328/2686
f 3127/4323/2681 3183/4304/2662 3182/4306/2664 3126/4332/2690
f 3135/4322/2680 3191/4302/2661 3190/4305/2663 3134/4319/2677
f 3128/4326/2684 3184/4301/2660 3183/4304/2662 3127/4323/2681
f 3122/4338/2669 3178/4303/2657 3191/4302/2661 3135/4322/2680
f 3129/4342/2698 3185/4300/2659 3184/4301/2660 3128/4326/2684
f 3130/4333/2691 3186/4296/2655 3185/4300/2659 3129/4342/2698
f 3123/4314/2672 3179/4299/2658 3178/4298/2657 3122/4311/2669
f 3131/4336/2694 3187/4297/2656 3186/4296/2655 3130/4333/2691
f 3124/4340/2696 3180/4310/2668 3179/4299/2658 3123/4314/2672
f 3109/4295/2654 3179/4299/2658 3180/4310/2668 3110/4283/2643
f 3170/4360/2715 3196/4371/2725 3198/4372/2726 3171/4362/2717
f 3177/4359/2714 3194/4373/2727 3197/4374/2728 3164/4361/2716
f 3169/4345/2701 3192/4375/2729 3196/4371/2725 3170/4360/2715
f 3176/4358/2713 3195/4376/2730 3194/4373/2727 3177/4359/2714
f 3168/4344/2700 3193/4377/2731 3192/4375/2729 3169/4345/2701
f 3175/4370/2724 3205/4378/2732 3195/4376/2730 3176/4358/2713
f 3167/4369/2723 3204/4379/2733 3193/4377/2731 3168/4344/2700
f 3174/4368/2722 3203/4380/2734 3205/4378/2732 3175/4370/2724
f 3166/4367/2721 3202/4381/2735 3204/4379/2733 3167/4369/2723
f 3173/4366/2720 3201/4382/2736 3203/4380/2734 3174/4368/2722
f 3165/4365/2719 3200/4383/2737 3202/4381/2735 3166/4367/2721
f 3172/4363/2718 3199/4384/2738 3201/4382/2736 3173/4366/2720
f 3171/4362/2717 3198/4372/2726 3199/4384/2738 3172/4363/2718
f 3164/4364/2716 3197/4385/2728 3200/4383/2737 3165/4365/2719
f 3095/4274/2635 3214/4386/2739 3211/4387/2740 3094/4275/2632
f 3101/4272/2633 3212/4388/2741 3210/4389/2742 3100/4270/2631
f 3094/4271/2632 3211/4390/2740 3208/4391/2743 3107/4268/2629
f 3100/4270/2631 3210/4389/2742 3206/4392/2744 3099/4255/2617
f 3107/4268/2629 3208/4391/2743 3209/4393/2745 3106/4269/2630
f 3099/4255/2617 3206/4392/2744 3207/4394/2746 3098/4256/2618
f 3106/4269/2630 3209/4393/2745 3219/4395/2747 3105/4280/2640
f 3098/4256/2618 3207/4394/2746 3218/4396/2748 3097/4279/2639
f 3105/4280/2640 3219/4395/2747 3217/4397/2749 3104/4278/2638
f 3097/4279/2639 3218/4396/2748 3216/4398/2750 3096/4277/2637
f 3104/4278/2638 3217/4397/2749 3215/4399/2751 3103/4276/2636
f 3096/4277/2637 3216/4398/2750 3214/4386/2739 3095/4274/2635
f 3103/4276/2636 3215/4399/2751 3213/4400/2752 3102/4273/2634
f 3102/4273/2634 3213/4400/2752 3212/4388/2741 3101/4272/2633
f 3293/4401/2753 3294/4402/2754 3308/4403/2755 3307/4404/2756
f 3317/4405/2757 3318/4406/2758 3332/4407/2759 3331/4408/2760
f 3305/4409/2761 3306/4410/2762 3320/4411/2763 3319/4412/2764
f 3298/4413/2765 3299/4414/2766 3313/4415/2767 3312/4416/2768
f 3303/4417/2769 3304/4418/2770 3318/4406/2758 3317/4405/2757
f 3296/4419/2771 3297/4420/2772 3311/4421/2773 3310/4422/2774
f 3301/4423/2775 3302/4424/2776 3316/4425/2777 3315/4426/2778
f 3306/4410/2762 3293/4427/2753 3307/4428/2756 3320/4411/2763
f 3294/4402/2754 3295/4429/2779 3309/4430/2780 3308/4403/2755
f 3299/4414/2766 3300/4431/2781 3314/4432/2782 3313/4415/2767
f 3304/4418/2770 3305/4409/2761 3319/4412/2764 3318/4406/2758
f 3297/4420/2772 3298/4413/2765 3312/4416/2768 3311/4421/2773
f 3302/4424/2776 3303/4417/2769 3317/4405/2757 3316/4425/2777
f 3295/4429/2779 3296/4419/2771 3310/4422/2774 3309/4430/2780
f 3300/4431/2781 3301/4423/2775 3315/4426/2778 3314/4432/2782
f 3325/4433/2783 3326/4434/2784 3340/4435/2785 3339/4436/2786
f 3310/4422/2774 3311/4421/2773 3325/4433/2783 3324/4437/2787
f 3318/4406/2758 3319/4412/2764 3333/4438/2788 3332/4407/2759
f 3311/4421/2773 3312/4416/2768 3326/4434/2784 3325/4433/2783
f 3319/4412/2764 3320/4411/2763 3334/4439/2789 3333/4438/2788
f 3312/4416/2768 3313/4415/2767 3327/4440/2790 3326/4434/2784
f 3320/4411/2763 3307/4428/2756 3321/4441/2791 3334/4439/2789
f 3313/4415/2767 3314/4432/2782 3328/4442/2792 3327/4440/2790
f 3314/4432/2782 3315/4426/2778 3329/4443/2793 3328/4442/2792
f 3307/4404/2756 3308/4403/2755 3322/4444/2794 3321/4445/2791
f 3315/4426/2778 3316/4425/2777 3330/4446/2795 3329/4443/2793
f 3308/4403/2755 3309/4430/2780 3323/4447/2796 3322/4444/2794
f 3316/4425/2777 3317/4405/2757 3331/4408/2760 3330/4446/2795
f 3309/4430/2780 3310/4422/2774 3324/4437/2787 3323/4447/2796
f 3333/4438/2788 3334/4439/2789 3348/4448/2797 3347/4449/2798
f 3326/4434/2784 3327/4440/2790 3341/4450/2799 3340/4435/2785
f 3334/4439/2789 3321/4441/2791 3335/4451/2800 3348/4448/2797
f 3327/4440/2790 3328/4442/2792 3342/4452/2801 3341/4450/2799
f 3328/4442/2792 3329/4443/2793 3343/4453/2802 3342/4452/2801
f 3321/4445/2791 3322/4444/2794 3336/4454/2803 3335/4455/2800
f 3329/4443/2793 3330/4446/2795 3344/4456/2804 3343/4453/2802
f 3322/4444/2794 3323/4447/2796 3337/4457/2805 3336/4454/2803
f 3330/4446/2795 3331/4408/2760 3345/4458/2806 3344/4456/2804
f 3323/4447/2796 3324/4437/2787 3338/4459/2807 3337/4457/2805
f 3331/4408/2760 3332/4407/2759 3346/4460/2808 3345/4458/2806
f 3324/4437/2787 3325/4433/2783 3339/4436/2786 3338/4459/2807
f 3332/4407/2759 3333/4438/2788 3347/4449/2798 3346/4460/2808
f 3303/4417/2769 3302/4424/2776 3358/4461/2809 3359/4462/2810
f 3296/4419/2771 3295/4429/2779 3351/4463/2811 3352/4464/2812
f 3304/4418/2770 3303/4417/2769 3359/4462/2810 3360/4465/2813
f 3297/4420/2772 3296/4419/2771 3352/4464/2812 3353/4466/2814
f 3305/4409/2761 3304/4418/2770 3360/4465/2813 3361/4467/2815
f 3298/4413/2765 3297/4420/2772 3353/4466/2814 3354/4468/2816
f 3306/4410/2762 3305/4409/2761 3361/4467/2815 3362/4469/2817
f 3299/4414/2766 3298/4413/2765 3354/4468/2816 3355/4470/2818
f 3293/4427/2753 3306/4410/2762 3362/4469/2817 3349/4471/2819
f 3300/4431/2781 3299/4414/2766 3355/4470/2818 3356/4472/2820
f 3301/4423/2775 3300/4431/2781 3356/4472/2820 3357/4473/2821
f 3294/4402/2754 3293/4401/2753 3349/4474/2819 3350/4475/2822
f 3302/4424/2776 3301/4423/2775 3357/4473/2821 3358/4461/2809
f 3295/4429/2779 3294/4402/2754 3350/4475/2822 3351/4463/2811
f 3357/4473/2821 3427/4476/2823 3428/4477/2824 3358/4461/2809
f 3349/4474/2819 3419/4478/2825 3420/4479/2826 3350/4475/2822
f 3356/4472/2820 3426/4480/2827 3427/4476/2823 3357/4473/2821
f 3355/4470/2818 3425/4481/2828 3426/4480/2827 3356/4472/2820
f 3362/4469/2817 3432/4482/2829 3419/4483/2825 3349/4471/2819
f 3354/4468/2816 3424/4484/2830 3425/4481/2828 3355/4470/2818
f 3361/4467/2815 3431/4485/2831 3432/4482/2829 3362/4469/2817
f 3353/4466/2814 3423/4486/2832 3424/4484/2830 3354/4468/2816
f 3360/4465/2813 3430/4487/2833 3431/4485/2831 3361/4467/2815
f 3352/4464/2812 3422/4488/2834 3423/4486/2832 3353/4466/2814
f 3359/4462/2810 3429/4489/2835 3430/4487/2833 3360/4465/2813
f 3351/4463/2811 3421/4490/2836 3422/4488/2834 3352/4464/2812
f 3358/4461/2809 3428/4477/2824 3429/4489/2835 3359/4462/2810
f 3363/4491/2837 3377/4492/2838 3378/4493/2839 3364/4494/2840
f 3387/4495/2841 3401/4496/2842 3402/4497/2843 3388/4498/2844
f 3375/4499/2845 3389/4500/2846 3390/4501/2847 3376/4502/2848
f 3368/4503/2849 3382/4504/2850 3383/4505/2851 3369/4506/2852
f 3373/4507/2853 3387/4495/2841 3388/4498/2844 3374/4508/2854
f 3366/4509/2855 3380/4510/2856 3381/4511/2857 3367/4512/2858
f 3371/4513/2859 3385/4514/2860 3386/4515/2861 3372/4516/2862
f 3376/4502/2848 3390/4501/2847 3377/4517/2838 3363/4518/2837
f 3364/4494/2840 3378/4493/2839 3379/4519/2863 3365/4520/2864
f 3369/4506/2852 3383/4505/2851 3384/4521/2865 3370/4522/2866
f 3374/4508/2854 3388/4498/2844 3389/4500/2846 3375/4499/2845
f 3367/4512/2858 3381/4511/2857 3382/4504/2850 3368/4503/2849
f 3372/4516/2862 3386/4515/2861 3387/4495/2841 3373/4507/2853
f 3365/4520/2864 3379/4519/2863 3380/4510/2856 3366/4509/2855
f 3370/4522/2866 3384/4521/2865 3385/4514/2860 3371/4513/2859
f 3395/4523/2867 3409/4524/2868 3410/4525/2869 3396/4526/2870
f 3380/4510/2856 3394/4527/2871 3395/4523/2867 3381/4511/2857
f 3388/4498/2844 3402/4497/2843 3403/4528/2872 3389/4500/2846
f 3381/4511/2857 3395/4523/2867 3396/4526/2870 3382/4504/2850
f 3389/4500/2846 3403/4528/2872 3404/4529/2873 3390/4501/2847
f 3382/4504/2850 3396/4526/2870 3397/4530/2874 3383/4505/2851
f 3390/4501/2847 3404/4529/2873 3391/4531/2875 3377/4517/2838
f 3383/4505/2851 3397/4530/2874 3398/4532/2876 3384/4521/2865
f 3384/4521/2865 3398/4532/2876 3399/4533/2877 3385/4514/2860
f 3377/4492/2838 3391/4534/2875 3392/4535/2878 3378/4493/2839
f 3385/4514/2860 3399/4533/2877 3400/4536/2879 3386/4515/2861
f 3378/4493/2839 3392/4535/2878 3393/4537/2880 3379/4519/2863
f 3386/4515/2861 3400/4536/2879 3401/4496/2842 3387/4495/2841
f 3379/4519/2863 3393/4537/2880 3394/4527/2871 3380/4510/2856
f 3403/4528/2872 3417/4538/2881 3418/4539/2882 3404/4529/2873
f 3396/4526/2870 3410/4525/2869 3411/4540/2883 3397/4530/2874
f 3404/4529/2873 3418/4539/2882 3405/4541/2884 3391/4531/2875
f 3397/4530/2874 3411/4540/2883 3412/4542/2885 3398/4532/2876
f 3398/4532/2876 3412/4542/2885 3413/4543/2886 3399/4533/2877
f 3391/4534/2875 3405/4544/2884 3406/4545/2887 3392/4535/2878
f 3399/4533/2877 3413/4543/2886 3414/4546/2888 3400/4536/2879
f 3392/4535/2878 3406/4545/2887 3407/4547/2889 3393/4537/2880
f 3400/4536/2879 3414/4546/2888 3415/4548/2890 3401/4496/2842
f 3393/4537/2880 3407/4547/2889 3408/4549/2891 3394/4527/2871
f 3401/4496/2842 3415/4548/2890 3416/4550/2892 3402/4497/2843
f 3394/4527/2871 3408/4549/2891 3409/4524/2868 3395/4523/2867
f 3402/4497/2843 3416/4550/2892 3417/4538/2881 3403/4528/2872
f 3373/4507/2853 3429/4489/2835 3428/4477/2824 3372/4516/2862
f 3366/4509/2855 3422/4488/2834 3421/4490/2836 3365/4520/2864
f 3374/4508/2854 3430/4487/2833 3429/4489/2835 3373/4507/2853
f 3367/4512/2858 3423/4486/2832 3422/4488/2834 3366/4509/2855
f 3375/4499/2845 3431/4485/2831 3430/4487/2833 3374/4508/2854
f 3368/4503/2849 3424/4484/2830 3423/4486/2832 3367/4512/2858
f 3376/4502/2848 3432/4482/2829 3431/4485/2831 3375/4499/2845
f 3369/4506/2852 3425/4481/2828 3424/4484/2830 3368/4503/2849
f 3363/4518/2837 3419/4483/2825 3432/4482/2829 3376/4502/2848
f 3370/4522/2866 3426/4480/2827 3425/4481/2828 3369/4506/2852
f 3371/4513/2859 3427/4476/2823 3426/4480/2827 3370/4522/2866
f 3364/4494/2840 3420/4479/2826 3419/4478/2825 3363/4491/2837
f 3372/4516/2862 3428/4477/2824 3427/4476/2823 3371/4513/2859
f 3365/4520/2864 3421/4490/2836 3420/4479/2826 3364/4494/2840
f 3350/4475/2822 3420/4479/2826 3421/4490/2836 3351/4463/2811
f 3411/4540/2883 3437/4551/2893 3439/4552/2894 3412/4542/2885
f 3418/4539/2882 3435/4553/2895 3438/4554/2896 3405/4541/2884
f 3410/4525/2869 3433/4555/2897 3437/4551/2893 3411/4540/2883
f 3417/4538/2881 3436/4556/2898 3435/4553/2895 3418/4539/2882
f 3409/4524/2868 3434/4557/2899 3433/4555/2897 3410/4525/2869
f 3416/4550/2892 3446/4558/2900 3436/4556/2898 3417/4538/2881
f 3408/4549/2891 3445/4559/2901 3434/4557/2899 3409/4524/2868
f 3415/4548/2890 3444/4560/2902 3446/4558/2900 3416/4550/2892
f 3407/4547/2889 3443/4561/2903 3445/4559/2901 3408/4549/2891
f 3414/4546/2888 3442/4562/2904 3444/4560/2902 3415/4548/2890
f 3406/4545/2887 3441/4563/2905 3443/4561/2903 3407/4547/2889
f 3413/4543/2886 3440/4564/2906 3442/4562/2904 3414/4546/2888
f 3412/4542/2885 3439/4552/2894 3440/4564/2906 3413/4543/2886
f 3405/4544/2884 3438/4565/2896 3441/4563/2905 3406/4545/2887
f 3336/4454/2803 3455/4566/2907 3452/4567/2908 3335/4455/2800
f 3342/4452/2801 3453/4568/2909 3451/4569/2910 3341/4450/2799
f 3335/4451/2800 3452/4570/2908 3449/4571/2911 3348/4448/2797
f 3341/4450/2799 3451/4569/2910 3447/4572/2912 3340/4435/2785
f 3348/4448/2797 3449/4571/2911 3450/4573/2913 3347/4449/2798
f 3340/4435/2785 3447/4572/2912 3448/4574/2914 3339/4436/2786
f 3347/4449/2798 3450/4573/2913 3460/4575/2915 3346/4460/2808
f 3339/4436/2786 3448/4574/2914 3459/4576/2916 3338/4459/2807
f 3346/4460/2808 3460/4575/2915 3458/4577/2917 3345/4458/2806
f 3338/4459/2807 3459/4576/2916 3457/4578/2918 3337/4457/2805
f 3345/4458/2806 3458/4577/2917 3456/4579/2919 3344/4456/2804
f 3337/4457/2805 3457/4578/2918 3455/4566/2907 3336/4454/2803
f 3344/4456/2804 3456/4579/2919 3454/4580/2920 3343/4453/2802
f 3343/4453/2802 3454/4580/2920 3453/4568/2909 3342/4452/2801
