# Blender 4.0.2
# www.blender.org
mtllib TopPadded_Incline_Curve_Round_Outer.mtl
o TopPadded_Incline_Curve_Round_Outer
v -3.180700 3.997098 -3.177863
v -3.894174 3.997097 -2.246307
v -2.830053 3.011647 -2.827526
v -3.464968 3.011646 -1.998372
v -3.531347 4.982549 -3.528199
v -4.323379 4.982548 -2.494242
v -2.498241 4.982549 -4.321311
v -3.379040 3.122618 -2.230605
v -3.180060 3.802267 -3.031294
v -2.936190 3.122618 -2.791366
v -3.499715 3.210774 -2.130991
v -3.780939 3.884735 -2.319746
v -3.318994 3.904641 -2.951858
v -4.158003 4.752069 -2.540056
v -3.886509 4.103702 -2.359832
v -3.379414 4.086638 -3.021750
v -3.328013 4.197543 -3.163930
v -3.578039 4.871504 -3.392641
v -4.146806 4.891411 -2.683116
v -3.166385 4.183325 -3.316264
v -3.401080 4.880037 -3.576254
v -2.694688 4.891410 -4.139046
v -3.028382 4.098013 -3.381192
v -2.556293 4.780507 -4.164380
v -2.385298 4.112233 -3.874661
v -3.032040 3.796579 -3.175578
v -2.201268 3.111243 -3.391946
v -2.787922 3.111242 -2.931604
v -2.322390 3.901797 -3.789487
v -2.129290 3.210773 -3.500860
v -2.978672 3.910327 -3.299161
v -2.721698 3.324113 -3.232237
v -2.493670 3.660228 -3.617969
v -2.710865 4.269788 -3.841087
v -3.178441 4.600965 -3.685820
v -3.754819 4.642043 -3.130917
v -3.890294 4.305730 -2.670557
v -3.632700 3.666479 -2.477510
v -3.236472 3.330167 -2.721489
v -1.165184 3.997098 -4.342215
v -2.249944 3.997098 -3.892318
v -1.037137 3.011647 -3.863369
v -2.001617 3.011647 -3.463338
v -1.293230 4.982549 -4.821061
v -1.810958 3.122618 -3.621490
v -1.238781 3.802267 -4.217541
v -1.147752 3.122618 -3.887712
v -1.964547 3.210774 -3.593942
v -2.114163 3.884735 -3.897961
v -1.398573 3.904641 -4.216997
v -2.331002 4.752069 -4.276934
v -2.185577 4.103702 -3.985185
v -1.415945 4.086638 -4.307836
v -1.300457 4.197542 -4.406374
v -1.402420 4.871505 -4.729471
v -2.250307 4.891411 -4.396395
v -1.083369 4.183325 -4.455059
v -1.156210 4.880037 -4.797691
v -0.262975 4.891410 -4.930804
v -0.931355 4.098013 -4.442721
v -0.130764 4.780507 -4.883154
v -0.127867 4.112233 -4.546762
v -1.037590 3.796580 -4.265994
v -0.210378 3.111242 -4.037007
v -0.948566 3.111243 -3.932578
v -0.116091 3.901798 -4.441515
v -0.929464 3.910328 -4.346741
v -0.093527 3.210773 -4.094954
v -0.740711 3.324113 -4.160698
v -0.350046 3.660228 -4.379364
v -0.426023 4.269787 -4.681391
v -0.908401 4.600965 -4.781927
v -1.686351 4.642043 -4.588806
v -2.034718 4.305729 -4.258626
v -1.907815 3.666479 -3.962648
v -1.442093 3.330167 -3.975245
v -0.002033 3.997097 -4.496511
v -0.001813 3.011646 -4.000841
v -0.002256 4.982548 -4.992182
v -2.004458 3.000157 -3.471877
v -0.001815 3.000157 -4.009763
v -2.252456 3.992339 -3.900740
v -1.035260 3.000157 -3.872843
v -1.051078 3.000157 -3.869607
v -0.002039 3.992338 -4.505168
v -1.171604 3.992338 -4.349692
v -1.176410 3.049345 -3.854151
v -1.115286 3.119521 -3.912389
v -1.158453 3.051736 -3.861646
v -1.142384 3.058746 -3.870923
v -1.129275 3.069899 -3.881356
v -1.120013 3.084433 -3.892238
v -1.115231 3.101357 -3.902826
v -1.206472 3.787595 -4.233260
v -1.287229 3.808787 -4.216779
v -1.212036 3.808924 -4.242599
v -1.221892 3.823995 -4.247175
v -1.235373 3.831782 -4.246672
v -1.251540 3.831751 -4.241127
v -1.269246 3.823909 -4.230926
v -1.870798 3.119844 -3.605843
v -1.834374 3.049345 -3.584745
v -1.881102 3.101597 -3.590473
v -1.884666 3.084594 -3.579184
v -1.881294 3.069993 -3.572721
v -1.871256 3.058789 -3.571504
v -1.855255 3.051747 -3.575603
v -0.214848 3.049345 -4.020057
v -0.193964 3.119845 -4.056733
v -0.192213 3.051748 -4.022779
v -0.176327 3.058790 -4.027369
v -0.168264 3.069993 -4.033514
v -0.168597 3.084595 -4.040797
v -0.177344 3.101598 -4.048717
v -1.004518 3.808786 -4.291094
v -1.082486 3.787595 -4.264078
v -1.027122 3.823909 -4.294116
v -1.047508 3.831752 -4.293876
v -1.064240 3.831781 -4.290405
v -1.076130 3.823995 -4.283956
v -1.082351 3.808924 -4.274976
v -1.000722 3.119521 -3.940677
v -0.918816 3.049345 -3.921718
v -0.995983 3.101358 -3.932401
v -0.986563 3.084433 -3.925714
v -0.973119 3.069899 -3.921068
v -0.956583 3.058747 -3.918776
v -0.938069 3.051736 -3.918996
v -2.010014 3.195984 -3.578378
v -1.936618 3.174793 -3.603468
v -2.002470 3.174654 -3.570265
v -1.991983 3.159584 -3.567126
v -1.979277 3.151798 -3.569170
v -1.965196 3.151827 -3.576269
v -1.950663 3.159670 -3.587958
v -1.356269 3.863734 -4.222028
v -1.390743 3.934234 -4.247365
v -1.342220 3.881981 -4.236502
v -1.336031 3.898984 -4.247607
v -1.338183 3.913586 -4.254574
v -1.348568 3.924789 -4.256915
v -1.366498 3.931832 -4.254459
v -2.116649 3.934234 -3.937214
v -2.173556 3.864058 -3.869113
v -2.135261 3.931843 -3.926457
v -2.151439 3.924832 -3.914339
v -2.164061 3.913680 -3.901697
v -2.172263 3.899146 -3.889401
v -2.175495 3.882221 -3.878291
v -0.930450 3.934235 -4.370312
v -0.947540 3.863736 -4.330866
v -0.954929 3.931832 -4.364058
v -0.971638 3.924788 -4.357024
v -0.979433 3.913586 -4.349704
v -0.977804 3.898984 -4.342597
v -0.966909 3.881981 -4.336178
v -0.135904 3.174793 -4.088096
v -0.059900 3.195984 -4.103724
v -0.115982 3.159670 -4.081858
v -0.097555 3.151827 -4.079161
v -0.081825 3.151798 -4.080190
v -0.069822 3.159584 -4.084877
v -0.062342 3.174656 -4.092904
v -0.064721 3.864058 -4.437266
v -0.147988 3.934234 -4.467113
v -0.067657 3.882223 -4.446160
v -0.076020 3.899146 -4.454098
v -0.089266 3.913681 -4.460537
v -0.106500 3.924832 -4.465034
v -0.126535 3.931843 -4.467277
v -0.001797 3.019574 -3.970094
v -1.025054 3.019574 -3.834509
v -1.040717 3.019574 -3.831315
v -0.002019 4.012067 -4.465655
v -1.984600 3.019574 -3.437536
v -1.164929 3.069276 -3.816448
v -1.104508 3.139421 -3.874463
v -1.147155 3.071666 -3.823887
v -1.131256 3.078673 -3.833112
v -1.118293 3.089820 -3.843500
v -1.109142 3.104348 -3.854346
v -1.104430 3.121265 -3.864911
v -1.195653 3.807194 -4.195189
v -1.275695 3.828376 -4.178914
v -1.201191 3.828513 -4.204530
v -1.210975 3.843577 -4.209123
v -1.224341 3.851361 -4.208652
v -1.240361 3.851330 -4.203149
v -1.257895 3.843491 -4.193002
v -1.852623 3.139743 -3.570853
v -1.816404 3.069276 -3.549668
v -1.862789 3.121505 -3.555561
v -1.866282 3.104509 -3.544313
v -1.862911 3.089915 -3.537854
v -1.852946 3.078717 -3.536600
v -1.837086 3.071676 -3.540628
v -0.212769 3.069276 -3.980700
v -0.192102 3.139744 -4.017348
v -0.190353 3.071677 -3.983410
v -0.174622 3.078717 -3.987991
v -0.166640 3.089915 -3.994131
v -0.166972 3.104510 -4.001410
v -0.175638 3.121505 -4.009330
v -0.995537 3.828375 -4.252544
v -1.072785 3.807193 -4.225706
v -1.017951 3.843491 -4.255606
v -1.038165 3.851331 -4.255407
v -1.054747 3.851360 -4.251972
v -1.066523 3.843576 -4.245552
v -1.072673 3.828513 -4.236594
v -0.991057 3.139420 -3.902453
v -0.909870 3.069276 -3.883334
v -0.986344 3.121266 -3.894174
v -0.976995 3.104348 -3.887473
v -0.963667 3.089820 -3.882802
v -0.947279 3.078673 -3.880476
v -0.928937 3.071666 -3.880656
v -1.990675 3.215848 -3.543999
v -1.917929 3.194667 -3.568737
v -1.983155 3.194529 -3.535877
v -1.972735 3.179465 -3.532705
v -1.960132 3.171682 -3.534694
v -1.946185 3.171712 -3.541719
v -1.931807 3.179551 -3.553321
v -1.344178 3.883298 -4.184325
v -1.378433 3.953766 -4.209714
v -1.330279 3.901536 -4.198746
v -1.324168 3.918532 -4.209822
v -1.326319 3.933127 -4.216786
v -1.336625 3.944325 -4.219149
v -1.354404 3.951365 -4.216740
v -2.097875 3.953767 -3.902334
v -2.154144 3.883622 -3.834602
v -2.116320 3.951376 -3.891669
v -2.132342 3.944369 -3.879637
v -2.144832 3.933222 -3.867071
v -2.152933 3.918694 -3.854835
v -2.156102 3.901777 -3.843765
v -0.922245 3.953767 -4.331560
v -0.939120 3.883300 -4.292176
v -0.946504 3.951366 -4.325353
v -0.963058 3.944325 -4.318355
v -0.970775 3.933127 -4.311056
v -0.969146 3.918533 -4.303952
v -0.958332 3.901537 -4.297518
v -0.134607 3.194667 -4.048676
v -0.059330 3.215849 -4.064283
v -0.114874 3.179551 -4.042437
v -0.096622 3.171712 -4.039736
v -0.081043 3.171683 -4.040762
v -0.069155 3.179465 -4.045445
v -0.061747 3.194530 -4.053468
v -0.064149 3.883622 -4.397674
v -0.146689 3.953767 -4.427522
v -0.067060 3.901778 -4.406564
v -0.075350 3.918694 -4.414500
v -0.088480 3.933223 -4.420938
v -0.105562 3.944369 -4.425435
v -0.125424 3.951377 -4.427682
v -3.472694 3.000157 -2.002835
v -2.836813 3.000157 -2.833323
v -2.824917 3.000157 -2.844213
v -3.901670 3.992337 -2.250637
v -3.180793 3.992338 -3.189670
v -2.748202 3.049345 -2.944465
v -2.828735 3.119521 -2.920171
v -2.763556 3.051736 -2.932534
v -2.779515 3.058746 -2.923137
v -2.795010 3.069900 -2.916901
v -2.808991 3.084433 -2.914245
v -2.820501 3.101358 -2.915354
v -3.060839 3.787595 -3.159755
v -3.006691 3.808787 -3.221893
v -3.066154 3.808924 -3.169265
v -3.065238 3.823996 -3.180134
v -3.058141 3.831782 -3.191629
v -3.045360 3.831753 -3.202947
v -3.027799 3.823910 -3.213283
v -2.187546 3.119843 -3.423629
v -2.187303 3.049345 -3.381333
v -2.169184 3.101597 -3.425035
v -2.157673 3.084594 -3.422566
v -2.153755 3.069993 -3.416419
v -2.157658 3.058790 -3.407038
v -2.169098 3.051747 -3.395072
v -3.375028 3.049346 -2.196641
v -3.417271 3.119845 -2.196970
v -3.388766 3.051747 -2.178439
v -3.400726 3.058790 -2.167010
v -3.410100 3.069993 -2.163119
v -3.416235 3.084595 -2.167056
v -3.418692 3.101597 -2.178584
v -3.213726 3.808787 -3.015916
v -3.151592 3.787594 -3.070031
v -3.205095 3.823910 -3.037037
v -3.194748 3.831753 -3.054604
v -3.183427 3.831782 -3.067379
v -3.171939 3.823995 -3.074466
v -3.161079 3.808924 -3.075369
v -2.912654 3.119520 -2.837261
v -2.937019 3.049345 -2.756657
v -2.907856 3.101358 -2.829008
v -2.906762 3.084433 -2.817482
v -2.909434 3.069899 -2.803485
v -2.915680 3.058747 -2.787979
v -2.925084 3.051737 -2.772013
v -2.095100 3.195984 -3.531768
v -2.153002 3.174793 -3.480011
v -2.091816 3.174654 -3.521159
v -2.094281 3.159584 -3.510439
v -2.102319 3.151798 -3.500341
v -2.115401 3.151827 -3.491542
v -2.132674 3.159670 -3.484616
v -2.977108 3.863735 -3.284655
v -2.981959 3.934234 -3.327318
v -2.996553 3.881981 -3.279635
v -3.009204 3.898985 -3.279783
v -3.014160 3.913585 -3.285131
v -3.011050 3.924790 -3.295344
v -3.000068 3.931832 -3.309737
v -2.352424 3.934234 -3.802549
v -2.265496 3.864058 -3.818540
v -2.333942 3.931843 -3.813480
v -2.315484 3.924833 -3.821611
v -2.298331 3.913680 -3.826377
v -2.283662 3.899146 -3.827453
v -2.272469 3.882221 -3.824775
v -3.319048 3.934235 -2.991333
v -3.276446 3.863735 -2.986405
v -3.301465 3.931833 -3.009433
v -3.287073 3.924789 -3.020406
v -3.276870 3.913586 -3.023500
v -3.271535 3.898986 -3.018530
v -3.271405 3.881982 -3.005865
v -3.473614 3.174793 -2.162492
v -3.525361 3.195985 -2.104616
v -3.478233 3.159671 -2.142145
v -3.485166 3.151827 -2.124864
v -3.493965 3.151798 -2.111783
v -3.504059 3.159584 -2.103754
v -3.514768 3.174657 -2.101309
v -3.811655 3.864059 -2.275814
v -3.795594 3.934235 -2.362814
v -3.817878 3.882223 -2.282807
v -3.820541 3.899147 -2.294020
v -3.819452 3.913681 -2.308706
v -3.814671 3.924834 -2.325871
v -3.806532 3.931844 -2.344332
v -3.438345 3.019573 -1.982990
v -2.808745 3.019574 -2.805290
v -2.796962 3.019573 -2.816068
v -3.867455 4.012067 -2.230873
v -2.721306 3.069276 -2.915656
v -2.801301 3.139421 -2.891853
v -2.736522 3.071666 -2.903853
v -2.752353 3.078674 -2.894576
v -2.767737 3.089821 -2.888443
v -2.781633 3.104348 -2.885864
v -2.793087 3.121265 -2.887021
v -3.033301 3.807193 -3.131329
v -2.979681 3.828376 -3.192957
v -3.038630 3.828513 -3.140818
v -3.037764 3.843578 -3.151634
v -3.030750 3.851361 -3.163045
v -3.018080 3.851331 -3.174259
v -3.000648 3.843492 -3.184474
v -2.166294 3.139743 -3.390419
v -2.165873 3.069275 -3.348256
v -2.148066 3.121505 -3.391744
v -2.136626 3.104509 -3.389234
v -2.132710 3.089915 -3.383090
v -2.136546 3.078717 -3.373754
v -2.147855 3.071677 -3.361875
v -3.342011 3.069277 -2.175119
v -3.384121 3.139744 -2.175625
v -3.355628 3.071678 -2.157103
v -3.367502 3.078717 -2.145803
v -3.376829 3.089916 -2.141981
v -3.382964 3.104511 -2.145914
v -3.385460 3.121505 -2.157374
v -3.184865 3.828376 -2.988826
v -3.123242 3.807193 -3.042413
v -3.176363 3.843493 -3.009807
v -3.166136 3.851331 -3.027243
v -3.154921 3.851361 -3.039909
v -3.143515 3.843577 -3.046913
v -3.132709 3.828513 -3.047766
v -2.884412 3.139420 -2.809748
v -2.908285 3.069276 -2.729681
v -2.879599 3.121265 -2.801515
v -2.878458 3.104348 -2.790044
v -2.881052 3.089821 -2.776133
v -2.887196 3.078674 -2.760738
v -2.896479 3.071666 -2.744900
v -2.074950 3.215849 -3.497857
v -2.132227 3.194667 -3.446485
v -2.071648 3.194529 -3.487266
v -2.074052 3.179465 -3.476586
v -2.081990 3.171682 -3.466549
v -2.094942 3.171711 -3.457829
v -2.112062 3.179551 -3.450994
v -2.950511 3.883300 -3.255322
v -2.955516 3.953767 -3.297825
v -2.969837 3.901537 -3.250405
v -2.982425 3.918532 -3.250605
v -2.987378 3.933127 -3.255951
v -2.984327 3.944327 -3.266108
v -2.973460 3.951366 -3.280394
v -2.331562 3.953766 -3.768877
v -2.245270 3.883622 -3.784500
v -2.313242 3.951377 -3.779708
v -2.294936 3.944370 -3.787748
v -2.277914 3.933221 -3.792438
v -2.263346 3.918694 -3.793457
v -2.252219 3.901777 -3.790745
v -3.289629 3.953767 -2.964808
v -3.247187 3.883299 -2.959726
v -3.272195 3.951366 -2.982744
v -3.257913 3.944326 -2.993600
v -3.247765 3.933128 -2.996638
v -3.242432 3.918534 -2.991670
v -3.242249 3.901539 -2.979068
v -3.440147 3.194667 -2.141623
v -3.491509 3.215850 -2.084371
v -3.444669 3.179552 -2.121440
v -3.451510 3.171712 -2.104310
v -3.460231 3.171684 -2.091359
v -3.470262 3.179465 -2.083430
v -3.480932 3.194531 -2.081044
v -3.777673 3.883623 -2.255493
v -3.761980 3.953768 -2.341858
v -3.783905 3.901778 -2.262462
v -3.786602 3.918695 -2.273609
v -3.785570 3.933223 -2.288194
v -3.780868 3.944371 -2.305226
v -3.772818 3.951378 -2.323538
v -2.500454 4.984520 -4.329604
v -0.002259 4.984519 -5.000573
v -1.290192 4.984519 -4.830297
v -1.309883 4.984519 -4.826020
v -1.450729 4.935331 -4.755001
v -1.353548 4.865156 -4.750804
v -1.427724 4.932940 -4.761526
v -1.405614 4.925929 -4.765293
v -1.385935 4.914778 -4.766044
v -1.370037 4.900243 -4.763735
v -1.358997 4.883318 -4.758532
v -1.262363 4.197083 -4.429934
v -1.340640 4.175890 -4.392124
v -1.262217 4.175753 -4.418751
v -1.268253 4.160681 -4.408766
v -1.280050 4.152895 -4.400657
v -1.296824 4.152924 -4.394964
v -1.317473 4.160767 -4.392060
v -2.272425 4.864832 -4.379045
v -2.263742 4.935331 -4.422852
v -2.294298 4.883079 -4.378190
v -2.307419 4.900083 -4.381061
v -2.310853 4.914683 -4.387493
v -2.304328 4.925887 -4.397068
v -2.288261 4.932929 -4.409135
v -0.264521 4.935331 -4.960437
v -0.235105 4.864833 -4.927050
v -0.236531 4.932930 -4.961025
v -0.216646 4.925886 -4.958755
v -0.206227 4.914683 -4.953803
v -0.205966 4.900082 -4.946517
v -0.215834 4.883079 -4.937394
v -1.046108 4.175889 -4.469611
v -1.132602 4.197082 -4.462301
v -1.066080 4.160767 -4.457738
v -1.085357 4.152924 -4.449709
v -1.102687 4.152894 -4.446063
v -1.116927 4.160681 -4.447041
v -1.127133 4.175752 -4.452578
v -1.214367 4.865156 -4.785701
v -1.132564 4.935332 -4.838830
v -1.213526 4.883319 -4.795147
v -1.206597 4.900243 -4.805261
v -1.194026 4.914778 -4.815354
v -1.176661 4.925931 -4.824730
v -1.155690 4.932941 -4.832742
v -2.399904 4.788692 -4.271498
v -2.323488 4.809884 -4.322403
v -2.402348 4.810021 -4.282205
v -2.397875 4.825092 -4.292948
v -2.386782 4.832878 -4.302995
v -2.369837 4.832850 -4.311643
v -2.348233 4.825006 -4.318274
v -1.395486 4.120940 -4.344319
v -1.408774 4.050442 -4.302516
v -1.375450 4.102695 -4.341578
v -1.363955 4.085691 -4.336551
v -1.361739 4.071091 -4.329607
v -1.368906 4.059886 -4.321231
v -1.384948 4.052844 -4.311996
v -2.144148 4.050443 -3.988307
v -2.236362 4.120618 -3.980763
v -2.164149 4.052833 -3.979514
v -2.183940 4.059844 -3.973399
v -2.202197 4.070995 -3.970367
v -2.217687 4.085529 -3.970626
v -2.229346 4.102454 -3.974167
v -0.942469 4.050443 -4.427078
v -0.974849 4.120941 -4.456354
v -0.967780 4.052844 -4.423097
v -0.986248 4.059887 -4.422878
v -0.996626 4.071091 -4.426446
v -0.998184 4.085691 -4.433567
v -0.990776 4.102694 -4.443767
v -0.162740 4.809884 -4.904071
v -0.071394 4.788691 -4.898896
v -0.139352 4.825005 -4.913048
v -0.117415 4.832848 -4.918276
v -0.098486 4.832879 -4.919405
v -0.083894 4.825093 -4.916362
v -0.074656 4.810022 -4.909365
v -0.066572 4.120617 -4.565354
v -0.149890 4.050441 -4.525104
v -0.069315 4.102455 -4.556111
v -0.077594 4.085529 -4.547147
v -0.090823 4.070996 -4.539071
v -0.108092 4.059844 -4.532427
v -0.128229 4.052833 -4.527665
v -0.002241 5.004561 -4.961216
v -1.280065 5.004560 -4.792264
v -1.299603 5.004560 -4.788029
v -2.480752 5.004561 -4.295533
v -1.439191 4.954859 -4.717105
v -1.342724 4.884715 -4.712714
v -1.416368 4.952470 -4.723576
v -1.394430 4.945461 -4.727293
v -1.374899 4.934315 -4.728004
v -1.359115 4.919786 -4.725664
v -1.348147 4.902869 -4.720446
v -1.251580 4.216942 -4.391988
v -1.329147 4.195759 -4.354391
v -1.251410 4.195622 -4.380817
v -1.257377 4.180556 -4.370856
v -1.269060 4.172775 -4.362781
v -1.285688 4.172803 -4.357131
v -1.306164 4.180643 -4.354277
v -2.254171 4.884392 -4.343904
v -2.245680 4.954858 -4.387596
v -2.275902 4.902630 -4.343121
v -2.288949 4.919626 -4.346025
v -2.292380 4.934220 -4.352454
v -2.285927 4.945418 -4.361989
v -2.270000 4.952458 -4.373982
v -0.262432 4.954859 -4.920878
v -0.233235 4.884392 -4.887496
v -0.234662 4.952458 -4.921455
v -0.214932 4.945418 -4.919181
v -0.204594 4.934220 -4.914227
v -0.204333 4.919625 -4.906943
v -0.214120 4.902630 -4.897829
v -1.037159 4.195759 -4.431197
v -1.122933 4.216942 -4.424057
v -1.056943 4.180643 -4.419371
v -1.076049 4.172804 -4.411386
v -1.093230 4.172774 -4.407775
v -1.107356 4.180558 -4.408781
v -1.117489 4.195622 -4.414332
v -1.204661 4.884716 -4.747311
v -1.123572 4.954859 -4.800250
v -1.203843 4.902869 -4.756747
v -1.196985 4.919786 -4.766839
v -1.184527 4.934315 -4.776900
v -1.167311 4.945462 -4.786238
v -1.146512 4.952468 -4.794206
v -2.380498 4.808285 -4.237001
v -2.304730 4.829467 -4.287544
v -2.382963 4.829606 -4.247691
v -2.378552 4.844670 -4.258395
v -2.367561 4.852452 -4.268383
v -2.350751 4.852423 -4.276957
v -2.329305 4.844584 -4.283503
v -1.383445 4.140835 -4.306772
v -1.396526 4.070369 -4.265053
v -1.363561 4.122597 -4.303986
v -1.352146 4.105601 -4.298938
v -1.349931 4.091008 -4.291997
v -1.357022 4.079808 -4.283648
v -1.372913 4.072769 -4.274463
v -2.125468 4.070369 -3.953600
v -2.217029 4.140513 -3.946397
v -2.145301 4.072758 -3.944897
v -2.164936 4.079766 -3.938866
v -2.183059 4.090913 -3.935906
v -2.198445 4.105440 -3.936218
v -2.210038 4.122357 -3.939792
v -0.934304 4.070369 -4.388518
v -0.966465 4.140836 -4.417825
v -0.959397 4.072769 -4.384583
v -0.977711 4.079809 -4.384397
v -0.988009 4.091007 -4.387980
v -0.989566 4.105601 -4.395098
v -0.982237 4.122596 -4.405275
v -0.161439 4.829468 -4.864507
v -0.070822 4.808285 -4.859318
v -0.138240 4.844583 -4.873474
v -0.116478 4.852422 -4.878696
v -0.097700 4.852452 -4.879821
v -0.083224 4.844671 -4.876780
v -0.074059 4.829605 -4.869783
v -0.066003 4.140512 -4.525928
v -0.148598 4.070368 -4.485710
v -0.068721 4.122358 -4.516689
v -0.076927 4.105440 -4.507730
v -0.090041 4.090914 -4.499660
v -0.107159 4.079765 -4.493021
v -0.127124 4.072759 -4.488265
v -4.330646 4.984519 -2.498440
v -3.537852 4.984519 -3.533501
v -3.523143 4.984519 -3.547198
v -3.390829 4.935331 -3.632805
v -3.435208 4.865154 -3.546189
v -3.407829 4.932940 -3.616055
v -3.422003 4.925929 -3.598708
v -3.432372 4.914778 -3.581969
v -3.438231 4.900243 -3.566988
v -3.439190 4.883319 -3.554790
v -3.203104 4.197081 -3.306605
v -3.131765 4.175889 -3.355887
v -3.193515 4.175751 -3.300897
v -3.181909 4.160680 -3.301166
v -3.169074 4.152894 -3.307390
v -3.155869 4.152924 -3.319155
v -3.143157 4.160767 -3.335685
v -2.657197 4.864832 -4.157505
v -2.699334 4.935331 -4.171653
v -2.645659 4.883079 -4.176168
v -2.641657 4.900082 -4.189042
v -2.645517 4.914682 -4.195227
v -2.657014 4.925886 -4.194280
v -2.675376 4.932930 -4.186244
v -4.163913 4.935331 -2.710879
v -4.149831 4.864831 -2.668669
v -4.178520 4.932928 -2.686924
v -4.186569 4.925885 -2.668562
v -4.187531 4.914681 -2.657053
v -4.181355 4.900080 -2.653177
v -4.168490 4.883078 -2.657155
v -3.347371 4.175889 -3.141362
v -3.298045 4.197081 -3.212703
v -3.327176 4.160767 -3.152736
v -3.310649 4.152923 -3.165435
v -3.298880 4.152894 -3.178634
v -3.292646 4.160680 -3.191473
v -3.292356 4.175752 -3.203095
v -3.536982 4.865154 -3.445473
v -3.623566 4.935330 -3.401199
v -3.545566 4.883317 -3.449474
v -3.557753 4.900243 -3.448534
v -3.572724 4.914776 -3.442697
v -3.589461 4.925929 -3.432344
v -3.606811 4.932939 -3.418185
v -2.501330 4.788692 -4.215439
v -2.583045 4.809884 -4.173984
v -2.509374 4.810021 -4.222876
v -2.520865 4.825092 -4.224297
v -2.535020 4.832878 -4.219596
v -2.550860 4.832849 -4.209096
v -2.567257 4.825006 -4.193531
v -3.063372 4.120940 -3.379794
v -3.020693 4.050441 -3.370519
v -3.070903 4.102694 -3.360980
v -3.072240 4.085691 -3.348464
v -3.067337 4.071090 -3.343070
v -3.056560 4.059887 -3.345134
v -3.040656 4.052845 -3.354497
v -2.382984 4.050443 -3.851874
v -2.330933 4.120618 -3.928668
v -2.365512 4.052833 -3.864986
v -2.350456 4.059844 -3.879243
v -2.338822 4.070995 -3.893686
v -2.331399 4.085530 -3.907340
v -2.328701 4.102455 -3.919275
v -3.362141 4.050441 -3.030187
v -3.371345 4.120940 -3.072933
v -3.346111 4.052844 -3.050145
v -3.336737 4.059887 -3.066054
v -3.334661 4.071090 -3.076838
v -3.340041 4.085691 -3.081757
v -3.352542 4.102694 -3.080441
v -4.166382 4.809884 -2.594473
v -4.207893 4.788692 -2.512756
v -4.185928 4.825006 -2.578707
v -4.201499 4.832849 -2.562326
v -4.212006 4.832878 -2.546494
v -4.216720 4.825091 -2.532331
v -4.215314 4.810020 -2.520825
v -3.921599 4.120616 -2.341558
v -3.844831 4.050441 -2.393511
v -3.912220 4.102454 -2.339302
v -3.900293 4.085529 -2.341980
v -3.886646 4.070995 -2.349383
v -3.872205 4.059843 -2.361002
v -3.857948 4.052832 -2.376046
v -4.296567 5.004560 -2.478752
v -3.510005 5.004560 -3.505688
v -3.495408 5.004560 -3.519274
v -3.363796 4.954858 -3.603849
v -3.407655 4.884714 -3.517749
v -3.380658 4.952468 -3.587229
v -3.394705 4.945460 -3.570004
v -3.404966 4.934314 -3.553372
v -3.410743 4.919786 -3.538474
v -3.411654 4.902870 -3.526327
v -3.175656 4.216941 -3.278272
v -3.104850 4.195758 -3.327054
v -3.166089 4.195621 -3.272550
v -3.154537 4.180557 -3.272772
v -3.141788 4.172774 -3.278916
v -3.128691 4.172803 -3.290576
v -3.116107 4.180643 -3.306983
v -2.635853 4.884391 -4.124152
v -2.677794 4.954858 -4.138406
v -2.624446 4.902630 -4.142726
v -2.620511 4.919626 -4.155553
v -2.624370 4.934218 -4.161736
v -2.635796 4.945417 -4.160830
v -2.654025 4.952458 -4.152878
v -4.130727 4.954858 -2.689246
v -4.116539 4.884391 -2.647231
v -4.145213 4.952456 -2.665479
v -4.153179 4.945417 -2.647251
v -4.154099 4.934219 -2.635812
v -4.147925 4.919623 -2.631938
v -4.135108 4.902628 -2.635849
v -3.318613 4.195758 -3.114368
v -3.269789 4.216940 -3.185176
v -3.298549 4.180644 -3.125606
v -3.282146 4.172803 -3.138178
v -3.270482 4.172774 -3.151268
v -3.264328 4.180557 -3.164023
v -3.264086 4.195622 -3.175590
v -3.508618 4.884714 -3.417842
v -3.594687 4.954858 -3.374083
v -3.517182 4.902868 -3.421858
v -3.529315 4.919786 -3.420968
v -3.544205 4.934314 -3.415210
v -3.560834 4.945460 -3.404967
v -3.578060 4.952468 -3.390935
v -2.481112 4.808286 -4.181412
v -2.562193 4.829468 -4.140336
v -2.489131 4.829606 -4.188858
v -2.500557 4.844670 -4.190314
v -2.514611 4.852452 -4.185672
v -2.530320 4.852423 -4.175251
v -2.546566 4.844584 -4.159780
v -3.036885 4.140834 -3.350583
v -2.994381 4.070368 -3.341173
v -3.044303 4.122597 -3.331878
v -3.045583 4.105601 -3.319420
v -3.040682 4.091007 -3.314029
v -3.029966 4.079809 -3.316040
v -3.014179 4.072770 -3.325298
v -2.362226 4.070369 -3.818368
v -2.310791 4.140512 -3.894770
v -2.344915 4.072759 -3.831382
v -2.330007 4.079766 -3.845545
v -2.318502 4.090912 -3.859907
v -2.311177 4.105441 -3.873499
v -2.308540 4.122357 -3.885393
v -3.332868 4.070367 -3.003794
v -3.342208 4.140835 -3.046366
v -3.316987 4.072769 -3.023587
v -3.307718 4.079808 -3.039379
v -3.305694 4.091006 -3.050103
v -3.311071 4.105601 -3.055020
v -3.323514 4.122597 -3.053760
v -4.132792 4.829468 -2.573528
v -4.173923 4.808284 -2.492442
v -4.152235 4.844583 -2.557923
v -4.167710 4.852422 -2.541691
v -4.178138 4.852451 -2.525989
v -4.182795 4.844668 -2.511926
v -4.181352 4.829604 -2.500487
v -3.887758 4.140511 -2.321322
v -3.811384 4.070368 -2.372659
v -3.878395 4.122356 -2.319046
v -3.866510 4.105439 -2.321662
v -3.852925 4.090911 -2.328969
v -3.838565 4.079765 -2.340458
v -3.824401 4.072757 -2.355354
v -3.712220 4.362179 -2.848949
v -3.719694 4.460511 -2.854690
v -3.915430 4.954858 -3.005068
v -3.573466 3.992338 -2.742349
v -3.596472 4.050442 -2.760024
v -3.509630 3.770356 -2.693305
v -3.173538 3.011647 -2.435097
v -3.370747 3.506070 -2.586606
v -3.200089 3.049345 -2.455496
v -3.565217 4.070368 -2.736011
v -3.325991 3.393863 -2.552222
v -3.935110 5.004560 -3.020187
v -3.395914 3.543915 -2.605941
v -3.550461 3.934235 -2.724674
v -3.321079 3.453777 -2.548447
v -3.896651 4.725640 -2.990640
v -3.946844 4.935331 -3.029202
v -3.168836 3.069276 -2.431484
v -3.149156 3.019574 -2.416365
v -3.803756 4.591668 -2.919273
v -3.180613 3.000157 -2.440533
v -3.794533 4.550658 -2.912187
v -3.364572 3.563623 -2.581862
v -3.526469 3.896481 -2.706242
v -3.217801 3.122618 -2.469103
v -3.959665 4.982549 -3.039052
v -3.519049 3.953767 -2.700542
v -3.305037 3.249996 -2.536123
v -3.966320 4.984519 -3.044165
v -3.566602 3.997097 -2.737075
v -3.376338 3.494473 -2.590901
v -3.605094 4.093602 -2.766647
v -3.352400 3.434018 -2.572511
v -3.418363 3.625448 -2.623188
v -3.751019 4.440762 -2.878757
v -3.763188 4.570358 -2.888105
v -3.688321 4.215044 -2.830588
v -3.770595 4.490202 -2.893796
v -3.762456 4.488125 -2.887543
v -3.919858 4.882750 -3.008470
v -3.039049 4.982549 -3.959667
v -2.416365 3.019574 -3.149156
v -2.554335 3.400766 -3.328746
v -2.535952 3.246335 -3.304817
v -2.619365 3.612979 -3.413391
v -2.551659 3.464338 -3.325259
v -3.009647 4.886602 -3.921396
v -2.856198 4.385846 -3.721662
v -2.592248 3.498909 -3.378095
v -2.575723 3.444585 -3.356585
v -2.465617 3.111243 -3.213264
v -2.700539 3.953767 -3.519050
v -2.920356 4.595209 -3.805168
v -2.888577 4.491509 -3.763808
v -2.892444 4.485767 -3.768841
v -2.440533 3.000157 -3.180613
v -2.760021 4.050443 -3.596474
v -2.769848 4.104055 -3.609265
v -2.585563 3.502674 -3.369394
v -3.005065 4.954859 -3.915432
v -2.851475 4.449950 -3.715513
v -3.044162 4.984520 -3.966321
v -2.724671 3.934235 -3.550462
v -2.875539 4.430195 -3.746837
v -2.691553 3.757789 -3.507354
v -3.029199 4.935332 -3.946846
v -3.020184 5.004560 -3.935112
v -2.737072 3.997098 -3.566603
v -2.884890 4.559798 -3.759007
v -2.742346 3.992338 -3.573468
v -2.609155 3.554482 -3.400098
v -2.832314 4.210474 -3.690573
v -2.986130 4.724165 -3.890785
v -2.455494 3.049346 -3.200090
v -2.709352 3.906637 -3.530521
v -2.736008 4.070368 -3.565218
v -2.435097 3.011647 -3.173538
v -2.431482 3.069276 -3.168836
v -2.585074 3.574186 -3.368753
v -2.908969 4.540092 -3.790351
v -1.818132 4.485766 -4.389127
v -1.640148 3.554481 -3.959539
v -1.693017 3.770356 -4.087146
v -1.543608 3.049345 -3.726527
v -1.739095 4.093602 -4.198363
v -1.625019 3.574185 -3.923024
v -1.701145 3.896481 -4.106763
v -1.528523 3.069276 -3.690116
v -1.552157 3.122618 -3.747162
v -1.530793 3.011647 -3.695595
v -1.629527 3.498909 -3.933904
v -1.891026 4.882750 -4.565068
v -1.879824 4.725640 -4.538031
v -1.790803 4.362178 -4.323166
v -1.734934 4.050443 -4.188320
v -1.815053 4.488137 -4.381697
v -1.604025 3.464338 -3.872352
v -1.913452 4.984519 -4.619195
v -1.888888 4.954858 -4.559909
v -1.807511 4.430194 -4.363493
v -1.625981 3.506070 -3.925346
v -1.519024 3.019574 -3.667189
v -1.904050 4.935331 -4.596506
v -1.898387 5.004560 -4.582835
v -1.648965 3.625448 -3.980819
v -1.619145 3.444584 -3.908845
v -1.813385 4.559798 -4.377673
v -1.697563 3.953766 -4.098119
v -1.534208 3.000157 -3.703837
v -1.834985 4.591668 -4.429807
v -1.594266 3.249996 -3.848792
v -1.792392 4.449950 -4.327001
v -1.719848 4.070368 -4.151906
v -1.910239 4.982549 -4.611443
v -1.604379 3.393863 -3.873205
v -1.712725 3.934234 -4.134714
v -1.720516 3.997097 -4.153519
v -1.828514 4.540092 -4.414187
v -1.779270 4.215044 -4.295323
v -1.723830 3.992338 -4.161516
v -0.528677 3.111243 -4.015489
v -0.611366 4.385846 -4.651244
v -0.551307 3.434018 -4.189480
v -0.585921 4.070368 -4.455610
v -0.522216 3.011647 -3.965811
v -0.646083 5.004561 -4.918165
v -0.554071 3.502674 -4.210729
v -0.558385 3.543916 -4.243894
v -0.643852 4.886600 -4.901014
v -0.526535 3.049345 -3.999013
v -0.650077 4.982549 -4.948872
v -0.587263 3.992338 -4.465926
v -0.576510 3.757789 -4.383249
v -0.593085 4.104055 -4.510691
v -0.623219 4.550658 -4.742372
v -0.624949 4.595207 -4.755672
v -0.638874 4.724164 -4.862734
v -0.618222 4.491521 -4.703953
v -0.546213 3.453776 -4.150311
v -0.651159 4.984519 -4.957194
v -0.583521 3.934235 -4.437156
v -0.619436 4.491925 -4.713291
v -0.616142 4.440760 -4.687957
v -0.561225 3.612978 -4.265748
v -0.553287 3.563624 -4.204700
v -0.618121 4.570358 -4.703175
v -0.606310 4.210474 -4.612367
v -0.518250 3.019574 -3.935321
v -0.543568 3.246334 -4.129976
v -0.521451 3.069276 -3.959930
v -0.523367 3.000157 -3.974658
v -0.647991 4.935332 -4.932838
v -0.555090 3.492751 -4.218561
v -0.547460 3.400767 -4.159900
v -0.580278 3.906637 -4.412221
v -0.611046 4.460511 -4.648784
v -0.578412 3.953767 -4.397875
v -0.642882 4.954859 -4.893555
v -0.591005 4.050442 -4.494696
v -0.586147 3.997097 -4.457341
v -4.992186 4.982549 -0.001122
v -4.343048 3.997097 -1.161245
v -4.496514 3.997098 -0.001312
v -3.864087 3.011647 -1.033629
v -4.000843 3.011647 -0.001535
v -4.822009 4.982549 -1.288863
v -4.040604 3.122618 -0.242229
v -4.269517 3.802267 -1.034697
v -3.938277 3.122618 -0.949248
v -4.094821 3.210774 -0.095570
v -4.432799 3.884735 -0.118082
v -4.350613 3.904642 -0.896317
v -4.869484 4.752069 -0.119923
v -4.544206 4.103701 -0.099925
v -4.437876 4.086638 -0.926503
v -4.464040 4.197542 -1.075354
v -4.795040 4.871505 -1.148000
v -4.931698 4.891411 -0.249097
v -4.402704 4.183326 -1.289070
v -4.735943 4.880036 -1.396650
v -4.402670 4.891410 -2.237848
v -4.314503 4.098013 -1.414168
v -4.294277 4.780507 -2.328459
v -4.001592 4.112233 -2.162709
v -4.215977 3.796580 -1.234531
v -3.602203 3.111243 -1.836629
v -3.882443 3.111242 -1.145507
v -3.904500 3.901798 -2.120242
v -4.230570 3.910328 -1.368034
v -3.593022 3.210773 -1.966377
v -3.973334 3.324114 -1.438324
v -3.969503 3.660228 -1.887069
v -4.269534 4.269788 -1.972170
v -4.596094 4.600966 -1.602849
v -4.818153 4.642043 -0.832605
v -4.703661 4.305729 -0.366566
v -4.383973 3.666479 -0.328694
v -4.164273 3.330167 -0.738406
v -4.009887 3.000157 -0.000001
v -4.505293 3.992338 -0.000001
v -3.871853 3.000157 -1.040108
v -3.875089 3.000157 -1.024290
v -4.352296 3.992337 -1.159289
v -3.923979 3.049345 -0.907779
v -3.942964 3.119521 -0.989588
v -3.921258 3.051736 -0.927027
v -3.921041 3.058747 -0.945532
v -3.923337 3.069899 -0.962055
v -3.927989 3.084432 -0.975478
v -3.934681 3.101357 -0.984877
v -4.266592 3.787595 -1.070444
v -4.293595 3.808787 -0.992444
v -4.277496 3.808924 -1.070279
v -4.286480 3.823995 -1.064038
v -4.292929 3.831781 -1.052138
v -4.296394 3.831752 -1.035406
v -4.296627 3.823910 -1.015027
v -4.057494 3.119843 -0.182629
v -4.020814 3.049345 -0.203609
v -4.049476 3.101596 -0.166033
v -4.041554 3.084594 -0.157308
v -4.034271 3.069993 -0.156997
v -4.028126 3.058790 -0.165073
v -4.023536 3.051747 -0.180971
v -3.589799 3.049345 -1.824306
v -3.610945 3.119844 -1.860641
v -3.580660 3.051748 -1.845184
v -3.576566 3.058790 -1.861177
v -3.577791 3.069993 -1.871200
v -3.584265 3.084595 -1.874553
v -3.595563 3.101598 -1.870969
v -4.220784 3.808787 -1.275564
v -4.237236 3.787594 -1.194828
v -4.234933 3.823909 -1.257557
v -4.245131 3.831753 -1.239839
v -4.250671 3.831782 -1.223672
v -4.251167 3.823995 -1.210201
v -4.246583 3.808924 -1.200365
v -3.916111 3.119520 -1.104546
v -3.857847 3.049345 -1.165766
v -3.906540 3.101358 -1.104516
v -3.895947 3.084433 -1.109319
v -3.885059 3.069899 -1.118603
v -3.874621 3.058746 -1.131728
v -3.865342 3.051736 -1.147805
v -4.104481 3.195984 -0.048459
v -4.088857 3.174793 -0.124493
v -4.093660 3.174654 -0.050929
v -4.085633 3.159584 -0.058430
v -4.080946 3.151798 -0.070445
v -4.079918 3.151827 -0.086176
v -4.082618 3.159670 -0.104589
v -4.333366 3.863736 -0.935385
v -4.372826 3.934234 -0.918197
v -4.338688 3.881982 -0.954730
v -4.345116 3.898984 -0.965602
v -4.352226 3.913585 -0.967212
v -4.359548 3.924789 -0.959400
v -4.366578 3.931832 -0.942681
v -4.467906 3.934234 -0.135530
v -4.438035 3.864058 -0.052360
v -4.468064 3.931844 -0.114080
v -4.465816 3.924832 -0.094050
v -4.461314 3.913681 -0.076834
v -4.454870 3.899146 -0.063608
v -4.446929 3.882221 -0.055271
v -4.251447 3.934235 -1.378915
v -4.226074 3.863736 -1.344534
v -4.258533 3.931832 -1.354672
v -4.260981 3.924789 -1.336749
v -4.258634 3.913586 -1.326376
v -4.251660 3.898985 -1.324246
v -4.240551 3.881982 -1.330456
v -3.608607 3.174793 -1.926396
v -3.583536 3.195984 -1.999768
v -3.593088 3.159670 -1.940462
v -3.581395 3.151827 -1.955003
v -3.574298 3.151798 -1.969083
v -3.572258 3.159584 -1.981782
v -3.575409 3.174656 -1.992250
v -3.874729 3.864059 -2.162494
v -3.942858 3.934235 -2.105487
v -3.883919 3.882222 -2.164410
v -3.895040 3.899147 -2.161155
v -3.907341 3.913681 -2.152935
v -3.919986 3.924833 -2.140296
v -3.932106 3.931843 -2.124104
v -3.833532 3.019574 -1.029853
v -3.836726 3.019574 -1.014193
v -3.970219 3.019574 -0.000001
v -3.885571 3.069276 -0.898941
v -3.904711 3.139420 -0.980031
v -3.882892 3.071666 -0.918003
v -3.882714 3.078673 -0.936337
v -3.885043 3.089820 -0.952710
v -3.889720 3.104347 -0.966018
v -3.896426 3.121264 -0.975345
v -4.228193 3.807193 -1.060850
v -4.255019 3.828376 -0.983571
v -4.239088 3.828513 -1.060709
v -4.248050 3.843578 -1.054541
v -4.254468 3.851360 -1.042751
v -4.257898 3.851331 -1.026170
v -4.258091 3.843492 -1.005966
v -4.018105 3.139743 -0.180876
v -3.981451 3.069276 -0.201639
v -4.010085 3.121504 -0.164436
v -4.002163 3.104509 -0.155792
v -3.994884 3.089915 -0.155481
v -3.988744 3.078717 -0.163477
v -3.984162 3.071677 -0.179220
v -3.554672 3.069277 -1.806435
v -3.575904 3.139743 -1.842564
v -3.545634 3.071678 -1.827113
v -3.541610 3.078717 -1.842965
v -3.542872 3.089915 -1.852916
v -3.549342 3.104510 -1.856267
v -3.560599 3.121505 -1.852754
v -4.182887 3.828376 -1.264137
v -4.199135 3.807193 -1.184116
v -4.196977 3.843491 -1.246313
v -4.207123 3.851331 -1.228767
v -4.212619 3.851361 -1.212748
v -4.213085 3.843577 -1.199391
v -4.208484 3.828513 -1.189628
v -3.878154 3.139419 -1.093875
v -3.820112 3.069276 -1.154391
v -3.868595 3.121265 -1.093822
v -3.858025 3.104348 -1.098555
v -3.847172 3.089821 -1.107727
v -3.836779 3.078673 -1.120706
v -3.827552 3.071666 -1.136613
v -4.065039 3.215849 -0.047998
v -4.049434 3.194667 -0.123305
v -4.054223 3.194529 -0.050443
v -4.046200 3.179465 -0.057872
v -4.041517 3.171682 -0.069772
v -4.040492 3.171711 -0.085351
v -4.043193 3.179551 -0.103590
v -4.294653 3.883300 -0.927074
v -4.334052 3.953766 -0.910101
v -4.300005 3.901537 -0.946262
v -4.306447 3.918533 -0.957053
v -4.313554 3.933127 -0.958662
v -4.320855 3.944326 -0.950930
v -4.327850 3.951365 -0.934363
v -4.428312 3.953766 -0.134341
v -4.398441 3.883622 -0.051897
v -4.428467 3.951377 -0.113079
v -4.426215 3.944369 -0.093224
v -4.421713 3.933222 -0.076158
v -4.415271 3.918694 -0.063048
v -4.407332 3.901777 -0.054781
v -4.213762 3.953767 -1.366712
v -4.188336 3.883300 -1.332548
v -4.220780 3.951366 -1.342684
v -4.223181 3.944326 -1.324913
v -4.220811 3.933128 -1.314621
v -4.213842 3.918533 -1.312490
v -4.202761 3.901538 -1.318622
v -3.573823 3.194667 -1.907804
v -3.549102 3.215849 -1.980528
v -3.558398 3.179551 -1.921703
v -3.546792 3.171712 -1.936089
v -3.539768 3.171682 -1.950035
v -3.537784 3.179465 -1.962630
v -3.540967 3.194530 -1.973032
v -3.840164 3.883623 -2.143179
v -3.907925 3.953767 -2.086811
v -3.849338 3.901778 -2.145115
v -3.860420 3.918694 -2.141922
v -3.872661 3.933223 -2.133803
v -3.885230 3.944369 -2.121297
v -3.897264 3.951377 -2.105260
v -5.000699 4.984520 -0.000001
v -4.828988 4.984519 -1.296229
v -4.833253 4.984519 -1.276533
v -4.841688 4.935332 -1.118951
v -4.788583 4.865155 -1.200859
v -4.835611 4.932941 -1.142083
v -4.827609 4.925930 -1.163067
v -4.818239 4.914778 -1.180450
v -4.808149 4.900243 -1.193042
v -4.798034 4.883318 -1.199995
v -4.464955 4.197082 -1.120003
v -4.472228 4.175889 -1.033533
v -4.455224 4.175752 -1.114562
v -4.449679 4.160681 -1.104377
v -4.448693 4.152894 -1.090148
v -4.452333 4.152924 -1.072816
v -4.460358 4.160768 -1.053525
v -4.927921 4.864832 -0.221367
v -4.961328 4.935331 -0.250687
v -4.938256 4.883078 -0.202070
v -4.947375 4.900083 -0.192176
v -4.954661 4.914683 -0.192419
v -4.959620 4.925887 -0.202822
v -4.961901 4.932930 -0.222699
v -4.429108 4.935332 -2.251323
v -4.385269 4.864832 -2.260098
v -4.415404 4.932930 -2.275850
v -4.403341 4.925887 -2.291931
v -4.393762 4.914682 -2.298474
v -4.387321 4.900081 -2.295056
v -4.384436 4.883079 -2.281954
v -4.396277 4.175889 -1.328481
v -4.434067 4.197082 -1.250165
v -4.396202 4.160767 -1.305330
v -4.399095 4.152925 -1.284690
v -4.404780 4.152895 -1.267916
v -4.412889 4.160682 -1.256107
v -4.422876 4.175752 -1.250050
v -4.755193 4.865156 -1.340446
v -4.759465 4.935332 -1.437550
v -4.762929 4.883318 -1.345873
v -4.768144 4.900244 -1.356889
v -4.770466 4.914778 -1.372770
v -4.769728 4.925930 -1.392439
v -4.765976 4.932941 -1.414543
v -4.899681 4.788693 -0.057760
v -4.904903 4.809884 -0.149076
v -4.910152 4.810021 -0.060991
v -4.917155 4.825093 -0.070208
v -4.920204 4.832879 -0.084789
v -4.919086 4.832850 -0.103721
v -4.913868 4.825006 -0.125666
v -4.458930 4.120942 -0.962342
v -4.429625 4.050442 -0.930056
v -4.446344 4.102695 -0.978295
v -4.436142 4.085692 -0.985726
v -4.429016 4.071091 -0.984189
v -4.425442 4.059887 -0.973826
v -4.425653 4.052844 -0.955366
v -4.525904 4.050442 -0.137272
v -4.566129 4.120618 -0.053857
v -4.528457 4.052834 -0.115608
v -4.533213 4.059844 -0.095456
v -4.539851 4.070996 -0.078174
v -4.547925 4.085529 -0.064925
v -4.556885 4.102455 -0.056625
v -4.306649 4.050443 -1.396791
v -4.348475 4.120941 -1.383407
v -4.316122 4.052844 -1.372959
v -4.325355 4.059887 -1.356906
v -4.333733 4.071091 -1.349721
v -4.340683 4.085691 -1.351920
v -4.345719 4.102695 -1.363390
v -4.328625 4.809884 -2.311247
v -4.277746 4.788692 -2.387714
v -4.324516 4.825006 -2.335982
v -4.317901 4.832849 -2.357579
v -4.309262 4.832878 -2.374527
v -4.299216 4.825093 -2.385636
v -4.288466 4.810022 -2.390129
v -3.986554 4.120617 -2.224986
v -3.994027 4.050442 -2.132843
v -3.979945 4.102455 -2.217992
v -3.976391 4.085530 -2.206350
v -3.976117 4.070996 -2.190878
v -3.979136 4.059844 -2.172632
v -3.985244 4.052832 -2.152842
v -4.790968 5.004561 -1.286056
v -4.795192 5.004560 -1.266513
v -4.961341 5.004560 -0.000001
v -4.803082 4.954859 -1.110068
v -4.750165 4.884714 -1.191260
v -4.797049 4.952469 -1.133014
v -4.789091 4.945462 -1.153824
v -4.779758 4.934315 -1.171059
v -4.769701 4.919786 -1.183538
v -4.759606 4.902868 -1.190420
v -4.426683 4.216941 -1.110441
v -4.433788 4.195760 -1.024691
v -4.416951 4.195622 -1.105026
v -4.411392 4.180557 -1.094915
v -4.410378 4.172774 -1.080796
v -4.413984 4.172803 -1.063616
v -4.421965 4.180644 -1.044498
v -4.888363 4.884392 -0.219606
v -4.921764 4.954859 -0.248706
v -4.898687 4.902629 -0.200465
v -4.907798 4.919626 -0.190652
v -4.915082 4.934220 -0.190895
v -4.920041 4.945418 -0.201218
v -4.922327 4.952458 -0.220939
v -4.393801 4.954859 -2.233360
v -4.350078 4.884392 -2.241943
v -4.380199 4.952458 -2.257687
v -4.368211 4.945418 -2.273628
v -4.358672 4.934219 -2.280100
v -4.352235 4.919625 -2.276684
v -4.349314 4.902630 -2.263656
v -4.358514 4.195759 -1.317094
v -4.396091 4.216941 -1.239488
v -4.358387 4.180644 -1.294128
v -4.361231 4.172804 -1.273660
v -4.366874 4.172775 -1.257033
v -4.374948 4.180559 -1.245338
v -4.384912 4.195621 -1.239351
v -4.717073 4.884715 -1.329729
v -4.721537 4.954859 -1.426117
v -4.724813 4.902869 -1.335130
v -4.730042 4.919787 -1.346074
v -4.732395 4.934315 -1.361841
v -4.731697 4.945461 -1.381362
v -4.727994 4.952470 -1.403294
v -4.860103 4.808287 -0.057297
v -4.865335 4.829468 -0.147884
v -4.870570 4.829606 -0.060503
v -4.877570 4.844671 -0.069648
v -4.880618 4.852453 -0.084112
v -4.879504 4.852423 -0.102893
v -4.874292 4.844584 -0.124663
v -4.420379 4.140836 -0.954065
v -4.391043 4.070368 -0.922000
v -4.407830 4.122598 -0.969864
v -4.397649 4.105602 -0.977216
v -4.390526 4.091007 -0.975679
v -4.386938 4.079808 -0.965397
v -4.387117 4.072769 -0.947089
v -4.486506 4.070368 -0.136089
v -4.526700 4.140513 -0.053396
v -4.489054 4.072758 -0.114611
v -4.493805 4.079765 -0.094634
v -4.500438 4.090913 -0.077501
v -4.508506 4.105441 -0.064367
v -4.517462 4.122357 -0.056139
v -4.269151 4.070369 -1.384648
v -4.310894 4.140835 -1.371471
v -4.278555 4.072769 -1.361030
v -4.287738 4.079810 -1.345128
v -4.296089 4.091008 -1.338021
v -4.303037 4.105602 -1.340217
v -4.308094 4.122597 -1.351608
v -4.293713 4.829468 -2.292587
v -4.243194 4.808285 -2.368405
v -4.289691 4.844583 -2.317151
v -4.283162 4.852423 -2.338591
v -4.274597 4.852452 -2.355404
v -4.264609 4.844670 -2.366410
v -4.253898 4.829605 -2.370841
v -3.952134 4.140512 -2.205750
v -3.959268 4.070368 -2.114260
v -3.945516 4.122358 -2.198781
v -3.941930 4.105440 -2.187205
v -3.941602 4.090913 -2.171837
v -3.944550 4.079765 -2.153725
v -3.950574 4.072758 -2.134092
v -4.455494 3.991467 -0.000001
v -4.710243 4.485766 -0.619043
v -4.249128 3.554481 -0.559066
v -4.386100 3.770356 -0.576881
v -3.999015 3.049345 -0.526536
v -4.505478 4.093602 -0.592408
v -4.209933 3.574185 -0.553968
v -4.407157 3.896481 -0.579620
v -3.959932 3.069276 -0.521452
v -4.021164 3.122618 -0.529416
v -3.965813 3.011647 -0.522217
v -4.221612 3.498909 -0.555487
v -4.899096 4.882751 -0.643606
v -4.870074 4.725640 -0.639831
v -4.639441 4.362179 -0.609832
v -4.494698 4.050442 -0.591006
v -4.702268 4.488138 -0.618005
v -4.155542 3.464338 -0.546894
v -4.957196 4.984520 -0.651162
v -4.893558 4.954859 -0.642886
v -4.682728 4.430195 -0.615462
v -4.212426 3.506071 -0.554293
v -3.935323 3.019574 -0.518251
v -4.932841 4.935331 -0.647995
v -4.918167 5.004561 -0.646086
v -4.271970 3.625449 -0.562037
v -4.194714 3.444584 -0.551989
v -4.697948 4.559798 -0.617444
v -4.397878 3.953766 -0.578413
v -3.974660 3.000157 -0.523368
v -4.753908 4.591668 -0.624722
v -4.130254 3.249997 -0.543605
v -4.643558 4.449950 -0.610367
v -4.455612 4.070368 -0.585922
v -4.948874 4.982549 -0.650080
v -4.156458 3.393863 -0.547013
v -4.437159 3.934234 -0.583522
v -4.457344 3.997098 -0.586147
v -4.737143 4.540092 -0.622541
v -4.609556 4.215044 -0.605945
v -4.465928 3.992338 -0.587264
v -3.741876 3.111243 -1.549970
v -4.334163 4.385846 -1.795362
v -3.903971 3.434019 -1.617128
v -4.151906 4.070369 -1.719849
v -3.695595 3.011647 -1.530795
v -4.582835 5.004561 -1.898390
v -3.923768 3.502674 -1.625330
v -3.954665 3.543916 -1.638131
v -4.566857 4.886601 -1.891771
v -3.726527 3.049345 -1.543611
v -4.611443 4.982549 -1.910243
v -4.161516 3.992339 -1.723833
v -4.084492 3.757789 -1.691921
v -4.203221 4.104055 -1.741109
v -4.419061 4.550658 -1.830537
v -4.431451 4.595208 -1.835670
v -4.531194 4.724164 -1.876995
v -4.383269 4.491521 -1.815708
v -3.867480 3.453777 -1.602010
v -4.619195 4.984520 -1.913455
v -4.134714 3.934235 -1.712728
v -4.391968 4.491925 -1.819312
v -4.368368 4.440761 -1.809531
v -3.975025 3.612979 -1.646567
v -3.918151 3.563624 -1.623003
v -4.382544 4.570359 -1.815407
v -4.297945 4.210474 -1.780355
v -3.667189 3.019575 -1.519026
v -3.848536 3.246335 -1.594161
v -3.690116 3.069277 -1.528525
v -3.703837 3.000157 -1.534210
v -4.596506 4.935332 -1.904054
v -3.931064 3.492752 -1.628353
v -3.876413 3.400767 -1.605711
v -4.111483 3.906637 -1.703103
v -4.331873 4.460511 -1.794411
v -4.098119 3.953767 -1.697566
v -4.559908 4.954859 -1.888892
v -4.188319 4.050442 -1.734935
v -4.153519 3.997098 -1.720519
vn -0.7526 -0.4438 -0.4863
vn -0.7227 -0.5607 -0.4042
vn -0.7084 -0.4481 -0.5454
vn -0.7755 -0.4464 -0.4464
vn -0.6319 -0.4496 -0.6313
vn -0.6318 -0.4504 -0.6309
vn -0.6378 -0.4787 -0.6034
vn -0.6730 -0.4358 -0.5976
vn -0.4467 -0.4466 -0.7753
vn -0.4951 -0.4319 -0.7539
vn -0.6609 -0.3296 -0.6742
vn -0.5465 -0.4472 -0.7080
vn -0.7750 -0.4497 -0.4441
vn -0.7838 -0.4088 -0.4675
vn -0.7418 -0.4644 -0.4838
vn -0.7733 -0.4515 -0.4452
vn -0.5984 -0.4353 -0.6726
vn -0.6035 -0.4790 -0.6374
vn -0.6332 -0.4464 -0.6323
vn -0.5480 -0.4375 -0.7129
vn -0.5757 -0.3366 -0.7452
vn -0.6252 -0.4161 -0.6603
vn -0.4458 -0.4514 -0.7730
vn -0.4841 -0.4640 -0.7419
vn -0.4718 -0.4125 -0.7792
vn -0.4446 -0.4494 -0.7748
vn -0.6630 -0.4532 -0.5958
vn -0.6740 -0.3218 -0.6649
vn -0.7064 -0.4514 -0.5452
vn -0.8321 -0.3123 -0.4583
vn -0.7496 -0.4540 -0.4816
vn -0.7972 -0.4284 -0.4253
vn -0.6567 -0.5604 -0.5046
vn -0.7070 -0.4536 -0.5427
vn -0.5970 -0.5375 -0.5955
vn -0.6661 -0.4431 -0.6000
vn -0.6672 -0.3975 -0.6300
vn -0.7087 -0.4499 -0.5435
vn -0.7575 -0.3073 -0.5760
vn -0.7575 -0.4302 -0.4910
vn -0.7510 -0.4817 -0.4516
vn -0.6573 -0.5632 -0.5008
vn -0.6615 -0.4627 -0.5902
vn -0.6589 -0.4196 -0.6244
vn -0.6353 -0.4376 -0.6363
vn -0.6919 -0.4511 -0.5638
vn -0.7747 -0.4251 -0.4682
vn -0.7507 -0.3131 -0.5817
vn -0.7132 -0.4374 -0.5478
vn -0.4154 -0.5514 -0.7235
vn -0.4881 -0.4437 -0.7516
vn -0.4693 -0.4389 -0.7662
vn -0.5902 -0.4643 -0.6604
vn -0.4523 -0.4812 -0.7509
vn -0.5210 -0.4539 -0.7229
vn -0.5441 -0.4491 -0.7087
vn -0.4914 -0.5853 -0.6449
vn -0.5760 -0.4144 -0.7046
vn -0.5451 -0.4507 -0.7069
vn -0.4663 -0.3177 -0.8256
vn -0.5056 -0.5584 -0.6577
vn -0.5429 -0.4540 -0.7065
vn -0.5960 -0.5436 -0.5909
vn -0.5759 -0.3199 -0.7523
vn -0.6293 -0.4160 -0.6565
vn -0.4968 -0.4467 -0.7441
vn -0.4340 -0.4310 -0.7911
vn -0.4829 -0.4532 -0.7493
vn -0.6003 -0.4434 -0.6656
vn -0.6238 -0.4693 -0.6250
vn -0.5979 -0.4528 -0.6614
vn -0.5883 -0.4658 -0.6610
vn -0.7427 -0.4218 -0.5201
vn -0.7595 -0.4317 -0.4867
vn -0.7126 -0.4106 -0.5689
vn -0.4082 -0.4440 -0.7977
vn -0.4248 -0.5605 -0.7109
vn -0.3451 -0.4525 -0.8223
vn -0.2297 -0.4497 -0.8631
vn -0.2273 -0.4530 -0.8620
vn -0.2432 -0.4818 -0.8419
vn -0.2811 -0.4317 -0.8571
vn -0.0576 -0.4473 -0.8925
vn -0.0537 -0.4354 -0.8986
vn -0.2338 -0.3300 -0.9146
vn -0.1172 -0.4492 -0.8857
vn -0.4417 -0.4105 -0.7978
vn -0.3990 -0.4619 -0.7921
vn -0.1825 -0.4351 -0.8817
vn -0.2047 -0.4793 -0.8535
vn -0.2283 -0.4439 -0.8665
vn -0.1178 -0.4411 -0.8897
vn -0.1250 -0.3382 -0.9328
vn -0.2118 -0.4158 -0.8845
vn -0.0593 -0.4488 -0.8917
vn -0.0528 -0.4608 -0.8859
vn -0.0249 -0.4159 -0.9091
vn -0.0576 -0.4489 -0.8917
vn -0.2749 -0.4538 -0.8476
vn -0.2502 -0.3185 -0.9143
vn -0.3467 -0.4460 -0.8251
vn -0.4932 -0.3117 -0.8122
vn -0.4080 -0.4541 -0.7920
vn -0.4788 -0.4282 -0.7664
vn -0.3171 -0.5620 -0.7639
vn -0.3408 -0.4582 -0.8209
vn -0.2179 -0.5395 -0.8133
vn -0.2759 -0.4422 -0.8534
vn -0.2646 -0.3966 -0.8790
vn -0.3430 -0.4498 -0.8247
vn -0.3698 -0.3059 -0.8773
vn -0.4077 -0.4322 -0.8044
vn -0.4216 -0.4798 -0.7694
vn -0.3202 -0.5640 -0.7612
vn -0.2742 -0.4668 -0.8408
vn -0.2539 -0.4162 -0.8731
vn -0.2335 -0.4381 -0.8681
vn -0.3204 -0.4511 -0.8330
vn -0.4382 -0.4255 -0.7918
vn -0.3608 -0.3116 -0.8791
vn -0.3450 -0.4334 -0.8325
vn 0.0008 -0.5498 -0.8353
vn -0.0487 -0.4444 -0.8945
vn -0.0215 -0.4387 -0.8984
vn -0.1813 -0.4645 -0.8668
vn -0.0212 -0.4786 -0.8778
vn -0.0870 -0.4539 -0.8868
vn -0.1164 -0.4495 -0.8857
vn -0.1022 -0.5842 -0.8051
vn -0.1460 -0.4139 -0.8985
vn -0.1166 -0.4491 -0.8859
vn 0.0073 -0.3200 -0.9474
vn -0.1083 -0.5573 -0.8232
vn -0.1171 -0.4508 -0.8849
vn -0.2193 -0.5434 -0.8103
vn -0.1215 -0.3218 -0.9390
vn -0.2149 -0.4159 -0.8836
vn -0.0554 -0.4468 -0.8929
vn 0.0218 -0.4311 -0.9020
vn -0.0468 -0.4538 -0.8899
vn -0.1877 -0.4432 -0.8766
vn -0.2260 -0.4693 -0.8536
vn -0.1878 -0.4527 -0.8717
vn -0.1787 -0.4658 -0.8667
vn -0.3850 -0.4207 -0.8215
vn -0.4170 -0.4310 -0.8003
vn -0.3360 -0.4112 -0.8474
vn 1.0000 -0.0000 -0.0005
vn -0.0887 0.8903 -0.4466
vn -0.3097 0.8540 -0.4180
vn -0.3129 0.8532 -0.4174
vn -0.0896 0.8903 -0.4465
vn -0.0594 -0.4463 -0.8929
vn -0.1155 -0.4451 -0.8880
vn -0.1564 -0.4580 -0.8751
vn -0.0611 -0.4469 -0.8925
vn -0.2300 -0.4473 -0.8643
vn -0.3491 -0.4418 -0.8264
vn -0.2962 -0.4640 -0.8348
vn -0.2650 -0.4674 -0.8434
vn -0.4427 -0.4470 -0.7773
vn -0.3435 -0.4472 -0.8259
vn -0.3465 -0.4301 -0.8336
vn -0.3985 -0.4365 -0.8067
vn -0.4445 -0.4512 -0.7738
vn -0.4044 -0.4463 -0.7983
vn -0.4039 -0.4462 -0.7986
vn -0.2284 -0.4512 -0.8627
vn -0.3413 -0.4596 -0.8199
vn -0.3412 -0.4596 -0.8200
vn -0.2893 -0.4603 -0.8393
vn -0.3871 -0.4311 -0.8151
vn -0.4093 -0.4346 -0.8022
vn -0.2555 -0.4468 -0.8574
vn -0.2542 -0.4460 -0.8582
vn -0.0859 -0.4431 -0.8923
vn -0.1648 -0.4363 -0.8846
vn -0.1789 -0.4469 -0.8765
vn -0.1824 -0.4463 -0.8761
vn -0.1817 -0.4463 -0.8763
vn -0.1170 -0.4500 -0.8854
vn -0.1169 -0.4500 -0.8854
vn -0.0601 -0.4466 -0.8927
vn -0.1167 -0.4472 -0.8868
vn -0.1177 -0.4357 -0.8924
vn -0.1750 -0.4306 -0.8854
vn -0.0563 -0.4463 -0.8931
vn -0.0571 -0.4461 -0.8931
vn -0.0564 -0.4461 -0.8932
vn -0.2860 -0.4660 -0.8373
vn -0.2831 -0.4600 -0.8416
vn -0.2803 -0.4565 -0.8444
vn -0.2765 -0.4537 -0.8472
vn -0.2696 -0.4503 -0.8512
vn -0.2634 -0.4425 -0.8572
vn -0.2777 -0.4378 -0.8551
vn -0.2881 -0.4335 -0.8539
vn -0.2996 -0.4275 -0.8529
vn -0.3188 -0.4158 -0.8518
vn -0.3190 -0.4218 -0.8487
vn -0.4012 -0.4469 -0.7996
vn -0.4014 -0.4467 -0.7996
vn -0.4015 -0.4466 -0.7996
vn -0.3928 -0.4577 -0.7977
vn -0.0600 -0.4465 -0.8928
vn -0.0600 -0.4466 -0.8927
vn -0.0602 -0.4469 -0.8926
vn -0.0593 -0.4452 -0.8935
vn -0.1798 -0.4439 -0.8778
vn -0.1818 -0.4453 -0.8767
vn -0.1828 -0.4458 -0.8763
vn -0.1834 -0.4461 -0.8760
vn -0.1839 -0.4463 -0.8758
vn -0.1794 -0.4463 -0.8767
vn -0.1795 -0.4463 -0.8767
vn -0.1794 -0.4464 -0.8767
vn -0.1744 -0.4509 -0.8754
vn -0.4019 -0.4463 -0.7996
vn -0.4020 -0.4462 -0.7995
vn -0.4021 -0.4462 -0.7995
vn -0.4022 -0.4461 -0.7995
vn -0.4026 -0.4460 -0.7994
vn -0.3884 -0.4520 -0.8031
vn -0.2550 -0.4716 -0.8441
vn -0.2697 -0.4538 -0.8493
vn -0.2775 -0.4428 -0.8526
vn -0.2838 -0.4321 -0.8560
vn -0.2917 -0.4161 -0.8613
vn -0.2945 -0.4228 -0.8570
vn -0.4049 -0.4447 -0.7990
vn -0.4052 -0.4456 -0.7983
vn -0.4055 -0.4460 -0.7979
vn -0.4057 -0.4461 -0.7977
vn -0.4059 -0.4463 -0.7975
vn -0.1815 -0.4414 -0.8787
vn -0.1823 -0.4446 -0.8770
vn -0.1829 -0.4462 -0.8761
vn -0.1836 -0.4476 -0.8752
vn -0.1853 -0.4508 -0.8732
vn -0.1870 -0.4599 -0.8681
vn -0.0587 -0.4457 -0.8932
vn -0.0591 -0.4459 -0.8931
vn -0.0593 -0.4460 -0.8930
vn -0.0594 -0.4461 -0.8930
vn -0.0597 -0.4462 -0.8930
vn -0.0546 -0.4462 -0.8933
vn -0.0549 -0.4460 -0.8933
vn -0.0551 -0.4458 -0.8934
vn -0.0555 -0.4453 -0.8936
vn -0.0562 -0.4444 -0.8941
vn -0.0600 -0.4413 -0.8954
vn -0.0229 0.8893 -0.4568
vn -0.0589 0.8925 -0.4471
vn -0.0206 0.8891 -0.4572
vn 0.1734 0.8562 -0.4866
vn 0.1777 0.8551 -0.4871
vn 0.4213 0.7585 -0.4971
vn 0.4250 0.7565 -0.4970
vn 0.6332 0.6113 -0.4747
vn 0.6358 0.6091 -0.4741
vn 0.7989 0.4280 -0.4226
vn 0.8002 0.4262 -0.4220
vn 0.9124 0.2206 -0.3447
vn 0.9127 0.2198 -0.3444
vn 0.9608 0.0557 -0.2717
vn 0.9607 0.0558 -0.2718
vn 0.9742 -0.0522 -0.2195
vn 0.9742 -0.0523 -0.2195
vn 0.9607 -0.2537 -0.1125
vn 0.9610 -0.2524 -0.1132
vn 0.7955 -0.5967 0.1053
vn 0.7994 -0.5920 0.1019
vn 0.3648 -0.8631 0.3492
vn 0.3752 -0.8603 0.3452
vn -0.1168 -0.8736 0.4725
vn -0.1092 -0.8751 0.4715
vn -0.4265 -0.7613 0.4884
vn -0.4230 -0.7632 0.4885
vn -0.5836 -0.6695 0.4597
vn -0.5822 -0.6702 0.4602
vn -0.7289 -0.5905 0.3463
vn -0.6601 -0.6314 0.4069
vn -0.6602 -0.6314 0.4068
vn -0.7297 -0.5899 0.3458
vn -0.8433 -0.4639 0.2713
vn -0.8446 -0.4621 0.2704
vn -0.9732 -0.1865 0.1349
vn -0.9737 -0.1843 0.1338
vn -0.9629 0.2549 -0.0888
vn -0.9631 0.2543 -0.0885
vn -0.6777 0.6676 -0.3085
vn -0.6807 0.6651 -0.3071
vn 0.1155 -0.8982 0.4241
vn 0.1156 -0.8982 0.4241
vn 0.1690 -0.8982 0.4059
vn 0.1689 -0.8982 0.4059
vn 0.0870 -0.8978 0.4317
vn 0.0871 -0.8978 0.4316
vn 0.0296 -0.8978 0.4394
vn 0.0578 -0.8982 0.4358
vn 0.0577 -0.8982 0.4358
vn 0.3388 -0.8676 0.3639
vn 0.6835 -0.7012 0.2026
vn 0.6853 -0.6998 0.2015
vn 0.3404 -0.8672 0.3633
vn 0.9576 -0.2788 -0.0732
vn 0.9576 -0.2787 -0.0732
vn 0.9292 0.2017 -0.3097
vn 0.9299 0.1998 -0.3089
vn 0.7631 0.4927 -0.4182
vn 0.7643 0.4913 -0.4178
vn 0.6535 0.6159 -0.4399
vn 0.6540 0.6154 -0.4400
vn 0.6585 0.6356 -0.4029
vn 0.6586 0.6356 -0.4029
vn 0.6614 0.6539 -0.3674
vn 0.5284 0.7519 -0.3944
vn 0.5239 0.7544 -0.3955
vn 0.6605 0.6548 -0.3673
vn 0.2005 0.8726 -0.4454
vn 0.1898 0.8746 -0.4461
vn -0.3247 0.8469 -0.4211
vn -0.3387 0.8426 -0.4187
vn -0.7832 0.5604 -0.2693
vn -0.7881 0.5549 -0.2664
vn -0.9670 0.2331 -0.1027
vn -0.9674 0.2317 -0.1019
vn -0.9988 0.0481 -0.0097
vn -0.9988 0.0482 -0.0097
vn -0.9971 -0.0614 0.0449
vn -0.9971 -0.0615 0.0449
vn -0.9604 -0.2438 0.1351
vn -0.9607 -0.2427 0.1346
vn -0.8483 -0.4689 0.2460
vn -0.8499 -0.4667 0.2449
vn -0.6752 -0.6561 0.3372
vn -0.6783 -0.6535 0.3359
vn -0.4591 -0.7924 0.4017
vn -0.4633 -0.7904 0.4007
vn -0.2188 -0.8727 0.4364
vn -0.2235 -0.8717 0.4361
vn -0.0319 -0.8959 0.4431
vn -0.0343 -0.8958 0.4431
vn 0.0571 -0.8970 0.4383
vn 0.1380 -0.8959 0.4224
vn 0.1387 -0.8958 0.4222
vn -0.3973 0.8552 -0.3328
vn -0.6160 0.7570 -0.2178
vn -0.6202 0.7544 -0.2152
vn -0.4027 0.8536 -0.3304
vn -0.7871 0.6099 -0.0926
vn -0.7896 0.6069 -0.0903
vn -0.9035 0.4272 0.0349
vn -0.9045 0.4248 0.0364
vn -0.9624 0.2203 0.1588
vn -0.9626 0.2192 0.1594
vn -0.9677 0.0556 0.2460
vn -0.9532 -0.0522 0.2979
vn -0.8877 -0.2542 0.3840
vn -0.8885 -0.2525 0.3833
vn -0.6336 -0.5988 0.4899
vn -0.6403 -0.5926 0.4887
vn -0.1355 -0.8645 0.4841
vn -0.1497 -0.8609 0.4863
vn 0.3426 -0.8725 0.3485
vn 0.3335 -0.8745 0.3522
vn 0.6167 -0.7595 0.2073
vn 0.6128 -0.7619 0.2097
vn 0.7364 -0.6684 0.1050
vn 0.7353 -0.6693 0.1065
vn 0.7751 -0.6315 0.0222
vn 0.8043 -0.5905 -0.0660
vn 0.8657 -0.4633 -0.1895
vn 0.8662 -0.4618 -0.1907
vn 0.8047 -0.5899 -0.0669
vn 0.9092 -0.1862 -0.3725
vn 0.9091 -0.1843 -0.3735
vn 0.7878 0.2551 -0.5606
vn 0.7879 0.2550 -0.5606
vn 0.4302 0.6681 -0.6071
vn 0.4325 0.6664 -0.6073
vn 0.0561 0.8545 -0.5164
vn 0.0581 0.8540 -0.5171
vn -0.1478 0.8904 -0.4306
vn -0.1470 0.8903 -0.4309
vn -0.1732 0.8925 -0.4165
vn -0.2120 0.8891 -0.4057
vn -0.2148 0.8888 -0.4047
vn 0.7842 0.2333 -0.5750
vn 0.5411 0.5610 -0.6265
vn 0.5461 0.5561 -0.6266
vn 0.7848 0.2321 -0.5747
vn 0.0678 0.8473 -0.5268
vn 0.0795 0.8435 -0.5312
vn -0.3984 0.8723 -0.2834
vn -0.3907 0.8741 -0.2886
vn -0.6557 0.7513 -0.0746
vn -0.6529 0.7535 -0.0774
vn -0.7566 0.6538 0.0140
vn -0.7558 0.6546 0.0138
vn -0.7717 0.6357 -0.0195
vn -0.7716 0.6357 -0.0196
vn -0.7865 0.6153 -0.0534
vn -0.8704 0.4920 0.0207
vn -0.8715 0.4900 0.0221
vn -0.7870 0.6146 -0.0532
vn -0.9594 0.2016 0.1974
vn -0.9596 0.1991 0.1987
vn -0.8648 -0.2800 0.4167
vn -0.8654 -0.2789 0.4164
vn -0.4869 -0.7034 0.5178
vn -0.4909 -0.7007 0.5177
vn -0.1061 -0.8688 0.4837
vn -0.1095 -0.8680 0.4843
vn 0.0950 -0.8960 0.4338
vn 0.0939 -0.8959 0.4341
vn 0.1704 -0.8970 0.4079
vn 0.1703 -0.8970 0.4079
vn 0.2506 -0.8959 0.3668
vn 0.4102 -0.8723 0.2661
vn 0.4134 -0.8714 0.2639
vn 0.2526 -0.8958 0.3657
vn 0.5997 -0.7918 0.1156
vn 0.6024 -0.7901 0.1131
vn 0.7534 -0.6557 -0.0484
vn 0.7552 -0.6535 -0.0506
vn 0.8570 -0.4689 -0.2139
vn 0.8577 -0.4669 -0.2154
vn 0.8981 -0.2439 -0.3660
vn 0.8981 -0.2430 -0.3665
vn 0.8845 -0.0614 -0.4626
vn 0.8845 -0.0615 -0.4625
vn 0.8585 0.0481 -0.5106
vn 0.8585 0.0482 -0.5106
vn -0.3415 0.8903 -0.3012
vn -0.3409 0.8902 -0.3021
vn -0.2038 0.8529 -0.4807
vn -0.2061 0.8539 -0.4780
vn -0.7460 -0.4530 -0.4882
vn -0.7227 -0.4652 -0.5111
vn -0.6744 -0.4622 -0.5758
vn -0.7062 -0.4495 -0.5470
vn -0.6315 -0.4471 -0.6334
vn -0.5937 -0.4560 -0.6630
vn -0.5733 -0.4580 -0.6793
vn -0.5462 -0.4486 -0.7074
vn -0.5042 -0.4243 -0.7522
vn -0.5494 -0.4305 -0.7161
vn -0.5445 -0.4472 -0.7096
vn -0.4580 -0.4470 -0.7684
vn -0.4584 -0.4461 -0.7687
vn -0.5975 -0.4468 -0.6658
vn -0.5886 -0.4489 -0.6724
vn -0.5420 -0.4562 -0.7057
vn -0.4863 -0.4280 -0.7618
vn -0.5127 -0.4315 -0.7423
vn -0.5938 -0.4462 -0.6696
vn -0.5933 -0.4462 -0.6700
vn -0.6854 -0.4346 -0.5842
vn -0.7418 -0.4318 -0.5131
vn -0.6384 -0.4472 -0.6264
vn -0.6670 -0.4460 -0.5968
vn -0.6660 -0.4459 -0.5980
vn -0.7358 -0.4640 -0.4932
vn -0.7056 -0.4566 -0.5418
vn -0.6790 -0.4308 -0.5944
vn -0.7168 -0.4280 -0.5504
vn -0.7094 -0.4472 -0.5448
vn -0.7540 -0.4467 -0.4816
vn -0.7652 -0.4460 -0.4644
vn -0.7647 -0.4470 -0.4641
vn -0.5914 -0.4463 -0.6716
vn -0.5915 -0.4463 -0.6716
vn -0.5915 -0.4463 -0.6715
vn -0.5950 -0.4462 -0.6685
vn -0.5946 -0.4461 -0.6689
vn -0.5942 -0.4458 -0.6694
vn -0.5936 -0.4453 -0.6703
vn -0.5924 -0.4439 -0.6723
vn -0.5854 -0.4383 -0.6820
vn -0.4801 -0.4255 -0.7671
vn -0.4858 -0.4407 -0.7548
vn -0.4882 -0.4498 -0.7479
vn -0.4894 -0.4585 -0.7418
vn -0.4898 -0.4710 -0.7336
vn -0.4937 -0.4631 -0.7361
vn -0.7331 -0.4726 -0.4892
vn -0.7417 -0.4590 -0.4891
vn -0.7479 -0.4500 -0.4881
vn -0.7545 -0.4409 -0.4861
vn -0.7652 -0.4271 -0.4817
vn -0.7602 -0.4296 -0.4873
vn -0.6779 -0.4375 -0.5908
vn -0.6727 -0.4412 -0.5940
vn -0.6698 -0.4429 -0.5960
vn -0.6674 -0.4442 -0.5977
vn -0.6645 -0.4454 -0.6000
vn -0.6716 -0.4462 -0.5915
vn -0.6716 -0.4463 -0.5915
vn -0.6723 -0.4488 -0.5887
vn -0.4731 -0.4506 -0.7571
vn -0.4860 -0.4544 -0.7466
vn -0.4938 -0.4575 -0.7395
vn -0.5009 -0.4613 -0.7323
vn -0.5103 -0.4678 -0.7216
vn -0.5091 -0.4616 -0.7264
vn -0.5949 -0.4506 -0.6656
vn -0.5944 -0.4477 -0.6680
vn -0.5942 -0.4461 -0.6692
vn -0.5942 -0.4445 -0.6703
vn -0.5944 -0.4416 -0.6721
vn -0.5926 -0.4346 -0.6782
vn -0.5003 -0.4190 -0.7577
vn -0.4934 -0.4273 -0.7576
vn -0.4880 -0.4323 -0.7583
vn -0.4818 -0.4363 -0.7599
vn -0.4713 -0.4412 -0.7637
vn -0.6734 -0.4358 -0.5971
vn -0.6699 -0.4417 -0.5969
vn -0.6673 -0.4454 -0.5969
vn -0.6645 -0.4491 -0.5973
vn -0.6591 -0.4555 -0.5984
vn -0.6575 -0.4604 -0.5964
vn -0.7167 -0.4727 -0.5128
vn -0.7309 -0.4633 -0.5012
vn -0.7391 -0.4583 -0.4936
vn -0.7464 -0.4546 -0.4861
vn -0.7557 -0.4505 -0.4754
vn -0.7620 -0.4415 -0.4738
vn -0.7594 -0.4364 -0.4826
vn -0.7582 -0.4320 -0.4883
vn -0.7579 -0.4266 -0.4936
vn -0.7584 -0.4171 -0.5008
vn -0.7528 -0.4228 -0.5045
vn -0.3847 0.8892 -0.2477
vn -0.3863 0.8890 -0.2458
vn -0.3574 0.8925 -0.2751
vn -0.3573 0.8925 -0.2752
vn -0.5090 0.8558 -0.0925
vn -0.5119 0.8545 -0.0884
vn -0.6419 0.7579 0.1166
vn -0.6438 0.7557 0.1202
vn -0.7282 0.6107 0.3109
vn -0.7292 0.6082 0.3137
vn -0.7660 0.4277 0.4800
vn -0.7661 0.4257 0.4816
vn -0.7554 0.2204 0.6171
vn -0.7552 0.2196 0.6176
vn -0.7164 0.0556 0.6954
vn -0.7165 0.0557 0.6954
vn -0.6780 -0.0521 0.7332
vn -0.6780 -0.0522 0.7332
vn -0.5786 -0.2537 0.7751
vn -0.5795 -0.2522 0.7750
vn -0.3068 -0.5973 0.7410
vn -0.3123 -0.5920 0.7429
vn 0.1209 -0.8636 0.4894
vn 0.1113 -0.8605 0.4972
vn 0.4688 -0.8731 0.1338
vn 0.4636 -0.8748 0.1406
vn 0.6372 -0.7604 -0.1259
vn 0.6354 -0.7624 -0.1225
vn 0.6906 -0.6688 -0.2754
vn 0.6904 -0.6696 -0.2738
vn 0.6650 -0.5909 -0.4567
vn 0.6649 -0.5902 -0.4578
vn 0.6831 -0.6313 -0.3672
vn 0.6831 -0.6313 -0.3671
vn 0.6574 -0.4643 -0.5936
vn 0.6572 -0.4623 -0.5953
vn 0.6044 -0.1866 -0.7745
vn 0.6037 -0.1844 -0.7756
vn 0.4056 0.2549 -0.8778
vn 0.4060 0.2542 -0.8778
vn 0.0728 0.6674 -0.7411
vn 0.0758 0.6647 -0.7433
vn 0.2936 -0.8979 0.3279
vn 0.2674 -0.8982 0.3489
vn 0.2934 -0.8979 0.3281
vn 0.3144 -0.8982 0.3073
vn 0.3142 -0.8982 0.3075
vn 0.3663 -0.8978 0.2444
vn 0.3490 -0.8982 0.2674
vn 0.3490 -0.8982 0.2673
vn -0.5002 -0.0000 0.8659
vn 0.1464 -0.8681 0.4744
vn 0.1446 -0.8675 0.4759
vn -0.1690 -0.6999 0.6939
vn -0.1664 -0.7019 0.6926
vn -0.5433 -0.2786 0.7919
vn -0.5431 -0.2790 0.7920
vn -0.7333 0.1993 0.6501
vn -0.7337 0.2014 0.6490
vn -0.7447 0.4904 0.4528
vn -0.7445 0.4920 0.4513
vn -0.7088 0.6148 0.3459
vn -0.7085 0.6153 0.3456
vn -0.6788 0.6356 0.3677
vn -0.6493 0.6543 0.3877
vn -0.6488 0.6552 0.3870
vn -0.6045 0.7549 0.2546
vn -0.6058 0.7522 0.2592
vn -0.4806 0.8748 -0.0602
vn -0.4856 0.8727 -0.0501
vn -0.1920 0.8422 -0.5037
vn -0.2016 0.8468 -0.4923
vn 0.1645 0.5545 -0.8158
vn 0.1593 0.5603 -0.8128
vn 0.3963 0.2316 -0.8884
vn 0.3955 0.2331 -0.8884
vn 0.4918 0.0482 -0.8694
vn 0.5382 -0.0615 -0.8406
vn 0.5382 -0.0614 -0.8406
vn 0.5977 -0.2429 -0.7641
vn 0.5980 -0.2441 -0.7634
vn 0.6376 -0.4671 -0.6126
vn 0.6378 -0.4695 -0.6105
vn 0.6304 -0.6540 -0.4182
vn 0.6299 -0.6567 -0.4147
vn 0.5786 -0.7908 -0.1995
vn 0.5773 -0.7929 -0.1951
vn 0.4890 -0.8719 0.0258
vn 0.4868 -0.8730 0.0303
vn 0.4002 -0.8959 0.1930
vn 0.3989 -0.8960 0.1952
vn 0.3505 -0.8970 0.2693
vn 0.2971 -0.8959 0.3303
vn 0.2965 -0.8959 0.3309
vn -0.0918 0.8561 -0.5087
vn -0.0881 0.8548 -0.5114
vn 0.1212 0.7562 -0.6431
vn 0.1178 0.7583 -0.6412
vn 0.3151 0.6087 -0.7281
vn 0.3126 0.6111 -0.7273
vn 0.4834 0.4260 -0.7647
vn 0.4820 0.4279 -0.7646
vn 0.6196 0.2197 -0.7535
vn 0.6192 0.2205 -0.7537
vn 0.6974 0.0557 -0.7145
vn 0.6974 0.0556 -0.7145
vn 0.7351 -0.0522 -0.6759
vn 0.7351 -0.0522 -0.6760
vn 0.7766 -0.2522 -0.5774
vn 0.7767 -0.2535 -0.5766
vn 0.7439 -0.5918 -0.3105
vn 0.7421 -0.5968 -0.3053
vn 0.4972 -0.8603 0.1123
vn 0.4899 -0.8633 0.1213
vn 0.1399 -0.8750 0.4635
vn 0.1335 -0.8734 0.4684
vn -0.1237 -0.7628 0.6347
vn -0.1269 -0.7608 0.6364
vn -0.2749 -0.6700 0.6896
vn -0.2763 -0.6692 0.6898
vn -0.3677 -0.6317 0.6824
vn -0.3676 -0.6318 0.6824
vn -0.4577 -0.5913 0.6640
vn -0.4589 -0.5905 0.6639
vn -0.5970 -0.4624 0.6556
vn -0.5952 -0.4646 0.6557
vn -0.7773 -0.1844 0.6015
vn -0.7762 -0.1867 0.6022
vn -0.8789 0.2539 0.4038
vn -0.8789 0.2549 0.4032
vn -0.7440 0.6640 0.0744
vn -0.7415 0.6671 0.0710
vn -0.4811 0.8525 -0.2043
vn -0.4780 0.8536 -0.2069
vn -0.3022 0.8902 -0.3410
vn -0.3012 0.8902 -0.3417
vn -0.2751 0.8925 -0.3574
vn -0.2475 0.8893 -0.3846
vn -0.2457 0.8891 -0.3862
vn -0.8895 0.2330 0.3930
vn -0.8895 0.2314 0.3939
vn -0.8165 0.5539 0.1626
vn -0.8134 0.5601 0.1572
vn -0.5043 0.8418 -0.1925
vn -0.4922 0.8466 -0.2026
vn -0.0602 0.8751 -0.4802
vn -0.0494 0.8729 -0.4854
vn 0.2554 0.7553 -0.6035
vn 0.2604 0.7525 -0.6050
vn 0.3879 0.6556 -0.6479
vn 0.3886 0.6546 -0.6485
vn 0.3682 0.6360 -0.6782
vn 0.3467 0.6157 -0.7077
vn 0.3470 0.6152 -0.7079
vn 0.4545 0.4908 -0.7434
vn 0.4532 0.4923 -0.7432
vn 0.6520 0.1995 -0.7315
vn 0.6510 0.2015 -0.7319
vn 0.7935 -0.2785 -0.5412
vn 0.7935 -0.2788 -0.5410
vn 0.6945 -0.6998 -0.1672
vn 0.6934 -0.7014 -0.1651
vn 0.4760 -0.8673 0.1454
vn 0.4747 -0.8678 0.1469
vn 0.3308 -0.8958 0.2967
vn 0.3303 -0.8959 0.2972
vn 0.2692 -0.8970 0.3506
vn 0.1951 -0.8960 0.3988
vn 0.1928 -0.8959 0.4002
vn 0.0252 -0.8721 0.4887
vn 0.0300 -0.8732 0.4864
vn -0.2006 -0.7911 0.5779
vn -0.1959 -0.7933 0.5764
vn -0.4197 -0.6543 0.6291
vn -0.4160 -0.6571 0.6286
vn -0.6143 -0.4672 0.6359
vn -0.6121 -0.4698 0.6361
vn -0.7657 -0.2429 0.5955
vn -0.7650 -0.2442 0.5959
vn -0.8421 -0.0615 0.5359
vn -0.8421 -0.0614 0.5358
vn -0.8708 0.0481 0.4894
vn -0.8707 0.0481 0.4894
vn -0.0176 -0.8962 0.4433
vn -0.0184 -0.8961 0.4434
vn -0.2101 -0.8728 0.4405
vn -0.2078 -0.8733 0.4406
vn -0.0550 -0.4438 -0.8945
vn -0.0722 -0.4341 -0.8980
vn -0.1617 -0.4285 -0.8890
vn -0.1181 -0.4455 -0.8874
vn -0.2688 -0.4185 -0.8675
vn -0.3010 -0.4221 -0.8551
vn -0.3451 -0.4485 -0.8245
vn -0.3942 -0.4559 -0.7980
vn -0.3404 -0.4635 -0.8181
vn -0.4470 -0.4406 -0.7785
vn -0.4083 -0.4463 -0.7963
vn -0.4078 -0.4463 -0.7965
vn -0.2321 -0.4411 -0.8669
vn -0.2952 -0.4205 -0.8579
vn -0.3487 -0.4182 -0.8387
vn -0.4089 -0.4679 -0.7834
vn -0.3828 -0.4694 -0.7957
vn -0.2527 -0.4473 -0.8579
vn -0.2539 -0.4464 -0.8581
vn -0.1629 -0.4562 -0.8748
vn -0.0783 -0.4588 -0.8851
vn -0.1871 -0.4441 -0.8762
vn -0.1868 -0.4463 -0.8752
vn -0.1863 -0.4463 -0.8753
vn -0.0615 -0.4284 -0.9015
vn -0.1184 -0.4285 -0.8958
vn -0.1183 -0.4285 -0.8958
vn -0.1719 -0.4618 -0.8701
vn -0.1158 -0.4582 -0.8813
vn -0.0522 -0.4463 -0.8934
vn -0.0516 -0.4462 -0.8934
vn -0.2866 -0.4213 -0.8605
vn -0.2809 -0.4302 -0.8579
vn -0.2768 -0.4350 -0.8568
vn -0.2724 -0.4385 -0.8564
vn -0.2654 -0.4425 -0.8566
vn -0.2620 -0.4507 -0.8534
vn -0.2743 -0.4548 -0.8473
vn -0.2829 -0.4585 -0.8424
vn -0.2916 -0.4633 -0.8368
vn -0.3046 -0.4719 -0.8274
vn -0.3086 -0.4684 -0.8279
vn -0.4097 -0.4535 -0.7915
vn -0.4081 -0.4485 -0.7952
vn -0.4075 -0.4456 -0.7971
vn -0.4071 -0.4425 -0.7990
vn -0.4069 -0.4360 -0.8027
vn -0.4007 -0.4164 -0.8162
vn -0.0558 -0.4355 -0.8985
vn -0.0537 -0.4423 -0.8953
vn -0.0524 -0.4456 -0.8937
vn -0.0509 -0.4484 -0.8924
vn -0.0479 -0.4535 -0.8900
vn -0.0484 -0.4582 -0.8875
vn -0.1814 -0.4479 -0.8755
vn -0.1829 -0.4471 -0.8756
vn -0.1837 -0.4467 -0.8756
vn -0.1842 -0.4465 -0.8756
vn -0.1845 -0.4464 -0.8756
vn -0.1879 -0.4463 -0.8749
vn -0.1875 -0.4460 -0.8752
vn -0.1871 -0.4455 -0.8755
vn -0.1865 -0.4446 -0.8761
vn -0.1856 -0.4424 -0.8774
vn -0.1759 -0.4296 -0.8857
vn -0.4093 -0.4463 -0.7958
vn -0.4087 -0.4460 -0.7962
vn -0.4080 -0.4456 -0.7969
vn -0.4067 -0.4447 -0.7980
vn -0.4044 -0.4427 -0.8003
vn -0.3849 -0.4300 -0.8166
vn -0.2619 -0.4199 -0.8690
vn -0.2718 -0.4396 -0.8561
vn -0.2763 -0.4505 -0.8490
vn -0.2793 -0.4608 -0.8424
vn -0.2821 -0.4754 -0.8333
vn -0.2871 -0.4692 -0.8351
vn -0.4043 -0.4480 -0.7974
vn -0.4051 -0.4472 -0.7975
vn -0.4056 -0.4468 -0.7975
vn -0.4059 -0.4465 -0.7974
vn -0.4061 -0.4464 -0.7973
vn -0.1806 -0.4517 -0.8737
vn -0.1820 -0.4487 -0.8749
vn -0.1828 -0.4472 -0.8756
vn -0.1837 -0.4458 -0.8761
vn -0.1860 -0.4429 -0.8771
vn -0.1938 -0.4270 -0.8832
vn -0.0579 -0.4415 -0.8954
vn -0.0539 -0.4443 -0.8943
vn -0.0521 -0.4454 -0.8938
vn -0.0511 -0.4459 -0.8936
vn -0.0503 -0.4462 -0.8935
vn -0.0543 -0.4464 -0.8932
vn -0.0545 -0.4465 -0.8931
vn -0.0548 -0.4467 -0.8930
vn -0.0552 -0.4472 -0.8927
vn -0.0558 -0.4482 -0.8922
vn -0.0597 -0.4513 -0.8904
vn 0.1411 -0.8962 0.4207
vn 0.1430 -0.8961 0.4202
vn 0.0580 -0.8971 0.4381
vn 0.0581 -0.8971 0.4381
vn 0.3060 -0.8767 0.3711
vn 0.3090 -0.8761 0.3701
vn 0.5148 -0.8086 0.2851
vn 0.5175 -0.8073 0.2837
vn 0.7064 -0.6861 0.1741
vn 0.7086 -0.6842 0.1726
vn 0.8626 -0.5042 0.0408
vn 0.8637 -0.5024 0.0396
vn 0.9577 -0.2681 -0.1047
vn 0.9579 -0.2672 -0.1052
vn 0.9750 -0.0683 -0.2115
vn 0.9750 -0.0685 -0.2115
vn 0.9611 0.0541 -0.2709
vn 0.8964 0.2584 -0.3600
vn 0.8970 0.2572 -0.3595
vn 0.6507 0.5949 -0.4718
vn 0.6554 0.5906 -0.4708
vn 0.1772 0.8547 -0.4880
vn 0.1872 0.8520 -0.4890
vn -0.2907 0.8762 -0.3844
vn -0.2838 0.8775 -0.3867
vn -0.5746 0.7744 -0.2647
vn -0.5716 0.7761 -0.2662
vn -0.6959 0.6870 -0.2091
vn -0.6951 0.6878 -0.2092
vn -0.7093 0.6489 -0.2752
vn -0.7099 0.6484 -0.2752
vn -0.7025 0.6693 -0.2419
vn -0.7025 0.6693 -0.2418
vn -0.8198 0.5268 -0.2246
vn -0.8211 0.5251 -0.2237
vn -0.9731 0.2202 -0.0681
vn -0.9737 0.2177 -0.0669
vn -0.9992 0.0022 0.0401
vn -0.5711 -0.7260 0.3830
vn -0.5741 -0.7241 0.3822
vn -0.7617 -0.5677 0.3124
vn -0.1217 0.8911 -0.4371
vn -0.1743 0.8911 -0.4190
vn -0.1219 0.8911 -0.4370
vn -0.0923 0.8908 -0.4449
vn -0.0925 0.8908 -0.4448
vn -0.0303 0.8907 -0.4535
vn -0.0594 0.8911 -0.4499
vn -0.0595 0.8911 -0.4499
vn 0.1606 0.8618 -0.4811
vn 0.1622 0.8615 -0.4812
vn 0.5353 0.6958 -0.4790
vn 0.5333 0.6971 -0.4792
vn 0.8965 0.2785 -0.3446
vn 0.8965 0.2786 -0.3446
vn 0.9726 -0.2040 -0.1118
vn 0.9723 -0.2060 -0.1107
vn 0.8632 -0.5004 0.0675
vn 0.8623 -0.5018 0.0685
vn 0.7597 -0.6272 0.1717
vn 0.7591 -0.6278 0.1724
vn 0.7048 -0.6656 0.2453
vn 0.7048 -0.6656 0.2454
vn 0.6442 -0.6991 0.3103
vn 0.6429 -0.6999 0.3112
vn 0.4985 -0.7826 0.3729
vn 0.5021 -0.7808 0.3719
vn 0.2104 -0.8784 0.4291
vn 0.2179 -0.8770 0.4282
vn -0.2489 -0.8664 0.4330
vn -0.2381 -0.8689 0.4340
vn -0.7146 -0.6221 0.3198
vn -0.7091 -0.6272 0.3222
vn -0.9491 -0.2762 0.1512
vn -0.9485 -0.2779 0.1521
vn -0.9974 -0.0580 0.0433
vn -0.9974 -0.0579 0.0432
vn -0.9979 0.0624 -0.0169
vn -0.9979 0.0623 -0.0169
vn -0.9638 0.2435 -0.1082
vn -0.9635 0.2446 -0.1087
vn -0.8590 0.4628 -0.2191
vn -0.8575 0.4649 -0.2202
vn -0.6992 0.6435 -0.3114
vn -0.6965 0.6459 -0.3126
vn -0.4993 0.7778 -0.3816
vn -0.4955 0.7798 -0.3826
vn -0.2724 0.8616 -0.4283
vn -0.2681 0.8626 -0.4289
vn -0.0920 0.8896 -0.4473
vn -0.0898 0.8898 -0.4474
vn -0.0582 0.8926 -0.4471
vn -0.0370 0.8908 -0.4528
vn -0.0364 0.8908 -0.4530
vn -0.0747 -0.8775 0.4737
vn -0.0789 -0.8767 0.4745
vn -0.3033 -0.8083 0.5046
vn -0.2992 -0.8101 0.5043
vn -0.5253 -0.6853 0.5043
vn -0.5218 -0.6878 0.5046
vn -0.7272 -0.5031 0.4670
vn -0.7251 -0.5055 0.4677
vn -0.8817 -0.2673 0.3887
vn -0.8811 -0.2687 0.3892
vn -0.9498 -0.0684 0.3052
vn -0.9498 -0.0683 0.3052
vn -0.9676 0.0540 0.2468
vn -0.9675 0.0540 0.2468
vn -0.9566 0.2564 0.1385
vn -0.9563 0.2582 0.1375
vn -0.8047 0.5885 -0.0777
vn -0.8001 0.5942 -0.0820
vn -0.4116 0.8505 -0.3274
vn -0.3998 0.8541 -0.3327
vn 0.0468 0.8783 -0.4757
vn 0.0561 0.8767 -0.4777
vn 0.3578 0.7779 -0.5166
vn 0.3624 0.7756 -0.5168
vn 0.4954 0.6891 -0.5289
vn 0.4963 0.6881 -0.5293
vn 0.4866 0.6698 -0.5608
vn 0.4745 0.6499 -0.5938
vn 0.4749 0.6493 -0.5940
vn 0.5959 0.5269 -0.6060
vn 0.5946 0.5283 -0.6061
vn 0.8079 0.2185 -0.5473
vn 0.8068 0.2207 -0.5480
vn 0.8841 0.0021 -0.4673
vn 0.8153 -0.5681 -0.1123
vn 0.6881 -0.7244 0.0424
vn 0.6866 -0.7257 0.0439
vn 0.4036 -0.8727 0.2748
vn 0.4024 -0.8730 0.2757
vn 0.2385 -0.8962 0.3742
vn 0.2378 -0.8962 0.3746
vn 0.1693 -0.8970 0.4082
vn 0.0915 -0.8963 0.4340
vn 0.0892 -0.8962 0.4346
vn 0.8963 -0.2783 -0.3452
vn 0.8964 -0.2769 -0.3461
vn 0.7781 -0.6227 -0.0824
vn 0.7750 -0.6271 -0.0781
vn 0.4332 -0.8663 0.2489
vn 0.4255 -0.8685 0.2544
vn 0.0356 -0.8788 0.4759
vn 0.0296 -0.8776 0.4785
vn -0.2413 -0.7837 0.5723
vn -0.2444 -0.7822 0.5731
vn -0.3986 -0.7009 0.5915
vn -0.4002 -0.7001 0.5913
vn -0.4869 -0.6661 0.5650
vn -0.4868 -0.6662 0.5651
vn -0.5696 -0.6289 0.5292
vn -0.5707 -0.6282 0.5289
vn -0.7125 -0.5012 0.4910
vn -0.7107 -0.5033 0.4915
vn -0.8977 -0.2041 0.3904
vn -0.8967 -0.2066 0.3914
vn -0.9488 0.2774 0.1514
vn -0.9486 0.2784 0.1508
vn -0.7057 0.6936 -0.1445
vn -0.7026 0.6962 -0.1469
vn -0.3858 0.8603 -0.3332
vn -0.3829 0.8611 -0.3346
vn -0.1982 0.8906 -0.4092
vn -0.1972 0.8907 -0.4096
vn -0.1738 0.8926 -0.4161
vn -0.1739 0.8926 -0.4161
vn -0.1477 0.8898 -0.4317
vn -0.1458 0.8897 -0.4326
vn 0.0176 0.8623 -0.5062
vn 0.0141 0.8631 -0.5048
vn 0.2373 0.7791 -0.5802
vn 0.2340 0.7807 -0.5794
vn 0.4460 0.6451 -0.6205
vn 0.4434 0.6471 -0.6202
vn 0.6312 0.4641 -0.6214
vn 0.6297 0.4660 -0.6216
vn 0.7784 0.2442 -0.5783
vn 0.7779 0.2451 -0.5786
vn 0.8540 0.0626 -0.5165
vn 0.8541 0.0624 -0.5164
vn 0.8839 -0.0581 -0.4640
vn 0.8839 -0.0581 -0.4641
vn 0.3920 -0.8962 0.2077
vn 0.4849 -0.8736 0.0421
vn 0.4860 -0.8731 0.0398
vn 0.3925 -0.8962 0.2069
vn -0.7548 -0.4379 -0.4883
vn -0.7083 -0.4397 -0.5522
vn -0.6875 -0.4223 -0.5908
vn -0.7378 -0.4111 -0.5354
vn -0.5492 -0.4424 -0.7090
vn -0.5839 -0.4286 -0.6895
vn -0.6035 -0.4324 -0.6699
vn -0.5396 -0.4632 -0.7031
vn -0.4922 -0.4675 -0.7343
vn -0.4577 -0.4473 -0.7684
vn -0.4577 -0.4463 -0.7690
vn -0.6033 -0.4445 -0.6622
vn -0.5519 -0.4221 -0.7192
vn -0.5937 -0.4324 -0.6786
vn -0.4991 -0.4691 -0.7286
vn -0.4687 -0.4733 -0.7459
vn -0.5972 -0.4463 -0.6665
vn -0.5968 -0.4463 -0.6668
vn -0.7284 -0.4682 -0.5002
vn -0.6765 -0.4577 -0.5770
vn -0.6397 -0.4448 -0.6268
vn -0.6631 -0.4467 -0.6006
vn -0.6635 -0.4466 -0.6003
vn -0.7195 -0.4211 -0.5522
vn -0.7195 -0.4211 -0.5523
vn -0.7572 -0.4095 -0.5088
vn -0.7019 -0.4655 -0.5391
vn -0.6675 -0.4617 -0.5842
vn -0.7657 -0.4462 -0.4632
vn -0.7650 -0.4474 -0.4632
vn -0.5973 -0.4424 -0.6689
vn -0.5974 -0.4446 -0.6674
vn -0.5977 -0.4455 -0.6666
vn -0.5979 -0.4460 -0.6661
vn -0.5981 -0.4462 -0.6657
vn -0.5953 -0.4464 -0.6681
vn -0.5951 -0.4465 -0.6682
vn -0.5947 -0.4467 -0.6684
vn -0.5941 -0.4470 -0.6687
vn -0.5928 -0.4478 -0.6694
vn -0.5799 -0.4544 -0.6762
vn -0.4620 -0.4732 -0.7501
vn -0.4773 -0.4542 -0.7523
vn -0.4856 -0.4423 -0.7541
vn -0.4928 -0.4300 -0.7565
vn -0.5029 -0.4096 -0.7611
vn -0.5085 -0.4114 -0.7565
vn -0.7621 -0.4066 -0.5038
vn -0.7568 -0.4290 -0.4931
vn -0.7541 -0.4420 -0.4858
vn -0.7521 -0.4540 -0.4778
vn -0.7496 -0.4715 -0.4645
vn -0.7457 -0.4712 -0.4711
vn -0.6701 -0.4536 -0.5876
vn -0.6680 -0.4509 -0.5920
vn -0.6666 -0.4494 -0.5946
vn -0.6653 -0.4484 -0.5969
vn -0.6634 -0.4474 -0.5997
vn -0.6654 -0.4462 -0.5985
vn -0.6658 -0.4459 -0.5982
vn -0.6663 -0.4455 -0.5980
vn -0.6671 -0.4446 -0.5978
vn -0.6686 -0.4424 -0.5977
vn -0.6785 -0.4321 -0.5941
vn -0.4721 -0.4423 -0.7626
vn -0.4853 -0.4378 -0.7569
vn -0.4945 -0.4337 -0.7533
vn -0.5043 -0.4282 -0.7499
vn -0.5205 -0.4175 -0.7449
vn -0.5275 -0.4189 -0.7391
vn -0.5972 -0.4431 -0.6686
vn -0.5949 -0.4458 -0.6688
vn -0.5939 -0.4471 -0.6688
vn -0.5929 -0.4487 -0.6687
vn -0.5911 -0.4515 -0.6683
vn -0.5848 -0.4581 -0.6695
vn -0.4854 -0.4723 -0.7358
vn -0.4830 -0.4648 -0.7421
vn -0.4802 -0.4603 -0.7467
vn -0.4762 -0.4566 -0.7515
vn -0.4683 -0.4520 -0.7592
vn -0.6654 -0.4571 -0.5902
vn -0.6662 -0.4515 -0.5936
vn -0.6664 -0.4479 -0.5961
vn -0.6663 -0.4444 -0.5988
vn -0.6657 -0.4379 -0.6042
vn -0.6676 -0.4266 -0.6102
vn -0.7441 -0.4096 -0.5278
vn -0.7500 -0.4253 -0.5066
vn -0.7535 -0.4326 -0.4951
vn -0.7567 -0.4375 -0.4858
vn -0.7613 -0.4424 -0.4740
vn -0.7577 -0.4518 -0.4710
vn -0.7510 -0.4565 -0.4771
vn -0.7464 -0.4606 -0.4804
vn -0.7417 -0.4656 -0.4828
vn -0.7349 -0.4741 -0.4849
vn -0.7337 -0.4689 -0.4917
vn 0.2941 -0.8962 0.3322
vn 0.3499 -0.8971 0.2699
vn 0.3500 -0.8971 0.2699
vn 0.2926 -0.8961 0.3337
vn 0.1689 -0.8770 0.4499
vn 0.1662 -0.8763 0.4523
vn -0.0106 -0.8089 0.5879
vn -0.0135 -0.8074 0.5899
vn -0.2031 -0.6862 0.6985
vn -0.2058 -0.6841 0.6998
vn -0.3970 -0.5040 0.7670
vn -0.3988 -0.5019 0.7675
vn -0.5705 -0.2678 0.7764
vn -0.5712 -0.2668 0.7763
vn -0.6715 -0.0682 0.7378
vn -0.6715 -0.0683 0.7379
vn -0.7159 0.0539 0.6961
vn -0.7159 0.0540 0.6961
vn -0.7606 0.2580 0.5957
vn -0.7604 0.2566 0.5966
vn -0.7346 0.5943 0.3275
vn -0.7362 0.5894 0.3327
vn -0.5118 0.8544 -0.0901
vn -0.5184 0.8513 -0.0810
vn -0.1878 0.8764 -0.4435
vn -0.1939 0.8778 -0.4381
vn 0.0584 0.7747 -0.6296
vn 0.0552 0.7766 -0.6276
vn 0.1678 0.6871 -0.7069
vn 0.1673 0.6879 -0.7062
vn 0.1170 0.6494 -0.7514
vn 0.1429 0.6695 -0.7290
vn 0.1173 0.6488 -0.7519
vn 0.2159 0.5274 -0.8217
vn 0.2175 0.5255 -0.8225
vn 0.4284 0.2205 -0.8763
vn 0.4298 0.2179 -0.8762
vn 0.5354 0.0022 -0.8446
vn 0.6173 -0.7269 -0.3010
vn 0.6519 -0.5686 -0.5016
vn 0.6181 -0.7248 -0.3043
vn -0.3045 0.8909 -0.3370
vn -0.3042 0.8909 -0.3373
vn -0.2760 0.8911 -0.3601
vn -0.3259 0.8911 -0.3158
vn -0.3256 0.8911 -0.3161
vn -0.3781 0.8907 -0.2524
vn -0.3602 0.8911 -0.2760
vn -0.4978 0.8614 -0.1008
vn -0.6824 0.6964 0.2222
vn -0.6834 0.6945 0.2248
vn -0.4991 0.8609 -0.0989
vn -0.7475 0.2782 0.6032
vn -0.7474 0.2778 0.6035
vn -0.5831 -0.2060 0.7858
vn -0.5843 -0.2038 0.7855
vn -0.3728 -0.5020 0.7804
vn -0.3743 -0.5003 0.7808
vn -0.2314 -0.6278 0.7432
vn -0.2324 -0.6272 0.7434
vn -0.1411 -0.6657 0.7327
vn -0.0540 -0.6994 0.7127
vn 0.0704 -0.7808 0.6208
vn 0.0732 -0.7827 0.6181
vn -0.0525 -0.7002 0.7120
vn 0.2611 -0.8769 0.4035
vn 0.2658 -0.8784 0.3972
vn 0.4943 -0.8692 0.0125
vn 0.4991 -0.8666 0.0021
vn 0.6339 -0.6281 -0.4513
vn 0.6346 -0.6228 -0.4577
vn 0.6067 -0.2785 -0.7445
vn 0.6063 -0.2767 -0.7455
vn 0.5369 -0.0580 -0.8416
vn 0.5370 -0.0581 -0.8416
vn 0.4851 0.0624 -0.8722
vn 0.4851 0.0625 -0.8723
vn 0.3883 0.2448 -0.8884
vn 0.3890 0.2437 -0.8884
vn 0.2387 0.4652 -0.8524
vn 0.2404 0.4629 -0.8532
vn 0.0781 0.6460 -0.7593
vn 0.0807 0.6435 -0.7612
vn -0.0829 0.7797 -0.6206
vn -0.0800 0.7777 -0.6235
vn -0.2367 0.8625 -0.4472
vn -0.2339 0.8614 -0.4509
vn -0.3418 0.8898 -0.3025
vn -0.3405 0.8896 -0.3044
vn -0.3576 0.8926 -0.2747
vn -0.3740 0.8908 -0.2582
vn -0.3745 0.8907 -0.2575
vn 0.4501 -0.8768 0.1694
vn 0.5884 -0.8085 -0.0096
vn 0.5902 -0.8071 -0.0124
vn 0.4523 -0.8761 0.1669
vn 0.6993 -0.6858 -0.2016
vn 0.7005 -0.6839 -0.2042
vn 0.7682 -0.5038 -0.3951
vn 0.7686 -0.5018 -0.3968
vn 0.7780 -0.2677 -0.5684
vn 0.7779 -0.2667 -0.5690
vn 0.7397 -0.0682 -0.6695
vn 0.7397 -0.0683 -0.6694
vn 0.6981 0.0540 -0.7140
vn 0.6981 0.0541 -0.7140
vn 0.5978 0.2581 -0.7590
vn 0.5986 0.2567 -0.7588
vn 0.3294 0.5944 -0.7336
vn 0.3342 0.5898 -0.7351
vn -0.0892 0.8545 -0.5117
vn -0.0806 0.8516 -0.5179
vn -0.4434 0.8763 -0.1885
vn -0.4384 0.8776 -0.1942
vn -0.6301 0.7744 0.0572
vn -0.6282 0.7762 0.0542
vn -0.7075 0.6868 0.1668
vn -0.7068 0.6875 0.1663
vn -0.7294 0.6691 0.1422
vn -0.7519 0.6490 0.1157
vn -0.8224 0.5272 0.2138
vn -0.8233 0.5252 0.2155
vn -0.7524 0.6484 0.1161
vn -0.8775 0.2204 0.4260
vn -0.8774 0.2177 0.4275
vn -0.8461 0.0021 0.5330
vn -0.5033 -0.5688 0.6505
vn -0.3021 -0.7273 0.6163
vn -0.3058 -0.7249 0.6172
vn 0.0417 -0.8738 0.4845
vn 0.0391 -0.8732 0.4858
vn 0.2076 -0.8963 0.3920
vn 0.2067 -0.8962 0.3925
vn 0.2698 -0.8971 0.3500
vn 0.3321 -0.8961 0.2943
vn 0.3336 -0.8961 0.2929
vn -0.7461 -0.2786 0.6047
vn -0.4526 -0.6285 0.6325
vn -0.4593 -0.6229 0.6333
vn -0.7472 -0.2767 0.6042
vn 0.0122 -0.8694 0.4939
vn 0.0011 -0.8667 0.4989
vn 0.4037 -0.8767 0.2616
vn 0.3970 -0.8783 0.2665
vn 0.6212 -0.7804 0.0715
vn 0.6183 -0.7824 0.0745
vn 0.7131 -0.6990 -0.0530
vn 0.7124 -0.6999 -0.0514
vn 0.7332 -0.6654 -0.1404
vn 0.7438 -0.6275 -0.2302
vn 0.7815 -0.5017 -0.3708
vn 0.7818 -0.5002 -0.3722
vn 0.7440 -0.6269 -0.2311
vn 0.7875 -0.2059 -0.5810
vn 0.7871 -0.2038 -0.5821
vn 0.6052 0.2783 -0.7458
vn 0.6054 0.2781 -0.7458
vn 0.2238 0.6967 -0.6816
vn 0.2259 0.6951 -0.6825
vn -0.1000 0.8616 -0.4976
vn -0.0985 0.8612 -0.4987
vn -0.2579 0.8908 -0.3741
vn -0.2574 0.8908 -0.3745
vn -0.2746 0.8926 -0.3577
vn -0.3024 0.8897 -0.3421
vn -0.4473 0.8623 -0.2374
vn -0.4511 0.8611 -0.2344
vn -0.3045 0.8895 -0.3407
vn -0.6208 0.7794 -0.0842
vn -0.6239 0.7772 -0.0811
vn -0.7598 0.6457 0.0763
vn -0.7618 0.6430 0.0791
vn -0.8532 0.4649 0.2365
vn -0.8540 0.4625 0.2383
vn -0.8895 0.2447 0.3858
vn -0.8895 0.2435 0.3866
vn -0.8736 0.0624 0.4826
vn -0.8736 0.0625 0.4826
vn -0.8431 -0.0581 0.5346
vn 0.2198 -0.8982 0.3807
vn 0.2198 -0.8982 0.3808
vn -0.2269 0.8911 -0.3930
vn -0.8945 -0.4445 -0.0476
vn -0.8292 -0.5589 0.0099
vn -0.8855 -0.4498 -0.1164
vn -0.8925 -0.4473 -0.0577
vn -0.8633 -0.4497 -0.2289
vn -0.8623 -0.4535 -0.2255
vn -0.8534 -0.4791 -0.2051
vn -0.8816 -0.4353 -0.1822
vn -0.8049 -0.4338 -0.4049
vn -0.9116 -0.3253 -0.2513
vn -0.8227 -0.4521 -0.3447
vn -0.8918 -0.4488 -0.0576
vn -0.9109 -0.4121 -0.0201
vn -0.8860 -0.4607 -0.0531
vn -0.8917 -0.4488 -0.0592
vn -0.8579 -0.4308 -0.2799
vn -0.8415 -0.4829 -0.2422
vn -0.8672 -0.4435 -0.2265
vn -0.8334 -0.4317 -0.3451
vn -0.8715 -0.3339 -0.3592
vn -0.8752 -0.4119 -0.2537
vn -0.7918 -0.4620 -0.3994
vn -0.7987 -0.4141 -0.4366
vn -0.8718 -0.4534 -0.1853
vn -0.9164 -0.3221 -0.2377
vn -0.8859 -0.4491 -0.1165
vn -0.9492 -0.3142 0.0176
vn -0.8896 -0.4544 -0.0457
vn -0.9030 -0.4285 0.0325
vn -0.8217 -0.5595 -0.1081
vn -0.8850 -0.4507 -0.1171
vn -0.8152 -0.5374 -0.2160
vn -0.8769 -0.4426 -0.1875
vn -0.8933 -0.3975 -0.2100
vn -0.8856 -0.4497 -0.1163
vn -0.9436 -0.3090 -0.1190
vn -0.8997 -0.4334 -0.0514
vn -0.8778 -0.4785 -0.0231
vn -0.8208 -0.5617 -0.1042
vn -0.8675 -0.4633 -0.1812
vn -0.8828 -0.4190 -0.2126
vn -0.8688 -0.4376 -0.2316
vn -0.8813 -0.4507 -0.1417
vn -0.9052 -0.4247 -0.0159
vn -0.9406 -0.3146 -0.1275
vn -0.8896 -0.4413 -0.1177
vn -0.7200 -0.5520 -0.4206
vn -0.7983 -0.4437 -0.4072
vn -0.7886 -0.4392 -0.4304
vn -0.8401 -0.4690 -0.2726
vn -0.7683 -0.4803 -0.4232
vn -0.8129 -0.4530 -0.3662
vn -0.8252 -0.4490 -0.3428
vn -0.7464 -0.5870 -0.3136
vn -0.8495 -0.4150 -0.3257
vn -0.8253 -0.4458 -0.3468
vn -0.8157 -0.3171 -0.4838
vn -0.7649 -0.5603 -0.3178
vn -0.8205 -0.4592 -0.3405
vn -0.8104 -0.5465 -0.2112
vn -0.8749 -0.3177 -0.3656
vn -0.8731 -0.4152 -0.2556
vn -0.8015 -0.4461 -0.3983
vn -0.7707 -0.4308 -0.4696
vn -0.7928 -0.4532 -0.4076
vn -0.8538 -0.4425 -0.2745
vn -0.8521 -0.4702 -0.2301
vn -0.8494 -0.4525 -0.2717
vn -0.8388 -0.4657 -0.2820
vn -0.9035 -0.4218 -0.0762
vn -0.9011 -0.4318 -0.0390
vn -0.9019 -0.4100 -0.1358
vn -0.4305 0.8904 -0.1476
vn -0.5159 0.8548 0.0567
vn -0.5165 0.8543 0.0583
vn -0.4308 0.8904 -0.1469
vn -0.7998 -0.4482 -0.3992
vn -0.8268 -0.4407 -0.3495
vn -0.8343 -0.4707 -0.2872
vn -0.8032 -0.4533 -0.3865
vn -0.8652 -0.4473 -0.2267
vn -0.8882 -0.4448 -0.1150
vn -0.8755 -0.4574 -0.1557
vn -0.8686 -0.4592 -0.1862
vn -0.8931 -0.4462 -0.0563
vn -0.8868 -0.4472 -0.1166
vn -0.8923 -0.4359 -0.1175
vn -0.8952 -0.4416 -0.0599
vn -0.8929 -0.4463 -0.0595
vn -0.8932 -0.4461 -0.0564
vn -0.8932 -0.4461 -0.0570
vn -0.8765 -0.4470 -0.1789
vn -0.8853 -0.4500 -0.1169
vn -0.8853 -0.4500 -0.1168
vn -0.8753 -0.4510 -0.1743
vn -0.8924 -0.4429 -0.0857
vn -0.8935 -0.4451 -0.0592
vn -0.8763 -0.4463 -0.1816
vn -0.8761 -0.4463 -0.1822
vn -0.8153 -0.4296 -0.3882
vn -0.8498 -0.4134 -0.3269
vn -0.8624 -0.4545 -0.2228
vn -0.8643 -0.4460 -0.2328
vn -0.8634 -0.4473 -0.2335
vn -0.8178 -0.4646 -0.3397
vn -0.7974 -0.4584 -0.3925
vn -0.8262 -0.4472 -0.3427
vn -0.8358 -0.4260 -0.3464
vn -0.8611 -0.4146 -0.2943
vn -0.7992 -0.4464 -0.4026
vn -0.7986 -0.4463 -0.4038
vn -0.7983 -0.4463 -0.4043
vn -0.8767 -0.4464 -0.1794
vn -0.8767 -0.4464 -0.1795
vn -0.8767 -0.4463 -0.1795
vn -0.8758 -0.4463 -0.1837
vn -0.8760 -0.4462 -0.1832
vn -0.8763 -0.4459 -0.1826
vn -0.8768 -0.4453 -0.1816
vn -0.8778 -0.4440 -0.1797
vn -0.8849 -0.4359 -0.1641
vn -0.8925 -0.4470 -0.0603
vn -0.8927 -0.4467 -0.0601
vn -0.8928 -0.4465 -0.0600
vn -0.8927 -0.4466 -0.0601
vn -0.7996 -0.4467 -0.4014
vn -0.7996 -0.4468 -0.4013
vn -0.8023 -0.4353 -0.4083
vn -0.8538 -0.4017 -0.3311
vn -0.8558 -0.4188 -0.3037
vn -0.8572 -0.4274 -0.2873
vn -0.8590 -0.4337 -0.2720
vn -0.8619 -0.4406 -0.2510
vn -0.8551 -0.4533 -0.2517
vn -0.8483 -0.4592 -0.2638
vn -0.8435 -0.4641 -0.2704
vn -0.8386 -0.4701 -0.2753
vn -0.8311 -0.4804 -0.2803
vn -0.8348 -0.4705 -0.2860
vn -0.8930 -0.4461 -0.0596
vn -0.8930 -0.4461 -0.0594
vn -0.8931 -0.4460 -0.0593
vn -0.8931 -0.4459 -0.0591
vn -0.8932 -0.4458 -0.0587
vn -0.8926 -0.4467 -0.0609
vn -0.8734 -0.4506 -0.1849
vn -0.8752 -0.4477 -0.1833
vn -0.8761 -0.4462 -0.1826
vn -0.8770 -0.4446 -0.1820
vn -0.8787 -0.4415 -0.1813
vn -0.8854 -0.4306 -0.1748
vn -0.8940 -0.4446 -0.0560
vn -0.8936 -0.4454 -0.0554
vn -0.8934 -0.4458 -0.0550
vn -0.8934 -0.4460 -0.0547
vn -0.8933 -0.4461 -0.0544
vn -0.8674 -0.4034 -0.2913
vn -0.8602 -0.4259 -0.2805
vn -0.8554 -0.4412 -0.2715
vn -0.8506 -0.4568 -0.2604
vn -0.8430 -0.4813 -0.2401
vn -0.8423 -0.4759 -0.2531
vn -0.7994 -0.4460 -0.4025
vn -0.7995 -0.4461 -0.4022
vn -0.7995 -0.4462 -0.4021
vn -0.7996 -0.4463 -0.4019
vn -0.7996 -0.4463 -0.4017
vn -0.7976 -0.4463 -0.4058
vn -0.7978 -0.4461 -0.4055
vn -0.7981 -0.4459 -0.4053
vn -0.7984 -0.4455 -0.4050
vn -0.7992 -0.4444 -0.4047
vn -0.8071 -0.4357 -0.3984
vn -0.4059 0.8890 -0.2120
vn -0.4165 0.8925 -0.1731
vn -0.4049 0.8887 -0.2150
vn -0.3335 0.8550 -0.3973
vn -0.3309 0.8533 -0.4030
vn -0.2192 0.7567 -0.6160
vn -0.2164 0.7538 -0.6204
vn -0.0946 0.6096 -0.7870
vn -0.0922 0.6065 -0.7898
vn 0.0324 0.4270 -0.9037
vn 0.0341 0.4245 -0.9048
vn 0.1561 0.2202 -0.9629
vn 0.1568 0.2190 -0.9630
vn 0.2433 0.0556 -0.9684
vn 0.2432 0.0556 -0.9684
vn 0.2952 -0.0522 -0.9540
vn 0.2952 -0.0523 -0.9540
vn 0.3815 -0.2544 -0.8887
vn 0.3808 -0.2525 -0.8895
vn 0.4882 -0.5992 -0.6345
vn 0.4869 -0.5927 -0.6416
vn 0.4835 -0.8648 -0.1356
vn 0.4858 -0.8610 -0.1507
vn 0.3489 -0.8722 0.3429
vn 0.3529 -0.8743 0.3331
vn 0.2085 -0.7590 0.6168
vn 0.2111 -0.7615 0.6128
vn 0.1062 -0.6679 0.7366
vn 0.1077 -0.6690 0.7355
vn -0.0646 -0.5901 0.8047
vn 0.0230 -0.6311 0.7754
vn -0.0654 -0.5896 0.8051
vn -0.1874 -0.4630 0.8663
vn -0.1884 -0.4616 0.8668
vn -0.3700 -0.1861 0.9102
vn -0.3710 -0.1843 0.9102
vn -0.5584 0.2551 0.7894
vn -0.5584 0.2552 0.7893
vn -0.6058 0.6683 0.4316
vn -0.6060 0.6670 0.4334
vn 0.4316 -0.8979 0.0870
vn 0.4316 -0.8978 0.0869
vn 0.4358 -0.8982 0.0578
vn 0.4358 -0.8982 0.0577
vn 0.4243 -0.8982 0.1150
vn 0.4243 -0.8982 0.1149
vn 0.3950 -0.8978 0.1948
vn 0.4061 -0.8982 0.1684
vn 0.4832 -0.8691 -0.1063
vn 0.5165 -0.7040 -0.4875
vn 0.5163 -0.7009 -0.4921
vn 0.4839 -0.8682 -0.1101
vn 0.4144 -0.2803 -0.8659
vn 0.4139 -0.2790 -0.8665
vn 0.1947 0.2015 -0.9599
vn 0.1961 0.1990 -0.9602
vn 0.0184 0.4918 -0.8705
vn 0.0199 0.4896 -0.8717
vn -0.0548 0.6150 -0.7867
vn -0.0546 0.6142 -0.7872
vn -0.0203 0.6354 -0.7720
vn -0.0203 0.6354 -0.7719
vn 0.0128 0.6534 -0.7569
vn -0.0760 0.7510 -0.6559
vn -0.0786 0.7530 -0.6533
vn 0.0126 0.6542 -0.7562
vn -0.2840 0.8722 -0.3983
vn -0.2889 0.8738 -0.3911
vn -0.5264 0.8474 0.0687
vn -0.5305 0.8440 0.0796
vn -0.6250 0.5612 0.5426
vn -0.6250 0.5567 0.5472
vn -0.5728 0.2334 0.7858
vn -0.5725 0.2323 0.7863
vn -0.5081 0.0482 0.8599
vn -0.5082 0.0483 0.8599
vn -0.4601 -0.0614 0.8858
vn -0.4600 -0.0615 0.8858
vn -0.3635 -0.2438 0.8991
vn -0.3640 -0.2430 0.8991
vn -0.2117 -0.4686 0.8576
vn -0.2131 -0.4668 0.8583
vn -0.0467 -0.6553 0.7539
vn -0.0488 -0.6533 0.7556
vn 0.1167 -0.7914 0.6000
vn 0.1144 -0.7899 0.6025
vn 0.2666 -0.8720 0.4104
vn 0.2646 -0.8713 0.4134
vn 0.3670 -0.8959 0.2506
vn 0.3659 -0.8958 0.2525
vn 0.4079 -0.8970 0.1703
vn 0.4079 -0.8970 0.1702
vn 0.4337 -0.8960 0.0949
vn 0.4341 -0.8960 0.0937
vn -0.4861 0.8565 0.1739
vn -0.4960 0.7589 0.4220
vn -0.4958 0.7571 0.4254
vn -0.4865 0.8554 0.1778
vn -0.4729 0.6116 0.6342
vn -0.4725 0.6096 0.6365
vn -0.4204 0.4282 0.7999
vn -0.4199 0.4266 0.8011
vn -0.3421 0.2206 0.9134
vn -0.3418 0.2199 0.9137
vn -0.2690 0.0556 0.9615
vn -0.2691 0.0558 0.9615
vn -0.2168 -0.0522 0.9748
vn -0.2167 -0.0523 0.9748
vn -0.1099 -0.2535 0.9611
vn -0.1106 -0.2523 0.9613
vn 0.1072 -0.5962 0.7956
vn 0.1040 -0.5919 0.7993
vn 0.3497 -0.8628 0.3650
vn 0.3460 -0.8602 0.3746
vn 0.4720 -0.8738 -0.1168
vn 0.4710 -0.8753 -0.1098
vn 0.4872 -0.7618 -0.4269
vn 0.4874 -0.7635 -0.4238
vn 0.4585 -0.6699 -0.5840
vn 0.4591 -0.6706 -0.5827
vn 0.4061 -0.6318 -0.6603
vn 0.4060 -0.6317 -0.6604
vn 0.3450 -0.5909 -0.7292
vn 0.2692 -0.4643 -0.8438
vn 0.2682 -0.4623 -0.8452
vn 0.3443 -0.5902 -0.7301
vn 0.1323 -0.1866 -0.9735
vn 0.1312 -0.1844 -0.9741
vn -0.0914 0.2548 -0.9627
vn -0.0910 0.2540 -0.9629
vn -0.3102 0.6673 -0.6771
vn -0.3086 0.6645 -0.6806
vn -0.4187 0.8538 -0.3094
vn -0.4180 0.8528 -0.3130
vn -0.4467 0.8903 -0.0886
vn -0.4466 0.8902 -0.0897
vn -0.4471 0.8925 -0.0589
vn -0.4471 0.8925 -0.0588
vn -0.4567 0.8894 -0.0227
vn -0.4570 0.8892 -0.0206
vn -0.1053 0.2331 -0.9667
vn -0.2713 0.5602 -0.7826
vn -0.2683 0.5544 -0.7878
vn -0.1045 0.2315 -0.9672
vn -0.4219 0.8467 -0.3241
vn -0.4194 0.8422 -0.3389
vn -0.4449 0.8728 0.2010
vn -0.4457 0.8749 0.1897
vn -0.3930 0.7522 0.5289
vn -0.3942 0.7549 0.5241
vn -0.3662 0.6543 0.6616
vn -0.3661 0.6553 0.6608
vn -0.4021 0.6360 0.6587
vn -0.4386 0.6162 0.6541
vn -0.4161 0.4929 0.7641
vn -0.4157 0.4916 0.7651
vn -0.4387 0.6158 0.6545
vn -0.3071 0.2018 0.9300
vn -0.3064 0.2000 0.9307
vn -0.0706 -0.2784 0.9579
vn -0.0705 -0.2786 0.9578
vn 0.2041 -0.7007 0.6836
vn 0.2033 -0.6997 0.6849
vn 0.3645 -0.8674 0.3389
vn 0.3641 -0.8671 0.3401
vn 0.4225 -0.8958 0.1379
vn 0.4224 -0.8958 0.1385
vn 0.4383 -0.8970 0.0570
vn 0.4430 -0.8960 -0.0319
vn 0.4359 -0.8730 -0.2189
vn 0.4355 -0.8719 -0.2238
vn 0.4430 -0.8959 -0.0345
vn 0.4006 -0.7928 -0.4594
vn 0.3996 -0.7907 -0.4639
vn 0.3355 -0.6565 -0.6756
vn 0.3342 -0.6538 -0.6789
vn 0.2438 -0.4692 -0.8488
vn 0.2426 -0.4667 -0.8505
vn 0.1325 -0.2438 -0.9607
vn 0.1320 -0.2426 -0.9611
vn 0.0421 -0.0613 -0.9972
vn 0.0422 -0.0614 -0.9972
vn -0.0124 0.0481 -0.9988
vn 0.3747 -0.8962 0.2377
vn 0.3744 -0.8961 0.2383
vn 0.2756 -0.8725 0.4035
vn 0.2762 -0.8727 0.4025
vn -0.8006 -0.4425 -0.4041
vn -0.8198 -0.4264 -0.3823
vn -0.8624 -0.4128 -0.2928
vn -0.8252 -0.4479 -0.3442
vn -0.8830 -0.4281 -0.1926
vn -0.8886 -0.4299 -0.1601
vn -0.8870 -0.4467 -0.1167
vn -0.8906 -0.4509 -0.0595
vn -0.8814 -0.4580 -0.1157
vn -0.8945 -0.4437 -0.0550
vn -0.8935 -0.4462 -0.0514
vn -0.8934 -0.4462 -0.0520
vn -0.8763 -0.4441 -0.1866
vn -0.8857 -0.4298 -0.1755
vn -0.8957 -0.4287 -0.1182
vn -0.8957 -0.4287 -0.1181
vn -0.8871 -0.4592 -0.0473
vn -0.8847 -0.4596 -0.0772
vn -0.8753 -0.4464 -0.1859
vn -0.8752 -0.4464 -0.1864
vn -0.8224 -0.4752 -0.3127
vn -0.7953 -0.4700 -0.3829
vn -0.8698 -0.4380 -0.2271
vn -0.8638 -0.4459 -0.2344
vn -0.8634 -0.4475 -0.2331
vn -0.8168 -0.4151 -0.4007
vn -0.8415 -0.4125 -0.3489
vn -0.8318 -0.4768 -0.2844
vn -0.8165 -0.4674 -0.3390
vn -0.7967 -0.4464 -0.4076
vn -0.7964 -0.4463 -0.4081
vn -0.8775 -0.4424 -0.1851
vn -0.8762 -0.4446 -0.1860
vn -0.8756 -0.4456 -0.1866
vn -0.8753 -0.4460 -0.1871
vn -0.8750 -0.4463 -0.1875
vn -0.8756 -0.4465 -0.1841
vn -0.8757 -0.4466 -0.1839
vn -0.8756 -0.4468 -0.1834
vn -0.8756 -0.4471 -0.1827
vn -0.8755 -0.4480 -0.1810
vn -0.8747 -0.4567 -0.1621
vn -0.8900 -0.4536 -0.0473
vn -0.8924 -0.4484 -0.0506
vn -0.8937 -0.4456 -0.0521
vn -0.8951 -0.4426 -0.0533
vn -0.8980 -0.4364 -0.0554
vn -0.9013 -0.4289 -0.0613
vn -0.8033 -0.4352 -0.4067
vn -0.7993 -0.4422 -0.4069
vn -0.7972 -0.4456 -0.4072
vn -0.7953 -0.4485 -0.4078
vn -0.7917 -0.4535 -0.4093
vn -0.7848 -0.4666 -0.4079
vn -0.8184 -0.4831 -0.3111
vn -0.8321 -0.4711 -0.2927
vn -0.8403 -0.4642 -0.2801
vn -0.8473 -0.4588 -0.2676
vn -0.8561 -0.4528 -0.2492
vn -0.8623 -0.4396 -0.2514
vn -0.8621 -0.4329 -0.2633
vn -0.8628 -0.4271 -0.2706
vn -0.8645 -0.4194 -0.2771
vn -0.8684 -0.4052 -0.2859
vn -0.8632 -0.4094 -0.2954
vn -0.8935 -0.4462 -0.0500
vn -0.8936 -0.4459 -0.0507
vn -0.8938 -0.4455 -0.0517
vn -0.8941 -0.4447 -0.0533
vn -0.8949 -0.4426 -0.0566
vn -0.8971 -0.4362 -0.0700
vn -0.8771 -0.4429 -0.1857
vn -0.8761 -0.4458 -0.1834
vn -0.8756 -0.4472 -0.1825
vn -0.8750 -0.4487 -0.1817
vn -0.8738 -0.4517 -0.1803
vn -0.8702 -0.4618 -0.1717
vn -0.8924 -0.4478 -0.0555
vn -0.8928 -0.4470 -0.0550
vn -0.8931 -0.4466 -0.0546
vn -0.8932 -0.4464 -0.0542
vn -0.8932 -0.4463 -0.0541
vn -0.8282 -0.4866 -0.2780
vn -0.8409 -0.4666 -0.2741
vn -0.8501 -0.4521 -0.2699
vn -0.8604 -0.4363 -0.2633
vn -0.8783 -0.4082 -0.2491
vn -0.8762 -0.4069 -0.2582
vn -0.8014 -0.4416 -0.4034
vn -0.7984 -0.4444 -0.4063
vn -0.7971 -0.4455 -0.4076
vn -0.7964 -0.4460 -0.4084
vn -0.7959 -0.4463 -0.4091
vn -0.7974 -0.4465 -0.4059
vn -0.7975 -0.4466 -0.4057
vn -0.7975 -0.4469 -0.4053
vn -0.7975 -0.4473 -0.4048
vn -0.7973 -0.4484 -0.4040
vn -0.7977 -0.4567 -0.3938
vn 0.4339 -0.8963 0.0913
vn 0.4346 -0.8962 0.0889
vn 0.4083 -0.8970 0.1691
vn 0.4733 -0.8777 -0.0750
vn 0.4741 -0.8769 -0.0795
vn 0.5034 -0.8104 -0.2997
vn 0.5037 -0.8086 -0.3042
vn 0.5032 -0.6882 -0.5227
vn 0.5029 -0.6856 -0.5264
vn 0.4657 -0.5058 -0.7262
vn 0.4650 -0.5031 -0.7285
vn 0.3867 -0.2688 -0.8822
vn 0.3862 -0.2673 -0.8828
vn 0.3025 -0.0684 -0.9507
vn 0.3026 -0.0685 -0.9507
vn 0.2441 0.0540 -0.9682
vn 0.2441 0.0541 -0.9682
vn 0.1348 0.2581 -0.9567
vn 0.1358 0.2563 -0.9570
vn -0.0840 0.5940 -0.8001
vn -0.0796 0.5880 -0.8049
vn -0.3336 0.8539 -0.3994
vn -0.3280 0.8501 -0.4119
vn -0.4774 0.8769 0.0568
vn -0.4754 0.8785 0.0469
vn -0.5158 0.7759 0.3632
vn -0.5155 0.7783 0.3584
vn -0.5283 0.6885 0.4969
vn -0.5279 0.6895 0.4960
vn -0.5927 0.6502 0.4754
vn -0.5929 0.6497 0.4758
vn -0.5601 0.6702 0.4870
vn -0.6045 0.5285 0.5961
vn -0.6044 0.5272 0.5973
vn -0.5458 0.2209 0.8083
vn -0.5451 0.2188 0.8093
vn -0.4649 0.0022 0.8854
vn 0.0453 -0.7253 0.6870
vn 0.0441 -0.7243 0.6881
vn -0.1101 -0.5679 0.8157
vn -0.4449 0.8908 -0.0923
vn -0.4499 0.8911 -0.0593
vn -0.4499 0.8911 -0.0594
vn -0.4449 0.8908 -0.0921
vn -0.4373 0.8911 -0.1213
vn -0.4373 0.8911 -0.1211
vn -0.4077 0.8907 -0.2011
vn -0.4192 0.8911 -0.1738
vn -0.3353 0.8609 -0.3827
vn -0.3338 0.8600 -0.3860
vn -0.1461 0.6931 -0.7059
vn -0.1486 0.6960 -0.7025
vn 0.1489 0.2771 -0.9492
vn 0.1482 0.2783 -0.9490
vn 0.3878 -0.2042 -0.8988
vn 0.3889 -0.2068 -0.8978
vn 0.4890 -0.5014 -0.7138
vn 0.4896 -0.5036 -0.7118
vn 0.5276 -0.6285 -0.5714
vn 0.5280 -0.6293 -0.5702
vn 0.5643 -0.6665 -0.4873
vn 0.5643 -0.6665 -0.4871
vn 0.5904 -0.7005 -0.4008
vn 0.5905 -0.7013 -0.3994
vn 0.5715 -0.7840 -0.2424
vn 0.5722 -0.7826 -0.2452
vn 0.4757 -0.8789 0.0349
vn 0.4781 -0.8778 0.0293
vn 0.2498 -0.8661 0.4329
vn 0.2550 -0.8682 0.4257
vn -0.0803 -0.6226 0.7784
vn -0.0763 -0.6267 0.7755
vn -0.3436 -0.2769 0.8974
vn -0.3428 -0.2782 0.8973
vn -0.4615 -0.0582 0.8852
vn -0.4616 -0.0581 0.8852
vn -0.5141 0.0626 0.8555
vn -0.5140 0.0625 0.8555
vn -0.5762 0.2444 0.7799
vn -0.5764 0.2452 0.7795
vn -0.6197 0.4645 0.6327
vn -0.6199 0.4662 0.6312
vn -0.6192 0.6455 0.4472
vn -0.6189 0.6474 0.4447
vn -0.5793 0.7796 0.2380
vn -0.5785 0.7811 0.2350
vn -0.5057 0.8625 0.0179
vn -0.5044 0.8633 0.0147
vn -0.4325 0.8898 -0.1457
vn -0.4317 0.8899 -0.1474
vn -0.4162 0.8925 -0.1737
vn -0.4161 0.8925 -0.1737
vn -0.4098 0.8906 -0.1971
vn -0.4094 0.8906 -0.1982
vn 0.3717 -0.8765 0.3060
vn 0.3708 -0.8759 0.3087
vn 0.2849 -0.8070 0.5173
vn 0.2862 -0.8082 0.5147
vn 0.1744 -0.6840 0.7083
vn 0.1757 -0.6857 0.7064
vn 0.0419 -0.5022 0.8637
vn 0.0430 -0.5039 0.8627
vn -0.1026 -0.2671 0.9582
vn -0.1021 -0.2679 0.9580
vn -0.2088 -0.0684 0.9756
vn -0.2088 -0.0682 0.9756
vn -0.2683 0.0542 0.9618
vn -0.2682 0.0541 0.9618
vn -0.3571 0.2573 0.8979
vn -0.3575 0.2585 0.8974
vn -0.4690 0.5911 0.6562
vn -0.4700 0.5951 0.6518
vn -0.4883 0.8523 0.1873
vn -0.4874 0.8549 0.1780
vn -0.3871 0.8773 -0.2839
vn -0.3850 0.8761 -0.2903
vn -0.2675 0.7757 -0.5716
vn -0.2660 0.7741 -0.5744
vn -0.2104 0.6874 -0.6952
vn -0.2103 0.6867 -0.6959
vn -0.2427 0.6690 -0.7025
vn -0.2426 0.6690 -0.7026
vn -0.2765 0.6486 -0.7091
vn -0.2765 0.6480 -0.7097
vn -0.2258 0.5248 -0.8208
vn -0.2267 0.5266 -0.8193
vn -0.0695 0.2175 -0.9736
vn -0.0708 0.2201 -0.9729
vn 0.0374 0.0021 -0.9993
vn 0.3104 -0.5679 -0.7623
vn 0.3807 -0.7243 -0.5748
vn 0.3817 -0.7265 -0.5714
vn 0.4399 -0.8730 -0.2106
vn 0.4401 -0.8735 -0.2079
vn 0.4433 -0.8962 -0.0187
vn 0.4433 -0.8962 -0.0177
vn 0.4381 -0.8971 0.0579
vn 0.4209 -0.8961 0.1410
vn 0.4204 -0.8960 0.1427
vn 0.1495 -0.2780 -0.9489
vn 0.1486 -0.2762 -0.9495
vn 0.3178 -0.6223 -0.7154
vn 0.3204 -0.6276 -0.7095
vn 0.4323 -0.8665 -0.2497
vn 0.4335 -0.8691 -0.2381
vn 0.4296 -0.8783 0.2099
vn 0.4286 -0.8768 0.2178
vn 0.3741 -0.7823 0.4981
vn 0.3730 -0.7804 0.5019
vn 0.3124 -0.6996 0.6426
vn 0.3114 -0.6988 0.6440
vn 0.2461 -0.6652 0.7049
vn 0.2462 -0.6653 0.7049
vn 0.1737 -0.6274 0.7591
vn 0.1731 -0.6269 0.7596
vn 0.0698 -0.5002 0.8631
vn 0.0707 -0.5015 0.8623
vn -0.1091 -0.2040 0.9729
vn -0.1081 -0.2058 0.9726
vn -0.3422 0.2788 0.8973
vn -0.3421 0.2786 0.8974
vn -0.4776 0.6963 0.5358
vn -0.4778 0.6973 0.5343
vn -0.4807 0.8617 0.1624
vn -0.4806 0.8620 0.1612
vn -0.4529 0.8908 -0.0362
vn -0.4528 0.8909 -0.0367
vn -0.4472 0.8926 -0.0581
vn -0.4476 0.8897 -0.0896
vn -0.4474 0.8896 -0.0920
vn -0.4289 0.8613 -0.2724
vn -0.4296 0.8624 -0.2678
vn -0.3827 0.7774 -0.4991
vn -0.3838 0.7795 -0.4951
vn -0.3131 0.6430 -0.6989
vn -0.3144 0.6456 -0.6960
vn -0.2213 0.4624 -0.8586
vn -0.2224 0.4647 -0.8571
vn -0.1107 0.2433 -0.9636
vn -0.1113 0.2445 -0.9632
vn -0.0197 0.0624 -0.9979
vn -0.0196 0.0623 -0.9979
vn 0.0405 -0.0580 -0.9975
vn 0.0405 -0.0579 -0.9975
vn -0.0000 -0.0000 1.0000
vn 0.4394 -0.8978 0.0296
vn -0.4535 0.8907 -0.0303
vt 0.097487 0.953758
vt 0.250855 0.801675
vt 0.250855 0.749138
vt -0.000013 1.000000
vt 0.500000 0.500000
vt 0.500000 -0.000000
vt 0.452515 0.056305
vt 0.455051 0.401146
vt 1.000000 1.000000
vt 0.949557 0.897487
vt 0.750855 0.697244
vt 0.750855 0.750855
vt -0.000013 0.500000
vt 0.051840 0.442989
vt 0.045500 0.101034
vt -0.000013 -0.000000
vt 0.545077 0.398261
vt 0.548881 0.050533
vt 0.500000 1.000000
vt 0.750855 1.000000
vt 0.750855 0.951318
vt 0.548881 0.947987
vt 1.000000 -0.000000
vt 0.957165 0.101033
vt 0.950825 0.451646
vt 1.000000 0.500000
vt 0.394190 0.545432
vt 0.250855 0.685236
vt 0.250855 0.250861
vt 0.250855 0.193930
vt 0.115237 0.056305
vt 0.250855 0.130182
vt 0.250855 0.056305
vt 0.250855 -0.000000
vt 0.250855 0.311432
vt 0.389117 0.453089
vt 0.250855 0.393451
vt 0.250855 0.500000
vt 0.250855 0.448949
vt 0.048036 0.883059
vt 0.042964 0.554089
vt 0.250855 0.548965
vt 0.452516 0.601702
vt 0.449980 0.943658
vt 0.250855 0.619413
vt 0.328198 0.842301
vt 0.250855 0.879665
vt 0.250855 0.949364
vt 0.250855 1.000000
vt 0.750855 0.803470
vt 0.898839 0.953758
vt 0.750855 0.877577
vt 0.545078 0.594488
vt 0.947021 0.558417
vt 0.827287 0.653426
vt 0.750862 0.500000
vt 0.750855 0.554268
vt 0.664194 0.173608
vt 0.750862 0.249138
vt 0.750855 0.197432
vt 0.750855 0.050533
vt 0.750862 -0.000000
vt 0.750855 0.305105
vt 0.750855 0.454102
vt 0.750855 0.387769
vt 0.848406 0.344146
vt 0.750855 0.128639
vt 0.901375 0.050533
vt 0.598332 0.455975
vt 0.750855 0.618128
vt 0.605939 0.551203
vt 0.641846 0.821459
vt 0.149626 0.671662
vt 0.143902 0.347318
vt 0.336212 0.176679
vt 0.250855 0.801674
vt 0.250849 0.749145
vt 0.750855 0.697244
vt 0.750861 0.750861
vt 0.750861 1.000000
vt 0.750855 0.951318
vt 0.250855 0.685236
vt 0.250855 0.250862
vt 0.250855 0.193930
vt 0.250855 0.130182
vt 0.250855 0.056305
vt 0.250855 -0.000000
vt 0.250855 0.311432
vt 0.250855 0.393451
vt 0.250855 0.500000
vt 0.250855 0.448949
vt 0.250855 0.548965
vt 0.250855 0.619413
vt 0.250855 0.879666
vt 0.250855 0.949364
vt 0.250849 1.000000
vt 0.750855 0.803470
vt 0.750855 0.877577
vt 0.750861 0.500000
vt 0.750855 0.554268
vt 0.750862 0.249138
vt 0.750855 0.197432
vt 0.750855 0.050533
vt 0.750861 -0.000000
vt 0.750855 0.305105
vt 0.750855 0.454102
vt 0.750855 0.387769
vt 0.750855 0.128639
vt 0.750855 0.618128
vt -0.416873 0.370921
vt 0.082696 0.370921
vt 0.083400 0.390267
vt -0.416326 0.390267
vt 0.177509 0.402606
vt 0.148164 0.402606
vt 0.148164 0.371312
vt 0.177509 0.371312
vt 0.006225 0.006225
vt 0.249215 0.251373
vt 0.276945 0.249419
vt 0.092035 0.064509
vt 0.495654 0.500000
vt 0.252253 0.745563
vt 0.282238 0.745288
vt 0.437158 0.590368
vt 0.495654 0.993775
vt 0.495654 0.745563
vt 0.472474 0.745288
vt 0.472474 0.935653
vt 0.006225 0.993775
vt 0.437320 0.970807
vt 0.102651 0.970807
vt 0.006225 0.503816
vt 0.006225 0.745561
vt 0.029193 0.745288
vt 0.029193 0.562680
vt 0.227186 0.745288
vt 0.064509 0.907965
vt 0.064347 0.527526
vt 0.399015 0.527526
vt 0.221893 0.249419
vt 0.409632 0.437158
vt 0.006225 0.496184
vt 0.399015 0.472474
vt 0.064347 0.472474
vt 0.006225 0.251358
vt 0.029193 0.249420
vt 0.029193 0.102651
vt 0.495654 0.251373
vt 0.472474 0.249420
vt 0.472474 0.399016
vt 0.495654 0.006225
vt 0.102651 0.029193
vt 0.437320 0.029193
vt 0.030391 0.553582
vt 0.033903 0.545103
vt 0.039489 0.537823
vt 0.046770 0.532236
vt 0.055249 0.528724
vt 0.409700 0.528729
vt 0.417250 0.532258
vt 0.421151 0.537870
vt 0.421136 0.545184
vt 0.417207 0.553702
vt 0.409632 0.562842
vt 0.055369 0.915540
vt 0.046851 0.919469
vt 0.039537 0.919484
vt 0.033924 0.915583
vt 0.030396 0.908033
vt 0.029193 0.897349
vt 0.030396 0.091967
vt 0.033924 0.084417
vt 0.039537 0.080516
vt 0.046851 0.080531
vt 0.055369 0.084460
vt 0.064509 0.092035
vt 0.417207 0.446298
vt 0.421136 0.454816
vt 0.421151 0.462130
vt 0.417250 0.467742
vt 0.409700 0.471271
vt 0.055249 0.471276
vt 0.046770 0.467764
vt 0.039489 0.462178
vt 0.033903 0.454897
vt 0.030391 0.446418
vt 0.029193 0.437320
vt 0.091966 0.969604
vt 0.084417 0.966076
vt 0.080516 0.960463
vt 0.080531 0.953149
vt 0.084460 0.944631
vt 0.092035 0.935491
vt 0.446298 0.582793
vt 0.454816 0.578864
vt 0.462130 0.578850
vt 0.467742 0.582750
vt 0.471270 0.590300
vt 0.472474 0.600985
vt 0.471276 0.944752
vt 0.467764 0.953230
vt 0.462177 0.960511
vt 0.454897 0.966097
vt 0.446418 0.969609
vt 0.471270 0.409700
vt 0.467742 0.417250
vt 0.462130 0.421151
vt 0.454816 0.421136
vt 0.446298 0.417207
vt 0.437158 0.409632
vt 0.084460 0.055369
vt 0.080531 0.046851
vt 0.080516 0.039537
vt 0.084417 0.033925
vt 0.091966 0.030396
vt 0.446418 0.030391
vt 0.454897 0.033903
vt 0.462177 0.039490
vt 0.467764 0.046770
vt 0.471276 0.055249
vt 0.472474 0.064347
vt 1.090900 0.402606
vt 0.578075 0.402606
vt 0.578076 0.371312
vt 1.090900 0.371312
vt 1.115947 0.402606
vt 1.115947 0.371312
vt 1.140993 0.402606
vt 1.140993 0.371312
vt 1.166039 0.402606
vt 1.166039 0.371312
vt 1.191086 0.402606
vt 1.191086 0.371312
vt 1.216133 0.402606
vt 1.216133 0.371312
vt 1.241179 0.402606
vt 1.241179 0.371312
vt 2.154570 0.402607
vt 2.154570 0.371313
vt 2.183916 0.402607
vt 2.183916 0.371313
vt 2.206659 0.402607
vt 2.206659 0.371313
vt 2.225313 0.402607
vt 2.225313 0.371313
vt 2.245275 0.402607
vt 2.245276 0.371313
vt 2.270876 0.402607
vt 2.270876 0.371313
vt 2.303277 0.402607
vt 2.303277 0.371313
vt 0.028803 0.402606
vt -0.578658 0.402605
vt -0.578657 0.371311
vt 0.028803 0.371312
vt 0.061204 0.402606
vt 0.061203 0.371312
vt 0.086804 0.402606
vt 0.086803 0.371312
vt 0.106766 0.402606
vt 0.106766 0.371312
vt 0.125419 0.402606
vt 0.125419 0.371312
vt 0.493149 0.402607
vt 0.493149 0.371311
vt 0.059069 0.371311
vt 0.059069 0.402607
vt 0.506851 0.371311
vt 0.506851 0.402607
vt 1.386626 0.371311
vt 0.946463 0.371311
vt 0.946464 0.402607
vt 1.386626 0.402607
vt 2.273968 0.402607
vt 2.251223 0.402607
vt 2.251223 0.371312
vt 2.273968 0.371312
vt 2.232569 0.402607
vt 2.232569 0.371312
vt 2.212607 0.402607
vt 2.212607 0.371312
vt 2.187006 0.402607
vt 2.187006 0.371312
vt 2.154605 0.402607
vt 2.154605 0.371312
vt 1.536217 0.402606
vt 1.536216 0.371311
vt 0.822497 0.402606
vt 0.790095 0.402606
vt 0.790096 0.371311
vt 0.822497 0.371311
vt 0.764495 0.402606
vt 0.764495 0.371311
vt 0.744532 0.402606
vt 0.744532 0.371311
vt 0.725879 0.402606
vt 0.725879 0.371311
vt 0.703133 0.402606
vt 0.703133 0.371311
vt 0.673787 0.402606
vt 0.673787 0.371311
vt -0.239623 0.402606
vt -0.239623 0.371311
vt -0.264670 0.402606
vt -0.264670 0.371311
vt -0.289717 0.402606
vt -0.289717 0.371311
vt -0.314764 0.402606
vt -0.314764 0.371311
vt -0.339810 0.402606
vt -0.339811 0.371311
vt -0.364857 0.402606
vt -0.364857 0.371311
vt -0.389905 0.402606
vt -0.389905 0.371311
vt -0.895022 0.402606
vt -0.895022 0.371311
vt 2.303314 0.402607
vt 2.303314 0.371312
vt -0.115983 0.402607
vt -0.141030 0.402607
vt -0.141030 0.371311
vt -0.115983 0.371311
vt -0.166078 0.402607
vt -0.166078 0.371311
vt -0.191127 0.402607
vt -0.191127 0.371311
vt -0.216174 0.402607
vt -0.216174 0.371311
vt -0.241223 0.402607
vt -0.241223 0.371311
vt -1.154665 0.402607
vt -1.154665 0.371311
vt -1.184013 0.402607
vt -1.184013 0.371311
vt -1.206758 0.402607
vt -1.206758 0.371311
vt -1.225413 0.402607
vt -1.225413 0.371311
vt -1.245376 0.402607
vt -1.245376 0.371311
vt -1.270979 0.402607
vt -1.270979 0.371311
vt -1.303381 0.402607
vt -1.303381 0.371311
vt 2.303381 0.402607
vt 1.599151 0.402607
vt 1.599150 0.371311
vt 2.303381 0.371311
vt 0.971224 0.402607
vt 0.938822 0.402607
vt 0.938822 0.371311
vt 0.971224 0.371311
vt 0.913219 0.402607
vt 0.913220 0.371311
vt 0.893256 0.402607
vt 0.893256 0.371311
vt 0.874602 0.402607
vt 0.874602 0.371311
vt 0.851857 0.402607
vt 0.851857 0.371311
vt 0.822509 0.402607
vt 0.822509 0.371311
vt 0.407474 0.402607
vt 0.407474 0.371311
vt -0.090934 0.402607
vt -0.090934 0.371311
vt 0.296859 0.402607
vt 0.274114 0.402607
vt 0.274114 0.371311
vt 0.296859 0.371311
vt 0.255460 0.402607
vt 0.255460 0.371311
vt 0.235497 0.402607
vt 0.235497 0.371311
vt 0.209895 0.402607
vt 0.209895 0.371311
vt 0.177492 0.402607
vt 0.177492 0.371311
vt -0.556681 0.402607
vt -0.556680 0.371311
vt -1.154659 0.402607
vt -1.187061 0.402607
vt -1.187061 0.371311
vt -1.154659 0.371311
vt -1.212663 0.402607
vt -1.212663 0.371311
vt -1.232626 0.402607
vt -1.232626 0.371311
vt -1.251281 0.402607
vt -1.251281 0.371311
vt -1.274027 0.402607
vt -1.274027 0.371311
vt -1.303374 0.402607
vt -1.303374 0.371311
vt 2.303374 0.402607
vt 1.909515 0.402607
vt 1.909515 0.371311
vt 2.303374 0.371311
vt 1.389935 0.402607
vt 1.364886 0.402607
vt 1.364886 0.371311
vt 1.389935 0.371311
vt 1.339839 0.402607
vt 1.339839 0.371311
vt 1.314790 0.402607
vt 1.314790 0.371311
vt 1.289743 0.402607
vt 1.289743 0.371311
vt 1.264695 0.402607
vt 1.264695 0.371311
vt 1.239647 0.402607
vt 1.239647 0.371311
vt 0.326207 0.402607
vt 0.326207 0.371311
vt 0.276945 0.249419
vt 0.250064 0.252230
vt 0.282239 0.745288
vt 0.252253 0.745563
vt 0.495654 0.745563
vt 0.029193 0.745288
vt 0.006225 0.745561
vt 0.227186 0.745288
vt 0.221893 0.249419
vt 0.029193 0.249419
vt 0.006225 0.252208
vt 0.472474 0.249419
vt 0.495654 0.252230
vt 0.578074 0.371312
vt 0.578074 0.402606
vt -0.578656 0.371311
vt -0.578657 0.402605
vt 0.059070 0.402607
vt 0.059070 0.371311
vt 0.944937 0.402607
vt 0.944937 0.371311
vt 1.536214 0.371311
vt 1.536214 0.402606
vt -0.895021 0.371311
vt -0.895021 0.402606
vt 1.599150 0.371311
vt 0.407475 0.371311
vt 0.407475 0.402607
vt -0.556681 0.371311
vt -0.556681 0.402607
vt 0.582266 0.370921
vt 0.583127 0.390267
vt 0.276946 0.249420
vt 0.249215 0.251373
vt 0.282239 0.745288
vt 0.252253 0.745563
vt 0.227186 0.745288
vt 0.221893 0.249420
vt 0.029193 0.249420
vt 0.006225 0.251358
vt 0.472474 0.249420
vt 0.578076 0.371312
vt 0.578076 0.402606
vt -0.578658 0.371311
vt -0.578659 0.402605
vt 0.059069 0.402607
vt 0.059069 0.371311
vt 0.946463 0.402607
vt 0.946463 0.371311
vt 1.536217 0.371311
vt 1.536217 0.402606
vt -0.895023 0.371311
vt -0.895023 0.402606
vt 1.599151 0.402607
vt 0.407474 0.371311
vt 0.407474 0.402607
vt -0.556680 0.371311
vt -0.556681 0.402607
vt 0.276945 0.249419
vt 0.252253 0.745563
vt 0.227186 0.745288
vt 0.221893 0.249419
vt -0.578656 0.371311
vt 1.536214 0.402606
vt 1.536213 0.371311
vt 1.599151 0.402607
vt 1.599150 0.371311
vt 0.407474 0.402607
vt -0.556680 0.402607
vt -1.303277 0.371311
vt -1.303277 0.402605
vt -1.303314 0.371311
vt -1.303314 0.402606
vt -0.386626 0.402607
vt -0.386626 0.371311
vt -0.009036 0.393435
vt 0.001342 0.373529
vt -0.498501 0.373528
vt -0.498658 0.393434
vt 0.501342 0.393434
vt 0.501185 0.373528
s 1
usemtl MI_PaddedWall
f 19/1/1 806/2/2 825/3/3 6/4/4
f 1/5/5 3/6/6 10/7/7 9/8/8
f 7/9/9 24/10/10 834/11/11 840/12/12
f 2/13/13 12/14/14 11/15/15 4/16/16
f 1/5/5 26/17/17 28/18/18 3/6/6
f 5/19/19 827/20/20 833/21/21 21/22/22
f 43/23/23 30/24/24 29/25/25 41/26/26
f 16/27/27 787/28/28 825/3/3 1/5/5
f 4/16/16 794/29/29 797/30/30 8/31/31
f 8/31/31 814/32/32 811/33/33
f 3/6/6 793/34/34 811/33/33 10/7/7
f 1/5/5 794/29/29 820/35/35 13/36/36
f 13/36/36 820/35/35 792/37/37
f 12/14/14 2/13/13 816/38/38 810/39/39
f 14/40/40 15/41/41 2/13/13 6/4/4
f 15/41/41 818/42/42 816/38/38 2/13/13
f 17/43/43 18/44/44 5/19/19 1/5/5
f 16/27/27 823/45/45 787/28/28
f 18/44/44 36/46/46 802/47/47 826/48/48
f 18/44/44 826/48/48 812/49/49 5/19/19
f 7/9/9 840/12/12 839/50/50 22/51/51
f 22/51/51 839/50/50 859/52/52
f 21/22/22 20/53/53 1/5/5 5/19/19
f 24/10/10 25/54/54 34/55/55
f 25/54/54 41/26/26 854/56/56 844/57/57
f 41/26/26 25/54/54 24/10/10 7/9/9
f 26/17/17 32/58/58 28/18/18
f 26/17/17 1/5/5 845/59/59 829/60/60
f 28/18/18 837/61/61 863/62/62 3/6/6
f 30/24/24 43/23/23 845/59/59 831/63/63
f 29/25/25 861/64/64 854/56/56 41/26/26
f 30/24/24 831/63/63 851/65/65 33/66/66
f 32/58/58 830/67/67 837/61/61 28/18/18
f 27/68/68 830/67/67 829/60/60
f 31/69/69 861/64/64 851/65/65
f 33/66/66 29/25/25 30/24/24
f 25/54/54 844/57/57 858/70/70 34/55/55
f 23/71/71 834/11/11 858/70/70
f 20/53/53 21/22/22 35/72/72
f 21/22/22 833/21/21 859/52/52 35/72/72
f 36/46/46 17/43/43 806/2/2 802/47/47
f 17/43/43 36/46/46 18/44/44
f 37/73/73 15/41/41 14/40/40
f 15/41/41 37/73/73 823/45/45 818/42/42
f 11/15/15 12/14/14 38/74/74
f 12/14/14 810/39/39 792/37/37 38/74/74
f 39/75/75 9/8/8 10/7/7
f 9/8/8 39/75/75 814/32/32 797/30/30
f 56/1/76 896/76/77 882/77/78 7/4/9
f 40/5/79 42/6/80 47/7/81 46/8/82
f 79/9/83 61/10/84 908/78/85 924/79/86
f 41/13/26 49/14/87 48/15/88 43/16/23
f 40/5/79 63/17/89 65/18/90 42/6/80
f 44/19/91 917/80/92 915/81/93 58/22/94
f 78/23/95 68/24/96 66/25/97 77/26/98
f 53/27/99 880/82/100 882/77/78 40/5/79
f 43/16/23 887/83/101 901/84/102 45/31/103
f 45/31/103 897/85/104 875/86/105
f 42/6/80 876/87/106 875/86/105 47/7/81
f 40/5/79 887/83/101 891/88/107 50/36/108
f 50/36/108 891/88/107 869/89/109
f 49/14/87 41/13/26 903/90/110 873/91/111
f 51/40/112 52/41/113 41/13/26 7/4/9
f 52/41/113 871/92/114 903/90/110 41/13/26
f 54/43/115 55/44/116 44/19/91 40/5/79
f 53/27/99 905/93/117 880/82/100
f 55/44/116 73/46/118 879/94/119 878/95/120
f 55/44/116 878/95/120 900/96/121 44/19/91
f 79/9/83 924/79/86 922/97/122 59/51/123
f 59/51/123 922/97/122 923/98/124
f 58/22/94 57/53/125 40/5/79 44/19/91
f 61/10/84 62/54/126 71/55/127
f 62/54/126 77/26/98 946/99/128 920/100/129
f 77/26/98 62/54/126 61/10/84 79/9/83
f 63/17/89 69/58/130 65/18/90
f 63/17/89 40/5/79 913/101/131 940/102/132
f 65/18/90 907/103/133 911/104/134 42/6/80
f 68/24/96 78/23/95 913/101/131 930/105/135
f 66/25/97 941/106/136 946/99/128 77/26/98
f 68/24/96 930/105/135 919/107/137 70/66/138
f 69/58/130 935/108/139 907/103/133 65/18/90
f 64/68/140 935/108/139 940/102/132
f 67/69/141 941/106/136 919/107/137
f 70/66/138 66/25/97 68/24/96
f 62/54/126 920/100/129 933/109/142 71/55/127
f 60/71/143 908/78/85 933/109/142
f 57/53/125 58/22/94 72/72/144
f 58/22/94 915/81/93 923/98/124 72/72/144
f 73/46/118 54/43/115 896/76/77 879/94/119
f 54/43/115 73/46/118 55/44/116
f 74/73/145 52/41/113 51/40/112
f 52/41/113 74/73/145 905/93/117 871/92/114
f 48/15/88 49/14/87 75/74/146
f 49/14/87 873/91/111 869/89/109 75/74/146
f 76/75/147 46/8/82 47/7/81
f 46/8/82 76/75/147 897/85/104 901/84/102
f 81/118/153 939/119/154 914/120/155 157/121/156
f 86/122/157 877/123/158 868/124/159 136/125/160
f 82/126/161 906/127/162 902/128/163 143/129/164
f 80/130/165 82/126/161 144/131/166 129/132/167
f 84/133/168 895/134/169 870/135/170 87/136/171
f 80/130/165 877/123/158 892/137/172 101/138/173
f 86/122/157 84/133/168 88/139/174 94/140/175
f 86/122/157 939/119/154 909/141/176 115/142/177
f 83/143/178 86/122/157 116/144/179 122/145/180
f 81/118/153 937/146/181 916/147/182 108/148/183
f 86/122/157 918/149/184 927/150/185 150/151/186
f 85/152/187 81/118/153 158/153/188 164/154/189
f 86/122/157 83/143/178 84/133/168
f 87/136/171 89/155/190 84/133/168
f 89/155/190 90/156/191 84/133/168
f 90/156/191 91/157/192 84/133/168
f 91/157/192 92/158/193 84/133/168
f 92/158/193 93/159/194 84/133/168
f 93/159/194 88/139/174 84/133/168
f 94/140/175 96/160/195 86/122/157
f 96/160/195 97/161/196 86/122/157
f 97/161/196 98/162/197 86/122/157
f 98/162/197 99/163/198 86/122/157
f 99/163/198 100/164/199 86/122/157
f 100/164/199 95/165/200 86/122/157
f 101/138/173 103/166/201 80/130/165
f 103/166/201 104/167/202 80/130/165
f 104/167/202 105/168/203 80/130/165
f 105/168/203 106/169/203 80/130/165
f 106/169/203 107/170/202 80/130/165
f 107/170/202 102/171/204 80/130/165
f 108/148/183 110/172/205 81/118/153
f 110/172/205 111/173/206 81/118/153
f 111/173/206 112/174/206 81/118/153
f 112/174/206 113/175/206 81/118/153
f 113/175/206 114/176/207 81/118/153
f 114/176/207 109/177/208 81/118/153
f 115/142/177 117/178/209 86/122/157
f 117/178/209 118/179/210 86/122/157
f 118/179/210 119/180/211 86/122/157
f 119/180/211 120/181/212 86/122/157
f 120/181/212 121/182/213 86/122/157
f 121/182/213 116/144/179 86/122/157
f 122/145/180 124/183/214 83/143/178
f 124/183/214 125/184/215 83/143/178
f 125/184/215 126/185/215 83/143/178
f 126/185/215 127/186/215 83/143/178
f 127/186/215 128/187/216 83/143/178
f 128/187/216 123/188/217 83/143/178
f 129/132/167 131/189/218 80/130/165
f 131/189/218 132/190/219 80/130/165
f 132/190/219 133/191/220 80/130/165
f 133/191/220 134/192/221 80/130/165
f 134/192/221 135/193/222 80/130/165
f 135/193/222 130/194/223 80/130/165
f 136/125/160 138/195/224 86/122/157
f 138/195/224 139/196/225 86/122/157
f 139/196/225 140/197/226 86/122/157
f 140/197/226 141/198/227 86/122/157
f 141/198/227 142/199/228 86/122/157
f 142/199/228 137/200/229 86/122/157
f 143/129/164 145/201/230 82/126/161
f 145/201/230 146/202/231 82/126/161
f 146/202/231 147/203/232 82/126/161
f 147/203/232 148/204/233 82/126/161
f 148/204/233 149/205/234 82/126/161
f 149/205/234 144/131/166 82/126/161
f 150/151/186 152/206/235 86/122/157
f 152/206/235 153/207/236 86/122/157
f 153/207/236 154/208/237 86/122/157
f 154/208/237 155/209/238 86/122/157
f 155/209/238 156/210/239 86/122/157
f 156/210/239 151/211/240 86/122/157
f 157/121/156 159/212/241 81/118/153
f 159/212/241 160/213/242 81/118/153
f 160/213/242 161/214/243 81/118/153
f 161/214/243 162/215/244 81/118/153
f 162/215/244 163/216/245 81/118/153
f 163/216/245 158/153/188 81/118/153
f 164/154/189 166/217/246 85/152/187
f 166/217/246 167/218/247 85/152/187
f 167/218/247 168/219/248 85/152/187
f 168/219/248 169/220/249 85/152/187
f 169/220/249 170/221/250 85/152/187
f 170/221/250 165/222/251 85/152/187
f 260/118/439 335/121/440 799/417/441 817/418/442
f 264/122/443 314/125/444 857/419/445 835/420/446
f 82/126/161 321/129/447 849/128/448 856/421/449
f 80/130/165 307/132/450 322/131/451 82/126/161
f 262/133/452 265/136/453 860/422/454 842/423/454
f 80/130/165 279/138/455 836/424/456 835/420/446
f 264/122/443 272/140/457 266/139/458 262/133/452
f 264/122/443 293/142/459 819/425/460 817/418/442
f 261/143/461 300/145/462 294/144/463 264/122/443
f 260/118/439 286/148/464 795/426/465 807/427/465
f 264/122/443 328/151/466 800/428/467 790/429/468
f 263/152/469 342/154/470 336/153/471 260/118/439
f 264/122/443 262/133/452 261/143/461
f 265/136/453 262/133/452 267/155/472
f 267/155/472 262/133/452 268/156/473
f 268/156/473 262/133/452 269/157/473
f 269/157/473 262/133/452 270/158/474
f 270/158/474 262/133/452 271/159/473
f 271/159/473 262/133/452 266/139/458
f 272/140/457 264/122/443 274/160/475
f 274/160/475 264/122/443 275/161/476
f 275/161/476 264/122/443 276/162/477
f 276/162/477 264/122/443 277/163/478
f 277/163/478 264/122/443 278/164/479
f 278/164/479 264/122/443 273/165/480
f 279/138/455 80/130/165 281/166/481
f 281/166/481 80/130/165 282/167/482
f 282/167/482 80/130/165 283/168/483
f 283/168/483 80/130/165 284/169/484
f 284/169/484 80/130/165 285/170/485
f 285/170/485 80/130/165 280/171/486
f 286/148/464 260/118/439 288/172/487
f 288/172/487 260/118/439 289/173/488
f 289/173/488 260/118/439 290/174/489
f 290/174/489 260/118/439 291/175/490
f 291/175/490 260/118/439 292/176/491
f 292/176/491 260/118/439 287/177/492
f 293/142/459 264/122/443 295/178/493
f 295/178/493 264/122/443 296/179/494
f 296/179/494 264/122/443 297/180/495
f 297/180/495 264/122/443 298/181/496
f 298/181/496 264/122/443 299/182/497
f 299/182/497 264/122/443 294/144/463
f 300/145/462 261/143/461 302/183/498
f 302/183/498 261/143/461 303/184/498
f 303/184/498 261/143/461 304/185/498
f 304/185/498 261/143/461 305/186/498
f 305/186/498 261/143/461 306/187/499
f 306/187/499 261/143/461 301/188/500
f 307/132/450 80/130/165 309/189/501
f 309/189/501 80/130/165 310/190/502
f 310/190/502 80/130/165 311/191/503
f 311/191/503 80/130/165 312/192/504
f 312/192/504 80/130/165 313/193/505
f 313/193/505 80/130/165 308/194/506
f 314/125/444 264/122/443 316/195/507
f 316/195/507 264/122/443 317/196/508
f 317/196/508 264/122/443 318/197/509
f 318/197/509 264/122/443 319/198/510
f 319/198/510 264/122/443 320/199/511
f 320/199/511 264/122/443 315/200/512
f 321/129/447 82/126/161 323/201/513
f 323/201/513 82/126/161 324/202/514
f 324/202/514 82/126/161 325/203/515
f 325/203/515 82/126/161 326/204/516
f 326/204/516 82/126/161 327/205/517
f 327/205/517 82/126/161 322/131/451
f 328/151/466 264/122/443 330/206/518
f 330/206/518 264/122/443 331/207/519
f 331/207/519 264/122/443 332/208/520
f 332/208/520 264/122/443 333/209/521
f 333/209/521 264/122/443 334/210/522
f 334/210/522 264/122/443 329/211/523
f 335/121/440 260/118/439 337/212/524
f 337/212/524 260/118/439 338/213/525
f 338/213/525 260/118/439 339/214/526
f 339/214/526 260/118/439 340/215/527
f 340/215/527 260/118/439 341/216/528
f 341/216/528 260/118/439 336/153/471
f 342/154/470 263/152/469 344/217/529
f 344/217/529 263/152/469 345/218/530
f 345/218/530 263/152/469 346/219/531
f 346/219/531 263/152/469 347/220/532
f 347/220/532 263/152/469 348/221/533
f 348/221/533 263/152/469 343/222/534
f 438/118/722 511/121/723 929/449/724 928/450/725
f 86/122/157 490/125/726 886/451/727 867/452/728
f 82/126/161 497/129/729 881/128/730 906/127/162
f 437/130/731 483/132/732 498/131/733 82/126/161
f 440/133/734 441/136/735 889/135/736 884/134/736
f 437/130/731 455/138/737 904/453/738 867/452/728
f 86/122/157 448/140/739 442/139/740 440/133/734
f 86/122/157 469/142/741 921/454/742 928/450/725
f 439/143/743 476/145/744 470/144/745 86/122/157
f 438/118/722 462/148/746 938/455/747 926/456/748
f 86/122/157 504/151/749 945/457/750 918/149/184
f 85/152/187 518/154/751 512/153/752 438/118/722
f 86/122/157 440/133/734 439/143/743
f 441/136/735 440/133/734 443/155/753
f 443/155/753 440/133/734 444/156/754
f 444/156/754 440/133/734 445/157/755
f 445/157/755 440/133/734 446/158/756
f 446/158/756 440/133/734 447/159/757
f 447/159/757 440/133/734 442/139/740
f 448/140/739 86/122/157 450/160/758
f 450/160/758 86/122/157 451/161/759
f 451/161/759 86/122/157 452/162/760
f 452/162/760 86/122/157 453/163/761
f 453/163/761 86/122/157 454/164/762
f 454/164/762 86/122/157 449/165/763
f 455/138/737 437/130/731 457/166/764
f 457/166/764 437/130/731 458/167/765
f 458/167/765 437/130/731 459/168/766
f 459/168/766 437/130/731 460/169/767
f 460/169/767 437/130/731 461/170/768
f 461/170/768 437/130/731 456/171/769
f 462/148/746 438/118/722 464/172/770
f 464/172/770 438/118/722 465/173/771
f 465/173/771 438/118/722 466/174/772
f 466/174/772 438/118/722 467/175/773
f 467/175/773 438/118/722 468/176/774
f 468/176/774 438/118/722 463/177/775
f 469/142/741 86/122/157 471/178/776
f 471/178/776 86/122/157 472/179/777
f 472/179/777 86/122/157 473/180/778
f 473/180/778 86/122/157 474/181/779
f 474/181/779 86/122/157 475/182/780
f 475/182/780 86/122/157 470/144/745
f 476/145/744 439/143/743 478/183/781
f 478/183/781 439/143/743 479/184/782
f 479/184/782 439/143/743 480/185/783
f 480/185/783 439/143/743 481/186/784
f 481/186/784 439/143/743 482/187/785
f 482/187/785 439/143/743 477/188/786
f 483/132/732 437/130/731 485/189/787
f 485/189/787 437/130/731 486/190/788
f 486/190/788 437/130/731 487/191/789
f 487/191/789 437/130/731 488/192/790
f 488/192/790 437/130/731 489/193/791
f 489/193/791 437/130/731 484/194/792
f 490/125/726 86/122/157 492/195/793
f 492/195/793 86/122/157 493/196/794
f 493/196/794 86/122/157 494/197/795
f 494/197/795 86/122/157 495/198/796
f 495/198/796 86/122/157 496/199/797
f 496/199/797 86/122/157 491/200/798
f 497/129/729 82/126/161 499/201/799
f 499/201/799 82/126/161 500/202/800
f 500/202/800 82/126/161 501/203/801
f 501/203/801 82/126/161 502/204/802
f 502/204/802 82/126/161 503/205/803
f 503/205/803 82/126/161 498/131/733
f 504/151/749 86/122/157 506/206/804
f 506/206/804 86/122/157 507/207/805
f 507/207/805 86/122/157 508/208/806
f 508/208/806 86/122/157 509/209/807
f 509/209/807 86/122/157 510/210/808
f 510/210/808 86/122/157 505/211/809
f 511/121/723 438/118/722 513/212/810
f 513/212/810 438/118/722 514/213/811
f 514/213/811 438/118/722 515/214/812
f 515/214/812 438/118/722 516/215/813
f 516/215/813 438/118/722 517/216/814
f 517/216/814 438/118/722 512/153/752
f 518/154/751 85/152/187 520/217/815
f 520/217/815 85/152/187 521/218/816
f 521/218/816 85/152/187 522/219/817
f 522/219/817 85/152/187 523/220/818
f 523/220/818 85/152/187 524/221/819
f 524/221/819 85/152/187 519/222/820
f 613/118/1009 824/418/1010 821/475/1011 686/121/1012
f 264/122/443 841/476/1013 850/419/1014 665/125/1015
f 82/126/161 856/421/449 843/128/1016 672/129/1017
f 437/130/731 82/126/161 673/131/1018 658/132/1019
f 615/133/1020 848/423/1021 852/135/1021 616/136/1022
f 437/130/731 841/476/1013 866/477/1023 630/138/1024
f 264/122/443 615/133/1020 617/139/1025 623/140/1026
f 264/122/443 824/418/1010 808/478/1027 644/142/1028
f 614/143/1029 264/122/443 645/144/1030 651/145/1031
f 613/118/1009 815/427/1032 803/426/1033 637/148/1034
f 264/122/443 790/429/468 791/428/1035 679/151/1036
f 263/152/469 613/118/1009 687/153/1037 693/154/1038
f 264/122/443 614/143/1029 615/133/1020
f 616/136/1022 618/155/1039 615/133/1020
f 618/155/1039 619/156/1040 615/133/1020
f 619/156/1040 620/157/1041 615/133/1020
f 620/157/1041 621/158/1042 615/133/1020
f 621/158/1042 622/159/1043 615/133/1020
f 622/159/1043 617/139/1025 615/133/1020
f 623/140/1026 625/160/1044 264/122/443
f 625/160/1044 626/161/1045 264/122/443
f 626/161/1045 627/162/1046 264/122/443
f 627/162/1046 628/163/1047 264/122/443
f 628/163/1047 629/164/1048 264/122/443
f 629/164/1048 624/165/1049 264/122/443
f 630/138/1024 632/166/1050 437/130/731
f 632/166/1050 633/167/1051 437/130/731
f 633/167/1051 634/168/1052 437/130/731
f 634/168/1052 635/169/1053 437/130/731
f 635/169/1053 636/170/1054 437/130/731
f 636/170/1054 631/171/1055 437/130/731
f 637/148/1034 639/172/1056 613/118/1009
f 639/172/1056 640/173/1057 613/118/1009
f 640/173/1057 641/174/1058 613/118/1009
f 641/174/1058 642/175/1059 613/118/1009
f 642/175/1059 643/176/1060 613/118/1009
f 643/176/1060 638/177/1061 613/118/1009
f 644/142/1028 646/178/1062 264/122/443
f 646/178/1062 647/179/1063 264/122/443
f 647/179/1063 648/180/1064 264/122/443
f 648/180/1064 649/181/1065 264/122/443
f 649/181/1065 650/182/1066 264/122/443
f 650/182/1066 645/144/1030 264/122/443
f 651/145/1031 653/183/1067 614/143/1029
f 653/183/1067 654/184/1068 614/143/1029
f 654/184/1068 655/185/1069 614/143/1029
f 655/185/1069 656/186/1070 614/143/1029
f 656/186/1070 657/187/1071 614/143/1029
f 657/187/1071 652/188/1072 614/143/1029
f 658/132/1019 660/189/1073 437/130/731
f 660/189/1073 661/190/1074 437/130/731
f 661/190/1074 662/191/1075 437/130/731
f 662/191/1075 663/192/1076 437/130/731
f 663/192/1076 664/193/1077 437/130/731
f 664/193/1077 659/194/1078 437/130/731
f 665/125/1015 667/195/1079 264/122/443
f 667/195/1079 668/196/1080 264/122/443
f 668/196/1080 669/197/1081 264/122/443
f 669/197/1081 670/198/1082 264/122/443
f 670/198/1082 671/199/1083 264/122/443
f 671/199/1083 666/200/1084 264/122/443
f 672/129/1017 674/201/1085 82/126/161
f 674/201/1085 675/202/1086 82/126/161
f 675/202/1086 676/203/1087 82/126/161
f 676/203/1087 677/204/1088 82/126/161
f 677/204/1088 678/205/1089 82/126/161
f 678/205/1089 673/131/1018 82/126/161
f 679/151/1036 681/206/1090 264/122/443
f 681/206/1090 682/207/1091 264/122/443
f 682/207/1091 683/208/1092 264/122/443
f 683/208/1092 684/209/1093 264/122/443
f 684/209/1093 685/210/1094 264/122/443
f 685/210/1094 680/211/1095 264/122/443
f 686/121/1012 688/212/1096 613/118/1009
f 688/212/1096 689/213/1097 613/118/1009
f 689/213/1097 690/214/1098 613/118/1009
f 690/214/1098 691/215/1099 613/118/1009
f 691/215/1099 692/216/1100 613/118/1009
f 692/216/1100 687/153/1037 613/118/1009
f 693/154/1038 695/217/1101 263/152/469
f 695/217/1101 696/218/1102 263/152/469
f 696/218/1102 697/219/1103 263/152/469
f 697/219/1103 698/220/1104 263/152/469
f 698/220/1104 699/221/1105 263/152/469
f 699/221/1105 694/222/1106 263/152/469
f 790/429/468 263/152/469 694/222/1106 791/428/1035
f 800/428/467 343/222/534 263/152/469 790/429/468
f 794/29/29 4/16/16 11/15/15 820/35/35
f 823/45/45 37/73/73 14/40/40 787/28/28
f 795/426/465 301/188/500 261/143/461 807/427/465
f 814/32/32 8/31/31 797/30/30
f 815/427/1032 614/143/1029 652/188/1072 803/426/1033
f 793/34/34 4/16/16 8/31/31 811/33/33
f 806/2/2 19/1/1 802/47/47
f 814/32/32 39/75/75 10/7/7 811/33/33
f 819/425/460 287/177/492 260/118/439 817/418/442
f 818/42/42 16/27/27 1/5/5 816/38/38
f 810/39/39 13/36/36 792/37/37
f 824/418/1010 613/118/1009 638/177/1061 808/478/1027
f 799/417/441 329/211/523 264/122/443 817/418/442
f 794/29/29 1/5/5 9/8/8 797/30/30
f 824/418/1010 264/122/443 680/211/1095 821/475/1011
f 787/28/28 14/40/40 6/4/4 825/3/3
f 816/38/38 1/5/5 13/36/36 810/39/39
f 826/48/48 19/1/1 6/4/4 812/49/49
f 823/45/45 16/27/27 818/42/42
f 806/2/2 17/43/43 1/5/5 825/3/3
f 820/35/35 11/15/15 38/74/74 792/37/37
f 802/47/47 19/1/1 826/48/48
f 861/64/64 31/69/69 1/5/5 854/56/56
f 844/57/57 23/71/71 858/70/70
f 854/56/56 1/5/5 23/71/71 844/57/57
f 848/423/1021 437/130/731 631/171/1055 852/135/1021
f 827/20/20 7/9/9 22/51/51 833/21/21
f 845/59/59 1/5/5 31/69/69 831/63/63
f 849/128/448 315/200/512 264/122/443 856/421/449
f 837/61/61 27/68/68 43/23/23 863/62/62
f 861/64/64 29/25/25 33/66/66 851/65/65
f 856/421/449 264/122/443 666/200/1084 843/128/1016
f 857/419/445 308/194/506 80/130/165 835/420/446
f 845/59/59 43/23/23 27/68/68 829/60/60
f 830/67/67 32/58/58 26/17/17 829/60/60
f 833/21/21 22/51/51 859/52/52
f 841/476/1013 437/130/731 659/194/1078 850/419/1014
f 834/11/11 23/71/71 1/5/5 840/12/12
f 839/50/50 20/53/53 35/72/72 859/52/52
f 840/12/12 1/5/5 20/53/53 839/50/50
f 830/67/67 27/68/68 837/61/61
f 836/424/456 273/165/480 264/122/443 835/420/446
f 834/11/11 24/10/10 34/55/55 858/70/70
f 831/63/63 31/69/69 851/65/65
f 841/476/1013 264/122/443 624/165/1049 866/477/1023
f 860/422/454 280/171/486 80/130/165 842/423/454
f 880/82/100 51/40/112 7/4/9 882/77/78
f 903/90/110 40/5/79 50/36/108 873/91/111
f 878/95/120 56/1/76 7/4/9 900/96/121
f 905/93/117 53/27/99 871/92/114
f 877/123/158 86/122/157 95/165/200 892/137/172
f 896/76/77 54/43/115 40/5/79 882/77/78
f 891/88/107 48/15/88 75/74/146 869/89/109
f 879/94/119 56/1/76 878/95/120
f 895/134/169 80/130/165 102/171/204 870/135/170
f 904/453/738 449/165/763 86/122/157 867/452/728
f 887/83/101 43/16/23 48/15/88 891/88/107
f 905/93/117 74/73/145 51/40/112 880/82/100
f 897/85/104 45/31/103 901/84/102
f 889/135/736 456/171/769 437/130/731 884/134/736
f 876/87/106 43/16/23 45/31/103 875/86/105
f 896/76/77 56/1/76 879/94/119
f 906/127/162 86/122/157 137/200/229 902/128/163
f 897/85/104 76/75/147 47/7/81 875/86/105
f 871/92/114 53/27/99 40/5/79 903/90/110
f 873/91/111 50/36/108 869/89/109
f 877/123/158 80/130/165 130/194/223 868/124/159
f 881/128/730 491/200/798 86/122/157 906/127/162
f 887/83/101 40/5/79 46/8/82 901/84/102
f 886/451/727 484/194/792 437/130/731 867/452/728
f 921/454/742 463/177/775 438/118/722 928/450/725
f 930/105/135 67/69/141 919/107/137
f 908/78/85 61/10/84 71/55/127 933/109/142
f 929/449/724 505/211/809 86/122/157 928/450/725
f 946/99/128 40/5/79 60/71/143 920/100/129
f 941/106/136 67/69/141 40/5/79 946/99/128
f 920/100/129 60/71/143 933/109/142
f 918/149/184 85/152/187 165/222/251 927/150/185
f 917/80/92 79/9/83 59/51/123 915/81/93
f 913/101/131 40/5/79 67/69/141 930/105/135
f 937/146/181 83/143/178 123/188/217 916/147/182
f 945/457/750 519/222/820 85/152/187 918/149/184
f 907/103/133 64/68/140 78/23/95 911/104/134
f 941/106/136 66/25/97 70/66/138 919/107/137
f 938/455/747 477/188/786 439/143/743 926/456/748
f 922/97/122 57/53/125 72/72/144 923/98/124
f 913/101/131 78/23/95 64/68/140 940/102/132
f 935/108/139 69/58/130 63/17/89 940/102/132
f 915/81/93 59/51/123 923/98/124
f 939/119/154 81/118/153 109/177/208 909/141/176
f 908/78/85 60/71/143 40/5/79 924/79/86
f 924/79/86 40/5/79 57/53/125 922/97/122
f 935/108/139 64/68/140 907/103/133
f 939/119/154 86/122/157 151/211/240 914/120/155
f 964/1/1289 1365/76/1290 1351/77/1291 947/4/1292
f 948/5/1293 950/6/1294 955/7/1295 954/8/1296
f 6/9/4 969/10/1297 1377/78/1298 1393/79/1299
f 949/13/1300 957/14/1301 956/15/1302 951/16/1303
f 948/5/1293 971/17/1304 973/18/1305 950/6/1294
f 952/19/1306 1386/80/1307 1384/81/1308 966/22/1309
f 4/23/16 976/24/1310 974/25/1311 2/26/13
f 961/27/1312 1349/82/1313 1351/77/1291 948/5/1293
f 951/16/1303 1356/83/1314 1370/84/1315 953/31/1316
f 953/31/1316 1366/85/1317 1344/86/1318
f 950/6/1294 1345/87/1319 1344/86/1318 955/7/1295
f 948/5/1293 1356/83/1314 1360/88/1320 958/36/1321
f 958/36/1321 1360/88/1320 1338/89/1322
f 957/14/1301 949/13/1300 1372/90/1323 1342/91/1324
f 959/40/1325 960/41/1326 949/13/1300 947/4/1292
f 960/41/1326 1340/92/1327 1372/90/1323 949/13/1300
f 962/43/1328 963/44/1329 952/19/1306 948/5/1293
f 961/27/1312 1374/93/1330 1349/82/1313
f 963/44/1329 981/46/1331 1348/94/1332 1347/95/1333
f 963/44/1329 1347/95/1333 1369/96/1334 952/19/1306
f 6/9/4 1393/79/1299 1391/97/1335 967/51/1336
f 967/51/1336 1391/97/1335 1392/98/1337
f 966/22/1309 965/53/1338 948/5/1293 952/19/1306
f 969/10/1297 970/54/1339 979/55/1340
f 970/54/1339 2/26/13 1415/99/1341 1389/100/1342
f 2/26/13 970/54/1339 969/10/1297 6/9/4
f 971/17/1304 977/58/1343 973/18/1305
f 971/17/1304 948/5/1293 1382/101/1344 1409/102/1345
f 973/18/1305 1376/103/1346 1380/104/1347 950/6/1294
f 976/24/1310 4/23/16 1382/101/1344 1399/105/1348
f 974/25/1311 1410/106/1349 1415/99/1341 2/26/13
f 976/24/1310 1399/105/1348 1388/107/1350 978/66/1351
f 977/58/1343 1404/108/1352 1376/103/1346 973/18/1305
f 972/68/1353 1404/108/1352 1409/102/1345
f 975/69/1354 1410/106/1349 1388/107/1350
f 978/66/1351 974/25/1311 976/24/1310
f 970/54/1339 1389/100/1342 1402/109/1355 979/55/1340
f 968/71/1356 1377/78/1298 1402/109/1355
f 965/53/1338 966/22/1309 980/72/1357
f 966/22/1309 1384/81/1308 1392/98/1337 980/72/1357
f 981/46/1331 962/43/1328 1365/76/1290 1348/94/1332
f 962/43/1328 981/46/1331 963/44/1329
f 982/73/1358 960/41/1326 959/40/1325
f 960/41/1326 982/73/1358 1374/93/1330 1340/92/1327
f 956/15/1302 957/14/1301 983/74/1359
f 957/14/1301 1342/91/1324 1338/89/1322 983/74/1359
f 984/75/1360 954/8/1296 955/7/1295
f 954/8/1296 984/75/1360 1366/85/1317 1370/84/1315
f 260/118/1365 1408/119/1366 1383/120/1367 1060/121/1368
f 989/122/1369 1346/123/1370 1337/124/1371 1039/125/1372
f 986/126/1373 1375/127/1374 1371/128/1375 1046/129/1376
f 985/130/1377 986/126/1373 1047/131/1378 1032/132/1379
f 988/133/1380 1364/134/1381 1339/135/1382 990/136/1383
f 985/130/1377 1346/123/1370 1361/137/1384 1004/138/1385
f 989/122/1369 988/133/1380 991/139/1386 997/140/1387
f 989/122/1369 1408/119/1366 1378/141/1388 1018/142/1389
f 987/143/1390 989/122/1369 1019/144/1391 1025/145/1392
f 260/118/1365 1406/146/1393 1385/147/1393 1011/148/1394
f 989/122/1369 1387/149/1395 1396/150/1396 1053/151/1397
f 263/152/1398 260/118/1365 1061/153/1399 1067/154/1400
f 989/122/1369 987/143/1390 988/133/1380
f 990/136/1383 992/155/1401 988/133/1380
f 992/155/1401 993/156/1401 988/133/1380
f 993/156/1401 994/157/1402 988/133/1380
f 994/157/1402 995/158/1403 988/133/1380
f 995/158/1403 996/159/1403 988/133/1380
f 996/159/1403 991/139/1386 988/133/1380
f 997/140/1387 999/160/1404 989/122/1369
f 999/160/1404 1000/161/1405 989/122/1369
f 1000/161/1405 1001/162/1406 989/122/1369
f 1001/162/1406 1002/163/1407 989/122/1369
f 1002/163/1407 1003/164/1408 989/122/1369
f 1003/164/1408 998/165/1409 989/122/1369
f 1004/138/1385 1006/166/1410 985/130/1377
f 1006/166/1410 1007/167/1411 985/130/1377
f 1007/167/1411 1008/168/1412 985/130/1377
f 1008/168/1412 1009/169/1412 985/130/1377
f 1009/169/1412 1010/170/1412 985/130/1377
f 1010/170/1412 1005/171/1413 985/130/1377
f 1011/148/1394 1013/172/1414 260/118/1365
f 1013/172/1414 1014/173/1414 260/118/1365
f 1014/173/1414 1015/174/1414 260/118/1365
f 1015/174/1414 1016/175/1414 260/118/1365
f 1016/175/1414 1017/176/1415 260/118/1365
f 1017/176/1415 1012/177/1416 260/118/1365
f 1018/142/1389 1020/178/1417 989/122/1369
f 1020/178/1417 1021/179/1418 989/122/1369
f 1021/179/1418 1022/180/1419 989/122/1369
f 1022/180/1419 1023/181/1420 989/122/1369
f 1023/181/1420 1024/182/1421 989/122/1369
f 1024/182/1421 1019/144/1391 989/122/1369
f 1025/145/1392 1027/183/1422 987/143/1390
f 1027/183/1422 1028/184/1423 987/143/1390
f 1028/184/1423 1029/185/1424 987/143/1390
f 1029/185/1424 1030/186/1425 987/143/1390
f 1030/186/1425 1031/187/1426 987/143/1390
f 1031/187/1426 1026/188/1427 987/143/1390
f 1032/132/1379 1034/189/1428 985/130/1377
f 1034/189/1428 1035/190/1429 985/130/1377
f 1035/190/1429 1036/191/1430 985/130/1377
f 1036/191/1430 1037/192/1431 985/130/1377
f 1037/192/1431 1038/193/1432 985/130/1377
f 1038/193/1432 1033/194/1433 985/130/1377
f 1039/125/1372 1041/195/1434 989/122/1369
f 1041/195/1434 1042/196/1435 989/122/1369
f 1042/196/1435 1043/197/1436 989/122/1369
f 1043/197/1436 1044/198/1437 989/122/1369
f 1044/198/1437 1045/199/1438 989/122/1369
f 1045/199/1438 1040/200/1439 989/122/1369
f 1046/129/1376 1048/201/1440 986/126/1373
f 1048/201/1440 1049/202/1441 986/126/1373
f 1049/202/1441 1050/203/1442 986/126/1373
f 1050/203/1442 1051/204/1443 986/126/1373
f 1051/204/1443 1052/205/1444 986/126/1373
f 1052/205/1444 1047/131/1378 986/126/1373
f 1053/151/1397 1055/206/1445 989/122/1369
f 1055/206/1445 1056/207/1446 989/122/1369
f 1056/207/1446 1057/208/1447 989/122/1369
f 1057/208/1447 1058/209/1448 989/122/1369
f 1058/209/1448 1059/210/1449 989/122/1369
f 1059/210/1449 1054/211/1450 989/122/1369
f 1060/121/1368 1062/212/1451 260/118/1365
f 1062/212/1451 1063/213/1452 260/118/1365
f 1063/213/1452 1064/214/1453 260/118/1365
f 1064/214/1453 1065/215/1454 260/118/1365
f 1065/215/1454 1066/216/1455 260/118/1365
f 1066/216/1455 1061/153/1399 260/118/1365
f 1067/154/1400 1069/217/1456 263/152/1398
f 1069/217/1456 1070/218/1457 263/152/1398
f 1070/218/1457 1071/219/1458 263/152/1398
f 1071/219/1458 1072/220/1459 263/152/1398
f 1072/220/1459 1073/221/1460 263/152/1398
f 1073/221/1460 1068/222/1461 263/152/1398
f 613/118/1649 1234/121/1650 1398/449/1651 1397/450/1652
f 989/122/1369 1213/125/1653 1355/451/1654 1336/452/1655
f 986/126/1373 1220/129/1656 1350/128/1657 1375/127/1374
f 1161/130/1658 1206/132/1659 1221/131/1660 986/126/1373
f 1163/133/1661 1164/136/1662 1358/135/1663 1353/134/1664
f 1161/130/1658 1178/138/1665 1373/453/1666 1336/452/1655
f 989/122/1369 1171/140/1667 1165/139/1668 1163/133/1661
f 989/122/1369 1192/142/1669 1390/454/1670 1397/450/1652
f 1162/143/1671 1199/145/1672 1193/144/1673 989/122/1369
f 613/118/1649 1185/148/1674 1407/455/1675 1395/456/1675
f 989/122/1369 1227/151/1676 1414/457/1677 1387/149/1395
f 263/152/1398 1241/154/1678 1235/153/1679 613/118/1649
f 989/122/1369 1163/133/1661 1162/143/1671
f 1164/136/1662 1163/133/1661 1166/155/1680
f 1166/155/1680 1163/133/1661 1167/156/1681
f 1167/156/1681 1163/133/1661 1168/157/1682
f 1168/157/1682 1163/133/1661 1169/158/1683
f 1169/158/1683 1163/133/1661 1170/159/1684
f 1170/159/1684 1163/133/1661 1165/139/1668
f 1171/140/1667 989/122/1369 1173/160/1685
f 1173/160/1685 989/122/1369 1174/161/1686
f 1174/161/1686 989/122/1369 1175/162/1687
f 1175/162/1687 989/122/1369 1176/163/1688
f 1176/163/1688 989/122/1369 1177/164/1689
f 1177/164/1689 989/122/1369 1172/165/1690
f 1178/138/1665 1161/130/1658 1180/166/1691
f 1180/166/1691 1161/130/1658 1181/167/1692
f 1181/167/1692 1161/130/1658 1182/168/1693
f 1182/168/1693 1161/130/1658 1183/169/1694
f 1183/169/1694 1161/130/1658 1184/170/1695
f 1184/170/1695 1161/130/1658 1179/171/1696
f 1185/148/1674 613/118/1649 1187/172/1697
f 1187/172/1697 613/118/1649 1188/173/1698
f 1188/173/1698 613/118/1649 1189/174/1699
f 1189/174/1699 613/118/1649 1190/175/1700
f 1190/175/1700 613/118/1649 1191/176/1701
f 1191/176/1701 613/118/1649 1186/177/1702
f 1192/142/1669 989/122/1369 1194/178/1703
f 1194/178/1703 989/122/1369 1195/179/1704
f 1195/179/1704 989/122/1369 1196/180/1705
f 1196/180/1705 989/122/1369 1197/181/1706
f 1197/181/1706 989/122/1369 1198/182/1707
f 1198/182/1707 989/122/1369 1193/144/1673
f 1199/145/1672 1162/143/1671 1201/183/1708
f 1201/183/1708 1162/143/1671 1202/184/1709
f 1202/184/1709 1162/143/1671 1203/185/1710
f 1203/185/1710 1162/143/1671 1204/186/1711
f 1204/186/1711 1162/143/1671 1205/187/1712
f 1205/187/1712 1162/143/1671 1200/188/1713
f 1206/132/1659 1161/130/1658 1208/189/1714
f 1208/189/1714 1161/130/1658 1209/190/1715
f 1209/190/1715 1161/130/1658 1210/191/1716
f 1210/191/1716 1161/130/1658 1211/192/1717
f 1211/192/1717 1161/130/1658 1212/193/1718
f 1212/193/1718 1161/130/1658 1207/194/1719
f 1213/125/1653 989/122/1369 1215/195/1720
f 1215/195/1720 989/122/1369 1216/196/1721
f 1216/196/1721 989/122/1369 1217/197/1722
f 1217/197/1722 989/122/1369 1218/198/1723
f 1218/198/1723 989/122/1369 1219/199/1724
f 1219/199/1724 989/122/1369 1214/200/1725
f 1220/129/1656 986/126/1373 1222/201/1726
f 1222/201/1726 986/126/1373 1223/202/1727
f 1223/202/1727 986/126/1373 1224/203/1728
f 1224/203/1728 986/126/1373 1225/204/1729
f 1225/204/1729 986/126/1373 1226/205/1730
f 1226/205/1730 986/126/1373 1221/131/1660
f 1227/151/1676 989/122/1369 1229/206/1731
f 1229/206/1731 989/122/1369 1230/207/1732
f 1230/207/1732 989/122/1369 1231/208/1733
f 1231/208/1733 989/122/1369 1232/209/1734
f 1232/209/1734 989/122/1369 1233/210/1735
f 1233/210/1735 989/122/1369 1228/211/1736
f 1234/121/1650 613/118/1649 1236/212/1737
f 1236/212/1737 613/118/1649 1237/213/1738
f 1237/213/1738 613/118/1649 1238/214/1739
f 1238/214/1739 613/118/1649 1239/215/1740
f 1239/215/1740 613/118/1649 1240/216/1741
f 1240/216/1741 613/118/1649 1235/153/1679
f 1241/154/1678 263/152/1398 1243/217/1742
f 1243/217/1742 263/152/1398 1244/218/1743
f 1244/218/1743 263/152/1398 1245/219/1744
f 1245/219/1744 263/152/1398 1246/220/1745
f 1246/220/1745 263/152/1398 1247/221/1746
f 1247/221/1746 263/152/1398 1242/222/1747
f 1349/82/1313 959/40/1325 947/4/1292 1351/77/1291
f 1372/90/1323 948/5/1293 958/36/1321 1342/91/1324
f 1347/95/1333 964/1/1289 947/4/1292 1369/96/1334
f 1374/93/1330 961/27/1312 1340/92/1327
f 1346/123/1370 989/122/1369 998/165/1409 1361/137/1384
f 1365/76/1290 962/43/1328 948/5/1293 1351/77/1291
f 1360/88/1320 956/15/1302 983/74/1359 1338/89/1322
f 1348/94/1332 964/1/1289 1347/95/1333
f 1364/134/1381 985/130/1377 1005/171/1413 1339/135/1382
f 1373/453/1666 1172/165/1690 989/122/1369 1336/452/1655
f 1356/83/1314 951/16/1303 956/15/1302 1360/88/1320
f 1374/93/1330 982/73/1358 959/40/1325 1349/82/1313
f 1366/85/1317 953/31/1316 1370/84/1315
f 1358/135/1663 1179/171/1696 1161/130/1658 1353/134/1664
f 1345/87/1319 951/16/1303 953/31/1316 1344/86/1318
f 1365/76/1290 964/1/1289 1348/94/1332
f 1375/127/1374 989/122/1369 1040/200/1439 1371/128/1375
f 1366/85/1317 984/75/1360 955/7/1295 1344/86/1318
f 1340/92/1327 961/27/1312 948/5/1293 1372/90/1323
f 1342/91/1324 958/36/1321 1338/89/1322
f 1346/123/1370 985/130/1377 1033/194/1433 1337/124/1371
f 1350/128/1657 1214/200/1725 989/122/1369 1375/127/1374
f 1356/83/1314 948/5/1293 954/8/1296 1370/84/1315
f 1355/451/1654 1207/194/1719 1161/130/1658 1336/452/1655
f 1390/454/1670 1186/177/1702 613/118/1649 1397/450/1652
f 1399/105/1348 975/69/1354 1388/107/1350
f 1377/78/1298 969/10/1297 979/55/1340 1402/109/1355
f 1398/449/1651 1228/211/1736 989/122/1369 1397/450/1652
f 1415/99/1341 948/5/1293 968/71/1356 1389/100/1342
f 1410/106/1349 975/69/1354 948/5/1293 1415/99/1341
f 1389/100/1342 968/71/1356 1402/109/1355
f 1387/149/1395 263/152/1398 1068/222/1461 1396/150/1396
f 1386/80/1307 6/9/4 967/51/1336 1384/81/1308
f 1382/101/1344 948/5/1293 975/69/1354 1399/105/1348
f 1406/146/1393 987/143/1390 1026/188/1427 1385/147/1393
f 1414/457/1677 1242/222/1747 263/152/1398 1387/149/1395
f 1376/103/1346 972/68/1353 4/23/16 1380/104/1347
f 1410/106/1349 974/25/1311 978/66/1351 1388/107/1350
f 1407/455/1675 1200/188/1713 1162/143/1671 1395/456/1675
f 1391/97/1335 965/53/1338 980/72/1357 1392/98/1337
f 1382/101/1344 4/23/16 972/68/1353 1409/102/1345
f 1404/108/1352 977/58/1343 971/17/1304 1409/102/1345
f 1384/81/1308 967/51/1336 1392/98/1337
f 1408/119/1366 260/118/1365 1012/177/1416 1378/141/1388
f 1377/78/1298 968/71/1356 948/5/1293 1393/79/1299
f 1393/79/1299 948/5/1293 965/53/1338 1391/97/1335
f 1404/108/1352 972/68/1353 1376/103/1346
f 1408/119/1366 989/122/1369 1054/211/1450 1383/120/1367
usemtl MI_Trim_02
f 81/110/148 85/111/148 174/112/148 171/113/148
f 197/114/149 199/115/150 110/116/151 108/117/152
f 212/223/252 936/224/253 916/225/253 123/226/254
f 217/227/255 212/223/252 123/226/254 128/228/256
f 216/229/257 217/227/255 128/228/256 127/230/258
f 215/231/259 216/229/257 127/230/258 126/232/260
f 214/233/261 215/231/259 126/232/260 125/234/262
f 213/235/263 214/233/261 125/234/262 124/236/264
f 211/237/265 213/235/263 124/236/264 122/238/266
f 205/239/267 211/237/265 122/238/266 116/240/268
f 210/241/269 205/239/267 116/240/268 121/242/270
f 209/243/271 210/241/269 121/242/270 120/244/272
f 208/245/273 209/243/271 120/244/272 119/246/274
f 207/247/275 208/245/273 119/246/274 118/248/276
f 206/249/277 207/247/275 118/248/276 117/250/278
f 204/251/279 206/249/277 117/250/278 115/252/280
f 198/253/281 925/254/282 909/255/283 109/256/284
f 203/257/285 198/253/281 109/256/284 114/258/286
f 202/259/287 203/257/285 114/258/286 113/260/288
f 201/261/289 202/259/287 113/260/288 112/262/290
f 200/263/291 201/261/289 112/262/290 111/264/292
f 199/115/150 200/263/291 111/264/292 110/116/151
f 84/265/293 173/266/294 888/267/295 895/268/296
f 172/269/297 173/266/294 84/265/293 83/270/298
f 171/271/299 934/272/300 937/273/301 81/274/299
f 241/275/302 242/276/303 153/277/304 152/278/305
f 242/276/303 243/279/306 154/280/307 153/277/304
f 243/279/306 244/281/308 155/282/309 154/280/307
f 244/281/308 245/283/310 156/284/311 155/282/309
f 245/283/310 240/285/312 151/286/313 156/284/311
f 240/285/312 931/287/314 914/288/315 151/286/313
f 246/289/316 248/290/317 159/291/318 157/292/319
f 248/290/317 249/293/320 160/294/321 159/291/318
f 249/293/320 250/295/322 161/296/323 160/294/321
f 250/295/322 251/297/324 162/298/325 161/296/323
f 251/297/324 252/299/326 163/300/327 162/298/325
f 252/299/326 247/301/328 158/302/329 163/300/327
f 247/301/328 253/303/330 164/304/331 158/302/329
f 253/303/330 255/305/332 166/306/333 164/304/331
f 255/305/332 256/307/334 167/308/335 166/306/333
f 256/307/334 257/309/336 168/310/337 167/308/335
f 257/309/336 258/311/338 169/312/339 168/310/337
f 258/311/338 259/313/340 170/314/341 169/312/339
f 259/313/340 254/315/342 165/316/343 170/314/341
f 254/315/342 943/317/344 927/318/344 165/316/343
f 239/319/345 241/275/302 152/278/305 150/320/346
f 178/321/347 179/322/348 90/323/349 89/324/350
f 179/322/348 180/325/351 91/326/352 90/323/349
f 180/325/351 181/327/353 92/328/354 91/326/352
f 181/327/353 182/329/355 93/330/356 92/328/354
f 182/329/355 177/331/357 88/332/357 93/330/356
f 177/331/357 183/333/358 94/334/358 88/332/357
f 183/333/358 185/335/359 96/336/360 94/334/358
f 185/335/359 186/337/361 97/338/362 96/336/360
f 186/337/361 187/339/363 98/340/364 97/338/362
f 187/339/363 188/341/365 99/342/366 98/340/364
f 188/341/365 189/343/367 100/344/368 99/342/366
f 189/343/367 184/345/369 95/346/370 100/344/368
f 184/347/369 883/348/371 892/349/371 95/350/370
f 190/351/372 192/352/373 103/353/374 101/354/375
f 192/352/373 193/355/376 104/356/377 103/353/374
f 193/355/376 194/357/378 105/358/379 104/356/377
f 194/357/378 195/359/380 106/360/381 105/358/379
f 195/359/380 196/361/382 107/362/383 106/360/381
f 196/361/382 191/363/384 102/364/385 107/362/383
f 191/363/384 874/365/386 870/366/386 102/364/385
f 176/367/387 178/321/347 89/324/350 87/368/388
f 220/369/389 221/370/390 132/371/391 131/372/392
f 221/370/390 222/373/393 133/374/394 132/371/391
f 222/373/393 223/375/395 134/376/396 133/374/394
f 223/375/395 224/377/397 135/378/398 134/376/396
f 224/377/397 219/379/399 130/380/400 135/378/398
f 219/379/399 872/381/401 868/382/402 130/380/400
f 225/383/403 227/384/404 138/385/405 136/386/406
f 227/384/404 228/387/407 139/388/408 138/385/405
f 228/387/407 229/389/409 140/390/410 139/388/408
f 229/389/409 230/391/411 141/392/412 140/390/410
f 230/391/411 231/393/413 142/394/414 141/392/412
f 231/393/413 226/395/415 137/396/416 142/394/414
f 226/397/415 894/398/417 902/399/418 137/400/416
f 232/401/419 234/402/420 145/403/421 143/404/422
f 234/402/420 235/405/423 146/406/424 145/403/421
f 235/405/423 236/407/425 147/408/426 146/406/424
f 236/407/425 237/409/427 148/410/428 147/408/426
f 237/409/427 238/411/429 149/412/430 148/410/428
f 238/411/429 233/413/431 144/414/432 149/412/430
f 233/413/431 218/415/433 129/416/434 144/414/432
f 218/415/433 220/369/389 131/372/392 129/416/434
f 374/114/435 286/117/436 288/116/437 376/115/438
f 389/223/535 301/226/536 795/430/537 804/431/538
f 394/227/539 306/228/540 301/226/536 389/223/535
f 393/229/541 305/230/542 306/228/540 394/227/539
f 392/231/543 304/232/544 305/230/542 393/229/541
f 391/233/545 303/234/546 304/232/544 392/231/543
f 390/235/547 302/236/548 303/234/546 391/233/545
f 388/237/549 300/238/550 302/236/548 390/235/547
f 382/239/551 294/240/552 300/238/550 388/237/549
f 387/241/553 299/242/554 294/240/552 382/239/551
f 386/243/555 298/244/556 299/242/554 387/241/553
f 385/245/557 297/246/558 298/244/556 386/243/555
f 384/247/559 296/248/560 297/246/558 385/245/557
f 383/249/561 295/250/562 296/248/560 384/247/559
f 381/251/563 293/252/564 295/250/562 383/249/561
f 375/253/565 287/256/566 819/432/567 801/433/568
f 380/257/569 292/258/570 287/256/566 375/253/565
f 379/259/571 291/260/572 292/258/570 380/257/569
f 378/261/573 290/262/574 291/260/572 379/259/571
f 377/263/575 289/264/576 290/262/574 378/261/573
f 376/115/438 288/116/437 289/264/576 377/263/575
f 262/265/577 842/434/578 828/435/578 351/266/579
f 350/269/580 261/270/581 262/265/577 351/266/579
f 349/271/582 260/274/582 807/436/583 805/437/584
f 352/270/585 263/269/585 260/271/585 349/274/585
f 418/275/586 330/278/587 331/277/588 419/276/589
f 419/276/589 331/277/588 332/280/590 420/279/591
f 420/279/591 332/280/590 333/282/592 421/281/593
f 421/281/593 333/282/592 334/284/594 422/283/595
f 422/283/595 334/284/594 329/286/596 417/285/597
f 417/285/597 329/286/596 799/438/598 809/439/598
f 423/289/599 335/292/600 337/291/601 425/290/602
f 425/290/602 337/291/601 338/294/603 426/293/604
f 426/293/604 338/294/603 339/296/605 427/295/606
f 427/295/606 339/296/605 340/298/607 428/297/608
f 428/297/608 340/298/607 341/300/609 429/299/610
f 429/299/610 341/300/609 336/302/611 424/301/611
f 424/301/611 336/302/611 342/304/612 430/303/613
f 430/303/613 342/304/612 344/306/614 432/305/615
f 432/305/615 344/306/614 345/308/616 433/307/617
f 433/307/617 345/308/616 346/310/618 434/309/619
f 434/309/619 346/310/618 347/312/620 435/311/621
f 435/311/621 347/312/620 348/314/622 436/313/623
f 436/313/623 348/314/622 343/316/624 431/315/625
f 431/315/625 343/316/624 800/440/626 813/441/626
f 416/319/627 328/320/628 330/278/587 418/275/586
f 355/321/629 267/324/630 268/323/631 356/322/632
f 356/322/632 268/323/631 269/326/633 357/325/634
f 357/325/634 269/326/633 270/328/635 358/327/636
f 358/327/636 270/328/635 271/330/637 359/329/638
f 359/329/638 271/330/637 266/332/639 354/331/640
f 354/331/640 266/332/639 272/334/641 360/333/642
f 360/333/642 272/334/641 274/336/643 362/335/644
f 362/335/644 274/336/643 275/338/645 363/337/646
f 363/337/646 275/338/645 276/340/647 364/339/648
f 364/339/648 276/340/647 277/342/649 365/341/650
f 365/341/650 277/342/649 278/344/651 366/343/652
f 366/343/652 278/344/651 273/346/653 361/345/654
f 361/347/654 273/350/653 836/442/655 832/348/656
f 367/351/657 279/354/658 281/353/659 369/352/660
f 369/352/660 281/353/659 282/356/661 370/355/662
f 370/355/662 282/356/661 283/358/663 371/357/664
f 371/357/664 283/358/663 284/360/665 372/359/666
f 372/359/666 284/360/665 285/362/667 373/361/668
f 373/361/668 285/362/667 280/364/669 368/363/670
f 368/363/670 280/364/669 860/443/671 864/444/671
f 353/367/672 265/368/673 267/324/630 355/321/629
f 397/369/674 309/372/675 310/371/676 398/370/677
f 398/370/677 310/371/676 311/374/678 399/373/679
f 399/373/679 311/374/678 312/376/680 400/375/681
f 400/375/681 312/376/680 313/378/682 401/377/683
f 401/377/683 313/378/682 308/380/684 396/379/685
f 396/379/685 308/380/684 857/445/686 865/446/686
f 402/383/687 314/386/688 316/385/689 404/384/690
f 404/384/690 316/385/689 317/388/691 405/387/692
f 405/387/692 317/388/691 318/390/693 406/389/694
f 406/389/694 318/390/693 319/392/695 407/391/696
f 407/391/696 319/392/695 320/394/697 408/393/698
f 408/393/698 320/394/697 315/396/699 403/395/700
f 403/397/700 315/400/699 849/399/701 838/398/701
f 409/401/702 321/404/703 323/403/704 411/402/705
f 411/402/705 323/403/704 324/406/706 412/405/707
f 412/405/707 324/406/706 325/408/708 413/407/709
f 413/407/709 325/408/708 326/410/710 414/409/711
f 414/409/711 326/410/710 327/412/712 415/411/713
f 415/411/713 327/412/712 322/414/714 410/413/715
f 410/413/715 322/414/714 307/416/716 395/415/717
f 395/415/717 307/416/716 309/372/675 397/369/674
f 438/447/148 525/448/148 174/112/148 85/111/148
f 550/114/718 462/117/719 464/116/720 552/115/721
f 565/223/821 477/226/822 938/458/823 944/459/824
f 570/227/825 482/228/826 477/226/822 565/223/821
f 569/229/827 481/230/828 482/228/826 570/227/825
f 568/231/829 480/232/830 481/230/828 569/229/827
f 567/233/831 479/234/832 480/232/830 568/231/829
f 566/235/833 478/236/834 479/234/832 567/233/831
f 564/237/835 476/238/836 478/236/834 566/235/833
f 558/239/837 470/240/837 476/238/836 564/237/835
f 563/241/838 475/242/839 470/240/837 558/239/837
f 562/243/840 474/244/841 475/242/839 563/241/838
f 561/245/842 473/246/843 474/244/841 562/243/840
f 560/247/844 472/248/845 473/246/843 561/245/842
f 559/249/846 471/250/847 472/248/845 560/247/844
f 557/251/848 469/252/849 471/250/847 559/249/846
f 551/253/850 463/256/851 921/460/852 932/461/853
f 556/257/854 468/258/855 463/256/851 551/253/850
f 555/259/856 467/260/857 468/258/855 556/257/854
f 554/261/858 466/262/858 467/260/857 555/259/856
f 553/263/859 465/264/860 466/262/861 554/261/861
f 552/115/721 464/116/720 465/264/860 553/263/859
f 440/265/862 884/462/863 890/463/863 527/266/864
f 526/269/865 439/270/866 440/265/862 527/266/864
f 525/271/867 438/274/867 926/464/868 912/465/869
f 594/275/870 506/278/871 507/277/872 595/276/873
f 595/276/873 507/277/872 508/280/874 596/279/875
f 596/279/875 508/280/874 509/282/876 597/281/877
f 597/281/877 509/282/876 510/284/878 598/283/879
f 598/283/879 510/284/878 505/286/880 593/285/881
f 593/285/881 505/286/880 929/466/882 942/467/883
f 599/289/884 511/292/885 513/291/886 601/290/887
f 601/290/887 513/291/886 514/294/888 602/293/889
f 602/293/889 514/294/888 515/296/890 603/295/891
f 603/295/891 515/296/890 516/298/892 604/297/893
f 604/297/893 516/298/892 517/300/894 605/299/895
f 605/299/895 517/300/894 512/302/896 600/301/897
f 600/301/897 512/302/896 518/304/898 606/303/899
f 606/303/899 518/304/898 520/306/900 608/305/901
f 608/305/901 520/306/900 521/308/902 609/307/903
f 609/307/903 521/308/902 522/310/904 610/309/905
f 610/309/905 522/310/904 523/312/906 611/311/907
f 611/311/907 523/312/906 524/314/908 612/313/909
f 612/313/909 524/314/908 519/316/910 607/315/911
f 607/315/911 519/316/910 945/468/912 910/469/912
f 592/319/913 504/320/914 506/278/871 594/275/870
f 531/321/915 443/324/916 444/323/917 532/322/918
f 532/322/918 444/323/917 445/326/919 533/325/920
f 533/325/920 445/326/919 446/328/921 534/327/922
f 534/327/922 446/328/921 447/330/923 535/329/924
f 535/329/924 447/330/923 442/332/925 530/331/926
f 530/331/926 442/332/925 448/334/927 536/333/928
f 536/333/928 448/334/927 450/336/929 538/335/930
f 538/335/930 450/336/929 451/338/931 539/337/932
f 539/337/932 451/338/931 452/340/933 540/339/934
f 540/339/934 452/340/933 453/342/935 541/341/936
f 541/341/936 453/342/935 454/344/937 542/343/938
f 542/343/938 454/344/937 449/346/939 537/345/940
f 537/347/940 449/350/939 904/349/941 893/470/941
f 543/351/942 455/354/943 457/353/944 545/352/945
f 545/352/945 457/353/944 458/356/946 546/355/947
f 546/355/947 458/356/946 459/358/948 547/357/948
f 547/357/949 459/358/949 460/360/950 548/359/951
f 548/359/951 460/360/950 461/362/952 549/361/953
f 549/361/953 461/362/952 456/364/954 544/363/955
f 544/363/955 456/364/954 889/471/956 885/472/956
f 529/367/957 441/368/958 443/324/916 531/321/915
f 573/369/959 485/372/960 486/371/961 574/370/962
f 574/370/962 486/371/961 487/374/963 575/373/964
f 575/373/964 487/374/963 488/376/965 576/375/966
f 576/375/966 488/376/965 489/378/967 577/377/968
f 577/377/968 489/378/967 484/380/969 572/379/970
f 572/379/970 484/380/969 886/473/971 898/474/972
f 578/383/973 490/386/974 492/385/975 580/384/976
f 580/384/976 492/385/975 493/388/977 581/387/978
f 581/387/978 493/388/977 494/390/979 582/389/980
f 582/389/980 494/390/979 495/392/981 583/391/982
f 583/391/982 495/392/981 496/394/983 584/393/984
f 584/393/984 496/394/983 491/396/985 579/395/986
f 579/397/986 491/400/985 881/399/987 899/398/988
f 585/401/989 497/404/990 499/403/991 587/402/992
f 587/402/992 499/403/991 500/406/993 588/405/994
f 588/405/994 500/406/993 501/408/995 589/407/996
f 589/407/996 501/408/995 502/410/997 590/409/998
f 590/409/998 502/410/997 503/412/999 591/411/1000
f 591/411/1000 503/412/999 498/414/1001 586/413/1002
f 586/413/1002 498/414/1001 483/416/1003 571/415/1004
f 571/415/1004 483/416/1003 485/372/960 573/369/959
f 724/114/1005 726/115/1006 639/116/1007 637/117/1008
f 739/223/1107 789/431/1108 803/430/1109 652/226/1110
f 744/227/1111 739/223/1107 652/226/1110 657/228/1112
f 743/229/1113 744/227/1111 657/228/1112 656/230/1114
f 742/231/1115 743/229/1113 656/230/1114 655/232/1116
f 741/233/1117 742/231/1115 655/232/1116 654/234/1118
f 740/235/1119 741/233/1117 654/234/1118 653/236/1120
f 738/237/1121 740/235/1119 653/236/1120 651/238/1122
f 732/239/1123 738/237/1121 651/238/1122 645/240/1124
f 737/241/1125 732/239/1123 645/240/1124 650/242/1126
f 736/243/1127 737/241/1125 650/242/1126 649/244/1128
f 735/245/1129 736/243/1127 649/244/1128 648/246/1130
f 734/247/1131 735/245/1129 648/246/1130 647/248/1132
f 733/249/1133 734/247/1131 647/248/1132 646/250/1134
f 731/251/1135 733/249/1133 646/250/1134 644/252/1136
f 725/253/1137 822/433/1138 808/479/1138 638/256/1139
f 730/257/1140 725/253/1137 638/256/1139 643/258/1141
f 729/259/1142 730/257/1140 643/258/1141 642/260/1143
f 728/261/1144 729/259/1142 642/260/1143 641/262/1144
f 727/263/1145 728/261/1146 641/262/1146 640/264/1147
f 726/115/1006 727/263/1145 640/264/1147 639/116/1007
f 615/265/1148 702/266/1149 853/435/1150 848/434/1150
f 701/269/1151 702/266/1149 615/265/1148 614/270/1152
f 700/271/1153 798/437/1154 815/436/1154 613/274/1153
f 352/270/585 700/274/585 613/271/585 263/269/585
f 768/275/1155 769/276/1156 682/277/1157 681/278/1158
f 769/276/1156 770/279/1159 683/280/1160 682/277/1157
f 770/279/1159 771/281/1161 684/282/1162 683/280/1160
f 771/281/1161 772/283/1163 685/284/1164 684/282/1162
f 772/283/1163 767/285/1165 680/286/1166 685/284/1164
f 767/285/1165 788/480/1167 821/481/1167 680/286/1166
f 773/289/1168 775/290/1169 688/291/1170 686/292/1171
f 775/290/1169 776/293/1172 689/294/1173 688/291/1170
f 776/293/1172 777/295/1174 690/296/1175 689/294/1173
f 777/295/1174 778/297/1176 691/298/1177 690/296/1175
f 778/297/1176 779/299/1178 692/300/1179 691/298/1177
f 779/299/1178 774/301/1180 687/302/1181 692/300/1179
f 774/301/1180 780/303/1182 693/304/1183 687/302/1181
f 780/303/1182 782/305/1184 695/306/1185 693/304/1183
f 782/305/1184 783/307/1186 696/308/1187 695/306/1185
f 783/307/1186 784/309/1188 697/310/1189 696/308/1187
f 784/309/1188 785/311/1190 698/312/1191 697/310/1189
f 785/311/1190 786/313/1192 699/314/1193 698/312/1191
f 786/313/1192 781/315/1194 694/316/1195 699/314/1193
f 781/315/1194 796/441/1196 791/440/1196 694/316/1195
f 766/319/1197 768/275/1155 681/278/1158 679/320/1198
f 705/321/1199 706/322/1200 619/323/1201 618/324/1202
f 706/322/1200 707/325/1203 620/326/1204 619/323/1201
f 707/325/1203 708/327/1205 621/328/1206 620/326/1204
f 708/327/1205 709/329/1207 622/330/1208 621/328/1206
f 709/329/1207 704/331/1209 617/332/1210 622/330/1208
f 704/331/1209 710/333/1211 623/334/1212 617/332/1210
f 710/333/1211 712/335/1213 625/336/1214 623/334/1212
f 712/335/1213 713/337/1215 626/338/1216 625/336/1214
f 713/337/1215 714/339/1217 627/340/1218 626/338/1216
f 714/339/1217 715/341/1219 628/342/1220 627/340/1218
f 715/341/1219 716/343/1221 629/344/1222 628/342/1220
f 716/343/1221 711/345/1223 624/346/1224 629/344/1222
f 711/347/1223 855/482/1225 866/483/1225 624/350/1224
f 717/351/1226 719/352/1227 632/353/1228 630/354/1229
f 719/352/1227 720/355/1230 633/356/1231 632/353/1228
f 720/355/1230 721/357/1232 634/358/1232 633/356/1231
f 721/357/1233 722/359/1234 635/360/1235 634/358/1233
f 722/359/1234 723/361/1236 636/362/1237 635/360/1235
f 723/361/1236 718/363/1238 631/364/1239 636/362/1237
f 718/363/1238 846/484/1240 852/471/1240 631/364/1239
f 703/367/1241 705/321/1199 618/324/1202 616/368/1242
f 747/369/1243 748/370/1244 661/371/1245 660/372/1246
f 748/370/1244 749/373/1247 662/374/1248 661/371/1245
f 749/373/1247 750/375/1249 663/376/1250 662/374/1248
f 750/375/1249 751/377/1251 664/378/1252 663/376/1250
f 751/377/1251 746/379/1253 659/380/1254 664/378/1252
f 746/379/1253 847/485/1255 850/445/1255 659/380/1254
f 752/383/1256 754/384/1257 667/385/1258 665/386/1259
f 754/384/1257 755/387/1260 668/388/1261 667/385/1258
f 755/387/1260 756/389/1262 669/390/1263 668/388/1261
f 756/389/1262 757/391/1264 670/392/1265 669/390/1263
f 757/391/1264 758/393/1266 671/394/1267 670/392/1265
f 758/393/1266 753/395/1268 666/396/1269 671/394/1267
f 753/397/1268 862/398/1270 843/399/1270 666/400/1269
f 759/401/1271 761/402/1272 674/403/1273 672/404/1274
f 761/402/1272 762/405/1275 675/406/1276 674/403/1273
f 762/405/1275 763/407/1277 676/408/1278 675/406/1276
f 763/407/1277 764/409/1279 677/410/1280 676/408/1278
f 764/409/1279 765/411/1281 678/412/1282 677/410/1280
f 765/411/1281 760/413/1283 673/414/1284 678/412/1282
f 760/413/1283 745/415/1285 658/416/1285 673/414/1284
f 745/415/1285 747/369/1243 660/372/1246 658/416/1285
f 788/480/1167 773/289/1168 686/292/1171 821/481/1167
f 807/436/583 261/270/581 350/269/580 805/437/584
f 798/437/1154 701/269/1151 614/270/1152 815/436/1154
f 819/432/567 293/486/564 381/487/563 801/433/568
f 822/433/1138 731/487/1135 644/486/1136 808/479/1138
f 800/440/626 328/488/628 416/489/627 813/441/626
f 795/430/537 286/117/436 374/114/435 804/431/538
f 796/441/1196 766/489/1197 679/488/1198 791/440/1196
f 789/431/1108 724/114/1005 637/117/1008 803/430/1109
f 799/438/598 335/292/600 423/289/599 809/439/598
f 860/443/671 265/368/673 353/367/672 864/444/671
f 847/485/1255 752/383/1256 665/386/1259 850/445/1255
f 846/484/1240 703/367/1241 616/368/1242 852/471/1240
f 836/442/655 279/354/658 367/351/657 832/348/656
f 842/434/578 80/490/1286 175/491/1287 828/435/578
f 855/482/1225 717/351/1226 630/354/1229 866/483/1225
f 853/435/1150 528/491/1288 437/490/1288 848/434/1150
f 849/399/701 321/404/703 409/401/702 838/398/701
f 862/398/1270 759/401/1271 672/404/1274 843/399/1270
f 857/445/686 314/386/688 402/383/687 865/446/686
f 881/399/987 497/404/990 585/401/989 899/398/988
f 886/473/971 490/386/974 578/383/973 898/474/972
f 894/398/417 232/401/419 143/404/422 902/399/418
f 889/471/956 441/368/958 529/367/957 885/472/956
f 872/381/401 225/383/403 136/386/406 868/382/402
f 904/349/941 455/354/943 543/351/942 893/470/941
f 874/365/386 176/367/387 87/368/388 870/366/386
f 888/267/295 175/491/1287 80/490/1286 895/268/296
f 883/348/371 190/351/372 101/354/375 892/349/371
f 884/462/863 437/490/1288 528/491/1288 890/463/863
f 936/224/253 197/114/149 108/117/152 916/225/253
f 943/317/344 239/489/345 150/488/346 927/318/344
f 938/458/823 462/117/719 550/114/718 944/459/824
f 945/468/912 504/488/914 592/489/913 910/469/912
f 934/272/300 172/269/297 83/270/298 937/273/301
f 931/287/314 246/289/316 157/292/319 914/288/315
f 926/464/868 439/270/866 526/269/865 912/465/869
f 929/466/882 511/292/885 599/289/884 942/467/883
f 925/254/282 204/487/279 115/486/280 909/255/283
f 921/460/852 469/486/849 557/487/848 932/461/853
f 1098/114/1361 1100/115/1362 1013/116/1363 1011/117/1364
f 1113/223/1462 1405/224/1463 1385/225/1463 1026/226/1464
f 1118/227/1465 1113/223/1462 1026/226/1464 1031/228/1466
f 1117/229/1467 1118/227/1465 1031/228/1466 1030/230/1468
f 1116/231/1469 1117/229/1467 1030/230/1468 1029/232/1470
f 1115/233/1471 1116/231/1469 1029/232/1470 1028/234/1472
f 1114/235/1473 1115/233/1471 1028/234/1472 1027/236/1474
f 1112/237/1475 1114/235/1473 1027/236/1474 1025/238/1476
f 1106/239/1477 1112/237/1475 1025/238/1476 1019/240/1478
f 1111/241/1479 1106/239/1477 1019/240/1478 1024/242/1480
f 1110/243/1481 1111/241/1479 1024/242/1480 1023/244/1482
f 1109/245/1483 1110/243/1481 1023/244/1482 1022/246/1484
f 1108/247/1485 1109/245/1483 1022/246/1484 1021/248/1486
f 1107/249/1487 1108/247/1485 1021/248/1486 1020/250/1488
f 1105/251/1489 1107/249/1487 1020/250/1488 1018/252/1490
f 1099/253/1491 1394/254/1492 1378/255/1492 1012/256/1493
f 1104/257/1494 1099/253/1491 1012/256/1493 1017/258/1495
f 1103/259/1496 1104/257/1494 1017/258/1495 1016/260/1497
f 1102/261/1498 1103/259/1496 1016/260/1497 1015/262/1499
f 1101/263/1500 1102/261/1498 1015/262/1499 1014/264/1501
f 1100/115/1362 1101/263/1500 1014/264/1501 1013/116/1363
f 988/265/1502 1075/266/1503 1357/267/1504 1364/268/1505
f 1074/269/1506 1075/266/1503 988/265/1502 987/270/1507
f 349/271/1508 1403/272/1509 1406/273/1509 260/274/1508
f 1142/275/1510 1143/276/1511 1056/277/1512 1055/278/1513
f 1143/276/1511 1144/279/1514 1057/280/1515 1056/277/1512
f 1144/279/1514 1145/281/1516 1058/282/1517 1057/280/1515
f 1145/281/1516 1146/283/1518 1059/284/1519 1058/282/1517
f 1146/283/1518 1141/285/1520 1054/286/1521 1059/284/1519
f 1141/285/1520 1400/287/1522 1383/288/1523 1054/286/1521
f 1147/289/1524 1149/290/1525 1062/291/1526 1060/292/1527
f 1149/290/1525 1150/293/1528 1063/294/1529 1062/291/1526
f 1150/293/1528 1151/295/1530 1064/296/1531 1063/294/1529
f 1151/295/1530 1152/297/1532 1065/298/1533 1064/296/1531
f 1152/297/1532 1153/299/1534 1066/300/1535 1065/298/1533
f 1153/299/1534 1148/301/1536 1061/302/1537 1066/300/1535
f 1148/301/1536 1154/303/1538 1067/304/1539 1061/302/1537
f 1154/303/1538 1156/305/1540 1069/306/1541 1067/304/1539
f 1156/305/1540 1157/307/1542 1070/308/1543 1069/306/1541
f 1157/307/1542 1158/309/1544 1071/310/1545 1070/308/1543
f 1158/309/1544 1159/311/1546 1072/312/1547 1071/310/1545
f 1159/311/1546 1160/313/1548 1073/314/1549 1072/312/1547
f 1160/313/1548 1155/315/1550 1068/316/1551 1073/314/1549
f 1155/315/1550 1412/317/1552 1396/318/1553 1068/316/1551
f 1140/319/1554 1142/275/1510 1055/278/1513 1053/320/1555
f 1079/321/1556 1080/322/1557 993/323/1558 992/324/1559
f 1080/322/1557 1081/325/1560 994/326/1561 993/323/1558
f 1081/325/1560 1082/327/1562 995/328/1563 994/326/1561
f 1082/327/1562 1083/329/1564 996/330/1565 995/328/1563
f 1083/329/1564 1078/331/1566 991/332/1567 996/330/1565
f 1078/331/1566 1084/333/1568 997/334/1569 991/332/1567
f 1084/333/1568 1086/335/1570 999/336/1571 997/334/1569
f 1086/335/1570 1087/337/1572 1000/338/1573 999/336/1571
f 1087/337/1572 1088/339/1574 1001/340/1575 1000/338/1573
f 1088/339/1574 1089/341/1576 1002/342/1577 1001/340/1575
f 1089/341/1576 1090/343/1578 1003/344/1579 1002/342/1577
f 1090/343/1578 1085/345/1580 998/346/1581 1003/344/1579
f 1085/347/1580 1352/348/1582 1361/349/1583 998/350/1581
f 1091/351/1584 1093/352/1585 1006/353/1586 1004/354/1587
f 1093/352/1585 1094/355/1588 1007/356/1589 1006/353/1586
f 1094/355/1588 1095/357/1590 1008/358/1591 1007/356/1589
f 1095/357/1590 1096/359/1592 1009/360/1593 1008/358/1591
f 1096/359/1592 1097/361/1594 1010/362/1595 1009/360/1593
f 1097/361/1594 1092/363/1596 1005/364/1597 1010/362/1595
f 1092/363/1596 1343/365/1598 1339/366/1599 1005/364/1597
f 1077/367/1600 1079/321/1556 992/324/1559 990/368/1601
f 1121/369/1602 1122/370/1603 1035/371/1604 1034/372/1605
f 1122/370/1603 1123/373/1606 1036/374/1607 1035/371/1604
f 1123/373/1606 1124/375/1608 1037/376/1609 1036/374/1607
f 1124/375/1608 1125/377/1610 1038/378/1611 1037/376/1609
f 1125/377/1610 1120/379/1612 1033/380/1613 1038/378/1611
f 1120/379/1612 1341/381/1614 1337/382/1614 1033/380/1613
f 1126/383/1615 1128/384/1616 1041/385/1617 1039/386/1618
f 1128/384/1616 1129/387/1619 1042/388/1620 1041/385/1617
f 1129/387/1619 1130/389/1621 1043/390/1622 1042/388/1620
f 1130/389/1621 1131/391/1623 1044/392/1624 1043/390/1622
f 1131/391/1623 1132/393/1625 1045/394/1626 1044/392/1624
f 1132/393/1625 1127/395/1627 1040/396/1628 1045/394/1626
f 1127/397/1627 1363/398/1629 1371/399/1629 1040/400/1628
f 1133/401/1630 1135/402/1631 1048/403/1632 1046/404/1633
f 1135/402/1631 1136/405/1634 1049/406/1635 1048/403/1632
f 1136/405/1634 1137/407/1636 1050/408/1637 1049/406/1635
f 1137/407/1636 1138/409/1638 1051/410/1639 1050/408/1637
f 1138/409/1638 1139/411/1640 1052/412/1641 1051/410/1639
f 1139/411/1640 1134/413/1642 1047/414/1643 1052/412/1641
f 1134/413/1642 1119/415/1644 1032/416/1644 1047/414/1643
f 1119/415/1644 1121/369/1602 1034/372/1605 1032/416/1644
f 1272/114/1645 1185/117/1646 1187/116/1647 1274/115/1648
f 1287/223/1748 1200/226/1749 1407/458/1750 1413/459/1750
f 1292/227/1751 1205/228/1752 1200/226/1749 1287/223/1748
f 1291/229/1753 1204/230/1754 1205/228/1752 1292/227/1751
f 1290/231/1755 1203/232/1756 1204/230/1754 1291/229/1753
f 1289/233/1757 1202/234/1758 1203/232/1756 1290/231/1755
f 1288/235/1759 1201/236/1760 1202/234/1758 1289/233/1757
f 1286/237/1761 1199/238/1762 1201/236/1760 1288/235/1759
f 1280/239/1763 1193/240/1764 1199/238/1762 1286/237/1761
f 1285/241/1765 1198/242/1766 1193/240/1764 1280/239/1763
f 1284/243/1767 1197/244/1768 1198/242/1766 1285/241/1765
f 1283/245/1769 1196/246/1770 1197/244/1768 1284/243/1767
f 1282/247/1771 1195/248/1772 1196/246/1770 1283/245/1769
f 1281/249/1773 1194/250/1774 1195/248/1772 1282/247/1771
f 1279/251/1775 1192/252/1776 1194/250/1774 1281/249/1773
f 1273/253/1777 1186/256/1778 1390/460/1779 1401/461/1779
f 1278/257/1780 1191/258/1781 1186/256/1778 1273/253/1777
f 1277/259/1782 1190/260/1783 1191/258/1781 1278/257/1780
f 1276/261/1784 1189/262/1784 1190/260/1783 1277/259/1782
f 1275/263/1785 1188/264/1786 1189/262/1787 1276/261/1787
f 1274/115/1648 1187/116/1647 1188/264/1786 1275/263/1785
f 1163/265/1788 1353/462/1789 1359/463/1790 1249/266/1791
f 1248/269/1792 1162/270/1793 1163/265/1788 1249/266/1791
f 700/271/1794 613/274/1794 1395/464/1795 1381/465/1795
f 1316/275/1796 1229/278/1797 1230/277/1798 1317/276/1799
f 1317/276/1799 1230/277/1798 1231/280/1800 1318/279/1801
f 1318/279/1801 1231/280/1800 1232/282/1802 1319/281/1803
f 1319/281/1803 1232/282/1802 1233/284/1804 1320/283/1805
f 1320/283/1805 1233/284/1804 1228/286/1806 1315/285/1807
f 1315/285/1807 1228/286/1806 1398/466/1808 1411/467/1809
f 1321/289/1810 1234/292/1811 1236/291/1812 1323/290/1813
f 1323/290/1813 1236/291/1812 1237/294/1814 1324/293/1815
f 1324/293/1815 1237/294/1814 1238/296/1816 1325/295/1817
f 1325/295/1817 1238/296/1816 1239/298/1818 1326/297/1819
f 1326/297/1819 1239/298/1818 1240/300/1820 1327/299/1821
f 1327/299/1821 1240/300/1820 1235/302/1822 1322/301/1823
f 1322/301/1823 1235/302/1822 1241/304/1824 1328/303/1825
f 1328/303/1825 1241/304/1824 1243/306/1826 1330/305/1827
f 1330/305/1827 1243/306/1826 1244/308/1828 1331/307/1829
f 1331/307/1829 1244/308/1828 1245/310/1830 1332/309/1831
f 1332/309/1831 1245/310/1830 1246/312/1832 1333/311/1833
f 1333/311/1833 1246/312/1832 1247/314/1834 1334/313/1835
f 1334/313/1835 1247/314/1834 1242/316/1836 1329/315/1837
f 1329/315/1837 1242/316/1836 1414/468/1838 1379/469/1839
f 1314/319/1840 1227/320/1841 1229/278/1797 1316/275/1796
f 1253/321/1842 1166/324/1843 1167/323/1844 1254/322/1845
f 1254/322/1845 1167/323/1844 1168/326/1846 1255/325/1847
f 1255/325/1847 1168/326/1846 1169/328/1848 1256/327/1849
f 1256/327/1849 1169/328/1848 1170/330/1850 1257/329/1851
f 1257/329/1851 1170/330/1850 1165/332/1852 1252/331/1853
f 1252/331/1853 1165/332/1852 1171/334/1854 1258/333/1855
f 1258/333/1855 1171/334/1854 1173/336/1856 1260/335/1857
f 1260/335/1857 1173/336/1856 1174/338/1858 1261/337/1859
f 1261/337/1859 1174/338/1858 1175/340/1860 1262/339/1861
f 1262/339/1861 1175/340/1860 1176/342/1862 1263/341/1863
f 1263/341/1863 1176/342/1862 1177/344/1864 1264/343/1865
f 1264/343/1865 1177/344/1864 1172/346/1866 1259/345/1867
f 1259/347/1867 1172/350/1866 1373/349/1868 1362/470/1869
f 1265/351/1870 1178/354/1871 1180/353/1872 1267/352/1873
f 1267/352/1873 1180/353/1872 1181/356/1874 1268/355/1875
f 1268/355/1875 1181/356/1874 1182/358/1876 1269/357/1876
f 1269/357/1877 1182/358/1877 1183/360/1878 1270/359/1879
f 1270/359/1879 1183/360/1878 1184/362/1880 1271/361/1881
f 1271/361/1881 1184/362/1880 1179/364/1882 1266/363/1883
f 1266/363/1883 1179/364/1882 1358/471/1884 1354/472/1884
f 1251/367/1885 1164/368/1886 1166/324/1843 1253/321/1842
f 1295/369/1887 1208/372/1888 1209/371/1889 1296/370/1890
f 1296/370/1890 1209/371/1889 1210/374/1891 1297/373/1892
f 1297/373/1892 1210/374/1891 1211/376/1893 1298/375/1894
f 1298/375/1894 1211/376/1893 1212/378/1895 1299/377/1896
f 1299/377/1896 1212/378/1895 1207/380/1897 1294/379/1898
f 1294/379/1898 1207/380/1897 1355/473/1899 1367/474/1900
f 1300/383/1901 1213/386/1902 1215/385/1903 1302/384/1904
f 1302/384/1904 1215/385/1903 1216/388/1905 1303/387/1906
f 1303/387/1906 1216/388/1905 1217/390/1907 1304/389/1908
f 1304/389/1908 1217/390/1907 1218/392/1909 1305/391/1910
f 1305/391/1910 1218/392/1909 1219/394/1911 1306/393/1912
f 1306/393/1912 1219/394/1911 1214/396/1913 1301/395/1914
f 1301/397/1914 1214/400/1913 1350/399/1915 1368/398/1915
f 1307/401/1916 1220/404/1917 1222/403/1918 1309/402/1919
f 1309/402/1919 1222/403/1918 1223/406/1920 1310/405/1921
f 1310/405/1921 1223/406/1920 1224/408/1922 1311/407/1923
f 1311/407/1923 1224/408/1922 1225/410/1924 1312/409/1925
f 1312/409/1925 1225/410/1924 1226/412/1926 1313/411/1927
f 1313/411/1927 1226/412/1926 1221/414/1928 1308/413/1929
f 1308/413/1929 1221/414/1928 1206/416/1930 1293/415/1931
f 1293/415/1931 1206/416/1930 1208/372/1888 1295/369/1887
f 1335/492/1932 986/493/1932 985/494/1932 1076/495/1932
f 986/493/1932 1335/492/1932 1250/496/1932 1161/497/1932
f 1350/399/1915 1220/404/1917 1307/401/1916 1368/398/1915
f 1355/473/1899 1213/386/1902 1300/383/1901 1367/474/1900
f 1363/398/1629 1133/401/1630 1046/404/1633 1371/399/1629
f 1358/471/1884 1164/368/1886 1251/367/1885 1354/472/1884
f 1341/381/1614 1126/383/1615 1039/386/1618 1337/382/1614
f 1373/349/1868 1178/354/1871 1265/351/1870 1362/470/1869
f 1343/365/1598 1077/367/1600 990/368/1601 1339/366/1599
f 1357/267/1504 1076/491/1933 985/490/1933 1364/268/1505
f 1352/348/1582 1091/351/1584 1004/354/1587 1361/349/1583
f 1353/462/1789 1161/490/1934 1250/491/1934 1359/463/1790
f 1405/224/1463 1098/114/1361 1011/117/1364 1385/225/1463
f 1412/317/1552 1140/489/1554 1053/488/1555 1396/318/1553
f 1407/458/1750 1185/117/1646 1272/114/1645 1413/459/1750
f 1414/468/1838 1227/488/1841 1314/489/1840 1379/469/1839
f 1403/272/1509 1074/269/1506 987/270/1507 1406/273/1509
f 1400/287/1522 1147/289/1524 1060/292/1527 1383/288/1523
f 1395/464/1795 1162/270/1793 1248/269/1792 1381/465/1795
f 1398/466/1808 1234/292/1811 1321/289/1810 1411/467/1809
f 1394/254/1492 1105/487/1489 1018/486/1490 1378/255/1492
f 1390/460/1779 1192/486/1776 1279/487/1775 1401/461/1779
