# Blender v3.6.0 OBJ File: 'AllModules_Unreal.blend'
# www.blender.org
mtllib TopPadded_Incline_Curve_Round_Inner.mtl
o TopPadded_Incline_Curve_Round_Inner_Plane.067
v -2.478041 3.997098 -2.475828
v -3.034094 3.997097 -1.749472
v -2.828689 3.011647 -2.826164
v -3.463299 3.011647 -1.997408
v -2.127393 4.982549 -2.125492
v -2.604889 4.982548 -1.501537
v -1.503981 4.982548 -2.603721
v -3.284308 3.122618 -2.167977
v -2.603007 3.802267 -2.481154
v -2.853892 3.122618 -2.713114
v -3.327051 3.210774 -2.025682
v -3.030972 3.884735 -1.858918
v -2.646443 3.904641 -2.353409
v -2.662821 4.752070 -1.625414
v -2.946201 4.103701 -1.788044
v -2.571993 4.086638 -2.299458
v -2.462067 4.197543 -2.340553
v -2.219053 4.871505 -2.103875
v -2.558137 4.891411 -1.653893
v -2.351031 4.183325 -2.462430
v -2.104385 4.880036 -2.212962
v -1.660995 4.891410 -2.553281
v -2.297790 4.098013 -2.565843
v -1.623455 4.780507 -2.646797
v -1.803250 4.112233 -2.930572
v -2.485376 3.796579 -2.603116
v -2.145617 3.111243 -3.306324
v -2.717543 3.111243 -2.857611
v -1.852959 3.901797 -3.024661
v -2.024068 3.210773 -3.328144
v -2.371407 3.910328 -2.626831
v -2.421421 3.324113 -2.875927
v -2.036958 3.660228 -2.956175
v -1.893022 4.269787 -2.683569
v -2.034902 4.600965 -2.360532
v -2.379116 4.642042 -1.982926
v -2.692469 4.305730 -1.847315
v -2.963476 3.666479 -2.020508
v -2.875299 3.330167 -2.417533
v -0.908593 3.997098 -3.382661
v -1.752325 3.997098 -3.032691
v -1.036639 3.011647 -3.861507
v -2.000652 3.011647 -3.461670
v -0.780546 4.982549 -2.903816
v -1.760122 3.122618 -3.519942
v -1.014621 3.802267 -3.452429
v -1.115678 3.122618 -3.778774
v -1.867443 3.210774 -3.416534
v -1.694109 3.884736 -3.124419
v -1.115550 3.904641 -3.362383
v -1.491497 4.752069 -2.738307
v -1.655898 4.103702 -3.020530
v -1.078118 4.086638 -3.278512
v -0.962965 4.197542 -3.260114
v -0.871032 4.871505 -2.933533
v -1.387180 4.891411 -2.711705
v -0.805529 4.183325 -3.307609
v -0.717089 4.880037 -2.968168
v -0.163118 4.891411 -3.040513
v -0.707925 4.098013 -3.370976
v -0.083494 4.780507 -3.102422
v -0.096982 4.112233 -3.438102
v -0.851308 3.796580 -3.496674
v -0.205125 3.111242 -3.935024
v -0.924733 3.111243 -3.833280
v -0.092868 3.901797 -3.544418
v -0.741017 3.910328 -3.460577
v -0.088956 3.210773 -3.892762
v -0.659645 3.324113 -3.701839
v -0.286693 3.660228 -3.577775
v -0.298927 4.269787 -3.269809
v -0.583612 4.600965 -3.061873
v -1.068662 4.642043 -2.906872
v -1.407699 4.305730 -2.947384
v -1.556017 3.666479 -3.232614
v -1.281234 3.330167 -3.531443
v -0.001589 3.997097 -3.503244
v -0.001812 3.011646 -3.998914
v -0.001366 4.982548 -3.007574
v -1.994561 3.000157 -3.454762
v -0.001808 3.000157 -3.989993
v -1.746563 3.992339 -3.025898
v -1.030174 3.000156 -3.853738
v -1.045914 3.000157 -3.850523
v -0.001585 3.992338 -3.494587
v -0.909609 3.992338 -3.373663
v -1.156342 3.049345 -3.788249
v -1.077298 3.119521 -3.778713
v -1.138020 3.051736 -3.793359
v -1.120282 3.058746 -3.795829
v -1.104362 3.069899 -3.795481
v -1.091352 3.084433 -3.792338
v -1.082127 3.101357 -3.786618
v -0.986113 3.787595 -3.457843
v -1.046168 3.808787 -3.425396
v -0.985346 3.808924 -3.446837
v -0.989556 3.823995 -3.437374
v -0.998452 3.831782 -3.430101
v -1.011451 3.831751 -3.425513
v -1.027707 3.823909 -3.423913
v -1.806589 3.119844 -3.482232
v -1.802963 3.049345 -3.523431
v -1.824862 3.101597 -3.483258
v -1.836122 3.084594 -3.487106
v -1.839548 3.069993 -3.493541
v -1.834872 3.058790 -3.502145
v -1.822391 3.051747 -3.512341
v -0.211214 3.049345 -3.951263
v -0.187387 3.119845 -3.917596
v -0.188849 3.051747 -3.951570
v -0.172939 3.058790 -3.949120
v -0.164575 3.069993 -3.944080
v -0.164306 3.084595 -3.936794
v -0.172105 3.101598 -3.927760
v -0.816808 3.808786 -3.485388
v -0.884894 3.787595 -3.482548
v -0.832007 3.823910 -3.474638
v -0.846842 3.831753 -3.467679
v -0.860361 3.831782 -3.464965
v -0.871681 3.823995 -3.466670
v -0.880051 3.808924 -3.472667
v -0.966658 3.119520 -3.805948
v -0.903179 3.049345 -3.854626
v -0.966440 3.101358 -3.815237
v -0.961341 3.084433 -3.824892
v -0.951676 3.069899 -3.834262
v -0.938105 3.058747 -3.842709
v -0.921555 3.051736 -3.849657
v -1.904445 3.195984 -3.390705
v -1.844610 3.174793 -3.432487
v -1.907451 3.174654 -3.401096
v -1.904627 3.159584 -3.410915
v -1.896162 3.151797 -3.419498
v -1.882647 3.151827 -3.426250
v -1.865048 3.159670 -3.430688
v -1.086883 3.863734 -3.382010
v -1.094738 3.934234 -3.341966
v -1.070728 3.881981 -3.378031
v -1.061249 3.898984 -3.372370
v -1.059040 3.913586 -3.365424
v -1.064208 3.924789 -3.357679
v -1.076379 3.931832 -3.349675
v -1.665194 3.934234 -3.098432
v -1.740904 3.864058 -3.099970
v -1.680907 3.931843 -3.091960
v -1.696714 3.924833 -3.088025
v -1.711556 3.913680 -3.086881
v -1.724429 3.899146 -3.088598
v -1.734447 3.882221 -3.093060
v -0.733139 3.934235 -3.438414
v -0.759952 3.863736 -3.468886
v -0.752846 3.931832 -3.435637
v -0.767360 3.924789 -3.436287
v -0.775696 3.913586 -3.440310
v -0.777263 3.898984 -3.447429
v -0.771912 3.881982 -3.457170
v -0.129521 3.174793 -3.894037
v -0.056788 3.195984 -3.888420
v -0.110949 3.159670 -3.902866
v -0.093503 3.151827 -3.907978
v -0.078427 3.151798 -3.909023
v -0.066794 3.159584 -3.905926
v -0.059416 3.174656 -3.898899
v -0.051966 3.864058 -3.554879
v -0.116756 3.934234 -3.515067
v -0.054077 3.882223 -3.545645
v -0.060504 3.899146 -3.536711
v -0.070789 3.913681 -3.528688
v -0.084220 3.924833 -3.522128
v -0.099891 3.931843 -3.517481
v -0.001824 3.019574 -4.029662
v -1.040380 3.019574 -3.892071
v -1.056276 3.019574 -3.888815
v -0.001603 4.012067 -3.534101
v -2.014419 3.019574 -3.489103
v -1.167823 3.069276 -3.825951
v -1.088076 3.139421 -3.816640
v -1.149318 3.071666 -3.831118
v -1.131411 3.078673 -3.833639
v -1.115345 3.089820 -3.833338
v -1.102223 3.104348 -3.830230
v -1.092928 3.121264 -3.824533
v -0.996932 3.807193 -3.495914
v -1.057702 3.828376 -3.463262
v -0.996189 3.828513 -3.484906
v -1.000473 3.843577 -3.475425
v -1.009483 3.851361 -3.468122
v -1.022630 3.851330 -3.463489
v -1.039057 3.843491 -3.461836
v -1.824764 3.139743 -3.517221
v -1.820933 3.069276 -3.558508
v -1.843175 3.121505 -3.518170
v -1.854506 3.104509 -3.521977
v -1.857931 3.089915 -3.528409
v -1.853181 3.078716 -3.537048
v -1.840560 3.071676 -3.547316
v -0.213293 3.069276 -3.990620
v -0.189249 3.139744 -3.956980
v -0.190709 3.071678 -3.990939
v -0.174644 3.078717 -3.988498
v -0.166199 3.089916 -3.983464
v -0.165931 3.104510 -3.976181
v -0.173811 3.121505 -3.967147
v -0.825789 3.828375 -3.523938
v -0.894595 3.807194 -3.520920
v -0.841176 3.843492 -3.513148
v -0.856186 3.851331 -3.506148
v -0.869854 3.851360 -3.503398
v -0.881287 3.843576 -3.505073
v -0.889729 3.828513 -3.511049
v -0.976323 3.139420 -3.844173
v -0.912125 3.069276 -3.893010
v -0.976079 3.121266 -3.853464
v -0.970906 3.104348 -3.863134
v -0.961129 3.089820 -3.872528
v -0.947408 3.078674 -3.881009
v -0.930686 3.071666 -3.887997
v -1.923784 3.215848 -3.425084
v -1.863300 3.194667 -3.467218
v -1.926766 3.194529 -3.435483
v -1.923876 3.179465 -3.445336
v -1.915307 3.171682 -3.453974
v -1.901659 3.171712 -3.460799
v -1.883904 3.179551 -3.465326
v -1.098974 3.883298 -3.419714
v -1.107047 3.953766 -3.379616
v -1.082669 3.901537 -3.415788
v -1.073112 3.918533 -3.410155
v -1.070904 3.933127 -3.403212
v -1.076150 3.944326 -3.395445
v -1.088474 3.951365 -3.387394
v -1.683967 3.953767 -3.133312
v -1.760316 3.883622 -3.134480
v -1.699847 3.951376 -3.126749
v -1.715811 3.944369 -3.122727
v -1.730785 3.933222 -3.121506
v -1.743759 3.918694 -3.123164
v -1.753839 3.901777 -3.127586
v -0.741344 3.953767 -3.477167
v -0.768372 3.883300 -3.507576
v -0.761271 3.951366 -3.474341
v -0.775939 3.944325 -3.474956
v -0.784354 3.933127 -3.478958
v -0.785919 3.918533 -3.486075
v -0.780488 3.901538 -3.495830
v -0.130818 3.194667 -3.933456
v -0.057358 3.215849 -3.927861
v -0.112057 3.179551 -3.942287
v -0.094436 3.171712 -3.947402
v -0.079210 3.171683 -3.948450
v -0.067461 3.179465 -3.945358
v -0.060010 3.194531 -3.938335
v -0.052539 3.883622 -3.594471
v -0.118055 3.953766 -3.554657
v -0.054674 3.901778 -3.585241
v -0.061174 3.918694 -3.576309
v -0.071574 3.933223 -3.568288
v -0.085156 3.944369 -3.561727
v -0.101000 3.951377 -3.557076
v -3.455573 3.000157 -1.992945
v -2.822824 3.000157 -2.819351
v -2.810985 3.000157 -2.830186
v -3.026598 3.992338 -1.745142
v -2.467199 3.992338 -2.474087
v -2.701189 3.049345 -2.894108
v -2.732039 3.119521 -2.820358
v -2.714664 3.051736 -2.880664
v -2.725569 3.058746 -2.866413
v -2.733142 3.069899 -2.852344
v -2.736861 3.084433 -2.839419
v -2.736480 3.101357 -2.828516
v -2.499936 3.787595 -2.580774
v -2.442188 3.808787 -2.617132
v -2.490808 3.808924 -2.574621
v -2.480547 3.823995 -2.573590
v -2.469862 3.831782 -2.577748
v -2.459466 3.831753 -2.586831
v -2.450040 3.823910 -2.600250
v -2.112464 3.119843 -3.306305
v -2.149844 3.049345 -3.323516
v -2.104331 3.101597 -3.322799
v -2.102098 3.084594 -3.334553
v -2.105965 3.069993 -3.340734
v -2.115705 3.058790 -3.340899
v -2.130673 3.051747 -3.335025
v -3.317315 3.049346 -2.159020
v -3.300156 3.119845 -2.121559
v -3.328825 3.051748 -2.139846
v -3.334702 3.058791 -2.124872
v -3.334547 3.069993 -2.115117
v -3.328376 3.084595 -2.111234
v -3.316636 3.101597 -2.113446
v -2.610537 3.808787 -2.449733
v -2.574174 3.787595 -2.507518
v -2.593673 3.823910 -2.457575
v -2.580265 3.831753 -2.466997
v -2.571186 3.831782 -2.477394
v -2.567024 3.823995 -2.488091
v -2.568040 3.808924 -2.498368
v -2.813111 3.119520 -2.740288
v -2.886793 3.049345 -2.709505
v -2.821251 3.101358 -2.744745
v -2.832138 3.084433 -2.745143
v -2.845049 3.069899 -2.741437
v -2.859107 3.058747 -2.733876
v -2.873351 3.051737 -2.722978
v -1.985106 3.195984 -3.346653
v -2.050727 3.174793 -3.314966
v -1.992597 3.174654 -3.354419
v -2.002472 3.159584 -3.356803
v -2.014064 3.151798 -3.353641
v -2.026565 3.151827 -3.345158
v -2.039088 3.159670 -3.331955
v -2.384554 3.863735 -2.631141
v -2.346064 3.934234 -2.618088
v -2.389110 3.881981 -2.615035
v -2.388910 3.898985 -2.603927
v -2.383999 3.913586 -2.598540
v -2.374750 3.924790 -2.599204
v -2.361810 3.931832 -2.605868
v -1.850739 3.934234 -2.992810
v -1.814708 3.864058 -3.059884
v -1.837396 3.931844 -3.003378
v -1.826199 3.924833 -3.015280
v -1.817887 3.913680 -3.027717
v -1.813016 3.899146 -3.039840
v -1.811926 3.882221 -3.050817
v -2.611592 3.934235 -2.353466
v -2.624584 3.863736 -2.392033
v -2.599374 3.931833 -2.369219
v -2.592709 3.924789 -2.382169
v -2.592035 3.913586 -2.391432
v -2.597410 3.898986 -2.396356
v -2.608499 3.881982 -2.396573
v -3.308854 3.174793 -2.059756
v -3.340554 3.195985 -1.994105
v -3.325832 3.159671 -2.048132
v -3.339029 3.151828 -2.035619
v -3.347510 3.151798 -2.023117
v -3.350678 3.159584 -2.011516
v -3.348304 3.174657 -2.001623
v -3.054259 3.864059 -1.822908
v -2.987257 3.934235 -1.858868
v -3.045208 3.882223 -1.820104
v -3.034245 3.899147 -1.821176
v -3.022136 3.913682 -1.826030
v -3.009711 3.924833 -1.834333
v -2.997818 3.931844 -1.845525
v -3.489924 3.019573 -2.012786
v -2.850892 3.019573 -2.847383
v -2.838939 3.019573 -2.858331
v -3.060812 4.012067 -1.764907
v -2.728085 3.069276 -2.922918
v -2.759474 3.139421 -2.848677
v -2.741698 3.071666 -2.909345
v -2.752731 3.078673 -2.894974
v -2.760415 3.089821 -2.880803
v -2.764220 3.104348 -2.867800
v -2.763893 3.121265 -2.856849
v -2.527474 3.807193 -2.609201
v -2.469198 3.828376 -2.646068
v -2.518332 3.828513 -2.603068
v -2.508021 3.843578 -2.602091
v -2.497252 3.851361 -2.606331
v -2.486746 3.851332 -2.615519
v -2.477190 3.843492 -2.629058
v -2.133717 3.139743 -3.339515
v -2.171274 3.069276 -3.356592
v -2.125449 3.121505 -3.356090
v -2.123145 3.104509 -3.367884
v -2.127010 3.089915 -3.374062
v -2.136817 3.078717 -3.374182
v -2.151917 3.071677 -3.368222
v -3.350332 3.069277 -2.180543
v -3.333306 3.139744 -2.142905
v -3.361963 3.071678 -2.161182
v -3.367928 3.078717 -2.146075
v -3.367817 3.089916 -2.136255
v -3.361649 3.104511 -2.132372
v -3.349868 3.121505 -2.134656
v -2.639398 3.828376 -2.476823
v -2.602524 3.807193 -2.535136
v -2.622405 3.843492 -2.484805
v -2.608877 3.851331 -2.494356
v -2.599694 3.851361 -2.504864
v -2.595448 3.843577 -2.515643
v -2.596411 3.828513 -2.525970
v -2.841353 3.139420 -2.767801
v -2.915527 3.069276 -2.736481
v -2.849507 3.121265 -2.772237
v -2.860443 3.104348 -2.772581
v -2.873431 3.089821 -2.768790
v -2.887592 3.078674 -2.761117
v -2.901956 3.071666 -2.750091
v -2.005255 3.215849 -3.380564
v -2.071502 3.194668 -3.348491
v -2.012766 3.194529 -3.388313
v -2.022702 3.179465 -3.390656
v -2.034393 3.171682 -3.387432
v -2.047024 3.171711 -3.378871
v -2.059699 3.179551 -3.365578
v -2.411150 3.883299 -2.660474
v -2.372508 3.953766 -2.647581
v -2.415826 3.901537 -2.644265
v -2.415689 3.918533 -2.633105
v -2.410781 3.933127 -2.627719
v -2.401473 3.944326 -2.628441
v -2.388419 3.951366 -2.635211
v -1.871601 3.953767 -3.026482
v -1.834934 3.883622 -3.093924
v -1.858096 3.951376 -3.037149
v -1.846748 3.944369 -3.049143
v -1.838304 3.933222 -3.061656
v -1.833331 3.918694 -3.073837
v -1.832175 3.901777 -3.084847
v -2.641011 3.953767 -2.379991
v -2.653843 3.883300 -2.418711
v -2.628644 3.951366 -2.395909
v -2.621871 3.944326 -2.408974
v -2.621140 3.933128 -2.418294
v -2.626513 3.918534 -2.423216
v -2.637654 3.901538 -2.423370
v -3.342322 3.194667 -2.080624
v -3.374409 3.215850 -2.014348
v -3.359397 3.179552 -2.068837
v -3.372684 3.171712 -2.056172
v -3.381245 3.171684 -2.043540
v -3.384475 3.179466 -2.031840
v -3.382141 3.194531 -2.021885
v -3.088242 3.883623 -1.843229
v -3.020870 3.953767 -1.879824
v -3.079181 3.901778 -1.840448
v -3.068185 3.918695 -1.841585
v -3.056017 3.933223 -1.846541
v -3.043516 3.944371 -1.854974
v -3.031531 3.951377 -1.866319
v -1.498565 4.984519 -2.597035
v -0.001363 4.984519 -2.999182
v -0.775242 4.984519 -2.896285
v -0.787107 4.984519 -2.894110
v -0.882021 4.935332 -2.887398
v -0.839036 4.865156 -2.940299
v -0.868749 4.932940 -2.893479
v -0.857052 4.925929 -2.901459
v -0.847704 4.914777 -2.910794
v -0.841326 4.900244 -2.920843
v -0.838362 4.883318 -2.930912
v -0.930221 4.197082 -3.261169
v -0.992757 4.175890 -3.250052
v -0.935165 4.175752 -3.270684
v -0.943196 4.160681 -3.275782
v -0.953775 4.152895 -3.276117
v -0.966166 4.152923 -3.271675
v -0.979480 4.160767 -3.262779
v -1.404960 4.864833 -2.709031
v -1.373593 4.935331 -2.685325
v -1.411666 4.883079 -2.695540
v -1.413366 4.900083 -2.685231
v -1.409987 4.914682 -2.678772
v -1.401799 4.925887 -2.676581
v -1.389385 4.932929 -2.678809
v -0.161540 4.935331 -3.010883
v -0.146247 4.864833 -3.047279
v -0.144531 4.932929 -3.013324
v -0.132620 4.925886 -3.017734
v -0.126612 4.914683 -3.023792
v -0.126938 4.900082 -3.031075
v -0.133615 4.883079 -3.039083
v -0.775217 4.175889 -3.306870
v -0.834778 4.197082 -3.284325
v -0.793049 4.160767 -3.311016
v -0.808996 4.152924 -3.311844
v -0.821915 4.152894 -3.309308
v -0.830884 4.160681 -3.303584
v -0.835269 4.175752 -3.295065
v -0.753014 4.865156 -2.960925
v -0.689431 4.935332 -2.937514
v -0.748898 4.883319 -2.952491
v -0.741305 4.900244 -2.945345
v -0.730770 4.914778 -2.939976
v -0.718026 4.925930 -2.936755
v -0.703933 4.932941 -2.935911
v -1.514555 4.788692 -2.697585
v -1.457742 4.809883 -2.713551
v -1.507573 4.810022 -2.689156
v -1.498736 4.825092 -2.685093
v -1.488657 4.832878 -2.685673
v -1.478006 4.832850 -2.690876
v -1.467477 4.825006 -2.700374
v -1.047665 4.120940 -3.259720
v -1.076707 4.050443 -3.286815
v -1.037498 4.102695 -3.272957
v -1.033325 4.085691 -3.283426
v -1.035485 4.071091 -3.290391
v -1.043869 4.059886 -3.293362
v -1.057930 4.052844 -3.292139
v -1.637694 4.050443 -3.047339
v -1.678099 4.120618 -2.988319
v -1.652019 4.052833 -3.038903
v -1.664212 4.059844 -3.028965
v -1.673420 4.070996 -3.018211
v -1.679006 4.085529 -3.007374
v -1.680595 4.102454 -2.997184
v -0.721120 4.050443 -3.381649
v -0.732643 4.120941 -3.343398
v -0.739996 4.052844 -3.376597
v -0.752749 4.059887 -3.370433
v -0.758503 4.071091 -3.363568
v -0.756883 4.085690 -3.356460
v -0.748044 4.102695 -3.349581
v -0.102685 4.809884 -3.078061
v -0.045294 4.788691 -3.093249
v -0.087579 4.825006 -3.071676
v -0.073641 4.832849 -3.068862
v -0.061768 4.832879 -3.069808
v -0.052723 4.825092 -3.074441
v -0.047101 4.810022 -3.082438
v -0.050115 4.120617 -3.426790
v -0.114854 4.050441 -3.457075
v -0.052419 4.102455 -3.435694
v -0.058931 4.085528 -3.443661
v -0.069232 4.070996 -3.450155
v -0.082628 4.059843 -3.454735
v -0.098197 4.052833 -3.457093
v -0.001380 5.004560 -3.038539
v -0.785369 5.004560 -2.934318
v -0.797388 5.004560 -2.932101
v -1.518267 5.004560 -2.631106
v -0.893561 4.954858 -2.925294
v -0.849861 4.884715 -2.978389
v -0.880105 4.952469 -2.931430
v -0.868236 4.945461 -2.939459
v -0.858738 4.934315 -2.948835
v -0.852248 4.919787 -2.958913
v -0.849211 4.902869 -2.968998
v -0.941005 4.216942 -3.299114
v -1.004250 4.195759 -3.287784
v -0.945969 4.195622 -3.308619
v -0.954071 4.180557 -3.313693
v -0.964765 4.172775 -3.313993
v -0.977303 4.172803 -3.309508
v -0.990788 4.180643 -3.300562
v -1.423213 4.884392 -2.744171
v -1.391655 4.954859 -2.720581
v -1.430062 4.902630 -2.730610
v -1.431837 4.919627 -2.720266
v -1.428460 4.934219 -2.713810
v -1.420201 4.945418 -2.711660
v -1.407646 4.952458 -2.713962
v -0.163629 4.954859 -3.050442
v -0.148115 4.884392 -3.086833
v -0.146399 4.952457 -3.052893
v -0.134334 4.945418 -3.057308
v -0.128245 4.934220 -3.063368
v -0.128570 4.919625 -3.070647
v -0.135329 4.902631 -3.078647
v -0.784167 4.195758 -3.345284
v -0.844447 4.216942 -3.322569
v -0.802184 4.180644 -3.349383
v -0.818303 4.172803 -3.350168
v -0.831372 4.172775 -3.347595
v -0.840454 4.180558 -3.341845
v -0.844912 4.195621 -3.333311
v -0.762720 4.884715 -2.999315
v -0.698422 4.954859 -2.976094
v -0.758581 4.902869 -2.990891
v -0.750917 4.919786 -2.983767
v -0.740269 4.934315 -2.978429
v -0.727377 4.945462 -2.975247
v -0.713111 4.952469 -2.974447
v -1.533960 4.808286 -2.732082
v -1.476500 4.829467 -2.748410
v -1.526958 4.829606 -2.723670
v -1.518058 4.844670 -2.719646
v -1.507878 4.852453 -2.720285
v -1.497092 4.852424 -2.725562
v -1.486406 4.844584 -2.735144
v -1.059706 4.140835 -3.297267
v -1.088955 4.070368 -3.324278
v -1.049387 4.122597 -3.310548
v -1.045134 4.105601 -3.321039
v -1.047292 4.091008 -3.328000
v -1.055753 4.079808 -3.330945
v -1.069965 4.072769 -3.329671
v -1.656374 4.070369 -3.082046
v -1.697430 4.140513 -3.022685
v -1.670866 4.072758 -3.073520
v -1.683216 4.079766 -3.063498
v -1.692558 4.090913 -3.052672
v -1.698247 4.105440 -3.041781
v -1.699903 4.122357 -3.031559
v -0.729284 4.070369 -3.420209
v -0.741028 4.140836 -3.381927
v -0.748379 4.072769 -3.415111
v -0.761287 4.079809 -3.408914
v -0.767120 4.091007 -3.402035
v -0.765500 4.105602 -3.394929
v -0.756584 4.122597 -3.388072
v -0.103986 4.829468 -3.117625
v -0.045866 4.808285 -3.132826
v -0.088692 4.844583 -3.111250
v -0.074578 4.852423 -3.108442
v -0.062552 4.852452 -3.109391
v -0.053392 4.844671 -3.114024
v -0.047698 4.829605 -3.122020
v -0.050685 4.140512 -3.466217
v -0.116146 4.070368 -3.496468
v -0.053014 4.122358 -3.475115
v -0.059597 4.105440 -3.483078
v -0.070013 4.090914 -3.489567
v -0.083559 4.079765 -3.494141
v -0.099301 4.072759 -3.496494
v -2.597623 4.984518 -1.497338
v -2.121785 4.984519 -2.119172
v -2.112759 4.984519 -2.127201
v -2.058562 4.935331 -2.205768
v -2.125569 4.865155 -2.194340
v -2.070392 4.932940 -2.197142
v -2.083081 4.925929 -2.190842
v -2.095779 4.914777 -2.187277
v -2.107621 4.900243 -2.186676
v -2.117790 4.883318 -2.189081
v -2.357671 4.197081 -2.433925
v -2.317114 4.175889 -2.483138
v -2.363446 4.175751 -2.442989
v -2.363876 4.160680 -2.452558
v -2.358928 4.152894 -2.461987
v -2.348958 4.152924 -2.470622
v -2.334681 4.160767 -2.477848
v -1.642815 4.864832 -2.572429
v -1.637811 4.935331 -2.533197
v -1.627856 4.883079 -2.571666
v -1.618115 4.900083 -2.568077
v -1.614203 4.914682 -2.561926
v -1.616350 4.925887 -2.553655
v -1.624396 4.932930 -2.543853
v -2.528429 4.935331 -1.644783
v -2.567595 4.864831 -1.649861
v -2.539071 4.932928 -1.631361
v -2.548859 4.925884 -1.623319
v -2.557116 4.914681 -1.621183
v -2.563257 4.900081 -1.625111
v -2.566837 4.883078 -1.634875
v -2.476892 4.175889 -2.324286
v -2.427721 4.197081 -2.364845
v -2.471592 4.160767 -2.341876
v -2.464365 4.152923 -2.356166
v -2.455734 4.152894 -2.366139
v -2.446316 4.160680 -2.371083
v -2.436763 4.175752 -2.370641
v -2.188784 4.865155 -2.132075
v -2.200244 4.935331 -2.064965
v -2.183541 4.883317 -2.124278
v -2.181148 4.900243 -2.114090
v -2.181758 4.914777 -2.102227
v -2.185326 4.925929 -2.089511
v -2.191625 4.932940 -2.076806
v -1.578874 4.788692 -2.662983
v -1.620684 4.809884 -2.620992
v -1.575039 4.810021 -2.652703
v -1.575889 4.825092 -2.642946
v -1.581362 4.832879 -2.634386
v -1.591106 4.832849 -2.627603
v -1.604503 4.825006 -2.623042
v -2.298290 4.120940 -2.536002
v -2.307330 4.050441 -2.574887
v -2.314760 4.102694 -2.533690
v -2.325874 4.085691 -2.535245
v -2.330822 4.071090 -2.540601
v -2.329240 4.059887 -2.549414
v -2.321223 4.052844 -2.561108
v -1.820179 4.050443 -2.943485
v -1.749270 4.120618 -2.949755
v -1.805826 4.052833 -2.951872
v -1.791228 4.059844 -2.957649
v -1.777396 4.070996 -2.960408
v -1.765279 4.085530 -2.959954
v -1.755694 4.102455 -2.956317
v -2.568499 4.050441 -2.314611
v -2.529685 4.120941 -2.305504
v -2.554728 4.052843 -2.328507
v -2.543046 4.059886 -2.336521
v -2.534244 4.071090 -2.338094
v -2.528904 4.085691 -2.333129
v -2.527361 4.102695 -2.321997
v -2.616085 4.809883 -1.627777
v -2.658023 4.788691 -1.585965
v -2.618136 4.825005 -1.611570
v -2.622694 4.832848 -1.598158
v -2.629468 4.832878 -1.588408
v -2.638016 4.825091 -1.582941
v -2.647758 4.810020 -1.582107
v -2.944315 4.120616 -1.757164
v -2.938019 4.050441 -1.828172
v -2.950866 4.102454 -1.763609
v -2.954492 4.085528 -1.773217
v -2.954941 4.070994 -1.785352
v -2.952177 4.059843 -1.799201
v -2.946401 4.052832 -1.813812
v -2.631702 5.004560 -1.517025
v -2.149632 5.004560 -2.146985
v -2.140494 5.004560 -2.155126
v -2.085595 4.954858 -2.234725
v -2.153119 4.884713 -2.222781
v -2.097563 4.952468 -2.225968
v -2.110379 4.945460 -2.219546
v -2.123185 4.934314 -2.215874
v -2.135109 4.919786 -2.215190
v -2.145326 4.902870 -2.217542
v -2.385119 4.216941 -2.462257
v -2.344028 4.195758 -2.511971
v -2.390874 4.195621 -2.471335
v -2.391248 4.180557 -2.480953
v -2.386214 4.172774 -2.490460
v -2.376135 4.172803 -2.499201
v -2.361731 4.180643 -2.506550
v -1.664159 4.884393 -2.605782
v -1.659351 4.954858 -2.566443
v -1.649069 4.902630 -2.605107
v -1.639261 4.919626 -2.601565
v -1.635350 4.934219 -2.595417
v -1.637568 4.945418 -2.587106
v -1.645747 4.952458 -2.577219
v -2.561615 4.954857 -1.666415
v -2.600888 4.884391 -1.671298
v -2.572378 4.952456 -1.652807
v -2.582250 4.945416 -1.644629
v -2.590548 4.934219 -1.642423
v -2.596686 4.919624 -1.646351
v -2.600219 4.902628 -1.656182
v -2.505650 4.195758 -2.351281
v -2.455976 4.216941 -2.392372
v -2.500219 4.180644 -2.369006
v -2.492868 4.172803 -2.383421
v -2.484133 4.172774 -2.393504
v -2.474634 4.180557 -2.398533
v -2.465034 4.195621 -2.398146
v -2.217147 4.884715 -2.159706
v -2.229125 4.954858 -2.092079
v -2.211924 4.902868 -2.151895
v -2.209585 4.919786 -2.141657
v -2.210278 4.934314 -2.129713
v -2.213954 4.945460 -2.116889
v -2.220376 4.952468 -2.104057
v -1.599092 4.808286 -2.697010
v -1.641535 4.829468 -2.654641
v -1.595282 4.829605 -2.686722
v -1.596196 4.844670 -2.676929
v -1.601771 4.852452 -2.668311
v -1.611646 4.852423 -2.661449
v -1.625193 4.844584 -2.656793
v -2.324775 4.140835 -2.565213
v -2.333642 4.070368 -2.604234
v -2.341359 4.122597 -2.562792
v -2.352530 4.105601 -2.564290
v -2.357477 4.091007 -2.569642
v -2.355833 4.079809 -2.578509
v -2.347700 4.072769 -2.590306
v -1.840938 4.070369 -2.976990
v -1.769412 4.140512 -2.983653
v -1.826424 4.072759 -2.985477
v -1.811676 4.079765 -2.991347
v -1.797716 4.090912 -2.994187
v -1.785501 4.105440 -2.993794
v -1.775855 4.122357 -2.990199
v -2.597772 4.070368 -2.341005
v -2.558823 4.140835 -2.332072
v -2.583853 4.072769 -2.355065
v -2.572066 4.079808 -2.363195
v -2.563211 4.091007 -2.364829
v -2.557873 4.105601 -2.359866
v -2.556389 4.122597 -2.348678
v -2.649675 4.829467 -1.648722
v -2.691993 4.808284 -1.606278
v -2.651829 4.844583 -1.632354
v -2.656482 4.852421 -1.618792
v -2.663336 4.852451 -1.608912
v -2.671943 4.844669 -1.603342
v -2.681720 4.829604 -1.602444
v -2.978157 4.140511 -1.777400
v -2.971466 4.070368 -1.849024
v -2.984692 4.122356 -1.783864
v -2.988278 4.105439 -1.793532
v -2.988663 4.090911 -1.805766
v -2.985819 4.079765 -1.819742
v -2.979948 4.072757 -1.834503
v -2.633327 4.362179 -2.020072
v -2.625854 4.460512 -2.014330
v -2.430117 4.954858 -1.863953
v -2.772081 3.992338 -2.126672
v -2.749075 4.050441 -2.108997
v -2.835918 3.770356 -2.175716
v -3.172010 3.011647 -2.433923
v -2.974801 3.506070 -2.282414
v -3.145458 3.049345 -2.413525
v -2.780331 4.070368 -2.133010
v -3.019557 3.393863 -2.316798
v -2.410438 5.004560 -1.848834
v -2.949634 3.543915 -2.263080
v -2.795087 3.934235 -2.144346
v -3.024470 3.453777 -2.320573
v -2.448897 4.725639 -1.878380
v -2.398704 4.935331 -1.839819
v -3.176713 3.069276 -2.437536
v -3.196393 3.019574 -2.452655
v -2.541792 4.591668 -1.949748
v -3.164935 3.000157 -2.428488
v -2.551015 4.550658 -1.956834
v -2.980976 3.563623 -2.287159
v -2.819079 3.896481 -2.162778
v -3.127747 3.122618 -2.399917
v -2.385882 4.982549 -1.829969
v -2.826499 3.953767 -2.168479
v -3.040511 3.249996 -2.332897
v -2.379228 4.984519 -1.824856
v -2.778947 3.997098 -2.131946
v -2.969210 3.494473 -2.278119
v -2.740454 4.093602 -2.102374
v -2.993148 3.434018 -2.296510
v -2.927185 3.625448 -2.245832
v -2.594528 4.440762 -1.990264
v -2.582360 4.570358 -1.980915
v -2.657227 4.215044 -2.038433
v -2.574952 4.490202 -1.975224
v -2.583092 4.488125 -1.981477
v -2.425689 4.882750 -1.860550
v -1.829968 4.982549 -2.385882
v -2.452655 3.019574 -3.196392
v -2.314682 3.400766 -3.016804
v -2.333065 3.246335 -3.040733
v -2.249652 3.612979 -2.932159
v -2.317360 3.464338 -3.020288
v -1.859370 4.886601 -2.424152
v -2.012820 4.385846 -2.623887
v -2.276769 3.498910 -2.967455
v -2.293294 3.444585 -2.988965
v -2.403403 3.111243 -3.132284
v -2.168479 3.953767 -2.826499
v -1.948664 4.595208 -2.540380
v -1.980441 4.491509 -2.581742
v -1.976574 4.485767 -2.576708
v -2.428487 3.000157 -3.164935
v -2.108997 4.050442 -2.749075
v -2.099170 4.104055 -2.736284
v -2.283453 3.502674 -2.976156
v -1.863953 4.954859 -2.430117
v -2.017543 4.449950 -2.630035
v -1.824856 4.984519 -2.379227
v -2.144346 3.934234 -2.795087
v -1.993479 4.430195 -2.598712
v -2.177465 3.757789 -2.838196
v -1.839819 4.935332 -2.398703
v -1.848834 5.004561 -2.410437
v -2.131946 3.997098 -2.778946
v -1.984128 4.559798 -2.586541
v -2.126672 3.992338 -2.772081
v -2.259865 3.554482 -2.945450
v -2.036704 4.210474 -2.654976
v -1.882888 4.724164 -2.454763
v -2.413523 3.049346 -3.145460
v -2.159666 3.906637 -2.815028
v -2.133009 4.070368 -2.780330
v -2.433923 3.011647 -3.172010
v -2.437534 3.069276 -3.176713
v -2.283945 3.574186 -2.976794
v -1.960048 4.540092 -2.555199
v -1.242716 4.485766 -3.000282
v -1.420700 3.554481 -3.429870
v -1.367832 3.770356 -3.302263
v -1.517240 3.049345 -3.662883
v -1.321754 4.093602 -3.191046
v -1.435829 3.574185 -3.466386
v -1.359705 3.896481 -3.282645
v -1.532325 3.069275 -3.699293
v -1.508690 3.122618 -3.642248
v -1.530055 3.011647 -3.693815
v -1.431322 3.498909 -3.455505
v -1.169823 4.882750 -2.824342
v -1.181024 4.725640 -2.851379
v -1.270045 4.362179 -3.066244
v -1.325915 4.050443 -3.201090
v -1.245796 4.488138 -3.007712
v -1.456822 3.464337 -3.517057
v -1.147398 4.984519 -2.770214
v -1.171961 4.954859 -2.829501
v -1.253337 4.430195 -3.025916
v -1.434866 3.506070 -3.464063
v -1.541824 3.019574 -3.722220
v -1.156798 4.935331 -2.792903
v -1.162462 5.004560 -2.806574
v -1.411885 3.625449 -3.408590
v -1.441703 3.444584 -3.480564
v -1.247462 4.559797 -3.011737
v -1.363286 3.953766 -3.291290
v -1.526640 3.000157 -3.685572
v -1.225862 4.591668 -2.959604
v -1.466585 3.249996 -3.540616
v -1.268456 4.449950 -3.062408
v -1.341002 4.070369 -3.237503
v -1.150610 4.982549 -2.777966
v -1.456469 3.393863 -3.516205
v -1.348124 3.934234 -3.254695
v -1.340332 3.997098 -3.235891
v -1.232333 4.540092 -2.975222
v -1.281582 4.215044 -3.094085
v -1.337020 3.992338 -3.227893
v -0.515506 3.111243 -3.914223
v -0.432818 4.385845 -3.278468
v -0.492876 3.434018 -3.740232
v -0.458262 4.070368 -3.474102
v -0.521968 3.011647 -3.963900
v -0.398101 5.004561 -3.011547
v -0.490113 3.502674 -3.718982
v -0.485799 3.543916 -3.685817
v -0.400332 4.886601 -3.028697
v -0.517649 3.049345 -3.930698
v -0.394107 4.982549 -2.980840
v -0.456921 3.992338 -3.463786
v -0.467674 3.757789 -3.546463
v -0.451099 4.104055 -3.419021
v -0.420965 4.550658 -3.187340
v -0.419235 4.595208 -3.174040
v -0.405311 4.724164 -3.066977
v -0.425962 4.491521 -3.225758
v -0.497971 3.453776 -3.779401
v -0.393025 4.984519 -2.972518
v -0.460663 3.934234 -3.492555
v -0.424748 4.491925 -3.216421
v -0.428043 4.440760 -3.241755
v -0.482957 3.612979 -3.663964
v -0.490897 3.563624 -3.725011
v -0.426063 4.570358 -3.226537
v -0.437874 4.210474 -3.317345
v -0.525933 3.019574 -3.994391
v -0.500616 3.246334 -3.799736
v -0.522733 3.069276 -3.969782
v -0.520817 3.000157 -3.955053
v -0.396192 4.935332 -2.996873
v -0.489094 3.492751 -3.711151
v -0.496724 3.400766 -3.769812
v -0.463906 3.906637 -3.517491
v -0.433138 4.460511 -3.280927
v -0.465772 3.953767 -3.531836
v -0.401302 4.954859 -3.036156
v -0.453179 4.050442 -3.435016
v -0.458037 3.997098 -3.472370
v -3.007577 4.982549 -0.006120
v -3.383264 3.997098 -0.905518
v -3.503246 3.997097 -0.005879
v -3.862225 3.011647 -1.033133
v -3.998916 3.011647 -0.005656
v -2.904304 4.982549 -0.777902
v -3.927240 3.122618 -0.235513
v -3.494480 3.802267 -0.847714
v -3.827847 3.122618 -0.922762
v -3.892631 3.210773 -0.090900
v -3.552871 3.884735 -0.094867
v -3.468664 3.904641 -0.715675
v -3.117254 4.752070 -0.077142
v -3.443959 4.103701 -0.075953
v -3.377149 4.086638 -0.706291
v -3.302083 4.197542 -0.796664
v -2.973210 4.871505 -0.713613
v -3.041137 4.891411 -0.154506
v -3.269443 4.183326 -0.958078
v -2.930977 4.880037 -0.865538
v -2.715544 4.891410 -1.379495
v -3.274022 4.098013 -1.073642
v -2.728695 4.780508 -1.478638
v -3.026141 4.112232 -1.634903
v -3.456171 3.796579 -1.012614
v -3.511249 3.111243 -1.790202
v -3.784478 3.111242 -1.116681
v -3.116091 3.901797 -1.691601
v -3.368407 3.910328 -1.089695
v -3.415663 3.210773 -1.869184
v -3.535149 3.324113 -1.279842
v -3.243418 3.660228 -1.541587
v -2.983047 4.269787 -1.377472
v -2.943093 4.600965 -1.026951
v -3.052200 4.642043 -0.529537
v -3.254516 4.305729 -0.254810
v -3.575814 3.666479 -0.268776
v -3.699361 3.330167 -0.656600
v -3.990117 3.000157 -0.000001
v -3.494711 3.992338 -0.000001
v -3.852754 3.000157 -1.034997
v -3.855970 3.000157 -1.019256
v -3.375536 3.992338 -0.900036
v -3.856843 3.049345 -0.892331
v -3.808139 3.119521 -0.955903
v -3.851873 3.051736 -0.910708
v -3.844923 3.058747 -0.927267
v -3.836470 3.069899 -0.940856
v -3.827096 3.084433 -0.950538
v -3.817434 3.101357 -0.955663
v -3.484511 3.787594 -0.875048
v -3.487365 3.808787 -0.806997
v -3.474623 3.808924 -0.870234
v -3.468623 3.823995 -0.861885
v -3.466919 3.831781 -0.850578
v -3.469636 3.831752 -0.837061
v -3.476605 3.823909 -0.822214
v -3.918339 3.119843 -0.176436
v -3.952010 3.049345 -0.200165
v -3.928505 3.101596 -0.161129
v -3.937541 3.084594 -0.153305
v -3.944827 3.069993 -0.153555
v -3.949868 3.058790 -0.161902
v -3.952317 3.051747 -0.177804
v -3.528399 3.049345 -1.793067
v -3.487154 3.119844 -1.796780
v -3.517306 3.051748 -1.812498
v -3.507106 3.058790 -1.824987
v -3.498494 3.069993 -1.829678
v -3.492051 3.084595 -1.826267
v -3.488190 3.101597 -1.815031
v -3.428726 3.808787 -1.036733
v -3.461202 3.787594 -0.976653
v -3.427242 3.823909 -1.018292
v -3.428844 3.831753 -1.002048
v -3.433436 3.831782 -0.989053
v -3.440716 3.823995 -0.980147
v -3.450187 3.808924 -0.975916
v -3.782328 3.119520 -1.066935
v -3.791888 3.049345 -1.145883
v -3.790239 3.101357 -1.071740
v -3.795968 3.084432 -1.080940
v -3.799115 3.069899 -1.093932
v -3.799465 3.058746 -1.109838
v -3.796998 3.051736 -1.127564
v -3.889168 3.195984 -0.045942
v -3.894780 3.174793 -0.118646
v -3.899648 3.174654 -0.048538
v -3.906674 3.159584 -0.055896
v -3.909770 3.151798 -0.067520
v -3.908725 3.151827 -0.082596
v -3.903612 3.159670 -0.100051
v -3.470863 3.863736 -0.750219
v -3.440378 3.934234 -0.723504
v -3.459137 3.881982 -0.762201
v -3.449389 3.898984 -0.767575
v -3.442264 3.913585 -0.766029
v -3.438241 3.924789 -0.757710
v -3.437594 3.931832 -0.743207
v -3.515777 3.934234 -0.106927
v -3.555616 3.864058 -0.042041
v -3.518198 3.931844 -0.090058
v -3.522851 3.924833 -0.074375
v -3.529417 3.913681 -0.060930
v -3.537444 3.899146 -0.050626
v -3.546380 3.882221 -0.044177
v -3.345219 3.934235 -1.085462
v -3.385301 3.863736 -1.077515
v -3.352937 3.931832 -1.067103
v -3.360948 3.924789 -1.054923
v -3.368701 3.913586 -1.049740
v -3.375654 3.898985 -1.051931
v -3.381319 3.881982 -1.061385
v -3.437368 3.174793 -1.834869
v -3.395568 3.195985 -1.894727
v -3.435579 3.159670 -1.855288
v -3.431145 3.151827 -1.872876
v -3.424393 3.151798 -1.886388
v -3.415804 3.159584 -1.894865
v -3.405973 3.174656 -1.897707
v -3.104376 3.864058 -1.732001
v -3.102812 3.934234 -1.656388
v -3.097454 3.882222 -1.725567
v -3.092984 3.899147 -1.715570
v -3.091260 3.913681 -1.702717
v -3.092401 3.924833 -1.687890
v -3.096338 3.931843 -1.672093
v -3.891075 3.019574 -1.045251
v -3.894331 3.019574 -1.029357
v -4.029786 3.019574 -0.000001
v -3.895252 3.069276 -0.901169
v -3.846391 3.139420 -0.965460
v -3.890239 3.071666 -0.919731
v -3.883248 3.078673 -0.936465
v -3.874764 3.089820 -0.950201
v -3.865364 3.104348 -0.959998
v -3.855688 3.121264 -0.965194
v -3.522909 3.807193 -0.884641
v -3.525940 3.828376 -0.815870
v -3.513032 3.828513 -0.879804
v -3.507052 3.843578 -0.871385
v -3.505378 3.851360 -0.859962
v -3.508132 3.851331 -0.846296
v -3.515141 3.843492 -0.831275
v -3.957728 3.139743 -0.178189
v -3.991373 3.069276 -0.202136
v -3.967896 3.121504 -0.162726
v -3.976932 3.104509 -0.154821
v -3.984215 3.089915 -0.155071
v -3.989250 3.078717 -0.163498
v -3.991691 3.071677 -0.179555
v -3.563527 3.069277 -1.810939
v -3.522195 3.139744 -1.814856
v -3.552332 3.071678 -1.830569
v -3.542060 3.078717 -1.843199
v -3.533414 3.089916 -1.847963
v -3.526973 3.104510 -1.844554
v -3.523154 3.121505 -1.833246
v -3.466623 3.828375 -1.048160
v -3.499304 3.807193 -0.987365
v -3.465198 3.843491 -1.029536
v -3.466852 3.851331 -1.013120
v -3.471488 3.851361 -0.999977
v -3.478798 3.843577 -0.990957
v -3.488286 3.828513 -0.986653
v -3.820285 3.139419 -1.077606
v -3.829624 3.069276 -1.157258
v -3.828185 3.121265 -1.082434
v -3.833890 3.104348 -1.091704
v -3.837002 3.089820 -1.104807
v -3.837306 3.078673 -1.120860
v -3.834788 3.071666 -1.138756
v -3.928611 3.215849 -0.046403
v -3.934203 3.194667 -0.119834
v -3.939085 3.194529 -0.049024
v -3.946107 3.179465 -0.056454
v -3.949199 3.171682 -0.068194
v -3.948152 3.171712 -0.083421
v -3.943036 3.179551 -0.101051
v -3.509576 3.883300 -0.758530
v -3.479153 3.953766 -0.731600
v -3.497821 3.901538 -0.770669
v -3.488058 3.918533 -0.776124
v -3.480936 3.933127 -0.774579
v -3.476933 3.944326 -0.766180
v -3.476321 3.951365 -0.751521
v -3.555371 3.953766 -0.108117
v -3.595208 3.883622 -0.042504
v -3.557796 3.951377 -0.091059
v -3.562452 3.944369 -0.075202
v -3.569017 3.933222 -0.061606
v -3.577044 3.918694 -0.051187
v -3.585977 3.901777 -0.044663
v -3.382904 3.953767 -1.097665
v -3.423039 3.883300 -1.089500
v -3.390690 3.951366 -1.079091
v -3.398747 3.944326 -1.066759
v -3.406523 3.933128 -1.061499
v -3.413472 3.918533 -1.063687
v -3.419109 3.901537 -1.073219
v -3.472152 3.194667 -1.853461
v -3.430001 3.215849 -1.913971
v -3.470269 3.179551 -1.874047
v -3.465749 3.171712 -1.891791
v -3.458923 3.171682 -1.905437
v -3.450278 3.179465 -1.914017
v -3.440415 3.194531 -1.916925
v -3.138940 3.883623 -1.751316
v -3.137745 3.953767 -1.675064
v -3.132034 3.901778 -1.744863
v -3.127604 3.918695 -1.734804
v -3.125940 3.933222 -1.721849
v -3.127156 3.944369 -1.706890
v -3.131179 3.951376 -1.690937
v -2.999305 4.984519 0.000001
v -2.895618 4.984519 -0.778878
v -2.897804 4.984519 -0.767016
v -2.939134 4.935332 -0.681159
v -2.962519 4.865155 -0.744633
v -2.937519 4.932941 -0.695654
v -2.938354 4.925931 -0.709734
v -2.941568 4.914777 -0.722462
v -2.946935 4.900244 -0.732972
v -2.954080 4.883318 -0.740545
v -3.286147 4.197082 -0.825489
v -3.308731 4.175889 -0.765909
v -3.296896 4.175752 -0.825951
v -3.305424 4.160681 -0.821546
v -3.311154 4.152895 -0.812569
v -3.313697 4.152924 -0.799650
v -3.312874 4.160767 -0.783716
v -3.047911 4.864832 -0.137696
v -3.011497 4.935331 -0.153086
v -3.039724 4.883079 -0.125091
v -3.031721 4.900083 -0.118437
v -3.024437 4.914683 -0.118134
v -3.018373 4.925888 -0.124156
v -3.013952 4.932929 -0.136076
v -2.689092 4.935332 -1.366050
v -2.712830 4.864832 -1.397322
v -2.682564 4.932930 -1.381832
v -2.680331 4.925887 -1.394232
v -2.682524 4.914683 -1.402403
v -2.688993 4.900082 -1.405765
v -2.699317 4.883079 -1.404047
v -3.253232 4.175889 -0.983816
v -3.264372 4.197082 -0.921317
v -3.265973 4.160767 -0.970519
v -3.274880 4.152924 -0.957197
v -3.279327 4.152895 -0.944809
v -3.278994 4.160681 -0.934241
v -3.273894 4.175752 -0.926231
v -2.943246 4.865155 -0.831035
v -2.890270 4.935331 -0.874101
v -2.933849 4.883318 -0.830385
v -2.923771 4.900244 -0.833370
v -2.913708 4.914778 -0.839765
v -2.904357 4.925930 -0.849128
v -2.896364 4.932940 -0.860829
v -3.093969 4.788692 -0.036643
v -3.078733 4.809884 -0.094063
v -3.083155 4.810022 -0.038478
v -3.075153 4.825093 -0.044120
v -3.070512 4.832879 -0.053177
v -3.069558 4.832850 -0.065050
v -3.072361 4.825006 -0.078976
v -3.345298 4.120941 -0.723262
v -3.383579 4.050442 -0.711645
v -3.351482 4.102695 -0.738636
v -3.358361 4.085692 -0.747451
v -3.365474 4.071091 -0.749052
v -3.372346 4.059886 -0.743284
v -3.378518 4.052844 -0.730522
v -3.457780 4.050443 -0.105185
v -3.427521 4.120618 -0.040543
v -3.457806 4.052834 -0.088530
v -3.455454 4.059844 -0.072969
v -3.450879 4.070996 -0.059590
v -3.444390 4.085530 -0.049310
v -3.436424 4.102454 -0.042823
v -3.290017 4.050443 -1.067586
v -3.262900 4.120941 -1.038642
v -3.295348 4.052844 -1.048816
v -3.296574 4.059888 -1.034765
v -3.293602 4.071092 -1.026396
v -3.286632 4.085692 -1.024258
v -3.276151 4.102695 -1.028451
v -2.717352 4.809884 -1.450016
v -2.701357 4.788692 -1.506783
v -2.704153 4.825006 -1.459767
v -2.694640 4.832849 -1.470299
v -2.689428 4.832878 -1.480945
v -2.688846 4.825093 -1.491011
v -2.692915 4.810022 -1.499828
v -2.992550 4.120617 -1.669510
v -3.051642 4.050441 -1.629032
v -3.001427 4.102455 -1.671985
v -3.011632 4.085529 -1.670375
v -3.022483 4.070996 -1.664774
v -3.033250 4.059844 -1.655555
v -3.043200 4.052832 -1.643355
v -2.933638 5.004561 -0.789051
v -2.935865 5.004560 -0.777036
v -3.038662 5.004560 0.000001
v -2.977739 4.954859 -0.690043
v -3.000936 4.884714 -0.754231
v -2.976081 4.952470 -0.704724
v -2.976872 4.945462 -0.718977
v -2.980048 4.934315 -0.731852
v -2.985384 4.919787 -0.742477
v -2.992508 4.902869 -0.750119
v -3.324419 4.216941 -0.835050
v -3.347171 4.195759 -0.774750
v -3.335169 4.195621 -0.835487
v -3.343710 4.180557 -0.831011
v -3.349468 4.172774 -0.821917
v -3.352046 4.172804 -0.808850
v -3.351266 4.180644 -0.792743
v -3.087470 4.884391 -0.139457
v -3.051061 4.954859 -0.155067
v -3.079294 4.902630 -0.126695
v -3.071297 4.919627 -0.119961
v -3.064018 4.934220 -0.119657
v -3.057953 4.945418 -0.125759
v -3.053526 4.952457 -0.137836
v -2.724399 4.954858 -1.384013
v -2.748021 4.884391 -1.415477
v -2.717768 4.952458 -1.399994
v -2.715461 4.945418 -1.412534
v -2.717614 4.934219 -1.420777
v -2.724080 4.919625 -1.424137
v -2.734438 4.902630 -1.422344
v -3.290995 4.195759 -0.995203
v -3.302347 4.216941 -0.931993
v -3.303788 4.180643 -0.981721
v -3.312743 4.172804 -0.968227
v -3.317234 4.172775 -0.955692
v -3.316934 4.180559 -0.945011
v -3.311858 4.195622 -0.936930
v -2.981365 4.884715 -0.841752
v -2.928198 4.954859 -0.885534
v -2.971967 4.902869 -0.841128
v -2.961872 4.919787 -0.844185
v -2.951779 4.934315 -0.850693
v -2.942388 4.945462 -0.860205
v -2.934346 4.952469 -0.872078
v -3.133546 4.808286 -0.037106
v -3.118301 4.829468 -0.095255
v -3.122738 4.829606 -0.038966
v -3.114737 4.844671 -0.044681
v -3.110096 4.852453 -0.053853
v -3.109140 4.852423 -0.065877
v -3.111937 4.844584 -0.079980
v -3.383850 4.140836 -0.731539
v -3.422161 4.070368 -0.719701
v -3.389996 4.122598 -0.747067
v -3.396855 4.105601 -0.755961
v -3.403964 4.091007 -0.757562
v -3.410850 4.079809 -0.751713
v -3.417055 4.072768 -0.738795
v -3.497177 4.070368 -0.106369
v -3.466949 4.140513 -0.041005
v -3.497208 4.072759 -0.089527
v -3.494862 4.079766 -0.073791
v -3.490293 4.090913 -0.060263
v -3.483809 4.105441 -0.049867
v -3.475847 4.122358 -0.043308
v -3.327515 4.070369 -1.079729
v -3.300481 4.140836 -1.050577
v -3.332915 4.072769 -1.060745
v -3.334190 4.079810 -1.046544
v -3.331244 4.091008 -1.038099
v -3.324277 4.105602 -1.035960
v -3.313776 4.122597 -1.040233
v -2.752263 4.829469 -1.468676
v -2.735909 4.808286 -1.526092
v -2.738976 4.844584 -1.478598
v -2.729379 4.852423 -1.489288
v -2.724094 4.852452 -1.500068
v -2.723453 4.844671 -1.510237
v -2.727484 4.829605 -1.519116
v -3.026970 4.140512 -1.688744
v -3.086401 4.070368 -1.647615
v -3.035856 4.122358 -1.691197
v -3.046094 4.105441 -1.689520
v -3.056998 4.090914 -1.683815
v -3.067837 4.079765 -1.674462
v -3.077870 4.072758 -1.662105
v -3.219472 4.485766 -0.425145
v -3.680588 3.554481 -0.485120
v -3.543616 3.770356 -0.467304
v -3.930700 3.049345 -0.517650
v -3.424237 4.093602 -0.451778
v -3.719783 3.574185 -0.490217
v -3.522557 3.896481 -0.464566
v -3.969783 3.069275 -0.522733
v -3.908551 3.122618 -0.514769
v -3.963902 3.011647 -0.521969
v -3.708103 3.498909 -0.488698
v -3.030620 4.882750 -0.400582
v -3.059641 4.725640 -0.404357
v -3.290274 4.362179 -0.434354
v -3.435018 4.050443 -0.453180
v -3.227447 4.488137 -0.426182
v -3.774173 3.464338 -0.497292
v -2.972520 4.984520 -0.393026
v -3.036157 4.954859 -0.401303
v -3.246988 4.430195 -0.428724
v -3.717290 3.506070 -0.489893
v -3.994392 3.019574 -0.525934
v -2.996875 4.935332 -0.396193
v -3.011548 5.004561 -0.398102
v -3.657745 3.625449 -0.482149
v -3.735002 3.444584 -0.492197
v -3.231768 4.559798 -0.426744
v -3.531837 3.953766 -0.465773
v -3.955055 3.000157 -0.520818
v -3.175807 4.591668 -0.419466
v -3.799461 3.249997 -0.500581
v -3.286158 4.449950 -0.433819
v -3.474103 4.070369 -0.458263
v -2.980841 4.982548 -0.394108
v -3.773257 3.393863 -0.497173
v -3.492557 3.934234 -0.460664
v -3.472371 3.997098 -0.458038
v -3.192573 4.540092 -0.421647
v -3.320160 4.215044 -0.438241
v -3.463788 3.992338 -0.456922
v -3.647534 3.111243 -1.510883
v -3.055246 4.385846 -1.265490
v -3.485439 3.434019 -1.443725
v -3.237505 4.070369 -1.341001
v -3.693815 3.011647 -1.530058
v -2.806576 5.004561 -1.162461
v -3.465642 3.502674 -1.435523
v -3.434744 3.543916 -1.422722
v -2.822553 4.886600 -1.169081
v -3.662883 3.049345 -1.517242
v -2.777968 4.982549 -1.150609
v -3.227894 3.992338 -1.337020
v -3.304917 3.757789 -1.368932
v -3.186191 4.104055 -1.319740
v -2.970349 4.550658 -1.230315
v -2.957959 4.595207 -1.225181
v -2.858216 4.724164 -1.183856
v -3.006141 4.491521 -1.245144
v -3.521929 3.453777 -1.458843
v -2.770215 4.984519 -1.147396
v -3.254696 3.934235 -1.348125
v -2.997442 4.491925 -1.241540
v -3.021044 4.440761 -1.251318
v -3.414385 3.612979 -1.414286
v -3.471259 3.563624 -1.437850
v -3.006867 4.570358 -1.245444
v -3.091466 4.210474 -1.280495
v -3.722221 3.019575 -1.541827
v -3.540874 3.246335 -1.466692
v -3.699294 3.069276 -1.532328
v -3.685573 3.000157 -1.526643
v -2.792905 4.935332 -1.156797
v -3.458346 3.492752 -1.432500
v -3.512997 3.400767 -1.455142
v -3.277927 3.906637 -1.357750
v -3.057538 4.460511 -1.266438
v -3.291291 3.953767 -1.363287
v -2.829502 4.954858 -1.171960
v -3.201092 4.050442 -1.325914
v -3.235891 3.997098 -1.340334
vt 0.097487 0.953758
vt -0.000013 1.000000
vt 0.250855 0.749138
vt 0.250855 0.801675
vt 0.500000 0.500000
vt 0.455051 0.401146
vt 0.452515 0.056305
vt 0.500000 -0.000000
vt 1.000000 1.000000
vt 0.750855 0.750855
vt 0.750855 0.697244
vt 0.949557 0.897487
vt -0.000013 0.500000
vt -0.000013 -0.000000
vt 0.045500 0.101034
vt 0.051840 0.442989
vt 0.548881 0.050533
vt 0.545077 0.398261
vt 0.500000 1.000000
vt 0.548881 0.947987
vt 0.750855 0.951318
vt 0.750855 1.000000
vt 1.000000 -0.000000
vt 1.000000 0.500000
vt 0.950825 0.451646
vt 0.957165 0.101033
vt 0.394190 0.545432
vt 0.250855 0.685236
vt 0.115237 0.056305
vt 0.250855 0.193930
vt 0.250855 0.250861
vt 0.250855 0.056305
vt 0.250855 0.130182
vt 0.250855 -0.000000
vt 0.389117 0.453089
vt 0.250855 0.311432
vt 0.250855 0.393451
vt 0.250855 0.448949
vt 0.250855 0.500000
vt 0.048036 0.883059
vt 0.042964 0.554089
vt 0.250855 0.548965
vt 0.452516 0.601702
vt 0.449980 0.943658
vt 0.250855 0.619413
vt 0.250855 0.949364
vt 0.250855 0.879665
vt 0.328198 0.842301
vt 0.250855 1.000000
vt 0.898839 0.953758
vt 0.750855 0.803470
vt 0.750855 0.877577
vt 0.545078 0.594488
vt 0.827287 0.653426
vt 0.947021 0.558417
vt 0.750855 0.554268
vt 0.750862 0.500000
vt 0.664194 0.173608
vt 0.750855 0.197432
vt 0.750862 0.249138
vt 0.750862 -0.000000
vt 0.750855 0.050533
vt 0.750855 0.305105
vt 0.750855 0.454102
vt 0.848406 0.344146
vt 0.750855 0.387769
vt 0.750855 0.128639
vt 0.901375 0.050533
vt 0.598332 0.455975
vt 0.750855 0.618128
vt 0.605939 0.551203
vt 0.641846 0.821459
vt 0.149626 0.671662
vt 0.143902 0.347318
vt 0.336212 0.176679
vt 0.097487 0.953758
vt -0.000013 1.000000
vt 0.250849 0.749145
vt 0.250855 0.801674
vt 0.500000 0.500000
vt 0.455051 0.401146
vt 0.452515 0.056305
vt 0.500000 -0.000000
vt 1.000000 1.000000
vt 0.750861 0.750861
vt 0.750855 0.697244
vt 0.949557 0.897487
vt -0.000013 0.500000
vt -0.000013 -0.000000
vt 0.045500 0.101034
vt 0.051840 0.442989
vt 0.548881 0.050533
vt 0.545077 0.398261
vt 0.500000 1.000000
vt 0.548881 0.947987
vt 0.750855 0.951318
vt 0.750861 1.000000
vt 1.000000 -0.000000
vt 1.000000 0.500000
vt 0.950825 0.451646
vt 0.957165 0.101033
vt 0.394190 0.545432
vt 0.250855 0.685236
vt 0.115237 0.056305
vt 0.250855 0.193930
vt 0.250855 0.250862
vt 0.250855 0.056305
vt 0.250855 0.130182
vt 0.250855 -0.000000
vt 0.389117 0.453089
vt 0.250855 0.311432
vt 0.250855 0.393451
vt 0.250855 0.448949
vt 0.250855 0.500000
vt 0.048036 0.883059
vt 0.042964 0.554089
vt 0.250855 0.548965
vt 0.452516 0.601702
vt 0.449980 0.943658
vt 0.250855 0.619413
vt 0.250855 0.949364
vt 0.250855 0.879666
vt 0.328198 0.842301
vt 0.250849 1.000000
vt 0.898839 0.953758
vt 0.750855 0.803470
vt 0.750855 0.877577
vt 0.545078 0.594488
vt 0.827287 0.653426
vt 0.947021 0.558417
vt 0.750855 0.554268
vt 0.750861 0.500000
vt 0.664194 0.173608
vt 0.750855 0.197432
vt 0.750862 0.249138
vt 0.750861 -0.000000
vt 0.750855 0.050533
vt 0.750855 0.305105
vt 0.750855 0.454102
vt 0.848406 0.344146
vt 0.750855 0.387769
vt 0.750855 0.128639
vt 0.901375 0.050533
vt 0.598332 0.455975
vt 0.750855 0.618128
vt 0.605939 0.551203
vt 0.641846 0.821459
vt 0.149626 0.671662
vt 0.143902 0.347318
vt 0.336212 0.176679
vt 0.006225 0.006225
vt 0.092035 0.064509
vt 0.276945 0.249419
vt 0.249215 0.251373
vt 0.495654 0.500000
vt 0.437158 0.590368
vt 0.282238 0.745288
vt 0.252253 0.745563
vt 0.495654 0.993775
vt 0.472474 0.935653
vt 0.472474 0.745288
vt 0.495654 0.745563
vt 0.006225 0.993775
vt 0.102651 0.970807
vt 0.437320 0.970807
vt 0.006225 0.503816
vt 0.029193 0.562680
vt 0.029193 0.745288
vt 0.006225 0.745561
vt 0.064509 0.907965
vt 0.227186 0.745288
vt 0.399015 0.527526
vt 0.064347 0.527526
vt 0.409632 0.437158
vt 0.221893 0.249419
vt 0.006225 0.496184
vt 0.064347 0.472474
vt 0.399015 0.472474
vt 0.029193 0.102651
vt 0.029193 0.249420
vt 0.006225 0.251358
vt 0.472474 0.399016
vt 0.472474 0.249420
vt 0.495654 0.251373
vt 0.495654 0.006225
vt 0.437320 0.029193
vt 0.102651 0.029193
vt 0.030391 0.553582
vt 0.033903 0.545103
vt 0.039489 0.537823
vt 0.046770 0.532236
vt 0.055249 0.528724
vt 0.409700 0.528729
vt 0.417250 0.532258
vt 0.421151 0.537870
vt 0.421136 0.545184
vt 0.417207 0.553702
vt 0.409632 0.562842
vt 0.055369 0.915540
vt 0.046851 0.919469
vt 0.039537 0.919484
vt 0.033924 0.915583
vt 0.030396 0.908033
vt 0.029193 0.897349
vt 0.030396 0.091967
vt 0.033924 0.084417
vt 0.039537 0.080516
vt 0.046851 0.080531
vt 0.055369 0.084460
vt 0.064509 0.092035
vt 0.417207 0.446298
vt 0.421136 0.454816
vt 0.421151 0.462130
vt 0.417250 0.467742
vt 0.409700 0.471271
vt 0.055249 0.471276
vt 0.046770 0.467764
vt 0.039489 0.462178
vt 0.033903 0.454897
vt 0.030391 0.446418
vt 0.029193 0.437320
vt 0.091966 0.969604
vt 0.084417 0.966076
vt 0.080516 0.960463
vt 0.080531 0.953149
vt 0.084460 0.944631
vt 0.092035 0.935491
vt 0.446298 0.582793
vt 0.454816 0.578864
vt 0.462130 0.578850
vt 0.467742 0.582750
vt 0.471270 0.590300
vt 0.472474 0.600985
vt 0.471276 0.944752
vt 0.467764 0.953230
vt 0.462177 0.960511
vt 0.454897 0.966097
vt 0.446418 0.969609
vt 0.471270 0.409700
vt 0.467742 0.417250
vt 0.462130 0.421151
vt 0.454816 0.421136
vt 0.446298 0.417207
vt 0.437158 0.409632
vt 0.084460 0.055369
vt 0.080531 0.046851
vt 0.080516 0.039537
vt 0.084417 0.033925
vt 0.091966 0.030396
vt 0.446418 0.030391
vt 0.454897 0.033903
vt 0.462177 0.039490
vt 0.467764 0.046770
vt 0.471276 0.055249
vt 0.472474 0.064347
vt 0.006225 0.006225
vt 0.250064 0.252230
vt 0.276945 0.249419
vt 0.092035 0.064509
vt 0.495654 0.500000
vt 0.252253 0.745563
vt 0.282239 0.745288
vt 0.437158 0.590368
vt 0.495654 0.745563
vt 0.472474 0.745288
vt 0.472474 0.935653
vt 0.437320 0.970807
vt 0.102651 0.970807
vt 0.006225 0.503816
vt 0.006225 0.745561
vt 0.029193 0.745288
vt 0.029193 0.562680
vt 0.227186 0.745288
vt 0.064509 0.907965
vt 0.064347 0.527526
vt 0.399015 0.527526
vt 0.221893 0.249419
vt 0.409632 0.437158
vt 0.006225 0.496184
vt 0.399015 0.472474
vt 0.064347 0.472474
vt 0.006225 0.252208
vt 0.029193 0.249419
vt 0.029193 0.102651
vt 0.495654 0.252230
vt 0.472474 0.249419
vt 0.472474 0.399016
vt 0.495654 0.006225
vt 0.102651 0.029193
vt 0.437320 0.029193
vt 0.030391 0.553582
vt 0.033903 0.545103
vt 0.039489 0.537823
vt 0.046770 0.532236
vt 0.055249 0.528724
vt 0.409700 0.528729
vt 0.417250 0.532258
vt 0.421151 0.537870
vt 0.421136 0.545184
vt 0.417207 0.553702
vt 0.409632 0.562842
vt 0.055369 0.915540
vt 0.046851 0.919469
vt 0.039537 0.919484
vt 0.033924 0.915583
vt 0.030396 0.908033
vt 0.029193 0.897349
vt 0.030396 0.091967
vt 0.033924 0.084417
vt 0.039537 0.080516
vt 0.046851 0.080531
vt 0.055369 0.084460
vt 0.064509 0.092035
vt 0.417207 0.446298
vt 0.421136 0.454816
vt 0.421151 0.462130
vt 0.417250 0.467742
vt 0.409700 0.471271
vt 0.055249 0.471276
vt 0.046770 0.467764
vt 0.039489 0.462178
vt 0.033903 0.454897
vt 0.030391 0.446418
vt 0.029193 0.437320
vt 0.091966 0.969604
vt 0.084417 0.966076
vt 0.080516 0.960463
vt 0.080531 0.953149
vt 0.084460 0.944631
vt 0.092035 0.935491
vt 0.446298 0.582793
vt 0.454816 0.578864
vt 0.462130 0.578850
vt 0.467742 0.582750
vt 0.471270 0.590300
vt 0.472474 0.600985
vt 0.471276 0.944752
vt 0.467764 0.953230
vt 0.462177 0.960511
vt 0.454897 0.966097
vt 0.446418 0.969609
vt 0.471270 0.409700
vt 0.467742 0.417250
vt 0.462130 0.421151
vt 0.454816 0.421136
vt 0.446298 0.417207
vt 0.437158 0.409632
vt 0.084460 0.055369
vt 0.080531 0.046851
vt 0.080516 0.039537
vt 0.084417 0.033925
vt 0.091966 0.030396
vt 0.446418 0.030391
vt 0.454897 0.033903
vt 0.462177 0.039490
vt 0.467764 0.046770
vt 0.471276 0.055249
vt 0.472474 0.064347
vt 0.006225 0.006225
vt 0.249215 0.251373
vt 0.276946 0.249420
vt 0.092035 0.064509
vt 0.252253 0.745563
vt 0.282239 0.745288
vt 0.437158 0.590368
vt 0.472474 0.745288
vt 0.472474 0.935653
vt 0.006225 0.993775
vt 0.437320 0.970807
vt 0.102651 0.970807
vt 0.006225 0.503816
vt 0.006225 0.745561
vt 0.029193 0.745288
vt 0.029193 0.562680
vt 0.227186 0.745288
vt 0.064509 0.907965
vt 0.064347 0.527526
vt 0.399015 0.527526
vt 0.221893 0.249420
vt 0.409632 0.437158
vt 0.006225 0.496184
vt 0.399015 0.472474
vt 0.064347 0.472474
vt 0.006225 0.251358
vt 0.029193 0.249420
vt 0.029193 0.102651
vt 0.472474 0.249420
vt 0.472474 0.399016
vt 0.102651 0.029193
vt 0.437320 0.029193
vt 0.030391 0.553582
vt 0.033903 0.545103
vt 0.039489 0.537823
vt 0.046770 0.532236
vt 0.055249 0.528724
vt 0.409700 0.528729
vt 0.417250 0.532258
vt 0.421151 0.537870
vt 0.421136 0.545184
vt 0.417207 0.553702
vt 0.409632 0.562842
vt 0.055369 0.915540
vt 0.046851 0.919469
vt 0.039537 0.919484
vt 0.033924 0.915583
vt 0.030396 0.908033
vt 0.029193 0.897349
vt 0.030396 0.091967
vt 0.033924 0.084417
vt 0.039537 0.080516
vt 0.046851 0.080531
vt 0.055369 0.084460
vt 0.064509 0.092035
vt 0.417207 0.446298
vt 0.421136 0.454816
vt 0.421151 0.462130
vt 0.417250 0.467742
vt 0.409700 0.471271
vt 0.055249 0.471276
vt 0.046770 0.467764
vt 0.039489 0.462178
vt 0.033903 0.454897
vt 0.030391 0.446418
vt 0.029193 0.437320
vt 0.091966 0.969604
vt 0.084417 0.966076
vt 0.080516 0.960463
vt 0.080531 0.953149
vt 0.084460 0.944631
vt 0.092035 0.935491
vt 0.446298 0.582793
vt 0.454816 0.578864
vt 0.462130 0.578850
vt 0.467742 0.582750
vt 0.471270 0.590300
vt 0.472474 0.600985
vt 0.471276 0.944752
vt 0.467764 0.953230
vt 0.462177 0.960511
vt 0.454897 0.966097
vt 0.446418 0.969609
vt 0.471270 0.409700
vt 0.467742 0.417250
vt 0.462130 0.421151
vt 0.454816 0.421136
vt 0.446298 0.417207
vt 0.437158 0.409632
vt 0.084460 0.055369
vt 0.080531 0.046851
vt 0.080516 0.039537
vt 0.084417 0.033925
vt 0.091966 0.030396
vt 0.446418 0.030391
vt 0.454897 0.033903
vt 0.462177 0.039490
vt 0.467764 0.046770
vt 0.471276 0.055249
vt 0.472474 0.064347
vt 0.006225 0.006225
vt 0.092035 0.064509
vt 0.276945 0.249419
vt 0.250064 0.252230
vt 0.437158 0.590368
vt 0.282239 0.745288
vt 0.252253 0.745563
vt 0.472474 0.935653
vt 0.472474 0.745288
vt 0.102651 0.970807
vt 0.437320 0.970807
vt 0.006225 0.503816
vt 0.029193 0.562680
vt 0.029193 0.745288
vt 0.006225 0.745561
vt 0.064509 0.907965
vt 0.227186 0.745288
vt 0.399015 0.527526
vt 0.064347 0.527526
vt 0.409632 0.437158
vt 0.221893 0.249419
vt 0.006225 0.496184
vt 0.064347 0.472474
vt 0.399015 0.472474
vt 0.029193 0.102651
vt 0.029193 0.249419
vt 0.006225 0.252208
vt 0.472474 0.399016
vt 0.472474 0.249419
vt 0.437320 0.029193
vt 0.102651 0.029193
vt 0.030391 0.553582
vt 0.033903 0.545103
vt 0.039489 0.537823
vt 0.046770 0.532236
vt 0.055249 0.528724
vt 0.409700 0.528729
vt 0.417250 0.532258
vt 0.421151 0.537870
vt 0.421136 0.545184
vt 0.417207 0.553702
vt 0.409632 0.562842
vt 0.055369 0.915540
vt 0.046851 0.919469
vt 0.039537 0.919484
vt 0.033924 0.915583
vt 0.030396 0.908033
vt 0.029193 0.897349
vt 0.030396 0.091967
vt 0.033924 0.084417
vt 0.039537 0.080516
vt 0.046851 0.080531
vt 0.055369 0.084460
vt 0.064509 0.092035
vt 0.417207 0.446298
vt 0.421136 0.454816
vt 0.421151 0.462130
vt 0.417250 0.467742
vt 0.409700 0.471271
vt 0.055249 0.471276
vt 0.046770 0.467764
vt 0.039489 0.462178
vt 0.033903 0.454897
vt 0.030391 0.446418
vt 0.029193 0.437320
vt 0.091966 0.969604
vt 0.084417 0.966076
vt 0.080516 0.960463
vt 0.080531 0.953149
vt 0.084460 0.944631
vt 0.092035 0.935491
vt 0.446298 0.582793
vt 0.454816 0.578864
vt 0.462130 0.578850
vt 0.467742 0.582750
vt 0.471270 0.590300
vt 0.472474 0.600985
vt 0.471276 0.944752
vt 0.467764 0.953230
vt 0.462177 0.960511
vt 0.454897 0.966097
vt 0.446418 0.969609
vt 0.471270 0.409700
vt 0.467742 0.417250
vt 0.462130 0.421151
vt 0.454816 0.421136
vt 0.446298 0.417207
vt 0.437158 0.409632
vt 0.084460 0.055369
vt 0.080531 0.046851
vt 0.080516 0.039537
vt 0.084417 0.033925
vt 0.091966 0.030396
vt 0.446418 0.030391
vt 0.454897 0.033903
vt 0.462177 0.039490
vt 0.467764 0.046770
vt 0.471276 0.055249
vt 0.472474 0.064347
vt 0.097487 0.953758
vt -0.000013 1.000000
vt 0.250849 0.749145
vt 0.250855 0.801674
vt 0.500000 0.500000
vt 0.455051 0.401146
vt 0.452515 0.056305
vt 0.500000 -0.000000
vt 1.000000 1.000000
vt 0.750861 0.750861
vt 0.750855 0.697244
vt 0.949557 0.897487
vt -0.000013 0.500000
vt -0.000013 -0.000000
vt 0.045500 0.101034
vt 0.051840 0.442989
vt 0.548881 0.050533
vt 0.545077 0.398261
vt 0.500000 1.000000
vt 0.548881 0.947987
vt 0.750855 0.951318
vt 0.750861 1.000000
vt 1.000000 -0.000000
vt 1.000000 0.500000
vt 0.950825 0.451646
vt 0.957165 0.101033
vt 0.394190 0.545432
vt 0.250855 0.685236
vt 0.115237 0.056305
vt 0.250855 0.193930
vt 0.250855 0.250862
vt 0.250855 0.056305
vt 0.250855 0.130182
vt 0.250855 -0.000000
vt 0.389117 0.453089
vt 0.250855 0.311432
vt 0.250855 0.393451
vt 0.250855 0.448949
vt 0.250855 0.500000
vt 0.048036 0.883059
vt 0.042964 0.554089
vt 0.250855 0.548965
vt 0.452516 0.601702
vt 0.449980 0.943658
vt 0.250855 0.619413
vt 0.250855 0.949364
vt 0.250855 0.879666
vt 0.328198 0.842301
vt 0.250849 1.000000
vt 0.898839 0.953758
vt 0.750855 0.803470
vt 0.750855 0.877577
vt 0.545078 0.594488
vt 0.827287 0.653426
vt 0.947021 0.558417
vt 0.750855 0.554268
vt 0.750861 0.500000
vt 0.664194 0.173608
vt 0.750855 0.197432
vt 0.750862 0.249138
vt 0.750861 -0.000000
vt 0.750855 0.050533
vt 0.750855 0.305105
vt 0.750855 0.454102
vt 0.848406 0.344146
vt 0.750855 0.387769
vt 0.750855 0.128639
vt 0.901375 0.050533
vt 0.598332 0.455975
vt 0.750855 0.618128
vt 0.605939 0.551203
vt 0.641846 0.821459
vt 0.149626 0.671662
vt 0.143902 0.347318
vt 0.336212 0.176679
vt 0.092035 0.064509
vt 0.276945 0.249419
vt 0.249215 0.251373
vt 0.495654 0.500000
vt 0.437158 0.590368
vt 0.282238 0.745288
vt 0.252253 0.745563
vt 0.495654 0.993775
vt 0.472474 0.935653
vt 0.472474 0.745288
vt 0.495654 0.745563
vt 0.006225 0.993775
vt 0.102651 0.970807
vt 0.437320 0.970807
vt 0.006225 0.503816
vt 0.029193 0.562680
vt 0.029193 0.745288
vt 0.006225 0.745561
vt 0.064509 0.907965
vt 0.227186 0.745288
vt 0.399015 0.527526
vt 0.064347 0.527526
vt 0.409632 0.437158
vt 0.221893 0.249419
vt 0.006225 0.496184
vt 0.064347 0.472474
vt 0.399015 0.472474
vt 0.029193 0.102651
vt 0.029193 0.249420
vt 0.006225 0.251358
vt 0.472474 0.399016
vt 0.472474 0.249420
vt 0.495654 0.251373
vt 0.437320 0.029193
vt 0.102651 0.029193
vt 0.030391 0.553582
vt 0.033903 0.545103
vt 0.039489 0.537823
vt 0.046770 0.532236
vt 0.055249 0.528724
vt 0.409700 0.528729
vt 0.417250 0.532258
vt 0.421151 0.537870
vt 0.421136 0.545184
vt 0.417207 0.553702
vt 0.409632 0.562842
vt 0.055369 0.915540
vt 0.046851 0.919469
vt 0.039537 0.919484
vt 0.033924 0.915583
vt 0.030396 0.908033
vt 0.029193 0.897349
vt 0.030396 0.091967
vt 0.033924 0.084417
vt 0.039537 0.080516
vt 0.046851 0.080531
vt 0.055369 0.084460
vt 0.064509 0.092035
vt 0.417207 0.446298
vt 0.421136 0.454816
vt 0.421151 0.462130
vt 0.417250 0.467742
vt 0.409700 0.471271
vt 0.055249 0.471276
vt 0.046770 0.467764
vt 0.039489 0.462178
vt 0.033903 0.454897
vt 0.030391 0.446418
vt 0.029193 0.437320
vt 0.091966 0.969604
vt 0.084417 0.966076
vt 0.080516 0.960463
vt 0.080531 0.953149
vt 0.084460 0.944631
vt 0.092035 0.935491
vt 0.446298 0.582793
vt 0.454816 0.578864
vt 0.462130 0.578850
vt 0.467742 0.582750
vt 0.471270 0.590300
vt 0.472474 0.600985
vt 0.471276 0.944752
vt 0.467764 0.953230
vt 0.462177 0.960511
vt 0.454897 0.966097
vt 0.446418 0.969609
vt 0.471270 0.409700
vt 0.467742 0.417250
vt 0.462130 0.421151
vt 0.454816 0.421136
vt 0.446298 0.417207
vt 0.437158 0.409632
vt 0.084460 0.055369
vt 0.080531 0.046851
vt 0.080516 0.039537
vt 0.084417 0.033925
vt 0.091966 0.030396
vt 0.446418 0.030391
vt 0.454897 0.033903
vt 0.462177 0.039490
vt 0.467764 0.046770
vt 0.471276 0.055249
vt 0.472474 0.064347
vt 0.249215 0.251373
vt 0.276946 0.249420
vt 0.092035 0.064509
vt 0.252253 0.745563
vt 0.282239 0.745288
vt 0.437158 0.590368
vt 0.472474 0.745288
vt 0.472474 0.935653
vt 0.006225 0.993775
vt 0.437320 0.970807
vt 0.102651 0.970807
vt 0.006225 0.503816
vt 0.006225 0.745561
vt 0.029193 0.745288
vt 0.029193 0.562680
vt 0.227186 0.745288
vt 0.064509 0.907965
vt 0.064347 0.527526
vt 0.399015 0.527526
vt 0.221893 0.249420
vt 0.409632 0.437158
vt 0.006225 0.496184
vt 0.399015 0.472474
vt 0.064347 0.472474
vt 0.006225 0.251358
vt 0.029193 0.249420
vt 0.029193 0.102651
vt 0.472474 0.249420
vt 0.472474 0.399016
vt 0.102651 0.029193
vt 0.437320 0.029193
vt 0.030391 0.553582
vt 0.033903 0.545103
vt 0.039489 0.537823
vt 0.046770 0.532236
vt 0.055249 0.528724
vt 0.409700 0.528729
vt 0.417250 0.532258
vt 0.421151 0.537870
vt 0.421136 0.545184
vt 0.417207 0.553702
vt 0.409632 0.562842
vt 0.055369 0.915540
vt 0.046851 0.919469
vt 0.039537 0.919484
vt 0.033924 0.915583
vt 0.030396 0.908033
vt 0.029193 0.897349
vt 0.030396 0.091967
vt 0.033924 0.084417
vt 0.039537 0.080516
vt 0.046851 0.080531
vt 0.055369 0.084460
vt 0.064509 0.092035
vt 0.417207 0.446298
vt 0.421136 0.454816
vt 0.421151 0.462130
vt 0.417250 0.467742
vt 0.409700 0.471271
vt 0.055249 0.471276
vt 0.046770 0.467764
vt 0.039489 0.462178
vt 0.033903 0.454897
vt 0.030391 0.446418
vt 0.029193 0.437320
vt 0.091966 0.969604
vt 0.084417 0.966076
vt 0.080516 0.960463
vt 0.080531 0.953149
vt 0.084460 0.944631
vt 0.092035 0.935491
vt 0.446298 0.582793
vt 0.454816 0.578864
vt 0.462130 0.578850
vt 0.467742 0.582750
vt 0.471270 0.590300
vt 0.472474 0.600985
vt 0.471276 0.944752
vt 0.467764 0.953230
vt 0.462177 0.960511
vt 0.454897 0.966097
vt 0.446418 0.969609
vt 0.471270 0.409700
vt 0.467742 0.417250
vt 0.462130 0.421151
vt 0.454816 0.421136
vt 0.446298 0.417207
vt 0.437158 0.409632
vt 0.084460 0.055369
vt 0.080531 0.046851
vt 0.080516 0.039537
vt 0.084417 0.033925
vt 0.091966 0.030396
vt 0.446418 0.030391
vt 0.454897 0.033903
vt 0.462177 0.039490
vt 0.467764 0.046770
vt 0.471276 0.055249
vt 0.472474 0.064347
vt -0.438046 0.372558
vt 0.061524 0.372558
vt 0.062227 0.391904
vt -0.437499 0.391904
vt 0.177509 0.402606
vt 0.177509 0.371312
vt 0.148164 0.371312
vt 0.148164 0.402606
vt 1.090900 0.402606
vt 1.090900 0.371312
vt 0.578076 0.371312
vt 0.578075 0.402606
vt 1.115947 0.402606
vt 1.115947 0.371312
vt 1.140993 0.402606
vt 1.140993 0.371312
vt 1.166039 0.402606
vt 1.166039 0.371312
vt 1.191086 0.402606
vt 1.191086 0.371312
vt 1.216133 0.402606
vt 1.216133 0.371312
vt 1.241179 0.402606
vt 1.241179 0.371312
vt 2.154570 0.402607
vt 2.154570 0.371313
vt 2.183916 0.402607
vt 2.183916 0.371313
vt 2.206659 0.402607
vt 2.206659 0.371313
vt 2.225313 0.402607
vt 2.225313 0.371313
vt 2.245275 0.402607
vt 2.245276 0.371313
vt 2.270876 0.402607
vt 2.270876 0.371313
vt 2.303277 0.402607
vt 2.303277 0.371313
vt 0.028803 0.402606
vt 0.028803 0.371312
vt -0.578657 0.371311
vt -0.578658 0.402605
vt 0.061204 0.402606
vt 0.061203 0.371312
vt 0.086804 0.402606
vt 0.086803 0.371312
vt 0.106766 0.402606
vt 0.106766 0.371312
vt 0.125419 0.402606
vt 0.125419 0.371312
vt 0.493149 0.402607
vt 0.059069 0.402607
vt 0.059069 0.371311
vt 0.493149 0.371311
vt 0.506851 0.371311
vt 0.506851 0.402607
vt 1.386626 0.371311
vt 1.386626 0.402607
vt 0.946464 0.402607
vt 0.946463 0.371311
vt 2.273968 0.402607
vt 2.273968 0.371312
vt 2.251223 0.371312
vt 2.251223 0.402607
vt 2.232569 0.371312
vt 2.232569 0.402607
vt 2.212607 0.371312
vt 2.212607 0.402607
vt 2.187006 0.371312
vt 2.187006 0.402607
vt 2.154605 0.371312
vt 2.154605 0.402607
vt 1.536216 0.371311
vt 1.536217 0.402606
vt 0.822497 0.402606
vt 0.822497 0.371311
vt 0.790096 0.371311
vt 0.790095 0.402606
vt 0.764495 0.371311
vt 0.764495 0.402606
vt 0.744532 0.371311
vt 0.744532 0.402606
vt 0.725879 0.371311
vt 0.725879 0.402606
vt 0.703133 0.371311
vt 0.703133 0.402606
vt 0.673787 0.371311
vt 0.673787 0.402606
vt -0.239623 0.371311
vt -0.239623 0.402606
vt -0.264670 0.371311
vt -0.264670 0.402606
vt -0.289717 0.371311
vt -0.289717 0.402606
vt -0.314764 0.371311
vt -0.314764 0.402606
vt -0.339811 0.371311
vt -0.339810 0.402606
vt -0.364857 0.371311
vt -0.364857 0.402606
vt -0.389905 0.371311
vt -0.389905 0.402606
vt -0.895022 0.371311
vt -0.895022 0.402606
vt 2.303314 0.402607
vt 2.303314 0.371312
vt -0.115983 0.402607
vt -0.115983 0.371311
vt -0.141030 0.371311
vt -0.141030 0.402607
vt -0.166078 0.371311
vt -0.166078 0.402607
vt -0.191127 0.371311
vt -0.191127 0.402607
vt -0.216174 0.371311
vt -0.216174 0.402607
vt -0.241223 0.371311
vt -0.241223 0.402607
vt -1.154665 0.371311
vt -1.154665 0.402607
vt -1.184013 0.371311
vt -1.184013 0.402607
vt -1.206758 0.371311
vt -1.206758 0.402607
vt -1.225413 0.371311
vt -1.225413 0.402607
vt -1.245376 0.371311
vt -1.245376 0.402607
vt -1.270979 0.371311
vt -1.270979 0.402607
vt -1.303381 0.371311
vt -1.303381 0.402607
vt 2.303381 0.402607
vt 2.303381 0.371311
vt 1.599150 0.371311
vt 1.599151 0.402607
vt 0.971224 0.402607
vt 0.971224 0.371311
vt 0.938822 0.371311
vt 0.938822 0.402607
vt 0.913220 0.371311
vt 0.913219 0.402607
vt 0.893256 0.371311
vt 0.893256 0.402607
vt 0.874602 0.371311
vt 0.874602 0.402607
vt 0.851857 0.371311
vt 0.851857 0.402607
vt 0.822509 0.371311
vt 0.822509 0.402607
vt 0.407474 0.371311
vt 0.407474 0.402607
vt -0.090934 0.402607
vt -0.090934 0.371311
vt 0.296859 0.402607
vt 0.296859 0.371311
vt 0.274114 0.371311
vt 0.274114 0.402607
vt 0.255460 0.371311
vt 0.255460 0.402607
vt 0.235497 0.371311
vt 0.235497 0.402607
vt 0.209895 0.371311
vt 0.209895 0.402607
vt 0.177492 0.371311
vt 0.177492 0.402607
vt -0.556680 0.371311
vt -0.556681 0.402607
vt -1.154659 0.402607
vt -1.154659 0.371311
vt -1.187061 0.371311
vt -1.187061 0.402607
vt -1.212663 0.371311
vt -1.212663 0.402607
vt -1.232626 0.371311
vt -1.232626 0.402607
vt -1.251281 0.371311
vt -1.251281 0.402607
vt -1.274027 0.371311
vt -1.274027 0.402607
vt -1.303374 0.371311
vt -1.303374 0.402607
vt 2.303374 0.402607
vt 2.303374 0.371311
vt 1.909515 0.371311
vt 1.909515 0.402607
vt 1.389935 0.402607
vt 1.389935 0.371311
vt 1.364886 0.371311
vt 1.364886 0.402607
vt 1.339839 0.371311
vt 1.339839 0.402607
vt 1.314790 0.371311
vt 1.314790 0.402607
vt 1.289743 0.371311
vt 1.289743 0.402607
vt 1.264695 0.371311
vt 1.264695 0.402607
vt 1.239647 0.371311
vt 1.239647 0.402607
vt 0.326207 0.371311
vt 0.326207 0.402607
vt 0.177509 0.402606
vt 0.148164 0.402606
vt 0.148164 0.371312
vt 0.177509 0.371312
vt 1.090900 0.402606
vt 0.578074 0.402606
vt 0.578074 0.371312
vt 1.090900 0.371312
vt 1.115947 0.402606
vt 1.115947 0.371312
vt 1.140993 0.402606
vt 1.140993 0.371312
vt 1.166039 0.402606
vt 1.166039 0.371312
vt 1.191086 0.402606
vt 1.191086 0.371312
vt 1.216133 0.402606
vt 1.216133 0.371312
vt 1.241179 0.402606
vt 1.241179 0.371312
vt 2.154570 0.402607
vt 2.154570 0.371313
vt 2.183916 0.402607
vt 2.183916 0.371313
vt 2.206659 0.402607
vt 2.206659 0.371313
vt 2.225313 0.402607
vt 2.225313 0.371313
vt 2.245275 0.402607
vt 2.245276 0.371313
vt 2.270876 0.402607
vt 2.270876 0.371313
vt 2.303277 0.402607
vt 2.303277 0.371313
vt 0.028803 0.402606
vt -0.578657 0.402605
vt -0.578656 0.371311
vt 0.028803 0.371312
vt 0.061204 0.402606
vt 0.061203 0.371312
vt 0.086804 0.402606
vt 0.086803 0.371312
vt 0.106766 0.402606
vt 0.106766 0.371312
vt 0.125419 0.402606
vt 0.125419 0.371312
vt 0.493149 0.402607
vt 0.493149 0.371311
vt 0.059070 0.371311
vt 0.059070 0.402607
vt 0.506851 0.371311
vt 0.506851 0.402607
vt 1.386626 0.371311
vt 0.944937 0.371311
vt 0.944937 0.402607
vt 1.386626 0.402607
vt 0.506851 0.402607
vt 1.386626 0.402607
vt 1.386626 0.371311
vt 0.506851 0.371311
vt 2.273968 0.402607
vt 2.251223 0.402607
vt 2.251223 0.371312
vt 2.273968 0.371312
vt 2.232569 0.402607
vt 2.232569 0.371312
vt 2.212607 0.402607
vt 2.212607 0.371312
vt 2.187006 0.402607
vt 2.187006 0.371312
vt 2.154605 0.402607
vt 2.154605 0.371312
vt 1.536214 0.402606
vt 1.536214 0.371311
vt 0.822497 0.402606
vt 0.790095 0.402606
vt 0.790096 0.371311
vt 0.822497 0.371311
vt 0.764495 0.402606
vt 0.764495 0.371311
vt 0.744532 0.402606
vt 0.744532 0.371311
vt 0.725879 0.402606
vt 0.725879 0.371311
vt 0.703133 0.402606
vt 0.703133 0.371311
vt 0.673787 0.402606
vt 0.673787 0.371311
vt -0.239623 0.402606
vt -0.239623 0.371311
vt -0.264670 0.402606
vt -0.264670 0.371311
vt -0.289717 0.402606
vt -0.289717 0.371311
vt -0.314764 0.402606
vt -0.314764 0.371311
vt -0.339810 0.402606
vt -0.339811 0.371311
vt -0.364857 0.402606
vt -0.364857 0.371311
vt -0.389905 0.402606
vt -0.389905 0.371311
vt -0.895021 0.402606
vt -0.895021 0.371311
vt 2.303314 0.402607
vt 2.303314 0.371312
vt -0.115983 0.402607
vt -0.141030 0.402607
vt -0.141030 0.371311
vt -0.115983 0.371311
vt -0.166078 0.402607
vt -0.166078 0.371311
vt -0.191127 0.402607
vt -0.191127 0.371311
vt -0.216174 0.402607
vt -0.216174 0.371311
vt -0.241223 0.402607
vt -0.241223 0.371311
vt -1.154665 0.402607
vt -1.154665 0.371311
vt -1.184013 0.402607
vt -1.184013 0.371311
vt -1.206758 0.402607
vt -1.206758 0.371311
vt -1.225413 0.402607
vt -1.225413 0.371311
vt -1.245376 0.402607
vt -1.245376 0.371311
vt -1.270979 0.402607
vt -1.270979 0.371311
vt -1.303381 0.402607
vt -1.303381 0.371311
vt 2.303381 0.402607
vt 1.599151 0.402607
vt 1.599150 0.371311
vt 2.303381 0.371311
vt 0.971224 0.402607
vt 0.938822 0.402607
vt 0.938822 0.371311
vt 0.971224 0.371311
vt 0.913219 0.402607
vt 0.913220 0.371311
vt 0.893256 0.402607
vt 0.893256 0.371311
vt 0.874602 0.402607
vt 0.874602 0.371311
vt 0.851857 0.402607
vt 0.851857 0.371311
vt 0.822509 0.402607
vt 0.822509 0.371311
vt 0.407475 0.402607
vt 0.407475 0.371311
vt -0.090934 0.402607
vt -0.090934 0.371311
vt 0.296859 0.402607
vt 0.274114 0.402607
vt 0.274114 0.371311
vt 0.296859 0.371311
vt 0.255460 0.402607
vt 0.255460 0.371311
vt 0.235497 0.402607
vt 0.235497 0.371311
vt 0.209895 0.402607
vt 0.209895 0.371311
vt 0.177492 0.402607
vt 0.177492 0.371311
vt -0.556681 0.402607
vt -0.556681 0.371311
vt -1.154659 0.402607
vt -1.187061 0.402607
vt -1.187061 0.371311
vt -1.154659 0.371311
vt -1.212663 0.402607
vt -1.212663 0.371311
vt -1.232626 0.402607
vt -1.232626 0.371311
vt -1.251281 0.402607
vt -1.251281 0.371311
vt -1.274027 0.402607
vt -1.274027 0.371311
vt -1.303374 0.402607
vt -1.303374 0.371311
vt 2.303374 0.402607
vt 1.909515 0.402607
vt 1.909515 0.371311
vt 2.303374 0.371311
vt 1.389935 0.402607
vt 1.364886 0.402607
vt 1.364886 0.371311
vt 1.389935 0.371311
vt 1.339839 0.402607
vt 1.339839 0.371311
vt 1.314790 0.402607
vt 1.314790 0.371311
vt 1.289743 0.402607
vt 1.289743 0.371311
vt 1.264695 0.402607
vt 1.264695 0.371311
vt 1.239647 0.402607
vt 1.239647 0.371311
vt 0.326207 0.402607
vt 0.326207 0.371311
vt 0.561093 0.372558
vt 0.561954 0.391905
vt 0.177509 0.402606
vt 0.148164 0.402606
vt 0.148164 0.371312
vt 0.177509 0.371312
vt 1.090900 0.402606
vt 0.578076 0.402606
vt 0.578076 0.371312
vt 1.090900 0.371312
vt 1.115947 0.402606
vt 1.115947 0.371312
vt 1.140993 0.402606
vt 1.140993 0.371312
vt 1.166039 0.402606
vt 1.166039 0.371312
vt 1.191086 0.402606
vt 1.191086 0.371312
vt 1.216133 0.402606
vt 1.216133 0.371312
vt 1.241179 0.402606
vt 1.241179 0.371312
vt 2.154570 0.402607
vt 2.154570 0.371313
vt 2.183916 0.402607
vt 2.183916 0.371313
vt 2.206659 0.402607
vt 2.206659 0.371313
vt 2.225313 0.402607
vt 2.225313 0.371313
vt 2.245275 0.402607
vt 2.245276 0.371313
vt 2.270876 0.402607
vt 2.270876 0.371313
vt 2.303277 0.402607
vt 2.303277 0.371313
vt 0.028803 0.402606
vt -0.578659 0.402605
vt -0.578658 0.371311
vt 0.028803 0.371312
vt 0.061204 0.402606
vt 0.061203 0.371312
vt 0.086804 0.402606
vt 0.086803 0.371312
vt 0.106766 0.402606
vt 0.106766 0.371312
vt 0.125419 0.402606
vt 0.125419 0.371312
vt 0.493149 0.402607
vt 0.493149 0.371311
vt 0.059069 0.371311
vt 0.059069 0.402607
vt 0.506851 0.371311
vt 0.506851 0.402607
vt 1.386626 0.371311
vt 0.946463 0.371311
vt 0.946463 0.402607
vt 1.386626 0.402607
vt 2.273968 0.402607
vt 2.251223 0.402607
vt 2.251223 0.371312
vt 2.273968 0.371312
vt 2.232569 0.402607
vt 2.232569 0.371312
vt 2.212607 0.402607
vt 2.212607 0.371312
vt 2.187006 0.402607
vt 2.187006 0.371312
vt 2.154605 0.402607
vt 2.154605 0.371312
vt 1.536217 0.402606
vt 1.536217 0.371311
vt 0.822497 0.402606
vt 0.790095 0.402606
vt 0.790096 0.371311
vt 0.822497 0.371311
vt 0.764495 0.402606
vt 0.764495 0.371311
vt 0.744532 0.402606
vt 0.744532 0.371311
vt 0.725879 0.402606
vt 0.725879 0.371311
vt 0.703133 0.402606
vt 0.703133 0.371311
vt 0.673787 0.402606
vt 0.673787 0.371311
vt -0.239623 0.402606
vt -0.239623 0.371311
vt -0.264670 0.402606
vt -0.264670 0.371311
vt -0.289717 0.402606
vt -0.289717 0.371311
vt -0.314764 0.402606
vt -0.314764 0.371311
vt -0.339810 0.402606
vt -0.339811 0.371311
vt -0.364857 0.402606
vt -0.364857 0.371311
vt -0.389905 0.402606
vt -0.389905 0.371311
vt -0.895023 0.402606
vt -0.895023 0.371311
vt 2.303314 0.402607
vt 2.303314 0.371312
vt -0.115983 0.402607
vt -0.141030 0.402607
vt -0.141030 0.371311
vt -0.115983 0.371311
vt -0.166078 0.402607
vt -0.166078 0.371311
vt -0.191127 0.402607
vt -0.191127 0.371311
vt -0.216174 0.402607
vt -0.216174 0.371311
vt -0.241223 0.402607
vt -0.241223 0.371311
vt -1.154665 0.402607
vt -1.154665 0.371311
vt -1.184013 0.402607
vt -1.184013 0.371311
vt -1.206758 0.402607
vt -1.206758 0.371311
vt -1.225413 0.402607
vt -1.225413 0.371311
vt -1.245376 0.402607
vt -1.245376 0.371311
vt -1.270979 0.402607
vt -1.270979 0.371311
vt -1.303381 0.402607
vt -1.303381 0.371311
vt 2.303381 0.402607
vt 1.599151 0.402607
vt 1.599150 0.371311
vt 2.303381 0.371311
vt 0.971224 0.402607
vt 0.938822 0.402607
vt 0.938822 0.371311
vt 0.971224 0.371311
vt 0.913219 0.402607
vt 0.913220 0.371311
vt 0.893256 0.402607
vt 0.893256 0.371311
vt 0.874602 0.402607
vt 0.874602 0.371311
vt 0.851857 0.402607
vt 0.851857 0.371311
vt 0.822509 0.402607
vt 0.822509 0.371311
vt 0.407474 0.402607
vt 0.407474 0.371311
vt -0.090934 0.402607
vt -0.090934 0.371311
vt 0.296859 0.402607
vt 0.274114 0.402607
vt 0.274114 0.371311
vt 0.296859 0.371311
vt 0.255460 0.402607
vt 0.255460 0.371311
vt 0.235497 0.402607
vt 0.235497 0.371311
vt 0.209895 0.402607
vt 0.209895 0.371311
vt 0.177492 0.402607
vt 0.177492 0.371311
vt -0.556681 0.402607
vt -0.556680 0.371311
vt -1.154659 0.402607
vt -1.187061 0.402607
vt -1.187061 0.371311
vt -1.154659 0.371311
vt -1.212663 0.402607
vt -1.212663 0.371311
vt -1.232626 0.402607
vt -1.232626 0.371311
vt -1.251281 0.402607
vt -1.251281 0.371311
vt -1.274027 0.402607
vt -1.274027 0.371311
vt -1.303374 0.402607
vt -1.303374 0.371311
vt 2.303374 0.402607
vt 1.909515 0.402607
vt 1.909515 0.371311
vt 2.303374 0.371311
vt 1.389935 0.402607
vt 1.364886 0.402607
vt 1.364886 0.371311
vt 1.389935 0.371311
vt 1.339839 0.402607
vt 1.339839 0.371311
vt 1.314790 0.402607
vt 1.314790 0.371311
vt 1.289743 0.402607
vt 1.289743 0.371311
vt 1.264695 0.402607
vt 1.264695 0.371311
vt 1.239647 0.402607
vt 1.239647 0.371311
vt 0.326207 0.402607
vt 0.326207 0.371311
vt 0.177509 0.402606
vt 0.177509 0.371312
vt 0.148164 0.371312
vt 0.148164 0.402606
vt 1.090900 0.402606
vt 1.090900 0.371312
vt 0.578074 0.371312
vt 0.578074 0.402606
vt 1.115947 0.402606
vt 1.115947 0.371312
vt 1.140993 0.402606
vt 1.140993 0.371312
vt 1.166039 0.402606
vt 1.166039 0.371312
vt 1.191086 0.402606
vt 1.191086 0.371312
vt 1.216133 0.402606
vt 1.216133 0.371312
vt 1.241179 0.402606
vt 1.241179 0.371312
vt 2.154570 0.402607
vt 2.154570 0.371313
vt 2.183916 0.402607
vt 2.183916 0.371313
vt 2.206659 0.402607
vt 2.206659 0.371313
vt 2.225313 0.402607
vt 2.225313 0.371313
vt 2.245275 0.402607
vt 2.245276 0.371313
vt 2.270876 0.402607
vt 2.270876 0.371313
vt 2.303277 0.402607
vt 2.303277 0.371313
vt 0.028803 0.402606
vt 0.028803 0.371312
vt -0.578656 0.371311
vt -0.578657 0.402605
vt 0.061204 0.402606
vt 0.061203 0.371312
vt 0.086804 0.402606
vt 0.086803 0.371312
vt 0.106766 0.402606
vt 0.106766 0.371312
vt 0.125419 0.402606
vt 0.125419 0.371312
vt 0.493149 0.402607
vt 0.059070 0.402607
vt 0.059070 0.371311
vt 0.493149 0.371311
vt 0.506851 0.371311
vt 0.506851 0.402607
vt 1.386626 0.371311
vt 1.386626 0.402607
vt 0.944937 0.402607
vt 0.944937 0.371311
vt 1.386626 0.371311
vt 1.386626 0.402607
vt 2.273968 0.402607
vt 2.273968 0.371312
vt 2.251223 0.371312
vt 2.251223 0.402607
vt 2.232569 0.371312
vt 2.232569 0.402607
vt 2.212607 0.371312
vt 2.212607 0.402607
vt 2.187006 0.371312
vt 2.187006 0.402607
vt 2.154605 0.371312
vt 2.154605 0.402607
vt 1.536213 0.371311
vt 1.536214 0.402606
vt 0.822497 0.402606
vt 0.822497 0.371311
vt 0.790096 0.371311
vt 0.790095 0.402606
vt 0.764495 0.371311
vt 0.764495 0.402606
vt 0.744532 0.371311
vt 0.744532 0.402606
vt 0.725879 0.371311
vt 0.725879 0.402606
vt 0.703133 0.371311
vt 0.703133 0.402606
vt 0.673787 0.371311
vt 0.673787 0.402606
vt -0.239623 0.371311
vt -0.239623 0.402606
vt -0.264670 0.371311
vt -0.264670 0.402606
vt -0.289717 0.371311
vt -0.289717 0.402606
vt -0.314764 0.371311
vt -0.314764 0.402606
vt -0.339811 0.371311
vt -0.339810 0.402606
vt -0.364857 0.371311
vt -0.364857 0.402606
vt -0.389905 0.371311
vt -0.389905 0.402606
vt -0.895021 0.371311
vt -0.895021 0.402606
vt 2.303314 0.402607
vt 2.303314 0.371312
vt -0.115983 0.402607
vt -0.115983 0.371311
vt -0.141030 0.371311
vt -0.141030 0.402607
vt -0.166078 0.371311
vt -0.166078 0.402607
vt -0.191127 0.371311
vt -0.191127 0.402607
vt -0.216174 0.371311
vt -0.216174 0.402607
vt -0.241223 0.371311
vt -0.241223 0.402607
vt -1.154665 0.371311
vt -1.154665 0.402607
vt -1.184013 0.371311
vt -1.184013 0.402607
vt -1.206758 0.371311
vt -1.206758 0.402607
vt -1.225413 0.371311
vt -1.225413 0.402607
vt -1.245376 0.371311
vt -1.245376 0.402607
vt -1.270979 0.371311
vt -1.270979 0.402607
vt -1.303381 0.371311
vt -1.303381 0.402607
vt 2.303381 0.402607
vt 2.303381 0.371311
vt 1.599150 0.371311
vt 1.599151 0.402607
vt 0.971224 0.402607
vt 0.971224 0.371311
vt 0.938822 0.371311
vt 0.938822 0.402607
vt 0.913220 0.371311
vt 0.913219 0.402607
vt 0.893256 0.371311
vt 0.893256 0.402607
vt 0.874602 0.371311
vt 0.874602 0.402607
vt 0.851857 0.371311
vt 0.851857 0.402607
vt 0.822509 0.371311
vt 0.822509 0.402607
vt 0.407474 0.371311
vt 0.407474 0.402607
vt -0.090934 0.402607
vt -0.090934 0.371311
vt 0.296859 0.402607
vt 0.296859 0.371311
vt 0.274114 0.371311
vt 0.274114 0.402607
vt 0.255460 0.371311
vt 0.255460 0.402607
vt 0.235497 0.371311
vt 0.235497 0.402607
vt 0.209895 0.371311
vt 0.209895 0.402607
vt 0.177492 0.371311
vt 0.177492 0.402607
vt -0.556681 0.371311
vt -0.556680 0.402607
vt -1.154659 0.402607
vt -1.154659 0.371311
vt -1.187061 0.371311
vt -1.187061 0.402607
vt -1.212663 0.371311
vt -1.212663 0.402607
vt -1.232626 0.371311
vt -1.232626 0.402607
vt -1.251281 0.371311
vt -1.251281 0.402607
vt -1.274027 0.371311
vt -1.274027 0.402607
vt -1.303374 0.371311
vt -1.303374 0.402607
vt 2.303374 0.402607
vt 2.303374 0.371311
vt 1.909515 0.371311
vt 1.909515 0.402607
vt 1.389935 0.402607
vt 1.389935 0.371311
vt 1.364886 0.371311
vt 1.364886 0.402607
vt 1.339839 0.371311
vt 1.339839 0.402607
vt 1.314790 0.371311
vt 1.314790 0.402607
vt 1.289743 0.371311
vt 1.289743 0.402607
vt 1.264695 0.371311
vt 1.264695 0.402607
vt 1.239647 0.371311
vt 1.239647 0.402607
vt 0.326207 0.371311
vt 0.326207 0.402607
vt -1.303277 0.402605
vt -1.303277 0.371311
vt -1.303277 0.371311
vt -1.303277 0.402605
vt -1.303314 0.402606
vt -1.303314 0.371311
vt -1.303314 0.371311
vt -1.303314 0.402606
vt -0.386626 0.371311
vt -0.386626 0.402607
vt -0.386626 0.402607
vt -0.386626 0.371311
vt -1.303314 0.371311
vt -1.303314 0.402606
vt -1.303314 0.402606
vt -1.303314 0.371311
vt -1.303277 0.371311
vt -1.303277 0.402605
vt -1.303277 0.402605
vt -1.303277 0.371311
vt 0.177509 0.402606
vt 0.177509 0.371312
vt 0.148164 0.371312
vt 0.148164 0.402606
vt 1.090900 0.402606
vt 1.090900 0.371312
vt 0.578076 0.371312
vt 0.578075 0.402606
vt 1.115947 0.402606
vt 1.115947 0.371312
vt 1.140993 0.402606
vt 1.140993 0.371312
vt 1.166039 0.402606
vt 1.166039 0.371312
vt 1.191086 0.402606
vt 1.191086 0.371312
vt 1.216133 0.402606
vt 1.216133 0.371312
vt 1.241179 0.402606
vt 1.241179 0.371312
vt 2.154570 0.402607
vt 2.154570 0.371313
vt 2.183916 0.402607
vt 2.183916 0.371313
vt 2.206659 0.402607
vt 2.206659 0.371313
vt 2.225313 0.402607
vt 2.225313 0.371313
vt 2.245275 0.402607
vt 2.245276 0.371313
vt 2.270876 0.402607
vt 2.270876 0.371313
vt 2.303277 0.402607
vt 2.303277 0.371313
vt 0.028803 0.402606
vt 0.028803 0.371312
vt -0.578657 0.371311
vt -0.578658 0.402605
vt 0.061204 0.402606
vt 0.061203 0.371312
vt 0.086804 0.402606
vt 0.086803 0.371312
vt 0.106766 0.402606
vt 0.106766 0.371312
vt 0.125419 0.402606
vt 0.125419 0.371312
vt 0.493149 0.402607
vt 0.059069 0.402607
vt 0.059069 0.371311
vt 0.493149 0.371311
vt 0.506851 0.371311
vt 0.506851 0.402607
vt 0.946464 0.402607
vt 0.946463 0.371311
vt 2.273968 0.402607
vt 2.273968 0.371312
vt 2.251223 0.371312
vt 2.251223 0.402607
vt 2.232569 0.371312
vt 2.232569 0.402607
vt 2.212607 0.371312
vt 2.212607 0.402607
vt 2.187006 0.371312
vt 2.187006 0.402607
vt 2.154605 0.371312
vt 2.154605 0.402607
vt 1.536216 0.371311
vt 1.536217 0.402606
vt 0.822497 0.402606
vt 0.822497 0.371311
vt 0.790096 0.371311
vt 0.790095 0.402606
vt 0.764495 0.371311
vt 0.764495 0.402606
vt 0.744532 0.371311
vt 0.744532 0.402606
vt 0.725879 0.371311
vt 0.725879 0.402606
vt 0.703133 0.371311
vt 0.703133 0.402606
vt 0.673787 0.371311
vt 0.673787 0.402606
vt -0.239623 0.371311
vt -0.239623 0.402606
vt -0.264670 0.371311
vt -0.264670 0.402606
vt -0.289717 0.371311
vt -0.289717 0.402606
vt -0.314764 0.371311
vt -0.314764 0.402606
vt -0.339811 0.371311
vt -0.339810 0.402606
vt -0.364857 0.371311
vt -0.364857 0.402606
vt -0.389905 0.371311
vt -0.389905 0.402606
vt -0.895022 0.371311
vt -0.895022 0.402606
vt 2.303314 0.402607
vt 2.303314 0.371312
vt -0.115983 0.402607
vt -0.115983 0.371311
vt -0.141030 0.371311
vt -0.141030 0.402607
vt -0.166078 0.371311
vt -0.166078 0.402607
vt -0.191127 0.371311
vt -0.191127 0.402607
vt -0.216174 0.371311
vt -0.216174 0.402607
vt -0.241223 0.371311
vt -0.241223 0.402607
vt -1.154665 0.371311
vt -1.154665 0.402607
vt -1.184013 0.371311
vt -1.184013 0.402607
vt -1.206758 0.371311
vt -1.206758 0.402607
vt -1.225413 0.371311
vt -1.225413 0.402607
vt -1.245376 0.371311
vt -1.245376 0.402607
vt -1.270979 0.371311
vt -1.270979 0.402607
vt -1.303381 0.371311
vt -1.303381 0.402607
vt 2.303381 0.402607
vt 2.303381 0.371311
vt 1.599150 0.371311
vt 1.599151 0.402607
vt 0.971224 0.402607
vt 0.971224 0.371311
vt 0.938822 0.371311
vt 0.938822 0.402607
vt 0.913220 0.371311
vt 0.913219 0.402607
vt 0.893256 0.371311
vt 0.893256 0.402607
vt 0.874602 0.371311
vt 0.874602 0.402607
vt 0.851857 0.371311
vt 0.851857 0.402607
vt 0.822509 0.371311
vt 0.822509 0.402607
vt 0.407474 0.371311
vt 0.407474 0.402607
vt -0.090934 0.402607
vt -0.090934 0.371311
vt 0.296859 0.402607
vt 0.296859 0.371311
vt 0.274114 0.371311
vt 0.274114 0.402607
vt 0.255460 0.371311
vt 0.255460 0.402607
vt 0.235497 0.371311
vt 0.235497 0.402607
vt 0.209895 0.371311
vt 0.209895 0.402607
vt 0.177492 0.371311
vt 0.177492 0.402607
vt -0.556680 0.371311
vt -0.556681 0.402607
vt -1.154659 0.402607
vt -1.154659 0.371311
vt -1.187061 0.371311
vt -1.187061 0.402607
vt -1.212663 0.371311
vt -1.212663 0.402607
vt -1.232626 0.371311
vt -1.232626 0.402607
vt -1.251281 0.371311
vt -1.251281 0.402607
vt -1.274027 0.371311
vt -1.274027 0.402607
vt -1.303374 0.371311
vt -1.303374 0.402607
vt 2.303374 0.402607
vt 2.303374 0.371311
vt 1.909515 0.371311
vt 1.909515 0.402607
vt 1.389935 0.402607
vt 1.389935 0.371311
vt 1.364886 0.371311
vt 1.364886 0.402607
vt 1.339839 0.371311
vt 1.339839 0.402607
vt 1.314790 0.371311
vt 1.314790 0.402607
vt 1.289743 0.371311
vt 1.289743 0.402607
vt 1.264695 0.371311
vt 1.264695 0.402607
vt 1.239647 0.371311
vt 1.239647 0.402607
vt 0.326207 0.371311
vt 0.326207 0.402607
vt 0.177509 0.402606
vt 0.148164 0.402606
vt 0.148164 0.371312
vt 0.177509 0.371312
vt 1.090900 0.402606
vt 0.578076 0.402606
vt 0.578076 0.371312
vt 1.090900 0.371312
vt 1.115947 0.402606
vt 1.115947 0.371312
vt 1.140993 0.402606
vt 1.140993 0.371312
vt 1.166039 0.402606
vt 1.166039 0.371312
vt 1.191086 0.402606
vt 1.191086 0.371312
vt 1.216133 0.402606
vt 1.216133 0.371312
vt 1.241179 0.402606
vt 1.241179 0.371312
vt 2.154570 0.402607
vt 2.154570 0.371313
vt 2.183916 0.402607
vt 2.183916 0.371313
vt 2.206659 0.402607
vt 2.206659 0.371313
vt 2.225313 0.402607
vt 2.225313 0.371313
vt 2.245275 0.402607
vt 2.245276 0.371313
vt 2.270876 0.402607
vt 2.270876 0.371313
vt 2.303277 0.402607
vt 2.303277 0.371313
vt 0.028803 0.402606
vt -0.578659 0.402605
vt -0.578658 0.371311
vt 0.028803 0.371312
vt 0.061204 0.402606
vt 0.061203 0.371312
vt 0.086804 0.402606
vt 0.086803 0.371312
vt 0.106766 0.402606
vt 0.106766 0.371312
vt 0.125419 0.402606
vt 0.125419 0.371312
vt 0.493149 0.402607
vt 0.493149 0.371311
vt 0.059069 0.371311
vt 0.059069 0.402607
vt 0.506851 0.371311
vt 0.506851 0.402607
vt 0.946463 0.371311
vt 0.946463 0.402607
vt 2.273968 0.402607
vt 2.251223 0.402607
vt 2.251223 0.371312
vt 2.273968 0.371312
vt 2.232569 0.402607
vt 2.232569 0.371312
vt 2.212607 0.402607
vt 2.212607 0.371312
vt 2.187006 0.402607
vt 2.187006 0.371312
vt 2.154605 0.402607
vt 2.154605 0.371312
vt 1.536217 0.402606
vt 1.536217 0.371311
vt 0.822497 0.402606
vt 0.790095 0.402606
vt 0.790096 0.371311
vt 0.822497 0.371311
vt 0.764495 0.402606
vt 0.764495 0.371311
vt 0.744532 0.402606
vt 0.744532 0.371311
vt 0.725879 0.402606
vt 0.725879 0.371311
vt 0.703133 0.402606
vt 0.703133 0.371311
vt 0.673787 0.402606
vt 0.673787 0.371311
vt -0.239623 0.402606
vt -0.239623 0.371311
vt -0.264670 0.402606
vt -0.264670 0.371311
vt -0.289717 0.402606
vt -0.289717 0.371311
vt -0.314764 0.402606
vt -0.314764 0.371311
vt -0.339810 0.402606
vt -0.339811 0.371311
vt -0.364857 0.402606
vt -0.364857 0.371311
vt -0.389905 0.402606
vt -0.389905 0.371311
vt -0.895023 0.402606
vt -0.895023 0.371311
vt 2.303314 0.402607
vt 2.303314 0.371312
vt -0.115983 0.402607
vt -0.141030 0.402607
vt -0.141030 0.371311
vt -0.115983 0.371311
vt -0.166078 0.402607
vt -0.166078 0.371311
vt -0.191127 0.402607
vt -0.191127 0.371311
vt -0.216174 0.402607
vt -0.216174 0.371311
vt -0.241223 0.402607
vt -0.241223 0.371311
vt -1.154665 0.402607
vt -1.154665 0.371311
vt -1.184013 0.402607
vt -1.184013 0.371311
vt -1.206758 0.402607
vt -1.206758 0.371311
vt -1.225413 0.402607
vt -1.225413 0.371311
vt -1.245376 0.402607
vt -1.245376 0.371311
vt -1.270979 0.402607
vt -1.270979 0.371311
vt -1.303381 0.402607
vt -1.303381 0.371311
vt 2.303381 0.402607
vt 1.599151 0.402607
vt 1.599150 0.371311
vt 2.303381 0.371311
vt 0.971224 0.402607
vt 0.938822 0.402607
vt 0.938822 0.371311
vt 0.971224 0.371311
vt 0.913219 0.402607
vt 0.913220 0.371311
vt 0.893256 0.402607
vt 0.893256 0.371311
vt 0.874602 0.402607
vt 0.874602 0.371311
vt 0.851857 0.402607
vt 0.851857 0.371311
vt 0.822509 0.402607
vt 0.822509 0.371311
vt 0.407474 0.402607
vt 0.407474 0.371311
vt -0.090934 0.402607
vt -0.090934 0.371311
vt 0.296859 0.402607
vt 0.274114 0.402607
vt 0.274114 0.371311
vt 0.296859 0.371311
vt 0.255460 0.402607
vt 0.255460 0.371311
vt 0.235497 0.402607
vt 0.235497 0.371311
vt 0.209895 0.402607
vt 0.209895 0.371311
vt 0.177492 0.402607
vt 0.177492 0.371311
vt -0.556681 0.402607
vt -0.556680 0.371311
vt -1.154659 0.402607
vt -1.187061 0.402607
vt -1.187061 0.371311
vt -1.154659 0.371311
vt -1.212663 0.402607
vt -1.212663 0.371311
vt -1.232626 0.402607
vt -1.232626 0.371311
vt -1.251281 0.402607
vt -1.251281 0.371311
vt -1.274027 0.402607
vt -1.274027 0.371311
vt -1.303374 0.402607
vt -1.303374 0.371311
vt 2.303374 0.402607
vt 1.909515 0.402607
vt 1.909515 0.371311
vt 2.303374 0.371311
vt 1.389935 0.402607
vt 1.364886 0.402607
vt 1.364886 0.371311
vt 1.389935 0.371311
vt 1.339839 0.402607
vt 1.339839 0.371311
vt 1.314790 0.402607
vt 1.314790 0.371311
vt 1.289743 0.402607
vt 1.289743 0.371311
vt 1.264695 0.402607
vt 1.264695 0.371311
vt 1.239647 0.402607
vt 1.239647 0.371311
vt 0.326207 0.402607
vt 0.326207 0.371311
vt 0.061953 0.371999
vt 0.561797 0.371999
vt 0.561954 0.391904
vt -0.438046 0.391905
vt -0.437888 0.371999
vt -0.386626 0.402607
vt -0.386626 0.371311
vt -0.386626 0.371311
vt -0.386626 0.402607
vt -1.303314 0.371311
vt -1.303314 0.402606
vt -1.303314 0.402606
vt -1.303314 0.371311
vt -1.303277 0.371311
vt -1.303277 0.402605
vt -1.303277 0.402605
vt -1.303277 0.371311
vn 0.7371 -0.4393 0.5136
vn 0.7743 -0.4494 0.4455
vn 0.7061 -0.4514 0.5456
vn 0.5593 -0.5501 0.6201
vn 0.6318 -0.4496 0.6314
vn 0.6802 -0.4365 0.5889
vn 0.6821 -0.4773 0.5540
vn 0.6323 -0.4488 0.6315
vn 0.4462 -0.4491 0.7741
vn 0.5455 -0.4509 0.7065
vn 0.4423 -0.3347 0.8321
vn 0.5010 -0.4396 0.7455
vn 0.7753 -0.4494 0.4438
vn 0.7750 -0.4477 0.4460
vn 0.7393 -0.4556 0.4958
vn 0.7373 -0.4093 0.5375
vn 0.5552 -0.4770 0.6814
vn 0.5893 -0.4366 0.6798
vn 0.6327 -0.4473 0.6321
vn 0.5725 -0.4093 0.7105
vn 0.5705 -0.3393 0.7479
vn 0.5445 -0.4467 0.7099
vn 0.4465 -0.4478 0.7746
vn 0.4445 -0.4498 0.7747
vn 0.5333 -0.4137 0.7379
vn 0.4964 -0.4564 0.7385
vn 0.6800 -0.4563 0.5739
vn 0.8365 -0.3266 0.4399
vn 0.7325 -0.4552 0.5061
vn 0.6481 -0.3217 0.6903
vn 0.7076 -0.4467 0.5475
vn 0.6615 -0.5516 0.5082
vn 0.6099 -0.4371 0.6611
vn 0.7102 -0.4458 0.5449
vn 0.6853 -0.4417 0.5790
vn 0.7327 -0.5343 0.4215
vn 0.7932 -0.4058 0.4542
vn 0.7503 -0.3103 0.5838
vn 0.7085 -0.4495 0.5440
vn 0.7478 -0.4376 0.4994
vn 0.7125 -0.4797 0.5121
vn 0.6584 -0.5529 0.5107
vn 0.6724 -0.4593 0.5805
vn 0.7138 -0.4097 0.5680
vn 0.7908 -0.4470 0.4181
vn 0.7561 -0.3163 0.5730
vn 0.5996 -0.4298 0.6751
vn 0.6516 -0.4650 0.5993
vn 0.7099 -0.4473 0.5441
vn 0.5130 -0.4400 0.7370
vn 0.6183 -0.5437 0.5675
vn 0.6655 -0.4438 0.6001
vn 0.5808 -0.4596 0.6719
vn 0.4829 -0.4439 0.7548
vn 0.5176 -0.4816 0.7072
vn 0.5016 -0.5751 0.6463
vn 0.5442 -0.4500 0.7081
vn 0.6178 -0.4150 0.6679
vn 0.6817 -0.3268 0.6546
vn 0.5468 -0.4474 0.7077
vn 0.5454 -0.4454 0.7101
vn 0.5093 -0.5493 0.6625
vn 0.4166 -0.5398 0.7315
vn 0.5787 -0.3232 0.7488
vn 0.5102 -0.4518 0.7318
vn 0.4427 -0.4241 0.7900
vn 0.6525 -0.4396 0.6173
vn 0.5056 -0.4547 0.7332
vn 0.5794 -0.4420 0.6848
vn 0.4115 -0.4793 0.7752
vn 0.5718 -0.4571 0.6812
vn 0.5568 -0.4774 0.6798
vn 0.7571 -0.4125 0.5066
vn 0.7268 -0.4373 0.5297
vn 0.6619 -0.4118 0.6264
vn 0.3802 -0.4393 0.8139
vn 0.3479 -0.4461 0.8246
vn 0.1748 -0.5505 0.8163
vn 0.2299 -0.4496 0.8631
vn 0.2894 -0.4406 0.8498
vn 0.3064 -0.4745 0.8252
vn 0.2277 -0.4461 0.8655
vn 0.0626 -0.4464 0.8926
vn 0.1162 -0.4488 0.8860
vn -0.0343 -0.3347 0.9417
vn 0.0656 -0.4361 0.8975
vn 0.3894 -0.4580 0.7992
vn 0.3659 -0.4076 0.8367
vn 0.1409 -0.4767 0.8677
vn 0.1712 -0.4368 0.8831
vn 0.2278 -0.4503 0.8633
vn 0.1418 -0.4096 0.9012
vn 0.1195 -0.3379 0.9336
vn 0.1173 -0.4433 0.8887
vn 0.0608 -0.4488 0.8916
vn 0.0627 -0.4487 0.8915
vn 0.1004 -0.4103 0.9064
vn 0.0657 -0.4593 0.8858
vn 0.3008 -0.4556 0.8378
vn 0.5023 -0.3301 0.7992
vn 0.3810 -0.4553 0.8047
vn 0.2180 -0.3220 0.9213
vn 0.3457 -0.4521 0.8223
vn 0.3202 -0.5498 0.7715
vn 0.1987 -0.4372 0.8771
vn 0.3440 -0.4410 0.8289
vn 0.3026 -0.4422 0.8444
vn 0.4231 -0.5323 0.7332
vn 0.4615 -0.4066 0.7885
vn 0.3597 -0.3116 0.8795
vn 0.3426 -0.4496 0.8249
vn 0.3937 -0.4354 0.8096
vn 0.3544 -0.4811 0.8018
vn 0.3167 -0.5522 0.7712
vn 0.2886 -0.4551 0.8424
vn 0.3257 -0.4128 0.8506
vn 0.4779 -0.4462 0.7566
vn 0.3702 -0.3177 0.8730
vn 0.1838 -0.4293 0.8843
vn 0.2696 -0.4651 0.8432
vn 0.3431 -0.4509 0.8240
vn 0.0796 -0.4400 0.8945
vn 0.2550 -0.5454 0.7985
vn 0.2743 -0.4440 0.8530
vn 0.1681 -0.4595 0.8721
vn 0.0376 -0.4440 0.8952
vn 0.1024 -0.4837 0.8692
vn 0.1105 -0.5763 0.8098
vn 0.1172 -0.4496 0.8855
vn 0.2008 -0.4155 0.8872
vn 0.2646 -0.3247 0.9080
vn 0.1174 -0.4494 0.8856
vn 0.1172 -0.4486 0.8860
vn 0.1091 -0.5504 0.8277
vn -0.0061 -0.5401 0.8416
vn 0.1257 -0.3214 0.9386
vn 0.0730 -0.4517 0.8892
vn -0.0137 -0.4243 0.9054
vn 0.2544 -0.4395 0.8615
vn 0.0742 -0.4547 0.8876
vn 0.1605 -0.4420 0.8825
vn -0.0332 -0.4792 0.8771
vn 0.1557 -0.4571 0.8757
vn 0.1428 -0.4774 0.8670
vn 0.4046 -0.4136 0.8156
vn 0.3675 -0.4381 0.8204
vn 0.2641 -0.4111 0.8725
vn 0.0609 -0.4462 0.8928
vn 0.0588 -0.4470 0.8926
vn 0.1484 -0.4460 0.8826
vn 0.1172 -0.4470 0.8868
vn 0.2300 -0.4471 0.8644
vn 0.2791 -0.4358 0.8557
vn 0.3065 -0.4381 0.8450
vn 0.3459 -0.4488 0.8240
vn 0.4425 -0.4470 0.7774
vn 0.3962 -0.4462 0.8025
vn 0.3428 -0.4502 0.8245
vn 0.3433 -0.4471 0.8260
vn 0.4463 -0.4430 0.7775
vn 0.3987 -0.4461 0.8013
vn 0.3981 -0.4461 0.8016
vn 0.2299 -0.4424 0.8668
vn 0.2939 -0.4322 0.8525
vn 0.3461 -0.4345 0.8315
vn 0.4022 -0.4537 0.7952
vn 0.3801 -0.4553 0.8051
vn 0.2563 -0.4472 0.8569
vn 0.2574 -0.4464 0.8570
vn 0.1751 -0.4458 0.8779
vn 0.0867 -0.4459 0.8909
vn 0.1781 -0.4455 0.8774
vn 0.1764 -0.4461 0.8774
vn 0.1757 -0.4461 0.8776
vn 0.0600 -0.4466 0.8927
vn 0.1175 -0.4445 0.8880
vn 0.1174 -0.4445 0.8880
vn 0.1750 -0.4458 0.8778
vn 0.1173 -0.4445 0.8881
vn 0.1173 -0.4470 0.8868
vn 0.0645 -0.4460 0.8927
vn 0.0643 -0.4459 0.8927
vn 0.0635 -0.4460 0.8928
vn 0.2929 -0.4258 0.8561
vn 0.2879 -0.4323 0.8545
vn 0.2840 -0.4360 0.8540
vn 0.2793 -0.4390 0.8540
vn 0.2710 -0.4427 0.8547
vn 0.2675 -0.4503 0.8518
vn 0.2829 -0.4541 0.8449
vn 0.2930 -0.4573 0.8397
vn 0.3024 -0.4611 0.8342
vn 0.3154 -0.4676 0.8258
vn 0.3035 -0.4578 0.8357
vn 0.4014 -0.4469 0.7995
vn 0.4013 -0.4467 0.7996
vn 0.4013 -0.4466 0.7997
vn 0.3978 -0.4353 0.8076
vn 0.0602 -0.4466 0.8927
vn 0.0602 -0.4465 0.8927
vn 0.0601 -0.4467 0.8927
vn 0.0599 -0.4469 0.8926
vn 0.0609 -0.4453 0.8933
vn 0.1790 -0.4439 0.8780
vn 0.1762 -0.4451 0.8780
vn 0.1748 -0.4456 0.8780
vn 0.1740 -0.4459 0.8780
vn 0.1732 -0.4461 0.8781
vn 0.1789 -0.4463 0.8768
vn 0.1790 -0.4463 0.8768
vn 0.1753 -0.4418 0.8798
vn 0.4011 -0.4462 0.8000
vn 0.4009 -0.4462 0.8001
vn 0.4008 -0.4462 0.8002
vn 0.4007 -0.4461 0.8003
vn 0.4004 -0.4459 0.8005
vn 0.3914 -0.4411 0.8076
vn 0.2698 -0.4280 0.8626
vn 0.2789 -0.4413 0.8529
vn 0.2834 -0.4492 0.8473
vn 0.2865 -0.4563 0.8425
vn 0.2891 -0.4650 0.8368
vn 0.2890 -0.4544 0.8426
vn 0.3979 -0.4446 0.8025
vn 0.3970 -0.4454 0.8025
vn 0.3965 -0.4458 0.8026
vn 0.3961 -0.4459 0.8026
vn 0.3957 -0.4461 0.8028
vn 0.1773 -0.4415 0.8796
vn 0.1756 -0.4445 0.8784
vn 0.1745 -0.4461 0.8778
vn 0.1731 -0.4477 0.8773
vn 0.1700 -0.4509 0.8762
vn 0.1755 -0.4455 0.8779
vn 0.0617 -0.4456 0.8931
vn 0.0612 -0.4459 0.8930
vn 0.0609 -0.4460 0.8930
vn 0.0608 -0.4461 0.8929
vn 0.0605 -0.4461 0.8929
vn 0.0671 -0.4459 0.8926
vn 0.0668 -0.4457 0.8927
vn 0.0665 -0.4455 0.8928
vn 0.0660 -0.4452 0.8930
vn 0.0653 -0.4442 0.8935
vn 0.0608 -0.4414 0.8953
vn 0.7512 -0.4402 0.4918
vn 0.7076 -0.4412 0.5519
vn 0.6884 -0.4411 0.5758
vn 0.7377 -0.4257 0.5240
vn 0.6317 -0.4470 0.6334
vn 0.5509 -0.4420 0.7079
vn 0.5704 -0.4450 0.6904
vn 0.5857 -0.4490 0.6748
vn 0.5448 -0.4471 0.7094
vn 0.5440 -0.4501 0.7081
vn 0.4954 -0.4588 0.7376
vn 0.4587 -0.4472 0.7678
vn 0.4587 -0.4464 0.7683
vn 0.5973 -0.4459 0.6666
vn 0.5472 -0.4381 0.7132
vn 0.5902 -0.4439 0.6742
vn 0.5077 -0.4559 0.7310
vn 0.4809 -0.4593 0.7468
vn 0.5891 -0.4461 0.6738
vn 0.5885 -0.4461 0.6743
vn 0.7311 -0.4558 0.5077
vn 0.6737 -0.4476 0.5881
vn 0.6390 -0.4464 0.6264
vn 0.6701 -0.4465 0.5930
vn 0.6704 -0.4464 0.5927
vn 0.7134 -0.4376 0.5473
vn 0.7505 -0.4287 0.5029
vn 0.7092 -0.4472 0.5450
vn 0.7073 -0.4518 0.5437
vn 0.6727 -0.4462 0.5902
vn 0.7503 -0.4466 0.4874
vn 0.7643 -0.4463 0.4655
vn 0.7637 -0.4472 0.4656
vn 0.5911 -0.4463 0.6719
vn 0.5911 -0.4462 0.6719
vn 0.5866 -0.4460 0.6760
vn 0.5873 -0.4458 0.6755
vn 0.5880 -0.4456 0.6751
vn 0.5892 -0.4451 0.6744
vn 0.5917 -0.4438 0.6730
vn 0.5922 -0.4440 0.6724
vn 0.4696 -0.4667 0.7494
vn 0.4827 -0.4527 0.7497
vn 0.4901 -0.4435 0.7504
vn 0.4962 -0.4345 0.7517
vn 0.5039 -0.4210 0.7542
vn 0.5029 -0.4297 0.7500
vn 0.7549 -0.4195 0.5041
vn 0.7520 -0.4340 0.4961
vn 0.7505 -0.4434 0.4900
vn 0.7496 -0.4524 0.4831
vn 0.7489 -0.4652 0.4720
vn 0.7467 -0.4584 0.4820
vn 0.6750 -0.4495 0.5850
vn 0.6743 -0.4489 0.5864
vn 0.6735 -0.4483 0.5877
vn 0.6724 -0.4478 0.5894
vn 0.6705 -0.4470 0.5921
vn 0.6719 -0.4462 0.5911
vn 0.6720 -0.4462 0.5911
vn 0.6719 -0.4463 0.5911
vn 0.6742 -0.4440 0.5903
vn 0.4756 -0.4425 0.7602
vn 0.4914 -0.4381 0.7527
vn 0.5017 -0.4343 0.7481
vn 0.5121 -0.4295 0.7438
vn 0.5282 -0.4204 0.7377
vn 0.5191 -0.4300 0.7387
vn 0.5830 -0.4508 0.6760
vn 0.5862 -0.4477 0.6753
vn 0.5875 -0.4461 0.6751
vn 0.5888 -0.4446 0.6750
vn 0.5908 -0.4416 0.6752
vn 0.5908 -0.4428 0.6744
vn 0.4937 -0.4685 0.7326
vn 0.4908 -0.4628 0.7382
vn 0.4874 -0.4592 0.7427
vn 0.4825 -0.4559 0.7479
vn 0.4723 -0.4516 0.7570
vn 0.6725 -0.4471 0.5897
vn 0.6725 -0.4473 0.5896
vn 0.6725 -0.4468 0.5900
vn 0.6724 -0.4462 0.5906
vn 0.6723 -0.4456 0.5911
vn 0.6724 -0.4451 0.5914
vn 0.7365 -0.4140 0.5350
vn 0.7441 -0.4272 0.5136
vn 0.7485 -0.4335 0.5018
vn 0.7527 -0.4380 0.4915
vn 0.7588 -0.4427 0.4778
vn 0.7552 -0.4513 0.4754
vn 0.7475 -0.4557 0.4833
vn 0.7427 -0.4592 0.4875
vn 0.7382 -0.4632 0.4904
vn 0.7324 -0.4696 0.4930
vn 0.7377 -0.4592 0.4949
vn 0.0672 -0.4420 0.8945
vn 0.1139 -0.4447 0.8884
vn 0.1471 -0.4433 0.8842
vn 0.0448 -0.4356 0.8990
vn 0.3506 -0.4422 0.8255
vn 0.3058 -0.4506 0.8387
vn 0.2794 -0.4531 0.8465
vn 0.3439 -0.4439 0.8275
vn 0.3961 -0.4463 0.8024
vn 0.4453 -0.4474 0.7755
vn 0.3922 -0.4460 0.8046
vn 0.3915 -0.4459 0.8049
vn 0.2242 -0.4493 0.8648
vn 0.3450 -0.4440 0.8269
vn 0.2928 -0.4498 0.8438
vn 0.3709 -0.4482 0.8134
vn 0.3876 -0.4516 0.8037
vn 0.2601 -0.4467 0.8561
vn 0.2587 -0.4460 0.8568
vn 0.1010 -0.4583 0.8830
vn 0.1779 -0.4482 0.8761
vn 0.1661 -0.4442 0.8804
vn 0.1689 -0.4460 0.8790
vn 0.1681 -0.4459 0.8791
vn 0.1180 -0.4341 0.8931
vn 0.1179 -0.4341 0.8931
vn 0.0599 -0.4287 0.9014
vn 0.1173 -0.4497 0.8854
vn 0.1750 -0.4470 0.8773
vn 0.0725 -0.4457 0.8922
vn 0.0715 -0.4458 0.8923
vn 0.2980 -0.4616 0.8355
vn 0.2953 -0.4577 0.8386
vn 0.2923 -0.4552 0.8410
vn 0.2879 -0.4529 0.8438
vn 0.2790 -0.4498 0.8484
vn 0.2691 -0.4427 0.8553
vn 0.2866 -0.4382 0.8520
vn 0.2987 -0.4342 0.8499
vn 0.3111 -0.4290 0.8480
vn 0.3310 -0.4192 0.8454
vn 0.3082 -0.4341 0.8465
vn 0.3822 -0.4540 0.8048
vn 0.3887 -0.4485 0.8048
vn 0.3915 -0.4457 0.8051
vn 0.3939 -0.4427 0.8055
vn 0.3980 -0.4365 0.8069
vn 0.3980 -0.4396 0.8052
vn 0.0684 -0.4358 0.8974
vn 0.0712 -0.4424 0.8940
vn 0.0731 -0.4455 0.8923
vn 0.0753 -0.4484 0.8907
vn 0.0802 -0.4537 0.8875
vn 0.0799 -0.4601 0.8843
vn 0.1757 -0.4477 0.8768
vn 0.1740 -0.4468 0.8775
vn 0.1731 -0.4464 0.8779
vn 0.1726 -0.4463 0.8781
vn 0.1723 -0.4462 0.8782
vn 0.1646 -0.4458 0.8799
vn 0.1655 -0.4455 0.8798
vn 0.1663 -0.4451 0.8799
vn 0.1675 -0.4443 0.8801
vn 0.1695 -0.4423 0.8807
vn 0.1754 -0.4394 0.8810
vn 0.3885 -0.4458 0.8064
vn 0.3897 -0.4456 0.8060
vn 0.3912 -0.4452 0.8054
vn 0.3938 -0.4444 0.8046
vn 0.3989 -0.4426 0.8032
vn 0.4022 -0.4422 0.8017
vn 0.2646 -0.4645 0.8451
vn 0.2772 -0.4522 0.8478
vn 0.2843 -0.4441 0.8497
vn 0.2897 -0.4366 0.8517
vn 0.2955 -0.4271 0.8546
vn 0.2915 -0.4383 0.8502
vn 0.3968 -0.4478 0.8013
vn 0.3962 -0.4469 0.8020
vn 0.3958 -0.4465 0.8025
vn 0.3955 -0.4463 0.8028
vn 0.3953 -0.4462 0.8029
vn 0.1762 -0.4515 0.8747
vn 0.1751 -0.4485 0.8764
vn 0.1744 -0.4470 0.8774
vn 0.1736 -0.4457 0.8782
vn 0.1716 -0.4433 0.8798
vn 0.1731 -0.4445 0.8789
vn 0.0641 -0.4414 0.8950
vn 0.0702 -0.4439 0.8933
vn 0.0731 -0.4449 0.8926
vn 0.0748 -0.4453 0.8923
vn 0.0762 -0.4456 0.8920
vn 0.0677 -0.4461 0.8924
vn 0.0675 -0.4462 0.8924
vn 0.0670 -0.4465 0.8923
vn 0.0665 -0.4469 0.8921
vn 0.0656 -0.4478 0.8917
vn 0.0605 -0.4511 0.8904
vn 0.7442 -0.4491 0.4944
vn 0.7350 -0.4529 0.5046
vn 0.6876 -0.4465 0.5726
vn 0.7067 -0.4489 0.5469
vn 0.5868 -0.4419 0.6785
vn 0.5702 -0.4440 0.6912
vn 0.5474 -0.4499 0.7056
vn 0.5025 -0.4334 0.7481
vn 0.5456 -0.4440 0.7107
vn 0.4593 -0.4469 0.7677
vn 0.4596 -0.4462 0.7679
vn 0.5904 -0.4442 0.6739
vn 0.5918 -0.4379 0.6768
vn 0.5464 -0.4408 0.7121
vn 0.4963 -0.4449 0.7455
vn 0.5183 -0.4475 0.7288
vn 0.5833 -0.4459 0.6789
vn 0.5827 -0.4459 0.6795
vn 0.6727 -0.4460 0.5903
vn 0.7300 -0.4465 0.5174
vn 0.6380 -0.4449 0.6285
vn 0.6760 -0.4457 0.5869
vn 0.6748 -0.4457 0.5883
vn 0.7441 -0.4463 0.4972
vn 0.7124 -0.4407 0.5462
vn 0.6725 -0.4466 0.5902
vn 0.7112 -0.4423 0.5464
vn 0.7633 -0.4461 0.4672
vn 0.7630 -0.4469 0.4670
vn 0.5845 -0.4423 0.6802
vn 0.5825 -0.4443 0.6807
vn 0.5814 -0.4451 0.6811
vn 0.5806 -0.4455 0.6815
vn 0.5800 -0.4457 0.6819
vn 0.5859 -0.4462 0.6765
vn 0.5861 -0.4462 0.6763
vn 0.5864 -0.4464 0.6759
vn 0.5870 -0.4468 0.6752
vn 0.5880 -0.4476 0.6737
vn 0.5928 -0.4502 0.6677
vn 0.4883 -0.4328 0.7578
vn 0.4937 -0.4423 0.7487
vn 0.4965 -0.4485 0.7432
vn 0.4981 -0.4542 0.7387
vn 0.4991 -0.4607 0.7339
vn 0.4976 -0.4462 0.7438
vn 0.7343 -0.4610 0.4983
vn 0.7390 -0.4543 0.4975
vn 0.7434 -0.4486 0.4961
vn 0.7485 -0.4426 0.4938
vn 0.7561 -0.4343 0.4896
vn 0.7459 -0.4447 0.4959
vn 0.6809 -0.4411 0.5846
vn 0.6783 -0.4427 0.5865
vn 0.6765 -0.4436 0.5879
vn 0.6747 -0.4443 0.5894
vn 0.6717 -0.4453 0.5920
vn 0.6824 -0.4457 0.5794
vn 0.6820 -0.4454 0.5801
vn 0.6816 -0.4450 0.5808
vn 0.6812 -0.4442 0.5819
vn 0.6808 -0.4422 0.5839
vn 0.6772 -0.4375 0.5916
vn 0.4789 -0.4503 0.7536
vn 0.4957 -0.4537 0.7406
vn 0.5054 -0.4563 0.7324
vn 0.5134 -0.4593 0.7249
vn 0.5230 -0.4639 0.7150
vn 0.5043 -0.4520 0.7358
vn 0.5861 -0.4433 0.6782
vn 0.5869 -0.4458 0.6759
vn 0.5872 -0.4470 0.6748
vn 0.5874 -0.4485 0.6737
vn 0.5875 -0.4513 0.6717
vn 0.5885 -0.4500 0.6717
vn 0.5069 -0.4227 0.7512
vn 0.5005 -0.4291 0.7519
vn 0.4950 -0.4331 0.7533
vn 0.4880 -0.4368 0.7557
vn 0.4751 -0.4416 0.7611
vn 0.6732 -0.4457 0.5900
vn 0.6727 -0.4464 0.5901
vn 0.6719 -0.4473 0.5903
vn 0.6708 -0.4483 0.5907
vn 0.6739 -0.4450 0.5897
vn 0.7113 -0.4674 0.5250
vn 0.7242 -0.4608 0.5131
vn 0.7325 -0.4569 0.5046
vn 0.7407 -0.4537 0.4955
vn 0.7520 -0.4501 0.4817
vn 0.7591 -0.4419 0.4781
vn 0.7551 -0.4371 0.4887
vn 0.7533 -0.4332 0.4949
vn 0.7523 -0.4288 0.5002
vn 0.7520 -0.4216 0.5067
vn 0.7485 -0.4330 0.5022
vn 0.8943 -0.4398 0.0828
vn 0.8928 -0.4460 0.0634
vn 0.8858 -0.4492 0.1170
vn 0.7913 -0.5524 0.2622
vn 0.8633 -0.4497 0.2292
vn 0.8830 -0.4370 0.1713
vn 0.8677 -0.4769 0.1406
vn 0.8662 -0.4456 0.2261
vn 0.8246 -0.4452 0.3492
vn 0.7996 -0.3392 0.4956
vn 0.8080 -0.4376 0.3944
vn 0.8914 -0.4487 0.0639
vn 0.8914 -0.4490 0.0616
vn 0.8857 -0.4594 0.0664
vn 0.9078 -0.4055 0.1072
vn 0.8264 -0.4734 0.3050
vn 0.8499 -0.4410 0.2883
vn 0.8634 -0.4509 0.2263
vn 0.8531 -0.4131 0.3187
vn 0.8663 -0.3418 0.3642
vn 0.8235 -0.4520 0.3428
vn 0.8326 -0.4122 0.3699
vn 0.7991 -0.4582 0.3891
vn 0.8757 -0.4560 0.1584
vn 0.9443 -0.3268 -0.0384
vn 0.8871 -0.4554 0.0758
vn 0.9066 -0.3196 0.2756
vn 0.8855 -0.4495 0.1173
vn 0.8262 -0.5527 0.1090
vn 0.8594 -0.4369 0.2655
vn 0.8858 -0.4491 0.1173
vn 0.8826 -0.4419 0.1603
vn 0.8451 -0.5345 -0.0023
vn 0.9139 -0.4059 -0.0055
vn 0.9424 -0.3085 0.1296
vn 0.8855 -0.4497 0.1173
vn 0.8983 -0.4339 0.0696
vn 0.8701 -0.4824 0.1009
vn 0.8244 -0.5547 0.1125
vn 0.8724 -0.4589 0.1683
vn 0.9015 -0.4104 0.1374
vn 0.8939 -0.4469 -0.0353
vn 0.9418 -0.3148 0.1177
vn 0.8574 -0.4302 0.2825
vn 0.8638 -0.4653 0.1933
vn 0.8887 -0.4432 0.1176
vn 0.8128 -0.4400 0.3818
vn 0.8190 -0.5432 0.1849
vn 0.8761 -0.4435 0.1893
vn 0.8430 -0.4547 0.2873
vn 0.7946 -0.4448 0.4132
vn 0.8028 -0.4822 0.3507
vn 0.7580 -0.5735 0.3108
vn 0.8247 -0.4501 0.3423
vn 0.8680 -0.4144 0.2737
vn 0.9170 -0.3270 0.2283
vn 0.8220 -0.4524 0.3458
vn 0.8295 -0.4399 0.3441
vn 0.7731 -0.5471 0.3210
vn 0.7297 -0.5368 0.4235
vn 0.8740 -0.3253 0.3611
vn 0.8062 -0.4524 0.3813
vn 0.7771 -0.4248 0.4644
vn 0.8732 -0.4398 0.2100
vn 0.8044 -0.4547 0.3824
vn 0.8449 -0.4424 0.3007
vn 0.7438 -0.4780 0.4671
vn 0.8367 -0.4570 0.3018
vn 0.8200 -0.4775 0.3156
vn 0.9091 -0.4127 0.0569
vn 0.8946 -0.4373 0.0923
vn 0.8863 -0.4123 0.2111
vn 0.8019 -0.4446 0.3991
vn 0.8089 -0.4398 0.3902
vn 0.8522 -0.4305 0.2974
vn 0.8232 -0.4498 0.3463
vn 0.8652 -0.4472 0.2269
vn 0.8780 -0.4450 0.1761
vn 0.8827 -0.4456 0.1490
vn 0.8868 -0.4470 0.1172
vn 0.8927 -0.4460 0.0645
vn 0.8951 -0.4417 0.0610
vn 0.8879 -0.4448 0.1173
vn 0.8868 -0.4470 0.1173
vn 0.8929 -0.4462 0.0608
vn 0.8928 -0.4459 0.0637
vn 0.8928 -0.4459 0.0644
vn 0.8774 -0.4455 0.1781
vn 0.8799 -0.4417 0.1752
vn 0.8881 -0.4444 0.1174
vn 0.8933 -0.4453 0.0610
vn 0.8909 -0.4459 0.0867
vn 0.8775 -0.4462 0.1758
vn 0.8774 -0.4462 0.1765
vn 0.8295 -0.4648 0.3096
vn 0.8040 -0.4565 0.3811
vn 0.8699 -0.4390 0.2250
vn 0.8641 -0.4461 0.2331
vn 0.8638 -0.4473 0.2318
vn 0.8080 -0.4346 0.3978
vn 0.8342 -0.4293 0.3462
vn 0.8395 -0.4619 0.2863
vn 0.8232 -0.4537 0.3415
vn 0.8262 -0.4472 0.3426
vn 0.8025 -0.4462 0.3961
vn 0.8015 -0.4461 0.3982
vn 0.8012 -0.4462 0.3988
vn 0.8767 -0.4464 0.1790
vn 0.8768 -0.4464 0.1790
vn 0.8768 -0.4463 0.1790
vn 0.8780 -0.4461 0.1736
vn 0.8779 -0.4460 0.1743
vn 0.8779 -0.4457 0.1751
vn 0.8779 -0.4452 0.1765
vn 0.8779 -0.4440 0.1793
vn 0.8778 -0.4461 0.1747
vn 0.8925 -0.4470 0.0599
vn 0.8927 -0.4467 0.0601
vn 0.8927 -0.4466 0.0602
vn 0.8928 -0.4465 0.0602
vn 0.8927 -0.4465 0.0602
vn 0.8927 -0.4466 0.0601
vn 0.7997 -0.4467 0.4013
vn 0.7997 -0.4466 0.4013
vn 0.7996 -0.4467 0.4013
vn 0.7996 -0.4468 0.4014
vn 0.7956 -0.4534 0.4019
vn 0.8157 -0.4786 0.3249
vn 0.8291 -0.4688 0.3046
vn 0.8376 -0.4629 0.2901
vn 0.8454 -0.4581 0.2748
vn 0.8556 -0.4523 0.2516
vn 0.8614 -0.4400 0.2536
vn 0.8603 -0.4336 0.2680
vn 0.8604 -0.4283 0.2763
vn 0.8614 -0.4216 0.2833
vn 0.8641 -0.4099 0.2920
vn 0.8579 -0.4213 0.2940
vn 0.8929 -0.4461 0.0607
vn 0.8930 -0.4460 0.0609
vn 0.8930 -0.4460 0.0610
vn 0.8930 -0.4459 0.0612
vn 0.8931 -0.4456 0.0617
vn 0.8927 -0.4468 0.0591
vn 0.8762 -0.4509 0.1704
vn 0.8772 -0.4477 0.1735
vn 0.8777 -0.4462 0.1748
vn 0.8783 -0.4446 0.1760
vn 0.8794 -0.4416 0.1776
vn 0.8776 -0.4463 0.1750
vn 0.8934 -0.4444 0.0655
vn 0.8930 -0.4452 0.0663
vn 0.8928 -0.4456 0.0667
vn 0.8927 -0.4457 0.0670
vn 0.8925 -0.4459 0.0675
vn 0.8319 -0.4761 0.2850
vn 0.8413 -0.4619 0.2807
vn 0.8490 -0.4507 0.2758
vn 0.8579 -0.4380 0.2685
vn 0.8731 -0.4164 0.2535
vn 0.8645 -0.4258 0.2670
vn 0.8006 -0.4458 0.4004
vn 0.8003 -0.4461 0.4007
vn 0.8001 -0.4462 0.4009
vn 0.8000 -0.4463 0.4011
vn 0.8026 -0.4461 0.3960
vn 0.8025 -0.4459 0.3963
vn 0.8025 -0.4457 0.3967
vn 0.8024 -0.4453 0.3972
vn 0.8025 -0.4444 0.3981
vn 0.8024 -0.4464 0.3962
vn 0.8044 -0.4443 0.3944
vn 0.8256 -0.4397 0.3536
vn 0.8391 -0.4563 0.2962
vn 0.8016 -0.4417 0.4030
vn 0.8879 -0.4454 0.1151
vn 0.8837 -0.4440 0.1481
vn 0.8786 -0.4449 0.1737
vn 0.8856 -0.4493 0.1173
vn 0.8906 -0.4507 0.0607
vn 0.8945 -0.4419 0.0673
vn 0.8923 -0.4457 0.0719
vn 0.8922 -0.4457 0.0728
vn 0.8802 -0.4443 0.1668
vn 0.8929 -0.4345 0.1181
vn 0.8807 -0.4398 0.1757
vn 0.8823 -0.4594 0.1028
vn 0.8834 -0.4614 0.0822
vn 0.8790 -0.4460 0.1687
vn 0.8788 -0.4460 0.1695
vn 0.8132 -0.4458 0.3741
vn 0.8468 -0.4256 0.3191
vn 0.8644 -0.4529 0.2186
vn 0.8646 -0.4461 0.2311
vn 0.8639 -0.4471 0.2318
vn 0.8250 -0.4488 0.3436
vn 0.8250 -0.4488 0.3435
vn 0.8050 -0.4399 0.3980
vn 0.8294 -0.4405 0.3437
vn 0.8543 -0.4306 0.2912
vn 0.8048 -0.4460 0.3918
vn 0.8044 -0.4460 0.3925
vn 0.8805 -0.4424 0.1703
vn 0.8799 -0.4444 0.1683
vn 0.8797 -0.4452 0.1671
vn 0.8796 -0.4456 0.1663
vn 0.8797 -0.4459 0.1655
vn 0.8781 -0.4463 0.1728
vn 0.8780 -0.4463 0.1731
vn 0.8778 -0.4465 0.1735
vn 0.8774 -0.4469 0.1744
vn 0.8766 -0.4478 0.1762
vn 0.8761 -0.4481 0.1779
vn 0.8874 -0.4538 0.0813
vn 0.8907 -0.4483 0.0758
vn 0.8922 -0.4455 0.0736
vn 0.8938 -0.4426 0.0717
vn 0.8970 -0.4366 0.0690
vn 0.9012 -0.4292 0.0601
vn 0.8069 -0.4357 0.3988
vn 0.8054 -0.4424 0.3945
vn 0.8048 -0.4457 0.3919
vn 0.8046 -0.4485 0.3893
vn 0.8044 -0.4539 0.3833
vn 0.8034 -0.4508 0.3889
vn 0.8458 -0.4049 0.3473
vn 0.8503 -0.4202 0.3168
vn 0.8532 -0.4282 0.2979
vn 0.8563 -0.4343 0.2796
vn 0.8610 -0.4410 0.2534
vn 0.8542 -0.4528 0.2555
vn 0.8462 -0.4584 0.2717
vn 0.8411 -0.4627 0.2801
vn 0.8363 -0.4677 0.2860
vn 0.8297 -0.4757 0.2919
vn 0.8393 -0.4603 0.2894
vn 0.8920 -0.4455 0.0767
vn 0.8922 -0.4453 0.0753
vn 0.8925 -0.4450 0.0737
vn 0.8931 -0.4442 0.0711
vn 0.8944 -0.4423 0.0660
vn 0.8981 -0.4372 0.0474
vn 0.8798 -0.4433 0.1719
vn 0.8781 -0.4457 0.1739
vn 0.8773 -0.4471 0.1747
vn 0.8764 -0.4485 0.1755
vn 0.8746 -0.4515 0.1765
vn 0.8774 -0.4466 0.1751
vn 0.8918 -0.4475 0.0659
vn 0.8922 -0.4467 0.0667
vn 0.8924 -0.4463 0.0673
vn 0.8924 -0.4461 0.0677
vn 0.8925 -0.4460 0.0679
vn 0.8606 -0.4150 0.2951
vn 0.8560 -0.4308 0.2857
vn 0.8528 -0.4426 0.2771
vn 0.8497 -0.4553 0.2660
vn 0.8451 -0.4744 0.2465
vn 0.8467 -0.4606 0.2664
vn 0.8027 -0.4416 0.4009
vn 0.8043 -0.4441 0.3948
vn 0.8052 -0.4451 0.3919
vn 0.8058 -0.4456 0.3902
vn 0.8062 -0.4458 0.3889
vn 0.8027 -0.4463 0.3956
vn 0.8026 -0.4464 0.3957
vn 0.8023 -0.4466 0.3961
vn 0.8018 -0.4471 0.3965
vn 0.8010 -0.4481 0.3970
vn 0.8025 -0.4462 0.3962
vn -1.0000 0.0000 0.0004
vn -0.0296 0.8911 0.4529
vn -0.0286 0.8911 0.4528
vn -0.2553 0.8578 0.4460
vn -0.2592 0.8568 0.4457
vn 0.1576 0.8909 0.4259
vn 0.1552 0.8911 0.4265
vn 0.0589 0.8925 0.4471
vn 0.3565 0.8611 0.3624
vn 0.3518 0.8623 0.3641
vn 0.5911 0.7654 0.2544
vn 0.5869 0.7678 0.2568
vn 0.7773 0.6158 0.1286
vn 0.7745 0.6189 0.1310
vn 0.9039 0.4278 -0.0032
vn 0.9025 0.4307 -0.0012
vn 0.9673 0.2179 -0.1301
vn 0.9670 0.2199 -0.1290
vn 0.9745 0.0545 -0.2178
vn 0.9745 0.0550 -0.2176
vn 0.9633 -0.0427 -0.2652
vn 0.9632 -0.0430 -0.2653
vn 0.9181 -0.2080 -0.3374
vn 0.9173 -0.2102 -0.3382
vn 0.7274 -0.5204 -0.4473
vn 0.7216 -0.5269 -0.4491
vn 0.5419 -0.6866 -0.4846
vn -0.3219 -0.8729 -0.3666
vn -0.3320 -0.8706 -0.3631
vn -0.0892 -0.8962 -0.4345
vn -0.6505 -0.7282 -0.2157
vn -0.6536 -0.7260 -0.2139
vn -0.7713 -0.6177 -0.1531
vn -0.7719 -0.6171 -0.1531
vn -0.7820 -0.5756 -0.2390
vn -0.7818 -0.5759 -0.2390
vn -0.7775 -0.5974 -0.1964
vn -0.7775 -0.5974 -0.1963
vn -0.8718 -0.4515 -0.1901
vn -0.8712 -0.4524 -0.1906
vn -0.9822 -0.1809 -0.0504
vn -0.9822 -0.1809 -0.0505
vn -0.9526 0.2536 0.1680
vn -0.9513 0.2572 0.1698
vn -0.6468 0.6688 0.3665
vn -0.6418 0.6727 0.3682
vn -0.1157 -0.8982 -0.4241
vn -0.1690 -0.8982 -0.4059
vn -0.1689 -0.8982 -0.4059
vn -0.1156 -0.8982 -0.4241
vn -0.0871 -0.8978 -0.4316
vn -0.0870 -0.8978 -0.4317
vn -0.0296 -0.8978 -0.4394
vn -0.0578 -0.8982 -0.4358
vn -0.0577 -0.8982 -0.4358
vn 0.2258 -0.8489 -0.4779
vn 0.2227 -0.8498 -0.4777
vn 0.6164 -0.6393 -0.4597
vn 0.6203 -0.6361 -0.4589
vn 0.9171 -0.2337 -0.3231
vn 0.9182 -0.2309 -0.3220
vn 0.9769 0.1664 -0.1342
vn 0.9769 0.1666 -0.1340
vn 0.9055 0.4242 0.0141
vn 0.9057 0.4237 0.0138
vn 0.8270 0.5504 0.1147
vn 0.8272 0.5502 0.1144
vn 0.7802 0.5931 0.1986
vn 0.7227 0.6329 0.2777
vn 0.7236 0.6322 0.2769
vn 0.5824 0.7324 0.3527
vn 0.5787 0.7347 0.3540
vn 0.2623 0.8643 0.4292
vn 0.2519 0.8666 0.4306
vn -0.2808 0.8549 0.4362
vn -0.2973 0.8503 0.4342
vn -0.7705 0.5638 0.2973
vn -0.7773 0.5564 0.2937
vn -0.9645 0.2296 0.1305
vn -0.9653 0.2269 0.1292
vn -0.9982 0.0467 0.0381
vn -0.9982 0.0463 0.0379
vn -0.9987 -0.0498 -0.0100
vn -0.9987 -0.0493 -0.0098
vn -0.9766 -0.1983 -0.0829
vn -0.9771 -0.1964 -0.0820
vn -0.9029 -0.3914 -0.1777
vn -0.9045 -0.3883 -0.1762
vn -0.7735 -0.5743 -0.2680
vn -0.7769 -0.5706 -0.2662
vn -0.5815 -0.7349 -0.3490
vn -0.5870 -0.7314 -0.3472
vn -0.3267 -0.8511 -0.4110
vn -0.3337 -0.8489 -0.4098
vn -0.1061 -0.8930 -0.4375
vn -0.1093 -0.8927 -0.4372
vn -0.0576 -0.8970 -0.4382
vn -0.0212 -0.8944 -0.4468
vn -0.0220 -0.8945 -0.4466
vn -0.1235 0.8620 0.4916
vn -0.1168 0.8636 0.4905
vn -0.3755 0.7698 0.5161
vn -0.3817 0.7667 0.5162
vn -0.6026 0.6207 0.5015
vn -0.6073 0.6168 0.5007
vn -0.7809 0.4319 0.4512
vn -0.7836 0.4283 0.4501
vn -0.9014 0.2203 0.3728
vn -0.9024 0.2179 0.3718
vn -0.9525 0.0550 0.2997
vn -0.9526 0.0545 0.2994
vn -0.9666 -0.0429 0.2528
vn -0.9665 -0.0426 0.2529
vn -0.9634 -0.2098 0.1668
vn -0.9637 -0.2072 0.1682
vn -0.8502 -0.5258 -0.0266
vn -0.8552 -0.5179 -0.0211
vn -0.7142 -0.6845 -0.1463
vn -0.1457 -0.8961 -0.4192
vn 0.1025 -0.8713 -0.4800
vn 0.0886 -0.8742 -0.4774
vn 0.4564 -0.7273 -0.5125
vn 0.4514 -0.7304 -0.5126
vn 0.5905 -0.6181 -0.5189
vn 0.5898 -0.6190 -0.5186
vn 0.5752 -0.5973 -0.5589
vn 0.5753 -0.5973 -0.5588
vn 0.5569 -0.5755 -0.5989
vn 0.5567 -0.5758 -0.5988
vn 0.6572 -0.4528 -0.6025
vn 0.6576 -0.4523 -0.6025
vn 0.8239 -0.1810 -0.5371
vn 0.8238 -0.1812 -0.5372
vn 0.9079 0.2566 -0.3315
vn 0.9081 0.2536 -0.3333
vn 0.7411 0.6714 -0.0054
vn 0.7438 0.6684 -0.0086
vn 0.4472 0.8571 0.2557
vn 0.4495 0.8564 0.2541
vn 0.2524 0.8911 0.3771
vn 0.2533 0.8911 0.3766
vn 0.1732 0.8925 0.4164
vn 0.1732 0.8925 0.4165
vn 0.0800 0.8911 0.4467
vn 0.0830 0.8913 0.4458
vn 0.8994 0.2268 -0.3737
vn 0.8993 0.2293 -0.3723
vn 0.8162 0.5627 -0.1314
vn 0.8197 0.5561 -0.1372
vn 0.4645 0.8541 0.2341
vn 0.4762 0.8500 0.2252
vn -0.0083 0.8650 0.5018
vn 0.0001 0.8670 0.4983
vn -0.3245 0.7335 0.5973
vn -0.3212 0.7354 0.5966
vn -0.4870 0.6323 0.6025
vn -0.4858 0.6330 0.6027
vn -0.5764 0.5930 0.5622
vn -0.5765 0.5930 0.5622
vn -0.6583 0.5509 0.5130
vn -0.6577 0.5513 0.5133
vn -0.7758 0.4254 0.4661
vn -0.7766 0.4243 0.4657
vn -0.9126 0.1669 0.3734
vn -0.9126 0.1666 0.3733
vn -0.9556 -0.2333 0.1799
vn -0.9561 -0.2298 0.1818
vn -0.7648 -0.6382 -0.0882
vn -0.7694 -0.6332 -0.0842
vn -0.4353 -0.8487 -0.3002
vn -0.4403 -0.8470 -0.2978
vn -0.2076 -0.8943 -0.3965
vn -0.2090 -0.8942 -0.3960
vn -0.1700 -0.8970 -0.4080
vn -0.1258 -0.8927 -0.4327
vn -0.1285 -0.8930 -0.4313
vn 0.0745 -0.8515 -0.5190
vn 0.0803 -0.8497 -0.5212
vn 0.3267 -0.7352 -0.5939
vn 0.3317 -0.7321 -0.5949
vn 0.5339 -0.5743 -0.6206
vn 0.5374 -0.5709 -0.6206
vn 0.6913 -0.3911 -0.6075
vn 0.6933 -0.3883 -0.6071
vn 0.8026 -0.1981 -0.5627
vn 0.8034 -0.1963 -0.5621
vn 0.8583 -0.0497 -0.5108
vn 0.8584 -0.0493 -0.5106
vn 0.8820 0.0466 -0.4690
vn 0.8819 0.0463 -0.4692
vn 0.4063 0.8911 0.2020
vn 0.5153 0.8570 -0.0005
vn 0.5135 0.8581 0.0034
vn 0.4057 0.8912 0.2030
vn 0.2904 0.8910 0.3489
vn 0.3574 0.8925 0.2751
vn 0.2924 0.8911 0.3470
vn 0.1361 0.8615 0.4892
vn 0.1405 0.8628 0.4855
vn -0.0751 0.7659 0.6385
vn -0.0705 0.7687 0.6358
vn -0.2777 0.6162 0.7370
vn -0.2738 0.6197 0.7355
vn -0.4554 0.4280 0.7807
vn -0.4528 0.4312 0.7804
vn -0.5972 0.2179 0.7720
vn -0.5960 0.2200 0.7723
vn -0.6767 0.0545 0.7343
vn -0.6765 0.0550 0.7344
vn -0.7120 -0.0427 0.7009
vn -0.7121 -0.0430 0.7007
vn -0.7519 -0.2080 0.6256
vn -0.7523 -0.2103 0.6244
vn -0.7516 -0.5198 0.4060
vn -0.7502 -0.5269 0.3996
vn -0.6912 -0.6861 0.2268
vn -0.1582 -0.8735 -0.4605
vn -0.3328 -0.8962 -0.2933
vn -0.1490 -0.8709 -0.4682
vn 0.1376 -0.7294 -0.6701
vn 0.1412 -0.7268 -0.6722
vn 0.2532 -0.6186 -0.7438
vn 0.2535 -0.6178 -0.7443
vn 0.1855 -0.5753 -0.7966
vn 0.2199 -0.5975 -0.7711
vn 0.1854 -0.5756 -0.7964
vn 0.2724 -0.4513 -0.8498
vn 0.2717 -0.4522 -0.8495
vn 0.4485 -0.1808 -0.8753
vn 0.4484 -0.1809 -0.8753
vn 0.6227 0.2537 -0.7402
vn 0.6236 0.2574 -0.7381
vn 0.6412 0.6690 -0.3760
vn 0.6401 0.6732 -0.3703
vn -0.2934 -0.8979 -0.3280
vn -0.2937 -0.8979 -0.3278
vn -0.2674 -0.8982 -0.3489
vn -0.3142 -0.8982 -0.3075
vn -0.3144 -0.8982 -0.3073
vn -0.3663 -0.8978 -0.2444
vn -0.3490 -0.8982 -0.2674
vn -0.3490 -0.8982 -0.2673
vn -0.5002 -0.0000 0.8659
vn -0.5280 -0.8482 -0.0423
vn -0.7084 -0.6352 0.3077
vn -0.7068 -0.6392 0.3031
vn -0.5257 -0.8495 -0.0457
vn -0.7387 -0.2307 0.6333
vn -0.7392 -0.2338 0.6316
vn -0.6055 0.1668 0.7782
vn -0.4415 0.4244 0.7906
vn -0.4409 0.4252 0.7905
vn -0.3151 0.5508 0.7728
vn -0.3146 0.5512 0.7728
vn -0.2194 0.5932 0.7746
vn -0.1222 0.6325 0.7648
vn 0.0161 0.7344 0.6786
vn 0.0129 0.7319 0.6813
vn -0.1235 0.6318 0.7652
vn 0.2461 0.8665 0.4343
vn 0.2393 0.8640 0.4430
vn 0.5246 0.8504 -0.0395
vn 0.5177 0.8552 -0.0235
vn 0.6435 0.5565 -0.5256
vn 0.6432 0.5642 -0.5177
vn 0.5952 0.2269 -0.7709
vn 0.5960 0.2296 -0.7695
vn 0.5327 0.0463 -0.8451
vn 0.5328 0.0467 -0.8450
vn 0.4917 -0.0492 -0.8694
vn 0.4915 -0.0496 -0.8695
vn 0.4186 -0.1960 -0.8868
vn 0.4175 -0.1980 -0.8869
vn 0.3009 -0.3876 -0.8713
vn 0.2987 -0.3908 -0.8707
vn 0.1596 -0.5696 -0.8063
vn 0.1561 -0.5735 -0.8042
vn -0.0054 -0.7305 -0.6829
vn -0.0100 -0.7342 -0.6788
vn -0.1865 -0.8485 -0.4953
vn -0.1913 -0.8507 -0.4896
vn -0.3229 -0.8926 -0.3147
vn -0.3248 -0.8929 -0.3118
vn -0.3502 -0.8970 -0.2697
vn -0.3501 -0.8970 -0.2697
vn -0.3769 -0.8943 -0.2412
vn -0.3762 -0.8944 -0.2420
vn 0.4894 0.8613 0.1368
vn 0.6390 0.7656 -0.0738
vn 0.6365 0.7682 -0.0695
vn 0.4860 0.8625 0.1409
vn 0.7379 0.6160 -0.2760
vn 0.7365 0.6192 -0.2723
vn 0.7819 0.4279 -0.4533
vn 0.7817 0.4310 -0.4509
vn 0.7736 0.2179 -0.5950
vn 0.7739 0.2199 -0.5939
vn 0.7361 0.0545 -0.6746
vn 0.7363 0.0550 -0.6744
vn 0.7028 -0.0427 -0.7101
vn 0.7027 -0.0430 -0.7102
vn 0.6276 -0.2081 -0.7502
vn 0.6265 -0.2103 -0.7505
vn 0.4076 -0.5204 -0.7504
vn 0.4015 -0.5271 -0.7490
vn 0.2281 -0.6866 -0.6903
vn -0.2934 -0.8962 -0.3327
vn -0.4611 -0.8731 -0.1582
vn -0.4683 -0.8708 -0.1497
vn -0.6709 -0.7288 0.1365
vn -0.6728 -0.7265 0.1398
vn -0.7445 -0.6181 0.2522
vn -0.7450 -0.6175 0.2525
vn -0.7716 -0.5971 0.2193
vn -0.7972 -0.5749 0.1842
vn -0.8506 -0.4509 0.2704
vn -0.8503 -0.4520 0.2695
vn -0.7970 -0.5753 0.1841
vn -0.8765 -0.1806 0.4462
vn -0.8766 -0.1808 0.4460
vn -0.7419 0.2537 0.6207
vn -0.7397 0.2577 0.6216
vn -0.3775 0.6692 0.6401
vn -0.3713 0.6737 0.6389
vn -0.0011 0.8572 0.5150
vn 0.0032 0.8584 0.5129
vn 0.2018 0.8912 0.4062
vn 0.2030 0.8912 0.4056
vn 0.2751 0.8925 0.3574
vn 0.3489 0.8909 0.2907
vn 0.3471 0.8911 0.2924
vn -0.7725 0.2269 0.5931
vn -0.5273 0.5566 0.6420
vn -0.5189 0.5647 0.6418
vn -0.7711 0.2297 0.5939
vn -0.0406 0.8506 0.5243
vn -0.0236 0.8556 0.5171
vn 0.4342 0.8663 0.2468
vn 0.4435 0.8637 0.2396
vn 0.6789 0.7340 0.0175
vn 0.6818 0.7314 0.0141
vn 0.7653 0.6321 -0.1210
vn 0.7658 0.6313 -0.1225
vn 0.7751 0.5928 -0.2187
vn 0.7736 0.5505 -0.3138
vn 0.7918 0.4243 -0.4394
vn 0.7917 0.4249 -0.4389
vn 0.7736 0.5508 -0.3134
vn 0.7799 0.1668 -0.6033
vn 0.7798 0.1667 -0.6034
vn 0.6352 -0.2310 -0.7370
vn 0.6336 -0.2339 -0.7375
vn 0.3089 -0.6359 -0.7072
vn 0.3048 -0.6395 -0.7058
vn -0.0421 -0.8487 -0.5272
vn -0.0450 -0.8497 -0.5253
vn -0.2412 -0.8944 -0.3766
vn -0.2419 -0.8945 -0.3761
vn -0.2697 -0.8970 -0.3501
vn -0.3150 -0.8925 -0.3229
vn -0.4959 -0.8480 -0.1869
vn -0.4898 -0.8504 -0.1920
vn -0.3119 -0.8928 -0.3250
vn -0.6835 -0.7299 -0.0065
vn -0.6793 -0.7338 -0.0113
vn -0.8070 -0.5691 0.1578
vn -0.8048 -0.5732 0.1542
vn -0.8722 -0.3872 0.2987
vn -0.8715 -0.3906 0.2964
vn -0.8880 -0.1959 0.4162
vn -0.8880 -0.1979 0.4150
vn -0.8707 -0.0492 0.4893
vn -0.8708 -0.0497 0.4891
vn -0.8466 0.0463 0.5303
vn -0.8464 0.0466 0.5304
vn -0.1068 -0.8936 -0.4360
vn -0.3870 -0.8339 -0.3936
vn -0.3813 -0.8359 -0.3949
vn -0.1056 -0.8937 -0.4361
vn 0.0039 -0.8917 -0.4527
vn -0.0571 -0.8971 -0.4380
vn 0.0004 -0.8920 -0.4521
vn 0.2579 -0.8355 -0.4852
vn 0.2504 -0.8381 -0.4847
vn 0.5348 -0.6939 -0.4822
vn 0.5294 -0.6977 -0.4827
vn 0.7293 -0.5203 -0.4444
vn 0.7261 -0.5238 -0.4454
vn 0.8553 -0.3431 -0.3883
vn 0.8538 -0.3457 -0.3892
vn 0.9316 -0.1702 -0.3212
vn 0.9311 -0.1718 -0.3219
vn 0.9633 -0.0424 -0.2650
vn 0.9633 -0.0427 -0.2651
vn 0.9735 0.0404 -0.2250
vn 0.9735 0.0407 -0.2248
vn 0.9696 0.2004 -0.1401
vn 0.9694 0.2026 -0.1389
vn 0.8555 0.5151 0.0536
vn 0.8510 0.5219 0.0583
vn 0.7057 0.6852 0.1804
vn -0.1581 0.8606 0.4842
vn 0.0850 0.8927 0.4425
vn -0.1691 0.8578 0.4854
vn -0.5190 0.7024 0.4871
vn -0.5225 0.7001 0.4867
vn -0.6768 0.5884 0.4423
vn -0.6777 0.5878 0.4418
vn -0.8111 0.5009 0.3022
vn -0.7501 0.5450 0.3746
vn -0.7501 0.5450 0.3747
vn -0.8108 0.5012 0.3024
vn -0.8976 0.3784 0.2262
vn -0.8971 0.3792 0.2266
vn -0.9828 0.1458 0.1131
vn -0.9772 -0.2037 -0.0598
vn -0.9765 -0.2067 -0.0613
vn -0.7626 -0.5926 -0.2594
vn -0.7578 -0.5975 -0.2620
vn 0.1150 0.8911 0.4389
vn 0.1152 0.8911 0.4388
vn 0.1745 0.8911 0.4189
vn 0.0855 0.8906 0.4466
vn 0.0857 0.8906 0.4466
vn 0.0309 0.8907 0.4535
vn 0.0599 0.8911 0.4498
vn 0.0600 0.8911 0.4498
vn 0.4004 0.8466 0.3505
vn 0.7577 0.6328 0.1596
vn 0.7544 0.6361 0.1620
vn 0.3974 0.8476 0.3517
vn 0.9687 0.2279 -0.0985
vn 0.9682 0.2306 -0.0970
vn 0.9423 -0.1605 -0.2936
vn 0.9424 -0.1603 -0.2936
vn 0.8233 -0.4089 -0.3937
vn 0.8230 -0.4093 -0.3939
vn 0.7387 -0.5293 -0.4174
vn 0.7386 -0.5295 -0.4173
vn 0.7479 -0.5500 -0.3717
vn 0.7478 -0.5500 -0.3718
vn 0.7534 -0.5710 -0.3262
vn 0.6241 -0.6931 -0.3607
vn 0.6288 -0.6897 -0.3592
vn 0.7539 -0.5702 -0.3263
vn 0.2390 -0.8679 -0.4355
vn 0.2554 -0.8640 -0.4340
vn -0.0328 -0.8962 -0.4425
vn -0.7038 -0.6418 -0.3045
vn -0.8523 -0.4745 -0.2202
vn -0.8470 -0.4821 -0.2240
vn -0.9805 -0.1816 -0.0748
vn -0.9800 -0.1837 -0.0758
vn -0.9993 -0.0369 -0.0037
vn -0.9993 -0.0372 -0.0038
vn -0.9981 0.0478 0.0387
vn -0.9981 0.0482 0.0389
vn -0.9748 0.1928 0.1123
vn -0.9743 0.1947 0.1133
vn -0.8979 0.3865 0.2106
vn -0.8961 0.3898 0.2123
vn -0.7598 0.5741 0.3052
vn -0.7560 0.5780 0.3072
vn -0.5529 0.7384 0.3862
vn -0.5467 0.7420 0.3879
vn -0.2813 0.8533 0.4391
vn -0.2738 0.8553 0.4399
vn -0.0498 0.8906 0.4521
vn -0.0466 0.8907 0.4521
vn 0.0588 0.8926 0.4470
vn 0.1556 0.8906 0.4273
vn 0.1548 0.8907 0.4275
vn -0.4726 -0.8330 -0.2876
vn -0.7082 -0.6906 -0.1467
vn -0.7025 -0.6955 -0.1508
vn -0.4636 -0.8365 -0.2921
vn -0.8554 -0.5176 -0.0176
vn -0.8527 -0.5220 -0.0206
vn -0.9352 -0.3415 0.0932
vn -0.9342 -0.3447 0.0913
vn -0.9673 -0.1695 0.1888
vn -0.9671 -0.1714 0.1879
vn -0.9665 -0.0422 0.2532
vn -0.9665 -0.0426 0.2530
vn -0.9553 0.0403 0.2928
vn -0.9553 0.0407 0.2929
vn -0.9095 0.2003 0.3643
vn -0.9085 0.2029 0.3654
vn -0.7133 0.5155 0.4749
vn -0.7055 0.5240 0.4772
vn -0.5179 0.6869 0.5098
vn 0.1538 0.8926 0.4238
vn 0.3826 0.8597 0.3385
vn 0.3960 0.8559 0.3326
vn 0.6955 0.7005 0.1601
vn 0.6993 0.6973 0.1571
vn 0.8084 0.5870 0.0434
vn 0.8091 0.5862 0.0422
vn 0.8374 0.5441 -0.0514
vn 0.8540 0.4992 -0.1466
vn 0.8901 0.3766 -0.2566
vn 0.8900 0.3771 -0.2562
vn 0.8539 0.4994 -0.1462
vn 0.9065 0.1451 -0.3964
vn 0.9065 0.1449 -0.3965
vn 0.8150 -0.2034 -0.5426
vn 0.8138 -0.2060 -0.5434
vn 0.5289 -0.5928 -0.6074
vn 0.5246 -0.5967 -0.6073
vn 0.1348 -0.8346 -0.5341
vn 0.1308 -0.8361 -0.5328
vn -0.1267 -0.8936 -0.4306
vn -0.1277 -0.8937 -0.4301
vn -0.1703 -0.8971 -0.4077
vn -0.1704 -0.8971 -0.4076
vn -0.2350 -0.8912 -0.3881
vn -0.2306 -0.8916 -0.3896
vn 0.8102 -0.1810 -0.5575
vn 0.6262 -0.4742 -0.6188
vn 0.6204 -0.4811 -0.6194
vn 0.8093 -0.1830 -0.5581
vn 0.4558 -0.6414 -0.6171
vn -0.1968 -0.8962 -0.3975
vn -0.4294 -0.8668 -0.2536
vn -0.4410 -0.8633 -0.2453
vn -0.7234 -0.6905 0.0047
vn -0.7261 -0.6876 0.0077
vn -0.8165 -0.5690 0.0973
vn -0.8170 -0.5683 0.0974
vn -0.8340 -0.5492 0.0528
vn -0.8491 -0.5282 0.0090
vn -0.9104 -0.4073 0.0726
vn -0.9100 -0.4084 0.0719
vn -0.8489 -0.5285 0.0089
vn -0.9627 -0.1599 0.2182
vn -0.9627 -0.1601 0.2180
vn -0.8877 0.2280 0.3999
vn -0.8862 0.2315 0.4013
vn -0.5749 0.6336 0.5177
vn -0.5685 0.6387 0.5184
vn -0.1675 0.8477 0.5034
vn -0.1618 0.8493 0.5024
vn 0.0826 0.8908 0.4468
vn 0.0839 0.8909 0.4464
vn 0.1734 0.8926 0.4162
vn 0.2710 0.8905 0.3654
vn 0.4660 0.8526 0.2366
vn 0.4607 0.8543 0.2405
vn 0.2682 0.8907 0.3670
vn 0.6736 0.7371 0.0543
vn 0.6697 0.7403 0.0584
vn 0.8110 0.5727 -0.1194
vn 0.8090 0.5762 -0.1162
vn 0.8823 0.3855 -0.2701
vn 0.8816 0.3885 -0.2680
vn 0.8991 0.1923 -0.3933
vn 0.8991 0.1941 -0.3923
vn 0.8822 0.0477 -0.4685
vn 0.8823 0.0481 -0.4683
vn 0.8620 -0.0367 -0.5056
vn 0.8619 -0.0370 -0.5057
vn -0.3229 -0.8935 -0.3121
vn -0.3237 -0.8936 -0.3109
vn -0.1495 -0.8353 -0.5290
vn -0.1452 -0.8331 -0.5338
vn -0.3948 -0.8915 -0.2222
vn -0.3922 -0.8919 -0.2252
vn -0.3504 -0.8971 -0.2690
vn -0.5501 -0.8349 -0.0184
vn -0.5454 -0.8378 -0.0254
vn -0.6855 -0.6935 0.2218
vn -0.6830 -0.6977 0.2162
vn -0.7500 -0.5204 0.4084
vn -0.7492 -0.5243 0.4049
vn -0.7645 -0.3435 0.5455
vn -0.7646 -0.3463 0.5435
vn -0.7448 -0.1704 0.6452
vn -0.7451 -0.1721 0.6444
vn -0.7119 -0.0424 0.7010
vn -0.7120 -0.0428 0.7008
vn -0.6824 0.0404 0.7299
vn -0.6823 0.0407 0.7300
vn -0.6068 0.2007 0.7691
vn -0.6055 0.2030 0.7695
vn -0.3814 0.5158 0.7671
vn -0.3745 0.5234 0.7654
vn -0.1957 0.6864 0.7004
vn 0.4989 0.8603 0.1049
vn 0.5063 0.8571 0.0949
vn 0.3420 0.8927 0.2936
vn 0.6818 0.7021 -0.2055
vn 0.6834 0.6994 -0.2092
vn 0.7220 0.5885 -0.3638
vn 0.7220 0.5878 -0.3650
vn 0.6680 0.5000 -0.5511
vn 0.6681 0.5004 -0.5506
vn 0.7003 0.5449 -0.4612
vn 0.6454 0.3775 -0.6640
vn 0.6455 0.3785 -0.6633
vn 0.5901 0.1453 -0.7941
vn 0.5902 0.1455 -0.7941
vn 0.4383 -0.2030 -0.8756
vn 0.4365 -0.2061 -0.8758
vn 0.1590 -0.5911 -0.7908
vn 0.1541 -0.5964 -0.7878
vn 0.3007 0.8908 0.3407
vn 0.2760 0.8911 0.3602
vn 0.3008 0.8908 0.3406
vn 0.3222 0.8911 0.3195
vn 0.3223 0.8911 0.3194
vn 0.3782 0.8907 0.2522
vn 0.3603 0.8911 0.2758
vn 0.3603 0.8911 0.2759
vn 0.1041 0.8472 0.5210
vn 0.1075 0.8484 0.5183
vn -0.2361 0.6377 0.7332
vn -0.2408 0.6336 0.7352
vn -0.5688 0.2313 0.7893
vn -0.5705 0.2283 0.7889
vn -0.7264 -0.1605 0.6683
vn -0.7533 -0.4095 0.5146
vn -0.7533 -0.4088 0.5152
vn -0.7313 -0.5297 0.4296
vn -0.7315 -0.5294 0.4297
vn -0.6967 -0.5499 0.4607
vn -0.6966 -0.5499 0.4608
vn -0.6599 -0.5703 0.4892
vn -0.6603 -0.5695 0.4896
vn -0.6260 -0.6891 0.3650
vn -0.6249 -0.6928 0.3599
vn -0.5035 -0.8640 0.0037
vn -0.4962 -0.8681 -0.0121
vn -0.3658 -0.8962 -0.2512
vn 0.0904 -0.6403 -0.7628
vn 0.2312 -0.4809 -0.8457
vn 0.2374 -0.4729 -0.8485
vn 0.4255 -0.1831 -0.8863
vn 0.4267 -0.1809 -0.8861
vn 0.4972 -0.0370 -0.8669
vn 0.4973 -0.0368 -0.8668
vn 0.5334 0.0481 -0.8445
vn 0.5333 0.0476 -0.8446
vn 0.5859 0.1945 -0.7867
vn 0.5853 0.1924 -0.7877
vn 0.6324 0.3895 -0.6696
vn 0.6319 0.3861 -0.6721
vn 0.6445 0.5779 -0.5007
vn 0.6447 0.5737 -0.5052
vn 0.6095 0.7422 -0.2787
vn 0.6112 0.7383 -0.2852
vn 0.5175 0.8555 -0.0158
vn 0.5208 0.8534 -0.0232
vn 0.4140 0.8908 0.1871
vn 0.4158 0.8906 0.1842
vn 0.3572 0.8926 0.2752
vn 0.3572 0.8926 0.2751
vn 0.2928 0.8907 0.3478
vn 0.2935 0.8907 0.3470
vn -0.0182 -0.8354 -0.5493
vn -0.0248 -0.8381 -0.5449
vn 0.2176 -0.6981 -0.6821
vn 0.2228 -0.6942 -0.6845
vn 0.4066 -0.5246 -0.7480
vn 0.4100 -0.5209 -0.7487
vn 0.5455 -0.3465 -0.7631
vn 0.5474 -0.3438 -0.7630
vn 0.6464 -0.1722 -0.7433
vn 0.6472 -0.1706 -0.7430
vn 0.7028 -0.0428 -0.7101
vn 0.7030 -0.0425 -0.7100
vn 0.7319 0.0407 -0.6802
vn 0.7318 0.0404 -0.6803
vn 0.7711 0.2029 -0.6035
vn 0.7708 0.2007 -0.6047
vn 0.7666 0.5228 -0.3729
vn 0.7682 0.5157 -0.3794
vn 0.7012 0.6860 -0.1943
vn 0.2936 0.8927 0.3418
vn 0.0948 0.8576 0.5055
vn 0.1042 0.8605 0.4987
vn -0.2102 0.7001 0.6824
vn -0.2068 0.7025 0.6810
vn -0.3659 0.5882 0.7211
vn -0.3649 0.5889 0.7212
vn -0.4617 0.5453 0.6996
vn -0.5522 0.5004 0.6669
vn -0.5516 0.5008 0.6670
vn -0.6649 0.3788 0.6437
vn -0.6658 0.3776 0.6435
vn -0.7957 0.1456 0.5880
vn -0.7958 0.1454 0.5879
vn -0.8770 -0.2060 0.4341
vn -0.8768 -0.2027 0.4360
vn -0.7884 -0.5961 0.1522
vn -0.7916 -0.5903 0.1575
vn -0.5293 -0.8350 -0.1504
vn -0.5346 -0.8325 -0.1456
vn -0.3111 -0.8935 -0.3239
vn -0.3125 -0.8934 -0.3228
vn -0.2692 -0.8971 -0.3503
vn -0.2224 -0.8917 -0.3943
vn -0.2251 -0.8920 -0.3920
vn -0.8873 -0.1807 0.4243
vn -0.8874 -0.1830 0.4230
vn -0.8465 -0.4807 0.2290
vn -0.8494 -0.4723 0.2355
vn -0.7634 -0.6398 0.0889
vn -0.2516 -0.8961 -0.3656
vn 0.0044 -0.8641 -0.5032
vn -0.0124 -0.8685 -0.4955
vn 0.3663 -0.6894 -0.6249
vn 0.3608 -0.6934 -0.6237
vn 0.4905 -0.5699 -0.6593
vn 0.4901 -0.5708 -0.6588
vn 0.4611 -0.5504 -0.6960
vn 0.4613 -0.5503 -0.6959
vn 0.4309 -0.5298 -0.7305
vn 0.4308 -0.5300 -0.7304
vn 0.5166 -0.4097 -0.7518
vn 0.5170 -0.4092 -0.7519
vn 0.6703 -0.1605 -0.7245
vn 0.6702 -0.1607 -0.7246
vn 0.7909 0.2311 -0.5667
vn 0.7905 0.2283 -0.5683
vn 0.7342 0.6370 -0.2348
vn 0.7360 0.6334 -0.2389
vn 0.5189 0.8480 0.1077
vn 0.5213 0.8469 0.1049
vn 0.3473 0.8907 0.2935
vn 0.3479 0.8906 0.2929
vn 0.2752 0.8926 0.3571
vn 0.2752 0.8926 0.3572
vn 0.1841 0.8907 0.4156
vn 0.1873 0.8909 0.4138
vn -0.0159 0.8559 0.5169
vn -0.0238 0.8536 0.5203
vn -0.2795 0.7427 0.6085
vn -0.2864 0.7386 0.6102
vn -0.5020 0.5784 0.6431
vn -0.5067 0.5740 0.6433
vn -0.6711 0.3898 0.6306
vn -0.6737 0.3862 0.6300
vn -0.7883 0.1946 0.5837
vn -0.7893 0.1925 0.5831
vn -0.8459 0.0481 0.5311
vn -0.8461 0.0477 0.5309
vn -0.8682 -0.0370 0.4948
vn -0.8682 -0.0367 0.4949
vn -0.2198 -0.8982 -0.3807
vn -0.2198 -0.8982 -0.3808
vn 0.2268 0.8911 0.3930
vn 0.3768 0.8910 0.2532
vn 0.3772 0.8911 0.2525
vn 0.2562 0.8567 0.4476
vn 0.2549 0.8561 0.4495
vn 0.4466 0.8912 0.0799
vn 0.4457 0.8913 0.0831
vn 0.4165 0.8925 0.1732
vn 0.4165 0.8925 0.1731
vn 0.4911 0.8622 -0.1240
vn 0.4899 0.8639 -0.1169
vn 0.5151 0.7670 -0.3826
vn 0.5150 0.7703 -0.3760
vn 0.4991 0.6171 -0.6083
vn 0.4999 0.6212 -0.6034
vn 0.4479 0.4284 -0.7848
vn 0.4491 0.4321 -0.7820
vn 0.3692 0.2179 -0.9034
vn 0.3702 0.2203 -0.9024
vn 0.2968 0.0545 -0.9534
vn 0.2970 0.0550 -0.9533
vn 0.2502 -0.0426 -0.9673
vn 0.2500 -0.0429 -0.9673
vn 0.1656 -0.2071 -0.9642
vn 0.1641 -0.2098 -0.9639
vn -0.0231 -0.5173 -0.8555
vn -0.0288 -0.5256 -0.8502
vn -0.1478 -0.6839 -0.7144
vn -0.4768 -0.8745 0.0884
vn -0.4796 -0.8714 0.1031
vn -0.4191 -0.8961 -0.1460
vn -0.5113 -0.7309 0.4520
vn -0.5113 -0.7276 0.4573
vn -0.5174 -0.6195 0.5904
vn -0.5178 -0.6185 0.5911
vn -0.5977 -0.5759 0.5577
vn -0.5976 -0.5761 0.5576
vn -0.5582 -0.5977 0.5755
vn -0.5581 -0.5976 0.5757
vn -0.6007 -0.4526 0.6590
vn -0.6007 -0.4530 0.6587
vn -0.5349 -0.1814 0.8252
vn -0.5348 -0.1810 0.8253
vn -0.3308 0.2535 0.9090
vn -0.3291 0.2563 0.9088
vn -0.0067 0.6681 0.7440
vn -0.0039 0.6708 0.7416
vn -0.4316 -0.8978 -0.0870
vn -0.4358 -0.8982 -0.0578
vn -0.4358 -0.8982 -0.0577
vn -0.4316 -0.8979 -0.0871
vn -0.4243 -0.8982 -0.1150
vn -0.4243 -0.8982 -0.1151
vn -0.3950 -0.8978 -0.1948
vn -0.4061 -0.8982 -0.1684
vn -0.2984 -0.8466 -0.4408
vn -0.3011 -0.8485 -0.4353
vn -0.0901 -0.6379 -0.7648
vn -0.0859 -0.6326 -0.7697
vn 0.1772 -0.2333 -0.9561
vn 0.1793 -0.2295 -0.9566
vn 0.3708 0.1670 -0.9136
vn 0.3707 0.1666 -0.9137
vn 0.4640 0.4257 -0.7769
vn 0.4636 0.4244 -0.7778
vn 0.5120 0.5517 -0.6583
vn 0.5117 0.5512 -0.6590
vn 0.5615 0.5934 -0.5767
vn 0.5614 0.5934 -0.5768
vn 0.6017 0.6334 -0.4866
vn 0.6015 0.6328 -0.4877
vn 0.5962 0.7340 -0.3253
vn 0.5956 0.7358 -0.3223
vn 0.5012 0.8653 -0.0083
vn 0.4980 0.8672 -0.0005
vn 0.2345 0.8537 0.4650
vn 0.2263 0.8499 0.4759
vn -0.1295 0.5622 0.8168
vn -0.1350 0.5560 0.8202
vn -0.3699 0.2291 0.9004
vn -0.3712 0.2268 0.9004
vn -0.4665 0.0466 0.8833
vn -0.4667 0.0463 0.8832
vn -0.5084 -0.0496 0.8597
vn -0.5082 -0.0492 0.8598
vn -0.5604 -0.1981 0.8042
vn -0.5599 -0.1964 0.8049
vn -0.6057 -0.3914 0.6928
vn -0.6052 -0.3887 0.6947
vn -0.6191 -0.5746 0.5353
vn -0.6191 -0.5715 0.5386
vn -0.5928 -0.7356 0.3277
vn -0.5938 -0.7328 0.3324
vn -0.5185 -0.8518 0.0751
vn -0.5204 -0.8501 0.0804
vn -0.4312 -0.8931 -0.1283
vn -0.4324 -0.8929 -0.1258
vn -0.4079 -0.8970 -0.1700
vn -0.4080 -0.8970 -0.1700
vn -0.3961 -0.8941 -0.2093
vn -0.3966 -0.8942 -0.2077
vn 0.3631 0.8609 0.3564
vn 0.3647 0.8620 0.3521
vn 0.2579 0.7674 0.5870
vn 0.2558 0.7651 0.5909
vn 0.1328 0.6185 0.7745
vn 0.1305 0.6155 0.7772
vn 0.0011 0.4305 0.9026
vn -0.0007 0.4277 0.9039
vn -0.1264 0.2197 0.9673
vn -0.1274 0.2178 0.9676
vn -0.2149 0.0550 0.9751
vn -0.2151 0.0545 0.9751
vn -0.2626 -0.0430 0.9639
vn -0.2625 -0.0427 0.9640
vn -0.3357 -0.2102 0.9182
vn -0.3349 -0.2081 0.9190
vn -0.4472 -0.5271 0.7227
vn -0.4454 -0.5210 0.7281
vn -0.4832 -0.6872 0.5425
vn -0.4344 -0.8963 -0.0894
vn -0.3638 -0.8705 -0.3317
vn -0.3670 -0.8726 -0.3224
vn -0.2155 -0.7256 -0.6535
vn -0.2171 -0.7276 -0.6507
vn -0.1544 -0.6167 -0.7719
vn -0.1544 -0.6173 -0.7714
vn -0.1971 -0.5970 -0.7776
vn -0.2404 -0.5752 -0.7819
vn -0.2404 -0.5756 -0.7816
vn -0.1929 -0.4522 -0.8708
vn -0.1924 -0.4512 -0.8714
vn -0.0531 -0.1809 -0.9821
vn -0.0531 -0.1807 -0.9821
vn 0.1673 0.2574 -0.9517
vn 0.1654 0.2537 -0.9530
vn 0.3667 0.6733 -0.6421
vn 0.3647 0.6690 -0.6476
vn 0.4454 0.8582 -0.2552
vn 0.4450 0.8571 -0.2596
vn 0.4527 0.8912 -0.0286
vn 0.4527 0.8911 -0.0297
vn 0.4471 0.8925 0.0589
vn 0.4471 0.8925 0.0588
vn 0.4261 0.8909 0.1575
vn 0.4266 0.8910 0.1553
vn 0.1265 0.2269 -0.9657
vn 0.1279 0.2297 -0.9648
vn 0.2955 0.5643 -0.7709
vn 0.2916 0.5566 -0.7779
vn 0.4356 0.8553 -0.2806
vn 0.4335 0.8505 -0.2980
vn 0.4297 0.8639 0.2626
vn 0.4312 0.8665 0.2515
vn 0.3540 0.7319 0.5823
vn 0.3554 0.7343 0.5783
vn 0.2781 0.6318 0.7235
vn 0.2790 0.6326 0.7225
vn 0.1994 0.5927 0.7803
vn 0.1159 0.5498 0.8272
vn 0.1162 0.5500 0.8271
vn 0.0164 0.4239 0.9056
vn 0.0162 0.4236 0.9057
vn -0.1315 0.1663 0.9773
vn -0.1313 0.1666 0.9772
vn -0.3205 -0.2337 0.9180
vn -0.3195 -0.2312 0.9190
vn -0.4580 -0.6396 0.6174
vn -0.4574 -0.6368 0.6208
vn -0.4770 -0.8501 0.2232
vn -0.4772 -0.8494 0.2256
vn -0.4465 -0.8945 -0.0219
vn -0.4466 -0.8945 -0.0214
vn -0.4382 -0.8970 -0.0576
vn -0.4374 -0.8926 -0.1096
vn -0.4377 -0.8929 -0.1060
vn -0.4117 -0.8508 -0.3265
vn -0.4105 -0.8485 -0.3340
vn -0.3503 -0.7345 -0.5812
vn -0.3484 -0.7308 -0.5870
vn -0.2700 -0.5740 -0.7731
vn -0.2680 -0.5700 -0.7767
vn -0.1801 -0.3912 -0.9025
vn -0.1785 -0.3879 -0.9042
vn -0.0856 -0.1982 -0.9764
vn -0.0846 -0.1962 -0.9769
vn -0.0127 -0.0497 -0.9987
vn -0.0125 -0.0493 -0.9987
vn 0.0353 0.0466 -0.9983
vn 0.0351 0.0463 -0.9983
vn -0.4303 -0.8937 -0.1269
vn -0.5332 -0.8352 0.1347
vn -0.5321 -0.8364 0.1314
vn -0.4299 -0.8938 -0.1276
vn -0.3881 -0.8910 -0.2355
vn -0.4077 -0.8971 -0.1704
vn -0.4076 -0.8971 -0.1705
vn -0.3898 -0.8915 -0.2308
vn -0.2882 -0.8324 -0.4732
vn -0.2929 -0.8362 -0.4637
vn -0.1481 -0.6899 -0.7086
vn -0.1524 -0.6950 -0.7026
vn -0.0197 -0.5171 -0.8557
vn -0.0228 -0.5217 -0.8528
vn 0.0908 -0.3412 -0.9356
vn 0.0888 -0.3445 -0.9346
vn 0.1862 -0.1694 -0.9678
vn 0.1852 -0.1713 -0.9677
vn 0.2504 -0.0422 -0.9672
vn 0.2502 -0.0426 -0.9672
vn 0.2901 0.0404 -0.9561
vn 0.2902 0.0407 -0.9561
vn 0.3618 0.2004 -0.9105
vn 0.3629 0.2030 -0.9095
vn 0.4730 0.5156 -0.7145
vn 0.4754 0.5246 -0.7063
vn 0.5084 0.6873 -0.5187
vn 0.3393 0.8595 0.3824
vn 0.4238 0.8926 0.1540
vn 0.3330 0.8555 0.3966
vn 0.1617 0.7001 0.6955
vn 0.1586 0.6967 0.6997
vn 0.0448 0.5866 0.8086
vn 0.0434 0.5857 0.8094
vn -0.1451 0.4988 0.8545
vn -0.0506 0.5437 0.8378
vn -0.1448 0.4990 0.8544
vn -0.2542 0.3764 0.8909
vn -0.2539 0.3768 0.8908
vn -0.3939 0.1450 0.9076
vn -0.3940 0.1448 0.9076
vn -0.5403 -0.2037 0.8164
vn -0.5411 -0.2060 0.8153
vn -0.6059 -0.5935 0.5297
vn -0.6058 -0.5969 0.5260
vn 0.4464 0.8907 0.0860
vn 0.4465 0.8907 0.0857
vn 0.4498 0.8911 0.0599
vn 0.4498 0.8911 0.0600
vn 0.4390 0.8911 0.1147
vn 0.4391 0.8911 0.1145
vn 0.4077 0.8907 0.2011
vn 0.4192 0.8911 0.1738
vn 0.5028 0.8479 -0.1681
vn 0.5161 0.6338 -0.5761
vn 0.5169 0.6394 -0.5692
vn 0.5017 0.8498 -0.1617
vn 0.3975 0.2280 -0.8888
vn 0.3990 0.2318 -0.8872
vn 0.2155 -0.1598 -0.9633
vn 0.2154 -0.1601 -0.9633
vn 0.0703 -0.4070 -0.9107
vn 0.0695 -0.4082 -0.9102
vn 0.0075 -0.5277 -0.8494
vn 0.0074 -0.5282 -0.8491
vn 0.0521 -0.5487 -0.8344
vn 0.0520 -0.5487 -0.8344
vn 0.0960 -0.5686 -0.8170
vn 0.0033 -0.6899 -0.7239
vn 0.0061 -0.6872 -0.7264
vn 0.0961 -0.5680 -0.8174
vn -0.2537 -0.8663 -0.4302
vn -0.2461 -0.8631 -0.4409
vn -0.3973 -0.8963 -0.1971
vn -0.6157 -0.6421 0.4567
vn -0.6171 -0.4749 0.6274
vn -0.6177 -0.4814 0.6218
vn -0.5552 -0.1812 0.8117
vn -0.5558 -0.1831 0.8109
vn -0.5031 -0.0367 0.8634
vn -0.5032 -0.0370 0.8633
vn -0.4660 0.0476 0.8835
vn -0.4658 0.0480 0.8836
vn -0.3908 0.1923 0.9002
vn -0.3898 0.1940 0.9002
vn -0.2677 0.3854 0.8831
vn -0.2657 0.3882 0.8824
vn -0.1174 0.5724 0.8115
vn -0.1143 0.5758 0.8096
vn 0.0558 0.7368 0.6738
vn 0.0595 0.7398 0.6702
vn 0.2374 0.8523 0.4661
vn 0.2409 0.8539 0.4612
vn 0.3656 0.8905 0.2710
vn 0.3670 0.8906 0.2685
vn 0.4162 0.8926 0.1734
vn 0.4162 0.8926 0.1735
vn 0.4467 0.8909 0.0825
vn 0.4462 0.8910 0.0841
vn -0.4844 -0.8361 0.2576
vn -0.4808 -0.6946 0.5352
vn -0.4813 -0.6981 0.5301
vn -0.4839 -0.8384 0.2508
vn -0.4425 -0.5208 0.7300
vn -0.4435 -0.5241 0.7271
vn -0.3860 -0.3434 0.8562
vn -0.3869 -0.3460 0.8548
vn -0.3187 -0.1703 0.9324
vn -0.3193 -0.1718 0.9319
vn -0.2623 -0.0423 0.9641
vn -0.2624 -0.0427 0.9640
vn -0.2222 0.0404 0.9742
vn -0.2221 0.0407 0.9742
vn -0.1374 0.2004 0.9700
vn -0.1362 0.2024 0.9698
vn 0.0559 0.5150 0.8554
vn 0.0603 0.5214 0.8512
vn 0.1821 0.6847 0.7057
vn 0.4424 0.8928 0.0852
vn 0.4837 0.8608 -0.1586
vn 0.4848 0.8582 -0.1688
vn 0.4857 0.7028 -0.5198
vn 0.4854 0.7007 -0.5229
vn 0.4410 0.5888 -0.6774
vn 0.4406 0.5882 -0.6782
vn 0.3738 0.5454 -0.7502
vn 0.3738 0.5455 -0.7501
vn 0.3006 0.5012 -0.8114
vn 0.2238 0.3785 -0.8981
vn 0.2243 0.3795 -0.8976
vn 0.3010 0.5016 -0.8110
vn 0.1103 0.1457 -0.9832
vn 0.1104 0.1459 -0.9831
vn -0.0623 -0.2035 -0.9771
vn -0.0639 -0.2066 -0.9763
vn -0.2611 -0.5919 -0.7626
vn -0.2639 -0.5973 -0.7574
vn -0.3943 -0.8333 -0.3875
vn -0.3957 -0.8356 -0.3810
vn -0.4361 -0.8935 -0.1072
vn -0.4363 -0.8936 -0.1057
vn -0.4380 -0.8971 -0.0573
vn -0.4524 -0.8918 0.0035
vn -0.4518 -0.8921 0.0004
vn -0.0774 -0.1814 -0.9804
vn -0.2222 -0.4739 -0.8521
vn -0.2262 -0.4819 -0.8465
vn -0.0785 -0.1836 -0.9799
vn -0.3062 -0.6413 -0.7036
vn -0.4425 -0.8961 -0.0332
vn -0.4350 -0.8683 0.2384
vn -0.4334 -0.8642 0.2558
vn -0.3593 -0.6937 0.6242
vn -0.3577 -0.6900 0.6292
vn -0.3249 -0.5715 0.7536
vn -0.3250 -0.5706 0.7541
vn -0.3708 -0.5504 0.7480
vn -0.3710 -0.5505 0.7479
vn -0.4159 -0.5297 0.7392
vn -0.3915 -0.4092 0.8242
vn -0.3916 -0.4095 0.8240
vn -0.4159 -0.5298 0.7391
vn -0.2911 -0.1607 0.9431
vn -0.2910 -0.1604 0.9432
vn -0.0958 0.2278 0.9690
vn -0.0944 0.2303 0.9685
vn 0.1615 0.6326 0.7574
vn 0.1637 0.6355 0.7546
vn 0.3513 0.8464 0.4003
vn 0.3522 0.8471 0.3979
vn 0.4275 0.8905 0.1556
vn 0.4276 0.8906 0.1550
vn 0.4470 0.8926 0.0588
vn 0.4519 0.8907 -0.0498
vn 0.4384 0.8535 -0.2815
vn 0.4393 0.8557 -0.2735
vn 0.4520 0.8908 -0.0463
vn 0.3848 0.7387 -0.5533
vn 0.3867 0.7426 -0.5468
vn 0.3032 0.5743 -0.7605
vn 0.3053 0.5785 -0.7564
vn 0.2082 0.3866 -0.8985
vn 0.2099 0.3900 -0.8966
vn 0.1096 0.1927 -0.9751
vn 0.1106 0.1948 -0.9746
vn 0.0359 0.0478 -0.9982
vn 0.0362 0.0482 -0.9982
vn -0.0064 -0.0368 -0.9993
vn -0.0065 -0.0371 -0.9993
vn 0.0000 -0.0000 1.0000
vn -0.4394 -0.8978 -0.0296
vn 0.4535 0.8907 0.0309
usemtl MI_PaddedWall
s 1
f 19/1/1 6/2/2 825/3/3 806/4/4
f 1/5/5 9/6/6 10/7/7 3/8/8
f 7/9/9 840/10/10 834/11/11 24/12/12
f 2/13/13 4/14/14 11/15/15 12/16/16
f 1/5/5 3/8/8 28/17/17 26/18/18
f 5/19/19 21/20/20 833/21/21 827/22/22
f 43/23/23 41/24/24 29/25/25 30/26/26
f 16/27/27 1/5/5 825/3/3 787/28/28
f 4/14/14 8/29/29 797/30/30 794/31/31
f 8/29/29 811/32/32 814/33/33
f 3/8/8 10/7/7 811/32/32 793/34/34
f 1/5/5 13/35/35 820/36/36 794/31/31
f 13/35/35 792/37/37 820/36/36
f 12/16/16 810/38/38 816/39/39 2/13/13
f 14/40/40 6/2/2 2/13/13 15/41/41
f 15/41/41 2/13/13 816/39/39 818/42/42
f 17/43/43 1/5/5 5/19/19 18/44/44
f 16/27/27 787/28/28 823/45/45
f 18/44/44 826/46/46 802/47/47 36/48/48
f 18/44/44 5/19/19 812/49/49 826/46/46
f 7/9/9 22/50/50 839/51/51 840/10/10
f 22/50/50 859/52/52 839/51/51
f 21/20/20 5/19/19 1/5/5 20/53/53
f 24/12/12 34/54/54 25/55/55
f 25/55/55 844/56/56 854/57/57 41/24/24
f 41/24/24 7/9/9 24/12/12 25/55/55
f 26/18/18 28/17/17 32/58/58
f 26/18/18 829/59/59 845/60/60 1/5/5
f 28/17/17 3/8/8 863/61/61 837/62/62
f 30/26/26 831/63/63 845/60/60 43/23/23
f 29/25/25 41/24/24 854/57/57 861/64/64
f 30/26/26 33/65/65 851/66/66 831/63/63
f 32/58/58 28/17/17 837/62/62 830/67/67
f 27/68/68 829/59/59 830/67/67
f 31/69/69 851/66/66 861/64/64
f 33/65/65 30/26/26 29/25/25
f 25/55/55 34/54/54 858/70/70 844/56/56
f 23/71/71 858/70/70 834/11/11
f 20/53/53 35/72/72 21/20/20
f 21/20/20 35/72/72 859/52/52 833/21/21
f 36/48/48 802/47/47 806/4/4 17/43/43
f 17/43/43 18/44/44 36/48/48
f 37/73/73 14/40/40 15/41/41
f 15/41/41 818/42/42 823/45/45 37/73/73
f 11/15/15 38/74/74 12/16/16
f 12/16/16 38/74/74 792/37/37 810/38/38
f 39/75/75 10/7/7 9/6/6
f 9/6/6 797/30/30 814/33/33 39/75/75
f 56/76/76 7/77/9 882/78/77 896/79/78
f 40/80/79 46/81/80 47/82/81 42/83/82
f 79/84/83 924/85/84 908/86/85 61/87/86
f 41/88/24 43/89/23 48/90/87 49/91/88
f 40/80/79 42/83/82 65/92/89 63/93/90
f 44/94/91 58/95/92 915/96/93 917/97/94
f 78/98/95 77/99/96 66/100/97 68/101/98
f 53/102/99 40/80/79 882/78/77 880/103/100
f 43/89/23 45/104/101 901/105/102 887/106/103
f 45/104/101 875/107/104 897/108/105
f 42/83/82 47/82/81 875/107/104 876/109/106
f 40/80/79 50/110/107 891/111/108 887/106/103
f 50/110/107 869/112/109 891/111/108
f 49/91/88 873/113/110 903/114/111 41/88/24
f 51/115/112 7/77/9 41/88/24 52/116/113
f 52/116/113 41/88/24 903/114/111 871/117/114
f 54/118/115 40/80/79 44/94/91 55/119/116
f 53/102/99 880/103/100 905/120/117
f 55/119/116 878/121/118 879/122/119 73/123/120
f 55/119/116 44/94/91 900/124/121 878/121/118
f 79/84/83 59/125/122 922/126/123 924/85/84
f 59/125/122 923/127/124 922/126/123
f 58/95/92 44/94/91 40/80/79 57/128/125
f 61/87/86 71/129/126 62/130/127
f 62/130/127 920/131/128 946/132/129 77/99/96
f 77/99/96 79/84/83 61/87/86 62/130/127
f 63/93/90 65/92/89 69/133/130
f 63/93/90 940/134/131 913/135/132 40/80/79
f 65/92/89 42/83/82 911/136/133 907/137/134
f 68/101/98 930/138/135 913/135/132 78/98/95
f 66/100/97 77/99/96 946/132/129 941/139/136
f 68/101/98 70/140/137 919/141/138 930/138/135
f 69/133/130 65/92/89 907/137/134 935/142/139
f 64/143/140 940/134/131 935/142/139
f 67/144/141 919/141/138 941/139/136
f 70/140/137 68/101/98 66/100/97
f 62/130/127 71/129/126 933/145/142 920/131/128
f 60/146/143 933/145/142 908/86/85
f 57/128/125 72/147/144 58/95/92
f 58/95/92 72/147/144 923/127/124 915/96/93
f 73/123/120 879/122/119 896/79/78 54/118/115
f 54/118/115 55/119/116 73/123/120
f 74/148/145 51/115/112 52/116/113
f 52/116/113 871/117/114 905/120/117 74/148/145
f 48/90/87 75/149/146 49/91/88
f 49/91/88 75/149/146 869/112/109 873/113/110
f 76/150/147 47/82/81 46/81/80
f 46/81/80 901/105/102 897/108/105 76/150/147
f 81/151/148 157/152/149 914/153/150 939/154/151
f 86/155/152 136/156/153 868/157/154 877/158/155
f 82/159/156 143/160/157 902/161/158 906/162/159
f 80/163/160 129/164/161 144/165/162 82/159/156
f 84/166/163 87/167/164 870/168/165 895/169/165
f 80/163/160 101/170/166 892/171/167 877/158/155
f 86/155/152 94/172/168 88/173/169 84/166/163
f 86/155/152 115/174/170 909/175/171 939/154/151
f 83/176/172 122/177/173 116/178/174 86/155/152
f 81/151/148 108/179/175 916/180/176 937/181/177
f 86/155/152 150/182/178 927/183/179 918/184/180
f 85/185/181 164/186/182 158/187/183 81/151/148
f 86/155/152 84/166/163 83/176/172
f 87/167/164 84/166/163 89/188/184
f 89/188/184 84/166/163 90/189/185
f 90/189/185 84/166/163 91/190/186
f 91/190/186 84/166/163 92/191/187
f 92/191/187 84/166/163 93/192/188
f 93/192/188 84/166/163 88/173/169
f 94/172/168 86/155/152 96/193/189
f 96/193/189 86/155/152 97/194/190
f 97/194/190 86/155/152 98/195/191
f 98/195/191 86/155/152 99/196/192
f 99/196/192 86/155/152 100/197/193
f 100/197/193 86/155/152 95/198/194
f 101/170/166 80/163/160 103/199/195
f 103/199/195 80/163/160 104/200/196
f 104/200/196 80/163/160 105/201/197
f 105/201/197 80/163/160 106/202/197
f 106/202/197 80/163/160 107/203/197
f 107/203/197 80/163/160 102/204/198
f 108/179/175 81/151/148 110/205/199
f 110/205/199 81/151/148 111/206/200
f 111/206/200 81/151/148 112/207/199
f 112/207/199 81/151/148 113/208/201
f 113/208/201 81/151/148 114/209/202
f 114/209/202 81/151/148 109/210/203
f 115/174/170 86/155/152 117/211/204
f 117/211/204 86/155/152 118/212/205
f 118/212/205 86/155/152 119/213/206
f 119/213/206 86/155/152 120/214/207
f 120/214/207 86/155/152 121/215/208
f 121/215/208 86/155/152 116/178/174
f 122/177/173 83/176/172 124/216/209
f 124/216/209 83/176/172 125/217/209
f 125/217/209 83/176/172 126/218/210
f 126/218/210 83/176/172 127/219/210
f 127/219/210 83/176/172 128/220/210
f 128/220/210 83/176/172 123/221/211
f 129/164/161 80/163/160 131/222/212
f 131/222/212 80/163/160 132/223/213
f 132/223/213 80/163/160 133/224/214
f 133/224/214 80/163/160 134/225/215
f 134/225/215 80/163/160 135/226/216
f 135/226/216 80/163/160 130/227/217
f 136/156/153 86/155/152 138/228/218
f 138/228/218 86/155/152 139/229/219
f 139/229/219 86/155/152 140/230/220
f 140/230/220 86/155/152 141/231/221
f 141/231/221 86/155/152 142/232/222
f 142/232/222 86/155/152 137/233/223
f 143/160/157 82/159/156 145/234/224
f 145/234/224 82/159/156 146/235/225
f 146/235/225 82/159/156 147/236/226
f 147/236/226 82/159/156 148/237/227
f 148/237/227 82/159/156 149/238/228
f 149/238/228 82/159/156 144/165/162
f 150/182/178 86/155/152 152/239/229
f 152/239/229 86/155/152 153/240/230
f 153/240/230 86/155/152 154/241/231
f 154/241/231 86/155/152 155/242/232
f 155/242/232 86/155/152 156/243/233
f 156/243/233 86/155/152 151/244/234
f 157/152/149 81/151/148 159/245/235
f 159/245/235 81/151/148 160/246/236
f 160/246/236 81/151/148 161/247/237
f 161/247/237 81/151/148 162/248/238
f 162/248/238 81/151/148 163/249/239
f 163/249/239 81/151/148 158/187/183
f 164/186/182 85/185/181 166/250/240
f 166/250/240 85/185/181 167/251/241
f 167/251/241 85/185/181 168/252/242
f 168/252/242 85/185/181 169/253/243
f 169/253/243 85/185/181 170/254/244
f 170/254/244 85/185/181 165/255/245
f 260/256/246 817/257/247 799/258/248 335/259/249
f 264/260/250 835/261/251 857/262/252 314/263/253
f 82/159/156 856/264/254 849/265/255 321/266/256
f 80/163/160 82/159/156 322/267/257 307/268/258
f 262/269/259 842/270/260 860/271/260 265/272/261
f 80/163/160 835/261/251 836/273/262 279/274/263
f 264/260/250 262/269/259 266/275/264 272/276/265
f 264/260/250 817/257/247 819/277/266 293/278/267
f 261/279/268 264/260/250 294/280/269 300/281/270
f 260/256/246 807/282/271 795/283/271 286/284/272
f 264/260/250 790/285/273 800/286/274 328/287/275
f 263/288/276 260/256/246 336/289/277 342/290/278
f 264/260/250 261/279/268 262/269/259
f 265/272/261 267/291/279 262/269/259
f 267/291/279 268/292/279 262/269/259
f 268/292/279 269/293/279 262/269/259
f 269/293/279 270/294/280 262/269/259
f 270/294/280 271/295/279 262/269/259
f 271/295/279 266/275/264 262/269/259
f 272/276/265 274/296/281 264/260/250
f 274/296/281 275/297/282 264/260/250
f 275/297/282 276/298/283 264/260/250
f 276/298/283 277/299/284 264/260/250
f 277/299/284 278/300/285 264/260/250
f 278/300/285 273/301/286 264/260/250
f 279/274/263 281/302/287 80/163/160
f 281/302/287 282/303/288 80/163/160
f 282/303/288 283/304/289 80/163/160
f 283/304/289 284/305/290 80/163/160
f 284/305/290 285/306/291 80/163/160
f 285/306/291 280/307/292 80/163/160
f 286/284/272 288/308/293 260/256/246
f 288/308/293 289/309/294 260/256/246
f 289/309/294 290/310/295 260/256/246
f 290/310/295 291/311/296 260/256/246
f 291/311/296 292/312/297 260/256/246
f 292/312/297 287/313/298 260/256/246
f 293/278/267 295/314/299 264/260/250
f 295/314/299 296/315/300 264/260/250
f 296/315/300 297/316/301 264/260/250
f 297/316/301 298/317/302 264/260/250
f 298/317/302 299/318/303 264/260/250
f 299/318/303 294/280/269 264/260/250
f 300/281/270 302/319/304 261/279/268
f 302/319/304 303/320/305 261/279/268
f 303/320/305 304/321/304 261/279/268
f 304/321/304 305/322/304 261/279/268
f 305/322/304 306/323/306 261/279/268
f 306/323/306 301/324/307 261/279/268
f 307/268/258 309/325/308 80/163/160
f 309/325/308 310/326/309 80/163/160
f 310/326/309 311/327/310 80/163/160
f 311/327/310 312/328/311 80/163/160
f 312/328/311 313/329/312 80/163/160
f 313/329/312 308/330/313 80/163/160
f 314/263/253 316/331/314 264/260/250
f 316/331/314 317/332/315 264/260/250
f 317/332/315 318/333/316 264/260/250
f 318/333/316 319/334/317 264/260/250
f 319/334/317 320/335/318 264/260/250
f 320/335/318 315/336/319 264/260/250
f 321/266/256 323/337/320 82/159/156
f 323/337/320 324/338/321 82/159/156
f 324/338/321 325/339/322 82/159/156
f 325/339/322 326/340/323 82/159/156
f 326/340/323 327/341/324 82/159/156
f 327/341/324 322/267/257 82/159/156
f 328/287/275 330/342/325 264/260/250
f 330/342/325 331/343/326 264/260/250
f 331/343/326 332/344/327 264/260/250
f 332/344/327 333/345/328 264/260/250
f 333/345/328 334/346/329 264/260/250
f 334/346/329 329/347/330 264/260/250
f 335/259/249 337/348/331 260/256/246
f 337/348/331 338/349/332 260/256/246
f 338/349/332 339/350/333 260/256/246
f 339/350/333 340/351/334 260/256/246
f 340/351/334 341/352/335 260/256/246
f 341/352/335 336/289/277 260/256/246
f 342/290/278 344/353/336 263/288/276
f 344/353/336 345/354/337 263/288/276
f 345/354/337 346/355/338 263/288/276
f 346/355/338 347/356/339 263/288/276
f 347/356/339 348/357/340 263/288/276
f 348/357/340 343/358/341 263/288/276
f 438/359/342 928/360/343 929/361/344 511/362/345
f 86/155/152 867/363/346 886/364/347 490/365/348
f 82/159/156 906/162/159 881/366/349 497/367/350
f 437/368/351 82/159/156 498/369/352 483/370/353
f 440/371/354 884/372/355 889/373/355 441/374/356
f 437/368/351 867/363/346 904/375/357 455/376/358
f 86/155/152 440/371/354 442/377/359 448/378/360
f 86/155/152 928/360/343 921/379/361 469/380/362
f 439/381/363 86/155/152 470/382/364 476/383/365
f 438/359/342 926/384/366 938/385/367 462/386/368
f 86/155/152 918/184/180 945/387/369 504/388/370
f 85/185/181 438/359/342 512/389/371 518/390/372
f 86/155/152 439/381/363 440/371/354
f 441/374/356 443/391/373 440/371/354
f 443/391/373 444/392/374 440/371/354
f 444/392/374 445/393/375 440/371/354
f 445/393/375 446/394/376 440/371/354
f 446/394/376 447/395/377 440/371/354
f 447/395/377 442/377/359 440/371/354
f 448/378/360 450/396/378 86/155/152
f 450/396/378 451/397/379 86/155/152
f 451/397/379 452/398/380 86/155/152
f 452/398/380 453/399/381 86/155/152
f 453/399/381 454/400/382 86/155/152
f 454/400/382 449/401/383 86/155/152
f 455/376/358 457/402/384 437/368/351
f 457/402/384 458/403/385 437/368/351
f 458/403/385 459/404/386 437/368/351
f 459/404/386 460/405/387 437/368/351
f 460/405/387 461/406/388 437/368/351
f 461/406/388 456/407/389 437/368/351
f 462/386/368 464/408/390 438/359/342
f 464/408/390 465/409/391 438/359/342
f 465/409/391 466/410/392 438/359/342
f 466/410/392 467/411/393 438/359/342
f 467/411/393 468/412/394 438/359/342
f 468/412/394 463/413/395 438/359/342
f 469/380/362 471/414/396 86/155/152
f 471/414/396 472/415/397 86/155/152
f 472/415/397 473/416/398 86/155/152
f 473/416/398 474/417/399 86/155/152
f 474/417/399 475/418/400 86/155/152
f 475/418/400 470/382/364 86/155/152
f 476/383/365 478/419/401 439/381/363
f 478/419/401 479/420/402 439/381/363
f 479/420/402 480/421/403 439/381/363
f 480/421/403 481/422/404 439/381/363
f 481/422/404 482/423/405 439/381/363
f 482/423/405 477/424/406 439/381/363
f 483/370/353 485/425/407 437/368/351
f 485/425/407 486/426/408 437/368/351
f 486/426/408 487/427/409 437/368/351
f 487/427/409 488/428/410 437/368/351
f 488/428/410 489/429/411 437/368/351
f 489/429/411 484/430/412 437/368/351
f 490/365/348 492/431/413 86/155/152
f 492/431/413 493/432/414 86/155/152
f 493/432/414 494/433/415 86/155/152
f 494/433/415 495/434/416 86/155/152
f 495/434/416 496/435/417 86/155/152
f 496/435/417 491/436/418 86/155/152
f 497/367/350 499/437/419 82/159/156
f 499/437/419 500/438/420 82/159/156
f 500/438/420 501/439/421 82/159/156
f 501/439/421 502/440/422 82/159/156
f 502/440/422 503/441/423 82/159/156
f 503/441/423 498/369/352 82/159/156
f 504/388/370 506/442/424 86/155/152
f 506/442/424 507/443/425 86/155/152
f 507/443/425 508/444/426 86/155/152
f 508/444/426 509/445/427 86/155/152
f 509/445/427 510/446/428 86/155/152
f 510/446/428 505/447/429 86/155/152
f 511/362/345 513/448/430 438/359/342
f 513/448/430 514/449/431 438/359/342
f 514/449/431 515/450/432 438/359/342
f 515/450/432 516/451/433 438/359/342
f 516/451/433 517/452/434 438/359/342
f 517/452/434 512/389/371 438/359/342
f 518/390/372 520/453/435 85/185/181
f 520/453/435 521/454/436 85/185/181
f 521/454/436 522/455/437 85/185/181
f 522/455/437 523/456/438 85/185/181
f 523/456/438 524/457/439 85/185/181
f 524/457/439 519/458/440 85/185/181
f 613/459/441 686/460/442 821/461/443 824/462/444
f 264/260/250 665/463/445 850/464/446 841/465/447
f 82/159/156 672/466/448 843/467/449 856/264/254
f 437/368/351 658/468/450 673/469/451 82/159/156
f 615/470/452 616/471/453 852/472/454 848/473/454
f 437/368/351 630/474/455 866/475/456 841/465/447
f 264/260/250 623/476/457 617/477/458 615/470/452
f 264/260/250 644/478/459 808/479/460 824/462/444
f 614/480/461 651/481/462 645/482/463 264/260/250
f 613/459/441 637/483/464 803/484/465 815/485/465
f 264/260/250 679/486/466 791/487/467 790/285/273
f 263/288/276 693/488/468 687/489/469 613/459/441
f 264/260/250 615/470/452 614/480/461
f 616/471/453 615/470/452 618/490/470
f 618/490/470 615/470/452 619/491/471
f 619/491/471 615/470/452 620/492/472
f 620/492/472 615/470/452 621/493/473
f 621/493/473 615/470/452 622/494/474
f 622/494/474 615/470/452 617/477/458
f 623/476/457 264/260/250 625/495/475
f 625/495/475 264/260/250 626/496/476
f 626/496/476 264/260/250 627/497/477
f 627/497/477 264/260/250 628/498/478
f 628/498/478 264/260/250 629/499/479
f 629/499/479 264/260/250 624/500/480
f 630/474/455 437/368/351 632/501/481
f 632/501/481 437/368/351 633/502/482
f 633/502/482 437/368/351 634/503/483
f 634/503/483 437/368/351 635/504/484
f 635/504/484 437/368/351 636/505/485
f 636/505/485 437/368/351 631/506/486
f 637/483/464 613/459/441 639/507/487
f 639/507/487 613/459/441 640/508/488
f 640/508/488 613/459/441 641/509/489
f 641/509/489 613/459/441 642/510/490
f 642/510/490 613/459/441 643/511/491
f 643/511/491 613/459/441 638/512/492
f 644/478/459 264/260/250 646/513/493
f 646/513/493 264/260/250 647/514/494
f 647/514/494 264/260/250 648/515/495
f 648/515/495 264/260/250 649/516/496
f 649/516/496 264/260/250 650/517/497
f 650/517/497 264/260/250 645/482/463
f 651/481/462 614/480/461 653/518/498
f 653/518/498 614/480/461 654/519/499
f 654/519/499 614/480/461 655/520/500
f 655/520/500 614/480/461 656/521/501
f 656/521/501 614/480/461 657/522/502
f 657/522/502 614/480/461 652/523/503
f 658/468/450 437/368/351 660/524/504
f 660/524/504 437/368/351 661/525/505
f 661/525/505 437/368/351 662/526/506
f 662/526/506 437/368/351 663/527/507
f 663/527/507 437/368/351 664/528/508
f 664/528/508 437/368/351 659/529/509
f 665/463/445 264/260/250 667/530/510
f 667/530/510 264/260/250 668/531/511
f 668/531/511 264/260/250 669/532/512
f 669/532/512 264/260/250 670/533/513
f 670/533/513 264/260/250 671/534/514
f 671/534/514 264/260/250 666/535/515
f 672/466/448 82/159/156 674/536/516
f 674/536/516 82/159/156 675/537/517
f 675/537/517 82/159/156 676/538/518
f 676/538/518 82/159/156 677/539/519
f 677/539/519 82/159/156 678/540/520
f 678/540/520 82/159/156 673/469/451
f 679/486/466 264/260/250 681/541/521
f 681/541/521 264/260/250 682/542/521
f 682/542/521 264/260/250 683/543/522
f 683/543/522 264/260/250 684/544/523
f 684/544/523 264/260/250 685/545/524
f 685/545/524 264/260/250 680/546/525
f 686/460/442 613/459/441 688/547/526
f 688/547/526 613/459/441 689/548/527
f 689/548/527 613/459/441 690/549/528
f 690/549/528 613/459/441 691/550/529
f 691/550/529 613/459/441 692/551/530
f 692/551/530 613/459/441 687/489/469
f 693/488/468 263/288/276 695/552/531
f 695/552/531 263/288/276 696/553/532
f 696/553/532 263/288/276 697/554/533
f 697/554/533 263/288/276 698/555/534
f 698/555/534 263/288/276 699/556/535
f 699/556/535 263/288/276 694/557/536
f 790/285/273 791/487/467 694/557/536 263/288/276
f 800/286/274 790/285/273 263/288/276 343/358/341
f 794/31/31 820/36/36 11/15/15 4/14/14
f 823/45/45 787/28/28 14/40/40 37/73/73
f 795/283/271 807/282/271 261/279/268 301/324/307
f 814/33/33 797/30/30 8/29/29
f 815/485/465 803/484/465 652/523/503 614/480/461
f 793/34/34 811/32/32 8/29/29 4/14/14
f 806/4/4 802/47/47 19/1/1
f 814/33/33 811/32/32 10/7/7 39/75/75
f 819/277/266 817/257/247 260/256/246 287/313/298
f 818/42/42 816/39/39 1/5/5 16/27/27
f 810/38/38 792/37/37 13/35/35
f 824/462/444 808/479/460 638/512/492 613/459/441
f 799/258/248 817/257/247 264/260/250 329/347/330
f 794/31/31 797/30/30 9/6/6 1/5/5
f 824/462/444 821/461/443 680/546/525 264/260/250
f 787/28/28 825/3/3 6/2/2 14/40/40
f 816/39/39 810/38/38 13/35/35 1/5/5
f 826/46/46 812/49/49 6/2/2 19/1/1
f 823/45/45 818/42/42 16/27/27
f 806/4/4 825/3/3 1/5/5 17/43/43
f 820/36/36 792/37/37 38/74/74 11/15/15
f 802/47/47 826/46/46 19/1/1
f 861/64/64 854/57/57 1/5/5 31/69/69
f 844/56/56 858/70/70 23/71/71
f 854/57/57 844/56/56 23/71/71 1/5/5
f 848/473/454 852/472/454 631/506/486 437/368/351
f 827/22/22 833/21/21 22/50/50 7/9/9
f 845/60/60 831/63/63 31/69/69 1/5/5
f 849/265/255 856/264/254 264/260/250 315/336/319
f 837/62/62 863/61/61 43/23/23 27/68/68
f 861/64/64 851/66/66 33/65/65 29/25/25
f 856/264/254 843/467/449 666/535/515 264/260/250
f 857/262/252 835/261/251 80/163/160 308/330/313
f 845/60/60 829/59/59 27/68/68 43/23/23
f 830/67/67 829/59/59 26/18/18 32/58/58
f 833/21/21 859/52/52 22/50/50
f 841/465/447 850/464/446 659/529/509 437/368/351
f 834/11/11 840/10/10 1/5/5 23/71/71
f 839/51/51 859/52/52 35/72/72 20/53/53
f 840/10/10 839/51/51 20/53/53 1/5/5
f 830/67/67 837/62/62 27/68/68
f 836/273/262 835/261/251 264/260/250 273/301/286
f 834/11/11 858/70/70 34/54/54 24/12/12
f 831/63/63 851/66/66 31/69/69
f 841/465/447 866/475/456 624/500/480 264/260/250
f 860/271/260 842/270/260 80/163/160 280/307/292
f 880/103/100 882/78/77 7/77/9 51/115/112
f 903/114/111 873/113/110 50/110/107 40/80/79
f 878/121/118 900/124/121 7/77/9 56/76/76
f 905/120/117 871/117/114 53/102/99
f 877/158/155 892/171/167 95/198/194 86/155/152
f 896/79/78 882/78/77 40/80/79 54/118/115
f 891/111/108 869/112/109 75/149/146 48/90/87
f 879/122/119 878/121/118 56/76/76
f 895/169/165 870/168/165 102/204/198 80/163/160
f 904/375/357 867/363/346 86/155/152 449/401/383
f 887/106/103 891/111/108 48/90/87 43/89/23
f 905/120/117 880/103/100 51/115/112 74/148/145
f 897/108/105 901/105/102 45/104/101
f 889/373/355 884/372/355 437/368/351 456/407/389
f 876/109/106 875/107/104 45/104/101 43/89/23
f 896/79/78 879/122/119 56/76/76
f 906/162/159 902/161/158 137/233/223 86/155/152
f 897/108/105 875/107/104 47/82/81 76/150/147
f 871/117/114 903/114/111 40/80/79 53/102/99
f 873/113/110 869/112/109 50/110/107
f 877/158/155 868/157/154 130/227/217 80/163/160
f 881/366/349 906/162/159 86/155/152 491/436/418
f 887/106/103 901/105/102 46/81/80 40/80/79
f 886/364/347 867/363/346 437/368/351 484/430/412
f 921/379/361 928/360/343 438/359/342 463/413/395
f 930/138/135 919/141/138 67/144/141
f 908/86/85 933/145/142 71/129/126 61/87/86
f 929/361/344 928/360/343 86/155/152 505/447/429
f 946/132/129 920/131/128 60/146/143 40/80/79
f 941/139/136 946/132/129 40/80/79 67/144/141
f 920/131/128 933/145/142 60/146/143
f 918/184/180 927/183/179 165/255/245 85/185/181
f 917/97/94 915/96/93 59/125/122 79/84/83
f 913/135/132 930/138/135 67/144/141 40/80/79
f 937/181/177 916/180/176 123/221/211 83/176/172
f 945/387/369 918/184/180 85/185/181 519/458/440
f 907/137/134 911/136/133 78/98/95 64/143/140
f 941/139/136 919/141/138 70/140/137 66/100/97
f 938/385/367 926/384/366 439/381/363 477/424/406
f 922/126/123 923/127/124 72/147/144 57/128/125
f 913/135/132 940/134/131 64/143/140 78/98/95
f 935/142/139 940/134/131 63/93/90 69/133/130
f 915/96/93 923/127/124 59/125/122
f 939/154/151 909/175/171 109/210/203 81/151/148
f 908/86/85 924/85/84 40/80/79 60/146/143
f 924/85/84 922/126/123 57/128/125 40/80/79
f 935/142/139 907/137/134 64/143/140
f 939/154/151 914/153/150 151/244/234 86/155/152
f 964/558/537 947/559/538 1350/560/539 1364/561/540
f 948/562/541 954/563/542 955/564/543 950/565/544
f 6/566/2 1392/567/545 1376/568/546 969/569/547
f 949/570/548 951/571/549 956/572/550 957/573/551
f 948/562/541 950/565/544 973/574/552 971/575/553
f 952/576/554 966/577/555 1383/578/556 1385/579/557
f 4/580/14 2/581/13 974/582/558 976/583/559
f 961/584/560 948/562/541 1350/560/539 1348/585/561
f 951/571/549 953/586/562 1369/587/563 1355/588/564
f 953/586/562 1343/589/565 1365/590/566
f 950/565/544 955/564/543 1343/589/565 1344/591/567
f 948/562/541 958/592/568 1359/593/569 1355/588/564
f 958/592/568 1337/594/570 1359/593/569
f 957/573/551 1341/595/571 1371/596/572 949/570/548
f 959/597/573 947/559/538 949/570/548 960/598/574
f 960/598/574 949/570/548 1371/596/572 1339/599/575
f 962/600/576 948/562/541 952/576/554 963/601/577
f 961/584/560 1348/585/561 1373/602/578
f 963/601/577 1346/603/579 1347/604/580 981/605/581
f 963/601/577 952/576/554 1368/606/582 1346/603/579
f 6/566/2 967/607/583 1390/608/584 1392/567/545
f 967/607/583 1391/609/585 1390/608/584
f 966/577/555 952/576/554 948/562/541 965/610/586
f 969/569/547 979/611/587 970/612/588
f 970/612/588 1388/613/589 1414/614/590 2/581/13
f 2/581/13 6/566/2 969/569/547 970/612/588
f 971/575/553 973/574/552 977/615/591
f 971/575/553 1408/616/592 1381/617/593 948/562/541
f 973/574/552 950/565/544 1379/618/594 1375/619/595
f 976/583/559 1398/620/596 1381/617/593 4/580/14
f 974/582/558 2/581/13 1414/614/590 1409/621/597
f 976/583/559 978/622/598 1387/623/599 1398/620/596
f 977/615/591 973/574/552 1375/619/595 1403/624/600
f 972/625/601 1408/616/592 1403/624/600
f 975/626/602 1387/623/599 1409/621/597
f 978/622/598 976/583/559 974/582/558
f 970/612/588 979/611/587 1401/627/603 1388/613/589
f 968/628/604 1401/627/603 1376/568/546
f 965/610/586 980/629/605 966/577/555
f 966/577/555 980/629/605 1391/609/585 1383/578/556
f 981/605/581 1347/604/580 1364/561/540 962/600/576
f 962/600/576 963/601/577 981/605/581
f 982/630/606 959/597/573 960/598/574
f 960/598/574 1339/599/575 1373/602/578 982/630/606
f 956/572/550 983/631/607 957/573/551
f 957/573/551 983/631/607 1337/594/570 1341/595/571
f 984/632/608 955/564/543 954/563/542
f 954/563/542 1369/587/563 1365/590/566 984/632/608
f 260/256/609 1060/633/610 1382/634/611 1407/635/612
f 989/636/613 1039/637/614 1336/638/615 1345/639/616
f 986/640/617 1046/641/618 1370/642/619 1374/643/620
f 985/644/621 1032/645/622 1047/646/623 986/640/617
f 988/647/624 990/648/625 1338/649/626 1363/650/626
f 985/644/621 1004/651/627 1360/652/628 1345/639/616
f 989/636/613 997/653/629 991/654/630 988/647/624
f 989/636/613 1018/655/631 1377/656/632 1407/635/612
f 987/657/633 1025/658/634 1019/659/635 989/636/613
f 260/256/609 1011/660/636 1384/661/637 1405/662/637
f 989/636/613 1053/663/638 1395/664/639 1386/665/640
f 263/288/641 1067/666/642 1061/667/643 260/256/609
f 989/636/613 988/647/624 987/657/633
f 990/648/625 988/647/624 992/668/644
f 992/668/644 988/647/624 993/669/644
f 993/669/644 988/647/624 994/670/645
f 994/670/645 988/647/624 995/671/646
f 995/671/646 988/647/624 996/672/645
f 996/672/645 988/647/624 991/654/630
f 997/653/629 989/636/613 999/673/647
f 999/673/647 989/636/613 1000/674/648
f 1000/674/648 989/636/613 1001/675/649
f 1001/675/649 989/636/613 1002/676/650
f 1002/676/650 989/636/613 1003/677/651
f 1003/677/651 989/636/613 998/678/652
f 1004/651/627 985/644/621 1006/679/653
f 1006/679/653 985/644/621 1007/680/654
f 1007/680/654 985/644/621 1008/681/655
f 1008/681/655 985/644/621 1009/682/656
f 1009/682/656 985/644/621 1010/683/657
f 1010/683/657 985/644/621 1005/684/658
f 1011/660/636 260/256/609 1013/685/659
f 1013/685/659 260/256/609 1014/686/659
f 1014/686/659 260/256/609 1015/687/660
f 1015/687/660 260/256/609 1016/688/661
f 1016/688/661 260/256/609 1017/689/662
f 1017/689/662 260/256/609 1012/690/663
f 1018/655/631 989/636/613 1020/691/664
f 1020/691/664 989/636/613 1021/692/665
f 1021/692/665 989/636/613 1022/693/666
f 1022/693/666 989/636/613 1023/694/667
f 1023/694/667 989/636/613 1024/695/668
f 1024/695/668 989/636/613 1019/659/635
f 1025/658/634 987/657/633 1027/696/669
f 1027/696/669 987/657/633 1028/697/670
f 1028/697/670 987/657/633 1029/698/671
f 1029/698/671 987/657/633 1030/699/672
f 1030/699/672 987/657/633 1031/700/673
f 1031/700/673 987/657/633 1026/701/674
f 1032/645/622 985/644/621 1034/702/675
f 1034/702/675 985/644/621 1035/703/676
f 1035/703/676 985/644/621 1036/704/677
f 1036/704/677 985/644/621 1037/705/678
f 1037/705/678 985/644/621 1038/706/679
f 1038/706/679 985/644/621 1033/707/680
f 1039/637/614 989/636/613 1041/708/681
f 1041/708/681 989/636/613 1042/709/682
f 1042/709/682 989/636/613 1043/710/683
f 1043/710/683 989/636/613 1044/711/684
f 1044/711/684 989/636/613 1045/712/685
f 1045/712/685 989/636/613 1040/713/686
f 1046/641/618 986/640/617 1048/714/687
f 1048/714/687 986/640/617 1049/715/688
f 1049/715/688 986/640/617 1050/716/689
f 1050/716/689 986/640/617 1051/717/690
f 1051/717/690 986/640/617 1052/718/691
f 1052/718/691 986/640/617 1047/646/623
f 1053/663/638 989/636/613 1055/719/692
f 1055/719/692 989/636/613 1056/720/693
f 1056/720/693 989/636/613 1057/721/694
f 1057/721/694 989/636/613 1058/722/695
f 1058/722/695 989/636/613 1059/723/696
f 1059/723/696 989/636/613 1054/724/697
f 1060/633/610 260/256/609 1062/725/698
f 1062/725/698 260/256/609 1063/726/699
f 1063/726/699 260/256/609 1064/727/700
f 1064/727/700 260/256/609 1065/728/700
f 1065/728/700 260/256/609 1066/729/701
f 1066/729/701 260/256/609 1061/667/643
f 1067/666/642 263/288/641 1069/730/702
f 1069/730/702 263/288/641 1070/731/703
f 1070/731/703 263/288/641 1071/732/704
f 1071/732/704 263/288/641 1072/733/705
f 1072/733/705 263/288/641 1073/734/706
f 1073/734/706 263/288/641 1068/735/707
f 613/459/708 1396/736/709 1397/737/710 1234/738/711
f 989/636/613 1335/739/712 1354/740/713 1213/741/714
f 986/640/617 1374/643/620 1349/742/715 1220/743/716
f 1161/744/717 986/640/617 1221/745/718 1206/746/719
f 1163/747/720 1352/748/721 1357/749/721 1164/750/722
f 1161/744/717 1335/739/712 1372/751/723 1178/752/724
f 989/636/613 1163/747/720 1165/753/725 1171/754/726
f 989/636/613 1396/736/709 1389/755/727 1192/756/728
f 1162/757/729 989/636/613 1193/758/730 1199/759/731
f 613/459/708 1394/760/732 1406/761/733 1185/762/734
f 989/636/613 1386/665/640 1413/763/735 1227/764/736
f 263/288/641 613/459/708 1235/765/737 1241/766/738
f 989/636/613 1162/757/729 1163/747/720
f 1164/750/722 1166/767/739 1163/747/720
f 1166/767/739 1167/768/740 1163/747/720
f 1167/768/740 1168/769/741 1163/747/720
f 1168/769/741 1169/770/742 1163/747/720
f 1169/770/742 1170/771/743 1163/747/720
f 1170/771/743 1165/753/725 1163/747/720
f 1171/754/726 1173/772/744 989/636/613
f 1173/772/744 1174/773/745 989/636/613
f 1174/773/745 1175/774/746 989/636/613
f 1175/774/746 1176/775/747 989/636/613
f 1176/775/747 1177/776/748 989/636/613
f 1177/776/748 1172/777/749 989/636/613
f 1178/752/724 1180/778/750 1161/744/717
f 1180/778/750 1181/779/751 1161/744/717
f 1181/779/751 1182/780/752 1161/744/717
f 1182/780/752 1183/781/753 1161/744/717
f 1183/781/753 1184/782/754 1161/744/717
f 1184/782/754 1179/783/755 1161/744/717
f 1185/762/734 1187/784/756 613/459/708
f 1187/784/756 1188/785/757 613/459/708
f 1188/785/757 1189/786/758 613/459/708
f 1189/786/758 1190/787/759 613/459/708
f 1190/787/759 1191/788/760 613/459/708
f 1191/788/760 1186/789/761 613/459/708
f 1192/756/728 1194/790/762 989/636/613
f 1194/790/762 1195/791/763 989/636/613
f 1195/791/763 1196/792/764 989/636/613
f 1196/792/764 1197/793/765 989/636/613
f 1197/793/765 1198/794/766 989/636/613
f 1198/794/766 1193/758/730 989/636/613
f 1199/759/731 1201/795/767 1162/757/729
f 1201/795/767 1202/796/768 1162/757/729
f 1202/796/768 1203/797/769 1162/757/729
f 1203/797/769 1204/798/770 1162/757/729
f 1204/798/770 1205/799/771 1162/757/729
f 1205/799/771 1200/800/772 1162/757/729
f 1206/746/719 1208/801/773 1161/744/717
f 1208/801/773 1209/802/774 1161/744/717
f 1209/802/774 1210/803/775 1161/744/717
f 1210/803/775 1211/804/776 1161/744/717
f 1211/804/776 1212/805/777 1161/744/717
f 1212/805/777 1207/806/778 1161/744/717
f 1213/741/714 1215/807/779 989/636/613
f 1215/807/779 1216/808/780 989/636/613
f 1216/808/780 1217/809/781 989/636/613
f 1217/809/781 1218/810/782 989/636/613
f 1218/810/782 1219/811/783 989/636/613
f 1219/811/783 1214/812/784 989/636/613
f 1220/743/716 1222/813/785 986/640/617
f 1222/813/785 1223/814/786 986/640/617
f 1223/814/786 1224/815/787 986/640/617
f 1224/815/787 1225/816/788 986/640/617
f 1225/816/788 1226/817/789 986/640/617
f 1226/817/789 1221/745/718 986/640/617
f 1227/764/736 1229/818/790 989/636/613
f 1229/818/790 1230/819/791 989/636/613
f 1230/819/791 1231/820/792 989/636/613
f 1231/820/792 1232/821/793 989/636/613
f 1232/821/793 1233/822/794 989/636/613
f 1233/822/794 1228/823/795 989/636/613
f 1234/738/711 1236/824/796 613/459/708
f 1236/824/796 1237/825/797 613/459/708
f 1237/825/797 1238/826/798 613/459/708
f 1238/826/798 1239/827/799 613/459/708
f 1239/827/799 1240/828/800 613/459/708
f 1240/828/800 1235/765/737 613/459/708
f 1241/766/738 1243/829/801 263/288/641
f 1243/829/801 1244/830/802 263/288/641
f 1244/830/802 1245/831/803 263/288/641
f 1245/831/803 1246/832/804 263/288/641
f 1246/832/804 1247/833/805 263/288/641
f 1247/833/805 1242/834/806 263/288/641
f 1348/585/561 1350/560/539 947/559/538 959/597/573
f 1371/596/572 1341/595/571 958/592/568 948/562/541
f 1346/603/579 1368/606/582 947/559/538 964/558/537
f 1373/602/578 1339/599/575 961/584/560
f 1345/639/616 1360/652/628 998/678/652 989/636/613
f 1364/561/540 1350/560/539 948/562/541 962/600/576
f 1359/593/569 1337/594/570 983/631/607 956/572/550
f 1347/604/580 1346/603/579 964/558/537
f 1363/650/626 1338/649/626 1005/684/658 985/644/621
f 1372/751/723 1335/739/712 989/636/613 1172/777/749
f 1355/588/564 1359/593/569 956/572/550 951/571/549
f 1373/602/578 1348/585/561 959/597/573 982/630/606
f 1365/590/566 1369/587/563 953/586/562
f 1357/749/721 1352/748/721 1161/744/717 1179/783/755
f 1344/591/567 1343/589/565 953/586/562 951/571/549
f 1364/561/540 1347/604/580 964/558/537
f 1374/643/620 1370/642/619 1040/713/686 989/636/613
f 1365/590/566 1343/589/565 955/564/543 984/632/608
f 1339/599/575 1371/596/572 948/562/541 961/584/560
f 1341/595/571 1337/594/570 958/592/568
f 1345/639/616 1336/638/615 1033/707/680 985/644/621
f 1349/742/715 1374/643/620 989/636/613 1214/812/784
f 1355/588/564 1369/587/563 954/563/542 948/562/541
f 1354/740/713 1335/739/712 1161/744/717 1207/806/778
f 1389/755/727 1396/736/709 613/459/708 1186/789/761
f 1398/620/596 1387/623/599 975/626/602
f 1376/568/546 1401/627/603 979/611/587 969/569/547
f 1397/737/710 1396/736/709 989/636/613 1228/823/795
f 1414/614/590 1388/613/589 968/628/604 948/562/541
f 1409/621/597 1414/614/590 948/562/541 975/626/602
f 1388/613/589 1401/627/603 968/628/604
f 1386/665/640 1395/664/639 1068/735/707 263/288/641
f 1385/579/557 1383/578/556 967/607/583 6/566/2
f 1381/617/593 1398/620/596 975/626/602 948/562/541
f 1405/662/637 1384/661/637 1026/701/674 987/657/633
f 1413/763/735 1386/665/640 263/288/641 1242/834/806
f 1375/619/595 1379/618/594 4/580/14 972/625/601
f 1409/621/597 1387/623/599 978/622/598 974/582/558
f 1406/761/733 1394/760/732 1162/757/729 1200/800/772
f 1390/608/584 1391/609/585 980/629/605 965/610/586
f 1381/617/593 1408/616/592 972/625/601 4/580/14
f 1403/624/600 1408/616/592 971/575/553 977/615/591
f 1383/578/556 1391/609/585 967/607/583
f 1407/635/612 1377/656/632 1012/690/663 260/256/609
f 1376/568/546 1392/567/545 948/562/541 968/628/604
f 1392/567/545 1390/608/584 965/610/586 948/562/541
f 1403/624/600 1375/619/595 972/625/601
f 1407/635/612 1382/634/611 1054/724/697 989/636/613
usemtl MI_Trim_02
f 81/835/807 85/836/807 174/837/807 171/838/807
f 197/839/808 108/840/809 110/841/810 199/842/811
f 212/843/812 123/844/813 916/845/814 936/846/814
f 217/847/815 128/848/816 123/844/813 212/843/812
f 216/849/817 127/850/818 128/848/816 217/847/815
f 215/851/819 126/852/820 127/850/818 216/849/817
f 214/853/821 125/854/822 126/852/820 215/851/819
f 213/855/823 124/856/824 125/854/822 214/853/821
f 211/857/825 122/858/826 124/856/824 213/855/823
f 205/859/827 116/860/828 122/858/826 211/857/825
f 210/861/829 121/862/830 116/860/828 205/859/827
f 209/863/831 120/864/832 121/862/830 210/861/829
f 208/865/833 119/866/833 120/864/832 209/863/831
f 207/867/834 118/868/835 119/866/836 208/865/836
f 206/869/837 117/870/838 118/868/835 207/867/834
f 204/871/839 115/872/840 117/870/838 206/869/837
f 198/873/841 109/874/842 909/875/843 925/876/844
f 203/877/845 114/878/846 109/874/842 198/873/841
f 202/879/847 113/880/848 114/878/846 203/877/845
f 201/881/849 112/882/850 113/880/848 202/879/847
f 200/883/851 111/884/852 112/882/850 201/881/849
f 199/842/811 110/841/810 111/884/852 200/883/851
f 84/885/853 895/886/854 888/887/855 173/888/856
f 172/889/857 83/890/858 84/885/853 173/888/856
f 171/891/859 81/892/859 937/893/860 934/894/861
f 241/895/862 152/896/863 153/897/864 242/898/865
f 242/898/865 153/897/864 154/899/866 243/900/867
f 243/900/867 154/899/866 155/901/868 244/902/869
f 244/902/869 155/901/868 156/903/870 245/904/871
f 245/904/871 156/903/870 151/905/872 240/906/873
f 240/906/873 151/905/872 914/907/874 931/908/874
f 246/909/875 157/910/876 159/911/877 248/912/878
f 248/912/878 159/911/877 160/913/879 249/914/880
f 249/914/880 160/913/879 161/915/881 250/916/882
f 250/916/882 161/915/881 162/917/883 251/918/884
f 251/918/884 162/917/883 163/919/885 252/920/886
f 252/920/886 163/919/885 158/921/887 247/922/888
f 247/922/888 158/921/887 164/923/889 253/924/890
f 253/924/890 164/923/889 166/925/891 255/926/892
f 255/926/892 166/925/891 167/927/893 256/928/894
f 256/928/894 167/927/893 168/929/895 257/930/896
f 257/930/896 168/929/895 169/931/897 258/932/898
f 258/932/898 169/931/897 170/933/899 259/934/900
f 259/934/900 170/933/899 165/935/901 254/936/902
f 254/936/902 165/935/901 927/937/903 943/938/903
f 239/939/904 150/940/905 152/896/863 241/895/862
f 178/941/906 89/942/907 90/943/908 179/944/909
f 179/944/909 90/943/908 91/945/910 180/946/911
f 180/946/911 91/945/910 92/947/912 181/948/913
f 181/948/913 92/947/912 93/949/914 182/950/915
f 182/950/915 93/949/914 88/951/916 177/952/917
f 177/952/917 88/951/916 94/953/918 183/954/919
f 183/954/919 94/953/918 96/955/920 185/956/921
f 185/956/921 96/955/920 97/957/922 186/958/923
f 186/958/923 97/957/922 98/959/924 187/960/924
f 187/960/925 98/959/925 99/961/926 188/962/927
f 188/962/927 99/961/926 100/963/928 189/964/929
f 189/964/929 100/963/928 95/965/930 184/966/931
f 184/967/931 95/968/930 892/969/932 883/970/933
f 190/971/934 101/972/935 103/973/936 192/974/937
f 192/974/937 103/973/936 104/975/938 193/976/939
f 193/976/939 104/975/938 105/977/940 194/978/941
f 194/978/941 105/977/940 106/979/942 195/980/943
f 195/980/943 106/979/942 107/981/944 196/982/945
f 196/982/945 107/981/944 102/983/946 191/984/947
f 191/984/947 102/983/946 870/985/948 874/986/949
f 176/987/950 87/988/951 89/942/907 178/941/906
f 220/989/952 131/990/953 132/991/954 221/992/955
f 221/992/955 132/991/954 133/993/956 222/994/957
f 222/994/957 133/993/956 134/995/958 223/996/959
f 223/996/959 134/995/958 135/997/960 224/998/961
f 224/998/961 135/997/960 130/999/962 219/1000/963
f 219/1000/963 130/999/962 868/1001/964 872/1002/965
f 225/1003/966 136/1004/967 138/1005/968 227/1006/969
f 227/1006/969 138/1005/968 139/1007/970 228/1008/971
f 228/1008/971 139/1007/970 140/1009/972 229/1010/973
f 229/1010/973 140/1009/972 141/1011/974 230/1012/975
f 230/1012/975 141/1011/974 142/1013/976 231/1014/977
f 231/1014/977 142/1013/976 137/1015/978 226/1016/979
f 226/1017/979 137/1018/978 902/1019/980 894/1020/980
f 232/1021/981 143/1022/982 145/1023/983 234/1024/984
f 234/1024/984 145/1023/983 146/1025/985 235/1026/986
f 235/1026/986 146/1025/985 147/1027/987 236/1028/988
f 236/1028/988 147/1027/987 148/1029/989 237/1030/990
f 237/1030/990 148/1029/989 149/1031/991 238/1032/992
f 238/1032/992 149/1031/991 144/1033/993 233/1034/994
f 233/1034/994 144/1033/993 129/1035/995 218/1036/996
f 218/1036/996 129/1035/995 131/990/953 220/989/952
f 374/1037/997 376/1038/998 288/1039/999 286/1040/1000
f 389/1041/1001 804/1042/1002 795/1043/1002 301/1044/1003
f 394/1045/1004 389/1041/1001 301/1044/1003 306/1046/1005
f 393/1047/1006 394/1045/1004 306/1046/1005 305/1048/1007
f 392/1049/1008 393/1047/1006 305/1048/1007 304/1050/1009
f 391/1051/1010 392/1049/1008 304/1050/1009 303/1052/1011
f 390/1053/1012 391/1051/1010 303/1052/1011 302/1054/1013
f 388/1055/1014 390/1053/1012 302/1054/1013 300/1056/1015
f 382/1057/1016 388/1055/1014 300/1056/1015 294/1058/1017
f 387/1059/1018 382/1057/1016 294/1058/1017 299/1060/1019
f 386/1061/1020 387/1059/1018 299/1060/1019 298/1062/1021
f 385/1063/1022 386/1061/1020 298/1062/1021 297/1064/1022
f 384/1065/1023 385/1063/1024 297/1064/1024 296/1066/1025
f 383/1067/1026 384/1065/1023 296/1066/1025 295/1068/1027
f 381/1069/1028 383/1067/1026 295/1068/1027 293/1070/1029
f 375/1071/1030 801/1072/1031 819/1073/1031 287/1074/1032
f 380/1075/1033 375/1071/1030 287/1074/1032 292/1076/1034
f 379/1077/1035 380/1075/1033 292/1076/1034 291/1078/1036
f 378/1079/1037 379/1077/1035 291/1078/1036 290/1080/1038
f 377/1081/1039 378/1079/1037 290/1080/1038 289/1082/1040
f 376/1038/998 377/1081/1039 289/1082/1040 288/1039/999
f 262/1083/1041 351/1084/1042 828/1085/1043 842/1086/1043
f 350/1087/1044 351/1084/1042 262/1083/1041 261/1088/1045
f 349/1089/1046 805/1090/1047 807/1091/1048 260/1092/1046
f 352/1093/1049 349/1094/1049 260/1095/1049 263/1096/1049
f 418/1097/1050 419/1098/1051 331/1099/1052 330/1100/1053
f 419/1098/1051 420/1101/1054 332/1102/1055 331/1099/1052
f 420/1101/1054 421/1103/1056 333/1104/1056 332/1102/1055
f 421/1103/1056 422/1105/1057 334/1106/1058 333/1104/1056
f 422/1105/1057 417/1107/1059 329/1108/1060 334/1106/1058
f 417/1107/1059 809/1109/1061 799/1110/1061 329/1108/1060
f 423/1111/1062 425/1112/1063 337/1113/1064 335/1114/1065
f 425/1112/1063 426/1115/1066 338/1116/1067 337/1113/1064
f 426/1115/1066 427/1117/1068 339/1118/1069 338/1116/1067
f 427/1117/1068 428/1119/1070 340/1120/1071 339/1118/1069
f 428/1119/1070 429/1121/1072 341/1122/1073 340/1120/1071
f 429/1121/1072 424/1123/1074 336/1124/1075 341/1122/1073
f 424/1123/1074 430/1125/1076 342/1126/1077 336/1124/1075
f 430/1125/1076 432/1127/1078 344/1128/1079 342/1126/1077
f 432/1127/1078 433/1129/1080 345/1130/1081 344/1128/1079
f 433/1129/1080 434/1131/1082 346/1132/1083 345/1130/1081
f 434/1131/1082 435/1133/1084 347/1134/1085 346/1132/1083
f 435/1133/1084 436/1135/1086 348/1136/1087 347/1134/1085
f 436/1135/1086 431/1137/1088 343/1138/1089 348/1136/1087
f 431/1137/1088 813/1139/1090 800/1140/1091 343/1138/1089
f 416/1141/1092 418/1097/1050 330/1100/1053 328/1142/1093
f 355/1143/1094 356/1144/1095 268/1145/1096 267/1146/1097
f 356/1144/1095 357/1147/1098 269/1148/1099 268/1145/1096
f 357/1147/1098 358/1149/1100 270/1150/1101 269/1148/1099
f 358/1149/1100 359/1151/1102 271/1152/1103 270/1150/1101
f 359/1151/1102 354/1153/1104 266/1154/1105 271/1152/1103
f 354/1153/1104 360/1155/1106 272/1156/1107 266/1154/1105
f 360/1155/1106 362/1157/1108 274/1158/1109 272/1156/1107
f 362/1157/1108 363/1159/1110 275/1160/1111 274/1158/1109
f 363/1159/1110 364/1161/1112 276/1162/1112 275/1160/1111
f 364/1161/1113 365/1163/1114 277/1164/1115 276/1162/1113
f 365/1163/1114 366/1165/1116 278/1166/1117 277/1164/1115
f 366/1165/1116 361/1167/1118 273/1168/1119 278/1166/1117
f 361/1169/1118 832/1170/1120 836/1171/1120 273/1172/1119
f 367/1173/1121 369/1174/1122 281/1175/1123 279/1176/1124
f 369/1174/1122 370/1177/1125 282/1178/1126 281/1175/1123
f 370/1177/1125 371/1179/1127 283/1180/1128 282/1178/1126
f 371/1179/1127 372/1181/1129 284/1182/1130 283/1180/1128
f 372/1181/1129 373/1183/1131 285/1184/1132 284/1182/1130
f 373/1183/1131 368/1185/1133 280/1186/1134 285/1184/1132
f 368/1185/1133 864/1187/1135 860/1188/1135 280/1186/1134
f 353/1189/1136 355/1143/1094 267/1146/1097 265/1190/1137
f 397/1191/1138 398/1192/1139 310/1193/1140 309/1194/1141
f 398/1192/1139 399/1195/1142 311/1196/1143 310/1193/1140
f 399/1195/1142 400/1197/1144 312/1198/1145 311/1196/1143
f 400/1197/1144 401/1199/1146 313/1200/1147 312/1198/1145
f 401/1199/1146 396/1201/1148 308/1202/1149 313/1200/1147
f 396/1201/1148 865/1203/1150 857/1204/1150 308/1202/1149
f 402/1205/1151 404/1206/1152 316/1207/1153 314/1208/1154
f 404/1206/1152 405/1209/1155 317/1210/1156 316/1207/1153
f 405/1209/1155 406/1211/1157 318/1212/1158 317/1210/1156
f 406/1211/1157 407/1213/1159 319/1214/1160 318/1212/1158
f 407/1213/1159 408/1215/1161 320/1216/1162 319/1214/1160
f 408/1215/1161 403/1217/1163 315/1218/1164 320/1216/1162
f 403/1219/1163 838/1220/1165 849/1221/1165 315/1222/1164
f 409/1223/1166 411/1224/1167 323/1225/1168 321/1226/1169
f 411/1224/1167 412/1227/1170 324/1228/1171 323/1225/1168
f 412/1227/1170 413/1229/1172 325/1230/1173 324/1228/1171
f 413/1229/1172 414/1231/1174 326/1232/1175 325/1230/1173
f 414/1231/1174 415/1233/1176 327/1234/1177 326/1232/1175
f 415/1233/1176 410/1235/1178 322/1236/1179 327/1234/1177
f 410/1235/1178 395/1237/1180 307/1238/1181 322/1236/1179
f 395/1237/1180 397/1191/1138 309/1194/1141 307/1238/1181
f 438/1239/807 525/1240/807 174/837/807 85/836/807
f 550/1241/1182 552/1242/1183 464/1243/1184 462/1244/1185
f 565/1245/1186 944/1246/1187 938/1247/1187 477/1248/1188
f 570/1249/1189 565/1245/1186 477/1248/1188 482/1250/1190
f 569/1251/1191 570/1249/1189 482/1250/1190 481/1252/1192
f 568/1253/1193 569/1251/1191 481/1252/1192 480/1254/1194
f 567/1255/1195 568/1253/1193 480/1254/1194 479/1256/1196
f 566/1257/1197 567/1255/1195 479/1256/1196 478/1258/1198
f 564/1259/1199 566/1257/1197 478/1258/1198 476/1260/1200
f 558/1261/1201 564/1259/1199 476/1260/1200 470/1262/1202
f 563/1263/1203 558/1261/1201 470/1262/1202 475/1264/1204
f 562/1265/1205 563/1263/1203 475/1264/1204 474/1266/1206
f 561/1267/1207 562/1265/1205 474/1266/1206 473/1268/1207
f 560/1269/1208 561/1267/1209 473/1268/1209 472/1270/1210
f 559/1271/1211 560/1269/1208 472/1270/1210 471/1272/1212
f 557/1273/1213 559/1271/1211 471/1272/1212 469/1274/1214
f 551/1275/1215 932/1276/1216 921/1277/1217 463/1278/1218
f 556/1279/1219 551/1275/1215 463/1278/1218 468/1280/1220
f 555/1281/1221 556/1279/1219 468/1280/1220 467/1282/1221
f 554/1283/1222 555/1281/1221 467/1282/1221 466/1284/1223
f 553/1285/1224 554/1283/1222 466/1284/1223 465/1286/1225
f 552/1242/1183 553/1285/1224 465/1286/1225 464/1243/1184
f 440/1287/1226 527/1288/1227 890/1289/1228 884/1290/1228
f 526/1291/1229 527/1288/1227 440/1287/1226 439/1292/1230
f 525/1293/1231 912/1294/1232 926/1295/1233 438/1296/1231
f 594/1297/1234 595/1298/1235 507/1299/1236 506/1300/1237
f 595/1298/1235 596/1301/1238 508/1302/1239 507/1299/1236
f 596/1301/1238 597/1303/1240 509/1304/1241 508/1302/1239
f 597/1303/1240 598/1305/1242 510/1306/1243 509/1304/1241
f 598/1305/1242 593/1307/1244 505/1308/1245 510/1306/1243
f 593/1307/1244 942/1309/1246 929/1310/1247 505/1308/1245
f 599/1311/1248 601/1312/1249 513/1313/1250 511/1314/1251
f 601/1312/1249 602/1315/1252 514/1316/1253 513/1313/1250
f 602/1315/1252 603/1317/1254 515/1318/1254 514/1316/1253
f 603/1317/1255 604/1319/1256 516/1320/1257 515/1318/1255
f 604/1319/1256 605/1321/1258 517/1322/1259 516/1320/1257
f 605/1321/1258 600/1323/1260 512/1324/1261 517/1322/1259
f 600/1323/1260 606/1325/1262 518/1326/1263 512/1324/1261
f 606/1325/1262 608/1327/1264 520/1328/1265 518/1326/1263
f 608/1327/1264 609/1329/1266 521/1330/1267 520/1328/1265
f 609/1329/1266 610/1331/1268 522/1332/1269 521/1330/1267
f 610/1331/1268 611/1333/1270 523/1334/1271 522/1332/1269
f 611/1333/1270 612/1335/1272 524/1336/1273 523/1334/1271
f 612/1335/1272 607/1337/1274 519/1338/1275 524/1336/1273
f 607/1337/1274 910/1339/1276 945/1340/1276 519/1338/1275
f 592/1341/1277 594/1297/1234 506/1300/1237 504/1342/1278
f 531/1343/1279 532/1344/1280 444/1345/1281 443/1346/1282
f 532/1344/1280 533/1347/1283 445/1348/1284 444/1345/1281
f 533/1347/1283 534/1349/1285 446/1350/1286 445/1348/1284
f 534/1349/1285 535/1351/1287 447/1352/1288 446/1350/1286
f 535/1351/1287 530/1353/1289 442/1354/1290 447/1352/1288
f 530/1353/1289 536/1355/1291 448/1356/1292 442/1354/1290
f 536/1355/1291 538/1357/1293 450/1358/1294 448/1356/1292
f 538/1357/1293 539/1359/1295 451/1360/1296 450/1358/1294
f 539/1359/1295 540/1361/1297 452/1362/1297 451/1360/1296
f 540/1361/1298 541/1363/1299 453/1364/1300 452/1362/1298
f 541/1363/1299 542/1365/1301 454/1366/1302 453/1364/1300
f 542/1365/1301 537/1367/1303 449/1368/1304 454/1366/1302
f 537/1369/1303 893/1370/1305 904/1371/1305 449/1372/1304
f 543/1373/1306 545/1374/1307 457/1375/1308 455/1376/1309
f 545/1374/1307 546/1377/1310 458/1378/1311 457/1375/1308
f 546/1377/1310 547/1379/1312 459/1380/1313 458/1378/1311
f 547/1379/1312 548/1381/1314 460/1382/1315 459/1380/1313
f 548/1381/1314 549/1383/1316 461/1384/1317 460/1382/1315
f 549/1383/1316 544/1385/1318 456/1386/1319 461/1384/1317
f 544/1385/1318 885/1387/1320 889/1388/1321 456/1386/1319
f 529/1389/1322 531/1343/1279 443/1346/1282 441/1390/1323
f 573/1391/1324 574/1392/1325 486/1393/1326 485/1394/1327
f 574/1392/1325 575/1395/1328 487/1396/1328 486/1393/1326
f 575/1395/1329 576/1397/1330 488/1398/1331 487/1396/1329
f 576/1397/1330 577/1399/1332 489/1400/1333 488/1398/1331
f 577/1399/1332 572/1401/1334 484/1402/1335 489/1400/1333
f 572/1401/1334 898/1403/1336 886/1404/1336 484/1402/1335
f 578/1405/1337 580/1406/1338 492/1407/1339 490/1408/1340
f 580/1406/1338 581/1409/1341 493/1410/1342 492/1407/1339
f 581/1409/1341 582/1411/1343 494/1412/1344 493/1410/1342
f 582/1411/1343 583/1413/1345 495/1414/1346 494/1412/1344
f 583/1413/1345 584/1415/1347 496/1416/1348 495/1414/1346
f 584/1415/1347 579/1417/1349 491/1418/1350 496/1416/1348
f 579/1419/1349 899/1420/1351 881/1421/1351 491/1422/1350
f 585/1423/1352 587/1424/1353 499/1425/1354 497/1426/1355
f 587/1424/1353 588/1427/1356 500/1428/1357 499/1425/1354
f 588/1427/1356 589/1429/1358 501/1430/1359 500/1428/1357
f 589/1429/1358 590/1431/1360 502/1432/1361 501/1430/1359
f 590/1431/1360 591/1433/1362 503/1434/1363 502/1432/1361
f 591/1433/1362 586/1435/1364 498/1436/1365 503/1434/1363
f 586/1435/1364 571/1437/1366 483/1438/1367 498/1436/1365
f 571/1437/1366 573/1391/1324 485/1394/1327 483/1438/1367
f 724/1439/1368 637/1440/1369 639/1441/1370 726/1442/1371
f 739/1443/1372 652/1444/1373 803/1445/1374 789/1446/1374
f 744/1447/1375 657/1448/1376 652/1444/1373 739/1443/1372
f 743/1449/1377 656/1450/1378 657/1448/1376 744/1447/1375
f 742/1451/1379 655/1452/1380 656/1450/1378 743/1449/1377
f 741/1453/1381 654/1454/1382 655/1452/1380 742/1451/1379
f 740/1455/1383 653/1456/1384 654/1454/1382 741/1453/1381
f 738/1457/1385 651/1458/1386 653/1456/1384 740/1455/1383
f 732/1459/1387 645/1460/1388 651/1458/1386 738/1457/1385
f 737/1461/1389 650/1462/1390 645/1460/1388 732/1459/1387
f 736/1463/1391 649/1464/1392 650/1462/1390 737/1461/1389
f 735/1465/1393 648/1466/1393 649/1464/1392 736/1463/1391
f 734/1467/1394 647/1468/1395 648/1466/1396 735/1465/1396
f 733/1469/1397 646/1470/1398 647/1468/1395 734/1467/1394
f 731/1471/1399 644/1472/1400 646/1470/1398 733/1469/1397
f 725/1473/1401 638/1474/1402 808/1475/1403 822/1476/1403
f 730/1477/1404 643/1478/1405 638/1474/1402 725/1473/1401
f 729/1479/1406 642/1480/1407 643/1478/1405 730/1477/1404
f 728/1481/1408 641/1482/1409 642/1480/1407 729/1479/1406
f 727/1483/1410 640/1484/1411 641/1482/1409 728/1481/1408
f 726/1442/1371 639/1441/1370 640/1484/1411 727/1483/1410
f 615/1485/1412 848/1486/1413 853/1487/1413 702/1488/1414
f 701/1489/1415 614/1490/1416 615/1485/1412 702/1488/1414
f 700/1491/1417 613/1492/1417 815/1493/1418 798/1494/1419
f 352/1093/1049 263/1096/1049 613/1495/1049 700/1496/1049
f 768/1497/1420 681/1498/1421 682/1499/1422 769/1500/1423
f 769/1500/1423 682/1499/1422 683/1501/1424 770/1502/1425
f 770/1502/1425 683/1501/1424 684/1503/1426 771/1504/1426
f 771/1504/1426 684/1503/1426 685/1505/1427 772/1506/1428
f 772/1506/1428 685/1505/1427 680/1507/1429 767/1508/1430
f 767/1508/1430 680/1507/1429 821/1509/1431 788/1510/1432
f 773/1511/1433 686/1512/1434 688/1513/1435 775/1514/1436
f 775/1514/1436 688/1513/1435 689/1515/1437 776/1516/1438
f 776/1516/1438 689/1515/1437 690/1517/1439 777/1518/1439
f 777/1518/1440 690/1517/1440 691/1519/1441 778/1520/1442
f 778/1520/1442 691/1519/1441 692/1521/1443 779/1522/1444
f 779/1522/1444 692/1521/1443 687/1523/1445 774/1524/1446
f 774/1524/1446 687/1523/1445 693/1525/1447 780/1526/1448
f 780/1526/1448 693/1525/1447 695/1527/1449 782/1528/1450
f 782/1528/1450 695/1527/1449 696/1529/1451 783/1530/1452
f 783/1530/1452 696/1529/1451 697/1531/1453 784/1532/1454
f 784/1532/1454 697/1531/1453 698/1533/1455 785/1534/1456
f 785/1534/1456 698/1533/1455 699/1535/1457 786/1536/1458
f 786/1536/1458 699/1535/1457 694/1537/1459 781/1538/1460
f 781/1538/1460 694/1537/1459 791/1539/1461 796/1540/1462
f 766/1541/1463 679/1542/1464 681/1498/1421 768/1497/1420
f 705/1543/1465 618/1544/1466 619/1545/1467 706/1546/1468
f 706/1546/1468 619/1545/1467 620/1547/1469 707/1548/1470
f 707/1548/1470 620/1547/1469 621/1549/1471 708/1550/1472
f 708/1550/1472 621/1549/1471 622/1551/1473 709/1552/1474
f 709/1552/1474 622/1551/1473 617/1553/1475 704/1554/1476
f 704/1554/1476 617/1553/1475 623/1555/1477 710/1556/1478
f 710/1556/1478 623/1555/1477 625/1557/1479 712/1558/1480
f 712/1558/1480 625/1557/1479 626/1559/1481 713/1560/1482
f 713/1560/1482 626/1559/1481 627/1561/1483 714/1562/1483
f 714/1562/1484 627/1561/1484 628/1563/1485 715/1564/1486
f 715/1564/1486 628/1563/1485 629/1565/1487 716/1566/1488
f 716/1566/1488 629/1565/1487 624/1567/1489 711/1568/1490
f 711/1569/1490 624/1570/1489 866/1571/1491 855/1572/1491
f 717/1573/1492 630/1574/1493 632/1575/1494 719/1576/1495
f 719/1576/1495 632/1575/1494 633/1577/1496 720/1578/1497
f 720/1578/1497 633/1577/1496 634/1579/1498 721/1580/1499
f 721/1580/1499 634/1579/1498 635/1581/1500 722/1582/1501
f 722/1582/1501 635/1581/1500 636/1583/1502 723/1584/1503
f 723/1584/1503 636/1583/1502 631/1585/1504 718/1586/1505
f 718/1586/1505 631/1585/1504 852/1587/1506 846/1588/1506
f 703/1589/1507 616/1590/1508 618/1544/1466 705/1543/1465
f 747/1591/1509 660/1592/1510 661/1593/1511 748/1594/1512
f 748/1594/1512 661/1593/1511 662/1595/1513 749/1596/1513
f 749/1596/1514 662/1595/1514 663/1597/1515 750/1598/1516
f 750/1598/1516 663/1597/1515 664/1599/1517 751/1600/1518
f 751/1600/1518 664/1599/1517 659/1601/1519 746/1602/1520
f 746/1602/1520 659/1601/1519 850/1603/1521 847/1604/1522
f 752/1605/1523 665/1606/1524 667/1607/1525 754/1608/1526
f 754/1608/1526 667/1607/1525 668/1609/1527 755/1610/1528
f 755/1610/1528 668/1609/1527 669/1611/1529 756/1612/1530
f 756/1612/1530 669/1611/1529 670/1613/1531 757/1614/1532
f 757/1614/1532 670/1613/1531 671/1615/1533 758/1616/1534
f 758/1616/1534 671/1615/1533 666/1617/1535 753/1618/1536
f 753/1619/1536 666/1620/1535 843/1621/1537 862/1622/1538
f 759/1623/1539 672/1624/1540 674/1625/1541 761/1626/1542
f 761/1626/1542 674/1625/1541 675/1627/1543 762/1628/1544
f 762/1628/1544 675/1627/1543 676/1629/1545 763/1630/1546
f 763/1630/1546 676/1629/1545 677/1631/1547 764/1632/1548
f 764/1632/1548 677/1631/1547 678/1633/1549 765/1634/1550
f 765/1634/1550 678/1633/1549 673/1635/1551 760/1636/1552
f 760/1636/1552 673/1635/1551 658/1637/1553 745/1638/1554
f 745/1638/1554 658/1637/1553 660/1592/1510 747/1591/1509
f 788/1510/1432 821/1509/1431 686/1512/1434 773/1511/1433
f 807/1091/1048 805/1090/1047 350/1087/1044 261/1088/1045
f 798/1494/1419 815/1493/1418 614/1490/1416 701/1489/1415
f 819/1073/1031 801/1072/1031 381/1639/1028 293/1640/1029
f 822/1476/1403 808/1475/1403 644/1641/1400 731/1642/1399
f 800/1140/1091 813/1139/1090 416/1643/1092 328/1644/1093
f 795/1043/1002 804/1042/1002 374/1037/997 286/1040/1000
f 796/1540/1462 791/1539/1461 679/1645/1464 766/1646/1463
f 789/1446/1374 803/1445/1374 637/1440/1369 724/1439/1368
f 799/1110/1061 809/1109/1061 423/1111/1062 335/1114/1065
f 860/1188/1135 864/1187/1135 353/1189/1136 265/1190/1137
f 847/1604/1522 850/1603/1521 665/1606/1524 752/1605/1523
f 846/1588/1506 852/1587/1506 616/1590/1508 703/1589/1507
f 836/1171/1120 832/1170/1120 367/1173/1121 279/1176/1124
f 842/1086/1043 828/1085/1043 175/1647/1555 80/1648/1556
f 855/1572/1491 866/1571/1491 630/1574/1493 717/1573/1492
f 853/1487/1413 848/1486/1413 437/1649/1557 528/1650/1557
f 849/1221/1165 838/1220/1165 409/1223/1166 321/1226/1169
f 862/1622/1538 843/1621/1537 672/1624/1540 759/1623/1539
f 857/1204/1150 865/1203/1150 402/1205/1151 314/1208/1154
f 881/1421/1351 899/1420/1351 585/1423/1352 497/1426/1355
f 886/1404/1336 898/1403/1336 578/1405/1337 490/1408/1340
f 894/1020/980 902/1019/980 143/1022/982 232/1021/981
f 889/1388/1321 885/1387/1320 529/1389/1322 441/1390/1323
f 872/1002/965 868/1001/964 136/1004/967 225/1003/966
f 904/1371/1305 893/1370/1305 543/1373/1306 455/1376/1309
f 874/986/949 870/985/948 87/988/951 176/987/950
f 888/887/855 895/886/854 80/1648/1556 175/1647/1555
f 883/970/933 892/969/932 101/972/935 190/971/934
f 884/1290/1228 890/1289/1228 528/1650/1557 437/1649/1557
f 936/846/814 916/845/814 108/840/809 197/839/808
f 943/938/903 927/937/903 150/1651/905 239/1652/904
f 938/1247/1187 944/1246/1187 550/1241/1182 462/1244/1185
f 945/1340/1276 910/1339/1276 592/1653/1277 504/1654/1278
f 934/894/861 937/893/860 83/890/858 172/889/857
f 931/908/874 914/907/874 157/910/876 246/909/875
f 926/1295/1233 912/1294/1232 526/1291/1229 439/1292/1230
f 929/1310/1247 942/1309/1246 599/1311/1248 511/1314/1251
f 925/876/844 909/875/843 115/1655/840 204/1656/839
f 921/1277/1217 932/1276/1216 557/1657/1213 469/1658/1214
f 1098/1659/1558 1011/1660/1559 1013/1661/1560 1100/1662/1561
f 1113/1663/1562 1026/1664/1563 1384/1665/1564 1404/1666/1565
f 1118/1667/1566 1031/1668/1567 1026/1664/1563 1113/1663/1562
f 1117/1669/1568 1030/1670/1569 1031/1668/1567 1118/1667/1566
f 1116/1671/1570 1029/1672/1571 1030/1670/1569 1117/1669/1568
f 1115/1673/1572 1028/1674/1573 1029/1672/1571 1116/1671/1570
f 1114/1675/1574 1027/1676/1575 1028/1674/1573 1115/1673/1572
f 1112/1677/1576 1025/1678/1577 1027/1676/1575 1114/1675/1574
f 1106/1679/1578 1019/1680/1579 1025/1678/1577 1112/1677/1576
f 1111/1681/1580 1024/1682/1581 1019/1680/1579 1106/1679/1578
f 1110/1683/1582 1023/1684/1583 1024/1682/1581 1111/1681/1580
f 1109/1685/1584 1022/1686/1584 1023/1684/1583 1110/1683/1582
f 1108/1687/1585 1021/1688/1586 1022/1686/1587 1109/1685/1587
f 1107/1689/1588 1020/1690/1589 1021/1688/1586 1108/1687/1585
f 1105/1691/1590 1018/1692/1591 1020/1690/1589 1107/1689/1588
f 1099/1693/1592 1012/1694/1593 1377/1695/1594 1393/1696/1595
f 1104/1697/1596 1017/1698/1597 1012/1694/1593 1099/1693/1592
f 1103/1699/1598 1016/1700/1599 1017/1698/1597 1104/1697/1596
f 1102/1701/1600 1015/1702/1601 1016/1700/1599 1103/1699/1598
f 1101/1703/1602 1014/1704/1603 1015/1702/1601 1102/1701/1600
f 1100/1662/1561 1013/1661/1560 1014/1704/1603 1101/1703/1602
f 988/1705/1604 1363/1706/1605 1356/1707/1606 1075/1708/1607
f 1074/1709/1608 987/1710/1609 988/1705/1604 1075/1708/1607
f 349/1089/1610 260/1092/1610 1405/1711/1611 1402/1712/1611
f 1142/1713/1612 1055/1714/1613 1056/1715/1614 1143/1716/1615
f 1143/1716/1615 1056/1715/1614 1057/1717/1616 1144/1718/1617
f 1144/1718/1617 1057/1717/1616 1058/1719/1618 1145/1720/1619
f 1145/1720/1619 1058/1719/1618 1059/1721/1620 1146/1722/1621
f 1146/1722/1621 1059/1721/1620 1054/1723/1622 1141/1724/1623
f 1141/1724/1623 1054/1723/1622 1382/1725/1624 1399/1726/1625
f 1147/1727/1626 1060/1728/1627 1062/1729/1628 1149/1730/1629
f 1149/1730/1629 1062/1729/1628 1063/1731/1630 1150/1732/1631
f 1150/1732/1631 1063/1731/1630 1064/1733/1632 1151/1734/1633
f 1151/1734/1633 1064/1733/1632 1065/1735/1634 1152/1736/1635
f 1152/1736/1635 1065/1735/1634 1066/1737/1636 1153/1738/1637
f 1153/1738/1637 1066/1737/1636 1061/1739/1638 1148/1740/1639
f 1148/1740/1639 1061/1739/1638 1067/1741/1640 1154/1742/1641
f 1154/1742/1641 1067/1741/1640 1069/1743/1642 1156/1744/1643
f 1156/1744/1643 1069/1743/1642 1070/1745/1644 1157/1746/1645
f 1157/1746/1645 1070/1745/1644 1071/1747/1646 1158/1748/1647
f 1158/1748/1647 1071/1747/1646 1072/1749/1648 1159/1750/1649
f 1159/1750/1649 1072/1749/1648 1073/1751/1650 1160/1752/1651
f 1160/1752/1651 1073/1751/1650 1068/1753/1652 1155/1754/1653
f 1155/1754/1653 1068/1753/1652 1395/1755/1654 1411/1756/1655
f 1140/1757/1656 1053/1758/1657 1055/1714/1613 1142/1713/1612
f 1079/1759/1658 992/1760/1659 993/1761/1660 1080/1762/1661
f 1080/1762/1661 993/1761/1660 994/1763/1662 1081/1764/1663
f 1081/1764/1663 994/1763/1662 995/1765/1664 1082/1766/1665
f 1082/1766/1665 995/1765/1664 996/1767/1666 1083/1768/1667
f 1083/1768/1667 996/1767/1666 991/1769/1668 1078/1770/1669
f 1078/1770/1669 991/1769/1668 997/1771/1670 1084/1772/1671
f 1084/1772/1671 997/1771/1670 999/1773/1672 1086/1774/1673
f 1086/1774/1673 999/1773/1672 1000/1775/1674 1087/1776/1675
f 1087/1776/1675 1000/1775/1674 1001/1777/1676 1088/1778/1676
f 1088/1778/1677 1001/1777/1677 1002/1779/1678 1089/1780/1679
f 1089/1780/1679 1002/1779/1678 1003/1781/1680 1090/1782/1681
f 1090/1782/1681 1003/1781/1680 998/1783/1682 1085/1784/1683
f 1085/1785/1683 998/1786/1682 1360/1787/1684 1351/1788/1684
f 1091/1789/1685 1004/1790/1686 1006/1791/1687 1093/1792/1688
f 1093/1792/1688 1006/1791/1687 1007/1793/1689 1094/1794/1690
f 1094/1794/1690 1007/1793/1689 1008/1795/1691 1095/1796/1692
f 1095/1796/1692 1008/1795/1691 1009/1797/1693 1096/1798/1694
f 1096/1798/1694 1009/1797/1693 1010/1799/1695 1097/1800/1696
f 1097/1800/1696 1010/1799/1695 1005/1801/1697 1092/1802/1698
f 1092/1802/1698 1005/1801/1697 1338/1803/1699 1342/1804/1700
f 1077/1805/1701 990/1806/1702 992/1760/1659 1079/1759/1658
f 1121/1807/1703 1034/1808/1704 1035/1809/1705 1122/1810/1706
f 1122/1810/1706 1035/1809/1705 1036/1811/1707 1123/1812/1708
f 1123/1812/1708 1036/1811/1707 1037/1813/1709 1124/1814/1710
f 1124/1814/1710 1037/1813/1709 1038/1815/1711 1125/1816/1712
f 1125/1816/1712 1038/1815/1711 1033/1817/1713 1120/1818/1714
f 1120/1818/1714 1033/1817/1713 1336/1819/1715 1340/1820/1715
f 1126/1821/1716 1039/1822/1717 1041/1823/1718 1128/1824/1719
f 1128/1824/1719 1041/1823/1718 1042/1825/1720 1129/1826/1721
f 1129/1826/1721 1042/1825/1720 1043/1827/1722 1130/1828/1723
f 1130/1828/1723 1043/1827/1722 1044/1829/1724 1131/1830/1725
f 1131/1830/1725 1044/1829/1724 1045/1831/1726 1132/1832/1727
f 1132/1832/1727 1045/1831/1726 1040/1833/1728 1127/1834/1729
f 1127/1835/1729 1040/1836/1728 1370/1837/1730 1362/1838/1730
f 1133/1839/1731 1046/1840/1732 1048/1841/1733 1135/1842/1734
f 1135/1842/1734 1048/1841/1733 1049/1843/1735 1136/1844/1736
f 1136/1844/1736 1049/1843/1735 1050/1845/1737 1137/1846/1738
f 1137/1846/1738 1050/1845/1737 1051/1847/1739 1138/1848/1740
f 1138/1848/1740 1051/1847/1739 1052/1849/1741 1139/1850/1742
f 1139/1850/1742 1052/1849/1741 1047/1851/1743 1134/1852/1744
f 1134/1852/1744 1047/1851/1743 1032/1853/1745 1119/1854/1746
f 1119/1854/1746 1032/1853/1745 1034/1808/1704 1121/1807/1703
f 1272/1855/1747 1274/1856/1748 1187/1857/1749 1185/1858/1750
f 1287/1859/1751 1412/1860/1752 1406/1861/1753 1200/1862/1754
f 1292/1863/1755 1287/1859/1751 1200/1862/1754 1205/1864/1756
f 1291/1865/1757 1292/1863/1755 1205/1864/1756 1204/1866/1758
f 1290/1867/1759 1291/1865/1757 1204/1866/1758 1203/1868/1760
f 1289/1869/1761 1290/1867/1759 1203/1868/1760 1202/1870/1762
f 1288/1871/1763 1289/1869/1761 1202/1870/1762 1201/1872/1764
f 1286/1873/1765 1288/1871/1763 1201/1872/1764 1199/1874/1766
f 1280/1875/1767 1286/1873/1765 1199/1874/1766 1193/1876/1768
f 1285/1877/1769 1280/1875/1767 1193/1876/1768 1198/1878/1770
f 1284/1879/1771 1285/1877/1769 1198/1878/1770 1197/1880/1772
f 1283/1881/1773 1284/1879/1771 1197/1880/1772 1196/1882/1773
f 1282/1883/1774 1283/1881/1775 1196/1882/1775 1195/1884/1776
f 1281/1885/1777 1282/1883/1774 1195/1884/1776 1194/1886/1778
f 1279/1887/1779 1281/1885/1777 1194/1886/1778 1192/1888/1780
f 1273/1889/1781 1400/1890/1782 1389/1891/1782 1186/1892/1783
f 1278/1893/1784 1273/1889/1781 1186/1892/1783 1191/1894/1785
f 1277/1895/1786 1278/1893/1784 1191/1894/1785 1190/1896/1787
f 1276/1897/1788 1277/1895/1786 1190/1896/1787 1189/1898/1789
f 1275/1899/1790 1276/1897/1788 1189/1898/1789 1188/1900/1791
f 1274/1856/1748 1275/1899/1790 1188/1900/1791 1187/1857/1749
f 1163/1901/1792 1249/1902/1793 1358/1903/1794 1352/1904/1795
f 1248/1905/1796 1249/1902/1793 1163/1901/1792 1162/1906/1797
f 700/1491/1798 1380/1907/1799 1394/1908/1799 613/1492/1798
f 1316/1909/1800 1317/1910/1801 1230/1911/1802 1229/1912/1803
f 1317/1910/1801 1318/1913/1804 1231/1914/1805 1230/1911/1802
f 1318/1913/1804 1319/1915/1806 1232/1916/1807 1231/1914/1805
f 1319/1915/1806 1320/1917/1808 1233/1918/1809 1232/1916/1807
f 1320/1917/1808 1315/1919/1810 1228/1920/1811 1233/1918/1809
f 1315/1919/1810 1410/1921/1812 1397/1922/1813 1228/1920/1811
f 1321/1923/1814 1323/1924/1815 1236/1925/1816 1234/1926/1817
f 1323/1924/1815 1324/1927/1818 1237/1928/1819 1236/1925/1816
f 1324/1927/1818 1325/1929/1820 1238/1930/1820 1237/1928/1819
f 1325/1929/1821 1326/1931/1822 1239/1932/1823 1238/1930/1821
f 1326/1931/1822 1327/1933/1824 1240/1934/1825 1239/1932/1823
f 1327/1933/1824 1322/1935/1826 1235/1936/1827 1240/1934/1825
f 1322/1935/1826 1328/1937/1828 1241/1938/1829 1235/1936/1827
f 1328/1937/1828 1330/1939/1830 1243/1940/1831 1241/1938/1829
f 1330/1939/1830 1331/1941/1832 1244/1942/1833 1243/1940/1831
f 1331/1941/1832 1332/1943/1834 1245/1944/1835 1244/1942/1833
f 1332/1943/1834 1333/1945/1836 1246/1946/1837 1245/1944/1835
f 1333/1945/1836 1334/1947/1838 1247/1948/1839 1246/1946/1837
f 1334/1947/1838 1329/1949/1840 1242/1950/1841 1247/1948/1839
f 1329/1949/1840 1378/1951/1842 1413/1952/1843 1242/1950/1841
f 1314/1953/1844 1316/1909/1800 1229/1912/1803 1227/1954/1845
f 1253/1955/1846 1254/1956/1847 1167/1957/1848 1166/1958/1849
f 1254/1956/1847 1255/1959/1850 1168/1960/1851 1167/1957/1848
f 1255/1959/1850 1256/1961/1852 1169/1962/1853 1168/1960/1851
f 1256/1961/1852 1257/1963/1854 1170/1964/1855 1169/1962/1853
f 1257/1963/1854 1252/1965/1856 1165/1966/1857 1170/1964/1855
f 1252/1965/1856 1258/1967/1858 1171/1968/1859 1165/1966/1857
f 1258/1967/1858 1260/1969/1860 1173/1970/1861 1171/1968/1859
f 1260/1969/1860 1261/1971/1862 1174/1972/1863 1173/1970/1861
f 1261/1971/1862 1262/1973/1864 1175/1974/1864 1174/1972/1863
f 1262/1973/1865 1263/1975/1866 1176/1976/1867 1175/1974/1865
f 1263/1975/1866 1264/1977/1868 1177/1978/1869 1176/1976/1867
f 1264/1977/1868 1259/1979/1870 1172/1980/1871 1177/1978/1869
f 1259/1981/1870 1361/1982/1872 1372/1983/1873 1172/1984/1871
f 1265/1985/1874 1267/1986/1875 1180/1987/1876 1178/1988/1877
f 1267/1986/1875 1268/1989/1878 1181/1990/1879 1180/1987/1876
f 1268/1989/1878 1269/1991/1880 1182/1992/1881 1181/1990/1879
f 1269/1991/1880 1270/1993/1882 1183/1994/1883 1182/1992/1881
f 1270/1993/1882 1271/1995/1884 1184/1996/1885 1183/1994/1883
f 1271/1995/1884 1266/1997/1886 1179/1998/1887 1184/1996/1885
f 1266/1997/1886 1353/1999/1888 1357/2000/1888 1179/1998/1887
f 1251/2001/1889 1253/1955/1846 1166/1958/1849 1164/2002/1890
f 1295/2003/1891 1296/2004/1892 1209/2005/1893 1208/2006/1894
f 1296/2004/1892 1297/2007/1895 1210/2008/1895 1209/2005/1893
f 1297/2007/1896 1298/2009/1897 1211/2010/1898 1210/2008/1896
f 1298/2009/1897 1299/2011/1899 1212/2012/1900 1211/2010/1898
f 1299/2011/1899 1294/2013/1901 1207/2014/1902 1212/2012/1900
f 1294/2013/1901 1366/2015/1903 1354/2016/1904 1207/2014/1902
f 1300/2017/1905 1302/2018/1906 1215/2019/1907 1213/2020/1908
f 1302/2018/1906 1303/2021/1909 1216/2022/1910 1215/2019/1907
f 1303/2021/1909 1304/2023/1911 1217/2024/1912 1216/2022/1910
f 1304/2023/1911 1305/2025/1913 1218/2026/1914 1217/2024/1912
f 1305/2025/1913 1306/2027/1915 1219/2028/1916 1218/2026/1914
f 1306/2027/1915 1301/2029/1917 1214/2030/1918 1219/2028/1916
f 1301/2031/1917 1367/2032/1919 1349/2033/1919 1214/2034/1918
f 1307/2035/1920 1309/2036/1921 1222/2037/1922 1220/2038/1923
f 1309/2036/1921 1310/2039/1924 1223/2040/1925 1222/2037/1922
f 1310/2039/1924 1311/2041/1926 1224/2042/1927 1223/2040/1925
f 1311/2041/1926 1312/2043/1928 1225/2044/1929 1224/2042/1927
f 1312/2043/1928 1313/2045/1930 1226/2046/1931 1225/2044/1929
f 1313/2045/1930 1308/2047/1932 1221/2048/1933 1226/2046/1931
f 1308/2047/1932 1293/2049/1934 1206/2050/1935 1221/2048/1933
f 1293/2049/1934 1295/2003/1891 1208/2006/1894 1206/2050/1935
f 986/2051/1936 1161/2052/1936 1250/2053/1936 1076/2054/1936 985/2055/1936
f 1349/2033/1919 1367/2032/1919 1307/2035/1920 1220/2038/1923
f 1354/2016/1904 1366/2015/1903 1300/2017/1905 1213/2020/1908
f 1362/1838/1730 1370/1837/1730 1046/1840/1732 1133/1839/1731
f 1357/2000/1888 1353/1999/1888 1251/2001/1889 1164/2002/1890
f 1340/1820/1715 1336/1819/1715 1039/1822/1717 1126/1821/1716
f 1372/1983/1873 1361/1982/1872 1265/1985/1874 1178/1988/1877
f 1342/1804/1700 1338/1803/1699 990/1806/1702 1077/1805/1701
f 1356/1707/1606 1363/1706/1605 985/2056/1937 1076/2057/1937
f 1351/1788/1684 1360/1787/1684 1004/1790/1686 1091/1789/1685
f 1352/1904/1795 1358/1903/1794 1250/2058/1938 1161/2059/1938
f 1404/1666/1565 1384/1665/1564 1011/1660/1559 1098/1659/1558
f 1411/1756/1655 1395/1755/1654 1053/2060/1657 1140/2061/1656
f 1406/1861/1753 1412/1860/1752 1272/1855/1747 1185/1858/1750
f 1413/1952/1843 1378/1951/1842 1314/2062/1844 1227/2063/1845
f 1402/1712/1611 1405/1711/1611 987/1710/1609 1074/1709/1608
f 1399/1726/1625 1382/1725/1624 1060/1728/1627 1147/1727/1626
f 1394/1908/1799 1380/1907/1799 1248/1905/1796 1162/1906/1797
f 1397/1922/1813 1410/1921/1812 1321/1923/1814 1234/1926/1817
f 1393/1696/1595 1377/1695/1594 1018/2064/1591 1105/2065/1590
f 1389/1891/1782 1400/1890/1782 1279/2066/1779 1192/2067/1780
