# Blender v3.6.0 OBJ File: 'AllModules_Unreal.blend'
# www.blender.org
mtllib WallPadded_Curve_Round_Outer.mtl
o WallPadded_Curve_Round_Outer_Cube.007
v -3.369854 0.198716 -1.570429
v -2.898289 2.895998 -1.367605
v -4.007382 0.324214 -1.757125
v -3.827050 0.293434 -1.767072
v -3.983918 0.321871 -1.780521
v -3.941407 0.315198 -1.790627
v -3.886323 0.305213 -1.785905
v -3.355485 2.990716 -1.564249
v -3.535818 3.021496 -1.554302
v -3.414758 3.002495 -1.583081
v -3.469843 3.012481 -1.587804
v -3.512353 3.019153 -1.577698
v -4.040373 0.324214 -1.680423
v -3.568808 3.021496 -1.477599
v -3.499360 0.198716 -1.269328
v -3.027795 2.895998 -1.066504
v -4.073363 0.324214 -1.603720
v -3.956556 0.293434 -1.465971
v -4.074209 0.321871 -1.570596
v -4.052307 0.315198 -1.532785
v -4.010993 0.305213 -1.496046
v -3.484991 2.990716 -1.263148
v -3.601799 3.021496 -1.400897
v -3.539429 3.002495 -1.293223
v -3.580743 3.012481 -1.329962
v -3.602644 3.019153 -1.367772
v -3.379251 0.198716 -1.548580
v -3.961324 0.313680 -1.724125
v -3.798072 0.285484 -1.728718
v -3.940574 0.311533 -1.743828
v -3.902262 0.305421 -1.751620
v -3.852222 0.296274 -1.746314
v -3.989527 0.313680 -1.658554
v -3.489963 0.198716 -1.291177
v -4.017730 0.313680 -1.592983
v -3.908783 0.285484 -1.471314
v -4.017761 0.311533 -1.564368
v -3.997067 0.305421 -1.531197
v -3.958799 0.296274 -1.498521
v -3.428037 -0.006465 -1.569563
v -4.013869 0.006237 -1.746725
v -3.849694 0.003121 -1.750921
v -3.993048 0.006000 -1.766398
v -3.954536 0.005324 -1.774103
v -3.904197 0.004314 -1.768669
v -4.042072 0.006237 -1.681154
v -3.538748 -0.006465 -1.312159
v -4.070274 0.006237 -1.615582
v -3.960406 0.003121 -1.493518
v -4.070235 0.006000 -1.586937
v -4.049342 0.005324 -1.553681
v -4.010775 0.004314 -1.520876
v -2.908159 2.895998 -1.344658
v -3.329469 2.983282 -1.525867
v -3.493299 3.011645 -1.522160
v -3.383911 2.994136 -1.543637
v -3.434163 3.003338 -1.549172
v -3.472575 3.009486 -1.541631
v -3.521261 3.011645 -1.457149
v -3.017926 2.895998 -1.089451
v -3.439236 2.983282 -1.270660
v -3.549223 3.011645 -1.392137
v -3.489579 2.994136 -1.297959
v -3.528160 3.003338 -1.330631
v -3.549104 3.009486 -1.363702
v -3.941722 0.078888 -1.768592
v -3.891457 0.075882 -1.763189
v -4.036528 0.078888 -1.548169
v -4.057372 0.080896 -1.581405
v -3.837040 0.072337 -1.745479
v -3.416078 0.043831 -1.564420
v -3.980185 0.080896 -1.760865
v -4.057394 0.081601 -1.610042
v -3.947752 0.072337 -1.488075
v -3.998034 0.075882 -1.515396
v -4.000989 0.081601 -1.741185
v -4.029191 0.081601 -1.675614
v -3.526790 0.043831 -1.307016
v -4.073917 0.006961 -1.694850
v -4.049527 0.006961 -1.751557
v -4.098307 0.006961 -1.638143
v -4.087141 0.073552 -1.633341
v -4.062751 0.073552 -1.690048
v -4.038361 0.073552 -1.746755
v -1.272944 0.198716 -3.493104
v -1.082839 2.895998 -3.016270
v -1.591823 0.324214 -4.075868
v -1.457256 0.293434 -3.955409
v -1.558688 0.321871 -4.075825
v -1.521478 0.315198 -4.052918
v -1.485860 0.305213 -4.010633
v -1.267151 2.990716 -3.478575
v -1.401718 3.021496 -3.599034
v -1.295756 3.002495 -3.533799
v -1.331374 3.012481 -3.576084
v -1.368583 3.019153 -3.598991
v -1.669383 0.324214 -4.044947
v -1.479278 3.021496 -3.568112
v -1.577410 0.198716 -3.371720
v -1.387305 2.895998 -2.894885
v -1.746943 0.324214 -4.014025
v -1.761722 0.293434 -3.834024
v -1.770959 0.321871 -3.991197
v -1.782202 0.315198 -3.948972
v -1.778958 0.305213 -3.893781
v -1.571617 2.990716 -3.357190
v -1.556838 3.021496 -3.537191
v -1.588853 3.002495 -3.416947
v -1.592097 3.012481 -3.472139
v -1.580855 3.019153 -3.514363
v -1.295036 0.198716 -3.484296
v -1.582581 0.313680 -4.019967
v -1.463878 0.285484 -3.907797
v -1.553976 0.311533 -4.019231
v -1.521372 0.305421 -3.997655
v -1.489734 0.296274 -3.958525
v -1.648885 0.313680 -3.993533
v -1.555317 0.198716 -3.380528
v -1.715189 0.313680 -3.967099
v -1.724159 0.285484 -3.804028
v -1.735442 0.311533 -3.946884
v -1.744258 0.305421 -3.908794
v -1.740296 0.296274 -3.858630
v -1.314704 -0.006465 -3.533627
v -1.603764 0.006237 -4.073099
v -1.484689 0.003121 -3.959996
v -1.575130 0.006000 -4.072291
v -1.542446 0.005324 -4.050513
v -1.510687 0.004314 -4.011081
v -1.670068 0.006237 -4.046665
v -1.574984 -0.006465 -3.429858
v -1.736371 0.006237 -4.020231
v -1.744970 0.003121 -3.856228
v -1.756596 0.006000 -3.999944
v -1.765332 0.005324 -3.961653
v -1.761249 0.004314 -3.911186
v -1.106042 2.895998 -3.007020
v -1.275887 2.983282 -3.433037
v -1.394372 3.011645 -3.546242
v -1.301827 2.994136 -3.484095
v -1.333453 3.003338 -3.523538
v -1.365950 3.009486 -3.545361
v -1.460110 3.011645 -3.520034
v -1.364102 2.895998 -2.904136
v -1.533947 2.983282 -3.330154
v -1.525848 3.011645 -3.493826
v -1.550250 2.994136 -3.385053
v -1.554436 3.003338 -3.435436
v -1.545867 3.009486 -3.473631
v -1.537280 0.078888 -4.037557
v -1.505551 0.075882 -3.998198
v -1.760166 0.078888 -3.948696
v -1.751410 0.080896 -3.986938
v -1.479588 0.072337 -3.947201
v -1.309883 0.043831 -3.521535
v -1.569945 0.080896 -4.059284
v -1.731179 0.081601 -4.007206
v -1.739868 0.072337 -3.843432
v -1.756113 0.075882 -3.898304
v -1.598572 0.081601 -4.060075
v -1.664875 0.081601 -4.033640
v -1.570163 0.043831 -3.417766
v -1.682906 0.006961 -4.078866
v -1.625565 0.006961 -4.101727
v -1.740246 0.006961 -4.056005
v -1.735745 0.073552 -4.044714
v -1.678404 0.073552 -4.067575
v -1.621064 0.073552 -4.090435
v -1.453868 2.800000 -3.509936
v -1.377316 2.707941 -3.325167
v -2.545338 2.707941 -2.545352
v -1.588215 2.800000 -3.446101
v -1.504307 2.707941 -3.264559
v -2.686759 2.800000 -2.686774
v -1.672135 3.000000 -3.627637
v -1.530420 3.000000 -3.694706
v -2.828180 3.000000 -2.828195
v -1.683262 2.800000 -3.398276
v -1.772116 3.000000 -3.577454
v -1.674014 2.707941 -3.179225
v 0.000001 2.707941 -3.600000
v -1.313102 2.800000 -3.558525
v -1.244055 2.707941 -3.370825
v 0.000001 2.800000 -3.800000
v -1.382135 3.000000 -3.746231
v 0.000001 3.000000 -4.000000
v -1.212607 2.800000 -3.593415
v -1.276466 3.000000 -3.782947
v -1.064753 2.707941 -3.433302
v -1.492144 0.800000 -3.602321
v -2.757470 0.800000 -2.757484
v -1.530420 -0.000000 -3.694706
v -2.828181 0.000000 -2.828195
v 0.000001 0.800000 -3.900000
v 0.000001 0.000000 -4.000000
v -2.812558 0.304051 -2.812573
v -1.521964 0.304051 -3.674295
v 0.000001 0.304051 -3.977907
v -2.802049 0.508580 -2.802064
v -1.516275 0.508579 -3.660565
v 0.000001 0.508580 -3.963045
v 0.000001 0.719906 -3.947690
v -1.510398 0.719906 -3.646379
v -2.791191 0.719906 -2.791206
v -2.794734 0.650958 -2.794749
v 0.000001 0.650958 -3.952699
v -1.512316 0.650958 -3.651007
v -2.093068 1.832161 -3.133014
v -2.669732 1.832161 -2.669746
v -2.191260 0.915651 -3.279763
v -2.794585 0.915652 -2.794600
v -1.994877 2.748670 -2.986265
v -2.544879 2.748670 -2.544892
v -1.377051 2.748670 -3.324572
v -2.646915 1.018860 -2.897982
v -2.168196 1.650960 -3.124407
v -2.240937 1.018859 -3.222217
v -2.716782 1.100848 -2.815541
v -2.625819 1.727659 -2.734872
v -2.239129 1.746173 -3.054525
v -2.522277 2.534315 -2.619204
v -2.608496 1.931306 -2.697953
v -2.213620 1.915438 -3.032412
v -2.130864 2.018583 -3.064169
v -2.064841 2.645395 -2.963061
v -2.452089 2.663908 -2.647411
v -2.019682 2.005360 -3.142395
v -1.947637 2.653330 -3.040467
v -1.512592 2.663908 -3.277927
v -1.953684 1.926017 -3.205659
v -1.456416 2.560763 -3.328693
v -1.507774 1.939241 -3.436691
v -2.057193 1.645671 -3.200660
v -1.642844 1.008280 -3.569252
v -2.118799 1.008280 -3.307199
v -1.517879 1.743528 -3.473770
v -1.558780 1.100847 -3.591595
v -1.980572 1.751461 -3.228001
v -1.981365 1.246546 -3.424334
v -1.699339 1.559147 -3.498427
v -1.679619 2.126062 -3.386114
v -1.894791 2.434071 -3.209908
v -2.270623 2.472273 -2.947214
v -2.506353 2.159489 -2.819803
v -2.589041 1.564961 -2.899610
v -2.403886 1.252177 -3.140283
v -0.735347 1.832161 -3.695369
v -1.444651 1.832161 -3.487689
v -0.769568 0.915651 -3.868591
v -1.512235 0.915652 -3.650813
v -0.701127 2.748671 -3.522147
v -1.336592 1.018859 -3.690714
v -0.807958 1.650960 -3.716164
v -0.837511 1.018859 -3.834411
v -1.432479 1.100848 -3.640740
v -1.379351 1.727659 -3.531443
v -0.900227 1.746173 -3.678714
v -1.327964 2.534315 -3.384919
v -1.377446 1.931306 -3.490636
v -0.885179 1.915438 -3.648511
v -0.796645 2.018583 -3.646195
v -0.774554 2.645395 -3.527470
v -1.252550 2.663908 -3.384476
v -0.664054 2.005360 -3.675959
v -0.636759 2.653330 -3.554175
v -0.143345 2.663908 -3.605311
v -0.578881 1.926017 -3.709183
v -0.071855 2.560763 -3.630304
v -0.077929 1.939241 -3.749757
v -0.676272 1.645670 -3.744169
v -0.151953 1.008280 -3.924294
v -0.692171 1.008280 -3.866220
v -0.073051 1.743527 -3.787849
v -0.595097 1.751462 -3.740123
v -0.065689 1.100847 -3.912307
v -0.520349 1.246546 -3.921901
v -0.231345 1.559147 -3.880913
v -0.256266 2.126062 -3.769766
v -0.522940 2.434071 -3.690580
v -0.970460 2.472274 -3.591575
v -1.236848 2.159489 -3.564930
v -1.282612 1.564960 -3.670285
v -1.019348 1.252176 -3.821041
v 0.000001 1.832161 -3.775919
v 0.000001 0.915651 -3.952489
v 0.000001 2.748670 -3.599349
v -1.492144 0.800000 -3.602321
v -2.757470 0.800000 -2.757484
v -2.735013 0.800000 -2.777192
v -1.629958 0.800000 -3.536978
v -1.594893 0.800000 -3.554620
v -1.611740 0.914492 -3.592139
v -1.647184 0.914492 -3.574324
v -1.507886 0.914492 -3.640316
v -2.763871 0.914492 -2.806494
v -2.786551 0.914492 -2.786566
v -1.745762 0.914492 -3.524810
v -1.609379 0.944029 -3.586880
v -1.644770 0.944029 -3.569089
v -1.505680 0.944029 -3.634991
v -2.759826 0.944029 -2.802387
v -2.782475 0.944029 -2.782490
v -1.743202 0.944029 -3.519645
v 0.000002 0.800000 -3.900000
v -0.029810 0.800000 -3.897945
v -1.347845 0.800000 -3.652299
v -1.384930 0.800000 -3.639439
v -1.399550 0.914492 -3.677881
v -1.362074 0.914492 -3.690887
v -0.030121 0.914492 -3.939071
v 0.000002 0.914492 -3.941127
v -1.257878 0.914492 -3.727083
v -1.397501 0.944029 -3.672493
v -1.360080 0.944029 -3.685478
v -0.030078 0.944029 -3.933307
v 0.000002 0.944029 -3.935363
v -1.256037 0.944029 -3.721621
v -2.391360 1.832161 -2.914349
v -2.279284 2.748670 -2.777910
v -2.439009 1.643357 -2.972357
v -2.510136 0.508580 -3.058946
v -2.490814 1.018859 -3.035425
v -2.470119 0.800000 -3.010230
v -2.406645 2.800000 -2.932957
v -2.402809 1.738536 -2.928287
v -2.447399 1.373895 -2.982571
v -2.470119 0.800000 -3.010230
v -2.492565 0.944029 -3.037556
v -2.323546 2.386713 -2.831794
v -2.503435 0.915651 -3.050789
v -2.349649 2.173253 -2.863571
v -2.389104 2.059338 -2.911603
v -2.503569 0.650958 -3.050952
v -2.290629 2.655899 -2.791720
v -2.500389 0.719906 -3.047081
v -2.335320 2.290427 -2.846128
v -2.333753 2.537238 -2.844219
v -2.533593 3.000000 -3.087502
v -2.519569 0.304051 -3.070430
v -2.433827 1.484882 -2.966048
v -2.533592 0.000000 -3.087502
v -2.380379 1.921953 -2.900982
v -2.279697 2.707941 -2.778412
v -2.460163 1.269514 -2.998110
v -2.499814 1.161136 -3.046380
v -2.496224 0.914492 -3.042010
v -2.217699 -0.000000 -3.319238
v -2.181754 0.944029 -3.265518
v -2.162088 0.800000 -3.236127
v -2.106476 2.800000 -3.153017
v -2.191394 0.650958 -3.279926
v -2.184959 0.914492 -3.270308
v -2.162088 0.800000 -3.236127
v -2.217699 3.000000 -3.319238
v -2.205412 0.304051 -3.300876
v -1.995254 2.707941 -2.986795
v -2.188608 0.719906 -3.275762
v -2.197148 0.508580 -3.288524
v -1.827127 1.279101 -3.418383
v -1.835400 0.800000 -3.433840
v -1.818507 1.373918 -3.402277
v -1.835400 0.800000 -3.433840
v -1.858462 1.160360 -3.476931
v -1.767809 1.931602 -3.307551
v -1.860168 0.915651 -3.480118
v -1.784496 1.748048 -3.338729
v -1.693530 2.748670 -3.168767
v -1.882587 3.000000 -3.522006
v -1.777425 2.056201 -3.325518
v -1.726426 2.386812 -3.230231
v -1.735192 2.290392 -3.246608
v -1.854807 0.914492 -3.470100
v -1.731978 2.530785 -3.240603
v -1.865149 0.508579 -3.489424
v -1.882587 -0.000000 -3.522006
v -1.851747 1.008280 -3.464384
v -1.776849 1.832161 -3.324442
v -1.872162 0.304051 -3.502527
v -1.852087 0.944029 -3.465018
v -1.860267 0.650958 -3.480303
v -1.857903 0.719906 -3.475886
v -1.693837 2.707941 -3.169340
v -1.788212 2.800000 -3.345673
v -1.814304 1.634834 -3.394424
v -1.701645 2.659409 -3.183928
v -1.809183 1.476489 -3.384855
v -1.744127 2.192109 -3.263302
v -1.130748 0.800000 -3.727802
v -1.100037 1.738536 -3.626303
v -1.043867 2.707941 -3.440657
v -1.089803 1.921953 -3.592481
v -1.153310 0.304051 -3.802370
v -1.116554 1.643357 -3.680890
v -1.140989 0.944029 -3.761649
v -1.101787 2.800000 -3.632087
v -1.063873 2.386714 -3.506779
v -1.120382 1.373895 -3.693542
v -1.093784 2.059338 -3.605636
v -1.149006 0.508579 -3.788145
v -1.069244 2.290439 -3.524532
v -1.159708 -0.000000 -3.823517
v -1.146009 0.650958 -3.778243
v -1.114189 1.484882 -3.673076
v -1.130747 0.800000 -3.727802
v -1.068530 2.537238 -3.522171
v -1.144559 0.719906 -3.773448
v -1.075783 2.173253 -3.546141
v -1.094813 1.832161 -3.609038
v -1.048854 2.655899 -3.457142
v -1.126205 1.269514 -3.712790
v -1.043678 2.748670 -3.440035
v -1.159708 3.000000 -3.823516
v -1.142658 0.914492 -3.767167
v -1.145949 0.915652 -3.778041
v -1.144296 1.161136 -3.772580
v -1.140190 1.018860 -3.759010
v -0.701272 2.707941 -3.522782
v -0.740034 2.800000 -3.718990
v -0.766269 0.944029 -3.851786
v -0.759415 0.800000 -3.817093
v -0.759415 0.800000 -3.817093
v -0.771634 0.508580 -3.878943
v -0.778796 -0.000000 -3.915197
v -0.769629 0.650958 -3.868793
v -0.768658 0.719906 -3.863878
v -0.778796 3.000001 -3.915197
v -0.380183 1.279101 -3.856663
v -0.774514 0.304051 -3.893523
v -0.767386 0.914492 -3.857441
v -0.389426 0.304051 -3.951653
v -0.386615 1.160360 -3.922757
v -0.381881 0.800000 -3.874112
v -0.354429 2.659409 -3.591991
v -0.369982 2.056201 -3.751829
v -0.360654 2.530785 -3.655970
v -0.378414 1.373917 -3.838482
v -0.352826 2.707941 -3.575522
v -0.386965 0.915651 -3.926354
v -0.391566 3.000000 -3.973642
v -0.385864 0.914492 -3.915046
v -0.361314 2.290404 -3.662747
v -0.376500 1.476488 -3.818815
v -0.372196 2.800000 -3.774582
v -0.363148 2.192109 -3.681595
v -0.385236 1.008280 -3.908593
v -0.391566 0.000000 -3.973642
v -0.387987 0.508580 -3.936861
v -0.369864 1.832161 -3.750615
v -0.385306 0.944029 -3.909309
v -0.359515 2.386812 -3.644261
v -0.381881 0.800000 -3.874112
v -0.386985 0.650958 -3.926564
v -0.368009 1.931602 -3.731547
v -0.371433 1.748048 -3.766743
v -0.386500 0.719906 -3.921577
v -0.377551 1.634834 -3.829617
v -0.352763 2.748670 -3.574875
v -2.170540 0.907225 -3.248797
v -2.768239 0.907225 -2.768254
v -1.974157 2.740244 -2.955299
v -2.518533 2.740244 -2.518546
v -1.362790 2.740244 -3.290150
v -0.762347 0.907225 -3.832039
v -1.497974 0.907225 -3.616391
v -0.693906 2.740244 -3.485595
v 0.000001 1.823734 -3.738660
v 0.000001 0.907225 -3.915230
v 0.000001 2.740244 -3.562091
v -2.255634 2.740244 -2.749119
v -2.479785 0.907225 -3.021998
v -1.842586 0.907225 -3.447268
v -1.675949 2.740244 -3.135917
v -1.032888 2.740244 -3.404373
v -1.135158 0.907225 -3.742379
v -0.383356 0.907225 -3.889271
v -0.349155 2.740244 -3.537791
v -1.481610 0.832392 -3.576895
v -2.738009 0.832393 -2.738024
v 0.000001 0.832393 -3.872478
v -2.452649 0.832393 -2.988963
v -2.146783 0.832393 -3.213254
v -1.822413 0.832393 -3.409575
v -1.122777 0.832393 -3.701459
v -0.754081 0.832393 -3.790093
v -0.379216 0.832393 -3.846720
v -3.509931 2.800000 -1.453888
v -3.325162 2.707941 -1.377335
v -3.600000 2.707941 -0.000020
v -3.558519 2.800000 -1.313124
v -3.370820 2.707941 -1.244073
v -3.800000 2.800000 -0.000021
v -3.746225 3.000000 -1.382155
v -3.694700 3.000000 -1.530441
v -4.000000 3.000000 -0.000022
v -3.593410 2.800000 -1.212629
v -3.782941 3.000000 -1.276488
v -3.433298 2.707941 -1.064770
v -3.446093 2.800000 -1.588233
v -3.264551 2.707941 -1.504325
v -3.627627 3.000000 -1.672156
v -3.398268 2.800000 -1.683279
v -3.577446 3.000000 -1.772134
v -3.179217 2.707941 -1.674033
v -3.602315 0.800000 -1.492164
v -3.900000 0.800000 -0.000022
v -3.694700 -0.000000 -1.530441
v -4.000000 0.000000 -0.000022
v -3.977907 0.304051 -0.000022
v -3.674289 0.304050 -1.521984
v -3.963045 0.508580 -0.000022
v -3.660559 0.508579 -1.516296
v -3.646374 0.719905 -1.510418
v -3.947690 0.719906 -0.000022
v -3.952700 0.650958 -0.000022
v -3.651002 0.650958 -1.512336
v -3.695360 1.832161 -0.735405
v -3.775920 1.832161 -0.000021
v -3.868581 0.915652 -0.769628
v -3.952489 0.915651 -0.000022
v -3.522138 2.748671 -0.701182
v -3.599350 2.748670 -0.000020
v -3.324555 2.748670 -1.377104
v -3.920522 1.018860 -0.177520
v -3.743117 1.650961 -0.676339
v -3.863770 1.018859 -0.693985
v -3.912025 1.100848 -0.069837
v -3.790627 1.727659 -0.077131
v -3.744908 1.746173 -0.577025
v -3.635643 2.534315 -0.068577
v -3.752322 1.931306 -0.063278
v -3.711149 1.915437 -0.579437
v -3.674155 2.018583 -0.660205
v -3.555999 2.645395 -0.635499
v -3.605675 2.663908 -0.138194
v -3.649380 2.005360 -0.793782
v -3.526289 2.653330 -0.772699
v -3.386159 2.663908 -1.247679
v -3.646483 1.926017 -0.884944
v -3.381272 2.560763 -1.322911
v -3.494002 1.939241 -1.362992
v -3.717112 1.645671 -0.808420
v -3.684200 1.008280 -1.361572
v -3.835962 1.008280 -0.840114
v -3.527284 1.743528 -1.382042
v -3.639380 1.100847 -1.436407
v -3.681418 1.751462 -0.881745
v -3.821953 1.246546 -1.020306
v -3.675184 1.559147 -1.271928
v -3.582264 2.126062 -1.206616
v -3.607273 2.434071 -0.929467
v -3.688455 2.472274 -0.478629
v -3.765650 2.159489 -0.221689
v -3.880586 1.564960 -0.219602
v -3.920782 1.252177 -0.520896
v -3.132982 1.832161 -2.093116
v -3.487684 1.832161 -1.444671
v -3.279730 0.915651 -2.191310
v -3.650807 0.915651 -1.512255
v -2.986235 2.748670 -1.994922
v -3.555864 1.018860 -1.664951
v -3.199663 1.650961 -2.056849
v -3.304242 1.018859 -2.119535
v -3.589727 1.100848 -1.562492
v -3.474754 1.727659 -1.522699
v -3.239333 1.746173 -1.965701
v -3.334893 2.534315 -1.455446
v -3.444734 1.931306 -1.495271
v -3.207260 1.915438 -1.954951
v -3.142204 2.018583 -2.015426
v -3.042632 2.645395 -1.947171
v -3.280258 2.663908 -1.507993
v -3.068203 2.005360 -2.129437
v -2.962681 2.653330 -2.062670
v -2.650811 2.663909 -2.448206
v -3.030629 1.926017 -2.212622
v -2.617757 2.560763 -2.516196
v -2.706539 1.939241 -2.596365
v -3.125104 1.645671 -2.168986
v -2.882504 1.008280 -2.667597
v -3.222651 1.008280 -2.243937
v -2.730014 1.743528 -2.626730
v -3.064095 1.751462 -2.223077
v -2.812798 1.100847 -2.719904
v -3.140757 1.246546 -2.405120
v -2.908176 1.559147 -2.581001
v -2.847256 2.126062 -2.484911
v -2.977398 2.434071 -2.238740
v -3.224939 2.472273 -1.853058
v -3.395700 2.159489 -1.646206
v -3.502672 1.564960 -1.688397
v -3.423088 1.252177 -1.981438
v -3.602315 0.800000 -1.492164
v -3.900001 0.800000 -0.000020
v -3.897945 0.800000 -0.029833
v -3.652293 0.800000 -1.347867
v -3.639433 0.800000 -1.384951
v -3.677874 0.914492 -1.399572
v -3.690880 0.914492 -1.362096
v -3.640311 0.914492 -1.507906
v -3.939072 0.914492 -0.030145
v -3.941128 0.914492 -0.000020
v -3.727077 0.914492 -1.257898
v -3.672486 0.944029 -1.397523
v -3.685472 0.944029 -1.360102
v -3.634986 0.944029 -1.505700
v -3.933308 0.944029 -0.030101
v -3.935364 0.944029 -0.000020
v -3.721615 0.944029 -1.256057
v -2.777178 0.800000 -2.735028
v -3.536969 0.800000 -1.629979
v -3.554613 0.800000 -1.594912
v -3.592131 0.914492 -1.611760
v -3.574315 0.914492 -1.647205
v -2.806480 0.914492 -2.763887
v -3.524801 0.914492 -1.745783
v -3.586873 0.944029 -1.609398
v -3.569081 0.944029 -1.644791
v -2.802373 0.944029 -2.759842
v -3.519636 0.944029 -1.743223
v -3.750615 1.832161 -0.369886
v -3.574876 2.748671 -0.352784
v -3.825331 1.643357 -0.377157
v -3.936861 0.508580 -0.388011
v -3.906564 1.018860 -0.385062
v -3.874112 0.800000 -0.381904
v -3.774583 2.800001 -0.372219
v -3.768568 1.738536 -0.371633
v -3.838487 1.373895 -0.378437
v -3.874112 0.800000 -0.381904
v -3.909309 0.944029 -0.385329
v -3.644281 2.386714 -0.359539
v -3.926354 0.915652 -0.386988
v -3.685211 2.173253 -0.363522
v -3.747078 2.059338 -0.369542
v -3.926564 0.650958 -0.387009
v -3.592665 2.655899 -0.354516
v -3.921578 0.719906 -0.386523
v -3.662743 2.290427 -0.361335
v -3.660285 2.537238 -0.361096
v -3.973643 3.000000 -0.391590
v -3.951653 0.304051 -0.389450
v -3.817205 1.484882 -0.376366
v -3.973642 0.000000 -0.391590
v -3.733397 1.921953 -0.368211
v -3.575523 2.707941 -0.352847
v -3.858502 1.269514 -0.380385
v -3.920676 1.161136 -0.386436
v -3.915046 0.914492 -0.385888
v -3.915195 -0.000000 -0.778818
v -3.851784 0.944029 -0.766290
v -3.817091 0.800000 -0.759436
v -3.718987 2.800000 -0.740054
v -3.868791 0.650958 -0.769650
v -3.857439 0.914492 -0.767407
v -3.817091 0.800000 -0.759436
v -3.915195 3.000000 -0.778818
v -3.893521 0.304051 -0.774536
v -3.522780 2.707941 -0.701291
v -3.863876 0.719906 -0.768679
v -3.878941 0.508579 -0.771655
v -3.711017 1.279101 -1.125689
v -3.727797 0.800000 -1.130766
v -3.693533 1.373918 -1.120398
v -3.727797 0.800000 -1.130766
v -3.774577 1.160360 -1.144920
v -3.590697 1.931602 -1.089283
v -3.778037 0.915652 -1.145967
v -3.624544 1.748048 -1.099524
v -3.440031 2.748670 -1.043695
v -3.823512 3.000000 -1.159727
v -3.610202 2.056202 -1.095184
v -3.506757 2.386812 -1.063885
v -3.524537 2.290392 -1.069264
v -3.767162 0.914492 -1.142677
v -3.518017 2.530785 -1.067292
v -3.788140 0.508579 -1.149024
v -3.823512 -0.000000 -1.159727
v -3.760956 1.008280 -1.140799
v -3.609034 1.832161 -1.094831
v -3.802365 0.304051 -1.153328
v -3.761645 0.944029 -1.141007
v -3.778238 0.650958 -1.146028
v -3.773443 0.719906 -1.144577
v -3.440654 2.707941 -1.043883
v -3.632082 2.800000 -1.101805
v -3.685007 1.634834 -1.117819
v -3.456491 2.659409 -1.048675
v -3.674619 1.476489 -1.114675
v -3.542660 2.192109 -1.074748
v -3.433830 0.800000 -1.835420
v -3.340336 1.738536 -1.785380
v -3.169331 2.707941 -1.693856
v -3.309181 1.921953 -1.768706
v -3.502518 0.304051 -1.872183
v -3.390618 1.643357 -1.812292
v -3.465008 0.944029 -1.852107
v -3.345664 2.800000 -1.788232
v -3.230239 2.386713 -1.726454
v -3.402272 1.373895 -1.818530
v -3.321300 2.059338 -1.775192
v -3.489414 0.508579 -1.865170
v -3.246592 2.290438 -1.735207
v -3.521996 -0.000000 -1.882608
v -3.480293 0.650958 -1.860288
v -3.383420 1.484882 -1.808440
v -3.433830 0.800000 -1.835420
v -3.244416 2.537237 -1.734043
v -3.475876 0.719906 -1.857924
v -3.266496 2.173253 -1.745860
v -3.324433 1.832161 -1.776869
v -3.184516 2.655899 -1.701983
v -3.420002 1.269514 -1.828019
v -3.168758 2.748670 -1.693549
v -3.521996 3.000000 -1.882608
v -3.470091 0.914492 -1.854827
v -3.480108 0.915651 -1.860189
v -3.475077 1.161136 -1.857496
v -3.462577 1.018860 -1.850806
v -2.986785 2.707941 -1.995270
v -3.153006 2.800000 -2.106493
v -3.265507 0.944029 -2.181771
v -3.236116 0.800000 -2.162105
v -3.236116 0.800000 -2.162105
v -3.288513 0.508579 -2.197165
v -3.319227 -0.000000 -2.217717
v -3.279915 0.650958 -2.191412
v -3.275751 0.719906 -2.188626
v -3.319227 3.000000 -2.217717
v -2.996670 1.279101 -2.459006
v -3.300865 0.304051 -2.205430
v -3.270298 0.914492 -2.184976
v -3.070417 0.304051 -2.519585
v -3.047984 1.160360 -2.501157
v -3.010217 0.800000 -2.470134
v -2.791186 2.659409 -2.290214
v -2.915280 2.056202 -2.392149
v -2.840858 2.530785 -2.331016
v -2.982555 1.373918 -2.447411
v -2.778400 2.707941 -2.279711
v -3.050776 0.915652 -2.503451
v -3.087489 3.000000 -2.533608
v -3.041997 0.914492 -2.496239
v -2.846119 2.290404 -2.335338
v -2.967285 1.476489 -2.434869
v -2.932945 2.800000 -2.406660
v -2.860752 2.192110 -2.347358
v -3.036987 1.008280 -2.492124
v -3.087489 0.000000 -2.533608
v -3.058933 0.508580 -2.510151
v -2.914337 1.832161 -2.391375
v -3.037543 0.944029 -2.492581
v -2.831767 2.386812 -2.323549
v -3.010217 0.800000 -2.470134
v -3.050939 0.650958 -2.503585
v -2.899534 1.931602 -2.379214
v -2.926859 1.748048 -2.401660
v -3.047068 0.719906 -2.500405
v -2.975672 1.634834 -2.441757
v -2.777898 2.748670 -2.279298
v -3.738661 1.823734 -0.000021
v -3.832029 0.907225 -0.762406
v -3.915230 0.907225 -0.000022
v -3.485586 2.740244 -0.693960
v -3.562091 2.740244 -0.000020
v -3.290133 2.740244 -1.362842
v -3.248764 0.907225 -2.170590
v -3.616386 0.907225 -1.497994
v -2.955269 2.740244 -1.974202
v -3.537792 2.740244 -0.349176
v -3.889271 0.907225 -0.383379
v -3.742374 0.907225 -1.135177
v -3.404369 2.740244 -1.032905
v -3.135908 2.740244 -1.675967
v -3.447258 0.907225 -1.842607
v -3.021986 0.907225 -2.479801
v -2.749107 2.740244 -2.255649
v -3.576890 0.832392 -1.481630
v -3.872479 0.832393 -0.000022
v -3.846720 0.832393 -0.379239
v -3.790091 0.832393 -0.754102
v -3.701455 0.832393 -1.122795
v -3.409565 0.832393 -1.822433
v -3.213243 0.832393 -2.146799
v -2.988950 0.832393 -2.452665
v -3.786319 1.832161 -0.074058
v -3.962889 0.915651 -0.074057
v -3.609750 2.748670 -0.074059
v -3.915230 0.771028 -0.074058
v -3.962889 0.915651 0.000000
v -3.786319 1.832161 0.000000
v -3.609750 2.748670 0.000000
v -3.915230 0.771028 0.000000
v -3.901762 0.914280 -0.074057
v -3.725192 1.830789 -0.074058
v -3.548623 2.747299 -0.074059
v -3.854103 0.769656 -0.074058
v -3.901762 0.914280 0.000000
v -3.725192 1.830789 0.000000
v -3.548623 2.747299 0.000000
v -3.854103 0.769656 0.000000
v -0.074058 1.832161 -3.786319
v -0.074057 0.915651 -3.962889
v -0.074059 2.748670 -3.609750
v -0.074058 0.771028 -3.915230
v 0.000000 0.915651 -3.962889
v 0.000000 1.832161 -3.786319
v 0.000000 2.748670 -3.609750
v 0.000000 0.771028 -3.915230
v -0.074057 0.914280 -3.901762
v -0.074058 1.830789 -3.725192
v -0.074059 2.747299 -3.548623
v -0.074058 0.769656 -3.854103
v 0.000000 0.914280 -3.901762
v 0.000000 1.830789 -3.725192
v 0.000000 2.747299 -3.548623
v 0.000000 0.769656 -3.854103
vt 1.000490 0.304256
vt 0.003362 0.304256
vt 0.003362 0.183178
vt 1.000490 0.183178
vt 1.000490 0.341299
vt 0.003362 0.341299
vt 0.003362 0.335925
vt 1.000490 0.335925
vt 1.000490 0.312173
vt 0.003362 0.312173
vt 1.000490 0.320090
vt 0.003362 0.320090
vt 1.000490 0.328007
vt 0.003362 0.328007
vt 1.000490 0.304256
vt 1.000490 0.183178
vt 0.003362 0.183178
vt 0.003362 0.304256
vt 1.000490 0.335925
vt 0.003362 0.335925
vt 0.003362 0.312173
vt 1.000490 0.312173
vt 0.003362 0.320090
vt 1.000490 0.320090
vt 0.003362 0.328007
vt 1.000490 0.328007
vt 1.000490 0.335925
vt 1.000490 0.328007
vt 1.000490 0.335925
vt 1.000490 0.341299
vt 1.000490 0.320090
vt 1.000490 0.312173
vt 1.000490 0.183178
vt 1.000490 0.304256
vt 1.000490 0.304256
vt 1.000490 0.328007
vt 1.000490 0.320090
vt 1.000490 0.312173
vt 1.000490 0.183178
vt 0.003362 0.312173
vt 0.003362 0.320090
vt 0.003362 0.335925
vt 0.003362 0.328007
vt 0.003362 0.335925
vt 0.003362 0.341299
vt 0.003362 0.312173
vt 0.003362 0.304256
vt 0.003362 0.320090
vt 0.003362 0.183178
vt 0.003362 0.304256
vt 0.003362 0.328007
vt 0.003362 0.183178
vt 1.000490 0.304256
vt 0.003362 0.304256
vt 0.003362 0.183178
vt 1.000490 0.183178
vt 1.000490 0.341299
vt 0.003362 0.341299
vt 0.003362 0.335925
vt 1.000490 0.335925
vt 1.000490 0.312173
vt 0.003362 0.312173
vt 1.000490 0.320090
vt 0.003362 0.320090
vt 1.000490 0.328007
vt 0.003362 0.328007
vt 1.000490 0.304256
vt 1.000490 0.183178
vt 0.003362 0.183178
vt 0.003362 0.304256
vt 1.000490 0.335925
vt 0.003362 0.335925
vt 0.003362 0.312173
vt 1.000490 0.312173
vt 0.003362 0.320090
vt 1.000490 0.320090
vt 0.003362 0.328007
vt 1.000490 0.328007
vt 1.000490 0.335925
vt 1.000490 0.328007
vt 1.000490 0.335925
vt 1.000490 0.341299
vt 1.000490 0.320090
vt 1.000490 0.312173
vt 1.000490 0.183178
vt 1.000490 0.304256
vt 1.000490 0.304256
vt 1.000490 0.328007
vt 1.000490 0.320090
vt 1.000490 0.312173
vt 1.000490 0.183178
vt 0.003362 0.312173
vt 0.003362 0.320090
vt 0.003362 0.335925
vt 0.003362 0.328007
vt 0.003362 0.335925
vt 0.003362 0.341299
vt 0.003362 0.312173
vt 0.003362 0.304256
vt 0.003362 0.320090
vt 0.003362 0.183178
vt 0.003362 0.304256
vt 0.003362 0.328007
vt 0.003362 0.183178
vt 0.830285 0.282518
vt 0.894221 0.284155
vt 0.843431 0.307802
vt 0.920115 0.307674
vt 0.861879 0.343285
vt 0.774202 0.333822
vt 0.806733 0.351525
vt 0.823107 0.322213
vt 0.790267 0.304302
vt 0.844415 0.282284
vt 0.801744 0.283213
vt 0.355079 0.381685
vt 0.361840 0.381685
vt 0.374484 0.352320
vt 0.341876 0.352320
vt 0.830285 0.282518
vt 0.843431 0.307802
vt 0.894221 0.284155
vt 0.790267 0.304302
vt 0.823107 0.322213
vt 0.801744 0.283213
vt 0.844415 0.282284
vt 0.355079 0.381685
vt 0.341876 0.352320
vt 0.374484 0.352320
vt 0.361840 0.381685
vt 0.315657 0.712854
vt 0.315657 0.692896
vt 0.345576 0.692896
vt 0.378665 0.692896
vt 0.378665 0.712854
vt 0.009032 0.376637
vt 0.001760 0.376637
vt 0.001760 0.395612
vt 0.009032 0.395612
vt 0.780816 0.376637
vt 0.733533 0.376637
vt 0.733533 0.395612
vt 0.780816 0.395612
vt 1.000000 0.424182
vt 0.992739 0.424182
vt 0.992739 0.440179
vt 1.000000 0.440179
vt 0.315657 0.692896
vt 0.345576 0.692896
vt 0.345576 0.687775
vt 0.315657 0.687775
vt 0.378665 0.692896
vt 0.378665 0.687775
vt 0.001760 0.400481
vt 0.009032 0.400481
vt 0.733533 0.400481
vt 0.780816 0.400481
vt 0.992739 0.444284
vt 1.000000 0.444284
vt 0.009032 0.376637
vt 0.009032 0.395612
vt 0.001760 0.395612
vt 0.001760 0.376637
vt 0.733533 0.395612
vt 0.733533 0.376637
vt 1.000000 0.424182
vt 1.000000 0.440179
vt 0.992739 0.440179
vt 0.992739 0.424182
vt 0.315657 0.687775
vt 0.345576 0.687775
vt 0.378665 0.687775
vt 0.009032 0.400481
vt 0.001760 0.400481
vt 0.733533 0.400481
vt 1.000000 0.444284
vt 0.992739 0.444284
vt 0.315657 0.712854
vt 0.378665 0.712854
vt 0.588396 0.692896
vt 0.685076 0.692896
vt 0.685076 0.687775
vt 0.588396 0.687775
vt 0.588396 0.712853
vt 0.685076 0.712853
vt 0.577330 0.381685
vt 0.685076 0.381685
vt 0.685076 0.352320
vt 0.581545 0.352320
vt 0.483531 0.712853
vt 0.483531 0.692896
vt 0.483531 0.687775
vt 0.469585 0.381685
vt 0.478015 0.352320
vt 0.483531 0.692896
vt 0.483531 0.712853
vt 0.478015 0.352320
vt 0.469585 0.381685
vt 0.483531 0.687775
vt 0.588397 0.687775
vt 0.588397 0.692896
vt 0.581545 0.352320
vt 0.577330 0.381685
vt 0.588396 0.712853
vt 0.685076 0.352320
vt 0.685076 0.381685
vt 0.685076 0.687775
vt 0.685076 0.692896
vt 0.685076 0.712853
vt 0.830285 0.282518
vt 0.894221 0.284155
vt 0.843431 0.307802
vt 0.920115 0.307674
vt 0.861879 0.343285
vt 0.774202 0.333822
vt 0.806733 0.351525
vt 0.823107 0.322213
vt 0.790267 0.304302
vt 0.844415 0.282284
vt 0.801744 0.283213
vt 0.355079 0.381685
vt 0.361840 0.381685
vt 0.374484 0.352320
vt 0.341876 0.352320
vt 0.830285 0.282518
vt 0.843431 0.307802
vt 0.894221 0.284155
vt 0.790267 0.304302
vt 0.823107 0.322213
vt 0.801744 0.283213
vt 0.844415 0.282284
vt 0.355079 0.381685
vt 0.341876 0.352320
vt 0.374484 0.352320
vt 0.361840 0.381685
vt 0.315657 0.712854
vt 0.315657 0.692896
vt 0.345576 0.692896
vt 0.378665 0.692896
vt 0.378665 0.712854
vt 0.009032 0.376637
vt 0.001760 0.376637
vt 0.001760 0.395612
vt 0.009032 0.395612
vt 0.780816 0.376637
vt 0.733533 0.376637
vt 0.733533 0.395612
vt 0.780816 0.395612
vt 1.000000 0.424182
vt 0.992739 0.424182
vt 0.992739 0.440179
vt 1.000000 0.440179
vt 0.315657 0.692896
vt 0.345576 0.692896
vt 0.345576 0.687775
vt 0.315657 0.687775
vt 0.378665 0.692896
vt 0.378665 0.687775
vt 0.001760 0.400481
vt 0.009032 0.400481
vt 0.733533 0.400481
vt 0.780816 0.400481
vt 0.992739 0.444284
vt 1.000000 0.444284
vt 0.009032 0.376637
vt 0.009032 0.395612
vt 0.733533 0.395612
vt 0.733533 0.376637
vt 1.000000 0.424182
vt 1.000000 0.440179
vt 0.992739 0.440179
vt 0.992739 0.424182
vt 0.315657 0.687775
vt 0.345576 0.687775
vt 0.378665 0.687775
vt 0.009032 0.400481
vt 0.733533 0.400481
vt 1.000000 0.444284
vt 0.992739 0.444284
vt 0.315657 0.712854
vt 0.378665 0.712854
vt 0.588396 0.692896
vt 0.685076 0.692896
vt 0.685076 0.687775
vt 0.588396 0.687775
vt 0.588396 0.712853
vt 0.685076 0.712853
vt 0.577330 0.381685
vt 0.685076 0.381685
vt 0.685076 0.352320
vt 0.581545 0.352320
vt 0.483531 0.712853
vt 0.483531 0.692896
vt 0.483531 0.687775
vt 0.469585 0.381685
vt 0.478015 0.352320
vt 0.483531 0.692896
vt 0.483531 0.712853
vt 0.478015 0.352320
vt 0.469585 0.381685
vt 0.483531 0.687775
vt 0.588397 0.687775
vt 0.588397 0.692896
vt 0.581545 0.352320
vt 0.577330 0.381685
vt 0.588396 0.712853
vt 0.685076 0.687775
vt 0.685076 0.692896
vt 0.685076 0.712853
vt 0.435104 0.378818
vt 0.411296 0.378834
vt 0.411486 0.370041
vt 0.435181 0.370041
vt 0.566564 0.378818
vt 0.548073 0.378813
vt 0.548062 0.370041
vt 0.566488 0.370041
vt 0.384353 0.378857
vt 0.168614 0.379054
vt 0.170077 0.370041
vt 0.384684 0.370041
vt 0.453595 0.378813
vt 0.453606 0.370041
vt 0.534552 0.378813
vt 0.534552 0.370041
vt 0.617315 0.378857
vt 0.590373 0.378834
vt 0.590182 0.370041
vt 0.616984 0.370041
vt 0.467116 0.378813
vt 0.467116 0.370041
vt 0.833055 0.379054
vt 0.831591 0.370041
vt 0.837562 0.406810
vt 0.618334 0.406007
vt 0.500834 0.405826
vt 0.467116 0.405826
vt 0.500834 0.378813
vt 0.590959 0.405911
vt 0.566800 0.405848
vt 0.410709 0.405911
vt 0.383335 0.406007
vt 0.534552 0.405826
vt 0.453561 0.405826
vt 0.548107 0.405826
vt 0.434869 0.405848
vt 0.164106 0.406810
vt 0.435104 0.378818
vt 0.411296 0.378834
vt 0.411486 0.370041
vt 0.435181 0.370041
vt 0.566564 0.378818
vt 0.548073 0.378813
vt 0.548062 0.370041
vt 0.566488 0.370041
vt 0.384353 0.378857
vt 0.168614 0.379054
vt 0.170077 0.370041
vt 0.384684 0.370041
vt 0.453595 0.378813
vt 0.453606 0.370041
vt 0.534552 0.378813
vt 0.534552 0.370041
vt 0.617315 0.378857
vt 0.590373 0.378834
vt 0.590182 0.370041
vt 0.616984 0.370041
vt 0.467116 0.378813
vt 0.467116 0.370041
vt 0.833055 0.379054
vt 0.831591 0.370041
vt 0.837562 0.406810
vt 0.618334 0.406007
vt 0.500834 0.405826
vt 0.467116 0.405826
vt 0.500834 0.378813
vt 0.590959 0.405911
vt 0.566800 0.405848
vt 0.410709 0.405911
vt 0.383335 0.406007
vt 0.534552 0.405826
vt 0.453561 0.405826
vt 0.548107 0.405826
vt 0.434869 0.405848
vt 0.164106 0.406810
vt 1.000000 0.440793
vt 1.000000 0.370083
vt 0.885134 0.370083
vt 0.885134 0.440793
vt 0.586482 0.370083
vt 0.619224 0.440793
vt 0.619224 0.370083
vt 1.000000 0.440793
vt 0.885134 0.440793
vt 0.885134 0.370083
vt 1.000000 0.370083
vt 0.586482 0.370083
vt 0.619224 0.370083
vt 0.619224 0.440793
vt 0.770268 0.370083
vt 0.770268 0.440793
vt 0.655402 0.370083
vt 0.655402 0.440793
vt 0.655402 0.440793
vt 0.655402 0.370083
vt 0.770268 0.440793
vt 0.770268 0.370083
vt 1.000000 0.440793
vt 1.000000 0.370083
vt 0.885134 0.370083
vt 0.885134 0.440793
vt 0.586482 0.370083
vt 0.619224 0.440793
vt 0.619224 0.370083
vt 0.885134 0.440793
vt 0.885134 0.370083
vt 0.586482 0.370083
vt 0.619224 0.370083
vt 0.619224 0.440793
vt 0.770268 0.370083
vt 0.770268 0.440793
vt 0.655402 0.370083
vt 0.655402 0.440793
vt 0.655402 0.440793
vt 0.655402 0.370083
vt 0.770268 0.440793
vt 0.770268 0.370083
vt 0.599372 0.992305
vt -0.070993 0.992305
vt -0.070993 0.948391
vt 0.599372 0.948391
vt 0.601730 0.947293
vt 1.272096 0.947293
vt 1.272096 0.991208
vt 0.601730 0.991208
vt 0.445496 0.947135
vt 0.497920 0.947135
vt 0.497920 0.991557
vt 0.445496 0.991557
vt 1.269737 0.992305
vt 1.269737 0.948391
vt -0.178004 0.947294
vt -0.068637 0.947294
vt -0.068637 0.991208
vt -0.178004 0.991208
vt 0.445495 0.991557
vt 0.393071 0.991557
vt 0.393071 0.947136
vt 0.445495 0.947136
vt -0.180360 0.992305
vt -0.180360 0.948391
vt 0.599372 0.992305
vt 0.599372 0.948391
vt -0.070993 0.948391
vt -0.070993 0.992305
vt 0.601730 0.947293
vt 0.601730 0.991208
vt 1.272096 0.991208
vt 1.272096 0.947293
vt 0.445496 0.947135
vt 0.445496 0.991557
vt 0.497920 0.991557
vt 0.497920 0.947135
vt 1.269737 0.992305
vt 1.269737 0.948391
vt -0.178004 0.947294
vt -0.178004 0.991208
vt -0.068637 0.991208
vt -0.068637 0.947294
vt 0.445495 0.991557
vt 0.445495 0.947136
vt 0.393071 0.947136
vt 0.393071 0.991557
vt -0.180360 0.948391
vt -0.180360 0.992305
vt 0.474514 0.958052
vt 0.554491 0.958052
vt 0.554491 0.985342
vt 0.474514 0.985342
vt 0.394537 0.958052
vt 0.394537 0.985342
vt 0.474514 0.958052
vt 0.554491 0.958052
vt 0.554491 0.985342
vt 0.474514 0.985342
vt 0.394537 0.958052
vt 0.394537 0.985342
vt 0.499396 0.958052
vt 0.579373 0.958052
vt 0.579373 0.985342
vt 0.499396 0.985342
vt 0.535085 0.743855
vt 0.501367 0.743855
vt 0.501367 0.723702
vt 0.535085 0.723702
vt 0.467649 0.743855
vt 0.467649 0.723702
vt 0.394537 0.958052
vt 0.419419 0.958052
vt 0.419419 0.985342
vt 0.394537 0.985342
vt 0.604256 0.958052
vt 0.604256 0.985342
vt 0.499396 0.958052
vt 0.579373 0.958052
vt 0.579373 0.985342
vt 0.499396 0.985342
vt 0.535085 0.743855
vt 0.501367 0.743855
vt 0.501367 0.723702
vt 0.535085 0.723702
vt 0.467649 0.743855
vt 0.467649 0.723702
vt 0.394537 0.958052
vt 0.419419 0.958052
vt 0.419419 0.985342
vt 0.394537 0.985342
vt 0.604256 0.958052
vt 0.604256 0.985342
vt 0.507594 0.500761
vt 0.507594 0.515776
vt 0.969884 0.515776
vt 0.969884 0.500760
vt -0.030116 0.500761
vt -0.030116 0.515777
vt 0.045305 0.515777
vt 0.045305 0.500761
vt 0.507594 0.500761
vt 0.969884 0.500760
vt 0.969884 0.528849
vt 0.507594 0.528849
vt -0.030116 0.500761
vt 0.045305 0.500761
vt 0.045305 0.528850
vt -0.030116 0.528850
vt 0.507594 0.500761
vt 0.969884 0.500760
vt 0.969884 0.515776
vt 0.507594 0.515776
vt -0.030116 0.500761
vt 0.045305 0.500761
vt 0.045305 0.515777
vt -0.030116 0.515777
vt 0.507594 0.500761
vt 0.507594 0.528849
vt 0.969884 0.528849
vt 0.969884 0.500760
vt -0.030116 0.500761
vt -0.030116 0.528850
vt 0.045305 0.528850
vt 0.045305 0.500761
vt 0.752710 0.848131
vt 0.877170 0.848131
vt 0.877170 0.795474
vt 0.752710 0.795474
vt 0.000000 0.928508
vt 0.127170 0.928508
vt 0.127170 0.902538
vt 0.000000 0.902538
vt 0.752710 0.928508
vt 0.877170 0.928508
vt 0.877170 0.902538
vt 0.752710 0.902538
vt 0.252710 0.717195
vt 0.127170 0.717195
vt 0.127170 0.795474
vt 0.252710 0.795474
vt 0.377710 0.848131
vt 0.502710 0.848131
vt 0.502710 0.795474
vt 0.377710 0.795474
vt 0.252710 0.928508
vt 0.252710 0.902538
vt 0.127170 0.848131
vt 0.252710 0.848131
vt 0.583698 0.296278
vt 0.629604 0.296278
vt 0.629604 0.272406
vt 0.583698 0.272406
vt 0.377710 0.928508
vt 0.502710 0.928508
vt 0.502710 0.902538
vt 0.377710 0.902538
vt 0.877170 0.717195
vt 0.752710 0.717195
vt 0.127170 0.884787
vt 0.252710 0.884787
vt 0.445982 0.296278
vt 0.491888 0.296278
vt 0.491888 0.272406
vt 0.445982 0.272406
vt 0.000000 0.884787
vt 0.000000 0.848131
vt 0.502710 0.884787
vt 0.627710 0.884787
vt 0.627710 0.848131
vt 0.627710 0.928508
vt 0.627710 0.902538
vt 0.537793 0.296278
vt 0.537793 0.272406
vt 0.308267 0.296278
vt 0.354172 0.296278
vt 0.354172 0.272406
vt 0.308267 0.272406
vt 0.377710 0.884787
vt 0.752710 0.884787
vt 0.877170 0.884787
vt 0.400077 0.296278
vt 0.400077 0.272406
vt 0.000000 0.795474
vt -0.000000 0.717195
vt 0.377710 0.717195
vt 0.627710 0.717195
vt 0.502710 0.717195
vt 0.627710 0.795474
vt 1.000000 0.928508
vt 1.000000 0.902538
vt 1.000000 0.884787
vt 1.000000 0.848131
vt 0.675509 0.296278
vt 0.675509 0.272406
vt 1.000000 0.795474
vt 1.000000 0.717195
vt 0.502710 0.928508
vt 0.627710 0.928508
vt 0.377710 0.928508
vt 0.000000 0.928508
vt 0.127170 0.928508
vt 0.877170 0.928508
vt 1.000000 0.928508
vt 0.252710 0.928508
vt 0.752710 0.928508
vt 0.752710 0.848131
vt 0.877170 0.848131
vt 0.877170 0.795474
vt 0.752710 0.795474
vt 0.000000 0.928508
vt 0.127170 0.928508
vt 0.127170 0.902538
vt 0.000000 0.902538
vt 0.752710 0.928508
vt 0.877170 0.928508
vt 0.877170 0.902538
vt 0.752710 0.902538
vt 0.252710 0.717195
vt 0.127170 0.717195
vt 0.127170 0.795474
vt 0.252710 0.795474
vt 0.377710 0.848131
vt 0.502710 0.848131
vt 0.502710 0.795474
vt 0.377710 0.795474
vt 0.252710 0.928508
vt 0.252710 0.902538
vt 0.127170 0.848131
vt 0.252710 0.848131
vt 0.583698 0.296278
vt 0.629604 0.296278
vt 0.629604 0.272406
vt 0.583698 0.272406
vt 0.377710 0.928508
vt 0.502710 0.928508
vt 0.502710 0.902538
vt 0.377710 0.902538
vt 0.877170 0.717195
vt 0.752710 0.717195
vt 0.127170 0.884787
vt 0.252710 0.884787
vt 0.445982 0.296278
vt 0.491888 0.296278
vt 0.491888 0.272406
vt 0.445982 0.272406
vt 0.000000 0.884787
vt 0.000000 0.848131
vt 0.502710 0.884787
vt 0.627710 0.884787
vt 0.627710 0.848131
vt 0.627710 0.928508
vt 0.627710 0.902538
vt 0.537793 0.296278
vt 0.537793 0.272406
vt 0.308267 0.296278
vt 0.354172 0.296278
vt 0.354172 0.272406
vt 0.308267 0.272406
vt 0.377710 0.884787
vt 0.752710 0.884787
vt 0.877170 0.884787
vt 0.400077 0.296278
vt 0.400077 0.272406
vt 0.000000 0.795474
vt -0.000000 0.717195
vt 0.377710 0.717195
vt 0.627710 0.717195
vt 0.502710 0.717195
vt 0.627710 0.795474
vt 1.000000 0.928508
vt 1.000000 0.902538
vt 1.000000 0.884787
vt 1.000000 0.848131
vt 0.675509 0.296278
vt 0.675509 0.272406
vt 1.000000 0.795474
vt 1.000000 0.717195
vt 0.502710 0.928508
vt 0.627710 0.928508
vt 0.377710 0.928508
vt 0.000000 0.928508
vt 0.127170 0.928508
vt 0.877170 0.928508
vt 1.000000 0.928508
vt 0.252710 0.928508
vt 0.752710 0.928508
vt 0.097487 0.953758
vt 0.249987 0.802535
vt 0.249987 0.750006
vt -0.000013 1.000000
vt 0.500000 0.500000
vt 0.500000 -0.000000
vt 0.452515 0.056305
vt 0.455051 0.401146
vt 1.000000 1.000000
vt 0.949557 0.897487
vt 0.749987 0.696369
vt 0.749987 0.749987
vt -0.000013 0.500000
vt 0.051840 0.442989
vt 0.045500 0.101034
vt -0.000013 -0.000000
vt 0.545077 0.398261
vt 0.548881 0.050533
vt 0.500000 1.000000
vt 0.749987 1.000000
vt 0.749987 0.951303
vt 0.548881 0.947987
vt 1.000000 -0.000000
vt 0.957165 0.101033
vt 0.950825 0.451646
vt 1.000000 0.500000
vt 0.394190 0.545432
vt 0.249987 0.686082
vt 0.249987 0.249994
vt 0.249987 0.193049
vt 0.115237 0.056305
vt 0.249987 0.129709
vt 0.249987 0.056305
vt 0.249987 -0.000000
vt 0.249987 0.310543
vt 0.389117 0.453089
vt 0.249987 0.393077
vt 0.249987 0.500000
vt 0.249987 0.448923
vt 0.048036 0.883059
vt 0.042964 0.554089
vt 0.249987 0.548986
vt 0.452516 0.601702
vt 0.449980 0.943658
vt 0.249987 0.619861
vt 0.328198 0.842301
vt 0.249987 0.880085
vt 0.249987 0.949389
vt 0.249987 1.000000
vt 0.749987 0.802589
vt 0.898839 0.953758
vt 0.749987 0.877130
vt 0.545078 0.594488
vt 0.947021 0.558417
vt 0.827287 0.653426
vt 0.749993 0.500000
vt 0.749987 0.554250
vt 0.664194 0.173608
vt 0.749994 0.250006
vt 0.749987 0.198279
vt 0.749987 0.050533
vt 0.749994 -0.000000
vt 0.749987 0.305964
vt 0.749987 0.454112
vt 0.749987 0.388157
vt 0.848406 0.344146
vt 0.749987 0.129089
vt 0.901375 0.050533
vt 0.598332 0.455975
vt 0.749987 0.617727
vt 0.605939 0.551203
vt 0.641846 0.821459
vt 0.149626 0.671662
vt 0.143902 0.347318
vt 0.336212 0.176679
vt 0.097487 0.953758
vt 0.249987 0.802535
vt 0.249981 0.750013
vt -0.000013 1.000000
vt 0.500000 0.500000
vt 0.500000 -0.000000
vt 0.452515 0.056305
vt 0.455051 0.401146
vt 1.000000 1.000000
vt 0.949557 0.897487
vt 0.749987 0.696369
vt 0.749994 0.749994
vt -0.000013 0.500000
vt 0.051840 0.442989
vt 0.045500 0.101034
vt -0.000013 -0.000000
vt 0.545077 0.398261
vt 0.548881 0.050533
vt 0.500000 1.000000
vt 0.749994 1.000000
vt 0.749987 0.951303
vt 0.548881 0.947987
vt 1.000000 -0.000000
vt 0.957165 0.101033
vt 0.950825 0.451646
vt 1.000000 0.500000
vt 0.394190 0.545432
vt 0.249987 0.686082
vt 0.249987 0.249994
vt 0.249987 0.193049
vt 0.115237 0.056305
vt 0.249987 0.129709
vt 0.249987 0.056305
vt 0.249987 -0.000000
vt 0.249987 0.310543
vt 0.389117 0.453089
vt 0.249987 0.393077
vt 0.249987 0.500000
vt 0.249987 0.448923
vt 0.048036 0.883059
vt 0.042964 0.554089
vt 0.249987 0.548986
vt 0.452516 0.601702
vt 0.449980 0.943658
vt 0.249987 0.619861
vt 0.328198 0.842301
vt 0.249987 0.880085
vt 0.249987 0.949389
vt 0.249981 1.000000
vt 0.749987 0.802589
vt 0.898839 0.953758
vt 0.749987 0.877130
vt 0.545078 0.594488
vt 0.947021 0.558417
vt 0.827287 0.653426
vt 0.749994 0.500000
vt 0.749987 0.554250
vt 0.664194 0.173608
vt 0.749994 0.250006
vt 0.749987 0.198279
vt 0.749987 0.050533
vt 0.749994 -0.000000
vt 0.749987 0.305964
vt 0.749987 0.454112
vt 0.749987 0.388157
vt 0.848406 0.344146
vt 0.749987 0.129089
vt 0.901375 0.050533
vt 0.598332 0.455975
vt 0.749987 0.617727
vt 0.605939 0.551203
vt 0.641846 0.821459
vt 0.149626 0.671662
vt 0.143902 0.347318
vt 0.336212 0.176679
vt 0.249981 1.000000
vt 0.500000 1.000000
vt 0.749987 1.000000
vt 1.000000 1.000000
vt 1.000000 -0.000000
vt 0.749994 -0.000000
vt 0.749994 -0.000000
vt 0.500000 -0.000000
vt -0.000013 1.000000
vt 0.249987 -0.000000
vt 0.249987 -0.000000
vt -0.000013 -0.000000
vt 1.000000 -0.000000
vt 0.749994 1.000000
vt 1.000000 1.000000
vt 0.500000 -0.000000
vt 1.000000 0.500000
vt -0.000013 -0.000000
vt -0.000013 1.000000
vt 0.249987 1.000000
vt 0.500000 1.000000
vt 0.097487 0.953758
vt 0.249987 0.802535
vt 0.249987 0.750006
vt -0.000013 1.000000
vt 0.500000 0.500000
vt 0.500000 -0.000000
vt 0.452515 0.056305
vt 0.455051 0.401146
vt 1.000000 1.000000
vt 0.949557 0.897487
vt 0.749987 0.696369
vt 0.749987 0.749987
vt -0.000013 0.500000
vt 0.051840 0.442989
vt 0.045500 0.101034
vt -0.000013 -0.000000
vt 0.545077 0.398261
vt 0.548881 0.050533
vt 0.500000 1.000000
vt 0.749987 1.000000
vt 0.749987 0.951303
vt 0.548881 0.947987
vt 1.000000 -0.000000
vt 0.957165 0.101033
vt 0.950825 0.451646
vt 1.000000 0.500000
vt 0.394190 0.545432
vt 0.249987 0.686082
vt 0.249987 0.249994
vt 0.249987 0.193049
vt 0.115237 0.056305
vt 0.249987 0.129709
vt 0.249987 0.056305
vt 0.249987 -0.000000
vt 0.249987 0.310543
vt 0.389117 0.453089
vt 0.249987 0.393077
vt 0.249987 0.500000
vt 0.249987 0.448923
vt 0.048036 0.883059
vt 0.042964 0.554089
vt 0.249987 0.548986
vt 0.452516 0.601702
vt 0.449980 0.943658
vt 0.249987 0.619861
vt 0.328198 0.842301
vt 0.249987 0.880085
vt 0.249987 0.949389
vt 0.249987 1.000000
vt 0.749987 0.802589
vt 0.898839 0.953758
vt 0.749987 0.877130
vt 0.545078 0.594488
vt 0.947021 0.558417
vt 0.827287 0.653426
vt 0.749993 0.500000
vt 0.749987 0.554250
vt 0.664194 0.173608
vt 0.749994 0.250006
vt 0.749987 0.198279
vt 0.749987 0.050533
vt 0.749994 -0.000000
vt 0.749987 0.305964
vt 0.749987 0.454112
vt 0.749987 0.388157
vt 0.848406 0.344146
vt 0.749987 0.129089
vt 0.901375 0.050533
vt 0.598332 0.455975
vt 0.749987 0.617727
vt 0.605939 0.551203
vt 0.641846 0.821459
vt 0.149626 0.671662
vt 0.143902 0.347318
vt 0.336212 0.176679
vt 0.097487 0.953758
vt 0.249987 0.802535
vt 0.249981 0.750013
vt -0.000013 1.000000
vt 0.500000 0.500000
vt 0.500000 -0.000000
vt 0.452515 0.056305
vt 0.455051 0.401146
vt 1.000000 1.000000
vt 0.949557 0.897487
vt 0.749987 0.696369
vt 0.749994 0.749994
vt -0.000013 0.500000
vt 0.051840 0.442989
vt 0.045500 0.101034
vt -0.000013 -0.000000
vt 0.545077 0.398261
vt 0.548881 0.050533
vt 0.500000 1.000000
vt 0.749994 1.000000
vt 0.749987 0.951303
vt 0.548881 0.947987
vt 1.000000 -0.000000
vt 0.957165 0.101033
vt 0.950825 0.451646
vt 1.000000 0.500000
vt 0.394190 0.545432
vt 0.249987 0.686082
vt 0.249987 0.249994
vt 0.249987 0.193049
vt 0.115237 0.056305
vt 0.249987 0.129709
vt 0.249987 0.056305
vt 0.249987 -0.000000
vt 0.249987 0.310543
vt 0.389117 0.453089
vt 0.249987 0.393077
vt 0.249987 0.500000
vt 0.249987 0.448923
vt 0.048036 0.883059
vt 0.042964 0.554089
vt 0.249987 0.548986
vt 0.452516 0.601702
vt 0.449980 0.943658
vt 0.249987 0.619861
vt 0.328198 0.842301
vt 0.249987 0.880085
vt 0.249987 0.949389
vt 0.249981 1.000000
vt 0.749987 0.802589
vt 0.898839 0.953758
vt 0.749987 0.877130
vt 0.545078 0.594488
vt 0.947021 0.558417
vt 0.827287 0.653426
vt 0.749994 0.500000
vt 0.749987 0.554250
vt 0.664194 0.173608
vt 0.749994 0.250006
vt 0.749987 0.198279
vt 0.749987 0.050533
vt 0.749994 -0.000000
vt 0.749987 0.305964
vt 0.749987 0.454112
vt 0.749987 0.388157
vt 0.848406 0.344146
vt 0.749987 0.129089
vt 0.901375 0.050533
vt 0.598332 0.455975
vt 0.749987 0.617727
vt 0.605939 0.551203
vt 0.641846 0.821459
vt 0.149626 0.671662
vt 0.143902 0.347318
vt 0.336212 0.176679
vt 0.249981 1.000000
vt 0.500000 1.000000
vt 0.749987 1.000000
vt 1.000000 1.000000
vt 1.000000 -0.000000
vt 0.749994 -0.000000
vt 0.749994 -0.000000
vt 0.500000 -0.000000
vt -0.000013 1.000000
vt 0.249987 -0.000000
vt 0.249987 -0.000000
vt -0.000013 -0.000000
vt 1.000000 -0.000000
vt -0.000013 0.500000
vt 0.749994 1.000000
vt 1.000000 1.000000
vt 0.500000 -0.000000
vt -0.000013 -0.000000
vt -0.000013 1.000000
vt 0.249987 1.000000
vt 0.500000 1.000000
vn 0.3510 0.0090 -0.9363
vn 0.3951 -0.0000 -0.9186
vn -0.9024 0.1870 -0.3881
vn -0.8097 0.1835 -0.5575
vn 0.2021 0.0383 -0.9786
vn -0.0596 0.0852 -0.9946
vn -0.4678 0.1473 -0.8715
vn -0.4383 0.0090 0.8988
vn -0.3951 0.0000 0.9186
vn -0.9616 0.1835 -0.2043
vn -0.5714 0.0383 0.8198
vn -0.7630 0.0852 0.6408
vn -0.9544 0.1473 0.2598
vn -0.1717 -0.9824 -0.0739
vn 0.1717 0.9824 0.0739
vn 0.1718 0.9824 0.0739
vn 0.9102 0.0090 -0.4141
vn 0.9289 0.0000 -0.3703
vn -0.3638 0.1870 -0.9125
vn -0.1785 0.1835 -0.9667
vn 0.8348 0.0383 -0.5492
vn 0.6610 0.0852 -0.7455
vn 0.2853 0.1473 -0.9471
vn -0.9454 0.0090 0.3257
vn -0.9289 0.0000 0.3703
vn -0.5356 0.1835 -0.8243
vn -0.9837 0.0383 0.1758
vn -0.9926 0.0852 -0.0863
vn -0.8586 0.1473 -0.4910
vn -0.0692 -0.9824 -0.1737
vn 0.0692 0.9824 0.1737
vn -0.2565 -0.8205 -0.5108
vn -0.3102 -0.7070 -0.6356
vn -0.2515 -0.8198 -0.5144
vn -0.2676 -0.7073 -0.6543
vn -0.2177 -0.8178 -0.5327
vn -0.1580 -0.9085 -0.3869
vn -0.1840 -0.9083 -0.3757
vn -0.1875 -0.9083 -0.3739
vn -0.2022 -0.9084 -0.3660
vn -0.2777 -0.8185 -0.5029
vn -0.1879 -0.8205 -0.5399
vn -0.1872 -0.8204 -0.5402
vn -0.2318 -0.7069 -0.6682
vn -0.1368 -0.9083 -0.3954
vn -0.1378 -0.9083 -0.3950
vn -0.1620 -0.8180 -0.5519
vn -0.1178 -0.9084 -0.4011
vn -0.3088 -0.3379 -0.8891
vn -0.3271 -0.0759 -0.9419
vn -0.3275 -0.0759 -0.9418
vn -0.2808 -0.0754 -0.9568
vn -0.2648 -0.3381 -0.9031
vn -0.6214 -0.3376 -0.7070
vn -0.6654 -0.3381 -0.6655
vn -0.7051 -0.0752 -0.7051
vn -0.6583 -0.0759 -0.7489
vn -0.3525 -0.3382 -0.8726
vn -0.4097 -0.3379 -0.8473
vn -0.4338 -0.0758 -0.8978
vn -0.3737 -0.0754 -0.9245
vn -0.4226 -0.3378 -0.8410
vn -0.4477 -0.0759 -0.8910
vn -0.4474 -0.0759 -0.8911
vn -0.4403 0.1915 -0.8772
vn -0.4407 0.1914 -0.8770
vn -0.4821 -0.0755 -0.8729
vn -0.4746 0.1916 -0.8591
vn -0.6940 0.1916 -0.6940
vn -0.6481 0.1913 -0.7371
vn -0.4270 0.1914 -0.8837
vn -0.3677 0.1916 -0.9100
vn -0.0640 -0.3376 -0.9391
vn -0.0677 -0.0759 -0.9948
vn -0.0681 -0.0750 -0.9949
vn -0.0644 -0.3374 -0.9391
vn -0.3267 -0.0759 -0.9421
vn -0.3083 -0.3379 -0.8893
vn -0.3219 0.1915 -0.9272
vn -0.3223 0.1915 -0.9271
vn -0.2763 0.1916 -0.9418
vn -0.0665 0.1912 -0.9793
vn -0.0669 0.1912 -0.9793
vn -0.3217 0.1914 -0.9273
vn -0.4552 -0.3380 -0.8237
vn -0.6249 -0.0754 -0.7771
vn -0.6150 0.1915 -0.7649
vn -0.5896 -0.3380 -0.7335
vn -0.2618 -0.9083 -0.3262
vn -0.2955 -0.9085 -0.2955
vn -0.4074 -0.8174 -0.4074
vn -0.3601 -0.8182 -0.4482
vn -0.5224 -0.3380 -0.7828
vn -0.5535 -0.0754 -0.8294
vn -0.5448 0.1915 -0.8164
vn -0.2321 -0.9083 -0.3479
vn -0.3191 -0.8182 -0.4782
vn -0.1912 -0.0754 -0.9786
vn -0.1805 -0.3380 -0.9237
vn -0.1102 -0.8182 -0.5642
vn -0.0801 -0.9083 -0.4105
vn -0.1882 0.1915 -0.9633
vn -0.1065 0.1915 -0.9757
vn -0.1081 -0.0755 -0.9913
vn -0.0626 -0.8183 -0.5714
vn -0.0458 -0.9083 -0.4158
vn -0.1022 -0.3380 -0.9356
vn -0.0392 -0.8166 -0.5759
vn -0.0287 -0.9082 -0.4176
vn -0.5399 -0.8205 -0.1879
vn -0.6682 -0.7069 -0.2318
vn -0.5402 -0.8204 -0.1872
vn -0.6543 -0.7073 -0.2676
vn -0.5327 -0.8178 -0.2177
vn -0.3869 -0.9085 -0.1580
vn -0.3954 -0.9083 -0.1368
vn -0.3950 -0.9083 -0.1378
vn -0.4011 -0.9084 -0.1178
vn -0.5519 -0.8180 -0.1621
vn -0.5108 -0.8205 -0.2565
vn -0.5144 -0.8198 -0.2515
vn -0.6356 -0.7070 -0.3102
vn -0.3757 -0.9083 -0.1840
vn -0.3739 -0.9083 -0.1875
vn -0.5029 -0.8185 -0.2777
vn -0.3660 -0.9084 -0.2022
vn -0.8410 -0.3378 -0.4226
vn -0.8910 -0.0759 -0.4477
vn -0.8911 -0.0759 -0.4474
vn -0.8729 -0.0755 -0.4821
vn -0.8237 -0.3380 -0.4552
vn -0.9391 -0.3376 -0.0640
vn -0.9391 -0.3374 -0.0644
vn -0.9949 -0.0750 -0.0681
vn -0.9948 -0.0759 -0.0677
vn -0.8726 -0.3382 -0.3525
vn -0.8893 -0.3379 -0.3083
vn -0.9421 -0.0759 -0.3267
vn -0.9245 -0.0754 -0.3737
vn -0.8891 -0.3379 -0.3088
vn -0.9419 -0.0759 -0.3271
vn -0.9418 -0.0759 -0.3275
vn -0.9271 0.1915 -0.3223
vn -0.9272 0.1915 -0.3219
vn -0.9568 -0.0754 -0.2808
vn -0.9418 0.1916 -0.2763
vn -0.9793 0.1912 -0.0669
vn -0.9793 0.1913 -0.0665
vn -0.9273 0.1914 -0.3217
vn -0.9100 0.1916 -0.3677
vn -0.7070 -0.3376 -0.6214
vn -0.7489 -0.0759 -0.6584
vn -0.8978 -0.0758 -0.4338
vn -0.8473 -0.3379 -0.4097
vn -0.8770 0.1914 -0.4407
vn -0.8772 0.1915 -0.4403
vn -0.8591 0.1916 -0.4746
vn -0.7371 0.1913 -0.6481
vn -0.8837 0.1914 -0.4270
vn -0.9031 -0.3381 -0.2648
vn -0.9913 -0.0754 -0.1081
vn -0.9757 0.1915 -0.1065
vn -0.9356 -0.3380 -0.1022
vn -0.4158 -0.9083 -0.0458
vn -0.4176 -0.9082 -0.0287
vn -0.5759 -0.8166 -0.0392
vn -0.5714 -0.8183 -0.0626
vn -0.9237 -0.3380 -0.1805
vn -0.9786 -0.0754 -0.1912
vn -0.9633 0.1915 -0.1882
vn -0.4105 -0.9083 -0.0801
vn -0.5642 -0.8182 -0.1102
vn -0.8294 -0.0754 -0.5536
vn -0.7828 -0.3380 -0.5224
vn -0.4782 -0.8182 -0.3192
vn -0.3479 -0.9083 -0.2321
vn -0.8164 0.1915 -0.5449
vn -0.7649 0.1915 -0.6150
vn -0.7771 -0.0754 -0.6249
vn -0.4482 -0.8182 -0.3601
vn -0.3262 -0.9083 -0.2618
vn -0.7335 -0.3380 -0.5896
vn -0.0396 0.0814 -0.9959
vn 0.2120 0.0368 -0.9766
vn 0.2001 0.0391 -0.9790
vn -0.0563 0.0842 -0.9949
vn -0.7502 0.0814 0.6562
vn -0.9491 0.1424 0.2809
vn -0.9545 0.1448 0.2607
vn -0.7609 0.0842 0.6433
vn 0.3533 0.0088 -0.9355
vn 0.3483 0.0099 -0.9373
vn -0.4488 0.1424 -0.8822
vn -0.4672 0.1448 -0.8722
vn -0.9760 0.1765 -0.1278
vn -0.9857 0.1686 0.0038
vn -0.4361 0.0088 0.8999
vn -0.5631 0.0368 0.8256
vn -0.5731 0.0391 0.8186
vn -0.4409 0.0099 0.8975
vn -0.7640 0.1765 -0.6206
vn -0.6751 0.1686 -0.7182
vn -0.4356 0.0087 0.9001
vn -0.9031 0.1829 -0.3884
vn -0.8043 0.1793 -0.5665
vn -0.5620 0.0366 0.8263
vn -0.7487 0.0811 0.6579
vn 0.2133 0.0366 -0.9763
vn 0.3538 0.0087 -0.9353
vn -0.9644 0.1793 -0.1943
vn -0.4469 0.1422 -0.8832
vn -0.9485 0.1422 0.2831
vn -0.0374 0.0811 -0.9960
vn 0.6761 0.0814 -0.7323
vn 0.8404 0.0368 -0.5408
vn 0.8336 0.0391 -0.5509
vn 0.6635 0.0842 -0.7434
vn -0.9945 0.0814 -0.0663
vn -0.8698 0.1424 -0.4723
vn -0.8593 0.1448 -0.4905
vn -0.9930 0.0842 -0.0830
vn 0.9112 0.0088 -0.4118
vn 0.9090 0.0099 -0.4167
vn 0.3063 0.1424 -0.9412
vn 0.2862 0.1448 -0.9472
vn -0.5998 0.1765 -0.7804
vn -0.6998 0.1686 -0.6942
vn -0.9446 0.0088 0.3281
vn -0.9819 0.0368 0.1857
vn -0.9840 0.0391 0.1738
vn -0.9463 0.0099 0.3230
vn -0.1016 0.1765 -0.9790
vn 0.0303 0.1686 -0.9852
vn -0.9444 0.0087 0.3286
vn -0.3641 0.1829 -0.9132
vn -0.1683 0.1793 -0.9693
vn -0.9817 0.0366 0.1871
vn -0.9946 0.0811 -0.0641
vn 0.8411 0.0366 -0.5396
vn 0.9115 0.0087 -0.4113
vn -0.5447 0.1793 -0.8192
vn 0.3084 0.1422 -0.9406
vn -0.8709 0.1422 -0.4704
vn 0.6777 0.0811 -0.7308
vn -0.4998 -0.7074 -0.4998
vn -0.4432 -0.7070 -0.5511
vn -0.3171 -0.7071 -0.6320
vn -0.0766 -0.7070 -0.7031
vn -0.0479 -0.7066 -0.7060
vn -0.2323 -0.7070 -0.6679
vn -0.3926 -0.7070 -0.5882
vn -0.3417 -0.7071 -0.6190
vn -0.1992 -0.7072 -0.6783
vn -0.1356 -0.7070 -0.6941
vn -0.7060 -0.7066 -0.0479
vn -0.7031 -0.7070 -0.0766
vn -0.6679 -0.7070 -0.2323
vn -0.5511 -0.7070 -0.4432
vn -0.6320 -0.7071 -0.3171
vn -0.6941 -0.7070 -0.1356
vn -0.6783 -0.7072 -0.1993
vn -0.6190 -0.7071 -0.3417
vn -0.5882 -0.7070 -0.3926
vn 0.0000 0.0000 1.0000
vn 0.0000 -0.0000 -1.0000
vn 0.0224 0.9997 0.0000
vn -0.0224 -0.9997 0.0000
vn 1.0000 0.0000 0.0000
vn -1.0000 -0.0000 -0.0000
vn 0.0000 0.9997 0.0224
vn 0.0000 -0.9997 -0.0224
vn -0.0192 -0.9998 -0.0083
vn -0.0077 -0.9998 -0.0194
vn -0.1976 0.9766 -0.0850
vn -0.9037 0.1796 -0.3887
vn -0.6247 0.0490 0.7793
vn 0.1360 0.0491 -0.9895
vn -0.0797 0.9766 -0.1999
vn -0.3643 0.1796 -0.9138
vn -0.9928 0.0490 0.1094
vn 0.7958 0.0491 -0.6036
vn -0.9819 0.1892 0.0000
vn -0.9498 -0.3130 0.0000
vn -0.9980 -0.0640 0.0000
vn 0.9819 -0.1892 0.0000
vn 0.9498 0.3130 0.0000
vn 0.9980 0.0640 0.0000
vn 0.0000 0.1892 -0.9819
vn 0.0000 -0.3130 -0.9498
vn 0.0000 -0.0640 -0.9980
vn 0.0000 -0.1892 0.9819
vn 0.0000 0.3130 0.9498
vn 0.0000 0.0640 0.9980
vn -0.1913 0.0725 -0.9789
vn -0.1081 0.0724 -0.9915
vn -0.5383 0.5795 -0.6119
vn -0.5102 0.5804 -0.6347
vn -0.5981 0.2982 -0.7438
vn -0.6751 0.2976 -0.6751
vn -0.1562 0.5804 -0.7992
vn -0.0884 0.5804 -0.8095
vn -0.1035 0.2983 -0.9489
vn -0.1831 0.2982 -0.9368
vn -0.5537 0.0725 -0.8296
vn -0.6251 0.0725 -0.7772
vn -0.6250 0.0725 -0.7772
vn -0.4783 0.0725 -0.8752
vn -0.3840 0.0725 -0.9205
vn -0.4782 0.0725 -0.8752
vn -0.4521 0.5804 -0.6774
vn -0.5299 0.2982 -0.7939
vn -0.1913 0.0724 -0.9789
vn -0.3906 0.5804 -0.7146
vn -0.3136 0.5803 -0.7516
vn -0.3675 0.2977 -0.8811
vn -0.4577 0.2982 -0.8376
vn -0.1080 0.0724 -0.9915
vn -0.6250 0.0725 -0.7773
vn -0.4783 0.0724 -0.8752
vn -0.7052 0.0725 -0.7052
vn -0.2806 0.0725 -0.9571
vn -0.2291 0.5803 -0.7815
vn -0.2686 0.2980 -0.9160
vn -0.4782 0.0725 -0.8753
vn -0.2807 0.0725 -0.9571
vn -0.0551 0.5793 -0.8132
vn -0.0644 0.2969 -0.9527
vn -0.0672 0.0724 -0.9951
vn -0.0671 0.0724 -0.9951
vn -0.0670 0.0724 -0.9951
vn -0.2934 0.6477 -0.7031
vn -0.2142 0.6475 -0.7314
vn -0.3657 0.6474 -0.6687
vn -0.5036 0.6470 -0.5726
vn -0.4774 0.6474 -0.5941
vn -0.0829 0.6473 -0.7577
vn -0.0516 0.6470 -0.7608
vn -0.4231 0.6474 -0.6340
vn -0.1461 0.6474 -0.7480
vn -0.8296 0.0725 -0.5537
vn -0.7772 0.0725 -0.6250
vn -0.8132 0.5793 -0.0551
vn -0.8095 0.5804 -0.0884
vn -0.9489 0.2983 -0.1035
vn -0.9527 0.2969 -0.0644
vn -0.6774 0.5804 -0.4521
vn -0.6347 0.5804 -0.5102
vn -0.7438 0.2982 -0.5981
vn -0.7939 0.2982 -0.5299
vn -0.9789 0.0724 -0.1913
vn -0.9915 0.0724 -0.1080
vn -0.9915 0.0724 -0.1081
vn -0.9789 0.0725 -0.1913
vn -0.9571 0.0725 -0.2806
vn -0.9205 0.0725 -0.3840
vn -0.9571 0.0725 -0.2807
vn -0.7992 0.5804 -0.1562
vn -0.9368 0.2982 -0.1831
vn -0.7773 0.0725 -0.6250
vn -0.7815 0.5803 -0.2291
vn -0.7516 0.5803 -0.3136
vn -0.8811 0.2977 -0.3675
vn -0.9160 0.2980 -0.2686
vn -0.7772 0.0725 -0.6251
vn -0.9951 0.0724 -0.0672
vn -0.8752 0.0725 -0.4783
vn -0.7146 0.5804 -0.3906
vn -0.8376 0.2982 -0.4577
vn -0.9951 0.0724 -0.0671
vn -0.9951 0.0724 -0.0670
vn -0.8753 0.0725 -0.4782
vn -0.8752 0.0725 -0.4782
vn -0.6119 0.5795 -0.5383
vn -0.7031 0.6477 -0.2934
vn -0.6687 0.6474 -0.3657
vn -0.7314 0.6475 -0.2142
vn -0.7608 0.6470 -0.0516
vn -0.7577 0.6473 -0.0829
vn -0.5941 0.6474 -0.4774
vn -0.5726 0.6470 -0.5036
vn -0.7480 0.6474 -0.1461
vn -0.6339 0.6474 -0.4231
vn -0.6611 0.2002 -0.7231
vn -0.7719 0.0345 -0.6348
vn -0.6198 0.1866 -0.7622
vn -0.6944 0.1887 -0.6944
vn -0.5462 0.1893 -0.8160
vn -0.5486 0.1786 -0.8168
vn -0.5412 0.1384 -0.8294
vn -0.5675 0.2109 -0.7959
vn -0.3755 0.1911 -0.9069
vn -0.4235 0.2085 -0.8816
vn -0.6165 0.3358 -0.7122
vn -0.4724 0.1911 -0.8604
vn -0.6943 0.1893 -0.6943
vn -0.6783 0.2422 -0.6937
vn -0.6533 0.1758 -0.7364
vn -0.6943 0.1895 -0.6943
vn -0.5189 0.2132 -0.8278
vn -0.5603 0.1357 -0.8171
vn -0.5458 0.1998 -0.8138
vn -0.4692 0.2050 -0.8590
vn -0.4512 0.3352 -0.8271
vn -0.5521 0.2467 -0.7964
vn -0.3756 0.1868 -0.9077
vn -0.4233 0.1692 -0.8901
vn -0.3750 0.2429 -0.8946
vn -0.3716 0.1897 -0.9088
vn -0.5631 0.1741 -0.8079
vn -0.4264 0.3375 -0.8392
vn -0.6186 0.1906 -0.7622
vn -0.7422 0.3451 -0.5746
vn -0.6651 0.1784 -0.7251
vn -0.7670 0.1863 -0.6140
vn -0.6315 0.0347 -0.7746
vn -0.6177 0.1821 -0.7650
vn -0.4955 0.0568 -0.8667
vn -0.5584 0.2023 -0.8045
vn -0.4984 0.2440 -0.8319
vn -0.6194 0.1894 -0.7619
vn -0.5954 0.3680 -0.7142
vn -0.6497 0.2045 -0.7322
vn -0.6835 0.1450 -0.7154
vn -0.6373 0.0348 -0.7698
vn -0.5739 0.1679 -0.8015
vn -0.5223 0.2436 -0.8172
vn -0.4780 0.1835 -0.8590
vn -0.6187 0.1656 -0.7680
vn -0.7551 0.2170 -0.6187
vn -0.5849 0.3588 -0.7274
vn -0.6157 0.1950 -0.7635
vn -0.2967 0.0413 -0.9541
vn -0.4135 0.1997 -0.8883
vn -0.2976 0.1983 -0.9339
vn -0.5217 0.1650 -0.8370
vn -0.3845 0.1381 -0.9127
vn -0.4598 0.1942 -0.8665
vn -0.4669 0.1906 -0.8635
vn -0.4671 -0.0020 -0.8842
vn -0.4645 0.2358 -0.8536
vn -0.4724 0.1869 -0.8613
vn -0.2539 0.3464 -0.9031
vn -0.4750 0.0324 -0.8794
vn -0.4716 0.1715 -0.8650
vn -0.6220 0.0433 -0.7818
vn -0.4389 0.3597 -0.8234
vn -0.5896 0.2211 -0.7768
vn -0.4224 0.1821 -0.8879
vn -0.2882 0.1863 -0.9393
vn -0.4131 0.1799 -0.8927
vn -0.5321 0.2009 -0.8225
vn -0.6110 0.1442 -0.7784
vn -0.5366 0.1768 -0.8251
vn -0.5299 0.1480 -0.8351
vn -0.6414 0.2335 -0.7308
vn -0.6797 0.1995 -0.7059
vn -0.6184 0.2398 -0.7484
vn -0.3395 0.2001 -0.9191
vn -0.4689 0.0358 -0.8826
vn -0.2811 0.1869 -0.9413
vn -0.1903 0.1893 -0.9633
vn -0.1926 0.1789 -0.9648
vn -0.1802 0.1394 -0.9737
vn -0.2167 0.2101 -0.9534
vn -0.0684 0.1883 -0.9797
vn -0.0627 0.2014 -0.9775
vn -0.2930 0.3353 -0.8954
vn -0.0999 0.1862 -0.9774
vn -0.3662 0.2420 -0.8985
vn -0.3269 0.1759 -0.9286
vn -0.1614 0.2136 -0.9635
vn -0.2040 0.1352 -0.9696
vn -0.1910 0.1995 -0.9611
vn -0.1042 0.1980 -0.9746
vn -0.0982 0.3322 -0.9381
vn -0.2044 0.2472 -0.9472
vn -0.0666 0.1891 -0.9797
vn -0.0621 0.1755 -0.9825
vn -0.0210 0.2365 -0.9714
vn -0.0678 0.1889 -0.9796
vn -0.2076 0.1746 -0.9625
vn -0.0739 0.3364 -0.9388
vn -0.2800 0.1905 -0.9409
vn -0.4650 0.3442 -0.8157
vn -0.3420 0.1783 -0.9226
vn -0.4720 0.1865 -0.8617
vn -0.2869 0.0360 -0.9573
vn -0.2783 0.1830 -0.9429
vn -0.1277 0.0584 -0.9901
vn -0.2048 0.2019 -0.9578
vn -0.1410 0.2439 -0.9595
vn -0.2808 0.1895 -0.9409
vn -0.2764 0.3671 -0.8881
vn -0.3254 0.2045 -0.9232
vn -0.3630 0.1450 -0.9204
vn -0.2938 0.0362 -0.9552
vn -0.2201 0.1689 -0.9607
vn -0.1676 0.2425 -0.9556
vn -0.1126 0.1832 -0.9766
vn -0.2722 0.1657 -0.9479
vn -0.4597 0.2164 -0.8613
vn -0.2622 0.3579 -0.8962
vn -0.2773 0.1941 -0.9410
vn 0.0860 0.0463 -0.9952
vn -0.0496 0.1993 -0.9787
vn 0.0862 0.1985 -0.9763
vn -0.1604 0.1646 -0.9732
vn -0.0214 0.1433 -0.9895
vn -0.0883 0.1944 -0.9769
vn -0.0999 0.1899 -0.9767
vn -0.0905 0.0012 -0.9959
vn -0.1004 0.2358 -0.9666
vn -0.1004 0.1913 -0.9764
vn 0.1064 0.3420 -0.9336
vn -0.1000 0.0354 -0.9944
vn -0.1039 0.1782 -0.9785
vn -0.2713 0.0443 -0.9615
vn -0.0881 0.3560 -0.9303
vn -0.2436 0.2211 -0.9444
vn -0.0456 0.1821 -0.9822
vn 0.0971 0.1858 -0.9778
vn -0.0474 0.1795 -0.9826
vn -0.1756 0.2010 -0.9637
vn -0.2625 0.1443 -0.9541
vn -0.1788 0.1768 -0.9679
vn -0.1682 0.1479 -0.9746
vn -0.3173 0.2339 -0.9190
vn -0.3623 0.1993 -0.9105
vn -0.2803 0.2401 -0.9294
vn 0.0619 0.9754 0.2117
vn 0.0618 0.9754 0.2118
vn 0.0423 0.9754 0.2166
vn 0.1059 0.9754 0.1936
vn 0.1060 0.9754 0.1935
vn 0.0849 0.9754 0.2034
vn -0.0849 -0.9754 -0.2035
vn -0.1059 -0.9754 -0.1936
vn -0.1058 -0.9754 -0.1936
vn -0.0239 -0.9753 -0.2194
vn -0.0240 -0.9753 -0.2194
vn -0.0423 -0.9754 -0.2166
vn -0.0620 -0.9754 -0.2117
vn -0.0621 -0.9754 -0.2117
vn -0.1383 -0.9754 -0.1719
vn -0.1382 -0.9754 -0.1720
vn -0.1559 -0.9754 -0.1559
vn -0.0149 -0.9753 -0.2204
vn 0.0241 0.9753 0.2194
vn 0.0243 0.9753 0.2194
vn 0.0153 0.9753 0.2203
vn -0.1225 -0.9754 -0.1835
vn 0.1559 0.9754 0.1559
vn 0.1380 0.9754 0.1721
vn 0.1381 0.9754 0.1721
vn 0.1225 0.9754 0.1835
vn -0.9786 0.2002 -0.0478
vn -0.9947 0.0349 0.0967
vn -0.9776 0.1857 -0.0992
vn -0.9797 0.1883 -0.0684
vn -0.9633 0.1892 -0.1902
vn -0.9652 0.1790 -0.1907
vn -0.9691 0.1362 -0.2055
vn -0.9636 0.2132 -0.1611
vn -0.9069 0.1911 -0.3755
vn -0.9240 0.2014 -0.3251
vn -0.9409 0.3296 -0.0779
vn -0.9414 0.1872 -0.2807
vn -0.9797 0.1889 -0.0677
vn -0.9701 0.2423 -0.0145
vn -0.9824 0.1758 -0.0625
vn -0.9797 0.1891 -0.0666
vn -0.9534 0.2104 -0.2164
vn -0.9736 0.1387 -0.1814
vn -0.9613 0.1995 -0.1902
vn -0.9409 0.1943 -0.2773
vn -0.9058 0.3287 -0.2674
vn -0.9544 0.2429 -0.1737
vn -0.9076 0.1872 -0.3757
vn -0.9285 0.1756 -0.3272
vn -0.9022 0.2363 -0.3607
vn -0.9088 0.1890 -0.3721
vn -0.9699 0.1723 -0.1720
vn -0.8925 0.3413 -0.2947
vn -0.9764 0.1911 -0.1004
vn -0.9304 0.3460 0.1207
vn -0.9829 0.1784 -0.0460
vn -0.9763 0.1860 0.1110
vn -0.9944 0.0328 -0.1002
vn -0.9782 0.1796 -0.1040
vn -0.9625 0.0518 -0.2662
vn -0.9636 0.2034 -0.1734
vn -0.9418 0.2440 -0.2314
vn -0.9769 0.1894 -0.0993
vn -0.9250 0.3712 -0.0810
vn -0.9769 0.2045 -0.0621
vn -0.9891 0.1450 -0.0264
vn -0.9954 0.0309 -0.0907
vn -0.9731 0.1657 -0.1603
vn -0.9465 0.2452 -0.2099
vn -0.9462 0.1842 -0.2660
vn -0.9809 0.1660 -0.1011
vn -0.9715 0.2165 0.0965
vn -0.9278 0.3594 -0.1004
vn -0.9747 0.1977 -0.1042
vn -0.8894 0.0502 -0.4544
vn -0.9199 0.1992 -0.3378
vn -0.8716 0.1970 -0.4489
vn -0.9608 0.1682 -0.2202
vn -0.9188 0.1433 -0.3677
vn -0.9338 0.1950 -0.3000
vn -0.9410 0.1897 -0.2804
vn -0.9557 0.0059 -0.2942
vn -0.9341 0.2364 -0.2676
vn -0.9409 0.1907 -0.2800
vn -0.8240 0.3403 -0.4531
vn -0.9571 0.0387 -0.2871
vn -0.9430 0.1820 -0.2784
vn -0.9911 0.0507 -0.1228
vn -0.8954 0.3521 -0.2726
vn -0.9663 0.2211 -0.1321
vn -0.9222 0.1818 -0.3414
vn -0.8682 0.1862 -0.4599
vn -0.9229 0.1794 -0.3406
vn -0.9584 0.2002 -0.2035
vn -0.9825 0.1434 -0.1186
vn -0.9633 0.1771 -0.2019
vn -0.9668 0.1490 -0.2078
vn -0.9701 0.2333 -0.0664
vn -0.9796 0.1996 -0.0218
vn -0.9670 0.2394 -0.0869
vn -0.8892 0.2002 -0.4115
vn -0.9576 0.0297 -0.2865
vn -0.8619 0.1893 -0.4704
vn -0.8160 0.1893 -0.5462
vn -0.8178 0.1787 -0.5470
vn -0.8162 0.1367 -0.5614
vn -0.8280 0.2128 -0.5187
vn -0.7330 0.2014 -0.6497
vn -0.8397 0.3309 -0.4305
vn -0.7625 0.1870 -0.6194
vn -0.8958 0.2476 -0.3692
vn -0.8892 0.1695 -0.4249
vn -0.7960 0.2113 -0.5672
vn -0.8288 0.1376 -0.5423
vn -0.8142 0.1998 -0.5451
vn -0.7634 0.1952 -0.6157
vn -0.7344 0.3295 -0.5934
vn -0.8137 0.2440 -0.5276
vn -0.7362 0.1756 -0.6536
vn -0.6992 0.2364 -0.6747
vn -0.8295 0.1725 -0.5312
vn -0.7091 0.3417 -0.6168
vn -0.8613 0.1865 -0.4727
vn -0.9055 0.3494 -0.2408
vn -0.8930 0.1784 -0.4132
vn -0.9432 0.1865 -0.2748
vn -0.8793 0.0304 -0.4752
vn -0.8646 0.1741 -0.4713
vn -0.7848 0.0509 -0.6177
vn -0.8232 0.2033 -0.5300
vn -0.7791 0.2441 -0.5775
vn -0.8641 0.1891 -0.4665
vn -0.8214 0.3743 -0.4303
vn -0.8837 0.2103 -0.4181
vn -0.9118 0.1395 -0.3862
vn -0.8838 0.0272 -0.4671
vn -0.8369 0.1661 -0.5215
vn -0.7938 0.2447 -0.5568
vn -0.7697 0.1840 -0.6113
vn -0.8665 0.1661 -0.4708
vn -0.9334 0.2162 -0.2865
vn -0.8167 0.3623 -0.4493
vn -0.8590 0.2046 -0.4693
vn -0.6471 0.0493 -0.7608
vn -0.7245 0.1993 -0.6598
vn -0.6328 0.1974 -0.7487
vn -0.8016 0.1673 -0.5740
vn -0.7121 0.1433 -0.6873
vn -0.7511 0.1946 -0.6309
vn -0.7621 0.1898 -0.6190
vn -0.7701 0.0047 -0.6379
vn -0.7576 0.2361 -0.6085
vn -0.7622 0.1908 -0.6186
vn -0.5868 0.3412 -0.7344
vn -0.7744 0.0374 -0.6316
vn -0.7651 0.1810 -0.6179
vn -0.8696 0.0491 -0.4914
vn -0.7225 0.3529 -0.5945
vn -0.8418 0.2211 -0.4924
vn -0.7246 0.1820 -0.6648
vn -0.6247 0.1860 -0.7584
vn -0.7259 0.1794 -0.6640
vn -0.8057 0.2004 -0.5574
vn -0.8621 0.1437 -0.4859
vn -0.8109 0.1771 -0.5578
vn -0.8110 0.1488 -0.5658
vn -0.8688 0.2331 -0.4369
vn -0.8948 0.1996 -0.3994
vn -0.8591 0.2395 -0.4522
vn 0.1936 0.9754 0.1059
vn 0.1935 0.9754 0.1060
vn 0.1835 0.9754 0.1225
vn 0.2117 0.9754 0.0619
vn 0.2118 0.9754 0.0618
vn 0.2034 0.9754 0.0850
vn 0.2034 0.9754 0.0849
vn -0.2035 -0.9754 -0.0849
vn -0.2117 -0.9754 -0.0620
vn -0.2117 -0.9754 -0.0621
vn -0.1719 -0.9754 -0.1383
vn -0.1720 -0.9754 -0.1382
vn -0.1835 -0.9754 -0.1225
vn -0.1936 -0.9754 -0.1059
vn -0.1936 -0.9754 -0.1058
vn -0.2194 -0.9753 -0.0239
vn -0.2194 -0.9753 -0.0240
vn -0.2204 -0.9753 -0.0149
vn 0.1721 0.9754 0.1381
vn 0.1721 0.9754 0.1380
vn -0.2166 -0.9754 -0.0423
vn 0.2203 0.9753 0.0153
vn 0.2194 0.9753 0.0243
vn 0.2194 0.9753 0.0241
vn 0.2166 0.9754 0.0423
usemtl MI_Trim_03
s 1
f 4/1/1 8/2/1 2/3/2 1/4/2
f 13/5/3 14/6/3 9/7/4 3/8/4
f 8/2/1 4/1/1 7/9/5 10/10/5
f 10/10/5 7/9/5 6/11/6 11/12/6
f 11/12/6 6/11/6 5/13/7 12/14/7
f 12/14/7 5/13/7 3/8/4 9/7/4
f 18/15/8 15/16/9 16/17/9 22/18/8
f 13/5/3 17/19/10 23/20/10 14/6/3
f 22/18/8 24/21/11 21/22/11 18/15/8
f 24/21/11 25/23/12 20/24/12 21/22/11
f 25/23/12 26/25/13 19/26/13 20/24/12
f 19/26/14 17/19/14 35/27/14 37/28/14
f 13/5/14 3/8/14 28/29/14 33/30/14
f 20/24/14 19/26/14 37/28/14 38/31/14
f 21/22/14 20/24/14 38/31/14 39/32/14
f 4/1/14 1/4/14 27/33/14 29/34/14
f 18/15/14 21/22/14 39/32/14 36/35/14
f 3/8/14 5/13/14 30/36/14 28/29/14
f 5/13/14 6/11/14 31/37/14 30/36/14
f 17/19/14 13/5/14 33/30/14 35/27/14
f 6/11/14 7/9/14 32/38/14 31/37/14
f 7/9/14 4/1/14 29/34/14 32/38/14
f 15/16/14 18/15/14 36/35/14 34/39/14
f 25/23/15 24/21/15 63/40/15 64/41/15
f 12/14/15 9/7/16 55/42/15 58/43/15
f 14/6/16 23/20/16 62/44/15 59/45/15
f 8/2/15 10/10/15 56/46/15 54/47/15
f 11/12/15 12/14/15 58/43/15 57/48/15
f 10/10/15 11/12/15 57/48/15 56/46/15
f 22/18/15 16/17/15 60/49/15 61/50/15
f 9/7/16 14/6/16 59/45/15 55/42/15
f 23/20/16 26/25/15 65/51/15 62/44/15
f 24/21/15 22/18/15 61/50/15 63/40/15
f 26/25/15 25/23/15 64/41/15 65/51/15
f 2/3/15 8/2/15 54/47/15 53/52/15
f 54/47/15 56/46/15 57/48/15 58/43/15 55/42/15 59/45/15 62/44/15 65/51/15 64/41/15 63/40/15 61/50/15 60/49/15 53/52/15
f 26/25/13 23/20/10 17/19/10 19/26/13
f 88/53/17 92/54/17 86/55/18 85/56/18
f 97/57/19 98/58/19 93/59/20 87/60/20
f 92/54/17 88/53/17 91/61/21 94/62/21
f 94/62/21 91/61/21 90/63/22 95/64/22
f 95/64/22 90/63/22 89/65/23 96/66/23
f 96/66/23 89/65/23 87/60/20 93/59/20
f 102/67/24 99/68/25 100/69/25 106/70/24
f 97/57/19 101/71/26 107/72/26 98/58/19
f 106/70/24 108/73/27 105/74/27 102/67/24
f 108/73/27 109/75/28 104/76/28 105/74/27
f 109/75/28 110/77/29 103/78/29 104/76/28
f 103/78/30 101/71/30 119/79/30 121/80/30
f 97/57/30 87/60/30 112/81/30 117/82/30
f 104/76/30 103/78/30 121/80/30 122/83/30
f 105/74/30 104/76/30 122/83/30 123/84/30
f 88/53/30 85/56/30 111/85/30 113/86/30
f 102/67/30 105/74/30 123/84/30 120/87/30
f 87/60/30 89/65/30 114/88/30 112/81/30
f 89/65/30 90/63/30 115/89/30 114/88/30
f 101/71/30 97/57/30 117/82/30 119/79/30
f 90/63/30 91/61/30 116/90/30 115/89/30
f 91/61/30 88/53/30 113/86/30 116/90/30
f 99/68/30 102/67/30 120/87/30 118/91/30
f 109/75/31 108/73/31 147/92/31 148/93/31
f 96/66/31 93/59/31 139/94/31 142/95/31
f 98/58/31 107/72/31 146/96/31 143/97/31
f 92/54/31 94/62/31 140/98/31 138/99/31
f 95/64/31 96/66/31 142/95/31 141/100/31
f 94/62/31 95/64/31 141/100/31 140/98/31
f 106/70/31 100/69/31 144/101/31 145/102/31
f 93/59/31 98/58/31 143/97/31 139/94/31
f 107/72/31 110/77/31 149/103/31 146/96/31
f 108/73/31 106/70/31 145/102/31 147/92/31
f 110/77/31 109/75/31 148/93/31 149/103/31
f 86/55/31 92/54/31 138/99/31 137/104/31
f 138/99/31 140/98/31 141/100/31 142/95/31 139/94/31 143/97/31 146/96/31 149/103/31 148/93/31 147/92/31 145/102/31 144/101/31 137/104/31
f 110/77/29 107/72/26 101/71/26 103/78/29
f 178/105/32 175/106/33 172/107/34
f 172/107/34 175/106/33 176/108/35 169/109/36
f 169/110/36 170/111/37 173/112/38 172/113/34
f 172/113/34 173/112/38 180/114/39 178/115/32
f 180/116/39 382/117/40 383/118/41 178/119/32
f 187/120/42 182/121/43 185/122/44
f 182/121/43 169/109/36 176/108/35 185/122/44
f 169/110/36 182/123/43 183/124/45 170/111/37
f 182/123/43 187/125/42 189/126/46 183/124/45
f 189/127/46 187/128/42 395/129/47 390/130/48
f 306/131/49 309/132/50 312/133/51 413/134/52 404/135/53
f 289/136/54 288/137/55 296/138/56 295/139/57
f 287/140/58 291/141/59 292/142/60 294/143/61
f 291/144/59 290/145/62 293/146/63 292/147/60
f 293/148/63 297/149/64 303/150/65 299/151/66
f 297/149/64 372/152/67 379/153/68 303/150/65
f 295/139/57 296/138/56 302/154/69 301/155/70
f 294/143/61 292/142/60 298/156/71 300/157/72
f 292/147/60 293/146/63 299/158/66 298/159/71
f 305/160/73 310/161/74 311/162/75 304/163/76
f 287/140/58 294/143/61 308/164/77 307/165/78
f 307/166/78 308/167/77 309/168/50 306/169/49
f 309/132/50 314/170/79 317/171/80 312/133/51
f 312/133/51 317/171/80 394/172/81 413/134/52
f 310/161/74 315/173/82 316/174/83 311/162/75
f 294/143/61 300/157/72 313/175/84 308/164/77
f 308/167/77 313/176/84 314/177/79 309/168/50
f 297/149/64 293/148/63 290/178/62 362/179/85 372/152/67
f 346/180/86 295/181/57 301/182/70 328/183/87
f 323/184/88 289/185/54 295/181/57 346/180/86
f 343/186/89 171/187/90 174/188/91 324/189/92
f 353/190/93 323/184/88 346/180/86 352/191/94
f 352/191/94 346/180/86 328/183/87 348/192/95
f 356/193/96 343/186/89 324/189/92 350/194/97
f 372/152/67 352/191/94 348/192/95 379/153/68
f 362/179/85 353/190/93 352/191/94 372/152/67
f 382/117/40 356/193/96 350/194/97 383/118/41
f 413/134/52 429/195/98 421/196/99 404/135/53
f 395/129/47 418/197/100 417/198/101 390/130/48
f 394/172/81 419/199/102 429/195/98 413/134/52
f 419/199/102 449/200/103 440/201/104 429/195/98
f 418/197/100 443/202/105 437/203/106 417/198/101
f 429/195/98 440/201/104 451/204/107 421/196/99
f 443/202/105 184/205/108 181/206/109 437/203/106
f 449/200/103 315/207/82 310/208/74 440/201/104
f 440/201/104 310/208/74 305/209/73 451/204/107
f 495/210/110 492/211/111 489/212/112
f 489/212/112 492/211/111 493/213/113 486/214/114
f 486/215/114 487/216/115 490/217/116 489/218/112
f 489/218/112 490/217/116 497/219/117 495/220/110
f 497/221/117 684/222/118 685/223/119 495/224/110
f 501/225/120 498/226/121 500/227/122
f 498/226/121 486/214/114 493/213/113 500/227/122
f 486/215/114 498/228/121 499/229/123 487/216/115
f 498/228/121 501/230/120 503/231/124 499/229/123
f 503/232/124 501/233/120 697/234/125 692/235/126
f 610/236/127 613/237/128 615/238/129 715/239/130 706/240/131
f 594/241/132 593/242/133 601/243/134 600/244/135
f 592/245/136 596/246/137 597/247/138 599/248/139
f 596/249/137 595/250/140 598/251/141 597/252/138
f 598/253/141 602/254/142 608/255/143 604/256/144
f 602/254/142 674/257/145 681/258/146 608/255/143
f 600/244/135 601/243/134 607/259/147 606/260/148
f 599/248/139 597/247/138 603/261/149 605/262/150
f 597/252/138 598/251/141 604/263/144 603/264/149
f 609/265/151 614/266/152 296/138/56 288/137/55
f 592/245/136 599/248/139 612/267/153 611/268/154
f 611/269/154 612/270/153 613/271/128 610/272/127
f 613/237/128 617/273/155 619/274/156 615/238/129
f 615/238/129 619/274/156 696/275/157 715/239/130
f 614/266/152 618/276/158 302/154/69 296/138/56
f 599/248/139 605/262/150 616/277/159 612/267/153
f 612/270/153 616/278/159 617/279/155 613/271/128
f 602/254/142 598/253/141 595/280/140 664/281/160 674/257/145
f 648/282/161 600/283/135 606/284/148 630/285/162
f 625/286/163 594/287/132 600/283/135 648/282/161
f 645/288/164 488/289/165 491/290/166 626/291/167
f 655/292/168 625/286/163 648/282/161 654/293/169
f 654/293/169 648/282/161 630/285/162 650/294/170
f 658/295/171 645/288/164 626/291/167 652/296/172
f 674/257/145 654/293/169 650/294/170 681/258/146
f 664/281/160 655/292/168 654/293/169 674/257/145
f 684/222/118 658/295/171 652/296/172 685/223/119
f 715/239/130 731/297/173 723/298/174 706/240/131
f 697/234/125 720/299/175 719/300/176 692/235/126
f 696/275/157 721/301/177 731/297/173 715/239/130
f 721/301/177 751/302/178 742/303/179 731/297/173
f 720/299/175 745/304/180 739/305/181 719/300/176
f 731/297/173 742/303/179 753/306/182 723/298/174
f 745/304/180 174/188/91 171/187/90 739/305/181
f 751/302/178 618/307/158 614/308/152 742/303/179
f 742/303/179 614/308/152 609/309/151 753/306/182
usemtl MI_Trim_02
f 66/310/183 67/311/184 45/312/185 44/313/186
f 68/314/187 69/315/188 50/316/189 51/317/190
f 70/318/191 71/319/2 40/320/2 42/321/192
f 72/322/193 66/310/183 44/313/186 43/323/194
f 69/315/188 73/324/195 48/325/196 50/316/189
f 74/326/197 75/327/198 52/328/199 49/329/200
f 76/330/201 72/322/193 43/323/194 41/331/202
f 67/311/184 70/318/191 42/321/192 45/312/185
f 75/327/198 68/314/187 51/317/190 52/328/199
f 78/332/9 74/326/197 49/329/200 47/333/9
f 34/334/9 36/335/203 74/326/197 78/332/9
f 33/336/204 28/337/205 76/330/201 77/338/204
f 39/339/206 38/340/207 68/314/187 75/327/198
f 32/341/208 29/342/209 70/318/191 67/311/184
f 35/343/210 33/336/204 77/338/204 73/324/195
f 28/337/205 30/344/211 72/322/193 76/330/201
f 36/335/203 39/339/206 75/327/198 74/326/197
f 37/345/212 35/343/210 73/324/195 69/315/188
f 30/344/211 31/346/213 66/310/183 72/322/193
f 29/342/209 27/347/2 71/319/2 70/318/191
f 38/340/207 37/345/212 69/315/188 68/314/187
f 31/346/213 32/341/208 67/311/184 66/310/183
f 150/348/214 151/349/215 129/350/216 128/351/217
f 152/352/218 153/353/219 134/354/220 135/355/221
f 154/356/222 155/357/18 124/358/18 126/359/223
f 156/360/224 150/348/214 128/351/217 127/361/225
f 153/353/219 157/362/226 132/363/227 134/354/220
f 158/364/228 159/365/229 136/366/230 133/367/231
f 160/368/232 156/360/224 127/361/225 125/369/233
f 151/349/215 154/356/222 126/359/223 129/350/216
f 159/365/229 152/352/218 135/355/221 136/366/230
f 162/370/25 158/364/228 133/367/231 131/371/25
f 118/372/25 120/373/234 158/364/228 162/370/25
f 117/374/235 112/375/236 160/368/232 161/376/235
f 123/377/237 122/378/238 152/352/218 159/365/229
f 116/379/239 113/380/240 154/356/222 151/349/215
f 119/381/241 117/374/235 161/376/235 157/362/226
f 112/375/236 114/382/242 156/360/224 160/368/232
f 120/373/234 123/377/237 159/365/229 158/364/228
f 121/383/243 119/381/241 157/362/226 153/353/219
f 114/382/242 115/384/244 150/348/214 156/360/224
f 113/380/240 111/385/18 155/357/18 154/356/222
f 122/378/238 121/383/243 153/353/219 152/352/218
f 115/384/244 116/379/239 151/349/215 150/348/214
f 174/386/91 177/387/245 338/388/246 324/389/92
f 175/390/33 178/391/32 179/392/247
f 184/393/108 443/394/105 439/395/248 186/396/249
f 185/397/44 188/398/250 187/399/42
f 338/388/246 354/400/251 350/401/97 324/389/92
f 354/400/251 368/402/252 383/403/41 350/401/97
f 368/402/252 179/392/247 178/391/32 383/403/41
f 395/404/47 187/399/42 188/398/250 412/405/253
f 418/406/100 395/404/47 412/405/253 426/407/254
f 443/394/105 418/406/100 426/407/254 439/395/248
f 491/408/166 494/409/255 640/410/256 626/411/167
f 492/412/111 495/413/110 496/414/257
f 174/386/91 745/415/180 741/416/258 177/387/245
f 500/417/122 502/418/259 501/419/120
f 640/410/256 656/420/260 652/421/172 626/411/167
f 656/420/260 670/422/261 685/423/119 652/421/172
f 670/422/261 496/414/257 495/413/110 685/423/119
f 697/424/125 501/419/120 502/418/259 714/425/262
f 720/426/175 697/424/125 714/425/262 728/427/263
f 745/415/180 720/426/175 728/427/263 741/416/258
f 790/428/264 789/429/264 797/430/264 798/431/264
f 785/432/265 787/433/265 795/434/265 794/435/265
f 787/436/266 791/437/266 799/438/266 795/439/266
f 791/440/264 790/428/264 798/431/264 799/441/264
f 788/442/265 786/443/265 793/444/265 796/445/265
f 786/443/265 785/432/265 794/435/265 793/444/265
f 792/446/267 788/447/267 796/448/267 800/449/267
f 789/429/264 792/450/264 800/451/264 797/430/264
f 806/452/268 814/453/268 813/454/268 805/455/268
f 801/456/269 810/457/269 811/458/269 803/459/269
f 803/460/270 811/461/270 815/462/270 807/463/270
f 807/464/268 815/465/268 814/453/268 806/452/268
f 804/466/269 812/467/269 809/468/269 802/469/269
f 802/469/269 809/468/269 810/457/269 801/456/269
f 808/470/271 816/471/271 812/472/271 804/473/271
f 805/455/268 813/454/268 816/474/268 808/475/268
usemtl MI_Trim_01
s off
f 46/476/272 48/477/272 81/478/272 79/479/272
f 41/480/272 46/476/272 79/479/272 80/481/272
f 130/482/273 132/483/273 165/484/273 163/485/273
f 125/486/273 130/482/273 163/485/273 164/487/273
s 1
f 77/488/274 76/489/274 84/490/274 83/491/274
f 82/492/275 83/493/275 79/494/275 81/495/275
f 83/493/275 84/496/275 80/497/275 79/494/275
f 48/498/276 73/499/276 82/500/276 81/501/276
f 76/489/277 41/502/277 80/503/277 84/490/277
f 73/499/274 77/488/274 83/491/274 82/500/274
f 161/504/278 160/505/278 168/506/278 167/507/278
f 166/508/279 167/509/279 163/510/279 165/511/279
f 167/509/279 168/512/279 164/513/279 163/510/279
f 132/514/280 157/515/280 166/516/280 165/517/280
f 160/505/281 125/518/281 164/519/281 168/506/281
f 157/515/278 161/504/278 167/507/278 166/516/278
f 785/520/282 790/521/282 791/522/282 787/523/282
f 788/524/283 792/525/283 789/526/284 786/527/284
f 786/527/284 789/526/284 790/521/282 785/520/282
f 794/528/285 795/529/285 799/530/285 798/531/285
f 796/532/286 793/533/287 797/534/287 800/535/286
f 793/533/287 794/528/285 798/531/285 797/534/287
f 801/536/288 803/537/288 807/538/288 806/539/288
f 804/540/289 802/541/290 805/542/290 808/543/289
f 802/541/290 801/536/288 806/539/288 805/542/290
f 810/544/291 814/545/291 815/546/291 811/547/291
f 812/548/292 816/549/292 813/550/293 809/551/293
f 809/551/293 813/550/293 814/545/291 810/544/291
usemtl MI_Trim_03_Dark
f 422/552/294 447/553/295 430/554/295 428/555/294
f 191/556/296 327/557/297 335/558/298 204/559/299
f 420/560/300 432/561/301 455/562/302 425/563/303
f 347/564/304 341/565/305 339/566/306 355/567/304
f 374/568/307 200/569/308 197/570/308 378/571/309
f 327/557/297 349/572/310 357/573/311 335/558/298
f 339/566/306 321/574/306 358/575/304 355/567/304
f 425/576/303 455/577/302 452/578/295 424/579/312
f 360/580/313 190/581/314 203/582/315 381/583/316
f 430/554/295 446/584/317 423/585/294 428/555/294
f 333/586/318 351/587/304 358/575/304 321/574/306
f 381/588/316 203/589/315 207/590/308 380/591/319
f 205/592/320 333/586/318 321/574/306 199/593/320
f 207/594/308 402/595/321 399/596/321 200/569/308
f 190/581/314 388/597/322 406/598/323 203/582/315
f 203/589/315 406/599/323 402/600/321 207/590/308
f 204/601/299 335/602/298 333/603/318 205/604/320
f 380/605/319 207/594/308 200/569/308 374/568/307
f 424/606/312 452/607/295 447/553/295 422/552/294
f 335/602/298 357/608/311 351/609/304 333/603/318
f 339/566/306 196/610/320 199/593/320 321/574/306
f 341/565/305 193/611/320 196/610/320 339/566/306
f 355/567/304 378/571/309 375/612/324 347/564/304
f 351/587/304 380/605/319 374/568/307 358/575/304
f 357/608/311 381/588/316 380/591/319 351/609/304
f 349/572/310 360/580/313 381/583/316 357/573/311
f 358/575/304 374/568/307 378/571/309 355/567/304
f 401/613/325 192/614/308 197/570/308 392/615/325
f 392/615/325 197/570/308 200/569/308 399/596/321
f 406/599/323 425/576/303 424/579/312 402/600/321
f 388/597/322 420/560/300 425/563/303 406/598/323
f 402/595/321 424/606/312 422/552/294 399/596/321
f 423/585/294 401/613/325 392/615/325 428/555/294
f 428/555/294 392/615/325 399/596/321 422/552/294
f 432/561/301 194/616/326 202/617/327 455/562/302
f 452/607/295 206/618/328 201/619/328 447/553/295
f 455/577/302 202/620/327 206/621/328 452/578/295
f 447/553/295 201/619/328 198/622/329 430/554/295
f 430/554/295 198/622/329 195/623/330 446/584/317
f 378/571/309 197/570/308 192/614/308 375/612/324
f 190/581/314 477/624/331 483/625/332 388/597/322
f 360/580/313 482/626/333 477/624/331 190/581/314
f 191/556/296 478/627/334 480/628/335 327/557/297
f 432/561/301 485/629/336 479/630/337 194/616/326
f 327/557/297 480/628/335 481/631/338 349/572/310
f 420/560/300 484/632/339 485/629/336 432/561/301
f 349/572/310 481/631/338 482/626/333 360/580/313
f 388/597/322 483/625/332 484/632/339 420/560/300
f 724/633/340 749/634/341 732/635/341 730/636/340
f 505/637/342 629/638/343 637/639/344 513/640/345
f 722/641/346 734/642/347 757/643/348 727/644/349
f 649/645/350 643/646/351 641/647/352 657/648/353
f 676/649/354 511/650/355 509/651/355 680/652/356
f 629/638/343 651/653/357 659/654/358 637/639/344
f 641/647/352 623/655/352 660/656/353 657/648/353
f 727/657/349 757/658/348 754/659/359 726/660/340
f 662/661/360 504/662/361 512/663/362 683/664/363
f 732/635/341 748/665/364 725/666/340 730/636/340
f 635/667/352 653/668/350 660/656/353 623/655/352
f 683/669/363 512/670/362 515/671/355 682/672/354
f 514/673/365 635/667/352 623/655/352 510/674/365
f 515/675/355 704/676/366 701/677/366 511/650/355
f 504/662/361 690/678/367 708/679/368 512/663/362
f 512/670/362 708/680/368 704/681/366 515/671/355
f 513/682/345 637/683/344 635/684/352 514/685/365
f 682/686/354 515/675/355 511/650/355 676/649/354
f 726/687/340 754/688/359 749/634/341 724/633/340
f 637/683/344 659/689/358 653/690/350 635/684/352
f 641/647/352 508/691/369 510/674/365 623/655/352
f 643/646/351 507/692/370 508/691/369 641/647/352
f 657/648/353 680/652/356 677/693/356 649/645/350
f 653/668/350 682/686/354 676/649/354 660/656/353
f 659/689/358 683/669/363 682/672/354 653/690/350
f 651/653/357 662/661/360 683/664/363 659/654/358
f 660/656/353 676/649/354 680/652/356 657/648/353
f 703/694/371 506/695/355 509/651/355 694/696/372
f 694/696/372 509/651/355 511/650/355 701/677/366
f 708/680/368 727/657/349 726/660/340 704/681/366
f 690/678/367 722/641/346 727/644/349 708/679/368
f 704/676/366 726/687/340 724/633/340 701/677/366
f 725/666/340 703/694/371 694/696/372 730/636/340
f 730/636/340 694/696/372 701/677/366 724/633/340
f 734/642/347 288/697/373 204/698/299 757/643/348
f 754/688/359 205/699/320 199/700/320 749/634/341
f 757/658/348 204/701/299 205/702/320 754/659/359
f 749/634/341 199/700/320 196/703/320 732/635/341
f 732/635/341 196/703/320 193/704/320 748/665/364
f 680/652/356 509/651/355 506/695/355 677/693/356
f 504/662/361 777/705/374 782/706/375 690/678/367
f 662/661/360 781/707/376 777/705/374 504/662/361
f 505/637/342 778/708/377 779/709/378 629/638/343
f 734/642/347 784/710/379 478/711/380 288/697/373
f 629/638/343 779/709/378 780/712/381 651/653/357
f 722/641/346 783/713/382 784/710/379 734/642/347
f 651/653/357 780/712/381 781/707/376 662/661/360
f 690/678/367 782/706/375 783/713/382 722/641/346
usemtl MI_PaddedWall
f 226/714/383 329/715/384 336/716/385 213/717/386
f 208/718/387 210/719/388 217/720/389 216/721/390
f 214/722/391 231/723/392 387/724/393 371/725/394
f 209/726/395 219/727/396 218/728/397 211/729/398
f 208/718/387 233/730/399 235/731/400 210/719/388
f 212/732/401 367/733/402 385/734/403 228/735/404
f 250/736/405 237/737/406 236/738/407 248/739/408
f 223/740/409 331/741/410 336/716/385 208/718/387
f 211/729/398 326/742/411 344/743/412 215/744/413
f 215/744/413 345/745/414 322/746/415
f 210/719/388 330/747/416 322/746/415 217/720/389
f 208/718/387 326/742/411 340/748/417 220/749/418
f 220/749/418 340/748/417 320/750/419
f 219/727/396 209/726/395 318/751/420 325/752/421
f 221/753/422 222/754/423 209/726/395 213/717/386
f 222/754/423 342/755/424 318/751/420 209/726/395
f 224/756/425 225/757/426 212/732/401 208/718/387
f 223/740/409 332/758/427 331/741/410
f 225/757/426 243/759/428 337/760/429 334/761/430
f 225/757/426 334/761/430 319/762/431 212/732/401
f 214/722/391 371/725/394 370/763/432 229/764/433
f 229/764/433 370/763/432 373/765/434
f 228/735/404 227/766/435 208/718/387 212/732/401
f 231/723/392 232/767/436 241/768/437
f 232/767/436 248/739/408 377/769/438 364/770/439
f 248/739/408 232/767/436 231/723/392 214/722/391
f 233/730/399 239/771/440 235/731/400
f 233/730/399 208/718/387 361/772/441 359/773/442
f 235/731/400 376/774/443 365/775/444 210/719/388
f 237/737/406 250/736/405 361/772/441 386/776/445
f 236/738/407 366/777/446 377/769/438 248/739/408
f 237/737/406 386/776/445 384/778/447 240/779/448
f 239/771/440 363/780/449 376/774/443 235/731/400
f 234/781/450 363/780/449 359/773/442
f 238/782/451 366/777/446 384/778/447
f 240/779/448 236/738/407 237/737/406
f 232/767/436 364/770/439 369/783/452 241/768/437
f 230/784/453 387/724/393 369/783/452
f 227/766/435 228/735/404 242/785/454
f 228/735/404 385/734/403 373/765/434 242/785/454
f 243/759/428 224/756/425 329/715/384 337/760/429
f 224/756/425 243/759/428 225/757/426
f 244/786/455 222/754/423 221/753/422
f 222/754/423 244/786/455 332/758/427 342/755/424
f 218/728/397 219/727/396 245/787/456
f 219/727/396 325/752/421 320/750/419 245/787/456
f 246/788/457 216/721/390 217/720/389
f 216/721/390 246/788/457 345/745/414 344/743/412
f 263/789/458 396/790/459 400/791/460 214/792/391
f 247/793/461 249/794/462 254/795/463 253/796/464
f 286/797/465 268/798/466 444/799/467 441/800/468
f 248/801/408 256/802/469 255/803/470 250/804/405
f 247/793/461 270/805/471 272/806/472 249/794/462
f 251/807/473 457/808/474 433/809/475 265/810/476
f 285/811/477 275/812/478 273/813/479 284/814/480
f 260/815/481 407/816/482 400/791/460 247/793/461
f 250/804/405 397/817/483 410/818/484 252/819/485
f 252/819/485 415/820/486 416/821/487
f 249/794/462 414/822/488 416/821/487 254/795/463
f 247/793/461 397/817/483 403/823/489 257/824/490
f 257/824/490 403/823/489 393/825/491
f 256/802/469 248/801/408 408/826/492 389/827/493
f 258/828/494 259/829/495 248/801/408 214/792/391
f 259/829/495 391/830/496 408/826/492 248/801/408
f 261/831/497 262/832/498 251/807/473 247/793/461
f 260/815/481 398/833/499 407/816/482
f 262/832/498 280/834/500 405/835/501 409/836/502
f 262/832/498 409/836/502 411/837/503 251/807/473
f 286/797/465 441/800/468 450/838/504 266/839/505
f 266/839/505 450/838/504 435/840/506
f 265/810/476 264/841/507 247/793/461 251/807/473
f 268/798/466 269/842/508 278/843/509
f 269/842/508 284/814/480 448/844/510 453/845/511
f 284/814/480 269/842/508 268/798/466 286/797/465
f 270/805/471 276/846/512 272/806/472
f 270/805/471 247/793/461 436/847/513 427/848/514
f 272/806/472 445/849/515 438/850/516 249/794/462
f 275/812/478 285/811/477 436/847/513 442/851/517
f 273/813/479 454/852/518 448/844/510 284/814/480
f 275/812/478 442/851/517 456/853/519 277/854/520
f 276/846/512 431/855/521 445/849/515 272/806/472
f 271/856/522 431/855/521 427/848/514
f 274/857/523 454/852/518 456/853/519
f 277/854/520 273/813/479 275/812/478
f 269/842/508 453/845/511 434/858/524 278/843/509
f 267/859/525 444/799/467 434/858/524
f 264/841/507 265/810/476 279/860/526
f 265/810/476 433/809/475 435/840/506 279/860/526
f 280/834/500 261/831/497 396/790/459 405/835/501
f 261/831/497 280/834/500 262/832/498
f 281/861/527 259/829/495 258/828/494
f 259/829/495 281/861/527 398/833/499 391/830/496
f 255/803/470 256/802/469 282/862/528
f 256/802/469 389/827/493 393/825/491 282/862/528
f 283/863/529 253/796/464 254/795/463
f 253/796/464 283/863/529 415/820/486 410/818/484
f 331/741/410 221/753/422 213/717/386 336/716/385
f 318/751/420 208/718/387 220/749/418 325/752/421
f 334/761/430 226/714/383 213/717/386 319/762/431
f 329/715/384 224/756/425 208/718/387 336/716/385
f 337/760/429 226/714/383 334/761/430
f 340/748/417 218/728/397 245/787/456 320/750/419
f 332/758/427 223/740/409 342/755/424
f 326/742/411 211/729/398 218/728/397 340/748/417
f 332/758/427 244/786/455 221/753/422 331/741/410
f 345/745/414 215/744/413 344/743/412
f 345/745/414 246/788/457 217/720/389 322/746/415
f 330/747/416 211/729/398 215/744/413 322/746/415
f 329/715/384 226/714/383 337/760/429
f 342/755/424 223/740/409 208/718/387 318/751/420
f 325/752/421 220/749/418 320/750/419
f 326/742/411 208/718/387 216/721/390 344/743/412
f 363/780/449 234/781/450 376/774/443
f 386/776/445 238/782/451 384/778/447
f 387/724/393 231/723/392 241/768/437 369/783/452
f 366/777/446 238/782/451 208/718/387 377/769/438
f 364/770/439 230/784/453 369/783/452
f 367/733/402 214/722/391 229/764/433 385/734/403
f 377/769/438 208/718/387 230/784/453 364/770/439
f 361/772/441 208/718/387 238/782/451 386/776/445
f 376/774/443 234/781/450 250/736/405 365/775/444
f 366/777/446 236/738/407 240/779/448 384/778/447
f 370/763/432 227/766/435 242/785/454 373/765/434
f 363/780/449 239/771/440 233/730/399 359/773/442
f 385/734/403 229/764/433 373/765/434
f 361/772/441 250/736/405 234/781/450 359/773/442
f 387/724/393 230/784/453 208/718/387 371/725/394
f 371/725/394 208/718/387 227/766/435 370/763/432
f 397/817/483 247/793/461 253/796/464 410/818/484
f 389/827/493 257/824/490 393/825/491
f 408/826/492 247/793/461 257/824/490 389/827/493
f 409/836/502 263/789/458 214/792/391 411/837/503
f 407/816/482 258/828/494 214/792/391 400/791/460
f 398/833/499 260/815/481 391/830/496
f 396/790/459 261/831/497 247/793/461 400/791/460
f 405/835/501 263/789/458 409/836/502
f 403/823/489 255/803/470 282/862/528 393/825/491
f 398/833/499 281/861/527 258/828/494 407/816/482
f 415/820/486 252/819/485 410/818/484
f 397/817/483 250/804/405 255/803/470 403/823/489
f 414/822/488 250/804/405 252/819/485 416/821/487
f 396/790/459 263/789/458 405/835/501
f 415/820/486 283/863/529 254/795/463 416/821/487
f 391/830/496 260/815/481 247/793/461 408/826/492
f 431/855/521 271/856/522 445/849/515
f 441/800/468 247/793/461 264/841/507 450/838/504
f 442/851/517 274/857/523 456/853/519
f 444/799/467 268/798/466 278/843/509 434/858/524
f 448/844/510 247/793/461 267/859/525 453/845/511
f 436/847/513 247/793/461 274/857/523 442/851/517
f 453/845/511 267/859/525 434/858/524
f 454/852/518 274/857/523 247/793/461 448/844/510
f 457/808/474 286/797/465 266/839/505 433/809/475
f 445/849/515 271/856/522 285/811/477 438/850/516
f 454/852/518 273/813/479 277/854/520 456/853/519
f 450/838/504 264/841/507 279/860/526 435/840/506
f 436/847/513 285/811/477 271/856/522 427/848/514
f 431/855/521 276/846/512 270/805/471 427/848/514
f 433/809/475 266/839/505 435/840/506
f 444/799/467 267/859/525 247/793/461 441/800/468
f 411/837/530 473/864/531 465/865/532 251/807/532
f 367/733/533 472/866/534 462/867/535 214/722/535
f 250/736/536 464/868/536 471/869/537 365/775/538
f 438/850/539 475/870/540 463/871/541 249/794/541
f 214/792/535 462/872/535 473/864/531 411/837/530
f 249/794/541 463/871/541 474/873/542 414/822/543
f 330/747/544 470/874/545 459/875/546 211/729/546
f 285/811/547 467/876/547 475/870/540 438/850/539
f 457/808/548 476/877/549 468/878/550 286/797/550
f 210/719/551 458/879/551 470/874/545 330/747/544
f 284/814/268 466/880/268 467/876/268 285/811/268
f 414/822/543 474/873/542 464/881/536 250/804/536
f 365/775/538 471/869/537 458/879/551 210/719/551
f 286/797/268 468/878/268 466/880/268 284/814/268
f 251/807/532 465/865/532 476/877/549 457/808/548
f 213/717/552 461/882/552 469/883/553 319/762/554
f 212/732/555 460/884/555 472/866/534 367/733/533
f 319/762/554 469/883/553 460/884/555 212/732/555
f 534/885/556 631/886/557 638/887/558 521/888/559
f 516/889/560 518/890/561 525/891/562 524/892/563
f 522/893/564 539/894/565 689/895/566 673/896/567
f 517/897/568 527/898/569 526/899/570 519/900/571
f 516/889/560 541/901/572 543/902/573 518/890/561
f 520/903/574 669/904/575 687/905/576 536/906/577
f 558/907/578 545/908/579 544/909/580 556/910/581
f 531/911/582 633/912/583 638/887/558 516/889/560
f 519/900/571 628/913/584 646/914/585 523/915/586
f 523/915/586 647/916/587 624/917/588
f 518/890/561 632/918/589 624/917/588 525/891/562
f 516/889/560 628/913/584 642/919/590 528/920/591
f 528/920/591 642/919/590 622/921/592
f 527/898/569 517/897/568 620/922/593 627/923/594
f 529/924/595 530/925/596 517/897/568 521/888/559
f 530/925/596 644/926/597 620/922/593 517/897/568
f 532/927/598 533/928/599 520/903/574 516/889/560
f 531/911/582 634/929/600 633/912/583
f 533/928/599 551/930/601 639/931/602 636/932/603
f 533/928/599 636/932/603 621/933/604 520/903/574
f 522/893/564 673/896/567 672/934/605 537/935/606
f 537/935/606 672/934/605 675/936/607
f 536/906/577 535/937/608 516/889/560 520/903/574
f 539/894/565 540/938/609 549/939/610
f 540/938/609 556/910/581 679/940/611 666/941/612
f 556/910/581 540/938/609 539/894/565 522/893/564
f 541/901/572 547/942/613 543/902/573
f 541/901/572 516/889/560 663/943/614 661/944/615
f 543/902/573 678/945/616 667/946/617 518/890/561
f 545/908/579 558/907/578 663/943/614 688/947/618
f 544/909/580 668/948/619 679/940/611 556/910/581
f 545/908/579 688/947/618 686/949/620 548/950/621
f 547/942/613 665/951/622 678/945/616 543/902/573
f 542/952/623 665/951/622 661/944/615
f 546/953/624 668/948/619 686/949/620
f 548/950/621 544/909/580 545/908/579
f 540/938/609 666/941/612 671/954/625 549/939/610
f 538/955/626 689/895/566 671/954/625
f 535/937/608 536/906/577 550/956/627
f 536/906/577 687/905/576 675/936/607 550/956/627
f 551/930/601 532/927/598 631/886/557 639/931/602
f 532/927/598 551/930/601 533/928/599
f 552/957/628 530/925/596 529/924/595
f 530/925/596 552/957/628 634/929/600 644/926/597
f 526/899/570 527/898/569 553/958/629
f 527/898/569 627/923/594 622/921/592 553/958/629
f 554/959/630 524/892/563 525/891/562
f 524/892/563 554/959/630 647/916/587 646/914/585
f 571/960/631 698/961/632 702/962/633 522/963/564
f 555/964/634 557/965/635 562/966/636 561/967/637
f 213/968/386 576/969/638 746/970/639 743/971/640
f 556/972/581 564/973/641 563/974/642 558/975/578
f 555/964/634 578/976/643 580/977/644 557/965/635
f 559/978/645 759/979/646 735/980/647 573/981/648
f 211/982/398 583/983/649 581/984/650 209/985/395
f 568/986/651 709/987/652 702/962/633 555/964/634
f 558/975/578 699/988/653 712/989/654 560/990/655
f 560/990/655 717/991/656 718/992/657
f 557/965/635 716/993/658 718/992/657 562/966/636
f 555/964/634 699/988/653 705/994/659 565/995/660
f 565/995/660 705/994/659 695/996/661
f 564/973/641 556/972/581 710/997/662 691/998/663
f 566/999/664 567/1000/665 556/972/581 522/963/564
f 567/1000/665 693/1001/666 710/997/662 556/972/581
f 569/1002/667 570/1003/668 559/978/645 555/964/634
f 568/986/651 700/1004/669 709/987/652
f 570/1003/668 588/1005/670 707/1006/671 711/1007/672
f 570/1003/668 711/1007/672 713/1008/673 559/978/645
f 213/968/386 743/971/640 752/1009/674 574/1010/675
f 574/1010/675 752/1009/674 737/1011/676
f 573/981/648 572/1012/677 555/964/634 559/978/645
f 576/969/638 577/1013/678 586/1014/679
f 577/1013/678 209/985/395 750/1015/680 755/1016/681
f 209/985/395 577/1013/678 576/969/638 213/968/386
f 578/976/643 584/1017/682 580/977/644
f 578/976/643 555/964/634 738/1018/683 729/1019/684
f 580/977/644 747/1020/685 740/1021/686 557/965/635
f 583/983/649 211/982/398 738/1018/683 744/1022/687
f 581/984/650 756/1023/688 750/1015/680 209/985/395
f 583/983/649 744/1022/687 758/1024/689 585/1025/690
f 584/1017/682 733/1026/691 747/1020/685 580/977/644
f 579/1027/692 733/1026/691 729/1019/684
f 582/1028/693 756/1023/688 758/1024/689
f 585/1025/690 581/984/650 583/983/649
f 577/1013/678 755/1016/681 736/1029/694 586/1014/679
f 575/1030/695 746/970/639 736/1029/694
f 572/1012/677 573/981/648 587/1031/696
f 573/981/648 735/980/647 737/1011/676 587/1031/696
f 588/1005/670 569/1002/667 698/961/632 707/1006/671
f 569/1002/667 588/1005/670 570/1003/668
f 589/1032/697 567/1000/665 566/999/664
f 567/1000/665 589/1032/697 700/1004/669 693/1001/666
f 563/974/642 564/973/641 590/1033/698
f 564/973/641 691/998/663 695/996/661 590/1033/698
f 591/1034/699 561/967/637 562/966/636
f 561/967/637 591/1034/699 717/991/656 712/989/654
f 633/912/583 529/924/595 521/888/559 638/887/558
f 620/922/593 516/889/560 528/920/591 627/923/594
f 636/932/603 534/885/556 521/888/559 621/933/604
f 631/886/557 532/927/598 516/889/560 638/887/558
f 639/931/602 534/885/556 636/932/603
f 642/919/590 526/899/570 553/958/629 622/921/592
f 634/929/600 531/911/582 644/926/597
f 628/913/584 519/900/571 526/899/570 642/919/590
f 634/929/600 552/957/628 529/924/595 633/912/583
f 647/916/587 523/915/586 646/914/585
f 647/916/587 554/959/630 525/891/562 624/917/588
f 632/918/589 519/900/571 523/915/586 624/917/588
f 631/886/557 534/885/556 639/931/602
f 644/926/597 531/911/582 516/889/560 620/922/593
f 627/923/594 528/920/591 622/921/592
f 628/913/584 516/889/560 524/892/563 646/914/585
f 665/951/622 542/952/623 678/945/616
f 688/947/618 546/953/624 686/949/620
f 689/895/566 539/894/565 549/939/610 671/954/625
f 668/948/619 546/953/624 516/889/560 679/940/611
f 666/941/612 538/955/626 671/954/625
f 669/904/575 522/893/564 537/935/606 687/905/576
f 679/940/611 516/889/560 538/955/626 666/941/612
f 663/943/614 516/889/560 546/953/624 688/947/618
f 678/945/616 542/952/623 558/907/578 667/946/617
f 668/948/619 544/909/580 548/950/621 686/949/620
f 672/934/605 535/937/608 550/956/627 675/936/607
f 665/951/622 547/942/613 541/901/572 661/944/615
f 687/905/576 537/935/606 675/936/607
f 663/943/614 558/907/578 542/952/623 661/944/615
f 689/895/566 538/955/626 516/889/560 673/896/567
f 673/896/567 516/889/560 535/937/608 672/934/605
f 699/988/653 555/964/634 561/967/637 712/989/654
f 691/998/663 565/995/660 695/996/661
f 710/997/662 555/964/634 565/995/660 691/998/663
f 711/1007/672 571/960/631 522/963/564 713/1008/673
f 709/987/652 566/999/664 522/963/564 702/962/633
f 700/1004/669 568/986/651 693/1001/666
f 698/961/632 569/1002/667 555/964/634 702/962/633
f 707/1006/671 571/960/631 711/1007/672
f 705/994/659 563/974/642 590/1033/698 695/996/661
f 700/1004/669 589/1032/697 566/999/664 709/987/652
f 717/991/656 560/990/655 712/989/654
f 699/988/653 558/975/578 563/974/642 705/994/659
f 716/993/658 558/975/578 560/990/655 718/992/657
f 698/961/632 571/960/631 707/1006/671
f 717/991/656 591/1034/699 562/966/636 718/992/657
f 693/1001/666 568/986/651 555/964/634 710/997/662
f 733/1026/691 579/1027/692 747/1020/685
f 743/971/640 555/964/634 572/1012/677 752/1009/674
f 744/1022/687 582/1028/693 758/1024/689
f 746/970/639 576/969/638 586/1014/679 736/1029/694
f 750/1015/680 555/964/634 575/1030/695 755/1016/681
f 738/1018/683 555/964/634 582/1028/693 744/1022/687
f 755/1016/681 575/1030/695 736/1029/694
f 756/1023/688 582/1028/693 555/964/634 750/1015/680
f 759/979/646 213/968/386 574/1010/675 735/980/647
f 747/1020/685 579/1027/692 211/982/398 740/1021/686
f 756/1023/688 581/984/650 585/1025/690 758/1024/689
f 752/1009/674 572/1012/677 587/1031/696 737/1011/676
f 738/1018/683 211/982/398 579/1027/692 729/1019/684
f 733/1026/691 584/1017/682 578/976/643 729/1019/684
f 735/980/647 574/1010/675 737/1011/676
f 746/970/639 575/1030/695 555/964/634 743/971/640
f 713/1008/700 773/1035/701 768/1036/702 559/978/702
f 669/904/703 772/1037/704 765/1038/705 522/893/706
f 558/907/707 767/1039/707 771/1040/708 667/946/709
f 740/1021/710 775/1041/711 766/1042/712 557/965/712
f 522/963/706 765/1043/705 773/1035/701 713/1008/700
f 557/965/712 766/1042/712 774/1044/713 716/993/714
f 632/918/715 770/1045/716 762/1046/717 519/900/717
f 211/982/546 459/1047/546 775/1041/711 740/1021/710
f 519/900/264 762/1046/264 760/1048/264 517/897/264
f 759/979/718 776/1049/719 461/1050/552 213/968/552
f 518/890/720 761/1051/720 770/1045/716 632/918/715
f 716/993/714 774/1044/713 767/1052/707 558/975/707
f 667/946/709 771/1040/708 761/1051/720 518/890/720
f 559/978/702 768/1036/702 776/1049/719 759/979/718
f 517/897/264 760/1048/264 764/1053/264 521/888/264
f 521/888/721 764/1053/721 769/1054/722 621/933/723
f 520/903/724 763/1055/724 772/1037/704 669/904/703
f 621/933/723 769/1054/722 763/1055/724 520/903/724
