# Blender v3.6.0 OBJ File: 'AllModules_Unreal.blend'
# www.blender.org
mtllib WallPadded_Straight.mtl
o WallPadded_Straight_Plane.110
v -2.200000 2.800000 0.000000
v -2.400000 2.707941 0.000000
v -2.400000 2.707941 2.000000
v -2.200000 2.800000 0.199791
v -2.400000 2.707941 0.199582
v -2.200000 2.800000 2.000000
v -2.000000 3.000000 0.200000
v -2.000000 3.000000 0.000000
v -2.000000 3.000000 2.000000
v -2.200000 2.800000 0.342520
v -2.000000 3.000000 0.342520
v -2.400000 2.707941 0.468626
v -2.400000 2.707941 -2.000000
v -2.200000 2.800000 -0.199791
v -2.400000 2.707941 -0.199582
v -2.200000 2.800000 -2.000000
v -2.000000 3.000000 -0.200000
v -2.000000 3.000000 -2.000000
v -2.200000 2.800000 -0.342520
v -2.000000 3.000000 -0.342520
v -2.400000 2.707941 -0.468626
v -2.100000 0.800000 0.000000
v -2.100000 0.800000 2.000000
v -2.000000 -0.000000 0.000000
v -2.000000 0.000000 2.000000
v -2.100000 0.800000 1.375622
v -2.000000 0.000000 1.375622
v -2.100000 0.800000 -2.000000
v -2.000000 0.000000 -2.000000
v -2.100000 0.800000 -1.375622
v -2.000000 0.000000 -1.375622
v -2.022093 0.304051 1.375622
v -2.022093 0.304051 2.000000
v -2.022093 0.304051 0.000000
v -2.022093 0.304051 -1.375622
v -2.022093 0.304051 -2.000000
v -2.100000 0.800000 1.233009
v -2.022093 0.304051 1.233009
v -2.000000 -0.000000 1.233009
v -2.100000 0.800000 0.259509
v -2.000000 -0.000000 0.259509
v -2.022093 0.304051 0.259509
v -2.036955 0.508580 2.000000
v -2.036955 0.508580 1.375622
v -2.036955 0.508579 0.000000
v -2.036955 0.508580 -1.375622
v -2.036955 0.508580 -2.000000
v -2.036955 0.508580 1.233009
v -2.036955 0.508579 0.259509
v -2.052310 0.719906 -2.000000
v -2.052311 0.719906 1.375622
v -2.052310 0.719905 0.000000
v -2.052311 0.719906 -1.375622
v -2.052311 0.719906 1.233009
v -2.052310 0.719905 0.259509
v -2.052311 0.719906 2.000000
v -2.047301 0.650958 2.000000
v -2.047301 0.650958 -2.000000
v -2.047301 0.650958 1.375622
v -2.047301 0.650958 0.000000
v -2.047301 0.650958 -1.375622
v -2.047301 0.650958 1.233009
v -2.047301 0.650958 0.259509
v -2.224081 1.832161 0.999975
v -2.224081 1.832161 2.000000
v -2.047511 0.915651 0.999975
v -2.047511 0.915651 2.000000
v -2.400650 2.748670 0.999975
v -2.400650 2.748670 2.000000
v -2.400650 2.748670 -0.000025
v -2.067395 1.018859 1.769501
v -2.189172 1.650960 1.089872
v -2.067395 1.018859 1.094944
v -2.083190 1.100848 1.908975
v -2.203948 1.727659 1.896296
v -2.207515 1.746173 1.221740
v -2.359354 2.534315 1.903902
v -2.243181 1.931306 1.914046
v -2.240124 1.915438 1.211595
v -2.259996 2.018583 1.094942
v -2.380754 2.645395 1.100014
v -2.384320 2.663908 1.805001
v -2.257448 2.005360 0.909820
v -2.382282 2.653330 0.902213
v -2.384320 2.663908 0.202297
v -2.242162 1.926017 0.788096
v -2.364449 2.560763 0.100861
v -2.244710 1.939241 0.105933
v -2.188153 1.645671 0.909820
v -2.065356 1.008280 0.197226
v -2.065356 1.008280 0.902213
v -2.207005 1.743527 0.098325
v -2.083190 1.100847 0.085645
v -2.208534 1.751462 0.803311
v -2.043060 1.246546 0.671587
v -2.103284 1.559147 0.303163
v -2.212503 2.126062 0.345401
v -2.271842 2.434071 0.716282
v -2.279202 2.472273 1.343578
v -2.218943 2.159489 1.700723
v -2.104404 1.564960 1.712170
v -2.044145 1.252176 1.327551
v -2.224081 1.832161 -1.000025
v -2.224081 1.832161 0.000000
v -2.047511 0.915651 -1.000025
v -2.047511 0.915651 0.000000
v -2.400650 2.748670 -1.000025
v -2.067395 1.018859 -0.230499
v -2.189172 1.650960 -0.910128
v -2.067395 1.018859 -0.905056
v -2.083190 1.100848 -0.091025
v -2.203948 1.727659 -0.103704
v -2.207515 1.746173 -0.778260
v -2.359354 2.534315 -0.096098
v -2.243181 1.931306 -0.085954
v -2.240124 1.915438 -0.788405
v -2.259996 2.018583 -0.905058
v -2.380754 2.645395 -0.899986
v -2.384320 2.663908 -0.194999
v -2.257448 2.005360 -1.090180
v -2.382282 2.653330 -1.097787
v -2.384320 2.663908 -1.797703
v -2.242162 1.926017 -1.211904
v -2.364449 2.560763 -1.899139
v -2.244710 1.939241 -1.894067
v -2.188153 1.645671 -1.090180
v -2.065356 1.008280 -1.802774
v -2.065356 1.008280 -1.097787
v -2.207005 1.743527 -1.901675
v -2.208534 1.751462 -1.196689
v -2.083190 1.100847 -1.914355
v -2.043060 1.246546 -1.328413
v -2.103284 1.559147 -1.696837
v -2.212503 2.126062 -1.654599
v -2.271842 2.434071 -1.283718
v -2.279202 2.472273 -0.656422
v -2.218943 2.159489 -0.299277
v -2.104404 1.564960 -0.287830
v -2.044145 1.252176 -0.672449
v -2.224081 1.832161 -2.000000
v -2.047511 0.915651 -2.000000
v -2.400650 2.748670 -2.000000
v -2.037832 0.917665 -0.001736
v -2.037832 0.917665 -2.000000
v -2.214307 1.833684 -0.001736
v -2.037832 0.917665 -1.004093
v -2.037832 0.917665 -0.988704
v -2.214307 1.833684 -2.000000
v -2.214307 1.833684 -0.996398
v -2.046581 0.963077 -0.869993
v -2.059063 1.027866 -0.940887
v -2.047006 0.965285 -0.888342
v -2.048253 0.971757 -0.905441
v -2.050237 0.982053 -0.920123
v -2.052822 0.995472 -0.931390
v -2.055832 1.011097 -0.938472
v -2.177890 1.644657 -0.940887
v -2.181660 1.664223 -0.869667
v -2.181684 1.664349 -0.938461
v -2.184365 1.678264 -0.931346
v -2.185750 1.685453 -0.920028
v -2.185745 1.685425 -0.905277
v -2.184350 1.678184 -0.888100
v -2.059120 1.028164 -0.173671
v -2.046581 0.963077 -0.195080
v -2.055875 1.011318 -0.158394
v -2.052850 0.995620 -0.150471
v -2.050254 0.982141 -0.150441
v -2.048261 0.971797 -0.158307
v -2.047008 0.965295 -0.173532
v -2.046581 0.963077 -1.797718
v -2.059120 1.028165 -1.819126
v -2.047009 0.965295 -1.819266
v -2.048261 0.971797 -1.834491
v -2.050254 0.982140 -1.842357
v -2.052851 0.995621 -1.842327
v -2.055875 1.011319 -1.834404
v -2.181660 1.664223 -1.123131
v -2.177890 1.644657 -1.051910
v -2.184350 1.678185 -1.104697
v -2.185745 1.685426 -1.087520
v -2.185750 1.685453 -1.072770
v -2.184365 1.678263 -1.061451
v -2.181684 1.664350 -1.054336
v -2.059063 1.027866 -1.051910
v -2.046581 0.963077 -1.122804
v -2.055832 1.011098 -1.054325
v -2.052822 0.995472 -1.061407
v -2.050237 0.982053 -1.072675
v -2.048253 0.971757 -1.087357
v -2.047006 0.965285 -1.104455
v -2.072663 1.098460 -0.046940
v -2.068894 1.078895 -0.118160
v -2.068869 1.078768 -0.049366
v -2.066189 1.064854 -0.056481
v -2.064804 1.057665 -0.067799
v -2.064809 1.057692 -0.082550
v -2.066204 1.064933 -0.099727
v -2.191433 1.714953 -0.814156
v -2.203973 1.780041 -0.792746
v -2.194679 1.731799 -0.829432
v -2.197703 1.747497 -0.837356
v -2.200300 1.760977 -0.837385
v -2.202293 1.771321 -0.829520
v -2.203545 1.777823 -0.814294
v -2.203972 1.780041 -0.117833
v -2.191491 1.715251 -0.046939
v -2.203547 1.777833 -0.099484
v -2.202300 1.771361 -0.082386
v -2.200317 1.761065 -0.067703
v -2.197731 1.747646 -0.056437
v -2.194721 1.732020 -0.049355
v -2.203973 1.780041 -1.200051
v -2.191433 1.714953 -1.178641
v -2.203545 1.777823 -1.178503
v -2.202293 1.771320 -1.163277
v -2.200300 1.760977 -1.155411
v -2.197703 1.747497 -1.155441
v -2.194679 1.731799 -1.163364
v -2.068894 1.078895 -1.874638
v -2.072663 1.098460 -1.945859
v -2.066204 1.064934 -1.893071
v -2.064809 1.057693 -1.910248
v -2.064804 1.057665 -1.924999
v -2.066189 1.064854 -1.936317
v -2.068870 1.078769 -1.943432
v -2.191491 1.715252 -1.945858
v -2.203973 1.780041 -1.874964
v -2.194721 1.732021 -1.943443
v -2.197732 1.747646 -1.936360
v -2.200317 1.761065 -1.925094
v -2.202301 1.771361 -1.910411
v -2.203547 1.777833 -1.893313
v -2.081144 0.909022 -2.000000
v -2.081144 0.909022 -1.004093
v -2.081144 0.909022 -0.988704
v -2.257675 1.825329 -2.000000
v -2.081144 0.909022 -0.001736
v -2.089984 0.954908 -0.869993
v -2.102461 1.019668 -0.940888
v -2.090410 0.957115 -0.888342
v -2.091655 0.963585 -0.905441
v -2.093638 0.973876 -0.920124
v -2.096222 0.987288 -0.931390
v -2.099231 1.002907 -0.938473
v -2.221235 1.636182 -0.940888
v -2.225002 1.655738 -0.869667
v -2.225027 1.655865 -0.938461
v -2.227706 1.669773 -0.931346
v -2.229090 1.676959 -0.920027
v -2.229085 1.676932 -0.905277
v -2.227690 1.669694 -0.888100
v -2.102518 1.019967 -0.173671
v -2.089984 0.954908 -0.195080
v -2.099274 1.003128 -0.158394
v -2.096251 0.987437 -0.150471
v -2.093655 0.973964 -0.150441
v -2.091663 0.963624 -0.158307
v -2.090411 0.957125 -0.173532
v -2.089984 0.954909 -1.797718
v -2.102518 1.019967 -1.819127
v -2.090411 0.957126 -1.819266
v -2.091664 0.963625 -1.834491
v -2.093655 0.973964 -1.842357
v -2.096251 0.987438 -1.842327
v -2.099274 1.003128 -1.834404
v -2.225002 1.655738 -1.123131
v -2.221235 1.636182 -1.051910
v -2.227690 1.669694 -1.104697
v -2.229085 1.676932 -1.087520
v -2.229090 1.676959 -1.072769
v -2.227706 1.669772 -1.061451
v -2.225027 1.655865 -1.054336
v -2.102460 1.019668 -1.051910
v -2.089984 0.954908 -1.122804
v -2.099231 1.002907 -1.054326
v -2.096222 0.987288 -1.061408
v -2.093638 0.973876 -1.072675
v -2.091655 0.963585 -1.087357
v -2.090409 0.957115 -1.104455
v -2.116054 1.090231 -0.046940
v -2.112287 1.070674 -0.118160
v -2.112262 1.070547 -0.049366
v -2.109583 1.056639 -0.056481
v -2.108198 1.049454 -0.067799
v -2.108204 1.049481 -0.082550
v -2.109598 1.056719 -0.099727
v -2.234771 1.706446 -0.814155
v -2.247305 1.771504 -0.792746
v -2.238015 1.723284 -0.829432
v -2.241038 1.738975 -0.837356
v -2.243634 1.752449 -0.837385
v -2.245625 1.762788 -0.829520
v -2.246878 1.769288 -0.814293
v -2.247305 1.771504 -0.117833
v -2.234828 1.706744 -0.046939
v -2.246880 1.769298 -0.099484
v -2.245633 1.762828 -0.082386
v -2.243650 1.752537 -0.067703
v -2.241066 1.739124 -0.056437
v -2.238058 1.723505 -0.049355
v -2.247305 1.771504 -1.200051
v -2.234771 1.706446 -1.178642
v -2.246878 1.769288 -1.178503
v -2.245626 1.762788 -1.163277
v -2.243634 1.752449 -1.155411
v -2.241038 1.738975 -1.155441
v -2.238015 1.723284 -1.163364
v -2.112287 1.070674 -1.874638
v -2.116055 1.090231 -1.945859
v -2.109599 1.056719 -1.893072
v -2.108204 1.049481 -1.910248
v -2.108199 1.049454 -1.924999
v -2.109583 1.056639 -1.936317
v -2.112263 1.070548 -1.943432
v -2.234829 1.706744 -1.945858
v -2.247305 1.771504 -1.874964
v -2.238058 1.723506 -1.943443
v -2.241067 1.739124 -1.936360
v -2.243651 1.752537 -1.925094
v -2.245634 1.762828 -1.910411
v -2.246880 1.769298 -1.893313
v -2.037832 0.917665 2.000000
v -2.037832 0.917665 1.000622
v -2.037832 0.917665 0.985233
v -2.214307 1.833684 2.000000
v -2.214307 1.833684 0.992927
v -2.046581 0.963078 0.866522
v -2.059063 1.027867 0.937417
v -2.047006 0.965285 0.884871
v -2.048253 0.971757 0.901969
v -2.050237 0.982053 0.916652
v -2.052822 0.995472 0.927919
v -2.055832 1.011098 0.935001
v -2.177890 1.644658 0.937416
v -2.181660 1.664223 0.866195
v -2.181684 1.664350 0.934989
v -2.184365 1.678264 0.927874
v -2.185750 1.685453 0.916556
v -2.185744 1.685426 0.901806
v -2.184349 1.678185 0.884629
v -2.059120 1.028165 0.170199
v -2.046581 0.963077 0.191609
v -2.055875 1.011318 0.154922
v -2.052850 0.995620 0.146999
v -2.050254 0.982141 0.146970
v -2.048261 0.971797 0.154835
v -2.047008 0.965295 0.170061
v -2.046581 0.963078 1.794246
v -2.059120 1.028166 1.815655
v -2.047008 0.965296 1.815794
v -2.048261 0.971798 1.831019
v -2.050253 0.982141 1.838885
v -2.052850 0.995622 1.838856
v -2.055875 1.011319 1.830932
v -2.181660 1.664223 1.119658
v -2.177890 1.644658 1.048438
v -2.184349 1.678185 1.101226
v -2.185744 1.685426 1.084048
v -2.185750 1.685453 1.069298
v -2.184365 1.678264 1.057980
v -2.181684 1.664350 1.050864
v -2.059063 1.027866 1.048438
v -2.046581 0.963078 1.119332
v -2.055832 1.011098 1.050854
v -2.052822 0.995472 1.057936
v -2.050236 0.982054 1.069203
v -2.048253 0.971757 1.083885
v -2.047006 0.965285 1.100984
v -2.072663 1.098460 0.043468
v -2.068894 1.078895 0.114688
v -2.068869 1.078768 0.045894
v -2.066189 1.064854 0.053009
v -2.064804 1.057665 0.064327
v -2.064809 1.057692 0.079078
v -2.066204 1.064933 0.096255
v -2.191433 1.714954 0.810684
v -2.203972 1.780041 0.789274
v -2.194679 1.731799 0.825961
v -2.197703 1.747497 0.833885
v -2.200300 1.760978 0.833914
v -2.202292 1.771321 0.826048
v -2.203545 1.777823 0.810822
v -2.203972 1.780041 0.114362
v -2.191491 1.715251 0.043467
v -2.203547 1.777833 0.096012
v -2.202300 1.771361 0.078914
v -2.200317 1.761065 0.064231
v -2.197731 1.747646 0.052965
v -2.194721 1.732020 0.045883
v -2.203972 1.780041 1.196579
v -2.191433 1.714954 1.175169
v -2.203545 1.777823 1.175031
v -2.202292 1.771321 1.159806
v -2.200300 1.760978 1.151939
v -2.197703 1.747498 1.151969
v -2.194678 1.731800 1.159892
v -2.068894 1.078896 1.871166
v -2.072663 1.098461 1.942387
v -2.066204 1.064934 1.889600
v -2.064809 1.057693 1.906777
v -2.064804 1.057666 1.921527
v -2.066189 1.064855 1.932845
v -2.068869 1.078770 1.939960
v -2.191491 1.715253 1.942387
v -2.203973 1.780042 1.871493
v -2.194721 1.732022 1.939971
v -2.197731 1.747647 1.932888
v -2.200317 1.761066 1.921622
v -2.202300 1.771362 1.906940
v -2.203547 1.777834 1.889841
v -2.081144 0.909022 2.000001
v -2.081144 0.909022 1.000622
v -2.081144 0.909022 0.985233
v -2.257674 1.825330 2.000000
v -2.089984 0.954909 0.866522
v -2.102460 1.019669 0.937416
v -2.090409 0.957115 0.884871
v -2.091655 0.963585 0.901970
v -2.093638 0.973876 0.916652
v -2.096222 0.987289 0.927919
v -2.099231 1.002907 0.935001
v -2.221234 1.636182 0.937416
v -2.225002 1.655739 0.866196
v -2.225026 1.655865 0.934989
v -2.227706 1.669774 0.927875
v -2.229090 1.676959 0.916556
v -2.229085 1.676932 0.901806
v -2.227690 1.669694 0.884629
v -2.102518 1.019967 0.170199
v -2.089984 0.954909 0.191609
v -2.099274 1.003128 0.154922
v -2.096251 0.987437 0.146999
v -2.093655 0.973964 0.146970
v -2.091663 0.963624 0.154835
v -2.090411 0.957125 0.170061
v -2.089984 0.954909 1.794246
v -2.102517 1.019968 1.815655
v -2.090411 0.957126 1.815794
v -2.091663 0.963626 1.831020
v -2.093655 0.973964 1.838886
v -2.096251 0.987439 1.838856
v -2.099274 1.003129 1.830933
v -2.225002 1.655739 1.119658
v -2.221234 1.636182 1.048438
v -2.227691 1.669694 1.101226
v -2.229085 1.676932 1.084048
v -2.229090 1.676959 1.069298
v -2.227706 1.669773 1.057980
v -2.225026 1.655865 1.050865
v -2.102460 1.019668 1.048438
v -2.089984 0.954909 1.119332
v -2.099231 1.002908 1.050854
v -2.096222 0.987289 1.057936
v -2.093638 0.973876 1.069203
v -2.091655 0.963585 1.083886
v -2.090409 0.957115 1.100984
v -2.116054 1.090231 0.043468
v -2.112287 1.070674 0.114688
v -2.112262 1.070547 0.045894
v -2.109583 1.056639 0.053009
v -2.108198 1.049454 0.064327
v -2.108204 1.049481 0.079078
v -2.109598 1.056719 0.096255
v -2.234771 1.706446 0.810684
v -2.247305 1.771504 0.789274
v -2.238015 1.723284 0.825961
v -2.241038 1.738975 0.833885
v -2.243634 1.752449 0.833914
v -2.245625 1.762788 0.826048
v -2.246878 1.769288 0.810822
v -2.247305 1.771504 0.114362
v -2.234828 1.706744 0.043467
v -2.246880 1.769297 0.096012
v -2.245633 1.762828 0.078914
v -2.243650 1.752537 0.064231
v -2.241066 1.739124 0.052965
v -2.238058 1.723505 0.045883
v -2.247305 1.771505 1.196579
v -2.234771 1.706446 1.175169
v -2.246878 1.769288 1.175031
v -2.245625 1.762788 1.159806
v -2.243634 1.752449 1.151939
v -2.241038 1.738976 1.151969
v -2.238015 1.723284 1.159892
v -2.112287 1.070675 1.871166
v -2.116055 1.090232 1.942388
v -2.109598 1.056720 1.889600
v -2.108204 1.049482 1.906777
v -2.108199 1.049455 1.921527
v -2.109583 1.056640 1.932846
v -2.112262 1.070549 1.939960
v -2.234828 1.706745 1.942387
v -2.247304 1.771505 1.871493
v -2.238057 1.723507 1.939971
v -2.241067 1.739125 1.932888
v -2.243650 1.752538 1.921622
v -2.245633 1.762829 1.906940
v -2.246879 1.769299 1.889841
v -2.390782 2.749704 -0.001736
v -2.390783 2.749704 -2.000000
v -2.390782 2.749704 -1.004093
v -2.390782 2.749704 -0.988704
v -2.382034 2.704292 -0.869993
v -2.369552 2.639503 -0.940887
v -2.381608 2.702084 -0.888342
v -2.380361 2.695612 -0.905441
v -2.378378 2.685316 -0.920123
v -2.375793 2.671897 -0.931390
v -2.372782 2.656272 -0.938472
v -2.250724 2.022712 -0.940887
v -2.246955 2.003146 -0.869667
v -2.246930 2.003019 -0.938461
v -2.244250 1.989105 -0.931346
v -2.242865 1.981916 -0.920028
v -2.242870 1.981943 -0.905277
v -2.244265 1.989184 -0.888100
v -2.369494 2.639205 -0.173671
v -2.382033 2.704291 -0.195080
v -2.372740 2.656050 -0.158394
v -2.375764 2.671749 -0.150471
v -2.378361 2.685228 -0.150441
v -2.380354 2.695572 -0.158307
v -2.381606 2.702074 -0.173532
v -2.382034 2.704292 -1.797718
v -2.369494 2.639204 -1.819126
v -2.381607 2.702074 -1.819266
v -2.380354 2.695572 -1.834491
v -2.378361 2.685228 -1.842357
v -2.375764 2.671747 -1.842327
v -2.372740 2.656050 -1.834404
v -2.246955 2.003146 -1.123131
v -2.250724 2.022712 -1.051910
v -2.244265 1.989184 -1.104697
v -2.242870 1.981943 -1.087520
v -2.242865 1.981916 -1.072770
v -2.244250 1.989105 -1.061451
v -2.246930 2.003019 -1.054336
v -2.369552 2.639503 -1.051910
v -2.382034 2.704292 -1.122804
v -2.372782 2.656272 -1.054325
v -2.375793 2.671897 -1.061407
v -2.378378 2.685316 -1.072675
v -2.380361 2.695612 -1.087357
v -2.381608 2.702084 -1.104455
v -2.355951 2.568909 -0.046940
v -2.359721 2.588474 -0.118160
v -2.359745 2.588601 -0.049366
v -2.362426 2.602515 -0.056481
v -2.363811 2.609703 -0.067799
v -2.363805 2.609676 -0.082550
v -2.362410 2.602435 -0.099727
v -2.237181 1.952415 -0.814156
v -2.224642 1.887329 -0.792746
v -2.233936 1.935570 -0.829432
v -2.230912 1.919872 -0.837356
v -2.228315 1.906392 -0.837385
v -2.226322 1.896048 -0.829520
v -2.225069 1.889546 -0.814294
v -2.224642 1.887329 -0.117833
v -2.237124 1.952118 -0.046939
v -2.225067 1.889536 -0.099484
v -2.226314 1.896008 -0.082386
v -2.228298 1.906304 -0.067703
v -2.230883 1.919723 -0.056437
v -2.233893 1.935348 -0.049355
v -2.224642 1.887329 -1.200051
v -2.237181 1.952415 -1.178641
v -2.225069 1.889546 -1.178503
v -2.226322 1.896048 -1.163277
v -2.228315 1.906392 -1.155411
v -2.230912 1.919872 -1.155441
v -2.233936 1.935570 -1.163364
v -2.359721 2.588474 -1.874638
v -2.355952 2.568908 -1.945859
v -2.362411 2.602435 -1.893071
v -2.363806 2.609676 -1.910248
v -2.363811 2.609703 -1.924999
v -2.362426 2.602515 -1.936317
v -2.359745 2.588600 -1.943432
v -2.237124 1.952117 -1.945858
v -2.224642 1.887328 -1.874964
v -2.233893 1.935348 -1.943443
v -2.230883 1.919722 -1.936360
v -2.228298 1.906304 -1.925094
v -2.226314 1.896008 -1.910411
v -2.225067 1.889536 -1.893313
v -2.434206 2.741637 -2.000000
v -2.434206 2.741637 -1.004093
v -2.434206 2.741637 -0.988704
v -2.434205 2.741637 -0.001736
v -2.425365 2.695750 -0.869993
v -2.412889 2.630991 -0.940888
v -2.424940 2.693544 -0.888342
v -2.423693 2.687074 -0.905441
v -2.421711 2.676783 -0.920124
v -2.419127 2.663371 -0.931390
v -2.416118 2.647752 -0.938473
v -2.294115 2.014477 -0.940888
v -2.290347 1.994921 -0.869667
v -2.290323 1.994794 -0.938461
v -2.287643 1.980886 -0.931346
v -2.286259 1.973700 -0.920027
v -2.286264 1.973727 -0.905277
v -2.287658 1.980965 -0.888100
v -2.412831 2.630693 -0.173671
v -2.425365 2.695750 -0.195080
v -2.416075 2.647531 -0.158394
v -2.419098 2.663222 -0.150471
v -2.421694 2.676695 -0.150441
v -2.423686 2.687034 -0.158307
v -2.424938 2.693534 -0.173532
v -2.425365 2.695750 -1.797718
v -2.412831 2.630692 -1.819127
v -2.424938 2.693533 -1.819266
v -2.423686 2.687034 -1.834491
v -2.421694 2.676695 -1.842357
v -2.419098 2.663221 -1.842327
v -2.416075 2.647531 -1.834404
v -2.290347 1.994921 -1.123131
v -2.294115 2.014477 -1.051910
v -2.287658 1.980965 -1.104697
v -2.286264 1.973727 -1.087520
v -2.286259 1.973700 -1.072769
v -2.287644 1.980887 -1.061451
v -2.290323 1.994794 -1.054336
v -2.412889 2.630991 -1.051910
v -2.425365 2.695750 -1.122804
v -2.416118 2.647752 -1.054326
v -2.419127 2.663371 -1.061408
v -2.421710 2.676783 -1.072675
v -2.423693 2.687074 -1.087357
v -2.424940 2.693544 -1.104455
v -2.399294 2.560429 -0.046940
v -2.403062 2.579985 -0.118160
v -2.403087 2.580112 -0.049366
v -2.405766 2.594020 -0.056481
v -2.407150 2.601205 -0.067799
v -2.407145 2.601178 -0.082550
v -2.405751 2.593940 -0.099727
v -2.280578 1.944213 -0.814155
v -2.268044 1.879155 -0.792746
v -2.277334 1.927375 -0.829432
v -2.274311 1.911684 -0.837356
v -2.271715 1.898210 -0.837385
v -2.269723 1.887871 -0.829520
v -2.268471 1.881372 -0.814293
v -2.268044 1.879155 -0.117833
v -2.280520 1.943915 -0.046939
v -2.268469 1.881361 -0.099484
v -2.269716 1.887831 -0.082386
v -2.271698 1.898123 -0.067703
v -2.274282 1.911535 -0.056437
v -2.277291 1.927154 -0.049355
v -2.268044 1.879155 -1.200051
v -2.280578 1.944213 -1.178642
v -2.268471 1.881371 -1.178503
v -2.269724 1.887871 -1.163277
v -2.271716 1.898210 -1.155411
v -2.274311 1.911684 -1.155441
v -2.277334 1.927375 -1.163364
v -2.403062 2.579985 -1.874638
v -2.399295 2.560428 -1.945859
v -2.405751 2.593940 -1.893072
v -2.407145 2.601178 -1.910248
v -2.407151 2.601205 -1.924999
v -2.405766 2.594020 -1.936317
v -2.403087 2.580111 -1.943432
v -2.280521 1.943915 -1.945858
v -2.268044 1.879155 -1.874964
v -2.277292 1.927153 -1.943443
v -2.274282 1.911535 -1.936360
v -2.271699 1.898123 -1.925094
v -2.269716 1.887831 -1.910411
v -2.268470 1.881361 -1.893313
v -2.390782 2.749703 2.000000
v -2.390782 2.749704 1.000622
v -2.390782 2.749704 0.985233
v -2.382033 2.704291 0.866522
v -2.369551 2.639502 0.937417
v -2.381608 2.702084 0.884871
v -2.380361 2.695611 0.901969
v -2.378377 2.685316 0.916652
v -2.375793 2.671897 0.927919
v -2.372782 2.656272 0.935001
v -2.250724 2.022711 0.937416
v -2.246954 2.003146 0.866195
v -2.246930 2.003019 0.934989
v -2.244249 1.989104 0.927874
v -2.242865 1.981916 0.916556
v -2.242870 1.981943 0.901806
v -2.244265 1.989184 0.884629
v -2.369494 2.639205 0.170199
v -2.382033 2.704291 0.191609
v -2.372740 2.656050 0.154922
v -2.375764 2.671748 0.146999
v -2.378361 2.685228 0.146970
v -2.380353 2.695572 0.154835
v -2.381606 2.702074 0.170061
v -2.382033 2.704291 1.794246
v -2.369494 2.639204 1.815655
v -2.381606 2.702074 1.815794
v -2.380353 2.695570 1.831019
v -2.378360 2.685227 1.838885
v -2.375763 2.671747 1.838856
v -2.372739 2.656049 1.830932
v -2.246954 2.003146 1.119658
v -2.250724 2.022711 1.048438
v -2.244265 1.989184 1.101226
v -2.242870 1.981943 1.084048
v -2.242865 1.981916 1.069298
v -2.244249 1.989105 1.057980
v -2.246930 2.003019 1.050864
v -2.369551 2.639503 1.048438
v -2.382033 2.704291 1.119332
v -2.372782 2.656271 1.050854
v -2.375792 2.671897 1.057936
v -2.378377 2.685315 1.069203
v -2.380361 2.695611 1.083885
v -2.381608 2.702084 1.100984
v -2.355951 2.568909 0.043468
v -2.359721 2.588474 0.114688
v -2.359745 2.588601 0.045894
v -2.362426 2.602515 0.053009
v -2.363811 2.609703 0.064327
v -2.363805 2.609676 0.079078
v -2.362410 2.602435 0.096255
v -2.237181 1.952415 0.810684
v -2.224642 1.887328 0.789274
v -2.233936 1.935569 0.825961
v -2.230911 1.919872 0.833885
v -2.228314 1.906391 0.833914
v -2.226322 1.896048 0.826048
v -2.225069 1.889546 0.810822
v -2.224642 1.887329 0.114362
v -2.237124 1.952118 0.043467
v -2.225067 1.889536 0.096012
v -2.226314 1.896008 0.078914
v -2.228298 1.906304 0.064231
v -2.230883 1.919723 0.052965
v -2.233893 1.935349 0.045883
v -2.224642 1.887328 1.196579
v -2.237181 1.952415 1.175169
v -2.225069 1.889545 1.175031
v -2.226322 1.896048 1.159806
v -2.228314 1.906392 1.151939
v -2.230911 1.919871 1.151969
v -2.233936 1.935569 1.159892
v -2.359720 2.588473 1.871166
v -2.355951 2.568908 1.942387
v -2.362410 2.602434 1.889600
v -2.363805 2.609675 1.906777
v -2.363810 2.609703 1.921527
v -2.362425 2.602514 1.932845
v -2.359745 2.588600 1.939960
v -2.237123 1.952116 1.942387
v -2.224642 1.887327 1.871493
v -2.233893 1.935347 1.939971
v -2.230882 1.919722 1.932888
v -2.228297 1.906303 1.921622
v -2.226314 1.896007 1.906940
v -2.225067 1.889535 1.889841
v -2.434205 2.741637 2.000001
v -2.434205 2.741637 1.000622
v -2.434205 2.741637 0.985233
v -2.425365 2.695750 0.866522
v -2.412889 2.630990 0.937416
v -2.424940 2.693543 0.884871
v -2.423693 2.687074 0.901970
v -2.421710 2.676783 0.916652
v -2.419127 2.663370 0.927919
v -2.416118 2.647752 0.935001
v -2.294114 2.014477 0.937416
v -2.290347 1.994920 0.866196
v -2.290322 1.994794 0.934989
v -2.287643 1.980886 0.927875
v -2.286259 1.973700 0.916556
v -2.286264 1.973727 0.901806
v -2.287658 1.980965 0.884629
v -2.412831 2.630693 0.170199
v -2.425365 2.695750 0.191609
v -2.416075 2.647531 0.154922
v -2.419098 2.663221 0.146999
v -2.421694 2.676695 0.146970
v -2.423686 2.687034 0.154835
v -2.424938 2.693534 0.170061
v -2.425365 2.695750 1.794246
v -2.412831 2.630692 1.815655
v -2.424937 2.693532 1.815794
v -2.423686 2.687033 1.831020
v -2.421694 2.676695 1.838886
v -2.419098 2.663220 1.838856
v -2.416075 2.647530 1.830933
v -2.290347 1.994920 1.119658
v -2.294114 2.014477 1.048438
v -2.287658 1.980965 1.101226
v -2.286264 1.973727 1.084048
v -2.286259 1.973700 1.069298
v -2.287643 1.980886 1.057980
v -2.290322 1.994794 1.050865
v -2.412889 2.630991 1.048438
v -2.425365 2.695750 1.119332
v -2.416117 2.647751 1.050854
v -2.419127 2.663370 1.057936
v -2.421710 2.676783 1.069203
v -2.423693 2.687074 1.083886
v -2.424940 2.693543 1.100984
v -2.399294 2.560429 0.043468
v -2.403062 2.579985 0.114688
v -2.403086 2.580112 0.045894
v -2.405766 2.594020 0.053009
v -2.407150 2.601205 0.064327
v -2.407145 2.601178 0.079078
v -2.405751 2.593940 0.096255
v -2.280578 1.944213 0.810684
v -2.268044 1.879155 0.789274
v -2.277334 1.927375 0.825961
v -2.274311 1.911684 0.833885
v -2.271715 1.898210 0.833914
v -2.269723 1.887871 0.826048
v -2.268471 1.881372 0.810822
v -2.268044 1.879155 0.114362
v -2.280520 1.943915 0.043467
v -2.268469 1.881362 0.096012
v -2.269716 1.887831 0.078914
v -2.271698 1.898123 0.064231
v -2.274282 1.911535 0.052965
v -2.277291 1.927154 0.045883
v -2.268044 1.879155 1.196579
v -2.280578 1.944213 1.175169
v -2.268471 1.881371 1.175031
v -2.269723 1.887871 1.159806
v -2.271715 1.898210 1.151939
v -2.274311 1.911684 1.151969
v -2.277334 1.927374 1.159892
v -2.403062 2.579984 1.871166
v -2.399294 2.560428 1.942388
v -2.405750 2.593939 1.889600
v -2.407145 2.601177 1.906777
v -2.407150 2.601204 1.921527
v -2.405766 2.594019 1.932846
v -2.403086 2.580110 1.939960
v -2.280520 1.943914 1.942387
v -2.268044 1.879154 1.871493
v -2.277291 1.927152 1.939971
v -2.274282 1.911534 1.932888
v -2.271698 1.898121 1.921622
v -2.269715 1.887830 1.906940
v -2.268469 1.881361 1.889841
v -2.100000 0.800000 0.000000
v -2.100000 0.800000 2.000000
v -2.100000 0.800000 1.960965
v -2.100000 0.800000 0.199583
v -2.100000 0.800000 0.148283
v -2.100000 0.800000 0.342235
v -2.058873 0.914492 0.148283
v -2.058873 0.914492 0.199583
v -2.058873 0.914492 0.000000
v -2.058873 0.914492 1.960965
v -2.058873 0.914492 2.000000
v -2.058873 0.914492 0.342235
v -2.064637 0.944029 0.148283
v -2.064637 0.944029 0.199583
v -2.064637 0.944029 0.000000
v -2.064637 0.944029 1.960965
v -2.064637 0.944029 2.000000
v -2.064637 0.944029 0.342235
v -2.100000 0.800000 -2.000000
v -2.100000 0.800000 -1.960965
v -2.100000 0.800000 -0.199583
v -2.100000 0.800000 -0.148283
v -2.100000 0.800000 -0.342235
v -2.058873 0.914492 -0.148283
v -2.058873 0.914492 -0.199583
v -2.058873 0.914492 -1.960965
v -2.058873 0.914492 -2.000000
v -2.058873 0.914492 -0.342235
v -2.064637 0.944029 -0.148283
v -2.064637 0.944029 -0.199583
v -2.064637 0.944029 -1.960965
v -2.064637 0.944029 -2.000000
v -2.064637 0.944029 -0.342235
vt 0.830285 0.282518
vt 0.843431 0.307802
vt 0.894221 0.284155
vt 0.861879 0.343285
vt 0.920115 0.307674
vt 0.774202 0.333822
vt 0.790267 0.304302
vt 0.823107 0.322213
vt 0.806733 0.351525
vt 0.801744 0.283213
vt 0.844415 0.282284
vt 0.355079 0.381685
vt 0.341876 0.352320
vt 0.685076 0.352320
vt 0.685076 0.381685
vt 0.830285 0.282518
vt 0.894221 0.284155
vt 0.843431 0.307802
vt 0.823107 0.322213
vt 0.790267 0.304302
vt 0.844415 0.282284
vt 0.801744 0.283213
vt 0.355079 0.381685
vt 0.685076 0.381685
vt 0.685076 0.352320
vt 0.341876 0.352320
vt 0.315657 0.712854
vt 0.315657 0.692896
vt 0.345576 0.692896
vt 0.345576 0.712854
vt 0.685076 0.692896
vt 0.685076 0.712853
vt 0.009032 0.376637
vt 0.009032 0.395612
vt 0.001760 0.395612
vt 0.001760 0.376637
vt 0.780816 0.376637
vt 0.780816 0.395612
vt 0.733533 0.395612
vt 0.733533 0.376637
vt 1.000000 0.424182
vt 1.000000 0.440179
vt 0.992739 0.440179
vt 0.992739 0.424182
vt 0.315657 0.687775
vt 0.345576 0.687775
vt 0.685076 0.687775
vt 0.009032 0.400481
vt 0.001760 0.400481
vt 0.780816 0.400481
vt 0.733533 0.400481
vt 1.000000 0.444284
vt 0.992739 0.444284
vt 0.315657 0.712854
vt 0.345576 0.712854
vt 0.345576 0.692896
vt 0.315657 0.692896
vt 0.685076 0.712853
vt 0.685076 0.692896
vt 0.009032 0.376637
vt 0.001760 0.376637
vt 0.001760 0.395612
vt 0.009032 0.395612
vt 0.733533 0.376637
vt 0.733533 0.395612
vt 1.000000 0.424182
vt 0.992739 0.424182
vt 0.992739 0.440179
vt 1.000000 0.440179
vt 0.345576 0.687775
vt 0.315657 0.687775
vt 0.685076 0.687775
vt 0.001760 0.400481
vt 0.009032 0.400481
vt 0.733533 0.400481
vt 0.992739 0.444284
vt 1.000000 0.444284
vt 1.000000 0.440793
vt 0.619224 0.440793
vt 0.619224 0.370083
vt 1.000000 0.370083
vt 0.586482 0.370083
vt 1.000000 0.440793
vt 1.000000 0.370083
vt 0.619224 0.370083
vt 0.619224 0.440793
vt 0.586482 0.370083
vt 0.177509 0.402606
vt 0.177509 0.371312
vt 0.148164 0.371312
vt 0.148164 0.402606
vt 1.090900 0.402606
vt 1.090900 0.371312
vt 1.115947 0.402606
vt 1.115947 0.371312
vt 1.140993 0.402606
vt 1.140993 0.371312
vt 1.166039 0.402606
vt 1.166039 0.371312
vt 1.191086 0.402606
vt 1.191086 0.371312
vt 1.216133 0.402606
vt 1.216133 0.371312
vt 1.241179 0.402606
vt 1.241179 0.371312
vt 2.154570 0.402607
vt 2.154570 0.371313
vt 2.183916 0.402607
vt 2.183916 0.371313
vt 2.206659 0.402607
vt 2.206659 0.371313
vt 2.225313 0.402607
vt 2.225313 0.371313
vt 2.245275 0.402607
vt 2.245276 0.371313
vt 2.270876 0.402607
vt 2.270876 0.371313
vt 2.303277 0.402607
vt 2.303277 0.371313
vt 0.028803 0.402606
vt 0.028803 0.371312
vt -1.303277 0.371311
vt -1.303277 0.402605
vt 0.061204 0.402606
vt 0.061203 0.371312
vt 0.086804 0.402606
vt 0.086803 0.371312
vt 0.106766 0.402606
vt 0.106766 0.371312
vt 0.125419 0.402606
vt 0.125419 0.371312
vt 0.493149 0.402607
vt -0.386626 0.402607
vt -0.386626 0.371311
vt 0.493149 0.371311
vt 0.506851 0.371311
vt 0.506851 0.402607
vt 1.386626 0.371311
vt 1.386626 0.402607
vt 2.273968 0.402607
vt 2.273968 0.371312
vt 2.251223 0.371312
vt 2.251223 0.402607
vt 2.232569 0.371312
vt 2.232569 0.402607
vt 2.212607 0.371312
vt 2.212607 0.402607
vt 2.187006 0.371312
vt 2.187006 0.402607
vt 2.154605 0.371312
vt 2.154605 0.402607
vt 0.822497 0.371311
vt 0.822497 0.402606
vt 0.790096 0.371311
vt 0.790095 0.402606
vt 0.764495 0.371311
vt 0.764495 0.402606
vt 0.744532 0.371311
vt 0.744532 0.402606
vt 0.725879 0.371311
vt 0.725879 0.402606
vt 0.703133 0.371311
vt 0.703133 0.402606
vt 0.673787 0.371311
vt 0.673787 0.402606
vt -0.239623 0.371311
vt -0.239623 0.402606
vt -0.264670 0.371311
vt -0.264670 0.402606
vt -0.289717 0.371311
vt -0.289717 0.402606
vt -0.314764 0.371311
vt -0.314764 0.402606
vt -0.339811 0.371311
vt -0.339810 0.402606
vt -0.364857 0.371311
vt -0.364857 0.402606
vt -0.389905 0.371311
vt -0.389905 0.402606
vt -1.303314 0.371311
vt -1.303314 0.402606
vt 2.303314 0.402607
vt 2.303314 0.371312
vt -0.115983 0.402607
vt -0.115983 0.371311
vt -0.141030 0.371311
vt -0.141030 0.402607
vt -0.166078 0.371311
vt -0.166078 0.402607
vt -0.191127 0.371311
vt -0.191127 0.402607
vt -0.216174 0.371311
vt -0.216174 0.402607
vt -0.241223 0.371311
vt -0.241223 0.402607
vt -1.154665 0.371311
vt -1.154665 0.402607
vt -1.184013 0.371311
vt -1.184013 0.402607
vt -1.206758 0.371311
vt -1.206758 0.402607
vt -1.225413 0.371311
vt -1.225413 0.402607
vt -1.245376 0.371311
vt -1.245376 0.402607
vt -1.270979 0.371311
vt -1.270979 0.402607
vt -1.303381 0.371311
vt -1.303381 0.402607
vt 2.303381 0.402607
vt 2.303381 0.371311
vt 0.971224 0.371311
vt 0.971224 0.402607
vt 0.938822 0.371311
vt 0.938822 0.402607
vt 0.913220 0.371311
vt 0.913219 0.402607
vt 0.893256 0.371311
vt 0.893256 0.402607
vt 0.874602 0.371311
vt 0.874602 0.402607
vt 0.851857 0.371311
vt 0.851857 0.402607
vt 0.822509 0.371311
vt 0.822509 0.402607
vt -0.090934 0.371311
vt -0.090934 0.402607
vt 0.296859 0.402607
vt 0.296859 0.371311
vt 0.274114 0.371311
vt 0.274114 0.402607
vt 0.255460 0.371311
vt 0.255460 0.402607
vt 0.235497 0.371311
vt 0.235497 0.402607
vt 0.209895 0.371311
vt 0.209895 0.402607
vt 0.177492 0.371311
vt 0.177492 0.402607
vt -1.154659 0.371311
vt -1.154659 0.402607
vt -1.187061 0.371311
vt -1.187061 0.402607
vt -1.212663 0.371311
vt -1.212663 0.402607
vt -1.232626 0.371311
vt -1.232626 0.402607
vt -1.251281 0.371311
vt -1.251281 0.402607
vt -1.274027 0.371311
vt -1.274027 0.402607
vt -1.303374 0.371311
vt -1.303374 0.402607
vt 2.303374 0.402607
vt 2.303374 0.371311
vt 1.389935 0.371311
vt 1.389935 0.402607
vt 1.364886 0.371311
vt 1.364886 0.402607
vt 1.339839 0.371311
vt 1.339839 0.402607
vt 1.314790 0.371311
vt 1.314790 0.402607
vt 1.289743 0.371311
vt 1.289743 0.402607
vt 1.264695 0.371311
vt 1.264695 0.402607
vt 1.239647 0.371311
vt 1.239647 0.402607
vt 0.326207 0.371311
vt 0.326207 0.402607
vt 0.177509 0.402606
vt 0.148164 0.402606
vt 0.148164 0.371312
vt 0.177509 0.371312
vt 1.090900 0.402606
vt 1.090900 0.371312
vt 1.115947 0.402606
vt 1.115947 0.371312
vt 1.140993 0.402606
vt 1.140993 0.371312
vt 1.166039 0.402606
vt 1.166039 0.371312
vt 1.191086 0.402606
vt 1.191086 0.371312
vt 1.216133 0.402606
vt 1.216133 0.371312
vt 1.241179 0.402606
vt 1.241179 0.371312
vt 2.154570 0.402607
vt 2.154570 0.371313
vt 2.183916 0.402607
vt 2.183916 0.371313
vt 2.206659 0.402607
vt 2.206659 0.371313
vt 2.225313 0.402607
vt 2.225313 0.371313
vt 2.245275 0.402607
vt 2.245276 0.371313
vt 2.270876 0.402607
vt 2.270876 0.371313
vt 2.303277 0.402607
vt 2.303277 0.371313
vt 0.028803 0.402606
vt -1.303277 0.402605
vt -1.303277 0.371311
vt 0.028803 0.371312
vt 0.061204 0.402606
vt 0.061203 0.371312
vt 0.086804 0.402606
vt 0.086803 0.371312
vt 0.106766 0.402606
vt 0.106766 0.371312
vt 0.125419 0.402606
vt 0.125419 0.371312
vt 0.493149 0.402607
vt 0.493149 0.371311
vt 0.506851 0.371311
vt 0.506851 0.402607
vt 1.386626 0.371311
vt 1.386626 0.402607
vt 0.506851 0.402607
vt 1.386626 0.402607
vt 1.386626 0.371311
vt 0.506851 0.371311
vt 2.273968 0.402607
vt 2.251223 0.402607
vt 2.251223 0.371312
vt 2.273968 0.371312
vt 2.232569 0.402607
vt 2.232569 0.371312
vt 2.212607 0.402607
vt 2.212607 0.371312
vt 2.187006 0.402607
vt 2.187006 0.371312
vt 2.154605 0.402607
vt 2.154605 0.371312
vt 0.822497 0.402606
vt 0.822497 0.371311
vt 0.790095 0.402606
vt 0.790096 0.371311
vt 0.764495 0.402606
vt 0.764495 0.371311
vt 0.744532 0.402606
vt 0.744532 0.371311
vt 0.725879 0.402606
vt 0.725879 0.371311
vt 0.703133 0.402606
vt 0.703133 0.371311
vt 0.673787 0.402606
vt 0.673787 0.371311
vt -0.239623 0.402606
vt -0.239623 0.371311
vt -0.264670 0.402606
vt -0.264670 0.371311
vt -0.289717 0.402606
vt -0.289717 0.371311
vt -0.314764 0.402606
vt -0.314764 0.371311
vt -0.339810 0.402606
vt -0.339811 0.371311
vt -0.364857 0.402606
vt -0.364857 0.371311
vt -0.389905 0.402606
vt -0.389905 0.371311
vt -1.303314 0.402606
vt -1.303314 0.371311
vt 2.303314 0.402607
vt 2.303314 0.371312
vt -0.115983 0.402607
vt -0.141030 0.402607
vt -0.141030 0.371311
vt -0.115983 0.371311
vt -0.166078 0.402607
vt -0.166078 0.371311
vt -0.191127 0.402607
vt -0.191127 0.371311
vt -0.216174 0.402607
vt -0.216174 0.371311
vt -0.241223 0.402607
vt -0.241223 0.371311
vt -1.154665 0.402607
vt -1.154665 0.371311
vt -1.184013 0.402607
vt -1.184013 0.371311
vt -1.206758 0.402607
vt -1.206758 0.371311
vt -1.225413 0.402607
vt -1.225413 0.371311
vt -1.245376 0.402607
vt -1.245376 0.371311
vt -1.270979 0.402607
vt -1.270979 0.371311
vt -1.303381 0.402607
vt -1.303381 0.371311
vt 2.303381 0.402607
vt 0.971224 0.402607
vt 0.971224 0.371311
vt 2.303381 0.371311
vt 0.938822 0.402607
vt 0.938822 0.371311
vt 0.913219 0.402607
vt 0.913220 0.371311
vt 0.893256 0.402607
vt 0.893256 0.371311
vt 0.874602 0.402607
vt 0.874602 0.371311
vt 0.851857 0.402607
vt 0.851857 0.371311
vt 0.822509 0.402607
vt 0.822509 0.371311
vt -0.090934 0.402607
vt -0.090934 0.371311
vt 0.296859 0.402607
vt 0.274114 0.402607
vt 0.274114 0.371311
vt 0.296859 0.371311
vt 0.255460 0.402607
vt 0.255460 0.371311
vt 0.235497 0.402607
vt 0.235497 0.371311
vt 0.209895 0.402607
vt 0.209895 0.371311
vt 0.177492 0.402607
vt 0.177492 0.371311
vt -1.154659 0.402607
vt -1.154659 0.371311
vt -1.187061 0.402607
vt -1.187061 0.371311
vt -1.212663 0.402607
vt -1.212663 0.371311
vt -1.232626 0.402607
vt -1.232626 0.371311
vt -1.251281 0.402607
vt -1.251281 0.371311
vt -1.274027 0.402607
vt -1.274027 0.371311
vt -1.303374 0.402607
vt -1.303374 0.371311
vt 2.303374 0.402607
vt 1.389935 0.402607
vt 1.389935 0.371311
vt 2.303374 0.371311
vt 1.364886 0.402607
vt 1.364886 0.371311
vt 1.339839 0.402607
vt 1.339839 0.371311
vt 1.314790 0.402607
vt 1.314790 0.371311
vt 1.289743 0.402607
vt 1.289743 0.371311
vt 1.264695 0.402607
vt 1.264695 0.371311
vt 1.239647 0.402607
vt 1.239647 0.371311
vt 0.326207 0.402607
vt 0.326207 0.371311
vt 0.177509 0.402606
vt 0.148164 0.402606
vt 0.148164 0.371312
vt 0.177509 0.371312
vt 1.090900 0.402606
vt 1.090900 0.371312
vt 1.115947 0.402606
vt 1.115947 0.371312
vt 1.140993 0.402606
vt 1.140993 0.371312
vt 1.166039 0.402606
vt 1.166039 0.371312
vt 1.191086 0.402606
vt 1.191086 0.371312
vt 1.216133 0.402606
vt 1.216133 0.371312
vt 1.241179 0.402606
vt 1.241179 0.371312
vt 2.154570 0.402607
vt 2.154570 0.371313
vt 2.183916 0.402607
vt 2.183916 0.371313
vt 2.206659 0.402607
vt 2.206659 0.371313
vt 2.225313 0.402607
vt 2.225313 0.371313
vt 2.245275 0.402607
vt 2.245276 0.371313
vt 2.270876 0.402607
vt 2.270876 0.371313
vt 2.303277 0.402607
vt 2.303277 0.371313
vt 0.028803 0.402606
vt -1.303277 0.402605
vt -1.303277 0.371311
vt 0.028803 0.371312
vt 0.061204 0.402606
vt 0.061203 0.371312
vt 0.086804 0.402606
vt 0.086803 0.371312
vt 0.106766 0.402606
vt 0.106766 0.371312
vt 0.125419 0.402606
vt 0.125419 0.371312
vt 0.493149 0.402607
vt 0.493149 0.371311
vt -0.386626 0.371311
vt -0.386626 0.402607
vt 0.506851 0.371311
vt 0.506851 0.402607
vt 1.386626 0.371311
vt 1.386626 0.402607
vt 2.273968 0.402607
vt 2.251223 0.402607
vt 2.251223 0.371312
vt 2.273968 0.371312
vt 2.232569 0.402607
vt 2.232569 0.371312
vt 2.212607 0.402607
vt 2.212607 0.371312
vt 2.187006 0.402607
vt 2.187006 0.371312
vt 2.154605 0.402607
vt 2.154605 0.371312
vt 0.822497 0.402606
vt 0.822497 0.371311
vt 0.790095 0.402606
vt 0.790096 0.371311
vt 0.764495 0.402606
vt 0.764495 0.371311
vt 0.744532 0.402606
vt 0.744532 0.371311
vt 0.725879 0.402606
vt 0.725879 0.371311
vt 0.703133 0.402606
vt 0.703133 0.371311
vt 0.673787 0.402606
vt 0.673787 0.371311
vt -0.239623 0.402606
vt -0.239623 0.371311
vt -0.264670 0.402606
vt -0.264670 0.371311
vt -0.289717 0.402606
vt -0.289717 0.371311
vt -0.314764 0.402606
vt -0.314764 0.371311
vt -0.339810 0.402606
vt -0.339811 0.371311
vt -0.364857 0.402606
vt -0.364857 0.371311
vt -0.389905 0.402606
vt -0.389905 0.371311
vt -1.303314 0.402606
vt -1.303314 0.371311
vt 2.303314 0.402607
vt 2.303314 0.371312
vt -0.115983 0.402607
vt -0.141030 0.402607
vt -0.141030 0.371311
vt -0.115983 0.371311
vt -0.166078 0.402607
vt -0.166078 0.371311
vt -0.191127 0.402607
vt -0.191127 0.371311
vt -0.216174 0.402607
vt -0.216174 0.371311
vt -0.241223 0.402607
vt -0.241223 0.371311
vt -1.154665 0.402607
vt -1.154665 0.371311
vt -1.184013 0.402607
vt -1.184013 0.371311
vt -1.206758 0.402607
vt -1.206758 0.371311
vt -1.225413 0.402607
vt -1.225413 0.371311
vt -1.245376 0.402607
vt -1.245376 0.371311
vt -1.270979 0.402607
vt -1.270979 0.371311
vt -1.303381 0.402607
vt -1.303381 0.371311
vt 2.303381 0.402607
vt 0.971224 0.402607
vt 0.971224 0.371311
vt 2.303381 0.371311
vt 0.938822 0.402607
vt 0.938822 0.371311
vt 0.913219 0.402607
vt 0.913220 0.371311
vt 0.893256 0.402607
vt 0.893256 0.371311
vt 0.874602 0.402607
vt 0.874602 0.371311
vt 0.851857 0.402607
vt 0.851857 0.371311
vt 0.822509 0.402607
vt 0.822509 0.371311
vt -0.090934 0.402607
vt -0.090934 0.371311
vt 0.296859 0.402607
vt 0.274114 0.402607
vt 0.274114 0.371311
vt 0.296859 0.371311
vt 0.255460 0.402607
vt 0.255460 0.371311
vt 0.235497 0.402607
vt 0.235497 0.371311
vt 0.209895 0.402607
vt 0.209895 0.371311
vt 0.177492 0.402607
vt 0.177492 0.371311
vt -1.154659 0.402607
vt -1.154659 0.371311
vt -1.187061 0.402607
vt -1.187061 0.371311
vt -1.212663 0.402607
vt -1.212663 0.371311
vt -1.232626 0.402607
vt -1.232626 0.371311
vt -1.251281 0.402607
vt -1.251281 0.371311
vt -1.274027 0.402607
vt -1.274027 0.371311
vt -1.303374 0.402607
vt -1.303374 0.371311
vt 2.303374 0.402607
vt 1.389935 0.402607
vt 1.389935 0.371311
vt 2.303374 0.371311
vt 1.364886 0.402607
vt 1.364886 0.371311
vt 1.339839 0.402607
vt 1.339839 0.371311
vt 1.314790 0.402607
vt 1.314790 0.371311
vt 1.289743 0.402607
vt 1.289743 0.371311
vt 1.264695 0.402607
vt 1.264695 0.371311
vt 1.239647 0.402607
vt 1.239647 0.371311
vt 0.326207 0.402607
vt 0.326207 0.371311
vt 0.177509 0.402606
vt 0.177509 0.371312
vt 0.148164 0.371312
vt 0.148164 0.402606
vt 1.090900 0.402606
vt 1.090900 0.371312
vt 1.115947 0.402606
vt 1.115947 0.371312
vt 1.140993 0.402606
vt 1.140993 0.371312
vt 1.166039 0.402606
vt 1.166039 0.371312
vt 1.191086 0.402606
vt 1.191086 0.371312
vt 1.216133 0.402606
vt 1.216133 0.371312
vt 1.241179 0.402606
vt 1.241179 0.371312
vt 2.154570 0.402607
vt 2.154570 0.371313
vt 2.183916 0.402607
vt 2.183916 0.371313
vt 2.206659 0.402607
vt 2.206659 0.371313
vt 2.225313 0.402607
vt 2.225313 0.371313
vt 2.245275 0.402607
vt 2.245276 0.371313
vt 2.270876 0.402607
vt 2.270876 0.371313
vt 2.303277 0.402607
vt 2.303277 0.371313
vt 0.028803 0.402606
vt 0.028803 0.371312
vt -1.303277 0.371311
vt -1.303277 0.402605
vt 0.061204 0.402606
vt 0.061203 0.371312
vt 0.086804 0.402606
vt 0.086803 0.371312
vt 0.106766 0.402606
vt 0.106766 0.371312
vt 0.125419 0.402606
vt 0.125419 0.371312
vt 0.493149 0.402607
vt 0.493149 0.371311
vt 0.506851 0.371311
vt 0.506851 0.402607
vt 1.386626 0.371311
vt 1.386626 0.402607
vt 1.386626 0.371311
vt 1.386626 0.402607
vt 2.273968 0.402607
vt 2.273968 0.371312
vt 2.251223 0.371312
vt 2.251223 0.402607
vt 2.232569 0.371312
vt 2.232569 0.402607
vt 2.212607 0.371312
vt 2.212607 0.402607
vt 2.187006 0.371312
vt 2.187006 0.402607
vt 2.154605 0.371312
vt 2.154605 0.402607
vt 0.822497 0.371311
vt 0.822497 0.402606
vt 0.790096 0.371311
vt 0.790095 0.402606
vt 0.764495 0.371311
vt 0.764495 0.402606
vt 0.744532 0.371311
vt 0.744532 0.402606
vt 0.725879 0.371311
vt 0.725879 0.402606
vt 0.703133 0.371311
vt 0.703133 0.402606
vt 0.673787 0.371311
vt 0.673787 0.402606
vt -0.239623 0.371311
vt -0.239623 0.402606
vt -0.264670 0.371311
vt -0.264670 0.402606
vt -0.289717 0.371311
vt -0.289717 0.402606
vt -0.314764 0.371311
vt -0.314764 0.402606
vt -0.339811 0.371311
vt -0.339810 0.402606
vt -0.364857 0.371311
vt -0.364857 0.402606
vt -0.389905 0.371311
vt -0.389905 0.402606
vt -1.303314 0.371311
vt -1.303314 0.402606
vt 2.303314 0.402607
vt 2.303314 0.371312
vt -0.115983 0.402607
vt -0.115983 0.371311
vt -0.141030 0.371311
vt -0.141030 0.402607
vt -0.166078 0.371311
vt -0.166078 0.402607
vt -0.191127 0.371311
vt -0.191127 0.402607
vt -0.216174 0.371311
vt -0.216174 0.402607
vt -0.241223 0.371311
vt -0.241223 0.402607
vt -1.154665 0.371311
vt -1.154665 0.402607
vt -1.184013 0.371311
vt -1.184013 0.402607
vt -1.206758 0.371311
vt -1.206758 0.402607
vt -1.225413 0.371311
vt -1.225413 0.402607
vt -1.245376 0.371311
vt -1.245376 0.402607
vt -1.270979 0.371311
vt -1.270979 0.402607
vt -1.303381 0.371311
vt -1.303381 0.402607
vt 2.303381 0.402607
vt 2.303381 0.371311
vt 0.971224 0.371311
vt 0.971224 0.402607
vt 0.938822 0.371311
vt 0.938822 0.402607
vt 0.913220 0.371311
vt 0.913219 0.402607
vt 0.893256 0.371311
vt 0.893256 0.402607
vt 0.874602 0.371311
vt 0.874602 0.402607
vt 0.851857 0.371311
vt 0.851857 0.402607
vt 0.822509 0.371311
vt 0.822509 0.402607
vt -0.090934 0.371311
vt -0.090934 0.402607
vt 0.296859 0.402607
vt 0.296859 0.371311
vt 0.274114 0.371311
vt 0.274114 0.402607
vt 0.255460 0.371311
vt 0.255460 0.402607
vt 0.235497 0.371311
vt 0.235497 0.402607
vt 0.209895 0.371311
vt 0.209895 0.402607
vt 0.177492 0.371311
vt 0.177492 0.402607
vt -1.154659 0.371311
vt -1.154659 0.402607
vt -1.187061 0.371311
vt -1.187061 0.402607
vt -1.212663 0.371311
vt -1.212663 0.402607
vt -1.232626 0.371311
vt -1.232626 0.402607
vt -1.251281 0.371311
vt -1.251281 0.402607
vt -1.274027 0.371311
vt -1.274027 0.402607
vt -1.303374 0.371311
vt -1.303374 0.402607
vt 2.303374 0.402607
vt 2.303374 0.371311
vt 1.389935 0.371311
vt 1.389935 0.402607
vt 1.364886 0.371311
vt 1.364886 0.402607
vt 1.339839 0.371311
vt 1.339839 0.402607
vt 1.314790 0.371311
vt 1.314790 0.402607
vt 1.289743 0.371311
vt 1.289743 0.402607
vt 1.264695 0.371311
vt 1.264695 0.402607
vt 1.239647 0.371311
vt 1.239647 0.402607
vt 0.326207 0.371311
vt 0.326207 0.402607
vt 0.846616 0.928508
vt 0.846616 0.902538
vt 1.000000 0.902538
vt 1.000000 0.928508
vt 0.000000 0.928508
vt 0.000000 0.902538
vt 0.158805 0.902538
vt 0.158805 0.928508
vt 0.846616 0.795474
vt 0.846616 0.717195
vt 1.000000 0.717195
vt 1.000000 0.795474
vt 0.158805 0.795474
vt 0.000000 0.795474
vt -0.000000 0.717195
vt 0.158805 0.717195
vt 0.437833 0.928508
vt 0.437833 0.902538
vt 0.502710 0.902538
vt 0.502710 0.928508
vt 0.194458 0.902538
vt 0.194458 0.928508
vt 0.158804 0.848131
vt 0.000000 0.848131
vt 0.502710 0.795474
vt 0.502710 0.717195
vt 0.846616 0.848131
vt 1.000000 0.848131
vt 0.437833 0.717195
vt 0.437833 0.795474
vt 0.194458 0.884787
vt 0.194458 0.848131
vt 0.437833 0.848131
vt 0.437833 0.884787
vt 0.194458 0.717195
vt 0.194458 0.795474
vt 0.158805 0.884787
vt 0.846616 0.884787
vt 1.000000 0.884787
vt 0.502710 0.848131
vt 0.502710 0.884787
vt 0.000000 0.884787
vt 0.491888 0.296278
vt 0.491888 0.272406
vt 0.618184 0.272406
vt 0.618184 0.296278
vt 0.308267 0.296278
vt 0.308267 0.272406
vt 0.365591 0.272406
vt 0.365591 0.296278
vt 0.468062 0.296278
vt 0.468062 0.272406
vt 0.675509 0.272406
vt 0.675509 0.296278
vt 0.378685 0.272406
vt 0.378685 0.296278
vt 0.097487 0.953758
vt -0.000013 1.000000
vt 0.500000 0.500000
vt 0.452516 0.601702
vt 0.455051 0.401146
vt 0.452515 0.056305
vt 0.500000 -0.000000
vt 1.000000 1.000000
vt 0.605939 0.551203
vt 0.949557 0.897487
vt -0.000013 0.500000
vt -0.000013 -0.000000
vt 0.045500 0.101034
vt 0.051840 0.442989
vt 0.548881 0.050533
vt 0.545077 0.398261
vt 0.500000 1.000000
vt 0.548881 0.947987
vt 0.898839 0.953758
vt 1.000000 -0.000000
vt 1.000000 0.500000
vt 0.950825 0.451646
vt 0.957165 0.101033
vt 0.394190 0.545432
vt 0.048036 0.883059
vt 0.115237 0.056305
vt 0.336212 0.176679
vt 0.389117 0.453089
vt 0.143902 0.347318
vt 0.042964 0.554089
vt 0.449980 0.943658
vt 0.149626 0.671662
vt 0.328198 0.842301
vt 0.545078 0.594488
vt 0.641846 0.821459
vt 0.827287 0.653426
vt 0.947021 0.558417
vt 0.664194 0.173608
vt 0.901375 0.050533
vt 0.598332 0.455975
vt 0.848406 0.344146
vt 0.097487 0.953758
vt -0.000013 1.000000
vt 0.500000 0.500000
vt 0.452516 0.601702
vt 0.455051 0.401146
vt 0.452515 0.056305
vt 0.500000 -0.000000
vt 1.000000 1.000000
vt 0.605939 0.551203
vt 0.949557 0.897487
vt -0.000013 0.500000
vt -0.000013 -0.000000
vt 0.045500 0.101034
vt 0.051840 0.442989
vt 0.548881 0.050533
vt 0.545077 0.398261
vt 0.500000 1.000000
vt 0.548881 0.947987
vt 0.898839 0.953758
vt 1.000000 -0.000000
vt 1.000000 0.500000
vt 0.950825 0.451646
vt 0.957165 0.101033
vt 0.394190 0.545432
vt 0.048036 0.883059
vt 0.115237 0.056305
vt 0.336212 0.176679
vt 0.389117 0.453089
vt 0.143902 0.347318
vt 0.042964 0.554089
vt 0.449980 0.943658
vt 0.149626 0.671662
vt 0.328198 0.842301
vt 0.545078 0.594488
vt 0.641846 0.821459
vt 0.827287 0.653426
vt 0.947021 0.558417
vt 0.664194 0.173608
vt 0.901375 0.050533
vt 0.598332 0.455975
vt 0.848406 0.344146
vt -0.386626 0.402607
vt 1.901396 0.371311
vt 0.496184 0.399526
vt -0.386626 0.371311
vt 0.006225 0.006225
vt 0.092035 0.064509
vt 0.437158 0.409632
vt 0.495654 0.500000
vt 0.437158 0.590368
vt 0.092035 0.935491
vt 0.006225 0.993775
vt 0.495654 0.993775
vt 0.472474 0.935653
vt 0.472474 0.600985
vt 0.102651 0.970807
vt 0.437320 0.970807
vt 0.006225 0.503816
vt 0.029193 0.562680
vt 0.029193 0.897349
vt 0.064509 0.907965
vt 0.409632 0.562842
vt 0.399015 0.527526
vt 0.064347 0.527526
vt 0.409632 0.437158
vt 0.064509 0.092035
vt 0.006225 0.496184
vt 0.064347 0.472474
vt 0.399015 0.472474
vt 0.029193 0.102651
vt 0.029193 0.437320
vt 0.472474 0.399016
vt 0.472474 0.064347
vt 0.495654 0.006225
vt 0.437320 0.029193
vt 0.102651 0.029193
vt 0.030391 0.553582
vt 0.033903 0.545103
vt 0.039489 0.537823
vt 0.046770 0.532236
vt 0.055249 0.528724
vt 0.409700 0.528729
vt 0.417250 0.532258
vt 0.421151 0.537870
vt 0.421136 0.545184
vt 0.417207 0.553702
vt 0.055369 0.915540
vt 0.046851 0.919469
vt 0.039537 0.919484
vt 0.033924 0.915583
vt 0.030396 0.908033
vt 0.030396 0.091967
vt 0.033924 0.084417
vt 0.039537 0.080516
vt 0.046851 0.080531
vt 0.055369 0.084460
vt 0.417207 0.446298
vt 0.421136 0.454816
vt 0.421151 0.462130
vt 0.417250 0.467742
vt 0.409700 0.471271
vt 0.055249 0.471276
vt 0.046770 0.467764
vt 0.039489 0.462178
vt 0.033903 0.454897
vt 0.030391 0.446418
vt 0.091966 0.969604
vt 0.084417 0.966076
vt 0.080516 0.960463
vt 0.080531 0.953149
vt 0.084460 0.944631
vt 0.446298 0.582793
vt 0.454816 0.578864
vt 0.462130 0.578850
vt 0.467742 0.582750
vt 0.471270 0.590300
vt 0.471276 0.944752
vt 0.467764 0.953230
vt 0.462177 0.960511
vt 0.454897 0.966097
vt 0.446418 0.969609
vt 0.471270 0.409700
vt 0.467742 0.417250
vt 0.462130 0.421151
vt 0.454816 0.421136
vt 0.446298 0.417207
vt 0.084460 0.055369
vt 0.080531 0.046851
vt 0.080516 0.039537
vt 0.084417 0.033925
vt 0.091966 0.030396
vt 0.446418 0.030391
vt 0.454897 0.033903
vt 0.462177 0.039490
vt 0.467764 0.046770
vt 0.471276 0.055249
vt 0.006225 0.006225
vt 0.495654 0.500000
vt 0.437158 0.409632
vt 0.092035 0.064509
vt 0.092035 0.935491
vt 0.437158 0.590368
vt 0.472474 0.600985
vt 0.472474 0.935653
vt 0.437320 0.970807
vt 0.102651 0.970807
vt 0.006225 0.503816
vt 0.029193 0.897349
vt 0.029193 0.562680
vt 0.409632 0.562842
vt 0.064509 0.907965
vt 0.064347 0.527526
vt 0.399015 0.527526
vt 0.064509 0.092035
vt 0.409632 0.437158
vt 0.006225 0.496184
vt 0.399015 0.472474
vt 0.064347 0.472474
vt 0.029193 0.437320
vt 0.029193 0.102651
vt 0.495654 0.006225
vt 0.472474 0.064347
vt 0.472474 0.399016
vt 0.102651 0.029193
vt 0.437320 0.029193
vt 0.030391 0.553582
vt 0.033903 0.545103
vt 0.039489 0.537823
vt 0.046770 0.532236
vt 0.055249 0.528724
vt 0.409700 0.528729
vt 0.417250 0.532258
vt 0.421151 0.537870
vt 0.421136 0.545184
vt 0.417207 0.553702
vt 0.055369 0.915540
vt 0.046851 0.919469
vt 0.039537 0.919484
vt 0.033924 0.915583
vt 0.030396 0.908033
vt 0.030396 0.091967
vt 0.033924 0.084417
vt 0.039537 0.080516
vt 0.046851 0.080531
vt 0.055369 0.084460
vt 0.417207 0.446298
vt 0.421136 0.454816
vt 0.421151 0.462130
vt 0.417250 0.467742
vt 0.409700 0.471271
vt 0.055249 0.471276
vt 0.046770 0.467764
vt 0.039489 0.462178
vt 0.033903 0.454897
vt 0.030391 0.446418
vt 0.091966 0.969604
vt 0.084417 0.966076
vt 0.080516 0.960463
vt 0.080531 0.953149
vt 0.084460 0.944631
vt 0.446298 0.582793
vt 0.454816 0.578864
vt 0.462130 0.578850
vt 0.467742 0.582750
vt 0.471270 0.590300
vt 0.471276 0.944752
vt 0.467764 0.953230
vt 0.462177 0.960511
vt 0.454897 0.966097
vt 0.446418 0.969609
vt 0.471270 0.409700
vt 0.467742 0.417250
vt 0.462130 0.421151
vt 0.454816 0.421136
vt 0.446298 0.417207
vt 0.084460 0.055369
vt 0.080531 0.046851
vt 0.080516 0.039537
vt 0.084417 0.033925
vt 0.091966 0.030396
vt 0.446418 0.030391
vt 0.454897 0.033903
vt 0.462177 0.039490
vt 0.467764 0.046770
vt 0.471276 0.055249
vt -0.386626 0.402607
vt -0.386626 0.371311
vt 0.006225 0.006225
vt 0.437158 0.409632
vt 0.092035 0.064509
vt 0.006225 0.993775
vt 0.092035 0.935491
vt 0.437158 0.590368
vt 0.472474 0.600985
vt 0.472474 0.935653
vt 0.437320 0.970807
vt 0.102651 0.970807
vt 0.006225 0.503816
vt 0.029193 0.897349
vt 0.029193 0.562680
vt 0.409632 0.562842
vt 0.064509 0.907965
vt 0.064347 0.527526
vt 0.399015 0.527526
vt 0.064509 0.092035
vt 0.409632 0.437158
vt 0.006225 0.496184
vt 0.399015 0.472474
vt 0.064347 0.472474
vt 0.029193 0.437320
vt 0.029193 0.102651
vt 0.472474 0.064347
vt 0.472474 0.399016
vt 0.102651 0.029193
vt 0.437320 0.029193
vt 0.030391 0.553582
vt 0.033903 0.545103
vt 0.039489 0.537823
vt 0.046770 0.532236
vt 0.055249 0.528724
vt 0.409700 0.528729
vt 0.417250 0.532258
vt 0.421151 0.537870
vt 0.421136 0.545184
vt 0.417207 0.553702
vt 0.055369 0.915540
vt 0.046851 0.919469
vt 0.039537 0.919484
vt 0.033924 0.915583
vt 0.030396 0.908033
vt 0.030396 0.091967
vt 0.033924 0.084417
vt 0.039537 0.080516
vt 0.046851 0.080531
vt 0.055369 0.084460
vt 0.417207 0.446298
vt 0.421136 0.454816
vt 0.421151 0.462130
vt 0.417250 0.467742
vt 0.409700 0.471271
vt 0.055249 0.471276
vt 0.046770 0.467764
vt 0.039489 0.462178
vt 0.033903 0.454897
vt 0.030391 0.446418
vt 0.091966 0.969604
vt 0.084417 0.966076
vt 0.080516 0.960463
vt 0.080531 0.953149
vt 0.084460 0.944631
vt 0.446298 0.582793
vt 0.454816 0.578864
vt 0.462130 0.578850
vt 0.467742 0.582750
vt 0.471270 0.590300
vt 0.471276 0.944752
vt 0.467764 0.953230
vt 0.462177 0.960511
vt 0.454897 0.966097
vt 0.446418 0.969609
vt 0.471270 0.409700
vt 0.467742 0.417250
vt 0.462130 0.421151
vt 0.454816 0.421136
vt 0.446298 0.417207
vt 0.084460 0.055369
vt 0.080531 0.046851
vt 0.080516 0.039537
vt 0.084417 0.033925
vt 0.091966 0.030396
vt 0.446418 0.030391
vt 0.454897 0.033903
vt 0.462177 0.039490
vt 0.467764 0.046770
vt 0.471276 0.055249
vt 0.006225 0.006225
vt 0.092035 0.064509
vt 0.437158 0.409632
vt 0.437158 0.590368
vt 0.092035 0.935491
vt 0.472474 0.935653
vt 0.472474 0.600985
vt 0.102651 0.970807
vt 0.437320 0.970807
vt 0.006225 0.503816
vt 0.029193 0.562680
vt 0.029193 0.897349
vt 0.064509 0.907965
vt 0.409632 0.562842
vt 0.399015 0.527526
vt 0.064347 0.527526
vt 0.409632 0.437158
vt 0.064509 0.092035
vt 0.006225 0.496184
vt 0.064347 0.472474
vt 0.399015 0.472474
vt 0.029193 0.102651
vt 0.029193 0.437320
vt 0.472474 0.399016
vt 0.472474 0.064347
vt 0.437320 0.029193
vt 0.102651 0.029193
vt 0.030391 0.553582
vt 0.033903 0.545103
vt 0.039489 0.537823
vt 0.046770 0.532236
vt 0.055249 0.528724
vt 0.409700 0.528729
vt 0.417250 0.532258
vt 0.421151 0.537870
vt 0.421136 0.545184
vt 0.417207 0.553702
vt 0.055369 0.915540
vt 0.046851 0.919469
vt 0.039537 0.919484
vt 0.033924 0.915583
vt 0.030396 0.908033
vt 0.030396 0.091967
vt 0.033924 0.084417
vt 0.039537 0.080516
vt 0.046851 0.080531
vt 0.055369 0.084460
vt 0.417207 0.446298
vt 0.421136 0.454816
vt 0.421151 0.462130
vt 0.417250 0.467742
vt 0.409700 0.471271
vt 0.055249 0.471276
vt 0.046770 0.467764
vt 0.039489 0.462178
vt 0.033903 0.454897
vt 0.030391 0.446418
vt 0.091966 0.969604
vt 0.084417 0.966076
vt 0.080516 0.960463
vt 0.080531 0.953149
vt 0.084460 0.944631
vt 0.446298 0.582793
vt 0.454816 0.578864
vt 0.462130 0.578850
vt 0.467742 0.582750
vt 0.471270 0.590300
vt 0.471276 0.944752
vt 0.467764 0.953230
vt 0.462177 0.960511
vt 0.454897 0.966097
vt 0.446418 0.969609
vt 0.471270 0.409700
vt 0.467742 0.417250
vt 0.462130 0.421151
vt 0.454816 0.421136
vt 0.446298 0.417207
vt 0.084460 0.055369
vt 0.080531 0.046851
vt 0.080516 0.039537
vt 0.084417 0.033925
vt 0.091966 0.030396
vt 0.446418 0.030391
vt 0.454897 0.033903
vt 0.462177 0.039490
vt 0.467764 0.046770
vt 0.471276 0.055249
vn 0.5715 -0.8206 0.0000
vn 0.7071 -0.7071 0.0000
vn 0.4181 -0.9084 0.0000
vn 0.9411 -0.3381 0.0000
vn 0.9971 -0.0760 0.0000
vn 0.9815 0.1915 0.0000
vn -0.1847 0.9814 0.0522
vn -0.1789 0.9504 0.2544
vn -0.1789 0.9504 0.2546
vn -0.1846 0.9809 -0.0609
vn -0.1795 0.9534 -0.2425
vn -0.1795 0.9534 -0.2424
vn -0.1629 0.8652 -0.4742
vn -0.1629 0.8653 -0.4740
vn -0.1354 0.7185 -0.6823
vn -0.1354 0.7188 -0.6819
vn -0.0975 0.5169 -0.8505
vn -0.0975 0.5174 -0.8502
vn -0.0511 0.2710 -0.9612
vn -0.0512 0.2716 -0.9611
vn -0.0130 0.0688 -0.9975
vn -0.0131 0.0692 -0.9975
vn 0.0115 -0.0590 -0.9982
vn 0.0116 -0.0592 -0.9982
vn 0.0554 -0.2831 -0.9575
vn 0.0555 -0.2837 -0.9573
vn 0.1283 -0.6549 -0.7447
vn 0.1284 -0.6555 -0.7442
vn 0.1845 -0.9414 -0.2824
vn 0.1845 -0.9415 -0.2820
vn 0.1883 -0.9610 0.2023
vn 0.1883 -0.9611 0.2022
vn 0.1657 -0.8461 0.5067
vn 0.1658 -0.8462 0.5064
vn 0.1454 -0.7488 0.6467
vn 0.1454 -0.7489 0.6466
vn 0.1310 -0.6871 0.7147
vn 0.1310 -0.6870 0.7148
vn 0.1038 -0.5501 0.8286
vn 0.1037 -0.5497 0.8289
vn 0.0426 -0.2257 0.9733
vn 0.0424 -0.2246 0.9735
vn -0.0580 0.3081 0.9496
vn -0.0583 0.3096 0.9491
vn -0.1450 0.7702 0.6211
vn -0.1451 0.7707 0.6204
vn 0.1957 -0.9807 -0.0000
vn 0.1869 -0.9488 -0.2546
vn 0.1869 -0.9489 -0.2544
vn 0.1515 -0.7695 -0.6204
vn 0.1514 -0.7690 -0.6211
vn 0.0608 -0.3091 -0.9491
vn 0.0606 -0.3076 -0.9496
vn -0.0441 0.2243 -0.9735
vn -0.0443 0.2254 -0.9733
vn -0.1078 0.5489 -0.8289
vn -0.1079 0.5494 -0.8286
vn -0.1335 0.6865 -0.7148
vn -0.1336 0.6866 -0.7147
vn -0.1432 0.7493 -0.6466
vn -0.1431 0.7492 -0.6467
vn -0.1604 0.8472 -0.5064
vn -0.1604 0.8471 -0.5067
vn -0.1821 0.9623 -0.2022
vn -0.1821 0.9622 -0.2023
vn -0.1784 0.9427 0.2820
vn -0.1784 0.9426 0.2823
vn -0.1243 0.6563 0.7442
vn -0.1241 0.6557 0.7447
vn -0.0538 0.2840 0.9573
vn -0.0537 0.2834 0.9575
vn -0.0112 0.0593 0.9982
vn -0.0112 0.0590 0.9982
vn 0.0136 -0.0691 0.9975
vn 0.0135 -0.0688 0.9975
vn 0.0533 -0.2712 0.9610
vn 0.0532 -0.2706 0.9612
vn 0.1016 -0.5166 0.8502
vn 0.1015 -0.5162 0.8505
vn 0.1412 -0.7176 0.6819
vn 0.1412 -0.7173 0.6823
vn 0.1701 -0.8639 0.4740
vn 0.1701 -0.8638 0.4743
vn 0.1875 -0.9519 0.2424
vn 0.1875 -0.9519 0.2425
vn 0.1929 -0.9793 0.0609
vn 0.1930 -0.9798 -0.0522
vn -0.1795 0.9534 0.2425
vn -0.1795 0.9534 0.2424
vn -0.1629 0.8653 0.4740
vn -0.1629 0.8652 0.4742
vn -0.1354 0.7188 0.6819
vn -0.1354 0.7185 0.6823
vn -0.0976 0.5174 0.8502
vn -0.0975 0.5169 0.8505
vn -0.0512 0.2716 0.9611
vn -0.0511 0.2710 0.9612
vn -0.0131 0.0691 0.9975
vn -0.0130 0.0688 0.9975
vn 0.0116 -0.0592 0.9982
vn 0.0115 -0.0590 0.9982
vn 0.0555 -0.2837 0.9573
vn 0.0554 -0.2831 0.9575
vn 0.1284 -0.6555 0.7442
vn 0.1283 -0.6549 0.7447
vn 0.1845 -0.9415 0.2820
vn 0.1845 -0.9414 0.2823
vn 0.1883 -0.9611 -0.2022
vn 0.1883 -0.9610 -0.2023
vn 0.1658 -0.8462 -0.5064
vn 0.1657 -0.8461 -0.5066
vn 0.1454 -0.7489 -0.6466
vn 0.1454 -0.7488 -0.6467
vn 0.1310 -0.6869 -0.7148
vn 0.1310 -0.6871 -0.7147
vn 0.1038 -0.5497 -0.8289
vn 0.1038 -0.5501 -0.8286
vn 0.0424 -0.2246 -0.9735
vn 0.0426 -0.2257 -0.9733
vn -0.0583 0.3096 -0.9491
vn -0.0580 0.3081 -0.9496
vn -0.1451 0.7707 -0.6204
vn -0.1450 0.7702 -0.6211
vn -0.1789 0.9504 -0.2543
vn -0.1789 0.9504 -0.2546
vn -0.1847 0.9814 -0.0522
vn -0.1846 0.9809 0.0609
vn -0.0537 0.2834 -0.9575
vn -0.0538 0.2840 -0.9573
vn -0.1242 0.6563 -0.7442
vn -0.1241 0.6557 -0.7447
vn -0.1784 0.9427 -0.2820
vn -0.1784 0.9426 -0.2824
vn -0.1821 0.9623 0.2022
vn -0.1821 0.9622 0.2023
vn -0.1604 0.8472 0.5064
vn -0.1604 0.8471 0.5067
vn -0.1432 0.7493 0.6466
vn -0.1431 0.7492 0.6467
vn -0.1336 0.6865 0.7148
vn -0.1336 0.6866 0.7147
vn -0.1078 0.5489 0.8289
vn -0.1079 0.5494 0.8286
vn -0.0441 0.2243 0.9735
vn -0.0443 0.2254 0.9733
vn 0.0608 -0.3090 0.9491
vn 0.0606 -0.3076 0.9496
vn 0.1515 -0.7695 0.6204
vn 0.1514 -0.7690 0.6211
vn 0.1869 -0.9489 0.2543
vn 0.1869 -0.9488 0.2545
vn 0.1930 -0.9798 0.0522
vn 0.1929 -0.9793 -0.0609
vn 0.1875 -0.9519 -0.2424
vn 0.1875 -0.9519 -0.2425
vn 0.1701 -0.8639 -0.4740
vn 0.1701 -0.8638 -0.4742
vn 0.1412 -0.7177 -0.6819
vn 0.1412 -0.7174 -0.6823
vn 0.1016 -0.5166 -0.8502
vn 0.1015 -0.5161 -0.8505
vn 0.0533 -0.2712 -0.9611
vn 0.0532 -0.2706 -0.9612
vn 0.0136 -0.0690 -0.9975
vn 0.0135 -0.0687 -0.9975
vn -0.0112 0.0592 -0.9982
vn -0.0112 0.0590 -0.9982
vn -0.1789 0.9504 -0.2544
vn -0.0975 0.5174 0.8502
vn -0.0131 0.0692 0.9975
vn 0.1845 -0.9414 0.2824
vn 0.1845 -0.9415 0.2821
vn 0.1657 -0.8461 -0.5067
vn 0.1310 -0.6870 -0.7148
vn 0.1037 -0.5497 -0.8289
vn 0.0000 0.0000 1.0000
vn 0.1869 -0.9488 0.2546
vn 0.1869 -0.9489 0.2544
vn 0.0609 -0.3091 0.9491
vn -0.1079 0.5493 0.8286
vn -0.1335 0.6865 0.7148
vn -0.1604 0.8471 0.5066
vn -0.1784 0.9426 -0.2823
vn -0.0112 0.0593 -0.9982
vn 0.0135 -0.0688 -0.9975
vn 0.0136 -0.0691 -0.9975
vn 0.0533 -0.2712 -0.9610
vn 0.1412 -0.7173 -0.6823
vn 0.1412 -0.7176 -0.6819
vn 0.1701 -0.8638 -0.4743
vn 0.1701 -0.8640 -0.4740
vn -0.0976 0.5174 -0.8502
vn 0.1845 -0.9414 -0.2823
vn 0.1657 -0.8461 0.5066
vn 0.1310 -0.6870 0.7147
vn 0.1310 -0.6869 0.7148
vn 0.1038 -0.5497 0.8289
vn -0.1789 0.9504 0.2543
vn -0.1242 0.6563 0.7442
vn -0.1784 0.9426 0.2824
vn 0.1869 -0.9488 -0.2545
vn 0.1869 -0.9489 -0.2543
vn 0.1701 -0.8638 0.4742
vn 0.1701 -0.8640 0.4740
vn 0.1412 -0.7174 0.6823
vn 0.1412 -0.7177 0.6819
vn 0.1015 -0.5161 0.8505
vn 0.0533 -0.2712 0.9611
vn -0.0112 0.0592 0.9982
vn 0.1931 -0.9798 0.0522
vn 0.1870 -0.9488 0.2546
vn 0.1870 -0.9489 0.2543
vn 0.1930 -0.9793 -0.0609
vn 0.1876 -0.9518 -0.2425
vn 0.1876 -0.9519 -0.2424
vn 0.1702 -0.8638 -0.4743
vn 0.1702 -0.8639 -0.4740
vn 0.1413 -0.7173 -0.6823
vn 0.1413 -0.7176 -0.6819
vn 0.1016 -0.5161 -0.8505
vn 0.1017 -0.5166 -0.8502
vn -0.1242 0.6557 -0.7447
vn -0.1243 0.6563 -0.7442
vn -0.1785 0.9426 -0.2824
vn -0.1785 0.9427 -0.2820
vn -0.1822 0.9622 0.2023
vn -0.1822 0.9623 0.2022
vn -0.1605 0.8471 0.5067
vn -0.1605 0.8472 0.5064
vn -0.1432 0.7492 0.6467
vn -0.1336 0.6864 0.7148
vn -0.1080 0.5493 0.8286
vn -0.1079 0.5489 0.8289
vn 0.1515 -0.7690 0.6211
vn 0.1516 -0.7695 0.6204
vn -0.1826 0.9832 -0.0000
vn -0.1790 0.9504 -0.2545
vn -0.1451 0.7702 -0.6211
vn -0.1452 0.7707 -0.6204
vn -0.1790 0.9504 -0.2543
vn -0.0581 0.3081 -0.9496
vn -0.0583 0.3095 -0.9491
vn 0.1039 -0.5501 -0.8286
vn 0.1311 -0.6870 -0.7147
vn 0.1455 -0.7488 -0.6467
vn 0.1455 -0.7488 -0.6466
vn 0.1658 -0.8461 -0.5067
vn 0.1659 -0.8462 -0.5064
vn 0.1884 -0.9610 -0.2023
vn 0.1884 -0.9611 -0.2022
vn 0.1846 -0.9414 0.2823
vn 0.1846 -0.9415 0.2820
vn 0.1284 -0.6549 0.7447
vn 0.1285 -0.6555 0.7442
vn 0.0556 -0.2837 0.9573
vn -0.0512 0.2710 0.9612
vn -0.0513 0.2716 0.9610
vn -0.1355 0.7188 0.6819
vn -0.1630 0.8652 0.4743
vn -0.1630 0.8653 0.4740
vn -0.1796 0.9534 0.2425
vn -0.1796 0.9534 0.2424
vn -0.1847 0.9809 0.0609
vn -0.1848 0.9814 -0.0522
vn 0.1876 -0.9518 0.2425
vn 0.1702 -0.8638 0.4743
vn 0.1702 -0.8639 0.4740
vn 0.1876 -0.9519 0.2424
vn 0.1413 -0.7176 0.6819
vn 0.1016 -0.5161 0.8505
vn 0.1017 -0.5166 0.8502
vn 0.0135 -0.0687 0.9975
vn 0.0136 -0.0690 0.9975
vn -0.1242 0.6557 0.7447
vn -0.1785 0.9426 0.2823
vn -0.1785 0.9427 0.2820
vn -0.1822 0.9622 -0.2023
vn -0.1822 0.9623 -0.2022
vn -0.1605 0.8471 -0.5066
vn -0.1605 0.8472 -0.5064
vn -0.1432 0.7492 -0.6467
vn -0.1336 0.6865 -0.7147
vn -0.1336 0.6864 -0.7148
vn -0.1080 0.5493 -0.8286
vn -0.1079 0.5489 -0.8289
vn 0.0609 -0.3091 -0.9491
vn 0.1515 -0.7689 -0.6211
vn 0.1516 -0.7695 -0.6204
vn 0.1870 -0.9488 -0.2546
vn 0.1870 -0.9489 -0.2543
vn 0.1931 -0.9798 -0.0522
vn 0.1930 -0.9793 0.0609
vn 0.0555 -0.2831 -0.9575
vn 0.1284 -0.6549 -0.7447
vn 0.1285 -0.6555 -0.7442
vn 0.0556 -0.2837 -0.9573
vn 0.1846 -0.9414 -0.2823
vn 0.1846 -0.9415 -0.2820
vn 0.1884 -0.9610 0.2023
vn 0.1884 -0.9611 0.2022
vn 0.1658 -0.8461 0.5067
vn 0.1455 -0.7488 0.6466
vn 0.1311 -0.6870 0.7147
vn 0.1039 -0.5501 0.8286
vn -0.0581 0.3081 0.9496
vn -0.0583 0.3095 0.9491
vn -0.1451 0.7702 0.6211
vn -0.1452 0.7707 0.6204
vn -0.1790 0.9504 0.2545
vn -0.1790 0.9504 0.2543
vn -0.1848 0.9814 0.0522
vn -0.1847 0.9809 -0.0609
vn -0.1796 0.9534 -0.2425
vn -0.1796 0.9534 -0.2424
vn -0.1630 0.8652 -0.4742
vn -0.1630 0.8653 -0.4740
vn -0.1355 0.7188 -0.6819
vn -0.0512 0.2710 -0.9612
vn -0.0513 0.2715 -0.9611
vn -0.0131 0.0691 -0.9975
vn 0.1870 -0.9489 -0.2544
vn 0.1702 -0.8638 0.4742
vn -0.1785 0.9426 0.2824
vn -0.1785 0.9426 0.2821
vn -0.1605 0.8471 -0.5067
vn -0.1080 0.5494 -0.8286
vn 0.1515 -0.7690 -0.6211
vn -0.1790 0.9503 0.2546
vn -0.1790 0.9504 0.2544
vn 0.0424 -0.2247 0.9735
vn 0.1455 -0.7489 0.6466
vn 0.1455 -0.7488 0.6467
vn 0.1659 -0.8462 0.5064
vn 0.1658 -0.8461 0.5066
vn -0.0130 0.0689 -0.9975
vn -0.0513 0.2716 -0.9610
vn -0.1355 0.7187 -0.6819
vn -0.1354 0.7184 -0.6823
vn 0.1702 -0.8638 -0.4742
vn -0.1336 0.6865 0.7147
vn 0.1515 -0.7689 0.6211
vn 0.1870 -0.9489 0.2544
vn 0.0555 -0.2831 0.9575
vn 0.1658 -0.8460 -0.5067
vn 0.0424 -0.2247 -0.9735
vn -0.1796 0.9534 0.2423
vn -0.1630 0.8652 0.4742
vn -0.0513 0.2716 0.9611
vn 0.8592 0.5116 0.0000
vn 0.9539 0.3001 0.0000
vn 0.9974 0.0725 0.0000
vn 0.9807 0.1949 0.0139
vn 0.9819 0.1892 0.0000
vn 0.9847 0.1742 -0.0073
vn 0.9788 0.2049 -0.0076
vn 0.9875 0.1533 -0.0364
vn 0.9830 0.1831 0.0149
vn 0.9790 0.2039 -0.0070
vn 0.9847 0.1741 0.0067
vn 0.9711 0.2342 0.0469
vn 0.9875 0.1533 0.0360
vn 0.9787 0.2051 0.0079
vn 0.9727 0.2289 0.0384
vn 0.9808 0.1945 -0.0127
vn 0.9724 0.2295 -0.0414
vn 0.9847 0.1740 -0.0071
vn 0.9829 0.1838 -0.0129
vn 0.9783 0.2072 0.0084
vn 0.9830 0.1828 0.0149
vn 0.9722 0.2302 0.0428
vn 0.9808 0.1947 -0.0136
vn 0.9770 0.2119 0.0233
vn 0.9877 0.1517 0.0387
vn 0.9734 0.2254 -0.0403
vn 0.9749 0.2221 -0.0133
vn 0.9827 0.1827 0.0304
vn 0.9849 0.1728 0.0074
vn 0.9862 0.1649 0.0141
vn 0.9830 0.1817 0.0279
vn 0.9876 0.1513 -0.0418
vn 0.9735 0.2264 -0.0322
vn 0.9829 0.1835 -0.0137
vn 0.9808 0.1944 0.0133
vn 0.9811 0.1932 -0.0049
vn 0.9876 0.1513 -0.0417
vn 0.9820 0.1891 -0.0000
vn 0.9819 0.1891 0.0000
usemtl MI_Trim_03
s 1
f 10/1/1 4/2/1 7/3/2
f 4/2/1 1/4/1 8/5/2 7/3/2
f 1/6/1 4/7/1 5/8/3 2/9/3
f 4/7/1 10/10/1 12/11/3 5/8/3
f 12/12/3 10/13/1 6/14/1 3/15/3
f 19/16/1 17/17/2 14/18/1
f 14/18/1 17/17/2 8/5/2 1/4/1
f 1/6/1 2/9/3 15/19/3 14/20/1
f 14/20/1 15/19/3 21/21/3 19/22/1
f 21/23/3 13/24/3 16/25/1 19/26/1
f 853/27/4 857/28/5 861/29/5 855/30/4
f 855/30/4 861/29/5 859/31/5 852/32/4
f 852/33/4 859/34/5 860/35/5 851/36/4
f 850/37/4 858/38/5 856/39/5 854/40/4
f 854/41/4 856/42/5 857/43/5 853/44/4
f 857/28/5 863/45/6 867/46/6 861/29/5
f 861/29/5 867/46/6 865/47/6 859/31/5
f 859/34/5 865/48/6 866/49/6 860/35/5
f 858/38/5 864/50/6 862/51/6 856/39/5
f 856/42/5 862/52/6 863/53/6 857/43/5
f 870/54/4 872/55/4 877/56/5 874/57/5
f 872/55/4 869/58/4 875/59/5 877/56/5
f 869/60/4 868/61/4 876/62/5 875/63/5
f 850/37/4 871/64/4 873/65/5 858/38/5
f 871/66/4 870/67/4 874/68/5 873/69/5
f 874/57/5 877/56/5 882/70/6 879/71/6
f 877/56/5 875/59/5 880/72/6 882/70/6
f 875/63/5 876/62/5 881/73/6 880/74/6
f 858/38/5 873/65/5 878/75/6 864/50/6
f 873/69/5 874/68/5 879/76/6 878/77/6
usemtl MI_Trim_02
f 6/78/1 10/79/1 11/80/2 9/81/2
f 7/82/2 11/80/2 10/79/1
f 16/83/1 18/84/2 20/85/2 19/86/1
f 17/87/2 19/86/1 20/85/2
f 260/88/7 171/89/7 173/90/8 262/91/9
f 275/92/10 186/93/10 171/89/7 260/88/7
f 280/94/11 191/95/12 186/93/10 275/92/10
f 279/96/13 190/97/14 191/95/12 280/94/11
f 278/98/15 189/99/16 190/97/14 279/96/13
f 277/100/17 188/101/18 189/99/16 278/98/15
f 276/102/19 187/103/20 188/101/18 277/100/17
f 274/104/21 185/105/22 187/103/20 276/102/19
f 268/106/23 179/107/24 185/105/22 274/104/21
f 273/108/25 184/109/26 179/107/24 268/106/23
f 272/110/27 183/111/28 184/109/26 273/108/25
f 271/112/29 182/113/30 183/111/28 272/110/27
f 270/114/31 181/115/32 182/113/30 271/112/29
f 269/116/33 180/117/34 181/115/32 270/114/31
f 267/118/35 178/119/36 180/117/34 269/116/33
f 261/120/37 172/121/38 178/122/36 267/123/35
f 266/124/39 177/125/40 172/121/38 261/120/37
f 265/126/41 176/127/42 177/125/40 266/124/39
f 264/128/43 175/129/44 176/127/42 265/126/41
f 263/130/45 174/131/46 175/129/44 264/128/43
f 262/91/9 173/90/8 174/131/46 263/130/45
f 147/132/47 143/133/47 238/134/47 236/135/47
f 235/136/47 146/137/47 147/132/47 236/135/47
f 234/138/47 144/139/47 146/137/47 235/136/47
f 304/140/48 215/141/49 216/142/50 305/143/51
f 305/143/51 216/142/50 217/144/52 306/145/53
f 306/145/53 217/144/52 218/146/54 307/147/55
f 307/147/55 218/146/54 219/148/56 308/149/57
f 308/149/57 219/148/56 214/150/58 303/151/59
f 303/151/59 214/150/58 220/152/60 309/153/61
f 309/153/61 220/152/60 222/154/62 311/155/63
f 311/155/63 222/154/62 223/156/64 312/157/65
f 312/157/65 223/156/64 224/158/66 313/159/67
f 313/159/67 224/158/66 225/160/68 314/161/69
f 314/161/69 225/160/68 226/162/70 315/163/71
f 315/163/71 226/162/70 221/164/72 310/165/73
f 310/165/73 221/164/72 227/166/74 316/167/75
f 316/167/75 227/166/74 229/168/76 318/169/77
f 318/169/77 229/168/76 230/170/78 319/171/79
f 319/171/79 230/170/78 231/172/80 320/173/81
f 320/173/81 231/172/80 232/174/82 321/175/83
f 321/175/83 232/174/82 233/176/84 322/177/85
f 322/177/85 233/176/84 228/178/86 317/179/86
f 317/179/86 228/178/86 213/180/87 302/181/87
f 302/182/87 213/183/87 215/141/49 304/140/48
f 241/184/88 152/185/89 153/186/90 242/187/91
f 242/187/91 153/186/90 154/188/92 243/189/93
f 243/189/93 154/188/92 155/190/94 244/191/95
f 244/191/95 155/190/94 156/192/96 245/193/97
f 245/193/97 156/192/96 151/194/98 240/195/99
f 240/195/99 151/194/98 157/196/100 246/197/101
f 246/197/101 157/196/100 159/198/102 248/199/103
f 248/199/103 159/198/102 160/200/104 249/201/105
f 249/201/105 160/200/104 161/202/106 250/203/107
f 250/203/107 161/202/106 162/204/108 251/205/109
f 251/205/109 162/204/108 163/206/110 252/207/111
f 252/207/111 163/206/110 158/208/112 247/209/113
f 247/210/113 158/211/112 164/212/114 253/213/115
f 253/213/115 164/212/114 166/214/116 255/215/117
f 255/215/117 166/214/116 167/216/118 256/217/119
f 256/217/119 167/216/118 168/218/120 257/219/121
f 257/219/121 168/218/120 169/220/122 258/221/123
f 258/221/123 169/220/122 170/222/124 259/223/125
f 259/223/125 170/222/124 165/224/126 254/225/126
f 254/225/126 165/224/126 150/226/127 239/227/127
f 239/227/127 150/226/127 152/185/89 241/184/88
f 283/228/128 194/229/129 195/230/130 284/231/131
f 284/231/131 195/230/130 196/232/132 285/233/133
f 285/233/133 196/232/132 197/234/134 286/235/135
f 286/235/135 197/234/134 198/236/136 287/237/137
f 287/237/137 198/236/136 193/238/138 282/239/139
f 282/239/139 193/238/138 199/240/140 288/241/141
f 288/241/141 199/240/140 201/242/142 290/243/143
f 290/243/143 201/242/142 202/244/144 291/245/145
f 291/245/145 202/244/144 203/246/146 292/247/147
f 292/247/147 203/246/146 204/248/148 293/249/149
f 293/249/149 204/248/148 205/250/150 294/251/151
f 294/251/151 205/250/150 200/252/152 289/253/152
f 289/254/152 200/255/152 206/256/153 295/257/153
f 295/257/153 206/256/153 208/258/154 297/259/155
f 297/259/155 208/258/154 209/260/156 298/261/157
f 298/261/157 209/260/156 210/262/158 299/263/159
f 299/263/159 210/262/158 211/264/160 300/265/161
f 300/265/161 211/264/160 212/266/162 301/267/163
f 301/267/163 212/266/162 207/268/164 296/269/165
f 296/269/165 207/268/164 192/270/166 281/271/167
f 281/271/167 192/270/166 194/229/129 283/228/128
f 437/272/126 439/273/125 351/274/168 349/275/126
f 452/276/127 437/272/126 349/275/126 364/277/127
f 457/278/88 452/276/127 364/277/127 369/279/89
f 456/280/91 457/278/88 369/279/89 368/281/90
f 455/282/93 456/280/91 368/281/90 367/283/92
f 454/284/95 455/282/93 367/283/92 366/285/169
f 453/286/97 454/284/95 366/285/169 365/287/96
f 451/288/99 453/286/97 365/287/96 363/289/170
f 445/290/101 451/288/99 363/289/170 357/291/100
f 450/292/103 445/290/101 357/291/100 362/293/102
f 449/294/105 450/292/103 362/293/102 361/295/104
f 448/296/171 449/294/105 361/295/104 360/297/172
f 447/298/109 448/296/171 360/297/172 359/299/108
f 446/300/173 447/298/109 359/299/108 358/301/110
f 444/302/113 446/300/173 358/301/110 356/303/112
f 438/304/115 444/305/113 356/306/112 350/307/174
f 443/308/117 438/304/115 350/307/174 355/309/175
f 442/310/119 443/308/117 355/309/175 354/311/118
f 441/312/121 442/310/119 354/311/118 353/313/120
f 440/314/123 441/312/121 353/313/120 352/315/122
f 439/273/125 440/314/123 352/315/122 351/274/168
f 325/316/47 414/317/47 238/134/47 143/133/47
f 413/318/47 414/317/47 325/316/47 324/319/47
f 412/320/47 413/318/47 324/319/47 323/321/47
f 415/322/176 412/323/176 323/324/176 326/325/176
f 481/326/177 482/327/149 394/328/148 393/329/178
f 482/327/149 483/330/147 395/331/179 394/328/148
f 483/330/147 484/332/145 396/333/144 395/331/179
f 484/332/145 485/334/180 397/335/142 396/333/144
f 485/334/180 480/336/141 392/337/181 397/335/142
f 480/336/141 486/338/139 398/339/138 392/337/181
f 486/338/139 488/340/182 400/341/136 398/339/138
f 488/340/182 489/342/135 401/343/134 400/341/136
f 489/342/135 490/344/183 402/345/132 401/343/134
f 490/344/183 491/346/131 403/347/130 402/345/132
f 491/346/131 492/348/128 404/349/129 403/347/130
f 492/348/128 487/350/167 399/351/184 404/349/129
f 487/350/167 493/352/185 405/353/186 399/351/184
f 493/352/185 495/354/163 407/355/187 405/353/186
f 495/354/163 496/356/161 408/357/160 407/355/187
f 496/356/161 497/358/188 409/359/189 408/357/160
f 497/358/188 498/360/190 410/361/191 409/359/189
f 498/360/190 499/362/155 411/363/154 410/361/191
f 499/362/155 494/364/153 406/365/153 411/363/154
f 494/364/153 479/366/152 391/367/152 406/365/153
f 479/368/152 481/326/177 393/329/178 391/369/152
f 418/370/11 419/371/13 331/372/14 330/373/12
f 419/371/13 420/374/15 332/375/16 331/372/14
f 420/374/15 421/376/17 333/377/192 332/375/16
f 421/376/17 422/378/19 334/379/20 333/377/192
f 422/378/19 417/380/21 329/381/22 334/379/20
f 417/380/21 423/382/23 335/383/24 329/381/22
f 423/382/23 425/384/25 337/385/26 335/383/24
f 425/384/25 426/386/27 338/387/28 337/385/26
f 426/386/27 427/388/193 339/389/30 338/387/28
f 427/388/193 428/390/31 340/391/32 339/389/30
f 428/390/31 429/392/194 341/393/34 340/391/32
f 429/392/194 424/394/35 336/395/36 341/393/34
f 424/396/35 430/397/195 342/398/196 336/399/36
f 430/397/195 432/400/39 344/401/197 342/398/196
f 432/400/39 433/402/41 345/403/42 344/401/197
f 433/402/41 434/404/43 346/405/44 345/403/42
f 434/404/43 435/406/45 347/407/46 346/405/44
f 435/406/45 436/408/9 348/409/198 347/407/46
f 436/408/9 431/410/7 343/411/7 348/409/198
f 431/410/7 416/412/10 328/413/10 343/411/7
f 416/412/10 418/370/11 330/373/12 328/413/10
f 460/414/71 461/415/69 373/416/199 372/417/70
f 461/415/69 462/418/200 374/419/66 373/416/199
f 462/418/200 463/420/65 375/421/64 374/419/66
f 463/420/65 464/422/63 376/423/62 375/421/64
f 464/422/63 459/424/61 371/425/60 376/423/62
f 459/424/61 465/426/59 377/427/58 371/425/60
f 465/426/59 467/428/57 379/429/56 377/427/58
f 467/428/57 468/430/55 380/431/54 379/429/56
f 468/430/55 469/432/53 381/433/52 380/431/54
f 469/432/53 470/434/51 382/435/50 381/433/52
f 470/434/51 471/436/201 383/437/202 382/435/50
f 471/436/201 466/438/87 378/439/87 383/437/202
f 466/440/87 472/441/86 384/442/86 378/443/87
f 472/441/86 474/444/85 386/445/84 384/442/86
f 474/444/85 475/446/203 387/447/204 386/445/84
f 475/446/203 476/448/205 388/449/206 387/447/204
f 476/448/205 477/450/207 389/451/78 388/449/206
f 477/450/207 478/452/77 390/453/208 389/451/78
f 478/452/77 473/454/75 385/455/74 390/453/208
f 473/454/75 458/456/73 370/457/209 385/455/74
f 458/456/73 460/414/71 372/417/70 370/457/209
f 613/458/210 615/459/211 527/460/212 525/461/210
f 628/462/213 613/458/210 525/461/210 540/463/213
f 633/464/214 628/462/213 540/463/213 545/465/215
f 632/466/216 633/464/214 545/465/215 544/467/217
f 631/468/218 632/466/216 544/467/217 543/469/219
f 630/470/220 631/468/218 543/469/219 542/471/221
f 629/472/163 630/470/220 542/471/221 541/473/162
f 627/474/165 629/472/163 541/473/162 539/475/186
f 621/476/167 627/474/165 539/475/186 533/477/166
f 626/478/128 621/476/167 533/477/166 538/479/129
f 625/480/222 626/478/128 538/479/129 537/481/223
f 624/482/224 625/480/222 537/481/223 536/483/225
f 623/484/226 624/482/224 536/483/225 535/485/227
f 622/486/228 623/484/226 535/485/227 534/487/229
f 620/488/230 622/486/228 534/487/229 532/489/138
f 614/490/141 620/491/230 532/492/138 526/493/231
f 619/494/232 614/490/141 526/493/231 531/495/233
f 618/496/145 619/494/232 531/495/233 530/497/144
f 617/498/147 618/496/145 530/497/144 529/499/179
f 616/500/234 617/498/147 529/499/179 528/501/235
f 615/459/211 616/500/234 528/501/235 527/460/212
f 503/502/236 590/503/236 591/504/236 500/505/236
f 589/506/236 590/503/236 503/502/236 502/507/236
f 588/508/236 589/506/236 502/507/236 501/509/236
f 657/510/237 658/511/238 570/512/239 569/513/240
f 658/511/238 659/514/241 571/515/242 570/512/239
f 659/514/241 660/516/119 572/517/118 571/515/242
f 660/516/119 661/518/243 573/519/116 572/517/118
f 661/518/243 656/520/244 568/521/114 573/519/116
f 656/520/244 662/522/245 574/523/246 568/521/114
f 662/522/245 664/524/247 576/525/248 574/523/246
f 664/524/247 665/526/249 577/527/250 576/525/248
f 665/526/249 666/528/251 578/529/252 577/527/250
f 666/528/251 667/530/253 579/531/254 578/529/252
f 667/530/253 668/532/103 580/533/255 579/531/254
f 668/532/103 663/534/101 575/535/100 580/533/255
f 663/534/101 669/536/99 581/537/170 575/535/100
f 669/536/99 671/538/256 583/539/257 581/537/170
f 671/538/256 672/540/95 584/541/94 583/539/257
f 672/540/95 673/542/93 585/543/258 584/541/94
f 673/542/93 674/544/259 586/545/260 585/543/258
f 674/544/259 675/546/261 587/547/262 586/545/260
f 675/546/261 670/548/263 582/549/263 587/547/262
f 670/548/263 655/550/264 567/551/264 582/549/263
f 655/552/264 657/510/237 569/513/240 567/553/264
f 594/554/265 595/555/266 507/556/267 506/557/268
f 595/555/266 596/558/81 508/559/269 507/556/267
f 596/558/81 597/560/270 509/561/271 508/559/269
f 597/560/270 598/562/77 510/563/208 509/561/271
f 598/562/77 593/564/272 505/565/273 510/563/208
f 593/564/272 599/566/73 511/567/209 505/565/273
f 599/566/73 601/568/71 513/569/70 511/567/209
f 601/568/71 602/570/274 514/571/68 513/569/70
f 602/570/274 603/572/275 515/573/276 514/571/68
f 603/572/275 604/574/277 516/575/278 515/573/276
f 604/574/277 605/576/279 517/577/280 516/575/278
f 605/576/279 600/578/281 512/579/60 517/577/280
f 600/580/281 606/581/282 518/582/283 512/583/60
f 606/581/282 608/584/284 520/585/285 518/582/283
f 608/584/284 609/586/55 521/587/54 520/585/285
f 609/586/55 610/588/53 522/589/286 521/587/54
f 610/588/53 611/590/287 523/591/288 522/589/286
f 611/590/287 612/592/289 524/593/290 523/591/288
f 612/592/289 607/594/291 519/595/291 524/593/290
f 607/594/291 592/596/292 504/597/292 519/595/291
f 592/596/292 594/554/265 506/557/268 504/597/292
f 636/598/293 637/599/294 549/600/295 548/601/296
f 637/599/294 638/602/297 550/603/298 549/600/295
f 638/602/297 639/604/299 551/605/300 550/603/298
f 639/604/299 640/606/301 552/607/34 551/605/300
f 640/606/301 635/608/35 547/609/302 552/607/34
f 635/608/35 641/610/303 553/611/196 547/609/302
f 641/610/303 643/612/304 555/613/197 553/611/196
f 643/612/304 644/614/41 556/615/42 555/613/197
f 644/614/41 645/616/305 557/617/306 556/615/42
f 645/616/305 646/618/307 558/619/308 557/617/306
f 646/618/307 647/620/309 559/621/310 558/619/308
f 647/620/309 642/622/311 554/623/311 559/621/310
f 642/624/311 648/625/312 560/626/312 554/627/311
f 648/625/312 650/628/313 562/629/314 560/626/312
f 650/628/313 651/630/315 563/631/316 562/629/314
f 651/630/315 652/632/15 564/633/317 563/631/316
f 652/632/15 653/634/17 565/635/192 564/633/317
f 653/634/17 654/636/318 566/637/319 565/635/192
f 654/636/318 649/638/21 561/639/320 566/637/319
f 649/638/21 634/640/23 546/641/24 561/639/320
f 634/640/23 636/598/293 548/601/296 546/641/24
f 787/642/291 700/643/291 702/644/321 789/645/289
f 802/646/292 715/647/292 700/643/291 787/642/291
f 807/648/265 720/649/268 715/647/292 802/646/292
f 806/650/322 719/651/267 720/649/268 807/648/265
f 805/652/81 718/653/269 719/651/267 806/650/322
f 804/654/270 717/655/271 718/653/269 805/652/81
f 803/656/77 716/657/208 717/655/271 804/654/270
f 801/658/75 714/659/74 716/657/208 803/656/77
f 795/660/73 708/661/209 714/659/74 801/658/75
f 800/662/71 713/663/70 708/661/209 795/660/73
f 799/664/274 712/665/68 713/663/70 800/662/71
f 798/666/323 711/667/324 712/665/68 799/664/274
f 797/668/277 710/669/278 711/667/324 798/666/323
f 796/670/325 709/671/280 710/669/278 797/668/277
f 794/672/281 707/673/60 709/671/280 796/670/325
f 788/674/59 701/675/283 707/676/60 794/677/281
f 793/678/326 706/679/285 701/675/283 788/674/59
f 792/680/55 705/681/54 706/679/285 793/678/326
f 791/682/53 704/683/286 705/681/54 792/680/55
f 790/684/327 703/685/288 704/683/286 791/682/53
f 789/645/289 702/644/321 703/685/288 790/684/327
f 678/686/236 500/505/236 591/504/236 765/687/236
f 764/688/236 677/689/236 678/686/236 765/687/236
f 763/690/236 676/691/236 677/689/236 764/688/236
f 415/322/176 326/325/176 676/692/176 763/693/176
f 831/694/328 744/695/329 745/696/308 832/697/307
f 832/697/307 745/696/308 746/698/306 833/699/305
f 833/699/305 746/698/306 747/700/330 834/701/41
f 834/701/41 747/700/330 748/702/197 835/703/304
f 835/703/304 748/702/197 743/704/196 830/705/303
f 830/705/303 743/704/196 749/706/331 836/707/332
f 836/707/332 749/706/331 751/708/333 838/709/334
f 838/709/334 751/708/333 752/710/300 839/711/299
f 839/711/299 752/710/300 753/712/298 840/713/297
f 840/713/297 753/712/298 754/714/295 841/715/294
f 841/715/294 754/714/295 755/716/296 842/717/25
f 842/717/25 755/716/296 750/718/24 837/719/23
f 837/719/23 750/718/24 756/720/22 843/721/335
f 843/721/335 756/720/22 758/722/336 845/723/318
f 845/723/318 758/722/336 759/724/192 846/725/17
f 846/725/17 759/724/192 760/726/337 847/727/338
f 847/727/338 760/726/337 761/728/316 848/729/315
f 848/729/315 761/728/316 762/730/314 849/731/313
f 849/731/313 762/730/314 757/732/312 844/733/312
f 844/733/312 757/732/312 742/734/311 829/735/311
f 829/736/311 742/737/311 744/695/329 831/694/328
f 768/738/214 681/739/215 682/740/217 769/741/339
f 769/741/339 682/740/217 683/742/219 770/743/188
f 770/743/188 683/742/219 684/744/221 771/745/220
f 771/745/220 684/744/221 685/746/162 772/747/163
f 772/747/163 685/746/162 680/748/186 767/749/165
f 767/749/165 680/748/186 686/750/166 773/751/167
f 773/751/167 686/750/166 688/752/129 775/753/128
f 775/753/128 688/752/129 689/754/223 776/755/222
f 776/755/222 689/754/223 690/756/225 777/757/224
f 777/757/224 690/756/225 691/758/227 778/759/226
f 778/759/226 691/758/227 692/760/229 779/761/228
f 779/761/228 692/760/229 687/762/138 774/763/230
f 774/764/230 687/765/138 693/766/231 780/767/340
f 780/767/340 693/766/231 695/768/233 782/769/232
f 782/769/232 695/768/233 696/770/144 783/771/145
f 783/771/145 696/770/144 697/772/179 784/773/147
f 784/773/147 697/772/179 698/774/235 785/775/341
f 785/775/341 698/774/235 699/776/342 786/777/211
f 786/777/211 699/776/342 694/778/210 781/779/210
f 781/779/210 694/778/210 679/780/213 766/781/213
f 766/781/213 679/780/213 681/739/215 768/738/214
f 810/782/343 723/783/255 724/784/254 811/785/253
f 811/785/253 724/784/254 725/786/252 812/787/251
f 812/787/251 725/786/252 726/788/250 813/789/249
f 813/789/249 726/788/250 727/790/110 814/791/344
f 814/791/344 727/790/110 722/792/246 809/793/113
f 809/793/113 722/792/246 728/794/114 815/795/244
f 815/795/244 728/794/114 730/796/116 817/797/243
f 817/797/243 730/796/116 731/798/345 818/799/119
f 818/799/119 731/798/345 732/800/242 819/801/241
f 819/801/241 732/800/242 733/802/239 820/803/238
f 820/803/238 733/802/239 734/804/240 821/805/237
f 821/805/237 734/804/240 729/806/264 816/807/264
f 816/808/264 729/809/264 735/810/263 822/811/263
f 822/811/263 735/810/263 737/812/346 824/813/261
f 824/813/261 737/812/346 738/814/260 825/815/347
f 825/815/347 738/814/260 739/816/258 826/817/93
f 826/817/93 739/816/258 740/818/94 827/819/95
f 827/819/95 740/818/94 741/820/348 828/821/256
f 828/821/256 741/820/348 736/822/170 823/823/99
f 823/823/99 736/822/170 721/824/100 808/825/101
f 808/825/101 721/824/100 723/783/255 810/782/343
usemtl MI_Trim_03_Dark
f 30/826/349 53/827/350 50/828/350 28/829/349
f 23/830/349 56/831/350 51/832/350 26/833/349
f 35/834/351 31/835/351 29/836/351 36/837/351
f 32/838/351 33/839/351 25/840/351 27/841/351
f 40/842/349 55/843/350 52/844/350 22/845/349
f 26/833/349 51/832/350 54/846/350 37/847/349
f 44/848/351 43/849/351 33/839/351 32/838/351
f 31/835/351 35/834/351 34/850/351 24/851/351
f 46/852/351 35/834/351 36/837/351 47/853/351
f 41/854/351 24/851/351 34/850/351 42/855/351
f 37/847/349 54/846/350 55/843/350 40/842/349
f 62/856/351 48/857/351 49/858/351 63/859/351
f 27/841/351 39/860/351 38/861/351 32/838/351
f 39/860/351 41/854/351 42/855/351 38/861/351
f 59/862/351 44/848/351 48/857/351 62/856/351
f 61/863/351 46/852/351 47/853/351 58/864/351
f 63/859/351 49/858/351 45/865/351 60/866/351
f 42/855/351 34/850/351 45/865/351 49/858/351
f 35/834/351 46/852/351 45/865/351 34/850/351
f 32/838/351 38/861/351 48/857/351 44/848/351
f 38/861/351 42/855/351 49/858/351 48/857/351
f 57/867/351 43/849/351 44/848/351 59/862/351
f 60/866/351 45/865/351 46/852/351 61/863/351
f 22/845/349 52/844/350 53/827/350 30/826/349
f 52/868/350 60/869/351 61/870/351 53/871/350
f 56/872/350 57/873/351 59/874/351 51/875/350
f 55/876/350 63/877/351 60/869/351 52/868/350
f 53/871/350 61/870/351 58/878/351 50/879/350
f 51/875/350 59/874/351 62/880/351 54/881/350
f 54/881/350 62/880/351 63/877/351 55/876/350
usemtl MI_PaddedWall
f 82/882/352 69/883/353 64/884/353 80/885/354
f 64/884/353 72/886/355 73/887/356 66/888/353
f 70/889/353 64/884/353 86/890/357 87/891/358
f 65/892/353 67/893/353 74/894/359 75/895/360
f 64/884/353 66/888/353 91/896/361 89/897/362
f 68/898/353 84/899/363 85/900/364 70/889/353
f 106/901/353 104/902/353 92/903/365 93/904/366
f 79/905/367 64/884/353 69/883/353 77/906/368
f 67/893/353 71/907/369 72/886/355 64/884/353
f 71/907/369 73/887/356 102/908/370
f 66/888/353 73/887/356 71/907/369 67/893/353
f 64/884/353 76/909/371 74/894/359 67/893/353
f 76/909/371 101/910/372 74/894/359
f 75/895/360 76/909/371 64/884/353 65/892/353
f 77/906/368 69/883/353 65/892/353 78/911/373
f 78/911/373 65/892/353 64/884/353 79/905/367
f 80/885/354 64/884/353 68/898/353 81/912/374
f 79/905/367 77/906/368 100/913/375
f 81/912/374 82/882/352 99/914/376
f 81/912/374 68/898/353 69/883/353 82/882/352
f 70/889/353 85/900/364 83/915/377 64/884/353
f 85/900/364 98/916/378 83/915/377
f 84/899/363 68/898/353 64/884/353 83/915/377
f 87/891/358 97/917/379 88/918/380
f 88/918/380 86/890/357 64/884/353 104/902/353
f 104/902/353 70/889/353 87/891/358 88/918/380
f 89/897/362 91/896/361 95/919/381
f 89/897/362 90/920/382 106/901/353 64/884/353
f 91/896/361 66/888/353 106/901/353 90/920/382
f 93/904/366 94/921/383 64/884/353 106/901/353
f 92/903/365 104/902/353 64/884/353 94/921/383
f 93/904/366 96/922/384 94/921/383
f 95/919/381 91/896/361 90/920/382
f 90/920/382 89/897/362 95/919/381
f 94/921/383 96/922/384 92/903/365
f 96/922/384 93/904/366 92/903/365
f 88/918/380 97/917/379 86/890/357
f 86/890/357 97/917/379 87/891/358
f 83/915/377 98/916/378 84/899/363
f 84/899/363 98/916/378 85/900/364
f 99/914/376 82/882/352 80/885/354
f 80/885/354 81/912/374 99/914/376
f 100/913/375 77/906/368 78/911/373
f 78/911/373 79/905/367 100/913/375
f 74/894/359 101/910/372 75/895/360
f 75/895/360 101/910/372 76/909/371
f 102/908/370 73/887/356 72/886/355
f 72/886/355 71/907/369 102/908/370
f 119/923/352 70/924/353 103/925/353 117/926/354
f 103/925/353 109/927/355 110/928/356 105/929/353
f 142/930/353 103/925/353 123/931/357 124/932/358
f 104/933/353 106/934/353 111/935/359 112/936/360
f 103/925/353 105/929/353 128/937/361 126/938/362
f 107/939/353 121/940/363 122/941/364 142/930/353
f 141/942/353 140/943/353 129/944/365 131/945/366
f 116/946/367 103/925/353 70/924/353 114/947/368
f 106/934/353 108/948/369 109/927/355 103/925/353
f 108/948/369 110/928/356 139/949/370
f 105/929/353 110/928/356 108/948/369 106/934/353
f 103/925/353 113/950/371 111/935/359 106/934/353
f 113/950/371 138/951/372 111/935/359
f 112/936/360 113/950/371 103/925/353 104/933/353
f 114/947/368 70/924/353 104/933/353 115/952/373
f 115/952/373 104/933/353 103/925/353 116/946/367
f 117/926/354 103/925/353 107/939/353 118/953/374
f 116/946/367 114/947/368 137/954/375
f 118/953/374 119/923/352 136/955/376
f 118/953/374 107/939/353 70/924/353 119/923/352
f 142/930/353 122/941/364 120/956/377 103/925/353
f 122/941/364 135/957/378 120/956/377
f 121/940/363 107/939/353 103/925/353 120/956/377
f 124/932/358 134/958/379 125/959/385
f 125/959/385 123/931/357 103/925/353 140/943/353
f 140/943/353 142/930/353 124/932/358 125/959/385
f 126/938/362 128/937/361 132/960/381
f 126/938/362 127/961/382 141/942/353 103/925/353
f 128/937/361 105/929/353 141/942/353 127/961/382
f 131/945/366 130/962/383 103/925/353 141/942/353
f 129/944/365 140/943/353 103/925/353 130/962/383
f 131/945/366 133/963/384 130/962/383
f 132/960/381 128/937/361 127/961/382
f 127/961/382 126/938/362 132/960/381
f 130/962/383 133/963/384 129/944/365
f 133/963/384 131/945/366 129/944/365
f 125/959/385 134/958/379 123/931/357
f 123/931/357 134/958/379 124/932/358
f 120/956/377 135/957/378 121/940/363
f 121/940/363 135/957/378 122/941/364
f 136/955/376 119/923/352 117/926/354
f 117/926/354 118/953/374 136/955/376
f 137/954/375 114/947/368 115/952/373
f 115/952/373 116/946/367 137/954/375
f 111/935/359 138/951/372 112/936/360
f 112/936/360 138/951/372 113/950/371
f 139/949/370 110/928/356 109/927/355
f 109/927/355 108/948/369 139/949/370
f 144/964/176 148/965/176 237/966/176 234/967/176
f 144/968/353 220/969/353 214/970/353 149/971/353
f 149/971/353 199/972/353 193/973/353 143/974/353
f 145/975/353 206/976/353 200/977/353 149/971/353
f 143/974/353 192/978/353 207/979/353 145/975/353
f 147/980/353 150/981/353 165/982/353 143/974/353
f 143/974/353 164/983/353 158/984/353 149/971/353
f 149/971/353 157/985/353 151/986/353 147/980/353
f 149/971/353 178/987/353 172/988/353 144/968/353
f 146/989/353 185/990/353 179/991/353 149/971/353
f 144/968/353 171/992/353 186/993/353 146/989/353
f 149/971/353 213/994/353 228/995/353 148/996/353
f 148/996/353 227/997/353 221/998/353 144/968/353
f 149/971/353 147/980/353 146/989/353
f 150/981/353 147/980/353 152/999/353
f 152/999/353 147/980/353 153/1000/353
f 153/1000/353 147/980/353 154/1001/353
f 154/1001/353 147/980/353 155/1002/353
f 155/1002/353 147/980/353 156/1003/353
f 156/1003/353 147/980/353 151/986/353
f 157/985/353 149/971/353 159/1004/353
f 159/1004/353 149/971/353 160/1005/353
f 160/1005/353 149/971/353 161/1006/353
f 161/1006/353 149/971/353 162/1007/353
f 162/1007/353 149/971/353 163/1008/353
f 163/1008/353 149/971/353 158/984/353
f 164/983/353 143/974/353 166/1009/353
f 166/1009/353 143/974/353 167/1010/353
f 167/1010/353 143/974/353 168/1011/353
f 168/1011/353 143/974/353 169/1012/353
f 169/1012/353 143/974/353 170/1013/386
f 170/1013/386 143/974/353 165/982/353
f 171/992/353 144/968/353 173/1014/353
f 173/1014/353 144/968/353 174/1015/353
f 174/1015/353 144/968/353 175/1016/353
f 175/1016/353 144/968/353 176/1017/353
f 176/1017/353 144/968/353 177/1018/353
f 177/1018/353 144/968/353 172/988/353
f 178/987/353 149/971/353 180/1019/353
f 180/1019/353 149/971/353 181/1020/353
f 181/1020/353 149/971/353 182/1021/353
f 182/1021/353 149/971/353 183/1022/353
f 183/1022/353 149/971/353 184/1023/353
f 184/1023/353 149/971/353 179/991/353
f 185/990/353 146/989/353 187/1024/353
f 187/1024/353 146/989/353 188/1025/353
f 188/1025/353 146/989/353 189/1026/353
f 189/1026/353 146/989/353 190/1027/353
f 190/1027/353 146/989/353 191/1028/353
f 191/1028/353 146/989/353 186/993/353
f 192/978/353 143/974/353 194/1029/353
f 194/1029/353 143/974/353 195/1030/353
f 195/1030/353 143/974/353 196/1031/353
f 196/1031/353 143/974/353 197/1032/353
f 197/1032/353 143/974/353 198/1033/353
f 198/1033/353 143/974/353 193/973/353
f 199/972/353 149/971/353 201/1034/353
f 201/1034/353 149/971/353 202/1035/353
f 202/1035/353 149/971/353 203/1036/353
f 203/1036/353 149/971/353 204/1037/353
f 204/1037/353 149/971/353 205/1038/387
f 205/1038/387 149/971/353 200/977/353
f 206/976/353 145/975/353 208/1039/353
f 208/1039/353 145/975/353 209/1040/353
f 209/1040/353 145/975/353 210/1041/353
f 210/1041/353 145/975/353 211/1042/353
f 211/1042/353 145/975/353 212/1043/353
f 212/1043/353 145/975/353 207/979/353
f 213/994/353 149/971/353 215/1044/353
f 215/1044/353 149/971/353 216/1045/353
f 216/1045/353 149/971/353 217/1046/353
f 217/1046/353 149/971/353 218/1047/353
f 218/1047/353 149/971/353 219/1048/353
f 219/1048/353 149/971/353 214/970/353
f 220/969/353 144/968/353 222/1049/353
f 222/1049/353 144/968/353 223/1050/353
f 223/1050/353 144/968/353 224/1051/353
f 224/1051/353 144/968/353 225/1052/353
f 225/1052/353 144/968/353 226/1053/353
f 226/1053/353 144/968/353 221/998/353
f 227/997/353 148/996/353 229/1054/353
f 229/1054/353 148/996/353 230/1055/353
f 230/1055/353 148/996/353 231/1056/353
f 231/1056/353 148/996/353 232/1057/353
f 232/1057/353 148/996/353 233/1058/353
f 233/1058/353 148/996/353 228/995/353
f 323/1059/353 327/1060/353 392/1061/353 398/1062/353
f 327/1060/353 143/974/353 371/1063/353 377/1064/353
f 145/975/353 327/1060/353 378/1065/353 384/1066/353
f 143/974/353 145/975/353 385/1067/353 370/1068/353
f 325/1069/353 143/974/353 343/1070/353 328/1071/353
f 143/974/353 327/1060/353 336/1072/353 342/1073/353
f 327/1060/353 325/1069/353 329/1074/353 335/1075/353
f 327/1060/353 323/1059/353 350/1076/353 356/1077/353
f 324/1078/353 327/1060/353 357/1079/353 363/1080/353
f 323/1059/353 324/1078/353 364/1081/353 349/1082/353
f 327/1060/353 326/1083/353 406/1084/353 391/1085/353
f 326/1083/353 323/1059/353 399/1086/353 405/1087/353
f 327/1060/353 324/1078/353 325/1069/353
f 328/1071/353 330/1088/353 325/1069/353
f 330/1088/353 331/1089/353 325/1069/353
f 331/1089/353 332/1090/353 325/1069/353
f 332/1090/353 333/1091/353 325/1069/353
f 333/1091/353 334/1092/353 325/1069/353
f 334/1092/353 329/1074/353 325/1069/353
f 335/1075/353 337/1093/353 327/1060/353
f 337/1093/353 338/1094/353 327/1060/353
f 338/1094/353 339/1095/353 327/1060/353
f 339/1095/353 340/1096/353 327/1060/353
f 340/1096/353 341/1097/353 327/1060/353
f 341/1097/353 336/1072/353 327/1060/353
f 342/1073/353 344/1098/353 143/974/353
f 344/1098/353 345/1099/353 143/974/353
f 345/1099/353 346/1100/353 143/974/353
f 346/1100/353 347/1101/353 143/974/353
f 347/1101/353 348/1102/386 143/974/353
f 348/1102/386 343/1070/353 143/974/353
f 349/1082/353 351/1103/353 323/1059/353
f 351/1103/353 352/1104/353 323/1059/353
f 352/1104/353 353/1105/353 323/1059/353
f 353/1105/353 354/1106/353 323/1059/353
f 354/1106/353 355/1107/353 323/1059/353
f 355/1107/353 350/1076/353 323/1059/353
f 356/1077/353 358/1108/353 327/1060/353
f 358/1108/353 359/1109/353 327/1060/353
f 359/1109/353 360/1110/353 327/1060/353
f 360/1110/353 361/1111/353 327/1060/353
f 361/1111/353 362/1112/353 327/1060/353
f 362/1112/353 357/1079/353 327/1060/353
f 363/1080/353 365/1113/353 324/1078/353
f 365/1113/353 366/1114/353 324/1078/353
f 366/1114/353 367/1115/353 324/1078/353
f 367/1115/353 368/1116/353 324/1078/353
f 368/1116/353 369/1117/353 324/1078/353
f 369/1117/353 364/1081/353 324/1078/353
f 370/1068/353 372/1118/353 143/974/353
f 372/1118/353 373/1119/353 143/974/353
f 373/1119/353 374/1120/353 143/974/353
f 374/1120/353 375/1121/353 143/974/353
f 375/1121/353 376/1122/353 143/974/353
f 376/1122/353 371/1063/353 143/974/353
f 377/1064/353 379/1123/353 327/1060/353
f 379/1123/353 380/1124/353 327/1060/353
f 380/1124/353 381/1125/353 327/1060/353
f 381/1125/353 382/1126/353 327/1060/353
f 382/1126/353 383/1127/353 327/1060/353
f 383/1127/353 378/1065/353 327/1060/353
f 384/1066/353 386/1128/353 145/975/353
f 386/1128/353 387/1129/353 145/975/353
f 387/1129/353 388/1130/353 145/975/353
f 388/1130/353 389/1131/353 145/975/353
f 389/1131/353 390/1132/353 145/975/353
f 390/1132/353 385/1067/353 145/975/353
f 391/1085/353 393/1133/353 327/1060/353
f 393/1133/353 394/1134/353 327/1060/353
f 394/1134/353 395/1135/353 327/1060/353
f 395/1135/353 396/1136/353 327/1060/353
f 396/1136/353 397/1137/353 327/1060/353
f 397/1137/353 392/1061/353 327/1060/353
f 398/1062/353 400/1138/387 323/1059/353
f 400/1138/387 401/1139/353 323/1059/353
f 401/1139/353 402/1140/353 323/1059/353
f 402/1140/353 403/1141/353 323/1059/353
f 403/1141/353 404/1142/353 323/1059/353
f 404/1142/353 399/1086/353 323/1059/353
f 405/1087/353 407/1143/353 326/1083/353
f 407/1143/353 408/1144/353 326/1083/353
f 408/1144/353 409/1145/353 326/1083/353
f 409/1145/353 410/1146/353 326/1083/353
f 410/1146/353 411/1147/353 326/1083/353
f 411/1147/353 406/1084/353 326/1083/353
f 501/1148/176 588/1149/176 237/966/176 148/965/176
f 501/1150/353 149/971/353 568/1151/353 574/1152/353
f 149/971/353 500/1153/353 547/1154/353 553/1155/353
f 145/975/353 149/971/353 554/1156/353 560/1157/353
f 500/1153/353 145/975/353 561/1158/353 546/1159/353
f 503/1160/353 500/1153/353 519/1161/353 504/1162/353
f 500/1153/353 149/971/353 512/1163/353 518/1164/353
f 149/971/353 503/1160/353 505/1165/353 511/1166/353
f 149/971/353 501/1150/353 526/1167/353 532/1168/353
f 502/1169/353 149/971/353 533/1170/353 539/1171/353
f 501/1150/353 502/1169/353 540/1172/353 525/1173/353
f 149/971/353 148/996/353 582/1174/353 567/1175/353
f 148/996/353 501/1150/353 575/1176/353 581/1177/353
f 149/971/353 502/1169/353 503/1160/353
f 504/1162/353 506/1178/353 503/1160/353
f 506/1178/353 507/1179/353 503/1160/353
f 507/1179/353 508/1180/353 503/1160/353
f 508/1180/353 509/1181/353 503/1160/353
f 509/1181/353 510/1182/353 503/1160/353
f 510/1182/353 505/1165/353 503/1160/353
f 511/1166/353 513/1183/353 149/971/353
f 513/1183/353 514/1184/353 149/971/353
f 514/1184/353 515/1185/353 149/971/353
f 515/1185/353 516/1186/353 149/971/353
f 516/1186/353 517/1187/353 149/971/353
f 517/1187/353 512/1163/353 149/971/353
f 518/1164/353 520/1188/353 500/1153/353
f 520/1188/353 521/1189/353 500/1153/353
f 521/1189/353 522/1190/353 500/1153/353
f 522/1190/353 523/1191/353 500/1153/353
f 523/1191/353 524/1192/353 500/1153/353
f 524/1192/353 519/1161/353 500/1153/353
f 525/1173/353 527/1193/386 501/1150/353
f 527/1193/386 528/1194/353 501/1150/353
f 528/1194/353 529/1195/353 501/1150/353
f 529/1195/353 530/1196/353 501/1150/353
f 530/1196/353 531/1197/353 501/1150/353
f 531/1197/353 526/1167/353 501/1150/353
f 532/1168/353 534/1198/353 149/971/353
f 534/1198/353 535/1199/353 149/971/353
f 535/1199/353 536/1200/353 149/971/353
f 536/1200/353 537/1201/353 149/971/353
f 537/1201/353 538/1202/353 149/971/353
f 538/1202/353 533/1170/353 149/971/353
f 539/1171/353 541/1203/353 502/1169/353
f 541/1203/353 542/1204/353 502/1169/353
f 542/1204/353 543/1205/353 502/1169/353
f 543/1205/353 544/1206/353 502/1169/353
f 544/1206/353 545/1207/353 502/1169/353
f 545/1207/353 540/1172/353 502/1169/353
f 546/1159/353 548/1208/353 500/1153/353
f 548/1208/353 549/1209/353 500/1153/353
f 549/1209/353 550/1210/353 500/1153/353
f 550/1210/353 551/1211/353 500/1153/353
f 551/1211/353 552/1212/353 500/1153/353
f 552/1212/353 547/1154/353 500/1153/353
f 553/1155/353 555/1213/353 149/971/353
f 555/1213/353 556/1214/353 149/971/353
f 556/1214/353 557/1215/353 149/971/353
f 557/1215/353 558/1216/353 149/971/353
f 558/1216/353 559/1217/353 149/971/353
f 559/1217/353 554/1156/353 149/971/353
f 560/1157/353 562/1218/386 145/975/353
f 562/1218/386 563/1219/353 145/975/353
f 563/1219/353 564/1220/353 145/975/353
f 564/1220/353 565/1221/353 145/975/353
f 565/1221/353 566/1222/353 145/975/353
f 566/1222/353 561/1158/353 145/975/353
f 567/1175/353 569/1223/353 149/971/353
f 569/1223/353 570/1224/353 149/971/353
f 570/1224/353 571/1225/353 149/971/353
f 571/1225/353 572/1226/353 149/971/353
f 572/1226/353 573/1227/353 149/971/353
f 573/1227/353 568/1151/353 149/971/353
f 574/1152/353 576/1228/353 501/1150/353
f 576/1228/353 577/1229/353 501/1150/353
f 577/1229/353 578/1230/353 501/1150/353
f 578/1230/353 579/1231/353 501/1150/353
f 579/1231/353 580/1232/353 501/1150/353
f 580/1232/353 575/1176/353 501/1150/353
f 581/1177/353 583/1233/353 148/996/353
f 583/1233/353 584/1234/353 148/996/353
f 584/1234/353 585/1235/353 148/996/353
f 585/1235/353 586/1236/353 148/996/353
f 586/1236/353 587/1237/387 148/996/353
f 587/1237/387 582/1174/353 148/996/353
f 676/1238/353 749/1239/353 743/1240/353 327/1060/353
f 327/1060/353 728/1241/353 722/1242/353 500/1153/353
f 145/975/353 735/1243/353 729/1244/353 327/1060/353
f 500/1153/353 721/1245/353 736/1246/353 145/975/353
f 678/1247/353 679/1248/353 694/1249/353 500/1153/353
f 500/1153/353 693/1250/353 687/1251/353 327/1060/353
f 327/1060/353 686/1252/353 680/1253/353 678/1247/353
f 327/1060/353 707/1254/353 701/1255/353 676/1238/353
f 677/1256/353 714/1257/353 708/1258/353 327/1060/353
f 676/1238/353 700/1259/353 715/1260/353 677/1256/353
f 327/1060/353 742/1261/353 757/1262/353 326/1083/353
f 326/1083/353 756/1263/353 750/1264/353 676/1238/353
f 327/1060/353 678/1247/353 677/1256/353
f 679/1248/353 678/1247/353 681/1265/353
f 681/1265/353 678/1247/353 682/1266/353
f 682/1266/353 678/1247/353 683/1267/353
f 683/1267/353 678/1247/353 684/1268/353
f 684/1268/353 678/1247/353 685/1269/353
f 685/1269/353 678/1247/353 680/1253/353
f 686/1252/353 327/1060/353 688/1270/353
f 688/1270/353 327/1060/353 689/1271/353
f 689/1271/353 327/1060/353 690/1272/353
f 690/1272/353 327/1060/353 691/1273/353
f 691/1273/353 327/1060/353 692/1274/353
f 692/1274/353 327/1060/353 687/1251/353
f 693/1250/353 500/1153/353 695/1275/353
f 695/1275/353 500/1153/353 696/1276/353
f 696/1276/353 500/1153/353 697/1277/353
f 697/1277/353 500/1153/353 698/1278/353
f 698/1278/353 500/1153/353 699/1279/353
f 699/1279/353 500/1153/353 694/1249/353
f 700/1259/353 676/1238/353 702/1280/353
f 702/1280/353 676/1238/353 703/1281/353
f 703/1281/353 676/1238/353 704/1282/353
f 704/1282/353 676/1238/353 705/1283/353
f 705/1283/353 676/1238/353 706/1284/387
f 706/1284/387 676/1238/353 701/1255/353
f 707/1254/353 327/1060/353 709/1285/353
f 709/1285/353 327/1060/353 710/1286/353
f 710/1286/353 327/1060/353 711/1287/353
f 711/1287/353 327/1060/353 712/1288/353
f 712/1288/353 327/1060/353 713/1289/353
f 713/1289/353 327/1060/353 708/1258/353
f 714/1257/353 677/1256/353 716/1290/353
f 716/1290/353 677/1256/353 717/1291/353
f 717/1291/353 677/1256/353 718/1292/353
f 718/1292/353 677/1256/353 719/1293/353
f 719/1293/353 677/1256/353 720/1294/353
f 720/1294/353 677/1256/353 715/1260/353
f 721/1245/353 500/1153/353 723/1295/353
f 723/1295/353 500/1153/353 724/1296/353
f 724/1296/353 500/1153/353 725/1297/353
f 725/1297/353 500/1153/353 726/1298/353
f 726/1298/353 500/1153/353 727/1299/353
f 727/1299/353 500/1153/353 722/1242/353
f 728/1241/353 327/1060/353 730/1300/353
f 730/1300/353 327/1060/353 731/1301/353
f 731/1301/353 327/1060/353 732/1302/353
f 732/1302/353 327/1060/353 733/1303/353
f 733/1303/353 327/1060/353 734/1304/353
f 734/1304/353 327/1060/353 729/1244/353
f 735/1243/353 145/975/353 737/1305/353
f 737/1305/353 145/975/353 738/1306/353
f 738/1306/353 145/975/353 739/1307/353
f 739/1307/353 145/975/353 740/1308/353
f 740/1308/353 145/975/353 741/1309/353
f 741/1309/353 145/975/353 736/1246/353
f 742/1261/353 327/1060/353 744/1310/353
f 744/1310/353 327/1060/353 745/1311/353
f 745/1311/353 327/1060/353 746/1312/353
f 746/1312/353 327/1060/353 747/1313/387
f 747/1313/387 327/1060/353 748/1314/353
f 748/1314/353 327/1060/353 743/1240/353
f 749/1239/353 676/1238/353 751/1315/353
f 751/1315/353 676/1238/353 752/1316/353
f 752/1316/353 676/1238/353 753/1317/353
f 753/1317/353 676/1238/353 754/1318/353
f 754/1318/353 676/1238/353 755/1319/353
f 755/1319/353 676/1238/353 750/1264/353
f 756/1263/353 326/1083/353 758/1320/353
f 758/1320/353 326/1083/353 759/1321/353
f 759/1321/353 326/1083/353 760/1322/353
f 760/1322/353 326/1083/353 761/1323/353
f 761/1323/353 326/1083/353 762/1324/353
f 762/1324/353 326/1083/353 757/1262/353
